date,CPTL,WSTR,NRTN,CSTR
01/01/2019 00:00,-9751463.809,-1978557.874,-10486356.73,-6048734.073
01/01/2019 01:00,-8995125.263,-1825097.88,-9673018.761,-5579584.946
01/01/2019 02:00,-8844870.622,-1794611.431,-9511440.582,-5486383.516
01/01/2019 03:00,-8709810.177,-1767207.862,-9366201.669,-5402606.892
01/01/2019 04:00,-8559555.532,-1736721.412,-9204623.485,-5309405.46
01/01/2019 05:00,-8508907.866,-1726445.074,-9150158.893,-5277989.227
01/01/2019 06:00,-8610203.202,-1746997.751,-9259088.081,-5340821.696
01/01/2019 07:00,-8995125.263,-1825097.88,-9673018.761,-5579584.946
01/01/2019 08:00,-9531990.327,-1934027.023,-10250343.22,-5912596.899
01/01/2019 09:00,-10371053.55,-2104271.735,-11152640.2,-6433059.305
01/01/2019 10:00,-11091938.63,-2250538.273,-11927852.84,-6880217.005
01/01/2019 11:00,-11443095.84,-2321787.561,-12305474.07,-7098036.258
01/01/2019 12:00,-11476860.95,-2328638.453,-12341783.8,-7118980.415
01/01/2019 13:00,-11527508.62,-2338914.792,-12396248.39,-7150396.648
01/01/2019 14:00,-11225310.97,-2277599.328,-12071276.44,-6962946.516
01/01/2019 15:00,-11007525.85,-2233411.042,-11837078.52,-6827856.614
01/01/2019 16:00,-10924801.43,-2216626.377,-11748119.8,-6776543.495
01/01/2019 17:00,-10857271.21,-2202924.593,-11675500.34,-6734655.185
01/01/2019 18:00,-10891036.32,-2209775.485,-11711810.07,-6755599.339
01/01/2019 19:00,-11142586.3,-2260814.611,-11982317.44,-6911633.238
01/01/2019 20:00,-11696334.17,-2373169.252,-12577797.04,-7255117.428
01/01/2019 21:00,-12047491.38,-2444418.542,-12955418.27,-7472936.684
01/01/2019 22:00,-11527508.62,-2338914.792,-12396248.39,-7150396.648
01/01/2019 23:00,-11125703.74,-2257389.165,-11964162.57,-6901161.161
02/01/2019 00:00,-9751463.809,-1978557.874,-10486356.73,-6048734.073
02/01/2019 01:00,-8995125.263,-1825097.88,-9673018.761,-5579584.946
02/01/2019 02:00,-8844870.622,-1794611.431,-9511440.582,-5486383.516
02/01/2019 03:00,-8709810.177,-1767207.862,-9366201.669,-5402606.892
02/01/2019 04:00,-8559555.532,-1736721.412,-9204623.485,-5309405.46
02/01/2019 05:00,-8508907.866,-1726445.074,-9150158.893,-5277989.227
02/01/2019 06:00,-8610203.202,-1746997.751,-9259088.081,-5340821.696
02/01/2019 07:00,-8995125.263,-1825097.88,-9673018.761,-5579584.946
02/01/2019 08:00,-9531990.327,-1934027.023,-10250343.22,-5912596.899
02/01/2019 09:00,-10371053.55,-2104271.735,-11152640.2,-6433059.305
02/01/2019 10:00,-11091938.63,-2250538.273,-11927852.84,-6880217.005
02/01/2019 11:00,-11443095.84,-2321787.561,-12305474.07,-7098036.258
02/01/2019 12:00,-11476860.95,-2328638.453,-12341783.8,-7118980.415
02/01/2019 13:00,-11527508.62,-2338914.792,-12396248.39,-7150396.648
02/01/2019 14:00,-11225310.97,-2277599.328,-12071276.44,-6962946.516
02/01/2019 15:00,-11007525.85,-2233411.042,-11837078.52,-6827856.614
02/01/2019 16:00,-10924801.43,-2216626.377,-11748119.8,-6776543.495
02/01/2019 17:00,-10857271.21,-2202924.593,-11675500.34,-6734655.185
02/01/2019 18:00,-10891036.32,-2209775.485,-11711810.07,-6755599.339
02/01/2019 19:00,-11142586.3,-2260814.611,-11982317.44,-6911633.238
02/01/2019 20:00,-11696334.17,-2373169.252,-12577797.04,-7255117.428
02/01/2019 21:00,-12047491.38,-2444418.542,-12955418.27,-7472936.684
02/01/2019 22:00,-11527508.62,-2338914.792,-12396248.39,-7150396.648
02/01/2019 23:00,-11125703.74,-2257389.165,-11964162.57,-6901161.161
03/01/2019 00:00,-9751463.809,-1978557.874,-10486356.73,-6048734.073
03/01/2019 01:00,-8995125.263,-1825097.88,-9673018.761,-5579584.946
03/01/2019 02:00,-8844870.622,-1794611.431,-9511440.582,-5486383.516
03/01/2019 03:00,-8709810.177,-1767207.862,-9366201.669,-5402606.892
03/01/2019 04:00,-8559555.532,-1736721.412,-9204623.485,-5309405.46
03/01/2019 05:00,-8508907.866,-1726445.074,-9150158.893,-5277989.227
03/01/2019 06:00,-8610203.202,-1746997.751,-9259088.081,-5340821.696
03/01/2019 07:00,-8995125.263,-1825097.88,-9673018.761,-5579584.946
03/01/2019 08:00,-9531990.327,-1934027.023,-10250343.22,-5912596.899
03/01/2019 09:00,-10371053.55,-2104271.735,-11152640.2,-6433059.305
03/01/2019 10:00,-11091938.63,-2250538.273,-11927852.84,-6880217.005
03/01/2019 11:00,-11443095.84,-2321787.561,-12305474.07,-7098036.258
03/01/2019 12:00,-11476860.95,-2328638.453,-12341783.8,-7118980.415
03/01/2019 13:00,-11527508.62,-2338914.792,-12396248.39,-7150396.648
03/01/2019 14:00,-11225310.97,-2277599.328,-12071276.44,-6962946.516
03/01/2019 15:00,-11007525.85,-2233411.042,-11837078.52,-6827856.614
03/01/2019 16:00,-10924801.43,-2216626.377,-11748119.8,-6776543.495
03/01/2019 17:00,-10857271.21,-2202924.593,-11675500.34,-6734655.185
03/01/2019 18:00,-10891036.32,-2209775.485,-11711810.07,-6755599.339
03/01/2019 19:00,-11142586.3,-2260814.611,-11982317.44,-6911633.238
03/01/2019 20:00,-11696334.17,-2373169.252,-12577797.04,-7255117.428
03/01/2019 21:00,-12047491.38,-2444418.542,-12955418.27,-7472936.684
03/01/2019 22:00,-11527508.62,-2338914.792,-12396248.39,-7150396.648
03/01/2019 23:00,-11125703.74,-2257389.165,-11964162.57,-6901161.161
04/01/2019 00:00,-9751463.809,-1978557.874,-10486356.73,-6048734.073
04/01/2019 01:00,-8995125.263,-1825097.88,-9673018.761,-5579584.946
04/01/2019 02:00,-8844870.622,-1794611.431,-9511440.582,-5486383.516
04/01/2019 03:00,-8709810.177,-1767207.862,-9366201.669,-5402606.892
04/01/2019 04:00,-8559555.532,-1736721.412,-9204623.485,-5309405.46
04/01/2019 05:00,-8508907.866,-1726445.074,-9150158.893,-5277989.227
04/01/2019 06:00,-8610203.202,-1746997.751,-9259088.081,-5340821.696
04/01/2019 07:00,-8995125.263,-1825097.88,-9673018.761,-5579584.946
04/01/2019 08:00,-9531990.327,-1934027.023,-10250343.22,-5912596.899
04/01/2019 09:00,-10371053.55,-2104271.735,-11152640.2,-6433059.305
04/01/2019 10:00,-11091938.63,-2250538.273,-11927852.84,-6880217.005
04/01/2019 11:00,-11443095.84,-2321787.561,-12305474.07,-7098036.258
04/01/2019 12:00,-11476860.95,-2328638.453,-12341783.8,-7118980.415
04/01/2019 13:00,-11527508.62,-2338914.792,-12396248.39,-7150396.648
04/01/2019 14:00,-11225310.97,-2277599.328,-12071276.44,-6962946.516
04/01/2019 15:00,-11007525.85,-2233411.042,-11837078.52,-6827856.614
04/01/2019 16:00,-10924801.43,-2216626.377,-11748119.8,-6776543.495
04/01/2019 17:00,-10857271.21,-2202924.593,-11675500.34,-6734655.185
04/01/2019 18:00,-10891036.32,-2209775.485,-11711810.07,-6755599.339
04/01/2019 19:00,-11142586.3,-2260814.611,-11982317.44,-6911633.238
04/01/2019 20:00,-11696334.17,-2373169.252,-12577797.04,-7255117.428
04/01/2019 21:00,-12047491.38,-2444418.542,-12955418.27,-7472936.684
04/01/2019 22:00,-11527508.62,-2338914.792,-12396248.39,-7150396.648
04/01/2019 23:00,-11125703.74,-2257389.165,-11964162.57,-6901161.161
05/01/2019 00:00,-9751463.809,-1978557.874,-10486356.73,-6048734.073
05/01/2019 01:00,-8995125.263,-1825097.88,-9673018.761,-5579584.946
05/01/2019 02:00,-8844870.622,-1794611.431,-9511440.582,-5486383.516
05/01/2019 03:00,-8709810.177,-1767207.862,-9366201.669,-5402606.892
05/01/2019 04:00,-8559555.532,-1736721.412,-9204623.485,-5309405.46
05/01/2019 05:00,-8508907.866,-1726445.074,-9150158.893,-5277989.227
05/01/2019 06:00,-8610203.202,-1746997.751,-9259088.081,-5340821.696
05/01/2019 07:00,-8995125.263,-1825097.88,-9673018.761,-5579584.946
05/01/2019 08:00,-9531990.327,-1934027.023,-10250343.22,-5912596.899
05/01/2019 09:00,-10371053.55,-2104271.735,-11152640.2,-6433059.305
05/01/2019 10:00,-11091938.63,-2250538.273,-11927852.84,-6880217.005
05/01/2019 11:00,-11443095.84,-2321787.561,-12305474.07,-7098036.258
05/01/2019 12:00,-11476860.95,-2328638.453,-12341783.8,-7118980.415
05/01/2019 13:00,-11527508.62,-2338914.792,-12396248.39,-7150396.648
05/01/2019 14:00,-11225310.97,-2277599.328,-12071276.44,-6962946.516
05/01/2019 15:00,-11007525.85,-2233411.042,-11837078.52,-6827856.614
05/01/2019 16:00,-10924801.43,-2216626.377,-11748119.8,-6776543.495
05/01/2019 17:00,-10857271.21,-2202924.593,-11675500.34,-6734655.185
05/01/2019 18:00,-10891036.32,-2209775.485,-11711810.07,-6755599.339
05/01/2019 19:00,-11142586.3,-2260814.611,-11982317.44,-6911633.238
05/01/2019 20:00,-11696334.17,-2373169.252,-12577797.04,-7255117.428
05/01/2019 21:00,-12047491.38,-2444418.542,-12955418.27,-7472936.684
05/01/2019 22:00,-11527508.62,-2338914.792,-12396248.39,-7150396.648
05/01/2019 23:00,-11125703.74,-2257389.165,-11964162.57,-6901161.161
06/01/2019 00:00,-9751463.809,-1978557.874,-10486356.73,-6048734.073
06/01/2019 01:00,-8995125.263,-1825097.88,-9673018.761,-5579584.946
06/01/2019 02:00,-8844870.622,-1794611.431,-9511440.582,-5486383.516
06/01/2019 03:00,-8709810.177,-1767207.862,-9366201.669,-5402606.892
06/01/2019 04:00,-8559555.532,-1736721.412,-9204623.485,-5309405.46
06/01/2019 05:00,-8508907.866,-1726445.074,-9150158.893,-5277989.227
06/01/2019 06:00,-8610203.202,-1746997.751,-9259088.081,-5340821.696
06/01/2019 07:00,-8995125.263,-1825097.88,-9673018.761,-5579584.946
06/01/2019 08:00,-9531990.327,-1934027.023,-10250343.22,-5912596.899
06/01/2019 09:00,-10371053.55,-2104271.735,-11152640.2,-6433059.305
06/01/2019 10:00,-11091938.63,-2250538.273,-11927852.84,-6880217.005
06/01/2019 11:00,-11443095.84,-2321787.561,-12305474.07,-7098036.258
06/01/2019 12:00,-11476860.95,-2328638.453,-12341783.8,-7118980.415
06/01/2019 13:00,-11527508.62,-2338914.792,-12396248.39,-7150396.648
06/01/2019 14:00,-11225310.97,-2277599.328,-12071276.44,-6962946.516
06/01/2019 15:00,-11007525.85,-2233411.042,-11837078.52,-6827856.614
06/01/2019 16:00,-10924801.43,-2216626.377,-11748119.8,-6776543.495
06/01/2019 17:00,-10857271.21,-2202924.593,-11675500.34,-6734655.185
06/01/2019 18:00,-10891036.32,-2209775.485,-11711810.07,-6755599.339
06/01/2019 19:00,-11142586.3,-2260814.611,-11982317.44,-6911633.238
06/01/2019 20:00,-11696334.17,-2373169.252,-12577797.04,-7255117.428
06/01/2019 21:00,-12047491.38,-2444418.542,-12955418.27,-7472936.684
06/01/2019 22:00,-11527508.62,-2338914.792,-12396248.39,-7150396.648
06/01/2019 23:00,-11125703.74,-2257389.165,-11964162.57,-6901161.161
07/01/2019 00:00,-9751463.809,-1978557.874,-10486356.73,-6048734.073
07/01/2019 01:00,-8995125.263,-1825097.88,-9673018.761,-5579584.946
07/01/2019 02:00,-8844870.622,-1794611.431,-9511440.582,-5486383.516
07/01/2019 03:00,-8709810.177,-1767207.862,-9366201.669,-5402606.892
07/01/2019 04:00,-8559555.532,-1736721.412,-9204623.485,-5309405.46
07/01/2019 05:00,-8508907.866,-1726445.074,-9150158.893,-5277989.227
07/01/2019 06:00,-8610203.202,-1746997.751,-9259088.081,-5340821.696
07/01/2019 07:00,-8995125.263,-1825097.88,-9673018.761,-5579584.946
07/01/2019 08:00,-9531990.327,-1934027.023,-10250343.22,-5912596.899
07/01/2019 09:00,-10371053.55,-2104271.735,-11152640.2,-6433059.305
07/01/2019 10:00,-11091938.63,-2250538.273,-11927852.84,-6880217.005
07/01/2019 11:00,-11443095.84,-2321787.561,-12305474.07,-7098036.258
07/01/2019 12:00,-11476860.95,-2328638.453,-12341783.8,-7118980.415
07/01/2019 13:00,-11527508.62,-2338914.792,-12396248.39,-7150396.648
07/01/2019 14:00,-11225310.97,-2277599.328,-12071276.44,-6962946.516
07/01/2019 15:00,-11007525.85,-2233411.042,-11837078.52,-6827856.614
07/01/2019 16:00,-10924801.43,-2216626.377,-11748119.8,-6776543.495
07/01/2019 17:00,-10857271.21,-2202924.593,-11675500.34,-6734655.185
07/01/2019 18:00,-10891036.32,-2209775.485,-11711810.07,-6755599.339
07/01/2019 19:00,-11142586.3,-2260814.611,-11982317.44,-6911633.238
07/01/2019 20:00,-11696334.17,-2373169.252,-12577797.04,-7255117.428
07/01/2019 21:00,-12047491.38,-2444418.542,-12955418.27,-7472936.684
07/01/2019 22:00,-11527508.62,-2338914.792,-12396248.39,-7150396.648
07/01/2019 23:00,-11125703.74,-2257389.165,-11964162.57,-6901161.161
08/01/2019 00:00,-10518600.5,-2134208.796,-11311306.62,-6524581.177
08/01/2019 01:00,-9702761.649,-1968676.277,-10433984.27,-6018524.617
08/01/2019 02:00,-9540686.642,-1935791.493,-10259694.91,-5917991.135
08/01/2019 03:00,-9395001.143,-1906232.116,-10103030.21,-5827623.897
08/01/2019 04:00,-9232926.135,-1873347.332,-9928740.859,-5727090.414
08/01/2019 05:00,-9178294.074,-1862262.566,-9869991.599,-5693202.701
08/01/2019 06:00,-9287558.2,-1884432.099,-9987490.122,-5760978.13
08/01/2019 07:00,-9702761.649,-1968676.277,-10433984.27,-6018524.617
08/01/2019 08:00,-10281861.28,-2086174.753,-11056726.19,-6377734.245
08/01/2019 09:00,-11186932.67,-2269812.425,-12030005.85,-6939140.843
08/01/2019 10:00,-11964528.96,-2427585.586,-12866203.61,-7421475.935
08/01/2019 11:00,-12343311.31,-2504439.977,-13273531.88,-7656430.785
08/01/2019 12:00,-12379732.69,-2511829.821,-13312698.05,-7679022.594
08/01/2019 13:00,-12434364.75,-2522914.587,-13371447.31,-7712910.309
08/01/2019 14:00,-12108393.56,-2456775.504,-13020910.17,-7510713.685
08/01/2019 15:00,-11873475.53,-2409110.976,-12768288.17,-7364996.413
08/01/2019 16:00,-11784243.27,-2391005.88,-12672331.17,-7309646.548
08/01/2019 17:00,-11711400.52,-2376226.192,-12593998.82,-7264462.93
08/01/2019 18:00,-11747821.89,-2383616.036,-12633164.99,-7287054.739
08/01/2019 19:00,-12019161.02,-2438670.352,-12924952.87,-7455363.648
08/01/2019 20:00,-12616471.62,-2559863.808,-13567278.18,-7825869.356
08/01/2019 21:00,-12995253.98,-2636718.198,-13974606.45,-8060824.206
08/01/2019 22:00,-12434364.75,-2522914.587,-13371447.31,-7712910.309
08/01/2019 23:00,-12000950.34,-2434975.43,-12905369.78,-7444067.744
09/01/2019 00:00,-10518600.5,-2134208.796,-11311306.62,-6524581.177
09/01/2019 01:00,-9702761.649,-1968676.277,-10433984.27,-6018524.617
09/01/2019 02:00,-9540686.642,-1935791.493,-10259694.91,-5917991.135
09/01/2019 03:00,-9395001.143,-1906232.116,-10103030.21,-5827623.897
09/01/2019 04:00,-9232926.135,-1873347.332,-9928740.859,-5727090.414
09/01/2019 05:00,-9178294.074,-1862262.566,-9869991.599,-5693202.701
09/01/2019 06:00,-9287558.2,-1884432.099,-9987490.122,-5760978.13
09/01/2019 07:00,-9702761.649,-1968676.277,-10433984.27,-6018524.617
09/01/2019 08:00,-10281861.28,-2086174.753,-11056726.19,-6377734.245
09/01/2019 09:00,-11186932.67,-2269812.425,-12030005.85,-6939140.843
09/01/2019 10:00,-11964528.96,-2427585.586,-12866203.61,-7421475.935
09/01/2019 11:00,-12343311.31,-2504439.977,-13273531.88,-7656430.785
09/01/2019 12:00,-12379732.69,-2511829.821,-13312698.05,-7679022.594
09/01/2019 13:00,-12434364.75,-2522914.587,-13371447.31,-7712910.309
09/01/2019 14:00,-12108393.56,-2456775.504,-13020910.17,-7510713.685
09/01/2019 15:00,-11873475.53,-2409110.976,-12768288.17,-7364996.413
09/01/2019 16:00,-11784243.27,-2391005.88,-12672331.17,-7309646.548
09/01/2019 17:00,-11711400.52,-2376226.192,-12593998.82,-7264462.93
09/01/2019 18:00,-11747821.89,-2383616.036,-12633164.99,-7287054.739
09/01/2019 19:00,-12019161.02,-2438670.352,-12924952.87,-7455363.648
09/01/2019 20:00,-12616471.62,-2559863.808,-13567278.18,-7825869.356
09/01/2019 21:00,-12995253.98,-2636718.198,-13974606.45,-8060824.206
09/01/2019 22:00,-12434364.75,-2522914.587,-13371447.31,-7712910.309
09/01/2019 23:00,-12000950.34,-2434975.43,-12905369.78,-7444067.744
10/01/2019 00:00,-10518600.5,-2134208.796,-11311306.62,-6524581.177
10/01/2019 01:00,-9702761.649,-1968676.277,-10433984.27,-6018524.617
10/01/2019 02:00,-9540686.642,-1935791.493,-10259694.91,-5917991.135
10/01/2019 03:00,-9395001.143,-1906232.116,-10103030.21,-5827623.897
10/01/2019 04:00,-9232926.135,-1873347.332,-9928740.859,-5727090.414
10/01/2019 05:00,-9178294.074,-1862262.566,-9869991.599,-5693202.701
10/01/2019 06:00,-9287558.2,-1884432.099,-9987490.122,-5760978.13
10/01/2019 07:00,-9702761.649,-1968676.277,-10433984.27,-6018524.617
10/01/2019 08:00,-10281861.28,-2086174.753,-11056726.19,-6377734.245
10/01/2019 09:00,-11186932.67,-2269812.425,-12030005.85,-6939140.843
10/01/2019 10:00,-11964528.96,-2427585.586,-12866203.61,-7421475.935
10/01/2019 11:00,-12343311.31,-2504439.977,-13273531.88,-7656430.785
10/01/2019 12:00,-12379732.69,-2511829.821,-13312698.05,-7679022.594
10/01/2019 13:00,-12434364.75,-2522914.587,-13371447.31,-7712910.309
10/01/2019 14:00,-12108393.56,-2456775.504,-13020910.17,-7510713.685
10/01/2019 15:00,-11873475.53,-2409110.976,-12768288.17,-7364996.413
10/01/2019 16:00,-11784243.27,-2391005.88,-12672331.17,-7309646.548
10/01/2019 17:00,-11711400.52,-2376226.192,-12593998.82,-7264462.93
10/01/2019 18:00,-11747821.89,-2383616.036,-12633164.99,-7287054.739
10/01/2019 19:00,-12019161.02,-2438670.352,-12924952.87,-7455363.648
10/01/2019 20:00,-12616471.62,-2559863.808,-13567278.18,-7825869.356
10/01/2019 21:00,-12995253.98,-2636718.198,-13974606.45,-8060824.206
10/01/2019 22:00,-12434364.75,-2522914.587,-13371447.31,-7712910.309
10/01/2019 23:00,-12000950.34,-2434975.43,-12905369.78,-7444067.744
11/01/2019 00:00,-10518600.5,-2134208.796,-11311306.62,-6524581.177
11/01/2019 01:00,-9702761.649,-1968676.277,-10433984.27,-6018524.617
11/01/2019 02:00,-9540686.642,-1935791.493,-10259694.91,-5917991.135
11/01/2019 03:00,-9395001.143,-1906232.116,-10103030.21,-5827623.897
11/01/2019 04:00,-9232926.135,-1873347.332,-9928740.859,-5727090.414
11/01/2019 05:00,-9178294.074,-1862262.566,-9869991.599,-5693202.701
11/01/2019 06:00,-9287558.2,-1884432.099,-9987490.122,-5760978.13
11/01/2019 07:00,-9702761.649,-1968676.277,-10433984.27,-6018524.617
11/01/2019 08:00,-10281861.28,-2086174.753,-11056726.19,-6377734.245
11/01/2019 09:00,-11186932.67,-2269812.425,-12030005.85,-6939140.843
11/01/2019 10:00,-11964528.96,-2427585.586,-12866203.61,-7421475.935
11/01/2019 11:00,-12343311.31,-2504439.977,-13273531.88,-7656430.785
11/01/2019 12:00,-12379732.69,-2511829.821,-13312698.05,-7679022.594
11/01/2019 13:00,-12434364.75,-2522914.587,-13371447.31,-7712910.309
11/01/2019 14:00,-12108393.56,-2456775.504,-13020910.17,-7510713.685
11/01/2019 15:00,-11873475.53,-2409110.976,-12768288.17,-7364996.413
11/01/2019 16:00,-11784243.27,-2391005.88,-12672331.17,-7309646.548
11/01/2019 17:00,-11711400.52,-2376226.192,-12593998.82,-7264462.93
11/01/2019 18:00,-11747821.89,-2383616.036,-12633164.99,-7287054.739
11/01/2019 19:00,-12019161.02,-2438670.352,-12924952.87,-7455363.648
11/01/2019 20:00,-12616471.62,-2559863.808,-13567278.18,-7825869.356
11/01/2019 21:00,-12995253.98,-2636718.198,-13974606.45,-8060824.206
11/01/2019 22:00,-12434364.75,-2522914.587,-13371447.31,-7712910.309
11/01/2019 23:00,-12000950.34,-2434975.43,-12905369.78,-7444067.744
12/01/2019 00:00,-10518600.5,-2134208.796,-11311306.62,-6524581.177
12/01/2019 01:00,-9702761.649,-1968676.277,-10433984.27,-6018524.617
12/01/2019 02:00,-9540686.642,-1935791.493,-10259694.91,-5917991.135
12/01/2019 03:00,-9395001.143,-1906232.116,-10103030.21,-5827623.897
12/01/2019 04:00,-9232926.135,-1873347.332,-9928740.859,-5727090.414
12/01/2019 05:00,-9178294.074,-1862262.566,-9869991.599,-5693202.701
12/01/2019 06:00,-9287558.2,-1884432.099,-9987490.122,-5760978.13
12/01/2019 07:00,-9702761.649,-1968676.277,-10433984.27,-6018524.617
12/01/2019 08:00,-10281861.28,-2086174.753,-11056726.19,-6377734.245
12/01/2019 09:00,-11186932.67,-2269812.425,-12030005.85,-6939140.843
12/01/2019 10:00,-11964528.96,-2427585.586,-12866203.61,-7421475.935
12/01/2019 11:00,-12343311.31,-2504439.977,-13273531.88,-7656430.785
12/01/2019 12:00,-12379732.69,-2511829.821,-13312698.05,-7679022.594
12/01/2019 13:00,-12434364.75,-2522914.587,-13371447.31,-7712910.309
12/01/2019 14:00,-12108393.56,-2456775.504,-13020910.17,-7510713.685
12/01/2019 15:00,-11873475.53,-2409110.976,-12768288.17,-7364996.413
12/01/2019 16:00,-11784243.27,-2391005.88,-12672331.17,-7309646.548
12/01/2019 17:00,-11711400.52,-2376226.192,-12593998.82,-7264462.93
12/01/2019 18:00,-11747821.89,-2383616.036,-12633164.99,-7287054.739
12/01/2019 19:00,-12019161.02,-2438670.352,-12924952.87,-7455363.648
12/01/2019 20:00,-12616471.62,-2559863.808,-13567278.18,-7825869.356
12/01/2019 21:00,-12995253.98,-2636718.198,-13974606.45,-8060824.206
12/01/2019 22:00,-12434364.75,-2522914.587,-13371447.31,-7712910.309
12/01/2019 23:00,-12000950.34,-2434975.43,-12905369.78,-7444067.744
13/01/2019 00:00,-10518600.5,-2134208.796,-11311306.62,-6524581.177
13/01/2019 01:00,-9702761.649,-1968676.277,-10433984.27,-6018524.617
13/01/2019 02:00,-9540686.642,-1935791.493,-10259694.91,-5917991.135
13/01/2019 03:00,-9395001.143,-1906232.116,-10103030.21,-5827623.897
13/01/2019 04:00,-9232926.135,-1873347.332,-9928740.859,-5727090.414
13/01/2019 05:00,-9178294.074,-1862262.566,-9869991.599,-5693202.701
13/01/2019 06:00,-9287558.2,-1884432.099,-9987490.122,-5760978.13
13/01/2019 07:00,-9702761.649,-1968676.277,-10433984.27,-6018524.617
13/01/2019 08:00,-10281861.28,-2086174.753,-11056726.19,-6377734.245
13/01/2019 09:00,-11186932.67,-2269812.425,-12030005.85,-6939140.843
13/01/2019 10:00,-11964528.96,-2427585.586,-12866203.61,-7421475.935
13/01/2019 11:00,-12343311.31,-2504439.977,-13273531.88,-7656430.785
13/01/2019 12:00,-12379732.69,-2511829.821,-13312698.05,-7679022.594
13/01/2019 13:00,-12434364.75,-2522914.587,-13371447.31,-7712910.309
13/01/2019 14:00,-12108393.56,-2456775.504,-13020910.17,-7510713.685
13/01/2019 15:00,-11873475.53,-2409110.976,-12768288.17,-7364996.413
13/01/2019 16:00,-11784243.27,-2391005.88,-12672331.17,-7309646.548
13/01/2019 17:00,-11711400.52,-2376226.192,-12593998.82,-7264462.93
13/01/2019 18:00,-11747821.89,-2383616.036,-12633164.99,-7287054.739
13/01/2019 19:00,-12019161.02,-2438670.352,-12924952.87,-7455363.648
13/01/2019 20:00,-12616471.62,-2559863.808,-13567278.18,-7825869.356
13/01/2019 21:00,-12995253.98,-2636718.198,-13974606.45,-8060824.206
13/01/2019 22:00,-12434364.75,-2522914.587,-13371447.31,-7712910.309
13/01/2019 23:00,-12000950.34,-2434975.43,-12905369.78,-7444067.744
14/01/2019 00:00,-10518600.5,-2134208.796,-11311306.62,-6524581.177
14/01/2019 01:00,-9702761.649,-1968676.277,-10433984.27,-6018524.617
14/01/2019 02:00,-9540686.642,-1935791.493,-10259694.91,-5917991.135
14/01/2019 03:00,-9395001.143,-1906232.116,-10103030.21,-5827623.897
14/01/2019 04:00,-9232926.135,-1873347.332,-9928740.859,-5727090.414
14/01/2019 05:00,-9178294.074,-1862262.566,-9869991.599,-5693202.701
14/01/2019 06:00,-9287558.2,-1884432.099,-9987490.122,-5760978.13
14/01/2019 07:00,-9702761.649,-1968676.277,-10433984.27,-6018524.617
14/01/2019 08:00,-10281861.28,-2086174.753,-11056726.19,-6377734.245
14/01/2019 09:00,-11186932.67,-2269812.425,-12030005.85,-6939140.843
14/01/2019 10:00,-11964528.96,-2427585.586,-12866203.61,-7421475.935
14/01/2019 11:00,-12343311.31,-2504439.977,-13273531.88,-7656430.785
14/01/2019 12:00,-12379732.69,-2511829.821,-13312698.05,-7679022.594
14/01/2019 13:00,-12434364.75,-2522914.587,-13371447.31,-7712910.309
14/01/2019 14:00,-12108393.56,-2456775.504,-13020910.17,-7510713.685
14/01/2019 15:00,-11873475.53,-2409110.976,-12768288.17,-7364996.413
14/01/2019 16:00,-11784243.27,-2391005.88,-12672331.17,-7309646.548
14/01/2019 17:00,-11711400.52,-2376226.192,-12593998.82,-7264462.93
14/01/2019 18:00,-11747821.89,-2383616.036,-12633164.99,-7287054.739
14/01/2019 19:00,-12019161.02,-2438670.352,-12924952.87,-7455363.648
14/01/2019 20:00,-12616471.62,-2559863.808,-13567278.18,-7825869.356
14/01/2019 21:00,-12995253.98,-2636718.198,-13974606.45,-8060824.206
14/01/2019 22:00,-12434364.75,-2522914.587,-13371447.31,-7712910.309
14/01/2019 23:00,-12000950.34,-2434975.43,-12905369.78,-7444067.744
15/01/2019 00:00,-10901257.69,-2211849.387,-11722801.75,-6761939.555
15/01/2019 01:00,-10055739.37,-2040294.944,-10813563.2,-6237473.115
15/01/2019 02:00,-9887768.217,-2006213.841,-10632933.36,-6133282.314
15/01/2019 03:00,-9736782.81,-1975579.121,-10470569.34,-6039627.598
15/01/2019 04:00,-9568811.663,-1941498.019,-10289939.5,-5935436.8
15/01/2019 05:00,-9512192.136,-1930009.999,-10229052.99,-5900316.282
15/01/2019 06:00,-9625431.19,-1952986.039,-10350826.0,-5970557.318
15/01/2019 07:00,-10055739.37,-2040294.944,-10813563.2,-6237473.115
15/01/2019 08:00,-10655906.12,-2162067.909,-11458959.92,-6609750.466
15/01/2019 09:00,-11593903.19,-2352386.154,-12467646.62,-7191580.529
15/01/2019 10:00,-12399787.73,-2515898.96,-13334264.49,-7691462.536
15/01/2019 11:00,-12792349.85,-2595549.244,-13756411.0,-7934964.833
15/01/2019 12:00,-12830096.2,-2603207.924,-13797002.0,-7958378.511
15/01/2019 13:00,-12886715.72,-2614695.944,-13857888.5,-7993499.029
15/01/2019 14:00,-12548885.99,-2546150.781,-13494599.14,-7783946.674
15/01/2019 15:00,-12305421.86,-2496752.261,-13232786.98,-7632928.34
15/01/2019 16:00,-12212943.41,-2477988.518,-13133339.14,-7575564.898
15/01/2019 17:00,-12137450.71,-2462671.158,-13052157.14,-7528737.54
15/01/2019 18:00,-12175197.06,-2470329.838,-13092748.14,-7552151.218
15/01/2019 19:00,-12456407.26,-2527386.98,-13395151.0,-7726583.054
15/01/2019 20:00,-13075447.48,-2652989.345,-14060843.53,-8110567.425
15/01/2019 21:00,-13468009.59,-2732639.628,-14482990.03,-8354069.72
15/01/2019 22:00,-12886715.72,-2614695.944,-13857888.5,-7993499.029
15/01/2019 23:00,-12437534.09,-2523557.641,-13374855.5,-7714876.216
16/01/2019 00:00,-10901257.69,-2211849.387,-11722801.75,-6761939.555
16/01/2019 01:00,-10055739.37,-2040294.944,-10813563.2,-6237473.115
16/01/2019 02:00,-9887768.217,-2006213.841,-10632933.36,-6133282.314
16/01/2019 03:00,-9736782.81,-1975579.121,-10470569.34,-6039627.598
16/01/2019 04:00,-9568811.663,-1941498.019,-10289939.5,-5935436.8
16/01/2019 05:00,-9512192.136,-1930009.999,-10229052.99,-5900316.282
16/01/2019 06:00,-9625431.19,-1952986.039,-10350826.0,-5970557.318
16/01/2019 07:00,-10055739.37,-2040294.944,-10813563.2,-6237473.115
16/01/2019 08:00,-10655906.12,-2162067.909,-11458959.92,-6609750.466
16/01/2019 09:00,-11593903.19,-2352386.154,-12467646.62,-7191580.529
16/01/2019 10:00,-12399787.73,-2515898.96,-13334264.49,-7691462.536
16/01/2019 11:00,-12792349.85,-2595549.244,-13756411.0,-7934964.833
16/01/2019 12:00,-12830096.2,-2603207.924,-13797002.0,-7958378.511
16/01/2019 13:00,-12886715.72,-2614695.944,-13857888.5,-7993499.029
16/01/2019 14:00,-12548885.99,-2546150.781,-13494599.14,-7783946.674
16/01/2019 15:00,-12305421.86,-2496752.261,-13232786.98,-7632928.34
16/01/2019 16:00,-12212943.41,-2477988.518,-13133339.14,-7575564.898
16/01/2019 17:00,-12137450.71,-2462671.158,-13052157.14,-7528737.54
16/01/2019 18:00,-12175197.06,-2470329.838,-13092748.14,-7552151.218
16/01/2019 19:00,-12456407.26,-2527386.98,-13395151.0,-7726583.054
16/01/2019 20:00,-13075447.48,-2652989.345,-14060843.53,-8110567.425
16/01/2019 21:00,-13468009.59,-2732639.628,-14482990.03,-8354069.72
16/01/2019 22:00,-12886715.72,-2614695.944,-13857888.5,-7993499.029
16/01/2019 23:00,-12437534.09,-2523557.641,-13374855.5,-7714876.216
17/01/2019 00:00,-10901257.69,-2211849.387,-11722801.75,-6761939.555
17/01/2019 01:00,-10055739.37,-2040294.944,-10813563.2,-6237473.115
17/01/2019 02:00,-9887768.217,-2006213.841,-10632933.36,-6133282.314
17/01/2019 03:00,-9736782.81,-1975579.121,-10470569.34,-6039627.598
17/01/2019 04:00,-9568811.663,-1941498.019,-10289939.5,-5935436.8
17/01/2019 05:00,-9512192.136,-1930009.999,-10229052.99,-5900316.282
17/01/2019 06:00,-9625431.19,-1952986.039,-10350826.0,-5970557.318
17/01/2019 07:00,-10055739.37,-2040294.944,-10813563.2,-6237473.115
17/01/2019 08:00,-10655906.12,-2162067.909,-11458959.92,-6609750.466
17/01/2019 09:00,-11593903.19,-2352386.154,-12467646.62,-7191580.529
17/01/2019 10:00,-12399787.73,-2515898.96,-13334264.49,-7691462.536
17/01/2019 11:00,-12792349.85,-2595549.244,-13756411.0,-7934964.833
17/01/2019 12:00,-12830096.2,-2603207.924,-13797002.0,-7958378.511
17/01/2019 13:00,-12886715.72,-2614695.944,-13857888.5,-7993499.029
17/01/2019 14:00,-12548885.99,-2546150.781,-13494599.14,-7783946.674
17/01/2019 15:00,-12305421.86,-2496752.261,-13232786.98,-7632928.34
17/01/2019 16:00,-12212943.41,-2477988.518,-13133339.14,-7575564.898
17/01/2019 17:00,-12137450.71,-2462671.158,-13052157.14,-7528737.54
17/01/2019 18:00,-12175197.06,-2470329.838,-13092748.14,-7552151.218
17/01/2019 19:00,-12456407.26,-2527386.98,-13395151.0,-7726583.054
17/01/2019 20:00,-13075447.48,-2652989.345,-14060843.53,-8110567.425
17/01/2019 21:00,-13468009.59,-2732639.628,-14482990.03,-8354069.72
17/01/2019 22:00,-12886715.72,-2614695.944,-13857888.5,-7993499.029
17/01/2019 23:00,-12437534.09,-2523557.641,-13374855.5,-7714876.216
18/01/2019 00:00,-10901257.69,-2211849.387,-11722801.75,-6761939.555
18/01/2019 01:00,-10055739.37,-2040294.944,-10813563.2,-6237473.115
18/01/2019 02:00,-9887768.217,-2006213.841,-10632933.36,-6133282.314
18/01/2019 03:00,-9736782.81,-1975579.121,-10470569.34,-6039627.598
18/01/2019 04:00,-9568811.663,-1941498.019,-10289939.5,-5935436.8
18/01/2019 05:00,-9512192.136,-1930009.999,-10229052.99,-5900316.282
18/01/2019 06:00,-9625431.19,-1952986.039,-10350826.0,-5970557.318
18/01/2019 07:00,-10055739.37,-2040294.944,-10813563.2,-6237473.115
18/01/2019 08:00,-10655906.12,-2162067.909,-11458959.92,-6609750.466
18/01/2019 09:00,-11593903.19,-2352386.154,-12467646.62,-7191580.529
18/01/2019 10:00,-12399787.73,-2515898.96,-13334264.49,-7691462.536
18/01/2019 11:00,-12792349.85,-2595549.244,-13756411.0,-7934964.833
18/01/2019 12:00,-12830096.2,-2603207.924,-13797002.0,-7958378.511
18/01/2019 13:00,-12886715.72,-2614695.944,-13857888.5,-7993499.029
18/01/2019 14:00,-12548885.99,-2546150.781,-13494599.14,-7783946.674
18/01/2019 15:00,-12305421.86,-2496752.261,-13232786.98,-7632928.34
18/01/2019 16:00,-12212943.41,-2477988.518,-13133339.14,-7575564.898
18/01/2019 17:00,-12137450.71,-2462671.158,-13052157.14,-7528737.54
18/01/2019 18:00,-12175197.06,-2470329.838,-13092748.14,-7552151.218
18/01/2019 19:00,-12456407.26,-2527386.98,-13395151.0,-7726583.054
18/01/2019 20:00,-13075447.48,-2652989.345,-14060843.53,-8110567.425
18/01/2019 21:00,-13468009.59,-2732639.628,-14482990.03,-8354069.72
18/01/2019 22:00,-12886715.72,-2614695.944,-13857888.5,-7993499.029
18/01/2019 23:00,-12437534.09,-2523557.641,-13374855.5,-7714876.216
19/01/2019 00:00,-10901257.69,-2211849.387,-11722801.75,-6761939.555
19/01/2019 01:00,-10055739.37,-2040294.944,-10813563.2,-6237473.115
19/01/2019 02:00,-9887768.217,-2006213.841,-10632933.36,-6133282.314
19/01/2019 03:00,-9736782.81,-1975579.121,-10470569.34,-6039627.598
19/01/2019 04:00,-9568811.663,-1941498.019,-10289939.5,-5935436.8
19/01/2019 05:00,-9512192.136,-1930009.999,-10229052.99,-5900316.282
19/01/2019 06:00,-9625431.19,-1952986.039,-10350826.0,-5970557.318
19/01/2019 07:00,-10055739.37,-2040294.944,-10813563.2,-6237473.115
19/01/2019 08:00,-10655906.12,-2162067.909,-11458959.92,-6609750.466
19/01/2019 09:00,-11593903.19,-2352386.154,-12467646.62,-7191580.529
19/01/2019 10:00,-12399787.73,-2515898.96,-13334264.49,-7691462.536
19/01/2019 11:00,-12792349.85,-2595549.244,-13756411.0,-7934964.833
19/01/2019 12:00,-12830096.2,-2603207.924,-13797002.0,-7958378.511
19/01/2019 13:00,-12886715.72,-2614695.944,-13857888.5,-7993499.029
19/01/2019 14:00,-12548885.99,-2546150.781,-13494599.14,-7783946.674
19/01/2019 15:00,-12305421.86,-2496752.261,-13232786.98,-7632928.34
19/01/2019 16:00,-12212943.41,-2477988.518,-13133339.14,-7575564.898
19/01/2019 17:00,-12137450.71,-2462671.158,-13052157.14,-7528737.54
19/01/2019 18:00,-12175197.06,-2470329.838,-13092748.14,-7552151.218
19/01/2019 19:00,-12456407.26,-2527386.98,-13395151.0,-7726583.054
19/01/2019 20:00,-13075447.48,-2652989.345,-14060843.53,-8110567.425
19/01/2019 21:00,-13468009.59,-2732639.628,-14482990.03,-8354069.72
19/01/2019 22:00,-12886715.72,-2614695.944,-13857888.5,-7993499.029
19/01/2019 23:00,-12437534.09,-2523557.641,-13374855.5,-7714876.216
20/01/2019 00:00,-10901257.69,-2211849.387,-11722801.75,-6761939.555
20/01/2019 01:00,-10055739.37,-2040294.944,-10813563.2,-6237473.115
20/01/2019 02:00,-9887768.217,-2006213.841,-10632933.36,-6133282.314
20/01/2019 03:00,-9736782.81,-1975579.121,-10470569.34,-6039627.598
20/01/2019 04:00,-9568811.663,-1941498.019,-10289939.5,-5935436.8
20/01/2019 05:00,-9512192.136,-1930009.999,-10229052.99,-5900316.282
20/01/2019 06:00,-9625431.19,-1952986.039,-10350826.0,-5970557.318
20/01/2019 07:00,-10055739.37,-2040294.944,-10813563.2,-6237473.115
20/01/2019 08:00,-10655906.12,-2162067.909,-11458959.92,-6609750.466
20/01/2019 09:00,-11593903.19,-2352386.154,-12467646.62,-7191580.529
20/01/2019 10:00,-12399787.73,-2515898.96,-13334264.49,-7691462.536
20/01/2019 11:00,-12792349.85,-2595549.244,-13756411.0,-7934964.833
20/01/2019 12:00,-12830096.2,-2603207.924,-13797002.0,-7958378.511
20/01/2019 13:00,-12886715.72,-2614695.944,-13857888.5,-7993499.029
20/01/2019 14:00,-12548885.99,-2546150.781,-13494599.14,-7783946.674
20/01/2019 15:00,-12305421.86,-2496752.261,-13232786.98,-7632928.34
20/01/2019 16:00,-12212943.41,-2477988.518,-13133339.14,-7575564.898
20/01/2019 17:00,-12137450.71,-2462671.158,-13052157.14,-7528737.54
20/01/2019 18:00,-12175197.06,-2470329.838,-13092748.14,-7552151.218
20/01/2019 19:00,-12456407.26,-2527386.98,-13395151.0,-7726583.054
20/01/2019 20:00,-13075447.48,-2652989.345,-14060843.53,-8110567.425
20/01/2019 21:00,-13468009.59,-2732639.628,-14482990.03,-8354069.72
20/01/2019 22:00,-12886715.72,-2614695.944,-13857888.5,-7993499.029
20/01/2019 23:00,-12437534.09,-2523557.641,-13374855.5,-7714876.216
21/01/2019 00:00,-10901257.69,-2211849.387,-11722801.75,-6761939.555
21/01/2019 01:00,-10055739.37,-2040294.944,-10813563.2,-6237473.115
21/01/2019 02:00,-9887768.217,-2006213.841,-10632933.36,-6133282.314
21/01/2019 03:00,-9736782.81,-1975579.121,-10470569.34,-6039627.598
21/01/2019 04:00,-9568811.663,-1941498.019,-10289939.5,-5935436.8
21/01/2019 05:00,-9512192.136,-1930009.999,-10229052.99,-5900316.282
21/01/2019 06:00,-9625431.19,-1952986.039,-10350826.0,-5970557.318
21/01/2019 07:00,-10055739.37,-2040294.944,-10813563.2,-6237473.115
21/01/2019 08:00,-10655906.12,-2162067.909,-11458959.92,-6609750.466
21/01/2019 09:00,-11593903.19,-2352386.154,-12467646.62,-7191580.529
21/01/2019 10:00,-12399787.73,-2515898.96,-13334264.49,-7691462.536
21/01/2019 11:00,-12792349.85,-2595549.244,-13756411.0,-7934964.833
21/01/2019 12:00,-12830096.2,-2603207.924,-13797002.0,-7958378.511
21/01/2019 13:00,-12886715.72,-2614695.944,-13857888.5,-7993499.029
21/01/2019 14:00,-12548885.99,-2546150.781,-13494599.14,-7783946.674
21/01/2019 15:00,-12305421.86,-2496752.261,-13232786.98,-7632928.34
21/01/2019 16:00,-12212943.41,-2477988.518,-13133339.14,-7575564.898
21/01/2019 17:00,-12137450.71,-2462671.158,-13052157.14,-7528737.54
21/01/2019 18:00,-12175197.06,-2470329.838,-13092748.14,-7552151.218
21/01/2019 19:00,-12456407.26,-2527386.98,-13395151.0,-7726583.054
21/01/2019 20:00,-13075447.48,-2652989.345,-14060843.53,-8110567.425
21/01/2019 21:00,-13468009.59,-2732639.628,-14482990.03,-8354069.72
21/01/2019 22:00,-12886715.72,-2614695.944,-13857888.5,-7993499.029
21/01/2019 23:00,-12437534.09,-2523557.641,-13374855.5,-7714876.216
22/01/2019 00:00,-11143607.03,-2261021.717,-11983415.1,-6912266.391
22/01/2019 01:00,-10279291.72,-2085653.392,-11053962.97,-6376140.368
22/01/2019 02:00,-10107586.35,-2050814.621,-10869317.49,-6269633.27
22/01/2019 03:00,-9953244.335,-2019498.851,-10703343.91,-6173896.486
22/01/2019 04:00,-9781538.967,-1984660.08,-10518698.43,-6067389.388
22/01/2019 05:00,-9723660.714,-1972916.667,-10456458.33,-6031488.095
22/01/2019 06:00,-9839417.222,-1996403.494,-10580938.52,-6103290.683
22/01/2019 07:00,-10279291.72,-2085653.392,-11053962.97,-6376140.368
22/01/2019 08:00,-10892800.97,-2210133.531,-11713707.71,-6756693.936
22/01/2019 09:00,-11851650.95,-2404682.801,-12744818.84,-7351458.848
22/01/2019 10:00,-12675451.37,-2571830.713,-13630702.78,-7862453.893
22/01/2019 11:00,-13076740.66,-2653251.728,-14062234.16,-8111369.568
22/01/2019 12:00,-13115326.16,-2661080.67,-14103727.55,-8135303.762
22/01/2019 13:00,-13173204.41,-2672824.084,-14165967.65,-8171205.057
22/01/2019 14:00,-12827864.28,-2602755.072,-13794601.88,-7956994.076
22/01/2019 15:00,-12578987.61,-2552258.356,-13526969.29,-7802618.403
22/01/2019 16:00,-12484453.25,-2533077.471,-13425310.59,-7743979.696
22/01/2019 17:00,-12407282.24,-2517419.586,-13342323.8,-7696111.305
22/01/2019 18:00,-12445867.75,-2525248.529,-13383817.2,-7720045.502
22/01/2019 19:00,-12733329.62,-2583574.127,-13692942.87,-7898355.187
22/01/2019 20:00,-13366131.93,-2711968.797,-14373434.62,-8290876.035
22/01/2019 21:00,-13767421.21,-2793389.811,-14804966.0,-8539791.708
22/01/2019 22:00,-13173204.41,-2672824.084,-14165967.65,-8171205.057
22/01/2019 23:00,-12714036.87,-2579659.655,-13672196.17,-7886388.089
23/01/2019 00:00,-11143607.03,-2261021.717,-11983415.1,-6912266.391
23/01/2019 01:00,-10279291.72,-2085653.392,-11053962.97,-6376140.368
23/01/2019 02:00,-10107586.35,-2050814.621,-10869317.49,-6269633.27
23/01/2019 03:00,-9953244.335,-2019498.851,-10703343.91,-6173896.486
23/01/2019 04:00,-9781538.967,-1984660.08,-10518698.43,-6067389.388
23/01/2019 05:00,-9723660.714,-1972916.667,-10456458.33,-6031488.095
23/01/2019 06:00,-9839417.222,-1996403.494,-10580938.52,-6103290.683
23/01/2019 07:00,-10279291.72,-2085653.392,-11053962.97,-6376140.368
23/01/2019 08:00,-10892800.97,-2210133.531,-11713707.71,-6756693.936
23/01/2019 09:00,-11851650.95,-2404682.801,-12744818.84,-7351458.848
23/01/2019 10:00,-12675451.37,-2571830.713,-13630702.78,-7862453.893
23/01/2019 11:00,-13076740.66,-2653251.728,-14062234.16,-8111369.568
23/01/2019 12:00,-13115326.16,-2661080.67,-14103727.55,-8135303.762
23/01/2019 13:00,-13173204.41,-2672824.084,-14165967.65,-8171205.057
23/01/2019 14:00,-12827864.28,-2602755.072,-13794601.88,-7956994.076
23/01/2019 15:00,-12578987.61,-2552258.356,-13526969.29,-7802618.403
23/01/2019 16:00,-12484453.25,-2533077.471,-13425310.59,-7743979.696
23/01/2019 17:00,-12407282.24,-2517419.586,-13342323.8,-7696111.305
23/01/2019 18:00,-12445867.75,-2525248.529,-13383817.2,-7720045.502
23/01/2019 19:00,-12733329.62,-2583574.127,-13692942.87,-7898355.187
23/01/2019 20:00,-13366131.93,-2711968.797,-14373434.62,-8290876.035
23/01/2019 21:00,-13767421.21,-2793389.811,-14804966.0,-8539791.708
23/01/2019 22:00,-13173204.41,-2672824.084,-14165967.65,-8171205.057
23/01/2019 23:00,-12714036.87,-2579659.655,-13672196.17,-7886388.089
24/01/2019 00:00,-11143607.03,-2261021.717,-11983415.1,-6912266.391
24/01/2019 01:00,-10279291.72,-2085653.392,-11053962.97,-6376140.368
24/01/2019 02:00,-10107586.35,-2050814.621,-10869317.49,-6269633.27
24/01/2019 03:00,-9953244.335,-2019498.851,-10703343.91,-6173896.486
24/01/2019 04:00,-9781538.967,-1984660.08,-10518698.43,-6067389.388
24/01/2019 05:00,-9723660.714,-1972916.667,-10456458.33,-6031488.095
24/01/2019 06:00,-9839417.222,-1996403.494,-10580938.52,-6103290.683
24/01/2019 07:00,-10279291.72,-2085653.392,-11053962.97,-6376140.368
24/01/2019 08:00,-10892800.97,-2210133.531,-11713707.71,-6756693.936
24/01/2019 09:00,-11851650.95,-2404682.801,-12744818.84,-7351458.848
24/01/2019 10:00,-12675451.37,-2571830.713,-13630702.78,-7862453.893
24/01/2019 11:00,-13076740.66,-2653251.728,-14062234.16,-8111369.568
24/01/2019 12:00,-13115326.16,-2661080.67,-14103727.55,-8135303.762
24/01/2019 13:00,-13173204.41,-2672824.084,-14165967.65,-8171205.057
24/01/2019 14:00,-12827864.28,-2602755.072,-13794601.88,-7956994.076
24/01/2019 15:00,-12578987.61,-2552258.356,-13526969.29,-7802618.403
24/01/2019 16:00,-12484453.25,-2533077.471,-13425310.59,-7743979.696
24/01/2019 17:00,-12407282.24,-2517419.586,-13342323.8,-7696111.305
24/01/2019 18:00,-12445867.75,-2525248.529,-13383817.2,-7720045.502
24/01/2019 19:00,-12733329.62,-2583574.127,-13692942.87,-7898355.187
24/01/2019 20:00,-13366131.93,-2711968.797,-14373434.62,-8290876.035
24/01/2019 21:00,-13767421.21,-2793389.811,-14804966.0,-8539791.708
24/01/2019 22:00,-13173204.41,-2672824.084,-14165967.65,-8171205.057
24/01/2019 23:00,-12714036.87,-2579659.655,-13672196.17,-7886388.089
25/01/2019 00:00,-11143607.03,-2261021.717,-11983415.1,-6912266.391
25/01/2019 01:00,-10279291.72,-2085653.392,-11053962.97,-6376140.368
25/01/2019 02:00,-10107586.35,-2050814.621,-10869317.49,-6269633.27
25/01/2019 03:00,-9953244.335,-2019498.851,-10703343.91,-6173896.486
25/01/2019 04:00,-9781538.967,-1984660.08,-10518698.43,-6067389.388
25/01/2019 05:00,-9723660.714,-1972916.667,-10456458.33,-6031488.095
25/01/2019 06:00,-9839417.222,-1996403.494,-10580938.52,-6103290.683
25/01/2019 07:00,-10279291.72,-2085653.392,-11053962.97,-6376140.368
25/01/2019 08:00,-10892800.97,-2210133.531,-11713707.71,-6756693.936
25/01/2019 09:00,-11851650.95,-2404682.801,-12744818.84,-7351458.848
25/01/2019 10:00,-12675451.37,-2571830.713,-13630702.78,-7862453.893
25/01/2019 11:00,-13076740.66,-2653251.728,-14062234.16,-8111369.568
25/01/2019 12:00,-13115326.16,-2661080.67,-14103727.55,-8135303.762
25/01/2019 13:00,-13173204.41,-2672824.084,-14165967.65,-8171205.057
25/01/2019 14:00,-12827864.28,-2602755.072,-13794601.88,-7956994.076
25/01/2019 15:00,-12578987.61,-2552258.356,-13526969.29,-7802618.403
25/01/2019 16:00,-12484453.25,-2533077.471,-13425310.59,-7743979.696
25/01/2019 17:00,-12407282.24,-2517419.586,-13342323.8,-7696111.305
25/01/2019 18:00,-12445867.75,-2525248.529,-13383817.2,-7720045.502
25/01/2019 19:00,-12733329.62,-2583574.127,-13692942.87,-7898355.187
25/01/2019 20:00,-13366131.93,-2711968.797,-14373434.62,-8290876.035
25/01/2019 21:00,-13767421.21,-2793389.811,-14804966.0,-8539791.708
25/01/2019 22:00,-13173204.41,-2672824.084,-14165967.65,-8171205.057
25/01/2019 23:00,-12714036.87,-2579659.655,-13672196.17,-7886388.089
26/01/2019 00:00,-11143607.03,-2261021.717,-11983415.1,-6912266.391
26/01/2019 01:00,-10279291.72,-2085653.392,-11053962.97,-6376140.368
26/01/2019 02:00,-10107586.35,-2050814.621,-10869317.49,-6269633.27
26/01/2019 03:00,-9953244.335,-2019498.851,-10703343.91,-6173896.486
26/01/2019 04:00,-9781538.967,-1984660.08,-10518698.43,-6067389.388
26/01/2019 05:00,-9723660.714,-1972916.667,-10456458.33,-6031488.095
26/01/2019 06:00,-9839417.222,-1996403.494,-10580938.52,-6103290.683
26/01/2019 07:00,-10279291.72,-2085653.392,-11053962.97,-6376140.368
26/01/2019 08:00,-10892800.97,-2210133.531,-11713707.71,-6756693.936
26/01/2019 09:00,-11851650.95,-2404682.801,-12744818.84,-7351458.848
26/01/2019 10:00,-12675451.37,-2571830.713,-13630702.78,-7862453.893
26/01/2019 11:00,-13076740.66,-2653251.728,-14062234.16,-8111369.568
26/01/2019 12:00,-13115326.16,-2661080.67,-14103727.55,-8135303.762
26/01/2019 13:00,-13173204.41,-2672824.084,-14165967.65,-8171205.057
26/01/2019 14:00,-12827864.28,-2602755.072,-13794601.88,-7956994.076
26/01/2019 15:00,-12578987.61,-2552258.356,-13526969.29,-7802618.403
26/01/2019 16:00,-12484453.25,-2533077.471,-13425310.59,-7743979.696
26/01/2019 17:00,-12407282.24,-2517419.586,-13342323.8,-7696111.305
26/01/2019 18:00,-12445867.75,-2525248.529,-13383817.2,-7720045.502
26/01/2019 19:00,-12733329.62,-2583574.127,-13692942.87,-7898355.187
26/01/2019 20:00,-13366131.93,-2711968.797,-14373434.62,-8290876.035
26/01/2019 21:00,-13767421.21,-2793389.811,-14804966.0,-8539791.708
26/01/2019 22:00,-13173204.41,-2672824.084,-14165967.65,-8171205.057
26/01/2019 23:00,-12714036.87,-2579659.655,-13672196.17,-7886388.089
27/01/2019 00:00,-11143607.03,-2261021.717,-11983415.1,-6912266.391
27/01/2019 01:00,-10279291.72,-2085653.392,-11053962.97,-6376140.368
27/01/2019 02:00,-10107586.35,-2050814.621,-10869317.49,-6269633.27
27/01/2019 03:00,-9953244.335,-2019498.851,-10703343.91,-6173896.486
27/01/2019 04:00,-9781538.967,-1984660.08,-10518698.43,-6067389.388
27/01/2019 05:00,-9723660.714,-1972916.667,-10456458.33,-6031488.095
27/01/2019 06:00,-9839417.222,-1996403.494,-10580938.52,-6103290.683
27/01/2019 07:00,-10279291.72,-2085653.392,-11053962.97,-6376140.368
27/01/2019 08:00,-10892800.97,-2210133.531,-11713707.71,-6756693.936
27/01/2019 09:00,-11851650.95,-2404682.801,-12744818.84,-7351458.848
27/01/2019 10:00,-12675451.37,-2571830.713,-13630702.78,-7862453.893
27/01/2019 11:00,-13076740.66,-2653251.728,-14062234.16,-8111369.568
27/01/2019 12:00,-13115326.16,-2661080.67,-14103727.55,-8135303.762
27/01/2019 13:00,-13173204.41,-2672824.084,-14165967.65,-8171205.057
27/01/2019 14:00,-12827864.28,-2602755.072,-13794601.88,-7956994.076
27/01/2019 15:00,-12578987.61,-2552258.356,-13526969.29,-7802618.403
27/01/2019 16:00,-12484453.25,-2533077.471,-13425310.59,-7743979.696
27/01/2019 17:00,-12407282.24,-2517419.586,-13342323.8,-7696111.305
27/01/2019 18:00,-12445867.75,-2525248.529,-13383817.2,-7720045.502
27/01/2019 19:00,-12733329.62,-2583574.127,-13692942.87,-7898355.187
27/01/2019 20:00,-13366131.93,-2711968.797,-14373434.62,-8290876.035
27/01/2019 21:00,-13767421.21,-2793389.811,-14804966.0,-8539791.708
27/01/2019 22:00,-13173204.41,-2672824.084,-14165967.65,-8171205.057
27/01/2019 23:00,-12714036.87,-2579659.655,-13672196.17,-7886388.089
28/01/2019 00:00,-11143607.03,-2261021.717,-11983415.1,-6912266.391
28/01/2019 01:00,-10279291.72,-2085653.392,-11053962.97,-6376140.368
28/01/2019 02:00,-10107586.35,-2050814.621,-10869317.49,-6269633.27
28/01/2019 03:00,-9953244.335,-2019498.851,-10703343.91,-6173896.486
28/01/2019 04:00,-9781538.967,-1984660.08,-10518698.43,-6067389.388
28/01/2019 05:00,-9723660.714,-1972916.667,-10456458.33,-6031488.095
28/01/2019 06:00,-9839417.222,-1996403.494,-10580938.52,-6103290.683
28/01/2019 07:00,-10279291.72,-2085653.392,-11053962.97,-6376140.368
28/01/2019 08:00,-10892800.97,-2210133.531,-11713707.71,-6756693.936
28/01/2019 09:00,-11851650.95,-2404682.801,-12744818.84,-7351458.848
28/01/2019 10:00,-12675451.37,-2571830.713,-13630702.78,-7862453.893
28/01/2019 11:00,-13076740.66,-2653251.728,-14062234.16,-8111369.568
28/01/2019 12:00,-13115326.16,-2661080.67,-14103727.55,-8135303.762
28/01/2019 13:00,-13173204.41,-2672824.084,-14165967.65,-8171205.057
28/01/2019 14:00,-12827864.28,-2602755.072,-13794601.88,-7956994.076
28/01/2019 15:00,-12578987.61,-2552258.356,-13526969.29,-7802618.403
28/01/2019 16:00,-12484453.25,-2533077.471,-13425310.59,-7743979.696
28/01/2019 17:00,-12407282.24,-2517419.586,-13342323.8,-7696111.305
28/01/2019 18:00,-12445867.75,-2525248.529,-13383817.2,-7720045.502
28/01/2019 19:00,-12733329.62,-2583574.127,-13692942.87,-7898355.187
28/01/2019 20:00,-13366131.93,-2711968.797,-14373434.62,-8290876.035
28/01/2019 21:00,-13767421.21,-2793389.811,-14804966.0,-8539791.708
28/01/2019 22:00,-13173204.41,-2672824.084,-14165967.65,-8171205.057
28/01/2019 23:00,-12714036.87,-2579659.655,-13672196.17,-7886388.089
29/01/2019 00:00,-11083475.41,-2248821.098,-11918751.82,-6874967.356
29/01/2019 01:00,-10223823.99,-2074399.071,-10994315.08,-6341734.302
29/01/2019 02:00,-10053045.16,-2039748.293,-10810665.95,-6235801.925
29/01/2019 03:00,-9899535.987,-2008601.505,-10645587.97,-6140581.743
29/01/2019 04:00,-9728757.151,-1973950.726,-10461938.85,-6034649.363
29/01/2019 05:00,-9671191.21,-1962270.68,-10400034.61,-5998941.794
29/01/2019 06:00,-9786323.089,-1985630.772,-10523843.09,-6070356.93
29/01/2019 07:00,-10223823.99,-2074399.071,-10994315.08,-6341734.302
29/01/2019 08:00,-10834022.71,-2198207.507,-11650499.79,-6720234.379
29/01/2019 09:00,-11787698.67,-2391706.977,-12676046.98,-7311789.901
29/01/2019 10:00,-12607053.81,-2557952.948,-13557150.62,-7820027.584
29/01/2019 11:00,-13006177.72,-2638934.61,-13986353.43,-8067600.092
29/01/2019 12:00,-13044555.01,-2646721.307,-14027622.92,-8091405.137
29/01/2019 13:00,-13102120.95,-2658401.353,-14089527.17,-8127112.707
29/01/2019 14:00,-12758644.3,-2588710.438,-13720165.32,-7914057.624
29/01/2019 15:00,-12511110.58,-2538486.206,-13453976.89,-7760514.971
29/01/2019 16:00,-12417086.33,-2519408.821,-13352866.75,-7702192.682
29/01/2019 17:00,-12340331.75,-2503835.427,-13270327.76,-7654582.591
29/01/2019 18:00,-12378709.04,-2511622.124,-13311597.26,-7678387.637
29/01/2019 19:00,-12664619.76,-2569632.994,-13619054.87,-7855735.153
29/01/2019 20:00,-13294007.42,-2697334.838,-14295874.64,-8246137.934
29/01/2019 21:00,-13693131.32,-2778316.5,-14725077.45,-8493710.442
29/01/2019 22:00,-13102120.95,-2658401.353,-14089527.17,-8127112.707
29/01/2019 23:00,-12645431.11,-2565739.645,-13598420.12,-7843832.629
30/01/2019 00:00,-11083475.41,-2248821.098,-11918751.82,-6874967.356
30/01/2019 01:00,-10223823.99,-2074399.071,-10994315.08,-6341734.302
30/01/2019 02:00,-10053045.16,-2039748.293,-10810665.95,-6235801.925
30/01/2019 03:00,-9899535.987,-2008601.505,-10645587.97,-6140581.743
30/01/2019 04:00,-9728757.151,-1973950.726,-10461938.85,-6034649.363
30/01/2019 05:00,-9671191.21,-1962270.68,-10400034.61,-5998941.794
30/01/2019 06:00,-9786323.089,-1985630.772,-10523843.09,-6070356.93
30/01/2019 07:00,-10223823.99,-2074399.071,-10994315.08,-6341734.302
30/01/2019 08:00,-10834022.71,-2198207.507,-11650499.79,-6720234.379
30/01/2019 09:00,-11787698.67,-2391706.977,-12676046.98,-7311789.901
30/01/2019 10:00,-12607053.81,-2557952.948,-13557150.62,-7820027.584
30/01/2019 11:00,-13006177.72,-2638934.61,-13986353.43,-8067600.092
30/01/2019 12:00,-13044555.01,-2646721.307,-14027622.92,-8091405.137
30/01/2019 13:00,-13102120.95,-2658401.353,-14089527.17,-8127112.707
30/01/2019 14:00,-12758644.3,-2588710.438,-13720165.32,-7914057.624
30/01/2019 15:00,-12511110.58,-2538486.206,-13453976.89,-7760514.971
30/01/2019 16:00,-12417086.33,-2519408.821,-13352866.75,-7702192.682
30/01/2019 17:00,-12340331.75,-2503835.427,-13270327.76,-7654582.591
30/01/2019 18:00,-12378709.04,-2511622.124,-13311597.26,-7678387.637
30/01/2019 19:00,-12664619.76,-2569632.994,-13619054.87,-7855735.153
30/01/2019 20:00,-13294007.42,-2697334.838,-14295874.64,-8246137.934
30/01/2019 21:00,-13693131.32,-2778316.5,-14725077.45,-8493710.442
30/01/2019 22:00,-13102120.95,-2658401.353,-14089527.17,-8127112.707
30/01/2019 23:00,-12645431.11,-2565739.645,-13598420.12,-7843832.629
31/01/2019 00:00,-11083475.41,-2248821.098,-11918751.82,-6874967.356
31/01/2019 01:00,-10223823.99,-2074399.071,-10994315.08,-6341734.302
31/01/2019 02:00,-10053045.16,-2039748.293,-10810665.95,-6235801.925
31/01/2019 03:00,-9899535.987,-2008601.505,-10645587.97,-6140581.743
31/01/2019 04:00,-9728757.151,-1973950.726,-10461938.85,-6034649.363
31/01/2019 05:00,-9671191.21,-1962270.68,-10400034.61,-5998941.794
31/01/2019 06:00,-9786323.089,-1985630.772,-10523843.09,-6070356.93
31/01/2019 07:00,-10223823.99,-2074399.071,-10994315.08,-6341734.302
31/01/2019 08:00,-10834022.71,-2198207.507,-11650499.79,-6720234.379
31/01/2019 09:00,-11787698.67,-2391706.977,-12676046.98,-7311789.901
31/01/2019 10:00,-12607053.81,-2557952.948,-13557150.62,-7820027.584
31/01/2019 11:00,-13006177.72,-2638934.61,-13986353.43,-8067600.092
31/01/2019 12:00,-13044555.01,-2646721.307,-14027622.92,-8091405.137
31/01/2019 13:00,-13102120.95,-2658401.353,-14089527.17,-8127112.707
31/01/2019 14:00,-12758644.3,-2588710.438,-13720165.32,-7914057.624
31/01/2019 15:00,-12511110.58,-2538486.206,-13453976.89,-7760514.971
31/01/2019 16:00,-12417086.33,-2519408.821,-13352866.75,-7702192.682
31/01/2019 17:00,-12340331.75,-2503835.427,-13270327.76,-7654582.591
31/01/2019 18:00,-12378709.04,-2511622.124,-13311597.26,-7678387.637
31/01/2019 19:00,-12664619.76,-2569632.994,-13619054.87,-7855735.153
31/01/2019 20:00,-13294007.42,-2697334.838,-14295874.64,-8246137.934
31/01/2019 21:00,-13693131.32,-2778316.5,-14725077.45,-8493710.442
31/01/2019 22:00,-13102120.95,-2658401.353,-14089527.17,-8127112.707
31/01/2019 23:00,-12645431.11,-2565739.645,-13598420.12,-7843832.629
01/02/2019 00:00,-11083475.41,-2248821.098,-11918751.82,-6874967.356
01/02/2019 01:00,-10223823.99,-2074399.071,-10994315.08,-6341734.302
01/02/2019 02:00,-10053045.16,-2039748.293,-10810665.95,-6235801.925
01/02/2019 03:00,-9899535.987,-2008601.505,-10645587.97,-6140581.743
01/02/2019 04:00,-9728757.151,-1973950.726,-10461938.85,-6034649.363
01/02/2019 05:00,-9671191.21,-1962270.68,-10400034.61,-5998941.794
01/02/2019 06:00,-9786323.089,-1985630.772,-10523843.09,-6070356.93
01/02/2019 07:00,-10223823.99,-2074399.071,-10994315.08,-6341734.302
01/02/2019 08:00,-10834022.71,-2198207.507,-11650499.79,-6720234.379
01/02/2019 09:00,-11787698.67,-2391706.977,-12676046.98,-7311789.901
01/02/2019 10:00,-12607053.81,-2557952.948,-13557150.62,-7820027.584
01/02/2019 11:00,-13006177.72,-2638934.61,-13986353.43,-8067600.092
01/02/2019 12:00,-13044555.01,-2646721.307,-14027622.92,-8091405.137
01/02/2019 13:00,-13102120.95,-2658401.353,-14089527.17,-8127112.707
01/02/2019 14:00,-12758644.3,-2588710.438,-13720165.32,-7914057.624
01/02/2019 15:00,-12511110.58,-2538486.206,-13453976.89,-7760514.971
01/02/2019 16:00,-12417086.33,-2519408.821,-13352866.75,-7702192.682
01/02/2019 17:00,-12340331.75,-2503835.427,-13270327.76,-7654582.591
01/02/2019 18:00,-12378709.04,-2511622.124,-13311597.26,-7678387.637
01/02/2019 19:00,-12664619.76,-2569632.994,-13619054.87,-7855735.153
01/02/2019 20:00,-13294007.42,-2697334.838,-14295874.64,-8246137.934
01/02/2019 21:00,-13693131.32,-2778316.5,-14725077.45,-8493710.442
01/02/2019 22:00,-13102120.95,-2658401.353,-14089527.17,-8127112.707
01/02/2019 23:00,-12645431.11,-2565739.645,-13598420.12,-7843832.629
02/02/2019 00:00,-11083475.41,-2248821.098,-11918751.82,-6874967.356
02/02/2019 01:00,-10223823.99,-2074399.071,-10994315.08,-6341734.302
02/02/2019 02:00,-10053045.16,-2039748.293,-10810665.95,-6235801.925
02/02/2019 03:00,-9899535.987,-2008601.505,-10645587.97,-6140581.743
02/02/2019 04:00,-9728757.151,-1973950.726,-10461938.85,-6034649.363
02/02/2019 05:00,-9671191.21,-1962270.68,-10400034.61,-5998941.794
02/02/2019 06:00,-9786323.089,-1985630.772,-10523843.09,-6070356.93
02/02/2019 07:00,-10223823.99,-2074399.071,-10994315.08,-6341734.302
02/02/2019 08:00,-10834022.71,-2198207.507,-11650499.79,-6720234.379
02/02/2019 09:00,-11787698.67,-2391706.977,-12676046.98,-7311789.901
02/02/2019 10:00,-12607053.81,-2557952.948,-13557150.62,-7820027.584
02/02/2019 11:00,-13006177.72,-2638934.61,-13986353.43,-8067600.092
02/02/2019 12:00,-13044555.01,-2646721.307,-14027622.92,-8091405.137
02/02/2019 13:00,-13102120.95,-2658401.353,-14089527.17,-8127112.707
02/02/2019 14:00,-12758644.3,-2588710.438,-13720165.32,-7914057.624
02/02/2019 15:00,-12511110.58,-2538486.206,-13453976.89,-7760514.971
02/02/2019 16:00,-12417086.33,-2519408.821,-13352866.75,-7702192.682
02/02/2019 17:00,-12340331.75,-2503835.427,-13270327.76,-7654582.591
02/02/2019 18:00,-12378709.04,-2511622.124,-13311597.26,-7678387.637
02/02/2019 19:00,-12664619.76,-2569632.994,-13619054.87,-7855735.153
02/02/2019 20:00,-13294007.42,-2697334.838,-14295874.64,-8246137.934
02/02/2019 21:00,-13693131.32,-2778316.5,-14725077.45,-8493710.442
02/02/2019 22:00,-13102120.95,-2658401.353,-14089527.17,-8127112.707
02/02/2019 23:00,-12645431.11,-2565739.645,-13598420.12,-7843832.629
03/02/2019 00:00,-11083475.41,-2248821.098,-11918751.82,-6874967.356
03/02/2019 01:00,-10223823.99,-2074399.071,-10994315.08,-6341734.302
03/02/2019 02:00,-10053045.16,-2039748.293,-10810665.95,-6235801.925
03/02/2019 03:00,-9899535.987,-2008601.505,-10645587.97,-6140581.743
03/02/2019 04:00,-9728757.151,-1973950.726,-10461938.85,-6034649.363
03/02/2019 05:00,-9671191.21,-1962270.68,-10400034.61,-5998941.794
03/02/2019 06:00,-9786323.089,-1985630.772,-10523843.09,-6070356.93
03/02/2019 07:00,-10223823.99,-2074399.071,-10994315.08,-6341734.302
03/02/2019 08:00,-10834022.71,-2198207.507,-11650499.79,-6720234.379
03/02/2019 09:00,-11787698.67,-2391706.977,-12676046.98,-7311789.901
03/02/2019 10:00,-12607053.81,-2557952.948,-13557150.62,-7820027.584
03/02/2019 11:00,-13006177.72,-2638934.61,-13986353.43,-8067600.092
03/02/2019 12:00,-13044555.01,-2646721.307,-14027622.92,-8091405.137
03/02/2019 13:00,-13102120.95,-2658401.353,-14089527.17,-8127112.707
03/02/2019 14:00,-12758644.3,-2588710.438,-13720165.32,-7914057.624
03/02/2019 15:00,-12511110.58,-2538486.206,-13453976.89,-7760514.971
03/02/2019 16:00,-12417086.33,-2519408.821,-13352866.75,-7702192.682
03/02/2019 17:00,-12340331.75,-2503835.427,-13270327.76,-7654582.591
03/02/2019 18:00,-12378709.04,-2511622.124,-13311597.26,-7678387.637
03/02/2019 19:00,-12664619.76,-2569632.994,-13619054.87,-7855735.153
03/02/2019 20:00,-13294007.42,-2697334.838,-14295874.64,-8246137.934
03/02/2019 21:00,-13693131.32,-2778316.5,-14725077.45,-8493710.442
03/02/2019 22:00,-13102120.95,-2658401.353,-14089527.17,-8127112.707
03/02/2019 23:00,-12645431.11,-2565739.645,-13598420.12,-7843832.629
04/02/2019 00:00,-11083475.41,-2248821.098,-11918751.82,-6874967.356
04/02/2019 01:00,-10223823.99,-2074399.071,-10994315.08,-6341734.302
04/02/2019 02:00,-10053045.16,-2039748.293,-10810665.95,-6235801.925
04/02/2019 03:00,-9899535.987,-2008601.505,-10645587.97,-6140581.743
04/02/2019 04:00,-9728757.151,-1973950.726,-10461938.85,-6034649.363
04/02/2019 05:00,-9671191.21,-1962270.68,-10400034.61,-5998941.794
04/02/2019 06:00,-9786323.089,-1985630.772,-10523843.09,-6070356.93
04/02/2019 07:00,-10223823.99,-2074399.071,-10994315.08,-6341734.302
04/02/2019 08:00,-10834022.71,-2198207.507,-11650499.79,-6720234.379
04/02/2019 09:00,-11787698.67,-2391706.977,-12676046.98,-7311789.901
04/02/2019 10:00,-12607053.81,-2557952.948,-13557150.62,-7820027.584
04/02/2019 11:00,-13006177.72,-2638934.61,-13986353.43,-8067600.092
04/02/2019 12:00,-13044555.01,-2646721.307,-14027622.92,-8091405.137
04/02/2019 13:00,-13102120.95,-2658401.353,-14089527.17,-8127112.707
04/02/2019 14:00,-12758644.3,-2588710.438,-13720165.32,-7914057.624
04/02/2019 15:00,-12511110.58,-2538486.206,-13453976.89,-7760514.971
04/02/2019 16:00,-12417086.33,-2519408.821,-13352866.75,-7702192.682
04/02/2019 17:00,-12340331.75,-2503835.427,-13270327.76,-7654582.591
04/02/2019 18:00,-12378709.04,-2511622.124,-13311597.26,-7678387.637
04/02/2019 19:00,-12664619.76,-2569632.994,-13619054.87,-7855735.153
04/02/2019 20:00,-13294007.42,-2697334.838,-14295874.64,-8246137.934
04/02/2019 21:00,-13693131.32,-2778316.5,-14725077.45,-8493710.442
04/02/2019 22:00,-13102120.95,-2658401.353,-14089527.17,-8127112.707
04/02/2019 23:00,-12645431.11,-2565739.645,-13598420.12,-7843832.629
05/02/2019 00:00,-11043387.29,-2240687.276,-11875642.56,-6850101.101
05/02/2019 01:00,-10186845.17,-2066896.122,-10954549.44,-6318796.714
05/02/2019 02:00,-10016684.03,-2032370.673,-10771564.56,-6213247.485
05/02/2019 03:00,-9863730.09,-2001336.54,-10607083.66,-6118371.708
05/02/2019 04:00,-9693568.949,-1966811.091,-10424098.78,-6012822.478
05/02/2019 05:00,-9636211.222,-1955173.291,-10362418.44,-5977244.062
05/02/2019 06:00,-9750926.675,-1978448.891,-10485779.12,-6048400.894
05/02/2019 07:00,-10186845.17,-2066896.122,-10954549.44,-6318796.714
05/02/2019 08:00,-10794836.85,-2190256.752,-11608360.79,-6695927.784
05/02/2019 09:00,-11745063.43,-2383056.348,-12630198.65,-7285343.694
05/02/2019 10:00,-12561455.03,-2548701.02,-13508115.41,-7791743.118
05/02/2019 11:00,-12959135.33,-2629389.776,-13935765.81,-8038420.173
05/02/2019 12:00,-12997373.81,-2637148.31,-13976886.04,-8062139.118
05/02/2019 13:00,-13054731.54,-2648786.109,-14038566.38,-8097717.534
05/02/2019 14:00,-12712497.22,-2579347.261,-13670540.49,-7885433.056
05/02/2019 15:00,-12465858.81,-2529304.686,-13405314.84,-7732445.755
05/02/2019 16:00,-12372174.64,-2510296.304,-13304570.41,-7674334.415
05/02/2019 17:00,-12295697.67,-2494779.238,-13222329.96,-7626896.528
05/02/2019 18:00,-12333936.16,-2502537.771,-13263450.18,-7650615.47
05/02/2019 19:00,-12618812.75,-2560338.82,-13569795.74,-7827321.534
05/02/2019 20:00,-13245923.96,-2687578.775,-14244167.51,-8216312.255
05/02/2019 21:00,-13643604.27,-2768267.532,-14671817.92,-8462989.312
05/02/2019 22:00,-13054731.54,-2648786.109,-14038566.38,-8097717.534
05/02/2019 23:00,-12599693.51,-2556459.553,-13549235.63,-7815462.061
06/02/2019 00:00,-11043387.29,-2240687.276,-11875642.56,-6850101.101
06/02/2019 01:00,-10186845.17,-2066896.122,-10954549.44,-6318796.714
06/02/2019 02:00,-10016684.03,-2032370.673,-10771564.56,-6213247.485
06/02/2019 03:00,-9863730.09,-2001336.54,-10607083.66,-6118371.708
06/02/2019 04:00,-9693568.949,-1966811.091,-10424098.78,-6012822.478
06/02/2019 05:00,-9636211.222,-1955173.291,-10362418.44,-5977244.062
06/02/2019 06:00,-9750926.675,-1978448.891,-10485779.12,-6048400.894
06/02/2019 07:00,-10186845.17,-2066896.122,-10954549.44,-6318796.714
06/02/2019 08:00,-10794836.85,-2190256.752,-11608360.79,-6695927.784
06/02/2019 09:00,-11745063.43,-2383056.348,-12630198.65,-7285343.694
06/02/2019 10:00,-12561455.03,-2548701.02,-13508115.41,-7791743.118
06/02/2019 11:00,-12959135.33,-2629389.776,-13935765.81,-8038420.173
06/02/2019 12:00,-12997373.81,-2637148.31,-13976886.04,-8062139.118
06/02/2019 13:00,-13054731.54,-2648786.109,-14038566.38,-8097717.534
06/02/2019 14:00,-12712497.22,-2579347.261,-13670540.49,-7885433.056
06/02/2019 15:00,-12465858.81,-2529304.686,-13405314.84,-7732445.755
06/02/2019 16:00,-12372174.64,-2510296.304,-13304570.41,-7674334.415
06/02/2019 17:00,-12295697.67,-2494779.238,-13222329.96,-7626896.528
06/02/2019 18:00,-12333936.16,-2502537.771,-13263450.18,-7650615.47
06/02/2019 19:00,-12618812.75,-2560338.82,-13569795.74,-7827321.534
06/02/2019 20:00,-13245923.96,-2687578.775,-14244167.51,-8216312.255
06/02/2019 21:00,-13643604.27,-2768267.532,-14671817.92,-8462989.312
06/02/2019 22:00,-13054731.54,-2648786.109,-14038566.38,-8097717.534
06/02/2019 23:00,-12599693.51,-2556459.553,-13549235.63,-7815462.061
07/02/2019 00:00,-11043387.29,-2240687.276,-11875642.56,-6850101.101
07/02/2019 01:00,-10186845.17,-2066896.122,-10954549.44,-6318796.714
07/02/2019 02:00,-10016684.03,-2032370.673,-10771564.56,-6213247.485
07/02/2019 03:00,-9863730.09,-2001336.54,-10607083.66,-6118371.708
07/02/2019 04:00,-9693568.949,-1966811.091,-10424098.78,-6012822.478
07/02/2019 05:00,-9636211.222,-1955173.291,-10362418.44,-5977244.062
07/02/2019 06:00,-9750926.675,-1978448.891,-10485779.12,-6048400.894
07/02/2019 07:00,-10186845.17,-2066896.122,-10954549.44,-6318796.714
07/02/2019 08:00,-10794836.85,-2190256.752,-11608360.79,-6695927.784
07/02/2019 09:00,-11745063.43,-2383056.348,-12630198.65,-7285343.694
07/02/2019 10:00,-12561455.03,-2548701.02,-13508115.41,-7791743.118
07/02/2019 11:00,-12959135.33,-2629389.776,-13935765.81,-8038420.173
07/02/2019 12:00,-12997373.81,-2637148.31,-13976886.04,-8062139.118
07/02/2019 13:00,-13054731.54,-2648786.109,-14038566.38,-8097717.534
07/02/2019 14:00,-12712497.22,-2579347.261,-13670540.49,-7885433.056
07/02/2019 15:00,-12465858.81,-2529304.686,-13405314.84,-7732445.755
07/02/2019 16:00,-12372174.64,-2510296.304,-13304570.41,-7674334.415
07/02/2019 17:00,-12295697.67,-2494779.238,-13222329.96,-7626896.528
07/02/2019 18:00,-12333936.16,-2502537.771,-13263450.18,-7650615.47
07/02/2019 19:00,-12618812.75,-2560338.82,-13569795.74,-7827321.534
07/02/2019 20:00,-13245923.96,-2687578.775,-14244167.51,-8216312.255
07/02/2019 21:00,-13643604.27,-2768267.532,-14671817.92,-8462989.312
07/02/2019 22:00,-13054731.54,-2648786.109,-14038566.38,-8097717.534
07/02/2019 23:00,-12599693.51,-2556459.553,-13549235.63,-7815462.061
08/02/2019 00:00,-11043387.29,-2240687.276,-11875642.56,-6850101.101
08/02/2019 01:00,-10186845.17,-2066896.122,-10954549.44,-6318796.714
08/02/2019 02:00,-10016684.03,-2032370.673,-10771564.56,-6213247.485
08/02/2019 03:00,-9863730.09,-2001336.54,-10607083.66,-6118371.708
08/02/2019 04:00,-9693568.949,-1966811.091,-10424098.78,-6012822.478
08/02/2019 05:00,-9636211.222,-1955173.291,-10362418.44,-5977244.062
08/02/2019 06:00,-9750926.675,-1978448.891,-10485779.12,-6048400.894
08/02/2019 07:00,-10186845.17,-2066896.122,-10954549.44,-6318796.714
08/02/2019 08:00,-10794836.85,-2190256.752,-11608360.79,-6695927.784
08/02/2019 09:00,-11745063.43,-2383056.348,-12630198.65,-7285343.694
08/02/2019 10:00,-12561455.03,-2548701.02,-13508115.41,-7791743.118
08/02/2019 11:00,-12959135.33,-2629389.776,-13935765.81,-8038420.173
08/02/2019 12:00,-12997373.81,-2637148.31,-13976886.04,-8062139.118
08/02/2019 13:00,-13054731.54,-2648786.109,-14038566.38,-8097717.534
08/02/2019 14:00,-12712497.22,-2579347.261,-13670540.49,-7885433.056
08/02/2019 15:00,-12465858.81,-2529304.686,-13405314.84,-7732445.755
08/02/2019 16:00,-12372174.64,-2510296.304,-13304570.41,-7674334.415
08/02/2019 17:00,-12295697.67,-2494779.238,-13222329.96,-7626896.528
08/02/2019 18:00,-12333936.16,-2502537.771,-13263450.18,-7650615.47
08/02/2019 19:00,-12618812.75,-2560338.82,-13569795.74,-7827321.534
08/02/2019 20:00,-13245923.96,-2687578.775,-14244167.51,-8216312.255
08/02/2019 21:00,-13643604.27,-2768267.532,-14671817.92,-8462989.312
08/02/2019 22:00,-13054731.54,-2648786.109,-14038566.38,-8097717.534
08/02/2019 23:00,-12599693.51,-2556459.553,-13549235.63,-7815462.061
09/02/2019 00:00,-11043387.29,-2240687.276,-11875642.56,-6850101.101
09/02/2019 01:00,-10186845.17,-2066896.122,-10954549.44,-6318796.714
09/02/2019 02:00,-10016684.03,-2032370.673,-10771564.56,-6213247.485
09/02/2019 03:00,-9863730.09,-2001336.54,-10607083.66,-6118371.708
09/02/2019 04:00,-9693568.949,-1966811.091,-10424098.78,-6012822.478
09/02/2019 05:00,-9636211.222,-1955173.291,-10362418.44,-5977244.062
09/02/2019 06:00,-9750926.675,-1978448.891,-10485779.12,-6048400.894
09/02/2019 07:00,-10186845.17,-2066896.122,-10954549.44,-6318796.714
09/02/2019 08:00,-10794836.85,-2190256.752,-11608360.79,-6695927.784
09/02/2019 09:00,-11745063.43,-2383056.348,-12630198.65,-7285343.694
09/02/2019 10:00,-12561455.03,-2548701.02,-13508115.41,-7791743.118
09/02/2019 11:00,-12959135.33,-2629389.776,-13935765.81,-8038420.173
09/02/2019 12:00,-12997373.81,-2637148.31,-13976886.04,-8062139.118
09/02/2019 13:00,-13054731.54,-2648786.109,-14038566.38,-8097717.534
09/02/2019 14:00,-12712497.22,-2579347.261,-13670540.49,-7885433.056
09/02/2019 15:00,-12465858.81,-2529304.686,-13405314.84,-7732445.755
09/02/2019 16:00,-12372174.64,-2510296.304,-13304570.41,-7674334.415
09/02/2019 17:00,-12295697.67,-2494779.238,-13222329.96,-7626896.528
09/02/2019 18:00,-12333936.16,-2502537.771,-13263450.18,-7650615.47
09/02/2019 19:00,-12618812.75,-2560338.82,-13569795.74,-7827321.534
09/02/2019 20:00,-13245923.96,-2687578.775,-14244167.51,-8216312.255
09/02/2019 21:00,-13643604.27,-2768267.532,-14671817.92,-8462989.312
09/02/2019 22:00,-13054731.54,-2648786.109,-14038566.38,-8097717.534
09/02/2019 23:00,-12599693.51,-2556459.553,-13549235.63,-7815462.061
10/02/2019 00:00,-11043387.29,-2240687.276,-11875642.56,-6850101.101
10/02/2019 01:00,-10186845.17,-2066896.122,-10954549.44,-6318796.714
10/02/2019 02:00,-10016684.03,-2032370.673,-10771564.56,-6213247.485
10/02/2019 03:00,-9863730.09,-2001336.54,-10607083.66,-6118371.708
10/02/2019 04:00,-9693568.949,-1966811.091,-10424098.78,-6012822.478
10/02/2019 05:00,-9636211.222,-1955173.291,-10362418.44,-5977244.062
10/02/2019 06:00,-9750926.675,-1978448.891,-10485779.12,-6048400.894
10/02/2019 07:00,-10186845.17,-2066896.122,-10954549.44,-6318796.714
10/02/2019 08:00,-10794836.85,-2190256.752,-11608360.79,-6695927.784
10/02/2019 09:00,-11745063.43,-2383056.348,-12630198.65,-7285343.694
10/02/2019 10:00,-12561455.03,-2548701.02,-13508115.41,-7791743.118
10/02/2019 11:00,-12959135.33,-2629389.776,-13935765.81,-8038420.173
10/02/2019 12:00,-12997373.81,-2637148.31,-13976886.04,-8062139.118
10/02/2019 13:00,-13054731.54,-2648786.109,-14038566.38,-8097717.534
10/02/2019 14:00,-12712497.22,-2579347.261,-13670540.49,-7885433.056
10/02/2019 15:00,-12465858.81,-2529304.686,-13405314.84,-7732445.755
10/02/2019 16:00,-12372174.64,-2510296.304,-13304570.41,-7674334.415
10/02/2019 17:00,-12295697.67,-2494779.238,-13222329.96,-7626896.528
10/02/2019 18:00,-12333936.16,-2502537.771,-13263450.18,-7650615.47
10/02/2019 19:00,-12618812.75,-2560338.82,-13569795.74,-7827321.534
10/02/2019 20:00,-13245923.96,-2687578.775,-14244167.51,-8216312.255
10/02/2019 21:00,-13643604.27,-2768267.532,-14671817.92,-8462989.312
10/02/2019 22:00,-13054731.54,-2648786.109,-14038566.38,-8097717.534
10/02/2019 23:00,-12599693.51,-2556459.553,-13549235.63,-7815462.061
11/02/2019 00:00,-11043387.29,-2240687.276,-11875642.56,-6850101.101
11/02/2019 01:00,-10186845.17,-2066896.122,-10954549.44,-6318796.714
11/02/2019 02:00,-10016684.03,-2032370.673,-10771564.56,-6213247.485
11/02/2019 03:00,-9863730.09,-2001336.54,-10607083.66,-6118371.708
11/02/2019 04:00,-9693568.949,-1966811.091,-10424098.78,-6012822.478
11/02/2019 05:00,-9636211.222,-1955173.291,-10362418.44,-5977244.062
11/02/2019 06:00,-9750926.675,-1978448.891,-10485779.12,-6048400.894
11/02/2019 07:00,-10186845.17,-2066896.122,-10954549.44,-6318796.714
11/02/2019 08:00,-10794836.85,-2190256.752,-11608360.79,-6695927.784
11/02/2019 09:00,-11745063.43,-2383056.348,-12630198.65,-7285343.694
11/02/2019 10:00,-12561455.03,-2548701.02,-13508115.41,-7791743.118
11/02/2019 11:00,-12959135.33,-2629389.776,-13935765.81,-8038420.173
11/02/2019 12:00,-12997373.81,-2637148.31,-13976886.04,-8062139.118
11/02/2019 13:00,-13054731.54,-2648786.109,-14038566.38,-8097717.534
11/02/2019 14:00,-12712497.22,-2579347.261,-13670540.49,-7885433.056
11/02/2019 15:00,-12465858.81,-2529304.686,-13405314.84,-7732445.755
11/02/2019 16:00,-12372174.64,-2510296.304,-13304570.41,-7674334.415
11/02/2019 17:00,-12295697.67,-2494779.238,-13222329.96,-7626896.528
11/02/2019 18:00,-12333936.16,-2502537.771,-13263450.18,-7650615.47
11/02/2019 19:00,-12618812.75,-2560338.82,-13569795.74,-7827321.534
11/02/2019 20:00,-13245923.96,-2687578.775,-14244167.51,-8216312.255
11/02/2019 21:00,-13643604.27,-2768267.532,-14671817.92,-8462989.312
11/02/2019 22:00,-13054731.54,-2648786.109,-14038566.38,-8097717.534
11/02/2019 23:00,-12599693.51,-2556459.553,-13549235.63,-7815462.061
12/02/2019 00:00,-11063431.35,-2244754.187,-11897197.19,-6862534.229
12/02/2019 01:00,-10205334.58,-2070647.597,-10974432.26,-6330265.509
12/02/2019 02:00,-10034864.59,-2036059.483,-10791115.26,-6224524.705
12/02/2019 03:00,-9881633.037,-2004969.022,-10626335.82,-6129476.724
12/02/2019 04:00,-9711163.048,-1970380.908,-10443018.81,-6023735.92
12/02/2019 05:00,-9653701.218,-1958721.986,-10381226.53,-5988092.929
12/02/2019 06:00,-9768624.882,-1982039.831,-10504811.1,-6059378.912
12/02/2019 07:00,-10205334.58,-2070647.597,-10974432.26,-6330265.509
12/02/2019 08:00,-10814429.78,-2194232.13,-11629430.29,-6708081.082
12/02/2019 09:00,-11766381.05,-2387381.663,-12653122.81,-7298566.799
12/02/2019 10:00,-12584254.42,-2553326.984,-13532633.01,-7805885.351
12/02/2019 11:00,-12982656.52,-2634162.193,-13961059.62,-8053010.133
12/02/2019 12:00,-13020964.41,-2641934.808,-14002254.48,-8076772.128
12/02/2019 13:00,-13078426.25,-2653593.731,-14064046.77,-8112415.12
12/02/2019 14:00,-12735570.76,-2584028.85,-13695352.9,-7899745.34
12/02/2019 15:00,-12488484.7,-2533895.446,-13429645.86,-7746480.363
12/02/2019 16:00,-12394630.49,-2514852.563,-13328718.58,-7688263.549
12/02/2019 17:00,-12318014.71,-2499307.332,-13246328.86,-7640739.558
12/02/2019 18:00,-12356322.6,-2507079.947,-13287523.72,-7664501.553
12/02/2019 19:00,-12641716.25,-2564985.907,-13594425.31,-7841528.343
12/02/2019 20:00,-13269965.69,-2692456.806,-14270021.07,-8231225.093
12/02/2019 21:00,-13668367.79,-2773292.016,-14698447.68,-8478349.877
12/02/2019 22:00,-13078426.25,-2653593.731,-14064046.77,-8112415.12
12/02/2019 23:00,-12622562.31,-2561099.599,-13573827.88,-7829647.346
13/02/2019 00:00,-11063431.35,-2244754.187,-11897197.19,-6862534.229
13/02/2019 01:00,-10205334.58,-2070647.597,-10974432.26,-6330265.509
13/02/2019 02:00,-10034864.59,-2036059.483,-10791115.26,-6224524.705
13/02/2019 03:00,-9881633.037,-2004969.022,-10626335.82,-6129476.724
13/02/2019 04:00,-9711163.048,-1970380.908,-10443018.81,-6023735.92
13/02/2019 05:00,-9653701.218,-1958721.986,-10381226.53,-5988092.929
13/02/2019 06:00,-9768624.882,-1982039.831,-10504811.1,-6059378.912
13/02/2019 07:00,-10205334.58,-2070647.597,-10974432.26,-6330265.509
13/02/2019 08:00,-10814429.78,-2194232.13,-11629430.29,-6708081.082
13/02/2019 09:00,-11766381.05,-2387381.663,-12653122.81,-7298566.799
13/02/2019 10:00,-12584254.42,-2553326.984,-13532633.01,-7805885.351
13/02/2019 11:00,-12982656.52,-2634162.193,-13961059.62,-8053010.133
13/02/2019 12:00,-13020964.41,-2641934.808,-14002254.48,-8076772.128
13/02/2019 13:00,-13078426.25,-2653593.731,-14064046.77,-8112415.12
13/02/2019 14:00,-12735570.76,-2584028.85,-13695352.9,-7899745.34
13/02/2019 15:00,-12488484.7,-2533895.446,-13429645.86,-7746480.363
13/02/2019 16:00,-12394630.49,-2514852.563,-13328718.58,-7688263.549
13/02/2019 17:00,-12318014.71,-2499307.332,-13246328.86,-7640739.558
13/02/2019 18:00,-12356322.6,-2507079.947,-13287523.72,-7664501.553
13/02/2019 19:00,-12641716.25,-2564985.907,-13594425.31,-7841528.343
13/02/2019 20:00,-13269965.69,-2692456.806,-14270021.07,-8231225.093
13/02/2019 21:00,-13668367.79,-2773292.016,-14698447.68,-8478349.877
13/02/2019 22:00,-13078426.25,-2653593.731,-14064046.77,-8112415.12
13/02/2019 23:00,-12622562.31,-2561099.599,-13573827.88,-7829647.346
14/02/2019 00:00,-11063431.35,-2244754.187,-11897197.19,-6862534.229
14/02/2019 01:00,-10205334.58,-2070647.597,-10974432.26,-6330265.509
14/02/2019 02:00,-10034864.59,-2036059.483,-10791115.26,-6224524.705
14/02/2019 03:00,-9881633.037,-2004969.022,-10626335.82,-6129476.724
14/02/2019 04:00,-9711163.048,-1970380.908,-10443018.81,-6023735.92
14/02/2019 05:00,-9653701.218,-1958721.986,-10381226.53,-5988092.929
14/02/2019 06:00,-9768624.882,-1982039.831,-10504811.1,-6059378.912
14/02/2019 07:00,-10205334.58,-2070647.597,-10974432.26,-6330265.509
14/02/2019 08:00,-10814429.78,-2194232.13,-11629430.29,-6708081.082
14/02/2019 09:00,-11766381.05,-2387381.663,-12653122.81,-7298566.799
14/02/2019 10:00,-12584254.42,-2553326.984,-13532633.01,-7805885.351
14/02/2019 11:00,-12982656.52,-2634162.193,-13961059.62,-8053010.133
14/02/2019 12:00,-13020964.41,-2641934.808,-14002254.48,-8076772.128
14/02/2019 13:00,-13078426.25,-2653593.731,-14064046.77,-8112415.12
14/02/2019 14:00,-12735570.76,-2584028.85,-13695352.9,-7899745.34
14/02/2019 15:00,-12488484.7,-2533895.446,-13429645.86,-7746480.363
14/02/2019 16:00,-12394630.49,-2514852.563,-13328718.58,-7688263.549
14/02/2019 17:00,-12318014.71,-2499307.332,-13246328.86,-7640739.558
14/02/2019 18:00,-12356322.6,-2507079.947,-13287523.72,-7664501.553
14/02/2019 19:00,-12641716.25,-2564985.907,-13594425.31,-7841528.343
14/02/2019 20:00,-13269965.69,-2692456.806,-14270021.07,-8231225.093
14/02/2019 21:00,-13668367.79,-2773292.016,-14698447.68,-8478349.877
14/02/2019 22:00,-13078426.25,-2653593.731,-14064046.77,-8112415.12
14/02/2019 23:00,-12622562.31,-2561099.599,-13573827.88,-7829647.346
15/02/2019 00:00,-11063431.35,-2244754.187,-11897197.19,-6862534.229
15/02/2019 01:00,-10205334.58,-2070647.597,-10974432.26,-6330265.509
15/02/2019 02:00,-10034864.59,-2036059.483,-10791115.26,-6224524.705
15/02/2019 03:00,-9881633.037,-2004969.022,-10626335.82,-6129476.724
15/02/2019 04:00,-9711163.048,-1970380.908,-10443018.81,-6023735.92
15/02/2019 05:00,-9653701.218,-1958721.986,-10381226.53,-5988092.929
15/02/2019 06:00,-9768624.882,-1982039.831,-10504811.1,-6059378.912
15/02/2019 07:00,-10205334.58,-2070647.597,-10974432.26,-6330265.509
15/02/2019 08:00,-10814429.78,-2194232.13,-11629430.29,-6708081.082
15/02/2019 09:00,-11766381.05,-2387381.663,-12653122.81,-7298566.799
15/02/2019 10:00,-12584254.42,-2553326.984,-13532633.01,-7805885.351
15/02/2019 11:00,-12982656.52,-2634162.193,-13961059.62,-8053010.133
15/02/2019 12:00,-13020964.41,-2641934.808,-14002254.48,-8076772.128
15/02/2019 13:00,-13078426.25,-2653593.731,-14064046.77,-8112415.12
15/02/2019 14:00,-12735570.76,-2584028.85,-13695352.9,-7899745.34
15/02/2019 15:00,-12488484.7,-2533895.446,-13429645.86,-7746480.363
15/02/2019 16:00,-12394630.49,-2514852.563,-13328718.58,-7688263.549
15/02/2019 17:00,-12318014.71,-2499307.332,-13246328.86,-7640739.558
15/02/2019 18:00,-12356322.6,-2507079.947,-13287523.72,-7664501.553
15/02/2019 19:00,-12641716.25,-2564985.907,-13594425.31,-7841528.343
15/02/2019 20:00,-13269965.69,-2692456.806,-14270021.07,-8231225.093
15/02/2019 21:00,-13668367.79,-2773292.016,-14698447.68,-8478349.877
15/02/2019 22:00,-13078426.25,-2653593.731,-14064046.77,-8112415.12
15/02/2019 23:00,-12622562.31,-2561099.599,-13573827.88,-7829647.346
16/02/2019 00:00,-11063431.35,-2244754.187,-11897197.19,-6862534.229
16/02/2019 01:00,-10205334.58,-2070647.597,-10974432.26,-6330265.509
16/02/2019 02:00,-10034864.59,-2036059.483,-10791115.26,-6224524.705
16/02/2019 03:00,-9881633.037,-2004969.022,-10626335.82,-6129476.724
16/02/2019 04:00,-9711163.048,-1970380.908,-10443018.81,-6023735.92
16/02/2019 05:00,-9653701.218,-1958721.986,-10381226.53,-5988092.929
16/02/2019 06:00,-9768624.882,-1982039.831,-10504811.1,-6059378.912
16/02/2019 07:00,-10205334.58,-2070647.597,-10974432.26,-6330265.509
16/02/2019 08:00,-10814429.78,-2194232.13,-11629430.29,-6708081.082
16/02/2019 09:00,-11766381.05,-2387381.663,-12653122.81,-7298566.799
16/02/2019 10:00,-12584254.42,-2553326.984,-13532633.01,-7805885.351
16/02/2019 11:00,-12982656.52,-2634162.193,-13961059.62,-8053010.133
16/02/2019 12:00,-13020964.41,-2641934.808,-14002254.48,-8076772.128
16/02/2019 13:00,-13078426.25,-2653593.731,-14064046.77,-8112415.12
16/02/2019 14:00,-12735570.76,-2584028.85,-13695352.9,-7899745.34
16/02/2019 15:00,-12488484.7,-2533895.446,-13429645.86,-7746480.363
16/02/2019 16:00,-12394630.49,-2514852.563,-13328718.58,-7688263.549
16/02/2019 17:00,-12318014.71,-2499307.332,-13246328.86,-7640739.558
16/02/2019 18:00,-12356322.6,-2507079.947,-13287523.72,-7664501.553
16/02/2019 19:00,-12641716.25,-2564985.907,-13594425.31,-7841528.343
16/02/2019 20:00,-13269965.69,-2692456.806,-14270021.07,-8231225.093
16/02/2019 21:00,-13668367.79,-2773292.016,-14698447.68,-8478349.877
16/02/2019 22:00,-13078426.25,-2653593.731,-14064046.77,-8112415.12
16/02/2019 23:00,-12622562.31,-2561099.599,-13573827.88,-7829647.346
17/02/2019 00:00,-11063431.35,-2244754.187,-11897197.19,-6862534.229
17/02/2019 01:00,-10205334.58,-2070647.597,-10974432.26,-6330265.509
17/02/2019 02:00,-10034864.59,-2036059.483,-10791115.26,-6224524.705
17/02/2019 03:00,-9881633.037,-2004969.022,-10626335.82,-6129476.724
17/02/2019 04:00,-9711163.048,-1970380.908,-10443018.81,-6023735.92
17/02/2019 05:00,-9653701.218,-1958721.986,-10381226.53,-5988092.929
17/02/2019 06:00,-9768624.882,-1982039.831,-10504811.1,-6059378.912
17/02/2019 07:00,-10205334.58,-2070647.597,-10974432.26,-6330265.509
17/02/2019 08:00,-10814429.78,-2194232.13,-11629430.29,-6708081.082
17/02/2019 09:00,-11766381.05,-2387381.663,-12653122.81,-7298566.799
17/02/2019 10:00,-12584254.42,-2553326.984,-13532633.01,-7805885.351
17/02/2019 11:00,-12982656.52,-2634162.193,-13961059.62,-8053010.133
17/02/2019 12:00,-13020964.41,-2641934.808,-14002254.48,-8076772.128
17/02/2019 13:00,-13078426.25,-2653593.731,-14064046.77,-8112415.12
17/02/2019 14:00,-12735570.76,-2584028.85,-13695352.9,-7899745.34
17/02/2019 15:00,-12488484.7,-2533895.446,-13429645.86,-7746480.363
17/02/2019 16:00,-12394630.49,-2514852.563,-13328718.58,-7688263.549
17/02/2019 17:00,-12318014.71,-2499307.332,-13246328.86,-7640739.558
17/02/2019 18:00,-12356322.6,-2507079.947,-13287523.72,-7664501.553
17/02/2019 19:00,-12641716.25,-2564985.907,-13594425.31,-7841528.343
17/02/2019 20:00,-13269965.69,-2692456.806,-14270021.07,-8231225.093
17/02/2019 21:00,-13668367.79,-2773292.016,-14698447.68,-8478349.877
17/02/2019 22:00,-13078426.25,-2653593.731,-14064046.77,-8112415.12
17/02/2019 23:00,-12622562.31,-2561099.599,-13573827.88,-7829647.346
18/02/2019 00:00,-11063431.35,-2244754.187,-11897197.19,-6862534.229
18/02/2019 01:00,-10205334.58,-2070647.597,-10974432.26,-6330265.509
18/02/2019 02:00,-10034864.59,-2036059.483,-10791115.26,-6224524.705
18/02/2019 03:00,-9881633.037,-2004969.022,-10626335.82,-6129476.724
18/02/2019 04:00,-9711163.048,-1970380.908,-10443018.81,-6023735.92
18/02/2019 05:00,-9653701.218,-1958721.986,-10381226.53,-5988092.929
18/02/2019 06:00,-9768624.882,-1982039.831,-10504811.1,-6059378.912
18/02/2019 07:00,-10205334.58,-2070647.597,-10974432.26,-6330265.509
18/02/2019 08:00,-10814429.78,-2194232.13,-11629430.29,-6708081.082
18/02/2019 09:00,-11766381.05,-2387381.663,-12653122.81,-7298566.799
18/02/2019 10:00,-12584254.42,-2553326.984,-13532633.01,-7805885.351
18/02/2019 11:00,-12982656.52,-2634162.193,-13961059.62,-8053010.133
18/02/2019 12:00,-13020964.41,-2641934.808,-14002254.48,-8076772.128
18/02/2019 13:00,-13078426.25,-2653593.731,-14064046.77,-8112415.12
18/02/2019 14:00,-12735570.76,-2584028.85,-13695352.9,-7899745.34
18/02/2019 15:00,-12488484.7,-2533895.446,-13429645.86,-7746480.363
18/02/2019 16:00,-12394630.49,-2514852.563,-13328718.58,-7688263.549
18/02/2019 17:00,-12318014.71,-2499307.332,-13246328.86,-7640739.558
18/02/2019 18:00,-12356322.6,-2507079.947,-13287523.72,-7664501.553
18/02/2019 19:00,-12641716.25,-2564985.907,-13594425.31,-7841528.343
18/02/2019 20:00,-13269965.69,-2692456.806,-14270021.07,-8231225.093
18/02/2019 21:00,-13668367.79,-2773292.016,-14698447.68,-8478349.877
18/02/2019 22:00,-13078426.25,-2653593.731,-14064046.77,-8112415.12
18/02/2019 23:00,-12622562.31,-2561099.599,-13573827.88,-7829647.346
19/02/2019 00:00,-11063431.35,-2244754.187,-11897197.19,-6862534.229
19/02/2019 01:00,-10205334.58,-2070647.597,-10974432.26,-6330265.509
19/02/2019 02:00,-10034864.59,-2036059.483,-10791115.26,-6224524.705
19/02/2019 03:00,-9881633.037,-2004969.022,-10626335.82,-6129476.724
19/02/2019 04:00,-9711163.048,-1970380.908,-10443018.81,-6023735.92
19/02/2019 05:00,-9653701.218,-1958721.986,-10381226.53,-5988092.929
19/02/2019 06:00,-9768624.882,-1982039.831,-10504811.1,-6059378.912
19/02/2019 07:00,-10205334.58,-2070647.597,-10974432.26,-6330265.509
19/02/2019 08:00,-10814429.78,-2194232.13,-11629430.29,-6708081.082
19/02/2019 09:00,-11766381.05,-2387381.663,-12653122.81,-7298566.799
19/02/2019 10:00,-12584254.42,-2553326.984,-13532633.01,-7805885.351
19/02/2019 11:00,-12982656.52,-2634162.193,-13961059.62,-8053010.133
19/02/2019 12:00,-13020964.41,-2641934.808,-14002254.48,-8076772.128
19/02/2019 13:00,-13078426.25,-2653593.731,-14064046.77,-8112415.12
19/02/2019 14:00,-12735570.76,-2584028.85,-13695352.9,-7899745.34
19/02/2019 15:00,-12488484.7,-2533895.446,-13429645.86,-7746480.363
19/02/2019 16:00,-12394630.49,-2514852.563,-13328718.58,-7688263.549
19/02/2019 17:00,-12318014.71,-2499307.332,-13246328.86,-7640739.558
19/02/2019 18:00,-12356322.6,-2507079.947,-13287523.72,-7664501.553
19/02/2019 19:00,-12641716.25,-2564985.907,-13594425.31,-7841528.343
19/02/2019 20:00,-13269965.69,-2692456.806,-14270021.07,-8231225.093
19/02/2019 21:00,-13668367.79,-2773292.016,-14698447.68,-8478349.877
19/02/2019 22:00,-13078426.25,-2653593.731,-14064046.77,-8112415.12
19/02/2019 23:00,-12622562.31,-2561099.599,-13573827.88,-7829647.346
20/02/2019 00:00,-11063431.35,-2244754.187,-11897197.19,-6862534.229
20/02/2019 01:00,-10205334.58,-2070647.597,-10974432.26,-6330265.509
20/02/2019 02:00,-10034864.59,-2036059.483,-10791115.26,-6224524.705
20/02/2019 03:00,-9881633.037,-2004969.022,-10626335.82,-6129476.724
20/02/2019 04:00,-9711163.048,-1970380.908,-10443018.81,-6023735.92
20/02/2019 05:00,-9653701.218,-1958721.986,-10381226.53,-5988092.929
20/02/2019 06:00,-9768624.882,-1982039.831,-10504811.1,-6059378.912
20/02/2019 07:00,-10205334.58,-2070647.597,-10974432.26,-6330265.509
20/02/2019 08:00,-10814429.78,-2194232.13,-11629430.29,-6708081.082
20/02/2019 09:00,-11766381.05,-2387381.663,-12653122.81,-7298566.799
20/02/2019 10:00,-12584254.42,-2553326.984,-13532633.01,-7805885.351
20/02/2019 11:00,-12982656.52,-2634162.193,-13961059.62,-8053010.133
20/02/2019 12:00,-13020964.41,-2641934.808,-14002254.48,-8076772.128
20/02/2019 13:00,-13078426.25,-2653593.731,-14064046.77,-8112415.12
20/02/2019 14:00,-12735570.76,-2584028.85,-13695352.9,-7899745.34
20/02/2019 15:00,-12488484.7,-2533895.446,-13429645.86,-7746480.363
20/02/2019 16:00,-12394630.49,-2514852.563,-13328718.58,-7688263.549
20/02/2019 17:00,-12318014.71,-2499307.332,-13246328.86,-7640739.558
20/02/2019 18:00,-12356322.6,-2507079.947,-13287523.72,-7664501.553
20/02/2019 19:00,-12641716.25,-2564985.907,-13594425.31,-7841528.343
20/02/2019 20:00,-13269965.69,-2692456.806,-14270021.07,-8231225.093
20/02/2019 21:00,-13668367.79,-2773292.016,-14698447.68,-8478349.877
20/02/2019 22:00,-13078426.25,-2653593.731,-14064046.77,-8112415.12
20/02/2019 23:00,-12622562.31,-2561099.599,-13573827.88,-7829647.346
21/02/2019 00:00,-11063431.35,-2244754.187,-11897197.19,-6862534.229
21/02/2019 01:00,-10205334.58,-2070647.597,-10974432.26,-6330265.509
21/02/2019 02:00,-10034864.59,-2036059.483,-10791115.26,-6224524.705
21/02/2019 03:00,-9881633.037,-2004969.022,-10626335.82,-6129476.724
21/02/2019 04:00,-9711163.048,-1970380.908,-10443018.81,-6023735.92
21/02/2019 05:00,-9653701.218,-1958721.986,-10381226.53,-5988092.929
21/02/2019 06:00,-9768624.882,-1982039.831,-10504811.1,-6059378.912
21/02/2019 07:00,-10205334.58,-2070647.597,-10974432.26,-6330265.509
21/02/2019 08:00,-10814429.78,-2194232.13,-11629430.29,-6708081.082
21/02/2019 09:00,-11766381.05,-2387381.663,-12653122.81,-7298566.799
21/02/2019 10:00,-12584254.42,-2553326.984,-13532633.01,-7805885.351
21/02/2019 11:00,-12982656.52,-2634162.193,-13961059.62,-8053010.133
21/02/2019 12:00,-13020964.41,-2641934.808,-14002254.48,-8076772.128
21/02/2019 13:00,-13078426.25,-2653593.731,-14064046.77,-8112415.12
21/02/2019 14:00,-12735570.76,-2584028.85,-13695352.9,-7899745.34
21/02/2019 15:00,-12488484.7,-2533895.446,-13429645.86,-7746480.363
21/02/2019 16:00,-12394630.49,-2514852.563,-13328718.58,-7688263.549
21/02/2019 17:00,-12318014.71,-2499307.332,-13246328.86,-7640739.558
21/02/2019 18:00,-12356322.6,-2507079.947,-13287523.72,-7664501.553
21/02/2019 19:00,-12641716.25,-2564985.907,-13594425.31,-7841528.343
21/02/2019 20:00,-13269965.69,-2692456.806,-14270021.07,-8231225.093
21/02/2019 21:00,-13668367.79,-2773292.016,-14698447.68,-8478349.877
21/02/2019 22:00,-13078426.25,-2653593.731,-14064046.77,-8112415.12
21/02/2019 23:00,-12622562.31,-2561099.599,-13573827.88,-7829647.346
22/02/2019 00:00,-11063431.35,-2244754.187,-11897197.19,-6862534.229
22/02/2019 01:00,-10205334.58,-2070647.597,-10974432.26,-6330265.509
22/02/2019 02:00,-10034864.59,-2036059.483,-10791115.26,-6224524.705
22/02/2019 03:00,-9881633.037,-2004969.022,-10626335.82,-6129476.724
22/02/2019 04:00,-9711163.048,-1970380.908,-10443018.81,-6023735.92
22/02/2019 05:00,-9653701.218,-1958721.986,-10381226.53,-5988092.929
22/02/2019 06:00,-9768624.882,-1982039.831,-10504811.1,-6059378.912
22/02/2019 07:00,-10205334.58,-2070647.597,-10974432.26,-6330265.509
22/02/2019 08:00,-10814429.78,-2194232.13,-11629430.29,-6708081.082
22/02/2019 09:00,-11766381.05,-2387381.663,-12653122.81,-7298566.799
22/02/2019 10:00,-12584254.42,-2553326.984,-13532633.01,-7805885.351
22/02/2019 11:00,-12982656.52,-2634162.193,-13961059.62,-8053010.133
22/02/2019 12:00,-13020964.41,-2641934.808,-14002254.48,-8076772.128
22/02/2019 13:00,-13078426.25,-2653593.731,-14064046.77,-8112415.12
22/02/2019 14:00,-12735570.76,-2584028.85,-13695352.9,-7899745.34
22/02/2019 15:00,-12488484.7,-2533895.446,-13429645.86,-7746480.363
22/02/2019 16:00,-12394630.49,-2514852.563,-13328718.58,-7688263.549
22/02/2019 17:00,-12318014.71,-2499307.332,-13246328.86,-7640739.558
22/02/2019 18:00,-12356322.6,-2507079.947,-13287523.72,-7664501.553
22/02/2019 19:00,-12641716.25,-2564985.907,-13594425.31,-7841528.343
22/02/2019 20:00,-13269965.69,-2692456.806,-14270021.07,-8231225.093
22/02/2019 21:00,-13668367.79,-2773292.016,-14698447.68,-8478349.877
22/02/2019 22:00,-13078426.25,-2653593.731,-14064046.77,-8112415.12
22/02/2019 23:00,-12622562.31,-2561099.599,-13573827.88,-7829647.346
23/02/2019 00:00,-11063431.35,-2244754.187,-11897197.19,-6862534.229
23/02/2019 01:00,-10205334.58,-2070647.597,-10974432.26,-6330265.509
23/02/2019 02:00,-10034864.59,-2036059.483,-10791115.26,-6224524.705
23/02/2019 03:00,-9881633.037,-2004969.022,-10626335.82,-6129476.724
23/02/2019 04:00,-9711163.048,-1970380.908,-10443018.81,-6023735.92
23/02/2019 05:00,-9653701.218,-1958721.986,-10381226.53,-5988092.929
23/02/2019 06:00,-9768624.882,-1982039.831,-10504811.1,-6059378.912
23/02/2019 07:00,-10205334.58,-2070647.597,-10974432.26,-6330265.509
23/02/2019 08:00,-10814429.78,-2194232.13,-11629430.29,-6708081.082
23/02/2019 09:00,-11766381.05,-2387381.663,-12653122.81,-7298566.799
23/02/2019 10:00,-12584254.42,-2553326.984,-13532633.01,-7805885.351
23/02/2019 11:00,-12982656.52,-2634162.193,-13961059.62,-8053010.133
23/02/2019 12:00,-13020964.41,-2641934.808,-14002254.48,-8076772.128
23/02/2019 13:00,-13078426.25,-2653593.731,-14064046.77,-8112415.12
23/02/2019 14:00,-12735570.76,-2584028.85,-13695352.9,-7899745.34
23/02/2019 15:00,-12488484.7,-2533895.446,-13429645.86,-7746480.363
23/02/2019 16:00,-12394630.49,-2514852.563,-13328718.58,-7688263.549
23/02/2019 17:00,-12318014.71,-2499307.332,-13246328.86,-7640739.558
23/02/2019 18:00,-12356322.6,-2507079.947,-13287523.72,-7664501.553
23/02/2019 19:00,-12641716.25,-2564985.907,-13594425.31,-7841528.343
23/02/2019 20:00,-13269965.69,-2692456.806,-14270021.07,-8231225.093
23/02/2019 21:00,-13668367.79,-2773292.016,-14698447.68,-8478349.877
23/02/2019 22:00,-13078426.25,-2653593.731,-14064046.77,-8112415.12
23/02/2019 23:00,-12622562.31,-2561099.599,-13573827.88,-7829647.346
24/02/2019 00:00,-11063431.35,-2244754.187,-11897197.19,-6862534.229
24/02/2019 01:00,-10205334.58,-2070647.597,-10974432.26,-6330265.509
24/02/2019 02:00,-10034864.59,-2036059.483,-10791115.26,-6224524.705
24/02/2019 03:00,-9881633.037,-2004969.022,-10626335.82,-6129476.724
24/02/2019 04:00,-9711163.048,-1970380.908,-10443018.81,-6023735.92
24/02/2019 05:00,-9653701.218,-1958721.986,-10381226.53,-5988092.929
24/02/2019 06:00,-9768624.882,-1982039.831,-10504811.1,-6059378.912
24/02/2019 07:00,-10205334.58,-2070647.597,-10974432.26,-6330265.509
24/02/2019 08:00,-10814429.78,-2194232.13,-11629430.29,-6708081.082
24/02/2019 09:00,-11766381.05,-2387381.663,-12653122.81,-7298566.799
24/02/2019 10:00,-12584254.42,-2553326.984,-13532633.01,-7805885.351
24/02/2019 11:00,-12982656.52,-2634162.193,-13961059.62,-8053010.133
24/02/2019 12:00,-13020964.41,-2641934.808,-14002254.48,-8076772.128
24/02/2019 13:00,-13078426.25,-2653593.731,-14064046.77,-8112415.12
24/02/2019 14:00,-12735570.76,-2584028.85,-13695352.9,-7899745.34
24/02/2019 15:00,-12488484.7,-2533895.446,-13429645.86,-7746480.363
24/02/2019 16:00,-12394630.49,-2514852.563,-13328718.58,-7688263.549
24/02/2019 17:00,-12318014.71,-2499307.332,-13246328.86,-7640739.558
24/02/2019 18:00,-12356322.6,-2507079.947,-13287523.72,-7664501.553
24/02/2019 19:00,-12641716.25,-2564985.907,-13594425.31,-7841528.343
24/02/2019 20:00,-13269965.69,-2692456.806,-14270021.07,-8231225.093
24/02/2019 21:00,-13668367.79,-2773292.016,-14698447.68,-8478349.877
24/02/2019 22:00,-13078426.25,-2653593.731,-14064046.77,-8112415.12
24/02/2019 23:00,-12622562.31,-2561099.599,-13573827.88,-7829647.346
25/02/2019 00:00,-11063431.35,-2244754.187,-11897197.19,-6862534.229
25/02/2019 01:00,-10205334.58,-2070647.597,-10974432.26,-6330265.509
25/02/2019 02:00,-10034864.59,-2036059.483,-10791115.26,-6224524.705
25/02/2019 03:00,-9881633.037,-2004969.022,-10626335.82,-6129476.724
25/02/2019 04:00,-9711163.048,-1970380.908,-10443018.81,-6023735.92
25/02/2019 05:00,-9653701.218,-1958721.986,-10381226.53,-5988092.929
25/02/2019 06:00,-9768624.882,-1982039.831,-10504811.1,-6059378.912
25/02/2019 07:00,-10205334.58,-2070647.597,-10974432.26,-6330265.509
25/02/2019 08:00,-10814429.78,-2194232.13,-11629430.29,-6708081.082
25/02/2019 09:00,-11766381.05,-2387381.663,-12653122.81,-7298566.799
25/02/2019 10:00,-12584254.42,-2553326.984,-13532633.01,-7805885.351
25/02/2019 11:00,-12982656.52,-2634162.193,-13961059.62,-8053010.133
25/02/2019 12:00,-13020964.41,-2641934.808,-14002254.48,-8076772.128
25/02/2019 13:00,-13078426.25,-2653593.731,-14064046.77,-8112415.12
25/02/2019 14:00,-12735570.76,-2584028.85,-13695352.9,-7899745.34
25/02/2019 15:00,-12488484.7,-2533895.446,-13429645.86,-7746480.363
25/02/2019 16:00,-12394630.49,-2514852.563,-13328718.58,-7688263.549
25/02/2019 17:00,-12318014.71,-2499307.332,-13246328.86,-7640739.558
25/02/2019 18:00,-12356322.6,-2507079.947,-13287523.72,-7664501.553
25/02/2019 19:00,-12641716.25,-2564985.907,-13594425.31,-7841528.343
25/02/2019 20:00,-13269965.69,-2692456.806,-14270021.07,-8231225.093
25/02/2019 21:00,-13668367.79,-2773292.016,-14698447.68,-8478349.877
25/02/2019 22:00,-13078426.25,-2653593.731,-14064046.77,-8112415.12
25/02/2019 23:00,-12622562.31,-2561099.599,-13573827.88,-7829647.346
26/02/2019 00:00,-10983255.67,-2228486.657,-11810979.28,-6812802.065
26/02/2019 01:00,-10131377.45,-2055641.801,-10894901.54,-6284390.648
26/02/2019 02:00,-9962142.841,-2021304.345,-10712913.03,-6179416.139
26/02/2019 03:00,-9810021.739,-1990439.193,-10549327.73,-6085056.963
26/02/2019 04:00,-9640787.133,-1956101.737,-10367339.21,-5980082.453
26/02/2019 05:00,-9583741.721,-1944527.306,-10305994.72,-5944697.763
26/02/2019 06:00,-9697832.545,-1967676.169,-10428683.69,-6015467.144
26/02/2019 07:00,-10131377.45,-2055641.801,-10894901.54,-6284390.648
26/02/2019 08:00,-10736058.59,-2178330.728,-11545152.86,-6659468.226
26/02/2019 09:00,-11681111.16,-2370080.525,-12561426.78,-7245674.747
26/02/2019 10:00,-12493057.47,-2534823.255,-13434563.25,-7749316.809
26/02/2019 11:00,-12888572.39,-2615072.659,-13859885.09,-7994650.7
26/02/2019 12:00,-12926602.66,-2622788.946,-13900781.42,-8018240.493
26/02/2019 13:00,-12983648.08,-2634363.378,-13962125.9,-8053625.184
26/02/2019 14:00,-12643277.23,-2565302.627,-13596103.92,-7842496.601
26/02/2019 15:00,-12397981.78,-2515532.536,-13332322.44,-7690342.323
26/02/2019 16:00,-12304807.73,-2496627.655,-13232126.57,-7632547.401
26/02/2019 17:00,-12228747.18,-2481195.079,-13150333.92,-7585367.814
26/02/2019 18:00,-12266777.45,-2488911.367,-13191230.24,-7608957.607
26/02/2019 19:00,-12550102.88,-2546397.687,-13495907.74,-7784701.499
26/02/2019 20:00,-13173799.45,-2672944.817,-14166607.53,-8171574.153
26/02/2019 21:00,-13569314.37,-2753194.22,-14591929.37,-8416908.044
26/02/2019 22:00,-12983648.08,-2634363.378,-13962125.9,-8053625.184
26/02/2019 23:00,-12531087.75,-2542539.543,-13475459.58,-7772906.603
27/02/2019 00:00,-10983255.67,-2228486.657,-11810979.28,-6812802.065
27/02/2019 01:00,-10131377.45,-2055641.801,-10894901.54,-6284390.648
27/02/2019 02:00,-9962142.841,-2021304.345,-10712913.03,-6179416.139
27/02/2019 03:00,-9810021.739,-1990439.193,-10549327.73,-6085056.963
27/02/2019 04:00,-9640787.133,-1956101.737,-10367339.21,-5980082.453
27/02/2019 05:00,-9583741.721,-1944527.306,-10305994.72,-5944697.763
27/02/2019 06:00,-9697832.545,-1967676.169,-10428683.69,-6015467.144
27/02/2019 07:00,-10131377.45,-2055641.801,-10894901.54,-6284390.648
27/02/2019 08:00,-10736058.59,-2178330.728,-11545152.86,-6659468.226
27/02/2019 09:00,-11681111.16,-2370080.525,-12561426.78,-7245674.747
27/02/2019 10:00,-12493057.47,-2534823.255,-13434563.25,-7749316.809
27/02/2019 11:00,-12888572.39,-2615072.659,-13859885.09,-7994650.7
27/02/2019 12:00,-12926602.66,-2622788.946,-13900781.42,-8018240.493
27/02/2019 13:00,-12983648.08,-2634363.378,-13962125.9,-8053625.184
27/02/2019 14:00,-12643277.23,-2565302.627,-13596103.92,-7842496.601
27/02/2019 15:00,-12397981.78,-2515532.536,-13332322.44,-7690342.323
27/02/2019 16:00,-12304807.73,-2496627.655,-13232126.57,-7632547.401
27/02/2019 17:00,-12228747.18,-2481195.079,-13150333.92,-7585367.814
27/02/2019 18:00,-12266777.45,-2488911.367,-13191230.24,-7608957.607
27/02/2019 19:00,-12550102.88,-2546397.687,-13495907.74,-7784701.499
27/02/2019 20:00,-13173799.45,-2672944.817,-14166607.53,-8171574.153
27/02/2019 21:00,-13569314.37,-2753194.22,-14591929.37,-8416908.044
27/02/2019 22:00,-12983648.08,-2634363.378,-13962125.9,-8053625.184
27/02/2019 23:00,-12531087.75,-2542539.543,-13475459.58,-7772906.603
28/02/2019 00:00,-10983255.67,-2228486.657,-11810979.28,-6812802.065
28/02/2019 01:00,-10131377.45,-2055641.801,-10894901.54,-6284390.648
28/02/2019 02:00,-9962142.841,-2021304.345,-10712913.03,-6179416.139
28/02/2019 03:00,-9810021.739,-1990439.193,-10549327.73,-6085056.963
28/02/2019 04:00,-9640787.133,-1956101.737,-10367339.21,-5980082.453
28/02/2019 05:00,-9583741.721,-1944527.306,-10305994.72,-5944697.763
28/02/2019 06:00,-9697832.545,-1967676.169,-10428683.69,-6015467.144
28/02/2019 07:00,-10131377.45,-2055641.801,-10894901.54,-6284390.648
28/02/2019 08:00,-10736058.59,-2178330.728,-11545152.86,-6659468.226
28/02/2019 09:00,-11681111.16,-2370080.525,-12561426.78,-7245674.747
28/02/2019 10:00,-12493057.47,-2534823.255,-13434563.25,-7749316.809
28/02/2019 11:00,-12888572.39,-2615072.659,-13859885.09,-7994650.7
28/02/2019 12:00,-12926602.66,-2622788.946,-13900781.42,-8018240.493
28/02/2019 13:00,-12983648.08,-2634363.378,-13962125.9,-8053625.184
28/02/2019 14:00,-12643277.23,-2565302.627,-13596103.92,-7842496.601
28/02/2019 15:00,-12397981.78,-2515532.536,-13332322.44,-7690342.323
28/02/2019 16:00,-12304807.73,-2496627.655,-13232126.57,-7632547.401
28/02/2019 17:00,-12228747.18,-2481195.079,-13150333.92,-7585367.814
28/02/2019 18:00,-12266777.45,-2488911.367,-13191230.24,-7608957.607
28/02/2019 19:00,-12550102.88,-2546397.687,-13495907.74,-7784701.499
28/02/2019 20:00,-13173799.45,-2672944.817,-14166607.53,-8171574.153
28/02/2019 21:00,-13569314.37,-2753194.22,-14591929.37,-8416908.044
28/02/2019 22:00,-12983648.08,-2634363.378,-13962125.9,-8053625.184
28/02/2019 23:00,-12531087.75,-2542539.543,-13475459.58,-7772906.603
01/03/2019 00:00,-10983255.67,-2228486.657,-11810979.28,-6812802.065
01/03/2019 01:00,-10131377.45,-2055641.801,-10894901.54,-6284390.648
01/03/2019 02:00,-9962142.841,-2021304.345,-10712913.03,-6179416.139
01/03/2019 03:00,-9810021.739,-1990439.193,-10549327.73,-6085056.963
01/03/2019 04:00,-9640787.133,-1956101.737,-10367339.21,-5980082.453
01/03/2019 05:00,-9583741.721,-1944527.306,-10305994.72,-5944697.763
01/03/2019 06:00,-9697832.545,-1967676.169,-10428683.69,-6015467.144
01/03/2019 07:00,-10131377.45,-2055641.801,-10894901.54,-6284390.648
01/03/2019 08:00,-10736058.59,-2178330.728,-11545152.86,-6659468.226
01/03/2019 09:00,-11681111.16,-2370080.525,-12561426.78,-7245674.747
01/03/2019 10:00,-12493057.47,-2534823.255,-13434563.25,-7749316.809
01/03/2019 11:00,-12888572.39,-2615072.659,-13859885.09,-7994650.7
01/03/2019 12:00,-12926602.66,-2622788.946,-13900781.42,-8018240.493
01/03/2019 13:00,-12983648.08,-2634363.378,-13962125.9,-8053625.184
01/03/2019 14:00,-12643277.23,-2565302.627,-13596103.92,-7842496.601
01/03/2019 15:00,-12397981.78,-2515532.536,-13332322.44,-7690342.323
01/03/2019 16:00,-12304807.73,-2496627.655,-13232126.57,-7632547.401
01/03/2019 17:00,-12228747.18,-2481195.079,-13150333.92,-7585367.814
01/03/2019 18:00,-12266777.45,-2488911.367,-13191230.24,-7608957.607
01/03/2019 19:00,-12550102.88,-2546397.687,-13495907.74,-7784701.499
01/03/2019 20:00,-13173799.45,-2672944.817,-14166607.53,-8171574.153
01/03/2019 21:00,-13569314.37,-2753194.22,-14591929.37,-8416908.044
01/03/2019 22:00,-12983648.08,-2634363.378,-13962125.9,-8053625.184
01/03/2019 23:00,-12531087.75,-2542539.543,-13475459.58,-7772906.603
02/03/2019 00:00,-10983255.67,-2228486.657,-11810979.28,-6812802.065
02/03/2019 01:00,-10131377.45,-2055641.801,-10894901.54,-6284390.648
02/03/2019 02:00,-9962142.841,-2021304.345,-10712913.03,-6179416.139
02/03/2019 03:00,-9810021.739,-1990439.193,-10549327.73,-6085056.963
02/03/2019 04:00,-9640787.133,-1956101.737,-10367339.21,-5980082.453
02/03/2019 05:00,-9583741.721,-1944527.306,-10305994.72,-5944697.763
02/03/2019 06:00,-9697832.545,-1967676.169,-10428683.69,-6015467.144
02/03/2019 07:00,-10131377.45,-2055641.801,-10894901.54,-6284390.648
02/03/2019 08:00,-10736058.59,-2178330.728,-11545152.86,-6659468.226
02/03/2019 09:00,-11681111.16,-2370080.525,-12561426.78,-7245674.747
02/03/2019 10:00,-12493057.47,-2534823.255,-13434563.25,-7749316.809
02/03/2019 11:00,-12888572.39,-2615072.659,-13859885.09,-7994650.7
02/03/2019 12:00,-12926602.66,-2622788.946,-13900781.42,-8018240.493
02/03/2019 13:00,-12983648.08,-2634363.378,-13962125.9,-8053625.184
02/03/2019 14:00,-12643277.23,-2565302.627,-13596103.92,-7842496.601
02/03/2019 15:00,-12397981.78,-2515532.536,-13332322.44,-7690342.323
02/03/2019 16:00,-12304807.73,-2496627.655,-13232126.57,-7632547.401
02/03/2019 17:00,-12228747.18,-2481195.079,-13150333.92,-7585367.814
02/03/2019 18:00,-12266777.45,-2488911.367,-13191230.24,-7608957.607
02/03/2019 19:00,-12550102.88,-2546397.687,-13495907.74,-7784701.499
02/03/2019 20:00,-13173799.45,-2672944.817,-14166607.53,-8171574.153
02/03/2019 21:00,-13569314.37,-2753194.22,-14591929.37,-8416908.044
02/03/2019 22:00,-12983648.08,-2634363.378,-13962125.9,-8053625.184
02/03/2019 23:00,-12531087.75,-2542539.543,-13475459.58,-7772906.603
03/03/2019 00:00,-10983255.67,-2228486.657,-11810979.28,-6812802.065
03/03/2019 01:00,-10131377.45,-2055641.801,-10894901.54,-6284390.648
03/03/2019 02:00,-9962142.841,-2021304.345,-10712913.03,-6179416.139
03/03/2019 03:00,-9810021.739,-1990439.193,-10549327.73,-6085056.963
03/03/2019 04:00,-9640787.133,-1956101.737,-10367339.21,-5980082.453
03/03/2019 05:00,-9583741.721,-1944527.306,-10305994.72,-5944697.763
03/03/2019 06:00,-9697832.545,-1967676.169,-10428683.69,-6015467.144
03/03/2019 07:00,-10131377.45,-2055641.801,-10894901.54,-6284390.648
03/03/2019 08:00,-10736058.59,-2178330.728,-11545152.86,-6659468.226
03/03/2019 09:00,-11681111.16,-2370080.525,-12561426.78,-7245674.747
03/03/2019 10:00,-12493057.47,-2534823.255,-13434563.25,-7749316.809
03/03/2019 11:00,-12888572.39,-2615072.659,-13859885.09,-7994650.7
03/03/2019 12:00,-12926602.66,-2622788.946,-13900781.42,-8018240.493
03/03/2019 13:00,-12983648.08,-2634363.378,-13962125.9,-8053625.184
03/03/2019 14:00,-12643277.23,-2565302.627,-13596103.92,-7842496.601
03/03/2019 15:00,-12397981.78,-2515532.536,-13332322.44,-7690342.323
03/03/2019 16:00,-12304807.73,-2496627.655,-13232126.57,-7632547.401
03/03/2019 17:00,-12228747.18,-2481195.079,-13150333.92,-7585367.814
03/03/2019 18:00,-12266777.45,-2488911.367,-13191230.24,-7608957.607
03/03/2019 19:00,-12550102.88,-2546397.687,-13495907.74,-7784701.499
03/03/2019 20:00,-13173799.45,-2672944.817,-14166607.53,-8171574.153
03/03/2019 21:00,-13569314.37,-2753194.22,-14591929.37,-8416908.044
03/03/2019 22:00,-12983648.08,-2634363.378,-13962125.9,-8053625.184
03/03/2019 23:00,-12531087.75,-2542539.543,-13475459.58,-7772906.603
04/03/2019 00:00,-10983255.67,-2228486.657,-11810979.28,-6812802.065
04/03/2019 01:00,-10131377.45,-2055641.801,-10894901.54,-6284390.648
04/03/2019 02:00,-9962142.841,-2021304.345,-10712913.03,-6179416.139
04/03/2019 03:00,-9810021.739,-1990439.193,-10549327.73,-6085056.963
04/03/2019 04:00,-9640787.133,-1956101.737,-10367339.21,-5980082.453
04/03/2019 05:00,-9583741.721,-1944527.306,-10305994.72,-5944697.763
04/03/2019 06:00,-9697832.545,-1967676.169,-10428683.69,-6015467.144
04/03/2019 07:00,-10131377.45,-2055641.801,-10894901.54,-6284390.648
04/03/2019 08:00,-10736058.59,-2178330.728,-11545152.86,-6659468.226
04/03/2019 09:00,-11681111.16,-2370080.525,-12561426.78,-7245674.747
04/03/2019 10:00,-12493057.47,-2534823.255,-13434563.25,-7749316.809
04/03/2019 11:00,-12888572.39,-2615072.659,-13859885.09,-7994650.7
04/03/2019 12:00,-12926602.66,-2622788.946,-13900781.42,-8018240.493
04/03/2019 13:00,-12983648.08,-2634363.378,-13962125.9,-8053625.184
04/03/2019 14:00,-12643277.23,-2565302.627,-13596103.92,-7842496.601
04/03/2019 15:00,-12397981.78,-2515532.536,-13332322.44,-7690342.323
04/03/2019 16:00,-12304807.73,-2496627.655,-13232126.57,-7632547.401
04/03/2019 17:00,-12228747.18,-2481195.079,-13150333.92,-7585367.814
04/03/2019 18:00,-12266777.45,-2488911.367,-13191230.24,-7608957.607
04/03/2019 19:00,-12550102.88,-2546397.687,-13495907.74,-7784701.499
04/03/2019 20:00,-13173799.45,-2672944.817,-14166607.53,-8171574.153
04/03/2019 21:00,-13569314.37,-2753194.22,-14591929.37,-8416908.044
04/03/2019 22:00,-12983648.08,-2634363.378,-13962125.9,-8053625.184
04/03/2019 23:00,-12531087.75,-2542539.543,-13475459.58,-7772906.603
05/03/2019 00:00,-10861169.58,-2203715.567,-11679692.5,-6737073.303
05/03/2019 01:00,-10018760.54,-2032791.994,-10773797.57,-6214535.525
05/03/2019 02:00,-9851407.087,-1998836.221,-10593831.97,-6110727.874
05/03/2019 03:00,-9700976.913,-1968314.156,-10432065.03,-6017417.563
05/03/2019 04:00,-9533623.461,-1934358.383,-10252099.43,-5913609.915
05/03/2019 05:00,-9477212.145,-1922912.609,-10191436.83,-5878618.548
05/03/2019 06:00,-9590034.776,-1945804.158,-10312762.03,-5948601.282
05/03/2019 07:00,-10018760.54,-2032791.994,-10773797.57,-6214535.525
05/03/2019 08:00,-10616720.26,-2154117.153,-11416820.91,-6585443.869
05/03/2019 09:00,-11551267.94,-2343735.525,-12421798.28,-7165134.319
05/03/2019 10:00,-12354188.94,-2506647.032,-13285229.27,-7663178.068
05/03/2019 11:00,-12745307.46,-2586004.411,-13705823.38,-7905784.914
05/03/2019 12:00,-12782915.0,-2593634.927,-13746265.11,-7929112.491
05/03/2019 13:00,-12839326.31,-2605080.701,-13806927.72,-7964103.858
05/03/2019 14:00,-12502738.91,-2536787.605,-13444974.31,-7755322.107
05/03/2019 15:00,-12260170.08,-2487570.742,-13184124.93,-7604859.124
05/03/2019 16:00,-12168031.72,-2468876.001,-13085042.8,-7547706.63
05/03/2019 17:00,-12092816.63,-2453614.968,-13004159.33,-7501051.474
05/03/2019 18:00,-12130424.17,-2461245.485,-13044601.07,-7524379.053
05/03/2019 19:00,-12410600.26,-2518092.806,-13345891.87,-7698169.435
05/03/2019 20:00,-13027364.03,-2643233.282,-14009136.39,-8080741.746
05/03/2019 21:00,-13418482.54,-2722590.66,-14429730.5,-8323348.59
05/03/2019 22:00,-12839326.31,-2605080.701,-13806927.72,-7964103.858
05/03/2019 23:00,-12391796.49,-2514277.548,-13325671.01,-7686505.648
06/03/2019 00:00,-10861169.58,-2203715.567,-11679692.5,-6737073.303
06/03/2019 01:00,-10018760.54,-2032791.994,-10773797.57,-6214535.525
06/03/2019 02:00,-9851407.087,-1998836.221,-10593831.97,-6110727.874
06/03/2019 03:00,-9700976.913,-1968314.156,-10432065.03,-6017417.563
06/03/2019 04:00,-9533623.461,-1934358.383,-10252099.43,-5913609.915
06/03/2019 05:00,-9477212.145,-1922912.609,-10191436.83,-5878618.548
06/03/2019 06:00,-9590034.776,-1945804.158,-10312762.03,-5948601.282
06/03/2019 07:00,-10018760.54,-2032791.994,-10773797.57,-6214535.525
06/03/2019 08:00,-10616720.26,-2154117.153,-11416820.91,-6585443.869
06/03/2019 09:00,-11551267.94,-2343735.525,-12421798.28,-7165134.319
06/03/2019 10:00,-12354188.94,-2506647.032,-13285229.27,-7663178.068
06/03/2019 11:00,-12745307.46,-2586004.411,-13705823.38,-7905784.914
06/03/2019 12:00,-12782915.0,-2593634.927,-13746265.11,-7929112.491
06/03/2019 13:00,-12839326.31,-2605080.701,-13806927.72,-7964103.858
06/03/2019 14:00,-12502738.91,-2536787.605,-13444974.31,-7755322.107
06/03/2019 15:00,-12260170.08,-2487570.742,-13184124.93,-7604859.124
06/03/2019 16:00,-12168031.72,-2468876.001,-13085042.8,-7547706.63
06/03/2019 17:00,-12092816.63,-2453614.968,-13004159.33,-7501051.474
06/03/2019 18:00,-12130424.17,-2461245.485,-13044601.07,-7524379.053
06/03/2019 19:00,-12410600.26,-2518092.806,-13345891.87,-7698169.435
06/03/2019 20:00,-13027364.03,-2643233.282,-14009136.39,-8080741.746
06/03/2019 21:00,-13418482.54,-2722590.66,-14429730.5,-8323348.59
06/03/2019 22:00,-12839326.31,-2605080.701,-13806927.72,-7964103.858
06/03/2019 23:00,-12391796.49,-2514277.548,-13325671.01,-7686505.648
07/03/2019 00:00,-10861169.58,-2203715.567,-11679692.5,-6737073.303
07/03/2019 01:00,-10018760.54,-2032791.994,-10773797.57,-6214535.525
07/03/2019 02:00,-9851407.087,-1998836.221,-10593831.97,-6110727.874
07/03/2019 03:00,-9700976.913,-1968314.156,-10432065.03,-6017417.563
07/03/2019 04:00,-9533623.461,-1934358.383,-10252099.43,-5913609.915
07/03/2019 05:00,-9477212.145,-1922912.609,-10191436.83,-5878618.548
07/03/2019 06:00,-9590034.776,-1945804.158,-10312762.03,-5948601.282
07/03/2019 07:00,-10018760.54,-2032791.994,-10773797.57,-6214535.525
07/03/2019 08:00,-10616720.26,-2154117.153,-11416820.91,-6585443.869
07/03/2019 09:00,-11551267.94,-2343735.525,-12421798.28,-7165134.319
07/03/2019 10:00,-12354188.94,-2506647.032,-13285229.27,-7663178.068
07/03/2019 11:00,-12745307.46,-2586004.411,-13705823.38,-7905784.914
07/03/2019 12:00,-12782915.0,-2593634.927,-13746265.11,-7929112.491
07/03/2019 13:00,-12839326.31,-2605080.701,-13806927.72,-7964103.858
07/03/2019 14:00,-12502738.91,-2536787.605,-13444974.31,-7755322.107
07/03/2019 15:00,-12260170.08,-2487570.742,-13184124.93,-7604859.124
07/03/2019 16:00,-12168031.72,-2468876.001,-13085042.8,-7547706.63
07/03/2019 17:00,-12092816.63,-2453614.968,-13004159.33,-7501051.474
07/03/2019 18:00,-12130424.17,-2461245.485,-13044601.07,-7524379.053
07/03/2019 19:00,-12410600.26,-2518092.806,-13345891.87,-7698169.435
07/03/2019 20:00,-13027364.03,-2643233.282,-14009136.39,-8080741.746
07/03/2019 21:00,-13418482.54,-2722590.66,-14429730.5,-8323348.59
07/03/2019 22:00,-12839326.31,-2605080.701,-13806927.72,-7964103.858
07/03/2019 23:00,-12391796.49,-2514277.548,-13325671.01,-7686505.648
08/03/2019 00:00,-10861169.58,-2203715.567,-11679692.5,-6737073.303
08/03/2019 01:00,-10018760.54,-2032791.994,-10773797.57,-6214535.525
08/03/2019 02:00,-9851407.087,-1998836.221,-10593831.97,-6110727.874
08/03/2019 03:00,-9700976.913,-1968314.156,-10432065.03,-6017417.563
08/03/2019 04:00,-9533623.461,-1934358.383,-10252099.43,-5913609.915
08/03/2019 05:00,-9477212.145,-1922912.609,-10191436.83,-5878618.548
08/03/2019 06:00,-9590034.776,-1945804.158,-10312762.03,-5948601.282
08/03/2019 07:00,-10018760.54,-2032791.994,-10773797.57,-6214535.525
08/03/2019 08:00,-10616720.26,-2154117.153,-11416820.91,-6585443.869
08/03/2019 09:00,-11551267.94,-2343735.525,-12421798.28,-7165134.319
08/03/2019 10:00,-12354188.94,-2506647.032,-13285229.27,-7663178.068
08/03/2019 11:00,-12745307.46,-2586004.411,-13705823.38,-7905784.914
08/03/2019 12:00,-12782915.0,-2593634.927,-13746265.11,-7929112.491
08/03/2019 13:00,-12839326.31,-2605080.701,-13806927.72,-7964103.858
08/03/2019 14:00,-12502738.91,-2536787.605,-13444974.31,-7755322.107
08/03/2019 15:00,-12260170.08,-2487570.742,-13184124.93,-7604859.124
08/03/2019 16:00,-12168031.72,-2468876.001,-13085042.8,-7547706.63
08/03/2019 17:00,-12092816.63,-2453614.968,-13004159.33,-7501051.474
08/03/2019 18:00,-12130424.17,-2461245.485,-13044601.07,-7524379.053
08/03/2019 19:00,-12410600.26,-2518092.806,-13345891.87,-7698169.435
08/03/2019 20:00,-13027364.03,-2643233.282,-14009136.39,-8080741.746
08/03/2019 21:00,-13418482.54,-2722590.66,-14429730.5,-8323348.59
08/03/2019 22:00,-12839326.31,-2605080.701,-13806927.72,-7964103.858
08/03/2019 23:00,-12391796.49,-2514277.548,-13325671.01,-7686505.648
09/03/2019 00:00,-10861169.58,-2203715.567,-11679692.5,-6737073.303
09/03/2019 01:00,-10018760.54,-2032791.994,-10773797.57,-6214535.525
09/03/2019 02:00,-9851407.087,-1998836.221,-10593831.97,-6110727.874
09/03/2019 03:00,-9700976.913,-1968314.156,-10432065.03,-6017417.563
09/03/2019 04:00,-9533623.461,-1934358.383,-10252099.43,-5913609.915
09/03/2019 05:00,-9477212.145,-1922912.609,-10191436.83,-5878618.548
09/03/2019 06:00,-9590034.776,-1945804.158,-10312762.03,-5948601.282
09/03/2019 07:00,-10018760.54,-2032791.994,-10773797.57,-6214535.525
09/03/2019 08:00,-10616720.26,-2154117.153,-11416820.91,-6585443.869
09/03/2019 09:00,-11551267.94,-2343735.525,-12421798.28,-7165134.319
09/03/2019 10:00,-12354188.94,-2506647.032,-13285229.27,-7663178.068
09/03/2019 11:00,-12745307.46,-2586004.411,-13705823.38,-7905784.914
09/03/2019 12:00,-12782915.0,-2593634.927,-13746265.11,-7929112.491
09/03/2019 13:00,-12839326.31,-2605080.701,-13806927.72,-7964103.858
09/03/2019 14:00,-12502738.91,-2536787.605,-13444974.31,-7755322.107
09/03/2019 15:00,-12260170.08,-2487570.742,-13184124.93,-7604859.124
09/03/2019 16:00,-12168031.72,-2468876.001,-13085042.8,-7547706.63
09/03/2019 17:00,-12092816.63,-2453614.968,-13004159.33,-7501051.474
09/03/2019 18:00,-12130424.17,-2461245.485,-13044601.07,-7524379.053
09/03/2019 19:00,-12410600.26,-2518092.806,-13345891.87,-7698169.435
09/03/2019 20:00,-13027364.03,-2643233.282,-14009136.39,-8080741.746
09/03/2019 21:00,-13418482.54,-2722590.66,-14429730.5,-8323348.59
09/03/2019 22:00,-12839326.31,-2605080.701,-13806927.72,-7964103.858
09/03/2019 23:00,-12391796.49,-2514277.548,-13325671.01,-7686505.648
10/03/2019 00:00,-10861169.58,-2203715.567,-11679692.5,-6737073.303
10/03/2019 01:00,-10018760.54,-2032791.994,-10773797.57,-6214535.525
10/03/2019 02:00,-9851407.087,-1998836.221,-10593831.97,-6110727.874
10/03/2019 03:00,-9700976.913,-1968314.156,-10432065.03,-6017417.563
10/03/2019 04:00,-9533623.461,-1934358.383,-10252099.43,-5913609.915
10/03/2019 05:00,-9477212.145,-1922912.609,-10191436.83,-5878618.548
10/03/2019 06:00,-9590034.776,-1945804.158,-10312762.03,-5948601.282
10/03/2019 07:00,-10018760.54,-2032791.994,-10773797.57,-6214535.525
10/03/2019 08:00,-10616720.26,-2154117.153,-11416820.91,-6585443.869
10/03/2019 09:00,-11551267.94,-2343735.525,-12421798.28,-7165134.319
10/03/2019 10:00,-12354188.94,-2506647.032,-13285229.27,-7663178.068
10/03/2019 11:00,-12745307.46,-2586004.411,-13705823.38,-7905784.914
10/03/2019 12:00,-12782915.0,-2593634.927,-13746265.11,-7929112.491
10/03/2019 13:00,-12839326.31,-2605080.701,-13806927.72,-7964103.858
10/03/2019 14:00,-12502738.91,-2536787.605,-13444974.31,-7755322.107
10/03/2019 15:00,-12260170.08,-2487570.742,-13184124.93,-7604859.124
10/03/2019 16:00,-12168031.72,-2468876.001,-13085042.8,-7547706.63
10/03/2019 17:00,-12092816.63,-2453614.968,-13004159.33,-7501051.474
10/03/2019 18:00,-12130424.17,-2461245.485,-13044601.07,-7524379.053
10/03/2019 19:00,-12410600.26,-2518092.806,-13345891.87,-7698169.435
10/03/2019 20:00,-13027364.03,-2643233.282,-14009136.39,-8080741.746
10/03/2019 21:00,-13418482.54,-2722590.66,-14429730.5,-8323348.59
10/03/2019 22:00,-12839326.31,-2605080.701,-13806927.72,-7964103.858
10/03/2019 23:00,-12391796.49,-2514277.548,-13325671.01,-7686505.648
11/03/2019 00:00,-10861169.58,-2203715.567,-11679692.5,-6737073.303
11/03/2019 01:00,-10018760.54,-2032791.994,-10773797.57,-6214535.525
11/03/2019 02:00,-9851407.087,-1998836.221,-10593831.97,-6110727.874
11/03/2019 03:00,-9700976.913,-1968314.156,-10432065.03,-6017417.563
11/03/2019 04:00,-9533623.461,-1934358.383,-10252099.43,-5913609.915
11/03/2019 05:00,-9477212.145,-1922912.609,-10191436.83,-5878618.548
11/03/2019 06:00,-9590034.776,-1945804.158,-10312762.03,-5948601.282
11/03/2019 07:00,-10018760.54,-2032791.994,-10773797.57,-6214535.525
11/03/2019 08:00,-10616720.26,-2154117.153,-11416820.91,-6585443.869
11/03/2019 09:00,-11551267.94,-2343735.525,-12421798.28,-7165134.319
11/03/2019 10:00,-12354188.94,-2506647.032,-13285229.27,-7663178.068
11/03/2019 11:00,-12745307.46,-2586004.411,-13705823.38,-7905784.914
11/03/2019 12:00,-12782915.0,-2593634.927,-13746265.11,-7929112.491
11/03/2019 13:00,-12839326.31,-2605080.701,-13806927.72,-7964103.858
11/03/2019 14:00,-12502738.91,-2536787.605,-13444974.31,-7755322.107
11/03/2019 15:00,-12260170.08,-2487570.742,-13184124.93,-7604859.124
11/03/2019 16:00,-12168031.72,-2468876.001,-13085042.8,-7547706.63
11/03/2019 17:00,-12092816.63,-2453614.968,-13004159.33,-7501051.474
11/03/2019 18:00,-12130424.17,-2461245.485,-13044601.07,-7524379.053
11/03/2019 19:00,-12410600.26,-2518092.806,-13345891.87,-7698169.435
11/03/2019 20:00,-13027364.03,-2643233.282,-14009136.39,-8080741.746
11/03/2019 21:00,-13418482.54,-2722590.66,-14429730.5,-8323348.59
11/03/2019 22:00,-12839326.31,-2605080.701,-13806927.72,-7964103.858
11/03/2019 23:00,-12391796.49,-2514277.548,-13325671.01,-7686505.648
12/03/2019 00:00,-10841125.52,-2199648.655,-11658137.87,-6724640.175
12/03/2019 01:00,-10000271.13,-2029040.519,-10753914.75,-6203066.73
12/03/2019 02:00,-9833226.525,-1995147.411,-10574281.28,-6099450.656
12/03/2019 03:00,-9683073.966,-1964681.674,-10412812.87,-6006312.547
12/03/2019 04:00,-9516029.358,-1930788.565,-10233179.4,-5902696.471
12/03/2019 05:00,-9459722.149,-1919363.914,-10172628.75,-5867769.681
12/03/2019 06:00,-9572336.57,-1942213.217,-10293730.05,-5937623.263
12/03/2019 07:00,-10000271.13,-2029040.519,-10753914.75,-6203066.73
12/03/2019 08:00,-10597127.32,-2150141.776,-11395751.41,-6573290.571
12/03/2019 09:00,-11529950.32,-2339410.21,-12398874.11,-7151911.214
12/03/2019 10:00,-12331389.55,-2502021.068,-13260711.66,-7649035.836
12/03/2019 11:00,-12721786.26,-2581231.994,-13680529.57,-7891194.953
12/03/2019 12:00,-12759324.4,-2588848.429,-13720896.67,-7914479.482
12/03/2019 13:00,-12815631.61,-2600273.08,-13781447.32,-7949406.272
12/03/2019 14:00,-12479665.37,-2532106.017,-13420161.89,-7741009.823
12/03/2019 15:00,-12237544.2,-2482979.982,-13159793.9,-7590824.516
12/03/2019 16:00,-12145575.87,-2464319.742,-13060894.63,-7533777.496
12/03/2019 17:00,-12070499.59,-2449086.874,-12980160.43,-7487208.443
12/03/2019 18:00,-12108037.73,-2456703.308,-13020527.53,-7510492.97
12/03/2019 19:00,-12387696.76,-2513445.719,-13321262.31,-7683962.626
12/03/2019 20:00,-13003322.31,-2638355.25,-13983282.83,-8065828.908
12/03/2019 21:00,-13393719.01,-2717566.177,-14403100.74,-8307988.025
12/03/2019 22:00,-12815631.61,-2600273.08,-13781447.32,-7949406.272
12/03/2019 23:00,-12368927.69,-2509637.502,-13301078.76,-7672320.362
13/03/2019 00:00,-10841125.52,-2199648.655,-11658137.87,-6724640.175
13/03/2019 01:00,-10000271.13,-2029040.519,-10753914.75,-6203066.73
13/03/2019 02:00,-9833226.525,-1995147.411,-10574281.28,-6099450.656
13/03/2019 03:00,-9683073.966,-1964681.674,-10412812.87,-6006312.547
13/03/2019 04:00,-9516029.358,-1930788.565,-10233179.4,-5902696.471
13/03/2019 05:00,-9459722.149,-1919363.914,-10172628.75,-5867769.681
13/03/2019 06:00,-9572336.57,-1942213.217,-10293730.05,-5937623.263
13/03/2019 07:00,-10000271.13,-2029040.519,-10753914.75,-6203066.73
13/03/2019 08:00,-10597127.32,-2150141.776,-11395751.41,-6573290.571
13/03/2019 09:00,-11529950.32,-2339410.21,-12398874.11,-7151911.214
13/03/2019 10:00,-12331389.55,-2502021.068,-13260711.66,-7649035.836
13/03/2019 11:00,-12721786.26,-2581231.994,-13680529.57,-7891194.953
13/03/2019 12:00,-12759324.4,-2588848.429,-13720896.67,-7914479.482
13/03/2019 13:00,-12815631.61,-2600273.08,-13781447.32,-7949406.272
13/03/2019 14:00,-12479665.37,-2532106.017,-13420161.89,-7741009.823
13/03/2019 15:00,-12237544.2,-2482979.982,-13159793.9,-7590824.516
13/03/2019 16:00,-12145575.87,-2464319.742,-13060894.63,-7533777.496
13/03/2019 17:00,-12070499.59,-2449086.874,-12980160.43,-7487208.443
13/03/2019 18:00,-12108037.73,-2456703.308,-13020527.53,-7510492.97
13/03/2019 19:00,-12387696.76,-2513445.719,-13321262.31,-7683962.626
13/03/2019 20:00,-13003322.31,-2638355.25,-13983282.83,-8065828.908
13/03/2019 21:00,-13393719.01,-2717566.177,-14403100.74,-8307988.025
13/03/2019 22:00,-12815631.61,-2600273.08,-13781447.32,-7949406.272
13/03/2019 23:00,-12368927.69,-2509637.502,-13301078.76,-7672320.362
14/03/2019 00:00,-10841125.52,-2199648.655,-11658137.87,-6724640.175
14/03/2019 01:00,-10000271.13,-2029040.519,-10753914.75,-6203066.73
14/03/2019 02:00,-9833226.525,-1995147.411,-10574281.28,-6099450.656
14/03/2019 03:00,-9683073.966,-1964681.674,-10412812.87,-6006312.547
14/03/2019 04:00,-9516029.358,-1930788.565,-10233179.4,-5902696.471
14/03/2019 05:00,-9459722.149,-1919363.914,-10172628.75,-5867769.681
14/03/2019 06:00,-9572336.57,-1942213.217,-10293730.05,-5937623.263
14/03/2019 07:00,-10000271.13,-2029040.519,-10753914.75,-6203066.73
14/03/2019 08:00,-10597127.32,-2150141.776,-11395751.41,-6573290.571
14/03/2019 09:00,-11529950.32,-2339410.21,-12398874.11,-7151911.214
14/03/2019 10:00,-12331389.55,-2502021.068,-13260711.66,-7649035.836
14/03/2019 11:00,-12721786.26,-2581231.994,-13680529.57,-7891194.953
14/03/2019 12:00,-12759324.4,-2588848.429,-13720896.67,-7914479.482
14/03/2019 13:00,-12815631.61,-2600273.08,-13781447.32,-7949406.272
14/03/2019 14:00,-12479665.37,-2532106.017,-13420161.89,-7741009.823
14/03/2019 15:00,-12237544.2,-2482979.982,-13159793.9,-7590824.516
14/03/2019 16:00,-12145575.87,-2464319.742,-13060894.63,-7533777.496
14/03/2019 17:00,-12070499.59,-2449086.874,-12980160.43,-7487208.443
14/03/2019 18:00,-12108037.73,-2456703.308,-13020527.53,-7510492.97
14/03/2019 19:00,-12387696.76,-2513445.719,-13321262.31,-7683962.626
14/03/2019 20:00,-13003322.31,-2638355.25,-13983282.83,-8065828.908
14/03/2019 21:00,-13393719.01,-2717566.177,-14403100.74,-8307988.025
14/03/2019 22:00,-12815631.61,-2600273.08,-13781447.32,-7949406.272
14/03/2019 23:00,-12368927.69,-2509637.502,-13301078.76,-7672320.362
15/03/2019 00:00,-10841125.52,-2199648.655,-11658137.87,-6724640.175
15/03/2019 01:00,-10000271.13,-2029040.519,-10753914.75,-6203066.73
15/03/2019 02:00,-9833226.525,-1995147.411,-10574281.28,-6099450.656
15/03/2019 03:00,-9683073.966,-1964681.674,-10412812.87,-6006312.547
15/03/2019 04:00,-9516029.358,-1930788.565,-10233179.4,-5902696.471
15/03/2019 05:00,-9459722.149,-1919363.914,-10172628.75,-5867769.681
15/03/2019 06:00,-9572336.57,-1942213.217,-10293730.05,-5937623.263
15/03/2019 07:00,-10000271.13,-2029040.519,-10753914.75,-6203066.73
15/03/2019 08:00,-10597127.32,-2150141.776,-11395751.41,-6573290.571
15/03/2019 09:00,-11529950.32,-2339410.21,-12398874.11,-7151911.214
15/03/2019 10:00,-12331389.55,-2502021.068,-13260711.66,-7649035.836
15/03/2019 11:00,-12721786.26,-2581231.994,-13680529.57,-7891194.953
15/03/2019 12:00,-12759324.4,-2588848.429,-13720896.67,-7914479.482
15/03/2019 13:00,-12815631.61,-2600273.08,-13781447.32,-7949406.272
15/03/2019 14:00,-12479665.37,-2532106.017,-13420161.89,-7741009.823
15/03/2019 15:00,-12237544.2,-2482979.982,-13159793.9,-7590824.516
15/03/2019 16:00,-12145575.87,-2464319.742,-13060894.63,-7533777.496
15/03/2019 17:00,-12070499.59,-2449086.874,-12980160.43,-7487208.443
15/03/2019 18:00,-12108037.73,-2456703.308,-13020527.53,-7510492.97
15/03/2019 19:00,-12387696.76,-2513445.719,-13321262.31,-7683962.626
15/03/2019 20:00,-13003322.31,-2638355.25,-13983282.83,-8065828.908
15/03/2019 21:00,-13393719.01,-2717566.177,-14403100.74,-8307988.025
15/03/2019 22:00,-12815631.61,-2600273.08,-13781447.32,-7949406.272
15/03/2019 23:00,-12368927.69,-2509637.502,-13301078.76,-7672320.362
16/03/2019 00:00,-10841125.52,-2199648.655,-11658137.87,-6724640.175
16/03/2019 01:00,-10000271.13,-2029040.519,-10753914.75,-6203066.73
16/03/2019 02:00,-9833226.525,-1995147.411,-10574281.28,-6099450.656
16/03/2019 03:00,-9683073.966,-1964681.674,-10412812.87,-6006312.547
16/03/2019 04:00,-9516029.358,-1930788.565,-10233179.4,-5902696.471
16/03/2019 05:00,-9459722.149,-1919363.914,-10172628.75,-5867769.681
16/03/2019 06:00,-9572336.57,-1942213.217,-10293730.05,-5937623.263
16/03/2019 07:00,-10000271.13,-2029040.519,-10753914.75,-6203066.73
16/03/2019 08:00,-10597127.32,-2150141.776,-11395751.41,-6573290.571
16/03/2019 09:00,-11529950.32,-2339410.21,-12398874.11,-7151911.214
16/03/2019 10:00,-12331389.55,-2502021.068,-13260711.66,-7649035.836
16/03/2019 11:00,-12721786.26,-2581231.994,-13680529.57,-7891194.953
16/03/2019 12:00,-12759324.4,-2588848.429,-13720896.67,-7914479.482
16/03/2019 13:00,-12815631.61,-2600273.08,-13781447.32,-7949406.272
16/03/2019 14:00,-12479665.37,-2532106.017,-13420161.89,-7741009.823
16/03/2019 15:00,-12237544.2,-2482979.982,-13159793.9,-7590824.516
16/03/2019 16:00,-12145575.87,-2464319.742,-13060894.63,-7533777.496
16/03/2019 17:00,-12070499.59,-2449086.874,-12980160.43,-7487208.443
16/03/2019 18:00,-12108037.73,-2456703.308,-13020527.53,-7510492.97
16/03/2019 19:00,-12387696.76,-2513445.719,-13321262.31,-7683962.626
16/03/2019 20:00,-13003322.31,-2638355.25,-13983282.83,-8065828.908
16/03/2019 21:00,-13393719.01,-2717566.177,-14403100.74,-8307988.025
16/03/2019 22:00,-12815631.61,-2600273.08,-13781447.32,-7949406.272
16/03/2019 23:00,-12368927.69,-2509637.502,-13301078.76,-7672320.362
17/03/2019 00:00,-10841125.52,-2199648.655,-11658137.87,-6724640.175
17/03/2019 01:00,-10000271.13,-2029040.519,-10753914.75,-6203066.73
17/03/2019 02:00,-9833226.525,-1995147.411,-10574281.28,-6099450.656
17/03/2019 03:00,-9683073.966,-1964681.674,-10412812.87,-6006312.547
17/03/2019 04:00,-9516029.358,-1930788.565,-10233179.4,-5902696.471
17/03/2019 05:00,-9459722.149,-1919363.914,-10172628.75,-5867769.681
17/03/2019 06:00,-9572336.57,-1942213.217,-10293730.05,-5937623.263
17/03/2019 07:00,-10000271.13,-2029040.519,-10753914.75,-6203066.73
17/03/2019 08:00,-10597127.32,-2150141.776,-11395751.41,-6573290.571
17/03/2019 09:00,-11529950.32,-2339410.21,-12398874.11,-7151911.214
17/03/2019 10:00,-12331389.55,-2502021.068,-13260711.66,-7649035.836
17/03/2019 11:00,-12721786.26,-2581231.994,-13680529.57,-7891194.953
17/03/2019 12:00,-12759324.4,-2588848.429,-13720896.67,-7914479.482
17/03/2019 13:00,-12815631.61,-2600273.08,-13781447.32,-7949406.272
17/03/2019 14:00,-12479665.37,-2532106.017,-13420161.89,-7741009.823
17/03/2019 15:00,-12237544.2,-2482979.982,-13159793.9,-7590824.516
17/03/2019 16:00,-12145575.87,-2464319.742,-13060894.63,-7533777.496
17/03/2019 17:00,-12070499.59,-2449086.874,-12980160.43,-7487208.443
17/03/2019 18:00,-12108037.73,-2456703.308,-13020527.53,-7510492.97
17/03/2019 19:00,-12387696.76,-2513445.719,-13321262.31,-7683962.626
17/03/2019 20:00,-13003322.31,-2638355.25,-13983282.83,-8065828.908
17/03/2019 21:00,-13393719.01,-2717566.177,-14403100.74,-8307988.025
17/03/2019 22:00,-12815631.61,-2600273.08,-13781447.32,-7949406.272
17/03/2019 23:00,-12368927.69,-2509637.502,-13301078.76,-7672320.362
18/03/2019 00:00,-10841125.52,-2199648.655,-11658137.87,-6724640.175
18/03/2019 01:00,-10000271.13,-2029040.519,-10753914.75,-6203066.73
18/03/2019 02:00,-9833226.525,-1995147.411,-10574281.28,-6099450.656
18/03/2019 03:00,-9683073.966,-1964681.674,-10412812.87,-6006312.547
18/03/2019 04:00,-9516029.358,-1930788.565,-10233179.4,-5902696.471
18/03/2019 05:00,-9459722.149,-1919363.914,-10172628.75,-5867769.681
18/03/2019 06:00,-9572336.57,-1942213.217,-10293730.05,-5937623.263
18/03/2019 07:00,-10000271.13,-2029040.519,-10753914.75,-6203066.73
18/03/2019 08:00,-10597127.32,-2150141.776,-11395751.41,-6573290.571
18/03/2019 09:00,-11529950.32,-2339410.21,-12398874.11,-7151911.214
18/03/2019 10:00,-12331389.55,-2502021.068,-13260711.66,-7649035.836
18/03/2019 11:00,-12721786.26,-2581231.994,-13680529.57,-7891194.953
18/03/2019 12:00,-12759324.4,-2588848.429,-13720896.67,-7914479.482
18/03/2019 13:00,-12815631.61,-2600273.08,-13781447.32,-7949406.272
18/03/2019 14:00,-12479665.37,-2532106.017,-13420161.89,-7741009.823
18/03/2019 15:00,-12237544.2,-2482979.982,-13159793.9,-7590824.516
18/03/2019 16:00,-12145575.87,-2464319.742,-13060894.63,-7533777.496
18/03/2019 17:00,-12070499.59,-2449086.874,-12980160.43,-7487208.443
18/03/2019 18:00,-12108037.73,-2456703.308,-13020527.53,-7510492.97
18/03/2019 19:00,-12387696.76,-2513445.719,-13321262.31,-7683962.626
18/03/2019 20:00,-13003322.31,-2638355.25,-13983282.83,-8065828.908
18/03/2019 21:00,-13393719.01,-2717566.177,-14403100.74,-8307988.025
18/03/2019 22:00,-12815631.61,-2600273.08,-13781447.32,-7949406.272
18/03/2019 23:00,-12368927.69,-2509637.502,-13301078.76,-7672320.362
19/03/2019 00:00,-10638864.3,-2158610.147,-11440633.78,-6599179.593
19/03/2019 01:00,-9813697.604,-1991185.021,-10553280.61,-6087337.064
19/03/2019 02:00,-9649769.525,-1957924.252,-10376998.53,-5985654.14
19/03/2019 03:00,-9502418.338,-1928026.909,-10218542.62,-5894253.694
19/03/2019 04:00,-9338490.257,-1894766.139,-10042260.54,-5792570.768
19/03/2019 05:00,-9283233.563,-1883554.636,-9982839.57,-5758295.601
19/03/2019 06:00,-9393746.95,-1905977.642,-10101681.5,-5826845.934
19/03/2019 07:00,-9813697.604,-1991185.021,-10553280.61,-6087337.064
19/03/2019 08:00,-10399418.34,-2110026.91,-11183142.62,-6450653.696
19/03/2019 09:00,-11314837.81,-2295764.192,-12167550.22,-7018479.102
19/03/2019 10:00,-12101324.7,-2455341.244,-13013308.59,-7506328.945
19/03/2019 11:00,-12484437.84,-2533074.345,-13425294.03,-7743970.139
19/03/2019 12:00,-12521275.64,-2540548.68,-13464908.0,-7766820.25
19/03/2019 13:00,-12576532.33,-2551760.183,-13524328.97,-7801095.417
19/03/2019 14:00,-12246834.17,-2484864.904,-13169783.99,-7596586.991
19/03/2019 15:00,-12009230.21,-2436655.405,-12914273.65,-7449203.667
19/03/2019 16:00,-11918977.72,-2418343.306,-12817219.52,-7393220.963
19/03/2019 17:00,-11845302.13,-2403394.635,-12737991.56,-7347520.741
19/03/2019 18:00,-11882139.93,-2410868.97,-12777605.54,-7370370.852
19/03/2019 19:00,-12156581.4,-2466552.747,-13072729.56,-7540604.113
19/03/2019 20:00,-12760721.31,-2589131.861,-13722398.86,-7915345.974
19/03/2019 21:00,-13143834.45,-2666864.961,-14134384.29,-8152987.166
19/03/2019 22:00,-12576532.33,-2551760.183,-13524328.97,-7801095.417
19/03/2019 23:00,-12138162.5,-2462815.58,-13052922.57,-7529179.058
20/03/2019 00:00,-10638864.3,-2158610.147,-11440633.78,-6599179.593
20/03/2019 01:00,-9813697.604,-1991185.021,-10553280.61,-6087337.064
20/03/2019 02:00,-9649769.525,-1957924.252,-10376998.53,-5985654.14
20/03/2019 03:00,-9502418.338,-1928026.909,-10218542.62,-5894253.694
20/03/2019 04:00,-9338490.257,-1894766.139,-10042260.54,-5792570.768
20/03/2019 05:00,-9283233.563,-1883554.636,-9982839.57,-5758295.601
20/03/2019 06:00,-9393746.95,-1905977.642,-10101681.5,-5826845.934
20/03/2019 07:00,-9813697.604,-1991185.021,-10553280.61,-6087337.064
20/03/2019 08:00,-10399418.34,-2110026.91,-11183142.62,-6450653.696
20/03/2019 09:00,-11314837.81,-2295764.192,-12167550.22,-7018479.102
20/03/2019 10:00,-12101324.7,-2455341.244,-13013308.59,-7506328.945
20/03/2019 11:00,-12484437.84,-2533074.345,-13425294.03,-7743970.139
20/03/2019 12:00,-12521275.64,-2540548.68,-13464908.0,-7766820.25
20/03/2019 13:00,-12576532.33,-2551760.183,-13524328.97,-7801095.417
20/03/2019 14:00,-12246834.17,-2484864.904,-13169783.99,-7596586.991
20/03/2019 15:00,-12009230.21,-2436655.405,-12914273.65,-7449203.667
20/03/2019 16:00,-11918977.72,-2418343.306,-12817219.52,-7393220.963
20/03/2019 17:00,-11845302.13,-2403394.635,-12737991.56,-7347520.741
20/03/2019 18:00,-11882139.93,-2410868.97,-12777605.54,-7370370.852
20/03/2019 19:00,-12156581.4,-2466552.747,-13072729.56,-7540604.113
20/03/2019 20:00,-12760721.31,-2589131.861,-13722398.86,-7915345.974
20/03/2019 21:00,-13143834.45,-2666864.961,-14134384.29,-8152987.166
20/03/2019 22:00,-12576532.33,-2551760.183,-13524328.97,-7801095.417
20/03/2019 23:00,-12138162.5,-2462815.58,-13052922.57,-7529179.058
21/03/2019 00:00,-10638864.3,-2158610.147,-11440633.78,-6599179.593
21/03/2019 01:00,-9813697.604,-1991185.021,-10553280.61,-6087337.064
21/03/2019 02:00,-9649769.525,-1957924.252,-10376998.53,-5985654.14
21/03/2019 03:00,-9502418.338,-1928026.909,-10218542.62,-5894253.694
21/03/2019 04:00,-9338490.257,-1894766.139,-10042260.54,-5792570.768
21/03/2019 05:00,-9283233.563,-1883554.636,-9982839.57,-5758295.601
21/03/2019 06:00,-9393746.95,-1905977.642,-10101681.5,-5826845.934
21/03/2019 07:00,-9813697.604,-1991185.021,-10553280.61,-6087337.064
21/03/2019 08:00,-10399418.34,-2110026.91,-11183142.62,-6450653.696
21/03/2019 09:00,-11314837.81,-2295764.192,-12167550.22,-7018479.102
21/03/2019 10:00,-12101324.7,-2455341.244,-13013308.59,-7506328.945
21/03/2019 11:00,-12484437.84,-2533074.345,-13425294.03,-7743970.139
21/03/2019 12:00,-12521275.64,-2540548.68,-13464908.0,-7766820.25
21/03/2019 13:00,-12576532.33,-2551760.183,-13524328.97,-7801095.417
21/03/2019 14:00,-12246834.17,-2484864.904,-13169783.99,-7596586.991
21/03/2019 15:00,-12009230.21,-2436655.405,-12914273.65,-7449203.667
21/03/2019 16:00,-11918977.72,-2418343.306,-12817219.52,-7393220.963
21/03/2019 17:00,-11845302.13,-2403394.635,-12737991.56,-7347520.741
21/03/2019 18:00,-11882139.93,-2410868.97,-12777605.54,-7370370.852
21/03/2019 19:00,-12156581.4,-2466552.747,-13072729.56,-7540604.113
21/03/2019 20:00,-12760721.31,-2589131.861,-13722398.86,-7915345.974
21/03/2019 21:00,-13143834.45,-2666864.961,-14134384.29,-8152987.166
21/03/2019 22:00,-12576532.33,-2551760.183,-13524328.97,-7801095.417
21/03/2019 23:00,-12138162.5,-2462815.58,-13052922.57,-7529179.058
22/03/2019 00:00,-10638864.3,-2158610.147,-11440633.78,-6599179.593
22/03/2019 01:00,-9813697.604,-1991185.021,-10553280.61,-6087337.064
22/03/2019 02:00,-9649769.525,-1957924.252,-10376998.53,-5985654.14
22/03/2019 03:00,-9502418.338,-1928026.909,-10218542.62,-5894253.694
22/03/2019 04:00,-9338490.257,-1894766.139,-10042260.54,-5792570.768
22/03/2019 05:00,-9283233.563,-1883554.636,-9982839.57,-5758295.601
22/03/2019 06:00,-9393746.95,-1905977.642,-10101681.5,-5826845.934
22/03/2019 07:00,-9813697.604,-1991185.021,-10553280.61,-6087337.064
22/03/2019 08:00,-10399418.34,-2110026.91,-11183142.62,-6450653.696
22/03/2019 09:00,-11314837.81,-2295764.192,-12167550.22,-7018479.102
22/03/2019 10:00,-12101324.7,-2455341.244,-13013308.59,-7506328.945
22/03/2019 11:00,-12484437.84,-2533074.345,-13425294.03,-7743970.139
22/03/2019 12:00,-12521275.64,-2540548.68,-13464908.0,-7766820.25
22/03/2019 13:00,-12576532.33,-2551760.183,-13524328.97,-7801095.417
22/03/2019 14:00,-12246834.17,-2484864.904,-13169783.99,-7596586.991
22/03/2019 15:00,-12009230.21,-2436655.405,-12914273.65,-7449203.667
22/03/2019 16:00,-11918977.72,-2418343.306,-12817219.52,-7393220.963
22/03/2019 17:00,-11845302.13,-2403394.635,-12737991.56,-7347520.741
22/03/2019 18:00,-11882139.93,-2410868.97,-12777605.54,-7370370.852
22/03/2019 19:00,-12156581.4,-2466552.747,-13072729.56,-7540604.113
22/03/2019 20:00,-12760721.31,-2589131.861,-13722398.86,-7915345.974
22/03/2019 21:00,-13143834.45,-2666864.961,-14134384.29,-8152987.166
22/03/2019 22:00,-12576532.33,-2551760.183,-13524328.97,-7801095.417
22/03/2019 23:00,-12138162.5,-2462815.58,-13052922.57,-7529179.058
23/03/2019 00:00,-10638864.3,-2158610.147,-11440633.78,-6599179.593
23/03/2019 01:00,-9813697.604,-1991185.021,-10553280.61,-6087337.064
23/03/2019 02:00,-9649769.525,-1957924.252,-10376998.53,-5985654.14
23/03/2019 03:00,-9502418.338,-1928026.909,-10218542.62,-5894253.694
23/03/2019 04:00,-9338490.257,-1894766.139,-10042260.54,-5792570.768
23/03/2019 05:00,-9283233.563,-1883554.636,-9982839.57,-5758295.601
23/03/2019 06:00,-9393746.95,-1905977.642,-10101681.5,-5826845.934
23/03/2019 07:00,-9813697.604,-1991185.021,-10553280.61,-6087337.064
23/03/2019 08:00,-10399418.34,-2110026.91,-11183142.62,-6450653.696
23/03/2019 09:00,-11314837.81,-2295764.192,-12167550.22,-7018479.102
23/03/2019 10:00,-12101324.7,-2455341.244,-13013308.59,-7506328.945
23/03/2019 11:00,-12484437.84,-2533074.345,-13425294.03,-7743970.139
23/03/2019 12:00,-12521275.64,-2540548.68,-13464908.0,-7766820.25
23/03/2019 13:00,-12576532.33,-2551760.183,-13524328.97,-7801095.417
23/03/2019 14:00,-12246834.17,-2484864.904,-13169783.99,-7596586.991
23/03/2019 15:00,-12009230.21,-2436655.405,-12914273.65,-7449203.667
23/03/2019 16:00,-11918977.72,-2418343.306,-12817219.52,-7393220.963
23/03/2019 17:00,-11845302.13,-2403394.635,-12737991.56,-7347520.741
23/03/2019 18:00,-11882139.93,-2410868.97,-12777605.54,-7370370.852
23/03/2019 19:00,-12156581.4,-2466552.747,-13072729.56,-7540604.113
23/03/2019 20:00,-12760721.31,-2589131.861,-13722398.86,-7915345.974
23/03/2019 21:00,-13143834.45,-2666864.961,-14134384.29,-8152987.166
23/03/2019 22:00,-12576532.33,-2551760.183,-13524328.97,-7801095.417
23/03/2019 23:00,-12138162.5,-2462815.58,-13052922.57,-7529179.058
24/03/2019 00:00,-10638864.3,-2158610.147,-11440633.78,-6599179.593
24/03/2019 01:00,-9813697.604,-1991185.021,-10553280.61,-6087337.064
24/03/2019 02:00,-9649769.525,-1957924.252,-10376998.53,-5985654.14
24/03/2019 03:00,-9502418.338,-1928026.909,-10218542.62,-5894253.694
24/03/2019 04:00,-9338490.257,-1894766.139,-10042260.54,-5792570.768
24/03/2019 05:00,-9283233.563,-1883554.636,-9982839.57,-5758295.601
24/03/2019 06:00,-9393746.95,-1905977.642,-10101681.5,-5826845.934
24/03/2019 07:00,-9813697.604,-1991185.021,-10553280.61,-6087337.064
24/03/2019 08:00,-10399418.34,-2110026.91,-11183142.62,-6450653.696
24/03/2019 09:00,-11314837.81,-2295764.192,-12167550.22,-7018479.102
24/03/2019 10:00,-12101324.7,-2455341.244,-13013308.59,-7506328.945
24/03/2019 11:00,-12484437.84,-2533074.345,-13425294.03,-7743970.139
24/03/2019 12:00,-12521275.64,-2540548.68,-13464908.0,-7766820.25
24/03/2019 13:00,-12576532.33,-2551760.183,-13524328.97,-7801095.417
24/03/2019 14:00,-12246834.17,-2484864.904,-13169783.99,-7596586.991
24/03/2019 15:00,-12009230.21,-2436655.405,-12914273.65,-7449203.667
24/03/2019 16:00,-11918977.72,-2418343.306,-12817219.52,-7393220.963
24/03/2019 17:00,-11845302.13,-2403394.635,-12737991.56,-7347520.741
24/03/2019 18:00,-11882139.93,-2410868.97,-12777605.54,-7370370.852
24/03/2019 19:00,-12156581.4,-2466552.747,-13072729.56,-7540604.113
24/03/2019 20:00,-12760721.31,-2589131.861,-13722398.86,-7915345.974
24/03/2019 21:00,-13143834.45,-2666864.961,-14134384.29,-8152987.166
24/03/2019 22:00,-12576532.33,-2551760.183,-13524328.97,-7801095.417
24/03/2019 23:00,-12138162.5,-2462815.58,-13052922.57,-7529179.058
25/03/2019 00:00,-10638864.3,-2158610.147,-11440633.78,-6599179.593
25/03/2019 01:00,-9813697.604,-1991185.021,-10553280.61,-6087337.064
25/03/2019 02:00,-9649769.525,-1957924.252,-10376998.53,-5985654.14
25/03/2019 03:00,-9502418.338,-1928026.909,-10218542.62,-5894253.694
25/03/2019 04:00,-9338490.257,-1894766.139,-10042260.54,-5792570.768
25/03/2019 05:00,-9283233.563,-1883554.636,-9982839.57,-5758295.601
25/03/2019 06:00,-9393746.95,-1905977.642,-10101681.5,-5826845.934
25/03/2019 07:00,-9813697.604,-1991185.021,-10553280.61,-6087337.064
25/03/2019 08:00,-10399418.34,-2110026.91,-11183142.62,-6450653.696
25/03/2019 09:00,-11314837.81,-2295764.192,-12167550.22,-7018479.102
25/03/2019 10:00,-12101324.7,-2455341.244,-13013308.59,-7506328.945
25/03/2019 11:00,-12484437.84,-2533074.345,-13425294.03,-7743970.139
25/03/2019 12:00,-12521275.64,-2540548.68,-13464908.0,-7766820.25
25/03/2019 13:00,-12576532.33,-2551760.183,-13524328.97,-7801095.417
25/03/2019 14:00,-12246834.17,-2484864.904,-13169783.99,-7596586.991
25/03/2019 15:00,-12009230.21,-2436655.405,-12914273.65,-7449203.667
25/03/2019 16:00,-11918977.72,-2418343.306,-12817219.52,-7393220.963
25/03/2019 17:00,-11845302.13,-2403394.635,-12737991.56,-7347520.741
25/03/2019 18:00,-11882139.93,-2410868.97,-12777605.54,-7370370.852
25/03/2019 19:00,-12156581.4,-2466552.747,-13072729.56,-7540604.113
25/03/2019 20:00,-12760721.31,-2589131.861,-13722398.86,-7915345.974
25/03/2019 21:00,-13143834.45,-2666864.961,-14134384.29,-8152987.166
25/03/2019 22:00,-12576532.33,-2551760.183,-13524328.97,-7801095.417
25/03/2019 23:00,-12138162.5,-2462815.58,-13052922.57,-7529179.058
26/03/2019 00:00,-8863411.846,-1798373.418,-9531379.116,-5497884.45
26/03/2019 01:00,-8420906.784,-1708589.782,-9055525.846,-5223403.048
26/03/2019 02:00,-8224420.831,-1668723.067,-8844232.256,-5101524.805
26/03/2019 03:00,-8125352.491,-1648622.245,-8737697.896,-5040073.719
26/03/2019 04:00,-8075818.319,-1638571.833,-8684430.714,-5009348.175
26/03/2019 05:00,-8027935.386,-1628856.455,-8632939.212,-4979646.877
26/03/2019 06:00,-8141863.88,-1651972.382,-8755453.622,-5050315.566
26/03/2019 07:00,-8420906.784,-1708589.782,-9055525.846,-5223403.048
26/03/2019 08:00,-9109431.467,-1848290.443,-9795939.346,-5650487.925
26/03/2019 09:00,-9847490.826,-1998041.617,-10589620.57,-6108298.657
26/03/2019 10:00,-10012604.73,-2031542.989,-10767177.84,-6210717.138
26/03/2019 11:00,-10093510.44,-2047958.641,-10854180.8,-6260902.13
26/03/2019 12:00,-10076999.05,-2044608.504,-10836425.07,-6250660.283
26/03/2019 13:00,-10209090.18,-2071409.601,-10978470.89,-6332595.066
26/03/2019 14:00,-10240461.72,-2077774.841,-11012206.66,-6352054.514
26/03/2019 15:00,-10190927.55,-2067724.43,-10958939.48,-6321328.972
26/03/2019 16:00,-10143044.62,-2058009.052,-10907447.98,-6291627.674
26/03/2019 17:00,-10209090.18,-2071409.601,-10978470.89,-6332595.066
26/03/2019 18:00,-10258624.35,-2081460.013,-11031738.07,-6363320.611
26/03/2019 19:00,-10258624.35,-2081460.013,-11031738.07,-6363320.611
26/03/2019 20:00,-10190927.55,-2067724.43,-10958939.48,-6321328.972
26/03/2019 21:00,-10306507.28,-2091175.391,-11083229.57,-6393021.908
26/03/2019 22:00,-10356041.45,-2101225.802,-11136496.75,-6423747.452
26/03/2019 23:00,-9733562.08,-1974925.639,-10467105.89,-6037629.812
27/03/2019 00:00,-8863411.846,-1798373.418,-9531379.116,-5497884.45
27/03/2019 01:00,-8420906.784,-1708589.782,-9055525.846,-5223403.048
27/03/2019 02:00,-8224420.831,-1668723.067,-8844232.256,-5101524.805
27/03/2019 03:00,-8125352.491,-1648622.245,-8737697.896,-5040073.719
27/03/2019 04:00,-8075818.319,-1638571.833,-8684430.714,-5009348.175
27/03/2019 05:00,-8027935.386,-1628856.455,-8632939.212,-4979646.877
27/03/2019 06:00,-8141863.88,-1651972.382,-8755453.622,-5050315.566
27/03/2019 07:00,-8420906.784,-1708589.782,-9055525.846,-5223403.048
27/03/2019 08:00,-9109431.467,-1848290.443,-9795939.346,-5650487.925
27/03/2019 09:00,-9847490.826,-1998041.617,-10589620.57,-6108298.657
27/03/2019 10:00,-10012604.73,-2031542.989,-10767177.84,-6210717.138
27/03/2019 11:00,-10093510.44,-2047958.641,-10854180.8,-6260902.13
27/03/2019 12:00,-10076999.05,-2044608.504,-10836425.07,-6250660.283
27/03/2019 13:00,-10209090.18,-2071409.601,-10978470.89,-6332595.066
27/03/2019 14:00,-10240461.72,-2077774.841,-11012206.66,-6352054.514
27/03/2019 15:00,-10190927.55,-2067724.43,-10958939.48,-6321328.972
27/03/2019 16:00,-10143044.62,-2058009.052,-10907447.98,-6291627.674
27/03/2019 17:00,-10209090.18,-2071409.601,-10978470.89,-6332595.066
27/03/2019 18:00,-10258624.35,-2081460.013,-11031738.07,-6363320.611
27/03/2019 19:00,-10258624.35,-2081460.013,-11031738.07,-6363320.611
27/03/2019 20:00,-10190927.55,-2067724.43,-10958939.48,-6321328.972
27/03/2019 21:00,-10306507.28,-2091175.391,-11083229.57,-6393021.908
27/03/2019 22:00,-10356041.45,-2101225.802,-11136496.75,-6423747.452
27/03/2019 23:00,-9733562.08,-1974925.639,-10467105.89,-6037629.812
28/03/2019 00:00,-8863411.846,-1798373.418,-9531379.116,-5497884.45
28/03/2019 01:00,-8420906.784,-1708589.782,-9055525.846,-5223403.048
28/03/2019 02:00,-8224420.831,-1668723.067,-8844232.256,-5101524.805
28/03/2019 03:00,-8125352.491,-1648622.245,-8737697.896,-5040073.719
28/03/2019 04:00,-8075818.319,-1638571.833,-8684430.714,-5009348.175
28/03/2019 05:00,-8027935.386,-1628856.455,-8632939.212,-4979646.877
28/03/2019 06:00,-8141863.88,-1651972.382,-8755453.622,-5050315.566
28/03/2019 07:00,-8420906.784,-1708589.782,-9055525.846,-5223403.048
28/03/2019 08:00,-9109431.467,-1848290.443,-9795939.346,-5650487.925
28/03/2019 09:00,-9847490.826,-1998041.617,-10589620.57,-6108298.657
28/03/2019 10:00,-10012604.73,-2031542.989,-10767177.84,-6210717.138
28/03/2019 11:00,-10093510.44,-2047958.641,-10854180.8,-6260902.13
28/03/2019 12:00,-10076999.05,-2044608.504,-10836425.07,-6250660.283
28/03/2019 13:00,-10209090.18,-2071409.601,-10978470.89,-6332595.066
28/03/2019 14:00,-10240461.72,-2077774.841,-11012206.66,-6352054.514
28/03/2019 15:00,-10190927.55,-2067724.43,-10958939.48,-6321328.972
28/03/2019 16:00,-10143044.62,-2058009.052,-10907447.98,-6291627.674
28/03/2019 17:00,-10209090.18,-2071409.601,-10978470.89,-6332595.066
28/03/2019 18:00,-10258624.35,-2081460.013,-11031738.07,-6363320.611
28/03/2019 19:00,-10258624.35,-2081460.013,-11031738.07,-6363320.611
28/03/2019 20:00,-10190927.55,-2067724.43,-10958939.48,-6321328.972
28/03/2019 21:00,-10306507.28,-2091175.391,-11083229.57,-6393021.908
28/03/2019 22:00,-10356041.45,-2101225.802,-11136496.75,-6423747.452
28/03/2019 23:00,-9733562.08,-1974925.639,-10467105.89,-6037629.812
29/03/2019 00:00,-8863411.846,-1798373.418,-9531379.116,-5497884.45
29/03/2019 01:00,-8420906.784,-1708589.782,-9055525.846,-5223403.048
29/03/2019 02:00,-8224420.831,-1668723.067,-8844232.256,-5101524.805
29/03/2019 03:00,-8125352.491,-1648622.245,-8737697.896,-5040073.719
29/03/2019 04:00,-8075818.319,-1638571.833,-8684430.714,-5009348.175
29/03/2019 05:00,-8027935.386,-1628856.455,-8632939.212,-4979646.877
29/03/2019 06:00,-8141863.88,-1651972.382,-8755453.622,-5050315.566
29/03/2019 07:00,-8420906.784,-1708589.782,-9055525.846,-5223403.048
29/03/2019 08:00,-9109431.467,-1848290.443,-9795939.346,-5650487.925
29/03/2019 09:00,-9847490.826,-1998041.617,-10589620.57,-6108298.657
29/03/2019 10:00,-10012604.73,-2031542.989,-10767177.84,-6210717.138
29/03/2019 11:00,-10093510.44,-2047958.641,-10854180.8,-6260902.13
29/03/2019 12:00,-10076999.05,-2044608.504,-10836425.07,-6250660.283
29/03/2019 13:00,-10209090.18,-2071409.601,-10978470.89,-6332595.066
29/03/2019 14:00,-10240461.72,-2077774.841,-11012206.66,-6352054.514
29/03/2019 15:00,-10190927.55,-2067724.43,-10958939.48,-6321328.972
29/03/2019 16:00,-10143044.62,-2058009.052,-10907447.98,-6291627.674
29/03/2019 17:00,-10209090.18,-2071409.601,-10978470.89,-6332595.066
29/03/2019 18:00,-10258624.35,-2081460.013,-11031738.07,-6363320.611
29/03/2019 19:00,-10258624.35,-2081460.013,-11031738.07,-6363320.611
29/03/2019 20:00,-10190927.55,-2067724.43,-10958939.48,-6321328.972
29/03/2019 21:00,-10306507.28,-2091175.391,-11083229.57,-6393021.908
29/03/2019 22:00,-10356041.45,-2101225.802,-11136496.75,-6423747.452
29/03/2019 23:00,-9733562.08,-1974925.639,-10467105.89,-6037629.812
30/03/2019 00:00,-8863411.846,-1798373.418,-9531379.116,-5497884.45
30/03/2019 01:00,-8420906.784,-1708589.782,-9055525.846,-5223403.048
30/03/2019 02:00,-8224420.831,-1668723.067,-8844232.256,-5101524.805
30/03/2019 03:00,-8125352.491,-1648622.245,-8737697.896,-5040073.719
30/03/2019 04:00,-8075818.319,-1638571.833,-8684430.714,-5009348.175
30/03/2019 05:00,-8027935.386,-1628856.455,-8632939.212,-4979646.877
30/03/2019 06:00,-8141863.88,-1651972.382,-8755453.622,-5050315.566
30/03/2019 07:00,-8420906.784,-1708589.782,-9055525.846,-5223403.048
30/03/2019 08:00,-9109431.467,-1848290.443,-9795939.346,-5650487.925
30/03/2019 09:00,-9847490.826,-1998041.617,-10589620.57,-6108298.657
30/03/2019 10:00,-10012604.73,-2031542.989,-10767177.84,-6210717.138
30/03/2019 11:00,-10093510.44,-2047958.641,-10854180.8,-6260902.13
30/03/2019 12:00,-10076999.05,-2044608.504,-10836425.07,-6250660.283
30/03/2019 13:00,-10209090.18,-2071409.601,-10978470.89,-6332595.066
30/03/2019 14:00,-10240461.72,-2077774.841,-11012206.66,-6352054.514
30/03/2019 15:00,-10190927.55,-2067724.43,-10958939.48,-6321328.972
30/03/2019 16:00,-10143044.62,-2058009.052,-10907447.98,-6291627.674
30/03/2019 17:00,-10209090.18,-2071409.601,-10978470.89,-6332595.066
30/03/2019 18:00,-10258624.35,-2081460.013,-11031738.07,-6363320.611
30/03/2019 19:00,-10258624.35,-2081460.013,-11031738.07,-6363320.611
30/03/2019 20:00,-10190927.55,-2067724.43,-10958939.48,-6321328.972
30/03/2019 21:00,-10306507.28,-2091175.391,-11083229.57,-6393021.908
30/03/2019 22:00,-10356041.45,-2101225.802,-11136496.75,-6423747.452
30/03/2019 23:00,-9733562.08,-1974925.639,-10467105.89,-6037629.812
31/03/2019 00:00,-8863411.846,-1798373.418,-9531379.116,-5497884.45
31/03/2019 01:00,-8420906.784,-1708589.782,-9055525.846,-5223403.048
31/03/2019 02:00,-8224420.831,-1668723.067,-8844232.256,-5101524.805
31/03/2019 03:00,-8125352.491,-1648622.245,-8737697.896,-5040073.719
31/03/2019 04:00,-8075818.319,-1638571.833,-8684430.714,-5009348.175
31/03/2019 05:00,-8027935.386,-1628856.455,-8632939.212,-4979646.877
31/03/2019 06:00,-8141863.88,-1651972.382,-8755453.622,-5050315.566
31/03/2019 07:00,-8420906.784,-1708589.782,-9055525.846,-5223403.048
31/03/2019 08:00,-9109431.467,-1848290.443,-9795939.346,-5650487.925
31/03/2019 09:00,-9847490.826,-1998041.617,-10589620.57,-6108298.657
31/03/2019 10:00,-10012604.73,-2031542.989,-10767177.84,-6210717.138
31/03/2019 11:00,-10093510.44,-2047958.641,-10854180.8,-6260902.13
31/03/2019 12:00,-10076999.05,-2044608.504,-10836425.07,-6250660.283
31/03/2019 13:00,-10209090.18,-2071409.601,-10978470.89,-6332595.066
31/03/2019 14:00,-10240461.72,-2077774.841,-11012206.66,-6352054.514
31/03/2019 15:00,-10190927.55,-2067724.43,-10958939.48,-6321328.972
31/03/2019 16:00,-10143044.62,-2058009.052,-10907447.98,-6291627.674
31/03/2019 17:00,-10209090.18,-2071409.601,-10978470.89,-6332595.066
31/03/2019 18:00,-10258624.35,-2081460.013,-11031738.07,-6363320.611
31/03/2019 19:00,-10258624.35,-2081460.013,-11031738.07,-6363320.611
31/03/2019 20:00,-10190927.55,-2067724.43,-10958939.48,-6321328.972
31/03/2019 21:00,-10306507.28,-2091175.391,-11083229.57,-6393021.908
31/03/2019 22:00,-10356041.45,-2101225.802,-11136496.75,-6423747.452
31/03/2019 23:00,-9733562.08,-1974925.639,-10467105.89,-6037629.812
01/04/2019 00:00,-8863411.846,-1798373.418,-9531379.116,-5497884.45
01/04/2019 01:00,-8420906.784,-1708589.782,-9055525.846,-5223403.048
01/04/2019 02:00,-8224420.831,-1668723.067,-8844232.256,-5101524.805
01/04/2019 03:00,-8125352.491,-1648622.245,-8737697.896,-5040073.719
01/04/2019 04:00,-8075818.319,-1638571.833,-8684430.714,-5009348.175
01/04/2019 05:00,-8027935.386,-1628856.455,-8632939.212,-4979646.877
01/04/2019 06:00,-8141863.88,-1651972.382,-8755453.622,-5050315.566
01/04/2019 07:00,-8420906.784,-1708589.782,-9055525.846,-5223403.048
01/04/2019 08:00,-9109431.467,-1848290.443,-9795939.346,-5650487.925
01/04/2019 09:00,-9847490.826,-1998041.617,-10589620.57,-6108298.657
01/04/2019 10:00,-10012604.73,-2031542.989,-10767177.84,-6210717.138
01/04/2019 11:00,-10093510.44,-2047958.641,-10854180.8,-6260902.13
01/04/2019 12:00,-10076999.05,-2044608.504,-10836425.07,-6250660.283
01/04/2019 13:00,-10209090.18,-2071409.601,-10978470.89,-6332595.066
01/04/2019 14:00,-10240461.72,-2077774.841,-11012206.66,-6352054.514
01/04/2019 15:00,-10190927.55,-2067724.43,-10958939.48,-6321328.972
01/04/2019 16:00,-10143044.62,-2058009.052,-10907447.98,-6291627.674
01/04/2019 17:00,-10209090.18,-2071409.601,-10978470.89,-6332595.066
01/04/2019 18:00,-10258624.35,-2081460.013,-11031738.07,-6363320.611
01/04/2019 19:00,-10258624.35,-2081460.013,-11031738.07,-6363320.611
01/04/2019 20:00,-10190927.55,-2067724.43,-10958939.48,-6321328.972
01/04/2019 21:00,-10306507.28,-2091175.391,-11083229.57,-6393021.908
01/04/2019 22:00,-10356041.45,-2101225.802,-11136496.75,-6423747.452
01/04/2019 23:00,-9733562.08,-1974925.639,-10467105.89,-6037629.812
02/04/2019 00:00,-8846932.963,-1795029.877,-9513658.345,-5487662.765
02/04/2019 01:00,-8405250.604,-1705413.166,-9038689.78,-5213691.679
02/04/2019 02:00,-8209129.962,-1665620.572,-8827789.032,-5092040.034
02/04/2019 03:00,-8110245.807,-1645557.12,-8721452.737,-5030703.196
02/04/2019 04:00,-8060803.729,-1635525.394,-8668284.59,-5000034.777
02/04/2019 05:00,-8013009.82,-1625828.079,-8616888.821,-4970388.7
02/04/2019 06:00,-8126726.498,-1648901.029,-8739175.452,-5040926.002
02/04/2019 07:00,-8405250.604,-1705413.166,-9038689.78,-5213691.679
02/04/2019 08:00,-9092495.183,-1844854.095,-9777726.704,-5639982.519
02/04/2019 09:00,-9829182.339,-1994326.851,-10569932.31,-6096942.088
02/04/2019 10:00,-9993989.263,-2027765.937,-10747159.47,-6199170.151
02/04/2019 11:00,-10074744.55,-2044151.069,-10834000.67,-6249261.84
02/04/2019 12:00,-10058263.86,-2040807.161,-10816277.95,-6239039.034
02/04/2019 13:00,-10190109.4,-2067558.429,-10958059.68,-6320821.484
02/04/2019 14:00,-10221422.62,-2073911.836,-10991732.73,-6340244.755
02/04/2019 15:00,-10171980.54,-2063880.11,-10938564.58,-6309576.336
02/04/2019 16:00,-10124186.63,-2054182.795,-10887168.81,-6279930.259
02/04/2019 17:00,-10190109.4,-2067558.429,-10958059.68,-6320821.484
02/04/2019 18:00,-10239551.48,-2077590.155,-11011227.82,-6351489.903
02/04/2019 19:00,-10239551.48,-2077590.155,-11011227.82,-6351489.903
02/04/2019 20:00,-10171980.54,-2063880.11,-10938564.58,-6309576.336
02/04/2019 21:00,-10287345.39,-2087287.47,-11062623.59,-6381135.98
02/04/2019 22:00,-10336787.47,-2097319.196,-11115791.74,-6411804.399
02/04/2019 23:00,-9715465.409,-1971253.851,-10447645.41,-6026404.63
03/04/2019 00:00,-8846932.963,-1795029.877,-9513658.345,-5487662.765
03/04/2019 01:00,-8405250.604,-1705413.166,-9038689.78,-5213691.679
03/04/2019 02:00,-8209129.962,-1665620.572,-8827789.032,-5092040.034
03/04/2019 03:00,-8110245.807,-1645557.12,-8721452.737,-5030703.196
03/04/2019 04:00,-8060803.729,-1635525.394,-8668284.59,-5000034.777
03/04/2019 05:00,-8013009.82,-1625828.079,-8616888.821,-4970388.7
03/04/2019 06:00,-8126726.498,-1648901.029,-8739175.452,-5040926.002
03/04/2019 07:00,-8405250.604,-1705413.166,-9038689.78,-5213691.679
03/04/2019 08:00,-9092495.183,-1844854.095,-9777726.704,-5639982.519
03/04/2019 09:00,-9829182.339,-1994326.851,-10569932.31,-6096942.088
03/04/2019 10:00,-9993989.263,-2027765.937,-10747159.47,-6199170.151
03/04/2019 11:00,-10074744.55,-2044151.069,-10834000.67,-6249261.84
03/04/2019 12:00,-10058263.86,-2040807.161,-10816277.95,-6239039.034
03/04/2019 13:00,-10190109.4,-2067558.429,-10958059.68,-6320821.484
03/04/2019 14:00,-10221422.62,-2073911.836,-10991732.73,-6340244.755
03/04/2019 15:00,-10171980.54,-2063880.11,-10938564.58,-6309576.336
03/04/2019 16:00,-10124186.63,-2054182.795,-10887168.81,-6279930.259
03/04/2019 17:00,-10190109.4,-2067558.429,-10958059.68,-6320821.484
03/04/2019 18:00,-10239551.48,-2077590.155,-11011227.82,-6351489.903
03/04/2019 19:00,-10239551.48,-2077590.155,-11011227.82,-6351489.903
03/04/2019 20:00,-10171980.54,-2063880.11,-10938564.58,-6309576.336
03/04/2019 21:00,-10287345.39,-2087287.47,-11062623.59,-6381135.98
03/04/2019 22:00,-10336787.47,-2097319.196,-11115791.74,-6411804.399
03/04/2019 23:00,-9715465.409,-1971253.851,-10447645.41,-6026404.63
04/04/2019 00:00,-8846932.963,-1795029.877,-9513658.345,-5487662.765
04/04/2019 01:00,-8405250.604,-1705413.166,-9038689.78,-5213691.679
04/04/2019 02:00,-8209129.962,-1665620.572,-8827789.032,-5092040.034
04/04/2019 03:00,-8110245.807,-1645557.12,-8721452.737,-5030703.196
04/04/2019 04:00,-8060803.729,-1635525.394,-8668284.59,-5000034.777
04/04/2019 05:00,-8013009.82,-1625828.079,-8616888.821,-4970388.7
04/04/2019 06:00,-8126726.498,-1648901.029,-8739175.452,-5040926.002
04/04/2019 07:00,-8405250.604,-1705413.166,-9038689.78,-5213691.679
04/04/2019 08:00,-9092495.183,-1844854.095,-9777726.704,-5639982.519
04/04/2019 09:00,-9829182.339,-1994326.851,-10569932.31,-6096942.088
04/04/2019 10:00,-9993989.263,-2027765.937,-10747159.47,-6199170.151
04/04/2019 11:00,-10074744.55,-2044151.069,-10834000.67,-6249261.84
04/04/2019 12:00,-10058263.86,-2040807.161,-10816277.95,-6239039.034
04/04/2019 13:00,-10190109.4,-2067558.429,-10958059.68,-6320821.484
04/04/2019 14:00,-10221422.62,-2073911.836,-10991732.73,-6340244.755
04/04/2019 15:00,-10171980.54,-2063880.11,-10938564.58,-6309576.336
04/04/2019 16:00,-10124186.63,-2054182.795,-10887168.81,-6279930.259
04/04/2019 17:00,-10190109.4,-2067558.429,-10958059.68,-6320821.484
04/04/2019 18:00,-10239551.48,-2077590.155,-11011227.82,-6351489.903
04/04/2019 19:00,-10239551.48,-2077590.155,-11011227.82,-6351489.903
04/04/2019 20:00,-10171980.54,-2063880.11,-10938564.58,-6309576.336
04/04/2019 21:00,-10287345.39,-2087287.47,-11062623.59,-6381135.98
04/04/2019 22:00,-10336787.47,-2097319.196,-11115791.74,-6411804.399
04/04/2019 23:00,-9715465.409,-1971253.851,-10447645.41,-6026404.63
05/04/2019 00:00,-8846932.963,-1795029.877,-9513658.345,-5487662.765
05/04/2019 01:00,-8405250.604,-1705413.166,-9038689.78,-5213691.679
05/04/2019 02:00,-8209129.962,-1665620.572,-8827789.032,-5092040.034
05/04/2019 03:00,-8110245.807,-1645557.12,-8721452.737,-5030703.196
05/04/2019 04:00,-8060803.729,-1635525.394,-8668284.59,-5000034.777
05/04/2019 05:00,-8013009.82,-1625828.079,-8616888.821,-4970388.7
05/04/2019 06:00,-8126726.498,-1648901.029,-8739175.452,-5040926.002
05/04/2019 07:00,-8405250.604,-1705413.166,-9038689.78,-5213691.679
05/04/2019 08:00,-9092495.183,-1844854.095,-9777726.704,-5639982.519
05/04/2019 09:00,-9829182.339,-1994326.851,-10569932.31,-6096942.088
05/04/2019 10:00,-9993989.263,-2027765.937,-10747159.47,-6199170.151
05/04/2019 11:00,-10074744.55,-2044151.069,-10834000.67,-6249261.84
05/04/2019 12:00,-10058263.86,-2040807.161,-10816277.95,-6239039.034
05/04/2019 13:00,-10190109.4,-2067558.429,-10958059.68,-6320821.484
05/04/2019 14:00,-10221422.62,-2073911.836,-10991732.73,-6340244.755
05/04/2019 15:00,-10171980.54,-2063880.11,-10938564.58,-6309576.336
05/04/2019 16:00,-10124186.63,-2054182.795,-10887168.81,-6279930.259
05/04/2019 17:00,-10190109.4,-2067558.429,-10958059.68,-6320821.484
05/04/2019 18:00,-10239551.48,-2077590.155,-11011227.82,-6351489.903
05/04/2019 19:00,-10239551.48,-2077590.155,-11011227.82,-6351489.903
05/04/2019 20:00,-10171980.54,-2063880.11,-10938564.58,-6309576.336
05/04/2019 21:00,-10287345.39,-2087287.47,-11062623.59,-6381135.98
05/04/2019 22:00,-10336787.47,-2097319.196,-11115791.74,-6411804.399
05/04/2019 23:00,-9715465.409,-1971253.851,-10447645.41,-6026404.63
06/04/2019 00:00,-8846932.963,-1795029.877,-9513658.345,-5487662.765
06/04/2019 01:00,-8405250.604,-1705413.166,-9038689.78,-5213691.679
06/04/2019 02:00,-8209129.962,-1665620.572,-8827789.032,-5092040.034
06/04/2019 03:00,-8110245.807,-1645557.12,-8721452.737,-5030703.196
06/04/2019 04:00,-8060803.729,-1635525.394,-8668284.59,-5000034.777
06/04/2019 05:00,-8013009.82,-1625828.079,-8616888.821,-4970388.7
06/04/2019 06:00,-8126726.498,-1648901.029,-8739175.452,-5040926.002
06/04/2019 07:00,-8405250.604,-1705413.166,-9038689.78,-5213691.679
06/04/2019 08:00,-9092495.183,-1844854.095,-9777726.704,-5639982.519
06/04/2019 09:00,-9829182.339,-1994326.851,-10569932.31,-6096942.088
06/04/2019 10:00,-9993989.263,-2027765.937,-10747159.47,-6199170.151
06/04/2019 11:00,-10074744.55,-2044151.069,-10834000.67,-6249261.84
06/04/2019 12:00,-10058263.86,-2040807.161,-10816277.95,-6239039.034
06/04/2019 13:00,-10190109.4,-2067558.429,-10958059.68,-6320821.484
06/04/2019 14:00,-10221422.62,-2073911.836,-10991732.73,-6340244.755
06/04/2019 15:00,-10171980.54,-2063880.11,-10938564.58,-6309576.336
06/04/2019 16:00,-10124186.63,-2054182.795,-10887168.81,-6279930.259
06/04/2019 17:00,-10190109.4,-2067558.429,-10958059.68,-6320821.484
06/04/2019 18:00,-10239551.48,-2077590.155,-11011227.82,-6351489.903
06/04/2019 19:00,-10239551.48,-2077590.155,-11011227.82,-6351489.903
06/04/2019 20:00,-10171980.54,-2063880.11,-10938564.58,-6309576.336
06/04/2019 21:00,-10287345.39,-2087287.47,-11062623.59,-6381135.98
06/04/2019 22:00,-10336787.47,-2097319.196,-11115791.74,-6411804.399
06/04/2019 23:00,-9715465.409,-1971253.851,-10447645.41,-6026404.63
07/04/2019 00:00,-8846932.963,-1795029.877,-9513658.345,-5487662.765
07/04/2019 01:00,-8405250.604,-1705413.166,-9038689.78,-5213691.679
07/04/2019 02:00,-8209129.962,-1665620.572,-8827789.032,-5092040.034
07/04/2019 03:00,-8110245.807,-1645557.12,-8721452.737,-5030703.196
07/04/2019 04:00,-8060803.729,-1635525.394,-8668284.59,-5000034.777
07/04/2019 05:00,-8013009.82,-1625828.079,-8616888.821,-4970388.7
07/04/2019 06:00,-8126726.498,-1648901.029,-8739175.452,-5040926.002
07/04/2019 07:00,-8405250.604,-1705413.166,-9038689.78,-5213691.679
07/04/2019 08:00,-9092495.183,-1844854.095,-9777726.704,-5639982.519
07/04/2019 09:00,-9829182.339,-1994326.851,-10569932.31,-6096942.088
07/04/2019 10:00,-9993989.263,-2027765.937,-10747159.47,-6199170.151
07/04/2019 11:00,-10074744.55,-2044151.069,-10834000.67,-6249261.84
07/04/2019 12:00,-10058263.86,-2040807.161,-10816277.95,-6239039.034
07/04/2019 13:00,-10190109.4,-2067558.429,-10958059.68,-6320821.484
07/04/2019 14:00,-10221422.62,-2073911.836,-10991732.73,-6340244.755
07/04/2019 15:00,-10171980.54,-2063880.11,-10938564.58,-6309576.336
07/04/2019 16:00,-10124186.63,-2054182.795,-10887168.81,-6279930.259
07/04/2019 17:00,-10190109.4,-2067558.429,-10958059.68,-6320821.484
07/04/2019 18:00,-10239551.48,-2077590.155,-11011227.82,-6351489.903
07/04/2019 19:00,-10239551.48,-2077590.155,-11011227.82,-6351489.903
07/04/2019 20:00,-10171980.54,-2063880.11,-10938564.58,-6309576.336
07/04/2019 21:00,-10287345.39,-2087287.47,-11062623.59,-6381135.98
07/04/2019 22:00,-10336787.47,-2097319.196,-11115791.74,-6411804.399
07/04/2019 23:00,-9715465.409,-1971253.851,-10447645.41,-6026404.63
08/04/2019 00:00,-8846932.963,-1795029.877,-9513658.345,-5487662.765
08/04/2019 01:00,-8405250.604,-1705413.166,-9038689.78,-5213691.679
08/04/2019 02:00,-8209129.962,-1665620.572,-8827789.032,-5092040.034
08/04/2019 03:00,-8110245.807,-1645557.12,-8721452.737,-5030703.196
08/04/2019 04:00,-8060803.729,-1635525.394,-8668284.59,-5000034.777
08/04/2019 05:00,-8013009.82,-1625828.079,-8616888.821,-4970388.7
08/04/2019 06:00,-8126726.498,-1648901.029,-8739175.452,-5040926.002
08/04/2019 07:00,-8405250.604,-1705413.166,-9038689.78,-5213691.679
08/04/2019 08:00,-9092495.183,-1844854.095,-9777726.704,-5639982.519
08/04/2019 09:00,-9829182.339,-1994326.851,-10569932.31,-6096942.088
08/04/2019 10:00,-9993989.263,-2027765.937,-10747159.47,-6199170.151
08/04/2019 11:00,-10074744.55,-2044151.069,-10834000.67,-6249261.84
08/04/2019 12:00,-10058263.86,-2040807.161,-10816277.95,-6239039.034
08/04/2019 13:00,-10190109.4,-2067558.429,-10958059.68,-6320821.484
08/04/2019 14:00,-10221422.62,-2073911.836,-10991732.73,-6340244.755
08/04/2019 15:00,-10171980.54,-2063880.11,-10938564.58,-6309576.336
08/04/2019 16:00,-10124186.63,-2054182.795,-10887168.81,-6279930.259
08/04/2019 17:00,-10190109.4,-2067558.429,-10958059.68,-6320821.484
08/04/2019 18:00,-10239551.48,-2077590.155,-11011227.82,-6351489.903
08/04/2019 19:00,-10239551.48,-2077590.155,-11011227.82,-6351489.903
08/04/2019 20:00,-10171980.54,-2063880.11,-10938564.58,-6309576.336
08/04/2019 21:00,-10287345.39,-2087287.47,-11062623.59,-6381135.98
08/04/2019 22:00,-10336787.47,-2097319.196,-11115791.74,-6411804.399
08/04/2019 23:00,-9715465.409,-1971253.851,-10447645.41,-6026404.63
09/04/2019 00:00,-8879890.733,-1801716.96,-9549099.89,-5508106.136
09/04/2019 01:00,-8436562.96,-1711766.398,-9072361.907,-5233114.416
09/04/2019 02:00,-8239711.704,-1671825.563,-8860675.484,-5111009.579
09/04/2019 03:00,-8140459.171,-1651687.368,-8753943.051,-5049444.24
09/04/2019 04:00,-8090832.905,-1641618.271,-8700576.834,-5018661.57
09/04/2019 05:00,-8042860.948,-1631884.83,-8648989.6,-4988905.052
09/04/2019 06:00,-8157001.259,-1655043.734,-8771731.789,-5059705.129
09/04/2019 07:00,-8436562.96,-1711766.398,-9072361.907,-5233114.416
09/04/2019 08:00,-9126367.752,-1851726.79,-9814151.988,-5660993.33
09/04/2019 09:00,-9865799.314,-2001756.383,-10609308.83,-6119655.227
09/04/2019 10:00,-10031220.2,-2035320.041,-10787196.22,-6222264.124
09/04/2019 11:00,-10112276.33,-2051766.212,-10874360.93,-6272542.42
09/04/2019 12:00,-10095734.24,-2048409.847,-10856572.19,-6262281.531
09/04/2019 13:00,-10228070.95,-2075260.773,-10998882.1,-6344368.649
09/04/2019 14:00,-10259500.82,-2081637.847,-11032680.59,-6363864.275
09/04/2019 15:00,-10209874.55,-2071568.75,-10979314.37,-6333081.606
09/04/2019 16:00,-10161902.6,-2061835.31,-10927727.14,-6303325.09
09/04/2019 17:00,-10228070.95,-2075260.773,-10998882.1,-6344368.649
09/04/2019 18:00,-10277697.22,-2085329.87,-11052248.31,-6375151.318
09/04/2019 19:00,-10277697.22,-2085329.87,-11052248.31,-6375151.318
09/04/2019 20:00,-10209874.55,-2071568.75,-10979314.37,-6333081.606
09/04/2019 21:00,-10325669.17,-2095063.31,-11103835.54,-6404907.834
09/04/2019 22:00,-10375295.44,-2105132.408,-11157201.76,-6435690.504
09/04/2019 23:00,-9751658.751,-1978597.428,-10486566.37,-6048854.994
10/04/2019 00:00,-8879890.733,-1801716.96,-9549099.89,-5508106.136
10/04/2019 01:00,-8436562.96,-1711766.398,-9072361.907,-5233114.416
10/04/2019 02:00,-8239711.704,-1671825.563,-8860675.484,-5111009.579
10/04/2019 03:00,-8140459.171,-1651687.368,-8753943.051,-5049444.24
10/04/2019 04:00,-8090832.905,-1641618.271,-8700576.834,-5018661.57
10/04/2019 05:00,-8042860.948,-1631884.83,-8648989.6,-4988905.052
10/04/2019 06:00,-8157001.259,-1655043.734,-8771731.789,-5059705.129
10/04/2019 07:00,-8436562.96,-1711766.398,-9072361.907,-5233114.416
10/04/2019 08:00,-9126367.752,-1851726.79,-9814151.988,-5660993.33
10/04/2019 09:00,-9865799.314,-2001756.383,-10609308.83,-6119655.227
10/04/2019 10:00,-10031220.2,-2035320.041,-10787196.22,-6222264.124
10/04/2019 11:00,-10112276.33,-2051766.212,-10874360.93,-6272542.42
10/04/2019 12:00,-10095734.24,-2048409.847,-10856572.19,-6262281.531
10/04/2019 13:00,-10228070.95,-2075260.773,-10998882.1,-6344368.649
10/04/2019 14:00,-10259500.82,-2081637.847,-11032680.59,-6363864.275
10/04/2019 15:00,-10209874.55,-2071568.75,-10979314.37,-6333081.606
10/04/2019 16:00,-10161902.6,-2061835.31,-10927727.14,-6303325.09
10/04/2019 17:00,-10228070.95,-2075260.773,-10998882.1,-6344368.649
10/04/2019 18:00,-10277697.22,-2085329.87,-11052248.31,-6375151.318
10/04/2019 19:00,-10277697.22,-2085329.87,-11052248.31,-6375151.318
10/04/2019 20:00,-10209874.55,-2071568.75,-10979314.37,-6333081.606
10/04/2019 21:00,-10325669.17,-2095063.31,-11103835.54,-6404907.834
10/04/2019 22:00,-10375295.44,-2105132.408,-11157201.76,-6435690.504
10/04/2019 23:00,-9751658.751,-1978597.428,-10486566.37,-6048854.994
11/04/2019 00:00,-8879890.733,-1801716.96,-9549099.89,-5508106.136
11/04/2019 01:00,-8436562.96,-1711766.398,-9072361.907,-5233114.416
11/04/2019 02:00,-8239711.704,-1671825.563,-8860675.484,-5111009.579
11/04/2019 03:00,-8140459.171,-1651687.368,-8753943.051,-5049444.24
11/04/2019 04:00,-8090832.905,-1641618.271,-8700576.834,-5018661.57
11/04/2019 05:00,-8042860.948,-1631884.83,-8648989.6,-4988905.052
11/04/2019 06:00,-8157001.259,-1655043.734,-8771731.789,-5059705.129
11/04/2019 07:00,-8436562.96,-1711766.398,-9072361.907,-5233114.416
11/04/2019 08:00,-9126367.752,-1851726.79,-9814151.988,-5660993.33
11/04/2019 09:00,-9865799.314,-2001756.383,-10609308.83,-6119655.227
11/04/2019 10:00,-10031220.2,-2035320.041,-10787196.22,-6222264.124
11/04/2019 11:00,-10112276.33,-2051766.212,-10874360.93,-6272542.42
11/04/2019 12:00,-10095734.24,-2048409.847,-10856572.19,-6262281.531
11/04/2019 13:00,-10228070.95,-2075260.773,-10998882.1,-6344368.649
11/04/2019 14:00,-10259500.82,-2081637.847,-11032680.59,-6363864.275
11/04/2019 15:00,-10209874.55,-2071568.75,-10979314.37,-6333081.606
11/04/2019 16:00,-10161902.6,-2061835.31,-10927727.14,-6303325.09
11/04/2019 17:00,-10228070.95,-2075260.773,-10998882.1,-6344368.649
11/04/2019 18:00,-10277697.22,-2085329.87,-11052248.31,-6375151.318
11/04/2019 19:00,-10277697.22,-2085329.87,-11052248.31,-6375151.318
11/04/2019 20:00,-10209874.55,-2071568.75,-10979314.37,-6333081.606
11/04/2019 21:00,-10325669.17,-2095063.31,-11103835.54,-6404907.834
11/04/2019 22:00,-10375295.44,-2105132.408,-11157201.76,-6435690.504
11/04/2019 23:00,-9751658.751,-1978597.428,-10486566.37,-6048854.994
12/04/2019 00:00,-8879890.733,-1801716.96,-9549099.89,-5508106.136
12/04/2019 01:00,-8436562.96,-1711766.398,-9072361.907,-5233114.416
12/04/2019 02:00,-8239711.704,-1671825.563,-8860675.484,-5111009.579
12/04/2019 03:00,-8140459.171,-1651687.368,-8753943.051,-5049444.24
12/04/2019 04:00,-8090832.905,-1641618.271,-8700576.834,-5018661.57
12/04/2019 05:00,-8042860.948,-1631884.83,-8648989.6,-4988905.052
12/04/2019 06:00,-8157001.259,-1655043.734,-8771731.789,-5059705.129
12/04/2019 07:00,-8436562.96,-1711766.398,-9072361.907,-5233114.416
12/04/2019 08:00,-9126367.752,-1851726.79,-9814151.988,-5660993.33
12/04/2019 09:00,-9865799.314,-2001756.383,-10609308.83,-6119655.227
12/04/2019 10:00,-10031220.2,-2035320.041,-10787196.22,-6222264.124
12/04/2019 11:00,-10112276.33,-2051766.212,-10874360.93,-6272542.42
12/04/2019 12:00,-10095734.24,-2048409.847,-10856572.19,-6262281.531
12/04/2019 13:00,-10228070.95,-2075260.773,-10998882.1,-6344368.649
12/04/2019 14:00,-10259500.82,-2081637.847,-11032680.59,-6363864.275
12/04/2019 15:00,-10209874.55,-2071568.75,-10979314.37,-6333081.606
12/04/2019 16:00,-10161902.6,-2061835.31,-10927727.14,-6303325.09
12/04/2019 17:00,-10228070.95,-2075260.773,-10998882.1,-6344368.649
12/04/2019 18:00,-10277697.22,-2085329.87,-11052248.31,-6375151.318
12/04/2019 19:00,-10277697.22,-2085329.87,-11052248.31,-6375151.318
12/04/2019 20:00,-10209874.55,-2071568.75,-10979314.37,-6333081.606
12/04/2019 21:00,-10325669.17,-2095063.31,-11103835.54,-6404907.834
12/04/2019 22:00,-10375295.44,-2105132.408,-11157201.76,-6435690.504
12/04/2019 23:00,-9751658.751,-1978597.428,-10486566.37,-6048854.994
13/04/2019 00:00,-8879890.733,-1801716.96,-9549099.89,-5508106.136
13/04/2019 01:00,-8436562.96,-1711766.398,-9072361.907,-5233114.416
13/04/2019 02:00,-8239711.704,-1671825.563,-8860675.484,-5111009.579
13/04/2019 03:00,-8140459.171,-1651687.368,-8753943.051,-5049444.24
13/04/2019 04:00,-8090832.905,-1641618.271,-8700576.834,-5018661.57
13/04/2019 05:00,-8042860.948,-1631884.83,-8648989.6,-4988905.052
13/04/2019 06:00,-8157001.259,-1655043.734,-8771731.789,-5059705.129
13/04/2019 07:00,-8436562.96,-1711766.398,-9072361.907,-5233114.416
13/04/2019 08:00,-9126367.752,-1851726.79,-9814151.988,-5660993.33
13/04/2019 09:00,-9865799.314,-2001756.383,-10609308.83,-6119655.227
13/04/2019 10:00,-10031220.2,-2035320.041,-10787196.22,-6222264.124
13/04/2019 11:00,-10112276.33,-2051766.212,-10874360.93,-6272542.42
13/04/2019 12:00,-10095734.24,-2048409.847,-10856572.19,-6262281.531
13/04/2019 13:00,-10228070.95,-2075260.773,-10998882.1,-6344368.649
13/04/2019 14:00,-10259500.82,-2081637.847,-11032680.59,-6363864.275
13/04/2019 15:00,-10209874.55,-2071568.75,-10979314.37,-6333081.606
13/04/2019 16:00,-10161902.6,-2061835.31,-10927727.14,-6303325.09
13/04/2019 17:00,-10228070.95,-2075260.773,-10998882.1,-6344368.649
13/04/2019 18:00,-10277697.22,-2085329.87,-11052248.31,-6375151.318
13/04/2019 19:00,-10277697.22,-2085329.87,-11052248.31,-6375151.318
13/04/2019 20:00,-10209874.55,-2071568.75,-10979314.37,-6333081.606
13/04/2019 21:00,-10325669.17,-2095063.31,-11103835.54,-6404907.834
13/04/2019 22:00,-10375295.44,-2105132.408,-11157201.76,-6435690.504
13/04/2019 23:00,-9751658.751,-1978597.428,-10486566.37,-6048854.994
14/04/2019 00:00,-8879890.733,-1801716.96,-9549099.89,-5508106.136
14/04/2019 01:00,-8436562.96,-1711766.398,-9072361.907,-5233114.416
14/04/2019 02:00,-8239711.704,-1671825.563,-8860675.484,-5111009.579
14/04/2019 03:00,-8140459.171,-1651687.368,-8753943.051,-5049444.24
14/04/2019 04:00,-8090832.905,-1641618.271,-8700576.834,-5018661.57
14/04/2019 05:00,-8042860.948,-1631884.83,-8648989.6,-4988905.052
14/04/2019 06:00,-8157001.259,-1655043.734,-8771731.789,-5059705.129
14/04/2019 07:00,-8436562.96,-1711766.398,-9072361.907,-5233114.416
14/04/2019 08:00,-9126367.752,-1851726.79,-9814151.988,-5660993.33
14/04/2019 09:00,-9865799.314,-2001756.383,-10609308.83,-6119655.227
14/04/2019 10:00,-10031220.2,-2035320.041,-10787196.22,-6222264.124
14/04/2019 11:00,-10112276.33,-2051766.212,-10874360.93,-6272542.42
14/04/2019 12:00,-10095734.24,-2048409.847,-10856572.19,-6262281.531
14/04/2019 13:00,-10228070.95,-2075260.773,-10998882.1,-6344368.649
14/04/2019 14:00,-10259500.82,-2081637.847,-11032680.59,-6363864.275
14/04/2019 15:00,-10209874.55,-2071568.75,-10979314.37,-6333081.606
14/04/2019 16:00,-10161902.6,-2061835.31,-10927727.14,-6303325.09
14/04/2019 17:00,-10228070.95,-2075260.773,-10998882.1,-6344368.649
14/04/2019 18:00,-10277697.22,-2085329.87,-11052248.31,-6375151.318
14/04/2019 19:00,-10277697.22,-2085329.87,-11052248.31,-6375151.318
14/04/2019 20:00,-10209874.55,-2071568.75,-10979314.37,-6333081.606
14/04/2019 21:00,-10325669.17,-2095063.31,-11103835.54,-6404907.834
14/04/2019 22:00,-10375295.44,-2105132.408,-11157201.76,-6435690.504
14/04/2019 23:00,-9751658.751,-1978597.428,-10486566.37,-6048854.994
15/04/2019 00:00,-8879890.733,-1801716.96,-9549099.89,-5508106.136
15/04/2019 01:00,-8436562.96,-1711766.398,-9072361.907,-5233114.416
15/04/2019 02:00,-8239711.704,-1671825.563,-8860675.484,-5111009.579
15/04/2019 03:00,-8140459.171,-1651687.368,-8753943.051,-5049444.24
15/04/2019 04:00,-8090832.905,-1641618.271,-8700576.834,-5018661.57
15/04/2019 05:00,-8042860.948,-1631884.83,-8648989.6,-4988905.052
15/04/2019 06:00,-8157001.259,-1655043.734,-8771731.789,-5059705.129
15/04/2019 07:00,-8436562.96,-1711766.398,-9072361.907,-5233114.416
15/04/2019 08:00,-9126367.752,-1851726.79,-9814151.988,-5660993.33
15/04/2019 09:00,-9865799.314,-2001756.383,-10609308.83,-6119655.227
15/04/2019 10:00,-10031220.2,-2035320.041,-10787196.22,-6222264.124
15/04/2019 11:00,-10112276.33,-2051766.212,-10874360.93,-6272542.42
15/04/2019 12:00,-10095734.24,-2048409.847,-10856572.19,-6262281.531
15/04/2019 13:00,-10228070.95,-2075260.773,-10998882.1,-6344368.649
15/04/2019 14:00,-10259500.82,-2081637.847,-11032680.59,-6363864.275
15/04/2019 15:00,-10209874.55,-2071568.75,-10979314.37,-6333081.606
15/04/2019 16:00,-10161902.6,-2061835.31,-10927727.14,-6303325.09
15/04/2019 17:00,-10228070.95,-2075260.773,-10998882.1,-6344368.649
15/04/2019 18:00,-10277697.22,-2085329.87,-11052248.31,-6375151.318
15/04/2019 19:00,-10277697.22,-2085329.87,-11052248.31,-6375151.318
15/04/2019 20:00,-10209874.55,-2071568.75,-10979314.37,-6333081.606
15/04/2019 21:00,-10325669.17,-2095063.31,-11103835.54,-6404907.834
15/04/2019 22:00,-10375295.44,-2105132.408,-11157201.76,-6435690.504
15/04/2019 23:00,-9751658.751,-1978597.428,-10486566.37,-6048854.994
16/04/2019 00:00,-8713604.635,-1767977.752,-9370282.086,-5404960.556
16/04/2019 01:00,-8278578.683,-1679711.617,-8902471.569,-5135118.371
16/04/2019 02:00,-8085413.69,-1640518.72,-8694749.214,-5015300.086
16/04/2019 03:00,-7988019.776,-1620757.636,-8590015.469,-4954887.629
16/04/2019 04:00,-7939322.819,-1610877.094,-8537648.597,-4924681.401
16/04/2019 05:00,-7892249.19,-1601325.923,-8487027.39,-4895482.107
16/04/2019 06:00,-8004252.095,-1624051.15,-8607471.093,-4964956.372
16/04/2019 07:00,-8278578.683,-1679711.617,-8902471.569,-5135118.371
16/04/2019 08:00,-8955466.092,-1817051.091,-9630370.783,-5554984.764
16/04/2019 09:00,-9681050.951,-1964271.208,-10410637.4,-6005057.692
16/04/2019 10:00,-9843374.141,-1997206.348,-10585193.64,-6105745.12
16/04/2019 11:00,-9922912.408,-2013344.547,-10670726.1,-6155081.899
16/04/2019 12:00,-9906680.085,-2010051.032,-10653270.47,-6145013.154
16/04/2019 13:00,-10036538.64,-2036399.145,-10792915.47,-6225563.099
16/04/2019 14:00,-10067379.95,-2042656.801,-10826081.04,-6244693.648
16/04/2019 15:00,-10018682.99,-2032776.259,-10773714.17,-6214487.42
16/04/2019 16:00,-9971609.365,-2023225.089,-10723092.97,-6185288.128
16/04/2019 17:00,-10036538.64,-2036399.145,-10792915.47,-6225563.099
16/04/2019 18:00,-10085235.6,-2046279.687,-10845282.34,-6255769.327
16/04/2019 19:00,-10085235.6,-2046279.687,-10845282.34,-6255769.327
16/04/2019 20:00,-10018682.99,-2032776.259,-10773714.17,-6214487.42
16/04/2019 21:00,-10132309.22,-2055830.857,-10895903.54,-6284968.619
16/04/2019 22:00,-10181006.18,-2065711.399,-10948270.41,-6315174.848
16/04/2019 23:00,-9569047.802,-1941545.931,-10290193.43,-5935583.274
17/04/2019 00:00,-8713604.635,-1767977.752,-9370282.086,-5404960.556
17/04/2019 01:00,-8278578.683,-1679711.617,-8902471.569,-5135118.371
17/04/2019 02:00,-8085413.69,-1640518.72,-8694749.214,-5015300.086
17/04/2019 03:00,-7988019.776,-1620757.636,-8590015.469,-4954887.629
17/04/2019 04:00,-7939322.819,-1610877.094,-8537648.597,-4924681.401
17/04/2019 05:00,-7892249.19,-1601325.923,-8487027.39,-4895482.107
17/04/2019 06:00,-8004252.095,-1624051.15,-8607471.093,-4964956.372
17/04/2019 07:00,-8278578.683,-1679711.617,-8902471.569,-5135118.371
17/04/2019 08:00,-8955466.092,-1817051.091,-9630370.783,-5554984.764
17/04/2019 09:00,-9681050.951,-1964271.208,-10410637.4,-6005057.692
17/04/2019 10:00,-9843374.141,-1997206.348,-10585193.64,-6105745.12
17/04/2019 11:00,-9922912.408,-2013344.547,-10670726.1,-6155081.899
17/04/2019 12:00,-9906680.085,-2010051.032,-10653270.47,-6145013.154
17/04/2019 13:00,-10036538.64,-2036399.145,-10792915.47,-6225563.099
17/04/2019 14:00,-10067379.95,-2042656.801,-10826081.04,-6244693.648
17/04/2019 15:00,-10018682.99,-2032776.259,-10773714.17,-6214487.42
17/04/2019 16:00,-9971609.365,-2023225.089,-10723092.97,-6185288.128
17/04/2019 17:00,-10036538.64,-2036399.145,-10792915.47,-6225563.099
17/04/2019 18:00,-10085235.6,-2046279.687,-10845282.34,-6255769.327
17/04/2019 19:00,-10085235.6,-2046279.687,-10845282.34,-6255769.327
17/04/2019 20:00,-10018682.99,-2032776.259,-10773714.17,-6214487.42
17/04/2019 21:00,-10132309.22,-2055830.857,-10895903.54,-6284968.619
17/04/2019 22:00,-10181006.18,-2065711.399,-10948270.41,-6315174.848
17/04/2019 23:00,-9569047.802,-1941545.931,-10290193.43,-5935583.274
18/04/2019 00:00,-8713604.635,-1767977.752,-9370282.086,-5404960.556
18/04/2019 01:00,-8278578.683,-1679711.617,-8902471.569,-5135118.371
18/04/2019 02:00,-8085413.69,-1640518.72,-8694749.214,-5015300.086
18/04/2019 03:00,-7988019.776,-1620757.636,-8590015.469,-4954887.629
18/04/2019 04:00,-7939322.819,-1610877.094,-8537648.597,-4924681.401
18/04/2019 05:00,-7892249.19,-1601325.923,-8487027.39,-4895482.107
18/04/2019 06:00,-8004252.095,-1624051.15,-8607471.093,-4964956.372
18/04/2019 07:00,-8278578.683,-1679711.617,-8902471.569,-5135118.371
18/04/2019 08:00,-8955466.092,-1817051.091,-9630370.783,-5554984.764
18/04/2019 09:00,-9681050.951,-1964271.208,-10410637.4,-6005057.692
18/04/2019 10:00,-9843374.141,-1997206.348,-10585193.64,-6105745.12
18/04/2019 11:00,-9922912.408,-2013344.547,-10670726.1,-6155081.899
18/04/2019 12:00,-9906680.085,-2010051.032,-10653270.47,-6145013.154
18/04/2019 13:00,-10036538.64,-2036399.145,-10792915.47,-6225563.099
18/04/2019 14:00,-10067379.95,-2042656.801,-10826081.04,-6244693.648
18/04/2019 15:00,-10018682.99,-2032776.259,-10773714.17,-6214487.42
18/04/2019 16:00,-9971609.365,-2023225.089,-10723092.97,-6185288.128
18/04/2019 17:00,-10036538.64,-2036399.145,-10792915.47,-6225563.099
18/04/2019 18:00,-10085235.6,-2046279.687,-10845282.34,-6255769.327
18/04/2019 19:00,-10085235.6,-2046279.687,-10845282.34,-6255769.327
18/04/2019 20:00,-10018682.99,-2032776.259,-10773714.17,-6214487.42
18/04/2019 21:00,-10132309.22,-2055830.857,-10895903.54,-6284968.619
18/04/2019 22:00,-10181006.18,-2065711.399,-10948270.41,-6315174.848
18/04/2019 23:00,-9569047.802,-1941545.931,-10290193.43,-5935583.274
19/04/2019 00:00,-8713604.635,-1767977.752,-9370282.086,-5404960.556
19/04/2019 01:00,-8278578.683,-1679711.617,-8902471.569,-5135118.371
19/04/2019 02:00,-8085413.69,-1640518.72,-8694749.214,-5015300.086
19/04/2019 03:00,-7988019.776,-1620757.636,-8590015.469,-4954887.629
19/04/2019 04:00,-7939322.819,-1610877.094,-8537648.597,-4924681.401
19/04/2019 05:00,-7892249.19,-1601325.923,-8487027.39,-4895482.107
19/04/2019 06:00,-8004252.095,-1624051.15,-8607471.093,-4964956.372
19/04/2019 07:00,-8278578.683,-1679711.617,-8902471.569,-5135118.371
19/04/2019 08:00,-8955466.092,-1817051.091,-9630370.783,-5554984.764
19/04/2019 09:00,-9681050.951,-1964271.208,-10410637.4,-6005057.692
19/04/2019 10:00,-9843374.141,-1997206.348,-10585193.64,-6105745.12
19/04/2019 11:00,-9922912.408,-2013344.547,-10670726.1,-6155081.899
19/04/2019 12:00,-9906680.085,-2010051.032,-10653270.47,-6145013.154
19/04/2019 13:00,-10036538.64,-2036399.145,-10792915.47,-6225563.099
19/04/2019 14:00,-10067379.95,-2042656.801,-10826081.04,-6244693.648
19/04/2019 15:00,-10018682.99,-2032776.259,-10773714.17,-6214487.42
19/04/2019 16:00,-9971609.365,-2023225.089,-10723092.97,-6185288.128
19/04/2019 17:00,-10036538.64,-2036399.145,-10792915.47,-6225563.099
19/04/2019 18:00,-10085235.6,-2046279.687,-10845282.34,-6255769.327
19/04/2019 19:00,-10085235.6,-2046279.687,-10845282.34,-6255769.327
19/04/2019 20:00,-10018682.99,-2032776.259,-10773714.17,-6214487.42
19/04/2019 21:00,-10132309.22,-2055830.857,-10895903.54,-6284968.619
19/04/2019 22:00,-10181006.18,-2065711.399,-10948270.41,-6315174.848
19/04/2019 23:00,-9569047.802,-1941545.931,-10290193.43,-5935583.274
20/04/2019 00:00,-8713604.635,-1767977.752,-9370282.086,-5404960.556
20/04/2019 01:00,-8278578.683,-1679711.617,-8902471.569,-5135118.371
20/04/2019 02:00,-8085413.69,-1640518.72,-8694749.214,-5015300.086
20/04/2019 03:00,-7988019.776,-1620757.636,-8590015.469,-4954887.629
20/04/2019 04:00,-7939322.819,-1610877.094,-8537648.597,-4924681.401
20/04/2019 05:00,-7892249.19,-1601325.923,-8487027.39,-4895482.107
20/04/2019 06:00,-8004252.095,-1624051.15,-8607471.093,-4964956.372
20/04/2019 07:00,-8278578.683,-1679711.617,-8902471.569,-5135118.371
20/04/2019 08:00,-8955466.092,-1817051.091,-9630370.783,-5554984.764
20/04/2019 09:00,-9681050.951,-1964271.208,-10410637.4,-6005057.692
20/04/2019 10:00,-9843374.141,-1997206.348,-10585193.64,-6105745.12
20/04/2019 11:00,-9922912.408,-2013344.547,-10670726.1,-6155081.899
20/04/2019 12:00,-9906680.085,-2010051.032,-10653270.47,-6145013.154
20/04/2019 13:00,-10036538.64,-2036399.145,-10792915.47,-6225563.099
20/04/2019 14:00,-10067379.95,-2042656.801,-10826081.04,-6244693.648
20/04/2019 15:00,-10018682.99,-2032776.259,-10773714.17,-6214487.42
20/04/2019 16:00,-9971609.365,-2023225.089,-10723092.97,-6185288.128
20/04/2019 17:00,-10036538.64,-2036399.145,-10792915.47,-6225563.099
20/04/2019 18:00,-10085235.6,-2046279.687,-10845282.34,-6255769.327
20/04/2019 19:00,-10085235.6,-2046279.687,-10845282.34,-6255769.327
20/04/2019 20:00,-10018682.99,-2032776.259,-10773714.17,-6214487.42
20/04/2019 21:00,-10132309.22,-2055830.857,-10895903.54,-6284968.619
20/04/2019 22:00,-10181006.18,-2065711.399,-10948270.41,-6315174.848
20/04/2019 23:00,-9569047.802,-1941545.931,-10290193.43,-5935583.274
21/04/2019 00:00,-8713604.635,-1767977.752,-9370282.086,-5404960.556
21/04/2019 01:00,-8278578.683,-1679711.617,-8902471.569,-5135118.371
21/04/2019 02:00,-8085413.69,-1640518.72,-8694749.214,-5015300.086
21/04/2019 03:00,-7988019.776,-1620757.636,-8590015.469,-4954887.629
21/04/2019 04:00,-7939322.819,-1610877.094,-8537648.597,-4924681.401
21/04/2019 05:00,-7892249.19,-1601325.923,-8487027.39,-4895482.107
21/04/2019 06:00,-8004252.095,-1624051.15,-8607471.093,-4964956.372
21/04/2019 07:00,-8278578.683,-1679711.617,-8902471.569,-5135118.371
21/04/2019 08:00,-8955466.092,-1817051.091,-9630370.783,-5554984.764
21/04/2019 09:00,-9681050.951,-1964271.208,-10410637.4,-6005057.692
21/04/2019 10:00,-9843374.141,-1997206.348,-10585193.64,-6105745.12
21/04/2019 11:00,-9922912.408,-2013344.547,-10670726.1,-6155081.899
21/04/2019 12:00,-9906680.085,-2010051.032,-10653270.47,-6145013.154
21/04/2019 13:00,-10036538.64,-2036399.145,-10792915.47,-6225563.099
21/04/2019 14:00,-10067379.95,-2042656.801,-10826081.04,-6244693.648
21/04/2019 15:00,-10018682.99,-2032776.259,-10773714.17,-6214487.42
21/04/2019 16:00,-9971609.365,-2023225.089,-10723092.97,-6185288.128
21/04/2019 17:00,-10036538.64,-2036399.145,-10792915.47,-6225563.099
21/04/2019 18:00,-10085235.6,-2046279.687,-10845282.34,-6255769.327
21/04/2019 19:00,-10085235.6,-2046279.687,-10845282.34,-6255769.327
21/04/2019 20:00,-10018682.99,-2032776.259,-10773714.17,-6214487.42
21/04/2019 21:00,-10132309.22,-2055830.857,-10895903.54,-6284968.619
21/04/2019 22:00,-10181006.18,-2065711.399,-10948270.41,-6315174.848
21/04/2019 23:00,-9569047.802,-1941545.931,-10290193.43,-5935583.274
22/04/2019 00:00,-8713604.635,-1767977.752,-9370282.086,-5404960.556
22/04/2019 01:00,-8278578.683,-1679711.617,-8902471.569,-5135118.371
22/04/2019 02:00,-8085413.69,-1640518.72,-8694749.214,-5015300.086
22/04/2019 03:00,-7988019.776,-1620757.636,-8590015.469,-4954887.629
22/04/2019 04:00,-7939322.819,-1610877.094,-8537648.597,-4924681.401
22/04/2019 05:00,-7892249.19,-1601325.923,-8487027.39,-4895482.107
22/04/2019 06:00,-8004252.095,-1624051.15,-8607471.093,-4964956.372
22/04/2019 07:00,-8278578.683,-1679711.617,-8902471.569,-5135118.371
22/04/2019 08:00,-8955466.092,-1817051.091,-9630370.783,-5554984.764
22/04/2019 09:00,-9681050.951,-1964271.208,-10410637.4,-6005057.692
22/04/2019 10:00,-9843374.141,-1997206.348,-10585193.64,-6105745.12
22/04/2019 11:00,-9922912.408,-2013344.547,-10670726.1,-6155081.899
22/04/2019 12:00,-9906680.085,-2010051.032,-10653270.47,-6145013.154
22/04/2019 13:00,-10036538.64,-2036399.145,-10792915.47,-6225563.099
22/04/2019 14:00,-10067379.95,-2042656.801,-10826081.04,-6244693.648
22/04/2019 15:00,-10018682.99,-2032776.259,-10773714.17,-6214487.42
22/04/2019 16:00,-9971609.365,-2023225.089,-10723092.97,-6185288.128
22/04/2019 17:00,-10036538.64,-2036399.145,-10792915.47,-6225563.099
22/04/2019 18:00,-10085235.6,-2046279.687,-10845282.34,-6255769.327
22/04/2019 19:00,-10085235.6,-2046279.687,-10845282.34,-6255769.327
22/04/2019 20:00,-10018682.99,-2032776.259,-10773714.17,-6214487.42
22/04/2019 21:00,-10132309.22,-2055830.857,-10895903.54,-6284968.619
22/04/2019 22:00,-10181006.18,-2065711.399,-10948270.41,-6315174.848
22/04/2019 23:00,-9569047.802,-1941545.931,-10290193.43,-5935583.274
23/04/2019 00:00,-8697125.752,-1764634.211,-9352561.316,-5394738.872
23/04/2019 01:00,-8262922.503,-1676535.001,-8885635.504,-5125407.002
23/04/2019 02:00,-8070122.817,-1637416.224,-8678305.986,-5005815.313
23/04/2019 03:00,-7972913.092,-1617692.511,-8573770.31,-4945517.106
23/04/2019 04:00,-7924308.229,-1607830.655,-8521502.473,-4915368.003
23/04/2019 05:00,-7877323.628,-1598297.548,-8470977.003,-4886223.932
23/04/2019 06:00,-7989114.713,-1620979.797,-8591192.923,-4955566.807
23/04/2019 07:00,-8262922.503,-1676535.001,-8885635.504,-5125407.002
23/04/2019 08:00,-8938529.804,-1813614.743,-9612158.137,-5544479.357
23/04/2019 09:00,-9662742.464,-1960556.442,-10390949.14,-5993701.122
23/04/2019 10:00,-9824758.673,-1993429.296,-10565175.27,-6094198.133
23/04/2019 11:00,-9904146.519,-2009536.975,-10650545.97,-6143441.609
23/04/2019 12:00,-9887944.898,-2006249.69,-10633123.35,-6133391.908
23/04/2019 13:00,-10017557.87,-2032547.973,-10772504.26,-6213789.517
23/04/2019 14:00,-10048340.85,-2038793.795,-10805607.11,-6232883.887
23/04/2019 15:00,-9999735.983,-2028931.939,-10753339.27,-6202734.784
23/04/2019 16:00,-9952751.382,-2019398.831,-10702813.8,-6173590.712
23/04/2019 17:00,-10017557.87,-2032547.973,-10772504.26,-6213789.517
23/04/2019 18:00,-10066162.73,-2042409.829,-10824772.09,-6243938.62
23/04/2019 19:00,-10066162.73,-2042409.829,-10824772.09,-6243938.62
23/04/2019 20:00,-9999735.983,-2028931.939,-10753339.27,-6202734.784
23/04/2019 21:00,-10113147.33,-2051942.936,-10875297.56,-6273082.691
23/04/2019 22:00,-10161752.19,-2061804.793,-10927565.4,-6303231.795
23/04/2019 23:00,-9550951.13,-1937874.142,-10270732.95,-5924358.092
24/04/2019 00:00,-8697125.752,-1764634.211,-9352561.316,-5394738.872
24/04/2019 01:00,-8262922.503,-1676535.001,-8885635.504,-5125407.002
24/04/2019 02:00,-8070122.817,-1637416.224,-8678305.986,-5005815.313
24/04/2019 03:00,-7972913.092,-1617692.511,-8573770.31,-4945517.106
24/04/2019 04:00,-7924308.229,-1607830.655,-8521502.473,-4915368.003
24/04/2019 05:00,-7877323.628,-1598297.548,-8470977.003,-4886223.932
24/04/2019 06:00,-7989114.713,-1620979.797,-8591192.923,-4955566.807
24/04/2019 07:00,-8262922.503,-1676535.001,-8885635.504,-5125407.002
24/04/2019 08:00,-8938529.804,-1813614.743,-9612158.137,-5544479.357
24/04/2019 09:00,-9662742.464,-1960556.442,-10390949.14,-5993701.122
24/04/2019 10:00,-9824758.673,-1993429.296,-10565175.27,-6094198.133
24/04/2019 11:00,-9904146.519,-2009536.975,-10650545.97,-6143441.609
24/04/2019 12:00,-9887944.898,-2006249.69,-10633123.35,-6133391.908
24/04/2019 13:00,-10017557.87,-2032547.973,-10772504.26,-6213789.517
24/04/2019 14:00,-10048340.85,-2038793.795,-10805607.11,-6232883.887
24/04/2019 15:00,-9999735.983,-2028931.939,-10753339.27,-6202734.784
24/04/2019 16:00,-9952751.382,-2019398.831,-10702813.8,-6173590.712
24/04/2019 17:00,-10017557.87,-2032547.973,-10772504.26,-6213789.517
24/04/2019 18:00,-10066162.73,-2042409.829,-10824772.09,-6243938.62
24/04/2019 19:00,-10066162.73,-2042409.829,-10824772.09,-6243938.62
24/04/2019 20:00,-9999735.983,-2028931.939,-10753339.27,-6202734.784
24/04/2019 21:00,-10113147.33,-2051942.936,-10875297.56,-6273082.691
24/04/2019 22:00,-10161752.19,-2061804.793,-10927565.4,-6303231.795
24/04/2019 23:00,-9550951.13,-1937874.142,-10270732.95,-5924358.092
25/04/2019 00:00,-8697125.752,-1764634.211,-9352561.316,-5394738.872
25/04/2019 01:00,-8262922.503,-1676535.001,-8885635.504,-5125407.002
25/04/2019 02:00,-8070122.817,-1637416.224,-8678305.986,-5005815.313
25/04/2019 03:00,-7972913.092,-1617692.511,-8573770.31,-4945517.106
25/04/2019 04:00,-7924308.229,-1607830.655,-8521502.473,-4915368.003
25/04/2019 05:00,-7877323.628,-1598297.548,-8470977.003,-4886223.932
25/04/2019 06:00,-7989114.713,-1620979.797,-8591192.923,-4955566.807
25/04/2019 07:00,-8262922.503,-1676535.001,-8885635.504,-5125407.002
25/04/2019 08:00,-8938529.804,-1813614.743,-9612158.137,-5544479.357
25/04/2019 09:00,-9662742.464,-1960556.442,-10390949.14,-5993701.122
25/04/2019 10:00,-9824758.673,-1993429.296,-10565175.27,-6094198.133
25/04/2019 11:00,-9904146.519,-2009536.975,-10650545.97,-6143441.609
25/04/2019 12:00,-9887944.898,-2006249.69,-10633123.35,-6133391.908
25/04/2019 13:00,-10017557.87,-2032547.973,-10772504.26,-6213789.517
25/04/2019 14:00,-10048340.85,-2038793.795,-10805607.11,-6232883.887
25/04/2019 15:00,-9999735.983,-2028931.939,-10753339.27,-6202734.784
25/04/2019 16:00,-9952751.382,-2019398.831,-10702813.8,-6173590.712
25/04/2019 17:00,-10017557.87,-2032547.973,-10772504.26,-6213789.517
25/04/2019 18:00,-10066162.73,-2042409.829,-10824772.09,-6243938.62
25/04/2019 19:00,-10066162.73,-2042409.829,-10824772.09,-6243938.62
25/04/2019 20:00,-9999735.983,-2028931.939,-10753339.27,-6202734.784
25/04/2019 21:00,-10113147.33,-2051942.936,-10875297.56,-6273082.691
25/04/2019 22:00,-10161752.19,-2061804.793,-10927565.4,-6303231.795
25/04/2019 23:00,-9550951.13,-1937874.142,-10270732.95,-5924358.092
26/04/2019 00:00,-8697125.752,-1764634.211,-9352561.316,-5394738.872
26/04/2019 01:00,-8262922.503,-1676535.001,-8885635.504,-5125407.002
26/04/2019 02:00,-8070122.817,-1637416.224,-8678305.986,-5005815.313
26/04/2019 03:00,-7972913.092,-1617692.511,-8573770.31,-4945517.106
26/04/2019 04:00,-7924308.229,-1607830.655,-8521502.473,-4915368.003
26/04/2019 05:00,-7877323.628,-1598297.548,-8470977.003,-4886223.932
26/04/2019 06:00,-7989114.713,-1620979.797,-8591192.923,-4955566.807
26/04/2019 07:00,-8262922.503,-1676535.001,-8885635.504,-5125407.002
26/04/2019 08:00,-8938529.804,-1813614.743,-9612158.137,-5544479.357
26/04/2019 09:00,-9662742.464,-1960556.442,-10390949.14,-5993701.122
26/04/2019 10:00,-9824758.673,-1993429.296,-10565175.27,-6094198.133
26/04/2019 11:00,-9904146.519,-2009536.975,-10650545.97,-6143441.609
26/04/2019 12:00,-9887944.898,-2006249.69,-10633123.35,-6133391.908
26/04/2019 13:00,-10017557.87,-2032547.973,-10772504.26,-6213789.517
26/04/2019 14:00,-10048340.85,-2038793.795,-10805607.11,-6232883.887
26/04/2019 15:00,-9999735.983,-2028931.939,-10753339.27,-6202734.784
26/04/2019 16:00,-9952751.382,-2019398.831,-10702813.8,-6173590.712
26/04/2019 17:00,-10017557.87,-2032547.973,-10772504.26,-6213789.517
26/04/2019 18:00,-10066162.73,-2042409.829,-10824772.09,-6243938.62
26/04/2019 19:00,-10066162.73,-2042409.829,-10824772.09,-6243938.62
26/04/2019 20:00,-9999735.983,-2028931.939,-10753339.27,-6202734.784
26/04/2019 21:00,-10113147.33,-2051942.936,-10875297.56,-6273082.691
26/04/2019 22:00,-10161752.19,-2061804.793,-10927565.4,-6303231.795
26/04/2019 23:00,-9550951.13,-1937874.142,-10270732.95,-5924358.092
27/04/2019 00:00,-8697125.752,-1764634.211,-9352561.316,-5394738.872
27/04/2019 01:00,-8262922.503,-1676535.001,-8885635.504,-5125407.002
27/04/2019 02:00,-8070122.817,-1637416.224,-8678305.986,-5005815.313
27/04/2019 03:00,-7972913.092,-1617692.511,-8573770.31,-4945517.106
27/04/2019 04:00,-7924308.229,-1607830.655,-8521502.473,-4915368.003
27/04/2019 05:00,-7877323.628,-1598297.548,-8470977.003,-4886223.932
27/04/2019 06:00,-7989114.713,-1620979.797,-8591192.923,-4955566.807
27/04/2019 07:00,-8262922.503,-1676535.001,-8885635.504,-5125407.002
27/04/2019 08:00,-8938529.804,-1813614.743,-9612158.137,-5544479.357
27/04/2019 09:00,-9662742.464,-1960556.442,-10390949.14,-5993701.122
27/04/2019 10:00,-9824758.673,-1993429.296,-10565175.27,-6094198.133
27/04/2019 11:00,-9904146.519,-2009536.975,-10650545.97,-6143441.609
27/04/2019 12:00,-9887944.898,-2006249.69,-10633123.35,-6133391.908
27/04/2019 13:00,-10017557.87,-2032547.973,-10772504.26,-6213789.517
27/04/2019 14:00,-10048340.85,-2038793.795,-10805607.11,-6232883.887
27/04/2019 15:00,-9999735.983,-2028931.939,-10753339.27,-6202734.784
27/04/2019 16:00,-9952751.382,-2019398.831,-10702813.8,-6173590.712
27/04/2019 17:00,-10017557.87,-2032547.973,-10772504.26,-6213789.517
27/04/2019 18:00,-10066162.73,-2042409.829,-10824772.09,-6243938.62
27/04/2019 19:00,-10066162.73,-2042409.829,-10824772.09,-6243938.62
27/04/2019 20:00,-9999735.983,-2028931.939,-10753339.27,-6202734.784
27/04/2019 21:00,-10113147.33,-2051942.936,-10875297.56,-6273082.691
27/04/2019 22:00,-10161752.19,-2061804.793,-10927565.4,-6303231.795
27/04/2019 23:00,-9550951.13,-1937874.142,-10270732.95,-5924358.092
28/04/2019 00:00,-8697125.752,-1764634.211,-9352561.316,-5394738.872
28/04/2019 01:00,-8262922.503,-1676535.001,-8885635.504,-5125407.002
28/04/2019 02:00,-8070122.817,-1637416.224,-8678305.986,-5005815.313
28/04/2019 03:00,-7972913.092,-1617692.511,-8573770.31,-4945517.106
28/04/2019 04:00,-7924308.229,-1607830.655,-8521502.473,-4915368.003
28/04/2019 05:00,-7877323.628,-1598297.548,-8470977.003,-4886223.932
28/04/2019 06:00,-7989114.713,-1620979.797,-8591192.923,-4955566.807
28/04/2019 07:00,-8262922.503,-1676535.001,-8885635.504,-5125407.002
28/04/2019 08:00,-8938529.804,-1813614.743,-9612158.137,-5544479.357
28/04/2019 09:00,-9662742.464,-1960556.442,-10390949.14,-5993701.122
28/04/2019 10:00,-9824758.673,-1993429.296,-10565175.27,-6094198.133
28/04/2019 11:00,-9904146.519,-2009536.975,-10650545.97,-6143441.609
28/04/2019 12:00,-9887944.898,-2006249.69,-10633123.35,-6133391.908
28/04/2019 13:00,-10017557.87,-2032547.973,-10772504.26,-6213789.517
28/04/2019 14:00,-10048340.85,-2038793.795,-10805607.11,-6232883.887
28/04/2019 15:00,-9999735.983,-2028931.939,-10753339.27,-6202734.784
28/04/2019 16:00,-9952751.382,-2019398.831,-10702813.8,-6173590.712
28/04/2019 17:00,-10017557.87,-2032547.973,-10772504.26,-6213789.517
28/04/2019 18:00,-10066162.73,-2042409.829,-10824772.09,-6243938.62
28/04/2019 19:00,-10066162.73,-2042409.829,-10824772.09,-6243938.62
28/04/2019 20:00,-9999735.983,-2028931.939,-10753339.27,-6202734.784
28/04/2019 21:00,-10113147.33,-2051942.936,-10875297.56,-6273082.691
28/04/2019 22:00,-10161752.19,-2061804.793,-10927565.4,-6303231.795
28/04/2019 23:00,-9550951.13,-1937874.142,-10270732.95,-5924358.092
29/04/2019 00:00,-8697125.752,-1764634.211,-9352561.316,-5394738.872
29/04/2019 01:00,-8262922.503,-1676535.001,-8885635.504,-5125407.002
29/04/2019 02:00,-8070122.817,-1637416.224,-8678305.986,-5005815.313
29/04/2019 03:00,-7972913.092,-1617692.511,-8573770.31,-4945517.106
29/04/2019 04:00,-7924308.229,-1607830.655,-8521502.473,-4915368.003
29/04/2019 05:00,-7877323.628,-1598297.548,-8470977.003,-4886223.932
29/04/2019 06:00,-7989114.713,-1620979.797,-8591192.923,-4955566.807
29/04/2019 07:00,-8262922.503,-1676535.001,-8885635.504,-5125407.002
29/04/2019 08:00,-8938529.804,-1813614.743,-9612158.137,-5544479.357
29/04/2019 09:00,-9662742.464,-1960556.442,-10390949.14,-5993701.122
29/04/2019 10:00,-9824758.673,-1993429.296,-10565175.27,-6094198.133
29/04/2019 11:00,-9904146.519,-2009536.975,-10650545.97,-6143441.609
29/04/2019 12:00,-9887944.898,-2006249.69,-10633123.35,-6133391.908
29/04/2019 13:00,-10017557.87,-2032547.973,-10772504.26,-6213789.517
29/04/2019 14:00,-10048340.85,-2038793.795,-10805607.11,-6232883.887
29/04/2019 15:00,-9999735.983,-2028931.939,-10753339.27,-6202734.784
29/04/2019 16:00,-9952751.382,-2019398.831,-10702813.8,-6173590.712
29/04/2019 17:00,-10017557.87,-2032547.973,-10772504.26,-6213789.517
29/04/2019 18:00,-10066162.73,-2042409.829,-10824772.09,-6243938.62
29/04/2019 19:00,-10066162.73,-2042409.829,-10824772.09,-6243938.62
29/04/2019 20:00,-9999735.983,-2028931.939,-10753339.27,-6202734.784
29/04/2019 21:00,-10113147.33,-2051942.936,-10875297.56,-6273082.691
29/04/2019 22:00,-10161752.19,-2061804.793,-10927565.4,-6303231.795
29/04/2019 23:00,-9550951.13,-1937874.142,-10270732.95,-5924358.092
30/04/2019 00:00,-8680646.865,-1761290.668,-9334840.541,-5384517.186
30/04/2019 01:00,-8247266.328,-1673358.385,-8868799.442,-5115695.635
30/04/2019 02:00,-8054831.948,-1634313.729,-8661862.762,-4996330.542
30/04/2019 03:00,-7957806.411,-1614627.388,-8557525.155,-4936146.586
30/04/2019 04:00,-7909293.639,-1604784.217,-8505356.349,-4906054.605
30/04/2019 05:00,-7862398.062,-1595269.172,-8454926.612,-4876965.754
30/04/2019 06:00,-7973977.334,-1617908.445,-8574914.756,-4946177.245
30/04/2019 07:00,-8247266.328,-1673358.385,-8868799.442,-5115695.635
30/04/2019 08:00,-8921593.519,-1810178.395,-9593945.495,-5533973.951
30/04/2019 09:00,-9644433.976,-1956841.676,-10371260.88,-5982344.553
30/04/2019 10:00,-9806143.204,-1989652.244,-10545156.89,-6082651.147
30/04/2019 11:00,-9885380.631,-2005729.403,-10630365.84,-6131801.319
30/04/2019 12:00,-9869209.708,-2002448.347,-10612976.24,-6121770.659
30/04/2019 13:00,-9998577.09,-2028696.801,-10752093.04,-6202015.934
30/04/2019 14:00,-10029301.74,-2034930.789,-10785133.18,-6221074.126
30/04/2019 15:00,-9980788.976,-2025087.618,-10732964.38,-6190982.148
30/04/2019 16:00,-9933893.399,-2015572.574,-10682534.64,-6161893.297
30/04/2019 17:00,-9998577.09,-2028696.801,-10752093.04,-6202015.934
30/04/2019 18:00,-10047089.86,-2038539.971,-10804261.85,-6232107.912
30/04/2019 19:00,-10047089.86,-2038539.971,-10804261.85,-6232107.912
30/04/2019 20:00,-9980788.976,-2025087.618,-10732964.38,-6190982.148
30/04/2019 21:00,-10093985.44,-2048055.016,-10854691.58,-6261196.763
30/04/2019 22:00,-10142498.21,-2057898.187,-10906860.39,-6291288.743
30/04/2019 23:00,-9532854.459,-1934202.354,-10251272.48,-5913132.911
01/05/2019 00:00,-8680646.865,-1761290.668,-9334840.541,-5384517.186
01/05/2019 01:00,-8247266.328,-1673358.385,-8868799.442,-5115695.635
01/05/2019 02:00,-8054831.948,-1634313.729,-8661862.762,-4996330.542
01/05/2019 03:00,-7957806.411,-1614627.388,-8557525.155,-4936146.586
01/05/2019 04:00,-7909293.639,-1604784.217,-8505356.349,-4906054.605
01/05/2019 05:00,-7862398.062,-1595269.172,-8454926.612,-4876965.754
01/05/2019 06:00,-7973977.334,-1617908.445,-8574914.756,-4946177.245
01/05/2019 07:00,-8247266.328,-1673358.385,-8868799.442,-5115695.635
01/05/2019 08:00,-8921593.519,-1810178.395,-9593945.495,-5533973.951
01/05/2019 09:00,-9644433.976,-1956841.676,-10371260.88,-5982344.553
01/05/2019 10:00,-9806143.204,-1989652.244,-10545156.89,-6082651.147
01/05/2019 11:00,-9885380.631,-2005729.403,-10630365.84,-6131801.319
01/05/2019 12:00,-9869209.708,-2002448.347,-10612976.24,-6121770.659
01/05/2019 13:00,-9998577.09,-2028696.801,-10752093.04,-6202015.934
01/05/2019 14:00,-10029301.74,-2034930.789,-10785133.18,-6221074.126
01/05/2019 15:00,-9980788.976,-2025087.618,-10732964.38,-6190982.148
01/05/2019 16:00,-9933893.399,-2015572.574,-10682534.64,-6161893.297
01/05/2019 17:00,-9998577.09,-2028696.801,-10752093.04,-6202015.934
01/05/2019 18:00,-10047089.86,-2038539.971,-10804261.85,-6232107.912
01/05/2019 19:00,-10047089.86,-2038539.971,-10804261.85,-6232107.912
01/05/2019 20:00,-9980788.976,-2025087.618,-10732964.38,-6190982.148
01/05/2019 21:00,-10093985.44,-2048055.016,-10854691.58,-6261196.763
01/05/2019 22:00,-10142498.21,-2057898.187,-10906860.39,-6291288.743
01/05/2019 23:00,-9532854.459,-1934202.354,-10251272.48,-5913132.911
02/05/2019 00:00,-8680646.865,-1761290.668,-9334840.541,-5384517.186
02/05/2019 01:00,-8247266.328,-1673358.385,-8868799.442,-5115695.635
02/05/2019 02:00,-8054831.948,-1634313.729,-8661862.762,-4996330.542
02/05/2019 03:00,-7957806.411,-1614627.388,-8557525.155,-4936146.586
02/05/2019 04:00,-7909293.639,-1604784.217,-8505356.349,-4906054.605
02/05/2019 05:00,-7862398.062,-1595269.172,-8454926.612,-4876965.754
02/05/2019 06:00,-7973977.334,-1617908.445,-8574914.756,-4946177.245
02/05/2019 07:00,-8247266.328,-1673358.385,-8868799.442,-5115695.635
02/05/2019 08:00,-8921593.519,-1810178.395,-9593945.495,-5533973.951
02/05/2019 09:00,-9644433.976,-1956841.676,-10371260.88,-5982344.553
02/05/2019 10:00,-9806143.204,-1989652.244,-10545156.89,-6082651.147
02/05/2019 11:00,-9885380.631,-2005729.403,-10630365.84,-6131801.319
02/05/2019 12:00,-9869209.708,-2002448.347,-10612976.24,-6121770.659
02/05/2019 13:00,-9998577.09,-2028696.801,-10752093.04,-6202015.934
02/05/2019 14:00,-10029301.74,-2034930.789,-10785133.18,-6221074.126
02/05/2019 15:00,-9980788.976,-2025087.618,-10732964.38,-6190982.148
02/05/2019 16:00,-9933893.399,-2015572.574,-10682534.64,-6161893.297
02/05/2019 17:00,-9998577.09,-2028696.801,-10752093.04,-6202015.934
02/05/2019 18:00,-10047089.86,-2038539.971,-10804261.85,-6232107.912
02/05/2019 19:00,-10047089.86,-2038539.971,-10804261.85,-6232107.912
02/05/2019 20:00,-9980788.976,-2025087.618,-10732964.38,-6190982.148
02/05/2019 21:00,-10093985.44,-2048055.016,-10854691.58,-6261196.763
02/05/2019 22:00,-10142498.21,-2057898.187,-10906860.39,-6291288.743
02/05/2019 23:00,-9532854.459,-1934202.354,-10251272.48,-5913132.911
03/05/2019 00:00,-8680646.865,-1761290.668,-9334840.541,-5384517.186
03/05/2019 01:00,-8247266.328,-1673358.385,-8868799.442,-5115695.635
03/05/2019 02:00,-8054831.948,-1634313.729,-8661862.762,-4996330.542
03/05/2019 03:00,-7957806.411,-1614627.388,-8557525.155,-4936146.586
03/05/2019 04:00,-7909293.639,-1604784.217,-8505356.349,-4906054.605
03/05/2019 05:00,-7862398.062,-1595269.172,-8454926.612,-4876965.754
03/05/2019 06:00,-7973977.334,-1617908.445,-8574914.756,-4946177.245
03/05/2019 07:00,-8247266.328,-1673358.385,-8868799.442,-5115695.635
03/05/2019 08:00,-8921593.519,-1810178.395,-9593945.495,-5533973.951
03/05/2019 09:00,-9644433.976,-1956841.676,-10371260.88,-5982344.553
03/05/2019 10:00,-9806143.204,-1989652.244,-10545156.89,-6082651.147
03/05/2019 11:00,-9885380.631,-2005729.403,-10630365.84,-6131801.319
03/05/2019 12:00,-9869209.708,-2002448.347,-10612976.24,-6121770.659
03/05/2019 13:00,-9998577.09,-2028696.801,-10752093.04,-6202015.934
03/05/2019 14:00,-10029301.74,-2034930.789,-10785133.18,-6221074.126
03/05/2019 15:00,-9980788.976,-2025087.618,-10732964.38,-6190982.148
03/05/2019 16:00,-9933893.399,-2015572.574,-10682534.64,-6161893.297
03/05/2019 17:00,-9998577.09,-2028696.801,-10752093.04,-6202015.934
03/05/2019 18:00,-10047089.86,-2038539.971,-10804261.85,-6232107.912
03/05/2019 19:00,-10047089.86,-2038539.971,-10804261.85,-6232107.912
03/05/2019 20:00,-9980788.976,-2025087.618,-10732964.38,-6190982.148
03/05/2019 21:00,-10093985.44,-2048055.016,-10854691.58,-6261196.763
03/05/2019 22:00,-10142498.21,-2057898.187,-10906860.39,-6291288.743
03/05/2019 23:00,-9532854.459,-1934202.354,-10251272.48,-5913132.911
04/05/2019 00:00,-8680646.865,-1761290.668,-9334840.541,-5384517.186
04/05/2019 01:00,-8247266.328,-1673358.385,-8868799.442,-5115695.635
04/05/2019 02:00,-8054831.948,-1634313.729,-8661862.762,-4996330.542
04/05/2019 03:00,-7957806.411,-1614627.388,-8557525.155,-4936146.586
04/05/2019 04:00,-7909293.639,-1604784.217,-8505356.349,-4906054.605
04/05/2019 05:00,-7862398.062,-1595269.172,-8454926.612,-4876965.754
04/05/2019 06:00,-7973977.334,-1617908.445,-8574914.756,-4946177.245
04/05/2019 07:00,-8247266.328,-1673358.385,-8868799.442,-5115695.635
04/05/2019 08:00,-8921593.519,-1810178.395,-9593945.495,-5533973.951
04/05/2019 09:00,-9644433.976,-1956841.676,-10371260.88,-5982344.553
04/05/2019 10:00,-9806143.204,-1989652.244,-10545156.89,-6082651.147
04/05/2019 11:00,-9885380.631,-2005729.403,-10630365.84,-6131801.319
04/05/2019 12:00,-9869209.708,-2002448.347,-10612976.24,-6121770.659
04/05/2019 13:00,-9998577.09,-2028696.801,-10752093.04,-6202015.934
04/05/2019 14:00,-10029301.74,-2034930.789,-10785133.18,-6221074.126
04/05/2019 15:00,-9980788.976,-2025087.618,-10732964.38,-6190982.148
04/05/2019 16:00,-9933893.399,-2015572.574,-10682534.64,-6161893.297
04/05/2019 17:00,-9998577.09,-2028696.801,-10752093.04,-6202015.934
04/05/2019 18:00,-10047089.86,-2038539.971,-10804261.85,-6232107.912
04/05/2019 19:00,-10047089.86,-2038539.971,-10804261.85,-6232107.912
04/05/2019 20:00,-9980788.976,-2025087.618,-10732964.38,-6190982.148
04/05/2019 21:00,-10093985.44,-2048055.016,-10854691.58,-6261196.763
04/05/2019 22:00,-10142498.21,-2057898.187,-10906860.39,-6291288.743
04/05/2019 23:00,-9532854.459,-1934202.354,-10251272.48,-5913132.911
05/05/2019 00:00,-8680646.865,-1761290.668,-9334840.541,-5384517.186
05/05/2019 01:00,-8247266.328,-1673358.385,-8868799.442,-5115695.635
05/05/2019 02:00,-8054831.948,-1634313.729,-8661862.762,-4996330.542
05/05/2019 03:00,-7957806.411,-1614627.388,-8557525.155,-4936146.586
05/05/2019 04:00,-7909293.639,-1604784.217,-8505356.349,-4906054.605
05/05/2019 05:00,-7862398.062,-1595269.172,-8454926.612,-4876965.754
05/05/2019 06:00,-7973977.334,-1617908.445,-8574914.756,-4946177.245
05/05/2019 07:00,-8247266.328,-1673358.385,-8868799.442,-5115695.635
05/05/2019 08:00,-8921593.519,-1810178.395,-9593945.495,-5533973.951
05/05/2019 09:00,-9644433.976,-1956841.676,-10371260.88,-5982344.553
05/05/2019 10:00,-9806143.204,-1989652.244,-10545156.89,-6082651.147
05/05/2019 11:00,-9885380.631,-2005729.403,-10630365.84,-6131801.319
05/05/2019 12:00,-9869209.708,-2002448.347,-10612976.24,-6121770.659
05/05/2019 13:00,-9998577.09,-2028696.801,-10752093.04,-6202015.934
05/05/2019 14:00,-10029301.74,-2034930.789,-10785133.18,-6221074.126
05/05/2019 15:00,-9980788.976,-2025087.618,-10732964.38,-6190982.148
05/05/2019 16:00,-9933893.399,-2015572.574,-10682534.64,-6161893.297
05/05/2019 17:00,-9998577.09,-2028696.801,-10752093.04,-6202015.934
05/05/2019 18:00,-10047089.86,-2038539.971,-10804261.85,-6232107.912
05/05/2019 19:00,-10047089.86,-2038539.971,-10804261.85,-6232107.912
05/05/2019 20:00,-9980788.976,-2025087.618,-10732964.38,-6190982.148
05/05/2019 21:00,-10093985.44,-2048055.016,-10854691.58,-6261196.763
05/05/2019 22:00,-10142498.21,-2057898.187,-10906860.39,-6291288.743
05/05/2019 23:00,-9532854.459,-1934202.354,-10251272.48,-5913132.911
06/05/2019 00:00,-8680646.865,-1761290.668,-9334840.541,-5384517.186
06/05/2019 01:00,-8247266.328,-1673358.385,-8868799.442,-5115695.635
06/05/2019 02:00,-8054831.948,-1634313.729,-8661862.762,-4996330.542
06/05/2019 03:00,-7957806.411,-1614627.388,-8557525.155,-4936146.586
06/05/2019 04:00,-7909293.639,-1604784.217,-8505356.349,-4906054.605
06/05/2019 05:00,-7862398.062,-1595269.172,-8454926.612,-4876965.754
06/05/2019 06:00,-7973977.334,-1617908.445,-8574914.756,-4946177.245
06/05/2019 07:00,-8247266.328,-1673358.385,-8868799.442,-5115695.635
06/05/2019 08:00,-8921593.519,-1810178.395,-9593945.495,-5533973.951
06/05/2019 09:00,-9644433.976,-1956841.676,-10371260.88,-5982344.553
06/05/2019 10:00,-9806143.204,-1989652.244,-10545156.89,-6082651.147
06/05/2019 11:00,-9885380.631,-2005729.403,-10630365.84,-6131801.319
06/05/2019 12:00,-9869209.708,-2002448.347,-10612976.24,-6121770.659
06/05/2019 13:00,-9998577.09,-2028696.801,-10752093.04,-6202015.934
06/05/2019 14:00,-10029301.74,-2034930.789,-10785133.18,-6221074.126
06/05/2019 15:00,-9980788.976,-2025087.618,-10732964.38,-6190982.148
06/05/2019 16:00,-9933893.399,-2015572.574,-10682534.64,-6161893.297
06/05/2019 17:00,-9998577.09,-2028696.801,-10752093.04,-6202015.934
06/05/2019 18:00,-10047089.86,-2038539.971,-10804261.85,-6232107.912
06/05/2019 19:00,-10047089.86,-2038539.971,-10804261.85,-6232107.912
06/05/2019 20:00,-9980788.976,-2025087.618,-10732964.38,-6190982.148
06/05/2019 21:00,-10093985.44,-2048055.016,-10854691.58,-6261196.763
06/05/2019 22:00,-10142498.21,-2057898.187,-10906860.39,-6291288.743
06/05/2019 23:00,-9532854.459,-1934202.354,-10251272.48,-5913132.911
07/05/2019 00:00,-8697125.752,-1764634.211,-9352561.316,-5394738.872
07/05/2019 01:00,-8262922.503,-1676535.001,-8885635.504,-5125407.002
07/05/2019 02:00,-8070122.817,-1637416.224,-8678305.986,-5005815.313
07/05/2019 03:00,-7972913.092,-1617692.511,-8573770.31,-4945517.106
07/05/2019 04:00,-7924308.229,-1607830.655,-8521502.473,-4915368.003
07/05/2019 05:00,-7877323.628,-1598297.548,-8470977.003,-4886223.932
07/05/2019 06:00,-7989114.713,-1620979.797,-8591192.923,-4955566.807
07/05/2019 07:00,-8262922.503,-1676535.001,-8885635.504,-5125407.002
07/05/2019 08:00,-8938529.804,-1813614.743,-9612158.137,-5544479.357
07/05/2019 09:00,-9662742.464,-1960556.442,-10390949.14,-5993701.122
07/05/2019 10:00,-9824758.673,-1993429.296,-10565175.27,-6094198.133
07/05/2019 11:00,-9904146.519,-2009536.975,-10650545.97,-6143441.609
07/05/2019 12:00,-9887944.898,-2006249.69,-10633123.35,-6133391.908
07/05/2019 13:00,-10017557.87,-2032547.973,-10772504.26,-6213789.517
07/05/2019 14:00,-10048340.85,-2038793.795,-10805607.11,-6232883.887
07/05/2019 15:00,-9999735.983,-2028931.939,-10753339.27,-6202734.784
07/05/2019 16:00,-9952751.382,-2019398.831,-10702813.8,-6173590.712
07/05/2019 17:00,-10017557.87,-2032547.973,-10772504.26,-6213789.517
07/05/2019 18:00,-10066162.73,-2042409.829,-10824772.09,-6243938.62
07/05/2019 19:00,-10066162.73,-2042409.829,-10824772.09,-6243938.62
07/05/2019 20:00,-9999735.983,-2028931.939,-10753339.27,-6202734.784
07/05/2019 21:00,-10113147.33,-2051942.936,-10875297.56,-6273082.691
07/05/2019 22:00,-10161752.19,-2061804.793,-10927565.4,-6303231.795
07/05/2019 23:00,-9550951.13,-1937874.142,-10270732.95,-5924358.092
08/05/2019 00:00,-8697125.752,-1764634.211,-9352561.316,-5394738.872
08/05/2019 01:00,-8262922.503,-1676535.001,-8885635.504,-5125407.002
08/05/2019 02:00,-8070122.817,-1637416.224,-8678305.986,-5005815.313
08/05/2019 03:00,-7972913.092,-1617692.511,-8573770.31,-4945517.106
08/05/2019 04:00,-7924308.229,-1607830.655,-8521502.473,-4915368.003
08/05/2019 05:00,-7877323.628,-1598297.548,-8470977.003,-4886223.932
08/05/2019 06:00,-7989114.713,-1620979.797,-8591192.923,-4955566.807
08/05/2019 07:00,-8262922.503,-1676535.001,-8885635.504,-5125407.002
08/05/2019 08:00,-8938529.804,-1813614.743,-9612158.137,-5544479.357
08/05/2019 09:00,-9662742.464,-1960556.442,-10390949.14,-5993701.122
08/05/2019 10:00,-9824758.673,-1993429.296,-10565175.27,-6094198.133
08/05/2019 11:00,-9904146.519,-2009536.975,-10650545.97,-6143441.609
08/05/2019 12:00,-9887944.898,-2006249.69,-10633123.35,-6133391.908
08/05/2019 13:00,-10017557.87,-2032547.973,-10772504.26,-6213789.517
08/05/2019 14:00,-10048340.85,-2038793.795,-10805607.11,-6232883.887
08/05/2019 15:00,-9999735.983,-2028931.939,-10753339.27,-6202734.784
08/05/2019 16:00,-9952751.382,-2019398.831,-10702813.8,-6173590.712
08/05/2019 17:00,-10017557.87,-2032547.973,-10772504.26,-6213789.517
08/05/2019 18:00,-10066162.73,-2042409.829,-10824772.09,-6243938.62
08/05/2019 19:00,-10066162.73,-2042409.829,-10824772.09,-6243938.62
08/05/2019 20:00,-9999735.983,-2028931.939,-10753339.27,-6202734.784
08/05/2019 21:00,-10113147.33,-2051942.936,-10875297.56,-6273082.691
08/05/2019 22:00,-10161752.19,-2061804.793,-10927565.4,-6303231.795
08/05/2019 23:00,-9550951.13,-1937874.142,-10270732.95,-5924358.092
09/05/2019 00:00,-8697125.752,-1764634.211,-9352561.316,-5394738.872
09/05/2019 01:00,-8262922.503,-1676535.001,-8885635.504,-5125407.002
09/05/2019 02:00,-8070122.817,-1637416.224,-8678305.986,-5005815.313
09/05/2019 03:00,-7972913.092,-1617692.511,-8573770.31,-4945517.106
09/05/2019 04:00,-7924308.229,-1607830.655,-8521502.473,-4915368.003
09/05/2019 05:00,-7877323.628,-1598297.548,-8470977.003,-4886223.932
09/05/2019 06:00,-7989114.713,-1620979.797,-8591192.923,-4955566.807
09/05/2019 07:00,-8262922.503,-1676535.001,-8885635.504,-5125407.002
09/05/2019 08:00,-8938529.804,-1813614.743,-9612158.137,-5544479.357
09/05/2019 09:00,-9662742.464,-1960556.442,-10390949.14,-5993701.122
09/05/2019 10:00,-9824758.673,-1993429.296,-10565175.27,-6094198.133
09/05/2019 11:00,-9904146.519,-2009536.975,-10650545.97,-6143441.609
09/05/2019 12:00,-9887944.898,-2006249.69,-10633123.35,-6133391.908
09/05/2019 13:00,-10017557.87,-2032547.973,-10772504.26,-6213789.517
09/05/2019 14:00,-10048340.85,-2038793.795,-10805607.11,-6232883.887
09/05/2019 15:00,-9999735.983,-2028931.939,-10753339.27,-6202734.784
09/05/2019 16:00,-9952751.382,-2019398.831,-10702813.8,-6173590.712
09/05/2019 17:00,-10017557.87,-2032547.973,-10772504.26,-6213789.517
09/05/2019 18:00,-10066162.73,-2042409.829,-10824772.09,-6243938.62
09/05/2019 19:00,-10066162.73,-2042409.829,-10824772.09,-6243938.62
09/05/2019 20:00,-9999735.983,-2028931.939,-10753339.27,-6202734.784
09/05/2019 21:00,-10113147.33,-2051942.936,-10875297.56,-6273082.691
09/05/2019 22:00,-10161752.19,-2061804.793,-10927565.4,-6303231.795
09/05/2019 23:00,-9550951.13,-1937874.142,-10270732.95,-5924358.092
10/05/2019 00:00,-8697125.752,-1764634.211,-9352561.316,-5394738.872
10/05/2019 01:00,-8262922.503,-1676535.001,-8885635.504,-5125407.002
10/05/2019 02:00,-8070122.817,-1637416.224,-8678305.986,-5005815.313
10/05/2019 03:00,-7972913.092,-1617692.511,-8573770.31,-4945517.106
10/05/2019 04:00,-7924308.229,-1607830.655,-8521502.473,-4915368.003
10/05/2019 05:00,-7877323.628,-1598297.548,-8470977.003,-4886223.932
10/05/2019 06:00,-7989114.713,-1620979.797,-8591192.923,-4955566.807
10/05/2019 07:00,-8262922.503,-1676535.001,-8885635.504,-5125407.002
10/05/2019 08:00,-8938529.804,-1813614.743,-9612158.137,-5544479.357
10/05/2019 09:00,-9662742.464,-1960556.442,-10390949.14,-5993701.122
10/05/2019 10:00,-9824758.673,-1993429.296,-10565175.27,-6094198.133
10/05/2019 11:00,-9904146.519,-2009536.975,-10650545.97,-6143441.609
10/05/2019 12:00,-9887944.898,-2006249.69,-10633123.35,-6133391.908
10/05/2019 13:00,-10017557.87,-2032547.973,-10772504.26,-6213789.517
10/05/2019 14:00,-10048340.85,-2038793.795,-10805607.11,-6232883.887
10/05/2019 15:00,-9999735.983,-2028931.939,-10753339.27,-6202734.784
10/05/2019 16:00,-9952751.382,-2019398.831,-10702813.8,-6173590.712
10/05/2019 17:00,-10017557.87,-2032547.973,-10772504.26,-6213789.517
10/05/2019 18:00,-10066162.73,-2042409.829,-10824772.09,-6243938.62
10/05/2019 19:00,-10066162.73,-2042409.829,-10824772.09,-6243938.62
10/05/2019 20:00,-9999735.983,-2028931.939,-10753339.27,-6202734.784
10/05/2019 21:00,-10113147.33,-2051942.936,-10875297.56,-6273082.691
10/05/2019 22:00,-10161752.19,-2061804.793,-10927565.4,-6303231.795
10/05/2019 23:00,-9550951.13,-1937874.142,-10270732.95,-5924358.092
11/05/2019 00:00,-8697125.752,-1764634.211,-9352561.316,-5394738.872
11/05/2019 01:00,-8262922.503,-1676535.001,-8885635.504,-5125407.002
11/05/2019 02:00,-8070122.817,-1637416.224,-8678305.986,-5005815.313
11/05/2019 03:00,-7972913.092,-1617692.511,-8573770.31,-4945517.106
11/05/2019 04:00,-7924308.229,-1607830.655,-8521502.473,-4915368.003
11/05/2019 05:00,-7877323.628,-1598297.548,-8470977.003,-4886223.932
11/05/2019 06:00,-7989114.713,-1620979.797,-8591192.923,-4955566.807
11/05/2019 07:00,-8262922.503,-1676535.001,-8885635.504,-5125407.002
11/05/2019 08:00,-8938529.804,-1813614.743,-9612158.137,-5544479.357
11/05/2019 09:00,-9662742.464,-1960556.442,-10390949.14,-5993701.122
11/05/2019 10:00,-9824758.673,-1993429.296,-10565175.27,-6094198.133
11/05/2019 11:00,-9904146.519,-2009536.975,-10650545.97,-6143441.609
11/05/2019 12:00,-9887944.898,-2006249.69,-10633123.35,-6133391.908
11/05/2019 13:00,-10017557.87,-2032547.973,-10772504.26,-6213789.517
11/05/2019 14:00,-10048340.85,-2038793.795,-10805607.11,-6232883.887
11/05/2019 15:00,-9999735.983,-2028931.939,-10753339.27,-6202734.784
11/05/2019 16:00,-9952751.382,-2019398.831,-10702813.8,-6173590.712
11/05/2019 17:00,-10017557.87,-2032547.973,-10772504.26,-6213789.517
11/05/2019 18:00,-10066162.73,-2042409.829,-10824772.09,-6243938.62
11/05/2019 19:00,-10066162.73,-2042409.829,-10824772.09,-6243938.62
11/05/2019 20:00,-9999735.983,-2028931.939,-10753339.27,-6202734.784
11/05/2019 21:00,-10113147.33,-2051942.936,-10875297.56,-6273082.691
11/05/2019 22:00,-10161752.19,-2061804.793,-10927565.4,-6303231.795
11/05/2019 23:00,-9550951.13,-1937874.142,-10270732.95,-5924358.092
12/05/2019 00:00,-8697125.752,-1764634.211,-9352561.316,-5394738.872
12/05/2019 01:00,-8262922.503,-1676535.001,-8885635.504,-5125407.002
12/05/2019 02:00,-8070122.817,-1637416.224,-8678305.986,-5005815.313
12/05/2019 03:00,-7972913.092,-1617692.511,-8573770.31,-4945517.106
12/05/2019 04:00,-7924308.229,-1607830.655,-8521502.473,-4915368.003
12/05/2019 05:00,-7877323.628,-1598297.548,-8470977.003,-4886223.932
12/05/2019 06:00,-7989114.713,-1620979.797,-8591192.923,-4955566.807
12/05/2019 07:00,-8262922.503,-1676535.001,-8885635.504,-5125407.002
12/05/2019 08:00,-8938529.804,-1813614.743,-9612158.137,-5544479.357
12/05/2019 09:00,-9662742.464,-1960556.442,-10390949.14,-5993701.122
12/05/2019 10:00,-9824758.673,-1993429.296,-10565175.27,-6094198.133
12/05/2019 11:00,-9904146.519,-2009536.975,-10650545.97,-6143441.609
12/05/2019 12:00,-9887944.898,-2006249.69,-10633123.35,-6133391.908
12/05/2019 13:00,-10017557.87,-2032547.973,-10772504.26,-6213789.517
12/05/2019 14:00,-10048340.85,-2038793.795,-10805607.11,-6232883.887
12/05/2019 15:00,-9999735.983,-2028931.939,-10753339.27,-6202734.784
12/05/2019 16:00,-9952751.382,-2019398.831,-10702813.8,-6173590.712
12/05/2019 17:00,-10017557.87,-2032547.973,-10772504.26,-6213789.517
12/05/2019 18:00,-10066162.73,-2042409.829,-10824772.09,-6243938.62
12/05/2019 19:00,-10066162.73,-2042409.829,-10824772.09,-6243938.62
12/05/2019 20:00,-9999735.983,-2028931.939,-10753339.27,-6202734.784
12/05/2019 21:00,-10113147.33,-2051942.936,-10875297.56,-6273082.691
12/05/2019 22:00,-10161752.19,-2061804.793,-10927565.4,-6303231.795
12/05/2019 23:00,-9550951.13,-1937874.142,-10270732.95,-5924358.092
13/05/2019 00:00,-8697125.752,-1764634.211,-9352561.316,-5394738.872
13/05/2019 01:00,-8262922.503,-1676535.001,-8885635.504,-5125407.002
13/05/2019 02:00,-8070122.817,-1637416.224,-8678305.986,-5005815.313
13/05/2019 03:00,-7972913.092,-1617692.511,-8573770.31,-4945517.106
13/05/2019 04:00,-7924308.229,-1607830.655,-8521502.473,-4915368.003
13/05/2019 05:00,-7877323.628,-1598297.548,-8470977.003,-4886223.932
13/05/2019 06:00,-7989114.713,-1620979.797,-8591192.923,-4955566.807
13/05/2019 07:00,-8262922.503,-1676535.001,-8885635.504,-5125407.002
13/05/2019 08:00,-8938529.804,-1813614.743,-9612158.137,-5544479.357
13/05/2019 09:00,-9662742.464,-1960556.442,-10390949.14,-5993701.122
13/05/2019 10:00,-9824758.673,-1993429.296,-10565175.27,-6094198.133
13/05/2019 11:00,-9904146.519,-2009536.975,-10650545.97,-6143441.609
13/05/2019 12:00,-9887944.898,-2006249.69,-10633123.35,-6133391.908
13/05/2019 13:00,-10017557.87,-2032547.973,-10772504.26,-6213789.517
13/05/2019 14:00,-10048340.85,-2038793.795,-10805607.11,-6232883.887
13/05/2019 15:00,-9999735.983,-2028931.939,-10753339.27,-6202734.784
13/05/2019 16:00,-9952751.382,-2019398.831,-10702813.8,-6173590.712
13/05/2019 17:00,-10017557.87,-2032547.973,-10772504.26,-6213789.517
13/05/2019 18:00,-10066162.73,-2042409.829,-10824772.09,-6243938.62
13/05/2019 19:00,-10066162.73,-2042409.829,-10824772.09,-6243938.62
13/05/2019 20:00,-9999735.983,-2028931.939,-10753339.27,-6202734.784
13/05/2019 21:00,-10113147.33,-2051942.936,-10875297.56,-6273082.691
13/05/2019 22:00,-10161752.19,-2061804.793,-10927565.4,-6303231.795
13/05/2019 23:00,-9550951.13,-1937874.142,-10270732.95,-5924358.092
14/05/2019 00:00,-8978763.355,-1821778.072,-9655423.782,-5569435.82
14/05/2019 01:00,-8530499.377,-1730825.961,-9173377.591,-5291382.222
14/05/2019 02:00,-8331456.291,-1690440.407,-8959334.157,-5167917.815
14/05/2019 03:00,-8231098.637,-1670077.984,-8851413.317,-5105666.981
14/05/2019 04:00,-8180919.812,-1659896.774,-8797452.9,-5074541.565
14/05/2019 05:00,-8132413.713,-1650054.956,-8745291.268,-5044453.723
14/05/2019 06:00,-8247824.914,-1673471.722,-8869400.124,-5116042.12
14/05/2019 07:00,-8530499.377,-1730825.961,-9173377.591,-5291382.222
14/05/2019 08:00,-9227984.759,-1872344.734,-9923427.089,-5724025.329
14/05/2019 09:00,-9975649.477,-2024044.821,-10727437.55,-6187794.168
14/05/2019 10:00,-10142912.23,-2057982.192,-10907305.62,-6291545.558
14/05/2019 11:00,-10224870.88,-2074611.483,-10995440.86,-6342383.677
14/05/2019 12:00,-10208144.6,-2071217.746,-10977454.05,-6332008.537
14/05/2019 13:00,-10341954.81,-2098367.642,-11121348.5,-6415009.648
14/05/2019 14:00,-10373734.63,-2104815.722,-11155523.33,-6434722.35
14/05/2019 15:00,-10323555.8,-2094634.511,-11101562.91,-6403596.932
14/05/2019 16:00,-10275049.71,-2084792.694,-11049401.28,-6373509.093
14/05/2019 17:00,-10341954.81,-2098367.642,-11121348.5,-6415009.648
14/05/2019 18:00,-10392133.64,-2108548.854,-11175308.92,-6446135.067
14/05/2019 19:00,-10392133.64,-2108548.854,-11175308.92,-6446135.067
14/05/2019 20:00,-10323555.8,-2094634.511,-11101562.91,-6403596.932
14/05/2019 21:00,-10440639.73,-2118390.67,-11227470.55,-6476222.906
14/05/2019 22:00,-10490818.56,-2128571.881,-11281430.97,-6507348.322
14/05/2019 23:00,-9860238.024,-2000628.005,-10603328.43,-6116205.615
15/05/2019 00:00,-8978763.355,-1821778.072,-9655423.782,-5569435.82
15/05/2019 01:00,-8530499.377,-1730825.961,-9173377.591,-5291382.222
15/05/2019 02:00,-8331456.291,-1690440.407,-8959334.157,-5167917.815
15/05/2019 03:00,-8231098.637,-1670077.984,-8851413.317,-5105666.981
15/05/2019 04:00,-8180919.812,-1659896.774,-8797452.9,-5074541.565
15/05/2019 05:00,-8132413.713,-1650054.956,-8745291.268,-5044453.723
15/05/2019 06:00,-8247824.914,-1673471.722,-8869400.124,-5116042.12
15/05/2019 07:00,-8530499.377,-1730825.961,-9173377.591,-5291382.222
15/05/2019 08:00,-9227984.759,-1872344.734,-9923427.089,-5724025.329
15/05/2019 09:00,-9975649.477,-2024044.821,-10727437.55,-6187794.168
15/05/2019 10:00,-10142912.23,-2057982.192,-10907305.62,-6291545.558
15/05/2019 11:00,-10224870.88,-2074611.483,-10995440.86,-6342383.677
15/05/2019 12:00,-10208144.6,-2071217.746,-10977454.05,-6332008.537
15/05/2019 13:00,-10341954.81,-2098367.642,-11121348.5,-6415009.648
15/05/2019 14:00,-10373734.63,-2104815.722,-11155523.33,-6434722.35
15/05/2019 15:00,-10323555.8,-2094634.511,-11101562.91,-6403596.932
15/05/2019 16:00,-10275049.71,-2084792.694,-11049401.28,-6373509.093
15/05/2019 17:00,-10341954.81,-2098367.642,-11121348.5,-6415009.648
15/05/2019 18:00,-10392133.64,-2108548.854,-11175308.92,-6446135.067
15/05/2019 19:00,-10392133.64,-2108548.854,-11175308.92,-6446135.067
15/05/2019 20:00,-10323555.8,-2094634.511,-11101562.91,-6403596.932
15/05/2019 21:00,-10440639.73,-2118390.67,-11227470.55,-6476222.906
15/05/2019 22:00,-10490818.56,-2128571.881,-11281430.97,-6507348.322
15/05/2019 23:00,-9860238.024,-2000628.005,-10603328.43,-6116205.615
16/05/2019 00:00,-8978763.355,-1821778.072,-9655423.782,-5569435.82
16/05/2019 01:00,-8530499.377,-1730825.961,-9173377.591,-5291382.222
16/05/2019 02:00,-8331456.291,-1690440.407,-8959334.157,-5167917.815
16/05/2019 03:00,-8231098.637,-1670077.984,-8851413.317,-5105666.981
16/05/2019 04:00,-8180919.812,-1659896.774,-8797452.9,-5074541.565
16/05/2019 05:00,-8132413.713,-1650054.956,-8745291.268,-5044453.723
16/05/2019 06:00,-8247824.914,-1673471.722,-8869400.124,-5116042.12
16/05/2019 07:00,-8530499.377,-1730825.961,-9173377.591,-5291382.222
16/05/2019 08:00,-9227984.759,-1872344.734,-9923427.089,-5724025.329
16/05/2019 09:00,-9975649.477,-2024044.821,-10727437.55,-6187794.168
16/05/2019 10:00,-10142912.23,-2057982.192,-10907305.62,-6291545.558
16/05/2019 11:00,-10224870.88,-2074611.483,-10995440.86,-6342383.677
16/05/2019 12:00,-10208144.6,-2071217.746,-10977454.05,-6332008.537
16/05/2019 13:00,-10341954.81,-2098367.642,-11121348.5,-6415009.648
16/05/2019 14:00,-10373734.63,-2104815.722,-11155523.33,-6434722.35
16/05/2019 15:00,-10323555.8,-2094634.511,-11101562.91,-6403596.932
16/05/2019 16:00,-10275049.71,-2084792.694,-11049401.28,-6373509.093
16/05/2019 17:00,-10341954.81,-2098367.642,-11121348.5,-6415009.648
16/05/2019 18:00,-10392133.64,-2108548.854,-11175308.92,-6446135.067
16/05/2019 19:00,-10392133.64,-2108548.854,-11175308.92,-6446135.067
16/05/2019 20:00,-10323555.8,-2094634.511,-11101562.91,-6403596.932
16/05/2019 21:00,-10440639.73,-2118390.67,-11227470.55,-6476222.906
16/05/2019 22:00,-10490818.56,-2128571.881,-11281430.97,-6507348.322
16/05/2019 23:00,-9860238.024,-2000628.005,-10603328.43,-6116205.615
17/05/2019 00:00,-8978763.355,-1821778.072,-9655423.782,-5569435.82
17/05/2019 01:00,-8530499.377,-1730825.961,-9173377.591,-5291382.222
17/05/2019 02:00,-8331456.291,-1690440.407,-8959334.157,-5167917.815
17/05/2019 03:00,-8231098.637,-1670077.984,-8851413.317,-5105666.981
17/05/2019 04:00,-8180919.812,-1659896.774,-8797452.9,-5074541.565
17/05/2019 05:00,-8132413.713,-1650054.956,-8745291.268,-5044453.723
17/05/2019 06:00,-8247824.914,-1673471.722,-8869400.124,-5116042.12
17/05/2019 07:00,-8530499.377,-1730825.961,-9173377.591,-5291382.222
17/05/2019 08:00,-9227984.759,-1872344.734,-9923427.089,-5724025.329
17/05/2019 09:00,-9975649.477,-2024044.821,-10727437.55,-6187794.168
17/05/2019 10:00,-10142912.23,-2057982.192,-10907305.62,-6291545.558
17/05/2019 11:00,-10224870.88,-2074611.483,-10995440.86,-6342383.677
17/05/2019 12:00,-10208144.6,-2071217.746,-10977454.05,-6332008.537
17/05/2019 13:00,-10341954.81,-2098367.642,-11121348.5,-6415009.648
17/05/2019 14:00,-10373734.63,-2104815.722,-11155523.33,-6434722.35
17/05/2019 15:00,-10323555.8,-2094634.511,-11101562.91,-6403596.932
17/05/2019 16:00,-10275049.71,-2084792.694,-11049401.28,-6373509.093
17/05/2019 17:00,-10341954.81,-2098367.642,-11121348.5,-6415009.648
17/05/2019 18:00,-10392133.64,-2108548.854,-11175308.92,-6446135.067
17/05/2019 19:00,-10392133.64,-2108548.854,-11175308.92,-6446135.067
17/05/2019 20:00,-10323555.8,-2094634.511,-11101562.91,-6403596.932
17/05/2019 21:00,-10440639.73,-2118390.67,-11227470.55,-6476222.906
17/05/2019 22:00,-10490818.56,-2128571.881,-11281430.97,-6507348.322
17/05/2019 23:00,-9860238.024,-2000628.005,-10603328.43,-6116205.615
18/05/2019 00:00,-8978763.355,-1821778.072,-9655423.782,-5569435.82
18/05/2019 01:00,-8530499.377,-1730825.961,-9173377.591,-5291382.222
18/05/2019 02:00,-8331456.291,-1690440.407,-8959334.157,-5167917.815
18/05/2019 03:00,-8231098.637,-1670077.984,-8851413.317,-5105666.981
18/05/2019 04:00,-8180919.812,-1659896.774,-8797452.9,-5074541.565
18/05/2019 05:00,-8132413.713,-1650054.956,-8745291.268,-5044453.723
18/05/2019 06:00,-8247824.914,-1673471.722,-8869400.124,-5116042.12
18/05/2019 07:00,-8530499.377,-1730825.961,-9173377.591,-5291382.222
18/05/2019 08:00,-9227984.759,-1872344.734,-9923427.089,-5724025.329
18/05/2019 09:00,-9975649.477,-2024044.821,-10727437.55,-6187794.168
18/05/2019 10:00,-10142912.23,-2057982.192,-10907305.62,-6291545.558
18/05/2019 11:00,-10224870.88,-2074611.483,-10995440.86,-6342383.677
18/05/2019 12:00,-10208144.6,-2071217.746,-10977454.05,-6332008.537
18/05/2019 13:00,-10341954.81,-2098367.642,-11121348.5,-6415009.648
18/05/2019 14:00,-10373734.63,-2104815.722,-11155523.33,-6434722.35
18/05/2019 15:00,-10323555.8,-2094634.511,-11101562.91,-6403596.932
18/05/2019 16:00,-10275049.71,-2084792.694,-11049401.28,-6373509.093
18/05/2019 17:00,-10341954.81,-2098367.642,-11121348.5,-6415009.648
18/05/2019 18:00,-10392133.64,-2108548.854,-11175308.92,-6446135.067
18/05/2019 19:00,-10392133.64,-2108548.854,-11175308.92,-6446135.067
18/05/2019 20:00,-10323555.8,-2094634.511,-11101562.91,-6403596.932
18/05/2019 21:00,-10440639.73,-2118390.67,-11227470.55,-6476222.906
18/05/2019 22:00,-10490818.56,-2128571.881,-11281430.97,-6507348.322
18/05/2019 23:00,-9860238.024,-2000628.005,-10603328.43,-6116205.615
19/05/2019 00:00,-8978763.355,-1821778.072,-9655423.782,-5569435.82
19/05/2019 01:00,-8530499.377,-1730825.961,-9173377.591,-5291382.222
19/05/2019 02:00,-8331456.291,-1690440.407,-8959334.157,-5167917.815
19/05/2019 03:00,-8231098.637,-1670077.984,-8851413.317,-5105666.981
19/05/2019 04:00,-8180919.812,-1659896.774,-8797452.9,-5074541.565
19/05/2019 05:00,-8132413.713,-1650054.956,-8745291.268,-5044453.723
19/05/2019 06:00,-8247824.914,-1673471.722,-8869400.124,-5116042.12
19/05/2019 07:00,-8530499.377,-1730825.961,-9173377.591,-5291382.222
19/05/2019 08:00,-9227984.759,-1872344.734,-9923427.089,-5724025.329
19/05/2019 09:00,-9975649.477,-2024044.821,-10727437.55,-6187794.168
19/05/2019 10:00,-10142912.23,-2057982.192,-10907305.62,-6291545.558
19/05/2019 11:00,-10224870.88,-2074611.483,-10995440.86,-6342383.677
19/05/2019 12:00,-10208144.6,-2071217.746,-10977454.05,-6332008.537
19/05/2019 13:00,-10341954.81,-2098367.642,-11121348.5,-6415009.648
19/05/2019 14:00,-10373734.63,-2104815.722,-11155523.33,-6434722.35
19/05/2019 15:00,-10323555.8,-2094634.511,-11101562.91,-6403596.932
19/05/2019 16:00,-10275049.71,-2084792.694,-11049401.28,-6373509.093
19/05/2019 17:00,-10341954.81,-2098367.642,-11121348.5,-6415009.648
19/05/2019 18:00,-10392133.64,-2108548.854,-11175308.92,-6446135.067
19/05/2019 19:00,-10392133.64,-2108548.854,-11175308.92,-6446135.067
19/05/2019 20:00,-10323555.8,-2094634.511,-11101562.91,-6403596.932
19/05/2019 21:00,-10440639.73,-2118390.67,-11227470.55,-6476222.906
19/05/2019 22:00,-10490818.56,-2128571.881,-11281430.97,-6507348.322
19/05/2019 23:00,-9860238.024,-2000628.005,-10603328.43,-6116205.615
20/05/2019 00:00,-8978763.355,-1821778.072,-9655423.782,-5569435.82
20/05/2019 01:00,-8530499.377,-1730825.961,-9173377.591,-5291382.222
20/05/2019 02:00,-8331456.291,-1690440.407,-8959334.157,-5167917.815
20/05/2019 03:00,-8231098.637,-1670077.984,-8851413.317,-5105666.981
20/05/2019 04:00,-8180919.812,-1659896.774,-8797452.9,-5074541.565
20/05/2019 05:00,-8132413.713,-1650054.956,-8745291.268,-5044453.723
20/05/2019 06:00,-8247824.914,-1673471.722,-8869400.124,-5116042.12
20/05/2019 07:00,-8530499.377,-1730825.961,-9173377.591,-5291382.222
20/05/2019 08:00,-9227984.759,-1872344.734,-9923427.089,-5724025.329
20/05/2019 09:00,-9975649.477,-2024044.821,-10727437.55,-6187794.168
20/05/2019 10:00,-10142912.23,-2057982.192,-10907305.62,-6291545.558
20/05/2019 11:00,-10224870.88,-2074611.483,-10995440.86,-6342383.677
20/05/2019 12:00,-10208144.6,-2071217.746,-10977454.05,-6332008.537
20/05/2019 13:00,-10341954.81,-2098367.642,-11121348.5,-6415009.648
20/05/2019 14:00,-10373734.63,-2104815.722,-11155523.33,-6434722.35
20/05/2019 15:00,-10323555.8,-2094634.511,-11101562.91,-6403596.932
20/05/2019 16:00,-10275049.71,-2084792.694,-11049401.28,-6373509.093
20/05/2019 17:00,-10341954.81,-2098367.642,-11121348.5,-6415009.648
20/05/2019 18:00,-10392133.64,-2108548.854,-11175308.92,-6446135.067
20/05/2019 19:00,-10392133.64,-2108548.854,-11175308.92,-6446135.067
20/05/2019 20:00,-10323555.8,-2094634.511,-11101562.91,-6403596.932
20/05/2019 21:00,-10440639.73,-2118390.67,-11227470.55,-6476222.906
20/05/2019 22:00,-10490818.56,-2128571.881,-11281430.97,-6507348.322
20/05/2019 23:00,-9860238.024,-2000628.005,-10603328.43,-6116205.615
21/05/2019 00:00,-9095613.027,-1845486.701,-9781079.516,-5641916.486
21/05/2019 01:00,-8641515.34,-1753350.939,-9292759.974,-5360244.298
21/05/2019 02:00,-8439881.904,-1712439.807,-9075930.976,-5235173.123
21/05/2019 03:00,-8338218.198,-1691812.388,-8966605.656,-5172112.158
21/05/2019 04:00,-8287386.343,-1681498.678,-8911942.995,-5140581.674
21/05/2019 05:00,-8238248.987,-1671528.78,-8859102.533,-5110102.27
21/05/2019 06:00,-8355162.149,-1695250.291,-8984826.542,-5182622.318
21/05/2019 07:00,-8641515.34,-1753350.939,-9292759.974,-5360244.298
21/05/2019 08:00,-9348077.8,-1896711.438,-10052570.62,-5798517.824
21/05/2019 09:00,-10105472.63,-2050385.751,-10867044.48,-6268322.152
21/05/2019 10:00,-10274912.14,-2084764.783,-11049253.35,-6373423.765
21/05/2019 11:00,-10357937.4,-2101610.487,-11138535.58,-6424923.489
21/05/2019 12:00,-10340993.45,-2098172.584,-11120314.7,-6414413.329
21/05/2019 13:00,-10476545.06,-2125675.81,-11266081.79,-6498494.618
21/05/2019 14:00,-10508738.46,-2132207.804,-11300701.36,-6518463.859
21/05/2019 15:00,-10457906.61,-2121894.095,-11246038.7,-6486933.375
21/05/2019 16:00,-10408769.26,-2111924.197,-11193198.24,-6456453.973
21/05/2019 17:00,-10476545.06,-2125675.81,-11266081.79,-6498494.618
21/05/2019 18:00,-10527376.91,-2135989.519,-11320744.45,-6530025.1
21/05/2019 19:00,-10527376.91,-2135989.519,-11320744.45,-6530025.1
21/05/2019 20:00,-10457906.61,-2121894.095,-11246038.7,-6486933.375
21/05/2019 21:00,-10576514.27,-2145959.417,-11373584.91,-6560504.503
21/05/2019 22:00,-10627346.12,-2156273.127,-11428247.57,-6592034.987
21/05/2019 23:00,-9988559.211,-2026664.188,-10741320.2,-6195801.946
22/05/2019 00:00,-9095613.027,-1845486.701,-9781079.516,-5641916.486
22/05/2019 01:00,-8641515.34,-1753350.939,-9292759.974,-5360244.298
22/05/2019 02:00,-8439881.904,-1712439.807,-9075930.976,-5235173.123
22/05/2019 03:00,-8338218.198,-1691812.388,-8966605.656,-5172112.158
22/05/2019 04:00,-8287386.343,-1681498.678,-8911942.995,-5140581.674
22/05/2019 05:00,-8238248.987,-1671528.78,-8859102.533,-5110102.27
22/05/2019 06:00,-8355162.149,-1695250.291,-8984826.542,-5182622.318
22/05/2019 07:00,-8641515.34,-1753350.939,-9292759.974,-5360244.298
22/05/2019 08:00,-9348077.8,-1896711.438,-10052570.62,-5798517.824
22/05/2019 09:00,-10105472.63,-2050385.751,-10867044.48,-6268322.152
22/05/2019 10:00,-10274912.14,-2084764.783,-11049253.35,-6373423.765
22/05/2019 11:00,-10357937.4,-2101610.487,-11138535.58,-6424923.489
22/05/2019 12:00,-10340993.45,-2098172.584,-11120314.7,-6414413.329
22/05/2019 13:00,-10476545.06,-2125675.81,-11266081.79,-6498494.618
22/05/2019 14:00,-10508738.46,-2132207.804,-11300701.36,-6518463.859
22/05/2019 15:00,-10457906.61,-2121894.095,-11246038.7,-6486933.375
22/05/2019 16:00,-10408769.26,-2111924.197,-11193198.24,-6456453.973
22/05/2019 17:00,-10476545.06,-2125675.81,-11266081.79,-6498494.618
22/05/2019 18:00,-10527376.91,-2135989.519,-11320744.45,-6530025.1
22/05/2019 19:00,-10527376.91,-2135989.519,-11320744.45,-6530025.1
22/05/2019 20:00,-10457906.61,-2121894.095,-11246038.7,-6486933.375
22/05/2019 21:00,-10576514.27,-2145959.417,-11373584.91,-6560504.503
22/05/2019 22:00,-10627346.12,-2156273.127,-11428247.57,-6592034.987
22/05/2019 23:00,-9988559.211,-2026664.188,-10741320.2,-6195801.946
23/05/2019 00:00,-9095613.027,-1845486.701,-9781079.516,-5641916.486
23/05/2019 01:00,-8641515.34,-1753350.939,-9292759.974,-5360244.298
23/05/2019 02:00,-8439881.904,-1712439.807,-9075930.976,-5235173.123
23/05/2019 03:00,-8338218.198,-1691812.388,-8966605.656,-5172112.158
23/05/2019 04:00,-8287386.343,-1681498.678,-8911942.995,-5140581.674
23/05/2019 05:00,-8238248.987,-1671528.78,-8859102.533,-5110102.27
23/05/2019 06:00,-8355162.149,-1695250.291,-8984826.542,-5182622.318
23/05/2019 07:00,-8641515.34,-1753350.939,-9292759.974,-5360244.298
23/05/2019 08:00,-9348077.8,-1896711.438,-10052570.62,-5798517.824
23/05/2019 09:00,-10105472.63,-2050385.751,-10867044.48,-6268322.152
23/05/2019 10:00,-10274912.14,-2084764.783,-11049253.35,-6373423.765
23/05/2019 11:00,-10357937.4,-2101610.487,-11138535.58,-6424923.489
23/05/2019 12:00,-10340993.45,-2098172.584,-11120314.7,-6414413.329
23/05/2019 13:00,-10476545.06,-2125675.81,-11266081.79,-6498494.618
23/05/2019 14:00,-10508738.46,-2132207.804,-11300701.36,-6518463.859
23/05/2019 15:00,-10457906.61,-2121894.095,-11246038.7,-6486933.375
23/05/2019 16:00,-10408769.26,-2111924.197,-11193198.24,-6456453.973
23/05/2019 17:00,-10476545.06,-2125675.81,-11266081.79,-6498494.618
23/05/2019 18:00,-10527376.91,-2135989.519,-11320744.45,-6530025.1
23/05/2019 19:00,-10527376.91,-2135989.519,-11320744.45,-6530025.1
23/05/2019 20:00,-10457906.61,-2121894.095,-11246038.7,-6486933.375
23/05/2019 21:00,-10576514.27,-2145959.417,-11373584.91,-6560504.503
23/05/2019 22:00,-10627346.12,-2156273.127,-11428247.57,-6592034.987
23/05/2019 23:00,-9988559.211,-2026664.188,-10741320.2,-6195801.946
24/05/2019 00:00,-9095613.027,-1845486.701,-9781079.516,-5641916.486
24/05/2019 01:00,-8641515.34,-1753350.939,-9292759.974,-5360244.298
24/05/2019 02:00,-8439881.904,-1712439.807,-9075930.976,-5235173.123
24/05/2019 03:00,-8338218.198,-1691812.388,-8966605.656,-5172112.158
24/05/2019 04:00,-8287386.343,-1681498.678,-8911942.995,-5140581.674
24/05/2019 05:00,-8238248.987,-1671528.78,-8859102.533,-5110102.27
24/05/2019 06:00,-8355162.149,-1695250.291,-8984826.542,-5182622.318
24/05/2019 07:00,-8641515.34,-1753350.939,-9292759.974,-5360244.298
24/05/2019 08:00,-9348077.8,-1896711.438,-10052570.62,-5798517.824
24/05/2019 09:00,-10105472.63,-2050385.751,-10867044.48,-6268322.152
24/05/2019 10:00,-10274912.14,-2084764.783,-11049253.35,-6373423.765
24/05/2019 11:00,-10357937.4,-2101610.487,-11138535.58,-6424923.489
24/05/2019 12:00,-10340993.45,-2098172.584,-11120314.7,-6414413.329
24/05/2019 13:00,-10476545.06,-2125675.81,-11266081.79,-6498494.618
24/05/2019 14:00,-10508738.46,-2132207.804,-11300701.36,-6518463.859
24/05/2019 15:00,-10457906.61,-2121894.095,-11246038.7,-6486933.375
24/05/2019 16:00,-10408769.26,-2111924.197,-11193198.24,-6456453.973
24/05/2019 17:00,-10476545.06,-2125675.81,-11266081.79,-6498494.618
24/05/2019 18:00,-10527376.91,-2135989.519,-11320744.45,-6530025.1
24/05/2019 19:00,-10527376.91,-2135989.519,-11320744.45,-6530025.1
24/05/2019 20:00,-10457906.61,-2121894.095,-11246038.7,-6486933.375
24/05/2019 21:00,-10576514.27,-2145959.417,-11373584.91,-6560504.503
24/05/2019 22:00,-10627346.12,-2156273.127,-11428247.57,-6592034.987
24/05/2019 23:00,-9988559.211,-2026664.188,-10741320.2,-6195801.946
25/05/2019 00:00,-9095613.027,-1845486.701,-9781079.516,-5641916.486
25/05/2019 01:00,-8641515.34,-1753350.939,-9292759.974,-5360244.298
25/05/2019 02:00,-8439881.904,-1712439.807,-9075930.976,-5235173.123
25/05/2019 03:00,-8338218.198,-1691812.388,-8966605.656,-5172112.158
25/05/2019 04:00,-8287386.343,-1681498.678,-8911942.995,-5140581.674
25/05/2019 05:00,-8238248.987,-1671528.78,-8859102.533,-5110102.27
25/05/2019 06:00,-8355162.149,-1695250.291,-8984826.542,-5182622.318
25/05/2019 07:00,-8641515.34,-1753350.939,-9292759.974,-5360244.298
25/05/2019 08:00,-9348077.8,-1896711.438,-10052570.62,-5798517.824
25/05/2019 09:00,-10105472.63,-2050385.751,-10867044.48,-6268322.152
25/05/2019 10:00,-10274912.14,-2084764.783,-11049253.35,-6373423.765
25/05/2019 11:00,-10357937.4,-2101610.487,-11138535.58,-6424923.489
25/05/2019 12:00,-10340993.45,-2098172.584,-11120314.7,-6414413.329
25/05/2019 13:00,-10476545.06,-2125675.81,-11266081.79,-6498494.618
25/05/2019 14:00,-10508738.46,-2132207.804,-11300701.36,-6518463.859
25/05/2019 15:00,-10457906.61,-2121894.095,-11246038.7,-6486933.375
25/05/2019 16:00,-10408769.26,-2111924.197,-11193198.24,-6456453.973
25/05/2019 17:00,-10476545.06,-2125675.81,-11266081.79,-6498494.618
25/05/2019 18:00,-10527376.91,-2135989.519,-11320744.45,-6530025.1
25/05/2019 19:00,-10527376.91,-2135989.519,-11320744.45,-6530025.1
25/05/2019 20:00,-10457906.61,-2121894.095,-11246038.7,-6486933.375
25/05/2019 21:00,-10576514.27,-2145959.417,-11373584.91,-6560504.503
25/05/2019 22:00,-10627346.12,-2156273.127,-11428247.57,-6592034.987
25/05/2019 23:00,-9988559.211,-2026664.188,-10741320.2,-6195801.946
26/05/2019 00:00,-9095613.027,-1845486.701,-9781079.516,-5641916.486
26/05/2019 01:00,-8641515.34,-1753350.939,-9292759.974,-5360244.298
26/05/2019 02:00,-8439881.904,-1712439.807,-9075930.976,-5235173.123
26/05/2019 03:00,-8338218.198,-1691812.388,-8966605.656,-5172112.158
26/05/2019 04:00,-8287386.343,-1681498.678,-8911942.995,-5140581.674
26/05/2019 05:00,-8238248.987,-1671528.78,-8859102.533,-5110102.27
26/05/2019 06:00,-8355162.149,-1695250.291,-8984826.542,-5182622.318
26/05/2019 07:00,-8641515.34,-1753350.939,-9292759.974,-5360244.298
26/05/2019 08:00,-9348077.8,-1896711.438,-10052570.62,-5798517.824
26/05/2019 09:00,-10105472.63,-2050385.751,-10867044.48,-6268322.152
26/05/2019 10:00,-10274912.14,-2084764.783,-11049253.35,-6373423.765
26/05/2019 11:00,-10357937.4,-2101610.487,-11138535.58,-6424923.489
26/05/2019 12:00,-10340993.45,-2098172.584,-11120314.7,-6414413.329
26/05/2019 13:00,-10476545.06,-2125675.81,-11266081.79,-6498494.618
26/05/2019 14:00,-10508738.46,-2132207.804,-11300701.36,-6518463.859
26/05/2019 15:00,-10457906.61,-2121894.095,-11246038.7,-6486933.375
26/05/2019 16:00,-10408769.26,-2111924.197,-11193198.24,-6456453.973
26/05/2019 17:00,-10476545.06,-2125675.81,-11266081.79,-6498494.618
26/05/2019 18:00,-10527376.91,-2135989.519,-11320744.45,-6530025.1
26/05/2019 19:00,-10527376.91,-2135989.519,-11320744.45,-6530025.1
26/05/2019 20:00,-10457906.61,-2121894.095,-11246038.7,-6486933.375
26/05/2019 21:00,-10576514.27,-2145959.417,-11373584.91,-6560504.503
26/05/2019 22:00,-10627346.12,-2156273.127,-11428247.57,-6592034.987
26/05/2019 23:00,-9988559.211,-2026664.188,-10741320.2,-6195801.946
27/05/2019 00:00,-9095613.027,-1845486.701,-9781079.516,-5641916.486
27/05/2019 01:00,-8641515.34,-1753350.939,-9292759.974,-5360244.298
27/05/2019 02:00,-8439881.904,-1712439.807,-9075930.976,-5235173.123
27/05/2019 03:00,-8338218.198,-1691812.388,-8966605.656,-5172112.158
27/05/2019 04:00,-8287386.343,-1681498.678,-8911942.995,-5140581.674
27/05/2019 05:00,-8238248.987,-1671528.78,-8859102.533,-5110102.27
27/05/2019 06:00,-8355162.149,-1695250.291,-8984826.542,-5182622.318
27/05/2019 07:00,-8641515.34,-1753350.939,-9292759.974,-5360244.298
27/05/2019 08:00,-9348077.8,-1896711.438,-10052570.62,-5798517.824
27/05/2019 09:00,-10105472.63,-2050385.751,-10867044.48,-6268322.152
27/05/2019 10:00,-10274912.14,-2084764.783,-11049253.35,-6373423.765
27/05/2019 11:00,-10357937.4,-2101610.487,-11138535.58,-6424923.489
27/05/2019 12:00,-10340993.45,-2098172.584,-11120314.7,-6414413.329
27/05/2019 13:00,-10476545.06,-2125675.81,-11266081.79,-6498494.618
27/05/2019 14:00,-10508738.46,-2132207.804,-11300701.36,-6518463.859
27/05/2019 15:00,-10457906.61,-2121894.095,-11246038.7,-6486933.375
27/05/2019 16:00,-10408769.26,-2111924.197,-11193198.24,-6456453.973
27/05/2019 17:00,-10476545.06,-2125675.81,-11266081.79,-6498494.618
27/05/2019 18:00,-10527376.91,-2135989.519,-11320744.45,-6530025.1
27/05/2019 19:00,-10527376.91,-2135989.519,-11320744.45,-6530025.1
27/05/2019 20:00,-10457906.61,-2121894.095,-11246038.7,-6486933.375
27/05/2019 21:00,-10576514.27,-2145959.417,-11373584.91,-6560504.503
27/05/2019 22:00,-10627346.12,-2156273.127,-11428247.57,-6592034.987
27/05/2019 23:00,-9988559.211,-2026664.188,-10741320.2,-6195801.946
28/05/2019 00:00,-9079134.143,-1842143.16,-9763358.745,-5631694.802
28/05/2019 01:00,-8625859.16,-1750174.322,-9275923.909,-5350532.928
28/05/2019 02:00,-8424591.035,-1709337.312,-9059487.751,-5225688.352
28/05/2019 03:00,-8323111.514,-1688747.264,-8950360.498,-5162741.635
28/05/2019 04:00,-8272371.753,-1678452.24,-8895796.871,-5131268.276
28/05/2019 05:00,-8223323.424,-1668500.405,-8843052.146,-5100844.095
28/05/2019 06:00,-8340024.766,-1692178.938,-8968548.372,-5173232.754
28/05/2019 07:00,-8625859.16,-1750174.322,-9275923.909,-5350532.928
28/05/2019 08:00,-9331141.515,-1893275.09,-10034357.98,-5788012.418
28/05/2019 09:00,-10087164.14,-2046670.985,-10847356.22,-6256965.583
28/05/2019 10:00,-10256296.68,-2080987.731,-11029234.98,-6361876.778
28/05/2019 11:00,-10339171.51,-2097802.916,-11118355.45,-6413283.199
28/05/2019 12:00,-10322258.26,-2094371.241,-11100167.58,-6402792.08
28/05/2019 13:00,-10457564.29,-2121824.638,-11245670.58,-6486721.036
28/05/2019 14:00,-10489699.36,-2128344.798,-11280227.43,-6506654.098
28/05/2019 15:00,-10438959.61,-2118049.775,-11225663.81,-6475180.741
28/05/2019 16:00,-10389911.27,-2108097.94,-11172919.08,-6444756.558
28/05/2019 17:00,-10457564.29,-2121824.638,-11245670.58,-6486721.036
28/05/2019 18:00,-10508304.05,-2132119.662,-11300234.21,-6518194.394
28/05/2019 19:00,-10508304.05,-2132119.662,-11300234.21,-6518194.394
28/05/2019 20:00,-10438959.61,-2118049.775,-11225663.81,-6475180.741
28/05/2019 21:00,-10557352.38,-2142071.497,-11352978.93,-6548618.575
28/05/2019 22:00,-10608092.14,-2152366.521,-11407542.56,-6580091.934
28/05/2019 23:00,-9970462.54,-2022992.399,-10721859.72,-6184576.764
29/05/2019 00:00,-9079134.143,-1842143.16,-9763358.745,-5631694.802
29/05/2019 01:00,-8625859.16,-1750174.322,-9275923.909,-5350532.928
29/05/2019 02:00,-8424591.035,-1709337.312,-9059487.751,-5225688.352
29/05/2019 03:00,-8323111.514,-1688747.264,-8950360.498,-5162741.635
29/05/2019 04:00,-8272371.753,-1678452.24,-8895796.871,-5131268.276
29/05/2019 05:00,-8223323.424,-1668500.405,-8843052.146,-5100844.095
29/05/2019 06:00,-8340024.766,-1692178.938,-8968548.372,-5173232.754
29/05/2019 07:00,-8625859.16,-1750174.322,-9275923.909,-5350532.928
29/05/2019 08:00,-9331141.515,-1893275.09,-10034357.98,-5788012.418
29/05/2019 09:00,-10087164.14,-2046670.985,-10847356.22,-6256965.583
29/05/2019 10:00,-10256296.68,-2080987.731,-11029234.98,-6361876.778
29/05/2019 11:00,-10339171.51,-2097802.916,-11118355.45,-6413283.199
29/05/2019 12:00,-10322258.26,-2094371.241,-11100167.58,-6402792.08
29/05/2019 13:00,-10457564.29,-2121824.638,-11245670.58,-6486721.036
29/05/2019 14:00,-10489699.36,-2128344.798,-11280227.43,-6506654.098
29/05/2019 15:00,-10438959.61,-2118049.775,-11225663.81,-6475180.741
29/05/2019 16:00,-10389911.27,-2108097.94,-11172919.08,-6444756.558
29/05/2019 17:00,-10457564.29,-2121824.638,-11245670.58,-6486721.036
29/05/2019 18:00,-10508304.05,-2132119.662,-11300234.21,-6518194.394
29/05/2019 19:00,-10508304.05,-2132119.662,-11300234.21,-6518194.394
29/05/2019 20:00,-10438959.61,-2118049.775,-11225663.81,-6475180.741
29/05/2019 21:00,-10557352.38,-2142071.497,-11352978.93,-6548618.575
29/05/2019 22:00,-10608092.14,-2152366.521,-11407542.56,-6580091.934
29/05/2019 23:00,-9970462.54,-2022992.399,-10721859.72,-6184576.764
30/05/2019 00:00,-9079134.143,-1842143.16,-9763358.745,-5631694.802
30/05/2019 01:00,-8625859.16,-1750174.322,-9275923.909,-5350532.928
30/05/2019 02:00,-8424591.035,-1709337.312,-9059487.751,-5225688.352
30/05/2019 03:00,-8323111.514,-1688747.264,-8950360.498,-5162741.635
30/05/2019 04:00,-8272371.753,-1678452.24,-8895796.871,-5131268.276
30/05/2019 05:00,-8223323.424,-1668500.405,-8843052.146,-5100844.095
30/05/2019 06:00,-8340024.766,-1692178.938,-8968548.372,-5173232.754
30/05/2019 07:00,-8625859.16,-1750174.322,-9275923.909,-5350532.928
30/05/2019 08:00,-9331141.515,-1893275.09,-10034357.98,-5788012.418
30/05/2019 09:00,-10087164.14,-2046670.985,-10847356.22,-6256965.583
30/05/2019 10:00,-10256296.68,-2080987.731,-11029234.98,-6361876.778
30/05/2019 11:00,-10339171.51,-2097802.916,-11118355.45,-6413283.199
30/05/2019 12:00,-10322258.26,-2094371.241,-11100167.58,-6402792.08
30/05/2019 13:00,-10457564.29,-2121824.638,-11245670.58,-6486721.036
30/05/2019 14:00,-10489699.36,-2128344.798,-11280227.43,-6506654.098
30/05/2019 15:00,-10438959.61,-2118049.775,-11225663.81,-6475180.741
30/05/2019 16:00,-10389911.27,-2108097.94,-11172919.08,-6444756.558
30/05/2019 17:00,-10457564.29,-2121824.638,-11245670.58,-6486721.036
30/05/2019 18:00,-10508304.05,-2132119.662,-11300234.21,-6518194.394
30/05/2019 19:00,-10508304.05,-2132119.662,-11300234.21,-6518194.394
30/05/2019 20:00,-10438959.61,-2118049.775,-11225663.81,-6475180.741
30/05/2019 21:00,-10557352.38,-2142071.497,-11352978.93,-6548618.575
30/05/2019 22:00,-10608092.14,-2152366.521,-11407542.56,-6580091.934
30/05/2019 23:00,-9970462.54,-2022992.399,-10721859.72,-6184576.764
31/05/2019 00:00,-9079134.143,-1842143.16,-9763358.745,-5631694.802
31/05/2019 01:00,-8625859.16,-1750174.322,-9275923.909,-5350532.928
31/05/2019 02:00,-8424591.035,-1709337.312,-9059487.751,-5225688.352
31/05/2019 03:00,-8323111.514,-1688747.264,-8950360.498,-5162741.635
31/05/2019 04:00,-8272371.753,-1678452.24,-8895796.871,-5131268.276
31/05/2019 05:00,-8223323.424,-1668500.405,-8843052.146,-5100844.095
31/05/2019 06:00,-8340024.766,-1692178.938,-8968548.372,-5173232.754
31/05/2019 07:00,-8625859.16,-1750174.322,-9275923.909,-5350532.928
31/05/2019 08:00,-9331141.515,-1893275.09,-10034357.98,-5788012.418
31/05/2019 09:00,-10087164.14,-2046670.985,-10847356.22,-6256965.583
31/05/2019 10:00,-10256296.68,-2080987.731,-11029234.98,-6361876.778
31/05/2019 11:00,-10339171.51,-2097802.916,-11118355.45,-6413283.199
31/05/2019 12:00,-10322258.26,-2094371.241,-11100167.58,-6402792.08
31/05/2019 13:00,-10457564.29,-2121824.638,-11245670.58,-6486721.036
31/05/2019 14:00,-10489699.36,-2128344.798,-11280227.43,-6506654.098
31/05/2019 15:00,-10438959.61,-2118049.775,-11225663.81,-6475180.741
31/05/2019 16:00,-10389911.27,-2108097.94,-11172919.08,-6444756.558
31/05/2019 17:00,-10457564.29,-2121824.638,-11245670.58,-6486721.036
31/05/2019 18:00,-10508304.05,-2132119.662,-11300234.21,-6518194.394
31/05/2019 19:00,-10508304.05,-2132119.662,-11300234.21,-6518194.394
31/05/2019 20:00,-10438959.61,-2118049.775,-11225663.81,-6475180.741
31/05/2019 21:00,-10557352.38,-2142071.497,-11352978.93,-6548618.575
31/05/2019 22:00,-10608092.14,-2152366.521,-11407542.56,-6580091.934
31/05/2019 23:00,-9970462.54,-2022992.399,-10721859.72,-6184576.764
01/06/2019 00:00,-9079134.143,-1842143.16,-9763358.745,-5631694.802
01/06/2019 01:00,-8625859.16,-1750174.322,-9275923.909,-5350532.928
01/06/2019 02:00,-8424591.035,-1709337.312,-9059487.751,-5225688.352
01/06/2019 03:00,-8323111.514,-1688747.264,-8950360.498,-5162741.635
01/06/2019 04:00,-8272371.753,-1678452.24,-8895796.871,-5131268.276
01/06/2019 05:00,-8223323.424,-1668500.405,-8843052.146,-5100844.095
01/06/2019 06:00,-8340024.766,-1692178.938,-8968548.372,-5173232.754
01/06/2019 07:00,-8625859.16,-1750174.322,-9275923.909,-5350532.928
01/06/2019 08:00,-9331141.515,-1893275.09,-10034357.98,-5788012.418
01/06/2019 09:00,-10087164.14,-2046670.985,-10847356.22,-6256965.583
01/06/2019 10:00,-10256296.68,-2080987.731,-11029234.98,-6361876.778
01/06/2019 11:00,-10339171.51,-2097802.916,-11118355.45,-6413283.199
01/06/2019 12:00,-10322258.26,-2094371.241,-11100167.58,-6402792.08
01/06/2019 13:00,-10457564.29,-2121824.638,-11245670.58,-6486721.036
01/06/2019 14:00,-10489699.36,-2128344.798,-11280227.43,-6506654.098
01/06/2019 15:00,-10438959.61,-2118049.775,-11225663.81,-6475180.741
01/06/2019 16:00,-10389911.27,-2108097.94,-11172919.08,-6444756.558
01/06/2019 17:00,-10457564.29,-2121824.638,-11245670.58,-6486721.036
01/06/2019 18:00,-10508304.05,-2132119.662,-11300234.21,-6518194.394
01/06/2019 19:00,-10508304.05,-2132119.662,-11300234.21,-6518194.394
01/06/2019 20:00,-10438959.61,-2118049.775,-11225663.81,-6475180.741
01/06/2019 21:00,-10557352.38,-2142071.497,-11352978.93,-6548618.575
01/06/2019 22:00,-10608092.14,-2152366.521,-11407542.56,-6580091.934
01/06/2019 23:00,-9970462.54,-2022992.399,-10721859.72,-6184576.764
02/06/2019 00:00,-9079134.143,-1842143.16,-9763358.745,-5631694.802
02/06/2019 01:00,-8625859.16,-1750174.322,-9275923.909,-5350532.928
02/06/2019 02:00,-8424591.035,-1709337.312,-9059487.751,-5225688.352
02/06/2019 03:00,-8323111.514,-1688747.264,-8950360.498,-5162741.635
02/06/2019 04:00,-8272371.753,-1678452.24,-8895796.871,-5131268.276
02/06/2019 05:00,-8223323.424,-1668500.405,-8843052.146,-5100844.095
02/06/2019 06:00,-8340024.766,-1692178.938,-8968548.372,-5173232.754
02/06/2019 07:00,-8625859.16,-1750174.322,-9275923.909,-5350532.928
02/06/2019 08:00,-9331141.515,-1893275.09,-10034357.98,-5788012.418
02/06/2019 09:00,-10087164.14,-2046670.985,-10847356.22,-6256965.583
02/06/2019 10:00,-10256296.68,-2080987.731,-11029234.98,-6361876.778
02/06/2019 11:00,-10339171.51,-2097802.916,-11118355.45,-6413283.199
02/06/2019 12:00,-10322258.26,-2094371.241,-11100167.58,-6402792.08
02/06/2019 13:00,-10457564.29,-2121824.638,-11245670.58,-6486721.036
02/06/2019 14:00,-10489699.36,-2128344.798,-11280227.43,-6506654.098
02/06/2019 15:00,-10438959.61,-2118049.775,-11225663.81,-6475180.741
02/06/2019 16:00,-10389911.27,-2108097.94,-11172919.08,-6444756.558
02/06/2019 17:00,-10457564.29,-2121824.638,-11245670.58,-6486721.036
02/06/2019 18:00,-10508304.05,-2132119.662,-11300234.21,-6518194.394
02/06/2019 19:00,-10508304.05,-2132119.662,-11300234.21,-6518194.394
02/06/2019 20:00,-10438959.61,-2118049.775,-11225663.81,-6475180.741
02/06/2019 21:00,-10557352.38,-2142071.497,-11352978.93,-6548618.575
02/06/2019 22:00,-10608092.14,-2152366.521,-11407542.56,-6580091.934
02/06/2019 23:00,-9970462.54,-2022992.399,-10721859.72,-6184576.764
03/06/2019 00:00,-9079134.143,-1842143.16,-9763358.745,-5631694.802
03/06/2019 01:00,-8625859.16,-1750174.322,-9275923.909,-5350532.928
03/06/2019 02:00,-8424591.035,-1709337.312,-9059487.751,-5225688.352
03/06/2019 03:00,-8323111.514,-1688747.264,-8950360.498,-5162741.635
03/06/2019 04:00,-8272371.753,-1678452.24,-8895796.871,-5131268.276
03/06/2019 05:00,-8223323.424,-1668500.405,-8843052.146,-5100844.095
03/06/2019 06:00,-8340024.766,-1692178.938,-8968548.372,-5173232.754
03/06/2019 07:00,-8625859.16,-1750174.322,-9275923.909,-5350532.928
03/06/2019 08:00,-9331141.515,-1893275.09,-10034357.98,-5788012.418
03/06/2019 09:00,-10087164.14,-2046670.985,-10847356.22,-6256965.583
03/06/2019 10:00,-10256296.68,-2080987.731,-11029234.98,-6361876.778
03/06/2019 11:00,-10339171.51,-2097802.916,-11118355.45,-6413283.199
03/06/2019 12:00,-10322258.26,-2094371.241,-11100167.58,-6402792.08
03/06/2019 13:00,-10457564.29,-2121824.638,-11245670.58,-6486721.036
03/06/2019 14:00,-10489699.36,-2128344.798,-11280227.43,-6506654.098
03/06/2019 15:00,-10438959.61,-2118049.775,-11225663.81,-6475180.741
03/06/2019 16:00,-10389911.27,-2108097.94,-11172919.08,-6444756.558
03/06/2019 17:00,-10457564.29,-2121824.638,-11245670.58,-6486721.036
03/06/2019 18:00,-10508304.05,-2132119.662,-11300234.21,-6518194.394
03/06/2019 19:00,-10508304.05,-2132119.662,-11300234.21,-6518194.394
03/06/2019 20:00,-10438959.61,-2118049.775,-11225663.81,-6475180.741
03/06/2019 21:00,-10557352.38,-2142071.497,-11352978.93,-6548618.575
03/06/2019 22:00,-10608092.14,-2152366.521,-11407542.56,-6580091.934
03/06/2019 23:00,-9970462.54,-2022992.399,-10721859.72,-6184576.764
04/06/2019 00:00,-9095613.027,-1845486.701,-9781079.516,-5641916.486
04/06/2019 01:00,-8641515.34,-1753350.939,-9292759.974,-5360244.298
04/06/2019 02:00,-8439881.904,-1712439.807,-9075930.976,-5235173.123
04/06/2019 03:00,-8338218.198,-1691812.388,-8966605.656,-5172112.158
04/06/2019 04:00,-8287386.343,-1681498.678,-8911942.995,-5140581.674
04/06/2019 05:00,-8238248.987,-1671528.78,-8859102.533,-5110102.27
04/06/2019 06:00,-8355162.149,-1695250.291,-8984826.542,-5182622.318
04/06/2019 07:00,-8641515.34,-1753350.939,-9292759.974,-5360244.298
04/06/2019 08:00,-9348077.8,-1896711.438,-10052570.62,-5798517.824
04/06/2019 09:00,-10105472.63,-2050385.751,-10867044.48,-6268322.152
04/06/2019 10:00,-10274912.14,-2084764.783,-11049253.35,-6373423.765
04/06/2019 11:00,-10357937.4,-2101610.487,-11138535.58,-6424923.489
04/06/2019 12:00,-10340993.45,-2098172.584,-11120314.7,-6414413.329
04/06/2019 13:00,-10476545.06,-2125675.81,-11266081.79,-6498494.618
04/06/2019 14:00,-10508738.46,-2132207.804,-11300701.36,-6518463.859
04/06/2019 15:00,-10457906.61,-2121894.095,-11246038.7,-6486933.375
04/06/2019 16:00,-10408769.26,-2111924.197,-11193198.24,-6456453.973
04/06/2019 17:00,-10476545.06,-2125675.81,-11266081.79,-6498494.618
04/06/2019 18:00,-10527376.91,-2135989.519,-11320744.45,-6530025.1
04/06/2019 19:00,-10527376.91,-2135989.519,-11320744.45,-6530025.1
04/06/2019 20:00,-10457906.61,-2121894.095,-11246038.7,-6486933.375
04/06/2019 21:00,-10576514.27,-2145959.417,-11373584.91,-6560504.503
04/06/2019 22:00,-10627346.12,-2156273.127,-11428247.57,-6592034.987
04/06/2019 23:00,-9988559.211,-2026664.188,-10741320.2,-6195801.946
05/06/2019 00:00,-9095613.027,-1845486.701,-9781079.516,-5641916.486
05/06/2019 01:00,-8641515.34,-1753350.939,-9292759.974,-5360244.298
05/06/2019 02:00,-8439881.904,-1712439.807,-9075930.976,-5235173.123
05/06/2019 03:00,-8338218.198,-1691812.388,-8966605.656,-5172112.158
05/06/2019 04:00,-8287386.343,-1681498.678,-8911942.995,-5140581.674
05/06/2019 05:00,-8238248.987,-1671528.78,-8859102.533,-5110102.27
05/06/2019 06:00,-8355162.149,-1695250.291,-8984826.542,-5182622.318
05/06/2019 07:00,-8641515.34,-1753350.939,-9292759.974,-5360244.298
05/06/2019 08:00,-9348077.8,-1896711.438,-10052570.62,-5798517.824
05/06/2019 09:00,-10105472.63,-2050385.751,-10867044.48,-6268322.152
05/06/2019 10:00,-10274912.14,-2084764.783,-11049253.35,-6373423.765
05/06/2019 11:00,-10357937.4,-2101610.487,-11138535.58,-6424923.489
05/06/2019 12:00,-10340993.45,-2098172.584,-11120314.7,-6414413.329
05/06/2019 13:00,-10476545.06,-2125675.81,-11266081.79,-6498494.618
05/06/2019 14:00,-10508738.46,-2132207.804,-11300701.36,-6518463.859
05/06/2019 15:00,-10457906.61,-2121894.095,-11246038.7,-6486933.375
05/06/2019 16:00,-10408769.26,-2111924.197,-11193198.24,-6456453.973
05/06/2019 17:00,-10476545.06,-2125675.81,-11266081.79,-6498494.618
05/06/2019 18:00,-10527376.91,-2135989.519,-11320744.45,-6530025.1
05/06/2019 19:00,-10527376.91,-2135989.519,-11320744.45,-6530025.1
05/06/2019 20:00,-10457906.61,-2121894.095,-11246038.7,-6486933.375
05/06/2019 21:00,-10576514.27,-2145959.417,-11373584.91,-6560504.503
05/06/2019 22:00,-10627346.12,-2156273.127,-11428247.57,-6592034.987
05/06/2019 23:00,-9988559.211,-2026664.188,-10741320.2,-6195801.946
06/06/2019 00:00,-9095613.027,-1845486.701,-9781079.516,-5641916.486
06/06/2019 01:00,-8641515.34,-1753350.939,-9292759.974,-5360244.298
06/06/2019 02:00,-8439881.904,-1712439.807,-9075930.976,-5235173.123
06/06/2019 03:00,-8338218.198,-1691812.388,-8966605.656,-5172112.158
06/06/2019 04:00,-8287386.343,-1681498.678,-8911942.995,-5140581.674
06/06/2019 05:00,-8238248.987,-1671528.78,-8859102.533,-5110102.27
06/06/2019 06:00,-8355162.149,-1695250.291,-8984826.542,-5182622.318
06/06/2019 07:00,-8641515.34,-1753350.939,-9292759.974,-5360244.298
06/06/2019 08:00,-9348077.8,-1896711.438,-10052570.62,-5798517.824
06/06/2019 09:00,-10105472.63,-2050385.751,-10867044.48,-6268322.152
06/06/2019 10:00,-10274912.14,-2084764.783,-11049253.35,-6373423.765
06/06/2019 11:00,-10357937.4,-2101610.487,-11138535.58,-6424923.489
06/06/2019 12:00,-10340993.45,-2098172.584,-11120314.7,-6414413.329
06/06/2019 13:00,-10476545.06,-2125675.81,-11266081.79,-6498494.618
06/06/2019 14:00,-10508738.46,-2132207.804,-11300701.36,-6518463.859
06/06/2019 15:00,-10457906.61,-2121894.095,-11246038.7,-6486933.375
06/06/2019 16:00,-10408769.26,-2111924.197,-11193198.24,-6456453.973
06/06/2019 17:00,-10476545.06,-2125675.81,-11266081.79,-6498494.618
06/06/2019 18:00,-10527376.91,-2135989.519,-11320744.45,-6530025.1
06/06/2019 19:00,-10527376.91,-2135989.519,-11320744.45,-6530025.1
06/06/2019 20:00,-10457906.61,-2121894.095,-11246038.7,-6486933.375
06/06/2019 21:00,-10576514.27,-2145959.417,-11373584.91,-6560504.503
06/06/2019 22:00,-10627346.12,-2156273.127,-11428247.57,-6592034.987
06/06/2019 23:00,-9988559.211,-2026664.188,-10741320.2,-6195801.946
07/06/2019 00:00,-9095613.027,-1845486.701,-9781079.516,-5641916.486
07/06/2019 01:00,-8641515.34,-1753350.939,-9292759.974,-5360244.298
07/06/2019 02:00,-8439881.904,-1712439.807,-9075930.976,-5235173.123
07/06/2019 03:00,-8338218.198,-1691812.388,-8966605.656,-5172112.158
07/06/2019 04:00,-8287386.343,-1681498.678,-8911942.995,-5140581.674
07/06/2019 05:00,-8238248.987,-1671528.78,-8859102.533,-5110102.27
07/06/2019 06:00,-8355162.149,-1695250.291,-8984826.542,-5182622.318
07/06/2019 07:00,-8641515.34,-1753350.939,-9292759.974,-5360244.298
07/06/2019 08:00,-9348077.8,-1896711.438,-10052570.62,-5798517.824
07/06/2019 09:00,-10105472.63,-2050385.751,-10867044.48,-6268322.152
07/06/2019 10:00,-10274912.14,-2084764.783,-11049253.35,-6373423.765
07/06/2019 11:00,-10357937.4,-2101610.487,-11138535.58,-6424923.489
07/06/2019 12:00,-10340993.45,-2098172.584,-11120314.7,-6414413.329
07/06/2019 13:00,-10476545.06,-2125675.81,-11266081.79,-6498494.618
07/06/2019 14:00,-10508738.46,-2132207.804,-11300701.36,-6518463.859
07/06/2019 15:00,-10457906.61,-2121894.095,-11246038.7,-6486933.375
07/06/2019 16:00,-10408769.26,-2111924.197,-11193198.24,-6456453.973
07/06/2019 17:00,-10476545.06,-2125675.81,-11266081.79,-6498494.618
07/06/2019 18:00,-10527376.91,-2135989.519,-11320744.45,-6530025.1
07/06/2019 19:00,-10527376.91,-2135989.519,-11320744.45,-6530025.1
07/06/2019 20:00,-10457906.61,-2121894.095,-11246038.7,-6486933.375
07/06/2019 21:00,-10576514.27,-2145959.417,-11373584.91,-6560504.503
07/06/2019 22:00,-10627346.12,-2156273.127,-11428247.57,-6592034.987
07/06/2019 23:00,-9988559.211,-2026664.188,-10741320.2,-6195801.946
08/06/2019 00:00,-9095613.027,-1845486.701,-9781079.516,-5641916.486
08/06/2019 01:00,-8641515.34,-1753350.939,-9292759.974,-5360244.298
08/06/2019 02:00,-8439881.904,-1712439.807,-9075930.976,-5235173.123
08/06/2019 03:00,-8338218.198,-1691812.388,-8966605.656,-5172112.158
08/06/2019 04:00,-8287386.343,-1681498.678,-8911942.995,-5140581.674
08/06/2019 05:00,-8238248.987,-1671528.78,-8859102.533,-5110102.27
08/06/2019 06:00,-8355162.149,-1695250.291,-8984826.542,-5182622.318
08/06/2019 07:00,-8641515.34,-1753350.939,-9292759.974,-5360244.298
08/06/2019 08:00,-9348077.8,-1896711.438,-10052570.62,-5798517.824
08/06/2019 09:00,-10105472.63,-2050385.751,-10867044.48,-6268322.152
08/06/2019 10:00,-10274912.14,-2084764.783,-11049253.35,-6373423.765
08/06/2019 11:00,-10357937.4,-2101610.487,-11138535.58,-6424923.489
08/06/2019 12:00,-10340993.45,-2098172.584,-11120314.7,-6414413.329
08/06/2019 13:00,-10476545.06,-2125675.81,-11266081.79,-6498494.618
08/06/2019 14:00,-10508738.46,-2132207.804,-11300701.36,-6518463.859
08/06/2019 15:00,-10457906.61,-2121894.095,-11246038.7,-6486933.375
08/06/2019 16:00,-10408769.26,-2111924.197,-11193198.24,-6456453.973
08/06/2019 17:00,-10476545.06,-2125675.81,-11266081.79,-6498494.618
08/06/2019 18:00,-10527376.91,-2135989.519,-11320744.45,-6530025.1
08/06/2019 19:00,-10527376.91,-2135989.519,-11320744.45,-6530025.1
08/06/2019 20:00,-10457906.61,-2121894.095,-11246038.7,-6486933.375
08/06/2019 21:00,-10576514.27,-2145959.417,-11373584.91,-6560504.503
08/06/2019 22:00,-10627346.12,-2156273.127,-11428247.57,-6592034.987
08/06/2019 23:00,-9988559.211,-2026664.188,-10741320.2,-6195801.946
09/06/2019 00:00,-9095613.027,-1845486.701,-9781079.516,-5641916.486
09/06/2019 01:00,-8641515.34,-1753350.939,-9292759.974,-5360244.298
09/06/2019 02:00,-8439881.904,-1712439.807,-9075930.976,-5235173.123
09/06/2019 03:00,-8338218.198,-1691812.388,-8966605.656,-5172112.158
09/06/2019 04:00,-8287386.343,-1681498.678,-8911942.995,-5140581.674
09/06/2019 05:00,-8238248.987,-1671528.78,-8859102.533,-5110102.27
09/06/2019 06:00,-8355162.149,-1695250.291,-8984826.542,-5182622.318
09/06/2019 07:00,-8641515.34,-1753350.939,-9292759.974,-5360244.298
09/06/2019 08:00,-9348077.8,-1896711.438,-10052570.62,-5798517.824
09/06/2019 09:00,-10105472.63,-2050385.751,-10867044.48,-6268322.152
09/06/2019 10:00,-10274912.14,-2084764.783,-11049253.35,-6373423.765
09/06/2019 11:00,-10357937.4,-2101610.487,-11138535.58,-6424923.489
09/06/2019 12:00,-10340993.45,-2098172.584,-11120314.7,-6414413.329
09/06/2019 13:00,-10476545.06,-2125675.81,-11266081.79,-6498494.618
09/06/2019 14:00,-10508738.46,-2132207.804,-11300701.36,-6518463.859
09/06/2019 15:00,-10457906.61,-2121894.095,-11246038.7,-6486933.375
09/06/2019 16:00,-10408769.26,-2111924.197,-11193198.24,-6456453.973
09/06/2019 17:00,-10476545.06,-2125675.81,-11266081.79,-6498494.618
09/06/2019 18:00,-10527376.91,-2135989.519,-11320744.45,-6530025.1
09/06/2019 19:00,-10527376.91,-2135989.519,-11320744.45,-6530025.1
09/06/2019 20:00,-10457906.61,-2121894.095,-11246038.7,-6486933.375
09/06/2019 21:00,-10576514.27,-2145959.417,-11373584.91,-6560504.503
09/06/2019 22:00,-10627346.12,-2156273.127,-11428247.57,-6592034.987
09/06/2019 23:00,-9988559.211,-2026664.188,-10741320.2,-6195801.946
10/06/2019 00:00,-9095613.027,-1845486.701,-9781079.516,-5641916.486
10/06/2019 01:00,-8641515.34,-1753350.939,-9292759.974,-5360244.298
10/06/2019 02:00,-8439881.904,-1712439.807,-9075930.976,-5235173.123
10/06/2019 03:00,-8338218.198,-1691812.388,-8966605.656,-5172112.158
10/06/2019 04:00,-8287386.343,-1681498.678,-8911942.995,-5140581.674
10/06/2019 05:00,-8238248.987,-1671528.78,-8859102.533,-5110102.27
10/06/2019 06:00,-8355162.149,-1695250.291,-8984826.542,-5182622.318
10/06/2019 07:00,-8641515.34,-1753350.939,-9292759.974,-5360244.298
10/06/2019 08:00,-9348077.8,-1896711.438,-10052570.62,-5798517.824
10/06/2019 09:00,-10105472.63,-2050385.751,-10867044.48,-6268322.152
10/06/2019 10:00,-10274912.14,-2084764.783,-11049253.35,-6373423.765
10/06/2019 11:00,-10357937.4,-2101610.487,-11138535.58,-6424923.489
10/06/2019 12:00,-10340993.45,-2098172.584,-11120314.7,-6414413.329
10/06/2019 13:00,-10476545.06,-2125675.81,-11266081.79,-6498494.618
10/06/2019 14:00,-10508738.46,-2132207.804,-11300701.36,-6518463.859
10/06/2019 15:00,-10457906.61,-2121894.095,-11246038.7,-6486933.375
10/06/2019 16:00,-10408769.26,-2111924.197,-11193198.24,-6456453.973
10/06/2019 17:00,-10476545.06,-2125675.81,-11266081.79,-6498494.618
10/06/2019 18:00,-10527376.91,-2135989.519,-11320744.45,-6530025.1
10/06/2019 19:00,-10527376.91,-2135989.519,-11320744.45,-6530025.1
10/06/2019 20:00,-10457906.61,-2121894.095,-11246038.7,-6486933.375
10/06/2019 21:00,-10576514.27,-2145959.417,-11373584.91,-6560504.503
10/06/2019 22:00,-10627346.12,-2156273.127,-11428247.57,-6592034.987
10/06/2019 23:00,-9988559.211,-2026664.188,-10741320.2,-6195801.946
11/06/2019 00:00,-9410208.173,-1909317.6,-10119383.28,-5837056.664
11/06/2019 01:00,-8940404.351,-1813995.086,-9614173.954,-5545642.119
11/06/2019 02:00,-8731796.906,-1771668.938,-9389845.369,-5416245.038
11/06/2019 03:00,-8626616.898,-1750328.066,-9276738.751,-5351002.945
11/06/2019 04:00,-8574026.892,-1739657.63,-9220185.44,-5318381.898
11/06/2019 05:00,-8523189.996,-1729342.898,-9165517.358,-5286848.288
11/06/2019 06:00,-8644146.9,-1753884.878,-9295589.854,-5361876.628
11/06/2019 07:00,-8940404.351,-1813995.086,-9614173.954,-5545642.119
11/06/2019 08:00,-9671405.089,-1962314.076,-10400264.6,-5999074.461
11/06/2019 09:00,-10454996.37,-2121303.61,-11242909.13,-6485128.18
11/06/2019 10:00,-10630296.38,-2156871.729,-11431420.16,-6593865.0
11/06/2019 11:00,-10716193.28,-2174300.086,-11523790.46,-6647145.977
11/06/2019 12:00,-10698663.28,-2170743.274,-11504939.35,-6636272.295
11/06/2019 13:00,-10838903.29,-2199197.769,-11655748.17,-6723261.75
11/06/2019 14:00,-10872210.18,-2205955.69,-11691565.16,-6743921.68
11/06/2019 15:00,-10819620.18,-2195285.254,-11635011.85,-6711300.635
11/06/2019 16:00,-10768783.28,-2184970.521,-11580343.76,-6679767.022
11/06/2019 17:00,-10838903.29,-2199197.769,-11655748.17,-6723261.75
11/06/2019 18:00,-10891493.29,-2209868.205,-11712301.48,-6755882.797
11/06/2019 19:00,-10891493.29,-2209868.205,-11712301.48,-6755882.797
11/06/2019 20:00,-10819620.18,-2195285.254,-11635011.85,-6711300.635
11/06/2019 21:00,-10942330.19,-2220182.937,-11766969.57,-6787416.407
11/06/2019 22:00,-10994920.2,-2230853.373,-11823522.88,-6820037.455
11/06/2019 23:00,-10334039.2,-2096761.576,-11112836.35,-6410099.675
12/06/2019 00:00,-9410208.173,-1909317.6,-10119383.28,-5837056.664
12/06/2019 01:00,-8940404.351,-1813995.086,-9614173.954,-5545642.119
12/06/2019 02:00,-8731796.906,-1771668.938,-9389845.369,-5416245.038
12/06/2019 03:00,-8626616.898,-1750328.066,-9276738.751,-5351002.945
12/06/2019 04:00,-8574026.892,-1739657.63,-9220185.44,-5318381.898
12/06/2019 05:00,-8523189.996,-1729342.898,-9165517.358,-5286848.288
12/06/2019 06:00,-8644146.9,-1753884.878,-9295589.854,-5361876.628
12/06/2019 07:00,-8940404.351,-1813995.086,-9614173.954,-5545642.119
12/06/2019 08:00,-9671405.089,-1962314.076,-10400264.6,-5999074.461
12/06/2019 09:00,-10454996.37,-2121303.61,-11242909.13,-6485128.18
12/06/2019 10:00,-10630296.38,-2156871.729,-11431420.16,-6593865.0
12/06/2019 11:00,-10716193.28,-2174300.086,-11523790.46,-6647145.977
12/06/2019 12:00,-10698663.28,-2170743.274,-11504939.35,-6636272.295
12/06/2019 13:00,-10838903.29,-2199197.769,-11655748.17,-6723261.75
12/06/2019 14:00,-10872210.18,-2205955.69,-11691565.16,-6743921.68
12/06/2019 15:00,-10819620.18,-2195285.254,-11635011.85,-6711300.635
12/06/2019 16:00,-10768783.28,-2184970.521,-11580343.76,-6679767.022
12/06/2019 17:00,-10838903.29,-2199197.769,-11655748.17,-6723261.75
12/06/2019 18:00,-10891493.29,-2209868.205,-11712301.48,-6755882.797
12/06/2019 19:00,-10891493.29,-2209868.205,-11712301.48,-6755882.797
12/06/2019 20:00,-10819620.18,-2195285.254,-11635011.85,-6711300.635
12/06/2019 21:00,-10942330.19,-2220182.937,-11766969.57,-6787416.407
12/06/2019 22:00,-10994920.2,-2230853.373,-11823522.88,-6820037.455
12/06/2019 23:00,-10334039.2,-2096761.576,-11112836.35,-6410099.675
13/06/2019 00:00,-9410208.173,-1909317.6,-10119383.28,-5837056.664
13/06/2019 01:00,-8940404.351,-1813995.086,-9614173.954,-5545642.119
13/06/2019 02:00,-8731796.906,-1771668.938,-9389845.369,-5416245.038
13/06/2019 03:00,-8626616.898,-1750328.066,-9276738.751,-5351002.945
13/06/2019 04:00,-8574026.892,-1739657.63,-9220185.44,-5318381.898
13/06/2019 05:00,-8523189.996,-1729342.898,-9165517.358,-5286848.288
13/06/2019 06:00,-8644146.9,-1753884.878,-9295589.854,-5361876.628
13/06/2019 07:00,-8940404.351,-1813995.086,-9614173.954,-5545642.119
13/06/2019 08:00,-9671405.089,-1962314.076,-10400264.6,-5999074.461
13/06/2019 09:00,-10454996.37,-2121303.61,-11242909.13,-6485128.18
13/06/2019 10:00,-10630296.38,-2156871.729,-11431420.16,-6593865.0
13/06/2019 11:00,-10716193.28,-2174300.086,-11523790.46,-6647145.977
13/06/2019 12:00,-10698663.28,-2170743.274,-11504939.35,-6636272.295
13/06/2019 13:00,-10838903.29,-2199197.769,-11655748.17,-6723261.75
13/06/2019 14:00,-10872210.18,-2205955.69,-11691565.16,-6743921.68
13/06/2019 15:00,-10819620.18,-2195285.254,-11635011.85,-6711300.635
13/06/2019 16:00,-10768783.28,-2184970.521,-11580343.76,-6679767.022
13/06/2019 17:00,-10838903.29,-2199197.769,-11655748.17,-6723261.75
13/06/2019 18:00,-10891493.29,-2209868.205,-11712301.48,-6755882.797
13/06/2019 19:00,-10891493.29,-2209868.205,-11712301.48,-6755882.797
13/06/2019 20:00,-10819620.18,-2195285.254,-11635011.85,-6711300.635
13/06/2019 21:00,-10942330.19,-2220182.937,-11766969.57,-6787416.407
13/06/2019 22:00,-10994920.2,-2230853.373,-11823522.88,-6820037.455
13/06/2019 23:00,-10334039.2,-2096761.576,-11112836.35,-6410099.675
14/06/2019 00:00,-9410208.173,-1909317.6,-10119383.28,-5837056.664
14/06/2019 01:00,-8940404.351,-1813995.086,-9614173.954,-5545642.119
14/06/2019 02:00,-8731796.906,-1771668.938,-9389845.369,-5416245.038
14/06/2019 03:00,-8626616.898,-1750328.066,-9276738.751,-5351002.945
14/06/2019 04:00,-8574026.892,-1739657.63,-9220185.44,-5318381.898
14/06/2019 05:00,-8523189.996,-1729342.898,-9165517.358,-5286848.288
14/06/2019 06:00,-8644146.9,-1753884.878,-9295589.854,-5361876.628
14/06/2019 07:00,-8940404.351,-1813995.086,-9614173.954,-5545642.119
14/06/2019 08:00,-9671405.089,-1962314.076,-10400264.6,-5999074.461
14/06/2019 09:00,-10454996.37,-2121303.61,-11242909.13,-6485128.18
14/06/2019 10:00,-10630296.38,-2156871.729,-11431420.16,-6593865.0
14/06/2019 11:00,-10716193.28,-2174300.086,-11523790.46,-6647145.977
14/06/2019 12:00,-10698663.28,-2170743.274,-11504939.35,-6636272.295
14/06/2019 13:00,-10838903.29,-2199197.769,-11655748.17,-6723261.75
14/06/2019 14:00,-10872210.18,-2205955.69,-11691565.16,-6743921.68
14/06/2019 15:00,-10819620.18,-2195285.254,-11635011.85,-6711300.635
14/06/2019 16:00,-10768783.28,-2184970.521,-11580343.76,-6679767.022
14/06/2019 17:00,-10838903.29,-2199197.769,-11655748.17,-6723261.75
14/06/2019 18:00,-10891493.29,-2209868.205,-11712301.48,-6755882.797
14/06/2019 19:00,-10891493.29,-2209868.205,-11712301.48,-6755882.797
14/06/2019 20:00,-10819620.18,-2195285.254,-11635011.85,-6711300.635
14/06/2019 21:00,-10942330.19,-2220182.937,-11766969.57,-6787416.407
14/06/2019 22:00,-10994920.2,-2230853.373,-11823522.88,-6820037.455
14/06/2019 23:00,-10334039.2,-2096761.576,-11112836.35,-6410099.675
15/06/2019 00:00,-9410208.173,-1909317.6,-10119383.28,-5837056.664
15/06/2019 01:00,-8940404.351,-1813995.086,-9614173.954,-5545642.119
15/06/2019 02:00,-8731796.906,-1771668.938,-9389845.369,-5416245.038
15/06/2019 03:00,-8626616.898,-1750328.066,-9276738.751,-5351002.945
15/06/2019 04:00,-8574026.892,-1739657.63,-9220185.44,-5318381.898
15/06/2019 05:00,-8523189.996,-1729342.898,-9165517.358,-5286848.288
15/06/2019 06:00,-8644146.9,-1753884.878,-9295589.854,-5361876.628
15/06/2019 07:00,-8940404.351,-1813995.086,-9614173.954,-5545642.119
15/06/2019 08:00,-9671405.089,-1962314.076,-10400264.6,-5999074.461
15/06/2019 09:00,-10454996.37,-2121303.61,-11242909.13,-6485128.18
15/06/2019 10:00,-10630296.38,-2156871.729,-11431420.16,-6593865.0
15/06/2019 11:00,-10716193.28,-2174300.086,-11523790.46,-6647145.977
15/06/2019 12:00,-10698663.28,-2170743.274,-11504939.35,-6636272.295
15/06/2019 13:00,-10838903.29,-2199197.769,-11655748.17,-6723261.75
15/06/2019 14:00,-10872210.18,-2205955.69,-11691565.16,-6743921.68
15/06/2019 15:00,-10819620.18,-2195285.254,-11635011.85,-6711300.635
15/06/2019 16:00,-10768783.28,-2184970.521,-11580343.76,-6679767.022
15/06/2019 17:00,-10838903.29,-2199197.769,-11655748.17,-6723261.75
15/06/2019 18:00,-10891493.29,-2209868.205,-11712301.48,-6755882.797
15/06/2019 19:00,-10891493.29,-2209868.205,-11712301.48,-6755882.797
15/06/2019 20:00,-10819620.18,-2195285.254,-11635011.85,-6711300.635
15/06/2019 21:00,-10942330.19,-2220182.937,-11766969.57,-6787416.407
15/06/2019 22:00,-10994920.2,-2230853.373,-11823522.88,-6820037.455
15/06/2019 23:00,-10334039.2,-2096761.576,-11112836.35,-6410099.675
16/06/2019 00:00,-9410208.173,-1909317.6,-10119383.28,-5837056.664
16/06/2019 01:00,-8940404.351,-1813995.086,-9614173.954,-5545642.119
16/06/2019 02:00,-8731796.906,-1771668.938,-9389845.369,-5416245.038
16/06/2019 03:00,-8626616.898,-1750328.066,-9276738.751,-5351002.945
16/06/2019 04:00,-8574026.892,-1739657.63,-9220185.44,-5318381.898
16/06/2019 05:00,-8523189.996,-1729342.898,-9165517.358,-5286848.288
16/06/2019 06:00,-8644146.9,-1753884.878,-9295589.854,-5361876.628
16/06/2019 07:00,-8940404.351,-1813995.086,-9614173.954,-5545642.119
16/06/2019 08:00,-9671405.089,-1962314.076,-10400264.6,-5999074.461
16/06/2019 09:00,-10454996.37,-2121303.61,-11242909.13,-6485128.18
16/06/2019 10:00,-10630296.38,-2156871.729,-11431420.16,-6593865.0
16/06/2019 11:00,-10716193.28,-2174300.086,-11523790.46,-6647145.977
16/06/2019 12:00,-10698663.28,-2170743.274,-11504939.35,-6636272.295
16/06/2019 13:00,-10838903.29,-2199197.769,-11655748.17,-6723261.75
16/06/2019 14:00,-10872210.18,-2205955.69,-11691565.16,-6743921.68
16/06/2019 15:00,-10819620.18,-2195285.254,-11635011.85,-6711300.635
16/06/2019 16:00,-10768783.28,-2184970.521,-11580343.76,-6679767.022
16/06/2019 17:00,-10838903.29,-2199197.769,-11655748.17,-6723261.75
16/06/2019 18:00,-10891493.29,-2209868.205,-11712301.48,-6755882.797
16/06/2019 19:00,-10891493.29,-2209868.205,-11712301.48,-6755882.797
16/06/2019 20:00,-10819620.18,-2195285.254,-11635011.85,-6711300.635
16/06/2019 21:00,-10942330.19,-2220182.937,-11766969.57,-6787416.407
16/06/2019 22:00,-10994920.2,-2230853.373,-11823522.88,-6820037.455
16/06/2019 23:00,-10334039.2,-2096761.576,-11112836.35,-6410099.675
17/06/2019 00:00,-9410208.173,-1909317.6,-10119383.28,-5837056.664
17/06/2019 01:00,-8940404.351,-1813995.086,-9614173.954,-5545642.119
17/06/2019 02:00,-8731796.906,-1771668.938,-9389845.369,-5416245.038
17/06/2019 03:00,-8626616.898,-1750328.066,-9276738.751,-5351002.945
17/06/2019 04:00,-8574026.892,-1739657.63,-9220185.44,-5318381.898
17/06/2019 05:00,-8523189.996,-1729342.898,-9165517.358,-5286848.288
17/06/2019 06:00,-8644146.9,-1753884.878,-9295589.854,-5361876.628
17/06/2019 07:00,-8940404.351,-1813995.086,-9614173.954,-5545642.119
17/06/2019 08:00,-9671405.089,-1962314.076,-10400264.6,-5999074.461
17/06/2019 09:00,-10454996.37,-2121303.61,-11242909.13,-6485128.18
17/06/2019 10:00,-10630296.38,-2156871.729,-11431420.16,-6593865.0
17/06/2019 11:00,-10716193.28,-2174300.086,-11523790.46,-6647145.977
17/06/2019 12:00,-10698663.28,-2170743.274,-11504939.35,-6636272.295
17/06/2019 13:00,-10838903.29,-2199197.769,-11655748.17,-6723261.75
17/06/2019 14:00,-10872210.18,-2205955.69,-11691565.16,-6743921.68
17/06/2019 15:00,-10819620.18,-2195285.254,-11635011.85,-6711300.635
17/06/2019 16:00,-10768783.28,-2184970.521,-11580343.76,-6679767.022
17/06/2019 17:00,-10838903.29,-2199197.769,-11655748.17,-6723261.75
17/06/2019 18:00,-10891493.29,-2209868.205,-11712301.48,-6755882.797
17/06/2019 19:00,-10891493.29,-2209868.205,-11712301.48,-6755882.797
17/06/2019 20:00,-10819620.18,-2195285.254,-11635011.85,-6711300.635
17/06/2019 21:00,-10942330.19,-2220182.937,-11766969.57,-6787416.407
17/06/2019 22:00,-10994920.2,-2230853.373,-11823522.88,-6820037.455
17/06/2019 23:00,-10334039.2,-2096761.576,-11112836.35,-6410099.675
18/06/2019 00:00,-9377250.634,-1902630.563,-10083941.99,-5816613.437
18/06/2019 01:00,-8909092.213,-1807641.898,-9580502.061,-5526219.518
18/06/2019 02:00,-8701215.375,-1765463.989,-9356959.142,-5397275.624
18/06/2019 03:00,-8596403.74,-1744197.86,-9244248.66,-5332262.03
18/06/2019 04:00,-8543997.923,-1733564.796,-9187893.418,-5299755.233
18/06/2019 05:00,-8493339.075,-1723286.189,-9133416.802,-5268332.064
18/06/2019 06:00,-8613872.346,-1747742.215,-9263033.74,-5343097.629
18/06/2019 07:00,-8909092.213,-1807641.898,-9580502.061,-5526219.518
18/06/2019 08:00,-9637532.751,-1955441.428,-10363839.57,-5978063.794
18/06/2019 09:00,-10418379.65,-2113874.131,-11203532.89,-6462415.2
18/06/2019 10:00,-10593065.7,-2149317.679,-11391383.7,-6570771.19
18/06/2019 11:00,-10678661.76,-2166684.995,-11483430.48,-6623865.557
18/06/2019 12:00,-10661193.16,-2163140.641,-11464645.39,-6613029.958
18/06/2019 13:00,-10800942.0,-2191495.479,-11614926.04,-6699714.75
18/06/2019 14:00,-10834132.25,-2198229.732,-11650617.58,-6720302.322
18/06/2019 15:00,-10781726.43,-2187596.667,-11594262.34,-6687795.525
18/06/2019 16:00,-10731067.58,-2177318.06,-11539785.72,-6656372.354
18/06/2019 17:00,-10800942.0,-2191495.479,-11614926.04,-6699714.75
18/06/2019 18:00,-10853347.82,-2202128.543,-11671281.28,-6732221.547
18/06/2019 19:00,-10853347.82,-2202128.543,-11671281.28,-6732221.547
18/06/2019 20:00,-10781726.43,-2187596.667,-11594262.34,-6687795.525
18/06/2019 21:00,-10904006.67,-2212407.151,-11725757.9,-6763644.718
18/06/2019 22:00,-10956412.49,-2223040.215,-11782113.14,-6796151.515
18/06/2019 23:00,-10297846.11,-2089418.05,-11073915.67,-6387649.468
19/06/2019 00:00,-9377250.634,-1902630.563,-10083941.99,-5816613.437
19/06/2019 01:00,-8909092.213,-1807641.898,-9580502.061,-5526219.518
19/06/2019 02:00,-8701215.375,-1765463.989,-9356959.142,-5397275.624
19/06/2019 03:00,-8596403.74,-1744197.86,-9244248.66,-5332262.03
19/06/2019 04:00,-8543997.923,-1733564.796,-9187893.418,-5299755.233
19/06/2019 05:00,-8493339.075,-1723286.189,-9133416.802,-5268332.064
19/06/2019 06:00,-8613872.346,-1747742.215,-9263033.74,-5343097.629
19/06/2019 07:00,-8909092.213,-1807641.898,-9580502.061,-5526219.518
19/06/2019 08:00,-9637532.751,-1955441.428,-10363839.57,-5978063.794
19/06/2019 09:00,-10418379.65,-2113874.131,-11203532.89,-6462415.2
19/06/2019 10:00,-10593065.7,-2149317.679,-11391383.7,-6570771.19
19/06/2019 11:00,-10678661.76,-2166684.995,-11483430.48,-6623865.557
19/06/2019 12:00,-10661193.16,-2163140.641,-11464645.39,-6613029.958
19/06/2019 13:00,-10800942.0,-2191495.479,-11614926.04,-6699714.75
19/06/2019 14:00,-10834132.25,-2198229.732,-11650617.58,-6720302.322
19/06/2019 15:00,-10781726.43,-2187596.667,-11594262.34,-6687795.525
19/06/2019 16:00,-10731067.58,-2177318.06,-11539785.72,-6656372.354
19/06/2019 17:00,-10800942.0,-2191495.479,-11614926.04,-6699714.75
19/06/2019 18:00,-10853347.82,-2202128.543,-11671281.28,-6732221.547
19/06/2019 19:00,-10853347.82,-2202128.543,-11671281.28,-6732221.547
19/06/2019 20:00,-10781726.43,-2187596.667,-11594262.34,-6687795.525
19/06/2019 21:00,-10904006.67,-2212407.151,-11725757.9,-6763644.718
19/06/2019 22:00,-10956412.49,-2223040.215,-11782113.14,-6796151.515
19/06/2019 23:00,-10297846.11,-2089418.05,-11073915.67,-6387649.468
20/06/2019 00:00,-9377250.634,-1902630.563,-10083941.99,-5816613.437
20/06/2019 01:00,-8909092.213,-1807641.898,-9580502.061,-5526219.518
20/06/2019 02:00,-8701215.375,-1765463.989,-9356959.142,-5397275.624
20/06/2019 03:00,-8596403.74,-1744197.86,-9244248.66,-5332262.03
20/06/2019 04:00,-8543997.923,-1733564.796,-9187893.418,-5299755.233
20/06/2019 05:00,-8493339.075,-1723286.189,-9133416.802,-5268332.064
20/06/2019 06:00,-8613872.346,-1747742.215,-9263033.74,-5343097.629
20/06/2019 07:00,-8909092.213,-1807641.898,-9580502.061,-5526219.518
20/06/2019 08:00,-9637532.751,-1955441.428,-10363839.57,-5978063.794
20/06/2019 09:00,-10418379.65,-2113874.131,-11203532.89,-6462415.2
20/06/2019 10:00,-10593065.7,-2149317.679,-11391383.7,-6570771.19
20/06/2019 11:00,-10678661.76,-2166684.995,-11483430.48,-6623865.557
20/06/2019 12:00,-10661193.16,-2163140.641,-11464645.39,-6613029.958
20/06/2019 13:00,-10800942.0,-2191495.479,-11614926.04,-6699714.75
20/06/2019 14:00,-10834132.25,-2198229.732,-11650617.58,-6720302.322
20/06/2019 15:00,-10781726.43,-2187596.667,-11594262.34,-6687795.525
20/06/2019 16:00,-10731067.58,-2177318.06,-11539785.72,-6656372.354
20/06/2019 17:00,-10800942.0,-2191495.479,-11614926.04,-6699714.75
20/06/2019 18:00,-10853347.82,-2202128.543,-11671281.28,-6732221.547
20/06/2019 19:00,-10853347.82,-2202128.543,-11671281.28,-6732221.547
20/06/2019 20:00,-10781726.43,-2187596.667,-11594262.34,-6687795.525
20/06/2019 21:00,-10904006.67,-2212407.151,-11725757.9,-6763644.718
20/06/2019 22:00,-10956412.49,-2223040.215,-11782113.14,-6796151.515
20/06/2019 23:00,-10297846.11,-2089418.05,-11073915.67,-6387649.468
21/06/2019 00:00,-9377250.634,-1902630.563,-10083941.99,-5816613.437
21/06/2019 01:00,-8909092.213,-1807641.898,-9580502.061,-5526219.518
21/06/2019 02:00,-8701215.375,-1765463.989,-9356959.142,-5397275.624
21/06/2019 03:00,-8596403.74,-1744197.86,-9244248.66,-5332262.03
21/06/2019 04:00,-8543997.923,-1733564.796,-9187893.418,-5299755.233
21/06/2019 05:00,-8493339.075,-1723286.189,-9133416.802,-5268332.064
21/06/2019 06:00,-8613872.346,-1747742.215,-9263033.74,-5343097.629
21/06/2019 07:00,-8909092.213,-1807641.898,-9580502.061,-5526219.518
21/06/2019 08:00,-9637532.751,-1955441.428,-10363839.57,-5978063.794
21/06/2019 09:00,-10418379.65,-2113874.131,-11203532.89,-6462415.2
21/06/2019 10:00,-10593065.7,-2149317.679,-11391383.7,-6570771.19
21/06/2019 11:00,-10678661.76,-2166684.995,-11483430.48,-6623865.557
21/06/2019 12:00,-10661193.16,-2163140.641,-11464645.39,-6613029.958
21/06/2019 13:00,-10800942.0,-2191495.479,-11614926.04,-6699714.75
21/06/2019 14:00,-10834132.25,-2198229.732,-11650617.58,-6720302.322
21/06/2019 15:00,-10781726.43,-2187596.667,-11594262.34,-6687795.525
21/06/2019 16:00,-10731067.58,-2177318.06,-11539785.72,-6656372.354
21/06/2019 17:00,-10800942.0,-2191495.479,-11614926.04,-6699714.75
21/06/2019 18:00,-10853347.82,-2202128.543,-11671281.28,-6732221.547
21/06/2019 19:00,-10853347.82,-2202128.543,-11671281.28,-6732221.547
21/06/2019 20:00,-10781726.43,-2187596.667,-11594262.34,-6687795.525
21/06/2019 21:00,-10904006.67,-2212407.151,-11725757.9,-6763644.718
21/06/2019 22:00,-10956412.49,-2223040.215,-11782113.14,-6796151.515
21/06/2019 23:00,-10297846.11,-2089418.05,-11073915.67,-6387649.468
22/06/2019 00:00,-9377250.634,-1902630.563,-10083941.99,-5816613.437
22/06/2019 01:00,-8909092.213,-1807641.898,-9580502.061,-5526219.518
22/06/2019 02:00,-8701215.375,-1765463.989,-9356959.142,-5397275.624
22/06/2019 03:00,-8596403.74,-1744197.86,-9244248.66,-5332262.03
22/06/2019 04:00,-8543997.923,-1733564.796,-9187893.418,-5299755.233
22/06/2019 05:00,-8493339.075,-1723286.189,-9133416.802,-5268332.064
22/06/2019 06:00,-8613872.346,-1747742.215,-9263033.74,-5343097.629
22/06/2019 07:00,-8909092.213,-1807641.898,-9580502.061,-5526219.518
22/06/2019 08:00,-9637532.751,-1955441.428,-10363839.57,-5978063.794
22/06/2019 09:00,-10418379.65,-2113874.131,-11203532.89,-6462415.2
22/06/2019 10:00,-10593065.7,-2149317.679,-11391383.7,-6570771.19
22/06/2019 11:00,-10678661.76,-2166684.995,-11483430.48,-6623865.557
22/06/2019 12:00,-10661193.16,-2163140.641,-11464645.39,-6613029.958
22/06/2019 13:00,-10800942.0,-2191495.479,-11614926.04,-6699714.75
22/06/2019 14:00,-10834132.25,-2198229.732,-11650617.58,-6720302.322
22/06/2019 15:00,-10781726.43,-2187596.667,-11594262.34,-6687795.525
22/06/2019 16:00,-10731067.58,-2177318.06,-11539785.72,-6656372.354
22/06/2019 17:00,-10800942.0,-2191495.479,-11614926.04,-6699714.75
22/06/2019 18:00,-10853347.82,-2202128.543,-11671281.28,-6732221.547
22/06/2019 19:00,-10853347.82,-2202128.543,-11671281.28,-6732221.547
22/06/2019 20:00,-10781726.43,-2187596.667,-11594262.34,-6687795.525
22/06/2019 21:00,-10904006.67,-2212407.151,-11725757.9,-6763644.718
22/06/2019 22:00,-10956412.49,-2223040.215,-11782113.14,-6796151.515
22/06/2019 23:00,-10297846.11,-2089418.05,-11073915.67,-6387649.468
23/06/2019 00:00,-9377250.634,-1902630.563,-10083941.99,-5816613.437
23/06/2019 01:00,-8909092.213,-1807641.898,-9580502.061,-5526219.518
23/06/2019 02:00,-8701215.375,-1765463.989,-9356959.142,-5397275.624
23/06/2019 03:00,-8596403.74,-1744197.86,-9244248.66,-5332262.03
23/06/2019 04:00,-8543997.923,-1733564.796,-9187893.418,-5299755.233
23/06/2019 05:00,-8493339.075,-1723286.189,-9133416.802,-5268332.064
23/06/2019 06:00,-8613872.346,-1747742.215,-9263033.74,-5343097.629
23/06/2019 07:00,-8909092.213,-1807641.898,-9580502.061,-5526219.518
23/06/2019 08:00,-9637532.751,-1955441.428,-10363839.57,-5978063.794
23/06/2019 09:00,-10418379.65,-2113874.131,-11203532.89,-6462415.2
23/06/2019 10:00,-10593065.7,-2149317.679,-11391383.7,-6570771.19
23/06/2019 11:00,-10678661.76,-2166684.995,-11483430.48,-6623865.557
23/06/2019 12:00,-10661193.16,-2163140.641,-11464645.39,-6613029.958
23/06/2019 13:00,-10800942.0,-2191495.479,-11614926.04,-6699714.75
23/06/2019 14:00,-10834132.25,-2198229.732,-11650617.58,-6720302.322
23/06/2019 15:00,-10781726.43,-2187596.667,-11594262.34,-6687795.525
23/06/2019 16:00,-10731067.58,-2177318.06,-11539785.72,-6656372.354
23/06/2019 17:00,-10800942.0,-2191495.479,-11614926.04,-6699714.75
23/06/2019 18:00,-10853347.82,-2202128.543,-11671281.28,-6732221.547
23/06/2019 19:00,-10853347.82,-2202128.543,-11671281.28,-6732221.547
23/06/2019 20:00,-10781726.43,-2187596.667,-11594262.34,-6687795.525
23/06/2019 21:00,-10904006.67,-2212407.151,-11725757.9,-6763644.718
23/06/2019 22:00,-10956412.49,-2223040.215,-11782113.14,-6796151.515
23/06/2019 23:00,-10297846.11,-2089418.05,-11073915.67,-6387649.468
24/06/2019 00:00,-9377250.634,-1902630.563,-10083941.99,-5816613.437
24/06/2019 01:00,-8909092.213,-1807641.898,-9580502.061,-5526219.518
24/06/2019 02:00,-8701215.375,-1765463.989,-9356959.142,-5397275.624
24/06/2019 03:00,-8596403.74,-1744197.86,-9244248.66,-5332262.03
24/06/2019 04:00,-8543997.923,-1733564.796,-9187893.418,-5299755.233
24/06/2019 05:00,-8493339.075,-1723286.189,-9133416.802,-5268332.064
24/06/2019 06:00,-8613872.346,-1747742.215,-9263033.74,-5343097.629
24/06/2019 07:00,-8909092.213,-1807641.898,-9580502.061,-5526219.518
24/06/2019 08:00,-9637532.751,-1955441.428,-10363839.57,-5978063.794
24/06/2019 09:00,-10418379.65,-2113874.131,-11203532.89,-6462415.2
24/06/2019 10:00,-10593065.7,-2149317.679,-11391383.7,-6570771.19
24/06/2019 11:00,-10678661.76,-2166684.995,-11483430.48,-6623865.557
24/06/2019 12:00,-10661193.16,-2163140.641,-11464645.39,-6613029.958
24/06/2019 13:00,-10800942.0,-2191495.479,-11614926.04,-6699714.75
24/06/2019 14:00,-10834132.25,-2198229.732,-11650617.58,-6720302.322
24/06/2019 15:00,-10781726.43,-2187596.667,-11594262.34,-6687795.525
24/06/2019 16:00,-10731067.58,-2177318.06,-11539785.72,-6656372.354
24/06/2019 17:00,-10800942.0,-2191495.479,-11614926.04,-6699714.75
24/06/2019 18:00,-10853347.82,-2202128.543,-11671281.28,-6732221.547
24/06/2019 19:00,-10853347.82,-2202128.543,-11671281.28,-6732221.547
24/06/2019 20:00,-10781726.43,-2187596.667,-11594262.34,-6687795.525
24/06/2019 21:00,-10904006.67,-2212407.151,-11725757.9,-6763644.718
24/06/2019 22:00,-10956412.49,-2223040.215,-11782113.14,-6796151.515
24/06/2019 23:00,-10297846.11,-2089418.05,-11073915.67,-6387649.468
25/06/2019 00:00,-9327814.207,-1892599.984,-10030779.92,-5785948.523
25/06/2019 01:00,-8862123.896,-1798112.095,-9529994.102,-5497085.547
25/06/2019 02:00,-8655342.978,-1756156.546,-9307629.695,-5368821.441
25/06/2019 03:00,-8551083.905,-1735002.532,-9195513.417,-5304150.596
25/06/2019 04:00,-8498954.367,-1724425.524,-9139455.276,-5271815.173
25/06/2019 05:00,-8448562.587,-1714201.105,-9085265.855,-5240557.663
25/06/2019 06:00,-8568460.417,-1738528.201,-9214199.463,-5314929.07
25/06/2019 07:00,-8862123.896,-1798112.095,-9529994.102,-5497085.547
25/06/2019 08:00,-9586724.132,-1945132.433,-10309201.89,-5946547.723
25/06/2019 09:00,-10363454.43,-2102729.885,-11144468.39,-6428345.649
25/06/2019 10:00,-10537219.56,-2137986.577,-11331328.86,-6536130.391
25/06/2019 11:00,-10622364.36,-2155262.334,-11422890.37,-6588944.849
25/06/2019 12:00,-10604987.85,-2151736.665,-11404204.32,-6578166.375
25/06/2019 13:00,-10743999.94,-2179942.017,-11553692.69,-6664394.167
25/06/2019 14:00,-10777015.21,-2186640.768,-11589196.07,-6684873.204
25/06/2019 15:00,-10724885.67,-2176063.76,-11533137.93,-6652537.78
25/06/2019 16:00,-10674493.9,-2165839.341,-11478948.51,-6621280.272
25/06/2019 17:00,-10743999.94,-2179942.017,-11553692.69,-6664394.167
25/06/2019 18:00,-10796129.48,-2190519.025,-11609750.83,-6696729.591
25/06/2019 19:00,-10796129.48,-2190519.025,-11609750.83,-6696729.591
25/06/2019 20:00,-10724885.67,-2176063.76,-11533137.93,-6652537.78
25/06/2019 21:00,-10846521.26,-2200743.444,-11663940.25,-6727987.101
25/06/2019 22:00,-10898650.8,-2211320.451,-11719998.39,-6760322.522
25/06/2019 23:00,-10243556.34,-2078402.736,-11015534.5,-6353974.079
26/06/2019 00:00,-9327814.207,-1892599.984,-10030779.92,-5785948.523
26/06/2019 01:00,-8862123.896,-1798112.095,-9529994.102,-5497085.547
26/06/2019 02:00,-8655342.978,-1756156.546,-9307629.695,-5368821.441
26/06/2019 03:00,-8551083.905,-1735002.532,-9195513.417,-5304150.596
26/06/2019 04:00,-8498954.367,-1724425.524,-9139455.276,-5271815.173
26/06/2019 05:00,-8448562.587,-1714201.105,-9085265.855,-5240557.663
26/06/2019 06:00,-8568460.417,-1738528.201,-9214199.463,-5314929.07
26/06/2019 07:00,-8862123.896,-1798112.095,-9529994.102,-5497085.547
26/06/2019 08:00,-9586724.132,-1945132.433,-10309201.89,-5946547.723
26/06/2019 09:00,-10363454.43,-2102729.885,-11144468.39,-6428345.649
26/06/2019 10:00,-10537219.56,-2137986.577,-11331328.86,-6536130.391
26/06/2019 11:00,-10622364.36,-2155262.334,-11422890.37,-6588944.849
26/06/2019 12:00,-10604987.85,-2151736.665,-11404204.32,-6578166.375
26/06/2019 13:00,-10743999.94,-2179942.017,-11553692.69,-6664394.167
26/06/2019 14:00,-10777015.21,-2186640.768,-11589196.07,-6684873.204
26/06/2019 15:00,-10724885.67,-2176063.76,-11533137.93,-6652537.78
26/06/2019 16:00,-10674493.9,-2165839.341,-11478948.51,-6621280.272
26/06/2019 17:00,-10743999.94,-2179942.017,-11553692.69,-6664394.167
26/06/2019 18:00,-10796129.48,-2190519.025,-11609750.83,-6696729.591
26/06/2019 19:00,-10796129.48,-2190519.025,-11609750.83,-6696729.591
26/06/2019 20:00,-10724885.67,-2176063.76,-11533137.93,-6652537.78
26/06/2019 21:00,-10846521.26,-2200743.444,-11663940.25,-6727987.101
26/06/2019 22:00,-10898650.8,-2211320.451,-11719998.39,-6760322.522
26/06/2019 23:00,-10243556.34,-2078402.736,-11015534.5,-6353974.079
27/06/2019 00:00,-9327814.207,-1892599.984,-10030779.92,-5785948.523
27/06/2019 01:00,-8862123.896,-1798112.095,-9529994.102,-5497085.547
27/06/2019 02:00,-8655342.978,-1756156.546,-9307629.695,-5368821.441
27/06/2019 03:00,-8551083.905,-1735002.532,-9195513.417,-5304150.596
27/06/2019 04:00,-8498954.367,-1724425.524,-9139455.276,-5271815.173
27/06/2019 05:00,-8448562.587,-1714201.105,-9085265.855,-5240557.663
27/06/2019 06:00,-8568460.417,-1738528.201,-9214199.463,-5314929.07
27/06/2019 07:00,-8862123.896,-1798112.095,-9529994.102,-5497085.547
27/06/2019 08:00,-9586724.132,-1945132.433,-10309201.89,-5946547.723
27/06/2019 09:00,-10363454.43,-2102729.885,-11144468.39,-6428345.649
27/06/2019 10:00,-10537219.56,-2137986.577,-11331328.86,-6536130.391
27/06/2019 11:00,-10622364.36,-2155262.334,-11422890.37,-6588944.849
27/06/2019 12:00,-10604987.85,-2151736.665,-11404204.32,-6578166.375
27/06/2019 13:00,-10743999.94,-2179942.017,-11553692.69,-6664394.167
27/06/2019 14:00,-10777015.21,-2186640.768,-11589196.07,-6684873.204
27/06/2019 15:00,-10724885.67,-2176063.76,-11533137.93,-6652537.78
27/06/2019 16:00,-10674493.9,-2165839.341,-11478948.51,-6621280.272
27/06/2019 17:00,-10743999.94,-2179942.017,-11553692.69,-6664394.167
27/06/2019 18:00,-10796129.48,-2190519.025,-11609750.83,-6696729.591
27/06/2019 19:00,-10796129.48,-2190519.025,-11609750.83,-6696729.591
27/06/2019 20:00,-10724885.67,-2176063.76,-11533137.93,-6652537.78
27/06/2019 21:00,-10846521.26,-2200743.444,-11663940.25,-6727987.101
27/06/2019 22:00,-10898650.8,-2211320.451,-11719998.39,-6760322.522
27/06/2019 23:00,-10243556.34,-2078402.736,-11015534.5,-6353974.079
28/06/2019 00:00,-9327814.207,-1892599.984,-10030779.92,-5785948.523
28/06/2019 01:00,-8862123.896,-1798112.095,-9529994.102,-5497085.547
28/06/2019 02:00,-8655342.978,-1756156.546,-9307629.695,-5368821.441
28/06/2019 03:00,-8551083.905,-1735002.532,-9195513.417,-5304150.596
28/06/2019 04:00,-8498954.367,-1724425.524,-9139455.276,-5271815.173
28/06/2019 05:00,-8448562.587,-1714201.105,-9085265.855,-5240557.663
28/06/2019 06:00,-8568460.417,-1738528.201,-9214199.463,-5314929.07
28/06/2019 07:00,-8862123.896,-1798112.095,-9529994.102,-5497085.547
28/06/2019 08:00,-9586724.132,-1945132.433,-10309201.89,-5946547.723
28/06/2019 09:00,-10363454.43,-2102729.885,-11144468.39,-6428345.649
28/06/2019 10:00,-10537219.56,-2137986.577,-11331328.86,-6536130.391
28/06/2019 11:00,-10622364.36,-2155262.334,-11422890.37,-6588944.849
28/06/2019 12:00,-10604987.85,-2151736.665,-11404204.32,-6578166.375
28/06/2019 13:00,-10743999.94,-2179942.017,-11553692.69,-6664394.167
28/06/2019 14:00,-10777015.21,-2186640.768,-11589196.07,-6684873.204
28/06/2019 15:00,-10724885.67,-2176063.76,-11533137.93,-6652537.78
28/06/2019 16:00,-10674493.9,-2165839.341,-11478948.51,-6621280.272
28/06/2019 17:00,-10743999.94,-2179942.017,-11553692.69,-6664394.167
28/06/2019 18:00,-10796129.48,-2190519.025,-11609750.83,-6696729.591
28/06/2019 19:00,-10796129.48,-2190519.025,-11609750.83,-6696729.591
28/06/2019 20:00,-10724885.67,-2176063.76,-11533137.93,-6652537.78
28/06/2019 21:00,-10846521.26,-2200743.444,-11663940.25,-6727987.101
28/06/2019 22:00,-10898650.8,-2211320.451,-11719998.39,-6760322.522
28/06/2019 23:00,-10243556.34,-2078402.736,-11015534.5,-6353974.079
29/06/2019 00:00,-9327814.207,-1892599.984,-10030779.92,-5785948.523
29/06/2019 01:00,-8862123.896,-1798112.095,-9529994.102,-5497085.547
29/06/2019 02:00,-8655342.978,-1756156.546,-9307629.695,-5368821.441
29/06/2019 03:00,-8551083.905,-1735002.532,-9195513.417,-5304150.596
29/06/2019 04:00,-8498954.367,-1724425.524,-9139455.276,-5271815.173
29/06/2019 05:00,-8448562.587,-1714201.105,-9085265.855,-5240557.663
29/06/2019 06:00,-8568460.417,-1738528.201,-9214199.463,-5314929.07
29/06/2019 07:00,-8862123.896,-1798112.095,-9529994.102,-5497085.547
29/06/2019 08:00,-9586724.132,-1945132.433,-10309201.89,-5946547.723
29/06/2019 09:00,-10363454.43,-2102729.885,-11144468.39,-6428345.649
29/06/2019 10:00,-10537219.56,-2137986.577,-11331328.86,-6536130.391
29/06/2019 11:00,-10622364.36,-2155262.334,-11422890.37,-6588944.849
29/06/2019 12:00,-10604987.85,-2151736.665,-11404204.32,-6578166.375
29/06/2019 13:00,-10743999.94,-2179942.017,-11553692.69,-6664394.167
29/06/2019 14:00,-10777015.21,-2186640.768,-11589196.07,-6684873.204
29/06/2019 15:00,-10724885.67,-2176063.76,-11533137.93,-6652537.78
29/06/2019 16:00,-10674493.9,-2165839.341,-11478948.51,-6621280.272
29/06/2019 17:00,-10743999.94,-2179942.017,-11553692.69,-6664394.167
29/06/2019 18:00,-10796129.48,-2190519.025,-11609750.83,-6696729.591
29/06/2019 19:00,-10796129.48,-2190519.025,-11609750.83,-6696729.591
29/06/2019 20:00,-10724885.67,-2176063.76,-11533137.93,-6652537.78
29/06/2019 21:00,-10846521.26,-2200743.444,-11663940.25,-6727987.101
29/06/2019 22:00,-10898650.8,-2211320.451,-11719998.39,-6760322.522
29/06/2019 23:00,-10243556.34,-2078402.736,-11015534.5,-6353974.079
30/06/2019 00:00,-9327814.207,-1892599.984,-10030779.92,-5785948.523
30/06/2019 01:00,-8862123.896,-1798112.095,-9529994.102,-5497085.547
30/06/2019 02:00,-8655342.978,-1756156.546,-9307629.695,-5368821.441
30/06/2019 03:00,-8551083.905,-1735002.532,-9195513.417,-5304150.596
30/06/2019 04:00,-8498954.367,-1724425.524,-9139455.276,-5271815.173
30/06/2019 05:00,-8448562.587,-1714201.105,-9085265.855,-5240557.663
30/06/2019 06:00,-8568460.417,-1738528.201,-9214199.463,-5314929.07
30/06/2019 07:00,-8862123.896,-1798112.095,-9529994.102,-5497085.547
30/06/2019 08:00,-9586724.132,-1945132.433,-10309201.89,-5946547.723
30/06/2019 09:00,-10363454.43,-2102729.885,-11144468.39,-6428345.649
30/06/2019 10:00,-10537219.56,-2137986.577,-11331328.86,-6536130.391
30/06/2019 11:00,-10622364.36,-2155262.334,-11422890.37,-6588944.849
30/06/2019 12:00,-10604987.85,-2151736.665,-11404204.32,-6578166.375
30/06/2019 13:00,-10743999.94,-2179942.017,-11553692.69,-6664394.167
30/06/2019 14:00,-10777015.21,-2186640.768,-11589196.07,-6684873.204
30/06/2019 15:00,-10724885.67,-2176063.76,-11533137.93,-6652537.78
30/06/2019 16:00,-10674493.9,-2165839.341,-11478948.51,-6621280.272
30/06/2019 17:00,-10743999.94,-2179942.017,-11553692.69,-6664394.167
30/06/2019 18:00,-10796129.48,-2190519.025,-11609750.83,-6696729.591
30/06/2019 19:00,-10796129.48,-2190519.025,-11609750.83,-6696729.591
30/06/2019 20:00,-10724885.67,-2176063.76,-11533137.93,-6652537.78
30/06/2019 21:00,-10846521.26,-2200743.444,-11663940.25,-6727987.101
30/06/2019 22:00,-10898650.8,-2211320.451,-11719998.39,-6760322.522
30/06/2019 23:00,-10243556.34,-2078402.736,-11015534.5,-6353974.079
01/07/2019 00:00,-9327814.207,-1892599.984,-10030779.92,-5785948.523
01/07/2019 01:00,-8862123.896,-1798112.095,-9529994.102,-5497085.547
01/07/2019 02:00,-8655342.978,-1756156.546,-9307629.695,-5368821.441
01/07/2019 03:00,-8551083.905,-1735002.532,-9195513.417,-5304150.596
01/07/2019 04:00,-8498954.367,-1724425.524,-9139455.276,-5271815.173
01/07/2019 05:00,-8448562.587,-1714201.105,-9085265.855,-5240557.663
01/07/2019 06:00,-8568460.417,-1738528.201,-9214199.463,-5314929.07
01/07/2019 07:00,-8862123.896,-1798112.095,-9529994.102,-5497085.547
01/07/2019 08:00,-9586724.132,-1945132.433,-10309201.89,-5946547.723
01/07/2019 09:00,-10363454.43,-2102729.885,-11144468.39,-6428345.649
01/07/2019 10:00,-10537219.56,-2137986.577,-11331328.86,-6536130.391
01/07/2019 11:00,-10622364.36,-2155262.334,-11422890.37,-6588944.849
01/07/2019 12:00,-10604987.85,-2151736.665,-11404204.32,-6578166.375
01/07/2019 13:00,-10743999.94,-2179942.017,-11553692.69,-6664394.167
01/07/2019 14:00,-10777015.21,-2186640.768,-11589196.07,-6684873.204
01/07/2019 15:00,-10724885.67,-2176063.76,-11533137.93,-6652537.78
01/07/2019 16:00,-10674493.9,-2165839.341,-11478948.51,-6621280.272
01/07/2019 17:00,-10743999.94,-2179942.017,-11553692.69,-6664394.167
01/07/2019 18:00,-10796129.48,-2190519.025,-11609750.83,-6696729.591
01/07/2019 19:00,-10796129.48,-2190519.025,-11609750.83,-6696729.591
01/07/2019 20:00,-10724885.67,-2176063.76,-11533137.93,-6652537.78
01/07/2019 21:00,-10846521.26,-2200743.444,-11663940.25,-6727987.101
01/07/2019 22:00,-10898650.8,-2211320.451,-11719998.39,-6760322.522
01/07/2019 23:00,-10243556.34,-2078402.736,-11015534.5,-6353974.079
02/07/2019 00:00,-9062655.487,-1838799.664,-9745638.22,-5621473.259
02/07/2019 01:00,-8610203.202,-1746997.751,-9259088.081,-5340821.696
02/07/2019 02:00,-8409300.377,-1706234.859,-9043044.753,-5216203.712
02/07/2019 03:00,-8308005.04,-1685682.182,-8934115.565,-5153371.242
02/07/2019 04:00,-8257357.374,-1675405.844,-8879650.973,-5121955.009
02/07/2019 05:00,-8208398.065,-1665472.071,-8827001.977,-5091586.046
02/07/2019 06:00,-8324887.598,-1689107.629,-8952270.432,-5163843.322
02/07/2019 07:00,-8610203.202,-1746997.751,-9259088.081,-5340821.696
02/07/2019 08:00,-9314205.462,-1889838.789,-10016145.58,-5777507.156
02/07/2019 09:00,-10068855.91,-2042956.271,-10827668.24,-6245609.172
02/07/2019 10:00,-10237681.47,-2077210.732,-11009216.88,-6350329.952
02/07/2019 11:00,-10320405.89,-2093995.397,-11098175.61,-6401643.071
02/07/2019 12:00,-10303523.33,-2090569.951,-11080020.74,-6391170.992
02/07/2019 13:00,-10438583.77,-2117973.519,-11225259.65,-6474947.616
02/07/2019 14:00,-10470660.53,-2124481.846,-11259753.78,-6494844.501
02/07/2019 15:00,-10420012.86,-2114205.508,-11205289.19,-6463428.268
02/07/2019 16:00,-10371053.55,-2104271.735,-11152640.2,-6433059.305
02/07/2019 17:00,-10438583.77,-2117973.519,-11225259.65,-6474947.616
02/07/2019 18:00,-10489231.44,-2128249.858,-11279724.25,-6506363.852
02/07/2019 19:00,-10489231.44,-2128249.858,-11279724.25,-6506363.852
02/07/2019 20:00,-10420012.86,-2114205.508,-11205289.19,-6463428.268
02/07/2019 21:00,-10538190.75,-2138183.631,-11332373.24,-6536732.814
02/07/2019 22:00,-10588838.42,-2148459.969,-11386837.84,-6568149.048
02/07/2019 23:00,-9952366.12,-2019320.662,-10702399.51,-6173351.738
03/07/2019 00:00,-9062655.487,-1838799.664,-9745638.22,-5621473.259
03/07/2019 01:00,-8610203.202,-1746997.751,-9259088.081,-5340821.696
03/07/2019 02:00,-8409300.377,-1706234.859,-9043044.753,-5216203.712
03/07/2019 03:00,-8308005.04,-1685682.182,-8934115.565,-5153371.242
03/07/2019 04:00,-8257357.374,-1675405.844,-8879650.973,-5121955.009
03/07/2019 05:00,-8208398.065,-1665472.071,-8827001.977,-5091586.046
03/07/2019 06:00,-8324887.598,-1689107.629,-8952270.432,-5163843.322
03/07/2019 07:00,-8610203.202,-1746997.751,-9259088.081,-5340821.696
03/07/2019 08:00,-9314205.462,-1889838.789,-10016145.58,-5777507.156
03/07/2019 09:00,-10068855.91,-2042956.271,-10827668.24,-6245609.172
03/07/2019 10:00,-10237681.47,-2077210.732,-11009216.88,-6350329.952
03/07/2019 11:00,-10320405.89,-2093995.397,-11098175.61,-6401643.071
03/07/2019 12:00,-10303523.33,-2090569.951,-11080020.74,-6391170.992
03/07/2019 13:00,-10438583.77,-2117973.519,-11225259.65,-6474947.616
03/07/2019 14:00,-10470660.53,-2124481.846,-11259753.78,-6494844.501
03/07/2019 15:00,-10420012.86,-2114205.508,-11205289.19,-6463428.268
03/07/2019 16:00,-10371053.55,-2104271.735,-11152640.2,-6433059.305
03/07/2019 17:00,-10438583.77,-2117973.519,-11225259.65,-6474947.616
03/07/2019 18:00,-10489231.44,-2128249.858,-11279724.25,-6506363.852
03/07/2019 19:00,-10489231.44,-2128249.858,-11279724.25,-6506363.852
03/07/2019 20:00,-10420012.86,-2114205.508,-11205289.19,-6463428.268
03/07/2019 21:00,-10538190.75,-2138183.631,-11332373.24,-6536732.814
03/07/2019 22:00,-10588838.42,-2148459.969,-11386837.84,-6568149.048
03/07/2019 23:00,-9952366.12,-2019320.662,-10702399.51,-6173351.738
04/07/2019 00:00,-9062655.487,-1838799.664,-9745638.22,-5621473.259
04/07/2019 01:00,-8610203.202,-1746997.751,-9259088.081,-5340821.696
04/07/2019 02:00,-8409300.377,-1706234.859,-9043044.753,-5216203.712
04/07/2019 03:00,-8308005.04,-1685682.182,-8934115.565,-5153371.242
04/07/2019 04:00,-8257357.374,-1675405.844,-8879650.973,-5121955.009
04/07/2019 05:00,-8208398.065,-1665472.071,-8827001.977,-5091586.046
04/07/2019 06:00,-8324887.598,-1689107.629,-8952270.432,-5163843.322
04/07/2019 07:00,-8610203.202,-1746997.751,-9259088.081,-5340821.696
04/07/2019 08:00,-9314205.462,-1889838.789,-10016145.58,-5777507.156
04/07/2019 09:00,-10068855.91,-2042956.271,-10827668.24,-6245609.172
04/07/2019 10:00,-10237681.47,-2077210.732,-11009216.88,-6350329.952
04/07/2019 11:00,-10320405.89,-2093995.397,-11098175.61,-6401643.071
04/07/2019 12:00,-10303523.33,-2090569.951,-11080020.74,-6391170.992
04/07/2019 13:00,-10438583.77,-2117973.519,-11225259.65,-6474947.616
04/07/2019 14:00,-10470660.53,-2124481.846,-11259753.78,-6494844.501
04/07/2019 15:00,-10420012.86,-2114205.508,-11205289.19,-6463428.268
04/07/2019 16:00,-10371053.55,-2104271.735,-11152640.2,-6433059.305
04/07/2019 17:00,-10438583.77,-2117973.519,-11225259.65,-6474947.616
04/07/2019 18:00,-10489231.44,-2128249.858,-11279724.25,-6506363.852
04/07/2019 19:00,-10489231.44,-2128249.858,-11279724.25,-6506363.852
04/07/2019 20:00,-10420012.86,-2114205.508,-11205289.19,-6463428.268
04/07/2019 21:00,-10538190.75,-2138183.631,-11332373.24,-6536732.814
04/07/2019 22:00,-10588838.42,-2148459.969,-11386837.84,-6568149.048
04/07/2019 23:00,-9952366.12,-2019320.662,-10702399.51,-6173351.738
05/07/2019 00:00,-9062655.487,-1838799.664,-9745638.22,-5621473.259
05/07/2019 01:00,-8610203.202,-1746997.751,-9259088.081,-5340821.696
05/07/2019 02:00,-8409300.377,-1706234.859,-9043044.753,-5216203.712
05/07/2019 03:00,-8308005.04,-1685682.182,-8934115.565,-5153371.242
05/07/2019 04:00,-8257357.374,-1675405.844,-8879650.973,-5121955.009
05/07/2019 05:00,-8208398.065,-1665472.071,-8827001.977,-5091586.046
05/07/2019 06:00,-8324887.598,-1689107.629,-8952270.432,-5163843.322
05/07/2019 07:00,-8610203.202,-1746997.751,-9259088.081,-5340821.696
05/07/2019 08:00,-9314205.462,-1889838.789,-10016145.58,-5777507.156
05/07/2019 09:00,-10068855.91,-2042956.271,-10827668.24,-6245609.172
05/07/2019 10:00,-10237681.47,-2077210.732,-11009216.88,-6350329.952
05/07/2019 11:00,-10320405.89,-2093995.397,-11098175.61,-6401643.071
05/07/2019 12:00,-10303523.33,-2090569.951,-11080020.74,-6391170.992
05/07/2019 13:00,-10438583.77,-2117973.519,-11225259.65,-6474947.616
05/07/2019 14:00,-10470660.53,-2124481.846,-11259753.78,-6494844.501
05/07/2019 15:00,-10420012.86,-2114205.508,-11205289.19,-6463428.268
05/07/2019 16:00,-10371053.55,-2104271.735,-11152640.2,-6433059.305
05/07/2019 17:00,-10438583.77,-2117973.519,-11225259.65,-6474947.616
05/07/2019 18:00,-10489231.44,-2128249.858,-11279724.25,-6506363.852
05/07/2019 19:00,-10489231.44,-2128249.858,-11279724.25,-6506363.852
05/07/2019 20:00,-10420012.86,-2114205.508,-11205289.19,-6463428.268
05/07/2019 21:00,-10538190.75,-2138183.631,-11332373.24,-6536732.814
05/07/2019 22:00,-10588838.42,-2148459.969,-11386837.84,-6568149.048
05/07/2019 23:00,-9952366.12,-2019320.662,-10702399.51,-6173351.738
06/07/2019 00:00,-9062655.487,-1838799.664,-9745638.22,-5621473.259
06/07/2019 01:00,-8610203.202,-1746997.751,-9259088.081,-5340821.696
06/07/2019 02:00,-8409300.377,-1706234.859,-9043044.753,-5216203.712
06/07/2019 03:00,-8308005.04,-1685682.182,-8934115.565,-5153371.242
06/07/2019 04:00,-8257357.374,-1675405.844,-8879650.973,-5121955.009
06/07/2019 05:00,-8208398.065,-1665472.071,-8827001.977,-5091586.046
06/07/2019 06:00,-8324887.598,-1689107.629,-8952270.432,-5163843.322
06/07/2019 07:00,-8610203.202,-1746997.751,-9259088.081,-5340821.696
06/07/2019 08:00,-9314205.462,-1889838.789,-10016145.58,-5777507.156
06/07/2019 09:00,-10068855.91,-2042956.271,-10827668.24,-6245609.172
06/07/2019 10:00,-10237681.47,-2077210.732,-11009216.88,-6350329.952
06/07/2019 11:00,-10320405.89,-2093995.397,-11098175.61,-6401643.071
06/07/2019 12:00,-10303523.33,-2090569.951,-11080020.74,-6391170.992
06/07/2019 13:00,-10438583.77,-2117973.519,-11225259.65,-6474947.616
06/07/2019 14:00,-10470660.53,-2124481.846,-11259753.78,-6494844.501
06/07/2019 15:00,-10420012.86,-2114205.508,-11205289.19,-6463428.268
06/07/2019 16:00,-10371053.55,-2104271.735,-11152640.2,-6433059.305
06/07/2019 17:00,-10438583.77,-2117973.519,-11225259.65,-6474947.616
06/07/2019 18:00,-10489231.44,-2128249.858,-11279724.25,-6506363.852
06/07/2019 19:00,-10489231.44,-2128249.858,-11279724.25,-6506363.852
06/07/2019 20:00,-10420012.86,-2114205.508,-11205289.19,-6463428.268
06/07/2019 21:00,-10538190.75,-2138183.631,-11332373.24,-6536732.814
06/07/2019 22:00,-10588838.42,-2148459.969,-11386837.84,-6568149.048
06/07/2019 23:00,-9952366.12,-2019320.662,-10702399.51,-6173351.738
07/07/2019 00:00,-9062655.487,-1838799.664,-9745638.22,-5621473.259
07/07/2019 01:00,-8610203.202,-1746997.751,-9259088.081,-5340821.696
07/07/2019 02:00,-8409300.377,-1706234.859,-9043044.753,-5216203.712
07/07/2019 03:00,-8308005.04,-1685682.182,-8934115.565,-5153371.242
07/07/2019 04:00,-8257357.374,-1675405.844,-8879650.973,-5121955.009
07/07/2019 05:00,-8208398.065,-1665472.071,-8827001.977,-5091586.046
07/07/2019 06:00,-8324887.598,-1689107.629,-8952270.432,-5163843.322
07/07/2019 07:00,-8610203.202,-1746997.751,-9259088.081,-5340821.696
07/07/2019 08:00,-9314205.462,-1889838.789,-10016145.58,-5777507.156
07/07/2019 09:00,-10068855.91,-2042956.271,-10827668.24,-6245609.172
07/07/2019 10:00,-10237681.47,-2077210.732,-11009216.88,-6350329.952
07/07/2019 11:00,-10320405.89,-2093995.397,-11098175.61,-6401643.071
07/07/2019 12:00,-10303523.33,-2090569.951,-11080020.74,-6391170.992
07/07/2019 13:00,-10438583.77,-2117973.519,-11225259.65,-6474947.616
07/07/2019 14:00,-10470660.53,-2124481.846,-11259753.78,-6494844.501
07/07/2019 15:00,-10420012.86,-2114205.508,-11205289.19,-6463428.268
07/07/2019 16:00,-10371053.55,-2104271.735,-11152640.2,-6433059.305
07/07/2019 17:00,-10438583.77,-2117973.519,-11225259.65,-6474947.616
07/07/2019 18:00,-10489231.44,-2128249.858,-11279724.25,-6506363.852
07/07/2019 19:00,-10489231.44,-2128249.858,-11279724.25,-6506363.852
07/07/2019 20:00,-10420012.86,-2114205.508,-11205289.19,-6463428.268
07/07/2019 21:00,-10538190.75,-2138183.631,-11332373.24,-6536732.814
07/07/2019 22:00,-10588838.42,-2148459.969,-11386837.84,-6568149.048
07/07/2019 23:00,-9952366.12,-2019320.662,-10702399.51,-6173351.738
08/07/2019 00:00,-9062655.487,-1838799.664,-9745638.22,-5621473.259
08/07/2019 01:00,-8610203.202,-1746997.751,-9259088.081,-5340821.696
08/07/2019 02:00,-8409300.377,-1706234.859,-9043044.753,-5216203.712
08/07/2019 03:00,-8308005.04,-1685682.182,-8934115.565,-5153371.242
08/07/2019 04:00,-8257357.374,-1675405.844,-8879650.973,-5121955.009
08/07/2019 05:00,-8208398.065,-1665472.071,-8827001.977,-5091586.046
08/07/2019 06:00,-8324887.598,-1689107.629,-8952270.432,-5163843.322
08/07/2019 07:00,-8610203.202,-1746997.751,-9259088.081,-5340821.696
08/07/2019 08:00,-9314205.462,-1889838.789,-10016145.58,-5777507.156
08/07/2019 09:00,-10068855.91,-2042956.271,-10827668.24,-6245609.172
08/07/2019 10:00,-10237681.47,-2077210.732,-11009216.88,-6350329.952
08/07/2019 11:00,-10320405.89,-2093995.397,-11098175.61,-6401643.071
08/07/2019 12:00,-10303523.33,-2090569.951,-11080020.74,-6391170.992
08/07/2019 13:00,-10438583.77,-2117973.519,-11225259.65,-6474947.616
08/07/2019 14:00,-10470660.53,-2124481.846,-11259753.78,-6494844.501
08/07/2019 15:00,-10420012.86,-2114205.508,-11205289.19,-6463428.268
08/07/2019 16:00,-10371053.55,-2104271.735,-11152640.2,-6433059.305
08/07/2019 17:00,-10438583.77,-2117973.519,-11225259.65,-6474947.616
08/07/2019 18:00,-10489231.44,-2128249.858,-11279724.25,-6506363.852
08/07/2019 19:00,-10489231.44,-2128249.858,-11279724.25,-6506363.852
08/07/2019 20:00,-10420012.86,-2114205.508,-11205289.19,-6463428.268
08/07/2019 21:00,-10538190.75,-2138183.631,-11332373.24,-6536732.814
08/07/2019 22:00,-10588838.42,-2148459.969,-11386837.84,-6568149.048
08/07/2019 23:00,-9952366.12,-2019320.662,-10702399.51,-6173351.738
09/07/2019 00:00,-9482691.911,-1924024.446,-10197329.56,-5882017.591
09/07/2019 01:00,-9009269.342,-1827967.693,-9688228.771,-5588358.375
09/07/2019 02:00,-8799055.063,-1785315.52,-9462172.257,-5457964.59
09/07/2019 03:00,-8693064.888,-1763810.267,-9348194.416,-5392219.959
09/07/2019 04:00,-8640069.8,-1753057.641,-9291205.495,-5359347.644
09/07/2019 05:00,-8588841.323,-1742663.457,-9236116.321,-5327571.139
09/07/2019 06:00,-8710729.919,-1767394.476,-9367190.725,-5403177.399
09/07/2019 07:00,-9009269.342,-1827967.693,-9688228.771,-5588358.375
09/07/2019 08:00,-9745900.739,-1977429.136,-10480374.42,-6045283.357
09/07/2019 09:00,-10535527.76,-2137643.314,-11329509.56,-6535080.989
09/07/2019 10:00,-10712178.06,-2173485.403,-11519472.64,-6644655.375
09/07/2019 11:00,-10798736.59,-2191048.004,-11612554.42,-6698346.755
09/07/2019 12:00,-10781071.56,-2187463.795,-11593558.12,-6687389.317
09/07/2019 13:00,-10922391.8,-2216137.466,-11745528.57,-6775048.825
09/07/2019 14:00,-10955955.24,-2222947.441,-11781621.44,-6795867.89
09/07/2019 15:00,-10902960.16,-2212194.814,-11724632.52,-6762995.575
09/07/2019 16:00,-10851731.68,-2201800.63,-11669543.34,-6731219.07
09/07/2019 17:00,-10922391.8,-2216137.466,-11745528.57,-6775048.825
09/07/2019 18:00,-10975386.89,-2226890.093,-11802517.49,-6807921.141
09/07/2019 19:00,-10975386.89,-2226890.093,-11802517.49,-6807921.141
09/07/2019 20:00,-10902960.16,-2212194.814,-11724632.52,-6762995.575
09/07/2019 21:00,-11026615.36,-2237284.276,-11857606.66,-6839697.643
09/07/2019 22:00,-11079610.45,-2248036.902,-11914595.58,-6872569.958
09/07/2019 23:00,-10413638.9,-2112912.241,-11198434.88,-6459474.564
10/07/2019 00:00,-9482691.911,-1924024.446,-10197329.56,-5882017.591
10/07/2019 01:00,-9009269.342,-1827967.693,-9688228.771,-5588358.375
10/07/2019 02:00,-8799055.063,-1785315.52,-9462172.257,-5457964.59
10/07/2019 03:00,-8693064.888,-1763810.267,-9348194.416,-5392219.959
10/07/2019 04:00,-8640069.8,-1753057.641,-9291205.495,-5359347.644
10/07/2019 05:00,-8588841.323,-1742663.457,-9236116.321,-5327571.139
10/07/2019 06:00,-8710729.919,-1767394.476,-9367190.725,-5403177.399
10/07/2019 07:00,-9009269.342,-1827967.693,-9688228.771,-5588358.375
10/07/2019 08:00,-9745900.739,-1977429.136,-10480374.42,-6045283.357
10/07/2019 09:00,-10535527.76,-2137643.314,-11329509.56,-6535080.989
10/07/2019 10:00,-10712178.06,-2173485.403,-11519472.64,-6644655.375
10/07/2019 11:00,-10798736.59,-2191048.004,-11612554.42,-6698346.755
10/07/2019 12:00,-10781071.56,-2187463.795,-11593558.12,-6687389.317
10/07/2019 13:00,-10922391.8,-2216137.466,-11745528.57,-6775048.825
10/07/2019 14:00,-10955955.24,-2222947.441,-11781621.44,-6795867.89
10/07/2019 15:00,-10902960.16,-2212194.814,-11724632.52,-6762995.575
10/07/2019 16:00,-10851731.68,-2201800.63,-11669543.34,-6731219.07
10/07/2019 17:00,-10922391.8,-2216137.466,-11745528.57,-6775048.825
10/07/2019 18:00,-10975386.89,-2226890.093,-11802517.49,-6807921.141
10/07/2019 19:00,-10975386.89,-2226890.093,-11802517.49,-6807921.141
10/07/2019 20:00,-10902960.16,-2212194.814,-11724632.52,-6762995.575
10/07/2019 21:00,-11026615.36,-2237284.276,-11857606.66,-6839697.643
10/07/2019 22:00,-11079610.45,-2248036.902,-11914595.58,-6872569.958
10/07/2019 23:00,-10413638.9,-2112912.241,-11198434.88,-6459474.564
11/07/2019 00:00,-9482691.911,-1924024.446,-10197329.56,-5882017.591
11/07/2019 01:00,-9009269.342,-1827967.693,-9688228.771,-5588358.375
11/07/2019 02:00,-8799055.063,-1785315.52,-9462172.257,-5457964.59
11/07/2019 03:00,-8693064.888,-1763810.267,-9348194.416,-5392219.959
11/07/2019 04:00,-8640069.8,-1753057.641,-9291205.495,-5359347.644
11/07/2019 05:00,-8588841.323,-1742663.457,-9236116.321,-5327571.139
11/07/2019 06:00,-8710729.919,-1767394.476,-9367190.725,-5403177.399
11/07/2019 07:00,-9009269.342,-1827967.693,-9688228.771,-5588358.375
11/07/2019 08:00,-9745900.739,-1977429.136,-10480374.42,-6045283.357
11/07/2019 09:00,-10535527.76,-2137643.314,-11329509.56,-6535080.989
11/07/2019 10:00,-10712178.06,-2173485.403,-11519472.64,-6644655.375
11/07/2019 11:00,-10798736.59,-2191048.004,-11612554.42,-6698346.755
11/07/2019 12:00,-10781071.56,-2187463.795,-11593558.12,-6687389.317
11/07/2019 13:00,-10922391.8,-2216137.466,-11745528.57,-6775048.825
11/07/2019 14:00,-10955955.24,-2222947.441,-11781621.44,-6795867.89
11/07/2019 15:00,-10902960.16,-2212194.814,-11724632.52,-6762995.575
11/07/2019 16:00,-10851731.68,-2201800.63,-11669543.34,-6731219.07
11/07/2019 17:00,-10922391.8,-2216137.466,-11745528.57,-6775048.825
11/07/2019 18:00,-10975386.89,-2226890.093,-11802517.49,-6807921.141
11/07/2019 19:00,-10975386.89,-2226890.093,-11802517.49,-6807921.141
11/07/2019 20:00,-10902960.16,-2212194.814,-11724632.52,-6762995.575
11/07/2019 21:00,-11026615.36,-2237284.276,-11857606.66,-6839697.643
11/07/2019 22:00,-11079610.45,-2248036.902,-11914595.58,-6872569.958
11/07/2019 23:00,-10413638.9,-2112912.241,-11198434.88,-6459474.564
12/07/2019 00:00,-9482691.911,-1924024.446,-10197329.56,-5882017.591
12/07/2019 01:00,-9009269.342,-1827967.693,-9688228.771,-5588358.375
12/07/2019 02:00,-8799055.063,-1785315.52,-9462172.257,-5457964.59
12/07/2019 03:00,-8693064.888,-1763810.267,-9348194.416,-5392219.959
12/07/2019 04:00,-8640069.8,-1753057.641,-9291205.495,-5359347.644
12/07/2019 05:00,-8588841.323,-1742663.457,-9236116.321,-5327571.139
12/07/2019 06:00,-8710729.919,-1767394.476,-9367190.725,-5403177.399
12/07/2019 07:00,-9009269.342,-1827967.693,-9688228.771,-5588358.375
12/07/2019 08:00,-9745900.739,-1977429.136,-10480374.42,-6045283.357
12/07/2019 09:00,-10535527.76,-2137643.314,-11329509.56,-6535080.989
12/07/2019 10:00,-10712178.06,-2173485.403,-11519472.64,-6644655.375
12/07/2019 11:00,-10798736.59,-2191048.004,-11612554.42,-6698346.755
12/07/2019 12:00,-10781071.56,-2187463.795,-11593558.12,-6687389.317
12/07/2019 13:00,-10922391.8,-2216137.466,-11745528.57,-6775048.825
12/07/2019 14:00,-10955955.24,-2222947.441,-11781621.44,-6795867.89
12/07/2019 15:00,-10902960.16,-2212194.814,-11724632.52,-6762995.575
12/07/2019 16:00,-10851731.68,-2201800.63,-11669543.34,-6731219.07
12/07/2019 17:00,-10922391.8,-2216137.466,-11745528.57,-6775048.825
12/07/2019 18:00,-10975386.89,-2226890.093,-11802517.49,-6807921.141
12/07/2019 19:00,-10975386.89,-2226890.093,-11802517.49,-6807921.141
12/07/2019 20:00,-10902960.16,-2212194.814,-11724632.52,-6762995.575
12/07/2019 21:00,-11026615.36,-2237284.276,-11857606.66,-6839697.643
12/07/2019 22:00,-11079610.45,-2248036.902,-11914595.58,-6872569.958
12/07/2019 23:00,-10413638.9,-2112912.241,-11198434.88,-6459474.564
13/07/2019 00:00,-9482691.911,-1924024.446,-10197329.56,-5882017.591
13/07/2019 01:00,-9009269.342,-1827967.693,-9688228.771,-5588358.375
13/07/2019 02:00,-8799055.063,-1785315.52,-9462172.257,-5457964.59
13/07/2019 03:00,-8693064.888,-1763810.267,-9348194.416,-5392219.959
13/07/2019 04:00,-8640069.8,-1753057.641,-9291205.495,-5359347.644
13/07/2019 05:00,-8588841.323,-1742663.457,-9236116.321,-5327571.139
13/07/2019 06:00,-8710729.919,-1767394.476,-9367190.725,-5403177.399
13/07/2019 07:00,-9009269.342,-1827967.693,-9688228.771,-5588358.375
13/07/2019 08:00,-9745900.739,-1977429.136,-10480374.42,-6045283.357
13/07/2019 09:00,-10535527.76,-2137643.314,-11329509.56,-6535080.989
13/07/2019 10:00,-10712178.06,-2173485.403,-11519472.64,-6644655.375
13/07/2019 11:00,-10798736.59,-2191048.004,-11612554.42,-6698346.755
13/07/2019 12:00,-10781071.56,-2187463.795,-11593558.12,-6687389.317
13/07/2019 13:00,-10922391.8,-2216137.466,-11745528.57,-6775048.825
13/07/2019 14:00,-10955955.24,-2222947.441,-11781621.44,-6795867.89
13/07/2019 15:00,-10902960.16,-2212194.814,-11724632.52,-6762995.575
13/07/2019 16:00,-10851731.68,-2201800.63,-11669543.34,-6731219.07
13/07/2019 17:00,-10922391.8,-2216137.466,-11745528.57,-6775048.825
13/07/2019 18:00,-10975386.89,-2226890.093,-11802517.49,-6807921.141
13/07/2019 19:00,-10975386.89,-2226890.093,-11802517.49,-6807921.141
13/07/2019 20:00,-10902960.16,-2212194.814,-11724632.52,-6762995.575
13/07/2019 21:00,-11026615.36,-2237284.276,-11857606.66,-6839697.643
13/07/2019 22:00,-11079610.45,-2248036.902,-11914595.58,-6872569.958
13/07/2019 23:00,-10413638.9,-2112912.241,-11198434.88,-6459474.564
14/07/2019 00:00,-9482691.911,-1924024.446,-10197329.56,-5882017.591
14/07/2019 01:00,-9009269.342,-1827967.693,-9688228.771,-5588358.375
14/07/2019 02:00,-8799055.063,-1785315.52,-9462172.257,-5457964.59
14/07/2019 03:00,-8693064.888,-1763810.267,-9348194.416,-5392219.959
14/07/2019 04:00,-8640069.8,-1753057.641,-9291205.495,-5359347.644
14/07/2019 05:00,-8588841.323,-1742663.457,-9236116.321,-5327571.139
14/07/2019 06:00,-8710729.919,-1767394.476,-9367190.725,-5403177.399
14/07/2019 07:00,-9009269.342,-1827967.693,-9688228.771,-5588358.375
14/07/2019 08:00,-9745900.739,-1977429.136,-10480374.42,-6045283.357
14/07/2019 09:00,-10535527.76,-2137643.314,-11329509.56,-6535080.989
14/07/2019 10:00,-10712178.06,-2173485.403,-11519472.64,-6644655.375
14/07/2019 11:00,-10798736.59,-2191048.004,-11612554.42,-6698346.755
14/07/2019 12:00,-10781071.56,-2187463.795,-11593558.12,-6687389.317
14/07/2019 13:00,-10922391.8,-2216137.466,-11745528.57,-6775048.825
14/07/2019 14:00,-10955955.24,-2222947.441,-11781621.44,-6795867.89
14/07/2019 15:00,-10902960.16,-2212194.814,-11724632.52,-6762995.575
14/07/2019 16:00,-10851731.68,-2201800.63,-11669543.34,-6731219.07
14/07/2019 17:00,-10922391.8,-2216137.466,-11745528.57,-6775048.825
14/07/2019 18:00,-10975386.89,-2226890.093,-11802517.49,-6807921.141
14/07/2019 19:00,-10975386.89,-2226890.093,-11802517.49,-6807921.141
14/07/2019 20:00,-10902960.16,-2212194.814,-11724632.52,-6762995.575
14/07/2019 21:00,-11026615.36,-2237284.276,-11857606.66,-6839697.643
14/07/2019 22:00,-11079610.45,-2248036.902,-11914595.58,-6872569.958
14/07/2019 23:00,-10413638.9,-2112912.241,-11198434.88,-6459474.564
15/07/2019 00:00,-9482691.911,-1924024.446,-10197329.56,-5882017.591
15/07/2019 01:00,-9009269.342,-1827967.693,-9688228.771,-5588358.375
15/07/2019 02:00,-8799055.063,-1785315.52,-9462172.257,-5457964.59
15/07/2019 03:00,-8693064.888,-1763810.267,-9348194.416,-5392219.959
15/07/2019 04:00,-8640069.8,-1753057.641,-9291205.495,-5359347.644
15/07/2019 05:00,-8588841.323,-1742663.457,-9236116.321,-5327571.139
15/07/2019 06:00,-8710729.919,-1767394.476,-9367190.725,-5403177.399
15/07/2019 07:00,-9009269.342,-1827967.693,-9688228.771,-5588358.375
15/07/2019 08:00,-9745900.739,-1977429.136,-10480374.42,-6045283.357
15/07/2019 09:00,-10535527.76,-2137643.314,-11329509.56,-6535080.989
15/07/2019 10:00,-10712178.06,-2173485.403,-11519472.64,-6644655.375
15/07/2019 11:00,-10798736.59,-2191048.004,-11612554.42,-6698346.755
15/07/2019 12:00,-10781071.56,-2187463.795,-11593558.12,-6687389.317
15/07/2019 13:00,-10922391.8,-2216137.466,-11745528.57,-6775048.825
15/07/2019 14:00,-10955955.24,-2222947.441,-11781621.44,-6795867.89
15/07/2019 15:00,-10902960.16,-2212194.814,-11724632.52,-6762995.575
15/07/2019 16:00,-10851731.68,-2201800.63,-11669543.34,-6731219.07
15/07/2019 17:00,-10922391.8,-2216137.466,-11745528.57,-6775048.825
15/07/2019 18:00,-10975386.89,-2226890.093,-11802517.49,-6807921.141
15/07/2019 19:00,-10975386.89,-2226890.093,-11802517.49,-6807921.141
15/07/2019 20:00,-10902960.16,-2212194.814,-11724632.52,-6762995.575
15/07/2019 21:00,-11026615.36,-2237284.276,-11857606.66,-6839697.643
15/07/2019 22:00,-11079610.45,-2248036.902,-11914595.58,-6872569.958
15/07/2019 23:00,-10413638.9,-2112912.241,-11198434.88,-6459474.564
16/07/2019 00:00,-9311335.324,-1889256.443,-10013059.15,-5775726.839
16/07/2019 01:00,-8846467.716,-1794935.479,-9513158.037,-5487374.178
16/07/2019 02:00,-8640052.105,-1753054.05,-9291186.467,-5359336.668
16/07/2019 03:00,-8535977.221,-1731937.407,-9179268.258,-5294780.073
16/07/2019 04:00,-8483939.778,-1721379.085,-9123309.152,-5262501.775
16/07/2019 05:00,-8433637.025,-1711172.73,-9069215.467,-5231299.488
16/07/2019 06:00,-8553323.035,-1735456.848,-9197921.292,-5305539.506
16/07/2019 07:00,-8846467.716,-1794935.479,-9513158.037,-5487374.178
16/07/2019 08:00,-9569787.848,-1941696.085,-10290989.25,-5936042.317
16/07/2019 09:00,-10345145.95,-2099015.12,-11124780.13,-6416989.08
16/07/2019 10:00,-10518604.09,-2134209.525,-11311310.48,-6524583.405
16/07/2019 11:00,-10603598.47,-2151454.762,-11402710.24,-6577304.558
16/07/2019 12:00,-10586252.66,-2147935.322,-11384057.21,-6566545.126
16/07/2019 13:00,-10725019.17,-2176090.846,-11533281.49,-6652620.587
16/07/2019 14:00,-10757976.11,-2182777.762,-11568722.14,-6673063.442
16/07/2019 15:00,-10705938.67,-2172219.44,-11512763.03,-6640785.144
16/07/2019 16:00,-10655635.91,-2162013.084,-11458669.35,-6609582.857
16/07/2019 17:00,-10725019.17,-2176090.846,-11533281.49,-6652620.587
16/07/2019 18:00,-10777056.61,-2186649.168,-11589240.59,-6684898.884
16/07/2019 19:00,-10777056.61,-2186649.168,-11589240.59,-6684898.884
16/07/2019 20:00,-10705938.67,-2172219.44,-11512763.03,-6640785.144
16/07/2019 21:00,-10827359.37,-2196855.524,-11643334.28,-6716101.173
16/07/2019 22:00,-10879396.81,-2207413.845,-11699293.38,-6748379.469
16/07/2019 23:00,-10225459.67,-2074730.948,-10996074.02,-6342748.898
17/07/2019 00:00,-9311335.324,-1889256.443,-10013059.15,-5775726.839
17/07/2019 01:00,-8846467.716,-1794935.479,-9513158.037,-5487374.178
17/07/2019 02:00,-8640052.105,-1753054.05,-9291186.467,-5359336.668
17/07/2019 03:00,-8535977.221,-1731937.407,-9179268.258,-5294780.073
17/07/2019 04:00,-8483939.778,-1721379.085,-9123309.152,-5262501.775
17/07/2019 05:00,-8433637.025,-1711172.73,-9069215.467,-5231299.488
17/07/2019 06:00,-8553323.035,-1735456.848,-9197921.292,-5305539.506
17/07/2019 07:00,-8846467.716,-1794935.479,-9513158.037,-5487374.178
17/07/2019 08:00,-9569787.848,-1941696.085,-10290989.25,-5936042.317
17/07/2019 09:00,-10345145.95,-2099015.12,-11124780.13,-6416989.08
17/07/2019 10:00,-10518604.09,-2134209.525,-11311310.48,-6524583.405
17/07/2019 11:00,-10603598.47,-2151454.762,-11402710.24,-6577304.558
17/07/2019 12:00,-10586252.66,-2147935.322,-11384057.21,-6566545.126
17/07/2019 13:00,-10725019.17,-2176090.846,-11533281.49,-6652620.587
17/07/2019 14:00,-10757976.11,-2182777.762,-11568722.14,-6673063.442
17/07/2019 15:00,-10705938.67,-2172219.44,-11512763.03,-6640785.144
17/07/2019 16:00,-10655635.91,-2162013.084,-11458669.35,-6609582.857
17/07/2019 17:00,-10725019.17,-2176090.846,-11533281.49,-6652620.587
17/07/2019 18:00,-10777056.61,-2186649.168,-11589240.59,-6684898.884
17/07/2019 19:00,-10777056.61,-2186649.168,-11589240.59,-6684898.884
17/07/2019 20:00,-10705938.67,-2172219.44,-11512763.03,-6640785.144
17/07/2019 21:00,-10827359.37,-2196855.524,-11643334.28,-6716101.173
17/07/2019 22:00,-10879396.81,-2207413.845,-11699293.38,-6748379.469
17/07/2019 23:00,-10225459.67,-2074730.948,-10996074.02,-6342748.898
18/07/2019 00:00,-9311335.324,-1889256.443,-10013059.15,-5775726.839
18/07/2019 01:00,-8846467.716,-1794935.479,-9513158.037,-5487374.178
18/07/2019 02:00,-8640052.105,-1753054.05,-9291186.467,-5359336.668
18/07/2019 03:00,-8535977.221,-1731937.407,-9179268.258,-5294780.073
18/07/2019 04:00,-8483939.778,-1721379.085,-9123309.152,-5262501.775
18/07/2019 05:00,-8433637.025,-1711172.73,-9069215.467,-5231299.488
18/07/2019 06:00,-8553323.035,-1735456.848,-9197921.292,-5305539.506
18/07/2019 07:00,-8846467.716,-1794935.479,-9513158.037,-5487374.178
18/07/2019 08:00,-9569787.848,-1941696.085,-10290989.25,-5936042.317
18/07/2019 09:00,-10345145.95,-2099015.12,-11124780.13,-6416989.08
18/07/2019 10:00,-10518604.09,-2134209.525,-11311310.48,-6524583.405
18/07/2019 11:00,-10603598.47,-2151454.762,-11402710.24,-6577304.558
18/07/2019 12:00,-10586252.66,-2147935.322,-11384057.21,-6566545.126
18/07/2019 13:00,-10725019.17,-2176090.846,-11533281.49,-6652620.587
18/07/2019 14:00,-10757976.11,-2182777.762,-11568722.14,-6673063.442
18/07/2019 15:00,-10705938.67,-2172219.44,-11512763.03,-6640785.144
18/07/2019 16:00,-10655635.91,-2162013.084,-11458669.35,-6609582.857
18/07/2019 17:00,-10725019.17,-2176090.846,-11533281.49,-6652620.587
18/07/2019 18:00,-10777056.61,-2186649.168,-11589240.59,-6684898.884
18/07/2019 19:00,-10777056.61,-2186649.168,-11589240.59,-6684898.884
18/07/2019 20:00,-10705938.67,-2172219.44,-11512763.03,-6640785.144
18/07/2019 21:00,-10827359.37,-2196855.524,-11643334.28,-6716101.173
18/07/2019 22:00,-10879396.81,-2207413.845,-11699293.38,-6748379.469
18/07/2019 23:00,-10225459.67,-2074730.948,-10996074.02,-6342748.898
19/07/2019 00:00,-9311335.324,-1889256.443,-10013059.15,-5775726.839
19/07/2019 01:00,-8846467.716,-1794935.479,-9513158.037,-5487374.178
19/07/2019 02:00,-8640052.105,-1753054.05,-9291186.467,-5359336.668
19/07/2019 03:00,-8535977.221,-1731937.407,-9179268.258,-5294780.073
19/07/2019 04:00,-8483939.778,-1721379.085,-9123309.152,-5262501.775
19/07/2019 05:00,-8433637.025,-1711172.73,-9069215.467,-5231299.488
19/07/2019 06:00,-8553323.035,-1735456.848,-9197921.292,-5305539.506
19/07/2019 07:00,-8846467.716,-1794935.479,-9513158.037,-5487374.178
19/07/2019 08:00,-9569787.848,-1941696.085,-10290989.25,-5936042.317
19/07/2019 09:00,-10345145.95,-2099015.12,-11124780.13,-6416989.08
19/07/2019 10:00,-10518604.09,-2134209.525,-11311310.48,-6524583.405
19/07/2019 11:00,-10603598.47,-2151454.762,-11402710.24,-6577304.558
19/07/2019 12:00,-10586252.66,-2147935.322,-11384057.21,-6566545.126
19/07/2019 13:00,-10725019.17,-2176090.846,-11533281.49,-6652620.587
19/07/2019 14:00,-10757976.11,-2182777.762,-11568722.14,-6673063.442
19/07/2019 15:00,-10705938.67,-2172219.44,-11512763.03,-6640785.144
19/07/2019 16:00,-10655635.91,-2162013.084,-11458669.35,-6609582.857
19/07/2019 17:00,-10725019.17,-2176090.846,-11533281.49,-6652620.587
19/07/2019 18:00,-10777056.61,-2186649.168,-11589240.59,-6684898.884
19/07/2019 19:00,-10777056.61,-2186649.168,-11589240.59,-6684898.884
19/07/2019 20:00,-10705938.67,-2172219.44,-11512763.03,-6640785.144
19/07/2019 21:00,-10827359.37,-2196855.524,-11643334.28,-6716101.173
19/07/2019 22:00,-10879396.81,-2207413.845,-11699293.38,-6748379.469
19/07/2019 23:00,-10225459.67,-2074730.948,-10996074.02,-6342748.898
20/07/2019 00:00,-9311335.324,-1889256.443,-10013059.15,-5775726.839
20/07/2019 01:00,-8846467.716,-1794935.479,-9513158.037,-5487374.178
20/07/2019 02:00,-8640052.105,-1753054.05,-9291186.467,-5359336.668
20/07/2019 03:00,-8535977.221,-1731937.407,-9179268.258,-5294780.073
20/07/2019 04:00,-8483939.778,-1721379.085,-9123309.152,-5262501.775
20/07/2019 05:00,-8433637.025,-1711172.73,-9069215.467,-5231299.488
20/07/2019 06:00,-8553323.035,-1735456.848,-9197921.292,-5305539.506
20/07/2019 07:00,-8846467.716,-1794935.479,-9513158.037,-5487374.178
20/07/2019 08:00,-9569787.848,-1941696.085,-10290989.25,-5936042.317
20/07/2019 09:00,-10345145.95,-2099015.12,-11124780.13,-6416989.08
20/07/2019 10:00,-10518604.09,-2134209.525,-11311310.48,-6524583.405
20/07/2019 11:00,-10603598.47,-2151454.762,-11402710.24,-6577304.558
20/07/2019 12:00,-10586252.66,-2147935.322,-11384057.21,-6566545.126
20/07/2019 13:00,-10725019.17,-2176090.846,-11533281.49,-6652620.587
20/07/2019 14:00,-10757976.11,-2182777.762,-11568722.14,-6673063.442
20/07/2019 15:00,-10705938.67,-2172219.44,-11512763.03,-6640785.144
20/07/2019 16:00,-10655635.91,-2162013.084,-11458669.35,-6609582.857
20/07/2019 17:00,-10725019.17,-2176090.846,-11533281.49,-6652620.587
20/07/2019 18:00,-10777056.61,-2186649.168,-11589240.59,-6684898.884
20/07/2019 19:00,-10777056.61,-2186649.168,-11589240.59,-6684898.884
20/07/2019 20:00,-10705938.67,-2172219.44,-11512763.03,-6640785.144
20/07/2019 21:00,-10827359.37,-2196855.524,-11643334.28,-6716101.173
20/07/2019 22:00,-10879396.81,-2207413.845,-11699293.38,-6748379.469
20/07/2019 23:00,-10225459.67,-2074730.948,-10996074.02,-6342748.898
21/07/2019 00:00,-9311335.324,-1889256.443,-10013059.15,-5775726.839
21/07/2019 01:00,-8846467.716,-1794935.479,-9513158.037,-5487374.178
21/07/2019 02:00,-8640052.105,-1753054.05,-9291186.467,-5359336.668
21/07/2019 03:00,-8535977.221,-1731937.407,-9179268.258,-5294780.073
21/07/2019 04:00,-8483939.778,-1721379.085,-9123309.152,-5262501.775
21/07/2019 05:00,-8433637.025,-1711172.73,-9069215.467,-5231299.488
21/07/2019 06:00,-8553323.035,-1735456.848,-9197921.292,-5305539.506
21/07/2019 07:00,-8846467.716,-1794935.479,-9513158.037,-5487374.178
21/07/2019 08:00,-9569787.848,-1941696.085,-10290989.25,-5936042.317
21/07/2019 09:00,-10345145.95,-2099015.12,-11124780.13,-6416989.08
21/07/2019 10:00,-10518604.09,-2134209.525,-11311310.48,-6524583.405
21/07/2019 11:00,-10603598.47,-2151454.762,-11402710.24,-6577304.558
21/07/2019 12:00,-10586252.66,-2147935.322,-11384057.21,-6566545.126
21/07/2019 13:00,-10725019.17,-2176090.846,-11533281.49,-6652620.587
21/07/2019 14:00,-10757976.11,-2182777.762,-11568722.14,-6673063.442
21/07/2019 15:00,-10705938.67,-2172219.44,-11512763.03,-6640785.144
21/07/2019 16:00,-10655635.91,-2162013.084,-11458669.35,-6609582.857
21/07/2019 17:00,-10725019.17,-2176090.846,-11533281.49,-6652620.587
21/07/2019 18:00,-10777056.61,-2186649.168,-11589240.59,-6684898.884
21/07/2019 19:00,-10777056.61,-2186649.168,-11589240.59,-6684898.884
21/07/2019 20:00,-10705938.67,-2172219.44,-11512763.03,-6640785.144
21/07/2019 21:00,-10827359.37,-2196855.524,-11643334.28,-6716101.173
21/07/2019 22:00,-10879396.81,-2207413.845,-11699293.38,-6748379.469
21/07/2019 23:00,-10225459.67,-2074730.948,-10996074.02,-6342748.898
22/07/2019 00:00,-9311335.324,-1889256.443,-10013059.15,-5775726.839
22/07/2019 01:00,-8846467.716,-1794935.479,-9513158.037,-5487374.178
22/07/2019 02:00,-8640052.105,-1753054.05,-9291186.467,-5359336.668
22/07/2019 03:00,-8535977.221,-1731937.407,-9179268.258,-5294780.073
22/07/2019 04:00,-8483939.778,-1721379.085,-9123309.152,-5262501.775
22/07/2019 05:00,-8433637.025,-1711172.73,-9069215.467,-5231299.488
22/07/2019 06:00,-8553323.035,-1735456.848,-9197921.292,-5305539.506
22/07/2019 07:00,-8846467.716,-1794935.479,-9513158.037,-5487374.178
22/07/2019 08:00,-9569787.848,-1941696.085,-10290989.25,-5936042.317
22/07/2019 09:00,-10345145.95,-2099015.12,-11124780.13,-6416989.08
22/07/2019 10:00,-10518604.09,-2134209.525,-11311310.48,-6524583.405
22/07/2019 11:00,-10603598.47,-2151454.762,-11402710.24,-6577304.558
22/07/2019 12:00,-10586252.66,-2147935.322,-11384057.21,-6566545.126
22/07/2019 13:00,-10725019.17,-2176090.846,-11533281.49,-6652620.587
22/07/2019 14:00,-10757976.11,-2182777.762,-11568722.14,-6673063.442
22/07/2019 15:00,-10705938.67,-2172219.44,-11512763.03,-6640785.144
22/07/2019 16:00,-10655635.91,-2162013.084,-11458669.35,-6609582.857
22/07/2019 17:00,-10725019.17,-2176090.846,-11533281.49,-6652620.587
22/07/2019 18:00,-10777056.61,-2186649.168,-11589240.59,-6684898.884
22/07/2019 19:00,-10777056.61,-2186649.168,-11589240.59,-6684898.884
22/07/2019 20:00,-10705938.67,-2172219.44,-11512763.03,-6640785.144
22/07/2019 21:00,-10827359.37,-2196855.524,-11643334.28,-6716101.173
22/07/2019 22:00,-10879396.81,-2207413.845,-11699293.38,-6748379.469
22/07/2019 23:00,-10225459.67,-2074730.948,-10996074.02,-6342748.898
23/07/2019 00:00,-9260400.962,-1878921.934,-9958286.252,-5744132.771
23/07/2019 01:00,-8798076.25,-1785116.92,-9461119.678,-5457357.442
23/07/2019 02:00,-8592789.762,-1743464.589,-9240362.323,-5330020.316
23/07/2019 03:00,-8489284.183,-1722463.457,-9129056.324,-5265816.855
23/07/2019 04:00,-8437531.392,-1711962.891,-9073403.323,-5233715.124
23/07/2019 05:00,-8387503.801,-1701812.365,-9019605.537,-5202683.517
23/07/2019 06:00,-8506535.111,-1725963.646,-9147607.322,-5276517.431
23/07/2019 07:00,-8798076.25,-1785116.92,-9461119.678,-5457357.442
23/07/2019 08:00,-9517439.711,-1931074.724,-10234696.04,-5903571.299
23/07/2019 09:00,-10288556.49,-2087533.201,-11063925.96,-6381887.214
23/07/2019 10:00,-10461065.79,-2122535.088,-11249435.97,-6488892.984
23/07/2019 11:00,-10545595.24,-2139685.991,-11340335.75,-6541325.744
23/07/2019 12:00,-10528344.31,-2136185.803,-11321784.75,-6530625.169
23/07/2019 13:00,-10666351.75,-2164187.312,-11470192.75,-6616229.782
23/07/2019 14:00,-10699128.41,-2170837.649,-11505439.54,-6636560.814
23/07/2019 15:00,-10647375.62,-2160337.083,-11449786.54,-6604459.083
23/07/2019 16:00,-10597348.03,-2150186.557,-11395988.75,-6573427.475
23/07/2019 17:00,-10666351.75,-2164187.312,-11470192.75,-6616229.782
23/07/2019 18:00,-10718104.54,-2174687.878,-11525845.75,-6648331.514
23/07/2019 19:00,-10718104.54,-2174687.878,-11525845.75,-6648331.514
23/07/2019 20:00,-10647375.62,-2160337.083,-11449786.54,-6604459.083
23/07/2019 21:00,-10768132.13,-2184838.404,-11579643.54,-6679363.121
23/07/2019 22:00,-10819884.92,-2195338.97,-11635296.54,-6711464.85
23/07/2019 23:00,-10169524.92,-2063381.867,-10935923.9,-6308053.137
24/07/2019 00:00,-9260400.962,-1878921.934,-9958286.252,-5744132.771
24/07/2019 01:00,-8798076.25,-1785116.92,-9461119.678,-5457357.442
24/07/2019 02:00,-8592789.762,-1743464.589,-9240362.323,-5330020.316
24/07/2019 03:00,-8489284.183,-1722463.457,-9129056.324,-5265816.855
24/07/2019 04:00,-8437531.392,-1711962.891,-9073403.323,-5233715.124
24/07/2019 05:00,-8387503.801,-1701812.365,-9019605.537,-5202683.517
24/07/2019 06:00,-8506535.111,-1725963.646,-9147607.322,-5276517.431
24/07/2019 07:00,-8798076.25,-1785116.92,-9461119.678,-5457357.442
24/07/2019 08:00,-9517439.711,-1931074.724,-10234696.04,-5903571.299
24/07/2019 09:00,-10288556.49,-2087533.201,-11063925.96,-6381887.214
24/07/2019 10:00,-10461065.79,-2122535.088,-11249435.97,-6488892.984
24/07/2019 11:00,-10545595.24,-2139685.991,-11340335.75,-6541325.744
24/07/2019 12:00,-10528344.31,-2136185.803,-11321784.75,-6530625.169
24/07/2019 13:00,-10666351.75,-2164187.312,-11470192.75,-6616229.782
24/07/2019 14:00,-10699128.41,-2170837.649,-11505439.54,-6636560.814
24/07/2019 15:00,-10647375.62,-2160337.083,-11449786.54,-6604459.083
24/07/2019 16:00,-10597348.03,-2150186.557,-11395988.75,-6573427.475
24/07/2019 17:00,-10666351.75,-2164187.312,-11470192.75,-6616229.782
24/07/2019 18:00,-10718104.54,-2174687.878,-11525845.75,-6648331.514
24/07/2019 19:00,-10718104.54,-2174687.878,-11525845.75,-6648331.514
24/07/2019 20:00,-10647375.62,-2160337.083,-11449786.54,-6604459.083
24/07/2019 21:00,-10768132.13,-2184838.404,-11579643.54,-6679363.121
24/07/2019 22:00,-10819884.92,-2195338.97,-11635296.54,-6711464.85
24/07/2019 23:00,-10169524.92,-2063381.867,-10935923.9,-6308053.137
25/07/2019 00:00,-9260400.962,-1878921.934,-9958286.252,-5744132.771
25/07/2019 01:00,-8798076.25,-1785116.92,-9461119.678,-5457357.442
25/07/2019 02:00,-8592789.762,-1743464.589,-9240362.323,-5330020.316
25/07/2019 03:00,-8489284.183,-1722463.457,-9129056.324,-5265816.855
25/07/2019 04:00,-8437531.392,-1711962.891,-9073403.323,-5233715.124
25/07/2019 05:00,-8387503.801,-1701812.365,-9019605.537,-5202683.517
25/07/2019 06:00,-8506535.111,-1725963.646,-9147607.322,-5276517.431
25/07/2019 07:00,-8798076.25,-1785116.92,-9461119.678,-5457357.442
25/07/2019 08:00,-9517439.711,-1931074.724,-10234696.04,-5903571.299
25/07/2019 09:00,-10288556.49,-2087533.201,-11063925.96,-6381887.214
25/07/2019 10:00,-10461065.79,-2122535.088,-11249435.97,-6488892.984
25/07/2019 11:00,-10545595.24,-2139685.991,-11340335.75,-6541325.744
25/07/2019 12:00,-10528344.31,-2136185.803,-11321784.75,-6530625.169
25/07/2019 13:00,-10666351.75,-2164187.312,-11470192.75,-6616229.782
25/07/2019 14:00,-10699128.41,-2170837.649,-11505439.54,-6636560.814
25/07/2019 15:00,-10647375.62,-2160337.083,-11449786.54,-6604459.083
25/07/2019 16:00,-10597348.03,-2150186.557,-11395988.75,-6573427.475
25/07/2019 17:00,-10666351.75,-2164187.312,-11470192.75,-6616229.782
25/07/2019 18:00,-10718104.54,-2174687.878,-11525845.75,-6648331.514
25/07/2019 19:00,-10718104.54,-2174687.878,-11525845.75,-6648331.514
25/07/2019 20:00,-10647375.62,-2160337.083,-11449786.54,-6604459.083
25/07/2019 21:00,-10768132.13,-2184838.404,-11579643.54,-6679363.121
25/07/2019 22:00,-10819884.92,-2195338.97,-11635296.54,-6711464.85
25/07/2019 23:00,-10169524.92,-2063381.867,-10935923.9,-6308053.137
26/07/2019 00:00,-9260400.962,-1878921.934,-9958286.252,-5744132.771
26/07/2019 01:00,-8798076.25,-1785116.92,-9461119.678,-5457357.442
26/07/2019 02:00,-8592789.762,-1743464.589,-9240362.323,-5330020.316
26/07/2019 03:00,-8489284.183,-1722463.457,-9129056.324,-5265816.855
26/07/2019 04:00,-8437531.392,-1711962.891,-9073403.323,-5233715.124
26/07/2019 05:00,-8387503.801,-1701812.365,-9019605.537,-5202683.517
26/07/2019 06:00,-8506535.111,-1725963.646,-9147607.322,-5276517.431
26/07/2019 07:00,-8798076.25,-1785116.92,-9461119.678,-5457357.442
26/07/2019 08:00,-9517439.711,-1931074.724,-10234696.04,-5903571.299
26/07/2019 09:00,-10288556.49,-2087533.201,-11063925.96,-6381887.214
26/07/2019 10:00,-10461065.79,-2122535.088,-11249435.97,-6488892.984
26/07/2019 11:00,-10545595.24,-2139685.991,-11340335.75,-6541325.744
26/07/2019 12:00,-10528344.31,-2136185.803,-11321784.75,-6530625.169
26/07/2019 13:00,-10666351.75,-2164187.312,-11470192.75,-6616229.782
26/07/2019 14:00,-10699128.41,-2170837.649,-11505439.54,-6636560.814
26/07/2019 15:00,-10647375.62,-2160337.083,-11449786.54,-6604459.083
26/07/2019 16:00,-10597348.03,-2150186.557,-11395988.75,-6573427.475
26/07/2019 17:00,-10666351.75,-2164187.312,-11470192.75,-6616229.782
26/07/2019 18:00,-10718104.54,-2174687.878,-11525845.75,-6648331.514
26/07/2019 19:00,-10718104.54,-2174687.878,-11525845.75,-6648331.514
26/07/2019 20:00,-10647375.62,-2160337.083,-11449786.54,-6604459.083
26/07/2019 21:00,-10768132.13,-2184838.404,-11579643.54,-6679363.121
26/07/2019 22:00,-10819884.92,-2195338.97,-11635296.54,-6711464.85
26/07/2019 23:00,-10169524.92,-2063381.867,-10935923.9,-6308053.137
27/07/2019 00:00,-9260400.962,-1878921.934,-9958286.252,-5744132.771
27/07/2019 01:00,-8798076.25,-1785116.92,-9461119.678,-5457357.442
27/07/2019 02:00,-8592789.762,-1743464.589,-9240362.323,-5330020.316
27/07/2019 03:00,-8489284.183,-1722463.457,-9129056.324,-5265816.855
27/07/2019 04:00,-8437531.392,-1711962.891,-9073403.323,-5233715.124
27/07/2019 05:00,-8387503.801,-1701812.365,-9019605.537,-5202683.517
27/07/2019 06:00,-8506535.111,-1725963.646,-9147607.322,-5276517.431
27/07/2019 07:00,-8798076.25,-1785116.92,-9461119.678,-5457357.442
27/07/2019 08:00,-9517439.711,-1931074.724,-10234696.04,-5903571.299
27/07/2019 09:00,-10288556.49,-2087533.201,-11063925.96,-6381887.214
27/07/2019 10:00,-10461065.79,-2122535.088,-11249435.97,-6488892.984
27/07/2019 11:00,-10545595.24,-2139685.991,-11340335.75,-6541325.744
27/07/2019 12:00,-10528344.31,-2136185.803,-11321784.75,-6530625.169
27/07/2019 13:00,-10666351.75,-2164187.312,-11470192.75,-6616229.782
27/07/2019 14:00,-10699128.41,-2170837.649,-11505439.54,-6636560.814
27/07/2019 15:00,-10647375.62,-2160337.083,-11449786.54,-6604459.083
27/07/2019 16:00,-10597348.03,-2150186.557,-11395988.75,-6573427.475
27/07/2019 17:00,-10666351.75,-2164187.312,-11470192.75,-6616229.782
27/07/2019 18:00,-10718104.54,-2174687.878,-11525845.75,-6648331.514
27/07/2019 19:00,-10718104.54,-2174687.878,-11525845.75,-6648331.514
27/07/2019 20:00,-10647375.62,-2160337.083,-11449786.54,-6604459.083
27/07/2019 21:00,-10768132.13,-2184838.404,-11579643.54,-6679363.121
27/07/2019 22:00,-10819884.92,-2195338.97,-11635296.54,-6711464.85
27/07/2019 23:00,-10169524.92,-2063381.867,-10935923.9,-6308053.137
28/07/2019 00:00,-9260400.962,-1878921.934,-9958286.252,-5744132.771
28/07/2019 01:00,-8798076.25,-1785116.92,-9461119.678,-5457357.442
28/07/2019 02:00,-8592789.762,-1743464.589,-9240362.323,-5330020.316
28/07/2019 03:00,-8489284.183,-1722463.457,-9129056.324,-5265816.855
28/07/2019 04:00,-8437531.392,-1711962.891,-9073403.323,-5233715.124
28/07/2019 05:00,-8387503.801,-1701812.365,-9019605.537,-5202683.517
28/07/2019 06:00,-8506535.111,-1725963.646,-9147607.322,-5276517.431
28/07/2019 07:00,-8798076.25,-1785116.92,-9461119.678,-5457357.442
28/07/2019 08:00,-9517439.711,-1931074.724,-10234696.04,-5903571.299
28/07/2019 09:00,-10288556.49,-2087533.201,-11063925.96,-6381887.214
28/07/2019 10:00,-10461065.79,-2122535.088,-11249435.97,-6488892.984
28/07/2019 11:00,-10545595.24,-2139685.991,-11340335.75,-6541325.744
28/07/2019 12:00,-10528344.31,-2136185.803,-11321784.75,-6530625.169
28/07/2019 13:00,-10666351.75,-2164187.312,-11470192.75,-6616229.782
28/07/2019 14:00,-10699128.41,-2170837.649,-11505439.54,-6636560.814
28/07/2019 15:00,-10647375.62,-2160337.083,-11449786.54,-6604459.083
28/07/2019 16:00,-10597348.03,-2150186.557,-11395988.75,-6573427.475
28/07/2019 17:00,-10666351.75,-2164187.312,-11470192.75,-6616229.782
28/07/2019 18:00,-10718104.54,-2174687.878,-11525845.75,-6648331.514
28/07/2019 19:00,-10718104.54,-2174687.878,-11525845.75,-6648331.514
28/07/2019 20:00,-10647375.62,-2160337.083,-11449786.54,-6604459.083
28/07/2019 21:00,-10768132.13,-2184838.404,-11579643.54,-6679363.121
28/07/2019 22:00,-10819884.92,-2195338.97,-11635296.54,-6711464.85
28/07/2019 23:00,-10169524.92,-2063381.867,-10935923.9,-6308053.137
29/07/2019 00:00,-9260400.962,-1878921.934,-9958286.252,-5744132.771
29/07/2019 01:00,-8798076.25,-1785116.92,-9461119.678,-5457357.442
29/07/2019 02:00,-8592789.762,-1743464.589,-9240362.323,-5330020.316
29/07/2019 03:00,-8489284.183,-1722463.457,-9129056.324,-5265816.855
29/07/2019 04:00,-8437531.392,-1711962.891,-9073403.323,-5233715.124
29/07/2019 05:00,-8387503.801,-1701812.365,-9019605.537,-5202683.517
29/07/2019 06:00,-8506535.111,-1725963.646,-9147607.322,-5276517.431
29/07/2019 07:00,-8798076.25,-1785116.92,-9461119.678,-5457357.442
29/07/2019 08:00,-9517439.711,-1931074.724,-10234696.04,-5903571.299
29/07/2019 09:00,-10288556.49,-2087533.201,-11063925.96,-6381887.214
29/07/2019 10:00,-10461065.79,-2122535.088,-11249435.97,-6488892.984
29/07/2019 11:00,-10545595.24,-2139685.991,-11340335.75,-6541325.744
29/07/2019 12:00,-10528344.31,-2136185.803,-11321784.75,-6530625.169
29/07/2019 13:00,-10666351.75,-2164187.312,-11470192.75,-6616229.782
29/07/2019 14:00,-10699128.41,-2170837.649,-11505439.54,-6636560.814
29/07/2019 15:00,-10647375.62,-2160337.083,-11449786.54,-6604459.083
29/07/2019 16:00,-10597348.03,-2150186.557,-11395988.75,-6573427.475
29/07/2019 17:00,-10666351.75,-2164187.312,-11470192.75,-6616229.782
29/07/2019 18:00,-10718104.54,-2174687.878,-11525845.75,-6648331.514
29/07/2019 19:00,-10718104.54,-2174687.878,-11525845.75,-6648331.514
29/07/2019 20:00,-10647375.62,-2160337.083,-11449786.54,-6604459.083
29/07/2019 21:00,-10768132.13,-2184838.404,-11579643.54,-6679363.121
29/07/2019 22:00,-10819884.92,-2195338.97,-11635296.54,-6711464.85
29/07/2019 23:00,-10169524.92,-2063381.867,-10935923.9,-6308053.137
30/07/2019 00:00,-9245420.241,-1875882.368,-9942176.549,-5734840.382
30/07/2019 01:00,-8783843.441,-1782229.104,-9445814.251,-5448528.975
30/07/2019 02:00,-8578889.049,-1740644.155,-9225414.021,-5321397.845
30/07/2019 03:00,-8475550.909,-1719676.996,-9114288.079,-5257298.245
30/07/2019 04:00,-8423881.843,-1709193.417,-9058725.112,-5225248.447
30/07/2019 05:00,-8373935.182,-1699059.312,-9005014.355,-5194267.04
30/07/2019 06:00,-8492773.934,-1723171.523,-9132809.071,-5267981.513
30/07/2019 07:00,-8783843.441,-1782229.104,-9445814.251,-5448528.975
30/07/2019 08:00,-9502043.175,-1927950.789,-10218139.18,-5894020.984
30/07/2019 09:00,-10271912.5,-2084156.16,-11046027.65,-6371563.118
30/07/2019 10:00,-10444142.73,-2119101.424,-11231237.55,-6478395.781
30/07/2019 11:00,-10528535.44,-2136224.581,-11321990.28,-6530743.72
30/07/2019 12:00,-10511312.42,-2132730.055,-11303469.29,-6520060.455
30/07/2019 13:00,-10649096.6,-2160686.266,-11451637.21,-6605526.585
30/07/2019 14:00,-10681820.24,-2167325.845,-11486826.98,-6625824.727
30/07/2019 15:00,-10630151.17,-2156842.266,-11431264.01,-6593774.927
30/07/2019 16:00,-10580204.51,-2146708.161,-11377553.25,-6562793.52
30/07/2019 17:00,-10649096.6,-2160686.266,-11451637.21,-6605526.585
30/07/2019 18:00,-10700765.67,-2171169.846,-11507200.18,-6637576.385
30/07/2019 19:00,-10700765.67,-2171169.846,-11507200.18,-6637576.385
30/07/2019 20:00,-10630151.17,-2156842.266,-11431264.01,-6593774.927
30/07/2019 21:00,-10750712.33,-2181303.951,-11560910.94,-6668557.792
30/07/2019 22:00,-10802381.39,-2191787.529,-11616473.91,-6700607.59
30/07/2019 23:00,-10153073.49,-2060043.896,-10918232.65,-6297848.483
31/07/2019 00:00,-9245420.241,-1875882.368,-9942176.549,-5734840.382
31/07/2019 01:00,-8783843.441,-1782229.104,-9445814.251,-5448528.975
31/07/2019 02:00,-8578889.049,-1740644.155,-9225414.021,-5321397.845
31/07/2019 03:00,-8475550.909,-1719676.996,-9114288.079,-5257298.245
31/07/2019 04:00,-8423881.843,-1709193.417,-9058725.112,-5225248.447
31/07/2019 05:00,-8373935.182,-1699059.312,-9005014.355,-5194267.04
31/07/2019 06:00,-8492773.934,-1723171.523,-9132809.071,-5267981.513
31/07/2019 07:00,-8783843.441,-1782229.104,-9445814.251,-5448528.975
31/07/2019 08:00,-9502043.175,-1927950.789,-10218139.18,-5894020.984
31/07/2019 09:00,-10271912.5,-2084156.16,-11046027.65,-6371563.118
31/07/2019 10:00,-10444142.73,-2119101.424,-11231237.55,-6478395.781
31/07/2019 11:00,-10528535.44,-2136224.581,-11321990.28,-6530743.72
31/07/2019 12:00,-10511312.42,-2132730.055,-11303469.29,-6520060.455
31/07/2019 13:00,-10649096.6,-2160686.266,-11451637.21,-6605526.585
31/07/2019 14:00,-10681820.24,-2167325.845,-11486826.98,-6625824.727
31/07/2019 15:00,-10630151.17,-2156842.266,-11431264.01,-6593774.927
31/07/2019 16:00,-10580204.51,-2146708.161,-11377553.25,-6562793.52
31/07/2019 17:00,-10649096.6,-2160686.266,-11451637.21,-6605526.585
31/07/2019 18:00,-10700765.67,-2171169.846,-11507200.18,-6637576.385
31/07/2019 19:00,-10700765.67,-2171169.846,-11507200.18,-6637576.385
31/07/2019 20:00,-10630151.17,-2156842.266,-11431264.01,-6593774.927
31/07/2019 21:00,-10750712.33,-2181303.951,-11560910.94,-6668557.792
31/07/2019 22:00,-10802381.39,-2191787.529,-11616473.91,-6700607.59
31/07/2019 23:00,-10153073.49,-2060043.896,-10918232.65,-6297848.483
01/08/2019 00:00,-9245420.241,-1875882.368,-9942176.549,-5734840.382
01/08/2019 01:00,-8783843.441,-1782229.104,-9445814.251,-5448528.975
01/08/2019 02:00,-8578889.049,-1740644.155,-9225414.021,-5321397.845
01/08/2019 03:00,-8475550.909,-1719676.996,-9114288.079,-5257298.245
01/08/2019 04:00,-8423881.843,-1709193.417,-9058725.112,-5225248.447
01/08/2019 05:00,-8373935.182,-1699059.312,-9005014.355,-5194267.04
01/08/2019 06:00,-8492773.934,-1723171.523,-9132809.071,-5267981.513
01/08/2019 07:00,-8783843.441,-1782229.104,-9445814.251,-5448528.975
01/08/2019 08:00,-9502043.175,-1927950.789,-10218139.18,-5894020.984
01/08/2019 09:00,-10271912.5,-2084156.16,-11046027.65,-6371563.118
01/08/2019 10:00,-10444142.73,-2119101.424,-11231237.55,-6478395.781
01/08/2019 11:00,-10528535.44,-2136224.581,-11321990.28,-6530743.72
01/08/2019 12:00,-10511312.42,-2132730.055,-11303469.29,-6520060.455
01/08/2019 13:00,-10649096.6,-2160686.266,-11451637.21,-6605526.585
01/08/2019 14:00,-10681820.24,-2167325.845,-11486826.98,-6625824.727
01/08/2019 15:00,-10630151.17,-2156842.266,-11431264.01,-6593774.927
01/08/2019 16:00,-10580204.51,-2146708.161,-11377553.25,-6562793.52
01/08/2019 17:00,-10649096.6,-2160686.266,-11451637.21,-6605526.585
01/08/2019 18:00,-10700765.67,-2171169.846,-11507200.18,-6637576.385
01/08/2019 19:00,-10700765.67,-2171169.846,-11507200.18,-6637576.385
01/08/2019 20:00,-10630151.17,-2156842.266,-11431264.01,-6593774.927
01/08/2019 21:00,-10750712.33,-2181303.951,-11560910.94,-6668557.792
01/08/2019 22:00,-10802381.39,-2191787.529,-11616473.91,-6700607.59
01/08/2019 23:00,-10153073.49,-2060043.896,-10918232.65,-6297848.483
02/08/2019 00:00,-9245420.241,-1875882.368,-9942176.549,-5734840.382
02/08/2019 01:00,-8783843.441,-1782229.104,-9445814.251,-5448528.975
02/08/2019 02:00,-8578889.049,-1740644.155,-9225414.021,-5321397.845
02/08/2019 03:00,-8475550.909,-1719676.996,-9114288.079,-5257298.245
02/08/2019 04:00,-8423881.843,-1709193.417,-9058725.112,-5225248.447
02/08/2019 05:00,-8373935.182,-1699059.312,-9005014.355,-5194267.04
02/08/2019 06:00,-8492773.934,-1723171.523,-9132809.071,-5267981.513
02/08/2019 07:00,-8783843.441,-1782229.104,-9445814.251,-5448528.975
02/08/2019 08:00,-9502043.175,-1927950.789,-10218139.18,-5894020.984
02/08/2019 09:00,-10271912.5,-2084156.16,-11046027.65,-6371563.118
02/08/2019 10:00,-10444142.73,-2119101.424,-11231237.55,-6478395.781
02/08/2019 11:00,-10528535.44,-2136224.581,-11321990.28,-6530743.72
02/08/2019 12:00,-10511312.42,-2132730.055,-11303469.29,-6520060.455
02/08/2019 13:00,-10649096.6,-2160686.266,-11451637.21,-6605526.585
02/08/2019 14:00,-10681820.24,-2167325.845,-11486826.98,-6625824.727
02/08/2019 15:00,-10630151.17,-2156842.266,-11431264.01,-6593774.927
02/08/2019 16:00,-10580204.51,-2146708.161,-11377553.25,-6562793.52
02/08/2019 17:00,-10649096.6,-2160686.266,-11451637.21,-6605526.585
02/08/2019 18:00,-10700765.67,-2171169.846,-11507200.18,-6637576.385
02/08/2019 19:00,-10700765.67,-2171169.846,-11507200.18,-6637576.385
02/08/2019 20:00,-10630151.17,-2156842.266,-11431264.01,-6593774.927
02/08/2019 21:00,-10750712.33,-2181303.951,-11560910.94,-6668557.792
02/08/2019 22:00,-10802381.39,-2191787.529,-11616473.91,-6700607.59
02/08/2019 23:00,-10153073.49,-2060043.896,-10918232.65,-6297848.483
03/08/2019 00:00,-9245420.241,-1875882.368,-9942176.549,-5734840.382
03/08/2019 01:00,-8783843.441,-1782229.104,-9445814.251,-5448528.975
03/08/2019 02:00,-8578889.049,-1740644.155,-9225414.021,-5321397.845
03/08/2019 03:00,-8475550.909,-1719676.996,-9114288.079,-5257298.245
03/08/2019 04:00,-8423881.843,-1709193.417,-9058725.112,-5225248.447
03/08/2019 05:00,-8373935.182,-1699059.312,-9005014.355,-5194267.04
03/08/2019 06:00,-8492773.934,-1723171.523,-9132809.071,-5267981.513
03/08/2019 07:00,-8783843.441,-1782229.104,-9445814.251,-5448528.975
03/08/2019 08:00,-9502043.175,-1927950.789,-10218139.18,-5894020.984
03/08/2019 09:00,-10271912.5,-2084156.16,-11046027.65,-6371563.118
03/08/2019 10:00,-10444142.73,-2119101.424,-11231237.55,-6478395.781
03/08/2019 11:00,-10528535.44,-2136224.581,-11321990.28,-6530743.72
03/08/2019 12:00,-10511312.42,-2132730.055,-11303469.29,-6520060.455
03/08/2019 13:00,-10649096.6,-2160686.266,-11451637.21,-6605526.585
03/08/2019 14:00,-10681820.24,-2167325.845,-11486826.98,-6625824.727
03/08/2019 15:00,-10630151.17,-2156842.266,-11431264.01,-6593774.927
03/08/2019 16:00,-10580204.51,-2146708.161,-11377553.25,-6562793.52
03/08/2019 17:00,-10649096.6,-2160686.266,-11451637.21,-6605526.585
03/08/2019 18:00,-10700765.67,-2171169.846,-11507200.18,-6637576.385
03/08/2019 19:00,-10700765.67,-2171169.846,-11507200.18,-6637576.385
03/08/2019 20:00,-10630151.17,-2156842.266,-11431264.01,-6593774.927
03/08/2019 21:00,-10750712.33,-2181303.951,-11560910.94,-6668557.792
03/08/2019 22:00,-10802381.39,-2191787.529,-11616473.91,-6700607.59
03/08/2019 23:00,-10153073.49,-2060043.896,-10918232.65,-6297848.483
04/08/2019 00:00,-9245420.241,-1875882.368,-9942176.549,-5734840.382
04/08/2019 01:00,-8783843.441,-1782229.104,-9445814.251,-5448528.975
04/08/2019 02:00,-8578889.049,-1740644.155,-9225414.021,-5321397.845
04/08/2019 03:00,-8475550.909,-1719676.996,-9114288.079,-5257298.245
04/08/2019 04:00,-8423881.843,-1709193.417,-9058725.112,-5225248.447
04/08/2019 05:00,-8373935.182,-1699059.312,-9005014.355,-5194267.04
04/08/2019 06:00,-8492773.934,-1723171.523,-9132809.071,-5267981.513
04/08/2019 07:00,-8783843.441,-1782229.104,-9445814.251,-5448528.975
04/08/2019 08:00,-9502043.175,-1927950.789,-10218139.18,-5894020.984
04/08/2019 09:00,-10271912.5,-2084156.16,-11046027.65,-6371563.118
04/08/2019 10:00,-10444142.73,-2119101.424,-11231237.55,-6478395.781
04/08/2019 11:00,-10528535.44,-2136224.581,-11321990.28,-6530743.72
04/08/2019 12:00,-10511312.42,-2132730.055,-11303469.29,-6520060.455
04/08/2019 13:00,-10649096.6,-2160686.266,-11451637.21,-6605526.585
04/08/2019 14:00,-10681820.24,-2167325.845,-11486826.98,-6625824.727
04/08/2019 15:00,-10630151.17,-2156842.266,-11431264.01,-6593774.927
04/08/2019 16:00,-10580204.51,-2146708.161,-11377553.25,-6562793.52
04/08/2019 17:00,-10649096.6,-2160686.266,-11451637.21,-6605526.585
04/08/2019 18:00,-10700765.67,-2171169.846,-11507200.18,-6637576.385
04/08/2019 19:00,-10700765.67,-2171169.846,-11507200.18,-6637576.385
04/08/2019 20:00,-10630151.17,-2156842.266,-11431264.01,-6593774.927
04/08/2019 21:00,-10750712.33,-2181303.951,-11560910.94,-6668557.792
04/08/2019 22:00,-10802381.39,-2191787.529,-11616473.91,-6700607.59
04/08/2019 23:00,-10153073.49,-2060043.896,-10918232.65,-6297848.483
05/08/2019 00:00,-9245420.241,-1875882.368,-9942176.549,-5734840.382
05/08/2019 01:00,-8783843.441,-1782229.104,-9445814.251,-5448528.975
05/08/2019 02:00,-8578889.049,-1740644.155,-9225414.021,-5321397.845
05/08/2019 03:00,-8475550.909,-1719676.996,-9114288.079,-5257298.245
05/08/2019 04:00,-8423881.843,-1709193.417,-9058725.112,-5225248.447
05/08/2019 05:00,-8373935.182,-1699059.312,-9005014.355,-5194267.04
05/08/2019 06:00,-8492773.934,-1723171.523,-9132809.071,-5267981.513
05/08/2019 07:00,-8783843.441,-1782229.104,-9445814.251,-5448528.975
05/08/2019 08:00,-9502043.175,-1927950.789,-10218139.18,-5894020.984
05/08/2019 09:00,-10271912.5,-2084156.16,-11046027.65,-6371563.118
05/08/2019 10:00,-10444142.73,-2119101.424,-11231237.55,-6478395.781
05/08/2019 11:00,-10528535.44,-2136224.581,-11321990.28,-6530743.72
05/08/2019 12:00,-10511312.42,-2132730.055,-11303469.29,-6520060.455
05/08/2019 13:00,-10649096.6,-2160686.266,-11451637.21,-6605526.585
05/08/2019 14:00,-10681820.24,-2167325.845,-11486826.98,-6625824.727
05/08/2019 15:00,-10630151.17,-2156842.266,-11431264.01,-6593774.927
05/08/2019 16:00,-10580204.51,-2146708.161,-11377553.25,-6562793.52
05/08/2019 17:00,-10649096.6,-2160686.266,-11451637.21,-6605526.585
05/08/2019 18:00,-10700765.67,-2171169.846,-11507200.18,-6637576.385
05/08/2019 19:00,-10700765.67,-2171169.846,-11507200.18,-6637576.385
05/08/2019 20:00,-10630151.17,-2156842.266,-11431264.01,-6593774.927
05/08/2019 21:00,-10750712.33,-2181303.951,-11560910.94,-6668557.792
05/08/2019 22:00,-10802381.39,-2191787.529,-11616473.91,-6700607.59
05/08/2019 23:00,-10153073.49,-2060043.896,-10918232.65,-6297848.483
06/08/2019 00:00,-9245420.241,-1875882.368,-9942176.549,-5734840.382
06/08/2019 01:00,-8783843.441,-1782229.104,-9445814.251,-5448528.975
06/08/2019 02:00,-8578889.049,-1740644.155,-9225414.021,-5321397.845
06/08/2019 03:00,-8475550.909,-1719676.996,-9114288.079,-5257298.245
06/08/2019 04:00,-8423881.843,-1709193.417,-9058725.112,-5225248.447
06/08/2019 05:00,-8373935.182,-1699059.312,-9005014.355,-5194267.04
06/08/2019 06:00,-8492773.934,-1723171.523,-9132809.071,-5267981.513
06/08/2019 07:00,-8783843.441,-1782229.104,-9445814.251,-5448528.975
06/08/2019 08:00,-9502043.175,-1927950.789,-10218139.18,-5894020.984
06/08/2019 09:00,-10271912.5,-2084156.16,-11046027.65,-6371563.118
06/08/2019 10:00,-10444142.73,-2119101.424,-11231237.55,-6478395.781
06/08/2019 11:00,-10528535.44,-2136224.581,-11321990.28,-6530743.72
06/08/2019 12:00,-10511312.42,-2132730.055,-11303469.29,-6520060.455
06/08/2019 13:00,-10649096.6,-2160686.266,-11451637.21,-6605526.585
06/08/2019 14:00,-10681820.24,-2167325.845,-11486826.98,-6625824.727
06/08/2019 15:00,-10630151.17,-2156842.266,-11431264.01,-6593774.927
06/08/2019 16:00,-10580204.51,-2146708.161,-11377553.25,-6562793.52
06/08/2019 17:00,-10649096.6,-2160686.266,-11451637.21,-6605526.585
06/08/2019 18:00,-10700765.67,-2171169.846,-11507200.18,-6637576.385
06/08/2019 19:00,-10700765.67,-2171169.846,-11507200.18,-6637576.385
06/08/2019 20:00,-10630151.17,-2156842.266,-11431264.01,-6593774.927
06/08/2019 21:00,-10750712.33,-2181303.951,-11560910.94,-6668557.792
06/08/2019 22:00,-10802381.39,-2191787.529,-11616473.91,-6700607.59
06/08/2019 23:00,-10153073.49,-2060043.896,-10918232.65,-6297848.483
07/08/2019 00:00,-9245420.241,-1875882.368,-9942176.549,-5734840.382
07/08/2019 01:00,-8783843.441,-1782229.104,-9445814.251,-5448528.975
07/08/2019 02:00,-8578889.049,-1740644.155,-9225414.021,-5321397.845
07/08/2019 03:00,-8475550.909,-1719676.996,-9114288.079,-5257298.245
07/08/2019 04:00,-8423881.843,-1709193.417,-9058725.112,-5225248.447
07/08/2019 05:00,-8373935.182,-1699059.312,-9005014.355,-5194267.04
07/08/2019 06:00,-8492773.934,-1723171.523,-9132809.071,-5267981.513
07/08/2019 07:00,-8783843.441,-1782229.104,-9445814.251,-5448528.975
07/08/2019 08:00,-9502043.175,-1927950.789,-10218139.18,-5894020.984
07/08/2019 09:00,-10271912.5,-2084156.16,-11046027.65,-6371563.118
07/08/2019 10:00,-10444142.73,-2119101.424,-11231237.55,-6478395.781
07/08/2019 11:00,-10528535.44,-2136224.581,-11321990.28,-6530743.72
07/08/2019 12:00,-10511312.42,-2132730.055,-11303469.29,-6520060.455
07/08/2019 13:00,-10649096.6,-2160686.266,-11451637.21,-6605526.585
07/08/2019 14:00,-10681820.24,-2167325.845,-11486826.98,-6625824.727
07/08/2019 15:00,-10630151.17,-2156842.266,-11431264.01,-6593774.927
07/08/2019 16:00,-10580204.51,-2146708.161,-11377553.25,-6562793.52
07/08/2019 17:00,-10649096.6,-2160686.266,-11451637.21,-6605526.585
07/08/2019 18:00,-10700765.67,-2171169.846,-11507200.18,-6637576.385
07/08/2019 19:00,-10700765.67,-2171169.846,-11507200.18,-6637576.385
07/08/2019 20:00,-10630151.17,-2156842.266,-11431264.01,-6593774.927
07/08/2019 21:00,-10750712.33,-2181303.951,-11560910.94,-6668557.792
07/08/2019 22:00,-10802381.39,-2191787.529,-11616473.91,-6700607.59
07/08/2019 23:00,-10153073.49,-2060043.896,-10918232.65,-6297848.483
08/08/2019 00:00,-9245420.241,-1875882.368,-9942176.549,-5734840.382
08/08/2019 01:00,-8783843.441,-1782229.104,-9445814.251,-5448528.975
08/08/2019 02:00,-8578889.049,-1740644.155,-9225414.021,-5321397.845
08/08/2019 03:00,-8475550.909,-1719676.996,-9114288.079,-5257298.245
08/08/2019 04:00,-8423881.843,-1709193.417,-9058725.112,-5225248.447
08/08/2019 05:00,-8373935.182,-1699059.312,-9005014.355,-5194267.04
08/08/2019 06:00,-8492773.934,-1723171.523,-9132809.071,-5267981.513
08/08/2019 07:00,-8783843.441,-1782229.104,-9445814.251,-5448528.975
08/08/2019 08:00,-9502043.175,-1927950.789,-10218139.18,-5894020.984
08/08/2019 09:00,-10271912.5,-2084156.16,-11046027.65,-6371563.118
08/08/2019 10:00,-10444142.73,-2119101.424,-11231237.55,-6478395.781
08/08/2019 11:00,-10528535.44,-2136224.581,-11321990.28,-6530743.72
08/08/2019 12:00,-10511312.42,-2132730.055,-11303469.29,-6520060.455
08/08/2019 13:00,-10649096.6,-2160686.266,-11451637.21,-6605526.585
08/08/2019 14:00,-10681820.24,-2167325.845,-11486826.98,-6625824.727
08/08/2019 15:00,-10630151.17,-2156842.266,-11431264.01,-6593774.927
08/08/2019 16:00,-10580204.51,-2146708.161,-11377553.25,-6562793.52
08/08/2019 17:00,-10649096.6,-2160686.266,-11451637.21,-6605526.585
08/08/2019 18:00,-10700765.67,-2171169.846,-11507200.18,-6637576.385
08/08/2019 19:00,-10700765.67,-2171169.846,-11507200.18,-6637576.385
08/08/2019 20:00,-10630151.17,-2156842.266,-11431264.01,-6593774.927
08/08/2019 21:00,-10750712.33,-2181303.951,-11560910.94,-6668557.792
08/08/2019 22:00,-10802381.39,-2191787.529,-11616473.91,-6700607.59
08/08/2019 23:00,-10153073.49,-2060043.896,-10918232.65,-6297848.483
09/08/2019 00:00,-9245420.241,-1875882.368,-9942176.549,-5734840.382
09/08/2019 01:00,-8783843.441,-1782229.104,-9445814.251,-5448528.975
09/08/2019 02:00,-8578889.049,-1740644.155,-9225414.021,-5321397.845
09/08/2019 03:00,-8475550.909,-1719676.996,-9114288.079,-5257298.245
09/08/2019 04:00,-8423881.843,-1709193.417,-9058725.112,-5225248.447
09/08/2019 05:00,-8373935.182,-1699059.312,-9005014.355,-5194267.04
09/08/2019 06:00,-8492773.934,-1723171.523,-9132809.071,-5267981.513
09/08/2019 07:00,-8783843.441,-1782229.104,-9445814.251,-5448528.975
09/08/2019 08:00,-9502043.175,-1927950.789,-10218139.18,-5894020.984
09/08/2019 09:00,-10271912.5,-2084156.16,-11046027.65,-6371563.118
09/08/2019 10:00,-10444142.73,-2119101.424,-11231237.55,-6478395.781
09/08/2019 11:00,-10528535.44,-2136224.581,-11321990.28,-6530743.72
09/08/2019 12:00,-10511312.42,-2132730.055,-11303469.29,-6520060.455
09/08/2019 13:00,-10649096.6,-2160686.266,-11451637.21,-6605526.585
09/08/2019 14:00,-10681820.24,-2167325.845,-11486826.98,-6625824.727
09/08/2019 15:00,-10630151.17,-2156842.266,-11431264.01,-6593774.927
09/08/2019 16:00,-10580204.51,-2146708.161,-11377553.25,-6562793.52
09/08/2019 17:00,-10649096.6,-2160686.266,-11451637.21,-6605526.585
09/08/2019 18:00,-10700765.67,-2171169.846,-11507200.18,-6637576.385
09/08/2019 19:00,-10700765.67,-2171169.846,-11507200.18,-6637576.385
09/08/2019 20:00,-10630151.17,-2156842.266,-11431264.01,-6593774.927
09/08/2019 21:00,-10750712.33,-2181303.951,-11560910.94,-6668557.792
09/08/2019 22:00,-10802381.39,-2191787.529,-11616473.91,-6700607.59
09/08/2019 23:00,-10153073.49,-2060043.896,-10918232.65,-6297848.483
10/08/2019 00:00,-9245420.241,-1875882.368,-9942176.549,-5734840.382
10/08/2019 01:00,-8783843.441,-1782229.104,-9445814.251,-5448528.975
10/08/2019 02:00,-8578889.049,-1740644.155,-9225414.021,-5321397.845
10/08/2019 03:00,-8475550.909,-1719676.996,-9114288.079,-5257298.245
10/08/2019 04:00,-8423881.843,-1709193.417,-9058725.112,-5225248.447
10/08/2019 05:00,-8373935.182,-1699059.312,-9005014.355,-5194267.04
10/08/2019 06:00,-8492773.934,-1723171.523,-9132809.071,-5267981.513
10/08/2019 07:00,-8783843.441,-1782229.104,-9445814.251,-5448528.975
10/08/2019 08:00,-9502043.175,-1927950.789,-10218139.18,-5894020.984
10/08/2019 09:00,-10271912.5,-2084156.16,-11046027.65,-6371563.118
10/08/2019 10:00,-10444142.73,-2119101.424,-11231237.55,-6478395.781
10/08/2019 11:00,-10528535.44,-2136224.581,-11321990.28,-6530743.72
10/08/2019 12:00,-10511312.42,-2132730.055,-11303469.29,-6520060.455
10/08/2019 13:00,-10649096.6,-2160686.266,-11451637.21,-6605526.585
10/08/2019 14:00,-10681820.24,-2167325.845,-11486826.98,-6625824.727
10/08/2019 15:00,-10630151.17,-2156842.266,-11431264.01,-6593774.927
10/08/2019 16:00,-10580204.51,-2146708.161,-11377553.25,-6562793.52
10/08/2019 17:00,-10649096.6,-2160686.266,-11451637.21,-6605526.585
10/08/2019 18:00,-10700765.67,-2171169.846,-11507200.18,-6637576.385
10/08/2019 19:00,-10700765.67,-2171169.846,-11507200.18,-6637576.385
10/08/2019 20:00,-10630151.17,-2156842.266,-11431264.01,-6593774.927
10/08/2019 21:00,-10750712.33,-2181303.951,-11560910.94,-6668557.792
10/08/2019 22:00,-10802381.39,-2191787.529,-11616473.91,-6700607.59
10/08/2019 23:00,-10153073.49,-2060043.896,-10918232.65,-6297848.483
11/08/2019 00:00,-9245420.241,-1875882.368,-9942176.549,-5734840.382
11/08/2019 01:00,-8783843.441,-1782229.104,-9445814.251,-5448528.975
11/08/2019 02:00,-8578889.049,-1740644.155,-9225414.021,-5321397.845
11/08/2019 03:00,-8475550.909,-1719676.996,-9114288.079,-5257298.245
11/08/2019 04:00,-8423881.843,-1709193.417,-9058725.112,-5225248.447
11/08/2019 05:00,-8373935.182,-1699059.312,-9005014.355,-5194267.04
11/08/2019 06:00,-8492773.934,-1723171.523,-9132809.071,-5267981.513
11/08/2019 07:00,-8783843.441,-1782229.104,-9445814.251,-5448528.975
11/08/2019 08:00,-9502043.175,-1927950.789,-10218139.18,-5894020.984
11/08/2019 09:00,-10271912.5,-2084156.16,-11046027.65,-6371563.118
11/08/2019 10:00,-10444142.73,-2119101.424,-11231237.55,-6478395.781
11/08/2019 11:00,-10528535.44,-2136224.581,-11321990.28,-6530743.72
11/08/2019 12:00,-10511312.42,-2132730.055,-11303469.29,-6520060.455
11/08/2019 13:00,-10649096.6,-2160686.266,-11451637.21,-6605526.585
11/08/2019 14:00,-10681820.24,-2167325.845,-11486826.98,-6625824.727
11/08/2019 15:00,-10630151.17,-2156842.266,-11431264.01,-6593774.927
11/08/2019 16:00,-10580204.51,-2146708.161,-11377553.25,-6562793.52
11/08/2019 17:00,-10649096.6,-2160686.266,-11451637.21,-6605526.585
11/08/2019 18:00,-10700765.67,-2171169.846,-11507200.18,-6637576.385
11/08/2019 19:00,-10700765.67,-2171169.846,-11507200.18,-6637576.385
11/08/2019 20:00,-10630151.17,-2156842.266,-11431264.01,-6593774.927
11/08/2019 21:00,-10750712.33,-2181303.951,-11560910.94,-6668557.792
11/08/2019 22:00,-10802381.39,-2191787.529,-11616473.91,-6700607.59
11/08/2019 23:00,-10153073.49,-2060043.896,-10918232.65,-6297848.483
12/08/2019 00:00,-9245420.241,-1875882.368,-9942176.549,-5734840.382
12/08/2019 01:00,-8783843.441,-1782229.104,-9445814.251,-5448528.975
12/08/2019 02:00,-8578889.049,-1740644.155,-9225414.021,-5321397.845
12/08/2019 03:00,-8475550.909,-1719676.996,-9114288.079,-5257298.245
12/08/2019 04:00,-8423881.843,-1709193.417,-9058725.112,-5225248.447
12/08/2019 05:00,-8373935.182,-1699059.312,-9005014.355,-5194267.04
12/08/2019 06:00,-8492773.934,-1723171.523,-9132809.071,-5267981.513
12/08/2019 07:00,-8783843.441,-1782229.104,-9445814.251,-5448528.975
12/08/2019 08:00,-9502043.175,-1927950.789,-10218139.18,-5894020.984
12/08/2019 09:00,-10271912.5,-2084156.16,-11046027.65,-6371563.118
12/08/2019 10:00,-10444142.73,-2119101.424,-11231237.55,-6478395.781
12/08/2019 11:00,-10528535.44,-2136224.581,-11321990.28,-6530743.72
12/08/2019 12:00,-10511312.42,-2132730.055,-11303469.29,-6520060.455
12/08/2019 13:00,-10649096.6,-2160686.266,-11451637.21,-6605526.585
12/08/2019 14:00,-10681820.24,-2167325.845,-11486826.98,-6625824.727
12/08/2019 15:00,-10630151.17,-2156842.266,-11431264.01,-6593774.927
12/08/2019 16:00,-10580204.51,-2146708.161,-11377553.25,-6562793.52
12/08/2019 17:00,-10649096.6,-2160686.266,-11451637.21,-6605526.585
12/08/2019 18:00,-10700765.67,-2171169.846,-11507200.18,-6637576.385
12/08/2019 19:00,-10700765.67,-2171169.846,-11507200.18,-6637576.385
12/08/2019 20:00,-10630151.17,-2156842.266,-11431264.01,-6593774.927
12/08/2019 21:00,-10750712.33,-2181303.951,-11560910.94,-6668557.792
12/08/2019 22:00,-10802381.39,-2191787.529,-11616473.91,-6700607.59
12/08/2019 23:00,-10153073.49,-2060043.896,-10918232.65,-6297848.483
13/08/2019 00:00,-9227443.419,-1872234.897,-9922844.953,-5723689.541
13/08/2019 01:00,-8766764.112,-1778763.733,-9427447.784,-5437934.841
13/08/2019 02:00,-8562208.234,-1737259.642,-9207476.1,-5311050.904
13/08/2019 03:00,-8459071.029,-1716333.252,-9096566.237,-5247075.942
13/08/2019 04:00,-8407502.423,-1705870.057,-9041111.301,-5215088.459
13/08/2019 05:00,-8357652.879,-1695755.657,-8987504.981,-5184167.293
13/08/2019 06:00,-8476260.561,-1719820.983,-9115051.211,-5257738.435
13/08/2019 07:00,-8766764.112,-1778763.733,-9427447.784,-5437934.841
13/08/2019 08:00,-9483567.376,-1924202.076,-10198271.0,-5882560.633
13/08/2019 09:00,-10251939.77,-2080103.722,-11024549.72,-6359174.234
13/08/2019 10:00,-10423835.11,-2114981.037,-11209399.5,-6465799.171
13/08/2019 11:00,-10508063.73,-2132070.901,-11299975.78,-6518045.326
13/08/2019 12:00,-10490874.19,-2128583.169,-11281490.8,-6507382.832
13/08/2019 13:00,-10628390.47,-2156485.022,-11429370.62,-6592682.782
13/08/2019 14:00,-10661050.48,-2163111.691,-11464491.96,-6612941.454
13/08/2019 15:00,-10609481.87,-2152648.496,-11409037.03,-6580953.973
13/08/2019 16:00,-10559632.33,-2142534.096,-11355430.71,-6550032.807
13/08/2019 17:00,-10628390.47,-2156485.022,-11429370.62,-6592682.782
13/08/2019 18:00,-10679959.07,-2166948.217,-11484825.55,-6624670.263
13/08/2019 19:00,-10679959.07,-2166948.217,-11484825.55,-6624670.263
13/08/2019 20:00,-10609481.87,-2152648.496,-11409037.03,-6580953.973
13/08/2019 21:00,-10729808.61,-2177062.617,-11538431.87,-6655591.429
13/08/2019 22:00,-10781377.22,-2187525.812,-11593886.8,-6687578.91
13/08/2019 23:00,-10133331.83,-2056038.342,-10897003.21,-6285602.93
14/08/2019 00:00,-9227443.419,-1872234.897,-9922844.953,-5723689.541
14/08/2019 01:00,-8766764.112,-1778763.733,-9427447.784,-5437934.841
14/08/2019 02:00,-8562208.234,-1737259.642,-9207476.1,-5311050.904
14/08/2019 03:00,-8459071.029,-1716333.252,-9096566.237,-5247075.942
14/08/2019 04:00,-8407502.423,-1705870.057,-9041111.301,-5215088.459
14/08/2019 05:00,-8357652.879,-1695755.657,-8987504.981,-5184167.293
14/08/2019 06:00,-8476260.561,-1719820.983,-9115051.211,-5257738.435
14/08/2019 07:00,-8766764.112,-1778763.733,-9427447.784,-5437934.841
14/08/2019 08:00,-9483567.376,-1924202.076,-10198271.0,-5882560.633
14/08/2019 09:00,-10251939.77,-2080103.722,-11024549.72,-6359174.234
14/08/2019 10:00,-10423835.11,-2114981.037,-11209399.5,-6465799.171
14/08/2019 11:00,-10508063.73,-2132070.901,-11299975.78,-6518045.326
14/08/2019 12:00,-10490874.19,-2128583.169,-11281490.8,-6507382.832
14/08/2019 13:00,-10628390.47,-2156485.022,-11429370.62,-6592682.782
14/08/2019 14:00,-10661050.48,-2163111.691,-11464491.96,-6612941.454
14/08/2019 15:00,-10609481.87,-2152648.496,-11409037.03,-6580953.973
14/08/2019 16:00,-10559632.33,-2142534.096,-11355430.71,-6550032.807
14/08/2019 17:00,-10628390.47,-2156485.022,-11429370.62,-6592682.782
14/08/2019 18:00,-10679959.07,-2166948.217,-11484825.55,-6624670.263
14/08/2019 19:00,-10679959.07,-2166948.217,-11484825.55,-6624670.263
14/08/2019 20:00,-10609481.87,-2152648.496,-11409037.03,-6580953.973
14/08/2019 21:00,-10729808.61,-2177062.617,-11538431.87,-6655591.429
14/08/2019 22:00,-10781377.22,-2187525.812,-11593886.8,-6687578.91
14/08/2019 23:00,-10133331.83,-2056038.342,-10897003.21,-6285602.93
15/08/2019 00:00,-9227443.419,-1872234.897,-9922844.953,-5723689.541
15/08/2019 01:00,-8766764.112,-1778763.733,-9427447.784,-5437934.841
15/08/2019 02:00,-8562208.234,-1737259.642,-9207476.1,-5311050.904
15/08/2019 03:00,-8459071.029,-1716333.252,-9096566.237,-5247075.942
15/08/2019 04:00,-8407502.423,-1705870.057,-9041111.301,-5215088.459
15/08/2019 05:00,-8357652.879,-1695755.657,-8987504.981,-5184167.293
15/08/2019 06:00,-8476260.561,-1719820.983,-9115051.211,-5257738.435
15/08/2019 07:00,-8766764.112,-1778763.733,-9427447.784,-5437934.841
15/08/2019 08:00,-9483567.376,-1924202.076,-10198271.0,-5882560.633
15/08/2019 09:00,-10251939.77,-2080103.722,-11024549.72,-6359174.234
15/08/2019 10:00,-10423835.11,-2114981.037,-11209399.5,-6465799.171
15/08/2019 11:00,-10508063.73,-2132070.901,-11299975.78,-6518045.326
15/08/2019 12:00,-10490874.19,-2128583.169,-11281490.8,-6507382.832
15/08/2019 13:00,-10628390.47,-2156485.022,-11429370.62,-6592682.782
15/08/2019 14:00,-10661050.48,-2163111.691,-11464491.96,-6612941.454
15/08/2019 15:00,-10609481.87,-2152648.496,-11409037.03,-6580953.973
15/08/2019 16:00,-10559632.33,-2142534.096,-11355430.71,-6550032.807
15/08/2019 17:00,-10628390.47,-2156485.022,-11429370.62,-6592682.782
15/08/2019 18:00,-10679959.07,-2166948.217,-11484825.55,-6624670.263
15/08/2019 19:00,-10679959.07,-2166948.217,-11484825.55,-6624670.263
15/08/2019 20:00,-10609481.87,-2152648.496,-11409037.03,-6580953.973
15/08/2019 21:00,-10729808.61,-2177062.617,-11538431.87,-6655591.429
15/08/2019 22:00,-10781377.22,-2187525.812,-11593886.8,-6687578.91
15/08/2019 23:00,-10133331.83,-2056038.342,-10897003.21,-6285602.93
16/08/2019 00:00,-9227443.419,-1872234.897,-9922844.953,-5723689.541
16/08/2019 01:00,-8766764.112,-1778763.733,-9427447.784,-5437934.841
16/08/2019 02:00,-8562208.234,-1737259.642,-9207476.1,-5311050.904
16/08/2019 03:00,-8459071.029,-1716333.252,-9096566.237,-5247075.942
16/08/2019 04:00,-8407502.423,-1705870.057,-9041111.301,-5215088.459
16/08/2019 05:00,-8357652.879,-1695755.657,-8987504.981,-5184167.293
16/08/2019 06:00,-8476260.561,-1719820.983,-9115051.211,-5257738.435
16/08/2019 07:00,-8766764.112,-1778763.733,-9427447.784,-5437934.841
16/08/2019 08:00,-9483567.376,-1924202.076,-10198271.0,-5882560.633
16/08/2019 09:00,-10251939.77,-2080103.722,-11024549.72,-6359174.234
16/08/2019 10:00,-10423835.11,-2114981.037,-11209399.5,-6465799.171
16/08/2019 11:00,-10508063.73,-2132070.901,-11299975.78,-6518045.326
16/08/2019 12:00,-10490874.19,-2128583.169,-11281490.8,-6507382.832
16/08/2019 13:00,-10628390.47,-2156485.022,-11429370.62,-6592682.782
16/08/2019 14:00,-10661050.48,-2163111.691,-11464491.96,-6612941.454
16/08/2019 15:00,-10609481.87,-2152648.496,-11409037.03,-6580953.973
16/08/2019 16:00,-10559632.33,-2142534.096,-11355430.71,-6550032.807
16/08/2019 17:00,-10628390.47,-2156485.022,-11429370.62,-6592682.782
16/08/2019 18:00,-10679959.07,-2166948.217,-11484825.55,-6624670.263
16/08/2019 19:00,-10679959.07,-2166948.217,-11484825.55,-6624670.263
16/08/2019 20:00,-10609481.87,-2152648.496,-11409037.03,-6580953.973
16/08/2019 21:00,-10729808.61,-2177062.617,-11538431.87,-6655591.429
16/08/2019 22:00,-10781377.22,-2187525.812,-11593886.8,-6687578.91
16/08/2019 23:00,-10133331.83,-2056038.342,-10897003.21,-6285602.93
17/08/2019 00:00,-9227443.419,-1872234.897,-9922844.953,-5723689.541
17/08/2019 01:00,-8766764.112,-1778763.733,-9427447.784,-5437934.841
17/08/2019 02:00,-8562208.234,-1737259.642,-9207476.1,-5311050.904
17/08/2019 03:00,-8459071.029,-1716333.252,-9096566.237,-5247075.942
17/08/2019 04:00,-8407502.423,-1705870.057,-9041111.301,-5215088.459
17/08/2019 05:00,-8357652.879,-1695755.657,-8987504.981,-5184167.293
17/08/2019 06:00,-8476260.561,-1719820.983,-9115051.211,-5257738.435
17/08/2019 07:00,-8766764.112,-1778763.733,-9427447.784,-5437934.841
17/08/2019 08:00,-9483567.376,-1924202.076,-10198271.0,-5882560.633
17/08/2019 09:00,-10251939.77,-2080103.722,-11024549.72,-6359174.234
17/08/2019 10:00,-10423835.11,-2114981.037,-11209399.5,-6465799.171
17/08/2019 11:00,-10508063.73,-2132070.901,-11299975.78,-6518045.326
17/08/2019 12:00,-10490874.19,-2128583.169,-11281490.8,-6507382.832
17/08/2019 13:00,-10628390.47,-2156485.022,-11429370.62,-6592682.782
17/08/2019 14:00,-10661050.48,-2163111.691,-11464491.96,-6612941.454
17/08/2019 15:00,-10609481.87,-2152648.496,-11409037.03,-6580953.973
17/08/2019 16:00,-10559632.33,-2142534.096,-11355430.71,-6550032.807
17/08/2019 17:00,-10628390.47,-2156485.022,-11429370.62,-6592682.782
17/08/2019 18:00,-10679959.07,-2166948.217,-11484825.55,-6624670.263
17/08/2019 19:00,-10679959.07,-2166948.217,-11484825.55,-6624670.263
17/08/2019 20:00,-10609481.87,-2152648.496,-11409037.03,-6580953.973
17/08/2019 21:00,-10729808.61,-2177062.617,-11538431.87,-6655591.429
17/08/2019 22:00,-10781377.22,-2187525.812,-11593886.8,-6687578.91
17/08/2019 23:00,-10133331.83,-2056038.342,-10897003.21,-6285602.93
18/08/2019 00:00,-9227443.419,-1872234.897,-9922844.953,-5723689.541
18/08/2019 01:00,-8766764.112,-1778763.733,-9427447.784,-5437934.841
18/08/2019 02:00,-8562208.234,-1737259.642,-9207476.1,-5311050.904
18/08/2019 03:00,-8459071.029,-1716333.252,-9096566.237,-5247075.942
18/08/2019 04:00,-8407502.423,-1705870.057,-9041111.301,-5215088.459
18/08/2019 05:00,-8357652.879,-1695755.657,-8987504.981,-5184167.293
18/08/2019 06:00,-8476260.561,-1719820.983,-9115051.211,-5257738.435
18/08/2019 07:00,-8766764.112,-1778763.733,-9427447.784,-5437934.841
18/08/2019 08:00,-9483567.376,-1924202.076,-10198271.0,-5882560.633
18/08/2019 09:00,-10251939.77,-2080103.722,-11024549.72,-6359174.234
18/08/2019 10:00,-10423835.11,-2114981.037,-11209399.5,-6465799.171
18/08/2019 11:00,-10508063.73,-2132070.901,-11299975.78,-6518045.326
18/08/2019 12:00,-10490874.19,-2128583.169,-11281490.8,-6507382.832
18/08/2019 13:00,-10628390.47,-2156485.022,-11429370.62,-6592682.782
18/08/2019 14:00,-10661050.48,-2163111.691,-11464491.96,-6612941.454
18/08/2019 15:00,-10609481.87,-2152648.496,-11409037.03,-6580953.973
18/08/2019 16:00,-10559632.33,-2142534.096,-11355430.71,-6550032.807
18/08/2019 17:00,-10628390.47,-2156485.022,-11429370.62,-6592682.782
18/08/2019 18:00,-10679959.07,-2166948.217,-11484825.55,-6624670.263
18/08/2019 19:00,-10679959.07,-2166948.217,-11484825.55,-6624670.263
18/08/2019 20:00,-10609481.87,-2152648.496,-11409037.03,-6580953.973
18/08/2019 21:00,-10729808.61,-2177062.617,-11538431.87,-6655591.429
18/08/2019 22:00,-10781377.22,-2187525.812,-11593886.8,-6687578.91
18/08/2019 23:00,-10133331.83,-2056038.342,-10897003.21,-6285602.93
19/08/2019 00:00,-9227443.419,-1872234.897,-9922844.953,-5723689.541
19/08/2019 01:00,-8766764.112,-1778763.733,-9427447.784,-5437934.841
19/08/2019 02:00,-8562208.234,-1737259.642,-9207476.1,-5311050.904
19/08/2019 03:00,-8459071.029,-1716333.252,-9096566.237,-5247075.942
19/08/2019 04:00,-8407502.423,-1705870.057,-9041111.301,-5215088.459
19/08/2019 05:00,-8357652.879,-1695755.657,-8987504.981,-5184167.293
19/08/2019 06:00,-8476260.561,-1719820.983,-9115051.211,-5257738.435
19/08/2019 07:00,-8766764.112,-1778763.733,-9427447.784,-5437934.841
19/08/2019 08:00,-9483567.376,-1924202.076,-10198271.0,-5882560.633
19/08/2019 09:00,-10251939.77,-2080103.722,-11024549.72,-6359174.234
19/08/2019 10:00,-10423835.11,-2114981.037,-11209399.5,-6465799.171
19/08/2019 11:00,-10508063.73,-2132070.901,-11299975.78,-6518045.326
19/08/2019 12:00,-10490874.19,-2128583.169,-11281490.8,-6507382.832
19/08/2019 13:00,-10628390.47,-2156485.022,-11429370.62,-6592682.782
19/08/2019 14:00,-10661050.48,-2163111.691,-11464491.96,-6612941.454
19/08/2019 15:00,-10609481.87,-2152648.496,-11409037.03,-6580953.973
19/08/2019 16:00,-10559632.33,-2142534.096,-11355430.71,-6550032.807
19/08/2019 17:00,-10628390.47,-2156485.022,-11429370.62,-6592682.782
19/08/2019 18:00,-10679959.07,-2166948.217,-11484825.55,-6624670.263
19/08/2019 19:00,-10679959.07,-2166948.217,-11484825.55,-6624670.263
19/08/2019 20:00,-10609481.87,-2152648.496,-11409037.03,-6580953.973
19/08/2019 21:00,-10729808.61,-2177062.617,-11538431.87,-6655591.429
19/08/2019 22:00,-10781377.22,-2187525.812,-11593886.8,-6687578.91
19/08/2019 23:00,-10133331.83,-2056038.342,-10897003.21,-6285602.93
20/08/2019 00:00,-9145049.453,-1855517.28,-9834241.586,-5672581.4
20/08/2019 01:00,-8688483.657,-1762880.742,-9343267.933,-5389378.268
20/08/2019 02:00,-8485754.305,-1721747.25,-9125260.427,-5263627.308
20/08/2019 03:00,-8383538.033,-1701007.717,-9015340.899,-5200223.591
20/08/2019 04:00,-8332429.898,-1690637.95,-8960381.137,-5168521.734
20/08/2019 05:00,-8283025.474,-1680613.864,-8907253.481,-5137876.671
20/08/2019 06:00,-8400574.078,-1704464.306,-9033660.82,-5210790.877
20/08/2019 07:00,-8688483.657,-1762880.742,-9343267.933,-5389378.268
20/08/2019 08:00,-9398886.419,-1907020.433,-10107208.29,-5830033.895
20/08/2019 09:00,-10160397.84,-2061529.996,-10926108.98,-6302391.703
20/08/2019 10:00,-10330758.29,-2096095.884,-11109308.19,-6408064.561
20/08/2019 11:00,-10414234.8,-2113033.149,-11199075.69,-6459844.198
20/08/2019 12:00,-10397198.76,-2109576.56,-11180755.77,-6449276.912
20/08/2019 13:00,-10533487.12,-2137229.271,-11327315.14,-6533815.2
20/08/2019 14:00,-10565855.5,-2143796.768,-11362122.87,-6553892.978
20/08/2019 15:00,-10514747.37,-2133427.002,-11307163.11,-6522191.12
20/08/2019 16:00,-10465342.94,-2123402.915,-11254035.45,-6491546.055
20/08/2019 17:00,-10533487.12,-2137229.271,-11327315.14,-6533815.2
20/08/2019 18:00,-10584595.26,-2147599.038,-11382274.9,-6565517.058
20/08/2019 19:00,-10584595.26,-2147599.038,-11382274.9,-6565517.058
20/08/2019 20:00,-10514747.37,-2133427.002,-11307163.11,-6522191.12
20/08/2019 21:00,-10633999.68,-2157623.124,-11435402.56,-6596162.121
20/08/2019 22:00,-10685107.82,-2167992.891,-11490362.32,-6627863.98
20/08/2019 23:00,-10042848.97,-2037679.502,-10799701.36,-6229477.334
21/08/2019 00:00,-9145049.453,-1855517.28,-9834241.586,-5672581.4
21/08/2019 01:00,-8688483.657,-1762880.742,-9343267.933,-5389378.268
21/08/2019 02:00,-8485754.305,-1721747.25,-9125260.427,-5263627.308
21/08/2019 03:00,-8383538.033,-1701007.717,-9015340.899,-5200223.591
21/08/2019 04:00,-8332429.898,-1690637.95,-8960381.137,-5168521.734
21/08/2019 05:00,-8283025.474,-1680613.864,-8907253.481,-5137876.671
21/08/2019 06:00,-8400574.078,-1704464.306,-9033660.82,-5210790.877
21/08/2019 07:00,-8688483.657,-1762880.742,-9343267.933,-5389378.268
21/08/2019 08:00,-9398886.419,-1907020.433,-10107208.29,-5830033.895
21/08/2019 09:00,-10160397.84,-2061529.996,-10926108.98,-6302391.703
21/08/2019 10:00,-10330758.29,-2096095.884,-11109308.19,-6408064.561
21/08/2019 11:00,-10414234.8,-2113033.149,-11199075.69,-6459844.198
21/08/2019 12:00,-10397198.76,-2109576.56,-11180755.77,-6449276.912
21/08/2019 13:00,-10533487.12,-2137229.271,-11327315.14,-6533815.2
21/08/2019 14:00,-10565855.5,-2143796.768,-11362122.87,-6553892.978
21/08/2019 15:00,-10514747.37,-2133427.002,-11307163.11,-6522191.12
21/08/2019 16:00,-10465342.94,-2123402.915,-11254035.45,-6491546.055
21/08/2019 17:00,-10533487.12,-2137229.271,-11327315.14,-6533815.2
21/08/2019 18:00,-10584595.26,-2147599.038,-11382274.9,-6565517.058
21/08/2019 19:00,-10584595.26,-2147599.038,-11382274.9,-6565517.058
21/08/2019 20:00,-10514747.37,-2133427.002,-11307163.11,-6522191.12
21/08/2019 21:00,-10633999.68,-2157623.124,-11435402.56,-6596162.121
21/08/2019 22:00,-10685107.82,-2167992.891,-11490362.32,-6627863.98
21/08/2019 23:00,-10042848.97,-2037679.502,-10799701.36,-6229477.334
22/08/2019 00:00,-9145049.453,-1855517.28,-9834241.586,-5672581.4
22/08/2019 01:00,-8688483.657,-1762880.742,-9343267.933,-5389378.268
22/08/2019 02:00,-8485754.305,-1721747.25,-9125260.427,-5263627.308
22/08/2019 03:00,-8383538.033,-1701007.717,-9015340.899,-5200223.591
22/08/2019 04:00,-8332429.898,-1690637.95,-8960381.137,-5168521.734
22/08/2019 05:00,-8283025.474,-1680613.864,-8907253.481,-5137876.671
22/08/2019 06:00,-8400574.078,-1704464.306,-9033660.82,-5210790.877
22/08/2019 07:00,-8688483.657,-1762880.742,-9343267.933,-5389378.268
22/08/2019 08:00,-9398886.419,-1907020.433,-10107208.29,-5830033.895
22/08/2019 09:00,-10160397.84,-2061529.996,-10926108.98,-6302391.703
22/08/2019 10:00,-10330758.29,-2096095.884,-11109308.19,-6408064.561
22/08/2019 11:00,-10414234.8,-2113033.149,-11199075.69,-6459844.198
22/08/2019 12:00,-10397198.76,-2109576.56,-11180755.77,-6449276.912
22/08/2019 13:00,-10533487.12,-2137229.271,-11327315.14,-6533815.2
22/08/2019 14:00,-10565855.5,-2143796.768,-11362122.87,-6553892.978
22/08/2019 15:00,-10514747.37,-2133427.002,-11307163.11,-6522191.12
22/08/2019 16:00,-10465342.94,-2123402.915,-11254035.45,-6491546.055
22/08/2019 17:00,-10533487.12,-2137229.271,-11327315.14,-6533815.2
22/08/2019 18:00,-10584595.26,-2147599.038,-11382274.9,-6565517.058
22/08/2019 19:00,-10584595.26,-2147599.038,-11382274.9,-6565517.058
22/08/2019 20:00,-10514747.37,-2133427.002,-11307163.11,-6522191.12
22/08/2019 21:00,-10633999.68,-2157623.124,-11435402.56,-6596162.121
22/08/2019 22:00,-10685107.82,-2167992.891,-11490362.32,-6627863.98
22/08/2019 23:00,-10042848.97,-2037679.502,-10799701.36,-6229477.334
23/08/2019 00:00,-9145049.453,-1855517.28,-9834241.586,-5672581.4
23/08/2019 01:00,-8688483.657,-1762880.742,-9343267.933,-5389378.268
23/08/2019 02:00,-8485754.305,-1721747.25,-9125260.427,-5263627.308
23/08/2019 03:00,-8383538.033,-1701007.717,-9015340.899,-5200223.591
23/08/2019 04:00,-8332429.898,-1690637.95,-8960381.137,-5168521.734
23/08/2019 05:00,-8283025.474,-1680613.864,-8907253.481,-5137876.671
23/08/2019 06:00,-8400574.078,-1704464.306,-9033660.82,-5210790.877
23/08/2019 07:00,-8688483.657,-1762880.742,-9343267.933,-5389378.268
23/08/2019 08:00,-9398886.419,-1907020.433,-10107208.29,-5830033.895
23/08/2019 09:00,-10160397.84,-2061529.996,-10926108.98,-6302391.703
23/08/2019 10:00,-10330758.29,-2096095.884,-11109308.19,-6408064.561
23/08/2019 11:00,-10414234.8,-2113033.149,-11199075.69,-6459844.198
23/08/2019 12:00,-10397198.76,-2109576.56,-11180755.77,-6449276.912
23/08/2019 13:00,-10533487.12,-2137229.271,-11327315.14,-6533815.2
23/08/2019 14:00,-10565855.5,-2143796.768,-11362122.87,-6553892.978
23/08/2019 15:00,-10514747.37,-2133427.002,-11307163.11,-6522191.12
23/08/2019 16:00,-10465342.94,-2123402.915,-11254035.45,-6491546.055
23/08/2019 17:00,-10533487.12,-2137229.271,-11327315.14,-6533815.2
23/08/2019 18:00,-10584595.26,-2147599.038,-11382274.9,-6565517.058
23/08/2019 19:00,-10584595.26,-2147599.038,-11382274.9,-6565517.058
23/08/2019 20:00,-10514747.37,-2133427.002,-11307163.11,-6522191.12
23/08/2019 21:00,-10633999.68,-2157623.124,-11435402.56,-6596162.121
23/08/2019 22:00,-10685107.82,-2167992.891,-11490362.32,-6627863.98
23/08/2019 23:00,-10042848.97,-2037679.502,-10799701.36,-6229477.334
24/08/2019 00:00,-9145049.453,-1855517.28,-9834241.586,-5672581.4
24/08/2019 01:00,-8688483.657,-1762880.742,-9343267.933,-5389378.268
24/08/2019 02:00,-8485754.305,-1721747.25,-9125260.427,-5263627.308
24/08/2019 03:00,-8383538.033,-1701007.717,-9015340.899,-5200223.591
24/08/2019 04:00,-8332429.898,-1690637.95,-8960381.137,-5168521.734
24/08/2019 05:00,-8283025.474,-1680613.864,-8907253.481,-5137876.671
24/08/2019 06:00,-8400574.078,-1704464.306,-9033660.82,-5210790.877
24/08/2019 07:00,-8688483.657,-1762880.742,-9343267.933,-5389378.268
24/08/2019 08:00,-9398886.419,-1907020.433,-10107208.29,-5830033.895
24/08/2019 09:00,-10160397.84,-2061529.996,-10926108.98,-6302391.703
24/08/2019 10:00,-10330758.29,-2096095.884,-11109308.19,-6408064.561
24/08/2019 11:00,-10414234.8,-2113033.149,-11199075.69,-6459844.198
24/08/2019 12:00,-10397198.76,-2109576.56,-11180755.77,-6449276.912
24/08/2019 13:00,-10533487.12,-2137229.271,-11327315.14,-6533815.2
24/08/2019 14:00,-10565855.5,-2143796.768,-11362122.87,-6553892.978
24/08/2019 15:00,-10514747.37,-2133427.002,-11307163.11,-6522191.12
24/08/2019 16:00,-10465342.94,-2123402.915,-11254035.45,-6491546.055
24/08/2019 17:00,-10533487.12,-2137229.271,-11327315.14,-6533815.2
24/08/2019 18:00,-10584595.26,-2147599.038,-11382274.9,-6565517.058
24/08/2019 19:00,-10584595.26,-2147599.038,-11382274.9,-6565517.058
24/08/2019 20:00,-10514747.37,-2133427.002,-11307163.11,-6522191.12
24/08/2019 21:00,-10633999.68,-2157623.124,-11435402.56,-6596162.121
24/08/2019 22:00,-10685107.82,-2167992.891,-11490362.32,-6627863.98
24/08/2019 23:00,-10042848.97,-2037679.502,-10799701.36,-6229477.334
25/08/2019 00:00,-9145049.453,-1855517.28,-9834241.586,-5672581.4
25/08/2019 01:00,-8688483.657,-1762880.742,-9343267.933,-5389378.268
25/08/2019 02:00,-8485754.305,-1721747.25,-9125260.427,-5263627.308
25/08/2019 03:00,-8383538.033,-1701007.717,-9015340.899,-5200223.591
25/08/2019 04:00,-8332429.898,-1690637.95,-8960381.137,-5168521.734
25/08/2019 05:00,-8283025.474,-1680613.864,-8907253.481,-5137876.671
25/08/2019 06:00,-8400574.078,-1704464.306,-9033660.82,-5210790.877
25/08/2019 07:00,-8688483.657,-1762880.742,-9343267.933,-5389378.268
25/08/2019 08:00,-9398886.419,-1907020.433,-10107208.29,-5830033.895
25/08/2019 09:00,-10160397.84,-2061529.996,-10926108.98,-6302391.703
25/08/2019 10:00,-10330758.29,-2096095.884,-11109308.19,-6408064.561
25/08/2019 11:00,-10414234.8,-2113033.149,-11199075.69,-6459844.198
25/08/2019 12:00,-10397198.76,-2109576.56,-11180755.77,-6449276.912
25/08/2019 13:00,-10533487.12,-2137229.271,-11327315.14,-6533815.2
25/08/2019 14:00,-10565855.5,-2143796.768,-11362122.87,-6553892.978
25/08/2019 15:00,-10514747.37,-2133427.002,-11307163.11,-6522191.12
25/08/2019 16:00,-10465342.94,-2123402.915,-11254035.45,-6491546.055
25/08/2019 17:00,-10533487.12,-2137229.271,-11327315.14,-6533815.2
25/08/2019 18:00,-10584595.26,-2147599.038,-11382274.9,-6565517.058
25/08/2019 19:00,-10584595.26,-2147599.038,-11382274.9,-6565517.058
25/08/2019 20:00,-10514747.37,-2133427.002,-11307163.11,-6522191.12
25/08/2019 21:00,-10633999.68,-2157623.124,-11435402.56,-6596162.121
25/08/2019 22:00,-10685107.82,-2167992.891,-11490362.32,-6627863.98
25/08/2019 23:00,-10042848.97,-2037679.502,-10799701.36,-6229477.334
26/08/2019 00:00,-9145049.453,-1855517.28,-9834241.586,-5672581.4
26/08/2019 01:00,-8688483.657,-1762880.742,-9343267.933,-5389378.268
26/08/2019 02:00,-8485754.305,-1721747.25,-9125260.427,-5263627.308
26/08/2019 03:00,-8383538.033,-1701007.717,-9015340.899,-5200223.591
26/08/2019 04:00,-8332429.898,-1690637.95,-8960381.137,-5168521.734
26/08/2019 05:00,-8283025.474,-1680613.864,-8907253.481,-5137876.671
26/08/2019 06:00,-8400574.078,-1704464.306,-9033660.82,-5210790.877
26/08/2019 07:00,-8688483.657,-1762880.742,-9343267.933,-5389378.268
26/08/2019 08:00,-9398886.419,-1907020.433,-10107208.29,-5830033.895
26/08/2019 09:00,-10160397.84,-2061529.996,-10926108.98,-6302391.703
26/08/2019 10:00,-10330758.29,-2096095.884,-11109308.19,-6408064.561
26/08/2019 11:00,-10414234.8,-2113033.149,-11199075.69,-6459844.198
26/08/2019 12:00,-10397198.76,-2109576.56,-11180755.77,-6449276.912
26/08/2019 13:00,-10533487.12,-2137229.271,-11327315.14,-6533815.2
26/08/2019 14:00,-10565855.5,-2143796.768,-11362122.87,-6553892.978
26/08/2019 15:00,-10514747.37,-2133427.002,-11307163.11,-6522191.12
26/08/2019 16:00,-10465342.94,-2123402.915,-11254035.45,-6491546.055
26/08/2019 17:00,-10533487.12,-2137229.271,-11327315.14,-6533815.2
26/08/2019 18:00,-10584595.26,-2147599.038,-11382274.9,-6565517.058
26/08/2019 19:00,-10584595.26,-2147599.038,-11382274.9,-6565517.058
26/08/2019 20:00,-10514747.37,-2133427.002,-11307163.11,-6522191.12
26/08/2019 21:00,-10633999.68,-2157623.124,-11435402.56,-6596162.121
26/08/2019 22:00,-10685107.82,-2167992.891,-11490362.32,-6627863.98
26/08/2019 23:00,-10042848.97,-2037679.502,-10799701.36,-6229477.334
27/08/2019 00:00,-9095613.027,-1845486.701,-9781079.516,-5641916.486
27/08/2019 01:00,-8641515.34,-1753350.939,-9292759.974,-5360244.298
27/08/2019 02:00,-8439881.904,-1712439.807,-9075930.976,-5235173.123
27/08/2019 03:00,-8338218.198,-1691812.388,-8966605.656,-5172112.158
27/08/2019 04:00,-8287386.343,-1681498.678,-8911942.995,-5140581.674
27/08/2019 05:00,-8238248.987,-1671528.78,-8859102.533,-5110102.27
27/08/2019 06:00,-8355162.149,-1695250.291,-8984826.542,-5182622.318
27/08/2019 07:00,-8641515.34,-1753350.939,-9292759.974,-5360244.298
27/08/2019 08:00,-9348077.8,-1896711.438,-10052570.62,-5798517.824
27/08/2019 09:00,-10105472.63,-2050385.751,-10867044.48,-6268322.152
27/08/2019 10:00,-10274912.14,-2084764.783,-11049253.35,-6373423.765
27/08/2019 11:00,-10357937.4,-2101610.487,-11138535.58,-6424923.489
27/08/2019 12:00,-10340993.45,-2098172.584,-11120314.7,-6414413.329
27/08/2019 13:00,-10476545.06,-2125675.81,-11266081.79,-6498494.618
27/08/2019 14:00,-10508738.46,-2132207.804,-11300701.36,-6518463.859
27/08/2019 15:00,-10457906.61,-2121894.095,-11246038.7,-6486933.375
27/08/2019 16:00,-10408769.26,-2111924.197,-11193198.24,-6456453.973
27/08/2019 17:00,-10476545.06,-2125675.81,-11266081.79,-6498494.618
27/08/2019 18:00,-10527376.91,-2135989.519,-11320744.45,-6530025.1
27/08/2019 19:00,-10527376.91,-2135989.519,-11320744.45,-6530025.1
27/08/2019 20:00,-10457906.61,-2121894.095,-11246038.7,-6486933.375
27/08/2019 21:00,-10576514.27,-2145959.417,-11373584.91,-6560504.503
27/08/2019 22:00,-10627346.12,-2156273.127,-11428247.57,-6592034.987
27/08/2019 23:00,-9988559.211,-2026664.188,-10741320.2,-6195801.946
28/08/2019 00:00,-9095613.027,-1845486.701,-9781079.516,-5641916.486
28/08/2019 01:00,-8641515.34,-1753350.939,-9292759.974,-5360244.298
28/08/2019 02:00,-8439881.904,-1712439.807,-9075930.976,-5235173.123
28/08/2019 03:00,-8338218.198,-1691812.388,-8966605.656,-5172112.158
28/08/2019 04:00,-8287386.343,-1681498.678,-8911942.995,-5140581.674
28/08/2019 05:00,-8238248.987,-1671528.78,-8859102.533,-5110102.27
28/08/2019 06:00,-8355162.149,-1695250.291,-8984826.542,-5182622.318
28/08/2019 07:00,-8641515.34,-1753350.939,-9292759.974,-5360244.298
28/08/2019 08:00,-9348077.8,-1896711.438,-10052570.62,-5798517.824
28/08/2019 09:00,-10105472.63,-2050385.751,-10867044.48,-6268322.152
28/08/2019 10:00,-10274912.14,-2084764.783,-11049253.35,-6373423.765
28/08/2019 11:00,-10357937.4,-2101610.487,-11138535.58,-6424923.489
28/08/2019 12:00,-10340993.45,-2098172.584,-11120314.7,-6414413.329
28/08/2019 13:00,-10476545.06,-2125675.81,-11266081.79,-6498494.618
28/08/2019 14:00,-10508738.46,-2132207.804,-11300701.36,-6518463.859
28/08/2019 15:00,-10457906.61,-2121894.095,-11246038.7,-6486933.375
28/08/2019 16:00,-10408769.26,-2111924.197,-11193198.24,-6456453.973
28/08/2019 17:00,-10476545.06,-2125675.81,-11266081.79,-6498494.618
28/08/2019 18:00,-10527376.91,-2135989.519,-11320744.45,-6530025.1
28/08/2019 19:00,-10527376.91,-2135989.519,-11320744.45,-6530025.1
28/08/2019 20:00,-10457906.61,-2121894.095,-11246038.7,-6486933.375
28/08/2019 21:00,-10576514.27,-2145959.417,-11373584.91,-6560504.503
28/08/2019 22:00,-10627346.12,-2156273.127,-11428247.57,-6592034.987
28/08/2019 23:00,-9988559.211,-2026664.188,-10741320.2,-6195801.946
29/08/2019 00:00,-9095613.027,-1845486.701,-9781079.516,-5641916.486
29/08/2019 01:00,-8641515.34,-1753350.939,-9292759.974,-5360244.298
29/08/2019 02:00,-8439881.904,-1712439.807,-9075930.976,-5235173.123
29/08/2019 03:00,-8338218.198,-1691812.388,-8966605.656,-5172112.158
29/08/2019 04:00,-8287386.343,-1681498.678,-8911942.995,-5140581.674
29/08/2019 05:00,-8238248.987,-1671528.78,-8859102.533,-5110102.27
29/08/2019 06:00,-8355162.149,-1695250.291,-8984826.542,-5182622.318
29/08/2019 07:00,-8641515.34,-1753350.939,-9292759.974,-5360244.298
29/08/2019 08:00,-9348077.8,-1896711.438,-10052570.62,-5798517.824
29/08/2019 09:00,-10105472.63,-2050385.751,-10867044.48,-6268322.152
29/08/2019 10:00,-10274912.14,-2084764.783,-11049253.35,-6373423.765
29/08/2019 11:00,-10357937.4,-2101610.487,-11138535.58,-6424923.489
29/08/2019 12:00,-10340993.45,-2098172.584,-11120314.7,-6414413.329
29/08/2019 13:00,-10476545.06,-2125675.81,-11266081.79,-6498494.618
29/08/2019 14:00,-10508738.46,-2132207.804,-11300701.36,-6518463.859
29/08/2019 15:00,-10457906.61,-2121894.095,-11246038.7,-6486933.375
29/08/2019 16:00,-10408769.26,-2111924.197,-11193198.24,-6456453.973
29/08/2019 17:00,-10476545.06,-2125675.81,-11266081.79,-6498494.618
29/08/2019 18:00,-10527376.91,-2135989.519,-11320744.45,-6530025.1
29/08/2019 19:00,-10527376.91,-2135989.519,-11320744.45,-6530025.1
29/08/2019 20:00,-10457906.61,-2121894.095,-11246038.7,-6486933.375
29/08/2019 21:00,-10576514.27,-2145959.417,-11373584.91,-6560504.503
29/08/2019 22:00,-10627346.12,-2156273.127,-11428247.57,-6592034.987
29/08/2019 23:00,-9988559.211,-2026664.188,-10741320.2,-6195801.946
30/08/2019 00:00,-9095613.027,-1845486.701,-9781079.516,-5641916.486
30/08/2019 01:00,-8641515.34,-1753350.939,-9292759.974,-5360244.298
30/08/2019 02:00,-8439881.904,-1712439.807,-9075930.976,-5235173.123
30/08/2019 03:00,-8338218.198,-1691812.388,-8966605.656,-5172112.158
30/08/2019 04:00,-8287386.343,-1681498.678,-8911942.995,-5140581.674
30/08/2019 05:00,-8238248.987,-1671528.78,-8859102.533,-5110102.27
30/08/2019 06:00,-8355162.149,-1695250.291,-8984826.542,-5182622.318
30/08/2019 07:00,-8641515.34,-1753350.939,-9292759.974,-5360244.298
30/08/2019 08:00,-9348077.8,-1896711.438,-10052570.62,-5798517.824
30/08/2019 09:00,-10105472.63,-2050385.751,-10867044.48,-6268322.152
30/08/2019 10:00,-10274912.14,-2084764.783,-11049253.35,-6373423.765
30/08/2019 11:00,-10357937.4,-2101610.487,-11138535.58,-6424923.489
30/08/2019 12:00,-10340993.45,-2098172.584,-11120314.7,-6414413.329
30/08/2019 13:00,-10476545.06,-2125675.81,-11266081.79,-6498494.618
30/08/2019 14:00,-10508738.46,-2132207.804,-11300701.36,-6518463.859
30/08/2019 15:00,-10457906.61,-2121894.095,-11246038.7,-6486933.375
30/08/2019 16:00,-10408769.26,-2111924.197,-11193198.24,-6456453.973
30/08/2019 17:00,-10476545.06,-2125675.81,-11266081.79,-6498494.618
30/08/2019 18:00,-10527376.91,-2135989.519,-11320744.45,-6530025.1
30/08/2019 19:00,-10527376.91,-2135989.519,-11320744.45,-6530025.1
30/08/2019 20:00,-10457906.61,-2121894.095,-11246038.7,-6486933.375
30/08/2019 21:00,-10576514.27,-2145959.417,-11373584.91,-6560504.503
30/08/2019 22:00,-10627346.12,-2156273.127,-11428247.57,-6592034.987
30/08/2019 23:00,-9988559.211,-2026664.188,-10741320.2,-6195801.946
31/08/2019 00:00,-9095613.027,-1845486.701,-9781079.516,-5641916.486
31/08/2019 01:00,-8641515.34,-1753350.939,-9292759.974,-5360244.298
31/08/2019 02:00,-8439881.904,-1712439.807,-9075930.976,-5235173.123
31/08/2019 03:00,-8338218.198,-1691812.388,-8966605.656,-5172112.158
31/08/2019 04:00,-8287386.343,-1681498.678,-8911942.995,-5140581.674
31/08/2019 05:00,-8238248.987,-1671528.78,-8859102.533,-5110102.27
31/08/2019 06:00,-8355162.149,-1695250.291,-8984826.542,-5182622.318
31/08/2019 07:00,-8641515.34,-1753350.939,-9292759.974,-5360244.298
31/08/2019 08:00,-9348077.8,-1896711.438,-10052570.62,-5798517.824
31/08/2019 09:00,-10105472.63,-2050385.751,-10867044.48,-6268322.152
31/08/2019 10:00,-10274912.14,-2084764.783,-11049253.35,-6373423.765
31/08/2019 11:00,-10357937.4,-2101610.487,-11138535.58,-6424923.489
31/08/2019 12:00,-10340993.45,-2098172.584,-11120314.7,-6414413.329
31/08/2019 13:00,-10476545.06,-2125675.81,-11266081.79,-6498494.618
31/08/2019 14:00,-10508738.46,-2132207.804,-11300701.36,-6518463.859
31/08/2019 15:00,-10457906.61,-2121894.095,-11246038.7,-6486933.375
31/08/2019 16:00,-10408769.26,-2111924.197,-11193198.24,-6456453.973
31/08/2019 17:00,-10476545.06,-2125675.81,-11266081.79,-6498494.618
31/08/2019 18:00,-10527376.91,-2135989.519,-11320744.45,-6530025.1
31/08/2019 19:00,-10527376.91,-2135989.519,-11320744.45,-6530025.1
31/08/2019 20:00,-10457906.61,-2121894.095,-11246038.7,-6486933.375
31/08/2019 21:00,-10576514.27,-2145959.417,-11373584.91,-6560504.503
31/08/2019 22:00,-10627346.12,-2156273.127,-11428247.57,-6592034.987
31/08/2019 23:00,-9988559.211,-2026664.188,-10741320.2,-6195801.946
01/09/2019 00:00,-9095613.027,-1845486.701,-9781079.516,-5641916.486
01/09/2019 01:00,-8641515.34,-1753350.939,-9292759.974,-5360244.298
01/09/2019 02:00,-8439881.904,-1712439.807,-9075930.976,-5235173.123
01/09/2019 03:00,-8338218.198,-1691812.388,-8966605.656,-5172112.158
01/09/2019 04:00,-8287386.343,-1681498.678,-8911942.995,-5140581.674
01/09/2019 05:00,-8238248.987,-1671528.78,-8859102.533,-5110102.27
01/09/2019 06:00,-8355162.149,-1695250.291,-8984826.542,-5182622.318
01/09/2019 07:00,-8641515.34,-1753350.939,-9292759.974,-5360244.298
01/09/2019 08:00,-9348077.8,-1896711.438,-10052570.62,-5798517.824
01/09/2019 09:00,-10105472.63,-2050385.751,-10867044.48,-6268322.152
01/09/2019 10:00,-10274912.14,-2084764.783,-11049253.35,-6373423.765
01/09/2019 11:00,-10357937.4,-2101610.487,-11138535.58,-6424923.489
01/09/2019 12:00,-10340993.45,-2098172.584,-11120314.7,-6414413.329
01/09/2019 13:00,-10476545.06,-2125675.81,-11266081.79,-6498494.618
01/09/2019 14:00,-10508738.46,-2132207.804,-11300701.36,-6518463.859
01/09/2019 15:00,-10457906.61,-2121894.095,-11246038.7,-6486933.375
01/09/2019 16:00,-10408769.26,-2111924.197,-11193198.24,-6456453.973
01/09/2019 17:00,-10476545.06,-2125675.81,-11266081.79,-6498494.618
01/09/2019 18:00,-10527376.91,-2135989.519,-11320744.45,-6530025.1
01/09/2019 19:00,-10527376.91,-2135989.519,-11320744.45,-6530025.1
01/09/2019 20:00,-10457906.61,-2121894.095,-11246038.7,-6486933.375
01/09/2019 21:00,-10576514.27,-2145959.417,-11373584.91,-6560504.503
01/09/2019 22:00,-10627346.12,-2156273.127,-11428247.57,-6592034.987
01/09/2019 23:00,-9988559.211,-2026664.188,-10741320.2,-6195801.946
02/09/2019 00:00,-9095613.027,-1845486.701,-9781079.516,-5641916.486
02/09/2019 01:00,-8641515.34,-1753350.939,-9292759.974,-5360244.298
02/09/2019 02:00,-8439881.904,-1712439.807,-9075930.976,-5235173.123
02/09/2019 03:00,-8338218.198,-1691812.388,-8966605.656,-5172112.158
02/09/2019 04:00,-8287386.343,-1681498.678,-8911942.995,-5140581.674
02/09/2019 05:00,-8238248.987,-1671528.78,-8859102.533,-5110102.27
02/09/2019 06:00,-8355162.149,-1695250.291,-8984826.542,-5182622.318
02/09/2019 07:00,-8641515.34,-1753350.939,-9292759.974,-5360244.298
02/09/2019 08:00,-9348077.8,-1896711.438,-10052570.62,-5798517.824
02/09/2019 09:00,-10105472.63,-2050385.751,-10867044.48,-6268322.152
02/09/2019 10:00,-10274912.14,-2084764.783,-11049253.35,-6373423.765
02/09/2019 11:00,-10357937.4,-2101610.487,-11138535.58,-6424923.489
02/09/2019 12:00,-10340993.45,-2098172.584,-11120314.7,-6414413.329
02/09/2019 13:00,-10476545.06,-2125675.81,-11266081.79,-6498494.618
02/09/2019 14:00,-10508738.46,-2132207.804,-11300701.36,-6518463.859
02/09/2019 15:00,-10457906.61,-2121894.095,-11246038.7,-6486933.375
02/09/2019 16:00,-10408769.26,-2111924.197,-11193198.24,-6456453.973
02/09/2019 17:00,-10476545.06,-2125675.81,-11266081.79,-6498494.618
02/09/2019 18:00,-10527376.91,-2135989.519,-11320744.45,-6530025.1
02/09/2019 19:00,-10527376.91,-2135989.519,-11320744.45,-6530025.1
02/09/2019 20:00,-10457906.61,-2121894.095,-11246038.7,-6486933.375
02/09/2019 21:00,-10576514.27,-2145959.417,-11373584.91,-6560504.503
02/09/2019 22:00,-10627346.12,-2156273.127,-11428247.57,-6592034.987
02/09/2019 23:00,-9988559.211,-2026664.188,-10741320.2,-6195801.946
03/09/2019 00:00,-9095613.027,-1845486.701,-9781079.516,-5641916.486
03/09/2019 01:00,-8641515.34,-1753350.939,-9292759.974,-5360244.298
03/09/2019 02:00,-8439881.904,-1712439.807,-9075930.976,-5235173.123
03/09/2019 03:00,-8338218.198,-1691812.388,-8966605.656,-5172112.158
03/09/2019 04:00,-8287386.343,-1681498.678,-8911942.995,-5140581.674
03/09/2019 05:00,-8238248.987,-1671528.78,-8859102.533,-5110102.27
03/09/2019 06:00,-8355162.149,-1695250.291,-8984826.542,-5182622.318
03/09/2019 07:00,-8641515.34,-1753350.939,-9292759.974,-5360244.298
03/09/2019 08:00,-9348077.8,-1896711.438,-10052570.62,-5798517.824
03/09/2019 09:00,-10105472.63,-2050385.751,-10867044.48,-6268322.152
03/09/2019 10:00,-10274912.14,-2084764.783,-11049253.35,-6373423.765
03/09/2019 11:00,-10357937.4,-2101610.487,-11138535.58,-6424923.489
03/09/2019 12:00,-10340993.45,-2098172.584,-11120314.7,-6414413.329
03/09/2019 13:00,-10476545.06,-2125675.81,-11266081.79,-6498494.618
03/09/2019 14:00,-10508738.46,-2132207.804,-11300701.36,-6518463.859
03/09/2019 15:00,-10457906.61,-2121894.095,-11246038.7,-6486933.375
03/09/2019 16:00,-10408769.26,-2111924.197,-11193198.24,-6456453.973
03/09/2019 17:00,-10476545.06,-2125675.81,-11266081.79,-6498494.618
03/09/2019 18:00,-10527376.91,-2135989.519,-11320744.45,-6530025.1
03/09/2019 19:00,-10527376.91,-2135989.519,-11320744.45,-6530025.1
03/09/2019 20:00,-10457906.61,-2121894.095,-11246038.7,-6486933.375
03/09/2019 21:00,-10576514.27,-2145959.417,-11373584.91,-6560504.503
03/09/2019 22:00,-10627346.12,-2156273.127,-11428247.57,-6592034.987
03/09/2019 23:00,-9988559.211,-2026664.188,-10741320.2,-6195801.946
04/09/2019 00:00,-9095613.027,-1845486.701,-9781079.516,-5641916.486
04/09/2019 01:00,-8641515.34,-1753350.939,-9292759.974,-5360244.298
04/09/2019 02:00,-8439881.904,-1712439.807,-9075930.976,-5235173.123
04/09/2019 03:00,-8338218.198,-1691812.388,-8966605.656,-5172112.158
04/09/2019 04:00,-8287386.343,-1681498.678,-8911942.995,-5140581.674
04/09/2019 05:00,-8238248.987,-1671528.78,-8859102.533,-5110102.27
04/09/2019 06:00,-8355162.149,-1695250.291,-8984826.542,-5182622.318
04/09/2019 07:00,-8641515.34,-1753350.939,-9292759.974,-5360244.298
04/09/2019 08:00,-9348077.8,-1896711.438,-10052570.62,-5798517.824
04/09/2019 09:00,-10105472.63,-2050385.751,-10867044.48,-6268322.152
04/09/2019 10:00,-10274912.14,-2084764.783,-11049253.35,-6373423.765
04/09/2019 11:00,-10357937.4,-2101610.487,-11138535.58,-6424923.489
04/09/2019 12:00,-10340993.45,-2098172.584,-11120314.7,-6414413.329
04/09/2019 13:00,-10476545.06,-2125675.81,-11266081.79,-6498494.618
04/09/2019 14:00,-10508738.46,-2132207.804,-11300701.36,-6518463.859
04/09/2019 15:00,-10457906.61,-2121894.095,-11246038.7,-6486933.375
04/09/2019 16:00,-10408769.26,-2111924.197,-11193198.24,-6456453.973
04/09/2019 17:00,-10476545.06,-2125675.81,-11266081.79,-6498494.618
04/09/2019 18:00,-10527376.91,-2135989.519,-11320744.45,-6530025.1
04/09/2019 19:00,-10527376.91,-2135989.519,-11320744.45,-6530025.1
04/09/2019 20:00,-10457906.61,-2121894.095,-11246038.7,-6486933.375
04/09/2019 21:00,-10576514.27,-2145959.417,-11373584.91,-6560504.503
04/09/2019 22:00,-10627346.12,-2156273.127,-11428247.57,-6592034.987
04/09/2019 23:00,-9988559.211,-2026664.188,-10741320.2,-6195801.946
05/09/2019 00:00,-9095613.027,-1845486.701,-9781079.516,-5641916.486
05/09/2019 01:00,-8641515.34,-1753350.939,-9292759.974,-5360244.298
05/09/2019 02:00,-8439881.904,-1712439.807,-9075930.976,-5235173.123
05/09/2019 03:00,-8338218.198,-1691812.388,-8966605.656,-5172112.158
05/09/2019 04:00,-8287386.343,-1681498.678,-8911942.995,-5140581.674
05/09/2019 05:00,-8238248.987,-1671528.78,-8859102.533,-5110102.27
05/09/2019 06:00,-8355162.149,-1695250.291,-8984826.542,-5182622.318
05/09/2019 07:00,-8641515.34,-1753350.939,-9292759.974,-5360244.298
05/09/2019 08:00,-9348077.8,-1896711.438,-10052570.62,-5798517.824
05/09/2019 09:00,-10105472.63,-2050385.751,-10867044.48,-6268322.152
05/09/2019 10:00,-10274912.14,-2084764.783,-11049253.35,-6373423.765
05/09/2019 11:00,-10357937.4,-2101610.487,-11138535.58,-6424923.489
05/09/2019 12:00,-10340993.45,-2098172.584,-11120314.7,-6414413.329
05/09/2019 13:00,-10476545.06,-2125675.81,-11266081.79,-6498494.618
05/09/2019 14:00,-10508738.46,-2132207.804,-11300701.36,-6518463.859
05/09/2019 15:00,-10457906.61,-2121894.095,-11246038.7,-6486933.375
05/09/2019 16:00,-10408769.26,-2111924.197,-11193198.24,-6456453.973
05/09/2019 17:00,-10476545.06,-2125675.81,-11266081.79,-6498494.618
05/09/2019 18:00,-10527376.91,-2135989.519,-11320744.45,-6530025.1
05/09/2019 19:00,-10527376.91,-2135989.519,-11320744.45,-6530025.1
05/09/2019 20:00,-10457906.61,-2121894.095,-11246038.7,-6486933.375
05/09/2019 21:00,-10576514.27,-2145959.417,-11373584.91,-6560504.503
05/09/2019 22:00,-10627346.12,-2156273.127,-11428247.57,-6592034.987
05/09/2019 23:00,-9988559.211,-2026664.188,-10741320.2,-6195801.946
06/09/2019 00:00,-9095613.027,-1845486.701,-9781079.516,-5641916.486
06/09/2019 01:00,-8641515.34,-1753350.939,-9292759.974,-5360244.298
06/09/2019 02:00,-8439881.904,-1712439.807,-9075930.976,-5235173.123
06/09/2019 03:00,-8338218.198,-1691812.388,-8966605.656,-5172112.158
06/09/2019 04:00,-8287386.343,-1681498.678,-8911942.995,-5140581.674
06/09/2019 05:00,-8238248.987,-1671528.78,-8859102.533,-5110102.27
06/09/2019 06:00,-8355162.149,-1695250.291,-8984826.542,-5182622.318
06/09/2019 07:00,-8641515.34,-1753350.939,-9292759.974,-5360244.298
06/09/2019 08:00,-9348077.8,-1896711.438,-10052570.62,-5798517.824
06/09/2019 09:00,-10105472.63,-2050385.751,-10867044.48,-6268322.152
06/09/2019 10:00,-10274912.14,-2084764.783,-11049253.35,-6373423.765
06/09/2019 11:00,-10357937.4,-2101610.487,-11138535.58,-6424923.489
06/09/2019 12:00,-10340993.45,-2098172.584,-11120314.7,-6414413.329
06/09/2019 13:00,-10476545.06,-2125675.81,-11266081.79,-6498494.618
06/09/2019 14:00,-10508738.46,-2132207.804,-11300701.36,-6518463.859
06/09/2019 15:00,-10457906.61,-2121894.095,-11246038.7,-6486933.375
06/09/2019 16:00,-10408769.26,-2111924.197,-11193198.24,-6456453.973
06/09/2019 17:00,-10476545.06,-2125675.81,-11266081.79,-6498494.618
06/09/2019 18:00,-10527376.91,-2135989.519,-11320744.45,-6530025.1
06/09/2019 19:00,-10527376.91,-2135989.519,-11320744.45,-6530025.1
06/09/2019 20:00,-10457906.61,-2121894.095,-11246038.7,-6486933.375
06/09/2019 21:00,-10576514.27,-2145959.417,-11373584.91,-6560504.503
06/09/2019 22:00,-10627346.12,-2156273.127,-11428247.57,-6592034.987
06/09/2019 23:00,-9988559.211,-2026664.188,-10741320.2,-6195801.946
07/09/2019 00:00,-9095613.027,-1845486.701,-9781079.516,-5641916.486
07/09/2019 01:00,-8641515.34,-1753350.939,-9292759.974,-5360244.298
07/09/2019 02:00,-8439881.904,-1712439.807,-9075930.976,-5235173.123
07/09/2019 03:00,-8338218.198,-1691812.388,-8966605.656,-5172112.158
07/09/2019 04:00,-8287386.343,-1681498.678,-8911942.995,-5140581.674
07/09/2019 05:00,-8238248.987,-1671528.78,-8859102.533,-5110102.27
07/09/2019 06:00,-8355162.149,-1695250.291,-8984826.542,-5182622.318
07/09/2019 07:00,-8641515.34,-1753350.939,-9292759.974,-5360244.298
07/09/2019 08:00,-9348077.8,-1896711.438,-10052570.62,-5798517.824
07/09/2019 09:00,-10105472.63,-2050385.751,-10867044.48,-6268322.152
07/09/2019 10:00,-10274912.14,-2084764.783,-11049253.35,-6373423.765
07/09/2019 11:00,-10357937.4,-2101610.487,-11138535.58,-6424923.489
07/09/2019 12:00,-10340993.45,-2098172.584,-11120314.7,-6414413.329
07/09/2019 13:00,-10476545.06,-2125675.81,-11266081.79,-6498494.618
07/09/2019 14:00,-10508738.46,-2132207.804,-11300701.36,-6518463.859
07/09/2019 15:00,-10457906.61,-2121894.095,-11246038.7,-6486933.375
07/09/2019 16:00,-10408769.26,-2111924.197,-11193198.24,-6456453.973
07/09/2019 17:00,-10476545.06,-2125675.81,-11266081.79,-6498494.618
07/09/2019 18:00,-10527376.91,-2135989.519,-11320744.45,-6530025.1
07/09/2019 19:00,-10527376.91,-2135989.519,-11320744.45,-6530025.1
07/09/2019 20:00,-10457906.61,-2121894.095,-11246038.7,-6486933.375
07/09/2019 21:00,-10576514.27,-2145959.417,-11373584.91,-6560504.503
07/09/2019 22:00,-10627346.12,-2156273.127,-11428247.57,-6592034.987
07/09/2019 23:00,-9988559.211,-2026664.188,-10741320.2,-6195801.946
08/09/2019 00:00,-9095613.027,-1845486.701,-9781079.516,-5641916.486
08/09/2019 01:00,-8641515.34,-1753350.939,-9292759.974,-5360244.298
08/09/2019 02:00,-8439881.904,-1712439.807,-9075930.976,-5235173.123
08/09/2019 03:00,-8338218.198,-1691812.388,-8966605.656,-5172112.158
08/09/2019 04:00,-8287386.343,-1681498.678,-8911942.995,-5140581.674
08/09/2019 05:00,-8238248.987,-1671528.78,-8859102.533,-5110102.27
08/09/2019 06:00,-8355162.149,-1695250.291,-8984826.542,-5182622.318
08/09/2019 07:00,-8641515.34,-1753350.939,-9292759.974,-5360244.298
08/09/2019 08:00,-9348077.8,-1896711.438,-10052570.62,-5798517.824
08/09/2019 09:00,-10105472.63,-2050385.751,-10867044.48,-6268322.152
08/09/2019 10:00,-10274912.14,-2084764.783,-11049253.35,-6373423.765
08/09/2019 11:00,-10357937.4,-2101610.487,-11138535.58,-6424923.489
08/09/2019 12:00,-10340993.45,-2098172.584,-11120314.7,-6414413.329
08/09/2019 13:00,-10476545.06,-2125675.81,-11266081.79,-6498494.618
08/09/2019 14:00,-10508738.46,-2132207.804,-11300701.36,-6518463.859
08/09/2019 15:00,-10457906.61,-2121894.095,-11246038.7,-6486933.375
08/09/2019 16:00,-10408769.26,-2111924.197,-11193198.24,-6456453.973
08/09/2019 17:00,-10476545.06,-2125675.81,-11266081.79,-6498494.618
08/09/2019 18:00,-10527376.91,-2135989.519,-11320744.45,-6530025.1
08/09/2019 19:00,-10527376.91,-2135989.519,-11320744.45,-6530025.1
08/09/2019 20:00,-10457906.61,-2121894.095,-11246038.7,-6486933.375
08/09/2019 21:00,-10576514.27,-2145959.417,-11373584.91,-6560504.503
08/09/2019 22:00,-10627346.12,-2156273.127,-11428247.57,-6592034.987
08/09/2019 23:00,-9988559.211,-2026664.188,-10741320.2,-6195801.946
09/09/2019 00:00,-9095613.027,-1845486.701,-9781079.516,-5641916.486
09/09/2019 01:00,-8641515.34,-1753350.939,-9292759.974,-5360244.298
09/09/2019 02:00,-8439881.904,-1712439.807,-9075930.976,-5235173.123
09/09/2019 03:00,-8338218.198,-1691812.388,-8966605.656,-5172112.158
09/09/2019 04:00,-8287386.343,-1681498.678,-8911942.995,-5140581.674
09/09/2019 05:00,-8238248.987,-1671528.78,-8859102.533,-5110102.27
09/09/2019 06:00,-8355162.149,-1695250.291,-8984826.542,-5182622.318
09/09/2019 07:00,-8641515.34,-1753350.939,-9292759.974,-5360244.298
09/09/2019 08:00,-9348077.8,-1896711.438,-10052570.62,-5798517.824
09/09/2019 09:00,-10105472.63,-2050385.751,-10867044.48,-6268322.152
09/09/2019 10:00,-10274912.14,-2084764.783,-11049253.35,-6373423.765
09/09/2019 11:00,-10357937.4,-2101610.487,-11138535.58,-6424923.489
09/09/2019 12:00,-10340993.45,-2098172.584,-11120314.7,-6414413.329
09/09/2019 13:00,-10476545.06,-2125675.81,-11266081.79,-6498494.618
09/09/2019 14:00,-10508738.46,-2132207.804,-11300701.36,-6518463.859
09/09/2019 15:00,-10457906.61,-2121894.095,-11246038.7,-6486933.375
09/09/2019 16:00,-10408769.26,-2111924.197,-11193198.24,-6456453.973
09/09/2019 17:00,-10476545.06,-2125675.81,-11266081.79,-6498494.618
09/09/2019 18:00,-10527376.91,-2135989.519,-11320744.45,-6530025.1
09/09/2019 19:00,-10527376.91,-2135989.519,-11320744.45,-6530025.1
09/09/2019 20:00,-10457906.61,-2121894.095,-11246038.7,-6486933.375
09/09/2019 21:00,-10576514.27,-2145959.417,-11373584.91,-6560504.503
09/09/2019 22:00,-10627346.12,-2156273.127,-11428247.57,-6592034.987
09/09/2019 23:00,-9988559.211,-2026664.188,-10741320.2,-6195801.946
10/09/2019 00:00,-9178006.993,-1862204.317,-9869682.882,-5693024.627
10/09/2019 01:00,-8719795.795,-1769233.929,-9376939.826,-5408800.87
10/09/2019 02:00,-8516335.833,-1727952.198,-9158146.649,-5282596.72
10/09/2019 03:00,-8413751.19,-1707137.923,-9047830.99,-5218964.507
10/09/2019 04:00,-8362458.867,-1696730.785,-8992673.159,-5187148.399
10/09/2019 05:00,-8312876.396,-1686670.573,-8939354.037,-5156392.895
10/09/2019 06:00,-8430848.631,-1710606.969,-9066216.934,-5229569.876
10/09/2019 07:00,-8719795.795,-1769233.929,-9376939.826,-5408800.87
10/09/2019 08:00,-9432758.757,-1913893.081,-10143633.33,-5851044.562
10/09/2019 09:00,-10197014.56,-2068959.476,-10965485.22,-6325104.683
10/09/2019 10:00,-10367988.97,-2103649.935,-11149344.66,-6431158.373
10/09/2019 11:00,-10451766.32,-2120648.24,-11239435.67,-6483124.618
10/09/2019 12:00,-10434668.88,-2117179.194,-11221049.73,-6472519.249
10/09/2019 13:00,-10571448.41,-2144931.561,-11368137.27,-6557362.2
10/09/2019 14:00,-10603933.44,-2151522.727,-11403070.45,-6577512.335
10/09/2019 15:00,-10552641.12,-2141115.589,-11347912.62,-6545696.23
10/09/2019 16:00,-10503058.64,-2131055.377,-11294593.5,-6514940.723
10/09/2019 17:00,-10571448.41,-2144931.561,-11368137.27,-6557362.2
10/09/2019 18:00,-10622740.73,-2155338.699,-11423295.1,-6589178.308
10/09/2019 19:00,-10622740.73,-2155338.699,-11423295.1,-6589178.308
10/09/2019 20:00,-10552641.12,-2141115.589,-11347912.62,-6545696.23
10/09/2019 21:00,-10672323.2,-2165398.911,-11476614.23,-6619933.812
10/09/2019 22:00,-10723615.52,-2175806.049,-11531772.06,-6651749.92
10/09/2019 23:00,-10079042.06,-2045023.028,-10838622.05,-6251927.542
11/09/2019 00:00,-9178006.993,-1862204.317,-9869682.882,-5693024.627
11/09/2019 01:00,-8719795.795,-1769233.929,-9376939.826,-5408800.87
11/09/2019 02:00,-8516335.833,-1727952.198,-9158146.649,-5282596.72
11/09/2019 03:00,-8413751.19,-1707137.923,-9047830.99,-5218964.507
11/09/2019 04:00,-8362458.867,-1696730.785,-8992673.159,-5187148.399
11/09/2019 05:00,-8312876.396,-1686670.573,-8939354.037,-5156392.895
11/09/2019 06:00,-8430848.631,-1710606.969,-9066216.934,-5229569.876
11/09/2019 07:00,-8719795.795,-1769233.929,-9376939.826,-5408800.87
11/09/2019 08:00,-9432758.757,-1913893.081,-10143633.33,-5851044.562
11/09/2019 09:00,-10197014.56,-2068959.476,-10965485.22,-6325104.683
11/09/2019 10:00,-10367988.97,-2103649.935,-11149344.66,-6431158.373
11/09/2019 11:00,-10451766.32,-2120648.24,-11239435.67,-6483124.618
11/09/2019 12:00,-10434668.88,-2117179.194,-11221049.73,-6472519.249
11/09/2019 13:00,-10571448.41,-2144931.561,-11368137.27,-6557362.2
11/09/2019 14:00,-10603933.44,-2151522.727,-11403070.45,-6577512.335
11/09/2019 15:00,-10552641.12,-2141115.589,-11347912.62,-6545696.23
11/09/2019 16:00,-10503058.64,-2131055.377,-11294593.5,-6514940.723
11/09/2019 17:00,-10571448.41,-2144931.561,-11368137.27,-6557362.2
11/09/2019 18:00,-10622740.73,-2155338.699,-11423295.1,-6589178.308
11/09/2019 19:00,-10622740.73,-2155338.699,-11423295.1,-6589178.308
11/09/2019 20:00,-10552641.12,-2141115.589,-11347912.62,-6545696.23
11/09/2019 21:00,-10672323.2,-2165398.911,-11476614.23,-6619933.812
11/09/2019 22:00,-10723615.52,-2175806.049,-11531772.06,-6651749.92
11/09/2019 23:00,-10079042.06,-2045023.028,-10838622.05,-6251927.542
12/09/2019 00:00,-9178006.993,-1862204.317,-9869682.882,-5693024.627
12/09/2019 01:00,-8719795.795,-1769233.929,-9376939.826,-5408800.87
12/09/2019 02:00,-8516335.833,-1727952.198,-9158146.649,-5282596.72
12/09/2019 03:00,-8413751.19,-1707137.923,-9047830.99,-5218964.507
12/09/2019 04:00,-8362458.867,-1696730.785,-8992673.159,-5187148.399
12/09/2019 05:00,-8312876.396,-1686670.573,-8939354.037,-5156392.895
12/09/2019 06:00,-8430848.631,-1710606.969,-9066216.934,-5229569.876
12/09/2019 07:00,-8719795.795,-1769233.929,-9376939.826,-5408800.87
12/09/2019 08:00,-9432758.757,-1913893.081,-10143633.33,-5851044.562
12/09/2019 09:00,-10197014.56,-2068959.476,-10965485.22,-6325104.683
12/09/2019 10:00,-10367988.97,-2103649.935,-11149344.66,-6431158.373
12/09/2019 11:00,-10451766.32,-2120648.24,-11239435.67,-6483124.618
12/09/2019 12:00,-10434668.88,-2117179.194,-11221049.73,-6472519.249
12/09/2019 13:00,-10571448.41,-2144931.561,-11368137.27,-6557362.2
12/09/2019 14:00,-10603933.44,-2151522.727,-11403070.45,-6577512.335
12/09/2019 15:00,-10552641.12,-2141115.589,-11347912.62,-6545696.23
12/09/2019 16:00,-10503058.64,-2131055.377,-11294593.5,-6514940.723
12/09/2019 17:00,-10571448.41,-2144931.561,-11368137.27,-6557362.2
12/09/2019 18:00,-10622740.73,-2155338.699,-11423295.1,-6589178.308
12/09/2019 19:00,-10622740.73,-2155338.699,-11423295.1,-6589178.308
12/09/2019 20:00,-10552641.12,-2141115.589,-11347912.62,-6545696.23
12/09/2019 21:00,-10672323.2,-2165398.911,-11476614.23,-6619933.812
12/09/2019 22:00,-10723615.52,-2175806.049,-11531772.06,-6651749.92
12/09/2019 23:00,-10079042.06,-2045023.028,-10838622.05,-6251927.542
13/09/2019 00:00,-9178006.993,-1862204.317,-9869682.882,-5693024.627
13/09/2019 01:00,-8719795.795,-1769233.929,-9376939.826,-5408800.87
13/09/2019 02:00,-8516335.833,-1727952.198,-9158146.649,-5282596.72
13/09/2019 03:00,-8413751.19,-1707137.923,-9047830.99,-5218964.507
13/09/2019 04:00,-8362458.867,-1696730.785,-8992673.159,-5187148.399
13/09/2019 05:00,-8312876.396,-1686670.573,-8939354.037,-5156392.895
13/09/2019 06:00,-8430848.631,-1710606.969,-9066216.934,-5229569.876
13/09/2019 07:00,-8719795.795,-1769233.929,-9376939.826,-5408800.87
13/09/2019 08:00,-9432758.757,-1913893.081,-10143633.33,-5851044.562
13/09/2019 09:00,-10197014.56,-2068959.476,-10965485.22,-6325104.683
13/09/2019 10:00,-10367988.97,-2103649.935,-11149344.66,-6431158.373
13/09/2019 11:00,-10451766.32,-2120648.24,-11239435.67,-6483124.618
13/09/2019 12:00,-10434668.88,-2117179.194,-11221049.73,-6472519.249
13/09/2019 13:00,-10571448.41,-2144931.561,-11368137.27,-6557362.2
13/09/2019 14:00,-10603933.44,-2151522.727,-11403070.45,-6577512.335
13/09/2019 15:00,-10552641.12,-2141115.589,-11347912.62,-6545696.23
13/09/2019 16:00,-10503058.64,-2131055.377,-11294593.5,-6514940.723
13/09/2019 17:00,-10571448.41,-2144931.561,-11368137.27,-6557362.2
13/09/2019 18:00,-10622740.73,-2155338.699,-11423295.1,-6589178.308
13/09/2019 19:00,-10622740.73,-2155338.699,-11423295.1,-6589178.308
13/09/2019 20:00,-10552641.12,-2141115.589,-11347912.62,-6545696.23
13/09/2019 21:00,-10672323.2,-2165398.911,-11476614.23,-6619933.812
13/09/2019 22:00,-10723615.52,-2175806.049,-11531772.06,-6651749.92
13/09/2019 23:00,-10079042.06,-2045023.028,-10838622.05,-6251927.542
14/09/2019 00:00,-9178006.993,-1862204.317,-9869682.882,-5693024.627
14/09/2019 01:00,-8719795.795,-1769233.929,-9376939.826,-5408800.87
14/09/2019 02:00,-8516335.833,-1727952.198,-9158146.649,-5282596.72
14/09/2019 03:00,-8413751.19,-1707137.923,-9047830.99,-5218964.507
14/09/2019 04:00,-8362458.867,-1696730.785,-8992673.159,-5187148.399
14/09/2019 05:00,-8312876.396,-1686670.573,-8939354.037,-5156392.895
14/09/2019 06:00,-8430848.631,-1710606.969,-9066216.934,-5229569.876
14/09/2019 07:00,-8719795.795,-1769233.929,-9376939.826,-5408800.87
14/09/2019 08:00,-9432758.757,-1913893.081,-10143633.33,-5851044.562
14/09/2019 09:00,-10197014.56,-2068959.476,-10965485.22,-6325104.683
14/09/2019 10:00,-10367988.97,-2103649.935,-11149344.66,-6431158.373
14/09/2019 11:00,-10451766.32,-2120648.24,-11239435.67,-6483124.618
14/09/2019 12:00,-10434668.88,-2117179.194,-11221049.73,-6472519.249
14/09/2019 13:00,-10571448.41,-2144931.561,-11368137.27,-6557362.2
14/09/2019 14:00,-10603933.44,-2151522.727,-11403070.45,-6577512.335
14/09/2019 15:00,-10552641.12,-2141115.589,-11347912.62,-6545696.23
14/09/2019 16:00,-10503058.64,-2131055.377,-11294593.5,-6514940.723
14/09/2019 17:00,-10571448.41,-2144931.561,-11368137.27,-6557362.2
14/09/2019 18:00,-10622740.73,-2155338.699,-11423295.1,-6589178.308
14/09/2019 19:00,-10622740.73,-2155338.699,-11423295.1,-6589178.308
14/09/2019 20:00,-10552641.12,-2141115.589,-11347912.62,-6545696.23
14/09/2019 21:00,-10672323.2,-2165398.911,-11476614.23,-6619933.812
14/09/2019 22:00,-10723615.52,-2175806.049,-11531772.06,-6651749.92
14/09/2019 23:00,-10079042.06,-2045023.028,-10838622.05,-6251927.542
15/09/2019 00:00,-9178006.993,-1862204.317,-9869682.882,-5693024.627
15/09/2019 01:00,-8719795.795,-1769233.929,-9376939.826,-5408800.87
15/09/2019 02:00,-8516335.833,-1727952.198,-9158146.649,-5282596.72
15/09/2019 03:00,-8413751.19,-1707137.923,-9047830.99,-5218964.507
15/09/2019 04:00,-8362458.867,-1696730.785,-8992673.159,-5187148.399
15/09/2019 05:00,-8312876.396,-1686670.573,-8939354.037,-5156392.895
15/09/2019 06:00,-8430848.631,-1710606.969,-9066216.934,-5229569.876
15/09/2019 07:00,-8719795.795,-1769233.929,-9376939.826,-5408800.87
15/09/2019 08:00,-9432758.757,-1913893.081,-10143633.33,-5851044.562
15/09/2019 09:00,-10197014.56,-2068959.476,-10965485.22,-6325104.683
15/09/2019 10:00,-10367988.97,-2103649.935,-11149344.66,-6431158.373
15/09/2019 11:00,-10451766.32,-2120648.24,-11239435.67,-6483124.618
15/09/2019 12:00,-10434668.88,-2117179.194,-11221049.73,-6472519.249
15/09/2019 13:00,-10571448.41,-2144931.561,-11368137.27,-6557362.2
15/09/2019 14:00,-10603933.44,-2151522.727,-11403070.45,-6577512.335
15/09/2019 15:00,-10552641.12,-2141115.589,-11347912.62,-6545696.23
15/09/2019 16:00,-10503058.64,-2131055.377,-11294593.5,-6514940.723
15/09/2019 17:00,-10571448.41,-2144931.561,-11368137.27,-6557362.2
15/09/2019 18:00,-10622740.73,-2155338.699,-11423295.1,-6589178.308
15/09/2019 19:00,-10622740.73,-2155338.699,-11423295.1,-6589178.308
15/09/2019 20:00,-10552641.12,-2141115.589,-11347912.62,-6545696.23
15/09/2019 21:00,-10672323.2,-2165398.911,-11476614.23,-6619933.812
15/09/2019 22:00,-10723615.52,-2175806.049,-11531772.06,-6651749.92
15/09/2019 23:00,-10079042.06,-2045023.028,-10838622.05,-6251927.542
16/09/2019 00:00,-9178006.993,-1862204.317,-9869682.882,-5693024.627
16/09/2019 01:00,-8719795.795,-1769233.929,-9376939.826,-5408800.87
16/09/2019 02:00,-8516335.833,-1727952.198,-9158146.649,-5282596.72
16/09/2019 03:00,-8413751.19,-1707137.923,-9047830.99,-5218964.507
16/09/2019 04:00,-8362458.867,-1696730.785,-8992673.159,-5187148.399
16/09/2019 05:00,-8312876.396,-1686670.573,-8939354.037,-5156392.895
16/09/2019 06:00,-8430848.631,-1710606.969,-9066216.934,-5229569.876
16/09/2019 07:00,-8719795.795,-1769233.929,-9376939.826,-5408800.87
16/09/2019 08:00,-9432758.757,-1913893.081,-10143633.33,-5851044.562
16/09/2019 09:00,-10197014.56,-2068959.476,-10965485.22,-6325104.683
16/09/2019 10:00,-10367988.97,-2103649.935,-11149344.66,-6431158.373
16/09/2019 11:00,-10451766.32,-2120648.24,-11239435.67,-6483124.618
16/09/2019 12:00,-10434668.88,-2117179.194,-11221049.73,-6472519.249
16/09/2019 13:00,-10571448.41,-2144931.561,-11368137.27,-6557362.2
16/09/2019 14:00,-10603933.44,-2151522.727,-11403070.45,-6577512.335
16/09/2019 15:00,-10552641.12,-2141115.589,-11347912.62,-6545696.23
16/09/2019 16:00,-10503058.64,-2131055.377,-11294593.5,-6514940.723
16/09/2019 17:00,-10571448.41,-2144931.561,-11368137.27,-6557362.2
16/09/2019 18:00,-10622740.73,-2155338.699,-11423295.1,-6589178.308
16/09/2019 19:00,-10622740.73,-2155338.699,-11423295.1,-6589178.308
16/09/2019 20:00,-10552641.12,-2141115.589,-11347912.62,-6545696.23
16/09/2019 21:00,-10672323.2,-2165398.911,-11476614.23,-6619933.812
16/09/2019 22:00,-10723615.52,-2175806.049,-11531772.06,-6651749.92
16/09/2019 23:00,-10079042.06,-2045023.028,-10838622.05,-6251927.542
17/09/2019 00:00,-9128570.57,-1852173.739,-9816520.816,-5662359.716
17/09/2019 01:00,-8672827.478,-1759704.126,-9326431.867,-5379666.899
17/09/2019 02:00,-8470463.432,-1718644.754,-9108817.198,-5254142.535
17/09/2019 03:00,-8368431.352,-1697942.593,-8999095.744,-5190853.071
17/09/2019 04:00,-8317415.312,-1687591.513,-8944235.017,-5159208.339
17/09/2019 05:00,-8268099.908,-1677585.489,-8891203.09,-5128618.494
17/09/2019 06:00,-8385436.699,-1701392.953,-9017382.653,-5201401.315
17/09/2019 07:00,-8672827.478,-1759704.126,-9326431.867,-5379666.899
17/09/2019 08:00,-9381950.134,-1903584.085,-10088995.65,-5819528.489
17/09/2019 09:00,-10142089.35,-2057815.231,-10906420.72,-6291035.134
17/09/2019 10:00,-10312142.82,-2092318.834,-11089289.82,-6396517.577
17/09/2019 11:00,-10395468.92,-2109225.577,-11178895.56,-6448203.907
17/09/2019 12:00,-10378463.57,-2105775.217,-11160608.65,-6437655.663
17/09/2019 13:00,-10514506.35,-2133378.099,-11306903.93,-6522041.618
17/09/2019 14:00,-10546816.4,-2139933.762,-11341648.94,-6542083.216
17/09/2019 15:00,-10495800.36,-2129582.682,-11286788.21,-6510438.484
17/09/2019 16:00,-10446484.96,-2119576.659,-11233756.29,-6479848.642
17/09/2019 17:00,-10514506.35,-2133378.099,-11306903.93,-6522041.618
17/09/2019 18:00,-10565522.39,-2143729.18,-11361764.65,-6553686.35
17/09/2019 19:00,-10565522.39,-2143729.18,-11361764.65,-6553686.35
17/09/2019 20:00,-10495800.36,-2129582.682,-11286788.21,-6510438.484
17/09/2019 21:00,-10614837.79,-2153735.204,-11414796.58,-6584276.195
17/09/2019 22:00,-10665853.83,-2164086.285,-11469657.31,-6615920.927
17/09/2019 23:00,-10024752.3,-2034007.714,-10780240.88,-6218252.153
18/09/2019 00:00,-9128570.57,-1852173.739,-9816520.816,-5662359.716
18/09/2019 01:00,-8672827.478,-1759704.126,-9326431.867,-5379666.899
18/09/2019 02:00,-8470463.432,-1718644.754,-9108817.198,-5254142.535
18/09/2019 03:00,-8368431.352,-1697942.593,-8999095.744,-5190853.071
18/09/2019 04:00,-8317415.312,-1687591.513,-8944235.017,-5159208.339
18/09/2019 05:00,-8268099.908,-1677585.489,-8891203.09,-5128618.494
18/09/2019 06:00,-8385436.699,-1701392.953,-9017382.653,-5201401.315
18/09/2019 07:00,-8672827.478,-1759704.126,-9326431.867,-5379666.899
18/09/2019 08:00,-9381950.134,-1903584.085,-10088995.65,-5819528.489
18/09/2019 09:00,-10142089.35,-2057815.231,-10906420.72,-6291035.134
18/09/2019 10:00,-10312142.82,-2092318.834,-11089289.82,-6396517.577
18/09/2019 11:00,-10395468.92,-2109225.577,-11178895.56,-6448203.907
18/09/2019 12:00,-10378463.57,-2105775.217,-11160608.65,-6437655.663
18/09/2019 13:00,-10514506.35,-2133378.099,-11306903.93,-6522041.618
18/09/2019 14:00,-10546816.4,-2139933.762,-11341648.94,-6542083.216
18/09/2019 15:00,-10495800.36,-2129582.682,-11286788.21,-6510438.484
18/09/2019 16:00,-10446484.96,-2119576.659,-11233756.29,-6479848.642
18/09/2019 17:00,-10514506.35,-2133378.099,-11306903.93,-6522041.618
18/09/2019 18:00,-10565522.39,-2143729.18,-11361764.65,-6553686.35
18/09/2019 19:00,-10565522.39,-2143729.18,-11361764.65,-6553686.35
18/09/2019 20:00,-10495800.36,-2129582.682,-11286788.21,-6510438.484
18/09/2019 21:00,-10614837.79,-2153735.204,-11414796.58,-6584276.195
18/09/2019 22:00,-10665853.83,-2164086.285,-11469657.31,-6615920.927
18/09/2019 23:00,-10024752.3,-2034007.714,-10780240.88,-6218252.153
19/09/2019 00:00,-9128570.57,-1852173.739,-9816520.816,-5662359.716
19/09/2019 01:00,-8672827.478,-1759704.126,-9326431.867,-5379666.899
19/09/2019 02:00,-8470463.432,-1718644.754,-9108817.198,-5254142.535
19/09/2019 03:00,-8368431.352,-1697942.593,-8999095.744,-5190853.071
19/09/2019 04:00,-8317415.312,-1687591.513,-8944235.017,-5159208.339
19/09/2019 05:00,-8268099.908,-1677585.489,-8891203.09,-5128618.494
19/09/2019 06:00,-8385436.699,-1701392.953,-9017382.653,-5201401.315
19/09/2019 07:00,-8672827.478,-1759704.126,-9326431.867,-5379666.899
19/09/2019 08:00,-9381950.134,-1903584.085,-10088995.65,-5819528.489
19/09/2019 09:00,-10142089.35,-2057815.231,-10906420.72,-6291035.134
19/09/2019 10:00,-10312142.82,-2092318.834,-11089289.82,-6396517.577
19/09/2019 11:00,-10395468.92,-2109225.577,-11178895.56,-6448203.907
19/09/2019 12:00,-10378463.57,-2105775.217,-11160608.65,-6437655.663
19/09/2019 13:00,-10514506.35,-2133378.099,-11306903.93,-6522041.618
19/09/2019 14:00,-10546816.4,-2139933.762,-11341648.94,-6542083.216
19/09/2019 15:00,-10495800.36,-2129582.682,-11286788.21,-6510438.484
19/09/2019 16:00,-10446484.96,-2119576.659,-11233756.29,-6479848.642
19/09/2019 17:00,-10514506.35,-2133378.099,-11306903.93,-6522041.618
19/09/2019 18:00,-10565522.39,-2143729.18,-11361764.65,-6553686.35
19/09/2019 19:00,-10565522.39,-2143729.18,-11361764.65,-6553686.35
19/09/2019 20:00,-10495800.36,-2129582.682,-11286788.21,-6510438.484
19/09/2019 21:00,-10614837.79,-2153735.204,-11414796.58,-6584276.195
19/09/2019 22:00,-10665853.83,-2164086.285,-11469657.31,-6615920.927
19/09/2019 23:00,-10024752.3,-2034007.714,-10780240.88,-6218252.153
20/09/2019 00:00,-9128570.57,-1852173.739,-9816520.816,-5662359.716
20/09/2019 01:00,-8672827.478,-1759704.126,-9326431.867,-5379666.899
20/09/2019 02:00,-8470463.432,-1718644.754,-9108817.198,-5254142.535
20/09/2019 03:00,-8368431.352,-1697942.593,-8999095.744,-5190853.071
20/09/2019 04:00,-8317415.312,-1687591.513,-8944235.017,-5159208.339
20/09/2019 05:00,-8268099.908,-1677585.489,-8891203.09,-5128618.494
20/09/2019 06:00,-8385436.699,-1701392.953,-9017382.653,-5201401.315
20/09/2019 07:00,-8672827.478,-1759704.126,-9326431.867,-5379666.899
20/09/2019 08:00,-9381950.134,-1903584.085,-10088995.65,-5819528.489
20/09/2019 09:00,-10142089.35,-2057815.231,-10906420.72,-6291035.134
20/09/2019 10:00,-10312142.82,-2092318.834,-11089289.82,-6396517.577
20/09/2019 11:00,-10395468.92,-2109225.577,-11178895.56,-6448203.907
20/09/2019 12:00,-10378463.57,-2105775.217,-11160608.65,-6437655.663
20/09/2019 13:00,-10514506.35,-2133378.099,-11306903.93,-6522041.618
20/09/2019 14:00,-10546816.4,-2139933.762,-11341648.94,-6542083.216
20/09/2019 15:00,-10495800.36,-2129582.682,-11286788.21,-6510438.484
20/09/2019 16:00,-10446484.96,-2119576.659,-11233756.29,-6479848.642
20/09/2019 17:00,-10514506.35,-2133378.099,-11306903.93,-6522041.618
20/09/2019 18:00,-10565522.39,-2143729.18,-11361764.65,-6553686.35
20/09/2019 19:00,-10565522.39,-2143729.18,-11361764.65,-6553686.35
20/09/2019 20:00,-10495800.36,-2129582.682,-11286788.21,-6510438.484
20/09/2019 21:00,-10614837.79,-2153735.204,-11414796.58,-6584276.195
20/09/2019 22:00,-10665853.83,-2164086.285,-11469657.31,-6615920.927
20/09/2019 23:00,-10024752.3,-2034007.714,-10780240.88,-6218252.153
21/09/2019 00:00,-9128570.57,-1852173.739,-9816520.816,-5662359.716
21/09/2019 01:00,-8672827.478,-1759704.126,-9326431.867,-5379666.899
21/09/2019 02:00,-8470463.432,-1718644.754,-9108817.198,-5254142.535
21/09/2019 03:00,-8368431.352,-1697942.593,-8999095.744,-5190853.071
21/09/2019 04:00,-8317415.312,-1687591.513,-8944235.017,-5159208.339
21/09/2019 05:00,-8268099.908,-1677585.489,-8891203.09,-5128618.494
21/09/2019 06:00,-8385436.699,-1701392.953,-9017382.653,-5201401.315
21/09/2019 07:00,-8672827.478,-1759704.126,-9326431.867,-5379666.899
21/09/2019 08:00,-9381950.134,-1903584.085,-10088995.65,-5819528.489
21/09/2019 09:00,-10142089.35,-2057815.231,-10906420.72,-6291035.134
21/09/2019 10:00,-10312142.82,-2092318.834,-11089289.82,-6396517.577
21/09/2019 11:00,-10395468.92,-2109225.577,-11178895.56,-6448203.907
21/09/2019 12:00,-10378463.57,-2105775.217,-11160608.65,-6437655.663
21/09/2019 13:00,-10514506.35,-2133378.099,-11306903.93,-6522041.618
21/09/2019 14:00,-10546816.4,-2139933.762,-11341648.94,-6542083.216
21/09/2019 15:00,-10495800.36,-2129582.682,-11286788.21,-6510438.484
21/09/2019 16:00,-10446484.96,-2119576.659,-11233756.29,-6479848.642
21/09/2019 17:00,-10514506.35,-2133378.099,-11306903.93,-6522041.618
21/09/2019 18:00,-10565522.39,-2143729.18,-11361764.65,-6553686.35
21/09/2019 19:00,-10565522.39,-2143729.18,-11361764.65,-6553686.35
21/09/2019 20:00,-10495800.36,-2129582.682,-11286788.21,-6510438.484
21/09/2019 21:00,-10614837.79,-2153735.204,-11414796.58,-6584276.195
21/09/2019 22:00,-10665853.83,-2164086.285,-11469657.31,-6615920.927
21/09/2019 23:00,-10024752.3,-2034007.714,-10780240.88,-6218252.153
22/09/2019 00:00,-9128570.57,-1852173.739,-9816520.816,-5662359.716
22/09/2019 01:00,-8672827.478,-1759704.126,-9326431.867,-5379666.899
22/09/2019 02:00,-8470463.432,-1718644.754,-9108817.198,-5254142.535
22/09/2019 03:00,-8368431.352,-1697942.593,-8999095.744,-5190853.071
22/09/2019 04:00,-8317415.312,-1687591.513,-8944235.017,-5159208.339
22/09/2019 05:00,-8268099.908,-1677585.489,-8891203.09,-5128618.494
22/09/2019 06:00,-8385436.699,-1701392.953,-9017382.653,-5201401.315
22/09/2019 07:00,-8672827.478,-1759704.126,-9326431.867,-5379666.899
22/09/2019 08:00,-9381950.134,-1903584.085,-10088995.65,-5819528.489
22/09/2019 09:00,-10142089.35,-2057815.231,-10906420.72,-6291035.134
22/09/2019 10:00,-10312142.82,-2092318.834,-11089289.82,-6396517.577
22/09/2019 11:00,-10395468.92,-2109225.577,-11178895.56,-6448203.907
22/09/2019 12:00,-10378463.57,-2105775.217,-11160608.65,-6437655.663
22/09/2019 13:00,-10514506.35,-2133378.099,-11306903.93,-6522041.618
22/09/2019 14:00,-10546816.4,-2139933.762,-11341648.94,-6542083.216
22/09/2019 15:00,-10495800.36,-2129582.682,-11286788.21,-6510438.484
22/09/2019 16:00,-10446484.96,-2119576.659,-11233756.29,-6479848.642
22/09/2019 17:00,-10514506.35,-2133378.099,-11306903.93,-6522041.618
22/09/2019 18:00,-10565522.39,-2143729.18,-11361764.65,-6553686.35
22/09/2019 19:00,-10565522.39,-2143729.18,-11361764.65,-6553686.35
22/09/2019 20:00,-10495800.36,-2129582.682,-11286788.21,-6510438.484
22/09/2019 21:00,-10614837.79,-2153735.204,-11414796.58,-6584276.195
22/09/2019 22:00,-10665853.83,-2164086.285,-11469657.31,-6615920.927
22/09/2019 23:00,-10024752.3,-2034007.714,-10780240.88,-6218252.153
23/09/2019 00:00,-9128570.57,-1852173.739,-9816520.816,-5662359.716
23/09/2019 01:00,-8672827.478,-1759704.126,-9326431.867,-5379666.899
23/09/2019 02:00,-8470463.432,-1718644.754,-9108817.198,-5254142.535
23/09/2019 03:00,-8368431.352,-1697942.593,-8999095.744,-5190853.071
23/09/2019 04:00,-8317415.312,-1687591.513,-8944235.017,-5159208.339
23/09/2019 05:00,-8268099.908,-1677585.489,-8891203.09,-5128618.494
23/09/2019 06:00,-8385436.699,-1701392.953,-9017382.653,-5201401.315
23/09/2019 07:00,-8672827.478,-1759704.126,-9326431.867,-5379666.899
23/09/2019 08:00,-9381950.134,-1903584.085,-10088995.65,-5819528.489
23/09/2019 09:00,-10142089.35,-2057815.231,-10906420.72,-6291035.134
23/09/2019 10:00,-10312142.82,-2092318.834,-11089289.82,-6396517.577
23/09/2019 11:00,-10395468.92,-2109225.577,-11178895.56,-6448203.907
23/09/2019 12:00,-10378463.57,-2105775.217,-11160608.65,-6437655.663
23/09/2019 13:00,-10514506.35,-2133378.099,-11306903.93,-6522041.618
23/09/2019 14:00,-10546816.4,-2139933.762,-11341648.94,-6542083.216
23/09/2019 15:00,-10495800.36,-2129582.682,-11286788.21,-6510438.484
23/09/2019 16:00,-10446484.96,-2119576.659,-11233756.29,-6479848.642
23/09/2019 17:00,-10514506.35,-2133378.099,-11306903.93,-6522041.618
23/09/2019 18:00,-10565522.39,-2143729.18,-11361764.65,-6553686.35
23/09/2019 19:00,-10565522.39,-2143729.18,-11361764.65,-6553686.35
23/09/2019 20:00,-10495800.36,-2129582.682,-11286788.21,-6510438.484
23/09/2019 21:00,-10614837.79,-2153735.204,-11414796.58,-6584276.195
23/09/2019 22:00,-10665853.83,-2164086.285,-11469657.31,-6615920.927
23/09/2019 23:00,-10024752.3,-2034007.714,-10780240.88,-6218252.153
24/09/2019 00:00,-11043387.29,-2240687.276,-11875642.56,-6850101.101
24/09/2019 01:00,-10186845.17,-2066896.122,-10954549.44,-6318796.714
24/09/2019 02:00,-10016684.03,-2032370.673,-10771564.56,-6213247.485
24/09/2019 03:00,-9863730.09,-2001336.54,-10607083.66,-6118371.708
24/09/2019 04:00,-9693568.949,-1966811.091,-10424098.78,-6012822.478
24/09/2019 05:00,-9636211.222,-1955173.291,-10362418.44,-5977244.062
24/09/2019 06:00,-9750926.675,-1978448.891,-10485779.12,-6048400.894
24/09/2019 07:00,-10186845.17,-2066896.122,-10954549.44,-6318796.714
24/09/2019 08:00,-10794836.85,-2190256.752,-11608360.79,-6695927.784
24/09/2019 09:00,-11745063.43,-2383056.348,-12630198.65,-7285343.694
24/09/2019 10:00,-12561455.03,-2548701.02,-13508115.41,-7791743.118
24/09/2019 11:00,-12959135.33,-2629389.776,-13935765.81,-8038420.173
24/09/2019 12:00,-12997373.81,-2637148.31,-13976886.04,-8062139.118
24/09/2019 13:00,-13054731.54,-2648786.109,-14038566.38,-8097717.534
24/09/2019 14:00,-12712497.22,-2579347.261,-13670540.49,-7885433.056
24/09/2019 15:00,-12465858.81,-2529304.686,-13405314.84,-7732445.755
24/09/2019 16:00,-12372174.64,-2510296.304,-13304570.41,-7674334.415
24/09/2019 17:00,-12295697.67,-2494779.238,-13222329.96,-7626896.528
24/09/2019 18:00,-12333936.16,-2502537.771,-13263450.18,-7650615.47
24/09/2019 19:00,-12618812.75,-2560338.82,-13569795.74,-7827321.534
24/09/2019 20:00,-13245923.96,-2687578.775,-14244167.51,-8216312.255
24/09/2019 21:00,-13643604.27,-2768267.532,-14671817.92,-8462989.312
24/09/2019 22:00,-13054731.54,-2648786.109,-14038566.38,-8097717.534
24/09/2019 23:00,-12599693.51,-2556459.553,-13549235.63,-7815462.061
25/09/2019 00:00,-11043387.29,-2240687.276,-11875642.56,-6850101.101
25/09/2019 01:00,-10186845.17,-2066896.122,-10954549.44,-6318796.714
25/09/2019 02:00,-10016684.03,-2032370.673,-10771564.56,-6213247.485
25/09/2019 03:00,-9863730.09,-2001336.54,-10607083.66,-6118371.708
25/09/2019 04:00,-9693568.949,-1966811.091,-10424098.78,-6012822.478
25/09/2019 05:00,-9636211.222,-1955173.291,-10362418.44,-5977244.062
25/09/2019 06:00,-9750926.675,-1978448.891,-10485779.12,-6048400.894
25/09/2019 07:00,-10186845.17,-2066896.122,-10954549.44,-6318796.714
25/09/2019 08:00,-10794836.85,-2190256.752,-11608360.79,-6695927.784
25/09/2019 09:00,-11745063.43,-2383056.348,-12630198.65,-7285343.694
25/09/2019 10:00,-12561455.03,-2548701.02,-13508115.41,-7791743.118
25/09/2019 11:00,-12959135.33,-2629389.776,-13935765.81,-8038420.173
25/09/2019 12:00,-12997373.81,-2637148.31,-13976886.04,-8062139.118
25/09/2019 13:00,-13054731.54,-2648786.109,-14038566.38,-8097717.534
25/09/2019 14:00,-12712497.22,-2579347.261,-13670540.49,-7885433.056
25/09/2019 15:00,-12465858.81,-2529304.686,-13405314.84,-7732445.755
25/09/2019 16:00,-12372174.64,-2510296.304,-13304570.41,-7674334.415
25/09/2019 17:00,-12295697.67,-2494779.238,-13222329.96,-7626896.528
25/09/2019 18:00,-12333936.16,-2502537.771,-13263450.18,-7650615.47
25/09/2019 19:00,-12618812.75,-2560338.82,-13569795.74,-7827321.534
25/09/2019 20:00,-13245923.96,-2687578.775,-14244167.51,-8216312.255
25/09/2019 21:00,-13643604.27,-2768267.532,-14671817.92,-8462989.312
25/09/2019 22:00,-13054731.54,-2648786.109,-14038566.38,-8097717.534
25/09/2019 23:00,-12599693.51,-2556459.553,-13549235.63,-7815462.061
26/09/2019 00:00,-11043387.29,-2240687.276,-11875642.56,-6850101.101
26/09/2019 01:00,-10186845.17,-2066896.122,-10954549.44,-6318796.714
26/09/2019 02:00,-10016684.03,-2032370.673,-10771564.56,-6213247.485
26/09/2019 03:00,-9863730.09,-2001336.54,-10607083.66,-6118371.708
26/09/2019 04:00,-9693568.949,-1966811.091,-10424098.78,-6012822.478
26/09/2019 05:00,-9636211.222,-1955173.291,-10362418.44,-5977244.062
26/09/2019 06:00,-9750926.675,-1978448.891,-10485779.12,-6048400.894
26/09/2019 07:00,-10186845.17,-2066896.122,-10954549.44,-6318796.714
26/09/2019 08:00,-10794836.85,-2190256.752,-11608360.79,-6695927.784
26/09/2019 09:00,-11745063.43,-2383056.348,-12630198.65,-7285343.694
26/09/2019 10:00,-12561455.03,-2548701.02,-13508115.41,-7791743.118
26/09/2019 11:00,-12959135.33,-2629389.776,-13935765.81,-8038420.173
26/09/2019 12:00,-12997373.81,-2637148.31,-13976886.04,-8062139.118
26/09/2019 13:00,-13054731.54,-2648786.109,-14038566.38,-8097717.534
26/09/2019 14:00,-12712497.22,-2579347.261,-13670540.49,-7885433.056
26/09/2019 15:00,-12465858.81,-2529304.686,-13405314.84,-7732445.755
26/09/2019 16:00,-12372174.64,-2510296.304,-13304570.41,-7674334.415
26/09/2019 17:00,-12295697.67,-2494779.238,-13222329.96,-7626896.528
26/09/2019 18:00,-12333936.16,-2502537.771,-13263450.18,-7650615.47
26/09/2019 19:00,-12618812.75,-2560338.82,-13569795.74,-7827321.534
26/09/2019 20:00,-13245923.96,-2687578.775,-14244167.51,-8216312.255
26/09/2019 21:00,-13643604.27,-2768267.532,-14671817.92,-8462989.312
26/09/2019 22:00,-13054731.54,-2648786.109,-14038566.38,-8097717.534
26/09/2019 23:00,-12599693.51,-2556459.553,-13549235.63,-7815462.061
27/09/2019 00:00,-11043387.29,-2240687.276,-11875642.56,-6850101.101
27/09/2019 01:00,-10186845.17,-2066896.122,-10954549.44,-6318796.714
27/09/2019 02:00,-10016684.03,-2032370.673,-10771564.56,-6213247.485
27/09/2019 03:00,-9863730.09,-2001336.54,-10607083.66,-6118371.708
27/09/2019 04:00,-9693568.949,-1966811.091,-10424098.78,-6012822.478
27/09/2019 05:00,-9636211.222,-1955173.291,-10362418.44,-5977244.062
27/09/2019 06:00,-9750926.675,-1978448.891,-10485779.12,-6048400.894
27/09/2019 07:00,-10186845.17,-2066896.122,-10954549.44,-6318796.714
27/09/2019 08:00,-10794836.85,-2190256.752,-11608360.79,-6695927.784
27/09/2019 09:00,-11745063.43,-2383056.348,-12630198.65,-7285343.694
27/09/2019 10:00,-12561455.03,-2548701.02,-13508115.41,-7791743.118
27/09/2019 11:00,-12959135.33,-2629389.776,-13935765.81,-8038420.173
27/09/2019 12:00,-12997373.81,-2637148.31,-13976886.04,-8062139.118
27/09/2019 13:00,-13054731.54,-2648786.109,-14038566.38,-8097717.534
27/09/2019 14:00,-12712497.22,-2579347.261,-13670540.49,-7885433.056
27/09/2019 15:00,-12465858.81,-2529304.686,-13405314.84,-7732445.755
27/09/2019 16:00,-12372174.64,-2510296.304,-13304570.41,-7674334.415
27/09/2019 17:00,-12295697.67,-2494779.238,-13222329.96,-7626896.528
27/09/2019 18:00,-12333936.16,-2502537.771,-13263450.18,-7650615.47
27/09/2019 19:00,-12618812.75,-2560338.82,-13569795.74,-7827321.534
27/09/2019 20:00,-13245923.96,-2687578.775,-14244167.51,-8216312.255
27/09/2019 21:00,-13643604.27,-2768267.532,-14671817.92,-8462989.312
27/09/2019 22:00,-13054731.54,-2648786.109,-14038566.38,-8097717.534
27/09/2019 23:00,-12599693.51,-2556459.553,-13549235.63,-7815462.061
28/09/2019 00:00,-11043387.29,-2240687.276,-11875642.56,-6850101.101
28/09/2019 01:00,-10186845.17,-2066896.122,-10954549.44,-6318796.714
28/09/2019 02:00,-10016684.03,-2032370.673,-10771564.56,-6213247.485
28/09/2019 03:00,-9863730.09,-2001336.54,-10607083.66,-6118371.708
28/09/2019 04:00,-9693568.949,-1966811.091,-10424098.78,-6012822.478
28/09/2019 05:00,-9636211.222,-1955173.291,-10362418.44,-5977244.062
28/09/2019 06:00,-9750926.675,-1978448.891,-10485779.12,-6048400.894
28/09/2019 07:00,-10186845.17,-2066896.122,-10954549.44,-6318796.714
28/09/2019 08:00,-10794836.85,-2190256.752,-11608360.79,-6695927.784
28/09/2019 09:00,-11745063.43,-2383056.348,-12630198.65,-7285343.694
28/09/2019 10:00,-12561455.03,-2548701.02,-13508115.41,-7791743.118
28/09/2019 11:00,-12959135.33,-2629389.776,-13935765.81,-8038420.173
28/09/2019 12:00,-12997373.81,-2637148.31,-13976886.04,-8062139.118
28/09/2019 13:00,-13054731.54,-2648786.109,-14038566.38,-8097717.534
28/09/2019 14:00,-12712497.22,-2579347.261,-13670540.49,-7885433.056
28/09/2019 15:00,-12465858.81,-2529304.686,-13405314.84,-7732445.755
28/09/2019 16:00,-12372174.64,-2510296.304,-13304570.41,-7674334.415
28/09/2019 17:00,-12295697.67,-2494779.238,-13222329.96,-7626896.528
28/09/2019 18:00,-12333936.16,-2502537.771,-13263450.18,-7650615.47
28/09/2019 19:00,-12618812.75,-2560338.82,-13569795.74,-7827321.534
28/09/2019 20:00,-13245923.96,-2687578.775,-14244167.51,-8216312.255
28/09/2019 21:00,-13643604.27,-2768267.532,-14671817.92,-8462989.312
28/09/2019 22:00,-13054731.54,-2648786.109,-14038566.38,-8097717.534
28/09/2019 23:00,-12599693.51,-2556459.553,-13549235.63,-7815462.061
29/09/2019 00:00,-11043387.29,-2240687.276,-11875642.56,-6850101.101
29/09/2019 01:00,-10186845.17,-2066896.122,-10954549.44,-6318796.714
29/09/2019 02:00,-10016684.03,-2032370.673,-10771564.56,-6213247.485
29/09/2019 03:00,-9863730.09,-2001336.54,-10607083.66,-6118371.708
29/09/2019 04:00,-9693568.949,-1966811.091,-10424098.78,-6012822.478
29/09/2019 05:00,-9636211.222,-1955173.291,-10362418.44,-5977244.062
29/09/2019 06:00,-9750926.675,-1978448.891,-10485779.12,-6048400.894
29/09/2019 07:00,-10186845.17,-2066896.122,-10954549.44,-6318796.714
29/09/2019 08:00,-10794836.85,-2190256.752,-11608360.79,-6695927.784
29/09/2019 09:00,-11745063.43,-2383056.348,-12630198.65,-7285343.694
29/09/2019 10:00,-12561455.03,-2548701.02,-13508115.41,-7791743.118
29/09/2019 11:00,-12959135.33,-2629389.776,-13935765.81,-8038420.173
29/09/2019 12:00,-12997373.81,-2637148.31,-13976886.04,-8062139.118
29/09/2019 13:00,-13054731.54,-2648786.109,-14038566.38,-8097717.534
29/09/2019 14:00,-12712497.22,-2579347.261,-13670540.49,-7885433.056
29/09/2019 15:00,-12465858.81,-2529304.686,-13405314.84,-7732445.755
29/09/2019 16:00,-12372174.64,-2510296.304,-13304570.41,-7674334.415
29/09/2019 17:00,-12295697.67,-2494779.238,-13222329.96,-7626896.528
29/09/2019 18:00,-12333936.16,-2502537.771,-13263450.18,-7650615.47
29/09/2019 19:00,-12618812.75,-2560338.82,-13569795.74,-7827321.534
29/09/2019 20:00,-13245923.96,-2687578.775,-14244167.51,-8216312.255
29/09/2019 21:00,-13643604.27,-2768267.532,-14671817.92,-8462989.312
29/09/2019 22:00,-13054731.54,-2648786.109,-14038566.38,-8097717.534
29/09/2019 23:00,-12599693.51,-2556459.553,-13549235.63,-7815462.061
30/09/2019 00:00,-11043387.29,-2240687.276,-11875642.56,-6850101.101
30/09/2019 01:00,-10186845.17,-2066896.122,-10954549.44,-6318796.714
30/09/2019 02:00,-10016684.03,-2032370.673,-10771564.56,-6213247.485
30/09/2019 03:00,-9863730.09,-2001336.54,-10607083.66,-6118371.708
30/09/2019 04:00,-9693568.949,-1966811.091,-10424098.78,-6012822.478
30/09/2019 05:00,-9636211.222,-1955173.291,-10362418.44,-5977244.062
30/09/2019 06:00,-9750926.675,-1978448.891,-10485779.12,-6048400.894
30/09/2019 07:00,-10186845.17,-2066896.122,-10954549.44,-6318796.714
30/09/2019 08:00,-10794836.85,-2190256.752,-11608360.79,-6695927.784
30/09/2019 09:00,-11745063.43,-2383056.348,-12630198.65,-7285343.694
30/09/2019 10:00,-12561455.03,-2548701.02,-13508115.41,-7791743.118
30/09/2019 11:00,-12959135.33,-2629389.776,-13935765.81,-8038420.173
30/09/2019 12:00,-12997373.81,-2637148.31,-13976886.04,-8062139.118
30/09/2019 13:00,-13054731.54,-2648786.109,-14038566.38,-8097717.534
30/09/2019 14:00,-12712497.22,-2579347.261,-13670540.49,-7885433.056
30/09/2019 15:00,-12465858.81,-2529304.686,-13405314.84,-7732445.755
30/09/2019 16:00,-12372174.64,-2510296.304,-13304570.41,-7674334.415
30/09/2019 17:00,-12295697.67,-2494779.238,-13222329.96,-7626896.528
30/09/2019 18:00,-12333936.16,-2502537.771,-13263450.18,-7650615.47
30/09/2019 19:00,-12618812.75,-2560338.82,-13569795.74,-7827321.534
30/09/2019 20:00,-13245923.96,-2687578.775,-14244167.51,-8216312.255
30/09/2019 21:00,-13643604.27,-2768267.532,-14671817.92,-8462989.312
30/09/2019 22:00,-13054731.54,-2648786.109,-14038566.38,-8097717.534
30/09/2019 23:00,-12599693.51,-2556459.553,-13549235.63,-7815462.061
01/10/2019 00:00,-10921301.48,-2215916.242,-11744356.08,-6774372.51
01/10/2019 01:00,-10074228.52,-2044046.367,-10833445.74,-6248941.749
01/10/2019 02:00,-9905948.53,-2009902.6,-10652483.78,-6144559.378
01/10/2019 03:00,-9754685.512,-1979211.553,-10489821.23,-6050732.463
01/10/2019 04:00,-9586405.521,-1945067.787,-10308859.27,-5946350.091
01/10/2019 05:00,-9529681.887,-1933558.644,-10247860.81,-5911164.997
01/10/2019 06:00,-9643129.152,-1956576.929,-10369857.73,-5981535.184
01/10/2019 07:00,-10074228.52,-2044046.367,-10833445.74,-6248941.749
01/10/2019 08:00,-10675498.79,-2166043.232,-11480029.13,-6621903.594
01/10/2019 09:00,-11615220.51,-2356711.409,-12490570.47,-7204803.45
01/10/2019 10:00,-12422586.81,-2520524.861,-13358781.76,-7705604.574
01/10/2019 11:00,-12815870.72,-2600321.595,-13781704.45,-7949554.589
01/10/2019 12:00,-12853686.47,-2607994.357,-13822370.09,-7973011.319
01/10/2019 13:00,-12910410.1,-2619503.499,-13883368.55,-8008196.412
01/10/2019 14:00,-12571959.22,-2550832.305,-13519411.22,-7798258.761
01/10/2019 15:00,-12328047.43,-2501342.956,-13257117.67,-7646962.751
01/10/2019 16:00,-12235398.95,-2482544.714,-13157486.98,-7589493.839
01/10/2019 17:00,-12159767.43,-2467199.19,-13076155.71,-7542580.38
01/10/2019 18:00,-12197583.19,-2474871.951,-13116821.34,-7566037.108
01/10/2019 19:00,-12479310.44,-2532034.003,-13419780.22,-7740789.667
01/10/2019 20:00,-13099488.87,-2657867.308,-14086696.73,-8125480.056
01/10/2019 21:00,-13492772.78,-2737664.042,-14509619.42,-8369430.072
01/10/2019 22:00,-12910410.1,-2619503.499,-13883368.55,-8008196.412
01/10/2019 23:00,-12460402.57,-2528197.622,-13399447.4,-7729061.302
02/10/2019 00:00,-10921301.48,-2215916.242,-11744356.08,-6774372.51
02/10/2019 01:00,-10074228.52,-2044046.367,-10833445.74,-6248941.749
02/10/2019 02:00,-9905948.53,-2009902.6,-10652483.78,-6144559.378
02/10/2019 03:00,-9754685.512,-1979211.553,-10489821.23,-6050732.463
02/10/2019 04:00,-9586405.521,-1945067.787,-10308859.27,-5946350.091
02/10/2019 05:00,-9529681.887,-1933558.644,-10247860.81,-5911164.997
02/10/2019 06:00,-9643129.152,-1956576.929,-10369857.73,-5981535.184
02/10/2019 07:00,-10074228.52,-2044046.367,-10833445.74,-6248941.749
02/10/2019 08:00,-10675498.79,-2166043.232,-11480029.13,-6621903.594
02/10/2019 09:00,-11615220.51,-2356711.409,-12490570.47,-7204803.45
02/10/2019 10:00,-12422586.81,-2520524.861,-13358781.76,-7705604.574
02/10/2019 11:00,-12815870.72,-2600321.595,-13781704.45,-7949554.589
02/10/2019 12:00,-12853686.47,-2607994.357,-13822370.09,-7973011.319
02/10/2019 13:00,-12910410.1,-2619503.499,-13883368.55,-8008196.412
02/10/2019 14:00,-12571959.22,-2550832.305,-13519411.22,-7798258.761
02/10/2019 15:00,-12328047.43,-2501342.956,-13257117.67,-7646962.751
02/10/2019 16:00,-12235398.95,-2482544.714,-13157486.98,-7589493.839
02/10/2019 17:00,-12159767.43,-2467199.19,-13076155.71,-7542580.38
02/10/2019 18:00,-12197583.19,-2474871.951,-13116821.34,-7566037.108
02/10/2019 19:00,-12479310.44,-2532034.003,-13419780.22,-7740789.667
02/10/2019 20:00,-13099488.87,-2657867.308,-14086696.73,-8125480.056
02/10/2019 21:00,-13492772.78,-2737664.042,-14509619.42,-8369430.072
02/10/2019 22:00,-12910410.1,-2619503.499,-13883368.55,-8008196.412
02/10/2019 23:00,-12460402.57,-2528197.622,-13399447.4,-7729061.302
03/10/2019 00:00,-10921301.48,-2215916.242,-11744356.08,-6774372.51
03/10/2019 01:00,-10074228.52,-2044046.367,-10833445.74,-6248941.749
03/10/2019 02:00,-9905948.53,-2009902.6,-10652483.78,-6144559.378
03/10/2019 03:00,-9754685.512,-1979211.553,-10489821.23,-6050732.463
03/10/2019 04:00,-9586405.521,-1945067.787,-10308859.27,-5946350.091
03/10/2019 05:00,-9529681.887,-1933558.644,-10247860.81,-5911164.997
03/10/2019 06:00,-9643129.152,-1956576.929,-10369857.73,-5981535.184
03/10/2019 07:00,-10074228.52,-2044046.367,-10833445.74,-6248941.749
03/10/2019 08:00,-10675498.79,-2166043.232,-11480029.13,-6621903.594
03/10/2019 09:00,-11615220.51,-2356711.409,-12490570.47,-7204803.45
03/10/2019 10:00,-12422586.81,-2520524.861,-13358781.76,-7705604.574
03/10/2019 11:00,-12815870.72,-2600321.595,-13781704.45,-7949554.589
03/10/2019 12:00,-12853686.47,-2607994.357,-13822370.09,-7973011.319
03/10/2019 13:00,-12910410.1,-2619503.499,-13883368.55,-8008196.412
03/10/2019 14:00,-12571959.22,-2550832.305,-13519411.22,-7798258.761
03/10/2019 15:00,-12328047.43,-2501342.956,-13257117.67,-7646962.751
03/10/2019 16:00,-12235398.95,-2482544.714,-13157486.98,-7589493.839
03/10/2019 17:00,-12159767.43,-2467199.19,-13076155.71,-7542580.38
03/10/2019 18:00,-12197583.19,-2474871.951,-13116821.34,-7566037.108
03/10/2019 19:00,-12479310.44,-2532034.003,-13419780.22,-7740789.667
03/10/2019 20:00,-13099488.87,-2657867.308,-14086696.73,-8125480.056
03/10/2019 21:00,-13492772.78,-2737664.042,-14509619.42,-8369430.072
03/10/2019 22:00,-12910410.1,-2619503.499,-13883368.55,-8008196.412
03/10/2019 23:00,-12460402.57,-2528197.622,-13399447.4,-7729061.302
04/10/2019 00:00,-10921301.48,-2215916.242,-11744356.08,-6774372.51
04/10/2019 01:00,-10074228.52,-2044046.367,-10833445.74,-6248941.749
04/10/2019 02:00,-9905948.53,-2009902.6,-10652483.78,-6144559.378
04/10/2019 03:00,-9754685.512,-1979211.553,-10489821.23,-6050732.463
04/10/2019 04:00,-9586405.521,-1945067.787,-10308859.27,-5946350.091
04/10/2019 05:00,-9529681.887,-1933558.644,-10247860.81,-5911164.997
04/10/2019 06:00,-9643129.152,-1956576.929,-10369857.73,-5981535.184
04/10/2019 07:00,-10074228.52,-2044046.367,-10833445.74,-6248941.749
04/10/2019 08:00,-10675498.79,-2166043.232,-11480029.13,-6621903.594
04/10/2019 09:00,-11615220.51,-2356711.409,-12490570.47,-7204803.45
04/10/2019 10:00,-12422586.81,-2520524.861,-13358781.76,-7705604.574
04/10/2019 11:00,-12815870.72,-2600321.595,-13781704.45,-7949554.589
04/10/2019 12:00,-12853686.47,-2607994.357,-13822370.09,-7973011.319
04/10/2019 13:00,-12910410.1,-2619503.499,-13883368.55,-8008196.412
04/10/2019 14:00,-12571959.22,-2550832.305,-13519411.22,-7798258.761
04/10/2019 15:00,-12328047.43,-2501342.956,-13257117.67,-7646962.751
04/10/2019 16:00,-12235398.95,-2482544.714,-13157486.98,-7589493.839
04/10/2019 17:00,-12159767.43,-2467199.19,-13076155.71,-7542580.38
04/10/2019 18:00,-12197583.19,-2474871.951,-13116821.34,-7566037.108
04/10/2019 19:00,-12479310.44,-2532034.003,-13419780.22,-7740789.667
04/10/2019 20:00,-13099488.87,-2657867.308,-14086696.73,-8125480.056
04/10/2019 21:00,-13492772.78,-2737664.042,-14509619.42,-8369430.072
04/10/2019 22:00,-12910410.1,-2619503.499,-13883368.55,-8008196.412
04/10/2019 23:00,-12460402.57,-2528197.622,-13399447.4,-7729061.302
05/10/2019 00:00,-10921301.48,-2215916.242,-11744356.08,-6774372.51
05/10/2019 01:00,-10074228.52,-2044046.367,-10833445.74,-6248941.749
05/10/2019 02:00,-9905948.53,-2009902.6,-10652483.78,-6144559.378
05/10/2019 03:00,-9754685.512,-1979211.553,-10489821.23,-6050732.463
05/10/2019 04:00,-9586405.521,-1945067.787,-10308859.27,-5946350.091
05/10/2019 05:00,-9529681.887,-1933558.644,-10247860.81,-5911164.997
05/10/2019 06:00,-9643129.152,-1956576.929,-10369857.73,-5981535.184
05/10/2019 07:00,-10074228.52,-2044046.367,-10833445.74,-6248941.749
05/10/2019 08:00,-10675498.79,-2166043.232,-11480029.13,-6621903.594
05/10/2019 09:00,-11615220.51,-2356711.409,-12490570.47,-7204803.45
05/10/2019 10:00,-12422586.81,-2520524.861,-13358781.76,-7705604.574
05/10/2019 11:00,-12815870.72,-2600321.595,-13781704.45,-7949554.589
05/10/2019 12:00,-12853686.47,-2607994.357,-13822370.09,-7973011.319
05/10/2019 13:00,-12910410.1,-2619503.499,-13883368.55,-8008196.412
05/10/2019 14:00,-12571959.22,-2550832.305,-13519411.22,-7798258.761
05/10/2019 15:00,-12328047.43,-2501342.956,-13257117.67,-7646962.751
05/10/2019 16:00,-12235398.95,-2482544.714,-13157486.98,-7589493.839
05/10/2019 17:00,-12159767.43,-2467199.19,-13076155.71,-7542580.38
05/10/2019 18:00,-12197583.19,-2474871.951,-13116821.34,-7566037.108
05/10/2019 19:00,-12479310.44,-2532034.003,-13419780.22,-7740789.667
05/10/2019 20:00,-13099488.87,-2657867.308,-14086696.73,-8125480.056
05/10/2019 21:00,-13492772.78,-2737664.042,-14509619.42,-8369430.072
05/10/2019 22:00,-12910410.1,-2619503.499,-13883368.55,-8008196.412
05/10/2019 23:00,-12460402.57,-2528197.622,-13399447.4,-7729061.302
06/10/2019 00:00,-10921301.48,-2215916.242,-11744356.08,-6774372.51
06/10/2019 01:00,-10074228.52,-2044046.367,-10833445.74,-6248941.749
06/10/2019 02:00,-9905948.53,-2009902.6,-10652483.78,-6144559.378
06/10/2019 03:00,-9754685.512,-1979211.553,-10489821.23,-6050732.463
06/10/2019 04:00,-9586405.521,-1945067.787,-10308859.27,-5946350.091
06/10/2019 05:00,-9529681.887,-1933558.644,-10247860.81,-5911164.997
06/10/2019 06:00,-9643129.152,-1956576.929,-10369857.73,-5981535.184
06/10/2019 07:00,-10074228.52,-2044046.367,-10833445.74,-6248941.749
06/10/2019 08:00,-10675498.79,-2166043.232,-11480029.13,-6621903.594
06/10/2019 09:00,-11615220.51,-2356711.409,-12490570.47,-7204803.45
06/10/2019 10:00,-12422586.81,-2520524.861,-13358781.76,-7705604.574
06/10/2019 11:00,-12815870.72,-2600321.595,-13781704.45,-7949554.589
06/10/2019 12:00,-12853686.47,-2607994.357,-13822370.09,-7973011.319
06/10/2019 13:00,-12910410.1,-2619503.499,-13883368.55,-8008196.412
06/10/2019 14:00,-12571959.22,-2550832.305,-13519411.22,-7798258.761
06/10/2019 15:00,-12328047.43,-2501342.956,-13257117.67,-7646962.751
06/10/2019 16:00,-12235398.95,-2482544.714,-13157486.98,-7589493.839
06/10/2019 17:00,-12159767.43,-2467199.19,-13076155.71,-7542580.38
06/10/2019 18:00,-12197583.19,-2474871.951,-13116821.34,-7566037.108
06/10/2019 19:00,-12479310.44,-2532034.003,-13419780.22,-7740789.667
06/10/2019 20:00,-13099488.87,-2657867.308,-14086696.73,-8125480.056
06/10/2019 21:00,-13492772.78,-2737664.042,-14509619.42,-8369430.072
06/10/2019 22:00,-12910410.1,-2619503.499,-13883368.55,-8008196.412
06/10/2019 23:00,-12460402.57,-2528197.622,-13399447.4,-7729061.302
07/10/2019 00:00,-10921301.48,-2215916.242,-11744356.08,-6774372.51
07/10/2019 01:00,-10074228.52,-2044046.367,-10833445.74,-6248941.749
07/10/2019 02:00,-9905948.53,-2009902.6,-10652483.78,-6144559.378
07/10/2019 03:00,-9754685.512,-1979211.553,-10489821.23,-6050732.463
07/10/2019 04:00,-9586405.521,-1945067.787,-10308859.27,-5946350.091
07/10/2019 05:00,-9529681.887,-1933558.644,-10247860.81,-5911164.997
07/10/2019 06:00,-9643129.152,-1956576.929,-10369857.73,-5981535.184
07/10/2019 07:00,-10074228.52,-2044046.367,-10833445.74,-6248941.749
07/10/2019 08:00,-10675498.79,-2166043.232,-11480029.13,-6621903.594
07/10/2019 09:00,-11615220.51,-2356711.409,-12490570.47,-7204803.45
07/10/2019 10:00,-12422586.81,-2520524.861,-13358781.76,-7705604.574
07/10/2019 11:00,-12815870.72,-2600321.595,-13781704.45,-7949554.589
07/10/2019 12:00,-12853686.47,-2607994.357,-13822370.09,-7973011.319
07/10/2019 13:00,-12910410.1,-2619503.499,-13883368.55,-8008196.412
07/10/2019 14:00,-12571959.22,-2550832.305,-13519411.22,-7798258.761
07/10/2019 15:00,-12328047.43,-2501342.956,-13257117.67,-7646962.751
07/10/2019 16:00,-12235398.95,-2482544.714,-13157486.98,-7589493.839
07/10/2019 17:00,-12159767.43,-2467199.19,-13076155.71,-7542580.38
07/10/2019 18:00,-12197583.19,-2474871.951,-13116821.34,-7566037.108
07/10/2019 19:00,-12479310.44,-2532034.003,-13419780.22,-7740789.667
07/10/2019 20:00,-13099488.87,-2657867.308,-14086696.73,-8125480.056
07/10/2019 21:00,-13492772.78,-2737664.042,-14509619.42,-8369430.072
07/10/2019 22:00,-12910410.1,-2619503.499,-13883368.55,-8008196.412
07/10/2019 23:00,-12460402.57,-2528197.622,-13399447.4,-7729061.302
08/10/2019 00:00,-10801037.95,-2191514.947,-11615029.22,-6699774.267
08/10/2019 01:00,-9963292.822,-2021537.674,-10714149.67,-6180129.461
08/10/2019 02:00,-9796865.899,-1987769.893,-10535180.43,-6076896.529
08/10/2019 03:00,-9647268.565,-1957416.81,-10374309.09,-5984102.82
08/10/2019 04:00,-9480841.645,-1923649.029,-10195339.86,-5880869.89
08/10/2019 05:00,-9424742.644,-1912266.623,-10135013.1,-5846072.249
08/10/2019 06:00,-9536940.646,-1935031.435,-10255666.61,-5915667.531
08/10/2019 07:00,-9963292.822,-2021537.674,-10714149.67,-6180129.461
08/10/2019 08:00,-10557942.0,-2142191.13,-11353612.99,-6548984.312
08/10/2019 09:00,-11487315.67,-2330759.701,-12353026.42,-7125465.372
08/10/2019 10:00,-12285791.39,-2492769.267,-13211677.12,-7620751.759
08/10/2019 11:00,-12674744.52,-2571687.293,-13629942.65,-7862015.439
08/10/2019 12:00,-12712143.85,-2579275.564,-13670160.49,-7885213.867
08/10/2019 13:00,-12768242.85,-2590657.97,-13730487.24,-7920011.508
08/10/2019 14:00,-12433518.93,-2522742.971,-13370537.75,-7712385.654
08/10/2019 15:00,-12192293.06,-2473798.591,-13111132.53,-7562755.692
08/10/2019 16:00,-12100664.8,-2455207.351,-13012598.96,-7505919.616
08/10/2019 17:00,-12025866.14,-2440030.81,-12932163.29,-7459522.762
08/10/2019 18:00,-12063265.47,-2447619.08,-12972381.13,-7482721.188
08/10/2019 19:00,-12341890.39,-2504151.673,-13272003.87,-7655549.401
08/10/2019 20:00,-12955239.52,-2628599.323,-13931576.41,-8036003.645
08/10/2019 21:00,-13344192.65,-2707517.349,-14349841.95,-8277267.324
08/10/2019 22:00,-12768242.85,-2590657.97,-13730487.24,-7920011.508
08/10/2019 23:00,-12323190.72,-2500357.538,-13251894.95,-7643950.188
09/10/2019 00:00,-10801037.95,-2191514.947,-11615029.22,-6699774.267
09/10/2019 01:00,-9963292.822,-2021537.674,-10714149.67,-6180129.461
09/10/2019 02:00,-9796865.899,-1987769.893,-10535180.43,-6076896.529
09/10/2019 03:00,-9647268.565,-1957416.81,-10374309.09,-5984102.82
09/10/2019 04:00,-9480841.645,-1923649.029,-10195339.86,-5880869.89
09/10/2019 05:00,-9424742.644,-1912266.623,-10135013.1,-5846072.249
09/10/2019 06:00,-9536940.646,-1935031.435,-10255666.61,-5915667.531
09/10/2019 07:00,-9963292.822,-2021537.674,-10714149.67,-6180129.461
09/10/2019 08:00,-10557942.0,-2142191.13,-11353612.99,-6548984.312
09/10/2019 09:00,-11487315.67,-2330759.701,-12353026.42,-7125465.372
09/10/2019 10:00,-12285791.39,-2492769.267,-13211677.12,-7620751.759
09/10/2019 11:00,-12674744.52,-2571687.293,-13629942.65,-7862015.439
09/10/2019 12:00,-12712143.85,-2579275.564,-13670160.49,-7885213.867
09/10/2019 13:00,-12768242.85,-2590657.97,-13730487.24,-7920011.508
09/10/2019 14:00,-12433518.93,-2522742.971,-13370537.75,-7712385.654
09/10/2019 15:00,-12192293.06,-2473798.591,-13111132.53,-7562755.692
09/10/2019 16:00,-12100664.8,-2455207.351,-13012598.96,-7505919.616
09/10/2019 17:00,-12025866.14,-2440030.81,-12932163.29,-7459522.762
09/10/2019 18:00,-12063265.47,-2447619.08,-12972381.13,-7482721.188
09/10/2019 19:00,-12341890.39,-2504151.673,-13272003.87,-7655549.401
09/10/2019 20:00,-12955239.52,-2628599.323,-13931576.41,-8036003.645
09/10/2019 21:00,-13344192.65,-2707517.349,-14349841.95,-8277267.324
09/10/2019 22:00,-12768242.85,-2590657.97,-13730487.24,-7920011.508
09/10/2019 23:00,-12323190.72,-2500357.538,-13251894.95,-7643950.188
10/10/2019 00:00,-10801037.95,-2191514.947,-11615029.22,-6699774.267
10/10/2019 01:00,-9963292.822,-2021537.674,-10714149.67,-6180129.461
10/10/2019 02:00,-9796865.899,-1987769.893,-10535180.43,-6076896.529
10/10/2019 03:00,-9647268.565,-1957416.81,-10374309.09,-5984102.82
10/10/2019 04:00,-9480841.645,-1923649.029,-10195339.86,-5880869.89
10/10/2019 05:00,-9424742.644,-1912266.623,-10135013.1,-5846072.249
10/10/2019 06:00,-9536940.646,-1935031.435,-10255666.61,-5915667.531
10/10/2019 07:00,-9963292.822,-2021537.674,-10714149.67,-6180129.461
10/10/2019 08:00,-10557942.0,-2142191.13,-11353612.99,-6548984.312
10/10/2019 09:00,-11487315.67,-2330759.701,-12353026.42,-7125465.372
10/10/2019 10:00,-12285791.39,-2492769.267,-13211677.12,-7620751.759
10/10/2019 11:00,-12674744.52,-2571687.293,-13629942.65,-7862015.439
10/10/2019 12:00,-12712143.85,-2579275.564,-13670160.49,-7885213.867
10/10/2019 13:00,-12768242.85,-2590657.97,-13730487.24,-7920011.508
10/10/2019 14:00,-12433518.93,-2522742.971,-13370537.75,-7712385.654
10/10/2019 15:00,-12192293.06,-2473798.591,-13111132.53,-7562755.692
10/10/2019 16:00,-12100664.8,-2455207.351,-13012598.96,-7505919.616
10/10/2019 17:00,-12025866.14,-2440030.81,-12932163.29,-7459522.762
10/10/2019 18:00,-12063265.47,-2447619.08,-12972381.13,-7482721.188
10/10/2019 19:00,-12341890.39,-2504151.673,-13272003.87,-7655549.401
10/10/2019 20:00,-12955239.52,-2628599.323,-13931576.41,-8036003.645
10/10/2019 21:00,-13344192.65,-2707517.349,-14349841.95,-8277267.324
10/10/2019 22:00,-12768242.85,-2590657.97,-13730487.24,-7920011.508
10/10/2019 23:00,-12323190.72,-2500357.538,-13251894.95,-7643950.188
11/10/2019 00:00,-10801037.95,-2191514.947,-11615029.22,-6699774.267
11/10/2019 01:00,-9963292.822,-2021537.674,-10714149.67,-6180129.461
11/10/2019 02:00,-9796865.899,-1987769.893,-10535180.43,-6076896.529
11/10/2019 03:00,-9647268.565,-1957416.81,-10374309.09,-5984102.82
11/10/2019 04:00,-9480841.645,-1923649.029,-10195339.86,-5880869.89
11/10/2019 05:00,-9424742.644,-1912266.623,-10135013.1,-5846072.249
11/10/2019 06:00,-9536940.646,-1935031.435,-10255666.61,-5915667.531
11/10/2019 07:00,-9963292.822,-2021537.674,-10714149.67,-6180129.461
11/10/2019 08:00,-10557942.0,-2142191.13,-11353612.99,-6548984.312
11/10/2019 09:00,-11487315.67,-2330759.701,-12353026.42,-7125465.372
11/10/2019 10:00,-12285791.39,-2492769.267,-13211677.12,-7620751.759
11/10/2019 11:00,-12674744.52,-2571687.293,-13629942.65,-7862015.439
11/10/2019 12:00,-12712143.85,-2579275.564,-13670160.49,-7885213.867
11/10/2019 13:00,-12768242.85,-2590657.97,-13730487.24,-7920011.508
11/10/2019 14:00,-12433518.93,-2522742.971,-13370537.75,-7712385.654
11/10/2019 15:00,-12192293.06,-2473798.591,-13111132.53,-7562755.692
11/10/2019 16:00,-12100664.8,-2455207.351,-13012598.96,-7505919.616
11/10/2019 17:00,-12025866.14,-2440030.81,-12932163.29,-7459522.762
11/10/2019 18:00,-12063265.47,-2447619.08,-12972381.13,-7482721.188
11/10/2019 19:00,-12341890.39,-2504151.673,-13272003.87,-7655549.401
11/10/2019 20:00,-12955239.52,-2628599.323,-13931576.41,-8036003.645
11/10/2019 21:00,-13344192.65,-2707517.349,-14349841.95,-8277267.324
11/10/2019 22:00,-12768242.85,-2590657.97,-13730487.24,-7920011.508
11/10/2019 23:00,-12323190.72,-2500357.538,-13251894.95,-7643950.188
12/10/2019 00:00,-10801037.95,-2191514.947,-11615029.22,-6699774.267
12/10/2019 01:00,-9963292.822,-2021537.674,-10714149.67,-6180129.461
12/10/2019 02:00,-9796865.899,-1987769.893,-10535180.43,-6076896.529
12/10/2019 03:00,-9647268.565,-1957416.81,-10374309.09,-5984102.82
12/10/2019 04:00,-9480841.645,-1923649.029,-10195339.86,-5880869.89
12/10/2019 05:00,-9424742.644,-1912266.623,-10135013.1,-5846072.249
12/10/2019 06:00,-9536940.646,-1935031.435,-10255666.61,-5915667.531
12/10/2019 07:00,-9963292.822,-2021537.674,-10714149.67,-6180129.461
12/10/2019 08:00,-10557942.0,-2142191.13,-11353612.99,-6548984.312
12/10/2019 09:00,-11487315.67,-2330759.701,-12353026.42,-7125465.372
12/10/2019 10:00,-12285791.39,-2492769.267,-13211677.12,-7620751.759
12/10/2019 11:00,-12674744.52,-2571687.293,-13629942.65,-7862015.439
12/10/2019 12:00,-12712143.85,-2579275.564,-13670160.49,-7885213.867
12/10/2019 13:00,-12768242.85,-2590657.97,-13730487.24,-7920011.508
12/10/2019 14:00,-12433518.93,-2522742.971,-13370537.75,-7712385.654
12/10/2019 15:00,-12192293.06,-2473798.591,-13111132.53,-7562755.692
12/10/2019 16:00,-12100664.8,-2455207.351,-13012598.96,-7505919.616
12/10/2019 17:00,-12025866.14,-2440030.81,-12932163.29,-7459522.762
12/10/2019 18:00,-12063265.47,-2447619.08,-12972381.13,-7482721.188
12/10/2019 19:00,-12341890.39,-2504151.673,-13272003.87,-7655549.401
12/10/2019 20:00,-12955239.52,-2628599.323,-13931576.41,-8036003.645
12/10/2019 21:00,-13344192.65,-2707517.349,-14349841.95,-8277267.324
12/10/2019 22:00,-12768242.85,-2590657.97,-13730487.24,-7920011.508
12/10/2019 23:00,-12323190.72,-2500357.538,-13251894.95,-7643950.188
13/10/2019 00:00,-10801037.95,-2191514.947,-11615029.22,-6699774.267
13/10/2019 01:00,-9963292.822,-2021537.674,-10714149.67,-6180129.461
13/10/2019 02:00,-9796865.899,-1987769.893,-10535180.43,-6076896.529
13/10/2019 03:00,-9647268.565,-1957416.81,-10374309.09,-5984102.82
13/10/2019 04:00,-9480841.645,-1923649.029,-10195339.86,-5880869.89
13/10/2019 05:00,-9424742.644,-1912266.623,-10135013.1,-5846072.249
13/10/2019 06:00,-9536940.646,-1935031.435,-10255666.61,-5915667.531
13/10/2019 07:00,-9963292.822,-2021537.674,-10714149.67,-6180129.461
13/10/2019 08:00,-10557942.0,-2142191.13,-11353612.99,-6548984.312
13/10/2019 09:00,-11487315.67,-2330759.701,-12353026.42,-7125465.372
13/10/2019 10:00,-12285791.39,-2492769.267,-13211677.12,-7620751.759
13/10/2019 11:00,-12674744.52,-2571687.293,-13629942.65,-7862015.439
13/10/2019 12:00,-12712143.85,-2579275.564,-13670160.49,-7885213.867
13/10/2019 13:00,-12768242.85,-2590657.97,-13730487.24,-7920011.508
13/10/2019 14:00,-12433518.93,-2522742.971,-13370537.75,-7712385.654
13/10/2019 15:00,-12192293.06,-2473798.591,-13111132.53,-7562755.692
13/10/2019 16:00,-12100664.8,-2455207.351,-13012598.96,-7505919.616
13/10/2019 17:00,-12025866.14,-2440030.81,-12932163.29,-7459522.762
13/10/2019 18:00,-12063265.47,-2447619.08,-12972381.13,-7482721.188
13/10/2019 19:00,-12341890.39,-2504151.673,-13272003.87,-7655549.401
13/10/2019 20:00,-12955239.52,-2628599.323,-13931576.41,-8036003.645
13/10/2019 21:00,-13344192.65,-2707517.349,-14349841.95,-8277267.324
13/10/2019 22:00,-12768242.85,-2590657.97,-13730487.24,-7920011.508
13/10/2019 23:00,-12323190.72,-2500357.538,-13251894.95,-7643950.188
14/10/2019 00:00,-10801037.95,-2191514.947,-11615029.22,-6699774.267
14/10/2019 01:00,-9963292.822,-2021537.674,-10714149.67,-6180129.461
14/10/2019 02:00,-9796865.899,-1987769.893,-10535180.43,-6076896.529
14/10/2019 03:00,-9647268.565,-1957416.81,-10374309.09,-5984102.82
14/10/2019 04:00,-9480841.645,-1923649.029,-10195339.86,-5880869.89
14/10/2019 05:00,-9424742.644,-1912266.623,-10135013.1,-5846072.249
14/10/2019 06:00,-9536940.646,-1935031.435,-10255666.61,-5915667.531
14/10/2019 07:00,-9963292.822,-2021537.674,-10714149.67,-6180129.461
14/10/2019 08:00,-10557942.0,-2142191.13,-11353612.99,-6548984.312
14/10/2019 09:00,-11487315.67,-2330759.701,-12353026.42,-7125465.372
14/10/2019 10:00,-12285791.39,-2492769.267,-13211677.12,-7620751.759
14/10/2019 11:00,-12674744.52,-2571687.293,-13629942.65,-7862015.439
14/10/2019 12:00,-12712143.85,-2579275.564,-13670160.49,-7885213.867
14/10/2019 13:00,-12768242.85,-2590657.97,-13730487.24,-7920011.508
14/10/2019 14:00,-12433518.93,-2522742.971,-13370537.75,-7712385.654
14/10/2019 15:00,-12192293.06,-2473798.591,-13111132.53,-7562755.692
14/10/2019 16:00,-12100664.8,-2455207.351,-13012598.96,-7505919.616
14/10/2019 17:00,-12025866.14,-2440030.81,-12932163.29,-7459522.762
14/10/2019 18:00,-12063265.47,-2447619.08,-12972381.13,-7482721.188
14/10/2019 19:00,-12341890.39,-2504151.673,-13272003.87,-7655549.401
14/10/2019 20:00,-12955239.52,-2628599.323,-13931576.41,-8036003.645
14/10/2019 21:00,-13344192.65,-2707517.349,-14349841.95,-8277267.324
14/10/2019 22:00,-12768242.85,-2590657.97,-13730487.24,-7920011.508
14/10/2019 23:00,-12323190.72,-2500357.538,-13251894.95,-7643950.188
15/10/2019 00:00,-10861169.58,-2203715.567,-11679692.5,-6737073.303
15/10/2019 01:00,-10018760.54,-2032791.994,-10773797.57,-6214535.525
15/10/2019 02:00,-9851407.087,-1998836.221,-10593831.97,-6110727.874
15/10/2019 03:00,-9700976.913,-1968314.156,-10432065.03,-6017417.563
15/10/2019 04:00,-9533623.461,-1934358.383,-10252099.43,-5913609.915
15/10/2019 05:00,-9477212.145,-1922912.609,-10191436.83,-5878618.548
15/10/2019 06:00,-9590034.776,-1945804.158,-10312762.03,-5948601.282
15/10/2019 07:00,-10018760.54,-2032791.994,-10773797.57,-6214535.525
15/10/2019 08:00,-10616720.26,-2154117.153,-11416820.91,-6585443.869
15/10/2019 09:00,-11551267.94,-2343735.525,-12421798.28,-7165134.319
15/10/2019 10:00,-12354188.94,-2506647.032,-13285229.27,-7663178.068
15/10/2019 11:00,-12745307.46,-2586004.411,-13705823.38,-7905784.914
15/10/2019 12:00,-12782915.0,-2593634.927,-13746265.11,-7929112.491
15/10/2019 13:00,-12839326.31,-2605080.701,-13806927.72,-7964103.858
15/10/2019 14:00,-12502738.91,-2536787.605,-13444974.31,-7755322.107
15/10/2019 15:00,-12260170.08,-2487570.742,-13184124.93,-7604859.124
15/10/2019 16:00,-12168031.72,-2468876.001,-13085042.8,-7547706.63
15/10/2019 17:00,-12092816.63,-2453614.968,-13004159.33,-7501051.474
15/10/2019 18:00,-12130424.17,-2461245.485,-13044601.07,-7524379.053
15/10/2019 19:00,-12410600.26,-2518092.806,-13345891.87,-7698169.435
15/10/2019 20:00,-13027364.03,-2643233.282,-14009136.39,-8080741.746
15/10/2019 21:00,-13418482.54,-2722590.66,-14429730.5,-8323348.59
15/10/2019 22:00,-12839326.31,-2605080.701,-13806927.72,-7964103.858
15/10/2019 23:00,-12391796.49,-2514277.548,-13325671.01,-7686505.648
16/10/2019 00:00,-10861169.58,-2203715.567,-11679692.5,-6737073.303
16/10/2019 01:00,-10018760.54,-2032791.994,-10773797.57,-6214535.525
16/10/2019 02:00,-9851407.087,-1998836.221,-10593831.97,-6110727.874
16/10/2019 03:00,-9700976.913,-1968314.156,-10432065.03,-6017417.563
16/10/2019 04:00,-9533623.461,-1934358.383,-10252099.43,-5913609.915
16/10/2019 05:00,-9477212.145,-1922912.609,-10191436.83,-5878618.548
16/10/2019 06:00,-9590034.776,-1945804.158,-10312762.03,-5948601.282
16/10/2019 07:00,-10018760.54,-2032791.994,-10773797.57,-6214535.525
16/10/2019 08:00,-10616720.26,-2154117.153,-11416820.91,-6585443.869
16/10/2019 09:00,-11551267.94,-2343735.525,-12421798.28,-7165134.319
16/10/2019 10:00,-12354188.94,-2506647.032,-13285229.27,-7663178.068
16/10/2019 11:00,-12745307.46,-2586004.411,-13705823.38,-7905784.914
16/10/2019 12:00,-12782915.0,-2593634.927,-13746265.11,-7929112.491
16/10/2019 13:00,-12839326.31,-2605080.701,-13806927.72,-7964103.858
16/10/2019 14:00,-12502738.91,-2536787.605,-13444974.31,-7755322.107
16/10/2019 15:00,-12260170.08,-2487570.742,-13184124.93,-7604859.124
16/10/2019 16:00,-12168031.72,-2468876.001,-13085042.8,-7547706.63
16/10/2019 17:00,-12092816.63,-2453614.968,-13004159.33,-7501051.474
16/10/2019 18:00,-12130424.17,-2461245.485,-13044601.07,-7524379.053
16/10/2019 19:00,-12410600.26,-2518092.806,-13345891.87,-7698169.435
16/10/2019 20:00,-13027364.03,-2643233.282,-14009136.39,-8080741.746
16/10/2019 21:00,-13418482.54,-2722590.66,-14429730.5,-8323348.59
16/10/2019 22:00,-12839326.31,-2605080.701,-13806927.72,-7964103.858
16/10/2019 23:00,-12391796.49,-2514277.548,-13325671.01,-7686505.648
17/10/2019 00:00,-10861169.58,-2203715.567,-11679692.5,-6737073.303
17/10/2019 01:00,-10018760.54,-2032791.994,-10773797.57,-6214535.525
17/10/2019 02:00,-9851407.087,-1998836.221,-10593831.97,-6110727.874
17/10/2019 03:00,-9700976.913,-1968314.156,-10432065.03,-6017417.563
17/10/2019 04:00,-9533623.461,-1934358.383,-10252099.43,-5913609.915
17/10/2019 05:00,-9477212.145,-1922912.609,-10191436.83,-5878618.548
17/10/2019 06:00,-9590034.776,-1945804.158,-10312762.03,-5948601.282
17/10/2019 07:00,-10018760.54,-2032791.994,-10773797.57,-6214535.525
17/10/2019 08:00,-10616720.26,-2154117.153,-11416820.91,-6585443.869
17/10/2019 09:00,-11551267.94,-2343735.525,-12421798.28,-7165134.319
17/10/2019 10:00,-12354188.94,-2506647.032,-13285229.27,-7663178.068
17/10/2019 11:00,-12745307.46,-2586004.411,-13705823.38,-7905784.914
17/10/2019 12:00,-12782915.0,-2593634.927,-13746265.11,-7929112.491
17/10/2019 13:00,-12839326.31,-2605080.701,-13806927.72,-7964103.858
17/10/2019 14:00,-12502738.91,-2536787.605,-13444974.31,-7755322.107
17/10/2019 15:00,-12260170.08,-2487570.742,-13184124.93,-7604859.124
17/10/2019 16:00,-12168031.72,-2468876.001,-13085042.8,-7547706.63
17/10/2019 17:00,-12092816.63,-2453614.968,-13004159.33,-7501051.474
17/10/2019 18:00,-12130424.17,-2461245.485,-13044601.07,-7524379.053
17/10/2019 19:00,-12410600.26,-2518092.806,-13345891.87,-7698169.435
17/10/2019 20:00,-13027364.03,-2643233.282,-14009136.39,-8080741.746
17/10/2019 21:00,-13418482.54,-2722590.66,-14429730.5,-8323348.59
17/10/2019 22:00,-12839326.31,-2605080.701,-13806927.72,-7964103.858
17/10/2019 23:00,-12391796.49,-2514277.548,-13325671.01,-7686505.648
18/10/2019 00:00,-10861169.58,-2203715.567,-11679692.5,-6737073.303
18/10/2019 01:00,-10018760.54,-2032791.994,-10773797.57,-6214535.525
18/10/2019 02:00,-9851407.087,-1998836.221,-10593831.97,-6110727.874
18/10/2019 03:00,-9700976.913,-1968314.156,-10432065.03,-6017417.563
18/10/2019 04:00,-9533623.461,-1934358.383,-10252099.43,-5913609.915
18/10/2019 05:00,-9477212.145,-1922912.609,-10191436.83,-5878618.548
18/10/2019 06:00,-9590034.776,-1945804.158,-10312762.03,-5948601.282
18/10/2019 07:00,-10018760.54,-2032791.994,-10773797.57,-6214535.525
18/10/2019 08:00,-10616720.26,-2154117.153,-11416820.91,-6585443.869
18/10/2019 09:00,-11551267.94,-2343735.525,-12421798.28,-7165134.319
18/10/2019 10:00,-12354188.94,-2506647.032,-13285229.27,-7663178.068
18/10/2019 11:00,-12745307.46,-2586004.411,-13705823.38,-7905784.914
18/10/2019 12:00,-12782915.0,-2593634.927,-13746265.11,-7929112.491
18/10/2019 13:00,-12839326.31,-2605080.701,-13806927.72,-7964103.858
18/10/2019 14:00,-12502738.91,-2536787.605,-13444974.31,-7755322.107
18/10/2019 15:00,-12260170.08,-2487570.742,-13184124.93,-7604859.124
18/10/2019 16:00,-12168031.72,-2468876.001,-13085042.8,-7547706.63
18/10/2019 17:00,-12092816.63,-2453614.968,-13004159.33,-7501051.474
18/10/2019 18:00,-12130424.17,-2461245.485,-13044601.07,-7524379.053
18/10/2019 19:00,-12410600.26,-2518092.806,-13345891.87,-7698169.435
18/10/2019 20:00,-13027364.03,-2643233.282,-14009136.39,-8080741.746
18/10/2019 21:00,-13418482.54,-2722590.66,-14429730.5,-8323348.59
18/10/2019 22:00,-12839326.31,-2605080.701,-13806927.72,-7964103.858
18/10/2019 23:00,-12391796.49,-2514277.548,-13325671.01,-7686505.648
19/10/2019 00:00,-10861169.58,-2203715.567,-11679692.5,-6737073.303
19/10/2019 01:00,-10018760.54,-2032791.994,-10773797.57,-6214535.525
19/10/2019 02:00,-9851407.087,-1998836.221,-10593831.97,-6110727.874
19/10/2019 03:00,-9700976.913,-1968314.156,-10432065.03,-6017417.563
19/10/2019 04:00,-9533623.461,-1934358.383,-10252099.43,-5913609.915
19/10/2019 05:00,-9477212.145,-1922912.609,-10191436.83,-5878618.548
19/10/2019 06:00,-9590034.776,-1945804.158,-10312762.03,-5948601.282
19/10/2019 07:00,-10018760.54,-2032791.994,-10773797.57,-6214535.525
19/10/2019 08:00,-10616720.26,-2154117.153,-11416820.91,-6585443.869
19/10/2019 09:00,-11551267.94,-2343735.525,-12421798.28,-7165134.319
19/10/2019 10:00,-12354188.94,-2506647.032,-13285229.27,-7663178.068
19/10/2019 11:00,-12745307.46,-2586004.411,-13705823.38,-7905784.914
19/10/2019 12:00,-12782915.0,-2593634.927,-13746265.11,-7929112.491
19/10/2019 13:00,-12839326.31,-2605080.701,-13806927.72,-7964103.858
19/10/2019 14:00,-12502738.91,-2536787.605,-13444974.31,-7755322.107
19/10/2019 15:00,-12260170.08,-2487570.742,-13184124.93,-7604859.124
19/10/2019 16:00,-12168031.72,-2468876.001,-13085042.8,-7547706.63
19/10/2019 17:00,-12092816.63,-2453614.968,-13004159.33,-7501051.474
19/10/2019 18:00,-12130424.17,-2461245.485,-13044601.07,-7524379.053
19/10/2019 19:00,-12410600.26,-2518092.806,-13345891.87,-7698169.435
19/10/2019 20:00,-13027364.03,-2643233.282,-14009136.39,-8080741.746
19/10/2019 21:00,-13418482.54,-2722590.66,-14429730.5,-8323348.59
19/10/2019 22:00,-12839326.31,-2605080.701,-13806927.72,-7964103.858
19/10/2019 23:00,-12391796.49,-2514277.548,-13325671.01,-7686505.648
20/10/2019 00:00,-10861169.58,-2203715.567,-11679692.5,-6737073.303
20/10/2019 01:00,-10018760.54,-2032791.994,-10773797.57,-6214535.525
20/10/2019 02:00,-9851407.087,-1998836.221,-10593831.97,-6110727.874
20/10/2019 03:00,-9700976.913,-1968314.156,-10432065.03,-6017417.563
20/10/2019 04:00,-9533623.461,-1934358.383,-10252099.43,-5913609.915
20/10/2019 05:00,-9477212.145,-1922912.609,-10191436.83,-5878618.548
20/10/2019 06:00,-9590034.776,-1945804.158,-10312762.03,-5948601.282
20/10/2019 07:00,-10018760.54,-2032791.994,-10773797.57,-6214535.525
20/10/2019 08:00,-10616720.26,-2154117.153,-11416820.91,-6585443.869
20/10/2019 09:00,-11551267.94,-2343735.525,-12421798.28,-7165134.319
20/10/2019 10:00,-12354188.94,-2506647.032,-13285229.27,-7663178.068
20/10/2019 11:00,-12745307.46,-2586004.411,-13705823.38,-7905784.914
20/10/2019 12:00,-12782915.0,-2593634.927,-13746265.11,-7929112.491
20/10/2019 13:00,-12839326.31,-2605080.701,-13806927.72,-7964103.858
20/10/2019 14:00,-12502738.91,-2536787.605,-13444974.31,-7755322.107
20/10/2019 15:00,-12260170.08,-2487570.742,-13184124.93,-7604859.124
20/10/2019 16:00,-12168031.72,-2468876.001,-13085042.8,-7547706.63
20/10/2019 17:00,-12092816.63,-2453614.968,-13004159.33,-7501051.474
20/10/2019 18:00,-12130424.17,-2461245.485,-13044601.07,-7524379.053
20/10/2019 19:00,-12410600.26,-2518092.806,-13345891.87,-7698169.435
20/10/2019 20:00,-13027364.03,-2643233.282,-14009136.39,-8080741.746
20/10/2019 21:00,-13418482.54,-2722590.66,-14429730.5,-8323348.59
20/10/2019 22:00,-12839326.31,-2605080.701,-13806927.72,-7964103.858
20/10/2019 23:00,-12391796.49,-2514277.548,-13325671.01,-7686505.648
21/10/2019 00:00,-10861169.58,-2203715.567,-11679692.5,-6737073.303
21/10/2019 01:00,-10018760.54,-2032791.994,-10773797.57,-6214535.525
21/10/2019 02:00,-9851407.087,-1998836.221,-10593831.97,-6110727.874
21/10/2019 03:00,-9700976.913,-1968314.156,-10432065.03,-6017417.563
21/10/2019 04:00,-9533623.461,-1934358.383,-10252099.43,-5913609.915
21/10/2019 05:00,-9477212.145,-1922912.609,-10191436.83,-5878618.548
21/10/2019 06:00,-9590034.776,-1945804.158,-10312762.03,-5948601.282
21/10/2019 07:00,-10018760.54,-2032791.994,-10773797.57,-6214535.525
21/10/2019 08:00,-10616720.26,-2154117.153,-11416820.91,-6585443.869
21/10/2019 09:00,-11551267.94,-2343735.525,-12421798.28,-7165134.319
21/10/2019 10:00,-12354188.94,-2506647.032,-13285229.27,-7663178.068
21/10/2019 11:00,-12745307.46,-2586004.411,-13705823.38,-7905784.914
21/10/2019 12:00,-12782915.0,-2593634.927,-13746265.11,-7929112.491
21/10/2019 13:00,-12839326.31,-2605080.701,-13806927.72,-7964103.858
21/10/2019 14:00,-12502738.91,-2536787.605,-13444974.31,-7755322.107
21/10/2019 15:00,-12260170.08,-2487570.742,-13184124.93,-7604859.124
21/10/2019 16:00,-12168031.72,-2468876.001,-13085042.8,-7547706.63
21/10/2019 17:00,-12092816.63,-2453614.968,-13004159.33,-7501051.474
21/10/2019 18:00,-12130424.17,-2461245.485,-13044601.07,-7524379.053
21/10/2019 19:00,-12410600.26,-2518092.806,-13345891.87,-7698169.435
21/10/2019 20:00,-13027364.03,-2643233.282,-14009136.39,-8080741.746
21/10/2019 21:00,-13418482.54,-2722590.66,-14429730.5,-8323348.59
21/10/2019 22:00,-12839326.31,-2605080.701,-13806927.72,-7964103.858
21/10/2019 23:00,-12391796.49,-2514277.548,-13325671.01,-7686505.648
22/10/2019 00:00,-11063431.35,-2244754.187,-11897197.19,-6862534.229
22/10/2019 01:00,-10205334.58,-2070647.597,-10974432.26,-6330265.509
22/10/2019 02:00,-10034864.59,-2036059.483,-10791115.26,-6224524.705
22/10/2019 03:00,-9881633.037,-2004969.022,-10626335.82,-6129476.724
22/10/2019 04:00,-9711163.048,-1970380.908,-10443018.81,-6023735.92
22/10/2019 05:00,-9653701.218,-1958721.986,-10381226.53,-5988092.929
22/10/2019 06:00,-9768624.882,-1982039.831,-10504811.1,-6059378.912
22/10/2019 07:00,-10205334.58,-2070647.597,-10974432.26,-6330265.509
22/10/2019 08:00,-10814429.78,-2194232.13,-11629430.29,-6708081.082
22/10/2019 09:00,-11766381.05,-2387381.663,-12653122.81,-7298566.799
22/10/2019 10:00,-12584254.42,-2553326.984,-13532633.01,-7805885.351
22/10/2019 11:00,-12982656.52,-2634162.193,-13961059.62,-8053010.133
22/10/2019 12:00,-13020964.41,-2641934.808,-14002254.48,-8076772.128
22/10/2019 13:00,-13078426.25,-2653593.731,-14064046.77,-8112415.12
22/10/2019 14:00,-12735570.76,-2584028.85,-13695352.9,-7899745.34
22/10/2019 15:00,-12488484.7,-2533895.446,-13429645.86,-7746480.363
22/10/2019 16:00,-12394630.49,-2514852.563,-13328718.58,-7688263.549
22/10/2019 17:00,-12318014.71,-2499307.332,-13246328.86,-7640739.558
22/10/2019 18:00,-12356322.6,-2507079.947,-13287523.72,-7664501.553
22/10/2019 19:00,-12641716.25,-2564985.907,-13594425.31,-7841528.343
22/10/2019 20:00,-13269965.69,-2692456.806,-14270021.07,-8231225.093
22/10/2019 21:00,-13668367.79,-2773292.016,-14698447.68,-8478349.877
22/10/2019 22:00,-13078426.25,-2653593.731,-14064046.77,-8112415.12
22/10/2019 23:00,-12622562.31,-2561099.599,-13573827.88,-7829647.346
23/10/2019 00:00,-11063431.35,-2244754.187,-11897197.19,-6862534.229
23/10/2019 01:00,-10205334.58,-2070647.597,-10974432.26,-6330265.509
23/10/2019 02:00,-10034864.59,-2036059.483,-10791115.26,-6224524.705
23/10/2019 03:00,-9881633.037,-2004969.022,-10626335.82,-6129476.724
23/10/2019 04:00,-9711163.048,-1970380.908,-10443018.81,-6023735.92
23/10/2019 05:00,-9653701.218,-1958721.986,-10381226.53,-5988092.929
23/10/2019 06:00,-9768624.882,-1982039.831,-10504811.1,-6059378.912
23/10/2019 07:00,-10205334.58,-2070647.597,-10974432.26,-6330265.509
23/10/2019 08:00,-10814429.78,-2194232.13,-11629430.29,-6708081.082
23/10/2019 09:00,-11766381.05,-2387381.663,-12653122.81,-7298566.799
23/10/2019 10:00,-12584254.42,-2553326.984,-13532633.01,-7805885.351
23/10/2019 11:00,-12982656.52,-2634162.193,-13961059.62,-8053010.133
23/10/2019 12:00,-13020964.41,-2641934.808,-14002254.48,-8076772.128
23/10/2019 13:00,-13078426.25,-2653593.731,-14064046.77,-8112415.12
23/10/2019 14:00,-12735570.76,-2584028.85,-13695352.9,-7899745.34
23/10/2019 15:00,-12488484.7,-2533895.446,-13429645.86,-7746480.363
23/10/2019 16:00,-12394630.49,-2514852.563,-13328718.58,-7688263.549
23/10/2019 17:00,-12318014.71,-2499307.332,-13246328.86,-7640739.558
23/10/2019 18:00,-12356322.6,-2507079.947,-13287523.72,-7664501.553
23/10/2019 19:00,-12641716.25,-2564985.907,-13594425.31,-7841528.343
23/10/2019 20:00,-13269965.69,-2692456.806,-14270021.07,-8231225.093
23/10/2019 21:00,-13668367.79,-2773292.016,-14698447.68,-8478349.877
23/10/2019 22:00,-13078426.25,-2653593.731,-14064046.77,-8112415.12
23/10/2019 23:00,-12622562.31,-2561099.599,-13573827.88,-7829647.346
24/10/2019 00:00,-11063431.35,-2244754.187,-11897197.19,-6862534.229
24/10/2019 01:00,-10205334.58,-2070647.597,-10974432.26,-6330265.509
24/10/2019 02:00,-10034864.59,-2036059.483,-10791115.26,-6224524.705
24/10/2019 03:00,-9881633.037,-2004969.022,-10626335.82,-6129476.724
24/10/2019 04:00,-9711163.048,-1970380.908,-10443018.81,-6023735.92
24/10/2019 05:00,-9653701.218,-1958721.986,-10381226.53,-5988092.929
24/10/2019 06:00,-9768624.882,-1982039.831,-10504811.1,-6059378.912
24/10/2019 07:00,-10205334.58,-2070647.597,-10974432.26,-6330265.509
24/10/2019 08:00,-10814429.78,-2194232.13,-11629430.29,-6708081.082
24/10/2019 09:00,-11766381.05,-2387381.663,-12653122.81,-7298566.799
24/10/2019 10:00,-12584254.42,-2553326.984,-13532633.01,-7805885.351
24/10/2019 11:00,-12982656.52,-2634162.193,-13961059.62,-8053010.133
24/10/2019 12:00,-13020964.41,-2641934.808,-14002254.48,-8076772.128
24/10/2019 13:00,-13078426.25,-2653593.731,-14064046.77,-8112415.12
24/10/2019 14:00,-12735570.76,-2584028.85,-13695352.9,-7899745.34
24/10/2019 15:00,-12488484.7,-2533895.446,-13429645.86,-7746480.363
24/10/2019 16:00,-12394630.49,-2514852.563,-13328718.58,-7688263.549
24/10/2019 17:00,-12318014.71,-2499307.332,-13246328.86,-7640739.558
24/10/2019 18:00,-12356322.6,-2507079.947,-13287523.72,-7664501.553
24/10/2019 19:00,-12641716.25,-2564985.907,-13594425.31,-7841528.343
24/10/2019 20:00,-13269965.69,-2692456.806,-14270021.07,-8231225.093
24/10/2019 21:00,-13668367.79,-2773292.016,-14698447.68,-8478349.877
24/10/2019 22:00,-13078426.25,-2653593.731,-14064046.77,-8112415.12
24/10/2019 23:00,-12622562.31,-2561099.599,-13573827.88,-7829647.346
25/10/2019 00:00,-11063431.35,-2244754.187,-11897197.19,-6862534.229
25/10/2019 01:00,-10205334.58,-2070647.597,-10974432.26,-6330265.509
25/10/2019 02:00,-10034864.59,-2036059.483,-10791115.26,-6224524.705
25/10/2019 03:00,-9881633.037,-2004969.022,-10626335.82,-6129476.724
25/10/2019 04:00,-9711163.048,-1970380.908,-10443018.81,-6023735.92
25/10/2019 05:00,-9653701.218,-1958721.986,-10381226.53,-5988092.929
25/10/2019 06:00,-9768624.882,-1982039.831,-10504811.1,-6059378.912
25/10/2019 07:00,-10205334.58,-2070647.597,-10974432.26,-6330265.509
25/10/2019 08:00,-10814429.78,-2194232.13,-11629430.29,-6708081.082
25/10/2019 09:00,-11766381.05,-2387381.663,-12653122.81,-7298566.799
25/10/2019 10:00,-12584254.42,-2553326.984,-13532633.01,-7805885.351
25/10/2019 11:00,-12982656.52,-2634162.193,-13961059.62,-8053010.133
25/10/2019 12:00,-13020964.41,-2641934.808,-14002254.48,-8076772.128
25/10/2019 13:00,-13078426.25,-2653593.731,-14064046.77,-8112415.12
25/10/2019 14:00,-12735570.76,-2584028.85,-13695352.9,-7899745.34
25/10/2019 15:00,-12488484.7,-2533895.446,-13429645.86,-7746480.363
25/10/2019 16:00,-12394630.49,-2514852.563,-13328718.58,-7688263.549
25/10/2019 17:00,-12318014.71,-2499307.332,-13246328.86,-7640739.558
25/10/2019 18:00,-12356322.6,-2507079.947,-13287523.72,-7664501.553
25/10/2019 19:00,-12641716.25,-2564985.907,-13594425.31,-7841528.343
25/10/2019 20:00,-13269965.69,-2692456.806,-14270021.07,-8231225.093
25/10/2019 21:00,-13668367.79,-2773292.016,-14698447.68,-8478349.877
25/10/2019 22:00,-13078426.25,-2653593.731,-14064046.77,-8112415.12
25/10/2019 23:00,-12622562.31,-2561099.599,-13573827.88,-7829647.346
26/10/2019 00:00,-11063431.35,-2244754.187,-11897197.19,-6862534.229
26/10/2019 01:00,-10205334.58,-2070647.597,-10974432.26,-6330265.509
26/10/2019 02:00,-10034864.59,-2036059.483,-10791115.26,-6224524.705
26/10/2019 03:00,-9881633.037,-2004969.022,-10626335.82,-6129476.724
26/10/2019 04:00,-9711163.048,-1970380.908,-10443018.81,-6023735.92
26/10/2019 05:00,-9653701.218,-1958721.986,-10381226.53,-5988092.929
26/10/2019 06:00,-9768624.882,-1982039.831,-10504811.1,-6059378.912
26/10/2019 07:00,-10205334.58,-2070647.597,-10974432.26,-6330265.509
26/10/2019 08:00,-10814429.78,-2194232.13,-11629430.29,-6708081.082
26/10/2019 09:00,-11766381.05,-2387381.663,-12653122.81,-7298566.799
26/10/2019 10:00,-12584254.42,-2553326.984,-13532633.01,-7805885.351
26/10/2019 11:00,-12982656.52,-2634162.193,-13961059.62,-8053010.133
26/10/2019 12:00,-13020964.41,-2641934.808,-14002254.48,-8076772.128
26/10/2019 13:00,-13078426.25,-2653593.731,-14064046.77,-8112415.12
26/10/2019 14:00,-12735570.76,-2584028.85,-13695352.9,-7899745.34
26/10/2019 15:00,-12488484.7,-2533895.446,-13429645.86,-7746480.363
26/10/2019 16:00,-12394630.49,-2514852.563,-13328718.58,-7688263.549
26/10/2019 17:00,-12318014.71,-2499307.332,-13246328.86,-7640739.558
26/10/2019 18:00,-12356322.6,-2507079.947,-13287523.72,-7664501.553
26/10/2019 19:00,-12641716.25,-2564985.907,-13594425.31,-7841528.343
26/10/2019 20:00,-13269965.69,-2692456.806,-14270021.07,-8231225.093
26/10/2019 21:00,-13668367.79,-2773292.016,-14698447.68,-8478349.877
26/10/2019 22:00,-13078426.25,-2653593.731,-14064046.77,-8112415.12
26/10/2019 23:00,-12622562.31,-2561099.599,-13573827.88,-7829647.346
27/10/2019 00:00,-11063431.35,-2244754.187,-11897197.19,-6862534.229
27/10/2019 01:00,-10205334.58,-2070647.597,-10974432.26,-6330265.509
27/10/2019 02:00,-10034864.59,-2036059.483,-10791115.26,-6224524.705
27/10/2019 03:00,-9881633.037,-2004969.022,-10626335.82,-6129476.724
27/10/2019 04:00,-9711163.048,-1970380.908,-10443018.81,-6023735.92
27/10/2019 05:00,-9653701.218,-1958721.986,-10381226.53,-5988092.929
27/10/2019 06:00,-9768624.882,-1982039.831,-10504811.1,-6059378.912
27/10/2019 07:00,-10205334.58,-2070647.597,-10974432.26,-6330265.509
27/10/2019 08:00,-10814429.78,-2194232.13,-11629430.29,-6708081.082
27/10/2019 09:00,-11766381.05,-2387381.663,-12653122.81,-7298566.799
27/10/2019 10:00,-12584254.42,-2553326.984,-13532633.01,-7805885.351
27/10/2019 11:00,-12982656.52,-2634162.193,-13961059.62,-8053010.133
27/10/2019 12:00,-13020964.41,-2641934.808,-14002254.48,-8076772.128
27/10/2019 13:00,-13078426.25,-2653593.731,-14064046.77,-8112415.12
27/10/2019 14:00,-12735570.76,-2584028.85,-13695352.9,-7899745.34
27/10/2019 15:00,-12488484.7,-2533895.446,-13429645.86,-7746480.363
27/10/2019 16:00,-12394630.49,-2514852.563,-13328718.58,-7688263.549
27/10/2019 17:00,-12318014.71,-2499307.332,-13246328.86,-7640739.558
27/10/2019 18:00,-12356322.6,-2507079.947,-13287523.72,-7664501.553
27/10/2019 19:00,-12641716.25,-2564985.907,-13594425.31,-7841528.343
27/10/2019 20:00,-13269965.69,-2692456.806,-14270021.07,-8231225.093
27/10/2019 21:00,-13668367.79,-2773292.016,-14698447.68,-8478349.877
27/10/2019 22:00,-13078426.25,-2653593.731,-14064046.77,-8112415.12
27/10/2019 23:00,-12622562.31,-2561099.599,-13573827.88,-7829647.346
28/10/2019 00:00,-11063431.35,-2244754.187,-11897197.19,-6862534.229
28/10/2019 01:00,-10205334.58,-2070647.597,-10974432.26,-6330265.509
28/10/2019 02:00,-10034864.59,-2036059.483,-10791115.26,-6224524.705
28/10/2019 03:00,-9881633.037,-2004969.022,-10626335.82,-6129476.724
28/10/2019 04:00,-9711163.048,-1970380.908,-10443018.81,-6023735.92
28/10/2019 05:00,-9653701.218,-1958721.986,-10381226.53,-5988092.929
28/10/2019 06:00,-9768624.882,-1982039.831,-10504811.1,-6059378.912
28/10/2019 07:00,-10205334.58,-2070647.597,-10974432.26,-6330265.509
28/10/2019 08:00,-10814429.78,-2194232.13,-11629430.29,-6708081.082
28/10/2019 09:00,-11766381.05,-2387381.663,-12653122.81,-7298566.799
28/10/2019 10:00,-12584254.42,-2553326.984,-13532633.01,-7805885.351
28/10/2019 11:00,-12982656.52,-2634162.193,-13961059.62,-8053010.133
28/10/2019 12:00,-13020964.41,-2641934.808,-14002254.48,-8076772.128
28/10/2019 13:00,-13078426.25,-2653593.731,-14064046.77,-8112415.12
28/10/2019 14:00,-12735570.76,-2584028.85,-13695352.9,-7899745.34
28/10/2019 15:00,-12488484.7,-2533895.446,-13429645.86,-7746480.363
28/10/2019 16:00,-12394630.49,-2514852.563,-13328718.58,-7688263.549
28/10/2019 17:00,-12318014.71,-2499307.332,-13246328.86,-7640739.558
28/10/2019 18:00,-12356322.6,-2507079.947,-13287523.72,-7664501.553
28/10/2019 19:00,-12641716.25,-2564985.907,-13594425.31,-7841528.343
28/10/2019 20:00,-13269965.69,-2692456.806,-14270021.07,-8231225.093
28/10/2019 21:00,-13668367.79,-2773292.016,-14698447.68,-8478349.877
28/10/2019 22:00,-13078426.25,-2653593.731,-14064046.77,-8112415.12
28/10/2019 23:00,-12622562.31,-2561099.599,-13573827.88,-7829647.346
29/10/2019 00:00,-11043387.29,-2240687.276,-11875642.56,-6850101.101
29/10/2019 01:00,-10186845.17,-2066896.122,-10954549.44,-6318796.714
29/10/2019 02:00,-10016684.03,-2032370.673,-10771564.56,-6213247.485
29/10/2019 03:00,-9863730.09,-2001336.54,-10607083.66,-6118371.708
29/10/2019 04:00,-9693568.949,-1966811.091,-10424098.78,-6012822.478
29/10/2019 05:00,-9636211.222,-1955173.291,-10362418.44,-5977244.062
29/10/2019 06:00,-9750926.675,-1978448.891,-10485779.12,-6048400.894
29/10/2019 07:00,-10186845.17,-2066896.122,-10954549.44,-6318796.714
29/10/2019 08:00,-10794836.85,-2190256.752,-11608360.79,-6695927.784
29/10/2019 09:00,-11745063.43,-2383056.348,-12630198.65,-7285343.694
29/10/2019 10:00,-12561455.03,-2548701.02,-13508115.41,-7791743.118
29/10/2019 11:00,-12959135.33,-2629389.776,-13935765.81,-8038420.173
29/10/2019 12:00,-12997373.81,-2637148.31,-13976886.04,-8062139.118
29/10/2019 13:00,-13054731.54,-2648786.109,-14038566.38,-8097717.534
29/10/2019 14:00,-12712497.22,-2579347.261,-13670540.49,-7885433.056
29/10/2019 15:00,-12465858.81,-2529304.686,-13405314.84,-7732445.755
29/10/2019 16:00,-12372174.64,-2510296.304,-13304570.41,-7674334.415
29/10/2019 17:00,-12295697.67,-2494779.238,-13222329.96,-7626896.528
29/10/2019 18:00,-12333936.16,-2502537.771,-13263450.18,-7650615.47
29/10/2019 19:00,-12618812.75,-2560338.82,-13569795.74,-7827321.534
29/10/2019 20:00,-13245923.96,-2687578.775,-14244167.51,-8216312.255
29/10/2019 21:00,-13643604.27,-2768267.532,-14671817.92,-8462989.312
29/10/2019 22:00,-13054731.54,-2648786.109,-14038566.38,-8097717.534
29/10/2019 23:00,-12599693.51,-2556459.553,-13549235.63,-7815462.061
30/10/2019 00:00,-11043387.29,-2240687.276,-11875642.56,-6850101.101
30/10/2019 01:00,-10186845.17,-2066896.122,-10954549.44,-6318796.714
30/10/2019 02:00,-10016684.03,-2032370.673,-10771564.56,-6213247.485
30/10/2019 03:00,-9863730.09,-2001336.54,-10607083.66,-6118371.708
30/10/2019 04:00,-9693568.949,-1966811.091,-10424098.78,-6012822.478
30/10/2019 05:00,-9636211.222,-1955173.291,-10362418.44,-5977244.062
30/10/2019 06:00,-9750926.675,-1978448.891,-10485779.12,-6048400.894
30/10/2019 07:00,-10186845.17,-2066896.122,-10954549.44,-6318796.714
30/10/2019 08:00,-10794836.85,-2190256.752,-11608360.79,-6695927.784
30/10/2019 09:00,-11745063.43,-2383056.348,-12630198.65,-7285343.694
30/10/2019 10:00,-12561455.03,-2548701.02,-13508115.41,-7791743.118
30/10/2019 11:00,-12959135.33,-2629389.776,-13935765.81,-8038420.173
30/10/2019 12:00,-12997373.81,-2637148.31,-13976886.04,-8062139.118
30/10/2019 13:00,-13054731.54,-2648786.109,-14038566.38,-8097717.534
30/10/2019 14:00,-12712497.22,-2579347.261,-13670540.49,-7885433.056
30/10/2019 15:00,-12465858.81,-2529304.686,-13405314.84,-7732445.755
30/10/2019 16:00,-12372174.64,-2510296.304,-13304570.41,-7674334.415
30/10/2019 17:00,-12295697.67,-2494779.238,-13222329.96,-7626896.528
30/10/2019 18:00,-12333936.16,-2502537.771,-13263450.18,-7650615.47
30/10/2019 19:00,-12618812.75,-2560338.82,-13569795.74,-7827321.534
30/10/2019 20:00,-13245923.96,-2687578.775,-14244167.51,-8216312.255
30/10/2019 21:00,-13643604.27,-2768267.532,-14671817.92,-8462989.312
30/10/2019 22:00,-13054731.54,-2648786.109,-14038566.38,-8097717.534
30/10/2019 23:00,-12599693.51,-2556459.553,-13549235.63,-7815462.061
31/10/2019 00:00,-11043387.29,-2240687.276,-11875642.56,-6850101.101
31/10/2019 01:00,-10186845.17,-2066896.122,-10954549.44,-6318796.714
31/10/2019 02:00,-10016684.03,-2032370.673,-10771564.56,-6213247.485
31/10/2019 03:00,-9863730.09,-2001336.54,-10607083.66,-6118371.708
31/10/2019 04:00,-9693568.949,-1966811.091,-10424098.78,-6012822.478
31/10/2019 05:00,-9636211.222,-1955173.291,-10362418.44,-5977244.062
31/10/2019 06:00,-9750926.675,-1978448.891,-10485779.12,-6048400.894
31/10/2019 07:00,-10186845.17,-2066896.122,-10954549.44,-6318796.714
31/10/2019 08:00,-10794836.85,-2190256.752,-11608360.79,-6695927.784
31/10/2019 09:00,-11745063.43,-2383056.348,-12630198.65,-7285343.694
31/10/2019 10:00,-12561455.03,-2548701.02,-13508115.41,-7791743.118
31/10/2019 11:00,-12959135.33,-2629389.776,-13935765.81,-8038420.173
31/10/2019 12:00,-12997373.81,-2637148.31,-13976886.04,-8062139.118
31/10/2019 13:00,-13054731.54,-2648786.109,-14038566.38,-8097717.534
31/10/2019 14:00,-12712497.22,-2579347.261,-13670540.49,-7885433.056
31/10/2019 15:00,-12465858.81,-2529304.686,-13405314.84,-7732445.755
31/10/2019 16:00,-12372174.64,-2510296.304,-13304570.41,-7674334.415
31/10/2019 17:00,-12295697.67,-2494779.238,-13222329.96,-7626896.528
31/10/2019 18:00,-12333936.16,-2502537.771,-13263450.18,-7650615.47
31/10/2019 19:00,-12618812.75,-2560338.82,-13569795.74,-7827321.534
31/10/2019 20:00,-13245923.96,-2687578.775,-14244167.51,-8216312.255
31/10/2019 21:00,-13643604.27,-2768267.532,-14671817.92,-8462989.312
31/10/2019 22:00,-13054731.54,-2648786.109,-14038566.38,-8097717.534
31/10/2019 23:00,-12599693.51,-2556459.553,-13549235.63,-7815462.061
01/11/2019 00:00,-11043387.29,-2240687.276,-11875642.56,-6850101.101
01/11/2019 01:00,-10186845.17,-2066896.122,-10954549.44,-6318796.714
01/11/2019 02:00,-10016684.03,-2032370.673,-10771564.56,-6213247.485
01/11/2019 03:00,-9863730.09,-2001336.54,-10607083.66,-6118371.708
01/11/2019 04:00,-9693568.949,-1966811.091,-10424098.78,-6012822.478
01/11/2019 05:00,-9636211.222,-1955173.291,-10362418.44,-5977244.062
01/11/2019 06:00,-9750926.675,-1978448.891,-10485779.12,-6048400.894
01/11/2019 07:00,-10186845.17,-2066896.122,-10954549.44,-6318796.714
01/11/2019 08:00,-10794836.85,-2190256.752,-11608360.79,-6695927.784
01/11/2019 09:00,-11745063.43,-2383056.348,-12630198.65,-7285343.694
01/11/2019 10:00,-12561455.03,-2548701.02,-13508115.41,-7791743.118
01/11/2019 11:00,-12959135.33,-2629389.776,-13935765.81,-8038420.173
01/11/2019 12:00,-12997373.81,-2637148.31,-13976886.04,-8062139.118
01/11/2019 13:00,-13054731.54,-2648786.109,-14038566.38,-8097717.534
01/11/2019 14:00,-12712497.22,-2579347.261,-13670540.49,-7885433.056
01/11/2019 15:00,-12465858.81,-2529304.686,-13405314.84,-7732445.755
01/11/2019 16:00,-12372174.64,-2510296.304,-13304570.41,-7674334.415
01/11/2019 17:00,-12295697.67,-2494779.238,-13222329.96,-7626896.528
01/11/2019 18:00,-12333936.16,-2502537.771,-13263450.18,-7650615.47
01/11/2019 19:00,-12618812.75,-2560338.82,-13569795.74,-7827321.534
01/11/2019 20:00,-13245923.96,-2687578.775,-14244167.51,-8216312.255
01/11/2019 21:00,-13643604.27,-2768267.532,-14671817.92,-8462989.312
01/11/2019 22:00,-13054731.54,-2648786.109,-14038566.38,-8097717.534
01/11/2019 23:00,-12599693.51,-2556459.553,-13549235.63,-7815462.061
02/11/2019 00:00,-11043387.29,-2240687.276,-11875642.56,-6850101.101
02/11/2019 01:00,-10186845.17,-2066896.122,-10954549.44,-6318796.714
02/11/2019 02:00,-10016684.03,-2032370.673,-10771564.56,-6213247.485
02/11/2019 03:00,-9863730.09,-2001336.54,-10607083.66,-6118371.708
02/11/2019 04:00,-9693568.949,-1966811.091,-10424098.78,-6012822.478
02/11/2019 05:00,-9636211.222,-1955173.291,-10362418.44,-5977244.062
02/11/2019 06:00,-9750926.675,-1978448.891,-10485779.12,-6048400.894
02/11/2019 07:00,-10186845.17,-2066896.122,-10954549.44,-6318796.714
02/11/2019 08:00,-10794836.85,-2190256.752,-11608360.79,-6695927.784
02/11/2019 09:00,-11745063.43,-2383056.348,-12630198.65,-7285343.694
02/11/2019 10:00,-12561455.03,-2548701.02,-13508115.41,-7791743.118
02/11/2019 11:00,-12959135.33,-2629389.776,-13935765.81,-8038420.173
02/11/2019 12:00,-12997373.81,-2637148.31,-13976886.04,-8062139.118
02/11/2019 13:00,-13054731.54,-2648786.109,-14038566.38,-8097717.534
02/11/2019 14:00,-12712497.22,-2579347.261,-13670540.49,-7885433.056
02/11/2019 15:00,-12465858.81,-2529304.686,-13405314.84,-7732445.755
02/11/2019 16:00,-12372174.64,-2510296.304,-13304570.41,-7674334.415
02/11/2019 17:00,-12295697.67,-2494779.238,-13222329.96,-7626896.528
02/11/2019 18:00,-12333936.16,-2502537.771,-13263450.18,-7650615.47
02/11/2019 19:00,-12618812.75,-2560338.82,-13569795.74,-7827321.534
02/11/2019 20:00,-13245923.96,-2687578.775,-14244167.51,-8216312.255
02/11/2019 21:00,-13643604.27,-2768267.532,-14671817.92,-8462989.312
02/11/2019 22:00,-13054731.54,-2648786.109,-14038566.38,-8097717.534
02/11/2019 23:00,-12599693.51,-2556459.553,-13549235.63,-7815462.061
03/11/2019 00:00,-11043387.29,-2240687.276,-11875642.56,-6850101.101
03/11/2019 01:00,-10186845.17,-2066896.122,-10954549.44,-6318796.714
03/11/2019 02:00,-10016684.03,-2032370.673,-10771564.56,-6213247.485
03/11/2019 03:00,-9863730.09,-2001336.54,-10607083.66,-6118371.708
03/11/2019 04:00,-9693568.949,-1966811.091,-10424098.78,-6012822.478
03/11/2019 05:00,-9636211.222,-1955173.291,-10362418.44,-5977244.062
03/11/2019 06:00,-9750926.675,-1978448.891,-10485779.12,-6048400.894
03/11/2019 07:00,-10186845.17,-2066896.122,-10954549.44,-6318796.714
03/11/2019 08:00,-10794836.85,-2190256.752,-11608360.79,-6695927.784
03/11/2019 09:00,-11745063.43,-2383056.348,-12630198.65,-7285343.694
03/11/2019 10:00,-12561455.03,-2548701.02,-13508115.41,-7791743.118
03/11/2019 11:00,-12959135.33,-2629389.776,-13935765.81,-8038420.173
03/11/2019 12:00,-12997373.81,-2637148.31,-13976886.04,-8062139.118
03/11/2019 13:00,-13054731.54,-2648786.109,-14038566.38,-8097717.534
03/11/2019 14:00,-12712497.22,-2579347.261,-13670540.49,-7885433.056
03/11/2019 15:00,-12465858.81,-2529304.686,-13405314.84,-7732445.755
03/11/2019 16:00,-12372174.64,-2510296.304,-13304570.41,-7674334.415
03/11/2019 17:00,-12295697.67,-2494779.238,-13222329.96,-7626896.528
03/11/2019 18:00,-12333936.16,-2502537.771,-13263450.18,-7650615.47
03/11/2019 19:00,-12618812.75,-2560338.82,-13569795.74,-7827321.534
03/11/2019 20:00,-13245923.96,-2687578.775,-14244167.51,-8216312.255
03/11/2019 21:00,-13643604.27,-2768267.532,-14671817.92,-8462989.312
03/11/2019 22:00,-13054731.54,-2648786.109,-14038566.38,-8097717.534
03/11/2019 23:00,-12599693.51,-2556459.553,-13549235.63,-7815462.061
04/11/2019 00:00,-11043387.29,-2240687.276,-11875642.56,-6850101.101
04/11/2019 01:00,-10186845.17,-2066896.122,-10954549.44,-6318796.714
04/11/2019 02:00,-10016684.03,-2032370.673,-10771564.56,-6213247.485
04/11/2019 03:00,-9863730.09,-2001336.54,-10607083.66,-6118371.708
04/11/2019 04:00,-9693568.949,-1966811.091,-10424098.78,-6012822.478
04/11/2019 05:00,-9636211.222,-1955173.291,-10362418.44,-5977244.062
04/11/2019 06:00,-9750926.675,-1978448.891,-10485779.12,-6048400.894
04/11/2019 07:00,-10186845.17,-2066896.122,-10954549.44,-6318796.714
04/11/2019 08:00,-10794836.85,-2190256.752,-11608360.79,-6695927.784
04/11/2019 09:00,-11745063.43,-2383056.348,-12630198.65,-7285343.694
04/11/2019 10:00,-12561455.03,-2548701.02,-13508115.41,-7791743.118
04/11/2019 11:00,-12959135.33,-2629389.776,-13935765.81,-8038420.173
04/11/2019 12:00,-12997373.81,-2637148.31,-13976886.04,-8062139.118
04/11/2019 13:00,-13054731.54,-2648786.109,-14038566.38,-8097717.534
04/11/2019 14:00,-12712497.22,-2579347.261,-13670540.49,-7885433.056
04/11/2019 15:00,-12465858.81,-2529304.686,-13405314.84,-7732445.755
04/11/2019 16:00,-12372174.64,-2510296.304,-13304570.41,-7674334.415
04/11/2019 17:00,-12295697.67,-2494779.238,-13222329.96,-7626896.528
04/11/2019 18:00,-12333936.16,-2502537.771,-13263450.18,-7650615.47
04/11/2019 19:00,-12618812.75,-2560338.82,-13569795.74,-7827321.534
04/11/2019 20:00,-13245923.96,-2687578.775,-14244167.51,-8216312.255
04/11/2019 21:00,-13643604.27,-2768267.532,-14671817.92,-8462989.312
04/11/2019 22:00,-13054731.54,-2648786.109,-14038566.38,-8097717.534
04/11/2019 23:00,-12599693.51,-2556459.553,-13549235.63,-7815462.061
05/11/2019 00:00,-10943167.55,-2220352.836,-11767870.03,-6787935.813
05/11/2019 01:00,-10094398.63,-2048138.852,-10855135.91,-6261453.06
05/11/2019 02:00,-9925781.711,-2013926.724,-10673811.64,-6156861.699
05/11/2019 03:00,-9774215.841,-1983174.229,-10510823.41,-6062846.928
05/11/2019 04:00,-9605598.93,-1948962.102,-10329499.14,-5958255.568
05/11/2019 05:00,-9548761.729,-1937429.916,-10268378.56,-5923000.029
05/11/2019 06:00,-9662436.131,-1960494.288,-10390619.72,-5993511.108
05/11/2019 07:00,-10094398.63,-2048138.852,-10855135.91,-6261453.06
05/11/2019 08:00,-10696872.72,-2170379.973,-11503013.85,-6635161.631
05/11/2019 09:00,-11638475.91,-2361429.895,-12515578.45,-7219228.537
05/11/2019 10:00,-12447458.68,-2525571.327,-13385528.03,-7721032.341
05/11/2019 11:00,-12841530.0,-2605527.826,-13809297.48,-7965470.781
05/11/2019 12:00,-12879421.46,-2613215.949,-13850044.53,-7988974.474
05/11/2019 13:00,-12936258.67,-2624748.135,-13911165.12,-8024230.013
05/11/2019 14:00,-12597130.15,-2555939.45,-13546479.09,-7813872.034
05/11/2019 15:00,-12352730.01,-2506351.017,-13283660.39,-7662273.109
05/11/2019 16:00,-12259896.03,-2487515.137,-13183830.23,-7604689.133
05/11/2019 17:00,-12184113.1,-2472138.89,-13102336.11,-7557681.748
05/11/2019 18:00,-12222004.57,-2479827.013,-13143083.17,-7581185.441
05/11/2019 19:00,-12504295.88,-2537103.512,-13446648.62,-7756287.88
05/11/2019 20:00,-13125716.0,-2663188.753,-14114900.39,-8141748.475
05/11/2019 21:00,-13519787.32,-2743145.252,-14538669.84,-8386186.914
05/11/2019 22:00,-12936258.67,-2624748.135,-13911165.12,-8024230.013
05/11/2019 23:00,-12485350.15,-2533259.45,-13426275.09,-7744536.034
06/11/2019 00:00,-10943167.55,-2220352.836,-11767870.03,-6787935.813
06/11/2019 01:00,-10094398.63,-2048138.852,-10855135.91,-6261453.06
06/11/2019 02:00,-9925781.711,-2013926.724,-10673811.64,-6156861.699
06/11/2019 03:00,-9774215.841,-1983174.229,-10510823.41,-6062846.928
06/11/2019 04:00,-9605598.93,-1948962.102,-10329499.14,-5958255.568
06/11/2019 05:00,-9548761.729,-1937429.916,-10268378.56,-5923000.029
06/11/2019 06:00,-9662436.131,-1960494.288,-10390619.72,-5993511.108
06/11/2019 07:00,-10094398.63,-2048138.852,-10855135.91,-6261453.06
06/11/2019 08:00,-10696872.72,-2170379.973,-11503013.85,-6635161.631
06/11/2019 09:00,-11638475.91,-2361429.895,-12515578.45,-7219228.537
06/11/2019 10:00,-12447458.68,-2525571.327,-13385528.03,-7721032.341
06/11/2019 11:00,-12841530.0,-2605527.826,-13809297.48,-7965470.781
06/11/2019 12:00,-12879421.46,-2613215.949,-13850044.53,-7988974.474
06/11/2019 13:00,-12936258.67,-2624748.135,-13911165.12,-8024230.013
06/11/2019 14:00,-12597130.15,-2555939.45,-13546479.09,-7813872.034
06/11/2019 15:00,-12352730.01,-2506351.017,-13283660.39,-7662273.109
06/11/2019 16:00,-12259896.03,-2487515.137,-13183830.23,-7604689.133
06/11/2019 17:00,-12184113.1,-2472138.89,-13102336.11,-7557681.748
06/11/2019 18:00,-12222004.57,-2479827.013,-13143083.17,-7581185.441
06/11/2019 19:00,-12504295.88,-2537103.512,-13446648.62,-7756287.88
06/11/2019 20:00,-13125716.0,-2663188.753,-14114900.39,-8141748.475
06/11/2019 21:00,-13519787.32,-2743145.252,-14538669.84,-8386186.914
06/11/2019 22:00,-12936258.67,-2624748.135,-13911165.12,-8024230.013
06/11/2019 23:00,-12485350.15,-2533259.45,-13426275.09,-7744536.034
07/11/2019 00:00,-10943167.55,-2220352.836,-11767870.03,-6787935.813
07/11/2019 01:00,-10094398.63,-2048138.852,-10855135.91,-6261453.06
07/11/2019 02:00,-9925781.711,-2013926.724,-10673811.64,-6156861.699
07/11/2019 03:00,-9774215.841,-1983174.229,-10510823.41,-6062846.928
07/11/2019 04:00,-9605598.93,-1948962.102,-10329499.14,-5958255.568
07/11/2019 05:00,-9548761.729,-1937429.916,-10268378.56,-5923000.029
07/11/2019 06:00,-9662436.131,-1960494.288,-10390619.72,-5993511.108
07/11/2019 07:00,-10094398.63,-2048138.852,-10855135.91,-6261453.06
07/11/2019 08:00,-10696872.72,-2170379.973,-11503013.85,-6635161.631
07/11/2019 09:00,-11638475.91,-2361429.895,-12515578.45,-7219228.537
07/11/2019 10:00,-12447458.68,-2525571.327,-13385528.03,-7721032.341
07/11/2019 11:00,-12841530.0,-2605527.826,-13809297.48,-7965470.781
07/11/2019 12:00,-12879421.46,-2613215.949,-13850044.53,-7988974.474
07/11/2019 13:00,-12936258.67,-2624748.135,-13911165.12,-8024230.013
07/11/2019 14:00,-12597130.15,-2555939.45,-13546479.09,-7813872.034
07/11/2019 15:00,-12352730.01,-2506351.017,-13283660.39,-7662273.109
07/11/2019 16:00,-12259896.03,-2487515.137,-13183830.23,-7604689.133
07/11/2019 17:00,-12184113.1,-2472138.89,-13102336.11,-7557681.748
07/11/2019 18:00,-12222004.57,-2479827.013,-13143083.17,-7581185.441
07/11/2019 19:00,-12504295.88,-2537103.512,-13446648.62,-7756287.88
07/11/2019 20:00,-13125716.0,-2663188.753,-14114900.39,-8141748.475
07/11/2019 21:00,-13519787.32,-2743145.252,-14538669.84,-8386186.914
07/11/2019 22:00,-12936258.67,-2624748.135,-13911165.12,-8024230.013
07/11/2019 23:00,-12485350.15,-2533259.45,-13426275.09,-7744536.034
08/11/2019 00:00,-10943167.55,-2220352.836,-11767870.03,-6787935.813
08/11/2019 01:00,-10094398.63,-2048138.852,-10855135.91,-6261453.06
08/11/2019 02:00,-9925781.711,-2013926.724,-10673811.64,-6156861.699
08/11/2019 03:00,-9774215.841,-1983174.229,-10510823.41,-6062846.928
08/11/2019 04:00,-9605598.93,-1948962.102,-10329499.14,-5958255.568
08/11/2019 05:00,-9548761.729,-1937429.916,-10268378.56,-5923000.029
08/11/2019 06:00,-9662436.131,-1960494.288,-10390619.72,-5993511.108
08/11/2019 07:00,-10094398.63,-2048138.852,-10855135.91,-6261453.06
08/11/2019 08:00,-10696872.72,-2170379.973,-11503013.85,-6635161.631
08/11/2019 09:00,-11638475.91,-2361429.895,-12515578.45,-7219228.537
08/11/2019 10:00,-12447458.68,-2525571.327,-13385528.03,-7721032.341
08/11/2019 11:00,-12841530.0,-2605527.826,-13809297.48,-7965470.781
08/11/2019 12:00,-12879421.46,-2613215.949,-13850044.53,-7988974.474
08/11/2019 13:00,-12936258.67,-2624748.135,-13911165.12,-8024230.013
08/11/2019 14:00,-12597130.15,-2555939.45,-13546479.09,-7813872.034
08/11/2019 15:00,-12352730.01,-2506351.017,-13283660.39,-7662273.109
08/11/2019 16:00,-12259896.03,-2487515.137,-13183830.23,-7604689.133
08/11/2019 17:00,-12184113.1,-2472138.89,-13102336.11,-7557681.748
08/11/2019 18:00,-12222004.57,-2479827.013,-13143083.17,-7581185.441
08/11/2019 19:00,-12504295.88,-2537103.512,-13446648.62,-7756287.88
08/11/2019 20:00,-13125716.0,-2663188.753,-14114900.39,-8141748.475
08/11/2019 21:00,-13519787.32,-2743145.252,-14538669.84,-8386186.914
08/11/2019 22:00,-12936258.67,-2624748.135,-13911165.12,-8024230.013
08/11/2019 23:00,-12485350.15,-2533259.45,-13426275.09,-7744536.034
09/11/2019 00:00,-10943167.55,-2220352.836,-11767870.03,-6787935.813
09/11/2019 01:00,-10094398.63,-2048138.852,-10855135.91,-6261453.06
09/11/2019 02:00,-9925781.711,-2013926.724,-10673811.64,-6156861.699
09/11/2019 03:00,-9774215.841,-1983174.229,-10510823.41,-6062846.928
09/11/2019 04:00,-9605598.93,-1948962.102,-10329499.14,-5958255.568
09/11/2019 05:00,-9548761.729,-1937429.916,-10268378.56,-5923000.029
09/11/2019 06:00,-9662436.131,-1960494.288,-10390619.72,-5993511.108
09/11/2019 07:00,-10094398.63,-2048138.852,-10855135.91,-6261453.06
09/11/2019 08:00,-10696872.72,-2170379.973,-11503013.85,-6635161.631
09/11/2019 09:00,-11638475.91,-2361429.895,-12515578.45,-7219228.537
09/11/2019 10:00,-12447458.68,-2525571.327,-13385528.03,-7721032.341
09/11/2019 11:00,-12841530.0,-2605527.826,-13809297.48,-7965470.781
09/11/2019 12:00,-12879421.46,-2613215.949,-13850044.53,-7988974.474
09/11/2019 13:00,-12936258.67,-2624748.135,-13911165.12,-8024230.013
09/11/2019 14:00,-12597130.15,-2555939.45,-13546479.09,-7813872.034
09/11/2019 15:00,-12352730.01,-2506351.017,-13283660.39,-7662273.109
09/11/2019 16:00,-12259896.03,-2487515.137,-13183830.23,-7604689.133
09/11/2019 17:00,-12184113.1,-2472138.89,-13102336.11,-7557681.748
09/11/2019 18:00,-12222004.57,-2479827.013,-13143083.17,-7581185.441
09/11/2019 19:00,-12504295.88,-2537103.512,-13446648.62,-7756287.88
09/11/2019 20:00,-13125716.0,-2663188.753,-14114900.39,-8141748.475
09/11/2019 21:00,-13519787.32,-2743145.252,-14538669.84,-8386186.914
09/11/2019 22:00,-12936258.67,-2624748.135,-13911165.12,-8024230.013
09/11/2019 23:00,-12485350.15,-2533259.45,-13426275.09,-7744536.034
10/11/2019 00:00,-10943167.55,-2220352.836,-11767870.03,-6787935.813
10/11/2019 01:00,-10094398.63,-2048138.852,-10855135.91,-6261453.06
10/11/2019 02:00,-9925781.711,-2013926.724,-10673811.64,-6156861.699
10/11/2019 03:00,-9774215.841,-1983174.229,-10510823.41,-6062846.928
10/11/2019 04:00,-9605598.93,-1948962.102,-10329499.14,-5958255.568
10/11/2019 05:00,-9548761.729,-1937429.916,-10268378.56,-5923000.029
10/11/2019 06:00,-9662436.131,-1960494.288,-10390619.72,-5993511.108
10/11/2019 07:00,-10094398.63,-2048138.852,-10855135.91,-6261453.06
10/11/2019 08:00,-10696872.72,-2170379.973,-11503013.85,-6635161.631
10/11/2019 09:00,-11638475.91,-2361429.895,-12515578.45,-7219228.537
10/11/2019 10:00,-12447458.68,-2525571.327,-13385528.03,-7721032.341
10/11/2019 11:00,-12841530.0,-2605527.826,-13809297.48,-7965470.781
10/11/2019 12:00,-12879421.46,-2613215.949,-13850044.53,-7988974.474
10/11/2019 13:00,-12936258.67,-2624748.135,-13911165.12,-8024230.013
10/11/2019 14:00,-12597130.15,-2555939.45,-13546479.09,-7813872.034
10/11/2019 15:00,-12352730.01,-2506351.017,-13283660.39,-7662273.109
10/11/2019 16:00,-12259896.03,-2487515.137,-13183830.23,-7604689.133
10/11/2019 17:00,-12184113.1,-2472138.89,-13102336.11,-7557681.748
10/11/2019 18:00,-12222004.57,-2479827.013,-13143083.17,-7581185.441
10/11/2019 19:00,-12504295.88,-2537103.512,-13446648.62,-7756287.88
10/11/2019 20:00,-13125716.0,-2663188.753,-14114900.39,-8141748.475
10/11/2019 21:00,-13519787.32,-2743145.252,-14538669.84,-8386186.914
10/11/2019 22:00,-12936258.67,-2624748.135,-13911165.12,-8024230.013
10/11/2019 23:00,-12485350.15,-2533259.45,-13426275.09,-7744536.034
11/11/2019 00:00,-10943167.55,-2220352.836,-11767870.03,-6787935.813
11/11/2019 01:00,-10094398.63,-2048138.852,-10855135.91,-6261453.06
11/11/2019 02:00,-9925781.711,-2013926.724,-10673811.64,-6156861.699
11/11/2019 03:00,-9774215.841,-1983174.229,-10510823.41,-6062846.928
11/11/2019 04:00,-9605598.93,-1948962.102,-10329499.14,-5958255.568
11/11/2019 05:00,-9548761.729,-1937429.916,-10268378.56,-5923000.029
11/11/2019 06:00,-9662436.131,-1960494.288,-10390619.72,-5993511.108
11/11/2019 07:00,-10094398.63,-2048138.852,-10855135.91,-6261453.06
11/11/2019 08:00,-10696872.72,-2170379.973,-11503013.85,-6635161.631
11/11/2019 09:00,-11638475.91,-2361429.895,-12515578.45,-7219228.537
11/11/2019 10:00,-12447458.68,-2525571.327,-13385528.03,-7721032.341
11/11/2019 11:00,-12841530.0,-2605527.826,-13809297.48,-7965470.781
11/11/2019 12:00,-12879421.46,-2613215.949,-13850044.53,-7988974.474
11/11/2019 13:00,-12936258.67,-2624748.135,-13911165.12,-8024230.013
11/11/2019 14:00,-12597130.15,-2555939.45,-13546479.09,-7813872.034
11/11/2019 15:00,-12352730.01,-2506351.017,-13283660.39,-7662273.109
11/11/2019 16:00,-12259896.03,-2487515.137,-13183830.23,-7604689.133
11/11/2019 17:00,-12184113.1,-2472138.89,-13102336.11,-7557681.748
11/11/2019 18:00,-12222004.57,-2479827.013,-13143083.17,-7581185.441
11/11/2019 19:00,-12504295.88,-2537103.512,-13446648.62,-7756287.88
11/11/2019 20:00,-13125716.0,-2663188.753,-14114900.39,-8141748.475
11/11/2019 21:00,-13519787.32,-2743145.252,-14538669.84,-8386186.914
11/11/2019 22:00,-12936258.67,-2624748.135,-13911165.12,-8024230.013
11/11/2019 23:00,-12485350.15,-2533259.45,-13426275.09,-7744536.034
12/11/2019 00:00,-10961389.32,-2224050.007,-11787465.03,-6799238.591
12/11/2019 01:00,-10111207.09,-2051549.264,-10873211.1,-6271879.179
12/11/2019 02:00,-9942309.405,-2017280.169,-10691584.9,-6167113.66
12/11/2019 03:00,-9790491.161,-1986476.468,-10528325.28,-6072942.344
12/11/2019 04:00,-9621593.479,-1952207.373,-10346699.07,-5968176.825
12/11/2019 05:00,-9564661.637,-1940655.984,-10285476.72,-5932862.581
12/11/2019 06:00,-9678525.32,-1963758.761,-10407921.43,-6003491.068
12/11/2019 07:00,-10111207.09,-2051549.264,-10873211.1,-6271879.179
12/11/2019 08:00,-10714684.38,-2173993.933,-11522167.84,-6646210.023
12/11/2019 09:00,-11657855.46,-2365361.978,-12536418.48,-7231249.476
12/11/2019 10:00,-12468185.29,-2529776.725,-13407816.64,-7733888.845
12/11/2019 11:00,-12862912.78,-2609866.362,-13832291.72,-7978734.306
12/11/2019 12:00,-12900867.34,-2617567.287,-13873106.62,-8002277.135
12/11/2019 13:00,-12957799.19,-2629118.675,-13934328.98,-8037591.379
12/11/2019 14:00,-12618105.98,-2560195.416,-13569035.71,-7826883.129
12/11/2019 15:00,-12373298.89,-2510524.412,-13305779.38,-7675031.772
12/11/2019 16:00,-12280310.32,-2491657.167,-13205782.99,-7617351.911
12/11/2019 17:00,-12204401.2,-2476255.317,-13124153.18,-7570266.253
12/11/2019 18:00,-12242355.76,-2483956.242,-13164968.08,-7593809.082
12/11/2019 19:00,-12525117.13,-2541328.113,-13469039.0,-7769203.089
12/11/2019 20:00,-13147571.99,-2667623.303,-14138403.51,-8155305.527
12/11/2019 21:00,-13542299.49,-2747712.94,-14562878.58,-8400150.988
12/11/2019 22:00,-12957799.19,-2629118.675,-13934328.98,-8037591.379
12/11/2019 23:00,-12506139.85,-2537477.65,-13448631.55,-7757431.674
13/11/2019 00:00,-10961389.32,-2224050.007,-11787465.03,-6799238.591
13/11/2019 01:00,-10111207.09,-2051549.264,-10873211.1,-6271879.179
13/11/2019 02:00,-9942309.405,-2017280.169,-10691584.9,-6167113.66
13/11/2019 03:00,-9790491.161,-1986476.468,-10528325.28,-6072942.344
13/11/2019 04:00,-9621593.479,-1952207.373,-10346699.07,-5968176.825
13/11/2019 05:00,-9564661.637,-1940655.984,-10285476.72,-5932862.581
13/11/2019 06:00,-9678525.32,-1963758.761,-10407921.43,-6003491.068
13/11/2019 07:00,-10111207.09,-2051549.264,-10873211.1,-6271879.179
13/11/2019 08:00,-10714684.38,-2173993.933,-11522167.84,-6646210.023
13/11/2019 09:00,-11657855.46,-2365361.978,-12536418.48,-7231249.476
13/11/2019 10:00,-12468185.29,-2529776.725,-13407816.64,-7733888.845
13/11/2019 11:00,-12862912.78,-2609866.362,-13832291.72,-7978734.306
13/11/2019 12:00,-12900867.34,-2617567.287,-13873106.62,-8002277.135
13/11/2019 13:00,-12957799.19,-2629118.675,-13934328.98,-8037591.379
13/11/2019 14:00,-12618105.98,-2560195.416,-13569035.71,-7826883.129
13/11/2019 15:00,-12373298.89,-2510524.412,-13305779.38,-7675031.772
13/11/2019 16:00,-12280310.32,-2491657.167,-13205782.99,-7617351.911
13/11/2019 17:00,-12204401.2,-2476255.317,-13124153.18,-7570266.253
13/11/2019 18:00,-12242355.76,-2483956.242,-13164968.08,-7593809.082
13/11/2019 19:00,-12525117.13,-2541328.113,-13469039.0,-7769203.089
13/11/2019 20:00,-13147571.99,-2667623.303,-14138403.51,-8155305.527
13/11/2019 21:00,-13542299.49,-2747712.94,-14562878.58,-8400150.988
13/11/2019 22:00,-12957799.19,-2629118.675,-13934328.98,-8037591.379
13/11/2019 23:00,-12506139.85,-2537477.65,-13448631.55,-7757431.674
14/11/2019 00:00,-10961389.32,-2224050.007,-11787465.03,-6799238.591
14/11/2019 01:00,-10111207.09,-2051549.264,-10873211.1,-6271879.179
14/11/2019 02:00,-9942309.405,-2017280.169,-10691584.9,-6167113.66
14/11/2019 03:00,-9790491.161,-1986476.468,-10528325.28,-6072942.344
14/11/2019 04:00,-9621593.479,-1952207.373,-10346699.07,-5968176.825
14/11/2019 05:00,-9564661.637,-1940655.984,-10285476.72,-5932862.581
14/11/2019 06:00,-9678525.32,-1963758.761,-10407921.43,-6003491.068
14/11/2019 07:00,-10111207.09,-2051549.264,-10873211.1,-6271879.179
14/11/2019 08:00,-10714684.38,-2173993.933,-11522167.84,-6646210.023
14/11/2019 09:00,-11657855.46,-2365361.978,-12536418.48,-7231249.476
14/11/2019 10:00,-12468185.29,-2529776.725,-13407816.64,-7733888.845
14/11/2019 11:00,-12862912.78,-2609866.362,-13832291.72,-7978734.306
14/11/2019 12:00,-12900867.34,-2617567.287,-13873106.62,-8002277.135
14/11/2019 13:00,-12957799.19,-2629118.675,-13934328.98,-8037591.379
14/11/2019 14:00,-12618105.98,-2560195.416,-13569035.71,-7826883.129
14/11/2019 15:00,-12373298.89,-2510524.412,-13305779.38,-7675031.772
14/11/2019 16:00,-12280310.32,-2491657.167,-13205782.99,-7617351.911
14/11/2019 17:00,-12204401.2,-2476255.317,-13124153.18,-7570266.253
14/11/2019 18:00,-12242355.76,-2483956.242,-13164968.08,-7593809.082
14/11/2019 19:00,-12525117.13,-2541328.113,-13469039.0,-7769203.089
14/11/2019 20:00,-13147571.99,-2667623.303,-14138403.51,-8155305.527
14/11/2019 21:00,-13542299.49,-2747712.94,-14562878.58,-8400150.988
14/11/2019 22:00,-12957799.19,-2629118.675,-13934328.98,-8037591.379
14/11/2019 23:00,-12506139.85,-2537477.65,-13448631.55,-7757431.674
15/11/2019 00:00,-10961389.32,-2224050.007,-11787465.03,-6799238.591
15/11/2019 01:00,-10111207.09,-2051549.264,-10873211.1,-6271879.179
15/11/2019 02:00,-9942309.405,-2017280.169,-10691584.9,-6167113.66
15/11/2019 03:00,-9790491.161,-1986476.468,-10528325.28,-6072942.344
15/11/2019 04:00,-9621593.479,-1952207.373,-10346699.07,-5968176.825
15/11/2019 05:00,-9564661.637,-1940655.984,-10285476.72,-5932862.581
15/11/2019 06:00,-9678525.32,-1963758.761,-10407921.43,-6003491.068
15/11/2019 07:00,-10111207.09,-2051549.264,-10873211.1,-6271879.179
15/11/2019 08:00,-10714684.38,-2173993.933,-11522167.84,-6646210.023
15/11/2019 09:00,-11657855.46,-2365361.978,-12536418.48,-7231249.476
15/11/2019 10:00,-12468185.29,-2529776.725,-13407816.64,-7733888.845
15/11/2019 11:00,-12862912.78,-2609866.362,-13832291.72,-7978734.306
15/11/2019 12:00,-12900867.34,-2617567.287,-13873106.62,-8002277.135
15/11/2019 13:00,-12957799.19,-2629118.675,-13934328.98,-8037591.379
15/11/2019 14:00,-12618105.98,-2560195.416,-13569035.71,-7826883.129
15/11/2019 15:00,-12373298.89,-2510524.412,-13305779.38,-7675031.772
15/11/2019 16:00,-12280310.32,-2491657.167,-13205782.99,-7617351.911
15/11/2019 17:00,-12204401.2,-2476255.317,-13124153.18,-7570266.253
15/11/2019 18:00,-12242355.76,-2483956.242,-13164968.08,-7593809.082
15/11/2019 19:00,-12525117.13,-2541328.113,-13469039.0,-7769203.089
15/11/2019 20:00,-13147571.99,-2667623.303,-14138403.51,-8155305.527
15/11/2019 21:00,-13542299.49,-2747712.94,-14562878.58,-8400150.988
15/11/2019 22:00,-12957799.19,-2629118.675,-13934328.98,-8037591.379
15/11/2019 23:00,-12506139.85,-2537477.65,-13448631.55,-7757431.674
16/11/2019 00:00,-10961389.32,-2224050.007,-11787465.03,-6799238.591
16/11/2019 01:00,-10111207.09,-2051549.264,-10873211.1,-6271879.179
16/11/2019 02:00,-9942309.405,-2017280.169,-10691584.9,-6167113.66
16/11/2019 03:00,-9790491.161,-1986476.468,-10528325.28,-6072942.344
16/11/2019 04:00,-9621593.479,-1952207.373,-10346699.07,-5968176.825
16/11/2019 05:00,-9564661.637,-1940655.984,-10285476.72,-5932862.581
16/11/2019 06:00,-9678525.32,-1963758.761,-10407921.43,-6003491.068
16/11/2019 07:00,-10111207.09,-2051549.264,-10873211.1,-6271879.179
16/11/2019 08:00,-10714684.38,-2173993.933,-11522167.84,-6646210.023
16/11/2019 09:00,-11657855.46,-2365361.978,-12536418.48,-7231249.476
16/11/2019 10:00,-12468185.29,-2529776.725,-13407816.64,-7733888.845
16/11/2019 11:00,-12862912.78,-2609866.362,-13832291.72,-7978734.306
16/11/2019 12:00,-12900867.34,-2617567.287,-13873106.62,-8002277.135
16/11/2019 13:00,-12957799.19,-2629118.675,-13934328.98,-8037591.379
16/11/2019 14:00,-12618105.98,-2560195.416,-13569035.71,-7826883.129
16/11/2019 15:00,-12373298.89,-2510524.412,-13305779.38,-7675031.772
16/11/2019 16:00,-12280310.32,-2491657.167,-13205782.99,-7617351.911
16/11/2019 17:00,-12204401.2,-2476255.317,-13124153.18,-7570266.253
16/11/2019 18:00,-12242355.76,-2483956.242,-13164968.08,-7593809.082
16/11/2019 19:00,-12525117.13,-2541328.113,-13469039.0,-7769203.089
16/11/2019 20:00,-13147571.99,-2667623.303,-14138403.51,-8155305.527
16/11/2019 21:00,-13542299.49,-2747712.94,-14562878.58,-8400150.988
16/11/2019 22:00,-12957799.19,-2629118.675,-13934328.98,-8037591.379
16/11/2019 23:00,-12506139.85,-2537477.65,-13448631.55,-7757431.674
17/11/2019 00:00,-10961389.32,-2224050.007,-11787465.03,-6799238.591
17/11/2019 01:00,-10111207.09,-2051549.264,-10873211.1,-6271879.179
17/11/2019 02:00,-9942309.405,-2017280.169,-10691584.9,-6167113.66
17/11/2019 03:00,-9790491.161,-1986476.468,-10528325.28,-6072942.344
17/11/2019 04:00,-9621593.479,-1952207.373,-10346699.07,-5968176.825
17/11/2019 05:00,-9564661.637,-1940655.984,-10285476.72,-5932862.581
17/11/2019 06:00,-9678525.32,-1963758.761,-10407921.43,-6003491.068
17/11/2019 07:00,-10111207.09,-2051549.264,-10873211.1,-6271879.179
17/11/2019 08:00,-10714684.38,-2173993.933,-11522167.84,-6646210.023
17/11/2019 09:00,-11657855.46,-2365361.978,-12536418.48,-7231249.476
17/11/2019 10:00,-12468185.29,-2529776.725,-13407816.64,-7733888.845
17/11/2019 11:00,-12862912.78,-2609866.362,-13832291.72,-7978734.306
17/11/2019 12:00,-12900867.34,-2617567.287,-13873106.62,-8002277.135
17/11/2019 13:00,-12957799.19,-2629118.675,-13934328.98,-8037591.379
17/11/2019 14:00,-12618105.98,-2560195.416,-13569035.71,-7826883.129
17/11/2019 15:00,-12373298.89,-2510524.412,-13305779.38,-7675031.772
17/11/2019 16:00,-12280310.32,-2491657.167,-13205782.99,-7617351.911
17/11/2019 17:00,-12204401.2,-2476255.317,-13124153.18,-7570266.253
17/11/2019 18:00,-12242355.76,-2483956.242,-13164968.08,-7593809.082
17/11/2019 19:00,-12525117.13,-2541328.113,-13469039.0,-7769203.089
17/11/2019 20:00,-13147571.99,-2667623.303,-14138403.51,-8155305.527
17/11/2019 21:00,-13542299.49,-2747712.94,-14562878.58,-8400150.988
17/11/2019 22:00,-12957799.19,-2629118.675,-13934328.98,-8037591.379
17/11/2019 23:00,-12506139.85,-2537477.65,-13448631.55,-7757431.674
18/11/2019 00:00,-10961389.32,-2224050.007,-11787465.03,-6799238.591
18/11/2019 01:00,-10111207.09,-2051549.264,-10873211.1,-6271879.179
18/11/2019 02:00,-9942309.405,-2017280.169,-10691584.9,-6167113.66
18/11/2019 03:00,-9790491.161,-1986476.468,-10528325.28,-6072942.344
18/11/2019 04:00,-9621593.479,-1952207.373,-10346699.07,-5968176.825
18/11/2019 05:00,-9564661.637,-1940655.984,-10285476.72,-5932862.581
18/11/2019 06:00,-9678525.32,-1963758.761,-10407921.43,-6003491.068
18/11/2019 07:00,-10111207.09,-2051549.264,-10873211.1,-6271879.179
18/11/2019 08:00,-10714684.38,-2173993.933,-11522167.84,-6646210.023
18/11/2019 09:00,-11657855.46,-2365361.978,-12536418.48,-7231249.476
18/11/2019 10:00,-12468185.29,-2529776.725,-13407816.64,-7733888.845
18/11/2019 11:00,-12862912.78,-2609866.362,-13832291.72,-7978734.306
18/11/2019 12:00,-12900867.34,-2617567.287,-13873106.62,-8002277.135
18/11/2019 13:00,-12957799.19,-2629118.675,-13934328.98,-8037591.379
18/11/2019 14:00,-12618105.98,-2560195.416,-13569035.71,-7826883.129
18/11/2019 15:00,-12373298.89,-2510524.412,-13305779.38,-7675031.772
18/11/2019 16:00,-12280310.32,-2491657.167,-13205782.99,-7617351.911
18/11/2019 17:00,-12204401.2,-2476255.317,-13124153.18,-7570266.253
18/11/2019 18:00,-12242355.76,-2483956.242,-13164968.08,-7593809.082
18/11/2019 19:00,-12525117.13,-2541328.113,-13469039.0,-7769203.089
18/11/2019 20:00,-13147571.99,-2667623.303,-14138403.51,-8155305.527
18/11/2019 21:00,-13542299.49,-2747712.94,-14562878.58,-8400150.988
18/11/2019 22:00,-12957799.19,-2629118.675,-13934328.98,-8037591.379
18/11/2019 23:00,-12506139.85,-2537477.65,-13448631.55,-7757431.674
19/11/2019 00:00,-10901257.69,-2211849.387,-11722801.75,-6761939.555
19/11/2019 01:00,-10055739.37,-2040294.944,-10813563.2,-6237473.115
19/11/2019 02:00,-9887768.217,-2006213.841,-10632933.36,-6133282.314
19/11/2019 03:00,-9736782.81,-1975579.121,-10470569.34,-6039627.598
19/11/2019 04:00,-9568811.663,-1941498.019,-10289939.5,-5935436.8
19/11/2019 05:00,-9512192.136,-1930009.999,-10229052.99,-5900316.282
19/11/2019 06:00,-9625431.19,-1952986.039,-10350826.0,-5970557.318
19/11/2019 07:00,-10055739.37,-2040294.944,-10813563.2,-6237473.115
19/11/2019 08:00,-10655906.12,-2162067.909,-11458959.92,-6609750.466
19/11/2019 09:00,-11593903.19,-2352386.154,-12467646.62,-7191580.529
19/11/2019 10:00,-12399787.73,-2515898.96,-13334264.49,-7691462.536
19/11/2019 11:00,-12792349.85,-2595549.244,-13756411.0,-7934964.833
19/11/2019 12:00,-12830096.2,-2603207.924,-13797002.0,-7958378.511
19/11/2019 13:00,-12886715.72,-2614695.944,-13857888.5,-7993499.029
19/11/2019 14:00,-12548885.99,-2546150.781,-13494599.14,-7783946.674
19/11/2019 15:00,-12305421.86,-2496752.261,-13232786.98,-7632928.34
19/11/2019 16:00,-12212943.41,-2477988.518,-13133339.14,-7575564.898
19/11/2019 17:00,-12137450.71,-2462671.158,-13052157.14,-7528737.54
19/11/2019 18:00,-12175197.06,-2470329.838,-13092748.14,-7552151.218
19/11/2019 19:00,-12456407.26,-2527386.98,-13395151.0,-7726583.054
19/11/2019 20:00,-13075447.48,-2652989.345,-14060843.53,-8110567.425
19/11/2019 21:00,-13468009.59,-2732639.628,-14482990.03,-8354069.72
19/11/2019 22:00,-12886715.72,-2614695.944,-13857888.5,-7993499.029
19/11/2019 23:00,-12437534.09,-2523557.641,-13374855.5,-7714876.216
20/11/2019 00:00,-10901257.69,-2211849.387,-11722801.75,-6761939.555
20/11/2019 01:00,-10055739.37,-2040294.944,-10813563.2,-6237473.115
20/11/2019 02:00,-9887768.217,-2006213.841,-10632933.36,-6133282.314
20/11/2019 03:00,-9736782.81,-1975579.121,-10470569.34,-6039627.598
20/11/2019 04:00,-9568811.663,-1941498.019,-10289939.5,-5935436.8
20/11/2019 05:00,-9512192.136,-1930009.999,-10229052.99,-5900316.282
20/11/2019 06:00,-9625431.19,-1952986.039,-10350826.0,-5970557.318
20/11/2019 07:00,-10055739.37,-2040294.944,-10813563.2,-6237473.115
20/11/2019 08:00,-10655906.12,-2162067.909,-11458959.92,-6609750.466
20/11/2019 09:00,-11593903.19,-2352386.154,-12467646.62,-7191580.529
20/11/2019 10:00,-12399787.73,-2515898.96,-13334264.49,-7691462.536
20/11/2019 11:00,-12792349.85,-2595549.244,-13756411.0,-7934964.833
20/11/2019 12:00,-12830096.2,-2603207.924,-13797002.0,-7958378.511
20/11/2019 13:00,-12886715.72,-2614695.944,-13857888.5,-7993499.029
20/11/2019 14:00,-12548885.99,-2546150.781,-13494599.14,-7783946.674
20/11/2019 15:00,-12305421.86,-2496752.261,-13232786.98,-7632928.34
20/11/2019 16:00,-12212943.41,-2477988.518,-13133339.14,-7575564.898
20/11/2019 17:00,-12137450.71,-2462671.158,-13052157.14,-7528737.54
20/11/2019 18:00,-12175197.06,-2470329.838,-13092748.14,-7552151.218
20/11/2019 19:00,-12456407.26,-2527386.98,-13395151.0,-7726583.054
20/11/2019 20:00,-13075447.48,-2652989.345,-14060843.53,-8110567.425
20/11/2019 21:00,-13468009.59,-2732639.628,-14482990.03,-8354069.72
20/11/2019 22:00,-12886715.72,-2614695.944,-13857888.5,-7993499.029
20/11/2019 23:00,-12437534.09,-2523557.641,-13374855.5,-7714876.216
21/11/2019 00:00,-10901257.69,-2211849.387,-11722801.75,-6761939.555
21/11/2019 01:00,-10055739.37,-2040294.944,-10813563.2,-6237473.115
21/11/2019 02:00,-9887768.217,-2006213.841,-10632933.36,-6133282.314
21/11/2019 03:00,-9736782.81,-1975579.121,-10470569.34,-6039627.598
21/11/2019 04:00,-9568811.663,-1941498.019,-10289939.5,-5935436.8
21/11/2019 05:00,-9512192.136,-1930009.999,-10229052.99,-5900316.282
21/11/2019 06:00,-9625431.19,-1952986.039,-10350826.0,-5970557.318
21/11/2019 07:00,-10055739.37,-2040294.944,-10813563.2,-6237473.115
21/11/2019 08:00,-10655906.12,-2162067.909,-11458959.92,-6609750.466
21/11/2019 09:00,-11593903.19,-2352386.154,-12467646.62,-7191580.529
21/11/2019 10:00,-12399787.73,-2515898.96,-13334264.49,-7691462.536
21/11/2019 11:00,-12792349.85,-2595549.244,-13756411.0,-7934964.833
21/11/2019 12:00,-12830096.2,-2603207.924,-13797002.0,-7958378.511
21/11/2019 13:00,-12886715.72,-2614695.944,-13857888.5,-7993499.029
21/11/2019 14:00,-12548885.99,-2546150.781,-13494599.14,-7783946.674
21/11/2019 15:00,-12305421.86,-2496752.261,-13232786.98,-7632928.34
21/11/2019 16:00,-12212943.41,-2477988.518,-13133339.14,-7575564.898
21/11/2019 17:00,-12137450.71,-2462671.158,-13052157.14,-7528737.54
21/11/2019 18:00,-12175197.06,-2470329.838,-13092748.14,-7552151.218
21/11/2019 19:00,-12456407.26,-2527386.98,-13395151.0,-7726583.054
21/11/2019 20:00,-13075447.48,-2652989.345,-14060843.53,-8110567.425
21/11/2019 21:00,-13468009.59,-2732639.628,-14482990.03,-8354069.72
21/11/2019 22:00,-12886715.72,-2614695.944,-13857888.5,-7993499.029
21/11/2019 23:00,-12437534.09,-2523557.641,-13374855.5,-7714876.216
22/11/2019 00:00,-10901257.69,-2211849.387,-11722801.75,-6761939.555
22/11/2019 01:00,-10055739.37,-2040294.944,-10813563.2,-6237473.115
22/11/2019 02:00,-9887768.217,-2006213.841,-10632933.36,-6133282.314
22/11/2019 03:00,-9736782.81,-1975579.121,-10470569.34,-6039627.598
22/11/2019 04:00,-9568811.663,-1941498.019,-10289939.5,-5935436.8
22/11/2019 05:00,-9512192.136,-1930009.999,-10229052.99,-5900316.282
22/11/2019 06:00,-9625431.19,-1952986.039,-10350826.0,-5970557.318
22/11/2019 07:00,-10055739.37,-2040294.944,-10813563.2,-6237473.115
22/11/2019 08:00,-10655906.12,-2162067.909,-11458959.92,-6609750.466
22/11/2019 09:00,-11593903.19,-2352386.154,-12467646.62,-7191580.529
22/11/2019 10:00,-12399787.73,-2515898.96,-13334264.49,-7691462.536
22/11/2019 11:00,-12792349.85,-2595549.244,-13756411.0,-7934964.833
22/11/2019 12:00,-12830096.2,-2603207.924,-13797002.0,-7958378.511
22/11/2019 13:00,-12886715.72,-2614695.944,-13857888.5,-7993499.029
22/11/2019 14:00,-12548885.99,-2546150.781,-13494599.14,-7783946.674
22/11/2019 15:00,-12305421.86,-2496752.261,-13232786.98,-7632928.34
22/11/2019 16:00,-12212943.41,-2477988.518,-13133339.14,-7575564.898
22/11/2019 17:00,-12137450.71,-2462671.158,-13052157.14,-7528737.54
22/11/2019 18:00,-12175197.06,-2470329.838,-13092748.14,-7552151.218
22/11/2019 19:00,-12456407.26,-2527386.98,-13395151.0,-7726583.054
22/11/2019 20:00,-13075447.48,-2652989.345,-14060843.53,-8110567.425
22/11/2019 21:00,-13468009.59,-2732639.628,-14482990.03,-8354069.72
22/11/2019 22:00,-12886715.72,-2614695.944,-13857888.5,-7993499.029
22/11/2019 23:00,-12437534.09,-2523557.641,-13374855.5,-7714876.216
23/11/2019 00:00,-10901257.69,-2211849.387,-11722801.75,-6761939.555
23/11/2019 01:00,-10055739.37,-2040294.944,-10813563.2,-6237473.115
23/11/2019 02:00,-9887768.217,-2006213.841,-10632933.36,-6133282.314
23/11/2019 03:00,-9736782.81,-1975579.121,-10470569.34,-6039627.598
23/11/2019 04:00,-9568811.663,-1941498.019,-10289939.5,-5935436.8
23/11/2019 05:00,-9512192.136,-1930009.999,-10229052.99,-5900316.282
23/11/2019 06:00,-9625431.19,-1952986.039,-10350826.0,-5970557.318
23/11/2019 07:00,-10055739.37,-2040294.944,-10813563.2,-6237473.115
23/11/2019 08:00,-10655906.12,-2162067.909,-11458959.92,-6609750.466
23/11/2019 09:00,-11593903.19,-2352386.154,-12467646.62,-7191580.529
23/11/2019 10:00,-12399787.73,-2515898.96,-13334264.49,-7691462.536
23/11/2019 11:00,-12792349.85,-2595549.244,-13756411.0,-7934964.833
23/11/2019 12:00,-12830096.2,-2603207.924,-13797002.0,-7958378.511
23/11/2019 13:00,-12886715.72,-2614695.944,-13857888.5,-7993499.029
23/11/2019 14:00,-12548885.99,-2546150.781,-13494599.14,-7783946.674
23/11/2019 15:00,-12305421.86,-2496752.261,-13232786.98,-7632928.34
23/11/2019 16:00,-12212943.41,-2477988.518,-13133339.14,-7575564.898
23/11/2019 17:00,-12137450.71,-2462671.158,-13052157.14,-7528737.54
23/11/2019 18:00,-12175197.06,-2470329.838,-13092748.14,-7552151.218
23/11/2019 19:00,-12456407.26,-2527386.98,-13395151.0,-7726583.054
23/11/2019 20:00,-13075447.48,-2652989.345,-14060843.53,-8110567.425
23/11/2019 21:00,-13468009.59,-2732639.628,-14482990.03,-8354069.72
23/11/2019 22:00,-12886715.72,-2614695.944,-13857888.5,-7993499.029
23/11/2019 23:00,-12437534.09,-2523557.641,-13374855.5,-7714876.216
24/11/2019 00:00,-10901257.69,-2211849.387,-11722801.75,-6761939.555
24/11/2019 01:00,-10055739.37,-2040294.944,-10813563.2,-6237473.115
24/11/2019 02:00,-9887768.217,-2006213.841,-10632933.36,-6133282.314
24/11/2019 03:00,-9736782.81,-1975579.121,-10470569.34,-6039627.598
24/11/2019 04:00,-9568811.663,-1941498.019,-10289939.5,-5935436.8
24/11/2019 05:00,-9512192.136,-1930009.999,-10229052.99,-5900316.282
24/11/2019 06:00,-9625431.19,-1952986.039,-10350826.0,-5970557.318
24/11/2019 07:00,-10055739.37,-2040294.944,-10813563.2,-6237473.115
24/11/2019 08:00,-10655906.12,-2162067.909,-11458959.92,-6609750.466
24/11/2019 09:00,-11593903.19,-2352386.154,-12467646.62,-7191580.529
24/11/2019 10:00,-12399787.73,-2515898.96,-13334264.49,-7691462.536
24/11/2019 11:00,-12792349.85,-2595549.244,-13756411.0,-7934964.833
24/11/2019 12:00,-12830096.2,-2603207.924,-13797002.0,-7958378.511
24/11/2019 13:00,-12886715.72,-2614695.944,-13857888.5,-7993499.029
24/11/2019 14:00,-12548885.99,-2546150.781,-13494599.14,-7783946.674
24/11/2019 15:00,-12305421.86,-2496752.261,-13232786.98,-7632928.34
24/11/2019 16:00,-12212943.41,-2477988.518,-13133339.14,-7575564.898
24/11/2019 17:00,-12137450.71,-2462671.158,-13052157.14,-7528737.54
24/11/2019 18:00,-12175197.06,-2470329.838,-13092748.14,-7552151.218
24/11/2019 19:00,-12456407.26,-2527386.98,-13395151.0,-7726583.054
24/11/2019 20:00,-13075447.48,-2652989.345,-14060843.53,-8110567.425
24/11/2019 21:00,-13468009.59,-2732639.628,-14482990.03,-8354069.72
24/11/2019 22:00,-12886715.72,-2614695.944,-13857888.5,-7993499.029
24/11/2019 23:00,-12437534.09,-2523557.641,-13374855.5,-7714876.216
25/11/2019 00:00,-10901257.69,-2211849.387,-11722801.75,-6761939.555
25/11/2019 01:00,-10055739.37,-2040294.944,-10813563.2,-6237473.115
25/11/2019 02:00,-9887768.217,-2006213.841,-10632933.36,-6133282.314
25/11/2019 03:00,-9736782.81,-1975579.121,-10470569.34,-6039627.598
25/11/2019 04:00,-9568811.663,-1941498.019,-10289939.5,-5935436.8
25/11/2019 05:00,-9512192.136,-1930009.999,-10229052.99,-5900316.282
25/11/2019 06:00,-9625431.19,-1952986.039,-10350826.0,-5970557.318
25/11/2019 07:00,-10055739.37,-2040294.944,-10813563.2,-6237473.115
25/11/2019 08:00,-10655906.12,-2162067.909,-11458959.92,-6609750.466
25/11/2019 09:00,-11593903.19,-2352386.154,-12467646.62,-7191580.529
25/11/2019 10:00,-12399787.73,-2515898.96,-13334264.49,-7691462.536
25/11/2019 11:00,-12792349.85,-2595549.244,-13756411.0,-7934964.833
25/11/2019 12:00,-12830096.2,-2603207.924,-13797002.0,-7958378.511
25/11/2019 13:00,-12886715.72,-2614695.944,-13857888.5,-7993499.029
25/11/2019 14:00,-12548885.99,-2546150.781,-13494599.14,-7783946.674
25/11/2019 15:00,-12305421.86,-2496752.261,-13232786.98,-7632928.34
25/11/2019 16:00,-12212943.41,-2477988.518,-13133339.14,-7575564.898
25/11/2019 17:00,-12137450.71,-2462671.158,-13052157.14,-7528737.54
25/11/2019 18:00,-12175197.06,-2470329.838,-13092748.14,-7552151.218
25/11/2019 19:00,-12456407.26,-2527386.98,-13395151.0,-7726583.054
25/11/2019 20:00,-13075447.48,-2652989.345,-14060843.53,-8110567.425
25/11/2019 21:00,-13468009.59,-2732639.628,-14482990.03,-8354069.72
25/11/2019 22:00,-12886715.72,-2614695.944,-13857888.5,-7993499.029
25/11/2019 23:00,-12437534.09,-2523557.641,-13374855.5,-7714876.216
26/11/2019 00:00,-10720862.27,-2175247.417,-11528811.31,-6650042.103
26/11/2019 01:00,-9889335.686,-2006531.878,-10634618.96,-6134254.6
26/11/2019 02:00,-9724144.146,-1973014.754,-10456978.2,-6031787.963
26/11/2019 03:00,-9575657.267,-1942886.982,-10297301.0,-5939683.058
26/11/2019 04:00,-9410465.726,-1909369.858,-10119660.24,-5837216.422
26/11/2019 05:00,-9354783.147,-1898071.943,-10059781.3,-5802677.083
26/11/2019 06:00,-9466148.305,-1920667.772,-10179539.19,-5871755.76
26/11/2019 07:00,-9889335.686,-2006531.878,-10634618.96,-6134254.6
26/11/2019 08:00,-10479570.81,-2126289.729,-11269335.56,-6500371.458
26/11/2019 09:00,-11402045.77,-2313458.563,-12261330.38,-7072573.321
26/11/2019 10:00,-12194594.44,-2474265.539,-13113607.35,-7564183.218
26/11/2019 11:00,-12580660.38,-2552597.759,-13528768.12,-7803656.006
26/11/2019 12:00,-12617782.1,-2560129.702,-13568687.42,-7826682.232
26/11/2019 13:00,-12673464.68,-2571427.617,-13628566.37,-7861221.571
26/11/2019 14:00,-12341225.4,-2504016.748,-13271288.76,-7655136.916
26/11/2019 15:00,-12101790.14,-2455435.681,-13013809.11,-7506617.652
26/11/2019 16:00,-12010842.04,-2436982.442,-12916006.94,-7450203.466
26/11/2019 17:00,-11936598.6,-2421918.556,-12836168.35,-7404151.015
26/11/2019 18:00,-11973720.32,-2429450.5,-12876087.65,-7427177.242
26/11/2019 19:00,-12250277.02,-2485563.453,-13173486.3,-7598722.557
26/11/2019 20:00,-12859073.28,-2609087.333,-13828162.86,-7976352.703
26/11/2019 21:00,-13245139.23,-2687419.553,-14243323.63,-8215825.491
26/11/2019 22:00,-12673464.68,-2571427.617,-13628566.37,-7861221.571
26/11/2019 23:00,-12231716.16,-2481797.482,-13153526.65,-7587209.444
27/11/2019 00:00,-10720862.27,-2175247.417,-11528811.31,-6650042.103
27/11/2019 01:00,-9889335.686,-2006531.878,-10634618.96,-6134254.6
27/11/2019 02:00,-9724144.146,-1973014.754,-10456978.2,-6031787.963
27/11/2019 03:00,-9575657.267,-1942886.982,-10297301.0,-5939683.058
27/11/2019 04:00,-9410465.726,-1909369.858,-10119660.24,-5837216.422
27/11/2019 05:00,-9354783.147,-1898071.943,-10059781.3,-5802677.083
27/11/2019 06:00,-9466148.305,-1920667.772,-10179539.19,-5871755.76
27/11/2019 07:00,-9889335.686,-2006531.878,-10634618.96,-6134254.6
27/11/2019 08:00,-10479570.81,-2126289.729,-11269335.56,-6500371.458
27/11/2019 09:00,-11402045.77,-2313458.563,-12261330.38,-7072573.321
27/11/2019 10:00,-12194594.44,-2474265.539,-13113607.35,-7564183.218
27/11/2019 11:00,-12580660.38,-2552597.759,-13528768.12,-7803656.006
27/11/2019 12:00,-12617782.1,-2560129.702,-13568687.42,-7826682.232
27/11/2019 13:00,-12673464.68,-2571427.617,-13628566.37,-7861221.571
27/11/2019 14:00,-12341225.4,-2504016.748,-13271288.76,-7655136.916
27/11/2019 15:00,-12101790.14,-2455435.681,-13013809.11,-7506617.652
27/11/2019 16:00,-12010842.04,-2436982.442,-12916006.94,-7450203.466
27/11/2019 17:00,-11936598.6,-2421918.556,-12836168.35,-7404151.015
27/11/2019 18:00,-11973720.32,-2429450.5,-12876087.65,-7427177.242
27/11/2019 19:00,-12250277.02,-2485563.453,-13173486.3,-7598722.557
27/11/2019 20:00,-12859073.28,-2609087.333,-13828162.86,-7976352.703
27/11/2019 21:00,-13245139.23,-2687419.553,-14243323.63,-8215825.491
27/11/2019 22:00,-12673464.68,-2571427.617,-13628566.37,-7861221.571
27/11/2019 23:00,-12231716.16,-2481797.482,-13153526.65,-7587209.444
28/11/2019 00:00,-10720862.27,-2175247.417,-11528811.31,-6650042.103
28/11/2019 01:00,-9889335.686,-2006531.878,-10634618.96,-6134254.6
28/11/2019 02:00,-9724144.146,-1973014.754,-10456978.2,-6031787.963
28/11/2019 03:00,-9575657.267,-1942886.982,-10297301.0,-5939683.058
28/11/2019 04:00,-9410465.726,-1909369.858,-10119660.24,-5837216.422
28/11/2019 05:00,-9354783.147,-1898071.943,-10059781.3,-5802677.083
28/11/2019 06:00,-9466148.305,-1920667.772,-10179539.19,-5871755.76
28/11/2019 07:00,-9889335.686,-2006531.878,-10634618.96,-6134254.6
28/11/2019 08:00,-10479570.81,-2126289.729,-11269335.56,-6500371.458
28/11/2019 09:00,-11402045.77,-2313458.563,-12261330.38,-7072573.321
28/11/2019 10:00,-12194594.44,-2474265.539,-13113607.35,-7564183.218
28/11/2019 11:00,-12580660.38,-2552597.759,-13528768.12,-7803656.006
28/11/2019 12:00,-12617782.1,-2560129.702,-13568687.42,-7826682.232
28/11/2019 13:00,-12673464.68,-2571427.617,-13628566.37,-7861221.571
28/11/2019 14:00,-12341225.4,-2504016.748,-13271288.76,-7655136.916
28/11/2019 15:00,-12101790.14,-2455435.681,-13013809.11,-7506617.652
28/11/2019 16:00,-12010842.04,-2436982.442,-12916006.94,-7450203.466
28/11/2019 17:00,-11936598.6,-2421918.556,-12836168.35,-7404151.015
28/11/2019 18:00,-11973720.32,-2429450.5,-12876087.65,-7427177.242
28/11/2019 19:00,-12250277.02,-2485563.453,-13173486.3,-7598722.557
28/11/2019 20:00,-12859073.28,-2609087.333,-13828162.86,-7976352.703
28/11/2019 21:00,-13245139.23,-2687419.553,-14243323.63,-8215825.491
28/11/2019 22:00,-12673464.68,-2571427.617,-13628566.37,-7861221.571
28/11/2019 23:00,-12231716.16,-2481797.482,-13153526.65,-7587209.444
29/11/2019 00:00,-10720862.27,-2175247.417,-11528811.31,-6650042.103
29/11/2019 01:00,-9889335.686,-2006531.878,-10634618.96,-6134254.6
29/11/2019 02:00,-9724144.146,-1973014.754,-10456978.2,-6031787.963
29/11/2019 03:00,-9575657.267,-1942886.982,-10297301.0,-5939683.058
29/11/2019 04:00,-9410465.726,-1909369.858,-10119660.24,-5837216.422
29/11/2019 05:00,-9354783.147,-1898071.943,-10059781.3,-5802677.083
29/11/2019 06:00,-9466148.305,-1920667.772,-10179539.19,-5871755.76
29/11/2019 07:00,-9889335.686,-2006531.878,-10634618.96,-6134254.6
29/11/2019 08:00,-10479570.81,-2126289.729,-11269335.56,-6500371.458
29/11/2019 09:00,-11402045.77,-2313458.563,-12261330.38,-7072573.321
29/11/2019 10:00,-12194594.44,-2474265.539,-13113607.35,-7564183.218
29/11/2019 11:00,-12580660.38,-2552597.759,-13528768.12,-7803656.006
29/11/2019 12:00,-12617782.1,-2560129.702,-13568687.42,-7826682.232
29/11/2019 13:00,-12673464.68,-2571427.617,-13628566.37,-7861221.571
29/11/2019 14:00,-12341225.4,-2504016.748,-13271288.76,-7655136.916
29/11/2019 15:00,-12101790.14,-2455435.681,-13013809.11,-7506617.652
29/11/2019 16:00,-12010842.04,-2436982.442,-12916006.94,-7450203.466
29/11/2019 17:00,-11936598.6,-2421918.556,-12836168.35,-7404151.015
29/11/2019 18:00,-11973720.32,-2429450.5,-12876087.65,-7427177.242
29/11/2019 19:00,-12250277.02,-2485563.453,-13173486.3,-7598722.557
29/11/2019 20:00,-12859073.28,-2609087.333,-13828162.86,-7976352.703
29/11/2019 21:00,-13245139.23,-2687419.553,-14243323.63,-8215825.491
29/11/2019 22:00,-12673464.68,-2571427.617,-13628566.37,-7861221.571
29/11/2019 23:00,-12231716.16,-2481797.482,-13153526.65,-7587209.444
30/11/2019 00:00,-10720862.27,-2175247.417,-11528811.31,-6650042.103
30/11/2019 01:00,-9889335.686,-2006531.878,-10634618.96,-6134254.6
30/11/2019 02:00,-9724144.146,-1973014.754,-10456978.2,-6031787.963
30/11/2019 03:00,-9575657.267,-1942886.982,-10297301.0,-5939683.058
30/11/2019 04:00,-9410465.726,-1909369.858,-10119660.24,-5837216.422
30/11/2019 05:00,-9354783.147,-1898071.943,-10059781.3,-5802677.083
30/11/2019 06:00,-9466148.305,-1920667.772,-10179539.19,-5871755.76
30/11/2019 07:00,-9889335.686,-2006531.878,-10634618.96,-6134254.6
30/11/2019 08:00,-10479570.81,-2126289.729,-11269335.56,-6500371.458
30/11/2019 09:00,-11402045.77,-2313458.563,-12261330.38,-7072573.321
30/11/2019 10:00,-12194594.44,-2474265.539,-13113607.35,-7564183.218
30/11/2019 11:00,-12580660.38,-2552597.759,-13528768.12,-7803656.006
30/11/2019 12:00,-12617782.1,-2560129.702,-13568687.42,-7826682.232
30/11/2019 13:00,-12673464.68,-2571427.617,-13628566.37,-7861221.571
30/11/2019 14:00,-12341225.4,-2504016.748,-13271288.76,-7655136.916
30/11/2019 15:00,-12101790.14,-2455435.681,-13013809.11,-7506617.652
30/11/2019 16:00,-12010842.04,-2436982.442,-12916006.94,-7450203.466
30/11/2019 17:00,-11936598.6,-2421918.556,-12836168.35,-7404151.015
30/11/2019 18:00,-11973720.32,-2429450.5,-12876087.65,-7427177.242
30/11/2019 19:00,-12250277.02,-2485563.453,-13173486.3,-7598722.557
30/11/2019 20:00,-12859073.28,-2609087.333,-13828162.86,-7976352.703
30/11/2019 21:00,-13245139.23,-2687419.553,-14243323.63,-8215825.491
30/11/2019 22:00,-12673464.68,-2571427.617,-13628566.37,-7861221.571
30/11/2019 23:00,-12231716.16,-2481797.482,-13153526.65,-7587209.444
01/12/2019 00:00,-10720862.27,-2175247.417,-11528811.31,-6650042.103
01/12/2019 01:00,-9889335.686,-2006531.878,-10634618.96,-6134254.6
01/12/2019 02:00,-9724144.146,-1973014.754,-10456978.2,-6031787.963
01/12/2019 03:00,-9575657.267,-1942886.982,-10297301.0,-5939683.058
01/12/2019 04:00,-9410465.726,-1909369.858,-10119660.24,-5837216.422
01/12/2019 05:00,-9354783.147,-1898071.943,-10059781.3,-5802677.083
01/12/2019 06:00,-9466148.305,-1920667.772,-10179539.19,-5871755.76
01/12/2019 07:00,-9889335.686,-2006531.878,-10634618.96,-6134254.6
01/12/2019 08:00,-10479570.81,-2126289.729,-11269335.56,-6500371.458
01/12/2019 09:00,-11402045.77,-2313458.563,-12261330.38,-7072573.321
01/12/2019 10:00,-12194594.44,-2474265.539,-13113607.35,-7564183.218
01/12/2019 11:00,-12580660.38,-2552597.759,-13528768.12,-7803656.006
01/12/2019 12:00,-12617782.1,-2560129.702,-13568687.42,-7826682.232
01/12/2019 13:00,-12673464.68,-2571427.617,-13628566.37,-7861221.571
01/12/2019 14:00,-12341225.4,-2504016.748,-13271288.76,-7655136.916
01/12/2019 15:00,-12101790.14,-2455435.681,-13013809.11,-7506617.652
01/12/2019 16:00,-12010842.04,-2436982.442,-12916006.94,-7450203.466
01/12/2019 17:00,-11936598.6,-2421918.556,-12836168.35,-7404151.015
01/12/2019 18:00,-11973720.32,-2429450.5,-12876087.65,-7427177.242
01/12/2019 19:00,-12250277.02,-2485563.453,-13173486.3,-7598722.557
01/12/2019 20:00,-12859073.28,-2609087.333,-13828162.86,-7976352.703
01/12/2019 21:00,-13245139.23,-2687419.553,-14243323.63,-8215825.491
01/12/2019 22:00,-12673464.68,-2571427.617,-13628566.37,-7861221.571
01/12/2019 23:00,-12231716.16,-2481797.482,-13153526.65,-7587209.444
02/12/2019 00:00,-10720862.27,-2175247.417,-11528811.31,-6650042.103
02/12/2019 01:00,-9889335.686,-2006531.878,-10634618.96,-6134254.6
02/12/2019 02:00,-9724144.146,-1973014.754,-10456978.2,-6031787.963
02/12/2019 03:00,-9575657.267,-1942886.982,-10297301.0,-5939683.058
02/12/2019 04:00,-9410465.726,-1909369.858,-10119660.24,-5837216.422
02/12/2019 05:00,-9354783.147,-1898071.943,-10059781.3,-5802677.083
02/12/2019 06:00,-9466148.305,-1920667.772,-10179539.19,-5871755.76
02/12/2019 07:00,-9889335.686,-2006531.878,-10634618.96,-6134254.6
02/12/2019 08:00,-10479570.81,-2126289.729,-11269335.56,-6500371.458
02/12/2019 09:00,-11402045.77,-2313458.563,-12261330.38,-7072573.321
02/12/2019 10:00,-12194594.44,-2474265.539,-13113607.35,-7564183.218
02/12/2019 11:00,-12580660.38,-2552597.759,-13528768.12,-7803656.006
02/12/2019 12:00,-12617782.1,-2560129.702,-13568687.42,-7826682.232
02/12/2019 13:00,-12673464.68,-2571427.617,-13628566.37,-7861221.571
02/12/2019 14:00,-12341225.4,-2504016.748,-13271288.76,-7655136.916
02/12/2019 15:00,-12101790.14,-2455435.681,-13013809.11,-7506617.652
02/12/2019 16:00,-12010842.04,-2436982.442,-12916006.94,-7450203.466
02/12/2019 17:00,-11936598.6,-2421918.556,-12836168.35,-7404151.015
02/12/2019 18:00,-11973720.32,-2429450.5,-12876087.65,-7427177.242
02/12/2019 19:00,-12250277.02,-2485563.453,-13173486.3,-7598722.557
02/12/2019 20:00,-12859073.28,-2609087.333,-13828162.86,-7976352.703
02/12/2019 21:00,-13245139.23,-2687419.553,-14243323.63,-8215825.491
02/12/2019 22:00,-12673464.68,-2571427.617,-13628566.37,-7861221.571
02/12/2019 23:00,-12231716.16,-2481797.482,-13153526.65,-7587209.444
03/12/2019 00:00,-10538644.56,-2138275.707,-11332861.25,-6537014.305
03/12/2019 01:00,-9721251.059,-1972427.751,-10453867.08,-6029993.41
03/12/2019 02:00,-9558867.207,-1939480.303,-10279245.61,-5929268.355
03/12/2019 03:00,-9412904.093,-1909864.599,-10122282.37,-5838728.916
03/12/2019 04:00,-9250520.238,-1876917.15,-9947660.894,-5738003.858
03/12/2019 05:00,-9195784.07,-1865811.261,-9888799.681,-5704051.568
03/12/2019 06:00,-9305256.407,-1888023.039,-10006522.11,-5771956.148
03/12/2019 07:00,-9721251.059,-1972427.751,-10453867.08,-6029993.41
03/12/2019 08:00,-10301454.22,-2090150.131,-11077795.7,-6389887.544
03/12/2019 09:00,-11208250.29,-2274137.74,-12052930.02,-6952363.948
03/12/2019 10:00,-11987328.36,-2432211.55,-12890721.22,-7435618.168
03/12/2019 11:00,-12366832.51,-2509212.393,-13298825.68,-7671020.745
03/12/2019 12:00,-12403323.29,-2516616.32,-13338066.49,-7693655.606
03/12/2019 13:00,-12458059.46,-2527722.209,-13396927.71,-7727607.896
03/12/2019 14:00,-12131467.1,-2461457.093,-13045722.59,-7525025.969
03/12/2019 15:00,-11896101.41,-2413701.735,-12792619.2,-7379031.019
03/12/2019 16:00,-11806699.11,-2395562.139,-12696479.34,-7323575.682
03/12/2019 17:00,-11733717.56,-2380754.287,-12617997.72,-7278305.963
03/12/2019 18:00,-11770208.34,-2388158.213,-12657238.53,-7300940.823
03/12/2019 19:00,-12042064.52,-2443317.44,-12949582.43,-7469570.458
03/12/2019 20:00,-12640513.35,-2564741.839,-13593131.75,-7840782.194
03/12/2019 21:00,-13020017.5,-2641742.682,-14001236.21,-8076184.77
03/12/2019 22:00,-12458059.46,-2527722.209,-13396927.71,-7727607.896
03/12/2019 23:00,-12023819.14,-2439615.477,-12929962.03,-7458253.029
04/12/2019 00:00,-10538644.56,-2138275.707,-11332861.25,-6537014.305
04/12/2019 01:00,-9721251.059,-1972427.751,-10453867.08,-6029993.41
04/12/2019 02:00,-9558867.207,-1939480.303,-10279245.61,-5929268.355
04/12/2019 03:00,-9412904.093,-1909864.599,-10122282.37,-5838728.916
04/12/2019 04:00,-9250520.238,-1876917.15,-9947660.894,-5738003.858
04/12/2019 05:00,-9195784.07,-1865811.261,-9888799.681,-5704051.568
04/12/2019 06:00,-9305256.407,-1888023.039,-10006522.11,-5771956.148
04/12/2019 07:00,-9721251.059,-1972427.751,-10453867.08,-6029993.41
04/12/2019 08:00,-10301454.22,-2090150.131,-11077795.7,-6389887.544
04/12/2019 09:00,-11208250.29,-2274137.74,-12052930.02,-6952363.948
04/12/2019 10:00,-11987328.36,-2432211.55,-12890721.22,-7435618.168
04/12/2019 11:00,-12366832.51,-2509212.393,-13298825.68,-7671020.745
04/12/2019 12:00,-12403323.29,-2516616.32,-13338066.49,-7693655.606
04/12/2019 13:00,-12458059.46,-2527722.209,-13396927.71,-7727607.896
04/12/2019 14:00,-12131467.1,-2461457.093,-13045722.59,-7525025.969
04/12/2019 15:00,-11896101.41,-2413701.735,-12792619.2,-7379031.019
04/12/2019 16:00,-11806699.11,-2395562.139,-12696479.34,-7323575.682
04/12/2019 17:00,-11733717.56,-2380754.287,-12617997.72,-7278305.963
04/12/2019 18:00,-11770208.34,-2388158.213,-12657238.53,-7300940.823
04/12/2019 19:00,-12042064.52,-2443317.44,-12949582.43,-7469570.458
04/12/2019 20:00,-12640513.35,-2564741.839,-13593131.75,-7840782.194
04/12/2019 21:00,-13020017.5,-2641742.682,-14001236.21,-8076184.77
04/12/2019 22:00,-12458059.46,-2527722.209,-13396927.71,-7727607.896
04/12/2019 23:00,-12023819.14,-2439615.477,-12929962.03,-7458253.029
05/12/2019 00:00,-10538644.56,-2138275.707,-11332861.25,-6537014.305
05/12/2019 01:00,-9721251.059,-1972427.751,-10453867.08,-6029993.41
05/12/2019 02:00,-9558867.207,-1939480.303,-10279245.61,-5929268.355
05/12/2019 03:00,-9412904.093,-1909864.599,-10122282.37,-5838728.916
05/12/2019 04:00,-9250520.238,-1876917.15,-9947660.894,-5738003.858
05/12/2019 05:00,-9195784.07,-1865811.261,-9888799.681,-5704051.568
05/12/2019 06:00,-9305256.407,-1888023.039,-10006522.11,-5771956.148
05/12/2019 07:00,-9721251.059,-1972427.751,-10453867.08,-6029993.41
05/12/2019 08:00,-10301454.22,-2090150.131,-11077795.7,-6389887.544
05/12/2019 09:00,-11208250.29,-2274137.74,-12052930.02,-6952363.948
05/12/2019 10:00,-11987328.36,-2432211.55,-12890721.22,-7435618.168
05/12/2019 11:00,-12366832.51,-2509212.393,-13298825.68,-7671020.745
05/12/2019 12:00,-12403323.29,-2516616.32,-13338066.49,-7693655.606
05/12/2019 13:00,-12458059.46,-2527722.209,-13396927.71,-7727607.896
05/12/2019 14:00,-12131467.1,-2461457.093,-13045722.59,-7525025.969
05/12/2019 15:00,-11896101.41,-2413701.735,-12792619.2,-7379031.019
05/12/2019 16:00,-11806699.11,-2395562.139,-12696479.34,-7323575.682
05/12/2019 17:00,-11733717.56,-2380754.287,-12617997.72,-7278305.963
05/12/2019 18:00,-11770208.34,-2388158.213,-12657238.53,-7300940.823
05/12/2019 19:00,-12042064.52,-2443317.44,-12949582.43,-7469570.458
05/12/2019 20:00,-12640513.35,-2564741.839,-13593131.75,-7840782.194
05/12/2019 21:00,-13020017.5,-2641742.682,-14001236.21,-8076184.77
05/12/2019 22:00,-12458059.46,-2527722.209,-13396927.71,-7727607.896
05/12/2019 23:00,-12023819.14,-2439615.477,-12929962.03,-7458253.029
06/12/2019 00:00,-10538644.56,-2138275.707,-11332861.25,-6537014.305
06/12/2019 01:00,-9721251.059,-1972427.751,-10453867.08,-6029993.41
06/12/2019 02:00,-9558867.207,-1939480.303,-10279245.61,-5929268.355
06/12/2019 03:00,-9412904.093,-1909864.599,-10122282.37,-5838728.916
06/12/2019 04:00,-9250520.238,-1876917.15,-9947660.894,-5738003.858
06/12/2019 05:00,-9195784.07,-1865811.261,-9888799.681,-5704051.568
06/12/2019 06:00,-9305256.407,-1888023.039,-10006522.11,-5771956.148
06/12/2019 07:00,-9721251.059,-1972427.751,-10453867.08,-6029993.41
06/12/2019 08:00,-10301454.22,-2090150.131,-11077795.7,-6389887.544
06/12/2019 09:00,-11208250.29,-2274137.74,-12052930.02,-6952363.948
06/12/2019 10:00,-11987328.36,-2432211.55,-12890721.22,-7435618.168
06/12/2019 11:00,-12366832.51,-2509212.393,-13298825.68,-7671020.745
06/12/2019 12:00,-12403323.29,-2516616.32,-13338066.49,-7693655.606
06/12/2019 13:00,-12458059.46,-2527722.209,-13396927.71,-7727607.896
06/12/2019 14:00,-12131467.1,-2461457.093,-13045722.59,-7525025.969
06/12/2019 15:00,-11896101.41,-2413701.735,-12792619.2,-7379031.019
06/12/2019 16:00,-11806699.11,-2395562.139,-12696479.34,-7323575.682
06/12/2019 17:00,-11733717.56,-2380754.287,-12617997.72,-7278305.963
06/12/2019 18:00,-11770208.34,-2388158.213,-12657238.53,-7300940.823
06/12/2019 19:00,-12042064.52,-2443317.44,-12949582.43,-7469570.458
06/12/2019 20:00,-12640513.35,-2564741.839,-13593131.75,-7840782.194
06/12/2019 21:00,-13020017.5,-2641742.682,-14001236.21,-8076184.77
06/12/2019 22:00,-12458059.46,-2527722.209,-13396927.71,-7727607.896
06/12/2019 23:00,-12023819.14,-2439615.477,-12929962.03,-7458253.029
07/12/2019 00:00,-10538644.56,-2138275.707,-11332861.25,-6537014.305
07/12/2019 01:00,-9721251.059,-1972427.751,-10453867.08,-6029993.41
07/12/2019 02:00,-9558867.207,-1939480.303,-10279245.61,-5929268.355
07/12/2019 03:00,-9412904.093,-1909864.599,-10122282.37,-5838728.916
07/12/2019 04:00,-9250520.238,-1876917.15,-9947660.894,-5738003.858
07/12/2019 05:00,-9195784.07,-1865811.261,-9888799.681,-5704051.568
07/12/2019 06:00,-9305256.407,-1888023.039,-10006522.11,-5771956.148
07/12/2019 07:00,-9721251.059,-1972427.751,-10453867.08,-6029993.41
07/12/2019 08:00,-10301454.22,-2090150.131,-11077795.7,-6389887.544
07/12/2019 09:00,-11208250.29,-2274137.74,-12052930.02,-6952363.948
07/12/2019 10:00,-11987328.36,-2432211.55,-12890721.22,-7435618.168
07/12/2019 11:00,-12366832.51,-2509212.393,-13298825.68,-7671020.745
07/12/2019 12:00,-12403323.29,-2516616.32,-13338066.49,-7693655.606
07/12/2019 13:00,-12458059.46,-2527722.209,-13396927.71,-7727607.896
07/12/2019 14:00,-12131467.1,-2461457.093,-13045722.59,-7525025.969
07/12/2019 15:00,-11896101.41,-2413701.735,-12792619.2,-7379031.019
07/12/2019 16:00,-11806699.11,-2395562.139,-12696479.34,-7323575.682
07/12/2019 17:00,-11733717.56,-2380754.287,-12617997.72,-7278305.963
07/12/2019 18:00,-11770208.34,-2388158.213,-12657238.53,-7300940.823
07/12/2019 19:00,-12042064.52,-2443317.44,-12949582.43,-7469570.458
07/12/2019 20:00,-12640513.35,-2564741.839,-13593131.75,-7840782.194
07/12/2019 21:00,-13020017.5,-2641742.682,-14001236.21,-8076184.77
07/12/2019 22:00,-12458059.46,-2527722.209,-13396927.71,-7727607.896
07/12/2019 23:00,-12023819.14,-2439615.477,-12929962.03,-7458253.029
08/12/2019 00:00,-10538644.56,-2138275.707,-11332861.25,-6537014.305
08/12/2019 01:00,-9721251.059,-1972427.751,-10453867.08,-6029993.41
08/12/2019 02:00,-9558867.207,-1939480.303,-10279245.61,-5929268.355
08/12/2019 03:00,-9412904.093,-1909864.599,-10122282.37,-5838728.916
08/12/2019 04:00,-9250520.238,-1876917.15,-9947660.894,-5738003.858
08/12/2019 05:00,-9195784.07,-1865811.261,-9888799.681,-5704051.568
08/12/2019 06:00,-9305256.407,-1888023.039,-10006522.11,-5771956.148
08/12/2019 07:00,-9721251.059,-1972427.751,-10453867.08,-6029993.41
08/12/2019 08:00,-10301454.22,-2090150.131,-11077795.7,-6389887.544
08/12/2019 09:00,-11208250.29,-2274137.74,-12052930.02,-6952363.948
08/12/2019 10:00,-11987328.36,-2432211.55,-12890721.22,-7435618.168
08/12/2019 11:00,-12366832.51,-2509212.393,-13298825.68,-7671020.745
08/12/2019 12:00,-12403323.29,-2516616.32,-13338066.49,-7693655.606
08/12/2019 13:00,-12458059.46,-2527722.209,-13396927.71,-7727607.896
08/12/2019 14:00,-12131467.1,-2461457.093,-13045722.59,-7525025.969
08/12/2019 15:00,-11896101.41,-2413701.735,-12792619.2,-7379031.019
08/12/2019 16:00,-11806699.11,-2395562.139,-12696479.34,-7323575.682
08/12/2019 17:00,-11733717.56,-2380754.287,-12617997.72,-7278305.963
08/12/2019 18:00,-11770208.34,-2388158.213,-12657238.53,-7300940.823
08/12/2019 19:00,-12042064.52,-2443317.44,-12949582.43,-7469570.458
08/12/2019 20:00,-12640513.35,-2564741.839,-13593131.75,-7840782.194
08/12/2019 21:00,-13020017.5,-2641742.682,-14001236.21,-8076184.77
08/12/2019 22:00,-12458059.46,-2527722.209,-13396927.71,-7727607.896
08/12/2019 23:00,-12023819.14,-2439615.477,-12929962.03,-7458253.029
09/12/2019 00:00,-10538644.56,-2138275.707,-11332861.25,-6537014.305
09/12/2019 01:00,-9721251.059,-1972427.751,-10453867.08,-6029993.41
09/12/2019 02:00,-9558867.207,-1939480.303,-10279245.61,-5929268.355
09/12/2019 03:00,-9412904.093,-1909864.599,-10122282.37,-5838728.916
09/12/2019 04:00,-9250520.238,-1876917.15,-9947660.894,-5738003.858
09/12/2019 05:00,-9195784.07,-1865811.261,-9888799.681,-5704051.568
09/12/2019 06:00,-9305256.407,-1888023.039,-10006522.11,-5771956.148
09/12/2019 07:00,-9721251.059,-1972427.751,-10453867.08,-6029993.41
09/12/2019 08:00,-10301454.22,-2090150.131,-11077795.7,-6389887.544
09/12/2019 09:00,-11208250.29,-2274137.74,-12052930.02,-6952363.948
09/12/2019 10:00,-11987328.36,-2432211.55,-12890721.22,-7435618.168
09/12/2019 11:00,-12366832.51,-2509212.393,-13298825.68,-7671020.745
09/12/2019 12:00,-12403323.29,-2516616.32,-13338066.49,-7693655.606
09/12/2019 13:00,-12458059.46,-2527722.209,-13396927.71,-7727607.896
09/12/2019 14:00,-12131467.1,-2461457.093,-13045722.59,-7525025.969
09/12/2019 15:00,-11896101.41,-2413701.735,-12792619.2,-7379031.019
09/12/2019 16:00,-11806699.11,-2395562.139,-12696479.34,-7323575.682
09/12/2019 17:00,-11733717.56,-2380754.287,-12617997.72,-7278305.963
09/12/2019 18:00,-11770208.34,-2388158.213,-12657238.53,-7300940.823
09/12/2019 19:00,-12042064.52,-2443317.44,-12949582.43,-7469570.458
09/12/2019 20:00,-12640513.35,-2564741.839,-13593131.75,-7840782.194
09/12/2019 21:00,-13020017.5,-2641742.682,-14001236.21,-8076184.77
09/12/2019 22:00,-12458059.46,-2527722.209,-13396927.71,-7727607.896
09/12/2019 23:00,-12023819.14,-2439615.477,-12929962.03,-7458253.029
10/12/2019 00:00,-10558688.06,-2142342.505,-11354415.28,-6549447.087
10/12/2019 01:00,-9739739.957,-1976179.122,-10473749.35,-6041461.886
10/12/2019 02:00,-9577047.265,-1943169.01,-10298795.75,-5940545.26
10/12/2019 03:00,-9430806.543,-1913496.98,-10141533.99,-5849833.624
10/12/2019 04:00,-9268113.851,-1880486.868,-9966580.403,-5748916.998
10/12/2019 05:00,-9213273.579,-1869359.857,-9907607.241,-5714900.133
10/12/2019 06:00,-9322954.123,-1891613.88,-10025553.56,-5782933.862
10/12/2019 07:00,-9739739.957,-1976179.122,-10473749.35,-6041461.886
10/12/2019 08:00,-10321046.61,-2094125.398,-11098864.61,-6402040.504
10/12/2019 09:00,-11229567.32,-2278462.934,-12075853.55,-6965586.685
10/12/2019 10:00,-12010127.12,-2436837.387,-12915238.15,-7449760.011
10/12/2019 11:00,-12390353.05,-2513984.677,-13324118.79,-7685610.299
10/12/2019 12:00,-12426913.23,-2521402.685,-13363434.23,-7708288.209
10/12/2019 13:00,-12481753.51,-2532529.697,-13422407.39,-7742305.073
10/12/2019 14:00,-12154540.0,-2466138.551,-13070534.32,-7539337.856
10/12/2019 15:00,-11918726.67,-2418292.367,-12816949.55,-7393065.237
10/12/2019 16:00,-11829154.34,-2400118.272,-12720626.84,-7337504.43
10/12/2019 17:00,-11756033.98,-2385282.256,-12641995.96,-7292148.611
10/12/2019 18:00,-11792594.16,-2392700.264,-12681311.4,-7314826.521
10/12/2019 19:00,-12064967.39,-2447964.398,-12974211.31,-7483776.874
10/12/2019 20:00,-12664554.41,-2569619.735,-13618984.6,-7855694.619
10/12/2019 21:00,-13044780.34,-2646767.026,-14027865.24,-8091544.909
10/12/2019 22:00,-12481753.51,-2532529.697,-13422407.39,-7742305.073
10/12/2019 23:00,-12046687.3,-2444255.394,-12954553.59,-7472437.919
11/12/2019 00:00,-10558688.06,-2142342.505,-11354415.28,-6549447.087
11/12/2019 01:00,-9739739.957,-1976179.122,-10473749.35,-6041461.886
11/12/2019 02:00,-9577047.265,-1943169.01,-10298795.75,-5940545.26
11/12/2019 03:00,-9430806.543,-1913496.98,-10141533.99,-5849833.624
11/12/2019 04:00,-9268113.851,-1880486.868,-9966580.403,-5748916.998
11/12/2019 05:00,-9213273.579,-1869359.857,-9907607.241,-5714900.133
11/12/2019 06:00,-9322954.123,-1891613.88,-10025553.56,-5782933.862
11/12/2019 07:00,-9739739.957,-1976179.122,-10473749.35,-6041461.886
11/12/2019 08:00,-10321046.61,-2094125.398,-11098864.61,-6402040.504
11/12/2019 09:00,-11229567.32,-2278462.934,-12075853.55,-6965586.685
11/12/2019 10:00,-12010127.12,-2436837.387,-12915238.15,-7449760.011
11/12/2019 11:00,-12390353.05,-2513984.677,-13324118.79,-7685610.299
11/12/2019 12:00,-12426913.23,-2521402.685,-13363434.23,-7708288.209
11/12/2019 13:00,-12481753.51,-2532529.697,-13422407.39,-7742305.073
11/12/2019 14:00,-12154540.0,-2466138.551,-13070534.32,-7539337.856
11/12/2019 15:00,-11918726.67,-2418292.367,-12816949.55,-7393065.237
11/12/2019 16:00,-11829154.34,-2400118.272,-12720626.84,-7337504.43
11/12/2019 17:00,-11756033.98,-2385282.256,-12641995.96,-7292148.611
11/12/2019 18:00,-11792594.16,-2392700.264,-12681311.4,-7314826.521
11/12/2019 19:00,-12064967.39,-2447964.398,-12974211.31,-7483776.874
11/12/2019 20:00,-12664554.41,-2569619.735,-13618984.6,-7855694.619
11/12/2019 21:00,-13044780.34,-2646767.026,-14027865.24,-8091544.909
11/12/2019 22:00,-12481753.51,-2532529.697,-13422407.39,-7742305.073
11/12/2019 23:00,-12046687.3,-2444255.394,-12954553.59,-7472437.919
12/12/2019 00:00,-10558688.06,-2142342.505,-11354415.28,-6549447.087
12/12/2019 01:00,-9739739.957,-1976179.122,-10473749.35,-6041461.886
12/12/2019 02:00,-9577047.265,-1943169.01,-10298795.75,-5940545.26
12/12/2019 03:00,-9430806.543,-1913496.98,-10141533.99,-5849833.624
12/12/2019 04:00,-9268113.851,-1880486.868,-9966580.403,-5748916.998
12/12/2019 05:00,-9213273.579,-1869359.857,-9907607.241,-5714900.133
12/12/2019 06:00,-9322954.123,-1891613.88,-10025553.56,-5782933.862
12/12/2019 07:00,-9739739.957,-1976179.122,-10473749.35,-6041461.886
12/12/2019 08:00,-10321046.61,-2094125.398,-11098864.61,-6402040.504
12/12/2019 09:00,-11229567.32,-2278462.934,-12075853.55,-6965586.685
12/12/2019 10:00,-12010127.12,-2436837.387,-12915238.15,-7449760.011
12/12/2019 11:00,-12390353.05,-2513984.677,-13324118.79,-7685610.299
12/12/2019 12:00,-12426913.23,-2521402.685,-13363434.23,-7708288.209
12/12/2019 13:00,-12481753.51,-2532529.697,-13422407.39,-7742305.073
12/12/2019 14:00,-12154540.0,-2466138.551,-13070534.32,-7539337.856
12/12/2019 15:00,-11918726.67,-2418292.367,-12816949.55,-7393065.237
12/12/2019 16:00,-11829154.34,-2400118.272,-12720626.84,-7337504.43
12/12/2019 17:00,-11756033.98,-2385282.256,-12641995.96,-7292148.611
12/12/2019 18:00,-11792594.16,-2392700.264,-12681311.4,-7314826.521
12/12/2019 19:00,-12064967.39,-2447964.398,-12974211.31,-7483776.874
12/12/2019 20:00,-12664554.41,-2569619.735,-13618984.6,-7855694.619
12/12/2019 21:00,-13044780.34,-2646767.026,-14027865.24,-8091544.909
12/12/2019 22:00,-12481753.51,-2532529.697,-13422407.39,-7742305.073
12/12/2019 23:00,-12046687.3,-2444255.394,-12954553.59,-7472437.919
13/12/2019 00:00,-10558688.06,-2142342.505,-11354415.28,-6549447.087
13/12/2019 01:00,-9739739.957,-1976179.122,-10473749.35,-6041461.886
13/12/2019 02:00,-9577047.265,-1943169.01,-10298795.75,-5940545.26
13/12/2019 03:00,-9430806.543,-1913496.98,-10141533.99,-5849833.624
13/12/2019 04:00,-9268113.851,-1880486.868,-9966580.403,-5748916.998
13/12/2019 05:00,-9213273.579,-1869359.857,-9907607.241,-5714900.133
13/12/2019 06:00,-9322954.123,-1891613.88,-10025553.56,-5782933.862
13/12/2019 07:00,-9739739.957,-1976179.122,-10473749.35,-6041461.886
13/12/2019 08:00,-10321046.61,-2094125.398,-11098864.61,-6402040.504
13/12/2019 09:00,-11229567.32,-2278462.934,-12075853.55,-6965586.685
13/12/2019 10:00,-12010127.12,-2436837.387,-12915238.15,-7449760.011
13/12/2019 11:00,-12390353.05,-2513984.677,-13324118.79,-7685610.299
13/12/2019 12:00,-12426913.23,-2521402.685,-13363434.23,-7708288.209
13/12/2019 13:00,-12481753.51,-2532529.697,-13422407.39,-7742305.073
13/12/2019 14:00,-12154540.0,-2466138.551,-13070534.32,-7539337.856
13/12/2019 15:00,-11918726.67,-2418292.367,-12816949.55,-7393065.237
13/12/2019 16:00,-11829154.34,-2400118.272,-12720626.84,-7337504.43
13/12/2019 17:00,-11756033.98,-2385282.256,-12641995.96,-7292148.611
13/12/2019 18:00,-11792594.16,-2392700.264,-12681311.4,-7314826.521
13/12/2019 19:00,-12064967.39,-2447964.398,-12974211.31,-7483776.874
13/12/2019 20:00,-12664554.41,-2569619.735,-13618984.6,-7855694.619
13/12/2019 21:00,-13044780.34,-2646767.026,-14027865.24,-8091544.909
13/12/2019 22:00,-12481753.51,-2532529.697,-13422407.39,-7742305.073
13/12/2019 23:00,-12046687.3,-2444255.394,-12954553.59,-7472437.919
14/12/2019 00:00,-10558688.06,-2142342.505,-11354415.28,-6549447.087
14/12/2019 01:00,-9739739.957,-1976179.122,-10473749.35,-6041461.886
14/12/2019 02:00,-9577047.265,-1943169.01,-10298795.75,-5940545.26
14/12/2019 03:00,-9430806.543,-1913496.98,-10141533.99,-5849833.624
14/12/2019 04:00,-9268113.851,-1880486.868,-9966580.403,-5748916.998
14/12/2019 05:00,-9213273.579,-1869359.857,-9907607.241,-5714900.133
14/12/2019 06:00,-9322954.123,-1891613.88,-10025553.56,-5782933.862
14/12/2019 07:00,-9739739.957,-1976179.122,-10473749.35,-6041461.886
14/12/2019 08:00,-10321046.61,-2094125.398,-11098864.61,-6402040.504
14/12/2019 09:00,-11229567.32,-2278462.934,-12075853.55,-6965586.685
14/12/2019 10:00,-12010127.12,-2436837.387,-12915238.15,-7449760.011
14/12/2019 11:00,-12390353.05,-2513984.677,-13324118.79,-7685610.299
14/12/2019 12:00,-12426913.23,-2521402.685,-13363434.23,-7708288.209
14/12/2019 13:00,-12481753.51,-2532529.697,-13422407.39,-7742305.073
14/12/2019 14:00,-12154540.0,-2466138.551,-13070534.32,-7539337.856
14/12/2019 15:00,-11918726.67,-2418292.367,-12816949.55,-7393065.237
14/12/2019 16:00,-11829154.34,-2400118.272,-12720626.84,-7337504.43
14/12/2019 17:00,-11756033.98,-2385282.256,-12641995.96,-7292148.611
14/12/2019 18:00,-11792594.16,-2392700.264,-12681311.4,-7314826.521
14/12/2019 19:00,-12064967.39,-2447964.398,-12974211.31,-7483776.874
14/12/2019 20:00,-12664554.41,-2569619.735,-13618984.6,-7855694.619
14/12/2019 21:00,-13044780.34,-2646767.026,-14027865.24,-8091544.909
14/12/2019 22:00,-12481753.51,-2532529.697,-13422407.39,-7742305.073
14/12/2019 23:00,-12046687.3,-2444255.394,-12954553.59,-7472437.919
15/12/2019 00:00,-10558688.06,-2142342.505,-11354415.28,-6549447.087
15/12/2019 01:00,-9739739.957,-1976179.122,-10473749.35,-6041461.886
15/12/2019 02:00,-9577047.265,-1943169.01,-10298795.75,-5940545.26
15/12/2019 03:00,-9430806.543,-1913496.98,-10141533.99,-5849833.624
15/12/2019 04:00,-9268113.851,-1880486.868,-9966580.403,-5748916.998
15/12/2019 05:00,-9213273.579,-1869359.857,-9907607.241,-5714900.133
15/12/2019 06:00,-9322954.123,-1891613.88,-10025553.56,-5782933.862
15/12/2019 07:00,-9739739.957,-1976179.122,-10473749.35,-6041461.886
15/12/2019 08:00,-10321046.61,-2094125.398,-11098864.61,-6402040.504
15/12/2019 09:00,-11229567.32,-2278462.934,-12075853.55,-6965586.685
15/12/2019 10:00,-12010127.12,-2436837.387,-12915238.15,-7449760.011
15/12/2019 11:00,-12390353.05,-2513984.677,-13324118.79,-7685610.299
15/12/2019 12:00,-12426913.23,-2521402.685,-13363434.23,-7708288.209
15/12/2019 13:00,-12481753.51,-2532529.697,-13422407.39,-7742305.073
15/12/2019 14:00,-12154540.0,-2466138.551,-13070534.32,-7539337.856
15/12/2019 15:00,-11918726.67,-2418292.367,-12816949.55,-7393065.237
15/12/2019 16:00,-11829154.34,-2400118.272,-12720626.84,-7337504.43
15/12/2019 17:00,-11756033.98,-2385282.256,-12641995.96,-7292148.611
15/12/2019 18:00,-11792594.16,-2392700.264,-12681311.4,-7314826.521
15/12/2019 19:00,-12064967.39,-2447964.398,-12974211.31,-7483776.874
15/12/2019 20:00,-12664554.41,-2569619.735,-13618984.6,-7855694.619
15/12/2019 21:00,-13044780.34,-2646767.026,-14027865.24,-8091544.909
15/12/2019 22:00,-12481753.51,-2532529.697,-13422407.39,-7742305.073
15/12/2019 23:00,-12046687.3,-2444255.394,-12954553.59,-7472437.919
16/12/2019 00:00,-10558688.06,-2142342.505,-11354415.28,-6549447.087
16/12/2019 01:00,-9739739.957,-1976179.122,-10473749.35,-6041461.886
16/12/2019 02:00,-9577047.265,-1943169.01,-10298795.75,-5940545.26
16/12/2019 03:00,-9430806.543,-1913496.98,-10141533.99,-5849833.624
16/12/2019 04:00,-9268113.851,-1880486.868,-9966580.403,-5748916.998
16/12/2019 05:00,-9213273.579,-1869359.857,-9907607.241,-5714900.133
16/12/2019 06:00,-9322954.123,-1891613.88,-10025553.56,-5782933.862
16/12/2019 07:00,-9739739.957,-1976179.122,-10473749.35,-6041461.886
16/12/2019 08:00,-10321046.61,-2094125.398,-11098864.61,-6402040.504
16/12/2019 09:00,-11229567.32,-2278462.934,-12075853.55,-6965586.685
16/12/2019 10:00,-12010127.12,-2436837.387,-12915238.15,-7449760.011
16/12/2019 11:00,-12390353.05,-2513984.677,-13324118.79,-7685610.299
16/12/2019 12:00,-12426913.23,-2521402.685,-13363434.23,-7708288.209
16/12/2019 13:00,-12481753.51,-2532529.697,-13422407.39,-7742305.073
16/12/2019 14:00,-12154540.0,-2466138.551,-13070534.32,-7539337.856
16/12/2019 15:00,-11918726.67,-2418292.367,-12816949.55,-7393065.237
16/12/2019 16:00,-11829154.34,-2400118.272,-12720626.84,-7337504.43
16/12/2019 17:00,-11756033.98,-2385282.256,-12641995.96,-7292148.611
16/12/2019 18:00,-11792594.16,-2392700.264,-12681311.4,-7314826.521
16/12/2019 19:00,-12064967.39,-2447964.398,-12974211.31,-7483776.874
16/12/2019 20:00,-12664554.41,-2569619.735,-13618984.6,-7855694.619
16/12/2019 21:00,-13044780.34,-2646767.026,-14027865.24,-8091544.909
16/12/2019 22:00,-12481753.51,-2532529.697,-13422407.39,-7742305.073
16/12/2019 23:00,-12046687.3,-2444255.394,-12954553.59,-7472437.919
17/12/2019 00:00,-10214296.69,-2072465.996,-10984069.78,-6335824.615
17/12/2019 01:00,-9422060.114,-1911722.342,-10132128.41,-5844408.302
17/12/2019 02:00,-9264673.95,-1879788.917,-9962881.262,-5746783.261
17/12/2019 03:00,-9123203.143,-1851084.696,-9810748.887,-5659030.355
17/12/2019 04:00,-8965816.975,-1819151.27,-9641501.733,-5561405.312
17/12/2019 05:00,-8912765.425,-1808387.188,-9584452.094,-5528497.974
17/12/2019 06:00,-9018868.529,-1829915.354,-9698551.375,-5594312.653
17/12/2019 07:00,-9422060.114,-1911722.342,-10132128.41,-5844408.302
17/12/2019 08:00,-9984406.36,-2025821.58,-10736854.38,-6193225.974
17/12/2019 09:00,-10863293.97,-2204146.602,-11681976.99,-6738391.04
17/12/2019 10:00,-11618394.35,-2357355.375,-12493983.49,-7206772.147
17/12/2019 11:00,-11986218.5,-2431986.363,-12889527.72,-7434929.739
17/12/2019 12:00,-12021586.21,-2439162.419,-12927560.82,-7456867.966
17/12/2019 13:00,-12074637.76,-2449926.502,-12984610.46,-7489775.306
17/12/2019 14:00,-11758096.93,-2385700.827,-12644214.38,-7293428.243
17/12/2019 15:00,-11529975.1,-2339415.237,-12398900.76,-7151926.581
17/12/2019 16:00,-11443324.33,-2321833.923,-12305719.79,-7098177.993
17/12/2019 17:00,-11372588.93,-2307481.812,-12229653.61,-7054301.54
17/12/2019 18:00,-11407956.63,-2314657.867,-12267686.7,-7076239.765
17/12/2019 19:00,-11671445.9,-2368119.459,-12551033.13,-7239679.488
17/12/2019 20:00,-12251476.27,-2485806.779,-13174775.93,-7599466.44
17/12/2019 21:00,-12619300.42,-2560437.767,-13570320.17,-7827624.031
17/12/2019 22:00,-12074637.76,-2449926.502,-12984610.46,-7489775.306
17/12/2019 23:00,-11653762.05,-2364531.431,-12532016.58,-7228710.374
18/12/2019 00:00,-10214296.69,-2072465.996,-10984069.78,-6335824.615
18/12/2019 01:00,-9422060.114,-1911722.342,-10132128.41,-5844408.302
18/12/2019 02:00,-9264673.95,-1879788.917,-9962881.262,-5746783.261
18/12/2019 03:00,-9123203.143,-1851084.696,-9810748.887,-5659030.355
18/12/2019 04:00,-8965816.975,-1819151.27,-9641501.733,-5561405.312
18/12/2019 05:00,-8912765.425,-1808387.188,-9584452.094,-5528497.974
18/12/2019 06:00,-9018868.529,-1829915.354,-9698551.375,-5594312.653
18/12/2019 07:00,-9422060.114,-1911722.342,-10132128.41,-5844408.302
18/12/2019 08:00,-9984406.36,-2025821.58,-10736854.38,-6193225.974
18/12/2019 09:00,-10863293.97,-2204146.602,-11681976.99,-6738391.04
18/12/2019 10:00,-11618394.35,-2357355.375,-12493983.49,-7206772.147
18/12/2019 11:00,-11986218.5,-2431986.363,-12889527.72,-7434929.739
18/12/2019 12:00,-12021586.21,-2439162.419,-12927560.82,-7456867.966
18/12/2019 13:00,-12074637.76,-2449926.502,-12984610.46,-7489775.306
18/12/2019 14:00,-11758096.93,-2385700.827,-12644214.38,-7293428.243
18/12/2019 15:00,-11529975.1,-2339415.237,-12398900.76,-7151926.581
18/12/2019 16:00,-11443324.33,-2321833.923,-12305719.79,-7098177.993
18/12/2019 17:00,-11372588.93,-2307481.812,-12229653.61,-7054301.54
18/12/2019 18:00,-11407956.63,-2314657.867,-12267686.7,-7076239.765
18/12/2019 19:00,-11671445.9,-2368119.459,-12551033.13,-7239679.488
18/12/2019 20:00,-12251476.27,-2485806.779,-13174775.93,-7599466.44
18/12/2019 21:00,-12619300.42,-2560437.767,-13570320.17,-7827624.031
18/12/2019 22:00,-12074637.76,-2449926.502,-12984610.46,-7489775.306
18/12/2019 23:00,-11653762.05,-2364531.431,-12532016.58,-7228710.374
19/12/2019 00:00,-10214296.69,-2072465.996,-10984069.78,-6335824.615
19/12/2019 01:00,-9422060.114,-1911722.342,-10132128.41,-5844408.302
19/12/2019 02:00,-9264673.95,-1879788.917,-9962881.262,-5746783.261
19/12/2019 03:00,-9123203.143,-1851084.696,-9810748.887,-5659030.355
19/12/2019 04:00,-8965816.975,-1819151.27,-9641501.733,-5561405.312
19/12/2019 05:00,-8912765.425,-1808387.188,-9584452.094,-5528497.974
19/12/2019 06:00,-9018868.529,-1829915.354,-9698551.375,-5594312.653
19/12/2019 07:00,-9422060.114,-1911722.342,-10132128.41,-5844408.302
19/12/2019 08:00,-9984406.36,-2025821.58,-10736854.38,-6193225.974
19/12/2019 09:00,-10863293.97,-2204146.602,-11681976.99,-6738391.04
19/12/2019 10:00,-11618394.35,-2357355.375,-12493983.49,-7206772.147
19/12/2019 11:00,-11986218.5,-2431986.363,-12889527.72,-7434929.739
19/12/2019 12:00,-12021586.21,-2439162.419,-12927560.82,-7456867.966
19/12/2019 13:00,-12074637.76,-2449926.502,-12984610.46,-7489775.306
19/12/2019 14:00,-11758096.93,-2385700.827,-12644214.38,-7293428.243
19/12/2019 15:00,-11529975.1,-2339415.237,-12398900.76,-7151926.581
19/12/2019 16:00,-11443324.33,-2321833.923,-12305719.79,-7098177.993
19/12/2019 17:00,-11372588.93,-2307481.812,-12229653.61,-7054301.54
19/12/2019 18:00,-11407956.63,-2314657.867,-12267686.7,-7076239.765
19/12/2019 19:00,-11671445.9,-2368119.459,-12551033.13,-7239679.488
19/12/2019 20:00,-12251476.27,-2485806.779,-13174775.93,-7599466.44
19/12/2019 21:00,-12619300.42,-2560437.767,-13570320.17,-7827624.031
19/12/2019 22:00,-12074637.76,-2449926.502,-12984610.46,-7489775.306
19/12/2019 23:00,-11653762.05,-2364531.431,-12532016.58,-7228710.374
20/12/2019 00:00,-10214296.69,-2072465.996,-10984069.78,-6335824.615
20/12/2019 01:00,-9422060.114,-1911722.342,-10132128.41,-5844408.302
20/12/2019 02:00,-9264673.95,-1879788.917,-9962881.262,-5746783.261
20/12/2019 03:00,-9123203.143,-1851084.696,-9810748.887,-5659030.355
20/12/2019 04:00,-8965816.975,-1819151.27,-9641501.733,-5561405.312
20/12/2019 05:00,-8912765.425,-1808387.188,-9584452.094,-5528497.974
20/12/2019 06:00,-9018868.529,-1829915.354,-9698551.375,-5594312.653
20/12/2019 07:00,-9422060.114,-1911722.342,-10132128.41,-5844408.302
20/12/2019 08:00,-9984406.36,-2025821.58,-10736854.38,-6193225.974
20/12/2019 09:00,-10863293.97,-2204146.602,-11681976.99,-6738391.04
20/12/2019 10:00,-11618394.35,-2357355.375,-12493983.49,-7206772.147
20/12/2019 11:00,-11986218.5,-2431986.363,-12889527.72,-7434929.739
20/12/2019 12:00,-12021586.21,-2439162.419,-12927560.82,-7456867.966
20/12/2019 13:00,-12074637.76,-2449926.502,-12984610.46,-7489775.306
20/12/2019 14:00,-11758096.93,-2385700.827,-12644214.38,-7293428.243
20/12/2019 15:00,-11529975.1,-2339415.237,-12398900.76,-7151926.581
20/12/2019 16:00,-11443324.33,-2321833.923,-12305719.79,-7098177.993
20/12/2019 17:00,-11372588.93,-2307481.812,-12229653.61,-7054301.54
20/12/2019 18:00,-11407956.63,-2314657.867,-12267686.7,-7076239.765
20/12/2019 19:00,-11671445.9,-2368119.459,-12551033.13,-7239679.488
20/12/2019 20:00,-12251476.27,-2485806.779,-13174775.93,-7599466.44
20/12/2019 21:00,-12619300.42,-2560437.767,-13570320.17,-7827624.031
20/12/2019 22:00,-12074637.76,-2449926.502,-12984610.46,-7489775.306
20/12/2019 23:00,-11653762.05,-2364531.431,-12532016.58,-7228710.374
21/12/2019 00:00,-10214296.69,-2072465.996,-10984069.78,-6335824.615
21/12/2019 01:00,-9422060.114,-1911722.342,-10132128.41,-5844408.302
21/12/2019 02:00,-9264673.95,-1879788.917,-9962881.262,-5746783.261
21/12/2019 03:00,-9123203.143,-1851084.696,-9810748.887,-5659030.355
21/12/2019 04:00,-8965816.975,-1819151.27,-9641501.733,-5561405.312
21/12/2019 05:00,-8912765.425,-1808387.188,-9584452.094,-5528497.974
21/12/2019 06:00,-9018868.529,-1829915.354,-9698551.375,-5594312.653
21/12/2019 07:00,-9422060.114,-1911722.342,-10132128.41,-5844408.302
21/12/2019 08:00,-9984406.36,-2025821.58,-10736854.38,-6193225.974
21/12/2019 09:00,-10863293.97,-2204146.602,-11681976.99,-6738391.04
21/12/2019 10:00,-11618394.35,-2357355.375,-12493983.49,-7206772.147
21/12/2019 11:00,-11986218.5,-2431986.363,-12889527.72,-7434929.739
21/12/2019 12:00,-12021586.21,-2439162.419,-12927560.82,-7456867.966
21/12/2019 13:00,-12074637.76,-2449926.502,-12984610.46,-7489775.306
21/12/2019 14:00,-11758096.93,-2385700.827,-12644214.38,-7293428.243
21/12/2019 15:00,-11529975.1,-2339415.237,-12398900.76,-7151926.581
21/12/2019 16:00,-11443324.33,-2321833.923,-12305719.79,-7098177.993
21/12/2019 17:00,-11372588.93,-2307481.812,-12229653.61,-7054301.54
21/12/2019 18:00,-11407956.63,-2314657.867,-12267686.7,-7076239.765
21/12/2019 19:00,-11671445.9,-2368119.459,-12551033.13,-7239679.488
21/12/2019 20:00,-12251476.27,-2485806.779,-13174775.93,-7599466.44
21/12/2019 21:00,-12619300.42,-2560437.767,-13570320.17,-7827624.031
21/12/2019 22:00,-12074637.76,-2449926.502,-12984610.46,-7489775.306
21/12/2019 23:00,-11653762.05,-2364531.431,-12532016.58,-7228710.374
22/12/2019 00:00,-10214296.69,-2072465.996,-10984069.78,-6335824.615
22/12/2019 01:00,-9422060.114,-1911722.342,-10132128.41,-5844408.302
22/12/2019 02:00,-9264673.95,-1879788.917,-9962881.262,-5746783.261
22/12/2019 03:00,-9123203.143,-1851084.696,-9810748.887,-5659030.355
22/12/2019 04:00,-8965816.975,-1819151.27,-9641501.733,-5561405.312
22/12/2019 05:00,-8912765.425,-1808387.188,-9584452.094,-5528497.974
22/12/2019 06:00,-9018868.529,-1829915.354,-9698551.375,-5594312.653
22/12/2019 07:00,-9422060.114,-1911722.342,-10132128.41,-5844408.302
22/12/2019 08:00,-9984406.36,-2025821.58,-10736854.38,-6193225.974
22/12/2019 09:00,-10863293.97,-2204146.602,-11681976.99,-6738391.04
22/12/2019 10:00,-11618394.35,-2357355.375,-12493983.49,-7206772.147
22/12/2019 11:00,-11986218.5,-2431986.363,-12889527.72,-7434929.739
22/12/2019 12:00,-12021586.21,-2439162.419,-12927560.82,-7456867.966
22/12/2019 13:00,-12074637.76,-2449926.502,-12984610.46,-7489775.306
22/12/2019 14:00,-11758096.93,-2385700.827,-12644214.38,-7293428.243
22/12/2019 15:00,-11529975.1,-2339415.237,-12398900.76,-7151926.581
22/12/2019 16:00,-11443324.33,-2321833.923,-12305719.79,-7098177.993
22/12/2019 17:00,-11372588.93,-2307481.812,-12229653.61,-7054301.54
22/12/2019 18:00,-11407956.63,-2314657.867,-12267686.7,-7076239.765
22/12/2019 19:00,-11671445.9,-2368119.459,-12551033.13,-7239679.488
22/12/2019 20:00,-12251476.27,-2485806.779,-13174775.93,-7599466.44
22/12/2019 21:00,-12619300.42,-2560437.767,-13570320.17,-7827624.031
22/12/2019 22:00,-12074637.76,-2449926.502,-12984610.46,-7489775.306
22/12/2019 23:00,-11653762.05,-2364531.431,-12532016.58,-7228710.374
23/12/2019 00:00,-10214296.69,-2072465.996,-10984069.78,-6335824.615
23/12/2019 01:00,-9422060.114,-1911722.342,-10132128.41,-5844408.302
23/12/2019 02:00,-9264673.95,-1879788.917,-9962881.262,-5746783.261
23/12/2019 03:00,-9123203.143,-1851084.696,-9810748.887,-5659030.355
23/12/2019 04:00,-8965816.975,-1819151.27,-9641501.733,-5561405.312
23/12/2019 05:00,-8912765.425,-1808387.188,-9584452.094,-5528497.974
23/12/2019 06:00,-9018868.529,-1829915.354,-9698551.375,-5594312.653
23/12/2019 07:00,-9422060.114,-1911722.342,-10132128.41,-5844408.302
23/12/2019 08:00,-9984406.36,-2025821.58,-10736854.38,-6193225.974
23/12/2019 09:00,-10863293.97,-2204146.602,-11681976.99,-6738391.04
23/12/2019 10:00,-11618394.35,-2357355.375,-12493983.49,-7206772.147
23/12/2019 11:00,-11986218.5,-2431986.363,-12889527.72,-7434929.739
23/12/2019 12:00,-12021586.21,-2439162.419,-12927560.82,-7456867.966
23/12/2019 13:00,-12074637.76,-2449926.502,-12984610.46,-7489775.306
23/12/2019 14:00,-11758096.93,-2385700.827,-12644214.38,-7293428.243
23/12/2019 15:00,-11529975.1,-2339415.237,-12398900.76,-7151926.581
23/12/2019 16:00,-11443324.33,-2321833.923,-12305719.79,-7098177.993
23/12/2019 17:00,-11372588.93,-2307481.812,-12229653.61,-7054301.54
23/12/2019 18:00,-11407956.63,-2314657.867,-12267686.7,-7076239.765
23/12/2019 19:00,-11671445.9,-2368119.459,-12551033.13,-7239679.488
23/12/2019 20:00,-12251476.27,-2485806.779,-13174775.93,-7599466.44
23/12/2019 21:00,-12619300.42,-2560437.767,-13570320.17,-7827624.031
23/12/2019 22:00,-12074637.76,-2449926.502,-12984610.46,-7489775.306
23/12/2019 23:00,-11653762.05,-2364531.431,-12532016.58,-7228710.374
24/12/2019 00:00,-9549202.036,-1937519.254,-10268852.04,-5923273.147
24/12/2019 01:00,-8808551.226,-1787242.278,-9472384.072,-5463854.964
24/12/2019 02:00,-8661413.115,-1757388.168,-9314157.291,-5372586.686
24/12/2019 03:00,-8529154.053,-1730552.996,-9171930.88,-5290547.731
24/12/2019 04:00,-8382015.945,-1700698.887,-9013704.103,-5199279.455
24/12/2019 05:00,-8332418.793,-1690635.697,-8960369.195,-5168514.845
24/12/2019 06:00,-8431613.093,-1710762.077,-9067039.007,-5230044.063
24/12/2019 07:00,-8808551.226,-1787242.278,-9472384.072,-5463854.964
24/12/2019 08:00,-9334280.805,-1893912.047,-10037733.85,-5789959.687
24/12/2019 09:00,-10155940.44,-2060625.597,-10921315.66,-6299626.825
24/12/2019 10:00,-10861873.15,-2203858.32,-11680449.1,-6737509.722
24/12/2019 11:00,-11205746.77,-2273629.779,-12050237.83,-6950811.04
24/12/2019 12:00,-11238811.54,-2280338.572,-12085794.43,-6971320.778
24/12/2019 13:00,-11288408.68,-2290401.762,-12139129.34,-7002085.386
24/12/2019 14:00,-10992479.13,-2230358.084,-11820897.84,-6818523.285
24/12/2019 15:00,-10779211.24,-2187086.338,-11591557.59,-6686235.376
24/12/2019 16:00,-10698202.66,-2170649.815,-11504444.02,-6635986.577
24/12/2019 17:00,-10632073.13,-2157232.229,-11433330.81,-6594967.1
24/12/2019 18:00,-10665137.89,-2163941.022,-11468887.42,-6615476.838
24/12/2019 19:00,-10911470.3,-2213921.51,-11733784.0,-6768274.33
24/12/2019 20:00,-11453732.51,-2323945.728,-12316912.36,-7104634.082
24/12/2019 21:00,-11797606.13,-2393717.187,-12686701.09,-7317935.399
24/12/2019 22:00,-11288408.68,-2290401.762,-12139129.34,-7002085.386
24/12/2019 23:00,-10894937.92,-2210567.113,-11716005.7,-6758019.461
25/12/2019 00:00,-9549202.036,-1937519.254,-10268852.04,-5923273.147
25/12/2019 01:00,-8808551.226,-1787242.278,-9472384.072,-5463854.964
25/12/2019 02:00,-8661413.115,-1757388.168,-9314157.291,-5372586.686
25/12/2019 03:00,-8529154.053,-1730552.996,-9171930.88,-5290547.731
25/12/2019 04:00,-8382015.945,-1700698.887,-9013704.103,-5199279.455
25/12/2019 05:00,-8332418.793,-1690635.697,-8960369.195,-5168514.845
25/12/2019 06:00,-8431613.093,-1710762.077,-9067039.007,-5230044.063
25/12/2019 07:00,-8808551.226,-1787242.278,-9472384.072,-5463854.964
25/12/2019 08:00,-9334280.805,-1893912.047,-10037733.85,-5789959.687
25/12/2019 09:00,-10155940.44,-2060625.597,-10921315.66,-6299626.825
25/12/2019 10:00,-10861873.15,-2203858.32,-11680449.1,-6737509.722
25/12/2019 11:00,-11205746.77,-2273629.779,-12050237.83,-6950811.04
25/12/2019 12:00,-11238811.54,-2280338.572,-12085794.43,-6971320.778
25/12/2019 13:00,-11288408.68,-2290401.762,-12139129.34,-7002085.386
25/12/2019 14:00,-10992479.13,-2230358.084,-11820897.84,-6818523.285
25/12/2019 15:00,-10779211.24,-2187086.338,-11591557.59,-6686235.376
25/12/2019 16:00,-10698202.66,-2170649.815,-11504444.02,-6635986.577
25/12/2019 17:00,-10632073.13,-2157232.229,-11433330.81,-6594967.1
25/12/2019 18:00,-10665137.89,-2163941.022,-11468887.42,-6615476.838
25/12/2019 19:00,-10911470.3,-2213921.51,-11733784.0,-6768274.33
25/12/2019 20:00,-11453732.51,-2323945.728,-12316912.36,-7104634.082
25/12/2019 21:00,-11797606.13,-2393717.187,-12686701.09,-7317935.399
25/12/2019 22:00,-11288408.68,-2290401.762,-12139129.34,-7002085.386
25/12/2019 23:00,-10894937.92,-2210567.113,-11716005.7,-6758019.461
26/12/2019 00:00,-9549202.036,-1937519.254,-10268852.04,-5923273.147
26/12/2019 01:00,-8808551.226,-1787242.278,-9472384.072,-5463854.964
26/12/2019 02:00,-8661413.115,-1757388.168,-9314157.291,-5372586.686
26/12/2019 03:00,-8529154.053,-1730552.996,-9171930.88,-5290547.731
26/12/2019 04:00,-8382015.945,-1700698.887,-9013704.103,-5199279.455
26/12/2019 05:00,-8332418.793,-1690635.697,-8960369.195,-5168514.845
26/12/2019 06:00,-8431613.093,-1710762.077,-9067039.007,-5230044.063
26/12/2019 07:00,-8808551.226,-1787242.278,-9472384.072,-5463854.964
26/12/2019 08:00,-9334280.805,-1893912.047,-10037733.85,-5789959.687
26/12/2019 09:00,-10155940.44,-2060625.597,-10921315.66,-6299626.825
26/12/2019 10:00,-10861873.15,-2203858.32,-11680449.1,-6737509.722
26/12/2019 11:00,-11205746.77,-2273629.779,-12050237.83,-6950811.04
26/12/2019 12:00,-11238811.54,-2280338.572,-12085794.43,-6971320.778
26/12/2019 13:00,-11288408.68,-2290401.762,-12139129.34,-7002085.386
26/12/2019 14:00,-10992479.13,-2230358.084,-11820897.84,-6818523.285
26/12/2019 15:00,-10779211.24,-2187086.338,-11591557.59,-6686235.376
26/12/2019 16:00,-10698202.66,-2170649.815,-11504444.02,-6635986.577
26/12/2019 17:00,-10632073.13,-2157232.229,-11433330.81,-6594967.1
26/12/2019 18:00,-10665137.89,-2163941.022,-11468887.42,-6615476.838
26/12/2019 19:00,-10911470.3,-2213921.51,-11733784.0,-6768274.33
26/12/2019 20:00,-11453732.51,-2323945.728,-12316912.36,-7104634.082
26/12/2019 21:00,-11797606.13,-2393717.187,-12686701.09,-7317935.399
26/12/2019 22:00,-11288408.68,-2290401.762,-12139129.34,-7002085.386
26/12/2019 23:00,-10894937.92,-2210567.113,-11716005.7,-6758019.461
27/12/2019 00:00,-9549202.036,-1937519.254,-10268852.04,-5923273.147
27/12/2019 01:00,-8808551.226,-1787242.278,-9472384.072,-5463854.964
27/12/2019 02:00,-8661413.115,-1757388.168,-9314157.291,-5372586.686
27/12/2019 03:00,-8529154.053,-1730552.996,-9171930.88,-5290547.731
27/12/2019 04:00,-8382015.945,-1700698.887,-9013704.103,-5199279.455
27/12/2019 05:00,-8332418.793,-1690635.697,-8960369.195,-5168514.845
27/12/2019 06:00,-8431613.093,-1710762.077,-9067039.007,-5230044.063
27/12/2019 07:00,-8808551.226,-1787242.278,-9472384.072,-5463854.964
27/12/2019 08:00,-9334280.805,-1893912.047,-10037733.85,-5789959.687
27/12/2019 09:00,-10155940.44,-2060625.597,-10921315.66,-6299626.825
27/12/2019 10:00,-10861873.15,-2203858.32,-11680449.1,-6737509.722
27/12/2019 11:00,-11205746.77,-2273629.779,-12050237.83,-6950811.04
27/12/2019 12:00,-11238811.54,-2280338.572,-12085794.43,-6971320.778
27/12/2019 13:00,-11288408.68,-2290401.762,-12139129.34,-7002085.386
27/12/2019 14:00,-10992479.13,-2230358.084,-11820897.84,-6818523.285
27/12/2019 15:00,-10779211.24,-2187086.338,-11591557.59,-6686235.376
27/12/2019 16:00,-10698202.66,-2170649.815,-11504444.02,-6635986.577
27/12/2019 17:00,-10632073.13,-2157232.229,-11433330.81,-6594967.1
27/12/2019 18:00,-10665137.89,-2163941.022,-11468887.42,-6615476.838
27/12/2019 19:00,-10911470.3,-2213921.51,-11733784.0,-6768274.33
27/12/2019 20:00,-11453732.51,-2323945.728,-12316912.36,-7104634.082
27/12/2019 21:00,-11797606.13,-2393717.187,-12686701.09,-7317935.399
27/12/2019 22:00,-11288408.68,-2290401.762,-12139129.34,-7002085.386
27/12/2019 23:00,-10894937.92,-2210567.113,-11716005.7,-6758019.461
28/12/2019 00:00,-9549202.036,-1937519.254,-10268852.04,-5923273.147
28/12/2019 01:00,-8808551.226,-1787242.278,-9472384.072,-5463854.964
28/12/2019 02:00,-8661413.115,-1757388.168,-9314157.291,-5372586.686
28/12/2019 03:00,-8529154.053,-1730552.996,-9171930.88,-5290547.731
28/12/2019 04:00,-8382015.945,-1700698.887,-9013704.103,-5199279.455
28/12/2019 05:00,-8332418.793,-1690635.697,-8960369.195,-5168514.845
28/12/2019 06:00,-8431613.093,-1710762.077,-9067039.007,-5230044.063
28/12/2019 07:00,-8808551.226,-1787242.278,-9472384.072,-5463854.964
28/12/2019 08:00,-9334280.805,-1893912.047,-10037733.85,-5789959.687
28/12/2019 09:00,-10155940.44,-2060625.597,-10921315.66,-6299626.825
28/12/2019 10:00,-10861873.15,-2203858.32,-11680449.1,-6737509.722
28/12/2019 11:00,-11205746.77,-2273629.779,-12050237.83,-6950811.04
28/12/2019 12:00,-11238811.54,-2280338.572,-12085794.43,-6971320.778
28/12/2019 13:00,-11288408.68,-2290401.762,-12139129.34,-7002085.386
28/12/2019 14:00,-10992479.13,-2230358.084,-11820897.84,-6818523.285
28/12/2019 15:00,-10779211.24,-2187086.338,-11591557.59,-6686235.376
28/12/2019 16:00,-10698202.66,-2170649.815,-11504444.02,-6635986.577
28/12/2019 17:00,-10632073.13,-2157232.229,-11433330.81,-6594967.1
28/12/2019 18:00,-10665137.89,-2163941.022,-11468887.42,-6615476.838
28/12/2019 19:00,-10911470.3,-2213921.51,-11733784.0,-6768274.33
28/12/2019 20:00,-11453732.51,-2323945.728,-12316912.36,-7104634.082
28/12/2019 21:00,-11797606.13,-2393717.187,-12686701.09,-7317935.399
28/12/2019 22:00,-11288408.68,-2290401.762,-12139129.34,-7002085.386
28/12/2019 23:00,-10894937.92,-2210567.113,-11716005.7,-6758019.461
29/12/2019 00:00,-9549202.036,-1937519.254,-10268852.04,-5923273.147
29/12/2019 01:00,-8808551.226,-1787242.278,-9472384.072,-5463854.964
29/12/2019 02:00,-8661413.115,-1757388.168,-9314157.291,-5372586.686
29/12/2019 03:00,-8529154.053,-1730552.996,-9171930.88,-5290547.731
29/12/2019 04:00,-8382015.945,-1700698.887,-9013704.103,-5199279.455
29/12/2019 05:00,-8332418.793,-1690635.697,-8960369.195,-5168514.845
29/12/2019 06:00,-8431613.093,-1710762.077,-9067039.007,-5230044.063
29/12/2019 07:00,-8808551.226,-1787242.278,-9472384.072,-5463854.964
29/12/2019 08:00,-9334280.805,-1893912.047,-10037733.85,-5789959.687
29/12/2019 09:00,-10155940.44,-2060625.597,-10921315.66,-6299626.825
29/12/2019 10:00,-10861873.15,-2203858.32,-11680449.1,-6737509.722
29/12/2019 11:00,-11205746.77,-2273629.779,-12050237.83,-6950811.04
29/12/2019 12:00,-11238811.54,-2280338.572,-12085794.43,-6971320.778
29/12/2019 13:00,-11288408.68,-2290401.762,-12139129.34,-7002085.386
29/12/2019 14:00,-10992479.13,-2230358.084,-11820897.84,-6818523.285
29/12/2019 15:00,-10779211.24,-2187086.338,-11591557.59,-6686235.376
29/12/2019 16:00,-10698202.66,-2170649.815,-11504444.02,-6635986.577
29/12/2019 17:00,-10632073.13,-2157232.229,-11433330.81,-6594967.1
29/12/2019 18:00,-10665137.89,-2163941.022,-11468887.42,-6615476.838
29/12/2019 19:00,-10911470.3,-2213921.51,-11733784.0,-6768274.33
29/12/2019 20:00,-11453732.51,-2323945.728,-12316912.36,-7104634.082
29/12/2019 21:00,-11797606.13,-2393717.187,-12686701.09,-7317935.399
29/12/2019 22:00,-11288408.68,-2290401.762,-12139129.34,-7002085.386
29/12/2019 23:00,-10894937.92,-2210567.113,-11716005.7,-6758019.461
30/12/2019 00:00,-9549202.036,-1937519.254,-10268852.04,-5923273.147
30/12/2019 01:00,-8808551.226,-1787242.278,-9472384.072,-5463854.964
30/12/2019 02:00,-8661413.115,-1757388.168,-9314157.291,-5372586.686
30/12/2019 03:00,-8529154.053,-1730552.996,-9171930.88,-5290547.731
30/12/2019 04:00,-8382015.945,-1700698.887,-9013704.103,-5199279.455
30/12/2019 05:00,-8332418.793,-1690635.697,-8960369.195,-5168514.845
30/12/2019 06:00,-8431613.093,-1710762.077,-9067039.007,-5230044.063
30/12/2019 07:00,-8808551.226,-1787242.278,-9472384.072,-5463854.964
30/12/2019 08:00,-9334280.805,-1893912.047,-10037733.85,-5789959.687
30/12/2019 09:00,-10155940.44,-2060625.597,-10921315.66,-6299626.825
30/12/2019 10:00,-10861873.15,-2203858.32,-11680449.1,-6737509.722
30/12/2019 11:00,-11205746.77,-2273629.779,-12050237.83,-6950811.04
30/12/2019 12:00,-11238811.54,-2280338.572,-12085794.43,-6971320.778
30/12/2019 13:00,-11288408.68,-2290401.762,-12139129.34,-7002085.386
30/12/2019 14:00,-10992479.13,-2230358.084,-11820897.84,-6818523.285
30/12/2019 15:00,-10779211.24,-2187086.338,-11591557.59,-6686235.376
30/12/2019 16:00,-10698202.66,-2170649.815,-11504444.02,-6635986.577
30/12/2019 17:00,-10632073.13,-2157232.229,-11433330.81,-6594967.1
30/12/2019 18:00,-10665137.89,-2163941.022,-11468887.42,-6615476.838
30/12/2019 19:00,-10911470.3,-2213921.51,-11733784.0,-6768274.33
30/12/2019 20:00,-11453732.51,-2323945.728,-12316912.36,-7104634.082
30/12/2019 21:00,-11797606.13,-2393717.187,-12686701.09,-7317935.399
30/12/2019 22:00,-11288408.68,-2290401.762,-12139129.34,-7002085.386
30/12/2019 23:00,-10894937.92,-2210567.113,-11716005.7,-6758019.461
31/12/2019 00:00,-9549202.036,-1937519.254,-10268852.04,-5923273.147
31/12/2019 01:00,-8808551.226,-1787242.278,-9472384.072,-5463854.964
31/12/2019 02:00,-8661413.115,-1757388.168,-9314157.291,-5372586.686
31/12/2019 03:00,-8529154.053,-1730552.996,-9171930.88,-5290547.731
31/12/2019 04:00,-8382015.945,-1700698.887,-9013704.103,-5199279.455
31/12/2019 05:00,-8332418.793,-1690635.697,-8960369.195,-5168514.845
31/12/2019 06:00,-8431613.093,-1710762.077,-9067039.007,-5230044.063
31/12/2019 07:00,-8808551.226,-1787242.278,-9472384.072,-5463854.964
31/12/2019 08:00,-9334280.805,-1893912.047,-10037733.85,-5789959.687
31/12/2019 09:00,-10155940.44,-2060625.597,-10921315.66,-6299626.825
31/12/2019 10:00,-10861873.15,-2203858.32,-11680449.1,-6737509.722
31/12/2019 11:00,-11205746.77,-2273629.779,-12050237.83,-6950811.04
31/12/2019 12:00,-11238811.54,-2280338.572,-12085794.43,-6971320.778
31/12/2019 13:00,-11288408.68,-2290401.762,-12139129.34,-7002085.386
31/12/2019 14:00,-10992479.13,-2230358.084,-11820897.84,-6818523.285
31/12/2019 15:00,-10779211.24,-2187086.338,-11591557.59,-6686235.376
31/12/2019 16:00,-10698202.66,-2170649.815,-11504444.02,-6635986.577
31/12/2019 17:00,-10632073.13,-2157232.229,-11433330.81,-6594967.1
31/12/2019 18:00,-10665137.89,-2163941.022,-11468887.42,-6615476.838
31/12/2019 19:00,-10911470.3,-2213921.51,-11733784.0,-6768274.33
31/12/2019 20:00,-11453732.51,-2323945.728,-12316912.36,-7104634.082
31/12/2019 21:00,-11797606.13,-2393717.187,-12686701.09,-7317935.399
31/12/2019 22:00,-11288408.68,-2290401.762,-12139129.34,-7002085.386
31/12/2019 23:00,-10894937.92,-2210567.113,-11716005.7,-6758019.461
