date,Hydro_Small_CSTR,Hydro_Large_CSTR,Hydro_Small_WSTR,Hydro_Large_WSTR
01/01/2019 00:00,1.0,0.1817340346045909,1.0,0.5537413663094907
01/01/2019 01:00,1.0,0.1817340346045909,1.0,0.5537413663094907
01/01/2019 02:00,1.0,0.1817340346045909,1.0,0.5537413663094907
01/01/2019 03:00,1.0,0.1817340346045909,1.0,0.5537413663094907
01/01/2019 04:00,1.0,0.1817340346045909,1.0,0.5537413663094907
01/01/2019 05:00,1.0,0.1817340346045909,1.0,0.5537413663094907
01/01/2019 06:00,1.0,0.1817340346045909,1.0,0.5537413663094907
01/01/2019 07:00,1.0,0.1817340346045909,1.0,0.5537413663094907
01/01/2019 08:00,1.0,0.1817340346045909,1.0,0.5537413663094907
01/01/2019 09:00,1.0,0.1817340346045909,1.0,0.5537413663094907
01/01/2019 10:00,1.0,0.1817340346045909,1.0,0.5537413663094907
01/01/2019 11:00,1.0,0.1817340346045909,1.0,0.5537413663094907
01/01/2019 12:00,1.0,0.1817340346045909,1.0,0.5537413663094907
01/01/2019 13:00,1.0,0.1817340346045909,1.0,0.5537413663094907
01/01/2019 14:00,1.0,0.1817340346045909,1.0,0.5537413663094907
01/01/2019 15:00,1.0,0.1817340346045909,1.0,0.5537413663094907
01/01/2019 16:00,1.0,0.1817340346045909,1.0,0.5537413663094907
01/01/2019 17:00,1.0,0.1817340346045909,1.0,0.5537413663094907
01/01/2019 18:00,1.0,0.1817340346045909,1.0,0.5537413663094907
01/01/2019 19:00,1.0,0.1817340346045909,1.0,0.5537413663094907
01/01/2019 20:00,1.0,0.1817340346045909,1.0,0.5537413663094907
01/01/2019 21:00,1.0,0.1817340346045909,1.0,0.5537413663094907
01/01/2019 22:00,1.0,0.1817340346045909,1.0,0.5537413663094907
01/01/2019 23:00,1.0,0.1817340346045909,1.0,0.5537413663094907
02/01/2019 00:00,1.0,0.1817340346045909,1.0,0.5537413663094907
02/01/2019 01:00,1.0,0.1817340346045909,1.0,0.5537413663094907
02/01/2019 02:00,1.0,0.1817340346045909,1.0,0.5537413663094907
02/01/2019 03:00,1.0,0.1817340346045909,1.0,0.5537413663094907
02/01/2019 04:00,1.0,0.1817340346045909,1.0,0.5537413663094907
02/01/2019 05:00,1.0,0.1817340346045909,1.0,0.5537413663094907
02/01/2019 06:00,1.0,0.1817340346045909,1.0,0.5537413663094907
02/01/2019 07:00,1.0,0.1817340346045909,1.0,0.5537413663094907
02/01/2019 08:00,1.0,0.1817340346045909,1.0,0.5537413663094907
02/01/2019 09:00,1.0,0.1817340346045909,1.0,0.5537413663094907
02/01/2019 10:00,1.0,0.1817340346045909,1.0,0.5537413663094907
02/01/2019 11:00,1.0,0.1817340346045909,1.0,0.5537413663094907
02/01/2019 12:00,1.0,0.1817340346045909,1.0,0.5537413663094907
02/01/2019 13:00,1.0,0.1817340346045909,1.0,0.5537413663094907
02/01/2019 14:00,1.0,0.1817340346045909,1.0,0.5537413663094907
02/01/2019 15:00,1.0,0.1817340346045909,1.0,0.5537413663094907
02/01/2019 16:00,1.0,0.1817340346045909,1.0,0.5537413663094907
02/01/2019 17:00,1.0,0.1817340346045909,1.0,0.5537413663094907
02/01/2019 18:00,1.0,0.1817340346045909,1.0,0.5537413663094907
02/01/2019 19:00,1.0,0.1817340346045909,1.0,0.5537413663094907
02/01/2019 20:00,1.0,0.1817340346045909,1.0,0.5537413663094907
02/01/2019 21:00,1.0,0.1817340346045909,1.0,0.5537413663094907
02/01/2019 22:00,1.0,0.1817340346045909,1.0,0.5537413663094907
02/01/2019 23:00,1.0,0.1817340346045909,1.0,0.5537413663094907
03/01/2019 00:00,1.0,0.1817340346045909,1.0,0.5537413663094907
03/01/2019 01:00,1.0,0.1817340346045909,1.0,0.5537413663094907
03/01/2019 02:00,1.0,0.1817340346045909,1.0,0.5537413663094907
03/01/2019 03:00,1.0,0.1817340346045909,1.0,0.5537413663094907
03/01/2019 04:00,1.0,0.1817340346045909,1.0,0.5537413663094907
03/01/2019 05:00,1.0,0.1817340346045909,1.0,0.5537413663094907
03/01/2019 06:00,1.0,0.1817340346045909,1.0,0.5537413663094907
03/01/2019 07:00,1.0,0.1817340346045909,1.0,0.5537413663094907
03/01/2019 08:00,1.0,0.1817340346045909,1.0,0.5537413663094907
03/01/2019 09:00,1.0,0.1817340346045909,1.0,0.5537413663094907
03/01/2019 10:00,1.0,0.1817340346045909,1.0,0.5537413663094907
03/01/2019 11:00,1.0,0.1817340346045909,1.0,0.5537413663094907
03/01/2019 12:00,1.0,0.1817340346045909,1.0,0.5537413663094907
03/01/2019 13:00,1.0,0.1817340346045909,1.0,0.5537413663094907
03/01/2019 14:00,1.0,0.1817340346045909,1.0,0.5537413663094907
03/01/2019 15:00,1.0,0.1817340346045909,1.0,0.5537413663094907
03/01/2019 16:00,1.0,0.1817340346045909,1.0,0.5537413663094907
03/01/2019 17:00,1.0,0.1817340346045909,1.0,0.5537413663094907
03/01/2019 18:00,1.0,0.1817340346045909,1.0,0.5537413663094907
03/01/2019 19:00,1.0,0.1817340346045909,1.0,0.5537413663094907
03/01/2019 20:00,1.0,0.1817340346045909,1.0,0.5537413663094907
03/01/2019 21:00,1.0,0.1817340346045909,1.0,0.5537413663094907
03/01/2019 22:00,1.0,0.1817340346045909,1.0,0.5537413663094907
03/01/2019 23:00,1.0,0.1817340346045909,1.0,0.5537413663094907
04/01/2019 00:00,1.0,0.1817340346045909,1.0,0.5537413663094907
04/01/2019 01:00,1.0,0.1817340346045909,1.0,0.5537413663094907
04/01/2019 02:00,1.0,0.1817340346045909,1.0,0.5537413663094907
04/01/2019 03:00,1.0,0.1817340346045909,1.0,0.5537413663094907
04/01/2019 04:00,1.0,0.1817340346045909,1.0,0.5537413663094907
04/01/2019 05:00,1.0,0.1817340346045909,1.0,0.5537413663094907
04/01/2019 06:00,1.0,0.1817340346045909,1.0,0.5537413663094907
04/01/2019 07:00,1.0,0.1817340346045909,1.0,0.5537413663094907
04/01/2019 08:00,1.0,0.1817340346045909,1.0,0.5537413663094907
04/01/2019 09:00,1.0,0.1817340346045909,1.0,0.5537413663094907
04/01/2019 10:00,1.0,0.1817340346045909,1.0,0.5537413663094907
04/01/2019 11:00,1.0,0.1817340346045909,1.0,0.5537413663094907
04/01/2019 12:00,1.0,0.1817340346045909,1.0,0.5537413663094907
04/01/2019 13:00,1.0,0.1817340346045909,1.0,0.5537413663094907
04/01/2019 14:00,1.0,0.1817340346045909,1.0,0.5537413663094907
04/01/2019 15:00,1.0,0.1817340346045909,1.0,0.5537413663094907
04/01/2019 16:00,1.0,0.1817340346045909,1.0,0.5537413663094907
04/01/2019 17:00,1.0,0.1817340346045909,1.0,0.5537413663094907
04/01/2019 18:00,1.0,0.1817340346045909,1.0,0.5537413663094907
04/01/2019 19:00,1.0,0.1817340346045909,1.0,0.5537413663094907
04/01/2019 20:00,1.0,0.1817340346045909,1.0,0.5537413663094907
04/01/2019 21:00,1.0,0.1817340346045909,1.0,0.5537413663094907
04/01/2019 22:00,1.0,0.1817340346045909,1.0,0.5537413663094907
04/01/2019 23:00,1.0,0.1817340346045909,1.0,0.5537413663094907
05/01/2019 00:00,1.0,0.1817340346045909,1.0,0.5537413663094907
05/01/2019 01:00,1.0,0.1817340346045909,1.0,0.5537413663094907
05/01/2019 02:00,1.0,0.1817340346045909,1.0,0.5537413663094907
05/01/2019 03:00,1.0,0.1817340346045909,1.0,0.5537413663094907
05/01/2019 04:00,1.0,0.1817340346045909,1.0,0.5537413663094907
05/01/2019 05:00,1.0,0.1817340346045909,1.0,0.5537413663094907
05/01/2019 06:00,1.0,0.1817340346045909,1.0,0.5537413663094907
05/01/2019 07:00,1.0,0.1817340346045909,1.0,0.5537413663094907
05/01/2019 08:00,1.0,0.1817340346045909,1.0,0.5537413663094907
05/01/2019 09:00,1.0,0.1817340346045909,1.0,0.5537413663094907
05/01/2019 10:00,1.0,0.1817340346045909,1.0,0.5537413663094907
05/01/2019 11:00,1.0,0.1817340346045909,1.0,0.5537413663094907
05/01/2019 12:00,1.0,0.1817340346045909,1.0,0.5537413663094907
05/01/2019 13:00,1.0,0.1817340346045909,1.0,0.5537413663094907
05/01/2019 14:00,1.0,0.1817340346045909,1.0,0.5537413663094907
05/01/2019 15:00,1.0,0.1817340346045909,1.0,0.5537413663094907
05/01/2019 16:00,1.0,0.1817340346045909,1.0,0.5537413663094907
05/01/2019 17:00,1.0,0.1817340346045909,1.0,0.5537413663094907
05/01/2019 18:00,1.0,0.1817340346045909,1.0,0.5537413663094907
05/01/2019 19:00,1.0,0.1817340346045909,1.0,0.5537413663094907
05/01/2019 20:00,1.0,0.1817340346045909,1.0,0.5537413663094907
05/01/2019 21:00,1.0,0.1817340346045909,1.0,0.5537413663094907
05/01/2019 22:00,1.0,0.1817340346045909,1.0,0.5537413663094907
05/01/2019 23:00,1.0,0.1817340346045909,1.0,0.5537413663094907
06/01/2019 00:00,1.0,0.1817340346045909,1.0,0.5537413663094907
06/01/2019 01:00,1.0,0.1817340346045909,1.0,0.5537413663094907
06/01/2019 02:00,1.0,0.1817340346045909,1.0,0.5537413663094907
06/01/2019 03:00,1.0,0.1817340346045909,1.0,0.5537413663094907
06/01/2019 04:00,1.0,0.1817340346045909,1.0,0.5537413663094907
06/01/2019 05:00,1.0,0.1817340346045909,1.0,0.5537413663094907
06/01/2019 06:00,1.0,0.1817340346045909,1.0,0.5537413663094907
06/01/2019 07:00,1.0,0.1817340346045909,1.0,0.5537413663094907
06/01/2019 08:00,1.0,0.1817340346045909,1.0,0.5537413663094907
06/01/2019 09:00,1.0,0.1817340346045909,1.0,0.5537413663094907
06/01/2019 10:00,1.0,0.1817340346045909,1.0,0.5537413663094907
06/01/2019 11:00,1.0,0.1817340346045909,1.0,0.5537413663094907
06/01/2019 12:00,1.0,0.1817340346045909,1.0,0.5537413663094907
06/01/2019 13:00,1.0,0.1817340346045909,1.0,0.5537413663094907
06/01/2019 14:00,1.0,0.1817340346045909,1.0,0.5537413663094907
06/01/2019 15:00,1.0,0.1817340346045909,1.0,0.5537413663094907
06/01/2019 16:00,1.0,0.1817340346045909,1.0,0.5537413663094907
06/01/2019 17:00,1.0,0.1817340346045909,1.0,0.5537413663094907
06/01/2019 18:00,1.0,0.1817340346045909,1.0,0.5537413663094907
06/01/2019 19:00,1.0,0.1817340346045909,1.0,0.5537413663094907
06/01/2019 20:00,1.0,0.1817340346045909,1.0,0.5537413663094907
06/01/2019 21:00,1.0,0.1817340346045909,1.0,0.5537413663094907
06/01/2019 22:00,1.0,0.1817340346045909,1.0,0.5537413663094907
06/01/2019 23:00,1.0,0.1817340346045909,1.0,0.5537413663094907
07/01/2019 00:00,1.0,0.1817340346045909,1.0,0.5537413663094907
07/01/2019 01:00,1.0,0.1817340346045909,1.0,0.5537413663094907
07/01/2019 02:00,1.0,0.1817340346045909,1.0,0.5537413663094907
07/01/2019 03:00,1.0,0.1817340346045909,1.0,0.5537413663094907
07/01/2019 04:00,1.0,0.1817340346045909,1.0,0.5537413663094907
07/01/2019 05:00,1.0,0.1817340346045909,1.0,0.5537413663094907
07/01/2019 06:00,1.0,0.1817340346045909,1.0,0.5537413663094907
07/01/2019 07:00,1.0,0.1817340346045909,1.0,0.5537413663094907
07/01/2019 08:00,1.0,0.1817340346045909,1.0,0.5537413663094907
07/01/2019 09:00,1.0,0.1817340346045909,1.0,0.5537413663094907
07/01/2019 10:00,1.0,0.1817340346045909,1.0,0.5537413663094907
07/01/2019 11:00,1.0,0.1817340346045909,1.0,0.5537413663094907
07/01/2019 12:00,1.0,0.1817340346045909,1.0,0.5537413663094907
07/01/2019 13:00,1.0,0.1817340346045909,1.0,0.5537413663094907
07/01/2019 14:00,1.0,0.1817340346045909,1.0,0.5537413663094907
07/01/2019 15:00,1.0,0.1817340346045909,1.0,0.5537413663094907
07/01/2019 16:00,1.0,0.1817340346045909,1.0,0.5537413663094907
07/01/2019 17:00,1.0,0.1817340346045909,1.0,0.5537413663094907
07/01/2019 18:00,1.0,0.1817340346045909,1.0,0.5537413663094907
07/01/2019 19:00,1.0,0.1817340346045909,1.0,0.5537413663094907
07/01/2019 20:00,1.0,0.1817340346045909,1.0,0.5537413663094907
07/01/2019 21:00,1.0,0.1817340346045909,1.0,0.5537413663094907
07/01/2019 22:00,1.0,0.1817340346045909,1.0,0.5537413663094907
07/01/2019 23:00,1.0,0.1817340346045909,1.0,0.5537413663094907
08/01/2019 00:00,1.0,0.1817340346045909,1.0,0.5537413663094907
08/01/2019 01:00,1.0,0.1817340346045909,1.0,0.5537413663094907
08/01/2019 02:00,1.0,0.1817340346045909,1.0,0.5537413663094907
08/01/2019 03:00,1.0,0.1817340346045909,1.0,0.5537413663094907
08/01/2019 04:00,1.0,0.1817340346045909,1.0,0.5537413663094907
08/01/2019 05:00,1.0,0.1817340346045909,1.0,0.5537413663094907
08/01/2019 06:00,1.0,0.1817340346045909,1.0,0.5537413663094907
08/01/2019 07:00,1.0,0.1817340346045909,1.0,0.5537413663094907
08/01/2019 08:00,1.0,0.1817340346045909,1.0,0.5537413663094907
08/01/2019 09:00,1.0,0.1817340346045909,1.0,0.5537413663094907
08/01/2019 10:00,1.0,0.1817340346045909,1.0,0.5537413663094907
08/01/2019 11:00,1.0,0.1817340346045909,1.0,0.5537413663094907
08/01/2019 12:00,1.0,0.1817340346045909,1.0,0.5537413663094907
08/01/2019 13:00,1.0,0.1817340346045909,1.0,0.5537413663094907
08/01/2019 14:00,1.0,0.1817340346045909,1.0,0.5537413663094907
08/01/2019 15:00,1.0,0.1817340346045909,1.0,0.5537413663094907
08/01/2019 16:00,1.0,0.1817340346045909,1.0,0.5537413663094907
08/01/2019 17:00,1.0,0.1817340346045909,1.0,0.5537413663094907
08/01/2019 18:00,1.0,0.1817340346045909,1.0,0.5537413663094907
08/01/2019 19:00,1.0,0.1817340346045909,1.0,0.5537413663094907
08/01/2019 20:00,1.0,0.1817340346045909,1.0,0.5537413663094907
08/01/2019 21:00,1.0,0.1817340346045909,1.0,0.5537413663094907
08/01/2019 22:00,1.0,0.1817340346045909,1.0,0.5537413663094907
08/01/2019 23:00,1.0,0.1817340346045909,1.0,0.5537413663094907
09/01/2019 00:00,1.0,0.1817340346045909,1.0,0.5537413663094907
09/01/2019 01:00,1.0,0.1817340346045909,1.0,0.5537413663094907
09/01/2019 02:00,1.0,0.1817340346045909,1.0,0.5537413663094907
09/01/2019 03:00,1.0,0.1817340346045909,1.0,0.5537413663094907
09/01/2019 04:00,1.0,0.1817340346045909,1.0,0.5537413663094907
09/01/2019 05:00,1.0,0.1817340346045909,1.0,0.5537413663094907
09/01/2019 06:00,1.0,0.1817340346045909,1.0,0.5537413663094907
09/01/2019 07:00,1.0,0.1817340346045909,1.0,0.5537413663094907
09/01/2019 08:00,1.0,0.1817340346045909,1.0,0.5537413663094907
09/01/2019 09:00,1.0,0.1817340346045909,1.0,0.5537413663094907
09/01/2019 10:00,1.0,0.1817340346045909,1.0,0.5537413663094907
09/01/2019 11:00,1.0,0.1817340346045909,1.0,0.5537413663094907
09/01/2019 12:00,1.0,0.1817340346045909,1.0,0.5537413663094907
09/01/2019 13:00,1.0,0.1817340346045909,1.0,0.5537413663094907
09/01/2019 14:00,1.0,0.1817340346045909,1.0,0.5537413663094907
09/01/2019 15:00,1.0,0.1817340346045909,1.0,0.5537413663094907
09/01/2019 16:00,1.0,0.1817340346045909,1.0,0.5537413663094907
09/01/2019 17:00,1.0,0.1817340346045909,1.0,0.5537413663094907
09/01/2019 18:00,1.0,0.1817340346045909,1.0,0.5537413663094907
09/01/2019 19:00,1.0,0.1817340346045909,1.0,0.5537413663094907
09/01/2019 20:00,1.0,0.1817340346045909,1.0,0.5537413663094907
09/01/2019 21:00,1.0,0.1817340346045909,1.0,0.5537413663094907
09/01/2019 22:00,1.0,0.1817340346045909,1.0,0.5537413663094907
09/01/2019 23:00,1.0,0.1817340346045909,1.0,0.5537413663094907
10/01/2019 00:00,1.0,0.1817340346045909,1.0,0.5537413663094907
10/01/2019 01:00,1.0,0.1817340346045909,1.0,0.5537413663094907
10/01/2019 02:00,1.0,0.1817340346045909,1.0,0.5537413663094907
10/01/2019 03:00,1.0,0.1817340346045909,1.0,0.5537413663094907
10/01/2019 04:00,1.0,0.1817340346045909,1.0,0.5537413663094907
10/01/2019 05:00,1.0,0.1817340346045909,1.0,0.5537413663094907
10/01/2019 06:00,1.0,0.1817340346045909,1.0,0.5537413663094907
10/01/2019 07:00,1.0,0.1817340346045909,1.0,0.5537413663094907
10/01/2019 08:00,1.0,0.1817340346045909,1.0,0.5537413663094907
10/01/2019 09:00,1.0,0.1817340346045909,1.0,0.5537413663094907
10/01/2019 10:00,1.0,0.1817340346045909,1.0,0.5537413663094907
10/01/2019 11:00,1.0,0.1817340346045909,1.0,0.5537413663094907
10/01/2019 12:00,1.0,0.1817340346045909,1.0,0.5537413663094907
10/01/2019 13:00,1.0,0.1817340346045909,1.0,0.5537413663094907
10/01/2019 14:00,1.0,0.1817340346045909,1.0,0.5537413663094907
10/01/2019 15:00,1.0,0.1817340346045909,1.0,0.5537413663094907
10/01/2019 16:00,1.0,0.1817340346045909,1.0,0.5537413663094907
10/01/2019 17:00,1.0,0.1817340346045909,1.0,0.5537413663094907
10/01/2019 18:00,1.0,0.1817340346045909,1.0,0.5537413663094907
10/01/2019 19:00,1.0,0.1817340346045909,1.0,0.5537413663094907
10/01/2019 20:00,1.0,0.1817340346045909,1.0,0.5537413663094907
10/01/2019 21:00,1.0,0.1817340346045909,1.0,0.5537413663094907
10/01/2019 22:00,1.0,0.1817340346045909,1.0,0.5537413663094907
10/01/2019 23:00,1.0,0.1817340346045909,1.0,0.5537413663094907
11/01/2019 00:00,1.0,0.1817340346045909,1.0,0.5537413663094907
11/01/2019 01:00,1.0,0.1817340346045909,1.0,0.5537413663094907
11/01/2019 02:00,1.0,0.1817340346045909,1.0,0.5537413663094907
11/01/2019 03:00,1.0,0.1817340346045909,1.0,0.5537413663094907
11/01/2019 04:00,1.0,0.1817340346045909,1.0,0.5537413663094907
11/01/2019 05:00,1.0,0.1817340346045909,1.0,0.5537413663094907
11/01/2019 06:00,1.0,0.1817340346045909,1.0,0.5537413663094907
11/01/2019 07:00,1.0,0.1817340346045909,1.0,0.5537413663094907
11/01/2019 08:00,1.0,0.1817340346045909,1.0,0.5537413663094907
11/01/2019 09:00,1.0,0.1817340346045909,1.0,0.5537413663094907
11/01/2019 10:00,1.0,0.1817340346045909,1.0,0.5537413663094907
11/01/2019 11:00,1.0,0.1817340346045909,1.0,0.5537413663094907
11/01/2019 12:00,1.0,0.1817340346045909,1.0,0.5537413663094907
11/01/2019 13:00,1.0,0.1817340346045909,1.0,0.5537413663094907
11/01/2019 14:00,1.0,0.1817340346045909,1.0,0.5537413663094907
11/01/2019 15:00,1.0,0.1817340346045909,1.0,0.5537413663094907
11/01/2019 16:00,1.0,0.1817340346045909,1.0,0.5537413663094907
11/01/2019 17:00,1.0,0.1817340346045909,1.0,0.5537413663094907
11/01/2019 18:00,1.0,0.1817340346045909,1.0,0.5537413663094907
11/01/2019 19:00,1.0,0.1817340346045909,1.0,0.5537413663094907
11/01/2019 20:00,1.0,0.1817340346045909,1.0,0.5537413663094907
11/01/2019 21:00,1.0,0.1817340346045909,1.0,0.5537413663094907
11/01/2019 22:00,1.0,0.1817340346045909,1.0,0.5537413663094907
11/01/2019 23:00,1.0,0.1817340346045909,1.0,0.5537413663094907
12/01/2019 00:00,1.0,0.1817340346045909,1.0,0.5537413663094907
12/01/2019 01:00,1.0,0.1817340346045909,1.0,0.5537413663094907
12/01/2019 02:00,1.0,0.1817340346045909,1.0,0.5537413663094907
12/01/2019 03:00,1.0,0.1817340346045909,1.0,0.5537413663094907
12/01/2019 04:00,1.0,0.1817340346045909,1.0,0.5537413663094907
12/01/2019 05:00,1.0,0.1817340346045909,1.0,0.5537413663094907
12/01/2019 06:00,1.0,0.1817340346045909,1.0,0.5537413663094907
12/01/2019 07:00,1.0,0.1817340346045909,1.0,0.5537413663094907
12/01/2019 08:00,1.0,0.1817340346045909,1.0,0.5537413663094907
12/01/2019 09:00,1.0,0.1817340346045909,1.0,0.5537413663094907
12/01/2019 10:00,1.0,0.1817340346045909,1.0,0.5537413663094907
12/01/2019 11:00,1.0,0.1817340346045909,1.0,0.5537413663094907
12/01/2019 12:00,1.0,0.1817340346045909,1.0,0.5537413663094907
12/01/2019 13:00,1.0,0.1817340346045909,1.0,0.5537413663094907
12/01/2019 14:00,1.0,0.1817340346045909,1.0,0.5537413663094907
12/01/2019 15:00,1.0,0.1817340346045909,1.0,0.5537413663094907
12/01/2019 16:00,1.0,0.1817340346045909,1.0,0.5537413663094907
12/01/2019 17:00,1.0,0.1817340346045909,1.0,0.5537413663094907
12/01/2019 18:00,1.0,0.1817340346045909,1.0,0.5537413663094907
12/01/2019 19:00,1.0,0.1817340346045909,1.0,0.5537413663094907
12/01/2019 20:00,1.0,0.1817340346045909,1.0,0.5537413663094907
12/01/2019 21:00,1.0,0.1817340346045909,1.0,0.5537413663094907
12/01/2019 22:00,1.0,0.1817340346045909,1.0,0.5537413663094907
12/01/2019 23:00,1.0,0.1817340346045909,1.0,0.5537413663094907
13/01/2019 00:00,1.0,0.1817340346045909,1.0,0.5537413663094907
13/01/2019 01:00,1.0,0.1817340346045909,1.0,0.5537413663094907
13/01/2019 02:00,1.0,0.1817340346045909,1.0,0.5537413663094907
13/01/2019 03:00,1.0,0.1817340346045909,1.0,0.5537413663094907
13/01/2019 04:00,1.0,0.1817340346045909,1.0,0.5537413663094907
13/01/2019 05:00,1.0,0.1817340346045909,1.0,0.5537413663094907
13/01/2019 06:00,1.0,0.1817340346045909,1.0,0.5537413663094907
13/01/2019 07:00,1.0,0.1817340346045909,1.0,0.5537413663094907
13/01/2019 08:00,1.0,0.1817340346045909,1.0,0.5537413663094907
13/01/2019 09:00,1.0,0.1817340346045909,1.0,0.5537413663094907
13/01/2019 10:00,1.0,0.1817340346045909,1.0,0.5537413663094907
13/01/2019 11:00,1.0,0.1817340346045909,1.0,0.5537413663094907
13/01/2019 12:00,1.0,0.1817340346045909,1.0,0.5537413663094907
13/01/2019 13:00,1.0,0.1817340346045909,1.0,0.5537413663094907
13/01/2019 14:00,1.0,0.1817340346045909,1.0,0.5537413663094907
13/01/2019 15:00,1.0,0.1817340346045909,1.0,0.5537413663094907
13/01/2019 16:00,1.0,0.1817340346045909,1.0,0.5537413663094907
13/01/2019 17:00,1.0,0.1817340346045909,1.0,0.5537413663094907
13/01/2019 18:00,1.0,0.1817340346045909,1.0,0.5537413663094907
13/01/2019 19:00,1.0,0.1817340346045909,1.0,0.5537413663094907
13/01/2019 20:00,1.0,0.1817340346045909,1.0,0.5537413663094907
13/01/2019 21:00,1.0,0.1817340346045909,1.0,0.5537413663094907
13/01/2019 22:00,1.0,0.1817340346045909,1.0,0.5537413663094907
13/01/2019 23:00,1.0,0.1817340346045909,1.0,0.5537413663094907
14/01/2019 00:00,1.0,0.1817340346045909,1.0,0.5537413663094907
14/01/2019 01:00,1.0,0.1817340346045909,1.0,0.5537413663094907
14/01/2019 02:00,1.0,0.1817340346045909,1.0,0.5537413663094907
14/01/2019 03:00,1.0,0.1817340346045909,1.0,0.5537413663094907
14/01/2019 04:00,1.0,0.1817340346045909,1.0,0.5537413663094907
14/01/2019 05:00,1.0,0.1817340346045909,1.0,0.5537413663094907
14/01/2019 06:00,1.0,0.1817340346045909,1.0,0.5537413663094907
14/01/2019 07:00,1.0,0.1817340346045909,1.0,0.5537413663094907
14/01/2019 08:00,1.0,0.1817340346045909,1.0,0.5537413663094907
14/01/2019 09:00,1.0,0.1817340346045909,1.0,0.5537413663094907
14/01/2019 10:00,1.0,0.1817340346045909,1.0,0.5537413663094907
14/01/2019 11:00,1.0,0.1817340346045909,1.0,0.5537413663094907
14/01/2019 12:00,1.0,0.1817340346045909,1.0,0.5537413663094907
14/01/2019 13:00,1.0,0.1817340346045909,1.0,0.5537413663094907
14/01/2019 14:00,1.0,0.1817340346045909,1.0,0.5537413663094907
14/01/2019 15:00,1.0,0.1817340346045909,1.0,0.5537413663094907
14/01/2019 16:00,1.0,0.1817340346045909,1.0,0.5537413663094907
14/01/2019 17:00,1.0,0.1817340346045909,1.0,0.5537413663094907
14/01/2019 18:00,1.0,0.1817340346045909,1.0,0.5537413663094907
14/01/2019 19:00,1.0,0.1817340346045909,1.0,0.5537413663094907
14/01/2019 20:00,1.0,0.1817340346045909,1.0,0.5537413663094907
14/01/2019 21:00,1.0,0.1817340346045909,1.0,0.5537413663094907
14/01/2019 22:00,1.0,0.1817340346045909,1.0,0.5537413663094907
14/01/2019 23:00,1.0,0.1817340346045909,1.0,0.5537413663094907
15/01/2019 00:00,1.0,0.1817340346045909,1.0,0.5537413663094907
15/01/2019 01:00,1.0,0.1817340346045909,1.0,0.5537413663094907
15/01/2019 02:00,1.0,0.1817340346045909,1.0,0.5537413663094907
15/01/2019 03:00,1.0,0.1817340346045909,1.0,0.5537413663094907
15/01/2019 04:00,1.0,0.1817340346045909,1.0,0.5537413663094907
15/01/2019 05:00,1.0,0.1817340346045909,1.0,0.5537413663094907
15/01/2019 06:00,1.0,0.1817340346045909,1.0,0.5537413663094907
15/01/2019 07:00,1.0,0.1817340346045909,1.0,0.5537413663094907
15/01/2019 08:00,1.0,0.1817340346045909,1.0,0.5537413663094907
15/01/2019 09:00,1.0,0.1817340346045909,1.0,0.5537413663094907
15/01/2019 10:00,1.0,0.1817340346045909,1.0,0.5537413663094907
15/01/2019 11:00,1.0,0.1817340346045909,1.0,0.5537413663094907
15/01/2019 12:00,1.0,0.1817340346045909,1.0,0.5537413663094907
15/01/2019 13:00,1.0,0.1817340346045909,1.0,0.5537413663094907
15/01/2019 14:00,1.0,0.1817340346045909,1.0,0.5537413663094907
15/01/2019 15:00,1.0,0.1817340346045909,1.0,0.5537413663094907
15/01/2019 16:00,1.0,0.1817340346045909,1.0,0.5537413663094907
15/01/2019 17:00,1.0,0.1817340346045909,1.0,0.5537413663094907
15/01/2019 18:00,1.0,0.1817340346045909,1.0,0.5537413663094907
15/01/2019 19:00,1.0,0.1817340346045909,1.0,0.5537413663094907
15/01/2019 20:00,1.0,0.1817340346045909,1.0,0.5537413663094907
15/01/2019 21:00,1.0,0.1817340346045909,1.0,0.5537413663094907
15/01/2019 22:00,1.0,0.1817340346045909,1.0,0.5537413663094907
15/01/2019 23:00,1.0,0.1817340346045909,1.0,0.5537413663094907
16/01/2019 00:00,1.0,0.1817340346045909,1.0,0.5537413663094907
16/01/2019 01:00,1.0,0.1817340346045909,1.0,0.5537413663094907
16/01/2019 02:00,1.0,0.1817340346045909,1.0,0.5537413663094907
16/01/2019 03:00,1.0,0.1817340346045909,1.0,0.5537413663094907
16/01/2019 04:00,1.0,0.1817340346045909,1.0,0.5537413663094907
16/01/2019 05:00,1.0,0.1817340346045909,1.0,0.5537413663094907
16/01/2019 06:00,1.0,0.1817340346045909,1.0,0.5537413663094907
16/01/2019 07:00,1.0,0.1817340346045909,1.0,0.5537413663094907
16/01/2019 08:00,1.0,0.1817340346045909,1.0,0.5537413663094907
16/01/2019 09:00,1.0,0.1817340346045909,1.0,0.5537413663094907
16/01/2019 10:00,1.0,0.1817340346045909,1.0,0.5537413663094907
16/01/2019 11:00,1.0,0.1817340346045909,1.0,0.5537413663094907
16/01/2019 12:00,1.0,0.1817340346045909,1.0,0.5537413663094907
16/01/2019 13:00,1.0,0.1817340346045909,1.0,0.5537413663094907
16/01/2019 14:00,1.0,0.1817340346045909,1.0,0.5537413663094907
16/01/2019 15:00,1.0,0.1817340346045909,1.0,0.5537413663094907
16/01/2019 16:00,1.0,0.1817340346045909,1.0,0.5537413663094907
16/01/2019 17:00,1.0,0.1817340346045909,1.0,0.5537413663094907
16/01/2019 18:00,1.0,0.1817340346045909,1.0,0.5537413663094907
16/01/2019 19:00,1.0,0.1817340346045909,1.0,0.5537413663094907
16/01/2019 20:00,1.0,0.1817340346045909,1.0,0.5537413663094907
16/01/2019 21:00,1.0,0.1817340346045909,1.0,0.5537413663094907
16/01/2019 22:00,1.0,0.1817340346045909,1.0,0.5537413663094907
16/01/2019 23:00,1.0,0.1817340346045909,1.0,0.5537413663094907
17/01/2019 00:00,1.0,0.1817340346045909,1.0,0.5537413663094907
17/01/2019 01:00,1.0,0.1817340346045909,1.0,0.5537413663094907
17/01/2019 02:00,1.0,0.1817340346045909,1.0,0.5537413663094907
17/01/2019 03:00,1.0,0.1817340346045909,1.0,0.5537413663094907
17/01/2019 04:00,1.0,0.1817340346045909,1.0,0.5537413663094907
17/01/2019 05:00,1.0,0.1817340346045909,1.0,0.5537413663094907
17/01/2019 06:00,1.0,0.1817340346045909,1.0,0.5537413663094907
17/01/2019 07:00,1.0,0.1817340346045909,1.0,0.5537413663094907
17/01/2019 08:00,1.0,0.1817340346045909,1.0,0.5537413663094907
17/01/2019 09:00,1.0,0.1817340346045909,1.0,0.5537413663094907
17/01/2019 10:00,1.0,0.1817340346045909,1.0,0.5537413663094907
17/01/2019 11:00,1.0,0.1817340346045909,1.0,0.5537413663094907
17/01/2019 12:00,1.0,0.1817340346045909,1.0,0.5537413663094907
17/01/2019 13:00,1.0,0.1817340346045909,1.0,0.5537413663094907
17/01/2019 14:00,1.0,0.1817340346045909,1.0,0.5537413663094907
17/01/2019 15:00,1.0,0.1817340346045909,1.0,0.5537413663094907
17/01/2019 16:00,1.0,0.1817340346045909,1.0,0.5537413663094907
17/01/2019 17:00,1.0,0.1817340346045909,1.0,0.5537413663094907
17/01/2019 18:00,1.0,0.1817340346045909,1.0,0.5537413663094907
17/01/2019 19:00,1.0,0.1817340346045909,1.0,0.5537413663094907
17/01/2019 20:00,1.0,0.1817340346045909,1.0,0.5537413663094907
17/01/2019 21:00,1.0,0.1817340346045909,1.0,0.5537413663094907
17/01/2019 22:00,1.0,0.1817340346045909,1.0,0.5537413663094907
17/01/2019 23:00,1.0,0.1817340346045909,1.0,0.5537413663094907
18/01/2019 00:00,1.0,0.1817340346045909,1.0,0.5537413663094907
18/01/2019 01:00,1.0,0.1817340346045909,1.0,0.5537413663094907
18/01/2019 02:00,1.0,0.1817340346045909,1.0,0.5537413663094907
18/01/2019 03:00,1.0,0.1817340346045909,1.0,0.5537413663094907
18/01/2019 04:00,1.0,0.1817340346045909,1.0,0.5537413663094907
18/01/2019 05:00,1.0,0.1817340346045909,1.0,0.5537413663094907
18/01/2019 06:00,1.0,0.1817340346045909,1.0,0.5537413663094907
18/01/2019 07:00,1.0,0.1817340346045909,1.0,0.5537413663094907
18/01/2019 08:00,1.0,0.1817340346045909,1.0,0.5537413663094907
18/01/2019 09:00,1.0,0.1817340346045909,1.0,0.5537413663094907
18/01/2019 10:00,1.0,0.1817340346045909,1.0,0.5537413663094907
18/01/2019 11:00,1.0,0.1817340346045909,1.0,0.5537413663094907
18/01/2019 12:00,1.0,0.1817340346045909,1.0,0.5537413663094907
18/01/2019 13:00,1.0,0.1817340346045909,1.0,0.5537413663094907
18/01/2019 14:00,1.0,0.1817340346045909,1.0,0.5537413663094907
18/01/2019 15:00,1.0,0.1817340346045909,1.0,0.5537413663094907
18/01/2019 16:00,1.0,0.1817340346045909,1.0,0.5537413663094907
18/01/2019 17:00,1.0,0.1817340346045909,1.0,0.5537413663094907
18/01/2019 18:00,1.0,0.1817340346045909,1.0,0.5537413663094907
18/01/2019 19:00,1.0,0.1817340346045909,1.0,0.5537413663094907
18/01/2019 20:00,1.0,0.1817340346045909,1.0,0.5537413663094907
18/01/2019 21:00,1.0,0.1817340346045909,1.0,0.5537413663094907
18/01/2019 22:00,1.0,0.1817340346045909,1.0,0.5537413663094907
18/01/2019 23:00,1.0,0.1817340346045909,1.0,0.5537413663094907
19/01/2019 00:00,1.0,0.1817340346045909,1.0,0.5537413663094907
19/01/2019 01:00,1.0,0.1817340346045909,1.0,0.5537413663094907
19/01/2019 02:00,1.0,0.1817340346045909,1.0,0.5537413663094907
19/01/2019 03:00,1.0,0.1817340346045909,1.0,0.5537413663094907
19/01/2019 04:00,1.0,0.1817340346045909,1.0,0.5537413663094907
19/01/2019 05:00,1.0,0.1817340346045909,1.0,0.5537413663094907
19/01/2019 06:00,1.0,0.1817340346045909,1.0,0.5537413663094907
19/01/2019 07:00,1.0,0.1817340346045909,1.0,0.5537413663094907
19/01/2019 08:00,1.0,0.1817340346045909,1.0,0.5537413663094907
19/01/2019 09:00,1.0,0.1817340346045909,1.0,0.5537413663094907
19/01/2019 10:00,1.0,0.1817340346045909,1.0,0.5537413663094907
19/01/2019 11:00,1.0,0.1817340346045909,1.0,0.5537413663094907
19/01/2019 12:00,1.0,0.1817340346045909,1.0,0.5537413663094907
19/01/2019 13:00,1.0,0.1817340346045909,1.0,0.5537413663094907
19/01/2019 14:00,1.0,0.1817340346045909,1.0,0.5537413663094907
19/01/2019 15:00,1.0,0.1817340346045909,1.0,0.5537413663094907
19/01/2019 16:00,1.0,0.1817340346045909,1.0,0.5537413663094907
19/01/2019 17:00,1.0,0.1817340346045909,1.0,0.5537413663094907
19/01/2019 18:00,1.0,0.1817340346045909,1.0,0.5537413663094907
19/01/2019 19:00,1.0,0.1817340346045909,1.0,0.5537413663094907
19/01/2019 20:00,1.0,0.1817340346045909,1.0,0.5537413663094907
19/01/2019 21:00,1.0,0.1817340346045909,1.0,0.5537413663094907
19/01/2019 22:00,1.0,0.1817340346045909,1.0,0.5537413663094907
19/01/2019 23:00,1.0,0.1817340346045909,1.0,0.5537413663094907
20/01/2019 00:00,1.0,0.1817340346045909,1.0,0.5537413663094907
20/01/2019 01:00,1.0,0.1817340346045909,1.0,0.5537413663094907
20/01/2019 02:00,1.0,0.1817340346045909,1.0,0.5537413663094907
20/01/2019 03:00,1.0,0.1817340346045909,1.0,0.5537413663094907
20/01/2019 04:00,1.0,0.1817340346045909,1.0,0.5537413663094907
20/01/2019 05:00,1.0,0.1817340346045909,1.0,0.5537413663094907
20/01/2019 06:00,1.0,0.1817340346045909,1.0,0.5537413663094907
20/01/2019 07:00,1.0,0.1817340346045909,1.0,0.5537413663094907
20/01/2019 08:00,1.0,0.1817340346045909,1.0,0.5537413663094907
20/01/2019 09:00,1.0,0.1817340346045909,1.0,0.5537413663094907
20/01/2019 10:00,1.0,0.1817340346045909,1.0,0.5537413663094907
20/01/2019 11:00,1.0,0.1817340346045909,1.0,0.5537413663094907
20/01/2019 12:00,1.0,0.1817340346045909,1.0,0.5537413663094907
20/01/2019 13:00,1.0,0.1817340346045909,1.0,0.5537413663094907
20/01/2019 14:00,1.0,0.1817340346045909,1.0,0.5537413663094907
20/01/2019 15:00,1.0,0.1817340346045909,1.0,0.5537413663094907
20/01/2019 16:00,1.0,0.1817340346045909,1.0,0.5537413663094907
20/01/2019 17:00,1.0,0.1817340346045909,1.0,0.5537413663094907
20/01/2019 18:00,1.0,0.1817340346045909,1.0,0.5537413663094907
20/01/2019 19:00,1.0,0.1817340346045909,1.0,0.5537413663094907
20/01/2019 20:00,1.0,0.1817340346045909,1.0,0.5537413663094907
20/01/2019 21:00,1.0,0.1817340346045909,1.0,0.5537413663094907
20/01/2019 22:00,1.0,0.1817340346045909,1.0,0.5537413663094907
20/01/2019 23:00,1.0,0.1817340346045909,1.0,0.5537413663094907
21/01/2019 00:00,1.0,0.1817340346045909,1.0,0.5537413663094907
21/01/2019 01:00,1.0,0.1817340346045909,1.0,0.5537413663094907
21/01/2019 02:00,1.0,0.1817340346045909,1.0,0.5537413663094907
21/01/2019 03:00,1.0,0.1817340346045909,1.0,0.5537413663094907
21/01/2019 04:00,1.0,0.1817340346045909,1.0,0.5537413663094907
21/01/2019 05:00,1.0,0.1817340346045909,1.0,0.5537413663094907
21/01/2019 06:00,1.0,0.1817340346045909,1.0,0.5537413663094907
21/01/2019 07:00,1.0,0.1817340346045909,1.0,0.5537413663094907
21/01/2019 08:00,1.0,0.1817340346045909,1.0,0.5537413663094907
21/01/2019 09:00,1.0,0.1817340346045909,1.0,0.5537413663094907
21/01/2019 10:00,1.0,0.1817340346045909,1.0,0.5537413663094907
21/01/2019 11:00,1.0,0.1817340346045909,1.0,0.5537413663094907
21/01/2019 12:00,1.0,0.1817340346045909,1.0,0.5537413663094907
21/01/2019 13:00,1.0,0.1817340346045909,1.0,0.5537413663094907
21/01/2019 14:00,1.0,0.1817340346045909,1.0,0.5537413663094907
21/01/2019 15:00,1.0,0.1817340346045909,1.0,0.5537413663094907
21/01/2019 16:00,1.0,0.1817340346045909,1.0,0.5537413663094907
21/01/2019 17:00,1.0,0.1817340346045909,1.0,0.5537413663094907
21/01/2019 18:00,1.0,0.1817340346045909,1.0,0.5537413663094907
21/01/2019 19:00,1.0,0.1817340346045909,1.0,0.5537413663094907
21/01/2019 20:00,1.0,0.1817340346045909,1.0,0.5537413663094907
21/01/2019 21:00,1.0,0.1817340346045909,1.0,0.5537413663094907
21/01/2019 22:00,1.0,0.1817340346045909,1.0,0.5537413663094907
21/01/2019 23:00,1.0,0.1817340346045909,1.0,0.5537413663094907
22/01/2019 00:00,1.0,0.1817340346045909,1.0,0.5537413663094907
22/01/2019 01:00,1.0,0.1817340346045909,1.0,0.5537413663094907
22/01/2019 02:00,1.0,0.1817340346045909,1.0,0.5537413663094907
22/01/2019 03:00,1.0,0.1817340346045909,1.0,0.5537413663094907
22/01/2019 04:00,1.0,0.1817340346045909,1.0,0.5537413663094907
22/01/2019 05:00,1.0,0.1817340346045909,1.0,0.5537413663094907
22/01/2019 06:00,1.0,0.1817340346045909,1.0,0.5537413663094907
22/01/2019 07:00,1.0,0.1817340346045909,1.0,0.5537413663094907
22/01/2019 08:00,1.0,0.1817340346045909,1.0,0.5537413663094907
22/01/2019 09:00,1.0,0.1817340346045909,1.0,0.5537413663094907
22/01/2019 10:00,1.0,0.1817340346045909,1.0,0.5537413663094907
22/01/2019 11:00,1.0,0.1817340346045909,1.0,0.5537413663094907
22/01/2019 12:00,1.0,0.1817340346045909,1.0,0.5537413663094907
22/01/2019 13:00,1.0,0.1817340346045909,1.0,0.5537413663094907
22/01/2019 14:00,1.0,0.1817340346045909,1.0,0.5537413663094907
22/01/2019 15:00,1.0,0.1817340346045909,1.0,0.5537413663094907
22/01/2019 16:00,1.0,0.1817340346045909,1.0,0.5537413663094907
22/01/2019 17:00,1.0,0.1817340346045909,1.0,0.5537413663094907
22/01/2019 18:00,1.0,0.1817340346045909,1.0,0.5537413663094907
22/01/2019 19:00,1.0,0.1817340346045909,1.0,0.5537413663094907
22/01/2019 20:00,1.0,0.1817340346045909,1.0,0.5537413663094907
22/01/2019 21:00,1.0,0.1817340346045909,1.0,0.5537413663094907
22/01/2019 22:00,1.0,0.1817340346045909,1.0,0.5537413663094907
22/01/2019 23:00,1.0,0.1817340346045909,1.0,0.5537413663094907
23/01/2019 00:00,1.0,0.1817340346045909,1.0,0.5537413663094907
23/01/2019 01:00,1.0,0.1817340346045909,1.0,0.5537413663094907
23/01/2019 02:00,1.0,0.1817340346045909,1.0,0.5537413663094907
23/01/2019 03:00,1.0,0.1817340346045909,1.0,0.5537413663094907
23/01/2019 04:00,1.0,0.1817340346045909,1.0,0.5537413663094907
23/01/2019 05:00,1.0,0.1817340346045909,1.0,0.5537413663094907
23/01/2019 06:00,1.0,0.1817340346045909,1.0,0.5537413663094907
23/01/2019 07:00,1.0,0.1817340346045909,1.0,0.5537413663094907
23/01/2019 08:00,1.0,0.1817340346045909,1.0,0.5537413663094907
23/01/2019 09:00,1.0,0.1817340346045909,1.0,0.5537413663094907
23/01/2019 10:00,1.0,0.1817340346045909,1.0,0.5537413663094907
23/01/2019 11:00,1.0,0.1817340346045909,1.0,0.5537413663094907
23/01/2019 12:00,1.0,0.1817340346045909,1.0,0.5537413663094907
23/01/2019 13:00,1.0,0.1817340346045909,1.0,0.5537413663094907
23/01/2019 14:00,1.0,0.1817340346045909,1.0,0.5537413663094907
23/01/2019 15:00,1.0,0.1817340346045909,1.0,0.5537413663094907
23/01/2019 16:00,1.0,0.1817340346045909,1.0,0.5537413663094907
23/01/2019 17:00,1.0,0.1817340346045909,1.0,0.5537413663094907
23/01/2019 18:00,1.0,0.1817340346045909,1.0,0.5537413663094907
23/01/2019 19:00,1.0,0.1817340346045909,1.0,0.5537413663094907
23/01/2019 20:00,1.0,0.1817340346045909,1.0,0.5537413663094907
23/01/2019 21:00,1.0,0.1817340346045909,1.0,0.5537413663094907
23/01/2019 22:00,1.0,0.1817340346045909,1.0,0.5537413663094907
23/01/2019 23:00,1.0,0.1817340346045909,1.0,0.5537413663094907
24/01/2019 00:00,1.0,0.1817340346045909,1.0,0.5537413663094907
24/01/2019 01:00,1.0,0.1817340346045909,1.0,0.5537413663094907
24/01/2019 02:00,1.0,0.1817340346045909,1.0,0.5537413663094907
24/01/2019 03:00,1.0,0.1817340346045909,1.0,0.5537413663094907
24/01/2019 04:00,1.0,0.1817340346045909,1.0,0.5537413663094907
24/01/2019 05:00,1.0,0.1817340346045909,1.0,0.5537413663094907
24/01/2019 06:00,1.0,0.1817340346045909,1.0,0.5537413663094907
24/01/2019 07:00,1.0,0.1817340346045909,1.0,0.5537413663094907
24/01/2019 08:00,1.0,0.1817340346045909,1.0,0.5537413663094907
24/01/2019 09:00,1.0,0.1817340346045909,1.0,0.5537413663094907
24/01/2019 10:00,1.0,0.1817340346045909,1.0,0.5537413663094907
24/01/2019 11:00,1.0,0.1817340346045909,1.0,0.5537413663094907
24/01/2019 12:00,1.0,0.1817340346045909,1.0,0.5537413663094907
24/01/2019 13:00,1.0,0.1817340346045909,1.0,0.5537413663094907
24/01/2019 14:00,1.0,0.1817340346045909,1.0,0.5537413663094907
24/01/2019 15:00,1.0,0.1817340346045909,1.0,0.5537413663094907
24/01/2019 16:00,1.0,0.1817340346045909,1.0,0.5537413663094907
24/01/2019 17:00,1.0,0.1817340346045909,1.0,0.5537413663094907
24/01/2019 18:00,1.0,0.1817340346045909,1.0,0.5537413663094907
24/01/2019 19:00,1.0,0.1817340346045909,1.0,0.5537413663094907
24/01/2019 20:00,1.0,0.1817340346045909,1.0,0.5537413663094907
24/01/2019 21:00,1.0,0.1817340346045909,1.0,0.5537413663094907
24/01/2019 22:00,1.0,0.1817340346045909,1.0,0.5537413663094907
24/01/2019 23:00,1.0,0.1817340346045909,1.0,0.5537413663094907
25/01/2019 00:00,1.0,0.1817340346045909,1.0,0.5537413663094907
25/01/2019 01:00,1.0,0.1817340346045909,1.0,0.5537413663094907
25/01/2019 02:00,1.0,0.1817340346045909,1.0,0.5537413663094907
25/01/2019 03:00,1.0,0.1817340346045909,1.0,0.5537413663094907
25/01/2019 04:00,1.0,0.1817340346045909,1.0,0.5537413663094907
25/01/2019 05:00,1.0,0.1817340346045909,1.0,0.5537413663094907
25/01/2019 06:00,1.0,0.1817340346045909,1.0,0.5537413663094907
25/01/2019 07:00,1.0,0.1817340346045909,1.0,0.5537413663094907
25/01/2019 08:00,1.0,0.1817340346045909,1.0,0.5537413663094907
25/01/2019 09:00,1.0,0.1817340346045909,1.0,0.5537413663094907
25/01/2019 10:00,1.0,0.1817340346045909,1.0,0.5537413663094907
25/01/2019 11:00,1.0,0.1817340346045909,1.0,0.5537413663094907
25/01/2019 12:00,1.0,0.1817340346045909,1.0,0.5537413663094907
25/01/2019 13:00,1.0,0.1817340346045909,1.0,0.5537413663094907
25/01/2019 14:00,1.0,0.1817340346045909,1.0,0.5537413663094907
25/01/2019 15:00,1.0,0.1817340346045909,1.0,0.5537413663094907
25/01/2019 16:00,1.0,0.1817340346045909,1.0,0.5537413663094907
25/01/2019 17:00,1.0,0.1817340346045909,1.0,0.5537413663094907
25/01/2019 18:00,1.0,0.1817340346045909,1.0,0.5537413663094907
25/01/2019 19:00,1.0,0.1817340346045909,1.0,0.5537413663094907
25/01/2019 20:00,1.0,0.1817340346045909,1.0,0.5537413663094907
25/01/2019 21:00,1.0,0.1817340346045909,1.0,0.5537413663094907
25/01/2019 22:00,1.0,0.1817340346045909,1.0,0.5537413663094907
25/01/2019 23:00,1.0,0.1817340346045909,1.0,0.5537413663094907
26/01/2019 00:00,1.0,0.1817340346045909,1.0,0.5537413663094907
26/01/2019 01:00,1.0,0.1817340346045909,1.0,0.5537413663094907
26/01/2019 02:00,1.0,0.1817340346045909,1.0,0.5537413663094907
26/01/2019 03:00,1.0,0.1817340346045909,1.0,0.5537413663094907
26/01/2019 04:00,1.0,0.1817340346045909,1.0,0.5537413663094907
26/01/2019 05:00,1.0,0.1817340346045909,1.0,0.5537413663094907
26/01/2019 06:00,1.0,0.1817340346045909,1.0,0.5537413663094907
26/01/2019 07:00,1.0,0.1817340346045909,1.0,0.5537413663094907
26/01/2019 08:00,1.0,0.1817340346045909,1.0,0.5537413663094907
26/01/2019 09:00,1.0,0.1817340346045909,1.0,0.5537413663094907
26/01/2019 10:00,1.0,0.1817340346045909,1.0,0.5537413663094907
26/01/2019 11:00,1.0,0.1817340346045909,1.0,0.5537413663094907
26/01/2019 12:00,1.0,0.1817340346045909,1.0,0.5537413663094907
26/01/2019 13:00,1.0,0.1817340346045909,1.0,0.5537413663094907
26/01/2019 14:00,1.0,0.1817340346045909,1.0,0.5537413663094907
26/01/2019 15:00,1.0,0.1817340346045909,1.0,0.5537413663094907
26/01/2019 16:00,1.0,0.1817340346045909,1.0,0.5537413663094907
26/01/2019 17:00,1.0,0.1817340346045909,1.0,0.5537413663094907
26/01/2019 18:00,1.0,0.1817340346045909,1.0,0.5537413663094907
26/01/2019 19:00,1.0,0.1817340346045909,1.0,0.5537413663094907
26/01/2019 20:00,1.0,0.1817340346045909,1.0,0.5537413663094907
26/01/2019 21:00,1.0,0.1817340346045909,1.0,0.5537413663094907
26/01/2019 22:00,1.0,0.1817340346045909,1.0,0.5537413663094907
26/01/2019 23:00,1.0,0.1817340346045909,1.0,0.5537413663094907
27/01/2019 00:00,1.0,0.1817340346045909,1.0,0.5537413663094907
27/01/2019 01:00,1.0,0.1817340346045909,1.0,0.5537413663094907
27/01/2019 02:00,1.0,0.1817340346045909,1.0,0.5537413663094907
27/01/2019 03:00,1.0,0.1817340346045909,1.0,0.5537413663094907
27/01/2019 04:00,1.0,0.1817340346045909,1.0,0.5537413663094907
27/01/2019 05:00,1.0,0.1817340346045909,1.0,0.5537413663094907
27/01/2019 06:00,1.0,0.1817340346045909,1.0,0.5537413663094907
27/01/2019 07:00,1.0,0.1817340346045909,1.0,0.5537413663094907
27/01/2019 08:00,1.0,0.1817340346045909,1.0,0.5537413663094907
27/01/2019 09:00,1.0,0.1817340346045909,1.0,0.5537413663094907
27/01/2019 10:00,1.0,0.1817340346045909,1.0,0.5537413663094907
27/01/2019 11:00,1.0,0.1817340346045909,1.0,0.5537413663094907
27/01/2019 12:00,1.0,0.1817340346045909,1.0,0.5537413663094907
27/01/2019 13:00,1.0,0.1817340346045909,1.0,0.5537413663094907
27/01/2019 14:00,1.0,0.1817340346045909,1.0,0.5537413663094907
27/01/2019 15:00,1.0,0.1817340346045909,1.0,0.5537413663094907
27/01/2019 16:00,1.0,0.1817340346045909,1.0,0.5537413663094907
27/01/2019 17:00,1.0,0.1817340346045909,1.0,0.5537413663094907
27/01/2019 18:00,1.0,0.1817340346045909,1.0,0.5537413663094907
27/01/2019 19:00,1.0,0.1817340346045909,1.0,0.5537413663094907
27/01/2019 20:00,1.0,0.1817340346045909,1.0,0.5537413663094907
27/01/2019 21:00,1.0,0.1817340346045909,1.0,0.5537413663094907
27/01/2019 22:00,1.0,0.1817340346045909,1.0,0.5537413663094907
27/01/2019 23:00,1.0,0.1817340346045909,1.0,0.5537413663094907
28/01/2019 00:00,1.0,0.1817340346045909,1.0,0.5537413663094907
28/01/2019 01:00,1.0,0.1817340346045909,1.0,0.5537413663094907
28/01/2019 02:00,1.0,0.1817340346045909,1.0,0.5537413663094907
28/01/2019 03:00,1.0,0.1817340346045909,1.0,0.5537413663094907
28/01/2019 04:00,1.0,0.1817340346045909,1.0,0.5537413663094907
28/01/2019 05:00,1.0,0.1817340346045909,1.0,0.5537413663094907
28/01/2019 06:00,1.0,0.1817340346045909,1.0,0.5537413663094907
28/01/2019 07:00,1.0,0.1817340346045909,1.0,0.5537413663094907
28/01/2019 08:00,1.0,0.1817340346045909,1.0,0.5537413663094907
28/01/2019 09:00,1.0,0.1817340346045909,1.0,0.5537413663094907
28/01/2019 10:00,1.0,0.1817340346045909,1.0,0.5537413663094907
28/01/2019 11:00,1.0,0.1817340346045909,1.0,0.5537413663094907
28/01/2019 12:00,1.0,0.1817340346045909,1.0,0.5537413663094907
28/01/2019 13:00,1.0,0.1817340346045909,1.0,0.5537413663094907
28/01/2019 14:00,1.0,0.1817340346045909,1.0,0.5537413663094907
28/01/2019 15:00,1.0,0.1817340346045909,1.0,0.5537413663094907
28/01/2019 16:00,1.0,0.1817340346045909,1.0,0.5537413663094907
28/01/2019 17:00,1.0,0.1817340346045909,1.0,0.5537413663094907
28/01/2019 18:00,1.0,0.1817340346045909,1.0,0.5537413663094907
28/01/2019 19:00,1.0,0.1817340346045909,1.0,0.5537413663094907
28/01/2019 20:00,1.0,0.1817340346045909,1.0,0.5537413663094907
28/01/2019 21:00,1.0,0.1817340346045909,1.0,0.5537413663094907
28/01/2019 22:00,1.0,0.1817340346045909,1.0,0.5537413663094907
28/01/2019 23:00,1.0,0.1817340346045909,1.0,0.5537413663094907
29/01/2019 00:00,1.0,0.1817340346045909,1.0,0.5537413663094907
29/01/2019 01:00,1.0,0.1817340346045909,1.0,0.5537413663094907
29/01/2019 02:00,1.0,0.1817340346045909,1.0,0.5537413663094907
29/01/2019 03:00,1.0,0.1817340346045909,1.0,0.5537413663094907
29/01/2019 04:00,1.0,0.1817340346045909,1.0,0.5537413663094907
29/01/2019 05:00,1.0,0.1817340346045909,1.0,0.5537413663094907
29/01/2019 06:00,1.0,0.1817340346045909,1.0,0.5537413663094907
29/01/2019 07:00,1.0,0.1817340346045909,1.0,0.5537413663094907
29/01/2019 08:00,1.0,0.1817340346045909,1.0,0.5537413663094907
29/01/2019 09:00,1.0,0.1817340346045909,1.0,0.5537413663094907
29/01/2019 10:00,1.0,0.1817340346045909,1.0,0.5537413663094907
29/01/2019 11:00,1.0,0.1817340346045909,1.0,0.5537413663094907
29/01/2019 12:00,1.0,0.1817340346045909,1.0,0.5537413663094907
29/01/2019 13:00,1.0,0.1817340346045909,1.0,0.5537413663094907
29/01/2019 14:00,1.0,0.1817340346045909,1.0,0.5537413663094907
29/01/2019 15:00,1.0,0.1817340346045909,1.0,0.5537413663094907
29/01/2019 16:00,1.0,0.1817340346045909,1.0,0.5537413663094907
29/01/2019 17:00,1.0,0.1817340346045909,1.0,0.5537413663094907
29/01/2019 18:00,1.0,0.1817340346045909,1.0,0.5537413663094907
29/01/2019 19:00,1.0,0.1817340346045909,1.0,0.5537413663094907
29/01/2019 20:00,1.0,0.1817340346045909,1.0,0.5537413663094907
29/01/2019 21:00,1.0,0.1817340346045909,1.0,0.5537413663094907
29/01/2019 22:00,1.0,0.1817340346045909,1.0,0.5537413663094907
29/01/2019 23:00,1.0,0.1817340346045909,1.0,0.5537413663094907
30/01/2019 00:00,1.0,0.1817340346045909,1.0,0.5537413663094907
30/01/2019 01:00,1.0,0.1817340346045909,1.0,0.5537413663094907
30/01/2019 02:00,1.0,0.1817340346045909,1.0,0.5537413663094907
30/01/2019 03:00,1.0,0.1817340346045909,1.0,0.5537413663094907
30/01/2019 04:00,1.0,0.1817340346045909,1.0,0.5537413663094907
30/01/2019 05:00,1.0,0.1817340346045909,1.0,0.5537413663094907
30/01/2019 06:00,1.0,0.1817340346045909,1.0,0.5537413663094907
30/01/2019 07:00,1.0,0.1817340346045909,1.0,0.5537413663094907
30/01/2019 08:00,1.0,0.1817340346045909,1.0,0.5537413663094907
30/01/2019 09:00,1.0,0.1817340346045909,1.0,0.5537413663094907
30/01/2019 10:00,1.0,0.1817340346045909,1.0,0.5537413663094907
30/01/2019 11:00,1.0,0.1817340346045909,1.0,0.5537413663094907
30/01/2019 12:00,1.0,0.1817340346045909,1.0,0.5537413663094907
30/01/2019 13:00,1.0,0.1817340346045909,1.0,0.5537413663094907
30/01/2019 14:00,1.0,0.1817340346045909,1.0,0.5537413663094907
30/01/2019 15:00,1.0,0.1817340346045909,1.0,0.5537413663094907
30/01/2019 16:00,1.0,0.1817340346045909,1.0,0.5537413663094907
30/01/2019 17:00,1.0,0.1817340346045909,1.0,0.5537413663094907
30/01/2019 18:00,1.0,0.1817340346045909,1.0,0.5537413663094907
30/01/2019 19:00,1.0,0.1817340346045909,1.0,0.5537413663094907
30/01/2019 20:00,1.0,0.1817340346045909,1.0,0.5537413663094907
30/01/2019 21:00,1.0,0.1817340346045909,1.0,0.5537413663094907
30/01/2019 22:00,1.0,0.1817340346045909,1.0,0.5537413663094907
30/01/2019 23:00,1.0,0.1817340346045909,1.0,0.5537413663094907
31/01/2019 00:00,1.0,0.1817340346045909,1.0,0.5537413663094907
31/01/2019 01:00,1.0,0.1817340346045909,1.0,0.5537413663094907
31/01/2019 02:00,1.0,0.1817340346045909,1.0,0.5537413663094907
31/01/2019 03:00,1.0,0.1817340346045909,1.0,0.5537413663094907
31/01/2019 04:00,1.0,0.1817340346045909,1.0,0.5537413663094907
31/01/2019 05:00,1.0,0.1817340346045909,1.0,0.5537413663094907
31/01/2019 06:00,1.0,0.1817340346045909,1.0,0.5537413663094907
31/01/2019 07:00,1.0,0.1817340346045909,1.0,0.5537413663094907
31/01/2019 08:00,1.0,0.1817340346045909,1.0,0.5537413663094907
31/01/2019 09:00,1.0,0.1817340346045909,1.0,0.5537413663094907
31/01/2019 10:00,1.0,0.1817340346045909,1.0,0.5537413663094907
31/01/2019 11:00,1.0,0.1817340346045909,1.0,0.5537413663094907
31/01/2019 12:00,1.0,0.1817340346045909,1.0,0.5537413663094907
31/01/2019 13:00,1.0,0.1817340346045909,1.0,0.5537413663094907
31/01/2019 14:00,1.0,0.1817340346045909,1.0,0.5537413663094907
31/01/2019 15:00,1.0,0.1817340346045909,1.0,0.5537413663094907
31/01/2019 16:00,1.0,0.1817340346045909,1.0,0.5537413663094907
31/01/2019 17:00,1.0,0.1817340346045909,1.0,0.5537413663094907
31/01/2019 18:00,1.0,0.1817340346045909,1.0,0.5537413663094907
31/01/2019 19:00,1.0,0.1817340346045909,1.0,0.5537413663094907
31/01/2019 20:00,1.0,0.1817340346045909,1.0,0.5537413663094907
31/01/2019 21:00,1.0,0.1817340346045909,1.0,0.5537413663094907
31/01/2019 22:00,1.0,0.1817340346045909,1.0,0.5537413663094907
31/01/2019 23:00,1.0,0.1817340346045909,1.0,0.5537413663094907
01/02/2019 00:00,1.0,0.188345413576681,1.0,0.3680393196078645
01/02/2019 01:00,1.0,0.188345413576681,1.0,0.3680393196078645
01/02/2019 02:00,1.0,0.188345413576681,1.0,0.3680393196078645
01/02/2019 03:00,1.0,0.188345413576681,1.0,0.3680393196078645
01/02/2019 04:00,1.0,0.188345413576681,1.0,0.3680393196078645
01/02/2019 05:00,1.0,0.188345413576681,1.0,0.3680393196078645
01/02/2019 06:00,1.0,0.188345413576681,1.0,0.3680393196078645
01/02/2019 07:00,1.0,0.188345413576681,1.0,0.3680393196078645
01/02/2019 08:00,1.0,0.188345413576681,1.0,0.3680393196078645
01/02/2019 09:00,1.0,0.188345413576681,1.0,0.3680393196078645
01/02/2019 10:00,1.0,0.188345413576681,1.0,0.3680393196078645
01/02/2019 11:00,1.0,0.188345413576681,1.0,0.3680393196078645
01/02/2019 12:00,1.0,0.188345413576681,1.0,0.3680393196078645
01/02/2019 13:00,1.0,0.188345413576681,1.0,0.3680393196078645
01/02/2019 14:00,1.0,0.188345413576681,1.0,0.3680393196078645
01/02/2019 15:00,1.0,0.188345413576681,1.0,0.3680393196078645
01/02/2019 16:00,1.0,0.188345413576681,1.0,0.3680393196078645
01/02/2019 17:00,1.0,0.188345413576681,1.0,0.3680393196078645
01/02/2019 18:00,1.0,0.188345413576681,1.0,0.3680393196078645
01/02/2019 19:00,1.0,0.188345413576681,1.0,0.3680393196078645
01/02/2019 20:00,1.0,0.188345413576681,1.0,0.3680393196078645
01/02/2019 21:00,1.0,0.188345413576681,1.0,0.3680393196078645
01/02/2019 22:00,1.0,0.188345413576681,1.0,0.3680393196078645
01/02/2019 23:00,1.0,0.188345413576681,1.0,0.3680393196078645
02/02/2019 00:00,1.0,0.188345413576681,1.0,0.3680393196078645
02/02/2019 01:00,1.0,0.188345413576681,1.0,0.3680393196078645
02/02/2019 02:00,1.0,0.188345413576681,1.0,0.3680393196078645
02/02/2019 03:00,1.0,0.188345413576681,1.0,0.3680393196078645
02/02/2019 04:00,1.0,0.188345413576681,1.0,0.3680393196078645
02/02/2019 05:00,1.0,0.188345413576681,1.0,0.3680393196078645
02/02/2019 06:00,1.0,0.188345413576681,1.0,0.3680393196078645
02/02/2019 07:00,1.0,0.188345413576681,1.0,0.3680393196078645
02/02/2019 08:00,1.0,0.188345413576681,1.0,0.3680393196078645
02/02/2019 09:00,1.0,0.188345413576681,1.0,0.3680393196078645
02/02/2019 10:00,1.0,0.188345413576681,1.0,0.3680393196078645
02/02/2019 11:00,1.0,0.188345413576681,1.0,0.3680393196078645
02/02/2019 12:00,1.0,0.188345413576681,1.0,0.3680393196078645
02/02/2019 13:00,1.0,0.188345413576681,1.0,0.3680393196078645
02/02/2019 14:00,1.0,0.188345413576681,1.0,0.3680393196078645
02/02/2019 15:00,1.0,0.188345413576681,1.0,0.3680393196078645
02/02/2019 16:00,1.0,0.188345413576681,1.0,0.3680393196078645
02/02/2019 17:00,1.0,0.188345413576681,1.0,0.3680393196078645
02/02/2019 18:00,1.0,0.188345413576681,1.0,0.3680393196078645
02/02/2019 19:00,1.0,0.188345413576681,1.0,0.3680393196078645
02/02/2019 20:00,1.0,0.188345413576681,1.0,0.3680393196078645
02/02/2019 21:00,1.0,0.188345413576681,1.0,0.3680393196078645
02/02/2019 22:00,1.0,0.188345413576681,1.0,0.3680393196078645
02/02/2019 23:00,1.0,0.188345413576681,1.0,0.3680393196078645
03/02/2019 00:00,1.0,0.188345413576681,1.0,0.3680393196078645
03/02/2019 01:00,1.0,0.188345413576681,1.0,0.3680393196078645
03/02/2019 02:00,1.0,0.188345413576681,1.0,0.3680393196078645
03/02/2019 03:00,1.0,0.188345413576681,1.0,0.3680393196078645
03/02/2019 04:00,1.0,0.188345413576681,1.0,0.3680393196078645
03/02/2019 05:00,1.0,0.188345413576681,1.0,0.3680393196078645
03/02/2019 06:00,1.0,0.188345413576681,1.0,0.3680393196078645
03/02/2019 07:00,1.0,0.188345413576681,1.0,0.3680393196078645
03/02/2019 08:00,1.0,0.188345413576681,1.0,0.3680393196078645
03/02/2019 09:00,1.0,0.188345413576681,1.0,0.3680393196078645
03/02/2019 10:00,1.0,0.188345413576681,1.0,0.3680393196078645
03/02/2019 11:00,1.0,0.188345413576681,1.0,0.3680393196078645
03/02/2019 12:00,1.0,0.188345413576681,1.0,0.3680393196078645
03/02/2019 13:00,1.0,0.188345413576681,1.0,0.3680393196078645
03/02/2019 14:00,1.0,0.188345413576681,1.0,0.3680393196078645
03/02/2019 15:00,1.0,0.188345413576681,1.0,0.3680393196078645
03/02/2019 16:00,1.0,0.188345413576681,1.0,0.3680393196078645
03/02/2019 17:00,1.0,0.188345413576681,1.0,0.3680393196078645
03/02/2019 18:00,1.0,0.188345413576681,1.0,0.3680393196078645
03/02/2019 19:00,1.0,0.188345413576681,1.0,0.3680393196078645
03/02/2019 20:00,1.0,0.188345413576681,1.0,0.3680393196078645
03/02/2019 21:00,1.0,0.188345413576681,1.0,0.3680393196078645
03/02/2019 22:00,1.0,0.188345413576681,1.0,0.3680393196078645
03/02/2019 23:00,1.0,0.188345413576681,1.0,0.3680393196078645
04/02/2019 00:00,1.0,0.188345413576681,1.0,0.3680393196078645
04/02/2019 01:00,1.0,0.188345413576681,1.0,0.3680393196078645
04/02/2019 02:00,1.0,0.188345413576681,1.0,0.3680393196078645
04/02/2019 03:00,1.0,0.188345413576681,1.0,0.3680393196078645
04/02/2019 04:00,1.0,0.188345413576681,1.0,0.3680393196078645
04/02/2019 05:00,1.0,0.188345413576681,1.0,0.3680393196078645
04/02/2019 06:00,1.0,0.188345413576681,1.0,0.3680393196078645
04/02/2019 07:00,1.0,0.188345413576681,1.0,0.3680393196078645
04/02/2019 08:00,1.0,0.188345413576681,1.0,0.3680393196078645
04/02/2019 09:00,1.0,0.188345413576681,1.0,0.3680393196078645
04/02/2019 10:00,1.0,0.188345413576681,1.0,0.3680393196078645
04/02/2019 11:00,1.0,0.188345413576681,1.0,0.3680393196078645
04/02/2019 12:00,1.0,0.188345413576681,1.0,0.3680393196078645
04/02/2019 13:00,1.0,0.188345413576681,1.0,0.3680393196078645
04/02/2019 14:00,1.0,0.188345413576681,1.0,0.3680393196078645
04/02/2019 15:00,1.0,0.188345413576681,1.0,0.3680393196078645
04/02/2019 16:00,1.0,0.188345413576681,1.0,0.3680393196078645
04/02/2019 17:00,1.0,0.188345413576681,1.0,0.3680393196078645
04/02/2019 18:00,1.0,0.188345413576681,1.0,0.3680393196078645
04/02/2019 19:00,1.0,0.188345413576681,1.0,0.3680393196078645
04/02/2019 20:00,1.0,0.188345413576681,1.0,0.3680393196078645
04/02/2019 21:00,1.0,0.188345413576681,1.0,0.3680393196078645
04/02/2019 22:00,1.0,0.188345413576681,1.0,0.3680393196078645
04/02/2019 23:00,1.0,0.188345413576681,1.0,0.3680393196078645
05/02/2019 00:00,1.0,0.188345413576681,1.0,0.3680393196078645
05/02/2019 01:00,1.0,0.188345413576681,1.0,0.3680393196078645
05/02/2019 02:00,1.0,0.188345413576681,1.0,0.3680393196078645
05/02/2019 03:00,1.0,0.188345413576681,1.0,0.3680393196078645
05/02/2019 04:00,1.0,0.188345413576681,1.0,0.3680393196078645
05/02/2019 05:00,1.0,0.188345413576681,1.0,0.3680393196078645
05/02/2019 06:00,1.0,0.188345413576681,1.0,0.3680393196078645
05/02/2019 07:00,1.0,0.188345413576681,1.0,0.3680393196078645
05/02/2019 08:00,1.0,0.188345413576681,1.0,0.3680393196078645
05/02/2019 09:00,1.0,0.188345413576681,1.0,0.3680393196078645
05/02/2019 10:00,1.0,0.188345413576681,1.0,0.3680393196078645
05/02/2019 11:00,1.0,0.188345413576681,1.0,0.3680393196078645
05/02/2019 12:00,1.0,0.188345413576681,1.0,0.3680393196078645
05/02/2019 13:00,1.0,0.188345413576681,1.0,0.3680393196078645
05/02/2019 14:00,1.0,0.188345413576681,1.0,0.3680393196078645
05/02/2019 15:00,1.0,0.188345413576681,1.0,0.3680393196078645
05/02/2019 16:00,1.0,0.188345413576681,1.0,0.3680393196078645
05/02/2019 17:00,1.0,0.188345413576681,1.0,0.3680393196078645
05/02/2019 18:00,1.0,0.188345413576681,1.0,0.3680393196078645
05/02/2019 19:00,1.0,0.188345413576681,1.0,0.3680393196078645
05/02/2019 20:00,1.0,0.188345413576681,1.0,0.3680393196078645
05/02/2019 21:00,1.0,0.188345413576681,1.0,0.3680393196078645
05/02/2019 22:00,1.0,0.188345413576681,1.0,0.3680393196078645
05/02/2019 23:00,1.0,0.188345413576681,1.0,0.3680393196078645
06/02/2019 00:00,1.0,0.188345413576681,1.0,0.3680393196078645
06/02/2019 01:00,1.0,0.188345413576681,1.0,0.3680393196078645
06/02/2019 02:00,1.0,0.188345413576681,1.0,0.3680393196078645
06/02/2019 03:00,1.0,0.188345413576681,1.0,0.3680393196078645
06/02/2019 04:00,1.0,0.188345413576681,1.0,0.3680393196078645
06/02/2019 05:00,1.0,0.188345413576681,1.0,0.3680393196078645
06/02/2019 06:00,1.0,0.188345413576681,1.0,0.3680393196078645
06/02/2019 07:00,1.0,0.188345413576681,1.0,0.3680393196078645
06/02/2019 08:00,1.0,0.188345413576681,1.0,0.3680393196078645
06/02/2019 09:00,1.0,0.188345413576681,1.0,0.3680393196078645
06/02/2019 10:00,1.0,0.188345413576681,1.0,0.3680393196078645
06/02/2019 11:00,1.0,0.188345413576681,1.0,0.3680393196078645
06/02/2019 12:00,1.0,0.188345413576681,1.0,0.3680393196078645
06/02/2019 13:00,1.0,0.188345413576681,1.0,0.3680393196078645
06/02/2019 14:00,1.0,0.188345413576681,1.0,0.3680393196078645
06/02/2019 15:00,1.0,0.188345413576681,1.0,0.3680393196078645
06/02/2019 16:00,1.0,0.188345413576681,1.0,0.3680393196078645
06/02/2019 17:00,1.0,0.188345413576681,1.0,0.3680393196078645
06/02/2019 18:00,1.0,0.188345413576681,1.0,0.3680393196078645
06/02/2019 19:00,1.0,0.188345413576681,1.0,0.3680393196078645
06/02/2019 20:00,1.0,0.188345413576681,1.0,0.3680393196078645
06/02/2019 21:00,1.0,0.188345413576681,1.0,0.3680393196078645
06/02/2019 22:00,1.0,0.188345413576681,1.0,0.3680393196078645
06/02/2019 23:00,1.0,0.188345413576681,1.0,0.3680393196078645
07/02/2019 00:00,1.0,0.188345413576681,1.0,0.3680393196078645
07/02/2019 01:00,1.0,0.188345413576681,1.0,0.3680393196078645
07/02/2019 02:00,1.0,0.188345413576681,1.0,0.3680393196078645
07/02/2019 03:00,1.0,0.188345413576681,1.0,0.3680393196078645
07/02/2019 04:00,1.0,0.188345413576681,1.0,0.3680393196078645
07/02/2019 05:00,1.0,0.188345413576681,1.0,0.3680393196078645
07/02/2019 06:00,1.0,0.188345413576681,1.0,0.3680393196078645
07/02/2019 07:00,1.0,0.188345413576681,1.0,0.3680393196078645
07/02/2019 08:00,1.0,0.188345413576681,1.0,0.3680393196078645
07/02/2019 09:00,1.0,0.188345413576681,1.0,0.3680393196078645
07/02/2019 10:00,1.0,0.188345413576681,1.0,0.3680393196078645
07/02/2019 11:00,1.0,0.188345413576681,1.0,0.3680393196078645
07/02/2019 12:00,1.0,0.188345413576681,1.0,0.3680393196078645
07/02/2019 13:00,1.0,0.188345413576681,1.0,0.3680393196078645
07/02/2019 14:00,1.0,0.188345413576681,1.0,0.3680393196078645
07/02/2019 15:00,1.0,0.188345413576681,1.0,0.3680393196078645
07/02/2019 16:00,1.0,0.188345413576681,1.0,0.3680393196078645
07/02/2019 17:00,1.0,0.188345413576681,1.0,0.3680393196078645
07/02/2019 18:00,1.0,0.188345413576681,1.0,0.3680393196078645
07/02/2019 19:00,1.0,0.188345413576681,1.0,0.3680393196078645
07/02/2019 20:00,1.0,0.188345413576681,1.0,0.3680393196078645
07/02/2019 21:00,1.0,0.188345413576681,1.0,0.3680393196078645
07/02/2019 22:00,1.0,0.188345413576681,1.0,0.3680393196078645
07/02/2019 23:00,1.0,0.188345413576681,1.0,0.3680393196078645
08/02/2019 00:00,1.0,0.188345413576681,1.0,0.3680393196078645
08/02/2019 01:00,1.0,0.188345413576681,1.0,0.3680393196078645
08/02/2019 02:00,1.0,0.188345413576681,1.0,0.3680393196078645
08/02/2019 03:00,1.0,0.188345413576681,1.0,0.3680393196078645
08/02/2019 04:00,1.0,0.188345413576681,1.0,0.3680393196078645
08/02/2019 05:00,1.0,0.188345413576681,1.0,0.3680393196078645
08/02/2019 06:00,1.0,0.188345413576681,1.0,0.3680393196078645
08/02/2019 07:00,1.0,0.188345413576681,1.0,0.3680393196078645
08/02/2019 08:00,1.0,0.188345413576681,1.0,0.3680393196078645
08/02/2019 09:00,1.0,0.188345413576681,1.0,0.3680393196078645
08/02/2019 10:00,1.0,0.188345413576681,1.0,0.3680393196078645
08/02/2019 11:00,1.0,0.188345413576681,1.0,0.3680393196078645
08/02/2019 12:00,1.0,0.188345413576681,1.0,0.3680393196078645
08/02/2019 13:00,1.0,0.188345413576681,1.0,0.3680393196078645
08/02/2019 14:00,1.0,0.188345413576681,1.0,0.3680393196078645
08/02/2019 15:00,1.0,0.188345413576681,1.0,0.3680393196078645
08/02/2019 16:00,1.0,0.188345413576681,1.0,0.3680393196078645
08/02/2019 17:00,1.0,0.188345413576681,1.0,0.3680393196078645
08/02/2019 18:00,1.0,0.188345413576681,1.0,0.3680393196078645
08/02/2019 19:00,1.0,0.188345413576681,1.0,0.3680393196078645
08/02/2019 20:00,1.0,0.188345413576681,1.0,0.3680393196078645
08/02/2019 21:00,1.0,0.188345413576681,1.0,0.3680393196078645
08/02/2019 22:00,1.0,0.188345413576681,1.0,0.3680393196078645
08/02/2019 23:00,1.0,0.188345413576681,1.0,0.3680393196078645
09/02/2019 00:00,1.0,0.188345413576681,1.0,0.3680393196078645
09/02/2019 01:00,1.0,0.188345413576681,1.0,0.3680393196078645
09/02/2019 02:00,1.0,0.188345413576681,1.0,0.3680393196078645
09/02/2019 03:00,1.0,0.188345413576681,1.0,0.3680393196078645
09/02/2019 04:00,1.0,0.188345413576681,1.0,0.3680393196078645
09/02/2019 05:00,1.0,0.188345413576681,1.0,0.3680393196078645
09/02/2019 06:00,1.0,0.188345413576681,1.0,0.3680393196078645
09/02/2019 07:00,1.0,0.188345413576681,1.0,0.3680393196078645
09/02/2019 08:00,1.0,0.188345413576681,1.0,0.3680393196078645
09/02/2019 09:00,1.0,0.188345413576681,1.0,0.3680393196078645
09/02/2019 10:00,1.0,0.188345413576681,1.0,0.3680393196078645
09/02/2019 11:00,1.0,0.188345413576681,1.0,0.3680393196078645
09/02/2019 12:00,1.0,0.188345413576681,1.0,0.3680393196078645
09/02/2019 13:00,1.0,0.188345413576681,1.0,0.3680393196078645
09/02/2019 14:00,1.0,0.188345413576681,1.0,0.3680393196078645
09/02/2019 15:00,1.0,0.188345413576681,1.0,0.3680393196078645
09/02/2019 16:00,1.0,0.188345413576681,1.0,0.3680393196078645
09/02/2019 17:00,1.0,0.188345413576681,1.0,0.3680393196078645
09/02/2019 18:00,1.0,0.188345413576681,1.0,0.3680393196078645
09/02/2019 19:00,1.0,0.188345413576681,1.0,0.3680393196078645
09/02/2019 20:00,1.0,0.188345413576681,1.0,0.3680393196078645
09/02/2019 21:00,1.0,0.188345413576681,1.0,0.3680393196078645
09/02/2019 22:00,1.0,0.188345413576681,1.0,0.3680393196078645
09/02/2019 23:00,1.0,0.188345413576681,1.0,0.3680393196078645
10/02/2019 00:00,1.0,0.188345413576681,1.0,0.3680393196078645
10/02/2019 01:00,1.0,0.188345413576681,1.0,0.3680393196078645
10/02/2019 02:00,1.0,0.188345413576681,1.0,0.3680393196078645
10/02/2019 03:00,1.0,0.188345413576681,1.0,0.3680393196078645
10/02/2019 04:00,1.0,0.188345413576681,1.0,0.3680393196078645
10/02/2019 05:00,1.0,0.188345413576681,1.0,0.3680393196078645
10/02/2019 06:00,1.0,0.188345413576681,1.0,0.3680393196078645
10/02/2019 07:00,1.0,0.188345413576681,1.0,0.3680393196078645
10/02/2019 08:00,1.0,0.188345413576681,1.0,0.3680393196078645
10/02/2019 09:00,1.0,0.188345413576681,1.0,0.3680393196078645
10/02/2019 10:00,1.0,0.188345413576681,1.0,0.3680393196078645
10/02/2019 11:00,1.0,0.188345413576681,1.0,0.3680393196078645
10/02/2019 12:00,1.0,0.188345413576681,1.0,0.3680393196078645
10/02/2019 13:00,1.0,0.188345413576681,1.0,0.3680393196078645
10/02/2019 14:00,1.0,0.188345413576681,1.0,0.3680393196078645
10/02/2019 15:00,1.0,0.188345413576681,1.0,0.3680393196078645
10/02/2019 16:00,1.0,0.188345413576681,1.0,0.3680393196078645
10/02/2019 17:00,1.0,0.188345413576681,1.0,0.3680393196078645
10/02/2019 18:00,1.0,0.188345413576681,1.0,0.3680393196078645
10/02/2019 19:00,1.0,0.188345413576681,1.0,0.3680393196078645
10/02/2019 20:00,1.0,0.188345413576681,1.0,0.3680393196078645
10/02/2019 21:00,1.0,0.188345413576681,1.0,0.3680393196078645
10/02/2019 22:00,1.0,0.188345413576681,1.0,0.3680393196078645
10/02/2019 23:00,1.0,0.188345413576681,1.0,0.3680393196078645
11/02/2019 00:00,1.0,0.188345413576681,1.0,0.3680393196078645
11/02/2019 01:00,1.0,0.188345413576681,1.0,0.3680393196078645
11/02/2019 02:00,1.0,0.188345413576681,1.0,0.3680393196078645
11/02/2019 03:00,1.0,0.188345413576681,1.0,0.3680393196078645
11/02/2019 04:00,1.0,0.188345413576681,1.0,0.3680393196078645
11/02/2019 05:00,1.0,0.188345413576681,1.0,0.3680393196078645
11/02/2019 06:00,1.0,0.188345413576681,1.0,0.3680393196078645
11/02/2019 07:00,1.0,0.188345413576681,1.0,0.3680393196078645
11/02/2019 08:00,1.0,0.188345413576681,1.0,0.3680393196078645
11/02/2019 09:00,1.0,0.188345413576681,1.0,0.3680393196078645
11/02/2019 10:00,1.0,0.188345413576681,1.0,0.3680393196078645
11/02/2019 11:00,1.0,0.188345413576681,1.0,0.3680393196078645
11/02/2019 12:00,1.0,0.188345413576681,1.0,0.3680393196078645
11/02/2019 13:00,1.0,0.188345413576681,1.0,0.3680393196078645
11/02/2019 14:00,1.0,0.188345413576681,1.0,0.3680393196078645
11/02/2019 15:00,1.0,0.188345413576681,1.0,0.3680393196078645
11/02/2019 16:00,1.0,0.188345413576681,1.0,0.3680393196078645
11/02/2019 17:00,1.0,0.188345413576681,1.0,0.3680393196078645
11/02/2019 18:00,1.0,0.188345413576681,1.0,0.3680393196078645
11/02/2019 19:00,1.0,0.188345413576681,1.0,0.3680393196078645
11/02/2019 20:00,1.0,0.188345413576681,1.0,0.3680393196078645
11/02/2019 21:00,1.0,0.188345413576681,1.0,0.3680393196078645
11/02/2019 22:00,1.0,0.188345413576681,1.0,0.3680393196078645
11/02/2019 23:00,1.0,0.188345413576681,1.0,0.3680393196078645
12/02/2019 00:00,1.0,0.188345413576681,1.0,0.3680393196078645
12/02/2019 01:00,1.0,0.188345413576681,1.0,0.3680393196078645
12/02/2019 02:00,1.0,0.188345413576681,1.0,0.3680393196078645
12/02/2019 03:00,1.0,0.188345413576681,1.0,0.3680393196078645
12/02/2019 04:00,1.0,0.188345413576681,1.0,0.3680393196078645
12/02/2019 05:00,1.0,0.188345413576681,1.0,0.3680393196078645
12/02/2019 06:00,1.0,0.188345413576681,1.0,0.3680393196078645
12/02/2019 07:00,1.0,0.188345413576681,1.0,0.3680393196078645
12/02/2019 08:00,1.0,0.188345413576681,1.0,0.3680393196078645
12/02/2019 09:00,1.0,0.188345413576681,1.0,0.3680393196078645
12/02/2019 10:00,1.0,0.188345413576681,1.0,0.3680393196078645
12/02/2019 11:00,1.0,0.188345413576681,1.0,0.3680393196078645
12/02/2019 12:00,1.0,0.188345413576681,1.0,0.3680393196078645
12/02/2019 13:00,1.0,0.188345413576681,1.0,0.3680393196078645
12/02/2019 14:00,1.0,0.188345413576681,1.0,0.3680393196078645
12/02/2019 15:00,1.0,0.188345413576681,1.0,0.3680393196078645
12/02/2019 16:00,1.0,0.188345413576681,1.0,0.3680393196078645
12/02/2019 17:00,1.0,0.188345413576681,1.0,0.3680393196078645
12/02/2019 18:00,1.0,0.188345413576681,1.0,0.3680393196078645
12/02/2019 19:00,1.0,0.188345413576681,1.0,0.3680393196078645
12/02/2019 20:00,1.0,0.188345413576681,1.0,0.3680393196078645
12/02/2019 21:00,1.0,0.188345413576681,1.0,0.3680393196078645
12/02/2019 22:00,1.0,0.188345413576681,1.0,0.3680393196078645
12/02/2019 23:00,1.0,0.188345413576681,1.0,0.3680393196078645
13/02/2019 00:00,1.0,0.188345413576681,1.0,0.3680393196078645
13/02/2019 01:00,1.0,0.188345413576681,1.0,0.3680393196078645
13/02/2019 02:00,1.0,0.188345413576681,1.0,0.3680393196078645
13/02/2019 03:00,1.0,0.188345413576681,1.0,0.3680393196078645
13/02/2019 04:00,1.0,0.188345413576681,1.0,0.3680393196078645
13/02/2019 05:00,1.0,0.188345413576681,1.0,0.3680393196078645
13/02/2019 06:00,1.0,0.188345413576681,1.0,0.3680393196078645
13/02/2019 07:00,1.0,0.188345413576681,1.0,0.3680393196078645
13/02/2019 08:00,1.0,0.188345413576681,1.0,0.3680393196078645
13/02/2019 09:00,1.0,0.188345413576681,1.0,0.3680393196078645
13/02/2019 10:00,1.0,0.188345413576681,1.0,0.3680393196078645
13/02/2019 11:00,1.0,0.188345413576681,1.0,0.3680393196078645
13/02/2019 12:00,1.0,0.188345413576681,1.0,0.3680393196078645
13/02/2019 13:00,1.0,0.188345413576681,1.0,0.3680393196078645
13/02/2019 14:00,1.0,0.188345413576681,1.0,0.3680393196078645
13/02/2019 15:00,1.0,0.188345413576681,1.0,0.3680393196078645
13/02/2019 16:00,1.0,0.188345413576681,1.0,0.3680393196078645
13/02/2019 17:00,1.0,0.188345413576681,1.0,0.3680393196078645
13/02/2019 18:00,1.0,0.188345413576681,1.0,0.3680393196078645
13/02/2019 19:00,1.0,0.188345413576681,1.0,0.3680393196078645
13/02/2019 20:00,1.0,0.188345413576681,1.0,0.3680393196078645
13/02/2019 21:00,1.0,0.188345413576681,1.0,0.3680393196078645
13/02/2019 22:00,1.0,0.188345413576681,1.0,0.3680393196078645
13/02/2019 23:00,1.0,0.188345413576681,1.0,0.3680393196078645
14/02/2019 00:00,1.0,0.188345413576681,1.0,0.3680393196078645
14/02/2019 01:00,1.0,0.188345413576681,1.0,0.3680393196078645
14/02/2019 02:00,1.0,0.188345413576681,1.0,0.3680393196078645
14/02/2019 03:00,1.0,0.188345413576681,1.0,0.3680393196078645
14/02/2019 04:00,1.0,0.188345413576681,1.0,0.3680393196078645
14/02/2019 05:00,1.0,0.188345413576681,1.0,0.3680393196078645
14/02/2019 06:00,1.0,0.188345413576681,1.0,0.3680393196078645
14/02/2019 07:00,1.0,0.188345413576681,1.0,0.3680393196078645
14/02/2019 08:00,1.0,0.188345413576681,1.0,0.3680393196078645
14/02/2019 09:00,1.0,0.188345413576681,1.0,0.3680393196078645
14/02/2019 10:00,1.0,0.188345413576681,1.0,0.3680393196078645
14/02/2019 11:00,1.0,0.188345413576681,1.0,0.3680393196078645
14/02/2019 12:00,1.0,0.188345413576681,1.0,0.3680393196078645
14/02/2019 13:00,1.0,0.188345413576681,1.0,0.3680393196078645
14/02/2019 14:00,1.0,0.188345413576681,1.0,0.3680393196078645
14/02/2019 15:00,1.0,0.188345413576681,1.0,0.3680393196078645
14/02/2019 16:00,1.0,0.188345413576681,1.0,0.3680393196078645
14/02/2019 17:00,1.0,0.188345413576681,1.0,0.3680393196078645
14/02/2019 18:00,1.0,0.188345413576681,1.0,0.3680393196078645
14/02/2019 19:00,1.0,0.188345413576681,1.0,0.3680393196078645
14/02/2019 20:00,1.0,0.188345413576681,1.0,0.3680393196078645
14/02/2019 21:00,1.0,0.188345413576681,1.0,0.3680393196078645
14/02/2019 22:00,1.0,0.188345413576681,1.0,0.3680393196078645
14/02/2019 23:00,1.0,0.188345413576681,1.0,0.3680393196078645
15/02/2019 00:00,1.0,0.188345413576681,1.0,0.3680393196078645
15/02/2019 01:00,1.0,0.188345413576681,1.0,0.3680393196078645
15/02/2019 02:00,1.0,0.188345413576681,1.0,0.3680393196078645
15/02/2019 03:00,1.0,0.188345413576681,1.0,0.3680393196078645
15/02/2019 04:00,1.0,0.188345413576681,1.0,0.3680393196078645
15/02/2019 05:00,1.0,0.188345413576681,1.0,0.3680393196078645
15/02/2019 06:00,1.0,0.188345413576681,1.0,0.3680393196078645
15/02/2019 07:00,1.0,0.188345413576681,1.0,0.3680393196078645
15/02/2019 08:00,1.0,0.188345413576681,1.0,0.3680393196078645
15/02/2019 09:00,1.0,0.188345413576681,1.0,0.3680393196078645
15/02/2019 10:00,1.0,0.188345413576681,1.0,0.3680393196078645
15/02/2019 11:00,1.0,0.188345413576681,1.0,0.3680393196078645
15/02/2019 12:00,1.0,0.188345413576681,1.0,0.3680393196078645
15/02/2019 13:00,1.0,0.188345413576681,1.0,0.3680393196078645
15/02/2019 14:00,1.0,0.188345413576681,1.0,0.3680393196078645
15/02/2019 15:00,1.0,0.188345413576681,1.0,0.3680393196078645
15/02/2019 16:00,1.0,0.188345413576681,1.0,0.3680393196078645
15/02/2019 17:00,1.0,0.188345413576681,1.0,0.3680393196078645
15/02/2019 18:00,1.0,0.188345413576681,1.0,0.3680393196078645
15/02/2019 19:00,1.0,0.188345413576681,1.0,0.3680393196078645
15/02/2019 20:00,1.0,0.188345413576681,1.0,0.3680393196078645
15/02/2019 21:00,1.0,0.188345413576681,1.0,0.3680393196078645
15/02/2019 22:00,1.0,0.188345413576681,1.0,0.3680393196078645
15/02/2019 23:00,1.0,0.188345413576681,1.0,0.3680393196078645
16/02/2019 00:00,1.0,0.188345413576681,1.0,0.3680393196078645
16/02/2019 01:00,1.0,0.188345413576681,1.0,0.3680393196078645
16/02/2019 02:00,1.0,0.188345413576681,1.0,0.3680393196078645
16/02/2019 03:00,1.0,0.188345413576681,1.0,0.3680393196078645
16/02/2019 04:00,1.0,0.188345413576681,1.0,0.3680393196078645
16/02/2019 05:00,1.0,0.188345413576681,1.0,0.3680393196078645
16/02/2019 06:00,1.0,0.188345413576681,1.0,0.3680393196078645
16/02/2019 07:00,1.0,0.188345413576681,1.0,0.3680393196078645
16/02/2019 08:00,1.0,0.188345413576681,1.0,0.3680393196078645
16/02/2019 09:00,1.0,0.188345413576681,1.0,0.3680393196078645
16/02/2019 10:00,1.0,0.188345413576681,1.0,0.3680393196078645
16/02/2019 11:00,1.0,0.188345413576681,1.0,0.3680393196078645
16/02/2019 12:00,1.0,0.188345413576681,1.0,0.3680393196078645
16/02/2019 13:00,1.0,0.188345413576681,1.0,0.3680393196078645
16/02/2019 14:00,1.0,0.188345413576681,1.0,0.3680393196078645
16/02/2019 15:00,1.0,0.188345413576681,1.0,0.3680393196078645
16/02/2019 16:00,1.0,0.188345413576681,1.0,0.3680393196078645
16/02/2019 17:00,1.0,0.188345413576681,1.0,0.3680393196078645
16/02/2019 18:00,1.0,0.188345413576681,1.0,0.3680393196078645
16/02/2019 19:00,1.0,0.188345413576681,1.0,0.3680393196078645
16/02/2019 20:00,1.0,0.188345413576681,1.0,0.3680393196078645
16/02/2019 21:00,1.0,0.188345413576681,1.0,0.3680393196078645
16/02/2019 22:00,1.0,0.188345413576681,1.0,0.3680393196078645
16/02/2019 23:00,1.0,0.188345413576681,1.0,0.3680393196078645
17/02/2019 00:00,1.0,0.188345413576681,1.0,0.3680393196078645
17/02/2019 01:00,1.0,0.188345413576681,1.0,0.3680393196078645
17/02/2019 02:00,1.0,0.188345413576681,1.0,0.3680393196078645
17/02/2019 03:00,1.0,0.188345413576681,1.0,0.3680393196078645
17/02/2019 04:00,1.0,0.188345413576681,1.0,0.3680393196078645
17/02/2019 05:00,1.0,0.188345413576681,1.0,0.3680393196078645
17/02/2019 06:00,1.0,0.188345413576681,1.0,0.3680393196078645
17/02/2019 07:00,1.0,0.188345413576681,1.0,0.3680393196078645
17/02/2019 08:00,1.0,0.188345413576681,1.0,0.3680393196078645
17/02/2019 09:00,1.0,0.188345413576681,1.0,0.3680393196078645
17/02/2019 10:00,1.0,0.188345413576681,1.0,0.3680393196078645
17/02/2019 11:00,1.0,0.188345413576681,1.0,0.3680393196078645
17/02/2019 12:00,1.0,0.188345413576681,1.0,0.3680393196078645
17/02/2019 13:00,1.0,0.188345413576681,1.0,0.3680393196078645
17/02/2019 14:00,1.0,0.188345413576681,1.0,0.3680393196078645
17/02/2019 15:00,1.0,0.188345413576681,1.0,0.3680393196078645
17/02/2019 16:00,1.0,0.188345413576681,1.0,0.3680393196078645
17/02/2019 17:00,1.0,0.188345413576681,1.0,0.3680393196078645
17/02/2019 18:00,1.0,0.188345413576681,1.0,0.3680393196078645
17/02/2019 19:00,1.0,0.188345413576681,1.0,0.3680393196078645
17/02/2019 20:00,1.0,0.188345413576681,1.0,0.3680393196078645
17/02/2019 21:00,1.0,0.188345413576681,1.0,0.3680393196078645
17/02/2019 22:00,1.0,0.188345413576681,1.0,0.3680393196078645
17/02/2019 23:00,1.0,0.188345413576681,1.0,0.3680393196078645
18/02/2019 00:00,1.0,0.188345413576681,1.0,0.3680393196078645
18/02/2019 01:00,1.0,0.188345413576681,1.0,0.3680393196078645
18/02/2019 02:00,1.0,0.188345413576681,1.0,0.3680393196078645
18/02/2019 03:00,1.0,0.188345413576681,1.0,0.3680393196078645
18/02/2019 04:00,1.0,0.188345413576681,1.0,0.3680393196078645
18/02/2019 05:00,1.0,0.188345413576681,1.0,0.3680393196078645
18/02/2019 06:00,1.0,0.188345413576681,1.0,0.3680393196078645
18/02/2019 07:00,1.0,0.188345413576681,1.0,0.3680393196078645
18/02/2019 08:00,1.0,0.188345413576681,1.0,0.3680393196078645
18/02/2019 09:00,1.0,0.188345413576681,1.0,0.3680393196078645
18/02/2019 10:00,1.0,0.188345413576681,1.0,0.3680393196078645
18/02/2019 11:00,1.0,0.188345413576681,1.0,0.3680393196078645
18/02/2019 12:00,1.0,0.188345413576681,1.0,0.3680393196078645
18/02/2019 13:00,1.0,0.188345413576681,1.0,0.3680393196078645
18/02/2019 14:00,1.0,0.188345413576681,1.0,0.3680393196078645
18/02/2019 15:00,1.0,0.188345413576681,1.0,0.3680393196078645
18/02/2019 16:00,1.0,0.188345413576681,1.0,0.3680393196078645
18/02/2019 17:00,1.0,0.188345413576681,1.0,0.3680393196078645
18/02/2019 18:00,1.0,0.188345413576681,1.0,0.3680393196078645
18/02/2019 19:00,1.0,0.188345413576681,1.0,0.3680393196078645
18/02/2019 20:00,1.0,0.188345413576681,1.0,0.3680393196078645
18/02/2019 21:00,1.0,0.188345413576681,1.0,0.3680393196078645
18/02/2019 22:00,1.0,0.188345413576681,1.0,0.3680393196078645
18/02/2019 23:00,1.0,0.188345413576681,1.0,0.3680393196078645
19/02/2019 00:00,1.0,0.188345413576681,1.0,0.3680393196078645
19/02/2019 01:00,1.0,0.188345413576681,1.0,0.3680393196078645
19/02/2019 02:00,1.0,0.188345413576681,1.0,0.3680393196078645
19/02/2019 03:00,1.0,0.188345413576681,1.0,0.3680393196078645
19/02/2019 04:00,1.0,0.188345413576681,1.0,0.3680393196078645
19/02/2019 05:00,1.0,0.188345413576681,1.0,0.3680393196078645
19/02/2019 06:00,1.0,0.188345413576681,1.0,0.3680393196078645
19/02/2019 07:00,1.0,0.188345413576681,1.0,0.3680393196078645
19/02/2019 08:00,1.0,0.188345413576681,1.0,0.3680393196078645
19/02/2019 09:00,1.0,0.188345413576681,1.0,0.3680393196078645
19/02/2019 10:00,1.0,0.188345413576681,1.0,0.3680393196078645
19/02/2019 11:00,1.0,0.188345413576681,1.0,0.3680393196078645
19/02/2019 12:00,1.0,0.188345413576681,1.0,0.3680393196078645
19/02/2019 13:00,1.0,0.188345413576681,1.0,0.3680393196078645
19/02/2019 14:00,1.0,0.188345413576681,1.0,0.3680393196078645
19/02/2019 15:00,1.0,0.188345413576681,1.0,0.3680393196078645
19/02/2019 16:00,1.0,0.188345413576681,1.0,0.3680393196078645
19/02/2019 17:00,1.0,0.188345413576681,1.0,0.3680393196078645
19/02/2019 18:00,1.0,0.188345413576681,1.0,0.3680393196078645
19/02/2019 19:00,1.0,0.188345413576681,1.0,0.3680393196078645
19/02/2019 20:00,1.0,0.188345413576681,1.0,0.3680393196078645
19/02/2019 21:00,1.0,0.188345413576681,1.0,0.3680393196078645
19/02/2019 22:00,1.0,0.188345413576681,1.0,0.3680393196078645
19/02/2019 23:00,1.0,0.188345413576681,1.0,0.3680393196078645
20/02/2019 00:00,1.0,0.188345413576681,1.0,0.3680393196078645
20/02/2019 01:00,1.0,0.188345413576681,1.0,0.3680393196078645
20/02/2019 02:00,1.0,0.188345413576681,1.0,0.3680393196078645
20/02/2019 03:00,1.0,0.188345413576681,1.0,0.3680393196078645
20/02/2019 04:00,1.0,0.188345413576681,1.0,0.3680393196078645
20/02/2019 05:00,1.0,0.188345413576681,1.0,0.3680393196078645
20/02/2019 06:00,1.0,0.188345413576681,1.0,0.3680393196078645
20/02/2019 07:00,1.0,0.188345413576681,1.0,0.3680393196078645
20/02/2019 08:00,1.0,0.188345413576681,1.0,0.3680393196078645
20/02/2019 09:00,1.0,0.188345413576681,1.0,0.3680393196078645
20/02/2019 10:00,1.0,0.188345413576681,1.0,0.3680393196078645
20/02/2019 11:00,1.0,0.188345413576681,1.0,0.3680393196078645
20/02/2019 12:00,1.0,0.188345413576681,1.0,0.3680393196078645
20/02/2019 13:00,1.0,0.188345413576681,1.0,0.3680393196078645
20/02/2019 14:00,1.0,0.188345413576681,1.0,0.3680393196078645
20/02/2019 15:00,1.0,0.188345413576681,1.0,0.3680393196078645
20/02/2019 16:00,1.0,0.188345413576681,1.0,0.3680393196078645
20/02/2019 17:00,1.0,0.188345413576681,1.0,0.3680393196078645
20/02/2019 18:00,1.0,0.188345413576681,1.0,0.3680393196078645
20/02/2019 19:00,1.0,0.188345413576681,1.0,0.3680393196078645
20/02/2019 20:00,1.0,0.188345413576681,1.0,0.3680393196078645
20/02/2019 21:00,1.0,0.188345413576681,1.0,0.3680393196078645
20/02/2019 22:00,1.0,0.188345413576681,1.0,0.3680393196078645
20/02/2019 23:00,1.0,0.188345413576681,1.0,0.3680393196078645
21/02/2019 00:00,1.0,0.188345413576681,1.0,0.3680393196078645
21/02/2019 01:00,1.0,0.188345413576681,1.0,0.3680393196078645
21/02/2019 02:00,1.0,0.188345413576681,1.0,0.3680393196078645
21/02/2019 03:00,1.0,0.188345413576681,1.0,0.3680393196078645
21/02/2019 04:00,1.0,0.188345413576681,1.0,0.3680393196078645
21/02/2019 05:00,1.0,0.188345413576681,1.0,0.3680393196078645
21/02/2019 06:00,1.0,0.188345413576681,1.0,0.3680393196078645
21/02/2019 07:00,1.0,0.188345413576681,1.0,0.3680393196078645
21/02/2019 08:00,1.0,0.188345413576681,1.0,0.3680393196078645
21/02/2019 09:00,1.0,0.188345413576681,1.0,0.3680393196078645
21/02/2019 10:00,1.0,0.188345413576681,1.0,0.3680393196078645
21/02/2019 11:00,1.0,0.188345413576681,1.0,0.3680393196078645
21/02/2019 12:00,1.0,0.188345413576681,1.0,0.3680393196078645
21/02/2019 13:00,1.0,0.188345413576681,1.0,0.3680393196078645
21/02/2019 14:00,1.0,0.188345413576681,1.0,0.3680393196078645
21/02/2019 15:00,1.0,0.188345413576681,1.0,0.3680393196078645
21/02/2019 16:00,1.0,0.188345413576681,1.0,0.3680393196078645
21/02/2019 17:00,1.0,0.188345413576681,1.0,0.3680393196078645
21/02/2019 18:00,1.0,0.188345413576681,1.0,0.3680393196078645
21/02/2019 19:00,1.0,0.188345413576681,1.0,0.3680393196078645
21/02/2019 20:00,1.0,0.188345413576681,1.0,0.3680393196078645
21/02/2019 21:00,1.0,0.188345413576681,1.0,0.3680393196078645
21/02/2019 22:00,1.0,0.188345413576681,1.0,0.3680393196078645
21/02/2019 23:00,1.0,0.188345413576681,1.0,0.3680393196078645
22/02/2019 00:00,1.0,0.188345413576681,1.0,0.3680393196078645
22/02/2019 01:00,1.0,0.188345413576681,1.0,0.3680393196078645
22/02/2019 02:00,1.0,0.188345413576681,1.0,0.3680393196078645
22/02/2019 03:00,1.0,0.188345413576681,1.0,0.3680393196078645
22/02/2019 04:00,1.0,0.188345413576681,1.0,0.3680393196078645
22/02/2019 05:00,1.0,0.188345413576681,1.0,0.3680393196078645
22/02/2019 06:00,1.0,0.188345413576681,1.0,0.3680393196078645
22/02/2019 07:00,1.0,0.188345413576681,1.0,0.3680393196078645
22/02/2019 08:00,1.0,0.188345413576681,1.0,0.3680393196078645
22/02/2019 09:00,1.0,0.188345413576681,1.0,0.3680393196078645
22/02/2019 10:00,1.0,0.188345413576681,1.0,0.3680393196078645
22/02/2019 11:00,1.0,0.188345413576681,1.0,0.3680393196078645
22/02/2019 12:00,1.0,0.188345413576681,1.0,0.3680393196078645
22/02/2019 13:00,1.0,0.188345413576681,1.0,0.3680393196078645
22/02/2019 14:00,1.0,0.188345413576681,1.0,0.3680393196078645
22/02/2019 15:00,1.0,0.188345413576681,1.0,0.3680393196078645
22/02/2019 16:00,1.0,0.188345413576681,1.0,0.3680393196078645
22/02/2019 17:00,1.0,0.188345413576681,1.0,0.3680393196078645
22/02/2019 18:00,1.0,0.188345413576681,1.0,0.3680393196078645
22/02/2019 19:00,1.0,0.188345413576681,1.0,0.3680393196078645
22/02/2019 20:00,1.0,0.188345413576681,1.0,0.3680393196078645
22/02/2019 21:00,1.0,0.188345413576681,1.0,0.3680393196078645
22/02/2019 22:00,1.0,0.188345413576681,1.0,0.3680393196078645
22/02/2019 23:00,1.0,0.188345413576681,1.0,0.3680393196078645
23/02/2019 00:00,1.0,0.188345413576681,1.0,0.3680393196078645
23/02/2019 01:00,1.0,0.188345413576681,1.0,0.3680393196078645
23/02/2019 02:00,1.0,0.188345413576681,1.0,0.3680393196078645
23/02/2019 03:00,1.0,0.188345413576681,1.0,0.3680393196078645
23/02/2019 04:00,1.0,0.188345413576681,1.0,0.3680393196078645
23/02/2019 05:00,1.0,0.188345413576681,1.0,0.3680393196078645
23/02/2019 06:00,1.0,0.188345413576681,1.0,0.3680393196078645
23/02/2019 07:00,1.0,0.188345413576681,1.0,0.3680393196078645
23/02/2019 08:00,1.0,0.188345413576681,1.0,0.3680393196078645
23/02/2019 09:00,1.0,0.188345413576681,1.0,0.3680393196078645
23/02/2019 10:00,1.0,0.188345413576681,1.0,0.3680393196078645
23/02/2019 11:00,1.0,0.188345413576681,1.0,0.3680393196078645
23/02/2019 12:00,1.0,0.188345413576681,1.0,0.3680393196078645
23/02/2019 13:00,1.0,0.188345413576681,1.0,0.3680393196078645
23/02/2019 14:00,1.0,0.188345413576681,1.0,0.3680393196078645
23/02/2019 15:00,1.0,0.188345413576681,1.0,0.3680393196078645
23/02/2019 16:00,1.0,0.188345413576681,1.0,0.3680393196078645
23/02/2019 17:00,1.0,0.188345413576681,1.0,0.3680393196078645
23/02/2019 18:00,1.0,0.188345413576681,1.0,0.3680393196078645
23/02/2019 19:00,1.0,0.188345413576681,1.0,0.3680393196078645
23/02/2019 20:00,1.0,0.188345413576681,1.0,0.3680393196078645
23/02/2019 21:00,1.0,0.188345413576681,1.0,0.3680393196078645
23/02/2019 22:00,1.0,0.188345413576681,1.0,0.3680393196078645
23/02/2019 23:00,1.0,0.188345413576681,1.0,0.3680393196078645
24/02/2019 00:00,1.0,0.188345413576681,1.0,0.3680393196078645
24/02/2019 01:00,1.0,0.188345413576681,1.0,0.3680393196078645
24/02/2019 02:00,1.0,0.188345413576681,1.0,0.3680393196078645
24/02/2019 03:00,1.0,0.188345413576681,1.0,0.3680393196078645
24/02/2019 04:00,1.0,0.188345413576681,1.0,0.3680393196078645
24/02/2019 05:00,1.0,0.188345413576681,1.0,0.3680393196078645
24/02/2019 06:00,1.0,0.188345413576681,1.0,0.3680393196078645
24/02/2019 07:00,1.0,0.188345413576681,1.0,0.3680393196078645
24/02/2019 08:00,1.0,0.188345413576681,1.0,0.3680393196078645
24/02/2019 09:00,1.0,0.188345413576681,1.0,0.3680393196078645
24/02/2019 10:00,1.0,0.188345413576681,1.0,0.3680393196078645
24/02/2019 11:00,1.0,0.188345413576681,1.0,0.3680393196078645
24/02/2019 12:00,1.0,0.188345413576681,1.0,0.3680393196078645
24/02/2019 13:00,1.0,0.188345413576681,1.0,0.3680393196078645
24/02/2019 14:00,1.0,0.188345413576681,1.0,0.3680393196078645
24/02/2019 15:00,1.0,0.188345413576681,1.0,0.3680393196078645
24/02/2019 16:00,1.0,0.188345413576681,1.0,0.3680393196078645
24/02/2019 17:00,1.0,0.188345413576681,1.0,0.3680393196078645
24/02/2019 18:00,1.0,0.188345413576681,1.0,0.3680393196078645
24/02/2019 19:00,1.0,0.188345413576681,1.0,0.3680393196078645
24/02/2019 20:00,1.0,0.188345413576681,1.0,0.3680393196078645
24/02/2019 21:00,1.0,0.188345413576681,1.0,0.3680393196078645
24/02/2019 22:00,1.0,0.188345413576681,1.0,0.3680393196078645
24/02/2019 23:00,1.0,0.188345413576681,1.0,0.3680393196078645
25/02/2019 00:00,1.0,0.188345413576681,1.0,0.3680393196078645
25/02/2019 01:00,1.0,0.188345413576681,1.0,0.3680393196078645
25/02/2019 02:00,1.0,0.188345413576681,1.0,0.3680393196078645
25/02/2019 03:00,1.0,0.188345413576681,1.0,0.3680393196078645
25/02/2019 04:00,1.0,0.188345413576681,1.0,0.3680393196078645
25/02/2019 05:00,1.0,0.188345413576681,1.0,0.3680393196078645
25/02/2019 06:00,1.0,0.188345413576681,1.0,0.3680393196078645
25/02/2019 07:00,1.0,0.188345413576681,1.0,0.3680393196078645
25/02/2019 08:00,1.0,0.188345413576681,1.0,0.3680393196078645
25/02/2019 09:00,1.0,0.188345413576681,1.0,0.3680393196078645
25/02/2019 10:00,1.0,0.188345413576681,1.0,0.3680393196078645
25/02/2019 11:00,1.0,0.188345413576681,1.0,0.3680393196078645
25/02/2019 12:00,1.0,0.188345413576681,1.0,0.3680393196078645
25/02/2019 13:00,1.0,0.188345413576681,1.0,0.3680393196078645
25/02/2019 14:00,1.0,0.188345413576681,1.0,0.3680393196078645
25/02/2019 15:00,1.0,0.188345413576681,1.0,0.3680393196078645
25/02/2019 16:00,1.0,0.188345413576681,1.0,0.3680393196078645
25/02/2019 17:00,1.0,0.188345413576681,1.0,0.3680393196078645
25/02/2019 18:00,1.0,0.188345413576681,1.0,0.3680393196078645
25/02/2019 19:00,1.0,0.188345413576681,1.0,0.3680393196078645
25/02/2019 20:00,1.0,0.188345413576681,1.0,0.3680393196078645
25/02/2019 21:00,1.0,0.188345413576681,1.0,0.3680393196078645
25/02/2019 22:00,1.0,0.188345413576681,1.0,0.3680393196078645
25/02/2019 23:00,1.0,0.188345413576681,1.0,0.3680393196078645
26/02/2019 00:00,1.0,0.188345413576681,1.0,0.3680393196078645
26/02/2019 01:00,1.0,0.188345413576681,1.0,0.3680393196078645
26/02/2019 02:00,1.0,0.188345413576681,1.0,0.3680393196078645
26/02/2019 03:00,1.0,0.188345413576681,1.0,0.3680393196078645
26/02/2019 04:00,1.0,0.188345413576681,1.0,0.3680393196078645
26/02/2019 05:00,1.0,0.188345413576681,1.0,0.3680393196078645
26/02/2019 06:00,1.0,0.188345413576681,1.0,0.3680393196078645
26/02/2019 07:00,1.0,0.188345413576681,1.0,0.3680393196078645
26/02/2019 08:00,1.0,0.188345413576681,1.0,0.3680393196078645
26/02/2019 09:00,1.0,0.188345413576681,1.0,0.3680393196078645
26/02/2019 10:00,1.0,0.188345413576681,1.0,0.3680393196078645
26/02/2019 11:00,1.0,0.188345413576681,1.0,0.3680393196078645
26/02/2019 12:00,1.0,0.188345413576681,1.0,0.3680393196078645
26/02/2019 13:00,1.0,0.188345413576681,1.0,0.3680393196078645
26/02/2019 14:00,1.0,0.188345413576681,1.0,0.3680393196078645
26/02/2019 15:00,1.0,0.188345413576681,1.0,0.3680393196078645
26/02/2019 16:00,1.0,0.188345413576681,1.0,0.3680393196078645
26/02/2019 17:00,1.0,0.188345413576681,1.0,0.3680393196078645
26/02/2019 18:00,1.0,0.188345413576681,1.0,0.3680393196078645
26/02/2019 19:00,1.0,0.188345413576681,1.0,0.3680393196078645
26/02/2019 20:00,1.0,0.188345413576681,1.0,0.3680393196078645
26/02/2019 21:00,1.0,0.188345413576681,1.0,0.3680393196078645
26/02/2019 22:00,1.0,0.188345413576681,1.0,0.3680393196078645
26/02/2019 23:00,1.0,0.188345413576681,1.0,0.3680393196078645
27/02/2019 00:00,1.0,0.188345413576681,1.0,0.3680393196078645
27/02/2019 01:00,1.0,0.188345413576681,1.0,0.3680393196078645
27/02/2019 02:00,1.0,0.188345413576681,1.0,0.3680393196078645
27/02/2019 03:00,1.0,0.188345413576681,1.0,0.3680393196078645
27/02/2019 04:00,1.0,0.188345413576681,1.0,0.3680393196078645
27/02/2019 05:00,1.0,0.188345413576681,1.0,0.3680393196078645
27/02/2019 06:00,1.0,0.188345413576681,1.0,0.3680393196078645
27/02/2019 07:00,1.0,0.188345413576681,1.0,0.3680393196078645
27/02/2019 08:00,1.0,0.188345413576681,1.0,0.3680393196078645
27/02/2019 09:00,1.0,0.188345413576681,1.0,0.3680393196078645
27/02/2019 10:00,1.0,0.188345413576681,1.0,0.3680393196078645
27/02/2019 11:00,1.0,0.188345413576681,1.0,0.3680393196078645
27/02/2019 12:00,1.0,0.188345413576681,1.0,0.3680393196078645
27/02/2019 13:00,1.0,0.188345413576681,1.0,0.3680393196078645
27/02/2019 14:00,1.0,0.188345413576681,1.0,0.3680393196078645
27/02/2019 15:00,1.0,0.188345413576681,1.0,0.3680393196078645
27/02/2019 16:00,1.0,0.188345413576681,1.0,0.3680393196078645
27/02/2019 17:00,1.0,0.188345413576681,1.0,0.3680393196078645
27/02/2019 18:00,1.0,0.188345413576681,1.0,0.3680393196078645
27/02/2019 19:00,1.0,0.188345413576681,1.0,0.3680393196078645
27/02/2019 20:00,1.0,0.188345413576681,1.0,0.3680393196078645
27/02/2019 21:00,1.0,0.188345413576681,1.0,0.3680393196078645
27/02/2019 22:00,1.0,0.188345413576681,1.0,0.3680393196078645
27/02/2019 23:00,1.0,0.188345413576681,1.0,0.3680393196078645
28/02/2019 00:00,1.0,0.188345413576681,1.0,0.3680393196078645
28/02/2019 01:00,1.0,0.188345413576681,1.0,0.3680393196078645
28/02/2019 02:00,1.0,0.188345413576681,1.0,0.3680393196078645
28/02/2019 03:00,1.0,0.188345413576681,1.0,0.3680393196078645
28/02/2019 04:00,1.0,0.188345413576681,1.0,0.3680393196078645
28/02/2019 05:00,1.0,0.188345413576681,1.0,0.3680393196078645
28/02/2019 06:00,1.0,0.188345413576681,1.0,0.3680393196078645
28/02/2019 07:00,1.0,0.188345413576681,1.0,0.3680393196078645
28/02/2019 08:00,1.0,0.188345413576681,1.0,0.3680393196078645
28/02/2019 09:00,1.0,0.188345413576681,1.0,0.3680393196078645
28/02/2019 10:00,1.0,0.188345413576681,1.0,0.3680393196078645
28/02/2019 11:00,1.0,0.188345413576681,1.0,0.3680393196078645
28/02/2019 12:00,1.0,0.188345413576681,1.0,0.3680393196078645
28/02/2019 13:00,1.0,0.188345413576681,1.0,0.3680393196078645
28/02/2019 14:00,1.0,0.188345413576681,1.0,0.3680393196078645
28/02/2019 15:00,1.0,0.188345413576681,1.0,0.3680393196078645
28/02/2019 16:00,1.0,0.188345413576681,1.0,0.3680393196078645
28/02/2019 17:00,1.0,0.188345413576681,1.0,0.3680393196078645
28/02/2019 18:00,1.0,0.188345413576681,1.0,0.3680393196078645
28/02/2019 19:00,1.0,0.188345413576681,1.0,0.3680393196078645
28/02/2019 20:00,1.0,0.188345413576681,1.0,0.3680393196078645
28/02/2019 21:00,1.0,0.188345413576681,1.0,0.3680393196078645
28/02/2019 22:00,1.0,0.188345413576681,1.0,0.3680393196078645
28/02/2019 23:00,1.0,0.188345413576681,1.0,0.3680393196078645
01/03/2019 00:00,1.0,0.1894787928290393,1.0,0.4161707859196501
01/03/2019 01:00,1.0,0.1894787928290393,1.0,0.4161707859196501
01/03/2019 02:00,1.0,0.1894787928290393,1.0,0.4161707859196501
01/03/2019 03:00,1.0,0.1894787928290393,1.0,0.4161707859196501
01/03/2019 04:00,1.0,0.1894787928290393,1.0,0.4161707859196501
01/03/2019 05:00,1.0,0.1894787928290393,1.0,0.4161707859196501
01/03/2019 06:00,1.0,0.1894787928290393,1.0,0.4161707859196501
01/03/2019 07:00,1.0,0.1894787928290393,1.0,0.4161707859196501
01/03/2019 08:00,1.0,0.1894787928290393,1.0,0.4161707859196501
01/03/2019 09:00,1.0,0.1894787928290393,1.0,0.4161707859196501
01/03/2019 10:00,1.0,0.1894787928290393,1.0,0.4161707859196501
01/03/2019 11:00,1.0,0.1894787928290393,1.0,0.4161707859196501
01/03/2019 12:00,1.0,0.1894787928290393,1.0,0.4161707859196501
01/03/2019 13:00,1.0,0.1894787928290393,1.0,0.4161707859196501
01/03/2019 14:00,1.0,0.1894787928290393,1.0,0.4161707859196501
01/03/2019 15:00,1.0,0.1894787928290393,1.0,0.4161707859196501
01/03/2019 16:00,1.0,0.1894787928290393,1.0,0.4161707859196501
01/03/2019 17:00,1.0,0.1894787928290393,1.0,0.4161707859196501
01/03/2019 18:00,1.0,0.1894787928290393,1.0,0.4161707859196501
01/03/2019 19:00,1.0,0.1894787928290393,1.0,0.4161707859196501
01/03/2019 20:00,1.0,0.1894787928290393,1.0,0.4161707859196501
01/03/2019 21:00,1.0,0.1894787928290393,1.0,0.4161707859196501
01/03/2019 22:00,1.0,0.1894787928290393,1.0,0.4161707859196501
01/03/2019 23:00,1.0,0.1894787928290393,1.0,0.4161707859196501
02/03/2019 00:00,1.0,0.1894787928290393,1.0,0.4161707859196501
02/03/2019 01:00,1.0,0.1894787928290393,1.0,0.4161707859196501
02/03/2019 02:00,1.0,0.1894787928290393,1.0,0.4161707859196501
02/03/2019 03:00,1.0,0.1894787928290393,1.0,0.4161707859196501
02/03/2019 04:00,1.0,0.1894787928290393,1.0,0.4161707859196501
02/03/2019 05:00,1.0,0.1894787928290393,1.0,0.4161707859196501
02/03/2019 06:00,1.0,0.1894787928290393,1.0,0.4161707859196501
02/03/2019 07:00,1.0,0.1894787928290393,1.0,0.4161707859196501
02/03/2019 08:00,1.0,0.1894787928290393,1.0,0.4161707859196501
02/03/2019 09:00,1.0,0.1894787928290393,1.0,0.4161707859196501
02/03/2019 10:00,1.0,0.1894787928290393,1.0,0.4161707859196501
02/03/2019 11:00,1.0,0.1894787928290393,1.0,0.4161707859196501
02/03/2019 12:00,1.0,0.1894787928290393,1.0,0.4161707859196501
02/03/2019 13:00,1.0,0.1894787928290393,1.0,0.4161707859196501
02/03/2019 14:00,1.0,0.1894787928290393,1.0,0.4161707859196501
02/03/2019 15:00,1.0,0.1894787928290393,1.0,0.4161707859196501
02/03/2019 16:00,1.0,0.1894787928290393,1.0,0.4161707859196501
02/03/2019 17:00,1.0,0.1894787928290393,1.0,0.4161707859196501
02/03/2019 18:00,1.0,0.1894787928290393,1.0,0.4161707859196501
02/03/2019 19:00,1.0,0.1894787928290393,1.0,0.4161707859196501
02/03/2019 20:00,1.0,0.1894787928290393,1.0,0.4161707859196501
02/03/2019 21:00,1.0,0.1894787928290393,1.0,0.4161707859196501
02/03/2019 22:00,1.0,0.1894787928290393,1.0,0.4161707859196501
02/03/2019 23:00,1.0,0.1894787928290393,1.0,0.4161707859196501
03/03/2019 00:00,1.0,0.1894787928290393,1.0,0.4161707859196501
03/03/2019 01:00,1.0,0.1894787928290393,1.0,0.4161707859196501
03/03/2019 02:00,1.0,0.1894787928290393,1.0,0.4161707859196501
03/03/2019 03:00,1.0,0.1894787928290393,1.0,0.4161707859196501
03/03/2019 04:00,1.0,0.1894787928290393,1.0,0.4161707859196501
03/03/2019 05:00,1.0,0.1894787928290393,1.0,0.4161707859196501
03/03/2019 06:00,1.0,0.1894787928290393,1.0,0.4161707859196501
03/03/2019 07:00,1.0,0.1894787928290393,1.0,0.4161707859196501
03/03/2019 08:00,1.0,0.1894787928290393,1.0,0.4161707859196501
03/03/2019 09:00,1.0,0.1894787928290393,1.0,0.4161707859196501
03/03/2019 10:00,1.0,0.1894787928290393,1.0,0.4161707859196501
03/03/2019 11:00,1.0,0.1894787928290393,1.0,0.4161707859196501
03/03/2019 12:00,1.0,0.1894787928290393,1.0,0.4161707859196501
03/03/2019 13:00,1.0,0.1894787928290393,1.0,0.4161707859196501
03/03/2019 14:00,1.0,0.1894787928290393,1.0,0.4161707859196501
03/03/2019 15:00,1.0,0.1894787928290393,1.0,0.4161707859196501
03/03/2019 16:00,1.0,0.1894787928290393,1.0,0.4161707859196501
03/03/2019 17:00,1.0,0.1894787928290393,1.0,0.4161707859196501
03/03/2019 18:00,1.0,0.1894787928290393,1.0,0.4161707859196501
03/03/2019 19:00,1.0,0.1894787928290393,1.0,0.4161707859196501
03/03/2019 20:00,1.0,0.1894787928290393,1.0,0.4161707859196501
03/03/2019 21:00,1.0,0.1894787928290393,1.0,0.4161707859196501
03/03/2019 22:00,1.0,0.1894787928290393,1.0,0.4161707859196501
03/03/2019 23:00,1.0,0.1894787928290393,1.0,0.4161707859196501
04/03/2019 00:00,1.0,0.1894787928290393,1.0,0.4161707859196501
04/03/2019 01:00,1.0,0.1894787928290393,1.0,0.4161707859196501
04/03/2019 02:00,1.0,0.1894787928290393,1.0,0.4161707859196501
04/03/2019 03:00,1.0,0.1894787928290393,1.0,0.4161707859196501
04/03/2019 04:00,1.0,0.1894787928290393,1.0,0.4161707859196501
04/03/2019 05:00,1.0,0.1894787928290393,1.0,0.4161707859196501
04/03/2019 06:00,1.0,0.1894787928290393,1.0,0.4161707859196501
04/03/2019 07:00,1.0,0.1894787928290393,1.0,0.4161707859196501
04/03/2019 08:00,1.0,0.1894787928290393,1.0,0.4161707859196501
04/03/2019 09:00,1.0,0.1894787928290393,1.0,0.4161707859196501
04/03/2019 10:00,1.0,0.1894787928290393,1.0,0.4161707859196501
04/03/2019 11:00,1.0,0.1894787928290393,1.0,0.4161707859196501
04/03/2019 12:00,1.0,0.1894787928290393,1.0,0.4161707859196501
04/03/2019 13:00,1.0,0.1894787928290393,1.0,0.4161707859196501
04/03/2019 14:00,1.0,0.1894787928290393,1.0,0.4161707859196501
04/03/2019 15:00,1.0,0.1894787928290393,1.0,0.4161707859196501
04/03/2019 16:00,1.0,0.1894787928290393,1.0,0.4161707859196501
04/03/2019 17:00,1.0,0.1894787928290393,1.0,0.4161707859196501
04/03/2019 18:00,1.0,0.1894787928290393,1.0,0.4161707859196501
04/03/2019 19:00,1.0,0.1894787928290393,1.0,0.4161707859196501
04/03/2019 20:00,1.0,0.1894787928290393,1.0,0.4161707859196501
04/03/2019 21:00,1.0,0.1894787928290393,1.0,0.4161707859196501
04/03/2019 22:00,1.0,0.1894787928290393,1.0,0.4161707859196501
04/03/2019 23:00,1.0,0.1894787928290393,1.0,0.4161707859196501
05/03/2019 00:00,1.0,0.1894787928290393,1.0,0.4161707859196501
05/03/2019 01:00,1.0,0.1894787928290393,1.0,0.4161707859196501
05/03/2019 02:00,1.0,0.1894787928290393,1.0,0.4161707859196501
05/03/2019 03:00,1.0,0.1894787928290393,1.0,0.4161707859196501
05/03/2019 04:00,1.0,0.1894787928290393,1.0,0.4161707859196501
05/03/2019 05:00,1.0,0.1894787928290393,1.0,0.4161707859196501
05/03/2019 06:00,1.0,0.1894787928290393,1.0,0.4161707859196501
05/03/2019 07:00,1.0,0.1894787928290393,1.0,0.4161707859196501
05/03/2019 08:00,1.0,0.1894787928290393,1.0,0.4161707859196501
05/03/2019 09:00,1.0,0.1894787928290393,1.0,0.4161707859196501
05/03/2019 10:00,1.0,0.1894787928290393,1.0,0.4161707859196501
05/03/2019 11:00,1.0,0.1894787928290393,1.0,0.4161707859196501
05/03/2019 12:00,1.0,0.1894787928290393,1.0,0.4161707859196501
05/03/2019 13:00,1.0,0.1894787928290393,1.0,0.4161707859196501
05/03/2019 14:00,1.0,0.1894787928290393,1.0,0.4161707859196501
05/03/2019 15:00,1.0,0.1894787928290393,1.0,0.4161707859196501
05/03/2019 16:00,1.0,0.1894787928290393,1.0,0.4161707859196501
05/03/2019 17:00,1.0,0.1894787928290393,1.0,0.4161707859196501
05/03/2019 18:00,1.0,0.1894787928290393,1.0,0.4161707859196501
05/03/2019 19:00,1.0,0.1894787928290393,1.0,0.4161707859196501
05/03/2019 20:00,1.0,0.1894787928290393,1.0,0.4161707859196501
05/03/2019 21:00,1.0,0.1894787928290393,1.0,0.4161707859196501
05/03/2019 22:00,1.0,0.1894787928290393,1.0,0.4161707859196501
05/03/2019 23:00,1.0,0.1894787928290393,1.0,0.4161707859196501
06/03/2019 00:00,1.0,0.1894787928290393,1.0,0.4161707859196501
06/03/2019 01:00,1.0,0.1894787928290393,1.0,0.4161707859196501
06/03/2019 02:00,1.0,0.1894787928290393,1.0,0.4161707859196501
06/03/2019 03:00,1.0,0.1894787928290393,1.0,0.4161707859196501
06/03/2019 04:00,1.0,0.1894787928290393,1.0,0.4161707859196501
06/03/2019 05:00,1.0,0.1894787928290393,1.0,0.4161707859196501
06/03/2019 06:00,1.0,0.1894787928290393,1.0,0.4161707859196501
06/03/2019 07:00,1.0,0.1894787928290393,1.0,0.4161707859196501
06/03/2019 08:00,1.0,0.1894787928290393,1.0,0.4161707859196501
06/03/2019 09:00,1.0,0.1894787928290393,1.0,0.4161707859196501
06/03/2019 10:00,1.0,0.1894787928290393,1.0,0.4161707859196501
06/03/2019 11:00,1.0,0.1894787928290393,1.0,0.4161707859196501
06/03/2019 12:00,1.0,0.1894787928290393,1.0,0.4161707859196501
06/03/2019 13:00,1.0,0.1894787928290393,1.0,0.4161707859196501
06/03/2019 14:00,1.0,0.1894787928290393,1.0,0.4161707859196501
06/03/2019 15:00,1.0,0.1894787928290393,1.0,0.4161707859196501
06/03/2019 16:00,1.0,0.1894787928290393,1.0,0.4161707859196501
06/03/2019 17:00,1.0,0.1894787928290393,1.0,0.4161707859196501
06/03/2019 18:00,1.0,0.1894787928290393,1.0,0.4161707859196501
06/03/2019 19:00,1.0,0.1894787928290393,1.0,0.4161707859196501
06/03/2019 20:00,1.0,0.1894787928290393,1.0,0.4161707859196501
06/03/2019 21:00,1.0,0.1894787928290393,1.0,0.4161707859196501
06/03/2019 22:00,1.0,0.1894787928290393,1.0,0.4161707859196501
06/03/2019 23:00,1.0,0.1894787928290393,1.0,0.4161707859196501
07/03/2019 00:00,1.0,0.1894787928290393,1.0,0.4161707859196501
07/03/2019 01:00,1.0,0.1894787928290393,1.0,0.4161707859196501
07/03/2019 02:00,1.0,0.1894787928290393,1.0,0.4161707859196501
07/03/2019 03:00,1.0,0.1894787928290393,1.0,0.4161707859196501
07/03/2019 04:00,1.0,0.1894787928290393,1.0,0.4161707859196501
07/03/2019 05:00,1.0,0.1894787928290393,1.0,0.4161707859196501
07/03/2019 06:00,1.0,0.1894787928290393,1.0,0.4161707859196501
07/03/2019 07:00,1.0,0.1894787928290393,1.0,0.4161707859196501
07/03/2019 08:00,1.0,0.1894787928290393,1.0,0.4161707859196501
07/03/2019 09:00,1.0,0.1894787928290393,1.0,0.4161707859196501
07/03/2019 10:00,1.0,0.1894787928290393,1.0,0.4161707859196501
07/03/2019 11:00,1.0,0.1894787928290393,1.0,0.4161707859196501
07/03/2019 12:00,1.0,0.1894787928290393,1.0,0.4161707859196501
07/03/2019 13:00,1.0,0.1894787928290393,1.0,0.4161707859196501
07/03/2019 14:00,1.0,0.1894787928290393,1.0,0.4161707859196501
07/03/2019 15:00,1.0,0.1894787928290393,1.0,0.4161707859196501
07/03/2019 16:00,1.0,0.1894787928290393,1.0,0.4161707859196501
07/03/2019 17:00,1.0,0.1894787928290393,1.0,0.4161707859196501
07/03/2019 18:00,1.0,0.1894787928290393,1.0,0.4161707859196501
07/03/2019 19:00,1.0,0.1894787928290393,1.0,0.4161707859196501
07/03/2019 20:00,1.0,0.1894787928290393,1.0,0.4161707859196501
07/03/2019 21:00,1.0,0.1894787928290393,1.0,0.4161707859196501
07/03/2019 22:00,1.0,0.1894787928290393,1.0,0.4161707859196501
07/03/2019 23:00,1.0,0.1894787928290393,1.0,0.4161707859196501
08/03/2019 00:00,1.0,0.1894787928290393,1.0,0.4161707859196501
08/03/2019 01:00,1.0,0.1894787928290393,1.0,0.4161707859196501
08/03/2019 02:00,1.0,0.1894787928290393,1.0,0.4161707859196501
08/03/2019 03:00,1.0,0.1894787928290393,1.0,0.4161707859196501
08/03/2019 04:00,1.0,0.1894787928290393,1.0,0.4161707859196501
08/03/2019 05:00,1.0,0.1894787928290393,1.0,0.4161707859196501
08/03/2019 06:00,1.0,0.1894787928290393,1.0,0.4161707859196501
08/03/2019 07:00,1.0,0.1894787928290393,1.0,0.4161707859196501
08/03/2019 08:00,1.0,0.1894787928290393,1.0,0.4161707859196501
08/03/2019 09:00,1.0,0.1894787928290393,1.0,0.4161707859196501
08/03/2019 10:00,1.0,0.1894787928290393,1.0,0.4161707859196501
08/03/2019 11:00,1.0,0.1894787928290393,1.0,0.4161707859196501
08/03/2019 12:00,1.0,0.1894787928290393,1.0,0.4161707859196501
08/03/2019 13:00,1.0,0.1894787928290393,1.0,0.4161707859196501
08/03/2019 14:00,1.0,0.1894787928290393,1.0,0.4161707859196501
08/03/2019 15:00,1.0,0.1894787928290393,1.0,0.4161707859196501
08/03/2019 16:00,1.0,0.1894787928290393,1.0,0.4161707859196501
08/03/2019 17:00,1.0,0.1894787928290393,1.0,0.4161707859196501
08/03/2019 18:00,1.0,0.1894787928290393,1.0,0.4161707859196501
08/03/2019 19:00,1.0,0.1894787928290393,1.0,0.4161707859196501
08/03/2019 20:00,1.0,0.1894787928290393,1.0,0.4161707859196501
08/03/2019 21:00,1.0,0.1894787928290393,1.0,0.4161707859196501
08/03/2019 22:00,1.0,0.1894787928290393,1.0,0.4161707859196501
08/03/2019 23:00,1.0,0.1894787928290393,1.0,0.4161707859196501
09/03/2019 00:00,1.0,0.1894787928290393,1.0,0.4161707859196501
09/03/2019 01:00,1.0,0.1894787928290393,1.0,0.4161707859196501
09/03/2019 02:00,1.0,0.1894787928290393,1.0,0.4161707859196501
09/03/2019 03:00,1.0,0.1894787928290393,1.0,0.4161707859196501
09/03/2019 04:00,1.0,0.1894787928290393,1.0,0.4161707859196501
09/03/2019 05:00,1.0,0.1894787928290393,1.0,0.4161707859196501
09/03/2019 06:00,1.0,0.1894787928290393,1.0,0.4161707859196501
09/03/2019 07:00,1.0,0.1894787928290393,1.0,0.4161707859196501
09/03/2019 08:00,1.0,0.1894787928290393,1.0,0.4161707859196501
09/03/2019 09:00,1.0,0.1894787928290393,1.0,0.4161707859196501
09/03/2019 10:00,1.0,0.1894787928290393,1.0,0.4161707859196501
09/03/2019 11:00,1.0,0.1894787928290393,1.0,0.4161707859196501
09/03/2019 12:00,1.0,0.1894787928290393,1.0,0.4161707859196501
09/03/2019 13:00,1.0,0.1894787928290393,1.0,0.4161707859196501
09/03/2019 14:00,1.0,0.1894787928290393,1.0,0.4161707859196501
09/03/2019 15:00,1.0,0.1894787928290393,1.0,0.4161707859196501
09/03/2019 16:00,1.0,0.1894787928290393,1.0,0.4161707859196501
09/03/2019 17:00,1.0,0.1894787928290393,1.0,0.4161707859196501
09/03/2019 18:00,1.0,0.1894787928290393,1.0,0.4161707859196501
09/03/2019 19:00,1.0,0.1894787928290393,1.0,0.4161707859196501
09/03/2019 20:00,1.0,0.1894787928290393,1.0,0.4161707859196501
09/03/2019 21:00,1.0,0.1894787928290393,1.0,0.4161707859196501
09/03/2019 22:00,1.0,0.1894787928290393,1.0,0.4161707859196501
09/03/2019 23:00,1.0,0.1894787928290393,1.0,0.4161707859196501
10/03/2019 00:00,1.0,0.1894787928290393,1.0,0.4161707859196501
10/03/2019 01:00,1.0,0.1894787928290393,1.0,0.4161707859196501
10/03/2019 02:00,1.0,0.1894787928290393,1.0,0.4161707859196501
10/03/2019 03:00,1.0,0.1894787928290393,1.0,0.4161707859196501
10/03/2019 04:00,1.0,0.1894787928290393,1.0,0.4161707859196501
10/03/2019 05:00,1.0,0.1894787928290393,1.0,0.4161707859196501
10/03/2019 06:00,1.0,0.1894787928290393,1.0,0.4161707859196501
10/03/2019 07:00,1.0,0.1894787928290393,1.0,0.4161707859196501
10/03/2019 08:00,1.0,0.1894787928290393,1.0,0.4161707859196501
10/03/2019 09:00,1.0,0.1894787928290393,1.0,0.4161707859196501
10/03/2019 10:00,1.0,0.1894787928290393,1.0,0.4161707859196501
10/03/2019 11:00,1.0,0.1894787928290393,1.0,0.4161707859196501
10/03/2019 12:00,1.0,0.1894787928290393,1.0,0.4161707859196501
10/03/2019 13:00,1.0,0.1894787928290393,1.0,0.4161707859196501
10/03/2019 14:00,1.0,0.1894787928290393,1.0,0.4161707859196501
10/03/2019 15:00,1.0,0.1894787928290393,1.0,0.4161707859196501
10/03/2019 16:00,1.0,0.1894787928290393,1.0,0.4161707859196501
10/03/2019 17:00,1.0,0.1894787928290393,1.0,0.4161707859196501
10/03/2019 18:00,1.0,0.1894787928290393,1.0,0.4161707859196501
10/03/2019 19:00,1.0,0.1894787928290393,1.0,0.4161707859196501
10/03/2019 20:00,1.0,0.1894787928290393,1.0,0.4161707859196501
10/03/2019 21:00,1.0,0.1894787928290393,1.0,0.4161707859196501
10/03/2019 22:00,1.0,0.1894787928290393,1.0,0.4161707859196501
10/03/2019 23:00,1.0,0.1894787928290393,1.0,0.4161707859196501
11/03/2019 00:00,1.0,0.1894787928290393,1.0,0.4161707859196501
11/03/2019 01:00,1.0,0.1894787928290393,1.0,0.4161707859196501
11/03/2019 02:00,1.0,0.1894787928290393,1.0,0.4161707859196501
11/03/2019 03:00,1.0,0.1894787928290393,1.0,0.4161707859196501
11/03/2019 04:00,1.0,0.1894787928290393,1.0,0.4161707859196501
11/03/2019 05:00,1.0,0.1894787928290393,1.0,0.4161707859196501
11/03/2019 06:00,1.0,0.1894787928290393,1.0,0.4161707859196501
11/03/2019 07:00,1.0,0.1894787928290393,1.0,0.4161707859196501
11/03/2019 08:00,1.0,0.1894787928290393,1.0,0.4161707859196501
11/03/2019 09:00,1.0,0.1894787928290393,1.0,0.4161707859196501
11/03/2019 10:00,1.0,0.1894787928290393,1.0,0.4161707859196501
11/03/2019 11:00,1.0,0.1894787928290393,1.0,0.4161707859196501
11/03/2019 12:00,1.0,0.1894787928290393,1.0,0.4161707859196501
11/03/2019 13:00,1.0,0.1894787928290393,1.0,0.4161707859196501
11/03/2019 14:00,1.0,0.1894787928290393,1.0,0.4161707859196501
11/03/2019 15:00,1.0,0.1894787928290393,1.0,0.4161707859196501
11/03/2019 16:00,1.0,0.1894787928290393,1.0,0.4161707859196501
11/03/2019 17:00,1.0,0.1894787928290393,1.0,0.4161707859196501
11/03/2019 18:00,1.0,0.1894787928290393,1.0,0.4161707859196501
11/03/2019 19:00,1.0,0.1894787928290393,1.0,0.4161707859196501
11/03/2019 20:00,1.0,0.1894787928290393,1.0,0.4161707859196501
11/03/2019 21:00,1.0,0.1894787928290393,1.0,0.4161707859196501
11/03/2019 22:00,1.0,0.1894787928290393,1.0,0.4161707859196501
11/03/2019 23:00,1.0,0.1894787928290393,1.0,0.4161707859196501
12/03/2019 00:00,1.0,0.1894787928290393,1.0,0.4161707859196501
12/03/2019 01:00,1.0,0.1894787928290393,1.0,0.4161707859196501
12/03/2019 02:00,1.0,0.1894787928290393,1.0,0.4161707859196501
12/03/2019 03:00,1.0,0.1894787928290393,1.0,0.4161707859196501
12/03/2019 04:00,1.0,0.1894787928290393,1.0,0.4161707859196501
12/03/2019 05:00,1.0,0.1894787928290393,1.0,0.4161707859196501
12/03/2019 06:00,1.0,0.1894787928290393,1.0,0.4161707859196501
12/03/2019 07:00,1.0,0.1894787928290393,1.0,0.4161707859196501
12/03/2019 08:00,1.0,0.1894787928290393,1.0,0.4161707859196501
12/03/2019 09:00,1.0,0.1894787928290393,1.0,0.4161707859196501
12/03/2019 10:00,1.0,0.1894787928290393,1.0,0.4161707859196501
12/03/2019 11:00,1.0,0.1894787928290393,1.0,0.4161707859196501
12/03/2019 12:00,1.0,0.1894787928290393,1.0,0.4161707859196501
12/03/2019 13:00,1.0,0.1894787928290393,1.0,0.4161707859196501
12/03/2019 14:00,1.0,0.1894787928290393,1.0,0.4161707859196501
12/03/2019 15:00,1.0,0.1894787928290393,1.0,0.4161707859196501
12/03/2019 16:00,1.0,0.1894787928290393,1.0,0.4161707859196501
12/03/2019 17:00,1.0,0.1894787928290393,1.0,0.4161707859196501
12/03/2019 18:00,1.0,0.1894787928290393,1.0,0.4161707859196501
12/03/2019 19:00,1.0,0.1894787928290393,1.0,0.4161707859196501
12/03/2019 20:00,1.0,0.1894787928290393,1.0,0.4161707859196501
12/03/2019 21:00,1.0,0.1894787928290393,1.0,0.4161707859196501
12/03/2019 22:00,1.0,0.1894787928290393,1.0,0.4161707859196501
12/03/2019 23:00,1.0,0.1894787928290393,1.0,0.4161707859196501
13/03/2019 00:00,1.0,0.1894787928290393,1.0,0.4161707859196501
13/03/2019 01:00,1.0,0.1894787928290393,1.0,0.4161707859196501
13/03/2019 02:00,1.0,0.1894787928290393,1.0,0.4161707859196501
13/03/2019 03:00,1.0,0.1894787928290393,1.0,0.4161707859196501
13/03/2019 04:00,1.0,0.1894787928290393,1.0,0.4161707859196501
13/03/2019 05:00,1.0,0.1894787928290393,1.0,0.4161707859196501
13/03/2019 06:00,1.0,0.1894787928290393,1.0,0.4161707859196501
13/03/2019 07:00,1.0,0.1894787928290393,1.0,0.4161707859196501
13/03/2019 08:00,1.0,0.1894787928290393,1.0,0.4161707859196501
13/03/2019 09:00,1.0,0.1894787928290393,1.0,0.4161707859196501
13/03/2019 10:00,1.0,0.1894787928290393,1.0,0.4161707859196501
13/03/2019 11:00,1.0,0.1894787928290393,1.0,0.4161707859196501
13/03/2019 12:00,1.0,0.1894787928290393,1.0,0.4161707859196501
13/03/2019 13:00,1.0,0.1894787928290393,1.0,0.4161707859196501
13/03/2019 14:00,1.0,0.1894787928290393,1.0,0.4161707859196501
13/03/2019 15:00,1.0,0.1894787928290393,1.0,0.4161707859196501
13/03/2019 16:00,1.0,0.1894787928290393,1.0,0.4161707859196501
13/03/2019 17:00,1.0,0.1894787928290393,1.0,0.4161707859196501
13/03/2019 18:00,1.0,0.1894787928290393,1.0,0.4161707859196501
13/03/2019 19:00,1.0,0.1894787928290393,1.0,0.4161707859196501
13/03/2019 20:00,1.0,0.1894787928290393,1.0,0.4161707859196501
13/03/2019 21:00,1.0,0.1894787928290393,1.0,0.4161707859196501
13/03/2019 22:00,1.0,0.1894787928290393,1.0,0.4161707859196501
13/03/2019 23:00,1.0,0.1894787928290393,1.0,0.4161707859196501
14/03/2019 00:00,1.0,0.1894787928290393,1.0,0.4161707859196501
14/03/2019 01:00,1.0,0.1894787928290393,1.0,0.4161707859196501
14/03/2019 02:00,1.0,0.1894787928290393,1.0,0.4161707859196501
14/03/2019 03:00,1.0,0.1894787928290393,1.0,0.4161707859196501
14/03/2019 04:00,1.0,0.1894787928290393,1.0,0.4161707859196501
14/03/2019 05:00,1.0,0.1894787928290393,1.0,0.4161707859196501
14/03/2019 06:00,1.0,0.1894787928290393,1.0,0.4161707859196501
14/03/2019 07:00,1.0,0.1894787928290393,1.0,0.4161707859196501
14/03/2019 08:00,1.0,0.1894787928290393,1.0,0.4161707859196501
14/03/2019 09:00,1.0,0.1894787928290393,1.0,0.4161707859196501
14/03/2019 10:00,1.0,0.1894787928290393,1.0,0.4161707859196501
14/03/2019 11:00,1.0,0.1894787928290393,1.0,0.4161707859196501
14/03/2019 12:00,1.0,0.1894787928290393,1.0,0.4161707859196501
14/03/2019 13:00,1.0,0.1894787928290393,1.0,0.4161707859196501
14/03/2019 14:00,1.0,0.1894787928290393,1.0,0.4161707859196501
14/03/2019 15:00,1.0,0.1894787928290393,1.0,0.4161707859196501
14/03/2019 16:00,1.0,0.1894787928290393,1.0,0.4161707859196501
14/03/2019 17:00,1.0,0.1894787928290393,1.0,0.4161707859196501
14/03/2019 18:00,1.0,0.1894787928290393,1.0,0.4161707859196501
14/03/2019 19:00,1.0,0.1894787928290393,1.0,0.4161707859196501
14/03/2019 20:00,1.0,0.1894787928290393,1.0,0.4161707859196501
14/03/2019 21:00,1.0,0.1894787928290393,1.0,0.4161707859196501
14/03/2019 22:00,1.0,0.1894787928290393,1.0,0.4161707859196501
14/03/2019 23:00,1.0,0.1894787928290393,1.0,0.4161707859196501
15/03/2019 00:00,1.0,0.1894787928290393,1.0,0.4161707859196501
15/03/2019 01:00,1.0,0.1894787928290393,1.0,0.4161707859196501
15/03/2019 02:00,1.0,0.1894787928290393,1.0,0.4161707859196501
15/03/2019 03:00,1.0,0.1894787928290393,1.0,0.4161707859196501
15/03/2019 04:00,1.0,0.1894787928290393,1.0,0.4161707859196501
15/03/2019 05:00,1.0,0.1894787928290393,1.0,0.4161707859196501
15/03/2019 06:00,1.0,0.1894787928290393,1.0,0.4161707859196501
15/03/2019 07:00,1.0,0.1894787928290393,1.0,0.4161707859196501
15/03/2019 08:00,1.0,0.1894787928290393,1.0,0.4161707859196501
15/03/2019 09:00,1.0,0.1894787928290393,1.0,0.4161707859196501
15/03/2019 10:00,1.0,0.1894787928290393,1.0,0.4161707859196501
15/03/2019 11:00,1.0,0.1894787928290393,1.0,0.4161707859196501
15/03/2019 12:00,1.0,0.1894787928290393,1.0,0.4161707859196501
15/03/2019 13:00,1.0,0.1894787928290393,1.0,0.4161707859196501
15/03/2019 14:00,1.0,0.1894787928290393,1.0,0.4161707859196501
15/03/2019 15:00,1.0,0.1894787928290393,1.0,0.4161707859196501
15/03/2019 16:00,1.0,0.1894787928290393,1.0,0.4161707859196501
15/03/2019 17:00,1.0,0.1894787928290393,1.0,0.4161707859196501
15/03/2019 18:00,1.0,0.1894787928290393,1.0,0.4161707859196501
15/03/2019 19:00,1.0,0.1894787928290393,1.0,0.4161707859196501
15/03/2019 20:00,1.0,0.1894787928290393,1.0,0.4161707859196501
15/03/2019 21:00,1.0,0.1894787928290393,1.0,0.4161707859196501
15/03/2019 22:00,1.0,0.1894787928290393,1.0,0.4161707859196501
15/03/2019 23:00,1.0,0.1894787928290393,1.0,0.4161707859196501
16/03/2019 00:00,1.0,0.1894787928290393,1.0,0.4161707859196501
16/03/2019 01:00,1.0,0.1894787928290393,1.0,0.4161707859196501
16/03/2019 02:00,1.0,0.1894787928290393,1.0,0.4161707859196501
16/03/2019 03:00,1.0,0.1894787928290393,1.0,0.4161707859196501
16/03/2019 04:00,1.0,0.1894787928290393,1.0,0.4161707859196501
16/03/2019 05:00,1.0,0.1894787928290393,1.0,0.4161707859196501
16/03/2019 06:00,1.0,0.1894787928290393,1.0,0.4161707859196501
16/03/2019 07:00,1.0,0.1894787928290393,1.0,0.4161707859196501
16/03/2019 08:00,1.0,0.1894787928290393,1.0,0.4161707859196501
16/03/2019 09:00,1.0,0.1894787928290393,1.0,0.4161707859196501
16/03/2019 10:00,1.0,0.1894787928290393,1.0,0.4161707859196501
16/03/2019 11:00,1.0,0.1894787928290393,1.0,0.4161707859196501
16/03/2019 12:00,1.0,0.1894787928290393,1.0,0.4161707859196501
16/03/2019 13:00,1.0,0.1894787928290393,1.0,0.4161707859196501
16/03/2019 14:00,1.0,0.1894787928290393,1.0,0.4161707859196501
16/03/2019 15:00,1.0,0.1894787928290393,1.0,0.4161707859196501
16/03/2019 16:00,1.0,0.1894787928290393,1.0,0.4161707859196501
16/03/2019 17:00,1.0,0.1894787928290393,1.0,0.4161707859196501
16/03/2019 18:00,1.0,0.1894787928290393,1.0,0.4161707859196501
16/03/2019 19:00,1.0,0.1894787928290393,1.0,0.4161707859196501
16/03/2019 20:00,1.0,0.1894787928290393,1.0,0.4161707859196501
16/03/2019 21:00,1.0,0.1894787928290393,1.0,0.4161707859196501
16/03/2019 22:00,1.0,0.1894787928290393,1.0,0.4161707859196501
16/03/2019 23:00,1.0,0.1894787928290393,1.0,0.4161707859196501
17/03/2019 00:00,1.0,0.1894787928290393,1.0,0.4161707859196501
17/03/2019 01:00,1.0,0.1894787928290393,1.0,0.4161707859196501
17/03/2019 02:00,1.0,0.1894787928290393,1.0,0.4161707859196501
17/03/2019 03:00,1.0,0.1894787928290393,1.0,0.4161707859196501
17/03/2019 04:00,1.0,0.1894787928290393,1.0,0.4161707859196501
17/03/2019 05:00,1.0,0.1894787928290393,1.0,0.4161707859196501
17/03/2019 06:00,1.0,0.1894787928290393,1.0,0.4161707859196501
17/03/2019 07:00,1.0,0.1894787928290393,1.0,0.4161707859196501
17/03/2019 08:00,1.0,0.1894787928290393,1.0,0.4161707859196501
17/03/2019 09:00,1.0,0.1894787928290393,1.0,0.4161707859196501
17/03/2019 10:00,1.0,0.1894787928290393,1.0,0.4161707859196501
17/03/2019 11:00,1.0,0.1894787928290393,1.0,0.4161707859196501
17/03/2019 12:00,1.0,0.1894787928290393,1.0,0.4161707859196501
17/03/2019 13:00,1.0,0.1894787928290393,1.0,0.4161707859196501
17/03/2019 14:00,1.0,0.1894787928290393,1.0,0.4161707859196501
17/03/2019 15:00,1.0,0.1894787928290393,1.0,0.4161707859196501
17/03/2019 16:00,1.0,0.1894787928290393,1.0,0.4161707859196501
17/03/2019 17:00,1.0,0.1894787928290393,1.0,0.4161707859196501
17/03/2019 18:00,1.0,0.1894787928290393,1.0,0.4161707859196501
17/03/2019 19:00,1.0,0.1894787928290393,1.0,0.4161707859196501
17/03/2019 20:00,1.0,0.1894787928290393,1.0,0.4161707859196501
17/03/2019 21:00,1.0,0.1894787928290393,1.0,0.4161707859196501
17/03/2019 22:00,1.0,0.1894787928290393,1.0,0.4161707859196501
17/03/2019 23:00,1.0,0.1894787928290393,1.0,0.4161707859196501
18/03/2019 00:00,1.0,0.1894787928290393,1.0,0.4161707859196501
18/03/2019 01:00,1.0,0.1894787928290393,1.0,0.4161707859196501
18/03/2019 02:00,1.0,0.1894787928290393,1.0,0.4161707859196501
18/03/2019 03:00,1.0,0.1894787928290393,1.0,0.4161707859196501
18/03/2019 04:00,1.0,0.1894787928290393,1.0,0.4161707859196501
18/03/2019 05:00,1.0,0.1894787928290393,1.0,0.4161707859196501
18/03/2019 06:00,1.0,0.1894787928290393,1.0,0.4161707859196501
18/03/2019 07:00,1.0,0.1894787928290393,1.0,0.4161707859196501
18/03/2019 08:00,1.0,0.1894787928290393,1.0,0.4161707859196501
18/03/2019 09:00,1.0,0.1894787928290393,1.0,0.4161707859196501
18/03/2019 10:00,1.0,0.1894787928290393,1.0,0.4161707859196501
18/03/2019 11:00,1.0,0.1894787928290393,1.0,0.4161707859196501
18/03/2019 12:00,1.0,0.1894787928290393,1.0,0.4161707859196501
18/03/2019 13:00,1.0,0.1894787928290393,1.0,0.4161707859196501
18/03/2019 14:00,1.0,0.1894787928290393,1.0,0.4161707859196501
18/03/2019 15:00,1.0,0.1894787928290393,1.0,0.4161707859196501
18/03/2019 16:00,1.0,0.1894787928290393,1.0,0.4161707859196501
18/03/2019 17:00,1.0,0.1894787928290393,1.0,0.4161707859196501
18/03/2019 18:00,1.0,0.1894787928290393,1.0,0.4161707859196501
18/03/2019 19:00,1.0,0.1894787928290393,1.0,0.4161707859196501
18/03/2019 20:00,1.0,0.1894787928290393,1.0,0.4161707859196501
18/03/2019 21:00,1.0,0.1894787928290393,1.0,0.4161707859196501
18/03/2019 22:00,1.0,0.1894787928290393,1.0,0.4161707859196501
18/03/2019 23:00,1.0,0.1894787928290393,1.0,0.4161707859196501
19/03/2019 00:00,1.0,0.1894787928290393,1.0,0.4161707859196501
19/03/2019 01:00,1.0,0.1894787928290393,1.0,0.4161707859196501
19/03/2019 02:00,1.0,0.1894787928290393,1.0,0.4161707859196501
19/03/2019 03:00,1.0,0.1894787928290393,1.0,0.4161707859196501
19/03/2019 04:00,1.0,0.1894787928290393,1.0,0.4161707859196501
19/03/2019 05:00,1.0,0.1894787928290393,1.0,0.4161707859196501
19/03/2019 06:00,1.0,0.1894787928290393,1.0,0.4161707859196501
19/03/2019 07:00,1.0,0.1894787928290393,1.0,0.4161707859196501
19/03/2019 08:00,1.0,0.1894787928290393,1.0,0.4161707859196501
19/03/2019 09:00,1.0,0.1894787928290393,1.0,0.4161707859196501
19/03/2019 10:00,1.0,0.1894787928290393,1.0,0.4161707859196501
19/03/2019 11:00,1.0,0.1894787928290393,1.0,0.4161707859196501
19/03/2019 12:00,1.0,0.1894787928290393,1.0,0.4161707859196501
19/03/2019 13:00,1.0,0.1894787928290393,1.0,0.4161707859196501
19/03/2019 14:00,1.0,0.1894787928290393,1.0,0.4161707859196501
19/03/2019 15:00,1.0,0.1894787928290393,1.0,0.4161707859196501
19/03/2019 16:00,1.0,0.1894787928290393,1.0,0.4161707859196501
19/03/2019 17:00,1.0,0.1894787928290393,1.0,0.4161707859196501
19/03/2019 18:00,1.0,0.1894787928290393,1.0,0.4161707859196501
19/03/2019 19:00,1.0,0.1894787928290393,1.0,0.4161707859196501
19/03/2019 20:00,1.0,0.1894787928290393,1.0,0.4161707859196501
19/03/2019 21:00,1.0,0.1894787928290393,1.0,0.4161707859196501
19/03/2019 22:00,1.0,0.1894787928290393,1.0,0.4161707859196501
19/03/2019 23:00,1.0,0.1894787928290393,1.0,0.4161707859196501
20/03/2019 00:00,1.0,0.1894787928290393,1.0,0.4161707859196501
20/03/2019 01:00,1.0,0.1894787928290393,1.0,0.4161707859196501
20/03/2019 02:00,1.0,0.1894787928290393,1.0,0.4161707859196501
20/03/2019 03:00,1.0,0.1894787928290393,1.0,0.4161707859196501
20/03/2019 04:00,1.0,0.1894787928290393,1.0,0.4161707859196501
20/03/2019 05:00,1.0,0.1894787928290393,1.0,0.4161707859196501
20/03/2019 06:00,1.0,0.1894787928290393,1.0,0.4161707859196501
20/03/2019 07:00,1.0,0.1894787928290393,1.0,0.4161707859196501
20/03/2019 08:00,1.0,0.1894787928290393,1.0,0.4161707859196501
20/03/2019 09:00,1.0,0.1894787928290393,1.0,0.4161707859196501
20/03/2019 10:00,1.0,0.1894787928290393,1.0,0.4161707859196501
20/03/2019 11:00,1.0,0.1894787928290393,1.0,0.4161707859196501
20/03/2019 12:00,1.0,0.1894787928290393,1.0,0.4161707859196501
20/03/2019 13:00,1.0,0.1894787928290393,1.0,0.4161707859196501
20/03/2019 14:00,1.0,0.1894787928290393,1.0,0.4161707859196501
20/03/2019 15:00,1.0,0.1894787928290393,1.0,0.4161707859196501
20/03/2019 16:00,1.0,0.1894787928290393,1.0,0.4161707859196501
20/03/2019 17:00,1.0,0.1894787928290393,1.0,0.4161707859196501
20/03/2019 18:00,1.0,0.1894787928290393,1.0,0.4161707859196501
20/03/2019 19:00,1.0,0.1894787928290393,1.0,0.4161707859196501
20/03/2019 20:00,1.0,0.1894787928290393,1.0,0.4161707859196501
20/03/2019 21:00,1.0,0.1894787928290393,1.0,0.4161707859196501
20/03/2019 22:00,1.0,0.1894787928290393,1.0,0.4161707859196501
20/03/2019 23:00,1.0,0.1894787928290393,1.0,0.4161707859196501
21/03/2019 00:00,1.0,0.1894787928290393,1.0,0.4161707859196501
21/03/2019 01:00,1.0,0.1894787928290393,1.0,0.4161707859196501
21/03/2019 02:00,1.0,0.1894787928290393,1.0,0.4161707859196501
21/03/2019 03:00,1.0,0.1894787928290393,1.0,0.4161707859196501
21/03/2019 04:00,1.0,0.1894787928290393,1.0,0.4161707859196501
21/03/2019 05:00,1.0,0.1894787928290393,1.0,0.4161707859196501
21/03/2019 06:00,1.0,0.1894787928290393,1.0,0.4161707859196501
21/03/2019 07:00,1.0,0.1894787928290393,1.0,0.4161707859196501
21/03/2019 08:00,1.0,0.1894787928290393,1.0,0.4161707859196501
21/03/2019 09:00,1.0,0.1894787928290393,1.0,0.4161707859196501
21/03/2019 10:00,1.0,0.1894787928290393,1.0,0.4161707859196501
21/03/2019 11:00,1.0,0.1894787928290393,1.0,0.4161707859196501
21/03/2019 12:00,1.0,0.1894787928290393,1.0,0.4161707859196501
21/03/2019 13:00,1.0,0.1894787928290393,1.0,0.4161707859196501
21/03/2019 14:00,1.0,0.1894787928290393,1.0,0.4161707859196501
21/03/2019 15:00,1.0,0.1894787928290393,1.0,0.4161707859196501
21/03/2019 16:00,1.0,0.1894787928290393,1.0,0.4161707859196501
21/03/2019 17:00,1.0,0.1894787928290393,1.0,0.4161707859196501
21/03/2019 18:00,1.0,0.1894787928290393,1.0,0.4161707859196501
21/03/2019 19:00,1.0,0.1894787928290393,1.0,0.4161707859196501
21/03/2019 20:00,1.0,0.1894787928290393,1.0,0.4161707859196501
21/03/2019 21:00,1.0,0.1894787928290393,1.0,0.4161707859196501
21/03/2019 22:00,1.0,0.1894787928290393,1.0,0.4161707859196501
21/03/2019 23:00,1.0,0.1894787928290393,1.0,0.4161707859196501
22/03/2019 00:00,1.0,0.1894787928290393,1.0,0.4161707859196501
22/03/2019 01:00,1.0,0.1894787928290393,1.0,0.4161707859196501
22/03/2019 02:00,1.0,0.1894787928290393,1.0,0.4161707859196501
22/03/2019 03:00,1.0,0.1894787928290393,1.0,0.4161707859196501
22/03/2019 04:00,1.0,0.1894787928290393,1.0,0.4161707859196501
22/03/2019 05:00,1.0,0.1894787928290393,1.0,0.4161707859196501
22/03/2019 06:00,1.0,0.1894787928290393,1.0,0.4161707859196501
22/03/2019 07:00,1.0,0.1894787928290393,1.0,0.4161707859196501
22/03/2019 08:00,1.0,0.1894787928290393,1.0,0.4161707859196501
22/03/2019 09:00,1.0,0.1894787928290393,1.0,0.4161707859196501
22/03/2019 10:00,1.0,0.1894787928290393,1.0,0.4161707859196501
22/03/2019 11:00,1.0,0.1894787928290393,1.0,0.4161707859196501
22/03/2019 12:00,1.0,0.1894787928290393,1.0,0.4161707859196501
22/03/2019 13:00,1.0,0.1894787928290393,1.0,0.4161707859196501
22/03/2019 14:00,1.0,0.1894787928290393,1.0,0.4161707859196501
22/03/2019 15:00,1.0,0.1894787928290393,1.0,0.4161707859196501
22/03/2019 16:00,1.0,0.1894787928290393,1.0,0.4161707859196501
22/03/2019 17:00,1.0,0.1894787928290393,1.0,0.4161707859196501
22/03/2019 18:00,1.0,0.1894787928290393,1.0,0.4161707859196501
22/03/2019 19:00,1.0,0.1894787928290393,1.0,0.4161707859196501
22/03/2019 20:00,1.0,0.1894787928290393,1.0,0.4161707859196501
22/03/2019 21:00,1.0,0.1894787928290393,1.0,0.4161707859196501
22/03/2019 22:00,1.0,0.1894787928290393,1.0,0.4161707859196501
22/03/2019 23:00,1.0,0.1894787928290393,1.0,0.4161707859196501
23/03/2019 00:00,1.0,0.1894787928290393,1.0,0.4161707859196501
23/03/2019 01:00,1.0,0.1894787928290393,1.0,0.4161707859196501
23/03/2019 02:00,1.0,0.1894787928290393,1.0,0.4161707859196501
23/03/2019 03:00,1.0,0.1894787928290393,1.0,0.4161707859196501
23/03/2019 04:00,1.0,0.1894787928290393,1.0,0.4161707859196501
23/03/2019 05:00,1.0,0.1894787928290393,1.0,0.4161707859196501
23/03/2019 06:00,1.0,0.1894787928290393,1.0,0.4161707859196501
23/03/2019 07:00,1.0,0.1894787928290393,1.0,0.4161707859196501
23/03/2019 08:00,1.0,0.1894787928290393,1.0,0.4161707859196501
23/03/2019 09:00,1.0,0.1894787928290393,1.0,0.4161707859196501
23/03/2019 10:00,1.0,0.1894787928290393,1.0,0.4161707859196501
23/03/2019 11:00,1.0,0.1894787928290393,1.0,0.4161707859196501
23/03/2019 12:00,1.0,0.1894787928290393,1.0,0.4161707859196501
23/03/2019 13:00,1.0,0.1894787928290393,1.0,0.4161707859196501
23/03/2019 14:00,1.0,0.1894787928290393,1.0,0.4161707859196501
23/03/2019 15:00,1.0,0.1894787928290393,1.0,0.4161707859196501
23/03/2019 16:00,1.0,0.1894787928290393,1.0,0.4161707859196501
23/03/2019 17:00,1.0,0.1894787928290393,1.0,0.4161707859196501
23/03/2019 18:00,1.0,0.1894787928290393,1.0,0.4161707859196501
23/03/2019 19:00,1.0,0.1894787928290393,1.0,0.4161707859196501
23/03/2019 20:00,1.0,0.1894787928290393,1.0,0.4161707859196501
23/03/2019 21:00,1.0,0.1894787928290393,1.0,0.4161707859196501
23/03/2019 22:00,1.0,0.1894787928290393,1.0,0.4161707859196501
23/03/2019 23:00,1.0,0.1894787928290393,1.0,0.4161707859196501
24/03/2019 00:00,1.0,0.1894787928290393,1.0,0.4161707859196501
24/03/2019 01:00,1.0,0.1894787928290393,1.0,0.4161707859196501
24/03/2019 02:00,1.0,0.1894787928290393,1.0,0.4161707859196501
24/03/2019 03:00,1.0,0.1894787928290393,1.0,0.4161707859196501
24/03/2019 04:00,1.0,0.1894787928290393,1.0,0.4161707859196501
24/03/2019 05:00,1.0,0.1894787928290393,1.0,0.4161707859196501
24/03/2019 06:00,1.0,0.1894787928290393,1.0,0.4161707859196501
24/03/2019 07:00,1.0,0.1894787928290393,1.0,0.4161707859196501
24/03/2019 08:00,1.0,0.1894787928290393,1.0,0.4161707859196501
24/03/2019 09:00,1.0,0.1894787928290393,1.0,0.4161707859196501
24/03/2019 10:00,1.0,0.1894787928290393,1.0,0.4161707859196501
24/03/2019 11:00,1.0,0.1894787928290393,1.0,0.4161707859196501
24/03/2019 12:00,1.0,0.1894787928290393,1.0,0.4161707859196501
24/03/2019 13:00,1.0,0.1894787928290393,1.0,0.4161707859196501
24/03/2019 14:00,1.0,0.1894787928290393,1.0,0.4161707859196501
24/03/2019 15:00,1.0,0.1894787928290393,1.0,0.4161707859196501
24/03/2019 16:00,1.0,0.1894787928290393,1.0,0.4161707859196501
24/03/2019 17:00,1.0,0.1894787928290393,1.0,0.4161707859196501
24/03/2019 18:00,1.0,0.1894787928290393,1.0,0.4161707859196501
24/03/2019 19:00,1.0,0.1894787928290393,1.0,0.4161707859196501
24/03/2019 20:00,1.0,0.1894787928290393,1.0,0.4161707859196501
24/03/2019 21:00,1.0,0.1894787928290393,1.0,0.4161707859196501
24/03/2019 22:00,1.0,0.1894787928290393,1.0,0.4161707859196501
24/03/2019 23:00,1.0,0.1894787928290393,1.0,0.4161707859196501
25/03/2019 00:00,1.0,0.1894787928290393,1.0,0.4161707859196501
25/03/2019 01:00,1.0,0.1894787928290393,1.0,0.4161707859196501
25/03/2019 02:00,1.0,0.1894787928290393,1.0,0.4161707859196501
25/03/2019 03:00,1.0,0.1894787928290393,1.0,0.4161707859196501
25/03/2019 04:00,1.0,0.1894787928290393,1.0,0.4161707859196501
25/03/2019 05:00,1.0,0.1894787928290393,1.0,0.4161707859196501
25/03/2019 06:00,1.0,0.1894787928290393,1.0,0.4161707859196501
25/03/2019 07:00,1.0,0.1894787928290393,1.0,0.4161707859196501
25/03/2019 08:00,1.0,0.1894787928290393,1.0,0.4161707859196501
25/03/2019 09:00,1.0,0.1894787928290393,1.0,0.4161707859196501
25/03/2019 10:00,1.0,0.1894787928290393,1.0,0.4161707859196501
25/03/2019 11:00,1.0,0.1894787928290393,1.0,0.4161707859196501
25/03/2019 12:00,1.0,0.1894787928290393,1.0,0.4161707859196501
25/03/2019 13:00,1.0,0.1894787928290393,1.0,0.4161707859196501
25/03/2019 14:00,1.0,0.1894787928290393,1.0,0.4161707859196501
25/03/2019 15:00,1.0,0.1894787928290393,1.0,0.4161707859196501
25/03/2019 16:00,1.0,0.1894787928290393,1.0,0.4161707859196501
25/03/2019 17:00,1.0,0.1894787928290393,1.0,0.4161707859196501
25/03/2019 18:00,1.0,0.1894787928290393,1.0,0.4161707859196501
25/03/2019 19:00,1.0,0.1894787928290393,1.0,0.4161707859196501
25/03/2019 20:00,1.0,0.1894787928290393,1.0,0.4161707859196501
25/03/2019 21:00,1.0,0.1894787928290393,1.0,0.4161707859196501
25/03/2019 22:00,1.0,0.1894787928290393,1.0,0.4161707859196501
25/03/2019 23:00,1.0,0.1894787928290393,1.0,0.4161707859196501
26/03/2019 00:00,1.0,0.1894787928290393,1.0,0.4161707859196501
26/03/2019 01:00,1.0,0.1894787928290393,1.0,0.4161707859196501
26/03/2019 02:00,1.0,0.1894787928290393,1.0,0.4161707859196501
26/03/2019 03:00,1.0,0.1894787928290393,1.0,0.4161707859196501
26/03/2019 04:00,1.0,0.1894787928290393,1.0,0.4161707859196501
26/03/2019 05:00,1.0,0.1894787928290393,1.0,0.4161707859196501
26/03/2019 06:00,1.0,0.1894787928290393,1.0,0.4161707859196501
26/03/2019 07:00,1.0,0.1894787928290393,1.0,0.4161707859196501
26/03/2019 08:00,1.0,0.1894787928290393,1.0,0.4161707859196501
26/03/2019 09:00,1.0,0.1894787928290393,1.0,0.4161707859196501
26/03/2019 10:00,1.0,0.1894787928290393,1.0,0.4161707859196501
26/03/2019 11:00,1.0,0.1894787928290393,1.0,0.4161707859196501
26/03/2019 12:00,1.0,0.1894787928290393,1.0,0.4161707859196501
26/03/2019 13:00,1.0,0.1894787928290393,1.0,0.4161707859196501
26/03/2019 14:00,1.0,0.1894787928290393,1.0,0.4161707859196501
26/03/2019 15:00,1.0,0.1894787928290393,1.0,0.4161707859196501
26/03/2019 16:00,1.0,0.1894787928290393,1.0,0.4161707859196501
26/03/2019 17:00,1.0,0.1894787928290393,1.0,0.4161707859196501
26/03/2019 18:00,1.0,0.1894787928290393,1.0,0.4161707859196501
26/03/2019 19:00,1.0,0.1894787928290393,1.0,0.4161707859196501
26/03/2019 20:00,1.0,0.1894787928290393,1.0,0.4161707859196501
26/03/2019 21:00,1.0,0.1894787928290393,1.0,0.4161707859196501
26/03/2019 22:00,1.0,0.1894787928290393,1.0,0.4161707859196501
26/03/2019 23:00,1.0,0.1894787928290393,1.0,0.4161707859196501
27/03/2019 00:00,1.0,0.1894787928290393,1.0,0.4161707859196501
27/03/2019 01:00,1.0,0.1894787928290393,1.0,0.4161707859196501
27/03/2019 02:00,1.0,0.1894787928290393,1.0,0.4161707859196501
27/03/2019 03:00,1.0,0.1894787928290393,1.0,0.4161707859196501
27/03/2019 04:00,1.0,0.1894787928290393,1.0,0.4161707859196501
27/03/2019 05:00,1.0,0.1894787928290393,1.0,0.4161707859196501
27/03/2019 06:00,1.0,0.1894787928290393,1.0,0.4161707859196501
27/03/2019 07:00,1.0,0.1894787928290393,1.0,0.4161707859196501
27/03/2019 08:00,1.0,0.1894787928290393,1.0,0.4161707859196501
27/03/2019 09:00,1.0,0.1894787928290393,1.0,0.4161707859196501
27/03/2019 10:00,1.0,0.1894787928290393,1.0,0.4161707859196501
27/03/2019 11:00,1.0,0.1894787928290393,1.0,0.4161707859196501
27/03/2019 12:00,1.0,0.1894787928290393,1.0,0.4161707859196501
27/03/2019 13:00,1.0,0.1894787928290393,1.0,0.4161707859196501
27/03/2019 14:00,1.0,0.1894787928290393,1.0,0.4161707859196501
27/03/2019 15:00,1.0,0.1894787928290393,1.0,0.4161707859196501
27/03/2019 16:00,1.0,0.1894787928290393,1.0,0.4161707859196501
27/03/2019 17:00,1.0,0.1894787928290393,1.0,0.4161707859196501
27/03/2019 18:00,1.0,0.1894787928290393,1.0,0.4161707859196501
27/03/2019 19:00,1.0,0.1894787928290393,1.0,0.4161707859196501
27/03/2019 20:00,1.0,0.1894787928290393,1.0,0.4161707859196501
27/03/2019 21:00,1.0,0.1894787928290393,1.0,0.4161707859196501
27/03/2019 22:00,1.0,0.1894787928290393,1.0,0.4161707859196501
27/03/2019 23:00,1.0,0.1894787928290393,1.0,0.4161707859196501
28/03/2019 00:00,1.0,0.1894787928290393,1.0,0.4161707859196501
28/03/2019 01:00,1.0,0.1894787928290393,1.0,0.4161707859196501
28/03/2019 02:00,1.0,0.1894787928290393,1.0,0.4161707859196501
28/03/2019 03:00,1.0,0.1894787928290393,1.0,0.4161707859196501
28/03/2019 04:00,1.0,0.1894787928290393,1.0,0.4161707859196501
28/03/2019 05:00,1.0,0.1894787928290393,1.0,0.4161707859196501
28/03/2019 06:00,1.0,0.1894787928290393,1.0,0.4161707859196501
28/03/2019 07:00,1.0,0.1894787928290393,1.0,0.4161707859196501
28/03/2019 08:00,1.0,0.1894787928290393,1.0,0.4161707859196501
28/03/2019 09:00,1.0,0.1894787928290393,1.0,0.4161707859196501
28/03/2019 10:00,1.0,0.1894787928290393,1.0,0.4161707859196501
28/03/2019 11:00,1.0,0.1894787928290393,1.0,0.4161707859196501
28/03/2019 12:00,1.0,0.1894787928290393,1.0,0.4161707859196501
28/03/2019 13:00,1.0,0.1894787928290393,1.0,0.4161707859196501
28/03/2019 14:00,1.0,0.1894787928290393,1.0,0.4161707859196501
28/03/2019 15:00,1.0,0.1894787928290393,1.0,0.4161707859196501
28/03/2019 16:00,1.0,0.1894787928290393,1.0,0.4161707859196501
28/03/2019 17:00,1.0,0.1894787928290393,1.0,0.4161707859196501
28/03/2019 18:00,1.0,0.1894787928290393,1.0,0.4161707859196501
28/03/2019 19:00,1.0,0.1894787928290393,1.0,0.4161707859196501
28/03/2019 20:00,1.0,0.1894787928290393,1.0,0.4161707859196501
28/03/2019 21:00,1.0,0.1894787928290393,1.0,0.4161707859196501
28/03/2019 22:00,1.0,0.1894787928290393,1.0,0.4161707859196501
28/03/2019 23:00,1.0,0.1894787928290393,1.0,0.4161707859196501
29/03/2019 00:00,1.0,0.1894787928290393,1.0,0.4161707859196501
29/03/2019 01:00,1.0,0.1894787928290393,1.0,0.4161707859196501
29/03/2019 02:00,1.0,0.1894787928290393,1.0,0.4161707859196501
29/03/2019 03:00,1.0,0.1894787928290393,1.0,0.4161707859196501
29/03/2019 04:00,1.0,0.1894787928290393,1.0,0.4161707859196501
29/03/2019 05:00,1.0,0.1894787928290393,1.0,0.4161707859196501
29/03/2019 06:00,1.0,0.1894787928290393,1.0,0.4161707859196501
29/03/2019 07:00,1.0,0.1894787928290393,1.0,0.4161707859196501
29/03/2019 08:00,1.0,0.1894787928290393,1.0,0.4161707859196501
29/03/2019 09:00,1.0,0.1894787928290393,1.0,0.4161707859196501
29/03/2019 10:00,1.0,0.1894787928290393,1.0,0.4161707859196501
29/03/2019 11:00,1.0,0.1894787928290393,1.0,0.4161707859196501
29/03/2019 12:00,1.0,0.1894787928290393,1.0,0.4161707859196501
29/03/2019 13:00,1.0,0.1894787928290393,1.0,0.4161707859196501
29/03/2019 14:00,1.0,0.1894787928290393,1.0,0.4161707859196501
29/03/2019 15:00,1.0,0.1894787928290393,1.0,0.4161707859196501
29/03/2019 16:00,1.0,0.1894787928290393,1.0,0.4161707859196501
29/03/2019 17:00,1.0,0.1894787928290393,1.0,0.4161707859196501
29/03/2019 18:00,1.0,0.1894787928290393,1.0,0.4161707859196501
29/03/2019 19:00,1.0,0.1894787928290393,1.0,0.4161707859196501
29/03/2019 20:00,1.0,0.1894787928290393,1.0,0.4161707859196501
29/03/2019 21:00,1.0,0.1894787928290393,1.0,0.4161707859196501
29/03/2019 22:00,1.0,0.1894787928290393,1.0,0.4161707859196501
29/03/2019 23:00,1.0,0.1894787928290393,1.0,0.4161707859196501
30/03/2019 00:00,1.0,0.1894787928290393,1.0,0.4161707859196501
30/03/2019 01:00,1.0,0.1894787928290393,1.0,0.4161707859196501
30/03/2019 02:00,1.0,0.1894787928290393,1.0,0.4161707859196501
30/03/2019 03:00,1.0,0.1894787928290393,1.0,0.4161707859196501
30/03/2019 04:00,1.0,0.1894787928290393,1.0,0.4161707859196501
30/03/2019 05:00,1.0,0.1894787928290393,1.0,0.4161707859196501
30/03/2019 06:00,1.0,0.1894787928290393,1.0,0.4161707859196501
30/03/2019 07:00,1.0,0.1894787928290393,1.0,0.4161707859196501
30/03/2019 08:00,1.0,0.1894787928290393,1.0,0.4161707859196501
30/03/2019 09:00,1.0,0.1894787928290393,1.0,0.4161707859196501
30/03/2019 10:00,1.0,0.1894787928290393,1.0,0.4161707859196501
30/03/2019 11:00,1.0,0.1894787928290393,1.0,0.4161707859196501
30/03/2019 12:00,1.0,0.1894787928290393,1.0,0.4161707859196501
30/03/2019 13:00,1.0,0.1894787928290393,1.0,0.4161707859196501
30/03/2019 14:00,1.0,0.1894787928290393,1.0,0.4161707859196501
30/03/2019 15:00,1.0,0.1894787928290393,1.0,0.4161707859196501
30/03/2019 16:00,1.0,0.1894787928290393,1.0,0.4161707859196501
30/03/2019 17:00,1.0,0.1894787928290393,1.0,0.4161707859196501
30/03/2019 18:00,1.0,0.1894787928290393,1.0,0.4161707859196501
30/03/2019 19:00,1.0,0.1894787928290393,1.0,0.4161707859196501
30/03/2019 20:00,1.0,0.1894787928290393,1.0,0.4161707859196501
30/03/2019 21:00,1.0,0.1894787928290393,1.0,0.4161707859196501
30/03/2019 22:00,1.0,0.1894787928290393,1.0,0.4161707859196501
30/03/2019 23:00,1.0,0.1894787928290393,1.0,0.4161707859196501
31/03/2019 00:00,1.0,0.1894787928290393,1.0,0.4161707859196501
31/03/2019 01:00,1.0,0.1894787928290393,1.0,0.4161707859196501
31/03/2019 02:00,1.0,0.1894787928290393,1.0,0.4161707859196501
31/03/2019 03:00,1.0,0.1894787928290393,1.0,0.4161707859196501
31/03/2019 04:00,1.0,0.1894787928290393,1.0,0.4161707859196501
31/03/2019 05:00,1.0,0.1894787928290393,1.0,0.4161707859196501
31/03/2019 06:00,1.0,0.1894787928290393,1.0,0.4161707859196501
31/03/2019 07:00,1.0,0.1894787928290393,1.0,0.4161707859196501
31/03/2019 08:00,1.0,0.1894787928290393,1.0,0.4161707859196501
31/03/2019 09:00,1.0,0.1894787928290393,1.0,0.4161707859196501
31/03/2019 10:00,1.0,0.1894787928290393,1.0,0.4161707859196501
31/03/2019 11:00,1.0,0.1894787928290393,1.0,0.4161707859196501
31/03/2019 12:00,1.0,0.1894787928290393,1.0,0.4161707859196501
31/03/2019 13:00,1.0,0.1894787928290393,1.0,0.4161707859196501
31/03/2019 14:00,1.0,0.1894787928290393,1.0,0.4161707859196501
31/03/2019 15:00,1.0,0.1894787928290393,1.0,0.4161707859196501
31/03/2019 16:00,1.0,0.1894787928290393,1.0,0.4161707859196501
31/03/2019 17:00,1.0,0.1894787928290393,1.0,0.4161707859196501
31/03/2019 18:00,1.0,0.1894787928290393,1.0,0.4161707859196501
31/03/2019 19:00,1.0,0.1894787928290393,1.0,0.4161707859196501
31/03/2019 20:00,1.0,0.1894787928290393,1.0,0.4161707859196501
31/03/2019 21:00,1.0,0.1894787928290393,1.0,0.4161707859196501
31/03/2019 22:00,1.0,0.1894787928290393,1.0,0.4161707859196501
31/03/2019 23:00,1.0,0.1894787928290393,1.0,0.4161707859196501
01/04/2019 00:00,1.0,0.1616840159259664,1.0,0.189309275809391
01/04/2019 01:00,1.0,0.1616840159259664,1.0,0.189309275809391
01/04/2019 02:00,1.0,0.1616840159259664,1.0,0.189309275809391
01/04/2019 03:00,1.0,0.1616840159259664,1.0,0.189309275809391
01/04/2019 04:00,1.0,0.1616840159259664,1.0,0.189309275809391
01/04/2019 05:00,1.0,0.1616840159259664,1.0,0.189309275809391
01/04/2019 06:00,1.0,0.1616840159259664,1.0,0.189309275809391
01/04/2019 07:00,1.0,0.1616840159259664,1.0,0.189309275809391
01/04/2019 08:00,1.0,0.1616840159259664,1.0,0.189309275809391
01/04/2019 09:00,1.0,0.1616840159259664,1.0,0.189309275809391
01/04/2019 10:00,1.0,0.1616840159259664,1.0,0.189309275809391
01/04/2019 11:00,1.0,0.1616840159259664,1.0,0.189309275809391
01/04/2019 12:00,1.0,0.1616840159259664,1.0,0.189309275809391
01/04/2019 13:00,1.0,0.1616840159259664,1.0,0.189309275809391
01/04/2019 14:00,1.0,0.1616840159259664,1.0,0.189309275809391
01/04/2019 15:00,1.0,0.1616840159259664,1.0,0.189309275809391
01/04/2019 16:00,1.0,0.1616840159259664,1.0,0.189309275809391
01/04/2019 17:00,1.0,0.1616840159259664,1.0,0.189309275809391
01/04/2019 18:00,1.0,0.1616840159259664,1.0,0.189309275809391
01/04/2019 19:00,1.0,0.1616840159259664,1.0,0.189309275809391
01/04/2019 20:00,1.0,0.1616840159259664,1.0,0.189309275809391
01/04/2019 21:00,1.0,0.1616840159259664,1.0,0.189309275809391
01/04/2019 22:00,1.0,0.1616840159259664,1.0,0.189309275809391
01/04/2019 23:00,1.0,0.1616840159259664,1.0,0.189309275809391
02/04/2019 00:00,1.0,0.1616840159259664,1.0,0.189309275809391
02/04/2019 01:00,1.0,0.1616840159259664,1.0,0.189309275809391
02/04/2019 02:00,1.0,0.1616840159259664,1.0,0.189309275809391
02/04/2019 03:00,1.0,0.1616840159259664,1.0,0.189309275809391
02/04/2019 04:00,1.0,0.1616840159259664,1.0,0.189309275809391
02/04/2019 05:00,1.0,0.1616840159259664,1.0,0.189309275809391
02/04/2019 06:00,1.0,0.1616840159259664,1.0,0.189309275809391
02/04/2019 07:00,1.0,0.1616840159259664,1.0,0.189309275809391
02/04/2019 08:00,1.0,0.1616840159259664,1.0,0.189309275809391
02/04/2019 09:00,1.0,0.1616840159259664,1.0,0.189309275809391
02/04/2019 10:00,1.0,0.1616840159259664,1.0,0.189309275809391
02/04/2019 11:00,1.0,0.1616840159259664,1.0,0.189309275809391
02/04/2019 12:00,1.0,0.1616840159259664,1.0,0.189309275809391
02/04/2019 13:00,1.0,0.1616840159259664,1.0,0.189309275809391
02/04/2019 14:00,1.0,0.1616840159259664,1.0,0.189309275809391
02/04/2019 15:00,1.0,0.1616840159259664,1.0,0.189309275809391
02/04/2019 16:00,1.0,0.1616840159259664,1.0,0.189309275809391
02/04/2019 17:00,1.0,0.1616840159259664,1.0,0.189309275809391
02/04/2019 18:00,1.0,0.1616840159259664,1.0,0.189309275809391
02/04/2019 19:00,1.0,0.1616840159259664,1.0,0.189309275809391
02/04/2019 20:00,1.0,0.1616840159259664,1.0,0.189309275809391
02/04/2019 21:00,1.0,0.1616840159259664,1.0,0.189309275809391
02/04/2019 22:00,1.0,0.1616840159259664,1.0,0.189309275809391
02/04/2019 23:00,1.0,0.1616840159259664,1.0,0.189309275809391
03/04/2019 00:00,1.0,0.1616840159259664,1.0,0.189309275809391
03/04/2019 01:00,1.0,0.1616840159259664,1.0,0.189309275809391
03/04/2019 02:00,1.0,0.1616840159259664,1.0,0.189309275809391
03/04/2019 03:00,1.0,0.1616840159259664,1.0,0.189309275809391
03/04/2019 04:00,1.0,0.1616840159259664,1.0,0.189309275809391
03/04/2019 05:00,1.0,0.1616840159259664,1.0,0.189309275809391
03/04/2019 06:00,1.0,0.1616840159259664,1.0,0.189309275809391
03/04/2019 07:00,1.0,0.1616840159259664,1.0,0.189309275809391
03/04/2019 08:00,1.0,0.1616840159259664,1.0,0.189309275809391
03/04/2019 09:00,1.0,0.1616840159259664,1.0,0.189309275809391
03/04/2019 10:00,1.0,0.1616840159259664,1.0,0.189309275809391
03/04/2019 11:00,1.0,0.1616840159259664,1.0,0.189309275809391
03/04/2019 12:00,1.0,0.1616840159259664,1.0,0.189309275809391
03/04/2019 13:00,1.0,0.1616840159259664,1.0,0.189309275809391
03/04/2019 14:00,1.0,0.1616840159259664,1.0,0.189309275809391
03/04/2019 15:00,1.0,0.1616840159259664,1.0,0.189309275809391
03/04/2019 16:00,1.0,0.1616840159259664,1.0,0.189309275809391
03/04/2019 17:00,1.0,0.1616840159259664,1.0,0.189309275809391
03/04/2019 18:00,1.0,0.1616840159259664,1.0,0.189309275809391
03/04/2019 19:00,1.0,0.1616840159259664,1.0,0.189309275809391
03/04/2019 20:00,1.0,0.1616840159259664,1.0,0.189309275809391
03/04/2019 21:00,1.0,0.1616840159259664,1.0,0.189309275809391
03/04/2019 22:00,1.0,0.1616840159259664,1.0,0.189309275809391
03/04/2019 23:00,1.0,0.1616840159259664,1.0,0.189309275809391
04/04/2019 00:00,1.0,0.1616840159259664,1.0,0.189309275809391
04/04/2019 01:00,1.0,0.1616840159259664,1.0,0.189309275809391
04/04/2019 02:00,1.0,0.1616840159259664,1.0,0.189309275809391
04/04/2019 03:00,1.0,0.1616840159259664,1.0,0.189309275809391
04/04/2019 04:00,1.0,0.1616840159259664,1.0,0.189309275809391
04/04/2019 05:00,1.0,0.1616840159259664,1.0,0.189309275809391
04/04/2019 06:00,1.0,0.1616840159259664,1.0,0.189309275809391
04/04/2019 07:00,1.0,0.1616840159259664,1.0,0.189309275809391
04/04/2019 08:00,1.0,0.1616840159259664,1.0,0.189309275809391
04/04/2019 09:00,1.0,0.1616840159259664,1.0,0.189309275809391
04/04/2019 10:00,1.0,0.1616840159259664,1.0,0.189309275809391
04/04/2019 11:00,1.0,0.1616840159259664,1.0,0.189309275809391
04/04/2019 12:00,1.0,0.1616840159259664,1.0,0.189309275809391
04/04/2019 13:00,1.0,0.1616840159259664,1.0,0.189309275809391
04/04/2019 14:00,1.0,0.1616840159259664,1.0,0.189309275809391
04/04/2019 15:00,1.0,0.1616840159259664,1.0,0.189309275809391
04/04/2019 16:00,1.0,0.1616840159259664,1.0,0.189309275809391
04/04/2019 17:00,1.0,0.1616840159259664,1.0,0.189309275809391
04/04/2019 18:00,1.0,0.1616840159259664,1.0,0.189309275809391
04/04/2019 19:00,1.0,0.1616840159259664,1.0,0.189309275809391
04/04/2019 20:00,1.0,0.1616840159259664,1.0,0.189309275809391
04/04/2019 21:00,1.0,0.1616840159259664,1.0,0.189309275809391
04/04/2019 22:00,1.0,0.1616840159259664,1.0,0.189309275809391
04/04/2019 23:00,1.0,0.1616840159259664,1.0,0.189309275809391
05/04/2019 00:00,1.0,0.1616840159259664,1.0,0.189309275809391
05/04/2019 01:00,1.0,0.1616840159259664,1.0,0.189309275809391
05/04/2019 02:00,1.0,0.1616840159259664,1.0,0.189309275809391
05/04/2019 03:00,1.0,0.1616840159259664,1.0,0.189309275809391
05/04/2019 04:00,1.0,0.1616840159259664,1.0,0.189309275809391
05/04/2019 05:00,1.0,0.1616840159259664,1.0,0.189309275809391
05/04/2019 06:00,1.0,0.1616840159259664,1.0,0.189309275809391
05/04/2019 07:00,1.0,0.1616840159259664,1.0,0.189309275809391
05/04/2019 08:00,1.0,0.1616840159259664,1.0,0.189309275809391
05/04/2019 09:00,1.0,0.1616840159259664,1.0,0.189309275809391
05/04/2019 10:00,1.0,0.1616840159259664,1.0,0.189309275809391
05/04/2019 11:00,1.0,0.1616840159259664,1.0,0.189309275809391
05/04/2019 12:00,1.0,0.1616840159259664,1.0,0.189309275809391
05/04/2019 13:00,1.0,0.1616840159259664,1.0,0.189309275809391
05/04/2019 14:00,1.0,0.1616840159259664,1.0,0.189309275809391
05/04/2019 15:00,1.0,0.1616840159259664,1.0,0.189309275809391
05/04/2019 16:00,1.0,0.1616840159259664,1.0,0.189309275809391
05/04/2019 17:00,1.0,0.1616840159259664,1.0,0.189309275809391
05/04/2019 18:00,1.0,0.1616840159259664,1.0,0.189309275809391
05/04/2019 19:00,1.0,0.1616840159259664,1.0,0.189309275809391
05/04/2019 20:00,1.0,0.1616840159259664,1.0,0.189309275809391
05/04/2019 21:00,1.0,0.1616840159259664,1.0,0.189309275809391
05/04/2019 22:00,1.0,0.1616840159259664,1.0,0.189309275809391
05/04/2019 23:00,1.0,0.1616840159259664,1.0,0.189309275809391
06/04/2019 00:00,1.0,0.1616840159259664,1.0,0.189309275809391
06/04/2019 01:00,1.0,0.1616840159259664,1.0,0.189309275809391
06/04/2019 02:00,1.0,0.1616840159259664,1.0,0.189309275809391
06/04/2019 03:00,1.0,0.1616840159259664,1.0,0.189309275809391
06/04/2019 04:00,1.0,0.1616840159259664,1.0,0.189309275809391
06/04/2019 05:00,1.0,0.1616840159259664,1.0,0.189309275809391
06/04/2019 06:00,1.0,0.1616840159259664,1.0,0.189309275809391
06/04/2019 07:00,1.0,0.1616840159259664,1.0,0.189309275809391
06/04/2019 08:00,1.0,0.1616840159259664,1.0,0.189309275809391
06/04/2019 09:00,1.0,0.1616840159259664,1.0,0.189309275809391
06/04/2019 10:00,1.0,0.1616840159259664,1.0,0.189309275809391
06/04/2019 11:00,1.0,0.1616840159259664,1.0,0.189309275809391
06/04/2019 12:00,1.0,0.1616840159259664,1.0,0.189309275809391
06/04/2019 13:00,1.0,0.1616840159259664,1.0,0.189309275809391
06/04/2019 14:00,1.0,0.1616840159259664,1.0,0.189309275809391
06/04/2019 15:00,1.0,0.1616840159259664,1.0,0.189309275809391
06/04/2019 16:00,1.0,0.1616840159259664,1.0,0.189309275809391
06/04/2019 17:00,1.0,0.1616840159259664,1.0,0.189309275809391
06/04/2019 18:00,1.0,0.1616840159259664,1.0,0.189309275809391
06/04/2019 19:00,1.0,0.1616840159259664,1.0,0.189309275809391
06/04/2019 20:00,1.0,0.1616840159259664,1.0,0.189309275809391
06/04/2019 21:00,1.0,0.1616840159259664,1.0,0.189309275809391
06/04/2019 22:00,1.0,0.1616840159259664,1.0,0.189309275809391
06/04/2019 23:00,1.0,0.1616840159259664,1.0,0.189309275809391
07/04/2019 00:00,1.0,0.1616840159259664,1.0,0.189309275809391
07/04/2019 01:00,1.0,0.1616840159259664,1.0,0.189309275809391
07/04/2019 02:00,1.0,0.1616840159259664,1.0,0.189309275809391
07/04/2019 03:00,1.0,0.1616840159259664,1.0,0.189309275809391
07/04/2019 04:00,1.0,0.1616840159259664,1.0,0.189309275809391
07/04/2019 05:00,1.0,0.1616840159259664,1.0,0.189309275809391
07/04/2019 06:00,1.0,0.1616840159259664,1.0,0.189309275809391
07/04/2019 07:00,1.0,0.1616840159259664,1.0,0.189309275809391
07/04/2019 08:00,1.0,0.1616840159259664,1.0,0.189309275809391
07/04/2019 09:00,1.0,0.1616840159259664,1.0,0.189309275809391
07/04/2019 10:00,1.0,0.1616840159259664,1.0,0.189309275809391
07/04/2019 11:00,1.0,0.1616840159259664,1.0,0.189309275809391
07/04/2019 12:00,1.0,0.1616840159259664,1.0,0.189309275809391
07/04/2019 13:00,1.0,0.1616840159259664,1.0,0.189309275809391
07/04/2019 14:00,1.0,0.1616840159259664,1.0,0.189309275809391
07/04/2019 15:00,1.0,0.1616840159259664,1.0,0.189309275809391
07/04/2019 16:00,1.0,0.1616840159259664,1.0,0.189309275809391
07/04/2019 17:00,1.0,0.1616840159259664,1.0,0.189309275809391
07/04/2019 18:00,1.0,0.1616840159259664,1.0,0.189309275809391
07/04/2019 19:00,1.0,0.1616840159259664,1.0,0.189309275809391
07/04/2019 20:00,1.0,0.1616840159259664,1.0,0.189309275809391
07/04/2019 21:00,1.0,0.1616840159259664,1.0,0.189309275809391
07/04/2019 22:00,1.0,0.1616840159259664,1.0,0.189309275809391
07/04/2019 23:00,1.0,0.1616840159259664,1.0,0.189309275809391
08/04/2019 00:00,1.0,0.1616840159259664,1.0,0.189309275809391
08/04/2019 01:00,1.0,0.1616840159259664,1.0,0.189309275809391
08/04/2019 02:00,1.0,0.1616840159259664,1.0,0.189309275809391
08/04/2019 03:00,1.0,0.1616840159259664,1.0,0.189309275809391
08/04/2019 04:00,1.0,0.1616840159259664,1.0,0.189309275809391
08/04/2019 05:00,1.0,0.1616840159259664,1.0,0.189309275809391
08/04/2019 06:00,1.0,0.1616840159259664,1.0,0.189309275809391
08/04/2019 07:00,1.0,0.1616840159259664,1.0,0.189309275809391
08/04/2019 08:00,1.0,0.1616840159259664,1.0,0.189309275809391
08/04/2019 09:00,1.0,0.1616840159259664,1.0,0.189309275809391
08/04/2019 10:00,1.0,0.1616840159259664,1.0,0.189309275809391
08/04/2019 11:00,1.0,0.1616840159259664,1.0,0.189309275809391
08/04/2019 12:00,1.0,0.1616840159259664,1.0,0.189309275809391
08/04/2019 13:00,1.0,0.1616840159259664,1.0,0.189309275809391
08/04/2019 14:00,1.0,0.1616840159259664,1.0,0.189309275809391
08/04/2019 15:00,1.0,0.1616840159259664,1.0,0.189309275809391
08/04/2019 16:00,1.0,0.1616840159259664,1.0,0.189309275809391
08/04/2019 17:00,1.0,0.1616840159259664,1.0,0.189309275809391
08/04/2019 18:00,1.0,0.1616840159259664,1.0,0.189309275809391
08/04/2019 19:00,1.0,0.1616840159259664,1.0,0.189309275809391
08/04/2019 20:00,1.0,0.1616840159259664,1.0,0.189309275809391
08/04/2019 21:00,1.0,0.1616840159259664,1.0,0.189309275809391
08/04/2019 22:00,1.0,0.1616840159259664,1.0,0.189309275809391
08/04/2019 23:00,1.0,0.1616840159259664,1.0,0.189309275809391
09/04/2019 00:00,1.0,0.1616840159259664,1.0,0.189309275809391
09/04/2019 01:00,1.0,0.1616840159259664,1.0,0.189309275809391
09/04/2019 02:00,1.0,0.1616840159259664,1.0,0.189309275809391
09/04/2019 03:00,1.0,0.1616840159259664,1.0,0.189309275809391
09/04/2019 04:00,1.0,0.1616840159259664,1.0,0.189309275809391
09/04/2019 05:00,1.0,0.1616840159259664,1.0,0.189309275809391
09/04/2019 06:00,1.0,0.1616840159259664,1.0,0.189309275809391
09/04/2019 07:00,1.0,0.1616840159259664,1.0,0.189309275809391
09/04/2019 08:00,1.0,0.1616840159259664,1.0,0.189309275809391
09/04/2019 09:00,1.0,0.1616840159259664,1.0,0.189309275809391
09/04/2019 10:00,1.0,0.1616840159259664,1.0,0.189309275809391
09/04/2019 11:00,1.0,0.1616840159259664,1.0,0.189309275809391
09/04/2019 12:00,1.0,0.1616840159259664,1.0,0.189309275809391
09/04/2019 13:00,1.0,0.1616840159259664,1.0,0.189309275809391
09/04/2019 14:00,1.0,0.1616840159259664,1.0,0.189309275809391
09/04/2019 15:00,1.0,0.1616840159259664,1.0,0.189309275809391
09/04/2019 16:00,1.0,0.1616840159259664,1.0,0.189309275809391
09/04/2019 17:00,1.0,0.1616840159259664,1.0,0.189309275809391
09/04/2019 18:00,1.0,0.1616840159259664,1.0,0.189309275809391
09/04/2019 19:00,1.0,0.1616840159259664,1.0,0.189309275809391
09/04/2019 20:00,1.0,0.1616840159259664,1.0,0.189309275809391
09/04/2019 21:00,1.0,0.1616840159259664,1.0,0.189309275809391
09/04/2019 22:00,1.0,0.1616840159259664,1.0,0.189309275809391
09/04/2019 23:00,1.0,0.1616840159259664,1.0,0.189309275809391
10/04/2019 00:00,1.0,0.1616840159259664,1.0,0.189309275809391
10/04/2019 01:00,1.0,0.1616840159259664,1.0,0.189309275809391
10/04/2019 02:00,1.0,0.1616840159259664,1.0,0.189309275809391
10/04/2019 03:00,1.0,0.1616840159259664,1.0,0.189309275809391
10/04/2019 04:00,1.0,0.1616840159259664,1.0,0.189309275809391
10/04/2019 05:00,1.0,0.1616840159259664,1.0,0.189309275809391
10/04/2019 06:00,1.0,0.1616840159259664,1.0,0.189309275809391
10/04/2019 07:00,1.0,0.1616840159259664,1.0,0.189309275809391
10/04/2019 08:00,1.0,0.1616840159259664,1.0,0.189309275809391
10/04/2019 09:00,1.0,0.1616840159259664,1.0,0.189309275809391
10/04/2019 10:00,1.0,0.1616840159259664,1.0,0.189309275809391
10/04/2019 11:00,1.0,0.1616840159259664,1.0,0.189309275809391
10/04/2019 12:00,1.0,0.1616840159259664,1.0,0.189309275809391
10/04/2019 13:00,1.0,0.1616840159259664,1.0,0.189309275809391
10/04/2019 14:00,1.0,0.1616840159259664,1.0,0.189309275809391
10/04/2019 15:00,1.0,0.1616840159259664,1.0,0.189309275809391
10/04/2019 16:00,1.0,0.1616840159259664,1.0,0.189309275809391
10/04/2019 17:00,1.0,0.1616840159259664,1.0,0.189309275809391
10/04/2019 18:00,1.0,0.1616840159259664,1.0,0.189309275809391
10/04/2019 19:00,1.0,0.1616840159259664,1.0,0.189309275809391
10/04/2019 20:00,1.0,0.1616840159259664,1.0,0.189309275809391
10/04/2019 21:00,1.0,0.1616840159259664,1.0,0.189309275809391
10/04/2019 22:00,1.0,0.1616840159259664,1.0,0.189309275809391
10/04/2019 23:00,1.0,0.1616840159259664,1.0,0.189309275809391
11/04/2019 00:00,1.0,0.1616840159259664,1.0,0.189309275809391
11/04/2019 01:00,1.0,0.1616840159259664,1.0,0.189309275809391
11/04/2019 02:00,1.0,0.1616840159259664,1.0,0.189309275809391
11/04/2019 03:00,1.0,0.1616840159259664,1.0,0.189309275809391
11/04/2019 04:00,1.0,0.1616840159259664,1.0,0.189309275809391
11/04/2019 05:00,1.0,0.1616840159259664,1.0,0.189309275809391
11/04/2019 06:00,1.0,0.1616840159259664,1.0,0.189309275809391
11/04/2019 07:00,1.0,0.1616840159259664,1.0,0.189309275809391
11/04/2019 08:00,1.0,0.1616840159259664,1.0,0.189309275809391
11/04/2019 09:00,1.0,0.1616840159259664,1.0,0.189309275809391
11/04/2019 10:00,1.0,0.1616840159259664,1.0,0.189309275809391
11/04/2019 11:00,1.0,0.1616840159259664,1.0,0.189309275809391
11/04/2019 12:00,1.0,0.1616840159259664,1.0,0.189309275809391
11/04/2019 13:00,1.0,0.1616840159259664,1.0,0.189309275809391
11/04/2019 14:00,1.0,0.1616840159259664,1.0,0.189309275809391
11/04/2019 15:00,1.0,0.1616840159259664,1.0,0.189309275809391
11/04/2019 16:00,1.0,0.1616840159259664,1.0,0.189309275809391
11/04/2019 17:00,1.0,0.1616840159259664,1.0,0.189309275809391
11/04/2019 18:00,1.0,0.1616840159259664,1.0,0.189309275809391
11/04/2019 19:00,1.0,0.1616840159259664,1.0,0.189309275809391
11/04/2019 20:00,1.0,0.1616840159259664,1.0,0.189309275809391
11/04/2019 21:00,1.0,0.1616840159259664,1.0,0.189309275809391
11/04/2019 22:00,1.0,0.1616840159259664,1.0,0.189309275809391
11/04/2019 23:00,1.0,0.1616840159259664,1.0,0.189309275809391
12/04/2019 00:00,1.0,0.1616840159259664,1.0,0.189309275809391
12/04/2019 01:00,1.0,0.1616840159259664,1.0,0.189309275809391
12/04/2019 02:00,1.0,0.1616840159259664,1.0,0.189309275809391
12/04/2019 03:00,1.0,0.1616840159259664,1.0,0.189309275809391
12/04/2019 04:00,1.0,0.1616840159259664,1.0,0.189309275809391
12/04/2019 05:00,1.0,0.1616840159259664,1.0,0.189309275809391
12/04/2019 06:00,1.0,0.1616840159259664,1.0,0.189309275809391
12/04/2019 07:00,1.0,0.1616840159259664,1.0,0.189309275809391
12/04/2019 08:00,1.0,0.1616840159259664,1.0,0.189309275809391
12/04/2019 09:00,1.0,0.1616840159259664,1.0,0.189309275809391
12/04/2019 10:00,1.0,0.1616840159259664,1.0,0.189309275809391
12/04/2019 11:00,1.0,0.1616840159259664,1.0,0.189309275809391
12/04/2019 12:00,1.0,0.1616840159259664,1.0,0.189309275809391
12/04/2019 13:00,1.0,0.1616840159259664,1.0,0.189309275809391
12/04/2019 14:00,1.0,0.1616840159259664,1.0,0.189309275809391
12/04/2019 15:00,1.0,0.1616840159259664,1.0,0.189309275809391
12/04/2019 16:00,1.0,0.1616840159259664,1.0,0.189309275809391
12/04/2019 17:00,1.0,0.1616840159259664,1.0,0.189309275809391
12/04/2019 18:00,1.0,0.1616840159259664,1.0,0.189309275809391
12/04/2019 19:00,1.0,0.1616840159259664,1.0,0.189309275809391
12/04/2019 20:00,1.0,0.1616840159259664,1.0,0.189309275809391
12/04/2019 21:00,1.0,0.1616840159259664,1.0,0.189309275809391
12/04/2019 22:00,1.0,0.1616840159259664,1.0,0.189309275809391
12/04/2019 23:00,1.0,0.1616840159259664,1.0,0.189309275809391
13/04/2019 00:00,1.0,0.1616840159259664,1.0,0.189309275809391
13/04/2019 01:00,1.0,0.1616840159259664,1.0,0.189309275809391
13/04/2019 02:00,1.0,0.1616840159259664,1.0,0.189309275809391
13/04/2019 03:00,1.0,0.1616840159259664,1.0,0.189309275809391
13/04/2019 04:00,1.0,0.1616840159259664,1.0,0.189309275809391
13/04/2019 05:00,1.0,0.1616840159259664,1.0,0.189309275809391
13/04/2019 06:00,1.0,0.1616840159259664,1.0,0.189309275809391
13/04/2019 07:00,1.0,0.1616840159259664,1.0,0.189309275809391
13/04/2019 08:00,1.0,0.1616840159259664,1.0,0.189309275809391
13/04/2019 09:00,1.0,0.1616840159259664,1.0,0.189309275809391
13/04/2019 10:00,1.0,0.1616840159259664,1.0,0.189309275809391
13/04/2019 11:00,1.0,0.1616840159259664,1.0,0.189309275809391
13/04/2019 12:00,1.0,0.1616840159259664,1.0,0.189309275809391
13/04/2019 13:00,1.0,0.1616840159259664,1.0,0.189309275809391
13/04/2019 14:00,1.0,0.1616840159259664,1.0,0.189309275809391
13/04/2019 15:00,1.0,0.1616840159259664,1.0,0.189309275809391
13/04/2019 16:00,1.0,0.1616840159259664,1.0,0.189309275809391
13/04/2019 17:00,1.0,0.1616840159259664,1.0,0.189309275809391
13/04/2019 18:00,1.0,0.1616840159259664,1.0,0.189309275809391
13/04/2019 19:00,1.0,0.1616840159259664,1.0,0.189309275809391
13/04/2019 20:00,1.0,0.1616840159259664,1.0,0.189309275809391
13/04/2019 21:00,1.0,0.1616840159259664,1.0,0.189309275809391
13/04/2019 22:00,1.0,0.1616840159259664,1.0,0.189309275809391
13/04/2019 23:00,1.0,0.1616840159259664,1.0,0.189309275809391
14/04/2019 00:00,1.0,0.1616840159259664,1.0,0.189309275809391
14/04/2019 01:00,1.0,0.1616840159259664,1.0,0.189309275809391
14/04/2019 02:00,1.0,0.1616840159259664,1.0,0.189309275809391
14/04/2019 03:00,1.0,0.1616840159259664,1.0,0.189309275809391
14/04/2019 04:00,1.0,0.1616840159259664,1.0,0.189309275809391
14/04/2019 05:00,1.0,0.1616840159259664,1.0,0.189309275809391
14/04/2019 06:00,1.0,0.1616840159259664,1.0,0.189309275809391
14/04/2019 07:00,1.0,0.1616840159259664,1.0,0.189309275809391
14/04/2019 08:00,1.0,0.1616840159259664,1.0,0.189309275809391
14/04/2019 09:00,1.0,0.1616840159259664,1.0,0.189309275809391
14/04/2019 10:00,1.0,0.1616840159259664,1.0,0.189309275809391
14/04/2019 11:00,1.0,0.1616840159259664,1.0,0.189309275809391
14/04/2019 12:00,1.0,0.1616840159259664,1.0,0.189309275809391
14/04/2019 13:00,1.0,0.1616840159259664,1.0,0.189309275809391
14/04/2019 14:00,1.0,0.1616840159259664,1.0,0.189309275809391
14/04/2019 15:00,1.0,0.1616840159259664,1.0,0.189309275809391
14/04/2019 16:00,1.0,0.1616840159259664,1.0,0.189309275809391
14/04/2019 17:00,1.0,0.1616840159259664,1.0,0.189309275809391
14/04/2019 18:00,1.0,0.1616840159259664,1.0,0.189309275809391
14/04/2019 19:00,1.0,0.1616840159259664,1.0,0.189309275809391
14/04/2019 20:00,1.0,0.1616840159259664,1.0,0.189309275809391
14/04/2019 21:00,1.0,0.1616840159259664,1.0,0.189309275809391
14/04/2019 22:00,1.0,0.1616840159259664,1.0,0.189309275809391
14/04/2019 23:00,1.0,0.1616840159259664,1.0,0.189309275809391
15/04/2019 00:00,1.0,0.1616840159259664,1.0,0.189309275809391
15/04/2019 01:00,1.0,0.1616840159259664,1.0,0.189309275809391
15/04/2019 02:00,1.0,0.1616840159259664,1.0,0.189309275809391
15/04/2019 03:00,1.0,0.1616840159259664,1.0,0.189309275809391
15/04/2019 04:00,1.0,0.1616840159259664,1.0,0.189309275809391
15/04/2019 05:00,1.0,0.1616840159259664,1.0,0.189309275809391
15/04/2019 06:00,1.0,0.1616840159259664,1.0,0.189309275809391
15/04/2019 07:00,1.0,0.1616840159259664,1.0,0.189309275809391
15/04/2019 08:00,1.0,0.1616840159259664,1.0,0.189309275809391
15/04/2019 09:00,1.0,0.1616840159259664,1.0,0.189309275809391
15/04/2019 10:00,1.0,0.1616840159259664,1.0,0.189309275809391
15/04/2019 11:00,1.0,0.1616840159259664,1.0,0.189309275809391
15/04/2019 12:00,1.0,0.1616840159259664,1.0,0.189309275809391
15/04/2019 13:00,1.0,0.1616840159259664,1.0,0.189309275809391
15/04/2019 14:00,1.0,0.1616840159259664,1.0,0.189309275809391
15/04/2019 15:00,1.0,0.1616840159259664,1.0,0.189309275809391
15/04/2019 16:00,1.0,0.1616840159259664,1.0,0.189309275809391
15/04/2019 17:00,1.0,0.1616840159259664,1.0,0.189309275809391
15/04/2019 18:00,1.0,0.1616840159259664,1.0,0.189309275809391
15/04/2019 19:00,1.0,0.1616840159259664,1.0,0.189309275809391
15/04/2019 20:00,1.0,0.1616840159259664,1.0,0.189309275809391
15/04/2019 21:00,1.0,0.1616840159259664,1.0,0.189309275809391
15/04/2019 22:00,1.0,0.1616840159259664,1.0,0.189309275809391
15/04/2019 23:00,1.0,0.1616840159259664,1.0,0.189309275809391
16/04/2019 00:00,1.0,0.1616840159259664,1.0,0.189309275809391
16/04/2019 01:00,1.0,0.1616840159259664,1.0,0.189309275809391
16/04/2019 02:00,1.0,0.1616840159259664,1.0,0.189309275809391
16/04/2019 03:00,1.0,0.1616840159259664,1.0,0.189309275809391
16/04/2019 04:00,1.0,0.1616840159259664,1.0,0.189309275809391
16/04/2019 05:00,1.0,0.1616840159259664,1.0,0.189309275809391
16/04/2019 06:00,1.0,0.1616840159259664,1.0,0.189309275809391
16/04/2019 07:00,1.0,0.1616840159259664,1.0,0.189309275809391
16/04/2019 08:00,1.0,0.1616840159259664,1.0,0.189309275809391
16/04/2019 09:00,1.0,0.1616840159259664,1.0,0.189309275809391
16/04/2019 10:00,1.0,0.1616840159259664,1.0,0.189309275809391
16/04/2019 11:00,1.0,0.1616840159259664,1.0,0.189309275809391
16/04/2019 12:00,1.0,0.1616840159259664,1.0,0.189309275809391
16/04/2019 13:00,1.0,0.1616840159259664,1.0,0.189309275809391
16/04/2019 14:00,1.0,0.1616840159259664,1.0,0.189309275809391
16/04/2019 15:00,1.0,0.1616840159259664,1.0,0.189309275809391
16/04/2019 16:00,1.0,0.1616840159259664,1.0,0.189309275809391
16/04/2019 17:00,1.0,0.1616840159259664,1.0,0.189309275809391
16/04/2019 18:00,1.0,0.1616840159259664,1.0,0.189309275809391
16/04/2019 19:00,1.0,0.1616840159259664,1.0,0.189309275809391
16/04/2019 20:00,1.0,0.1616840159259664,1.0,0.189309275809391
16/04/2019 21:00,1.0,0.1616840159259664,1.0,0.189309275809391
16/04/2019 22:00,1.0,0.1616840159259664,1.0,0.189309275809391
16/04/2019 23:00,1.0,0.1616840159259664,1.0,0.189309275809391
17/04/2019 00:00,1.0,0.1616840159259664,1.0,0.189309275809391
17/04/2019 01:00,1.0,0.1616840159259664,1.0,0.189309275809391
17/04/2019 02:00,1.0,0.1616840159259664,1.0,0.189309275809391
17/04/2019 03:00,1.0,0.1616840159259664,1.0,0.189309275809391
17/04/2019 04:00,1.0,0.1616840159259664,1.0,0.189309275809391
17/04/2019 05:00,1.0,0.1616840159259664,1.0,0.189309275809391
17/04/2019 06:00,1.0,0.1616840159259664,1.0,0.189309275809391
17/04/2019 07:00,1.0,0.1616840159259664,1.0,0.189309275809391
17/04/2019 08:00,1.0,0.1616840159259664,1.0,0.189309275809391
17/04/2019 09:00,1.0,0.1616840159259664,1.0,0.189309275809391
17/04/2019 10:00,1.0,0.1616840159259664,1.0,0.189309275809391
17/04/2019 11:00,1.0,0.1616840159259664,1.0,0.189309275809391
17/04/2019 12:00,1.0,0.1616840159259664,1.0,0.189309275809391
17/04/2019 13:00,1.0,0.1616840159259664,1.0,0.189309275809391
17/04/2019 14:00,1.0,0.1616840159259664,1.0,0.189309275809391
17/04/2019 15:00,1.0,0.1616840159259664,1.0,0.189309275809391
17/04/2019 16:00,1.0,0.1616840159259664,1.0,0.189309275809391
17/04/2019 17:00,1.0,0.1616840159259664,1.0,0.189309275809391
17/04/2019 18:00,1.0,0.1616840159259664,1.0,0.189309275809391
17/04/2019 19:00,1.0,0.1616840159259664,1.0,0.189309275809391
17/04/2019 20:00,1.0,0.1616840159259664,1.0,0.189309275809391
17/04/2019 21:00,1.0,0.1616840159259664,1.0,0.189309275809391
17/04/2019 22:00,1.0,0.1616840159259664,1.0,0.189309275809391
17/04/2019 23:00,1.0,0.1616840159259664,1.0,0.189309275809391
18/04/2019 00:00,1.0,0.1616840159259664,1.0,0.189309275809391
18/04/2019 01:00,1.0,0.1616840159259664,1.0,0.189309275809391
18/04/2019 02:00,1.0,0.1616840159259664,1.0,0.189309275809391
18/04/2019 03:00,1.0,0.1616840159259664,1.0,0.189309275809391
18/04/2019 04:00,1.0,0.1616840159259664,1.0,0.189309275809391
18/04/2019 05:00,1.0,0.1616840159259664,1.0,0.189309275809391
18/04/2019 06:00,1.0,0.1616840159259664,1.0,0.189309275809391
18/04/2019 07:00,1.0,0.1616840159259664,1.0,0.189309275809391
18/04/2019 08:00,1.0,0.1616840159259664,1.0,0.189309275809391
18/04/2019 09:00,1.0,0.1616840159259664,1.0,0.189309275809391
18/04/2019 10:00,1.0,0.1616840159259664,1.0,0.189309275809391
18/04/2019 11:00,1.0,0.1616840159259664,1.0,0.189309275809391
18/04/2019 12:00,1.0,0.1616840159259664,1.0,0.189309275809391
18/04/2019 13:00,1.0,0.1616840159259664,1.0,0.189309275809391
18/04/2019 14:00,1.0,0.1616840159259664,1.0,0.189309275809391
18/04/2019 15:00,1.0,0.1616840159259664,1.0,0.189309275809391
18/04/2019 16:00,1.0,0.1616840159259664,1.0,0.189309275809391
18/04/2019 17:00,1.0,0.1616840159259664,1.0,0.189309275809391
18/04/2019 18:00,1.0,0.1616840159259664,1.0,0.189309275809391
18/04/2019 19:00,1.0,0.1616840159259664,1.0,0.189309275809391
18/04/2019 20:00,1.0,0.1616840159259664,1.0,0.189309275809391
18/04/2019 21:00,1.0,0.1616840159259664,1.0,0.189309275809391
18/04/2019 22:00,1.0,0.1616840159259664,1.0,0.189309275809391
18/04/2019 23:00,1.0,0.1616840159259664,1.0,0.189309275809391
19/04/2019 00:00,1.0,0.1616840159259664,1.0,0.189309275809391
19/04/2019 01:00,1.0,0.1616840159259664,1.0,0.189309275809391
19/04/2019 02:00,1.0,0.1616840159259664,1.0,0.189309275809391
19/04/2019 03:00,1.0,0.1616840159259664,1.0,0.189309275809391
19/04/2019 04:00,1.0,0.1616840159259664,1.0,0.189309275809391
19/04/2019 05:00,1.0,0.1616840159259664,1.0,0.189309275809391
19/04/2019 06:00,1.0,0.1616840159259664,1.0,0.189309275809391
19/04/2019 07:00,1.0,0.1616840159259664,1.0,0.189309275809391
19/04/2019 08:00,1.0,0.1616840159259664,1.0,0.189309275809391
19/04/2019 09:00,1.0,0.1616840159259664,1.0,0.189309275809391
19/04/2019 10:00,1.0,0.1616840159259664,1.0,0.189309275809391
19/04/2019 11:00,1.0,0.1616840159259664,1.0,0.189309275809391
19/04/2019 12:00,1.0,0.1616840159259664,1.0,0.189309275809391
19/04/2019 13:00,1.0,0.1616840159259664,1.0,0.189309275809391
19/04/2019 14:00,1.0,0.1616840159259664,1.0,0.189309275809391
19/04/2019 15:00,1.0,0.1616840159259664,1.0,0.189309275809391
19/04/2019 16:00,1.0,0.1616840159259664,1.0,0.189309275809391
19/04/2019 17:00,1.0,0.1616840159259664,1.0,0.189309275809391
19/04/2019 18:00,1.0,0.1616840159259664,1.0,0.189309275809391
19/04/2019 19:00,1.0,0.1616840159259664,1.0,0.189309275809391
19/04/2019 20:00,1.0,0.1616840159259664,1.0,0.189309275809391
19/04/2019 21:00,1.0,0.1616840159259664,1.0,0.189309275809391
19/04/2019 22:00,1.0,0.1616840159259664,1.0,0.189309275809391
19/04/2019 23:00,1.0,0.1616840159259664,1.0,0.189309275809391
20/04/2019 00:00,1.0,0.1616840159259664,1.0,0.189309275809391
20/04/2019 01:00,1.0,0.1616840159259664,1.0,0.189309275809391
20/04/2019 02:00,1.0,0.1616840159259664,1.0,0.189309275809391
20/04/2019 03:00,1.0,0.1616840159259664,1.0,0.189309275809391
20/04/2019 04:00,1.0,0.1616840159259664,1.0,0.189309275809391
20/04/2019 05:00,1.0,0.1616840159259664,1.0,0.189309275809391
20/04/2019 06:00,1.0,0.1616840159259664,1.0,0.189309275809391
20/04/2019 07:00,1.0,0.1616840159259664,1.0,0.189309275809391
20/04/2019 08:00,1.0,0.1616840159259664,1.0,0.189309275809391
20/04/2019 09:00,1.0,0.1616840159259664,1.0,0.189309275809391
20/04/2019 10:00,1.0,0.1616840159259664,1.0,0.189309275809391
20/04/2019 11:00,1.0,0.1616840159259664,1.0,0.189309275809391
20/04/2019 12:00,1.0,0.1616840159259664,1.0,0.189309275809391
20/04/2019 13:00,1.0,0.1616840159259664,1.0,0.189309275809391
20/04/2019 14:00,1.0,0.1616840159259664,1.0,0.189309275809391
20/04/2019 15:00,1.0,0.1616840159259664,1.0,0.189309275809391
20/04/2019 16:00,1.0,0.1616840159259664,1.0,0.189309275809391
20/04/2019 17:00,1.0,0.1616840159259664,1.0,0.189309275809391
20/04/2019 18:00,1.0,0.1616840159259664,1.0,0.189309275809391
20/04/2019 19:00,1.0,0.1616840159259664,1.0,0.189309275809391
20/04/2019 20:00,1.0,0.1616840159259664,1.0,0.189309275809391
20/04/2019 21:00,1.0,0.1616840159259664,1.0,0.189309275809391
20/04/2019 22:00,1.0,0.1616840159259664,1.0,0.189309275809391
20/04/2019 23:00,1.0,0.1616840159259664,1.0,0.189309275809391
21/04/2019 00:00,1.0,0.1616840159259664,1.0,0.189309275809391
21/04/2019 01:00,1.0,0.1616840159259664,1.0,0.189309275809391
21/04/2019 02:00,1.0,0.1616840159259664,1.0,0.189309275809391
21/04/2019 03:00,1.0,0.1616840159259664,1.0,0.189309275809391
21/04/2019 04:00,1.0,0.1616840159259664,1.0,0.189309275809391
21/04/2019 05:00,1.0,0.1616840159259664,1.0,0.189309275809391
21/04/2019 06:00,1.0,0.1616840159259664,1.0,0.189309275809391
21/04/2019 07:00,1.0,0.1616840159259664,1.0,0.189309275809391
21/04/2019 08:00,1.0,0.1616840159259664,1.0,0.189309275809391
21/04/2019 09:00,1.0,0.1616840159259664,1.0,0.189309275809391
21/04/2019 10:00,1.0,0.1616840159259664,1.0,0.189309275809391
21/04/2019 11:00,1.0,0.1616840159259664,1.0,0.189309275809391
21/04/2019 12:00,1.0,0.1616840159259664,1.0,0.189309275809391
21/04/2019 13:00,1.0,0.1616840159259664,1.0,0.189309275809391
21/04/2019 14:00,1.0,0.1616840159259664,1.0,0.189309275809391
21/04/2019 15:00,1.0,0.1616840159259664,1.0,0.189309275809391
21/04/2019 16:00,1.0,0.1616840159259664,1.0,0.189309275809391
21/04/2019 17:00,1.0,0.1616840159259664,1.0,0.189309275809391
21/04/2019 18:00,1.0,0.1616840159259664,1.0,0.189309275809391
21/04/2019 19:00,1.0,0.1616840159259664,1.0,0.189309275809391
21/04/2019 20:00,1.0,0.1616840159259664,1.0,0.189309275809391
21/04/2019 21:00,1.0,0.1616840159259664,1.0,0.189309275809391
21/04/2019 22:00,1.0,0.1616840159259664,1.0,0.189309275809391
21/04/2019 23:00,1.0,0.1616840159259664,1.0,0.189309275809391
22/04/2019 00:00,1.0,0.1616840159259664,1.0,0.189309275809391
22/04/2019 01:00,1.0,0.1616840159259664,1.0,0.189309275809391
22/04/2019 02:00,1.0,0.1616840159259664,1.0,0.189309275809391
22/04/2019 03:00,1.0,0.1616840159259664,1.0,0.189309275809391
22/04/2019 04:00,1.0,0.1616840159259664,1.0,0.189309275809391
22/04/2019 05:00,1.0,0.1616840159259664,1.0,0.189309275809391
22/04/2019 06:00,1.0,0.1616840159259664,1.0,0.189309275809391
22/04/2019 07:00,1.0,0.1616840159259664,1.0,0.189309275809391
22/04/2019 08:00,1.0,0.1616840159259664,1.0,0.189309275809391
22/04/2019 09:00,1.0,0.1616840159259664,1.0,0.189309275809391
22/04/2019 10:00,1.0,0.1616840159259664,1.0,0.189309275809391
22/04/2019 11:00,1.0,0.1616840159259664,1.0,0.189309275809391
22/04/2019 12:00,1.0,0.1616840159259664,1.0,0.189309275809391
22/04/2019 13:00,1.0,0.1616840159259664,1.0,0.189309275809391
22/04/2019 14:00,1.0,0.1616840159259664,1.0,0.189309275809391
22/04/2019 15:00,1.0,0.1616840159259664,1.0,0.189309275809391
22/04/2019 16:00,1.0,0.1616840159259664,1.0,0.189309275809391
22/04/2019 17:00,1.0,0.1616840159259664,1.0,0.189309275809391
22/04/2019 18:00,1.0,0.1616840159259664,1.0,0.189309275809391
22/04/2019 19:00,1.0,0.1616840159259664,1.0,0.189309275809391
22/04/2019 20:00,1.0,0.1616840159259664,1.0,0.189309275809391
22/04/2019 21:00,1.0,0.1616840159259664,1.0,0.189309275809391
22/04/2019 22:00,1.0,0.1616840159259664,1.0,0.189309275809391
22/04/2019 23:00,1.0,0.1616840159259664,1.0,0.189309275809391
23/04/2019 00:00,1.0,0.1616840159259664,1.0,0.189309275809391
23/04/2019 01:00,1.0,0.1616840159259664,1.0,0.189309275809391
23/04/2019 02:00,1.0,0.1616840159259664,1.0,0.189309275809391
23/04/2019 03:00,1.0,0.1616840159259664,1.0,0.189309275809391
23/04/2019 04:00,1.0,0.1616840159259664,1.0,0.189309275809391
23/04/2019 05:00,1.0,0.1616840159259664,1.0,0.189309275809391
23/04/2019 06:00,1.0,0.1616840159259664,1.0,0.189309275809391
23/04/2019 07:00,1.0,0.1616840159259664,1.0,0.189309275809391
23/04/2019 08:00,1.0,0.1616840159259664,1.0,0.189309275809391
23/04/2019 09:00,1.0,0.1616840159259664,1.0,0.189309275809391
23/04/2019 10:00,1.0,0.1616840159259664,1.0,0.189309275809391
23/04/2019 11:00,1.0,0.1616840159259664,1.0,0.189309275809391
23/04/2019 12:00,1.0,0.1616840159259664,1.0,0.189309275809391
23/04/2019 13:00,1.0,0.1616840159259664,1.0,0.189309275809391
23/04/2019 14:00,1.0,0.1616840159259664,1.0,0.189309275809391
23/04/2019 15:00,1.0,0.1616840159259664,1.0,0.189309275809391
23/04/2019 16:00,1.0,0.1616840159259664,1.0,0.189309275809391
23/04/2019 17:00,1.0,0.1616840159259664,1.0,0.189309275809391
23/04/2019 18:00,1.0,0.1616840159259664,1.0,0.189309275809391
23/04/2019 19:00,1.0,0.1616840159259664,1.0,0.189309275809391
23/04/2019 20:00,1.0,0.1616840159259664,1.0,0.189309275809391
23/04/2019 21:00,1.0,0.1616840159259664,1.0,0.189309275809391
23/04/2019 22:00,1.0,0.1616840159259664,1.0,0.189309275809391
23/04/2019 23:00,1.0,0.1616840159259664,1.0,0.189309275809391
24/04/2019 00:00,1.0,0.1616840159259664,1.0,0.189309275809391
24/04/2019 01:00,1.0,0.1616840159259664,1.0,0.189309275809391
24/04/2019 02:00,1.0,0.1616840159259664,1.0,0.189309275809391
24/04/2019 03:00,1.0,0.1616840159259664,1.0,0.189309275809391
24/04/2019 04:00,1.0,0.1616840159259664,1.0,0.189309275809391
24/04/2019 05:00,1.0,0.1616840159259664,1.0,0.189309275809391
24/04/2019 06:00,1.0,0.1616840159259664,1.0,0.189309275809391
24/04/2019 07:00,1.0,0.1616840159259664,1.0,0.189309275809391
24/04/2019 08:00,1.0,0.1616840159259664,1.0,0.189309275809391
24/04/2019 09:00,1.0,0.1616840159259664,1.0,0.189309275809391
24/04/2019 10:00,1.0,0.1616840159259664,1.0,0.189309275809391
24/04/2019 11:00,1.0,0.1616840159259664,1.0,0.189309275809391
24/04/2019 12:00,1.0,0.1616840159259664,1.0,0.189309275809391
24/04/2019 13:00,1.0,0.1616840159259664,1.0,0.189309275809391
24/04/2019 14:00,1.0,0.1616840159259664,1.0,0.189309275809391
24/04/2019 15:00,1.0,0.1616840159259664,1.0,0.189309275809391
24/04/2019 16:00,1.0,0.1616840159259664,1.0,0.189309275809391
24/04/2019 17:00,1.0,0.1616840159259664,1.0,0.189309275809391
24/04/2019 18:00,1.0,0.1616840159259664,1.0,0.189309275809391
24/04/2019 19:00,1.0,0.1616840159259664,1.0,0.189309275809391
24/04/2019 20:00,1.0,0.1616840159259664,1.0,0.189309275809391
24/04/2019 21:00,1.0,0.1616840159259664,1.0,0.189309275809391
24/04/2019 22:00,1.0,0.1616840159259664,1.0,0.189309275809391
24/04/2019 23:00,1.0,0.1616840159259664,1.0,0.189309275809391
25/04/2019 00:00,1.0,0.1616840159259664,1.0,0.189309275809391
25/04/2019 01:00,1.0,0.1616840159259664,1.0,0.189309275809391
25/04/2019 02:00,1.0,0.1616840159259664,1.0,0.189309275809391
25/04/2019 03:00,1.0,0.1616840159259664,1.0,0.189309275809391
25/04/2019 04:00,1.0,0.1616840159259664,1.0,0.189309275809391
25/04/2019 05:00,1.0,0.1616840159259664,1.0,0.189309275809391
25/04/2019 06:00,1.0,0.1616840159259664,1.0,0.189309275809391
25/04/2019 07:00,1.0,0.1616840159259664,1.0,0.189309275809391
25/04/2019 08:00,1.0,0.1616840159259664,1.0,0.189309275809391
25/04/2019 09:00,1.0,0.1616840159259664,1.0,0.189309275809391
25/04/2019 10:00,1.0,0.1616840159259664,1.0,0.189309275809391
25/04/2019 11:00,1.0,0.1616840159259664,1.0,0.189309275809391
25/04/2019 12:00,1.0,0.1616840159259664,1.0,0.189309275809391
25/04/2019 13:00,1.0,0.1616840159259664,1.0,0.189309275809391
25/04/2019 14:00,1.0,0.1616840159259664,1.0,0.189309275809391
25/04/2019 15:00,1.0,0.1616840159259664,1.0,0.189309275809391
25/04/2019 16:00,1.0,0.1616840159259664,1.0,0.189309275809391
25/04/2019 17:00,1.0,0.1616840159259664,1.0,0.189309275809391
25/04/2019 18:00,1.0,0.1616840159259664,1.0,0.189309275809391
25/04/2019 19:00,1.0,0.1616840159259664,1.0,0.189309275809391
25/04/2019 20:00,1.0,0.1616840159259664,1.0,0.189309275809391
25/04/2019 21:00,1.0,0.1616840159259664,1.0,0.189309275809391
25/04/2019 22:00,1.0,0.1616840159259664,1.0,0.189309275809391
25/04/2019 23:00,1.0,0.1616840159259664,1.0,0.189309275809391
26/04/2019 00:00,1.0,0.1616840159259664,1.0,0.189309275809391
26/04/2019 01:00,1.0,0.1616840159259664,1.0,0.189309275809391
26/04/2019 02:00,1.0,0.1616840159259664,1.0,0.189309275809391
26/04/2019 03:00,1.0,0.1616840159259664,1.0,0.189309275809391
26/04/2019 04:00,1.0,0.1616840159259664,1.0,0.189309275809391
26/04/2019 05:00,1.0,0.1616840159259664,1.0,0.189309275809391
26/04/2019 06:00,1.0,0.1616840159259664,1.0,0.189309275809391
26/04/2019 07:00,1.0,0.1616840159259664,1.0,0.189309275809391
26/04/2019 08:00,1.0,0.1616840159259664,1.0,0.189309275809391
26/04/2019 09:00,1.0,0.1616840159259664,1.0,0.189309275809391
26/04/2019 10:00,1.0,0.1616840159259664,1.0,0.189309275809391
26/04/2019 11:00,1.0,0.1616840159259664,1.0,0.189309275809391
26/04/2019 12:00,1.0,0.1616840159259664,1.0,0.189309275809391
26/04/2019 13:00,1.0,0.1616840159259664,1.0,0.189309275809391
26/04/2019 14:00,1.0,0.1616840159259664,1.0,0.189309275809391
26/04/2019 15:00,1.0,0.1616840159259664,1.0,0.189309275809391
26/04/2019 16:00,1.0,0.1616840159259664,1.0,0.189309275809391
26/04/2019 17:00,1.0,0.1616840159259664,1.0,0.189309275809391
26/04/2019 18:00,1.0,0.1616840159259664,1.0,0.189309275809391
26/04/2019 19:00,1.0,0.1616840159259664,1.0,0.189309275809391
26/04/2019 20:00,1.0,0.1616840159259664,1.0,0.189309275809391
26/04/2019 21:00,1.0,0.1616840159259664,1.0,0.189309275809391
26/04/2019 22:00,1.0,0.1616840159259664,1.0,0.189309275809391
26/04/2019 23:00,1.0,0.1616840159259664,1.0,0.189309275809391
27/04/2019 00:00,1.0,0.1616840159259664,1.0,0.189309275809391
27/04/2019 01:00,1.0,0.1616840159259664,1.0,0.189309275809391
27/04/2019 02:00,1.0,0.1616840159259664,1.0,0.189309275809391
27/04/2019 03:00,1.0,0.1616840159259664,1.0,0.189309275809391
27/04/2019 04:00,1.0,0.1616840159259664,1.0,0.189309275809391
27/04/2019 05:00,1.0,0.1616840159259664,1.0,0.189309275809391
27/04/2019 06:00,1.0,0.1616840159259664,1.0,0.189309275809391
27/04/2019 07:00,1.0,0.1616840159259664,1.0,0.189309275809391
27/04/2019 08:00,1.0,0.1616840159259664,1.0,0.189309275809391
27/04/2019 09:00,1.0,0.1616840159259664,1.0,0.189309275809391
27/04/2019 10:00,1.0,0.1616840159259664,1.0,0.189309275809391
27/04/2019 11:00,1.0,0.1616840159259664,1.0,0.189309275809391
27/04/2019 12:00,1.0,0.1616840159259664,1.0,0.189309275809391
27/04/2019 13:00,1.0,0.1616840159259664,1.0,0.189309275809391
27/04/2019 14:00,1.0,0.1616840159259664,1.0,0.189309275809391
27/04/2019 15:00,1.0,0.1616840159259664,1.0,0.189309275809391
27/04/2019 16:00,1.0,0.1616840159259664,1.0,0.189309275809391
27/04/2019 17:00,1.0,0.1616840159259664,1.0,0.189309275809391
27/04/2019 18:00,1.0,0.1616840159259664,1.0,0.189309275809391
27/04/2019 19:00,1.0,0.1616840159259664,1.0,0.189309275809391
27/04/2019 20:00,1.0,0.1616840159259664,1.0,0.189309275809391
27/04/2019 21:00,1.0,0.1616840159259664,1.0,0.189309275809391
27/04/2019 22:00,1.0,0.1616840159259664,1.0,0.189309275809391
27/04/2019 23:00,1.0,0.1616840159259664,1.0,0.189309275809391
28/04/2019 00:00,1.0,0.1616840159259664,1.0,0.189309275809391
28/04/2019 01:00,1.0,0.1616840159259664,1.0,0.189309275809391
28/04/2019 02:00,1.0,0.1616840159259664,1.0,0.189309275809391
28/04/2019 03:00,1.0,0.1616840159259664,1.0,0.189309275809391
28/04/2019 04:00,1.0,0.1616840159259664,1.0,0.189309275809391
28/04/2019 05:00,1.0,0.1616840159259664,1.0,0.189309275809391
28/04/2019 06:00,1.0,0.1616840159259664,1.0,0.189309275809391
28/04/2019 07:00,1.0,0.1616840159259664,1.0,0.189309275809391
28/04/2019 08:00,1.0,0.1616840159259664,1.0,0.189309275809391
28/04/2019 09:00,1.0,0.1616840159259664,1.0,0.189309275809391
28/04/2019 10:00,1.0,0.1616840159259664,1.0,0.189309275809391
28/04/2019 11:00,1.0,0.1616840159259664,1.0,0.189309275809391
28/04/2019 12:00,1.0,0.1616840159259664,1.0,0.189309275809391
28/04/2019 13:00,1.0,0.1616840159259664,1.0,0.189309275809391
28/04/2019 14:00,1.0,0.1616840159259664,1.0,0.189309275809391
28/04/2019 15:00,1.0,0.1616840159259664,1.0,0.189309275809391
28/04/2019 16:00,1.0,0.1616840159259664,1.0,0.189309275809391
28/04/2019 17:00,1.0,0.1616840159259664,1.0,0.189309275809391
28/04/2019 18:00,1.0,0.1616840159259664,1.0,0.189309275809391
28/04/2019 19:00,1.0,0.1616840159259664,1.0,0.189309275809391
28/04/2019 20:00,1.0,0.1616840159259664,1.0,0.189309275809391
28/04/2019 21:00,1.0,0.1616840159259664,1.0,0.189309275809391
28/04/2019 22:00,1.0,0.1616840159259664,1.0,0.189309275809391
28/04/2019 23:00,1.0,0.1616840159259664,1.0,0.189309275809391
29/04/2019 00:00,1.0,0.1616840159259664,1.0,0.189309275809391
29/04/2019 01:00,1.0,0.1616840159259664,1.0,0.189309275809391
29/04/2019 02:00,1.0,0.1616840159259664,1.0,0.189309275809391
29/04/2019 03:00,1.0,0.1616840159259664,1.0,0.189309275809391
29/04/2019 04:00,1.0,0.1616840159259664,1.0,0.189309275809391
29/04/2019 05:00,1.0,0.1616840159259664,1.0,0.189309275809391
29/04/2019 06:00,1.0,0.1616840159259664,1.0,0.189309275809391
29/04/2019 07:00,1.0,0.1616840159259664,1.0,0.189309275809391
29/04/2019 08:00,1.0,0.1616840159259664,1.0,0.189309275809391
29/04/2019 09:00,1.0,0.1616840159259664,1.0,0.189309275809391
29/04/2019 10:00,1.0,0.1616840159259664,1.0,0.189309275809391
29/04/2019 11:00,1.0,0.1616840159259664,1.0,0.189309275809391
29/04/2019 12:00,1.0,0.1616840159259664,1.0,0.189309275809391
29/04/2019 13:00,1.0,0.1616840159259664,1.0,0.189309275809391
29/04/2019 14:00,1.0,0.1616840159259664,1.0,0.189309275809391
29/04/2019 15:00,1.0,0.1616840159259664,1.0,0.189309275809391
29/04/2019 16:00,1.0,0.1616840159259664,1.0,0.189309275809391
29/04/2019 17:00,1.0,0.1616840159259664,1.0,0.189309275809391
29/04/2019 18:00,1.0,0.1616840159259664,1.0,0.189309275809391
29/04/2019 19:00,1.0,0.1616840159259664,1.0,0.189309275809391
29/04/2019 20:00,1.0,0.1616840159259664,1.0,0.189309275809391
29/04/2019 21:00,1.0,0.1616840159259664,1.0,0.189309275809391
29/04/2019 22:00,1.0,0.1616840159259664,1.0,0.189309275809391
29/04/2019 23:00,1.0,0.1616840159259664,1.0,0.189309275809391
30/04/2019 00:00,1.0,0.1616840159259664,1.0,0.189309275809391
30/04/2019 01:00,1.0,0.1616840159259664,1.0,0.189309275809391
30/04/2019 02:00,1.0,0.1616840159259664,1.0,0.189309275809391
30/04/2019 03:00,1.0,0.1616840159259664,1.0,0.189309275809391
30/04/2019 04:00,1.0,0.1616840159259664,1.0,0.189309275809391
30/04/2019 05:00,1.0,0.1616840159259664,1.0,0.189309275809391
30/04/2019 06:00,1.0,0.1616840159259664,1.0,0.189309275809391
30/04/2019 07:00,1.0,0.1616840159259664,1.0,0.189309275809391
30/04/2019 08:00,1.0,0.1616840159259664,1.0,0.189309275809391
30/04/2019 09:00,1.0,0.1616840159259664,1.0,0.189309275809391
30/04/2019 10:00,1.0,0.1616840159259664,1.0,0.189309275809391
30/04/2019 11:00,1.0,0.1616840159259664,1.0,0.189309275809391
30/04/2019 12:00,1.0,0.1616840159259664,1.0,0.189309275809391
30/04/2019 13:00,1.0,0.1616840159259664,1.0,0.189309275809391
30/04/2019 14:00,1.0,0.1616840159259664,1.0,0.189309275809391
30/04/2019 15:00,1.0,0.1616840159259664,1.0,0.189309275809391
30/04/2019 16:00,1.0,0.1616840159259664,1.0,0.189309275809391
30/04/2019 17:00,1.0,0.1616840159259664,1.0,0.189309275809391
30/04/2019 18:00,1.0,0.1616840159259664,1.0,0.189309275809391
30/04/2019 19:00,1.0,0.1616840159259664,1.0,0.189309275809391
30/04/2019 20:00,1.0,0.1616840159259664,1.0,0.189309275809391
30/04/2019 21:00,1.0,0.1616840159259664,1.0,0.189309275809391
30/04/2019 22:00,1.0,0.1616840159259664,1.0,0.189309275809391
30/04/2019 23:00,1.0,0.1616840159259664,1.0,0.189309275809391
01/05/2019 00:00,1.0,0.0998069057912613,0.6944467350589962,0.1119071619614847
01/05/2019 01:00,1.0,0.0998069057912613,0.6944467350589962,0.1119071619614847
01/05/2019 02:00,1.0,0.0998069057912613,0.6944467350589962,0.1119071619614847
01/05/2019 03:00,1.0,0.0998069057912613,0.6944467350589962,0.1119071619614847
01/05/2019 04:00,1.0,0.0998069057912613,0.6944467350589962,0.1119071619614847
01/05/2019 05:00,1.0,0.0998069057912613,0.6944467350589962,0.1119071619614847
01/05/2019 06:00,1.0,0.0998069057912613,0.6944467350589962,0.1119071619614847
01/05/2019 07:00,1.0,0.0998069057912613,0.6944467350589962,0.1119071619614847
01/05/2019 08:00,1.0,0.0998069057912613,0.6944467350589962,0.1119071619614847
01/05/2019 09:00,1.0,0.0998069057912613,0.6944467350589962,0.1119071619614847
01/05/2019 10:00,1.0,0.0998069057912613,0.6944467350589962,0.1119071619614847
01/05/2019 11:00,1.0,0.0998069057912613,0.6944467350589962,0.1119071619614847
01/05/2019 12:00,1.0,0.0998069057912613,0.6944467350589962,0.1119071619614847
01/05/2019 13:00,1.0,0.0998069057912613,0.6944467350589962,0.1119071619614847
01/05/2019 14:00,1.0,0.0998069057912613,0.6944467350589962,0.1119071619614847
01/05/2019 15:00,1.0,0.0998069057912613,0.6944467350589962,0.1119071619614847
01/05/2019 16:00,1.0,0.0998069057912613,0.6944467350589962,0.1119071619614847
01/05/2019 17:00,1.0,0.0998069057912613,0.6944467350589962,0.1119071619614847
01/05/2019 18:00,1.0,0.0998069057912613,0.6944467350589962,0.1119071619614847
01/05/2019 19:00,1.0,0.0998069057912613,0.6944467350589962,0.1119071619614847
01/05/2019 20:00,1.0,0.0998069057912613,0.6944467350589962,0.1119071619614847
01/05/2019 21:00,1.0,0.0998069057912613,0.6944467350589962,0.1119071619614847
01/05/2019 22:00,1.0,0.0998069057912613,0.6944467350589962,0.1119071619614847
01/05/2019 23:00,1.0,0.0998069057912613,0.6944467350589962,0.1119071619614847
02/05/2019 00:00,1.0,0.0998069057912613,0.6944467350589962,0.1119071619614847
02/05/2019 01:00,1.0,0.0998069057912613,0.6944467350589962,0.1119071619614847
02/05/2019 02:00,1.0,0.0998069057912613,0.6944467350589962,0.1119071619614847
02/05/2019 03:00,1.0,0.0998069057912613,0.6944467350589962,0.1119071619614847
02/05/2019 04:00,1.0,0.0998069057912613,0.6944467350589962,0.1119071619614847
02/05/2019 05:00,1.0,0.0998069057912613,0.6944467350589962,0.1119071619614847
02/05/2019 06:00,1.0,0.0998069057912613,0.6944467350589962,0.1119071619614847
02/05/2019 07:00,1.0,0.0998069057912613,0.6944467350589962,0.1119071619614847
02/05/2019 08:00,1.0,0.0998069057912613,0.6944467350589962,0.1119071619614847
02/05/2019 09:00,1.0,0.0998069057912613,0.6944467350589962,0.1119071619614847
02/05/2019 10:00,1.0,0.0998069057912613,0.6944467350589962,0.1119071619614847
02/05/2019 11:00,1.0,0.0998069057912613,0.6944467350589962,0.1119071619614847
02/05/2019 12:00,1.0,0.0998069057912613,0.6944467350589962,0.1119071619614847
02/05/2019 13:00,1.0,0.0998069057912613,0.6944467350589962,0.1119071619614847
02/05/2019 14:00,1.0,0.0998069057912613,0.6944467350589962,0.1119071619614847
02/05/2019 15:00,1.0,0.0998069057912613,0.6944467350589962,0.1119071619614847
02/05/2019 16:00,1.0,0.0998069057912613,0.6944467350589962,0.1119071619614847
02/05/2019 17:00,1.0,0.0998069057912613,0.6944467350589962,0.1119071619614847
02/05/2019 18:00,1.0,0.0998069057912613,0.6944467350589962,0.1119071619614847
02/05/2019 19:00,1.0,0.0998069057912613,0.6944467350589962,0.1119071619614847
02/05/2019 20:00,1.0,0.0998069057912613,0.6944467350589962,0.1119071619614847
02/05/2019 21:00,1.0,0.0998069057912613,0.6944467350589962,0.1119071619614847
02/05/2019 22:00,1.0,0.0998069057912613,0.6944467350589962,0.1119071619614847
02/05/2019 23:00,1.0,0.0998069057912613,0.6944467350589962,0.1119071619614847
03/05/2019 00:00,1.0,0.0998069057912613,0.6944467350589962,0.1119071619614847
03/05/2019 01:00,1.0,0.0998069057912613,0.6944467350589962,0.1119071619614847
03/05/2019 02:00,1.0,0.0998069057912613,0.6944467350589962,0.1119071619614847
03/05/2019 03:00,1.0,0.0998069057912613,0.6944467350589962,0.1119071619614847
03/05/2019 04:00,1.0,0.0998069057912613,0.6944467350589962,0.1119071619614847
03/05/2019 05:00,1.0,0.0998069057912613,0.6944467350589962,0.1119071619614847
03/05/2019 06:00,1.0,0.0998069057912613,0.6944467350589962,0.1119071619614847
03/05/2019 07:00,1.0,0.0998069057912613,0.6944467350589962,0.1119071619614847
03/05/2019 08:00,1.0,0.0998069057912613,0.6944467350589962,0.1119071619614847
03/05/2019 09:00,1.0,0.0998069057912613,0.6944467350589962,0.1119071619614847
03/05/2019 10:00,1.0,0.0998069057912613,0.6944467350589962,0.1119071619614847
03/05/2019 11:00,1.0,0.0998069057912613,0.6944467350589962,0.1119071619614847
03/05/2019 12:00,1.0,0.0998069057912613,0.6944467350589962,0.1119071619614847
03/05/2019 13:00,1.0,0.0998069057912613,0.6944467350589962,0.1119071619614847
03/05/2019 14:00,1.0,0.0998069057912613,0.6944467350589962,0.1119071619614847
03/05/2019 15:00,1.0,0.0998069057912613,0.6944467350589962,0.1119071619614847
03/05/2019 16:00,1.0,0.0998069057912613,0.6944467350589962,0.1119071619614847
03/05/2019 17:00,1.0,0.0998069057912613,0.6944467350589962,0.1119071619614847
03/05/2019 18:00,1.0,0.0998069057912613,0.6944467350589962,0.1119071619614847
03/05/2019 19:00,1.0,0.0998069057912613,0.6944467350589962,0.1119071619614847
03/05/2019 20:00,1.0,0.0998069057912613,0.6944467350589962,0.1119071619614847
03/05/2019 21:00,1.0,0.0998069057912613,0.6944467350589962,0.1119071619614847
03/05/2019 22:00,1.0,0.0998069057912613,0.6944467350589962,0.1119071619614847
03/05/2019 23:00,1.0,0.0998069057912613,0.6944467350589962,0.1119071619614847
04/05/2019 00:00,1.0,0.0998069057912613,0.6944467350589962,0.1119071619614847
04/05/2019 01:00,1.0,0.0998069057912613,0.6944467350589962,0.1119071619614847
04/05/2019 02:00,1.0,0.0998069057912613,0.6944467350589962,0.1119071619614847
04/05/2019 03:00,1.0,0.0998069057912613,0.6944467350589962,0.1119071619614847
04/05/2019 04:00,1.0,0.0998069057912613,0.6944467350589962,0.1119071619614847
04/05/2019 05:00,1.0,0.0998069057912613,0.6944467350589962,0.1119071619614847
04/05/2019 06:00,1.0,0.0998069057912613,0.6944467350589962,0.1119071619614847
04/05/2019 07:00,1.0,0.0998069057912613,0.6944467350589962,0.1119071619614847
04/05/2019 08:00,1.0,0.0998069057912613,0.6944467350589962,0.1119071619614847
04/05/2019 09:00,1.0,0.0998069057912613,0.6944467350589962,0.1119071619614847
04/05/2019 10:00,1.0,0.0998069057912613,0.6944467350589962,0.1119071619614847
04/05/2019 11:00,1.0,0.0998069057912613,0.6944467350589962,0.1119071619614847
04/05/2019 12:00,1.0,0.0998069057912613,0.6944467350589962,0.1119071619614847
04/05/2019 13:00,1.0,0.0998069057912613,0.6944467350589962,0.1119071619614847
04/05/2019 14:00,1.0,0.0998069057912613,0.6944467350589962,0.1119071619614847
04/05/2019 15:00,1.0,0.0998069057912613,0.6944467350589962,0.1119071619614847
04/05/2019 16:00,1.0,0.0998069057912613,0.6944467350589962,0.1119071619614847
04/05/2019 17:00,1.0,0.0998069057912613,0.6944467350589962,0.1119071619614847
04/05/2019 18:00,1.0,0.0998069057912613,0.6944467350589962,0.1119071619614847
04/05/2019 19:00,1.0,0.0998069057912613,0.6944467350589962,0.1119071619614847
04/05/2019 20:00,1.0,0.0998069057912613,0.6944467350589962,0.1119071619614847
04/05/2019 21:00,1.0,0.0998069057912613,0.6944467350589962,0.1119071619614847
04/05/2019 22:00,1.0,0.0998069057912613,0.6944467350589962,0.1119071619614847
04/05/2019 23:00,1.0,0.0998069057912613,0.6944467350589962,0.1119071619614847
05/05/2019 00:00,1.0,0.0998069057912613,0.6944467350589962,0.1119071619614847
05/05/2019 01:00,1.0,0.0998069057912613,0.6944467350589962,0.1119071619614847
05/05/2019 02:00,1.0,0.0998069057912613,0.6944467350589962,0.1119071619614847
05/05/2019 03:00,1.0,0.0998069057912613,0.6944467350589962,0.1119071619614847
05/05/2019 04:00,1.0,0.0998069057912613,0.6944467350589962,0.1119071619614847
05/05/2019 05:00,1.0,0.0998069057912613,0.6944467350589962,0.1119071619614847
05/05/2019 06:00,1.0,0.0998069057912613,0.6944467350589962,0.1119071619614847
05/05/2019 07:00,1.0,0.0998069057912613,0.6944467350589962,0.1119071619614847
05/05/2019 08:00,1.0,0.0998069057912613,0.6944467350589962,0.1119071619614847
05/05/2019 09:00,1.0,0.0998069057912613,0.6944467350589962,0.1119071619614847
05/05/2019 10:00,1.0,0.0998069057912613,0.6944467350589962,0.1119071619614847
05/05/2019 11:00,1.0,0.0998069057912613,0.6944467350589962,0.1119071619614847
05/05/2019 12:00,1.0,0.0998069057912613,0.6944467350589962,0.1119071619614847
05/05/2019 13:00,1.0,0.0998069057912613,0.6944467350589962,0.1119071619614847
05/05/2019 14:00,1.0,0.0998069057912613,0.6944467350589962,0.1119071619614847
05/05/2019 15:00,1.0,0.0998069057912613,0.6944467350589962,0.1119071619614847
05/05/2019 16:00,1.0,0.0998069057912613,0.6944467350589962,0.1119071619614847
05/05/2019 17:00,1.0,0.0998069057912613,0.6944467350589962,0.1119071619614847
05/05/2019 18:00,1.0,0.0998069057912613,0.6944467350589962,0.1119071619614847
05/05/2019 19:00,1.0,0.0998069057912613,0.6944467350589962,0.1119071619614847
05/05/2019 20:00,1.0,0.0998069057912613,0.6944467350589962,0.1119071619614847
05/05/2019 21:00,1.0,0.0998069057912613,0.6944467350589962,0.1119071619614847
05/05/2019 22:00,1.0,0.0998069057912613,0.6944467350589962,0.1119071619614847
05/05/2019 23:00,1.0,0.0998069057912613,0.6944467350589962,0.1119071619614847
06/05/2019 00:00,1.0,0.0998069057912613,0.6944467350589962,0.1119071619614847
06/05/2019 01:00,1.0,0.0998069057912613,0.6944467350589962,0.1119071619614847
06/05/2019 02:00,1.0,0.0998069057912613,0.6944467350589962,0.1119071619614847
06/05/2019 03:00,1.0,0.0998069057912613,0.6944467350589962,0.1119071619614847
06/05/2019 04:00,1.0,0.0998069057912613,0.6944467350589962,0.1119071619614847
06/05/2019 05:00,1.0,0.0998069057912613,0.6944467350589962,0.1119071619614847
06/05/2019 06:00,1.0,0.0998069057912613,0.6944467350589962,0.1119071619614847
06/05/2019 07:00,1.0,0.0998069057912613,0.6944467350589962,0.1119071619614847
06/05/2019 08:00,1.0,0.0998069057912613,0.6944467350589962,0.1119071619614847
06/05/2019 09:00,1.0,0.0998069057912613,0.6944467350589962,0.1119071619614847
06/05/2019 10:00,1.0,0.0998069057912613,0.6944467350589962,0.1119071619614847
06/05/2019 11:00,1.0,0.0998069057912613,0.6944467350589962,0.1119071619614847
06/05/2019 12:00,1.0,0.0998069057912613,0.6944467350589962,0.1119071619614847
06/05/2019 13:00,1.0,0.0998069057912613,0.6944467350589962,0.1119071619614847
06/05/2019 14:00,1.0,0.0998069057912613,0.6944467350589962,0.1119071619614847
06/05/2019 15:00,1.0,0.0998069057912613,0.6944467350589962,0.1119071619614847
06/05/2019 16:00,1.0,0.0998069057912613,0.6944467350589962,0.1119071619614847
06/05/2019 17:00,1.0,0.0998069057912613,0.6944467350589962,0.1119071619614847
06/05/2019 18:00,1.0,0.0998069057912613,0.6944467350589962,0.1119071619614847
06/05/2019 19:00,1.0,0.0998069057912613,0.6944467350589962,0.1119071619614847
06/05/2019 20:00,1.0,0.0998069057912613,0.6944467350589962,0.1119071619614847
06/05/2019 21:00,1.0,0.0998069057912613,0.6944467350589962,0.1119071619614847
06/05/2019 22:00,1.0,0.0998069057912613,0.6944467350589962,0.1119071619614847
06/05/2019 23:00,1.0,0.0998069057912613,0.6944467350589962,0.1119071619614847
07/05/2019 00:00,1.0,0.0998069057912613,0.6944467350589962,0.1119071619614847
07/05/2019 01:00,1.0,0.0998069057912613,0.6944467350589962,0.1119071619614847
07/05/2019 02:00,1.0,0.0998069057912613,0.6944467350589962,0.1119071619614847
07/05/2019 03:00,1.0,0.0998069057912613,0.6944467350589962,0.1119071619614847
07/05/2019 04:00,1.0,0.0998069057912613,0.6944467350589962,0.1119071619614847
07/05/2019 05:00,1.0,0.0998069057912613,0.6944467350589962,0.1119071619614847
07/05/2019 06:00,1.0,0.0998069057912613,0.6944467350589962,0.1119071619614847
07/05/2019 07:00,1.0,0.0998069057912613,0.6944467350589962,0.1119071619614847
07/05/2019 08:00,1.0,0.0998069057912613,0.6944467350589962,0.1119071619614847
07/05/2019 09:00,1.0,0.0998069057912613,0.6944467350589962,0.1119071619614847
07/05/2019 10:00,1.0,0.0998069057912613,0.6944467350589962,0.1119071619614847
07/05/2019 11:00,1.0,0.0998069057912613,0.6944467350589962,0.1119071619614847
07/05/2019 12:00,1.0,0.0998069057912613,0.6944467350589962,0.1119071619614847
07/05/2019 13:00,1.0,0.0998069057912613,0.6944467350589962,0.1119071619614847
07/05/2019 14:00,1.0,0.0998069057912613,0.6944467350589962,0.1119071619614847
07/05/2019 15:00,1.0,0.0998069057912613,0.6944467350589962,0.1119071619614847
07/05/2019 16:00,1.0,0.0998069057912613,0.6944467350589962,0.1119071619614847
07/05/2019 17:00,1.0,0.0998069057912613,0.6944467350589962,0.1119071619614847
07/05/2019 18:00,1.0,0.0998069057912613,0.6944467350589962,0.1119071619614847
07/05/2019 19:00,1.0,0.0998069057912613,0.6944467350589962,0.1119071619614847
07/05/2019 20:00,1.0,0.0998069057912613,0.6944467350589962,0.1119071619614847
07/05/2019 21:00,1.0,0.0998069057912613,0.6944467350589962,0.1119071619614847
07/05/2019 22:00,1.0,0.0998069057912613,0.6944467350589962,0.1119071619614847
07/05/2019 23:00,1.0,0.0998069057912613,0.6944467350589962,0.1119071619614847
08/05/2019 00:00,1.0,0.0998069057912613,0.6944467350589962,0.1119071619614847
08/05/2019 01:00,1.0,0.0998069057912613,0.6944467350589962,0.1119071619614847
08/05/2019 02:00,1.0,0.0998069057912613,0.6944467350589962,0.1119071619614847
08/05/2019 03:00,1.0,0.0998069057912613,0.6944467350589962,0.1119071619614847
08/05/2019 04:00,1.0,0.0998069057912613,0.6944467350589962,0.1119071619614847
08/05/2019 05:00,1.0,0.0998069057912613,0.6944467350589962,0.1119071619614847
08/05/2019 06:00,1.0,0.0998069057912613,0.6944467350589962,0.1119071619614847
08/05/2019 07:00,1.0,0.0998069057912613,0.6944467350589962,0.1119071619614847
08/05/2019 08:00,1.0,0.0998069057912613,0.6944467350589962,0.1119071619614847
08/05/2019 09:00,1.0,0.0998069057912613,0.6944467350589962,0.1119071619614847
08/05/2019 10:00,1.0,0.0998069057912613,0.6944467350589962,0.1119071619614847
08/05/2019 11:00,1.0,0.0998069057912613,0.6944467350589962,0.1119071619614847
08/05/2019 12:00,1.0,0.0998069057912613,0.6944467350589962,0.1119071619614847
08/05/2019 13:00,1.0,0.0998069057912613,0.6944467350589962,0.1119071619614847
08/05/2019 14:00,1.0,0.0998069057912613,0.6944467350589962,0.1119071619614847
08/05/2019 15:00,1.0,0.0998069057912613,0.6944467350589962,0.1119071619614847
08/05/2019 16:00,1.0,0.0998069057912613,0.6944467350589962,0.1119071619614847
08/05/2019 17:00,1.0,0.0998069057912613,0.6944467350589962,0.1119071619614847
08/05/2019 18:00,1.0,0.0998069057912613,0.6944467350589962,0.1119071619614847
08/05/2019 19:00,1.0,0.0998069057912613,0.6944467350589962,0.1119071619614847
08/05/2019 20:00,1.0,0.0998069057912613,0.6944467350589962,0.1119071619614847
08/05/2019 21:00,1.0,0.0998069057912613,0.6944467350589962,0.1119071619614847
08/05/2019 22:00,1.0,0.0998069057912613,0.6944467350589962,0.1119071619614847
08/05/2019 23:00,1.0,0.0998069057912613,0.6944467350589962,0.1119071619614847
09/05/2019 00:00,1.0,0.0998069057912613,0.6944467350589962,0.1119071619614847
09/05/2019 01:00,1.0,0.0998069057912613,0.6944467350589962,0.1119071619614847
09/05/2019 02:00,1.0,0.0998069057912613,0.6944467350589962,0.1119071619614847
09/05/2019 03:00,1.0,0.0998069057912613,0.6944467350589962,0.1119071619614847
09/05/2019 04:00,1.0,0.0998069057912613,0.6944467350589962,0.1119071619614847
09/05/2019 05:00,1.0,0.0998069057912613,0.6944467350589962,0.1119071619614847
09/05/2019 06:00,1.0,0.0998069057912613,0.6944467350589962,0.1119071619614847
09/05/2019 07:00,1.0,0.0998069057912613,0.6944467350589962,0.1119071619614847
09/05/2019 08:00,1.0,0.0998069057912613,0.6944467350589962,0.1119071619614847
09/05/2019 09:00,1.0,0.0998069057912613,0.6944467350589962,0.1119071619614847
09/05/2019 10:00,1.0,0.0998069057912613,0.6944467350589962,0.1119071619614847
09/05/2019 11:00,1.0,0.0998069057912613,0.6944467350589962,0.1119071619614847
09/05/2019 12:00,1.0,0.0998069057912613,0.6944467350589962,0.1119071619614847
09/05/2019 13:00,1.0,0.0998069057912613,0.6944467350589962,0.1119071619614847
09/05/2019 14:00,1.0,0.0998069057912613,0.6944467350589962,0.1119071619614847
09/05/2019 15:00,1.0,0.0998069057912613,0.6944467350589962,0.1119071619614847
09/05/2019 16:00,1.0,0.0998069057912613,0.6944467350589962,0.1119071619614847
09/05/2019 17:00,1.0,0.0998069057912613,0.6944467350589962,0.1119071619614847
09/05/2019 18:00,1.0,0.0998069057912613,0.6944467350589962,0.1119071619614847
09/05/2019 19:00,1.0,0.0998069057912613,0.6944467350589962,0.1119071619614847
09/05/2019 20:00,1.0,0.0998069057912613,0.6944467350589962,0.1119071619614847
09/05/2019 21:00,1.0,0.0998069057912613,0.6944467350589962,0.1119071619614847
09/05/2019 22:00,1.0,0.0998069057912613,0.6944467350589962,0.1119071619614847
09/05/2019 23:00,1.0,0.0998069057912613,0.6944467350589962,0.1119071619614847
10/05/2019 00:00,1.0,0.0998069057912613,0.6944467350589962,0.1119071619614847
10/05/2019 01:00,1.0,0.0998069057912613,0.6944467350589962,0.1119071619614847
10/05/2019 02:00,1.0,0.0998069057912613,0.6944467350589962,0.1119071619614847
10/05/2019 03:00,1.0,0.0998069057912613,0.6944467350589962,0.1119071619614847
10/05/2019 04:00,1.0,0.0998069057912613,0.6944467350589962,0.1119071619614847
10/05/2019 05:00,1.0,0.0998069057912613,0.6944467350589962,0.1119071619614847
10/05/2019 06:00,1.0,0.0998069057912613,0.6944467350589962,0.1119071619614847
10/05/2019 07:00,1.0,0.0998069057912613,0.6944467350589962,0.1119071619614847
10/05/2019 08:00,1.0,0.0998069057912613,0.6944467350589962,0.1119071619614847
10/05/2019 09:00,1.0,0.0998069057912613,0.6944467350589962,0.1119071619614847
10/05/2019 10:00,1.0,0.0998069057912613,0.6944467350589962,0.1119071619614847
10/05/2019 11:00,1.0,0.0998069057912613,0.6944467350589962,0.1119071619614847
10/05/2019 12:00,1.0,0.0998069057912613,0.6944467350589962,0.1119071619614847
10/05/2019 13:00,1.0,0.0998069057912613,0.6944467350589962,0.1119071619614847
10/05/2019 14:00,1.0,0.0998069057912613,0.6944467350589962,0.1119071619614847
10/05/2019 15:00,1.0,0.0998069057912613,0.6944467350589962,0.1119071619614847
10/05/2019 16:00,1.0,0.0998069057912613,0.6944467350589962,0.1119071619614847
10/05/2019 17:00,1.0,0.0998069057912613,0.6944467350589962,0.1119071619614847
10/05/2019 18:00,1.0,0.0998069057912613,0.6944467350589962,0.1119071619614847
10/05/2019 19:00,1.0,0.0998069057912613,0.6944467350589962,0.1119071619614847
10/05/2019 20:00,1.0,0.0998069057912613,0.6944467350589962,0.1119071619614847
10/05/2019 21:00,1.0,0.0998069057912613,0.6944467350589962,0.1119071619614847
10/05/2019 22:00,1.0,0.0998069057912613,0.6944467350589962,0.1119071619614847
10/05/2019 23:00,1.0,0.0998069057912613,0.6944467350589962,0.1119071619614847
11/05/2019 00:00,1.0,0.0998069057912613,0.6944467350589962,0.1119071619614847
11/05/2019 01:00,1.0,0.0998069057912613,0.6944467350589962,0.1119071619614847
11/05/2019 02:00,1.0,0.0998069057912613,0.6944467350589962,0.1119071619614847
11/05/2019 03:00,1.0,0.0998069057912613,0.6944467350589962,0.1119071619614847
11/05/2019 04:00,1.0,0.0998069057912613,0.6944467350589962,0.1119071619614847
11/05/2019 05:00,1.0,0.0998069057912613,0.6944467350589962,0.1119071619614847
11/05/2019 06:00,1.0,0.0998069057912613,0.6944467350589962,0.1119071619614847
11/05/2019 07:00,1.0,0.0998069057912613,0.6944467350589962,0.1119071619614847
11/05/2019 08:00,1.0,0.0998069057912613,0.6944467350589962,0.1119071619614847
11/05/2019 09:00,1.0,0.0998069057912613,0.6944467350589962,0.1119071619614847
11/05/2019 10:00,1.0,0.0998069057912613,0.6944467350589962,0.1119071619614847
11/05/2019 11:00,1.0,0.0998069057912613,0.6944467350589962,0.1119071619614847
11/05/2019 12:00,1.0,0.0998069057912613,0.6944467350589962,0.1119071619614847
11/05/2019 13:00,1.0,0.0998069057912613,0.6944467350589962,0.1119071619614847
11/05/2019 14:00,1.0,0.0998069057912613,0.6944467350589962,0.1119071619614847
11/05/2019 15:00,1.0,0.0998069057912613,0.6944467350589962,0.1119071619614847
11/05/2019 16:00,1.0,0.0998069057912613,0.6944467350589962,0.1119071619614847
11/05/2019 17:00,1.0,0.0998069057912613,0.6944467350589962,0.1119071619614847
11/05/2019 18:00,1.0,0.0998069057912613,0.6944467350589962,0.1119071619614847
11/05/2019 19:00,1.0,0.0998069057912613,0.6944467350589962,0.1119071619614847
11/05/2019 20:00,1.0,0.0998069057912613,0.6944467350589962,0.1119071619614847
11/05/2019 21:00,1.0,0.0998069057912613,0.6944467350589962,0.1119071619614847
11/05/2019 22:00,1.0,0.0998069057912613,0.6944467350589962,0.1119071619614847
11/05/2019 23:00,1.0,0.0998069057912613,0.6944467350589962,0.1119071619614847
12/05/2019 00:00,1.0,0.0998069057912613,0.6944467350589962,0.1119071619614847
12/05/2019 01:00,1.0,0.0998069057912613,0.6944467350589962,0.1119071619614847
12/05/2019 02:00,1.0,0.0998069057912613,0.6944467350589962,0.1119071619614847
12/05/2019 03:00,1.0,0.0998069057912613,0.6944467350589962,0.1119071619614847
12/05/2019 04:00,1.0,0.0998069057912613,0.6944467350589962,0.1119071619614847
12/05/2019 05:00,1.0,0.0998069057912613,0.6944467350589962,0.1119071619614847
12/05/2019 06:00,1.0,0.0998069057912613,0.6944467350589962,0.1119071619614847
12/05/2019 07:00,1.0,0.0998069057912613,0.6944467350589962,0.1119071619614847
12/05/2019 08:00,1.0,0.0998069057912613,0.6944467350589962,0.1119071619614847
12/05/2019 09:00,1.0,0.0998069057912613,0.6944467350589962,0.1119071619614847
12/05/2019 10:00,1.0,0.0998069057912613,0.6944467350589962,0.1119071619614847
12/05/2019 11:00,1.0,0.0998069057912613,0.6944467350589962,0.1119071619614847
12/05/2019 12:00,1.0,0.0998069057912613,0.6944467350589962,0.1119071619614847
12/05/2019 13:00,1.0,0.0998069057912613,0.6944467350589962,0.1119071619614847
12/05/2019 14:00,1.0,0.0998069057912613,0.6944467350589962,0.1119071619614847
12/05/2019 15:00,1.0,0.0998069057912613,0.6944467350589962,0.1119071619614847
12/05/2019 16:00,1.0,0.0998069057912613,0.6944467350589962,0.1119071619614847
12/05/2019 17:00,1.0,0.0998069057912613,0.6944467350589962,0.1119071619614847
12/05/2019 18:00,1.0,0.0998069057912613,0.6944467350589962,0.1119071619614847
12/05/2019 19:00,1.0,0.0998069057912613,0.6944467350589962,0.1119071619614847
12/05/2019 20:00,1.0,0.0998069057912613,0.6944467350589962,0.1119071619614847
12/05/2019 21:00,1.0,0.0998069057912613,0.6944467350589962,0.1119071619614847
12/05/2019 22:00,1.0,0.0998069057912613,0.6944467350589962,0.1119071619614847
12/05/2019 23:00,1.0,0.0998069057912613,0.6944467350589962,0.1119071619614847
13/05/2019 00:00,1.0,0.0998069057912613,0.6944467350589962,0.1119071619614847
13/05/2019 01:00,1.0,0.0998069057912613,0.6944467350589962,0.1119071619614847
13/05/2019 02:00,1.0,0.0998069057912613,0.6944467350589962,0.1119071619614847
13/05/2019 03:00,1.0,0.0998069057912613,0.6944467350589962,0.1119071619614847
13/05/2019 04:00,1.0,0.0998069057912613,0.6944467350589962,0.1119071619614847
13/05/2019 05:00,1.0,0.0998069057912613,0.6944467350589962,0.1119071619614847
13/05/2019 06:00,1.0,0.0998069057912613,0.6944467350589962,0.1119071619614847
13/05/2019 07:00,1.0,0.0998069057912613,0.6944467350589962,0.1119071619614847
13/05/2019 08:00,1.0,0.0998069057912613,0.6944467350589962,0.1119071619614847
13/05/2019 09:00,1.0,0.0998069057912613,0.6944467350589962,0.1119071619614847
13/05/2019 10:00,1.0,0.0998069057912613,0.6944467350589962,0.1119071619614847
13/05/2019 11:00,1.0,0.0998069057912613,0.6944467350589962,0.1119071619614847
13/05/2019 12:00,1.0,0.0998069057912613,0.6944467350589962,0.1119071619614847
13/05/2019 13:00,1.0,0.0998069057912613,0.6944467350589962,0.1119071619614847
13/05/2019 14:00,1.0,0.0998069057912613,0.6944467350589962,0.1119071619614847
13/05/2019 15:00,1.0,0.0998069057912613,0.6944467350589962,0.1119071619614847
13/05/2019 16:00,1.0,0.0998069057912613,0.6944467350589962,0.1119071619614847
13/05/2019 17:00,1.0,0.0998069057912613,0.6944467350589962,0.1119071619614847
13/05/2019 18:00,1.0,0.0998069057912613,0.6944467350589962,0.1119071619614847
13/05/2019 19:00,1.0,0.0998069057912613,0.6944467350589962,0.1119071619614847
13/05/2019 20:00,1.0,0.0998069057912613,0.6944467350589962,0.1119071619614847
13/05/2019 21:00,1.0,0.0998069057912613,0.6944467350589962,0.1119071619614847
13/05/2019 22:00,1.0,0.0998069057912613,0.6944467350589962,0.1119071619614847
13/05/2019 23:00,1.0,0.0998069057912613,0.6944467350589962,0.1119071619614847
14/05/2019 00:00,1.0,0.0998069057912613,0.6944467350589962,0.1119071619614847
14/05/2019 01:00,1.0,0.0998069057912613,0.6944467350589962,0.1119071619614847
14/05/2019 02:00,1.0,0.0998069057912613,0.6944467350589962,0.1119071619614847
14/05/2019 03:00,1.0,0.0998069057912613,0.6944467350589962,0.1119071619614847
14/05/2019 04:00,1.0,0.0998069057912613,0.6944467350589962,0.1119071619614847
14/05/2019 05:00,1.0,0.0998069057912613,0.6944467350589962,0.1119071619614847
14/05/2019 06:00,1.0,0.0998069057912613,0.6944467350589962,0.1119071619614847
14/05/2019 07:00,1.0,0.0998069057912613,0.6944467350589962,0.1119071619614847
14/05/2019 08:00,1.0,0.0998069057912613,0.6944467350589962,0.1119071619614847
14/05/2019 09:00,1.0,0.0998069057912613,0.6944467350589962,0.1119071619614847
14/05/2019 10:00,1.0,0.0998069057912613,0.6944467350589962,0.1119071619614847
14/05/2019 11:00,1.0,0.0998069057912613,0.6944467350589962,0.1119071619614847
14/05/2019 12:00,1.0,0.0998069057912613,0.6944467350589962,0.1119071619614847
14/05/2019 13:00,1.0,0.0998069057912613,0.6944467350589962,0.1119071619614847
14/05/2019 14:00,1.0,0.0998069057912613,0.6944467350589962,0.1119071619614847
14/05/2019 15:00,1.0,0.0998069057912613,0.6944467350589962,0.1119071619614847
14/05/2019 16:00,1.0,0.0998069057912613,0.6944467350589962,0.1119071619614847
14/05/2019 17:00,1.0,0.0998069057912613,0.6944467350589962,0.1119071619614847
14/05/2019 18:00,1.0,0.0998069057912613,0.6944467350589962,0.1119071619614847
14/05/2019 19:00,1.0,0.0998069057912613,0.6944467350589962,0.1119071619614847
14/05/2019 20:00,1.0,0.0998069057912613,0.6944467350589962,0.1119071619614847
14/05/2019 21:00,1.0,0.0998069057912613,0.6944467350589962,0.1119071619614847
14/05/2019 22:00,1.0,0.0998069057912613,0.6944467350589962,0.1119071619614847
14/05/2019 23:00,1.0,0.0998069057912613,0.6944467350589962,0.1119071619614847
15/05/2019 00:00,1.0,0.0998069057912613,0.6944467350589962,0.1119071619614847
15/05/2019 01:00,1.0,0.0998069057912613,0.6944467350589962,0.1119071619614847
15/05/2019 02:00,1.0,0.0998069057912613,0.6944467350589962,0.1119071619614847
15/05/2019 03:00,1.0,0.0998069057912613,0.6944467350589962,0.1119071619614847
15/05/2019 04:00,1.0,0.0998069057912613,0.6944467350589962,0.1119071619614847
15/05/2019 05:00,1.0,0.0998069057912613,0.6944467350589962,0.1119071619614847
15/05/2019 06:00,1.0,0.0998069057912613,0.6944467350589962,0.1119071619614847
15/05/2019 07:00,1.0,0.0998069057912613,0.6944467350589962,0.1119071619614847
15/05/2019 08:00,1.0,0.0998069057912613,0.6944467350589962,0.1119071619614847
15/05/2019 09:00,1.0,0.0998069057912613,0.6944467350589962,0.1119071619614847
15/05/2019 10:00,1.0,0.0998069057912613,0.6944467350589962,0.1119071619614847
15/05/2019 11:00,1.0,0.0998069057912613,0.6944467350589962,0.1119071619614847
15/05/2019 12:00,1.0,0.0998069057912613,0.6944467350589962,0.1119071619614847
15/05/2019 13:00,1.0,0.0998069057912613,0.6944467350589962,0.1119071619614847
15/05/2019 14:00,1.0,0.0998069057912613,0.6944467350589962,0.1119071619614847
15/05/2019 15:00,1.0,0.0998069057912613,0.6944467350589962,0.1119071619614847
15/05/2019 16:00,1.0,0.0998069057912613,0.6944467350589962,0.1119071619614847
15/05/2019 17:00,1.0,0.0998069057912613,0.6944467350589962,0.1119071619614847
15/05/2019 18:00,1.0,0.0998069057912613,0.6944467350589962,0.1119071619614847
15/05/2019 19:00,1.0,0.0998069057912613,0.6944467350589962,0.1119071619614847
15/05/2019 20:00,1.0,0.0998069057912613,0.6944467350589962,0.1119071619614847
15/05/2019 21:00,1.0,0.0998069057912613,0.6944467350589962,0.1119071619614847
15/05/2019 22:00,1.0,0.0998069057912613,0.6944467350589962,0.1119071619614847
15/05/2019 23:00,1.0,0.0998069057912613,0.6944467350589962,0.1119071619614847
16/05/2019 00:00,1.0,0.0998069057912613,0.6944467350589962,0.1119071619614847
16/05/2019 01:00,1.0,0.0998069057912613,0.6944467350589962,0.1119071619614847
16/05/2019 02:00,1.0,0.0998069057912613,0.6944467350589962,0.1119071619614847
16/05/2019 03:00,1.0,0.0998069057912613,0.6944467350589962,0.1119071619614847
16/05/2019 04:00,1.0,0.0998069057912613,0.6944467350589962,0.1119071619614847
16/05/2019 05:00,1.0,0.0998069057912613,0.6944467350589962,0.1119071619614847
16/05/2019 06:00,1.0,0.0998069057912613,0.6944467350589962,0.1119071619614847
16/05/2019 07:00,1.0,0.0998069057912613,0.6944467350589962,0.1119071619614847
16/05/2019 08:00,1.0,0.0998069057912613,0.6944467350589962,0.1119071619614847
16/05/2019 09:00,1.0,0.0998069057912613,0.6944467350589962,0.1119071619614847
16/05/2019 10:00,1.0,0.0998069057912613,0.6944467350589962,0.1119071619614847
16/05/2019 11:00,1.0,0.0998069057912613,0.6944467350589962,0.1119071619614847
16/05/2019 12:00,1.0,0.0998069057912613,0.6944467350589962,0.1119071619614847
16/05/2019 13:00,1.0,0.0998069057912613,0.6944467350589962,0.1119071619614847
16/05/2019 14:00,1.0,0.0998069057912613,0.6944467350589962,0.1119071619614847
16/05/2019 15:00,1.0,0.0998069057912613,0.6944467350589962,0.1119071619614847
16/05/2019 16:00,1.0,0.0998069057912613,0.6944467350589962,0.1119071619614847
16/05/2019 17:00,1.0,0.0998069057912613,0.6944467350589962,0.1119071619614847
16/05/2019 18:00,1.0,0.0998069057912613,0.6944467350589962,0.1119071619614847
16/05/2019 19:00,1.0,0.0998069057912613,0.6944467350589962,0.1119071619614847
16/05/2019 20:00,1.0,0.0998069057912613,0.6944467350589962,0.1119071619614847
16/05/2019 21:00,1.0,0.0998069057912613,0.6944467350589962,0.1119071619614847
16/05/2019 22:00,1.0,0.0998069057912613,0.6944467350589962,0.1119071619614847
16/05/2019 23:00,1.0,0.0998069057912613,0.6944467350589962,0.1119071619614847
17/05/2019 00:00,1.0,0.0998069057912613,0.6944467350589962,0.1119071619614847
17/05/2019 01:00,1.0,0.0998069057912613,0.6944467350589962,0.1119071619614847
17/05/2019 02:00,1.0,0.0998069057912613,0.6944467350589962,0.1119071619614847
17/05/2019 03:00,1.0,0.0998069057912613,0.6944467350589962,0.1119071619614847
17/05/2019 04:00,1.0,0.0998069057912613,0.6944467350589962,0.1119071619614847
17/05/2019 05:00,1.0,0.0998069057912613,0.6944467350589962,0.1119071619614847
17/05/2019 06:00,1.0,0.0998069057912613,0.6944467350589962,0.1119071619614847
17/05/2019 07:00,1.0,0.0998069057912613,0.6944467350589962,0.1119071619614847
17/05/2019 08:00,1.0,0.0998069057912613,0.6944467350589962,0.1119071619614847
17/05/2019 09:00,1.0,0.0998069057912613,0.6944467350589962,0.1119071619614847
17/05/2019 10:00,1.0,0.0998069057912613,0.6944467350589962,0.1119071619614847
17/05/2019 11:00,1.0,0.0998069057912613,0.6944467350589962,0.1119071619614847
17/05/2019 12:00,1.0,0.0998069057912613,0.6944467350589962,0.1119071619614847
17/05/2019 13:00,1.0,0.0998069057912613,0.6944467350589962,0.1119071619614847
17/05/2019 14:00,1.0,0.0998069057912613,0.6944467350589962,0.1119071619614847
17/05/2019 15:00,1.0,0.0998069057912613,0.6944467350589962,0.1119071619614847
17/05/2019 16:00,1.0,0.0998069057912613,0.6944467350589962,0.1119071619614847
17/05/2019 17:00,1.0,0.0998069057912613,0.6944467350589962,0.1119071619614847
17/05/2019 18:00,1.0,0.0998069057912613,0.6944467350589962,0.1119071619614847
17/05/2019 19:00,1.0,0.0998069057912613,0.6944467350589962,0.1119071619614847
17/05/2019 20:00,1.0,0.0998069057912613,0.6944467350589962,0.1119071619614847
17/05/2019 21:00,1.0,0.0998069057912613,0.6944467350589962,0.1119071619614847
17/05/2019 22:00,1.0,0.0998069057912613,0.6944467350589962,0.1119071619614847
17/05/2019 23:00,1.0,0.0998069057912613,0.6944467350589962,0.1119071619614847
18/05/2019 00:00,1.0,0.0998069057912613,0.6944467350589962,0.1119071619614847
18/05/2019 01:00,1.0,0.0998069057912613,0.6944467350589962,0.1119071619614847
18/05/2019 02:00,1.0,0.0998069057912613,0.6944467350589962,0.1119071619614847
18/05/2019 03:00,1.0,0.0998069057912613,0.6944467350589962,0.1119071619614847
18/05/2019 04:00,1.0,0.0998069057912613,0.6944467350589962,0.1119071619614847
18/05/2019 05:00,1.0,0.0998069057912613,0.6944467350589962,0.1119071619614847
18/05/2019 06:00,1.0,0.0998069057912613,0.6944467350589962,0.1119071619614847
18/05/2019 07:00,1.0,0.0998069057912613,0.6944467350589962,0.1119071619614847
18/05/2019 08:00,1.0,0.0998069057912613,0.6944467350589962,0.1119071619614847
18/05/2019 09:00,1.0,0.0998069057912613,0.6944467350589962,0.1119071619614847
18/05/2019 10:00,1.0,0.0998069057912613,0.6944467350589962,0.1119071619614847
18/05/2019 11:00,1.0,0.0998069057912613,0.6944467350589962,0.1119071619614847
18/05/2019 12:00,1.0,0.0998069057912613,0.6944467350589962,0.1119071619614847
18/05/2019 13:00,1.0,0.0998069057912613,0.6944467350589962,0.1119071619614847
18/05/2019 14:00,1.0,0.0998069057912613,0.6944467350589962,0.1119071619614847
18/05/2019 15:00,1.0,0.0998069057912613,0.6944467350589962,0.1119071619614847
18/05/2019 16:00,1.0,0.0998069057912613,0.6944467350589962,0.1119071619614847
18/05/2019 17:00,1.0,0.0998069057912613,0.6944467350589962,0.1119071619614847
18/05/2019 18:00,1.0,0.0998069057912613,0.6944467350589962,0.1119071619614847
18/05/2019 19:00,1.0,0.0998069057912613,0.6944467350589962,0.1119071619614847
18/05/2019 20:00,1.0,0.0998069057912613,0.6944467350589962,0.1119071619614847
18/05/2019 21:00,1.0,0.0998069057912613,0.6944467350589962,0.1119071619614847
18/05/2019 22:00,1.0,0.0998069057912613,0.6944467350589962,0.1119071619614847
18/05/2019 23:00,1.0,0.0998069057912613,0.6944467350589962,0.1119071619614847
19/05/2019 00:00,1.0,0.0998069057912613,0.6944467350589962,0.1119071619614847
19/05/2019 01:00,1.0,0.0998069057912613,0.6944467350589962,0.1119071619614847
19/05/2019 02:00,1.0,0.0998069057912613,0.6944467350589962,0.1119071619614847
19/05/2019 03:00,1.0,0.0998069057912613,0.6944467350589962,0.1119071619614847
19/05/2019 04:00,1.0,0.0998069057912613,0.6944467350589962,0.1119071619614847
19/05/2019 05:00,1.0,0.0998069057912613,0.6944467350589962,0.1119071619614847
19/05/2019 06:00,1.0,0.0998069057912613,0.6944467350589962,0.1119071619614847
19/05/2019 07:00,1.0,0.0998069057912613,0.6944467350589962,0.1119071619614847
19/05/2019 08:00,1.0,0.0998069057912613,0.6944467350589962,0.1119071619614847
19/05/2019 09:00,1.0,0.0998069057912613,0.6944467350589962,0.1119071619614847
19/05/2019 10:00,1.0,0.0998069057912613,0.6944467350589962,0.1119071619614847
19/05/2019 11:00,1.0,0.0998069057912613,0.6944467350589962,0.1119071619614847
19/05/2019 12:00,1.0,0.0998069057912613,0.6944467350589962,0.1119071619614847
19/05/2019 13:00,1.0,0.0998069057912613,0.6944467350589962,0.1119071619614847
19/05/2019 14:00,1.0,0.0998069057912613,0.6944467350589962,0.1119071619614847
19/05/2019 15:00,1.0,0.0998069057912613,0.6944467350589962,0.1119071619614847
19/05/2019 16:00,1.0,0.0998069057912613,0.6944467350589962,0.1119071619614847
19/05/2019 17:00,1.0,0.0998069057912613,0.6944467350589962,0.1119071619614847
19/05/2019 18:00,1.0,0.0998069057912613,0.6944467350589962,0.1119071619614847
19/05/2019 19:00,1.0,0.0998069057912613,0.6944467350589962,0.1119071619614847
19/05/2019 20:00,1.0,0.0998069057912613,0.6944467350589962,0.1119071619614847
19/05/2019 21:00,1.0,0.0998069057912613,0.6944467350589962,0.1119071619614847
19/05/2019 22:00,1.0,0.0998069057912613,0.6944467350589962,0.1119071619614847
19/05/2019 23:00,1.0,0.0998069057912613,0.6944467350589962,0.1119071619614847
20/05/2019 00:00,1.0,0.0998069057912613,0.6944467350589962,0.1119071619614847
20/05/2019 01:00,1.0,0.0998069057912613,0.6944467350589962,0.1119071619614847
20/05/2019 02:00,1.0,0.0998069057912613,0.6944467350589962,0.1119071619614847
20/05/2019 03:00,1.0,0.0998069057912613,0.6944467350589962,0.1119071619614847
20/05/2019 04:00,1.0,0.0998069057912613,0.6944467350589962,0.1119071619614847
20/05/2019 05:00,1.0,0.0998069057912613,0.6944467350589962,0.1119071619614847
20/05/2019 06:00,1.0,0.0998069057912613,0.6944467350589962,0.1119071619614847
20/05/2019 07:00,1.0,0.0998069057912613,0.6944467350589962,0.1119071619614847
20/05/2019 08:00,1.0,0.0998069057912613,0.6944467350589962,0.1119071619614847
20/05/2019 09:00,1.0,0.0998069057912613,0.6944467350589962,0.1119071619614847
20/05/2019 10:00,1.0,0.0998069057912613,0.6944467350589962,0.1119071619614847
20/05/2019 11:00,1.0,0.0998069057912613,0.6944467350589962,0.1119071619614847
20/05/2019 12:00,1.0,0.0998069057912613,0.6944467350589962,0.1119071619614847
20/05/2019 13:00,1.0,0.0998069057912613,0.6944467350589962,0.1119071619614847
20/05/2019 14:00,1.0,0.0998069057912613,0.6944467350589962,0.1119071619614847
20/05/2019 15:00,1.0,0.0998069057912613,0.6944467350589962,0.1119071619614847
20/05/2019 16:00,1.0,0.0998069057912613,0.6944467350589962,0.1119071619614847
20/05/2019 17:00,1.0,0.0998069057912613,0.6944467350589962,0.1119071619614847
20/05/2019 18:00,1.0,0.0998069057912613,0.6944467350589962,0.1119071619614847
20/05/2019 19:00,1.0,0.0998069057912613,0.6944467350589962,0.1119071619614847
20/05/2019 20:00,1.0,0.0998069057912613,0.6944467350589962,0.1119071619614847
20/05/2019 21:00,1.0,0.0998069057912613,0.6944467350589962,0.1119071619614847
20/05/2019 22:00,1.0,0.0998069057912613,0.6944467350589962,0.1119071619614847
20/05/2019 23:00,1.0,0.0998069057912613,0.6944467350589962,0.1119071619614847
21/05/2019 00:00,1.0,0.0998069057912613,0.6944467350589962,0.1119071619614847
21/05/2019 01:00,1.0,0.0998069057912613,0.6944467350589962,0.1119071619614847
21/05/2019 02:00,1.0,0.0998069057912613,0.6944467350589962,0.1119071619614847
21/05/2019 03:00,1.0,0.0998069057912613,0.6944467350589962,0.1119071619614847
21/05/2019 04:00,1.0,0.0998069057912613,0.6944467350589962,0.1119071619614847
21/05/2019 05:00,1.0,0.0998069057912613,0.6944467350589962,0.1119071619614847
21/05/2019 06:00,1.0,0.0998069057912613,0.6944467350589962,0.1119071619614847
21/05/2019 07:00,1.0,0.0998069057912613,0.6944467350589962,0.1119071619614847
21/05/2019 08:00,1.0,0.0998069057912613,0.6944467350589962,0.1119071619614847
21/05/2019 09:00,1.0,0.0998069057912613,0.6944467350589962,0.1119071619614847
21/05/2019 10:00,1.0,0.0998069057912613,0.6944467350589962,0.1119071619614847
21/05/2019 11:00,1.0,0.0998069057912613,0.6944467350589962,0.1119071619614847
21/05/2019 12:00,1.0,0.0998069057912613,0.6944467350589962,0.1119071619614847
21/05/2019 13:00,1.0,0.0998069057912613,0.6944467350589962,0.1119071619614847
21/05/2019 14:00,1.0,0.0998069057912613,0.6944467350589962,0.1119071619614847
21/05/2019 15:00,1.0,0.0998069057912613,0.6944467350589962,0.1119071619614847
21/05/2019 16:00,1.0,0.0998069057912613,0.6944467350589962,0.1119071619614847
21/05/2019 17:00,1.0,0.0998069057912613,0.6944467350589962,0.1119071619614847
21/05/2019 18:00,1.0,0.0998069057912613,0.6944467350589962,0.1119071619614847
21/05/2019 19:00,1.0,0.0998069057912613,0.6944467350589962,0.1119071619614847
21/05/2019 20:00,1.0,0.0998069057912613,0.6944467350589962,0.1119071619614847
21/05/2019 21:00,1.0,0.0998069057912613,0.6944467350589962,0.1119071619614847
21/05/2019 22:00,1.0,0.0998069057912613,0.6944467350589962,0.1119071619614847
21/05/2019 23:00,1.0,0.0998069057912613,0.6944467350589962,0.1119071619614847
22/05/2019 00:00,1.0,0.0998069057912613,0.6944467350589962,0.1119071619614847
22/05/2019 01:00,1.0,0.0998069057912613,0.6944467350589962,0.1119071619614847
22/05/2019 02:00,1.0,0.0998069057912613,0.6944467350589962,0.1119071619614847
22/05/2019 03:00,1.0,0.0998069057912613,0.6944467350589962,0.1119071619614847
22/05/2019 04:00,1.0,0.0998069057912613,0.6944467350589962,0.1119071619614847
22/05/2019 05:00,1.0,0.0998069057912613,0.6944467350589962,0.1119071619614847
22/05/2019 06:00,1.0,0.0998069057912613,0.6944467350589962,0.1119071619614847
22/05/2019 07:00,1.0,0.0998069057912613,0.6944467350589962,0.1119071619614847
22/05/2019 08:00,1.0,0.0998069057912613,0.6944467350589962,0.1119071619614847
22/05/2019 09:00,1.0,0.0998069057912613,0.6944467350589962,0.1119071619614847
22/05/2019 10:00,1.0,0.0998069057912613,0.6944467350589962,0.1119071619614847
22/05/2019 11:00,1.0,0.0998069057912613,0.6944467350589962,0.1119071619614847
22/05/2019 12:00,1.0,0.0998069057912613,0.6944467350589962,0.1119071619614847
22/05/2019 13:00,1.0,0.0998069057912613,0.6944467350589962,0.1119071619614847
22/05/2019 14:00,1.0,0.0998069057912613,0.6944467350589962,0.1119071619614847
22/05/2019 15:00,1.0,0.0998069057912613,0.6944467350589962,0.1119071619614847
22/05/2019 16:00,1.0,0.0998069057912613,0.6944467350589962,0.1119071619614847
22/05/2019 17:00,1.0,0.0998069057912613,0.6944467350589962,0.1119071619614847
22/05/2019 18:00,1.0,0.0998069057912613,0.6944467350589962,0.1119071619614847
22/05/2019 19:00,1.0,0.0998069057912613,0.6944467350589962,0.1119071619614847
22/05/2019 20:00,1.0,0.0998069057912613,0.6944467350589962,0.1119071619614847
22/05/2019 21:00,1.0,0.0998069057912613,0.6944467350589962,0.1119071619614847
22/05/2019 22:00,1.0,0.0998069057912613,0.6944467350589962,0.1119071619614847
22/05/2019 23:00,1.0,0.0998069057912613,0.6944467350589962,0.1119071619614847
23/05/2019 00:00,1.0,0.0998069057912613,0.6944467350589962,0.1119071619614847
23/05/2019 01:00,1.0,0.0998069057912613,0.6944467350589962,0.1119071619614847
23/05/2019 02:00,1.0,0.0998069057912613,0.6944467350589962,0.1119071619614847
23/05/2019 03:00,1.0,0.0998069057912613,0.6944467350589962,0.1119071619614847
23/05/2019 04:00,1.0,0.0998069057912613,0.6944467350589962,0.1119071619614847
23/05/2019 05:00,1.0,0.0998069057912613,0.6944467350589962,0.1119071619614847
23/05/2019 06:00,1.0,0.0998069057912613,0.6944467350589962,0.1119071619614847
23/05/2019 07:00,1.0,0.0998069057912613,0.6944467350589962,0.1119071619614847
23/05/2019 08:00,1.0,0.0998069057912613,0.6944467350589962,0.1119071619614847
23/05/2019 09:00,1.0,0.0998069057912613,0.6944467350589962,0.1119071619614847
23/05/2019 10:00,1.0,0.0998069057912613,0.6944467350589962,0.1119071619614847
23/05/2019 11:00,1.0,0.0998069057912613,0.6944467350589962,0.1119071619614847
23/05/2019 12:00,1.0,0.0998069057912613,0.6944467350589962,0.1119071619614847
23/05/2019 13:00,1.0,0.0998069057912613,0.6944467350589962,0.1119071619614847
23/05/2019 14:00,1.0,0.0998069057912613,0.6944467350589962,0.1119071619614847
23/05/2019 15:00,1.0,0.0998069057912613,0.6944467350589962,0.1119071619614847
23/05/2019 16:00,1.0,0.0998069057912613,0.6944467350589962,0.1119071619614847
23/05/2019 17:00,1.0,0.0998069057912613,0.6944467350589962,0.1119071619614847
23/05/2019 18:00,1.0,0.0998069057912613,0.6944467350589962,0.1119071619614847
23/05/2019 19:00,1.0,0.0998069057912613,0.6944467350589962,0.1119071619614847
23/05/2019 20:00,1.0,0.0998069057912613,0.6944467350589962,0.1119071619614847
23/05/2019 21:00,1.0,0.0998069057912613,0.6944467350589962,0.1119071619614847
23/05/2019 22:00,1.0,0.0998069057912613,0.6944467350589962,0.1119071619614847
23/05/2019 23:00,1.0,0.0998069057912613,0.6944467350589962,0.1119071619614847
24/05/2019 00:00,1.0,0.0998069057912613,0.6944467350589962,0.1119071619614847
24/05/2019 01:00,1.0,0.0998069057912613,0.6944467350589962,0.1119071619614847
24/05/2019 02:00,1.0,0.0998069057912613,0.6944467350589962,0.1119071619614847
24/05/2019 03:00,1.0,0.0998069057912613,0.6944467350589962,0.1119071619614847
24/05/2019 04:00,1.0,0.0998069057912613,0.6944467350589962,0.1119071619614847
24/05/2019 05:00,1.0,0.0998069057912613,0.6944467350589962,0.1119071619614847
24/05/2019 06:00,1.0,0.0998069057912613,0.6944467350589962,0.1119071619614847
24/05/2019 07:00,1.0,0.0998069057912613,0.6944467350589962,0.1119071619614847
24/05/2019 08:00,1.0,0.0998069057912613,0.6944467350589962,0.1119071619614847
24/05/2019 09:00,1.0,0.0998069057912613,0.6944467350589962,0.1119071619614847
24/05/2019 10:00,1.0,0.0998069057912613,0.6944467350589962,0.1119071619614847
24/05/2019 11:00,1.0,0.0998069057912613,0.6944467350589962,0.1119071619614847
24/05/2019 12:00,1.0,0.0998069057912613,0.6944467350589962,0.1119071619614847
24/05/2019 13:00,1.0,0.0998069057912613,0.6944467350589962,0.1119071619614847
24/05/2019 14:00,1.0,0.0998069057912613,0.6944467350589962,0.1119071619614847
24/05/2019 15:00,1.0,0.0998069057912613,0.6944467350589962,0.1119071619614847
24/05/2019 16:00,1.0,0.0998069057912613,0.6944467350589962,0.1119071619614847
24/05/2019 17:00,1.0,0.0998069057912613,0.6944467350589962,0.1119071619614847
24/05/2019 18:00,1.0,0.0998069057912613,0.6944467350589962,0.1119071619614847
24/05/2019 19:00,1.0,0.0998069057912613,0.6944467350589962,0.1119071619614847
24/05/2019 20:00,1.0,0.0998069057912613,0.6944467350589962,0.1119071619614847
24/05/2019 21:00,1.0,0.0998069057912613,0.6944467350589962,0.1119071619614847
24/05/2019 22:00,1.0,0.0998069057912613,0.6944467350589962,0.1119071619614847
24/05/2019 23:00,1.0,0.0998069057912613,0.6944467350589962,0.1119071619614847
25/05/2019 00:00,1.0,0.0998069057912613,0.6944467350589962,0.1119071619614847
25/05/2019 01:00,1.0,0.0998069057912613,0.6944467350589962,0.1119071619614847
25/05/2019 02:00,1.0,0.0998069057912613,0.6944467350589962,0.1119071619614847
25/05/2019 03:00,1.0,0.0998069057912613,0.6944467350589962,0.1119071619614847
25/05/2019 04:00,1.0,0.0998069057912613,0.6944467350589962,0.1119071619614847
25/05/2019 05:00,1.0,0.0998069057912613,0.6944467350589962,0.1119071619614847
25/05/2019 06:00,1.0,0.0998069057912613,0.6944467350589962,0.1119071619614847
25/05/2019 07:00,1.0,0.0998069057912613,0.6944467350589962,0.1119071619614847
25/05/2019 08:00,1.0,0.0998069057912613,0.6944467350589962,0.1119071619614847
25/05/2019 09:00,1.0,0.0998069057912613,0.6944467350589962,0.1119071619614847
25/05/2019 10:00,1.0,0.0998069057912613,0.6944467350589962,0.1119071619614847
25/05/2019 11:00,1.0,0.0998069057912613,0.6944467350589962,0.1119071619614847
25/05/2019 12:00,1.0,0.0998069057912613,0.6944467350589962,0.1119071619614847
25/05/2019 13:00,1.0,0.0998069057912613,0.6944467350589962,0.1119071619614847
25/05/2019 14:00,1.0,0.0998069057912613,0.6944467350589962,0.1119071619614847
25/05/2019 15:00,1.0,0.0998069057912613,0.6944467350589962,0.1119071619614847
25/05/2019 16:00,1.0,0.0998069057912613,0.6944467350589962,0.1119071619614847
25/05/2019 17:00,1.0,0.0998069057912613,0.6944467350589962,0.1119071619614847
25/05/2019 18:00,1.0,0.0998069057912613,0.6944467350589962,0.1119071619614847
25/05/2019 19:00,1.0,0.0998069057912613,0.6944467350589962,0.1119071619614847
25/05/2019 20:00,1.0,0.0998069057912613,0.6944467350589962,0.1119071619614847
25/05/2019 21:00,1.0,0.0998069057912613,0.6944467350589962,0.1119071619614847
25/05/2019 22:00,1.0,0.0998069057912613,0.6944467350589962,0.1119071619614847
25/05/2019 23:00,1.0,0.0998069057912613,0.6944467350589962,0.1119071619614847
26/05/2019 00:00,1.0,0.0998069057912613,0.6944467350589962,0.1119071619614847
26/05/2019 01:00,1.0,0.0998069057912613,0.6944467350589962,0.1119071619614847
26/05/2019 02:00,1.0,0.0998069057912613,0.6944467350589962,0.1119071619614847
26/05/2019 03:00,1.0,0.0998069057912613,0.6944467350589962,0.1119071619614847
26/05/2019 04:00,1.0,0.0998069057912613,0.6944467350589962,0.1119071619614847
26/05/2019 05:00,1.0,0.0998069057912613,0.6944467350589962,0.1119071619614847
26/05/2019 06:00,1.0,0.0998069057912613,0.6944467350589962,0.1119071619614847
26/05/2019 07:00,1.0,0.0998069057912613,0.6944467350589962,0.1119071619614847
26/05/2019 08:00,1.0,0.0998069057912613,0.6944467350589962,0.1119071619614847
26/05/2019 09:00,1.0,0.0998069057912613,0.6944467350589962,0.1119071619614847
26/05/2019 10:00,1.0,0.0998069057912613,0.6944467350589962,0.1119071619614847
26/05/2019 11:00,1.0,0.0998069057912613,0.6944467350589962,0.1119071619614847
26/05/2019 12:00,1.0,0.0998069057912613,0.6944467350589962,0.1119071619614847
26/05/2019 13:00,1.0,0.0998069057912613,0.6944467350589962,0.1119071619614847
26/05/2019 14:00,1.0,0.0998069057912613,0.6944467350589962,0.1119071619614847
26/05/2019 15:00,1.0,0.0998069057912613,0.6944467350589962,0.1119071619614847
26/05/2019 16:00,1.0,0.0998069057912613,0.6944467350589962,0.1119071619614847
26/05/2019 17:00,1.0,0.0998069057912613,0.6944467350589962,0.1119071619614847
26/05/2019 18:00,1.0,0.0998069057912613,0.6944467350589962,0.1119071619614847
26/05/2019 19:00,1.0,0.0998069057912613,0.6944467350589962,0.1119071619614847
26/05/2019 20:00,1.0,0.0998069057912613,0.6944467350589962,0.1119071619614847
26/05/2019 21:00,1.0,0.0998069057912613,0.6944467350589962,0.1119071619614847
26/05/2019 22:00,1.0,0.0998069057912613,0.6944467350589962,0.1119071619614847
26/05/2019 23:00,1.0,0.0998069057912613,0.6944467350589962,0.1119071619614847
27/05/2019 00:00,1.0,0.0998069057912613,0.6944467350589962,0.1119071619614847
27/05/2019 01:00,1.0,0.0998069057912613,0.6944467350589962,0.1119071619614847
27/05/2019 02:00,1.0,0.0998069057912613,0.6944467350589962,0.1119071619614847
27/05/2019 03:00,1.0,0.0998069057912613,0.6944467350589962,0.1119071619614847
27/05/2019 04:00,1.0,0.0998069057912613,0.6944467350589962,0.1119071619614847
27/05/2019 05:00,1.0,0.0998069057912613,0.6944467350589962,0.1119071619614847
27/05/2019 06:00,1.0,0.0998069057912613,0.6944467350589962,0.1119071619614847
27/05/2019 07:00,1.0,0.0998069057912613,0.6944467350589962,0.1119071619614847
27/05/2019 08:00,1.0,0.0998069057912613,0.6944467350589962,0.1119071619614847
27/05/2019 09:00,1.0,0.0998069057912613,0.6944467350589962,0.1119071619614847
27/05/2019 10:00,1.0,0.0998069057912613,0.6944467350589962,0.1119071619614847
27/05/2019 11:00,1.0,0.0998069057912613,0.6944467350589962,0.1119071619614847
27/05/2019 12:00,1.0,0.0998069057912613,0.6944467350589962,0.1119071619614847
27/05/2019 13:00,1.0,0.0998069057912613,0.6944467350589962,0.1119071619614847
27/05/2019 14:00,1.0,0.0998069057912613,0.6944467350589962,0.1119071619614847
27/05/2019 15:00,1.0,0.0998069057912613,0.6944467350589962,0.1119071619614847
27/05/2019 16:00,1.0,0.0998069057912613,0.6944467350589962,0.1119071619614847
27/05/2019 17:00,1.0,0.0998069057912613,0.6944467350589962,0.1119071619614847
27/05/2019 18:00,1.0,0.0998069057912613,0.6944467350589962,0.1119071619614847
27/05/2019 19:00,1.0,0.0998069057912613,0.6944467350589962,0.1119071619614847
27/05/2019 20:00,1.0,0.0998069057912613,0.6944467350589962,0.1119071619614847
27/05/2019 21:00,1.0,0.0998069057912613,0.6944467350589962,0.1119071619614847
27/05/2019 22:00,1.0,0.0998069057912613,0.6944467350589962,0.1119071619614847
27/05/2019 23:00,1.0,0.0998069057912613,0.6944467350589962,0.1119071619614847
28/05/2019 00:00,1.0,0.0998069057912613,0.6944467350589962,0.1119071619614847
28/05/2019 01:00,1.0,0.0998069057912613,0.6944467350589962,0.1119071619614847
28/05/2019 02:00,1.0,0.0998069057912613,0.6944467350589962,0.1119071619614847
28/05/2019 03:00,1.0,0.0998069057912613,0.6944467350589962,0.1119071619614847
28/05/2019 04:00,1.0,0.0998069057912613,0.6944467350589962,0.1119071619614847
28/05/2019 05:00,1.0,0.0998069057912613,0.6944467350589962,0.1119071619614847
28/05/2019 06:00,1.0,0.0998069057912613,0.6944467350589962,0.1119071619614847
28/05/2019 07:00,1.0,0.0998069057912613,0.6944467350589962,0.1119071619614847
28/05/2019 08:00,1.0,0.0998069057912613,0.6944467350589962,0.1119071619614847
28/05/2019 09:00,1.0,0.0998069057912613,0.6944467350589962,0.1119071619614847
28/05/2019 10:00,1.0,0.0998069057912613,0.6944467350589962,0.1119071619614847
28/05/2019 11:00,1.0,0.0998069057912613,0.6944467350589962,0.1119071619614847
28/05/2019 12:00,1.0,0.0998069057912613,0.6944467350589962,0.1119071619614847
28/05/2019 13:00,1.0,0.0998069057912613,0.6944467350589962,0.1119071619614847
28/05/2019 14:00,1.0,0.0998069057912613,0.6944467350589962,0.1119071619614847
28/05/2019 15:00,1.0,0.0998069057912613,0.6944467350589962,0.1119071619614847
28/05/2019 16:00,1.0,0.0998069057912613,0.6944467350589962,0.1119071619614847
28/05/2019 17:00,1.0,0.0998069057912613,0.6944467350589962,0.1119071619614847
28/05/2019 18:00,1.0,0.0998069057912613,0.6944467350589962,0.1119071619614847
28/05/2019 19:00,1.0,0.0998069057912613,0.6944467350589962,0.1119071619614847
28/05/2019 20:00,1.0,0.0998069057912613,0.6944467350589962,0.1119071619614847
28/05/2019 21:00,1.0,0.0998069057912613,0.6944467350589962,0.1119071619614847
28/05/2019 22:00,1.0,0.0998069057912613,0.6944467350589962,0.1119071619614847
28/05/2019 23:00,1.0,0.0998069057912613,0.6944467350589962,0.1119071619614847
29/05/2019 00:00,1.0,0.0998069057912613,0.6944467350589962,0.1119071619614847
29/05/2019 01:00,1.0,0.0998069057912613,0.6944467350589962,0.1119071619614847
29/05/2019 02:00,1.0,0.0998069057912613,0.6944467350589962,0.1119071619614847
29/05/2019 03:00,1.0,0.0998069057912613,0.6944467350589962,0.1119071619614847
29/05/2019 04:00,1.0,0.0998069057912613,0.6944467350589962,0.1119071619614847
29/05/2019 05:00,1.0,0.0998069057912613,0.6944467350589962,0.1119071619614847
29/05/2019 06:00,1.0,0.0998069057912613,0.6944467350589962,0.1119071619614847
29/05/2019 07:00,1.0,0.0998069057912613,0.6944467350589962,0.1119071619614847
29/05/2019 08:00,1.0,0.0998069057912613,0.6944467350589962,0.1119071619614847
29/05/2019 09:00,1.0,0.0998069057912613,0.6944467350589962,0.1119071619614847
29/05/2019 10:00,1.0,0.0998069057912613,0.6944467350589962,0.1119071619614847
29/05/2019 11:00,1.0,0.0998069057912613,0.6944467350589962,0.1119071619614847
29/05/2019 12:00,1.0,0.0998069057912613,0.6944467350589962,0.1119071619614847
29/05/2019 13:00,1.0,0.0998069057912613,0.6944467350589962,0.1119071619614847
29/05/2019 14:00,1.0,0.0998069057912613,0.6944467350589962,0.1119071619614847
29/05/2019 15:00,1.0,0.0998069057912613,0.6944467350589962,0.1119071619614847
29/05/2019 16:00,1.0,0.0998069057912613,0.6944467350589962,0.1119071619614847
29/05/2019 17:00,1.0,0.0998069057912613,0.6944467350589962,0.1119071619614847
29/05/2019 18:00,1.0,0.0998069057912613,0.6944467350589962,0.1119071619614847
29/05/2019 19:00,1.0,0.0998069057912613,0.6944467350589962,0.1119071619614847
29/05/2019 20:00,1.0,0.0998069057912613,0.6944467350589962,0.1119071619614847
29/05/2019 21:00,1.0,0.0998069057912613,0.6944467350589962,0.1119071619614847
29/05/2019 22:00,1.0,0.0998069057912613,0.6944467350589962,0.1119071619614847
29/05/2019 23:00,1.0,0.0998069057912613,0.6944467350589962,0.1119071619614847
30/05/2019 00:00,1.0,0.0998069057912613,0.6944467350589962,0.1119071619614847
30/05/2019 01:00,1.0,0.0998069057912613,0.6944467350589962,0.1119071619614847
30/05/2019 02:00,1.0,0.0998069057912613,0.6944467350589962,0.1119071619614847
30/05/2019 03:00,1.0,0.0998069057912613,0.6944467350589962,0.1119071619614847
30/05/2019 04:00,1.0,0.0998069057912613,0.6944467350589962,0.1119071619614847
30/05/2019 05:00,1.0,0.0998069057912613,0.6944467350589962,0.1119071619614847
30/05/2019 06:00,1.0,0.0998069057912613,0.6944467350589962,0.1119071619614847
30/05/2019 07:00,1.0,0.0998069057912613,0.6944467350589962,0.1119071619614847
30/05/2019 08:00,1.0,0.0998069057912613,0.6944467350589962,0.1119071619614847
30/05/2019 09:00,1.0,0.0998069057912613,0.6944467350589962,0.1119071619614847
30/05/2019 10:00,1.0,0.0998069057912613,0.6944467350589962,0.1119071619614847
30/05/2019 11:00,1.0,0.0998069057912613,0.6944467350589962,0.1119071619614847
30/05/2019 12:00,1.0,0.0998069057912613,0.6944467350589962,0.1119071619614847
30/05/2019 13:00,1.0,0.0998069057912613,0.6944467350589962,0.1119071619614847
30/05/2019 14:00,1.0,0.0998069057912613,0.6944467350589962,0.1119071619614847
30/05/2019 15:00,1.0,0.0998069057912613,0.6944467350589962,0.1119071619614847
30/05/2019 16:00,1.0,0.0998069057912613,0.6944467350589962,0.1119071619614847
30/05/2019 17:00,1.0,0.0998069057912613,0.6944467350589962,0.1119071619614847
30/05/2019 18:00,1.0,0.0998069057912613,0.6944467350589962,0.1119071619614847
30/05/2019 19:00,1.0,0.0998069057912613,0.6944467350589962,0.1119071619614847
30/05/2019 20:00,1.0,0.0998069057912613,0.6944467350589962,0.1119071619614847
30/05/2019 21:00,1.0,0.0998069057912613,0.6944467350589962,0.1119071619614847
30/05/2019 22:00,1.0,0.0998069057912613,0.6944467350589962,0.1119071619614847
30/05/2019 23:00,1.0,0.0998069057912613,0.6944467350589962,0.1119071619614847
31/05/2019 00:00,1.0,0.0998069057912613,0.6944467350589962,0.1119071619614847
31/05/2019 01:00,1.0,0.0998069057912613,0.6944467350589962,0.1119071619614847
31/05/2019 02:00,1.0,0.0998069057912613,0.6944467350589962,0.1119071619614847
31/05/2019 03:00,1.0,0.0998069057912613,0.6944467350589962,0.1119071619614847
31/05/2019 04:00,1.0,0.0998069057912613,0.6944467350589962,0.1119071619614847
31/05/2019 05:00,1.0,0.0998069057912613,0.6944467350589962,0.1119071619614847
31/05/2019 06:00,1.0,0.0998069057912613,0.6944467350589962,0.1119071619614847
31/05/2019 07:00,1.0,0.0998069057912613,0.6944467350589962,0.1119071619614847
31/05/2019 08:00,1.0,0.0998069057912613,0.6944467350589962,0.1119071619614847
31/05/2019 09:00,1.0,0.0998069057912613,0.6944467350589962,0.1119071619614847
31/05/2019 10:00,1.0,0.0998069057912613,0.6944467350589962,0.1119071619614847
31/05/2019 11:00,1.0,0.0998069057912613,0.6944467350589962,0.1119071619614847
31/05/2019 12:00,1.0,0.0998069057912613,0.6944467350589962,0.1119071619614847
31/05/2019 13:00,1.0,0.0998069057912613,0.6944467350589962,0.1119071619614847
31/05/2019 14:00,1.0,0.0998069057912613,0.6944467350589962,0.1119071619614847
31/05/2019 15:00,1.0,0.0998069057912613,0.6944467350589962,0.1119071619614847
31/05/2019 16:00,1.0,0.0998069057912613,0.6944467350589962,0.1119071619614847
31/05/2019 17:00,1.0,0.0998069057912613,0.6944467350589962,0.1119071619614847
31/05/2019 18:00,1.0,0.0998069057912613,0.6944467350589962,0.1119071619614847
31/05/2019 19:00,1.0,0.0998069057912613,0.6944467350589962,0.1119071619614847
31/05/2019 20:00,1.0,0.0998069057912613,0.6944467350589962,0.1119071619614847
31/05/2019 21:00,1.0,0.0998069057912613,0.6944467350589962,0.1119071619614847
31/05/2019 22:00,1.0,0.0998069057912613,0.6944467350589962,0.1119071619614847
31/05/2019 23:00,1.0,0.0998069057912613,0.6944467350589962,0.1119071619614847
01/06/2019 00:00,0.8340682961986956,0.0654277351363925,0.4718650985996278,0.0918430565280252
01/06/2019 01:00,0.8340682961986956,0.0654277351363925,0.4718650985996278,0.0918430565280252
01/06/2019 02:00,0.8340682961986956,0.0654277351363925,0.4718650985996278,0.0918430565280252
01/06/2019 03:00,0.8340682961986956,0.0654277351363925,0.4718650985996278,0.0918430565280252
01/06/2019 04:00,0.8340682961986956,0.0654277351363925,0.4718650985996278,0.0918430565280252
01/06/2019 05:00,0.8340682961986956,0.0654277351363925,0.4718650985996278,0.0918430565280252
01/06/2019 06:00,0.8340682961986956,0.0654277351363925,0.4718650985996278,0.0918430565280252
01/06/2019 07:00,0.8340682961986956,0.0654277351363925,0.4718650985996278,0.0918430565280252
01/06/2019 08:00,0.8340682961986956,0.0654277351363925,0.4718650985996278,0.0918430565280252
01/06/2019 09:00,0.8340682961986956,0.0654277351363925,0.4718650985996278,0.0918430565280252
01/06/2019 10:00,0.8340682961986956,0.0654277351363925,0.4718650985996278,0.0918430565280252
01/06/2019 11:00,0.8340682961986956,0.0654277351363925,0.4718650985996278,0.0918430565280252
01/06/2019 12:00,0.8340682961986956,0.0654277351363925,0.4718650985996278,0.0918430565280252
01/06/2019 13:00,0.8340682961986956,0.0654277351363925,0.4718650985996278,0.0918430565280252
01/06/2019 14:00,0.8340682961986956,0.0654277351363925,0.4718650985996278,0.0918430565280252
01/06/2019 15:00,0.8340682961986956,0.0654277351363925,0.4718650985996278,0.0918430565280252
01/06/2019 16:00,0.8340682961986956,0.0654277351363925,0.4718650985996278,0.0918430565280252
01/06/2019 17:00,0.8340682961986956,0.0654277351363925,0.4718650985996278,0.0918430565280252
01/06/2019 18:00,0.8340682961986956,0.0654277351363925,0.4718650985996278,0.0918430565280252
01/06/2019 19:00,0.8340682961986956,0.0654277351363925,0.4718650985996278,0.0918430565280252
01/06/2019 20:00,0.8340682961986956,0.0654277351363925,0.4718650985996278,0.0918430565280252
01/06/2019 21:00,0.8340682961986956,0.0654277351363925,0.4718650985996278,0.0918430565280252
01/06/2019 22:00,0.8340682961986956,0.0654277351363925,0.4718650985996278,0.0918430565280252
01/06/2019 23:00,0.8340682961986956,0.0654277351363925,0.4718650985996278,0.0918430565280252
02/06/2019 00:00,0.8340682961986956,0.0654277351363925,0.4718650985996278,0.0918430565280252
02/06/2019 01:00,0.8340682961986956,0.0654277351363925,0.4718650985996278,0.0918430565280252
02/06/2019 02:00,0.8340682961986956,0.0654277351363925,0.4718650985996278,0.0918430565280252
02/06/2019 03:00,0.8340682961986956,0.0654277351363925,0.4718650985996278,0.0918430565280252
02/06/2019 04:00,0.8340682961986956,0.0654277351363925,0.4718650985996278,0.0918430565280252
02/06/2019 05:00,0.8340682961986956,0.0654277351363925,0.4718650985996278,0.0918430565280252
02/06/2019 06:00,0.8340682961986956,0.0654277351363925,0.4718650985996278,0.0918430565280252
02/06/2019 07:00,0.8340682961986956,0.0654277351363925,0.4718650985996278,0.0918430565280252
02/06/2019 08:00,0.8340682961986956,0.0654277351363925,0.4718650985996278,0.0918430565280252
02/06/2019 09:00,0.8340682961986956,0.0654277351363925,0.4718650985996278,0.0918430565280252
02/06/2019 10:00,0.8340682961986956,0.0654277351363925,0.4718650985996278,0.0918430565280252
02/06/2019 11:00,0.8340682961986956,0.0654277351363925,0.4718650985996278,0.0918430565280252
02/06/2019 12:00,0.8340682961986956,0.0654277351363925,0.4718650985996278,0.0918430565280252
02/06/2019 13:00,0.8340682961986956,0.0654277351363925,0.4718650985996278,0.0918430565280252
02/06/2019 14:00,0.8340682961986956,0.0654277351363925,0.4718650985996278,0.0918430565280252
02/06/2019 15:00,0.8340682961986956,0.0654277351363925,0.4718650985996278,0.0918430565280252
02/06/2019 16:00,0.8340682961986956,0.0654277351363925,0.4718650985996278,0.0918430565280252
02/06/2019 17:00,0.8340682961986956,0.0654277351363925,0.4718650985996278,0.0918430565280252
02/06/2019 18:00,0.8340682961986956,0.0654277351363925,0.4718650985996278,0.0918430565280252
02/06/2019 19:00,0.8340682961986956,0.0654277351363925,0.4718650985996278,0.0918430565280252
02/06/2019 20:00,0.8340682961986956,0.0654277351363925,0.4718650985996278,0.0918430565280252
02/06/2019 21:00,0.8340682961986956,0.0654277351363925,0.4718650985996278,0.0918430565280252
02/06/2019 22:00,0.8340682961986956,0.0654277351363925,0.4718650985996278,0.0918430565280252
02/06/2019 23:00,0.8340682961986956,0.0654277351363925,0.4718650985996278,0.0918430565280252
03/06/2019 00:00,0.8340682961986956,0.0654277351363925,0.4718650985996278,0.0918430565280252
03/06/2019 01:00,0.8340682961986956,0.0654277351363925,0.4718650985996278,0.0918430565280252
03/06/2019 02:00,0.8340682961986956,0.0654277351363925,0.4718650985996278,0.0918430565280252
03/06/2019 03:00,0.8340682961986956,0.0654277351363925,0.4718650985996278,0.0918430565280252
03/06/2019 04:00,0.8340682961986956,0.0654277351363925,0.4718650985996278,0.0918430565280252
03/06/2019 05:00,0.8340682961986956,0.0654277351363925,0.4718650985996278,0.0918430565280252
03/06/2019 06:00,0.8340682961986956,0.0654277351363925,0.4718650985996278,0.0918430565280252
03/06/2019 07:00,0.8340682961986956,0.0654277351363925,0.4718650985996278,0.0918430565280252
03/06/2019 08:00,0.8340682961986956,0.0654277351363925,0.4718650985996278,0.0918430565280252
03/06/2019 09:00,0.8340682961986956,0.0654277351363925,0.4718650985996278,0.0918430565280252
03/06/2019 10:00,0.8340682961986956,0.0654277351363925,0.4718650985996278,0.0918430565280252
03/06/2019 11:00,0.8340682961986956,0.0654277351363925,0.4718650985996278,0.0918430565280252
03/06/2019 12:00,0.8340682961986956,0.0654277351363925,0.4718650985996278,0.0918430565280252
03/06/2019 13:00,0.8340682961986956,0.0654277351363925,0.4718650985996278,0.0918430565280252
03/06/2019 14:00,0.8340682961986956,0.0654277351363925,0.4718650985996278,0.0918430565280252
03/06/2019 15:00,0.8340682961986956,0.0654277351363925,0.4718650985996278,0.0918430565280252
03/06/2019 16:00,0.8340682961986956,0.0654277351363925,0.4718650985996278,0.0918430565280252
03/06/2019 17:00,0.8340682961986956,0.0654277351363925,0.4718650985996278,0.0918430565280252
03/06/2019 18:00,0.8340682961986956,0.0654277351363925,0.4718650985996278,0.0918430565280252
03/06/2019 19:00,0.8340682961986956,0.0654277351363925,0.4718650985996278,0.0918430565280252
03/06/2019 20:00,0.8340682961986956,0.0654277351363925,0.4718650985996278,0.0918430565280252
03/06/2019 21:00,0.8340682961986956,0.0654277351363925,0.4718650985996278,0.0918430565280252
03/06/2019 22:00,0.8340682961986956,0.0654277351363925,0.4718650985996278,0.0918430565280252
03/06/2019 23:00,0.8340682961986956,0.0654277351363925,0.4718650985996278,0.0918430565280252
04/06/2019 00:00,0.8340682961986956,0.0654277351363925,0.4718650985996278,0.0918430565280252
04/06/2019 01:00,0.8340682961986956,0.0654277351363925,0.4718650985996278,0.0918430565280252
04/06/2019 02:00,0.8340682961986956,0.0654277351363925,0.4718650985996278,0.0918430565280252
04/06/2019 03:00,0.8340682961986956,0.0654277351363925,0.4718650985996278,0.0918430565280252
04/06/2019 04:00,0.8340682961986956,0.0654277351363925,0.4718650985996278,0.0918430565280252
04/06/2019 05:00,0.8340682961986956,0.0654277351363925,0.4718650985996278,0.0918430565280252
04/06/2019 06:00,0.8340682961986956,0.0654277351363925,0.4718650985996278,0.0918430565280252
04/06/2019 07:00,0.8340682961986956,0.0654277351363925,0.4718650985996278,0.0918430565280252
04/06/2019 08:00,0.8340682961986956,0.0654277351363925,0.4718650985996278,0.0918430565280252
04/06/2019 09:00,0.8340682961986956,0.0654277351363925,0.4718650985996278,0.0918430565280252
04/06/2019 10:00,0.8340682961986956,0.0654277351363925,0.4718650985996278,0.0918430565280252
04/06/2019 11:00,0.8340682961986956,0.0654277351363925,0.4718650985996278,0.0918430565280252
04/06/2019 12:00,0.8340682961986956,0.0654277351363925,0.4718650985996278,0.0918430565280252
04/06/2019 13:00,0.8340682961986956,0.0654277351363925,0.4718650985996278,0.0918430565280252
04/06/2019 14:00,0.8340682961986956,0.0654277351363925,0.4718650985996278,0.0918430565280252
04/06/2019 15:00,0.8340682961986956,0.0654277351363925,0.4718650985996278,0.0918430565280252
04/06/2019 16:00,0.8340682961986956,0.0654277351363925,0.4718650985996278,0.0918430565280252
04/06/2019 17:00,0.8340682961986956,0.0654277351363925,0.4718650985996278,0.0918430565280252
04/06/2019 18:00,0.8340682961986956,0.0654277351363925,0.4718650985996278,0.0918430565280252
04/06/2019 19:00,0.8340682961986956,0.0654277351363925,0.4718650985996278,0.0918430565280252
04/06/2019 20:00,0.8340682961986956,0.0654277351363925,0.4718650985996278,0.0918430565280252
04/06/2019 21:00,0.8340682961986956,0.0654277351363925,0.4718650985996278,0.0918430565280252
04/06/2019 22:00,0.8340682961986956,0.0654277351363925,0.4718650985996278,0.0918430565280252
04/06/2019 23:00,0.8340682961986956,0.0654277351363925,0.4718650985996278,0.0918430565280252
05/06/2019 00:00,0.8340682961986956,0.0654277351363925,0.4718650985996278,0.0918430565280252
05/06/2019 01:00,0.8340682961986956,0.0654277351363925,0.4718650985996278,0.0918430565280252
05/06/2019 02:00,0.8340682961986956,0.0654277351363925,0.4718650985996278,0.0918430565280252
05/06/2019 03:00,0.8340682961986956,0.0654277351363925,0.4718650985996278,0.0918430565280252
05/06/2019 04:00,0.8340682961986956,0.0654277351363925,0.4718650985996278,0.0918430565280252
05/06/2019 05:00,0.8340682961986956,0.0654277351363925,0.4718650985996278,0.0918430565280252
05/06/2019 06:00,0.8340682961986956,0.0654277351363925,0.4718650985996278,0.0918430565280252
05/06/2019 07:00,0.8340682961986956,0.0654277351363925,0.4718650985996278,0.0918430565280252
05/06/2019 08:00,0.8340682961986956,0.0654277351363925,0.4718650985996278,0.0918430565280252
05/06/2019 09:00,0.8340682961986956,0.0654277351363925,0.4718650985996278,0.0918430565280252
05/06/2019 10:00,0.8340682961986956,0.0654277351363925,0.4718650985996278,0.0918430565280252
05/06/2019 11:00,0.8340682961986956,0.0654277351363925,0.4718650985996278,0.0918430565280252
05/06/2019 12:00,0.8340682961986956,0.0654277351363925,0.4718650985996278,0.0918430565280252
05/06/2019 13:00,0.8340682961986956,0.0654277351363925,0.4718650985996278,0.0918430565280252
05/06/2019 14:00,0.8340682961986956,0.0654277351363925,0.4718650985996278,0.0918430565280252
05/06/2019 15:00,0.8340682961986956,0.0654277351363925,0.4718650985996278,0.0918430565280252
05/06/2019 16:00,0.8340682961986956,0.0654277351363925,0.4718650985996278,0.0918430565280252
05/06/2019 17:00,0.8340682961986956,0.0654277351363925,0.4718650985996278,0.0918430565280252
05/06/2019 18:00,0.8340682961986956,0.0654277351363925,0.4718650985996278,0.0918430565280252
05/06/2019 19:00,0.8340682961986956,0.0654277351363925,0.4718650985996278,0.0918430565280252
05/06/2019 20:00,0.8340682961986956,0.0654277351363925,0.4718650985996278,0.0918430565280252
05/06/2019 21:00,0.8340682961986956,0.0654277351363925,0.4718650985996278,0.0918430565280252
05/06/2019 22:00,0.8340682961986956,0.0654277351363925,0.4718650985996278,0.0918430565280252
05/06/2019 23:00,0.8340682961986956,0.0654277351363925,0.4718650985996278,0.0918430565280252
06/06/2019 00:00,0.8340682961986956,0.0654277351363925,0.4718650985996278,0.0918430565280252
06/06/2019 01:00,0.8340682961986956,0.0654277351363925,0.4718650985996278,0.0918430565280252
06/06/2019 02:00,0.8340682961986956,0.0654277351363925,0.4718650985996278,0.0918430565280252
06/06/2019 03:00,0.8340682961986956,0.0654277351363925,0.4718650985996278,0.0918430565280252
06/06/2019 04:00,0.8340682961986956,0.0654277351363925,0.4718650985996278,0.0918430565280252
06/06/2019 05:00,0.8340682961986956,0.0654277351363925,0.4718650985996278,0.0918430565280252
06/06/2019 06:00,0.8340682961986956,0.0654277351363925,0.4718650985996278,0.0918430565280252
06/06/2019 07:00,0.8340682961986956,0.0654277351363925,0.4718650985996278,0.0918430565280252
06/06/2019 08:00,0.8340682961986956,0.0654277351363925,0.4718650985996278,0.0918430565280252
06/06/2019 09:00,0.8340682961986956,0.0654277351363925,0.4718650985996278,0.0918430565280252
06/06/2019 10:00,0.8340682961986956,0.0654277351363925,0.4718650985996278,0.0918430565280252
06/06/2019 11:00,0.8340682961986956,0.0654277351363925,0.4718650985996278,0.0918430565280252
06/06/2019 12:00,0.8340682961986956,0.0654277351363925,0.4718650985996278,0.0918430565280252
06/06/2019 13:00,0.8340682961986956,0.0654277351363925,0.4718650985996278,0.0918430565280252
06/06/2019 14:00,0.8340682961986956,0.0654277351363925,0.4718650985996278,0.0918430565280252
06/06/2019 15:00,0.8340682961986956,0.0654277351363925,0.4718650985996278,0.0918430565280252
06/06/2019 16:00,0.8340682961986956,0.0654277351363925,0.4718650985996278,0.0918430565280252
06/06/2019 17:00,0.8340682961986956,0.0654277351363925,0.4718650985996278,0.0918430565280252
06/06/2019 18:00,0.8340682961986956,0.0654277351363925,0.4718650985996278,0.0918430565280252
06/06/2019 19:00,0.8340682961986956,0.0654277351363925,0.4718650985996278,0.0918430565280252
06/06/2019 20:00,0.8340682961986956,0.0654277351363925,0.4718650985996278,0.0918430565280252
06/06/2019 21:00,0.8340682961986956,0.0654277351363925,0.4718650985996278,0.0918430565280252
06/06/2019 22:00,0.8340682961986956,0.0654277351363925,0.4718650985996278,0.0918430565280252
06/06/2019 23:00,0.8340682961986956,0.0654277351363925,0.4718650985996278,0.0918430565280252
07/06/2019 00:00,0.8340682961986956,0.0654277351363925,0.4718650985996278,0.0918430565280252
07/06/2019 01:00,0.8340682961986956,0.0654277351363925,0.4718650985996278,0.0918430565280252
07/06/2019 02:00,0.8340682961986956,0.0654277351363925,0.4718650985996278,0.0918430565280252
07/06/2019 03:00,0.8340682961986956,0.0654277351363925,0.4718650985996278,0.0918430565280252
07/06/2019 04:00,0.8340682961986956,0.0654277351363925,0.4718650985996278,0.0918430565280252
07/06/2019 05:00,0.8340682961986956,0.0654277351363925,0.4718650985996278,0.0918430565280252
07/06/2019 06:00,0.8340682961986956,0.0654277351363925,0.4718650985996278,0.0918430565280252
07/06/2019 07:00,0.8340682961986956,0.0654277351363925,0.4718650985996278,0.0918430565280252
07/06/2019 08:00,0.8340682961986956,0.0654277351363925,0.4718650985996278,0.0918430565280252
07/06/2019 09:00,0.8340682961986956,0.0654277351363925,0.4718650985996278,0.0918430565280252
07/06/2019 10:00,0.8340682961986956,0.0654277351363925,0.4718650985996278,0.0918430565280252
07/06/2019 11:00,0.8340682961986956,0.0654277351363925,0.4718650985996278,0.0918430565280252
07/06/2019 12:00,0.8340682961986956,0.0654277351363925,0.4718650985996278,0.0918430565280252
07/06/2019 13:00,0.8340682961986956,0.0654277351363925,0.4718650985996278,0.0918430565280252
07/06/2019 14:00,0.8340682961986956,0.0654277351363925,0.4718650985996278,0.0918430565280252
07/06/2019 15:00,0.8340682961986956,0.0654277351363925,0.4718650985996278,0.0918430565280252
07/06/2019 16:00,0.8340682961986956,0.0654277351363925,0.4718650985996278,0.0918430565280252
07/06/2019 17:00,0.8340682961986956,0.0654277351363925,0.4718650985996278,0.0918430565280252
07/06/2019 18:00,0.8340682961986956,0.0654277351363925,0.4718650985996278,0.0918430565280252
07/06/2019 19:00,0.8340682961986956,0.0654277351363925,0.4718650985996278,0.0918430565280252
07/06/2019 20:00,0.8340682961986956,0.0654277351363925,0.4718650985996278,0.0918430565280252
07/06/2019 21:00,0.8340682961986956,0.0654277351363925,0.4718650985996278,0.0918430565280252
07/06/2019 22:00,0.8340682961986956,0.0654277351363925,0.4718650985996278,0.0918430565280252
07/06/2019 23:00,0.8340682961986956,0.0654277351363925,0.4718650985996278,0.0918430565280252
08/06/2019 00:00,0.8340682961986956,0.0654277351363925,0.4718650985996278,0.0918430565280252
08/06/2019 01:00,0.8340682961986956,0.0654277351363925,0.4718650985996278,0.0918430565280252
08/06/2019 02:00,0.8340682961986956,0.0654277351363925,0.4718650985996278,0.0918430565280252
08/06/2019 03:00,0.8340682961986956,0.0654277351363925,0.4718650985996278,0.0918430565280252
08/06/2019 04:00,0.8340682961986956,0.0654277351363925,0.4718650985996278,0.0918430565280252
08/06/2019 05:00,0.8340682961986956,0.0654277351363925,0.4718650985996278,0.0918430565280252
08/06/2019 06:00,0.8340682961986956,0.0654277351363925,0.4718650985996278,0.0918430565280252
08/06/2019 07:00,0.8340682961986956,0.0654277351363925,0.4718650985996278,0.0918430565280252
08/06/2019 08:00,0.8340682961986956,0.0654277351363925,0.4718650985996278,0.0918430565280252
08/06/2019 09:00,0.8340682961986956,0.0654277351363925,0.4718650985996278,0.0918430565280252
08/06/2019 10:00,0.8340682961986956,0.0654277351363925,0.4718650985996278,0.0918430565280252
08/06/2019 11:00,0.8340682961986956,0.0654277351363925,0.4718650985996278,0.0918430565280252
08/06/2019 12:00,0.8340682961986956,0.0654277351363925,0.4718650985996278,0.0918430565280252
08/06/2019 13:00,0.8340682961986956,0.0654277351363925,0.4718650985996278,0.0918430565280252
08/06/2019 14:00,0.8340682961986956,0.0654277351363925,0.4718650985996278,0.0918430565280252
08/06/2019 15:00,0.8340682961986956,0.0654277351363925,0.4718650985996278,0.0918430565280252
08/06/2019 16:00,0.8340682961986956,0.0654277351363925,0.4718650985996278,0.0918430565280252
08/06/2019 17:00,0.8340682961986956,0.0654277351363925,0.4718650985996278,0.0918430565280252
08/06/2019 18:00,0.8340682961986956,0.0654277351363925,0.4718650985996278,0.0918430565280252
08/06/2019 19:00,0.8340682961986956,0.0654277351363925,0.4718650985996278,0.0918430565280252
08/06/2019 20:00,0.8340682961986956,0.0654277351363925,0.4718650985996278,0.0918430565280252
08/06/2019 21:00,0.8340682961986956,0.0654277351363925,0.4718650985996278,0.0918430565280252
08/06/2019 22:00,0.8340682961986956,0.0654277351363925,0.4718650985996278,0.0918430565280252
08/06/2019 23:00,0.8340682961986956,0.0654277351363925,0.4718650985996278,0.0918430565280252
09/06/2019 00:00,0.8340682961986956,0.0654277351363925,0.4718650985996278,0.0918430565280252
09/06/2019 01:00,0.8340682961986956,0.0654277351363925,0.4718650985996278,0.0918430565280252
09/06/2019 02:00,0.8340682961986956,0.0654277351363925,0.4718650985996278,0.0918430565280252
09/06/2019 03:00,0.8340682961986956,0.0654277351363925,0.4718650985996278,0.0918430565280252
09/06/2019 04:00,0.8340682961986956,0.0654277351363925,0.4718650985996278,0.0918430565280252
09/06/2019 05:00,0.8340682961986956,0.0654277351363925,0.4718650985996278,0.0918430565280252
09/06/2019 06:00,0.8340682961986956,0.0654277351363925,0.4718650985996278,0.0918430565280252
09/06/2019 07:00,0.8340682961986956,0.0654277351363925,0.4718650985996278,0.0918430565280252
09/06/2019 08:00,0.8340682961986956,0.0654277351363925,0.4718650985996278,0.0918430565280252
09/06/2019 09:00,0.8340682961986956,0.0654277351363925,0.4718650985996278,0.0918430565280252
09/06/2019 10:00,0.8340682961986956,0.0654277351363925,0.4718650985996278,0.0918430565280252
09/06/2019 11:00,0.8340682961986956,0.0654277351363925,0.4718650985996278,0.0918430565280252
09/06/2019 12:00,0.8340682961986956,0.0654277351363925,0.4718650985996278,0.0918430565280252
09/06/2019 13:00,0.8340682961986956,0.0654277351363925,0.4718650985996278,0.0918430565280252
09/06/2019 14:00,0.8340682961986956,0.0654277351363925,0.4718650985996278,0.0918430565280252
09/06/2019 15:00,0.8340682961986956,0.0654277351363925,0.4718650985996278,0.0918430565280252
09/06/2019 16:00,0.8340682961986956,0.0654277351363925,0.4718650985996278,0.0918430565280252
09/06/2019 17:00,0.8340682961986956,0.0654277351363925,0.4718650985996278,0.0918430565280252
09/06/2019 18:00,0.8340682961986956,0.0654277351363925,0.4718650985996278,0.0918430565280252
09/06/2019 19:00,0.8340682961986956,0.0654277351363925,0.4718650985996278,0.0918430565280252
09/06/2019 20:00,0.8340682961986956,0.0654277351363925,0.4718650985996278,0.0918430565280252
09/06/2019 21:00,0.8340682961986956,0.0654277351363925,0.4718650985996278,0.0918430565280252
09/06/2019 22:00,0.8340682961986956,0.0654277351363925,0.4718650985996278,0.0918430565280252
09/06/2019 23:00,0.8340682961986956,0.0654277351363925,0.4718650985996278,0.0918430565280252
10/06/2019 00:00,0.8340682961986956,0.0654277351363925,0.4718650985996278,0.0918430565280252
10/06/2019 01:00,0.8340682961986956,0.0654277351363925,0.4718650985996278,0.0918430565280252
10/06/2019 02:00,0.8340682961986956,0.0654277351363925,0.4718650985996278,0.0918430565280252
10/06/2019 03:00,0.8340682961986956,0.0654277351363925,0.4718650985996278,0.0918430565280252
10/06/2019 04:00,0.8340682961986956,0.0654277351363925,0.4718650985996278,0.0918430565280252
10/06/2019 05:00,0.8340682961986956,0.0654277351363925,0.4718650985996278,0.0918430565280252
10/06/2019 06:00,0.8340682961986956,0.0654277351363925,0.4718650985996278,0.0918430565280252
10/06/2019 07:00,0.8340682961986956,0.0654277351363925,0.4718650985996278,0.0918430565280252
10/06/2019 08:00,0.8340682961986956,0.0654277351363925,0.4718650985996278,0.0918430565280252
10/06/2019 09:00,0.8340682961986956,0.0654277351363925,0.4718650985996278,0.0918430565280252
10/06/2019 10:00,0.8340682961986956,0.0654277351363925,0.4718650985996278,0.0918430565280252
10/06/2019 11:00,0.8340682961986956,0.0654277351363925,0.4718650985996278,0.0918430565280252
10/06/2019 12:00,0.8340682961986956,0.0654277351363925,0.4718650985996278,0.0918430565280252
10/06/2019 13:00,0.8340682961986956,0.0654277351363925,0.4718650985996278,0.0918430565280252
10/06/2019 14:00,0.8340682961986956,0.0654277351363925,0.4718650985996278,0.0918430565280252
10/06/2019 15:00,0.8340682961986956,0.0654277351363925,0.4718650985996278,0.0918430565280252
10/06/2019 16:00,0.8340682961986956,0.0654277351363925,0.4718650985996278,0.0918430565280252
10/06/2019 17:00,0.8340682961986956,0.0654277351363925,0.4718650985996278,0.0918430565280252
10/06/2019 18:00,0.8340682961986956,0.0654277351363925,0.4718650985996278,0.0918430565280252
10/06/2019 19:00,0.8340682961986956,0.0654277351363925,0.4718650985996278,0.0918430565280252
10/06/2019 20:00,0.8340682961986956,0.0654277351363925,0.4718650985996278,0.0918430565280252
10/06/2019 21:00,0.8340682961986956,0.0654277351363925,0.4718650985996278,0.0918430565280252
10/06/2019 22:00,0.8340682961986956,0.0654277351363925,0.4718650985996278,0.0918430565280252
10/06/2019 23:00,0.8340682961986956,0.0654277351363925,0.4718650985996278,0.0918430565280252
11/06/2019 00:00,0.8340682961986956,0.0654277351363925,0.4718650985996278,0.0918430565280252
11/06/2019 01:00,0.8340682961986956,0.0654277351363925,0.4718650985996278,0.0918430565280252
11/06/2019 02:00,0.8340682961986956,0.0654277351363925,0.4718650985996278,0.0918430565280252
11/06/2019 03:00,0.8340682961986956,0.0654277351363925,0.4718650985996278,0.0918430565280252
11/06/2019 04:00,0.8340682961986956,0.0654277351363925,0.4718650985996278,0.0918430565280252
11/06/2019 05:00,0.8340682961986956,0.0654277351363925,0.4718650985996278,0.0918430565280252
11/06/2019 06:00,0.8340682961986956,0.0654277351363925,0.4718650985996278,0.0918430565280252
11/06/2019 07:00,0.8340682961986956,0.0654277351363925,0.4718650985996278,0.0918430565280252
11/06/2019 08:00,0.8340682961986956,0.0654277351363925,0.4718650985996278,0.0918430565280252
11/06/2019 09:00,0.8340682961986956,0.0654277351363925,0.4718650985996278,0.0918430565280252
11/06/2019 10:00,0.8340682961986956,0.0654277351363925,0.4718650985996278,0.0918430565280252
11/06/2019 11:00,0.8340682961986956,0.0654277351363925,0.4718650985996278,0.0918430565280252
11/06/2019 12:00,0.8340682961986956,0.0654277351363925,0.4718650985996278,0.0918430565280252
11/06/2019 13:00,0.8340682961986956,0.0654277351363925,0.4718650985996278,0.0918430565280252
11/06/2019 14:00,0.8340682961986956,0.0654277351363925,0.4718650985996278,0.0918430565280252
11/06/2019 15:00,0.8340682961986956,0.0654277351363925,0.4718650985996278,0.0918430565280252
11/06/2019 16:00,0.8340682961986956,0.0654277351363925,0.4718650985996278,0.0918430565280252
11/06/2019 17:00,0.8340682961986956,0.0654277351363925,0.4718650985996278,0.0918430565280252
11/06/2019 18:00,0.8340682961986956,0.0654277351363925,0.4718650985996278,0.0918430565280252
11/06/2019 19:00,0.8340682961986956,0.0654277351363925,0.4718650985996278,0.0918430565280252
11/06/2019 20:00,0.8340682961986956,0.0654277351363925,0.4718650985996278,0.0918430565280252
11/06/2019 21:00,0.8340682961986956,0.0654277351363925,0.4718650985996278,0.0918430565280252
11/06/2019 22:00,0.8340682961986956,0.0654277351363925,0.4718650985996278,0.0918430565280252
11/06/2019 23:00,0.8340682961986956,0.0654277351363925,0.4718650985996278,0.0918430565280252
12/06/2019 00:00,0.8340682961986956,0.0654277351363925,0.4718650985996278,0.0918430565280252
12/06/2019 01:00,0.8340682961986956,0.0654277351363925,0.4718650985996278,0.0918430565280252
12/06/2019 02:00,0.8340682961986956,0.0654277351363925,0.4718650985996278,0.0918430565280252
12/06/2019 03:00,0.8340682961986956,0.0654277351363925,0.4718650985996278,0.0918430565280252
12/06/2019 04:00,0.8340682961986956,0.0654277351363925,0.4718650985996278,0.0918430565280252
12/06/2019 05:00,0.8340682961986956,0.0654277351363925,0.4718650985996278,0.0918430565280252
12/06/2019 06:00,0.8340682961986956,0.0654277351363925,0.4718650985996278,0.0918430565280252
12/06/2019 07:00,0.8340682961986956,0.0654277351363925,0.4718650985996278,0.0918430565280252
12/06/2019 08:00,0.8340682961986956,0.0654277351363925,0.4718650985996278,0.0918430565280252
12/06/2019 09:00,0.8340682961986956,0.0654277351363925,0.4718650985996278,0.0918430565280252
12/06/2019 10:00,0.8340682961986956,0.0654277351363925,0.4718650985996278,0.0918430565280252
12/06/2019 11:00,0.8340682961986956,0.0654277351363925,0.4718650985996278,0.0918430565280252
12/06/2019 12:00,0.8340682961986956,0.0654277351363925,0.4718650985996278,0.0918430565280252
12/06/2019 13:00,0.8340682961986956,0.0654277351363925,0.4718650985996278,0.0918430565280252
12/06/2019 14:00,0.8340682961986956,0.0654277351363925,0.4718650985996278,0.0918430565280252
12/06/2019 15:00,0.8340682961986956,0.0654277351363925,0.4718650985996278,0.0918430565280252
12/06/2019 16:00,0.8340682961986956,0.0654277351363925,0.4718650985996278,0.0918430565280252
12/06/2019 17:00,0.8340682961986956,0.0654277351363925,0.4718650985996278,0.0918430565280252
12/06/2019 18:00,0.8340682961986956,0.0654277351363925,0.4718650985996278,0.0918430565280252
12/06/2019 19:00,0.8340682961986956,0.0654277351363925,0.4718650985996278,0.0918430565280252
12/06/2019 20:00,0.8340682961986956,0.0654277351363925,0.4718650985996278,0.0918430565280252
12/06/2019 21:00,0.8340682961986956,0.0654277351363925,0.4718650985996278,0.0918430565280252
12/06/2019 22:00,0.8340682961986956,0.0654277351363925,0.4718650985996278,0.0918430565280252
12/06/2019 23:00,0.8340682961986956,0.0654277351363925,0.4718650985996278,0.0918430565280252
13/06/2019 00:00,0.8340682961986956,0.0654277351363925,0.4718650985996278,0.0918430565280252
13/06/2019 01:00,0.8340682961986956,0.0654277351363925,0.4718650985996278,0.0918430565280252
13/06/2019 02:00,0.8340682961986956,0.0654277351363925,0.4718650985996278,0.0918430565280252
13/06/2019 03:00,0.8340682961986956,0.0654277351363925,0.4718650985996278,0.0918430565280252
13/06/2019 04:00,0.8340682961986956,0.0654277351363925,0.4718650985996278,0.0918430565280252
13/06/2019 05:00,0.8340682961986956,0.0654277351363925,0.4718650985996278,0.0918430565280252
13/06/2019 06:00,0.8340682961986956,0.0654277351363925,0.4718650985996278,0.0918430565280252
13/06/2019 07:00,0.8340682961986956,0.0654277351363925,0.4718650985996278,0.0918430565280252
13/06/2019 08:00,0.8340682961986956,0.0654277351363925,0.4718650985996278,0.0918430565280252
13/06/2019 09:00,0.8340682961986956,0.0654277351363925,0.4718650985996278,0.0918430565280252
13/06/2019 10:00,0.8340682961986956,0.0654277351363925,0.4718650985996278,0.0918430565280252
13/06/2019 11:00,0.8340682961986956,0.0654277351363925,0.4718650985996278,0.0918430565280252
13/06/2019 12:00,0.8340682961986956,0.0654277351363925,0.4718650985996278,0.0918430565280252
13/06/2019 13:00,0.8340682961986956,0.0654277351363925,0.4718650985996278,0.0918430565280252
13/06/2019 14:00,0.8340682961986956,0.0654277351363925,0.4718650985996278,0.0918430565280252
13/06/2019 15:00,0.8340682961986956,0.0654277351363925,0.4718650985996278,0.0918430565280252
13/06/2019 16:00,0.8340682961986956,0.0654277351363925,0.4718650985996278,0.0918430565280252
13/06/2019 17:00,0.8340682961986956,0.0654277351363925,0.4718650985996278,0.0918430565280252
13/06/2019 18:00,0.8340682961986956,0.0654277351363925,0.4718650985996278,0.0918430565280252
13/06/2019 19:00,0.8340682961986956,0.0654277351363925,0.4718650985996278,0.0918430565280252
13/06/2019 20:00,0.8340682961986956,0.0654277351363925,0.4718650985996278,0.0918430565280252
13/06/2019 21:00,0.8340682961986956,0.0654277351363925,0.4718650985996278,0.0918430565280252
13/06/2019 22:00,0.8340682961986956,0.0654277351363925,0.4718650985996278,0.0918430565280252
13/06/2019 23:00,0.8340682961986956,0.0654277351363925,0.4718650985996278,0.0918430565280252
14/06/2019 00:00,0.8340682961986956,0.0654277351363925,0.4718650985996278,0.0918430565280252
14/06/2019 01:00,0.8340682961986956,0.0654277351363925,0.4718650985996278,0.0918430565280252
14/06/2019 02:00,0.8340682961986956,0.0654277351363925,0.4718650985996278,0.0918430565280252
14/06/2019 03:00,0.8340682961986956,0.0654277351363925,0.4718650985996278,0.0918430565280252
14/06/2019 04:00,0.8340682961986956,0.0654277351363925,0.4718650985996278,0.0918430565280252
14/06/2019 05:00,0.8340682961986956,0.0654277351363925,0.4718650985996278,0.0918430565280252
14/06/2019 06:00,0.8340682961986956,0.0654277351363925,0.4718650985996278,0.0918430565280252
14/06/2019 07:00,0.8340682961986956,0.0654277351363925,0.4718650985996278,0.0918430565280252
14/06/2019 08:00,0.8340682961986956,0.0654277351363925,0.4718650985996278,0.0918430565280252
14/06/2019 09:00,0.8340682961986956,0.0654277351363925,0.4718650985996278,0.0918430565280252
14/06/2019 10:00,0.8340682961986956,0.0654277351363925,0.4718650985996278,0.0918430565280252
14/06/2019 11:00,0.8340682961986956,0.0654277351363925,0.4718650985996278,0.0918430565280252
14/06/2019 12:00,0.8340682961986956,0.0654277351363925,0.4718650985996278,0.0918430565280252
14/06/2019 13:00,0.8340682961986956,0.0654277351363925,0.4718650985996278,0.0918430565280252
14/06/2019 14:00,0.8340682961986956,0.0654277351363925,0.4718650985996278,0.0918430565280252
14/06/2019 15:00,0.8340682961986956,0.0654277351363925,0.4718650985996278,0.0918430565280252
14/06/2019 16:00,0.8340682961986956,0.0654277351363925,0.4718650985996278,0.0918430565280252
14/06/2019 17:00,0.8340682961986956,0.0654277351363925,0.4718650985996278,0.0918430565280252
14/06/2019 18:00,0.8340682961986956,0.0654277351363925,0.4718650985996278,0.0918430565280252
14/06/2019 19:00,0.8340682961986956,0.0654277351363925,0.4718650985996278,0.0918430565280252
14/06/2019 20:00,0.8340682961986956,0.0654277351363925,0.4718650985996278,0.0918430565280252
14/06/2019 21:00,0.8340682961986956,0.0654277351363925,0.4718650985996278,0.0918430565280252
14/06/2019 22:00,0.8340682961986956,0.0654277351363925,0.4718650985996278,0.0918430565280252
14/06/2019 23:00,0.8340682961986956,0.0654277351363925,0.4718650985996278,0.0918430565280252
15/06/2019 00:00,0.8340682961986956,0.0654277351363925,0.4718650985996278,0.0918430565280252
15/06/2019 01:00,0.8340682961986956,0.0654277351363925,0.4718650985996278,0.0918430565280252
15/06/2019 02:00,0.8340682961986956,0.0654277351363925,0.4718650985996278,0.0918430565280252
15/06/2019 03:00,0.8340682961986956,0.0654277351363925,0.4718650985996278,0.0918430565280252
15/06/2019 04:00,0.8340682961986956,0.0654277351363925,0.4718650985996278,0.0918430565280252
15/06/2019 05:00,0.8340682961986956,0.0654277351363925,0.4718650985996278,0.0918430565280252
15/06/2019 06:00,0.8340682961986956,0.0654277351363925,0.4718650985996278,0.0918430565280252
15/06/2019 07:00,0.8340682961986956,0.0654277351363925,0.4718650985996278,0.0918430565280252
15/06/2019 08:00,0.8340682961986956,0.0654277351363925,0.4718650985996278,0.0918430565280252
15/06/2019 09:00,0.8340682961986956,0.0654277351363925,0.4718650985996278,0.0918430565280252
15/06/2019 10:00,0.8340682961986956,0.0654277351363925,0.4718650985996278,0.0918430565280252
15/06/2019 11:00,0.8340682961986956,0.0654277351363925,0.4718650985996278,0.0918430565280252
15/06/2019 12:00,0.8340682961986956,0.0654277351363925,0.4718650985996278,0.0918430565280252
15/06/2019 13:00,0.8340682961986956,0.0654277351363925,0.4718650985996278,0.0918430565280252
15/06/2019 14:00,0.8340682961986956,0.0654277351363925,0.4718650985996278,0.0918430565280252
15/06/2019 15:00,0.8340682961986956,0.0654277351363925,0.4718650985996278,0.0918430565280252
15/06/2019 16:00,0.8340682961986956,0.0654277351363925,0.4718650985996278,0.0918430565280252
15/06/2019 17:00,0.8340682961986956,0.0654277351363925,0.4718650985996278,0.0918430565280252
15/06/2019 18:00,0.8340682961986956,0.0654277351363925,0.4718650985996278,0.0918430565280252
15/06/2019 19:00,0.8340682961986956,0.0654277351363925,0.4718650985996278,0.0918430565280252
15/06/2019 20:00,0.8340682961986956,0.0654277351363925,0.4718650985996278,0.0918430565280252
15/06/2019 21:00,0.8340682961986956,0.0654277351363925,0.4718650985996278,0.0918430565280252
15/06/2019 22:00,0.8340682961986956,0.0654277351363925,0.4718650985996278,0.0918430565280252
15/06/2019 23:00,0.8340682961986956,0.0654277351363925,0.4718650985996278,0.0918430565280252
16/06/2019 00:00,0.8340682961986956,0.0654277351363925,0.4718650985996278,0.0918430565280252
16/06/2019 01:00,0.8340682961986956,0.0654277351363925,0.4718650985996278,0.0918430565280252
16/06/2019 02:00,0.8340682961986956,0.0654277351363925,0.4718650985996278,0.0918430565280252
16/06/2019 03:00,0.8340682961986956,0.0654277351363925,0.4718650985996278,0.0918430565280252
16/06/2019 04:00,0.8340682961986956,0.0654277351363925,0.4718650985996278,0.0918430565280252
16/06/2019 05:00,0.8340682961986956,0.0654277351363925,0.4718650985996278,0.0918430565280252
16/06/2019 06:00,0.8340682961986956,0.0654277351363925,0.4718650985996278,0.0918430565280252
16/06/2019 07:00,0.8340682961986956,0.0654277351363925,0.4718650985996278,0.0918430565280252
16/06/2019 08:00,0.8340682961986956,0.0654277351363925,0.4718650985996278,0.0918430565280252
16/06/2019 09:00,0.8340682961986956,0.0654277351363925,0.4718650985996278,0.0918430565280252
16/06/2019 10:00,0.8340682961986956,0.0654277351363925,0.4718650985996278,0.0918430565280252
16/06/2019 11:00,0.8340682961986956,0.0654277351363925,0.4718650985996278,0.0918430565280252
16/06/2019 12:00,0.8340682961986956,0.0654277351363925,0.4718650985996278,0.0918430565280252
16/06/2019 13:00,0.8340682961986956,0.0654277351363925,0.4718650985996278,0.0918430565280252
16/06/2019 14:00,0.8340682961986956,0.0654277351363925,0.4718650985996278,0.0918430565280252
16/06/2019 15:00,0.8340682961986956,0.0654277351363925,0.4718650985996278,0.0918430565280252
16/06/2019 16:00,0.8340682961986956,0.0654277351363925,0.4718650985996278,0.0918430565280252
16/06/2019 17:00,0.8340682961986956,0.0654277351363925,0.4718650985996278,0.0918430565280252
16/06/2019 18:00,0.8340682961986956,0.0654277351363925,0.4718650985996278,0.0918430565280252
16/06/2019 19:00,0.8340682961986956,0.0654277351363925,0.4718650985996278,0.0918430565280252
16/06/2019 20:00,0.8340682961986956,0.0654277351363925,0.4718650985996278,0.0918430565280252
16/06/2019 21:00,0.8340682961986956,0.0654277351363925,0.4718650985996278,0.0918430565280252
16/06/2019 22:00,0.8340682961986956,0.0654277351363925,0.4718650985996278,0.0918430565280252
16/06/2019 23:00,0.8340682961986956,0.0654277351363925,0.4718650985996278,0.0918430565280252
17/06/2019 00:00,0.8340682961986956,0.0654277351363925,0.4718650985996278,0.0918430565280252
17/06/2019 01:00,0.8340682961986956,0.0654277351363925,0.4718650985996278,0.0918430565280252
17/06/2019 02:00,0.8340682961986956,0.0654277351363925,0.4718650985996278,0.0918430565280252
17/06/2019 03:00,0.8340682961986956,0.0654277351363925,0.4718650985996278,0.0918430565280252
17/06/2019 04:00,0.8340682961986956,0.0654277351363925,0.4718650985996278,0.0918430565280252
17/06/2019 05:00,0.8340682961986956,0.0654277351363925,0.4718650985996278,0.0918430565280252
17/06/2019 06:00,0.8340682961986956,0.0654277351363925,0.4718650985996278,0.0918430565280252
17/06/2019 07:00,0.8340682961986956,0.0654277351363925,0.4718650985996278,0.0918430565280252
17/06/2019 08:00,0.8340682961986956,0.0654277351363925,0.4718650985996278,0.0918430565280252
17/06/2019 09:00,0.8340682961986956,0.0654277351363925,0.4718650985996278,0.0918430565280252
17/06/2019 10:00,0.8340682961986956,0.0654277351363925,0.4718650985996278,0.0918430565280252
17/06/2019 11:00,0.8340682961986956,0.0654277351363925,0.4718650985996278,0.0918430565280252
17/06/2019 12:00,0.8340682961986956,0.0654277351363925,0.4718650985996278,0.0918430565280252
17/06/2019 13:00,0.8340682961986956,0.0654277351363925,0.4718650985996278,0.0918430565280252
17/06/2019 14:00,0.8340682961986956,0.0654277351363925,0.4718650985996278,0.0918430565280252
17/06/2019 15:00,0.8340682961986956,0.0654277351363925,0.4718650985996278,0.0918430565280252
17/06/2019 16:00,0.8340682961986956,0.0654277351363925,0.4718650985996278,0.0918430565280252
17/06/2019 17:00,0.8340682961986956,0.0654277351363925,0.4718650985996278,0.0918430565280252
17/06/2019 18:00,0.8340682961986956,0.0654277351363925,0.4718650985996278,0.0918430565280252
17/06/2019 19:00,0.8340682961986956,0.0654277351363925,0.4718650985996278,0.0918430565280252
17/06/2019 20:00,0.8340682961986956,0.0654277351363925,0.4718650985996278,0.0918430565280252
17/06/2019 21:00,0.8340682961986956,0.0654277351363925,0.4718650985996278,0.0918430565280252
17/06/2019 22:00,0.8340682961986956,0.0654277351363925,0.4718650985996278,0.0918430565280252
17/06/2019 23:00,0.8340682961986956,0.0654277351363925,0.4718650985996278,0.0918430565280252
18/06/2019 00:00,0.8340682961986956,0.0654277351363925,0.4718650985996278,0.0918430565280252
18/06/2019 01:00,0.8340682961986956,0.0654277351363925,0.4718650985996278,0.0918430565280252
18/06/2019 02:00,0.8340682961986956,0.0654277351363925,0.4718650985996278,0.0918430565280252
18/06/2019 03:00,0.8340682961986956,0.0654277351363925,0.4718650985996278,0.0918430565280252
18/06/2019 04:00,0.8340682961986956,0.0654277351363925,0.4718650985996278,0.0918430565280252
18/06/2019 05:00,0.8340682961986956,0.0654277351363925,0.4718650985996278,0.0918430565280252
18/06/2019 06:00,0.8340682961986956,0.0654277351363925,0.4718650985996278,0.0918430565280252
18/06/2019 07:00,0.8340682961986956,0.0654277351363925,0.4718650985996278,0.0918430565280252
18/06/2019 08:00,0.8340682961986956,0.0654277351363925,0.4718650985996278,0.0918430565280252
18/06/2019 09:00,0.8340682961986956,0.0654277351363925,0.4718650985996278,0.0918430565280252
18/06/2019 10:00,0.8340682961986956,0.0654277351363925,0.4718650985996278,0.0918430565280252
18/06/2019 11:00,0.8340682961986956,0.0654277351363925,0.4718650985996278,0.0918430565280252
18/06/2019 12:00,0.8340682961986956,0.0654277351363925,0.4718650985996278,0.0918430565280252
18/06/2019 13:00,0.8340682961986956,0.0654277351363925,0.4718650985996278,0.0918430565280252
18/06/2019 14:00,0.8340682961986956,0.0654277351363925,0.4718650985996278,0.0918430565280252
18/06/2019 15:00,0.8340682961986956,0.0654277351363925,0.4718650985996278,0.0918430565280252
18/06/2019 16:00,0.8340682961986956,0.0654277351363925,0.4718650985996278,0.0918430565280252
18/06/2019 17:00,0.8340682961986956,0.0654277351363925,0.4718650985996278,0.0918430565280252
18/06/2019 18:00,0.8340682961986956,0.0654277351363925,0.4718650985996278,0.0918430565280252
18/06/2019 19:00,0.8340682961986956,0.0654277351363925,0.4718650985996278,0.0918430565280252
18/06/2019 20:00,0.8340682961986956,0.0654277351363925,0.4718650985996278,0.0918430565280252
18/06/2019 21:00,0.8340682961986956,0.0654277351363925,0.4718650985996278,0.0918430565280252
18/06/2019 22:00,0.8340682961986956,0.0654277351363925,0.4718650985996278,0.0918430565280252
18/06/2019 23:00,0.8340682961986956,0.0654277351363925,0.4718650985996278,0.0918430565280252
19/06/2019 00:00,0.8340682961986956,0.0654277351363925,0.4718650985996278,0.0918430565280252
19/06/2019 01:00,0.8340682961986956,0.0654277351363925,0.4718650985996278,0.0918430565280252
19/06/2019 02:00,0.8340682961986956,0.0654277351363925,0.4718650985996278,0.0918430565280252
19/06/2019 03:00,0.8340682961986956,0.0654277351363925,0.4718650985996278,0.0918430565280252
19/06/2019 04:00,0.8340682961986956,0.0654277351363925,0.4718650985996278,0.0918430565280252
19/06/2019 05:00,0.8340682961986956,0.0654277351363925,0.4718650985996278,0.0918430565280252
19/06/2019 06:00,0.8340682961986956,0.0654277351363925,0.4718650985996278,0.0918430565280252
19/06/2019 07:00,0.8340682961986956,0.0654277351363925,0.4718650985996278,0.0918430565280252
19/06/2019 08:00,0.8340682961986956,0.0654277351363925,0.4718650985996278,0.0918430565280252
19/06/2019 09:00,0.8340682961986956,0.0654277351363925,0.4718650985996278,0.0918430565280252
19/06/2019 10:00,0.8340682961986956,0.0654277351363925,0.4718650985996278,0.0918430565280252
19/06/2019 11:00,0.8340682961986956,0.0654277351363925,0.4718650985996278,0.0918430565280252
19/06/2019 12:00,0.8340682961986956,0.0654277351363925,0.4718650985996278,0.0918430565280252
19/06/2019 13:00,0.8340682961986956,0.0654277351363925,0.4718650985996278,0.0918430565280252
19/06/2019 14:00,0.8340682961986956,0.0654277351363925,0.4718650985996278,0.0918430565280252
19/06/2019 15:00,0.8340682961986956,0.0654277351363925,0.4718650985996278,0.0918430565280252
19/06/2019 16:00,0.8340682961986956,0.0654277351363925,0.4718650985996278,0.0918430565280252
19/06/2019 17:00,0.8340682961986956,0.0654277351363925,0.4718650985996278,0.0918430565280252
19/06/2019 18:00,0.8340682961986956,0.0654277351363925,0.4718650985996278,0.0918430565280252
19/06/2019 19:00,0.8340682961986956,0.0654277351363925,0.4718650985996278,0.0918430565280252
19/06/2019 20:00,0.8340682961986956,0.0654277351363925,0.4718650985996278,0.0918430565280252
19/06/2019 21:00,0.8340682961986956,0.0654277351363925,0.4718650985996278,0.0918430565280252
19/06/2019 22:00,0.8340682961986956,0.0654277351363925,0.4718650985996278,0.0918430565280252
19/06/2019 23:00,0.8340682961986956,0.0654277351363925,0.4718650985996278,0.0918430565280252
20/06/2019 00:00,0.8340682961986956,0.0654277351363925,0.4718650985996278,0.0918430565280252
20/06/2019 01:00,0.8340682961986956,0.0654277351363925,0.4718650985996278,0.0918430565280252
20/06/2019 02:00,0.8340682961986956,0.0654277351363925,0.4718650985996278,0.0918430565280252
20/06/2019 03:00,0.8340682961986956,0.0654277351363925,0.4718650985996278,0.0918430565280252
20/06/2019 04:00,0.8340682961986956,0.0654277351363925,0.4718650985996278,0.0918430565280252
20/06/2019 05:00,0.8340682961986956,0.0654277351363925,0.4718650985996278,0.0918430565280252
20/06/2019 06:00,0.8340682961986956,0.0654277351363925,0.4718650985996278,0.0918430565280252
20/06/2019 07:00,0.8340682961986956,0.0654277351363925,0.4718650985996278,0.0918430565280252
20/06/2019 08:00,0.8340682961986956,0.0654277351363925,0.4718650985996278,0.0918430565280252
20/06/2019 09:00,0.8340682961986956,0.0654277351363925,0.4718650985996278,0.0918430565280252
20/06/2019 10:00,0.8340682961986956,0.0654277351363925,0.4718650985996278,0.0918430565280252
20/06/2019 11:00,0.8340682961986956,0.0654277351363925,0.4718650985996278,0.0918430565280252
20/06/2019 12:00,0.8340682961986956,0.0654277351363925,0.4718650985996278,0.0918430565280252
20/06/2019 13:00,0.8340682961986956,0.0654277351363925,0.4718650985996278,0.0918430565280252
20/06/2019 14:00,0.8340682961986956,0.0654277351363925,0.4718650985996278,0.0918430565280252
20/06/2019 15:00,0.8340682961986956,0.0654277351363925,0.4718650985996278,0.0918430565280252
20/06/2019 16:00,0.8340682961986956,0.0654277351363925,0.4718650985996278,0.0918430565280252
20/06/2019 17:00,0.8340682961986956,0.0654277351363925,0.4718650985996278,0.0918430565280252
20/06/2019 18:00,0.8340682961986956,0.0654277351363925,0.4718650985996278,0.0918430565280252
20/06/2019 19:00,0.8340682961986956,0.0654277351363925,0.4718650985996278,0.0918430565280252
20/06/2019 20:00,0.8340682961986956,0.0654277351363925,0.4718650985996278,0.0918430565280252
20/06/2019 21:00,0.8340682961986956,0.0654277351363925,0.4718650985996278,0.0918430565280252
20/06/2019 22:00,0.8340682961986956,0.0654277351363925,0.4718650985996278,0.0918430565280252
20/06/2019 23:00,0.8340682961986956,0.0654277351363925,0.4718650985996278,0.0918430565280252
21/06/2019 00:00,0.8340682961986956,0.0654277351363925,0.4718650985996278,0.0918430565280252
21/06/2019 01:00,0.8340682961986956,0.0654277351363925,0.4718650985996278,0.0918430565280252
21/06/2019 02:00,0.8340682961986956,0.0654277351363925,0.4718650985996278,0.0918430565280252
21/06/2019 03:00,0.8340682961986956,0.0654277351363925,0.4718650985996278,0.0918430565280252
21/06/2019 04:00,0.8340682961986956,0.0654277351363925,0.4718650985996278,0.0918430565280252
21/06/2019 05:00,0.8340682961986956,0.0654277351363925,0.4718650985996278,0.0918430565280252
21/06/2019 06:00,0.8340682961986956,0.0654277351363925,0.4718650985996278,0.0918430565280252
21/06/2019 07:00,0.8340682961986956,0.0654277351363925,0.4718650985996278,0.0918430565280252
21/06/2019 08:00,0.8340682961986956,0.0654277351363925,0.4718650985996278,0.0918430565280252
21/06/2019 09:00,0.8340682961986956,0.0654277351363925,0.4718650985996278,0.0918430565280252
21/06/2019 10:00,0.8340682961986956,0.0654277351363925,0.4718650985996278,0.0918430565280252
21/06/2019 11:00,0.8340682961986956,0.0654277351363925,0.4718650985996278,0.0918430565280252
21/06/2019 12:00,0.8340682961986956,0.0654277351363925,0.4718650985996278,0.0918430565280252
21/06/2019 13:00,0.8340682961986956,0.0654277351363925,0.4718650985996278,0.0918430565280252
21/06/2019 14:00,0.8340682961986956,0.0654277351363925,0.4718650985996278,0.0918430565280252
21/06/2019 15:00,0.8340682961986956,0.0654277351363925,0.4718650985996278,0.0918430565280252
21/06/2019 16:00,0.8340682961986956,0.0654277351363925,0.4718650985996278,0.0918430565280252
21/06/2019 17:00,0.8340682961986956,0.0654277351363925,0.4718650985996278,0.0918430565280252
21/06/2019 18:00,0.8340682961986956,0.0654277351363925,0.4718650985996278,0.0918430565280252
21/06/2019 19:00,0.8340682961986956,0.0654277351363925,0.4718650985996278,0.0918430565280252
21/06/2019 20:00,0.8340682961986956,0.0654277351363925,0.4718650985996278,0.0918430565280252
21/06/2019 21:00,0.8340682961986956,0.0654277351363925,0.4718650985996278,0.0918430565280252
21/06/2019 22:00,0.8340682961986956,0.0654277351363925,0.4718650985996278,0.0918430565280252
21/06/2019 23:00,0.8340682961986956,0.0654277351363925,0.4718650985996278,0.0918430565280252
22/06/2019 00:00,0.8340682961986956,0.0654277351363925,0.4718650985996278,0.0918430565280252
22/06/2019 01:00,0.8340682961986956,0.0654277351363925,0.4718650985996278,0.0918430565280252
22/06/2019 02:00,0.8340682961986956,0.0654277351363925,0.4718650985996278,0.0918430565280252
22/06/2019 03:00,0.8340682961986956,0.0654277351363925,0.4718650985996278,0.0918430565280252
22/06/2019 04:00,0.8340682961986956,0.0654277351363925,0.4718650985996278,0.0918430565280252
22/06/2019 05:00,0.8340682961986956,0.0654277351363925,0.4718650985996278,0.0918430565280252
22/06/2019 06:00,0.8340682961986956,0.0654277351363925,0.4718650985996278,0.0918430565280252
22/06/2019 07:00,0.8340682961986956,0.0654277351363925,0.4718650985996278,0.0918430565280252
22/06/2019 08:00,0.8340682961986956,0.0654277351363925,0.4718650985996278,0.0918430565280252
22/06/2019 09:00,0.8340682961986956,0.0654277351363925,0.4718650985996278,0.0918430565280252
22/06/2019 10:00,0.8340682961986956,0.0654277351363925,0.4718650985996278,0.0918430565280252
22/06/2019 11:00,0.8340682961986956,0.0654277351363925,0.4718650985996278,0.0918430565280252
22/06/2019 12:00,0.8340682961986956,0.0654277351363925,0.4718650985996278,0.0918430565280252
22/06/2019 13:00,0.8340682961986956,0.0654277351363925,0.4718650985996278,0.0918430565280252
22/06/2019 14:00,0.8340682961986956,0.0654277351363925,0.4718650985996278,0.0918430565280252
22/06/2019 15:00,0.8340682961986956,0.0654277351363925,0.4718650985996278,0.0918430565280252
22/06/2019 16:00,0.8340682961986956,0.0654277351363925,0.4718650985996278,0.0918430565280252
22/06/2019 17:00,0.8340682961986956,0.0654277351363925,0.4718650985996278,0.0918430565280252
22/06/2019 18:00,0.8340682961986956,0.0654277351363925,0.4718650985996278,0.0918430565280252
22/06/2019 19:00,0.8340682961986956,0.0654277351363925,0.4718650985996278,0.0918430565280252
22/06/2019 20:00,0.8340682961986956,0.0654277351363925,0.4718650985996278,0.0918430565280252
22/06/2019 21:00,0.8340682961986956,0.0654277351363925,0.4718650985996278,0.0918430565280252
22/06/2019 22:00,0.8340682961986956,0.0654277351363925,0.4718650985996278,0.0918430565280252
22/06/2019 23:00,0.8340682961986956,0.0654277351363925,0.4718650985996278,0.0918430565280252
23/06/2019 00:00,0.8340682961986956,0.0654277351363925,0.4718650985996278,0.0918430565280252
23/06/2019 01:00,0.8340682961986956,0.0654277351363925,0.4718650985996278,0.0918430565280252
23/06/2019 02:00,0.8340682961986956,0.0654277351363925,0.4718650985996278,0.0918430565280252
23/06/2019 03:00,0.8340682961986956,0.0654277351363925,0.4718650985996278,0.0918430565280252
23/06/2019 04:00,0.8340682961986956,0.0654277351363925,0.4718650985996278,0.0918430565280252
23/06/2019 05:00,0.8340682961986956,0.0654277351363925,0.4718650985996278,0.0918430565280252
23/06/2019 06:00,0.8340682961986956,0.0654277351363925,0.4718650985996278,0.0918430565280252
23/06/2019 07:00,0.8340682961986956,0.0654277351363925,0.4718650985996278,0.0918430565280252
23/06/2019 08:00,0.8340682961986956,0.0654277351363925,0.4718650985996278,0.0918430565280252
23/06/2019 09:00,0.8340682961986956,0.0654277351363925,0.4718650985996278,0.0918430565280252
23/06/2019 10:00,0.8340682961986956,0.0654277351363925,0.4718650985996278,0.0918430565280252
23/06/2019 11:00,0.8340682961986956,0.0654277351363925,0.4718650985996278,0.0918430565280252
23/06/2019 12:00,0.8340682961986956,0.0654277351363925,0.4718650985996278,0.0918430565280252
23/06/2019 13:00,0.8340682961986956,0.0654277351363925,0.4718650985996278,0.0918430565280252
23/06/2019 14:00,0.8340682961986956,0.0654277351363925,0.4718650985996278,0.0918430565280252
23/06/2019 15:00,0.8340682961986956,0.0654277351363925,0.4718650985996278,0.0918430565280252
23/06/2019 16:00,0.8340682961986956,0.0654277351363925,0.4718650985996278,0.0918430565280252
23/06/2019 17:00,0.8340682961986956,0.0654277351363925,0.4718650985996278,0.0918430565280252
23/06/2019 18:00,0.8340682961986956,0.0654277351363925,0.4718650985996278,0.0918430565280252
23/06/2019 19:00,0.8340682961986956,0.0654277351363925,0.4718650985996278,0.0918430565280252
23/06/2019 20:00,0.8340682961986956,0.0654277351363925,0.4718650985996278,0.0918430565280252
23/06/2019 21:00,0.8340682961986956,0.0654277351363925,0.4718650985996278,0.0918430565280252
23/06/2019 22:00,0.8340682961986956,0.0654277351363925,0.4718650985996278,0.0918430565280252
23/06/2019 23:00,0.8340682961986956,0.0654277351363925,0.4718650985996278,0.0918430565280252
24/06/2019 00:00,0.8340682961986956,0.0654277351363925,0.4718650985996278,0.0918430565280252
24/06/2019 01:00,0.8340682961986956,0.0654277351363925,0.4718650985996278,0.0918430565280252
24/06/2019 02:00,0.8340682961986956,0.0654277351363925,0.4718650985996278,0.0918430565280252
24/06/2019 03:00,0.8340682961986956,0.0654277351363925,0.4718650985996278,0.0918430565280252
24/06/2019 04:00,0.8340682961986956,0.0654277351363925,0.4718650985996278,0.0918430565280252
24/06/2019 05:00,0.8340682961986956,0.0654277351363925,0.4718650985996278,0.0918430565280252
24/06/2019 06:00,0.8340682961986956,0.0654277351363925,0.4718650985996278,0.0918430565280252
24/06/2019 07:00,0.8340682961986956,0.0654277351363925,0.4718650985996278,0.0918430565280252
24/06/2019 08:00,0.8340682961986956,0.0654277351363925,0.4718650985996278,0.0918430565280252
24/06/2019 09:00,0.8340682961986956,0.0654277351363925,0.4718650985996278,0.0918430565280252
24/06/2019 10:00,0.8340682961986956,0.0654277351363925,0.4718650985996278,0.0918430565280252
24/06/2019 11:00,0.8340682961986956,0.0654277351363925,0.4718650985996278,0.0918430565280252
24/06/2019 12:00,0.8340682961986956,0.0654277351363925,0.4718650985996278,0.0918430565280252
24/06/2019 13:00,0.8340682961986956,0.0654277351363925,0.4718650985996278,0.0918430565280252
24/06/2019 14:00,0.8340682961986956,0.0654277351363925,0.4718650985996278,0.0918430565280252
24/06/2019 15:00,0.8340682961986956,0.0654277351363925,0.4718650985996278,0.0918430565280252
24/06/2019 16:00,0.8340682961986956,0.0654277351363925,0.4718650985996278,0.0918430565280252
24/06/2019 17:00,0.8340682961986956,0.0654277351363925,0.4718650985996278,0.0918430565280252
24/06/2019 18:00,0.8340682961986956,0.0654277351363925,0.4718650985996278,0.0918430565280252
24/06/2019 19:00,0.8340682961986956,0.0654277351363925,0.4718650985996278,0.0918430565280252
24/06/2019 20:00,0.8340682961986956,0.0654277351363925,0.4718650985996278,0.0918430565280252
24/06/2019 21:00,0.8340682961986956,0.0654277351363925,0.4718650985996278,0.0918430565280252
24/06/2019 22:00,0.8340682961986956,0.0654277351363925,0.4718650985996278,0.0918430565280252
24/06/2019 23:00,0.8340682961986956,0.0654277351363925,0.4718650985996278,0.0918430565280252
25/06/2019 00:00,0.8340682961986956,0.0654277351363925,0.4718650985996278,0.0918430565280252
25/06/2019 01:00,0.8340682961986956,0.0654277351363925,0.4718650985996278,0.0918430565280252
25/06/2019 02:00,0.8340682961986956,0.0654277351363925,0.4718650985996278,0.0918430565280252
25/06/2019 03:00,0.8340682961986956,0.0654277351363925,0.4718650985996278,0.0918430565280252
25/06/2019 04:00,0.8340682961986956,0.0654277351363925,0.4718650985996278,0.0918430565280252
25/06/2019 05:00,0.8340682961986956,0.0654277351363925,0.4718650985996278,0.0918430565280252
25/06/2019 06:00,0.8340682961986956,0.0654277351363925,0.4718650985996278,0.0918430565280252
25/06/2019 07:00,0.8340682961986956,0.0654277351363925,0.4718650985996278,0.0918430565280252
25/06/2019 08:00,0.8340682961986956,0.0654277351363925,0.4718650985996278,0.0918430565280252
25/06/2019 09:00,0.8340682961986956,0.0654277351363925,0.4718650985996278,0.0918430565280252
25/06/2019 10:00,0.8340682961986956,0.0654277351363925,0.4718650985996278,0.0918430565280252
25/06/2019 11:00,0.8340682961986956,0.0654277351363925,0.4718650985996278,0.0918430565280252
25/06/2019 12:00,0.8340682961986956,0.0654277351363925,0.4718650985996278,0.0918430565280252
25/06/2019 13:00,0.8340682961986956,0.0654277351363925,0.4718650985996278,0.0918430565280252
25/06/2019 14:00,0.8340682961986956,0.0654277351363925,0.4718650985996278,0.0918430565280252
25/06/2019 15:00,0.8340682961986956,0.0654277351363925,0.4718650985996278,0.0918430565280252
25/06/2019 16:00,0.8340682961986956,0.0654277351363925,0.4718650985996278,0.0918430565280252
25/06/2019 17:00,0.8340682961986956,0.0654277351363925,0.4718650985996278,0.0918430565280252
25/06/2019 18:00,0.8340682961986956,0.0654277351363925,0.4718650985996278,0.0918430565280252
25/06/2019 19:00,0.8340682961986956,0.0654277351363925,0.4718650985996278,0.0918430565280252
25/06/2019 20:00,0.8340682961986956,0.0654277351363925,0.4718650985996278,0.0918430565280252
25/06/2019 21:00,0.8340682961986956,0.0654277351363925,0.4718650985996278,0.0918430565280252
25/06/2019 22:00,0.8340682961986956,0.0654277351363925,0.4718650985996278,0.0918430565280252
25/06/2019 23:00,0.8340682961986956,0.0654277351363925,0.4718650985996278,0.0918430565280252
26/06/2019 00:00,0.8340682961986956,0.0654277351363925,0.4718650985996278,0.0918430565280252
26/06/2019 01:00,0.8340682961986956,0.0654277351363925,0.4718650985996278,0.0918430565280252
26/06/2019 02:00,0.8340682961986956,0.0654277351363925,0.4718650985996278,0.0918430565280252
26/06/2019 03:00,0.8340682961986956,0.0654277351363925,0.4718650985996278,0.0918430565280252
26/06/2019 04:00,0.8340682961986956,0.0654277351363925,0.4718650985996278,0.0918430565280252
26/06/2019 05:00,0.8340682961986956,0.0654277351363925,0.4718650985996278,0.0918430565280252
26/06/2019 06:00,0.8340682961986956,0.0654277351363925,0.4718650985996278,0.0918430565280252
26/06/2019 07:00,0.8340682961986956,0.0654277351363925,0.4718650985996278,0.0918430565280252
26/06/2019 08:00,0.8340682961986956,0.0654277351363925,0.4718650985996278,0.0918430565280252
26/06/2019 09:00,0.8340682961986956,0.0654277351363925,0.4718650985996278,0.0918430565280252
26/06/2019 10:00,0.8340682961986956,0.0654277351363925,0.4718650985996278,0.0918430565280252
26/06/2019 11:00,0.8340682961986956,0.0654277351363925,0.4718650985996278,0.0918430565280252
26/06/2019 12:00,0.8340682961986956,0.0654277351363925,0.4718650985996278,0.0918430565280252
26/06/2019 13:00,0.8340682961986956,0.0654277351363925,0.4718650985996278,0.0918430565280252
26/06/2019 14:00,0.8340682961986956,0.0654277351363925,0.4718650985996278,0.0918430565280252
26/06/2019 15:00,0.8340682961986956,0.0654277351363925,0.4718650985996278,0.0918430565280252
26/06/2019 16:00,0.8340682961986956,0.0654277351363925,0.4718650985996278,0.0918430565280252
26/06/2019 17:00,0.8340682961986956,0.0654277351363925,0.4718650985996278,0.0918430565280252
26/06/2019 18:00,0.8340682961986956,0.0654277351363925,0.4718650985996278,0.0918430565280252
26/06/2019 19:00,0.8340682961986956,0.0654277351363925,0.4718650985996278,0.0918430565280252
26/06/2019 20:00,0.8340682961986956,0.0654277351363925,0.4718650985996278,0.0918430565280252
26/06/2019 21:00,0.8340682961986956,0.0654277351363925,0.4718650985996278,0.0918430565280252
26/06/2019 22:00,0.8340682961986956,0.0654277351363925,0.4718650985996278,0.0918430565280252
26/06/2019 23:00,0.8340682961986956,0.0654277351363925,0.4718650985996278,0.0918430565280252
27/06/2019 00:00,0.8340682961986956,0.0654277351363925,0.4718650985996278,0.0918430565280252
27/06/2019 01:00,0.8340682961986956,0.0654277351363925,0.4718650985996278,0.0918430565280252
27/06/2019 02:00,0.8340682961986956,0.0654277351363925,0.4718650985996278,0.0918430565280252
27/06/2019 03:00,0.8340682961986956,0.0654277351363925,0.4718650985996278,0.0918430565280252
27/06/2019 04:00,0.8340682961986956,0.0654277351363925,0.4718650985996278,0.0918430565280252
27/06/2019 05:00,0.8340682961986956,0.0654277351363925,0.4718650985996278,0.0918430565280252
27/06/2019 06:00,0.8340682961986956,0.0654277351363925,0.4718650985996278,0.0918430565280252
27/06/2019 07:00,0.8340682961986956,0.0654277351363925,0.4718650985996278,0.0918430565280252
27/06/2019 08:00,0.8340682961986956,0.0654277351363925,0.4718650985996278,0.0918430565280252
27/06/2019 09:00,0.8340682961986956,0.0654277351363925,0.4718650985996278,0.0918430565280252
27/06/2019 10:00,0.8340682961986956,0.0654277351363925,0.4718650985996278,0.0918430565280252
27/06/2019 11:00,0.8340682961986956,0.0654277351363925,0.4718650985996278,0.0918430565280252
27/06/2019 12:00,0.8340682961986956,0.0654277351363925,0.4718650985996278,0.0918430565280252
27/06/2019 13:00,0.8340682961986956,0.0654277351363925,0.4718650985996278,0.0918430565280252
27/06/2019 14:00,0.8340682961986956,0.0654277351363925,0.4718650985996278,0.0918430565280252
27/06/2019 15:00,0.8340682961986956,0.0654277351363925,0.4718650985996278,0.0918430565280252
27/06/2019 16:00,0.8340682961986956,0.0654277351363925,0.4718650985996278,0.0918430565280252
27/06/2019 17:00,0.8340682961986956,0.0654277351363925,0.4718650985996278,0.0918430565280252
27/06/2019 18:00,0.8340682961986956,0.0654277351363925,0.4718650985996278,0.0918430565280252
27/06/2019 19:00,0.8340682961986956,0.0654277351363925,0.4718650985996278,0.0918430565280252
27/06/2019 20:00,0.8340682961986956,0.0654277351363925,0.4718650985996278,0.0918430565280252
27/06/2019 21:00,0.8340682961986956,0.0654277351363925,0.4718650985996278,0.0918430565280252
27/06/2019 22:00,0.8340682961986956,0.0654277351363925,0.4718650985996278,0.0918430565280252
27/06/2019 23:00,0.8340682961986956,0.0654277351363925,0.4718650985996278,0.0918430565280252
28/06/2019 00:00,0.8340682961986956,0.0654277351363925,0.4718650985996278,0.0918430565280252
28/06/2019 01:00,0.8340682961986956,0.0654277351363925,0.4718650985996278,0.0918430565280252
28/06/2019 02:00,0.8340682961986956,0.0654277351363925,0.4718650985996278,0.0918430565280252
28/06/2019 03:00,0.8340682961986956,0.0654277351363925,0.4718650985996278,0.0918430565280252
28/06/2019 04:00,0.8340682961986956,0.0654277351363925,0.4718650985996278,0.0918430565280252
28/06/2019 05:00,0.8340682961986956,0.0654277351363925,0.4718650985996278,0.0918430565280252
28/06/2019 06:00,0.8340682961986956,0.0654277351363925,0.4718650985996278,0.0918430565280252
28/06/2019 07:00,0.8340682961986956,0.0654277351363925,0.4718650985996278,0.0918430565280252
28/06/2019 08:00,0.8340682961986956,0.0654277351363925,0.4718650985996278,0.0918430565280252
28/06/2019 09:00,0.8340682961986956,0.0654277351363925,0.4718650985996278,0.0918430565280252
28/06/2019 10:00,0.8340682961986956,0.0654277351363925,0.4718650985996278,0.0918430565280252
28/06/2019 11:00,0.8340682961986956,0.0654277351363925,0.4718650985996278,0.0918430565280252
28/06/2019 12:00,0.8340682961986956,0.0654277351363925,0.4718650985996278,0.0918430565280252
28/06/2019 13:00,0.8340682961986956,0.0654277351363925,0.4718650985996278,0.0918430565280252
28/06/2019 14:00,0.8340682961986956,0.0654277351363925,0.4718650985996278,0.0918430565280252
28/06/2019 15:00,0.8340682961986956,0.0654277351363925,0.4718650985996278,0.0918430565280252
28/06/2019 16:00,0.8340682961986956,0.0654277351363925,0.4718650985996278,0.0918430565280252
28/06/2019 17:00,0.8340682961986956,0.0654277351363925,0.4718650985996278,0.0918430565280252
28/06/2019 18:00,0.8340682961986956,0.0654277351363925,0.4718650985996278,0.0918430565280252
28/06/2019 19:00,0.8340682961986956,0.0654277351363925,0.4718650985996278,0.0918430565280252
28/06/2019 20:00,0.8340682961986956,0.0654277351363925,0.4718650985996278,0.0918430565280252
28/06/2019 21:00,0.8340682961986956,0.0654277351363925,0.4718650985996278,0.0918430565280252
28/06/2019 22:00,0.8340682961986956,0.0654277351363925,0.4718650985996278,0.0918430565280252
28/06/2019 23:00,0.8340682961986956,0.0654277351363925,0.4718650985996278,0.0918430565280252
29/06/2019 00:00,0.8340682961986956,0.0654277351363925,0.4718650985996278,0.0918430565280252
29/06/2019 01:00,0.8340682961986956,0.0654277351363925,0.4718650985996278,0.0918430565280252
29/06/2019 02:00,0.8340682961986956,0.0654277351363925,0.4718650985996278,0.0918430565280252
29/06/2019 03:00,0.8340682961986956,0.0654277351363925,0.4718650985996278,0.0918430565280252
29/06/2019 04:00,0.8340682961986956,0.0654277351363925,0.4718650985996278,0.0918430565280252
29/06/2019 05:00,0.8340682961986956,0.0654277351363925,0.4718650985996278,0.0918430565280252
29/06/2019 06:00,0.8340682961986956,0.0654277351363925,0.4718650985996278,0.0918430565280252
29/06/2019 07:00,0.8340682961986956,0.0654277351363925,0.4718650985996278,0.0918430565280252
29/06/2019 08:00,0.8340682961986956,0.0654277351363925,0.4718650985996278,0.0918430565280252
29/06/2019 09:00,0.8340682961986956,0.0654277351363925,0.4718650985996278,0.0918430565280252
29/06/2019 10:00,0.8340682961986956,0.0654277351363925,0.4718650985996278,0.0918430565280252
29/06/2019 11:00,0.8340682961986956,0.0654277351363925,0.4718650985996278,0.0918430565280252
29/06/2019 12:00,0.8340682961986956,0.0654277351363925,0.4718650985996278,0.0918430565280252
29/06/2019 13:00,0.8340682961986956,0.0654277351363925,0.4718650985996278,0.0918430565280252
29/06/2019 14:00,0.8340682961986956,0.0654277351363925,0.4718650985996278,0.0918430565280252
29/06/2019 15:00,0.8340682961986956,0.0654277351363925,0.4718650985996278,0.0918430565280252
29/06/2019 16:00,0.8340682961986956,0.0654277351363925,0.4718650985996278,0.0918430565280252
29/06/2019 17:00,0.8340682961986956,0.0654277351363925,0.4718650985996278,0.0918430565280252
29/06/2019 18:00,0.8340682961986956,0.0654277351363925,0.4718650985996278,0.0918430565280252
29/06/2019 19:00,0.8340682961986956,0.0654277351363925,0.4718650985996278,0.0918430565280252
29/06/2019 20:00,0.8340682961986956,0.0654277351363925,0.4718650985996278,0.0918430565280252
29/06/2019 21:00,0.8340682961986956,0.0654277351363925,0.4718650985996278,0.0918430565280252
29/06/2019 22:00,0.8340682961986956,0.0654277351363925,0.4718650985996278,0.0918430565280252
29/06/2019 23:00,0.8340682961986956,0.0654277351363925,0.4718650985996278,0.0918430565280252
30/06/2019 00:00,0.8340682961986956,0.0654277351363925,0.4718650985996278,0.0918430565280252
30/06/2019 01:00,0.8340682961986956,0.0654277351363925,0.4718650985996278,0.0918430565280252
30/06/2019 02:00,0.8340682961986956,0.0654277351363925,0.4718650985996278,0.0918430565280252
30/06/2019 03:00,0.8340682961986956,0.0654277351363925,0.4718650985996278,0.0918430565280252
30/06/2019 04:00,0.8340682961986956,0.0654277351363925,0.4718650985996278,0.0918430565280252
30/06/2019 05:00,0.8340682961986956,0.0654277351363925,0.4718650985996278,0.0918430565280252
30/06/2019 06:00,0.8340682961986956,0.0654277351363925,0.4718650985996278,0.0918430565280252
30/06/2019 07:00,0.8340682961986956,0.0654277351363925,0.4718650985996278,0.0918430565280252
30/06/2019 08:00,0.8340682961986956,0.0654277351363925,0.4718650985996278,0.0918430565280252
30/06/2019 09:00,0.8340682961986956,0.0654277351363925,0.4718650985996278,0.0918430565280252
30/06/2019 10:00,0.8340682961986956,0.0654277351363925,0.4718650985996278,0.0918430565280252
30/06/2019 11:00,0.8340682961986956,0.0654277351363925,0.4718650985996278,0.0918430565280252
30/06/2019 12:00,0.8340682961986956,0.0654277351363925,0.4718650985996278,0.0918430565280252
30/06/2019 13:00,0.8340682961986956,0.0654277351363925,0.4718650985996278,0.0918430565280252
30/06/2019 14:00,0.8340682961986956,0.0654277351363925,0.4718650985996278,0.0918430565280252
30/06/2019 15:00,0.8340682961986956,0.0654277351363925,0.4718650985996278,0.0918430565280252
30/06/2019 16:00,0.8340682961986956,0.0654277351363925,0.4718650985996278,0.0918430565280252
30/06/2019 17:00,0.8340682961986956,0.0654277351363925,0.4718650985996278,0.0918430565280252
30/06/2019 18:00,0.8340682961986956,0.0654277351363925,0.4718650985996278,0.0918430565280252
30/06/2019 19:00,0.8340682961986956,0.0654277351363925,0.4718650985996278,0.0918430565280252
30/06/2019 20:00,0.8340682961986956,0.0654277351363925,0.4718650985996278,0.0918430565280252
30/06/2019 21:00,0.8340682961986956,0.0654277351363925,0.4718650985996278,0.0918430565280252
30/06/2019 22:00,0.8340682961986956,0.0654277351363925,0.4718650985996278,0.0918430565280252
30/06/2019 23:00,0.8340682961986956,0.0654277351363925,0.4718650985996278,0.0918430565280252
01/07/2019 00:00,0.7560735565245231,0.0579258438945922,0.4348013704157044,0.0821328130337289
01/07/2019 01:00,0.7560735565245231,0.0579258438945922,0.4348013704157044,0.0821328130337289
01/07/2019 02:00,0.7560735565245231,0.0579258438945922,0.4348013704157044,0.0821328130337289
01/07/2019 03:00,0.7560735565245231,0.0579258438945922,0.4348013704157044,0.0821328130337289
01/07/2019 04:00,0.7560735565245231,0.0579258438945922,0.4348013704157044,0.0821328130337289
01/07/2019 05:00,0.7560735565245231,0.0579258438945922,0.4348013704157044,0.0821328130337289
01/07/2019 06:00,0.7560735565245231,0.0579258438945922,0.4348013704157044,0.0821328130337289
01/07/2019 07:00,0.7560735565245231,0.0579258438945922,0.4348013704157044,0.0821328130337289
01/07/2019 08:00,0.7560735565245231,0.0579258438945922,0.4348013704157044,0.0821328130337289
01/07/2019 09:00,0.7560735565245231,0.0579258438945922,0.4348013704157044,0.0821328130337289
01/07/2019 10:00,0.7560735565245231,0.0579258438945922,0.4348013704157044,0.0821328130337289
01/07/2019 11:00,0.7560735565245231,0.0579258438945922,0.4348013704157044,0.0821328130337289
01/07/2019 12:00,0.7560735565245231,0.0579258438945922,0.4348013704157044,0.0821328130337289
01/07/2019 13:00,0.7560735565245231,0.0579258438945922,0.4348013704157044,0.0821328130337289
01/07/2019 14:00,0.7560735565245231,0.0579258438945922,0.4348013704157044,0.0821328130337289
01/07/2019 15:00,0.7560735565245231,0.0579258438945922,0.4348013704157044,0.0821328130337289
01/07/2019 16:00,0.7560735565245231,0.0579258438945922,0.4348013704157044,0.0821328130337289
01/07/2019 17:00,0.7560735565245231,0.0579258438945922,0.4348013704157044,0.0821328130337289
01/07/2019 18:00,0.7560735565245231,0.0579258438945922,0.4348013704157044,0.0821328130337289
01/07/2019 19:00,0.7560735565245231,0.0579258438945922,0.4348013704157044,0.0821328130337289
01/07/2019 20:00,0.7560735565245231,0.0579258438945922,0.4348013704157044,0.0821328130337289
01/07/2019 21:00,0.7560735565245231,0.0579258438945922,0.4348013704157044,0.0821328130337289
01/07/2019 22:00,0.7560735565245231,0.0579258438945922,0.4348013704157044,0.0821328130337289
01/07/2019 23:00,0.7560735565245231,0.0579258438945922,0.4348013704157044,0.0821328130337289
02/07/2019 00:00,0.7560735565245231,0.0579258438945922,0.4348013704157044,0.0821328130337289
02/07/2019 01:00,0.7560735565245231,0.0579258438945922,0.4348013704157044,0.0821328130337289
02/07/2019 02:00,0.7560735565245231,0.0579258438945922,0.4348013704157044,0.0821328130337289
02/07/2019 03:00,0.7560735565245231,0.0579258438945922,0.4348013704157044,0.0821328130337289
02/07/2019 04:00,0.7560735565245231,0.0579258438945922,0.4348013704157044,0.0821328130337289
02/07/2019 05:00,0.7560735565245231,0.0579258438945922,0.4348013704157044,0.0821328130337289
02/07/2019 06:00,0.7560735565245231,0.0579258438945922,0.4348013704157044,0.0821328130337289
02/07/2019 07:00,0.7560735565245231,0.0579258438945922,0.4348013704157044,0.0821328130337289
02/07/2019 08:00,0.7560735565245231,0.0579258438945922,0.4348013704157044,0.0821328130337289
02/07/2019 09:00,0.7560735565245231,0.0579258438945922,0.4348013704157044,0.0821328130337289
02/07/2019 10:00,0.7560735565245231,0.0579258438945922,0.4348013704157044,0.0821328130337289
02/07/2019 11:00,0.7560735565245231,0.0579258438945922,0.4348013704157044,0.0821328130337289
02/07/2019 12:00,0.7560735565245231,0.0579258438945922,0.4348013704157044,0.0821328130337289
02/07/2019 13:00,0.7560735565245231,0.0579258438945922,0.4348013704157044,0.0821328130337289
02/07/2019 14:00,0.7560735565245231,0.0579258438945922,0.4348013704157044,0.0821328130337289
02/07/2019 15:00,0.7560735565245231,0.0579258438945922,0.4348013704157044,0.0821328130337289
02/07/2019 16:00,0.7560735565245231,0.0579258438945922,0.4348013704157044,0.0821328130337289
02/07/2019 17:00,0.7560735565245231,0.0579258438945922,0.4348013704157044,0.0821328130337289
02/07/2019 18:00,0.7560735565245231,0.0579258438945922,0.4348013704157044,0.0821328130337289
02/07/2019 19:00,0.7560735565245231,0.0579258438945922,0.4348013704157044,0.0821328130337289
02/07/2019 20:00,0.7560735565245231,0.0579258438945922,0.4348013704157044,0.0821328130337289
02/07/2019 21:00,0.7560735565245231,0.0579258438945922,0.4348013704157044,0.0821328130337289
02/07/2019 22:00,0.7560735565245231,0.0579258438945922,0.4348013704157044,0.0821328130337289
02/07/2019 23:00,0.7560735565245231,0.0579258438945922,0.4348013704157044,0.0821328130337289
03/07/2019 00:00,0.7560735565245231,0.0579258438945922,0.4348013704157044,0.0821328130337289
03/07/2019 01:00,0.7560735565245231,0.0579258438945922,0.4348013704157044,0.0821328130337289
03/07/2019 02:00,0.7560735565245231,0.0579258438945922,0.4348013704157044,0.0821328130337289
03/07/2019 03:00,0.7560735565245231,0.0579258438945922,0.4348013704157044,0.0821328130337289
03/07/2019 04:00,0.7560735565245231,0.0579258438945922,0.4348013704157044,0.0821328130337289
03/07/2019 05:00,0.7560735565245231,0.0579258438945922,0.4348013704157044,0.0821328130337289
03/07/2019 06:00,0.7560735565245231,0.0579258438945922,0.4348013704157044,0.0821328130337289
03/07/2019 07:00,0.7560735565245231,0.0579258438945922,0.4348013704157044,0.0821328130337289
03/07/2019 08:00,0.7560735565245231,0.0579258438945922,0.4348013704157044,0.0821328130337289
03/07/2019 09:00,0.7560735565245231,0.0579258438945922,0.4348013704157044,0.0821328130337289
03/07/2019 10:00,0.7560735565245231,0.0579258438945922,0.4348013704157044,0.0821328130337289
03/07/2019 11:00,0.7560735565245231,0.0579258438945922,0.4348013704157044,0.0821328130337289
03/07/2019 12:00,0.7560735565245231,0.0579258438945922,0.4348013704157044,0.0821328130337289
03/07/2019 13:00,0.7560735565245231,0.0579258438945922,0.4348013704157044,0.0821328130337289
03/07/2019 14:00,0.7560735565245231,0.0579258438945922,0.4348013704157044,0.0821328130337289
03/07/2019 15:00,0.7560735565245231,0.0579258438945922,0.4348013704157044,0.0821328130337289
03/07/2019 16:00,0.7560735565245231,0.0579258438945922,0.4348013704157044,0.0821328130337289
03/07/2019 17:00,0.7560735565245231,0.0579258438945922,0.4348013704157044,0.0821328130337289
03/07/2019 18:00,0.7560735565245231,0.0579258438945922,0.4348013704157044,0.0821328130337289
03/07/2019 19:00,0.7560735565245231,0.0579258438945922,0.4348013704157044,0.0821328130337289
03/07/2019 20:00,0.7560735565245231,0.0579258438945922,0.4348013704157044,0.0821328130337289
03/07/2019 21:00,0.7560735565245231,0.0579258438945922,0.4348013704157044,0.0821328130337289
03/07/2019 22:00,0.7560735565245231,0.0579258438945922,0.4348013704157044,0.0821328130337289
03/07/2019 23:00,0.7560735565245231,0.0579258438945922,0.4348013704157044,0.0821328130337289
04/07/2019 00:00,0.7560735565245231,0.0579258438945922,0.4348013704157044,0.0821328130337289
04/07/2019 01:00,0.7560735565245231,0.0579258438945922,0.4348013704157044,0.0821328130337289
04/07/2019 02:00,0.7560735565245231,0.0579258438945922,0.4348013704157044,0.0821328130337289
04/07/2019 03:00,0.7560735565245231,0.0579258438945922,0.4348013704157044,0.0821328130337289
04/07/2019 04:00,0.7560735565245231,0.0579258438945922,0.4348013704157044,0.0821328130337289
04/07/2019 05:00,0.7560735565245231,0.0579258438945922,0.4348013704157044,0.0821328130337289
04/07/2019 06:00,0.7560735565245231,0.0579258438945922,0.4348013704157044,0.0821328130337289
04/07/2019 07:00,0.7560735565245231,0.0579258438945922,0.4348013704157044,0.0821328130337289
04/07/2019 08:00,0.7560735565245231,0.0579258438945922,0.4348013704157044,0.0821328130337289
04/07/2019 09:00,0.7560735565245231,0.0579258438945922,0.4348013704157044,0.0821328130337289
04/07/2019 10:00,0.7560735565245231,0.0579258438945922,0.4348013704157044,0.0821328130337289
04/07/2019 11:00,0.7560735565245231,0.0579258438945922,0.4348013704157044,0.0821328130337289
04/07/2019 12:00,0.7560735565245231,0.0579258438945922,0.4348013704157044,0.0821328130337289
04/07/2019 13:00,0.7560735565245231,0.0579258438945922,0.4348013704157044,0.0821328130337289
04/07/2019 14:00,0.7560735565245231,0.0579258438945922,0.4348013704157044,0.0821328130337289
04/07/2019 15:00,0.7560735565245231,0.0579258438945922,0.4348013704157044,0.0821328130337289
04/07/2019 16:00,0.7560735565245231,0.0579258438945922,0.4348013704157044,0.0821328130337289
04/07/2019 17:00,0.7560735565245231,0.0579258438945922,0.4348013704157044,0.0821328130337289
04/07/2019 18:00,0.7560735565245231,0.0579258438945922,0.4348013704157044,0.0821328130337289
04/07/2019 19:00,0.7560735565245231,0.0579258438945922,0.4348013704157044,0.0821328130337289
04/07/2019 20:00,0.7560735565245231,0.0579258438945922,0.4348013704157044,0.0821328130337289
04/07/2019 21:00,0.7560735565245231,0.0579258438945922,0.4348013704157044,0.0821328130337289
04/07/2019 22:00,0.7560735565245231,0.0579258438945922,0.4348013704157044,0.0821328130337289
04/07/2019 23:00,0.7560735565245231,0.0579258438945922,0.4348013704157044,0.0821328130337289
05/07/2019 00:00,0.7560735565245231,0.0579258438945922,0.4348013704157044,0.0821328130337289
05/07/2019 01:00,0.7560735565245231,0.0579258438945922,0.4348013704157044,0.0821328130337289
05/07/2019 02:00,0.7560735565245231,0.0579258438945922,0.4348013704157044,0.0821328130337289
05/07/2019 03:00,0.7560735565245231,0.0579258438945922,0.4348013704157044,0.0821328130337289
05/07/2019 04:00,0.7560735565245231,0.0579258438945922,0.4348013704157044,0.0821328130337289
05/07/2019 05:00,0.7560735565245231,0.0579258438945922,0.4348013704157044,0.0821328130337289
05/07/2019 06:00,0.7560735565245231,0.0579258438945922,0.4348013704157044,0.0821328130337289
05/07/2019 07:00,0.7560735565245231,0.0579258438945922,0.4348013704157044,0.0821328130337289
05/07/2019 08:00,0.7560735565245231,0.0579258438945922,0.4348013704157044,0.0821328130337289
05/07/2019 09:00,0.7560735565245231,0.0579258438945922,0.4348013704157044,0.0821328130337289
05/07/2019 10:00,0.7560735565245231,0.0579258438945922,0.4348013704157044,0.0821328130337289
05/07/2019 11:00,0.7560735565245231,0.0579258438945922,0.4348013704157044,0.0821328130337289
05/07/2019 12:00,0.7560735565245231,0.0579258438945922,0.4348013704157044,0.0821328130337289
05/07/2019 13:00,0.7560735565245231,0.0579258438945922,0.4348013704157044,0.0821328130337289
05/07/2019 14:00,0.7560735565245231,0.0579258438945922,0.4348013704157044,0.0821328130337289
05/07/2019 15:00,0.7560735565245231,0.0579258438945922,0.4348013704157044,0.0821328130337289
05/07/2019 16:00,0.7560735565245231,0.0579258438945922,0.4348013704157044,0.0821328130337289
05/07/2019 17:00,0.7560735565245231,0.0579258438945922,0.4348013704157044,0.0821328130337289
05/07/2019 18:00,0.7560735565245231,0.0579258438945922,0.4348013704157044,0.0821328130337289
05/07/2019 19:00,0.7560735565245231,0.0579258438945922,0.4348013704157044,0.0821328130337289
05/07/2019 20:00,0.7560735565245231,0.0579258438945922,0.4348013704157044,0.0821328130337289
05/07/2019 21:00,0.7560735565245231,0.0579258438945922,0.4348013704157044,0.0821328130337289
05/07/2019 22:00,0.7560735565245231,0.0579258438945922,0.4348013704157044,0.0821328130337289
05/07/2019 23:00,0.7560735565245231,0.0579258438945922,0.4348013704157044,0.0821328130337289
06/07/2019 00:00,0.7560735565245231,0.0579258438945922,0.4348013704157044,0.0821328130337289
06/07/2019 01:00,0.7560735565245231,0.0579258438945922,0.4348013704157044,0.0821328130337289
06/07/2019 02:00,0.7560735565245231,0.0579258438945922,0.4348013704157044,0.0821328130337289
06/07/2019 03:00,0.7560735565245231,0.0579258438945922,0.4348013704157044,0.0821328130337289
06/07/2019 04:00,0.7560735565245231,0.0579258438945922,0.4348013704157044,0.0821328130337289
06/07/2019 05:00,0.7560735565245231,0.0579258438945922,0.4348013704157044,0.0821328130337289
06/07/2019 06:00,0.7560735565245231,0.0579258438945922,0.4348013704157044,0.0821328130337289
06/07/2019 07:00,0.7560735565245231,0.0579258438945922,0.4348013704157044,0.0821328130337289
06/07/2019 08:00,0.7560735565245231,0.0579258438945922,0.4348013704157044,0.0821328130337289
06/07/2019 09:00,0.7560735565245231,0.0579258438945922,0.4348013704157044,0.0821328130337289
06/07/2019 10:00,0.7560735565245231,0.0579258438945922,0.4348013704157044,0.0821328130337289
06/07/2019 11:00,0.7560735565245231,0.0579258438945922,0.4348013704157044,0.0821328130337289
06/07/2019 12:00,0.7560735565245231,0.0579258438945922,0.4348013704157044,0.0821328130337289
06/07/2019 13:00,0.7560735565245231,0.0579258438945922,0.4348013704157044,0.0821328130337289
06/07/2019 14:00,0.7560735565245231,0.0579258438945922,0.4348013704157044,0.0821328130337289
06/07/2019 15:00,0.7560735565245231,0.0579258438945922,0.4348013704157044,0.0821328130337289
06/07/2019 16:00,0.7560735565245231,0.0579258438945922,0.4348013704157044,0.0821328130337289
06/07/2019 17:00,0.7560735565245231,0.0579258438945922,0.4348013704157044,0.0821328130337289
06/07/2019 18:00,0.7560735565245231,0.0579258438945922,0.4348013704157044,0.0821328130337289
06/07/2019 19:00,0.7560735565245231,0.0579258438945922,0.4348013704157044,0.0821328130337289
06/07/2019 20:00,0.7560735565245231,0.0579258438945922,0.4348013704157044,0.0821328130337289
06/07/2019 21:00,0.7560735565245231,0.0579258438945922,0.4348013704157044,0.0821328130337289
06/07/2019 22:00,0.7560735565245231,0.0579258438945922,0.4348013704157044,0.0821328130337289
06/07/2019 23:00,0.7560735565245231,0.0579258438945922,0.4348013704157044,0.0821328130337289
07/07/2019 00:00,0.7560735565245231,0.0579258438945922,0.4348013704157044,0.0821328130337289
07/07/2019 01:00,0.7560735565245231,0.0579258438945922,0.4348013704157044,0.0821328130337289
07/07/2019 02:00,0.7560735565245231,0.0579258438945922,0.4348013704157044,0.0821328130337289
07/07/2019 03:00,0.7560735565245231,0.0579258438945922,0.4348013704157044,0.0821328130337289
07/07/2019 04:00,0.7560735565245231,0.0579258438945922,0.4348013704157044,0.0821328130337289
07/07/2019 05:00,0.7560735565245231,0.0579258438945922,0.4348013704157044,0.0821328130337289
07/07/2019 06:00,0.7560735565245231,0.0579258438945922,0.4348013704157044,0.0821328130337289
07/07/2019 07:00,0.7560735565245231,0.0579258438945922,0.4348013704157044,0.0821328130337289
07/07/2019 08:00,0.7560735565245231,0.0579258438945922,0.4348013704157044,0.0821328130337289
07/07/2019 09:00,0.7560735565245231,0.0579258438945922,0.4348013704157044,0.0821328130337289
07/07/2019 10:00,0.7560735565245231,0.0579258438945922,0.4348013704157044,0.0821328130337289
07/07/2019 11:00,0.7560735565245231,0.0579258438945922,0.4348013704157044,0.0821328130337289
07/07/2019 12:00,0.7560735565245231,0.0579258438945922,0.4348013704157044,0.0821328130337289
07/07/2019 13:00,0.7560735565245231,0.0579258438945922,0.4348013704157044,0.0821328130337289
07/07/2019 14:00,0.7560735565245231,0.0579258438945922,0.4348013704157044,0.0821328130337289
07/07/2019 15:00,0.7560735565245231,0.0579258438945922,0.4348013704157044,0.0821328130337289
07/07/2019 16:00,0.7560735565245231,0.0579258438945922,0.4348013704157044,0.0821328130337289
07/07/2019 17:00,0.7560735565245231,0.0579258438945922,0.4348013704157044,0.0821328130337289
07/07/2019 18:00,0.7560735565245231,0.0579258438945922,0.4348013704157044,0.0821328130337289
07/07/2019 19:00,0.7560735565245231,0.0579258438945922,0.4348013704157044,0.0821328130337289
07/07/2019 20:00,0.7560735565245231,0.0579258438945922,0.4348013704157044,0.0821328130337289
07/07/2019 21:00,0.7560735565245231,0.0579258438945922,0.4348013704157044,0.0821328130337289
07/07/2019 22:00,0.7560735565245231,0.0579258438945922,0.4348013704157044,0.0821328130337289
07/07/2019 23:00,0.7560735565245231,0.0579258438945922,0.4348013704157044,0.0821328130337289
08/07/2019 00:00,0.7560735565245231,0.0579258438945922,0.4348013704157044,0.0821328130337289
08/07/2019 01:00,0.7560735565245231,0.0579258438945922,0.4348013704157044,0.0821328130337289
08/07/2019 02:00,0.7560735565245231,0.0579258438945922,0.4348013704157044,0.0821328130337289
08/07/2019 03:00,0.7560735565245231,0.0579258438945922,0.4348013704157044,0.0821328130337289
08/07/2019 04:00,0.7560735565245231,0.0579258438945922,0.4348013704157044,0.0821328130337289
08/07/2019 05:00,0.7560735565245231,0.0579258438945922,0.4348013704157044,0.0821328130337289
08/07/2019 06:00,0.7560735565245231,0.0579258438945922,0.4348013704157044,0.0821328130337289
08/07/2019 07:00,0.7560735565245231,0.0579258438945922,0.4348013704157044,0.0821328130337289
08/07/2019 08:00,0.7560735565245231,0.0579258438945922,0.4348013704157044,0.0821328130337289
08/07/2019 09:00,0.7560735565245231,0.0579258438945922,0.4348013704157044,0.0821328130337289
08/07/2019 10:00,0.7560735565245231,0.0579258438945922,0.4348013704157044,0.0821328130337289
08/07/2019 11:00,0.7560735565245231,0.0579258438945922,0.4348013704157044,0.0821328130337289
08/07/2019 12:00,0.7560735565245231,0.0579258438945922,0.4348013704157044,0.0821328130337289
08/07/2019 13:00,0.7560735565245231,0.0579258438945922,0.4348013704157044,0.0821328130337289
08/07/2019 14:00,0.7560735565245231,0.0579258438945922,0.4348013704157044,0.0821328130337289
08/07/2019 15:00,0.7560735565245231,0.0579258438945922,0.4348013704157044,0.0821328130337289
08/07/2019 16:00,0.7560735565245231,0.0579258438945922,0.4348013704157044,0.0821328130337289
08/07/2019 17:00,0.7560735565245231,0.0579258438945922,0.4348013704157044,0.0821328130337289
08/07/2019 18:00,0.7560735565245231,0.0579258438945922,0.4348013704157044,0.0821328130337289
08/07/2019 19:00,0.7560735565245231,0.0579258438945922,0.4348013704157044,0.0821328130337289
08/07/2019 20:00,0.7560735565245231,0.0579258438945922,0.4348013704157044,0.0821328130337289
08/07/2019 21:00,0.7560735565245231,0.0579258438945922,0.4348013704157044,0.0821328130337289
08/07/2019 22:00,0.7560735565245231,0.0579258438945922,0.4348013704157044,0.0821328130337289
08/07/2019 23:00,0.7560735565245231,0.0579258438945922,0.4348013704157044,0.0821328130337289
09/07/2019 00:00,0.7560735565245231,0.0579258438945922,0.4348013704157044,0.0821328130337289
09/07/2019 01:00,0.7560735565245231,0.0579258438945922,0.4348013704157044,0.0821328130337289
09/07/2019 02:00,0.7560735565245231,0.0579258438945922,0.4348013704157044,0.0821328130337289
09/07/2019 03:00,0.7560735565245231,0.0579258438945922,0.4348013704157044,0.0821328130337289
09/07/2019 04:00,0.7560735565245231,0.0579258438945922,0.4348013704157044,0.0821328130337289
09/07/2019 05:00,0.7560735565245231,0.0579258438945922,0.4348013704157044,0.0821328130337289
09/07/2019 06:00,0.7560735565245231,0.0579258438945922,0.4348013704157044,0.0821328130337289
09/07/2019 07:00,0.7560735565245231,0.0579258438945922,0.4348013704157044,0.0821328130337289
09/07/2019 08:00,0.7560735565245231,0.0579258438945922,0.4348013704157044,0.0821328130337289
09/07/2019 09:00,0.7560735565245231,0.0579258438945922,0.4348013704157044,0.0821328130337289
09/07/2019 10:00,0.7560735565245231,0.0579258438945922,0.4348013704157044,0.0821328130337289
09/07/2019 11:00,0.7560735565245231,0.0579258438945922,0.4348013704157044,0.0821328130337289
09/07/2019 12:00,0.7560735565245231,0.0579258438945922,0.4348013704157044,0.0821328130337289
09/07/2019 13:00,0.7560735565245231,0.0579258438945922,0.4348013704157044,0.0821328130337289
09/07/2019 14:00,0.7560735565245231,0.0579258438945922,0.4348013704157044,0.0821328130337289
09/07/2019 15:00,0.7560735565245231,0.0579258438945922,0.4348013704157044,0.0821328130337289
09/07/2019 16:00,0.7560735565245231,0.0579258438945922,0.4348013704157044,0.0821328130337289
09/07/2019 17:00,0.7560735565245231,0.0579258438945922,0.4348013704157044,0.0821328130337289
09/07/2019 18:00,0.7560735565245231,0.0579258438945922,0.4348013704157044,0.0821328130337289
09/07/2019 19:00,0.7560735565245231,0.0579258438945922,0.4348013704157044,0.0821328130337289
09/07/2019 20:00,0.7560735565245231,0.0579258438945922,0.4348013704157044,0.0821328130337289
09/07/2019 21:00,0.7560735565245231,0.0579258438945922,0.4348013704157044,0.0821328130337289
09/07/2019 22:00,0.7560735565245231,0.0579258438945922,0.4348013704157044,0.0821328130337289
09/07/2019 23:00,0.7560735565245231,0.0579258438945922,0.4348013704157044,0.0821328130337289
10/07/2019 00:00,0.7560735565245231,0.0579258438945922,0.4348013704157044,0.0821328130337289
10/07/2019 01:00,0.7560735565245231,0.0579258438945922,0.4348013704157044,0.0821328130337289
10/07/2019 02:00,0.7560735565245231,0.0579258438945922,0.4348013704157044,0.0821328130337289
10/07/2019 03:00,0.7560735565245231,0.0579258438945922,0.4348013704157044,0.0821328130337289
10/07/2019 04:00,0.7560735565245231,0.0579258438945922,0.4348013704157044,0.0821328130337289
10/07/2019 05:00,0.7560735565245231,0.0579258438945922,0.4348013704157044,0.0821328130337289
10/07/2019 06:00,0.7560735565245231,0.0579258438945922,0.4348013704157044,0.0821328130337289
10/07/2019 07:00,0.7560735565245231,0.0579258438945922,0.4348013704157044,0.0821328130337289
10/07/2019 08:00,0.7560735565245231,0.0579258438945922,0.4348013704157044,0.0821328130337289
10/07/2019 09:00,0.7560735565245231,0.0579258438945922,0.4348013704157044,0.0821328130337289
10/07/2019 10:00,0.7560735565245231,0.0579258438945922,0.4348013704157044,0.0821328130337289
10/07/2019 11:00,0.7560735565245231,0.0579258438945922,0.4348013704157044,0.0821328130337289
10/07/2019 12:00,0.7560735565245231,0.0579258438945922,0.4348013704157044,0.0821328130337289
10/07/2019 13:00,0.7560735565245231,0.0579258438945922,0.4348013704157044,0.0821328130337289
10/07/2019 14:00,0.7560735565245231,0.0579258438945922,0.4348013704157044,0.0821328130337289
10/07/2019 15:00,0.7560735565245231,0.0579258438945922,0.4348013704157044,0.0821328130337289
10/07/2019 16:00,0.7560735565245231,0.0579258438945922,0.4348013704157044,0.0821328130337289
10/07/2019 17:00,0.7560735565245231,0.0579258438945922,0.4348013704157044,0.0821328130337289
10/07/2019 18:00,0.7560735565245231,0.0579258438945922,0.4348013704157044,0.0821328130337289
10/07/2019 19:00,0.7560735565245231,0.0579258438945922,0.4348013704157044,0.0821328130337289
10/07/2019 20:00,0.7560735565245231,0.0579258438945922,0.4348013704157044,0.0821328130337289
10/07/2019 21:00,0.7560735565245231,0.0579258438945922,0.4348013704157044,0.0821328130337289
10/07/2019 22:00,0.7560735565245231,0.0579258438945922,0.4348013704157044,0.0821328130337289
10/07/2019 23:00,0.7560735565245231,0.0579258438945922,0.4348013704157044,0.0821328130337289
11/07/2019 00:00,0.7560735565245231,0.0579258438945922,0.4348013704157044,0.0821328130337289
11/07/2019 01:00,0.7560735565245231,0.0579258438945922,0.4348013704157044,0.0821328130337289
11/07/2019 02:00,0.7560735565245231,0.0579258438945922,0.4348013704157044,0.0821328130337289
11/07/2019 03:00,0.7560735565245231,0.0579258438945922,0.4348013704157044,0.0821328130337289
11/07/2019 04:00,0.7560735565245231,0.0579258438945922,0.4348013704157044,0.0821328130337289
11/07/2019 05:00,0.7560735565245231,0.0579258438945922,0.4348013704157044,0.0821328130337289
11/07/2019 06:00,0.7560735565245231,0.0579258438945922,0.4348013704157044,0.0821328130337289
11/07/2019 07:00,0.7560735565245231,0.0579258438945922,0.4348013704157044,0.0821328130337289
11/07/2019 08:00,0.7560735565245231,0.0579258438945922,0.4348013704157044,0.0821328130337289
11/07/2019 09:00,0.7560735565245231,0.0579258438945922,0.4348013704157044,0.0821328130337289
11/07/2019 10:00,0.7560735565245231,0.0579258438945922,0.4348013704157044,0.0821328130337289
11/07/2019 11:00,0.7560735565245231,0.0579258438945922,0.4348013704157044,0.0821328130337289
11/07/2019 12:00,0.7560735565245231,0.0579258438945922,0.4348013704157044,0.0821328130337289
11/07/2019 13:00,0.7560735565245231,0.0579258438945922,0.4348013704157044,0.0821328130337289
11/07/2019 14:00,0.7560735565245231,0.0579258438945922,0.4348013704157044,0.0821328130337289
11/07/2019 15:00,0.7560735565245231,0.0579258438945922,0.4348013704157044,0.0821328130337289
11/07/2019 16:00,0.7560735565245231,0.0579258438945922,0.4348013704157044,0.0821328130337289
11/07/2019 17:00,0.7560735565245231,0.0579258438945922,0.4348013704157044,0.0821328130337289
11/07/2019 18:00,0.7560735565245231,0.0579258438945922,0.4348013704157044,0.0821328130337289
11/07/2019 19:00,0.7560735565245231,0.0579258438945922,0.4348013704157044,0.0821328130337289
11/07/2019 20:00,0.7560735565245231,0.0579258438945922,0.4348013704157044,0.0821328130337289
11/07/2019 21:00,0.7560735565245231,0.0579258438945922,0.4348013704157044,0.0821328130337289
11/07/2019 22:00,0.7560735565245231,0.0579258438945922,0.4348013704157044,0.0821328130337289
11/07/2019 23:00,0.7560735565245231,0.0579258438945922,0.4348013704157044,0.0821328130337289
12/07/2019 00:00,0.7560735565245231,0.0579258438945922,0.4348013704157044,0.0821328130337289
12/07/2019 01:00,0.7560735565245231,0.0579258438945922,0.4348013704157044,0.0821328130337289
12/07/2019 02:00,0.7560735565245231,0.0579258438945922,0.4348013704157044,0.0821328130337289
12/07/2019 03:00,0.7560735565245231,0.0579258438945922,0.4348013704157044,0.0821328130337289
12/07/2019 04:00,0.7560735565245231,0.0579258438945922,0.4348013704157044,0.0821328130337289
12/07/2019 05:00,0.7560735565245231,0.0579258438945922,0.4348013704157044,0.0821328130337289
12/07/2019 06:00,0.7560735565245231,0.0579258438945922,0.4348013704157044,0.0821328130337289
12/07/2019 07:00,0.7560735565245231,0.0579258438945922,0.4348013704157044,0.0821328130337289
12/07/2019 08:00,0.7560735565245231,0.0579258438945922,0.4348013704157044,0.0821328130337289
12/07/2019 09:00,0.7560735565245231,0.0579258438945922,0.4348013704157044,0.0821328130337289
12/07/2019 10:00,0.7560735565245231,0.0579258438945922,0.4348013704157044,0.0821328130337289
12/07/2019 11:00,0.7560735565245231,0.0579258438945922,0.4348013704157044,0.0821328130337289
12/07/2019 12:00,0.7560735565245231,0.0579258438945922,0.4348013704157044,0.0821328130337289
12/07/2019 13:00,0.7560735565245231,0.0579258438945922,0.4348013704157044,0.0821328130337289
12/07/2019 14:00,0.7560735565245231,0.0579258438945922,0.4348013704157044,0.0821328130337289
12/07/2019 15:00,0.7560735565245231,0.0579258438945922,0.4348013704157044,0.0821328130337289
12/07/2019 16:00,0.7560735565245231,0.0579258438945922,0.4348013704157044,0.0821328130337289
12/07/2019 17:00,0.7560735565245231,0.0579258438945922,0.4348013704157044,0.0821328130337289
12/07/2019 18:00,0.7560735565245231,0.0579258438945922,0.4348013704157044,0.0821328130337289
12/07/2019 19:00,0.7560735565245231,0.0579258438945922,0.4348013704157044,0.0821328130337289
12/07/2019 20:00,0.7560735565245231,0.0579258438945922,0.4348013704157044,0.0821328130337289
12/07/2019 21:00,0.7560735565245231,0.0579258438945922,0.4348013704157044,0.0821328130337289
12/07/2019 22:00,0.7560735565245231,0.0579258438945922,0.4348013704157044,0.0821328130337289
12/07/2019 23:00,0.7560735565245231,0.0579258438945922,0.4348013704157044,0.0821328130337289
13/07/2019 00:00,0.7560735565245231,0.0579258438945922,0.4348013704157044,0.0821328130337289
13/07/2019 01:00,0.7560735565245231,0.0579258438945922,0.4348013704157044,0.0821328130337289
13/07/2019 02:00,0.7560735565245231,0.0579258438945922,0.4348013704157044,0.0821328130337289
13/07/2019 03:00,0.7560735565245231,0.0579258438945922,0.4348013704157044,0.0821328130337289
13/07/2019 04:00,0.7560735565245231,0.0579258438945922,0.4348013704157044,0.0821328130337289
13/07/2019 05:00,0.7560735565245231,0.0579258438945922,0.4348013704157044,0.0821328130337289
13/07/2019 06:00,0.7560735565245231,0.0579258438945922,0.4348013704157044,0.0821328130337289
13/07/2019 07:00,0.7560735565245231,0.0579258438945922,0.4348013704157044,0.0821328130337289
13/07/2019 08:00,0.7560735565245231,0.0579258438945922,0.4348013704157044,0.0821328130337289
13/07/2019 09:00,0.7560735565245231,0.0579258438945922,0.4348013704157044,0.0821328130337289
13/07/2019 10:00,0.7560735565245231,0.0579258438945922,0.4348013704157044,0.0821328130337289
13/07/2019 11:00,0.7560735565245231,0.0579258438945922,0.4348013704157044,0.0821328130337289
13/07/2019 12:00,0.7560735565245231,0.0579258438945922,0.4348013704157044,0.0821328130337289
13/07/2019 13:00,0.7560735565245231,0.0579258438945922,0.4348013704157044,0.0821328130337289
13/07/2019 14:00,0.7560735565245231,0.0579258438945922,0.4348013704157044,0.0821328130337289
13/07/2019 15:00,0.7560735565245231,0.0579258438945922,0.4348013704157044,0.0821328130337289
13/07/2019 16:00,0.7560735565245231,0.0579258438945922,0.4348013704157044,0.0821328130337289
13/07/2019 17:00,0.7560735565245231,0.0579258438945922,0.4348013704157044,0.0821328130337289
13/07/2019 18:00,0.7560735565245231,0.0579258438945922,0.4348013704157044,0.0821328130337289
13/07/2019 19:00,0.7560735565245231,0.0579258438945922,0.4348013704157044,0.0821328130337289
13/07/2019 20:00,0.7560735565245231,0.0579258438945922,0.4348013704157044,0.0821328130337289
13/07/2019 21:00,0.7560735565245231,0.0579258438945922,0.4348013704157044,0.0821328130337289
13/07/2019 22:00,0.7560735565245231,0.0579258438945922,0.4348013704157044,0.0821328130337289
13/07/2019 23:00,0.7560735565245231,0.0579258438945922,0.4348013704157044,0.0821328130337289
14/07/2019 00:00,0.7560735565245231,0.0579258438945922,0.4348013704157044,0.0821328130337289
14/07/2019 01:00,0.7560735565245231,0.0579258438945922,0.4348013704157044,0.0821328130337289
14/07/2019 02:00,0.7560735565245231,0.0579258438945922,0.4348013704157044,0.0821328130337289
14/07/2019 03:00,0.7560735565245231,0.0579258438945922,0.4348013704157044,0.0821328130337289
14/07/2019 04:00,0.7560735565245231,0.0579258438945922,0.4348013704157044,0.0821328130337289
14/07/2019 05:00,0.7560735565245231,0.0579258438945922,0.4348013704157044,0.0821328130337289
14/07/2019 06:00,0.7560735565245231,0.0579258438945922,0.4348013704157044,0.0821328130337289
14/07/2019 07:00,0.7560735565245231,0.0579258438945922,0.4348013704157044,0.0821328130337289
14/07/2019 08:00,0.7560735565245231,0.0579258438945922,0.4348013704157044,0.0821328130337289
14/07/2019 09:00,0.7560735565245231,0.0579258438945922,0.4348013704157044,0.0821328130337289
14/07/2019 10:00,0.7560735565245231,0.0579258438945922,0.4348013704157044,0.0821328130337289
14/07/2019 11:00,0.7560735565245231,0.0579258438945922,0.4348013704157044,0.0821328130337289
14/07/2019 12:00,0.7560735565245231,0.0579258438945922,0.4348013704157044,0.0821328130337289
14/07/2019 13:00,0.7560735565245231,0.0579258438945922,0.4348013704157044,0.0821328130337289
14/07/2019 14:00,0.7560735565245231,0.0579258438945922,0.4348013704157044,0.0821328130337289
14/07/2019 15:00,0.7560735565245231,0.0579258438945922,0.4348013704157044,0.0821328130337289
14/07/2019 16:00,0.7560735565245231,0.0579258438945922,0.4348013704157044,0.0821328130337289
14/07/2019 17:00,0.7560735565245231,0.0579258438945922,0.4348013704157044,0.0821328130337289
14/07/2019 18:00,0.7560735565245231,0.0579258438945922,0.4348013704157044,0.0821328130337289
14/07/2019 19:00,0.7560735565245231,0.0579258438945922,0.4348013704157044,0.0821328130337289
14/07/2019 20:00,0.7560735565245231,0.0579258438945922,0.4348013704157044,0.0821328130337289
14/07/2019 21:00,0.7560735565245231,0.0579258438945922,0.4348013704157044,0.0821328130337289
14/07/2019 22:00,0.7560735565245231,0.0579258438945922,0.4348013704157044,0.0821328130337289
14/07/2019 23:00,0.7560735565245231,0.0579258438945922,0.4348013704157044,0.0821328130337289
15/07/2019 00:00,0.7560735565245231,0.0579258438945922,0.4348013704157044,0.0821328130337289
15/07/2019 01:00,0.7560735565245231,0.0579258438945922,0.4348013704157044,0.0821328130337289
15/07/2019 02:00,0.7560735565245231,0.0579258438945922,0.4348013704157044,0.0821328130337289
15/07/2019 03:00,0.7560735565245231,0.0579258438945922,0.4348013704157044,0.0821328130337289
15/07/2019 04:00,0.7560735565245231,0.0579258438945922,0.4348013704157044,0.0821328130337289
15/07/2019 05:00,0.7560735565245231,0.0579258438945922,0.4348013704157044,0.0821328130337289
15/07/2019 06:00,0.7560735565245231,0.0579258438945922,0.4348013704157044,0.0821328130337289
15/07/2019 07:00,0.7560735565245231,0.0579258438945922,0.4348013704157044,0.0821328130337289
15/07/2019 08:00,0.7560735565245231,0.0579258438945922,0.4348013704157044,0.0821328130337289
15/07/2019 09:00,0.7560735565245231,0.0579258438945922,0.4348013704157044,0.0821328130337289
15/07/2019 10:00,0.7560735565245231,0.0579258438945922,0.4348013704157044,0.0821328130337289
15/07/2019 11:00,0.7560735565245231,0.0579258438945922,0.4348013704157044,0.0821328130337289
15/07/2019 12:00,0.7560735565245231,0.0579258438945922,0.4348013704157044,0.0821328130337289
15/07/2019 13:00,0.7560735565245231,0.0579258438945922,0.4348013704157044,0.0821328130337289
15/07/2019 14:00,0.7560735565245231,0.0579258438945922,0.4348013704157044,0.0821328130337289
15/07/2019 15:00,0.7560735565245231,0.0579258438945922,0.4348013704157044,0.0821328130337289
15/07/2019 16:00,0.7560735565245231,0.0579258438945922,0.4348013704157044,0.0821328130337289
15/07/2019 17:00,0.7560735565245231,0.0579258438945922,0.4348013704157044,0.0821328130337289
15/07/2019 18:00,0.7560735565245231,0.0579258438945922,0.4348013704157044,0.0821328130337289
15/07/2019 19:00,0.7560735565245231,0.0579258438945922,0.4348013704157044,0.0821328130337289
15/07/2019 20:00,0.7560735565245231,0.0579258438945922,0.4348013704157044,0.0821328130337289
15/07/2019 21:00,0.7560735565245231,0.0579258438945922,0.4348013704157044,0.0821328130337289
15/07/2019 22:00,0.7560735565245231,0.0579258438945922,0.4348013704157044,0.0821328130337289
15/07/2019 23:00,0.7560735565245231,0.0579258438945922,0.4348013704157044,0.0821328130337289
16/07/2019 00:00,0.7560735565245231,0.0579258438945922,0.4348013704157044,0.0821328130337289
16/07/2019 01:00,0.7560735565245231,0.0579258438945922,0.4348013704157044,0.0821328130337289
16/07/2019 02:00,0.7560735565245231,0.0579258438945922,0.4348013704157044,0.0821328130337289
16/07/2019 03:00,0.7560735565245231,0.0579258438945922,0.4348013704157044,0.0821328130337289
16/07/2019 04:00,0.7560735565245231,0.0579258438945922,0.4348013704157044,0.0821328130337289
16/07/2019 05:00,0.7560735565245231,0.0579258438945922,0.4348013704157044,0.0821328130337289
16/07/2019 06:00,0.7560735565245231,0.0579258438945922,0.4348013704157044,0.0821328130337289
16/07/2019 07:00,0.7560735565245231,0.0579258438945922,0.4348013704157044,0.0821328130337289
16/07/2019 08:00,0.7560735565245231,0.0579258438945922,0.4348013704157044,0.0821328130337289
16/07/2019 09:00,0.7560735565245231,0.0579258438945922,0.4348013704157044,0.0821328130337289
16/07/2019 10:00,0.7560735565245231,0.0579258438945922,0.4348013704157044,0.0821328130337289
16/07/2019 11:00,0.7560735565245231,0.0579258438945922,0.4348013704157044,0.0821328130337289
16/07/2019 12:00,0.7560735565245231,0.0579258438945922,0.4348013704157044,0.0821328130337289
16/07/2019 13:00,0.7560735565245231,0.0579258438945922,0.4348013704157044,0.0821328130337289
16/07/2019 14:00,0.7560735565245231,0.0579258438945922,0.4348013704157044,0.0821328130337289
16/07/2019 15:00,0.7560735565245231,0.0579258438945922,0.4348013704157044,0.0821328130337289
16/07/2019 16:00,0.7560735565245231,0.0579258438945922,0.4348013704157044,0.0821328130337289
16/07/2019 17:00,0.7560735565245231,0.0579258438945922,0.4348013704157044,0.0821328130337289
16/07/2019 18:00,0.7560735565245231,0.0579258438945922,0.4348013704157044,0.0821328130337289
16/07/2019 19:00,0.7560735565245231,0.0579258438945922,0.4348013704157044,0.0821328130337289
16/07/2019 20:00,0.7560735565245231,0.0579258438945922,0.4348013704157044,0.0821328130337289
16/07/2019 21:00,0.7560735565245231,0.0579258438945922,0.4348013704157044,0.0821328130337289
16/07/2019 22:00,0.7560735565245231,0.0579258438945922,0.4348013704157044,0.0821328130337289
16/07/2019 23:00,0.7560735565245231,0.0579258438945922,0.4348013704157044,0.0821328130337289
17/07/2019 00:00,0.7560735565245231,0.0579258438945922,0.4348013704157044,0.0821328130337289
17/07/2019 01:00,0.7560735565245231,0.0579258438945922,0.4348013704157044,0.0821328130337289
17/07/2019 02:00,0.7560735565245231,0.0579258438945922,0.4348013704157044,0.0821328130337289
17/07/2019 03:00,0.7560735565245231,0.0579258438945922,0.4348013704157044,0.0821328130337289
17/07/2019 04:00,0.7560735565245231,0.0579258438945922,0.4348013704157044,0.0821328130337289
17/07/2019 05:00,0.7560735565245231,0.0579258438945922,0.4348013704157044,0.0821328130337289
17/07/2019 06:00,0.7560735565245231,0.0579258438945922,0.4348013704157044,0.0821328130337289
17/07/2019 07:00,0.7560735565245231,0.0579258438945922,0.4348013704157044,0.0821328130337289
17/07/2019 08:00,0.7560735565245231,0.0579258438945922,0.4348013704157044,0.0821328130337289
17/07/2019 09:00,0.7560735565245231,0.0579258438945922,0.4348013704157044,0.0821328130337289
17/07/2019 10:00,0.7560735565245231,0.0579258438945922,0.4348013704157044,0.0821328130337289
17/07/2019 11:00,0.7560735565245231,0.0579258438945922,0.4348013704157044,0.0821328130337289
17/07/2019 12:00,0.7560735565245231,0.0579258438945922,0.4348013704157044,0.0821328130337289
17/07/2019 13:00,0.7560735565245231,0.0579258438945922,0.4348013704157044,0.0821328130337289
17/07/2019 14:00,0.7560735565245231,0.0579258438945922,0.4348013704157044,0.0821328130337289
17/07/2019 15:00,0.7560735565245231,0.0579258438945922,0.4348013704157044,0.0821328130337289
17/07/2019 16:00,0.7560735565245231,0.0579258438945922,0.4348013704157044,0.0821328130337289
17/07/2019 17:00,0.7560735565245231,0.0579258438945922,0.4348013704157044,0.0821328130337289
17/07/2019 18:00,0.7560735565245231,0.0579258438945922,0.4348013704157044,0.0821328130337289
17/07/2019 19:00,0.7560735565245231,0.0579258438945922,0.4348013704157044,0.0821328130337289
17/07/2019 20:00,0.7560735565245231,0.0579258438945922,0.4348013704157044,0.0821328130337289
17/07/2019 21:00,0.7560735565245231,0.0579258438945922,0.4348013704157044,0.0821328130337289
17/07/2019 22:00,0.7560735565245231,0.0579258438945922,0.4348013704157044,0.0821328130337289
17/07/2019 23:00,0.7560735565245231,0.0579258438945922,0.4348013704157044,0.0821328130337289
18/07/2019 00:00,0.7560735565245231,0.0579258438945922,0.4348013704157044,0.0821328130337289
18/07/2019 01:00,0.7560735565245231,0.0579258438945922,0.4348013704157044,0.0821328130337289
18/07/2019 02:00,0.7560735565245231,0.0579258438945922,0.4348013704157044,0.0821328130337289
18/07/2019 03:00,0.7560735565245231,0.0579258438945922,0.4348013704157044,0.0821328130337289
18/07/2019 04:00,0.7560735565245231,0.0579258438945922,0.4348013704157044,0.0821328130337289
18/07/2019 05:00,0.7560735565245231,0.0579258438945922,0.4348013704157044,0.0821328130337289
18/07/2019 06:00,0.7560735565245231,0.0579258438945922,0.4348013704157044,0.0821328130337289
18/07/2019 07:00,0.7560735565245231,0.0579258438945922,0.4348013704157044,0.0821328130337289
18/07/2019 08:00,0.7560735565245231,0.0579258438945922,0.4348013704157044,0.0821328130337289
18/07/2019 09:00,0.7560735565245231,0.0579258438945922,0.4348013704157044,0.0821328130337289
18/07/2019 10:00,0.7560735565245231,0.0579258438945922,0.4348013704157044,0.0821328130337289
18/07/2019 11:00,0.7560735565245231,0.0579258438945922,0.4348013704157044,0.0821328130337289
18/07/2019 12:00,0.7560735565245231,0.0579258438945922,0.4348013704157044,0.0821328130337289
18/07/2019 13:00,0.7560735565245231,0.0579258438945922,0.4348013704157044,0.0821328130337289
18/07/2019 14:00,0.7560735565245231,0.0579258438945922,0.4348013704157044,0.0821328130337289
18/07/2019 15:00,0.7560735565245231,0.0579258438945922,0.4348013704157044,0.0821328130337289
18/07/2019 16:00,0.7560735565245231,0.0579258438945922,0.4348013704157044,0.0821328130337289
18/07/2019 17:00,0.7560735565245231,0.0579258438945922,0.4348013704157044,0.0821328130337289
18/07/2019 18:00,0.7560735565245231,0.0579258438945922,0.4348013704157044,0.0821328130337289
18/07/2019 19:00,0.7560735565245231,0.0579258438945922,0.4348013704157044,0.0821328130337289
18/07/2019 20:00,0.7560735565245231,0.0579258438945922,0.4348013704157044,0.0821328130337289
18/07/2019 21:00,0.7560735565245231,0.0579258438945922,0.4348013704157044,0.0821328130337289
18/07/2019 22:00,0.7560735565245231,0.0579258438945922,0.4348013704157044,0.0821328130337289
18/07/2019 23:00,0.7560735565245231,0.0579258438945922,0.4348013704157044,0.0821328130337289
19/07/2019 00:00,0.7560735565245231,0.0579258438945922,0.4348013704157044,0.0821328130337289
19/07/2019 01:00,0.7560735565245231,0.0579258438945922,0.4348013704157044,0.0821328130337289
19/07/2019 02:00,0.7560735565245231,0.0579258438945922,0.4348013704157044,0.0821328130337289
19/07/2019 03:00,0.7560735565245231,0.0579258438945922,0.4348013704157044,0.0821328130337289
19/07/2019 04:00,0.7560735565245231,0.0579258438945922,0.4348013704157044,0.0821328130337289
19/07/2019 05:00,0.7560735565245231,0.0579258438945922,0.4348013704157044,0.0821328130337289
19/07/2019 06:00,0.7560735565245231,0.0579258438945922,0.4348013704157044,0.0821328130337289
19/07/2019 07:00,0.7560735565245231,0.0579258438945922,0.4348013704157044,0.0821328130337289
19/07/2019 08:00,0.7560735565245231,0.0579258438945922,0.4348013704157044,0.0821328130337289
19/07/2019 09:00,0.7560735565245231,0.0579258438945922,0.4348013704157044,0.0821328130337289
19/07/2019 10:00,0.7560735565245231,0.0579258438945922,0.4348013704157044,0.0821328130337289
19/07/2019 11:00,0.7560735565245231,0.0579258438945922,0.4348013704157044,0.0821328130337289
19/07/2019 12:00,0.7560735565245231,0.0579258438945922,0.4348013704157044,0.0821328130337289
19/07/2019 13:00,0.7560735565245231,0.0579258438945922,0.4348013704157044,0.0821328130337289
19/07/2019 14:00,0.7560735565245231,0.0579258438945922,0.4348013704157044,0.0821328130337289
19/07/2019 15:00,0.7560735565245231,0.0579258438945922,0.4348013704157044,0.0821328130337289
19/07/2019 16:00,0.7560735565245231,0.0579258438945922,0.4348013704157044,0.0821328130337289
19/07/2019 17:00,0.7560735565245231,0.0579258438945922,0.4348013704157044,0.0821328130337289
19/07/2019 18:00,0.7560735565245231,0.0579258438945922,0.4348013704157044,0.0821328130337289
19/07/2019 19:00,0.7560735565245231,0.0579258438945922,0.4348013704157044,0.0821328130337289
19/07/2019 20:00,0.7560735565245231,0.0579258438945922,0.4348013704157044,0.0821328130337289
19/07/2019 21:00,0.7560735565245231,0.0579258438945922,0.4348013704157044,0.0821328130337289
19/07/2019 22:00,0.7560735565245231,0.0579258438945922,0.4348013704157044,0.0821328130337289
19/07/2019 23:00,0.7560735565245231,0.0579258438945922,0.4348013704157044,0.0821328130337289
20/07/2019 00:00,0.7560735565245231,0.0579258438945922,0.4348013704157044,0.0821328130337289
20/07/2019 01:00,0.7560735565245231,0.0579258438945922,0.4348013704157044,0.0821328130337289
20/07/2019 02:00,0.7560735565245231,0.0579258438945922,0.4348013704157044,0.0821328130337289
20/07/2019 03:00,0.7560735565245231,0.0579258438945922,0.4348013704157044,0.0821328130337289
20/07/2019 04:00,0.7560735565245231,0.0579258438945922,0.4348013704157044,0.0821328130337289
20/07/2019 05:00,0.7560735565245231,0.0579258438945922,0.4348013704157044,0.0821328130337289
20/07/2019 06:00,0.7560735565245231,0.0579258438945922,0.4348013704157044,0.0821328130337289
20/07/2019 07:00,0.7560735565245231,0.0579258438945922,0.4348013704157044,0.0821328130337289
20/07/2019 08:00,0.7560735565245231,0.0579258438945922,0.4348013704157044,0.0821328130337289
20/07/2019 09:00,0.7560735565245231,0.0579258438945922,0.4348013704157044,0.0821328130337289
20/07/2019 10:00,0.7560735565245231,0.0579258438945922,0.4348013704157044,0.0821328130337289
20/07/2019 11:00,0.7560735565245231,0.0579258438945922,0.4348013704157044,0.0821328130337289
20/07/2019 12:00,0.7560735565245231,0.0579258438945922,0.4348013704157044,0.0821328130337289
20/07/2019 13:00,0.7560735565245231,0.0579258438945922,0.4348013704157044,0.0821328130337289
20/07/2019 14:00,0.7560735565245231,0.0579258438945922,0.4348013704157044,0.0821328130337289
20/07/2019 15:00,0.7560735565245231,0.0579258438945922,0.4348013704157044,0.0821328130337289
20/07/2019 16:00,0.7560735565245231,0.0579258438945922,0.4348013704157044,0.0821328130337289
20/07/2019 17:00,0.7560735565245231,0.0579258438945922,0.4348013704157044,0.0821328130337289
20/07/2019 18:00,0.7560735565245231,0.0579258438945922,0.4348013704157044,0.0821328130337289
20/07/2019 19:00,0.7560735565245231,0.0579258438945922,0.4348013704157044,0.0821328130337289
20/07/2019 20:00,0.7560735565245231,0.0579258438945922,0.4348013704157044,0.0821328130337289
20/07/2019 21:00,0.7560735565245231,0.0579258438945922,0.4348013704157044,0.0821328130337289
20/07/2019 22:00,0.7560735565245231,0.0579258438945922,0.4348013704157044,0.0821328130337289
20/07/2019 23:00,0.7560735565245231,0.0579258438945922,0.4348013704157044,0.0821328130337289
21/07/2019 00:00,0.7560735565245231,0.0579258438945922,0.4348013704157044,0.0821328130337289
21/07/2019 01:00,0.7560735565245231,0.0579258438945922,0.4348013704157044,0.0821328130337289
21/07/2019 02:00,0.7560735565245231,0.0579258438945922,0.4348013704157044,0.0821328130337289
21/07/2019 03:00,0.7560735565245231,0.0579258438945922,0.4348013704157044,0.0821328130337289
21/07/2019 04:00,0.7560735565245231,0.0579258438945922,0.4348013704157044,0.0821328130337289
21/07/2019 05:00,0.7560735565245231,0.0579258438945922,0.4348013704157044,0.0821328130337289
21/07/2019 06:00,0.7560735565245231,0.0579258438945922,0.4348013704157044,0.0821328130337289
21/07/2019 07:00,0.7560735565245231,0.0579258438945922,0.4348013704157044,0.0821328130337289
21/07/2019 08:00,0.7560735565245231,0.0579258438945922,0.4348013704157044,0.0821328130337289
21/07/2019 09:00,0.7560735565245231,0.0579258438945922,0.4348013704157044,0.0821328130337289
21/07/2019 10:00,0.7560735565245231,0.0579258438945922,0.4348013704157044,0.0821328130337289
21/07/2019 11:00,0.7560735565245231,0.0579258438945922,0.4348013704157044,0.0821328130337289
21/07/2019 12:00,0.7560735565245231,0.0579258438945922,0.4348013704157044,0.0821328130337289
21/07/2019 13:00,0.7560735565245231,0.0579258438945922,0.4348013704157044,0.0821328130337289
21/07/2019 14:00,0.7560735565245231,0.0579258438945922,0.4348013704157044,0.0821328130337289
21/07/2019 15:00,0.7560735565245231,0.0579258438945922,0.4348013704157044,0.0821328130337289
21/07/2019 16:00,0.7560735565245231,0.0579258438945922,0.4348013704157044,0.0821328130337289
21/07/2019 17:00,0.7560735565245231,0.0579258438945922,0.4348013704157044,0.0821328130337289
21/07/2019 18:00,0.7560735565245231,0.0579258438945922,0.4348013704157044,0.0821328130337289
21/07/2019 19:00,0.7560735565245231,0.0579258438945922,0.4348013704157044,0.0821328130337289
21/07/2019 20:00,0.7560735565245231,0.0579258438945922,0.4348013704157044,0.0821328130337289
21/07/2019 21:00,0.7560735565245231,0.0579258438945922,0.4348013704157044,0.0821328130337289
21/07/2019 22:00,0.7560735565245231,0.0579258438945922,0.4348013704157044,0.0821328130337289
21/07/2019 23:00,0.7560735565245231,0.0579258438945922,0.4348013704157044,0.0821328130337289
22/07/2019 00:00,0.7560735565245231,0.0579258438945922,0.4348013704157044,0.0821328130337289
22/07/2019 01:00,0.7560735565245231,0.0579258438945922,0.4348013704157044,0.0821328130337289
22/07/2019 02:00,0.7560735565245231,0.0579258438945922,0.4348013704157044,0.0821328130337289
22/07/2019 03:00,0.7560735565245231,0.0579258438945922,0.4348013704157044,0.0821328130337289
22/07/2019 04:00,0.7560735565245231,0.0579258438945922,0.4348013704157044,0.0821328130337289
22/07/2019 05:00,0.7560735565245231,0.0579258438945922,0.4348013704157044,0.0821328130337289
22/07/2019 06:00,0.7560735565245231,0.0579258438945922,0.4348013704157044,0.0821328130337289
22/07/2019 07:00,0.7560735565245231,0.0579258438945922,0.4348013704157044,0.0821328130337289
22/07/2019 08:00,0.7560735565245231,0.0579258438945922,0.4348013704157044,0.0821328130337289
22/07/2019 09:00,0.7560735565245231,0.0579258438945922,0.4348013704157044,0.0821328130337289
22/07/2019 10:00,0.7560735565245231,0.0579258438945922,0.4348013704157044,0.0821328130337289
22/07/2019 11:00,0.7560735565245231,0.0579258438945922,0.4348013704157044,0.0821328130337289
22/07/2019 12:00,0.7560735565245231,0.0579258438945922,0.4348013704157044,0.0821328130337289
22/07/2019 13:00,0.7560735565245231,0.0579258438945922,0.4348013704157044,0.0821328130337289
22/07/2019 14:00,0.7560735565245231,0.0579258438945922,0.4348013704157044,0.0821328130337289
22/07/2019 15:00,0.7560735565245231,0.0579258438945922,0.4348013704157044,0.0821328130337289
22/07/2019 16:00,0.7560735565245231,0.0579258438945922,0.4348013704157044,0.0821328130337289
22/07/2019 17:00,0.7560735565245231,0.0579258438945922,0.4348013704157044,0.0821328130337289
22/07/2019 18:00,0.7560735565245231,0.0579258438945922,0.4348013704157044,0.0821328130337289
22/07/2019 19:00,0.7560735565245231,0.0579258438945922,0.4348013704157044,0.0821328130337289
22/07/2019 20:00,0.7560735565245231,0.0579258438945922,0.4348013704157044,0.0821328130337289
22/07/2019 21:00,0.7560735565245231,0.0579258438945922,0.4348013704157044,0.0821328130337289
22/07/2019 22:00,0.7560735565245231,0.0579258438945922,0.4348013704157044,0.0821328130337289
22/07/2019 23:00,0.7560735565245231,0.0579258438945922,0.4348013704157044,0.0821328130337289
23/07/2019 00:00,0.7560735565245231,0.0579258438945922,0.4348013704157044,0.0821328130337289
23/07/2019 01:00,0.7560735565245231,0.0579258438945922,0.4348013704157044,0.0821328130337289
23/07/2019 02:00,0.7560735565245231,0.0579258438945922,0.4348013704157044,0.0821328130337289
23/07/2019 03:00,0.7560735565245231,0.0579258438945922,0.4348013704157044,0.0821328130337289
23/07/2019 04:00,0.7560735565245231,0.0579258438945922,0.4348013704157044,0.0821328130337289
23/07/2019 05:00,0.7560735565245231,0.0579258438945922,0.4348013704157044,0.0821328130337289
23/07/2019 06:00,0.7560735565245231,0.0579258438945922,0.4348013704157044,0.0821328130337289
23/07/2019 07:00,0.7560735565245231,0.0579258438945922,0.4348013704157044,0.0821328130337289
23/07/2019 08:00,0.7560735565245231,0.0579258438945922,0.4348013704157044,0.0821328130337289
23/07/2019 09:00,0.7560735565245231,0.0579258438945922,0.4348013704157044,0.0821328130337289
23/07/2019 10:00,0.7560735565245231,0.0579258438945922,0.4348013704157044,0.0821328130337289
23/07/2019 11:00,0.7560735565245231,0.0579258438945922,0.4348013704157044,0.0821328130337289
23/07/2019 12:00,0.7560735565245231,0.0579258438945922,0.4348013704157044,0.0821328130337289
23/07/2019 13:00,0.7560735565245231,0.0579258438945922,0.4348013704157044,0.0821328130337289
23/07/2019 14:00,0.7560735565245231,0.0579258438945922,0.4348013704157044,0.0821328130337289
23/07/2019 15:00,0.7560735565245231,0.0579258438945922,0.4348013704157044,0.0821328130337289
23/07/2019 16:00,0.7560735565245231,0.0579258438945922,0.4348013704157044,0.0821328130337289
23/07/2019 17:00,0.7560735565245231,0.0579258438945922,0.4348013704157044,0.0821328130337289
23/07/2019 18:00,0.7560735565245231,0.0579258438945922,0.4348013704157044,0.0821328130337289
23/07/2019 19:00,0.7560735565245231,0.0579258438945922,0.4348013704157044,0.0821328130337289
23/07/2019 20:00,0.7560735565245231,0.0579258438945922,0.4348013704157044,0.0821328130337289
23/07/2019 21:00,0.7560735565245231,0.0579258438945922,0.4348013704157044,0.0821328130337289
23/07/2019 22:00,0.7560735565245231,0.0579258438945922,0.4348013704157044,0.0821328130337289
23/07/2019 23:00,0.7560735565245231,0.0579258438945922,0.4348013704157044,0.0821328130337289
24/07/2019 00:00,0.7560735565245231,0.0579258438945922,0.4348013704157044,0.0821328130337289
24/07/2019 01:00,0.7560735565245231,0.0579258438945922,0.4348013704157044,0.0821328130337289
24/07/2019 02:00,0.7560735565245231,0.0579258438945922,0.4348013704157044,0.0821328130337289
24/07/2019 03:00,0.7560735565245231,0.0579258438945922,0.4348013704157044,0.0821328130337289
24/07/2019 04:00,0.7560735565245231,0.0579258438945922,0.4348013704157044,0.0821328130337289
24/07/2019 05:00,0.7560735565245231,0.0579258438945922,0.4348013704157044,0.0821328130337289
24/07/2019 06:00,0.7560735565245231,0.0579258438945922,0.4348013704157044,0.0821328130337289
24/07/2019 07:00,0.7560735565245231,0.0579258438945922,0.4348013704157044,0.0821328130337289
24/07/2019 08:00,0.7560735565245231,0.0579258438945922,0.4348013704157044,0.0821328130337289
24/07/2019 09:00,0.7560735565245231,0.0579258438945922,0.4348013704157044,0.0821328130337289
24/07/2019 10:00,0.7560735565245231,0.0579258438945922,0.4348013704157044,0.0821328130337289
24/07/2019 11:00,0.7560735565245231,0.0579258438945922,0.4348013704157044,0.0821328130337289
24/07/2019 12:00,0.7560735565245231,0.0579258438945922,0.4348013704157044,0.0821328130337289
24/07/2019 13:00,0.7560735565245231,0.0579258438945922,0.4348013704157044,0.0821328130337289
24/07/2019 14:00,0.7560735565245231,0.0579258438945922,0.4348013704157044,0.0821328130337289
24/07/2019 15:00,0.7560735565245231,0.0579258438945922,0.4348013704157044,0.0821328130337289
24/07/2019 16:00,0.7560735565245231,0.0579258438945922,0.4348013704157044,0.0821328130337289
24/07/2019 17:00,0.7560735565245231,0.0579258438945922,0.4348013704157044,0.0821328130337289
24/07/2019 18:00,0.7560735565245231,0.0579258438945922,0.4348013704157044,0.0821328130337289
24/07/2019 19:00,0.7560735565245231,0.0579258438945922,0.4348013704157044,0.0821328130337289
24/07/2019 20:00,0.7560735565245231,0.0579258438945922,0.4348013704157044,0.0821328130337289
24/07/2019 21:00,0.7560735565245231,0.0579258438945922,0.4348013704157044,0.0821328130337289
24/07/2019 22:00,0.7560735565245231,0.0579258438945922,0.4348013704157044,0.0821328130337289
24/07/2019 23:00,0.7560735565245231,0.0579258438945922,0.4348013704157044,0.0821328130337289
25/07/2019 00:00,0.7560735565245231,0.0579258438945922,0.4348013704157044,0.0821328130337289
25/07/2019 01:00,0.7560735565245231,0.0579258438945922,0.4348013704157044,0.0821328130337289
25/07/2019 02:00,0.7560735565245231,0.0579258438945922,0.4348013704157044,0.0821328130337289
25/07/2019 03:00,0.7560735565245231,0.0579258438945922,0.4348013704157044,0.0821328130337289
25/07/2019 04:00,0.7560735565245231,0.0579258438945922,0.4348013704157044,0.0821328130337289
25/07/2019 05:00,0.7560735565245231,0.0579258438945922,0.4348013704157044,0.0821328130337289
25/07/2019 06:00,0.7560735565245231,0.0579258438945922,0.4348013704157044,0.0821328130337289
25/07/2019 07:00,0.7560735565245231,0.0579258438945922,0.4348013704157044,0.0821328130337289
25/07/2019 08:00,0.7560735565245231,0.0579258438945922,0.4348013704157044,0.0821328130337289
25/07/2019 09:00,0.7560735565245231,0.0579258438945922,0.4348013704157044,0.0821328130337289
25/07/2019 10:00,0.7560735565245231,0.0579258438945922,0.4348013704157044,0.0821328130337289
25/07/2019 11:00,0.7560735565245231,0.0579258438945922,0.4348013704157044,0.0821328130337289
25/07/2019 12:00,0.7560735565245231,0.0579258438945922,0.4348013704157044,0.0821328130337289
25/07/2019 13:00,0.7560735565245231,0.0579258438945922,0.4348013704157044,0.0821328130337289
25/07/2019 14:00,0.7560735565245231,0.0579258438945922,0.4348013704157044,0.0821328130337289
25/07/2019 15:00,0.7560735565245231,0.0579258438945922,0.4348013704157044,0.0821328130337289
25/07/2019 16:00,0.7560735565245231,0.0579258438945922,0.4348013704157044,0.0821328130337289
25/07/2019 17:00,0.7560735565245231,0.0579258438945922,0.4348013704157044,0.0821328130337289
25/07/2019 18:00,0.7560735565245231,0.0579258438945922,0.4348013704157044,0.0821328130337289
25/07/2019 19:00,0.7560735565245231,0.0579258438945922,0.4348013704157044,0.0821328130337289
25/07/2019 20:00,0.7560735565245231,0.0579258438945922,0.4348013704157044,0.0821328130337289
25/07/2019 21:00,0.7560735565245231,0.0579258438945922,0.4348013704157044,0.0821328130337289
25/07/2019 22:00,0.7560735565245231,0.0579258438945922,0.4348013704157044,0.0821328130337289
25/07/2019 23:00,0.7560735565245231,0.0579258438945922,0.4348013704157044,0.0821328130337289
26/07/2019 00:00,0.7560735565245231,0.0579258438945922,0.4348013704157044,0.0821328130337289
26/07/2019 01:00,0.7560735565245231,0.0579258438945922,0.4348013704157044,0.0821328130337289
26/07/2019 02:00,0.7560735565245231,0.0579258438945922,0.4348013704157044,0.0821328130337289
26/07/2019 03:00,0.7560735565245231,0.0579258438945922,0.4348013704157044,0.0821328130337289
26/07/2019 04:00,0.7560735565245231,0.0579258438945922,0.4348013704157044,0.0821328130337289
26/07/2019 05:00,0.7560735565245231,0.0579258438945922,0.4348013704157044,0.0821328130337289
26/07/2019 06:00,0.7560735565245231,0.0579258438945922,0.4348013704157044,0.0821328130337289
26/07/2019 07:00,0.7560735565245231,0.0579258438945922,0.4348013704157044,0.0821328130337289
26/07/2019 08:00,0.7560735565245231,0.0579258438945922,0.4348013704157044,0.0821328130337289
26/07/2019 09:00,0.7560735565245231,0.0579258438945922,0.4348013704157044,0.0821328130337289
26/07/2019 10:00,0.7560735565245231,0.0579258438945922,0.4348013704157044,0.0821328130337289
26/07/2019 11:00,0.7560735565245231,0.0579258438945922,0.4348013704157044,0.0821328130337289
26/07/2019 12:00,0.7560735565245231,0.0579258438945922,0.4348013704157044,0.0821328130337289
26/07/2019 13:00,0.7560735565245231,0.0579258438945922,0.4348013704157044,0.0821328130337289
26/07/2019 14:00,0.7560735565245231,0.0579258438945922,0.4348013704157044,0.0821328130337289
26/07/2019 15:00,0.7560735565245231,0.0579258438945922,0.4348013704157044,0.0821328130337289
26/07/2019 16:00,0.7560735565245231,0.0579258438945922,0.4348013704157044,0.0821328130337289
26/07/2019 17:00,0.7560735565245231,0.0579258438945922,0.4348013704157044,0.0821328130337289
26/07/2019 18:00,0.7560735565245231,0.0579258438945922,0.4348013704157044,0.0821328130337289
26/07/2019 19:00,0.7560735565245231,0.0579258438945922,0.4348013704157044,0.0821328130337289
26/07/2019 20:00,0.7560735565245231,0.0579258438945922,0.4348013704157044,0.0821328130337289
26/07/2019 21:00,0.7560735565245231,0.0579258438945922,0.4348013704157044,0.0821328130337289
26/07/2019 22:00,0.7560735565245231,0.0579258438945922,0.4348013704157044,0.0821328130337289
26/07/2019 23:00,0.7560735565245231,0.0579258438945922,0.4348013704157044,0.0821328130337289
27/07/2019 00:00,0.7560735565245231,0.0579258438945922,0.4348013704157044,0.0821328130337289
27/07/2019 01:00,0.7560735565245231,0.0579258438945922,0.4348013704157044,0.0821328130337289
27/07/2019 02:00,0.7560735565245231,0.0579258438945922,0.4348013704157044,0.0821328130337289
27/07/2019 03:00,0.7560735565245231,0.0579258438945922,0.4348013704157044,0.0821328130337289
27/07/2019 04:00,0.7560735565245231,0.0579258438945922,0.4348013704157044,0.0821328130337289
27/07/2019 05:00,0.7560735565245231,0.0579258438945922,0.4348013704157044,0.0821328130337289
27/07/2019 06:00,0.7560735565245231,0.0579258438945922,0.4348013704157044,0.0821328130337289
27/07/2019 07:00,0.7560735565245231,0.0579258438945922,0.4348013704157044,0.0821328130337289
27/07/2019 08:00,0.7560735565245231,0.0579258438945922,0.4348013704157044,0.0821328130337289
27/07/2019 09:00,0.7560735565245231,0.0579258438945922,0.4348013704157044,0.0821328130337289
27/07/2019 10:00,0.7560735565245231,0.0579258438945922,0.4348013704157044,0.0821328130337289
27/07/2019 11:00,0.7560735565245231,0.0579258438945922,0.4348013704157044,0.0821328130337289
27/07/2019 12:00,0.7560735565245231,0.0579258438945922,0.4348013704157044,0.0821328130337289
27/07/2019 13:00,0.7560735565245231,0.0579258438945922,0.4348013704157044,0.0821328130337289
27/07/2019 14:00,0.7560735565245231,0.0579258438945922,0.4348013704157044,0.0821328130337289
27/07/2019 15:00,0.7560735565245231,0.0579258438945922,0.4348013704157044,0.0821328130337289
27/07/2019 16:00,0.7560735565245231,0.0579258438945922,0.4348013704157044,0.0821328130337289
27/07/2019 17:00,0.7560735565245231,0.0579258438945922,0.4348013704157044,0.0821328130337289
27/07/2019 18:00,0.7560735565245231,0.0579258438945922,0.4348013704157044,0.0821328130337289
27/07/2019 19:00,0.7560735565245231,0.0579258438945922,0.4348013704157044,0.0821328130337289
27/07/2019 20:00,0.7560735565245231,0.0579258438945922,0.4348013704157044,0.0821328130337289
27/07/2019 21:00,0.7560735565245231,0.0579258438945922,0.4348013704157044,0.0821328130337289
27/07/2019 22:00,0.7560735565245231,0.0579258438945922,0.4348013704157044,0.0821328130337289
27/07/2019 23:00,0.7560735565245231,0.0579258438945922,0.4348013704157044,0.0821328130337289
28/07/2019 00:00,0.7560735565245231,0.0579258438945922,0.4348013704157044,0.0821328130337289
28/07/2019 01:00,0.7560735565245231,0.0579258438945922,0.4348013704157044,0.0821328130337289
28/07/2019 02:00,0.7560735565245231,0.0579258438945922,0.4348013704157044,0.0821328130337289
28/07/2019 03:00,0.7560735565245231,0.0579258438945922,0.4348013704157044,0.0821328130337289
28/07/2019 04:00,0.7560735565245231,0.0579258438945922,0.4348013704157044,0.0821328130337289
28/07/2019 05:00,0.7560735565245231,0.0579258438945922,0.4348013704157044,0.0821328130337289
28/07/2019 06:00,0.7560735565245231,0.0579258438945922,0.4348013704157044,0.0821328130337289
28/07/2019 07:00,0.7560735565245231,0.0579258438945922,0.4348013704157044,0.0821328130337289
28/07/2019 08:00,0.7560735565245231,0.0579258438945922,0.4348013704157044,0.0821328130337289
28/07/2019 09:00,0.7560735565245231,0.0579258438945922,0.4348013704157044,0.0821328130337289
28/07/2019 10:00,0.7560735565245231,0.0579258438945922,0.4348013704157044,0.0821328130337289
28/07/2019 11:00,0.7560735565245231,0.0579258438945922,0.4348013704157044,0.0821328130337289
28/07/2019 12:00,0.7560735565245231,0.0579258438945922,0.4348013704157044,0.0821328130337289
28/07/2019 13:00,0.7560735565245231,0.0579258438945922,0.4348013704157044,0.0821328130337289
28/07/2019 14:00,0.7560735565245231,0.0579258438945922,0.4348013704157044,0.0821328130337289
28/07/2019 15:00,0.7560735565245231,0.0579258438945922,0.4348013704157044,0.0821328130337289
28/07/2019 16:00,0.7560735565245231,0.0579258438945922,0.4348013704157044,0.0821328130337289
28/07/2019 17:00,0.7560735565245231,0.0579258438945922,0.4348013704157044,0.0821328130337289
28/07/2019 18:00,0.7560735565245231,0.0579258438945922,0.4348013704157044,0.0821328130337289
28/07/2019 19:00,0.7560735565245231,0.0579258438945922,0.4348013704157044,0.0821328130337289
28/07/2019 20:00,0.7560735565245231,0.0579258438945922,0.4348013704157044,0.0821328130337289
28/07/2019 21:00,0.7560735565245231,0.0579258438945922,0.4348013704157044,0.0821328130337289
28/07/2019 22:00,0.7560735565245231,0.0579258438945922,0.4348013704157044,0.0821328130337289
28/07/2019 23:00,0.7560735565245231,0.0579258438945922,0.4348013704157044,0.0821328130337289
29/07/2019 00:00,0.7560735565245231,0.0579258438945922,0.4348013704157044,0.0821328130337289
29/07/2019 01:00,0.7560735565245231,0.0579258438945922,0.4348013704157044,0.0821328130337289
29/07/2019 02:00,0.7560735565245231,0.0579258438945922,0.4348013704157044,0.0821328130337289
29/07/2019 03:00,0.7560735565245231,0.0579258438945922,0.4348013704157044,0.0821328130337289
29/07/2019 04:00,0.7560735565245231,0.0579258438945922,0.4348013704157044,0.0821328130337289
29/07/2019 05:00,0.7560735565245231,0.0579258438945922,0.4348013704157044,0.0821328130337289
29/07/2019 06:00,0.7560735565245231,0.0579258438945922,0.4348013704157044,0.0821328130337289
29/07/2019 07:00,0.7560735565245231,0.0579258438945922,0.4348013704157044,0.0821328130337289
29/07/2019 08:00,0.7560735565245231,0.0579258438945922,0.4348013704157044,0.0821328130337289
29/07/2019 09:00,0.7560735565245231,0.0579258438945922,0.4348013704157044,0.0821328130337289
29/07/2019 10:00,0.7560735565245231,0.0579258438945922,0.4348013704157044,0.0821328130337289
29/07/2019 11:00,0.7560735565245231,0.0579258438945922,0.4348013704157044,0.0821328130337289
29/07/2019 12:00,0.7560735565245231,0.0579258438945922,0.4348013704157044,0.0821328130337289
29/07/2019 13:00,0.7560735565245231,0.0579258438945922,0.4348013704157044,0.0821328130337289
29/07/2019 14:00,0.7560735565245231,0.0579258438945922,0.4348013704157044,0.0821328130337289
29/07/2019 15:00,0.7560735565245231,0.0579258438945922,0.4348013704157044,0.0821328130337289
29/07/2019 16:00,0.7560735565245231,0.0579258438945922,0.4348013704157044,0.0821328130337289
29/07/2019 17:00,0.7560735565245231,0.0579258438945922,0.4348013704157044,0.0821328130337289
29/07/2019 18:00,0.7560735565245231,0.0579258438945922,0.4348013704157044,0.0821328130337289
29/07/2019 19:00,0.7560735565245231,0.0579258438945922,0.4348013704157044,0.0821328130337289
29/07/2019 20:00,0.7560735565245231,0.0579258438945922,0.4348013704157044,0.0821328130337289
29/07/2019 21:00,0.7560735565245231,0.0579258438945922,0.4348013704157044,0.0821328130337289
29/07/2019 22:00,0.7560735565245231,0.0579258438945922,0.4348013704157044,0.0821328130337289
29/07/2019 23:00,0.7560735565245231,0.0579258438945922,0.4348013704157044,0.0821328130337289
30/07/2019 00:00,0.7560735565245231,0.0579258438945922,0.4348013704157044,0.0821328130337289
30/07/2019 01:00,0.7560735565245231,0.0579258438945922,0.4348013704157044,0.0821328130337289
30/07/2019 02:00,0.7560735565245231,0.0579258438945922,0.4348013704157044,0.0821328130337289
30/07/2019 03:00,0.7560735565245231,0.0579258438945922,0.4348013704157044,0.0821328130337289
30/07/2019 04:00,0.7560735565245231,0.0579258438945922,0.4348013704157044,0.0821328130337289
30/07/2019 05:00,0.7560735565245231,0.0579258438945922,0.4348013704157044,0.0821328130337289
30/07/2019 06:00,0.7560735565245231,0.0579258438945922,0.4348013704157044,0.0821328130337289
30/07/2019 07:00,0.7560735565245231,0.0579258438945922,0.4348013704157044,0.0821328130337289
30/07/2019 08:00,0.7560735565245231,0.0579258438945922,0.4348013704157044,0.0821328130337289
30/07/2019 09:00,0.7560735565245231,0.0579258438945922,0.4348013704157044,0.0821328130337289
30/07/2019 10:00,0.7560735565245231,0.0579258438945922,0.4348013704157044,0.0821328130337289
30/07/2019 11:00,0.7560735565245231,0.0579258438945922,0.4348013704157044,0.0821328130337289
30/07/2019 12:00,0.7560735565245231,0.0579258438945922,0.4348013704157044,0.0821328130337289
30/07/2019 13:00,0.7560735565245231,0.0579258438945922,0.4348013704157044,0.0821328130337289
30/07/2019 14:00,0.7560735565245231,0.0579258438945922,0.4348013704157044,0.0821328130337289
30/07/2019 15:00,0.7560735565245231,0.0579258438945922,0.4348013704157044,0.0821328130337289
30/07/2019 16:00,0.7560735565245231,0.0579258438945922,0.4348013704157044,0.0821328130337289
30/07/2019 17:00,0.7560735565245231,0.0579258438945922,0.4348013704157044,0.0821328130337289
30/07/2019 18:00,0.7560735565245231,0.0579258438945922,0.4348013704157044,0.0821328130337289
30/07/2019 19:00,0.7560735565245231,0.0579258438945922,0.4348013704157044,0.0821328130337289
30/07/2019 20:00,0.7560735565245231,0.0579258438945922,0.4348013704157044,0.0821328130337289
30/07/2019 21:00,0.7560735565245231,0.0579258438945922,0.4348013704157044,0.0821328130337289
30/07/2019 22:00,0.7560735565245231,0.0579258438945922,0.4348013704157044,0.0821328130337289
30/07/2019 23:00,0.7560735565245231,0.0579258438945922,0.4348013704157044,0.0821328130337289
31/07/2019 00:00,0.7560735565245231,0.0579258438945922,0.4348013704157044,0.0821328130337289
31/07/2019 01:00,0.7560735565245231,0.0579258438945922,0.4348013704157044,0.0821328130337289
31/07/2019 02:00,0.7560735565245231,0.0579258438945922,0.4348013704157044,0.0821328130337289
31/07/2019 03:00,0.7560735565245231,0.0579258438945922,0.4348013704157044,0.0821328130337289
31/07/2019 04:00,0.7560735565245231,0.0579258438945922,0.4348013704157044,0.0821328130337289
31/07/2019 05:00,0.7560735565245231,0.0579258438945922,0.4348013704157044,0.0821328130337289
31/07/2019 06:00,0.7560735565245231,0.0579258438945922,0.4348013704157044,0.0821328130337289
31/07/2019 07:00,0.7560735565245231,0.0579258438945922,0.4348013704157044,0.0821328130337289
31/07/2019 08:00,0.7560735565245231,0.0579258438945922,0.4348013704157044,0.0821328130337289
31/07/2019 09:00,0.7560735565245231,0.0579258438945922,0.4348013704157044,0.0821328130337289
31/07/2019 10:00,0.7560735565245231,0.0579258438945922,0.4348013704157044,0.0821328130337289
31/07/2019 11:00,0.7560735565245231,0.0579258438945922,0.4348013704157044,0.0821328130337289
31/07/2019 12:00,0.7560735565245231,0.0579258438945922,0.4348013704157044,0.0821328130337289
31/07/2019 13:00,0.7560735565245231,0.0579258438945922,0.4348013704157044,0.0821328130337289
31/07/2019 14:00,0.7560735565245231,0.0579258438945922,0.4348013704157044,0.0821328130337289
31/07/2019 15:00,0.7560735565245231,0.0579258438945922,0.4348013704157044,0.0821328130337289
31/07/2019 16:00,0.7560735565245231,0.0579258438945922,0.4348013704157044,0.0821328130337289
31/07/2019 17:00,0.7560735565245231,0.0579258438945922,0.4348013704157044,0.0821328130337289
31/07/2019 18:00,0.7560735565245231,0.0579258438945922,0.4348013704157044,0.0821328130337289
31/07/2019 19:00,0.7560735565245231,0.0579258438945922,0.4348013704157044,0.0821328130337289
31/07/2019 20:00,0.7560735565245231,0.0579258438945922,0.4348013704157044,0.0821328130337289
31/07/2019 21:00,0.7560735565245231,0.0579258438945922,0.4348013704157044,0.0821328130337289
31/07/2019 22:00,0.7560735565245231,0.0579258438945922,0.4348013704157044,0.0821328130337289
31/07/2019 23:00,0.7560735565245231,0.0579258438945922,0.4348013704157044,0.0821328130337289
01/08/2019 00:00,0.7344713409452955,0.0511066787262363,0.3935530277594024,0.074829142855022
01/08/2019 01:00,0.7344713409452955,0.0511066787262363,0.3935530277594024,0.074829142855022
01/08/2019 02:00,0.7344713409452955,0.0511066787262363,0.3935530277594024,0.074829142855022
01/08/2019 03:00,0.7344713409452955,0.0511066787262363,0.3935530277594024,0.074829142855022
01/08/2019 04:00,0.7344713409452955,0.0511066787262363,0.3935530277594024,0.074829142855022
01/08/2019 05:00,0.7344713409452955,0.0511066787262363,0.3935530277594024,0.074829142855022
01/08/2019 06:00,0.7344713409452955,0.0511066787262363,0.3935530277594024,0.074829142855022
01/08/2019 07:00,0.7344713409452955,0.0511066787262363,0.3935530277594024,0.074829142855022
01/08/2019 08:00,0.7344713409452955,0.0511066787262363,0.3935530277594024,0.074829142855022
01/08/2019 09:00,0.7344713409452955,0.0511066787262363,0.3935530277594024,0.074829142855022
01/08/2019 10:00,0.7344713409452955,0.0511066787262363,0.3935530277594024,0.074829142855022
01/08/2019 11:00,0.7344713409452955,0.0511066787262363,0.3935530277594024,0.074829142855022
01/08/2019 12:00,0.7344713409452955,0.0511066787262363,0.3935530277594024,0.074829142855022
01/08/2019 13:00,0.7344713409452955,0.0511066787262363,0.3935530277594024,0.074829142855022
01/08/2019 14:00,0.7344713409452955,0.0511066787262363,0.3935530277594024,0.074829142855022
01/08/2019 15:00,0.7344713409452955,0.0511066787262363,0.3935530277594024,0.074829142855022
01/08/2019 16:00,0.7344713409452955,0.0511066787262363,0.3935530277594024,0.074829142855022
01/08/2019 17:00,0.7344713409452955,0.0511066787262363,0.3935530277594024,0.074829142855022
01/08/2019 18:00,0.7344713409452955,0.0511066787262363,0.3935530277594024,0.074829142855022
01/08/2019 19:00,0.7344713409452955,0.0511066787262363,0.3935530277594024,0.074829142855022
01/08/2019 20:00,0.7344713409452955,0.0511066787262363,0.3935530277594024,0.074829142855022
01/08/2019 21:00,0.7344713409452955,0.0511066787262363,0.3935530277594024,0.074829142855022
01/08/2019 22:00,0.7344713409452955,0.0511066787262363,0.3935530277594024,0.074829142855022
01/08/2019 23:00,0.7344713409452955,0.0511066787262363,0.3935530277594024,0.074829142855022
02/08/2019 00:00,0.7344713409452955,0.0511066787262363,0.3935530277594024,0.074829142855022
02/08/2019 01:00,0.7344713409452955,0.0511066787262363,0.3935530277594024,0.074829142855022
02/08/2019 02:00,0.7344713409452955,0.0511066787262363,0.3935530277594024,0.074829142855022
02/08/2019 03:00,0.7344713409452955,0.0511066787262363,0.3935530277594024,0.074829142855022
02/08/2019 04:00,0.7344713409452955,0.0511066787262363,0.3935530277594024,0.074829142855022
02/08/2019 05:00,0.7344713409452955,0.0511066787262363,0.3935530277594024,0.074829142855022
02/08/2019 06:00,0.7344713409452955,0.0511066787262363,0.3935530277594024,0.074829142855022
02/08/2019 07:00,0.7344713409452955,0.0511066787262363,0.3935530277594024,0.074829142855022
02/08/2019 08:00,0.7344713409452955,0.0511066787262363,0.3935530277594024,0.074829142855022
02/08/2019 09:00,0.7344713409452955,0.0511066787262363,0.3935530277594024,0.074829142855022
02/08/2019 10:00,0.7344713409452955,0.0511066787262363,0.3935530277594024,0.074829142855022
02/08/2019 11:00,0.7344713409452955,0.0511066787262363,0.3935530277594024,0.074829142855022
02/08/2019 12:00,0.7344713409452955,0.0511066787262363,0.3935530277594024,0.074829142855022
02/08/2019 13:00,0.7344713409452955,0.0511066787262363,0.3935530277594024,0.074829142855022
02/08/2019 14:00,0.7344713409452955,0.0511066787262363,0.3935530277594024,0.074829142855022
02/08/2019 15:00,0.7344713409452955,0.0511066787262363,0.3935530277594024,0.074829142855022
02/08/2019 16:00,0.7344713409452955,0.0511066787262363,0.3935530277594024,0.074829142855022
02/08/2019 17:00,0.7344713409452955,0.0511066787262363,0.3935530277594024,0.074829142855022
02/08/2019 18:00,0.7344713409452955,0.0511066787262363,0.3935530277594024,0.074829142855022
02/08/2019 19:00,0.7344713409452955,0.0511066787262363,0.3935530277594024,0.074829142855022
02/08/2019 20:00,0.7344713409452955,0.0511066787262363,0.3935530277594024,0.074829142855022
02/08/2019 21:00,0.7344713409452955,0.0511066787262363,0.3935530277594024,0.074829142855022
02/08/2019 22:00,0.7344713409452955,0.0511066787262363,0.3935530277594024,0.074829142855022
02/08/2019 23:00,0.7344713409452955,0.0511066787262363,0.3935530277594024,0.074829142855022
03/08/2019 00:00,0.7344713409452955,0.0511066787262363,0.3935530277594024,0.074829142855022
03/08/2019 01:00,0.7344713409452955,0.0511066787262363,0.3935530277594024,0.074829142855022
03/08/2019 02:00,0.7344713409452955,0.0511066787262363,0.3935530277594024,0.074829142855022
03/08/2019 03:00,0.7344713409452955,0.0511066787262363,0.3935530277594024,0.074829142855022
03/08/2019 04:00,0.7344713409452955,0.0511066787262363,0.3935530277594024,0.074829142855022
03/08/2019 05:00,0.7344713409452955,0.0511066787262363,0.3935530277594024,0.074829142855022
03/08/2019 06:00,0.7344713409452955,0.0511066787262363,0.3935530277594024,0.074829142855022
03/08/2019 07:00,0.7344713409452955,0.0511066787262363,0.3935530277594024,0.074829142855022
03/08/2019 08:00,0.7344713409452955,0.0511066787262363,0.3935530277594024,0.074829142855022
03/08/2019 09:00,0.7344713409452955,0.0511066787262363,0.3935530277594024,0.074829142855022
03/08/2019 10:00,0.7344713409452955,0.0511066787262363,0.3935530277594024,0.074829142855022
03/08/2019 11:00,0.7344713409452955,0.0511066787262363,0.3935530277594024,0.074829142855022
03/08/2019 12:00,0.7344713409452955,0.0511066787262363,0.3935530277594024,0.074829142855022
03/08/2019 13:00,0.7344713409452955,0.0511066787262363,0.3935530277594024,0.074829142855022
03/08/2019 14:00,0.7344713409452955,0.0511066787262363,0.3935530277594024,0.074829142855022
03/08/2019 15:00,0.7344713409452955,0.0511066787262363,0.3935530277594024,0.074829142855022
03/08/2019 16:00,0.7344713409452955,0.0511066787262363,0.3935530277594024,0.074829142855022
03/08/2019 17:00,0.7344713409452955,0.0511066787262363,0.3935530277594024,0.074829142855022
03/08/2019 18:00,0.7344713409452955,0.0511066787262363,0.3935530277594024,0.074829142855022
03/08/2019 19:00,0.7344713409452955,0.0511066787262363,0.3935530277594024,0.074829142855022
03/08/2019 20:00,0.7344713409452955,0.0511066787262363,0.3935530277594024,0.074829142855022
03/08/2019 21:00,0.7344713409452955,0.0511066787262363,0.3935530277594024,0.074829142855022
03/08/2019 22:00,0.7344713409452955,0.0511066787262363,0.3935530277594024,0.074829142855022
03/08/2019 23:00,0.7344713409452955,0.0511066787262363,0.3935530277594024,0.074829142855022
04/08/2019 00:00,0.7344713409452955,0.0511066787262363,0.3935530277594024,0.074829142855022
04/08/2019 01:00,0.7344713409452955,0.0511066787262363,0.3935530277594024,0.074829142855022
04/08/2019 02:00,0.7344713409452955,0.0511066787262363,0.3935530277594024,0.074829142855022
04/08/2019 03:00,0.7344713409452955,0.0511066787262363,0.3935530277594024,0.074829142855022
04/08/2019 04:00,0.7344713409452955,0.0511066787262363,0.3935530277594024,0.074829142855022
04/08/2019 05:00,0.7344713409452955,0.0511066787262363,0.3935530277594024,0.074829142855022
04/08/2019 06:00,0.7344713409452955,0.0511066787262363,0.3935530277594024,0.074829142855022
04/08/2019 07:00,0.7344713409452955,0.0511066787262363,0.3935530277594024,0.074829142855022
04/08/2019 08:00,0.7344713409452955,0.0511066787262363,0.3935530277594024,0.074829142855022
04/08/2019 09:00,0.7344713409452955,0.0511066787262363,0.3935530277594024,0.074829142855022
04/08/2019 10:00,0.7344713409452955,0.0511066787262363,0.3935530277594024,0.074829142855022
04/08/2019 11:00,0.7344713409452955,0.0511066787262363,0.3935530277594024,0.074829142855022
04/08/2019 12:00,0.7344713409452955,0.0511066787262363,0.3935530277594024,0.074829142855022
04/08/2019 13:00,0.7344713409452955,0.0511066787262363,0.3935530277594024,0.074829142855022
04/08/2019 14:00,0.7344713409452955,0.0511066787262363,0.3935530277594024,0.074829142855022
04/08/2019 15:00,0.7344713409452955,0.0511066787262363,0.3935530277594024,0.074829142855022
04/08/2019 16:00,0.7344713409452955,0.0511066787262363,0.3935530277594024,0.074829142855022
04/08/2019 17:00,0.7344713409452955,0.0511066787262363,0.3935530277594024,0.074829142855022
04/08/2019 18:00,0.7344713409452955,0.0511066787262363,0.3935530277594024,0.074829142855022
04/08/2019 19:00,0.7344713409452955,0.0511066787262363,0.3935530277594024,0.074829142855022
04/08/2019 20:00,0.7344713409452955,0.0511066787262363,0.3935530277594024,0.074829142855022
04/08/2019 21:00,0.7344713409452955,0.0511066787262363,0.3935530277594024,0.074829142855022
04/08/2019 22:00,0.7344713409452955,0.0511066787262363,0.3935530277594024,0.074829142855022
04/08/2019 23:00,0.7344713409452955,0.0511066787262363,0.3935530277594024,0.074829142855022
05/08/2019 00:00,0.7344713409452955,0.0511066787262363,0.3935530277594024,0.074829142855022
05/08/2019 01:00,0.7344713409452955,0.0511066787262363,0.3935530277594024,0.074829142855022
05/08/2019 02:00,0.7344713409452955,0.0511066787262363,0.3935530277594024,0.074829142855022
05/08/2019 03:00,0.7344713409452955,0.0511066787262363,0.3935530277594024,0.074829142855022
05/08/2019 04:00,0.7344713409452955,0.0511066787262363,0.3935530277594024,0.074829142855022
05/08/2019 05:00,0.7344713409452955,0.0511066787262363,0.3935530277594024,0.074829142855022
05/08/2019 06:00,0.7344713409452955,0.0511066787262363,0.3935530277594024,0.074829142855022
05/08/2019 07:00,0.7344713409452955,0.0511066787262363,0.3935530277594024,0.074829142855022
05/08/2019 08:00,0.7344713409452955,0.0511066787262363,0.3935530277594024,0.074829142855022
05/08/2019 09:00,0.7344713409452955,0.0511066787262363,0.3935530277594024,0.074829142855022
05/08/2019 10:00,0.7344713409452955,0.0511066787262363,0.3935530277594024,0.074829142855022
05/08/2019 11:00,0.7344713409452955,0.0511066787262363,0.3935530277594024,0.074829142855022
05/08/2019 12:00,0.7344713409452955,0.0511066787262363,0.3935530277594024,0.074829142855022
05/08/2019 13:00,0.7344713409452955,0.0511066787262363,0.3935530277594024,0.074829142855022
05/08/2019 14:00,0.7344713409452955,0.0511066787262363,0.3935530277594024,0.074829142855022
05/08/2019 15:00,0.7344713409452955,0.0511066787262363,0.3935530277594024,0.074829142855022
05/08/2019 16:00,0.7344713409452955,0.0511066787262363,0.3935530277594024,0.074829142855022
05/08/2019 17:00,0.7344713409452955,0.0511066787262363,0.3935530277594024,0.074829142855022
05/08/2019 18:00,0.7344713409452955,0.0511066787262363,0.3935530277594024,0.074829142855022
05/08/2019 19:00,0.7344713409452955,0.0511066787262363,0.3935530277594024,0.074829142855022
05/08/2019 20:00,0.7344713409452955,0.0511066787262363,0.3935530277594024,0.074829142855022
05/08/2019 21:00,0.7344713409452955,0.0511066787262363,0.3935530277594024,0.074829142855022
05/08/2019 22:00,0.7344713409452955,0.0511066787262363,0.3935530277594024,0.074829142855022
05/08/2019 23:00,0.7344713409452955,0.0511066787262363,0.3935530277594024,0.074829142855022
06/08/2019 00:00,0.7344713409452955,0.0511066787262363,0.3935530277594024,0.074829142855022
06/08/2019 01:00,0.7344713409452955,0.0511066787262363,0.3935530277594024,0.074829142855022
06/08/2019 02:00,0.7344713409452955,0.0511066787262363,0.3935530277594024,0.074829142855022
06/08/2019 03:00,0.7344713409452955,0.0511066787262363,0.3935530277594024,0.074829142855022
06/08/2019 04:00,0.7344713409452955,0.0511066787262363,0.3935530277594024,0.074829142855022
06/08/2019 05:00,0.7344713409452955,0.0511066787262363,0.3935530277594024,0.074829142855022
06/08/2019 06:00,0.7344713409452955,0.0511066787262363,0.3935530277594024,0.074829142855022
06/08/2019 07:00,0.7344713409452955,0.0511066787262363,0.3935530277594024,0.074829142855022
06/08/2019 08:00,0.7344713409452955,0.0511066787262363,0.3935530277594024,0.074829142855022
06/08/2019 09:00,0.7344713409452955,0.0511066787262363,0.3935530277594024,0.074829142855022
06/08/2019 10:00,0.7344713409452955,0.0511066787262363,0.3935530277594024,0.074829142855022
06/08/2019 11:00,0.7344713409452955,0.0511066787262363,0.3935530277594024,0.074829142855022
06/08/2019 12:00,0.7344713409452955,0.0511066787262363,0.3935530277594024,0.074829142855022
06/08/2019 13:00,0.7344713409452955,0.0511066787262363,0.3935530277594024,0.074829142855022
06/08/2019 14:00,0.7344713409452955,0.0511066787262363,0.3935530277594024,0.074829142855022
06/08/2019 15:00,0.7344713409452955,0.0511066787262363,0.3935530277594024,0.074829142855022
06/08/2019 16:00,0.7344713409452955,0.0511066787262363,0.3935530277594024,0.074829142855022
06/08/2019 17:00,0.7344713409452955,0.0511066787262363,0.3935530277594024,0.074829142855022
06/08/2019 18:00,0.7344713409452955,0.0511066787262363,0.3935530277594024,0.074829142855022
06/08/2019 19:00,0.7344713409452955,0.0511066787262363,0.3935530277594024,0.074829142855022
06/08/2019 20:00,0.7344713409452955,0.0511066787262363,0.3935530277594024,0.074829142855022
06/08/2019 21:00,0.7344713409452955,0.0511066787262363,0.3935530277594024,0.074829142855022
06/08/2019 22:00,0.7344713409452955,0.0511066787262363,0.3935530277594024,0.074829142855022
06/08/2019 23:00,0.7344713409452955,0.0511066787262363,0.3935530277594024,0.074829142855022
07/08/2019 00:00,0.7344713409452955,0.0511066787262363,0.3935530277594024,0.074829142855022
07/08/2019 01:00,0.7344713409452955,0.0511066787262363,0.3935530277594024,0.074829142855022
07/08/2019 02:00,0.7344713409452955,0.0511066787262363,0.3935530277594024,0.074829142855022
07/08/2019 03:00,0.7344713409452955,0.0511066787262363,0.3935530277594024,0.074829142855022
07/08/2019 04:00,0.7344713409452955,0.0511066787262363,0.3935530277594024,0.074829142855022
07/08/2019 05:00,0.7344713409452955,0.0511066787262363,0.3935530277594024,0.074829142855022
07/08/2019 06:00,0.7344713409452955,0.0511066787262363,0.3935530277594024,0.074829142855022
07/08/2019 07:00,0.7344713409452955,0.0511066787262363,0.3935530277594024,0.074829142855022
07/08/2019 08:00,0.7344713409452955,0.0511066787262363,0.3935530277594024,0.074829142855022
07/08/2019 09:00,0.7344713409452955,0.0511066787262363,0.3935530277594024,0.074829142855022
07/08/2019 10:00,0.7344713409452955,0.0511066787262363,0.3935530277594024,0.074829142855022
07/08/2019 11:00,0.7344713409452955,0.0511066787262363,0.3935530277594024,0.074829142855022
07/08/2019 12:00,0.7344713409452955,0.0511066787262363,0.3935530277594024,0.074829142855022
07/08/2019 13:00,0.7344713409452955,0.0511066787262363,0.3935530277594024,0.074829142855022
07/08/2019 14:00,0.7344713409452955,0.0511066787262363,0.3935530277594024,0.074829142855022
07/08/2019 15:00,0.7344713409452955,0.0511066787262363,0.3935530277594024,0.074829142855022
07/08/2019 16:00,0.7344713409452955,0.0511066787262363,0.3935530277594024,0.074829142855022
07/08/2019 17:00,0.7344713409452955,0.0511066787262363,0.3935530277594024,0.074829142855022
07/08/2019 18:00,0.7344713409452955,0.0511066787262363,0.3935530277594024,0.074829142855022
07/08/2019 19:00,0.7344713409452955,0.0511066787262363,0.3935530277594024,0.074829142855022
07/08/2019 20:00,0.7344713409452955,0.0511066787262363,0.3935530277594024,0.074829142855022
07/08/2019 21:00,0.7344713409452955,0.0511066787262363,0.3935530277594024,0.074829142855022
07/08/2019 22:00,0.7344713409452955,0.0511066787262363,0.3935530277594024,0.074829142855022
07/08/2019 23:00,0.7344713409452955,0.0511066787262363,0.3935530277594024,0.074829142855022
08/08/2019 00:00,0.7344713409452955,0.0511066787262363,0.3935530277594024,0.074829142855022
08/08/2019 01:00,0.7344713409452955,0.0511066787262363,0.3935530277594024,0.074829142855022
08/08/2019 02:00,0.7344713409452955,0.0511066787262363,0.3935530277594024,0.074829142855022
08/08/2019 03:00,0.7344713409452955,0.0511066787262363,0.3935530277594024,0.074829142855022
08/08/2019 04:00,0.7344713409452955,0.0511066787262363,0.3935530277594024,0.074829142855022
08/08/2019 05:00,0.7344713409452955,0.0511066787262363,0.3935530277594024,0.074829142855022
08/08/2019 06:00,0.7344713409452955,0.0511066787262363,0.3935530277594024,0.074829142855022
08/08/2019 07:00,0.7344713409452955,0.0511066787262363,0.3935530277594024,0.074829142855022
08/08/2019 08:00,0.7344713409452955,0.0511066787262363,0.3935530277594024,0.074829142855022
08/08/2019 09:00,0.7344713409452955,0.0511066787262363,0.3935530277594024,0.074829142855022
08/08/2019 10:00,0.7344713409452955,0.0511066787262363,0.3935530277594024,0.074829142855022
08/08/2019 11:00,0.7344713409452955,0.0511066787262363,0.3935530277594024,0.074829142855022
08/08/2019 12:00,0.7344713409452955,0.0511066787262363,0.3935530277594024,0.074829142855022
08/08/2019 13:00,0.7344713409452955,0.0511066787262363,0.3935530277594024,0.074829142855022
08/08/2019 14:00,0.7344713409452955,0.0511066787262363,0.3935530277594024,0.074829142855022
08/08/2019 15:00,0.7344713409452955,0.0511066787262363,0.3935530277594024,0.074829142855022
08/08/2019 16:00,0.7344713409452955,0.0511066787262363,0.3935530277594024,0.074829142855022
08/08/2019 17:00,0.7344713409452955,0.0511066787262363,0.3935530277594024,0.074829142855022
08/08/2019 18:00,0.7344713409452955,0.0511066787262363,0.3935530277594024,0.074829142855022
08/08/2019 19:00,0.7344713409452955,0.0511066787262363,0.3935530277594024,0.074829142855022
08/08/2019 20:00,0.7344713409452955,0.0511066787262363,0.3935530277594024,0.074829142855022
08/08/2019 21:00,0.7344713409452955,0.0511066787262363,0.3935530277594024,0.074829142855022
08/08/2019 22:00,0.7344713409452955,0.0511066787262363,0.3935530277594024,0.074829142855022
08/08/2019 23:00,0.7344713409452955,0.0511066787262363,0.3935530277594024,0.074829142855022
09/08/2019 00:00,0.7344713409452955,0.0511066787262363,0.3935530277594024,0.074829142855022
09/08/2019 01:00,0.7344713409452955,0.0511066787262363,0.3935530277594024,0.074829142855022
09/08/2019 02:00,0.7344713409452955,0.0511066787262363,0.3935530277594024,0.074829142855022
09/08/2019 03:00,0.7344713409452955,0.0511066787262363,0.3935530277594024,0.074829142855022
09/08/2019 04:00,0.7344713409452955,0.0511066787262363,0.3935530277594024,0.074829142855022
09/08/2019 05:00,0.7344713409452955,0.0511066787262363,0.3935530277594024,0.074829142855022
09/08/2019 06:00,0.7344713409452955,0.0511066787262363,0.3935530277594024,0.074829142855022
09/08/2019 07:00,0.7344713409452955,0.0511066787262363,0.3935530277594024,0.074829142855022
09/08/2019 08:00,0.7344713409452955,0.0511066787262363,0.3935530277594024,0.074829142855022
09/08/2019 09:00,0.7344713409452955,0.0511066787262363,0.3935530277594024,0.074829142855022
09/08/2019 10:00,0.7344713409452955,0.0511066787262363,0.3935530277594024,0.074829142855022
09/08/2019 11:00,0.7344713409452955,0.0511066787262363,0.3935530277594024,0.074829142855022
09/08/2019 12:00,0.7344713409452955,0.0511066787262363,0.3935530277594024,0.074829142855022
09/08/2019 13:00,0.7344713409452955,0.0511066787262363,0.3935530277594024,0.074829142855022
09/08/2019 14:00,0.7344713409452955,0.0511066787262363,0.3935530277594024,0.074829142855022
09/08/2019 15:00,0.7344713409452955,0.0511066787262363,0.3935530277594024,0.074829142855022
09/08/2019 16:00,0.7344713409452955,0.0511066787262363,0.3935530277594024,0.074829142855022
09/08/2019 17:00,0.7344713409452955,0.0511066787262363,0.3935530277594024,0.074829142855022
09/08/2019 18:00,0.7344713409452955,0.0511066787262363,0.3935530277594024,0.074829142855022
09/08/2019 19:00,0.7344713409452955,0.0511066787262363,0.3935530277594024,0.074829142855022
09/08/2019 20:00,0.7344713409452955,0.0511066787262363,0.3935530277594024,0.074829142855022
09/08/2019 21:00,0.7344713409452955,0.0511066787262363,0.3935530277594024,0.074829142855022
09/08/2019 22:00,0.7344713409452955,0.0511066787262363,0.3935530277594024,0.074829142855022
09/08/2019 23:00,0.7344713409452955,0.0511066787262363,0.3935530277594024,0.074829142855022
10/08/2019 00:00,0.7344713409452955,0.0511066787262363,0.3935530277594024,0.074829142855022
10/08/2019 01:00,0.7344713409452955,0.0511066787262363,0.3935530277594024,0.074829142855022
10/08/2019 02:00,0.7344713409452955,0.0511066787262363,0.3935530277594024,0.074829142855022
10/08/2019 03:00,0.7344713409452955,0.0511066787262363,0.3935530277594024,0.074829142855022
10/08/2019 04:00,0.7344713409452955,0.0511066787262363,0.3935530277594024,0.074829142855022
10/08/2019 05:00,0.7344713409452955,0.0511066787262363,0.3935530277594024,0.074829142855022
10/08/2019 06:00,0.7344713409452955,0.0511066787262363,0.3935530277594024,0.074829142855022
10/08/2019 07:00,0.7344713409452955,0.0511066787262363,0.3935530277594024,0.074829142855022
10/08/2019 08:00,0.7344713409452955,0.0511066787262363,0.3935530277594024,0.074829142855022
10/08/2019 09:00,0.7344713409452955,0.0511066787262363,0.3935530277594024,0.074829142855022
10/08/2019 10:00,0.7344713409452955,0.0511066787262363,0.3935530277594024,0.074829142855022
10/08/2019 11:00,0.7344713409452955,0.0511066787262363,0.3935530277594024,0.074829142855022
10/08/2019 12:00,0.7344713409452955,0.0511066787262363,0.3935530277594024,0.074829142855022
10/08/2019 13:00,0.7344713409452955,0.0511066787262363,0.3935530277594024,0.074829142855022
10/08/2019 14:00,0.7344713409452955,0.0511066787262363,0.3935530277594024,0.074829142855022
10/08/2019 15:00,0.7344713409452955,0.0511066787262363,0.3935530277594024,0.074829142855022
10/08/2019 16:00,0.7344713409452955,0.0511066787262363,0.3935530277594024,0.074829142855022
10/08/2019 17:00,0.7344713409452955,0.0511066787262363,0.3935530277594024,0.074829142855022
10/08/2019 18:00,0.7344713409452955,0.0511066787262363,0.3935530277594024,0.074829142855022
10/08/2019 19:00,0.7344713409452955,0.0511066787262363,0.3935530277594024,0.074829142855022
10/08/2019 20:00,0.7344713409452955,0.0511066787262363,0.3935530277594024,0.074829142855022
10/08/2019 21:00,0.7344713409452955,0.0511066787262363,0.3935530277594024,0.074829142855022
10/08/2019 22:00,0.7344713409452955,0.0511066787262363,0.3935530277594024,0.074829142855022
10/08/2019 23:00,0.7344713409452955,0.0511066787262363,0.3935530277594024,0.074829142855022
11/08/2019 00:00,0.7344713409452955,0.0511066787262363,0.3935530277594024,0.074829142855022
11/08/2019 01:00,0.7344713409452955,0.0511066787262363,0.3935530277594024,0.074829142855022
11/08/2019 02:00,0.7344713409452955,0.0511066787262363,0.3935530277594024,0.074829142855022
11/08/2019 03:00,0.7344713409452955,0.0511066787262363,0.3935530277594024,0.074829142855022
11/08/2019 04:00,0.7344713409452955,0.0511066787262363,0.3935530277594024,0.074829142855022
11/08/2019 05:00,0.7344713409452955,0.0511066787262363,0.3935530277594024,0.074829142855022
11/08/2019 06:00,0.7344713409452955,0.0511066787262363,0.3935530277594024,0.074829142855022
11/08/2019 07:00,0.7344713409452955,0.0511066787262363,0.3935530277594024,0.074829142855022
11/08/2019 08:00,0.7344713409452955,0.0511066787262363,0.3935530277594024,0.074829142855022
11/08/2019 09:00,0.7344713409452955,0.0511066787262363,0.3935530277594024,0.074829142855022
11/08/2019 10:00,0.7344713409452955,0.0511066787262363,0.3935530277594024,0.074829142855022
11/08/2019 11:00,0.7344713409452955,0.0511066787262363,0.3935530277594024,0.074829142855022
11/08/2019 12:00,0.7344713409452955,0.0511066787262363,0.3935530277594024,0.074829142855022
11/08/2019 13:00,0.7344713409452955,0.0511066787262363,0.3935530277594024,0.074829142855022
11/08/2019 14:00,0.7344713409452955,0.0511066787262363,0.3935530277594024,0.074829142855022
11/08/2019 15:00,0.7344713409452955,0.0511066787262363,0.3935530277594024,0.074829142855022
11/08/2019 16:00,0.7344713409452955,0.0511066787262363,0.3935530277594024,0.074829142855022
11/08/2019 17:00,0.7344713409452955,0.0511066787262363,0.3935530277594024,0.074829142855022
11/08/2019 18:00,0.7344713409452955,0.0511066787262363,0.3935530277594024,0.074829142855022
11/08/2019 19:00,0.7344713409452955,0.0511066787262363,0.3935530277594024,0.074829142855022
11/08/2019 20:00,0.7344713409452955,0.0511066787262363,0.3935530277594024,0.074829142855022
11/08/2019 21:00,0.7344713409452955,0.0511066787262363,0.3935530277594024,0.074829142855022
11/08/2019 22:00,0.7344713409452955,0.0511066787262363,0.3935530277594024,0.074829142855022
11/08/2019 23:00,0.7344713409452955,0.0511066787262363,0.3935530277594024,0.074829142855022
12/08/2019 00:00,0.7344713409452955,0.0511066787262363,0.3935530277594024,0.074829142855022
12/08/2019 01:00,0.7344713409452955,0.0511066787262363,0.3935530277594024,0.074829142855022
12/08/2019 02:00,0.7344713409452955,0.0511066787262363,0.3935530277594024,0.074829142855022
12/08/2019 03:00,0.7344713409452955,0.0511066787262363,0.3935530277594024,0.074829142855022
12/08/2019 04:00,0.7344713409452955,0.0511066787262363,0.3935530277594024,0.074829142855022
12/08/2019 05:00,0.7344713409452955,0.0511066787262363,0.3935530277594024,0.074829142855022
12/08/2019 06:00,0.7344713409452955,0.0511066787262363,0.3935530277594024,0.074829142855022
12/08/2019 07:00,0.7344713409452955,0.0511066787262363,0.3935530277594024,0.074829142855022
12/08/2019 08:00,0.7344713409452955,0.0511066787262363,0.3935530277594024,0.074829142855022
12/08/2019 09:00,0.7344713409452955,0.0511066787262363,0.3935530277594024,0.074829142855022
12/08/2019 10:00,0.7344713409452955,0.0511066787262363,0.3935530277594024,0.074829142855022
12/08/2019 11:00,0.7344713409452955,0.0511066787262363,0.3935530277594024,0.074829142855022
12/08/2019 12:00,0.7344713409452955,0.0511066787262363,0.3935530277594024,0.074829142855022
12/08/2019 13:00,0.7344713409452955,0.0511066787262363,0.3935530277594024,0.074829142855022
12/08/2019 14:00,0.7344713409452955,0.0511066787262363,0.3935530277594024,0.074829142855022
12/08/2019 15:00,0.7344713409452955,0.0511066787262363,0.3935530277594024,0.074829142855022
12/08/2019 16:00,0.7344713409452955,0.0511066787262363,0.3935530277594024,0.074829142855022
12/08/2019 17:00,0.7344713409452955,0.0511066787262363,0.3935530277594024,0.074829142855022
12/08/2019 18:00,0.7344713409452955,0.0511066787262363,0.3935530277594024,0.074829142855022
12/08/2019 19:00,0.7344713409452955,0.0511066787262363,0.3935530277594024,0.074829142855022
12/08/2019 20:00,0.7344713409452955,0.0511066787262363,0.3935530277594024,0.074829142855022
12/08/2019 21:00,0.7344713409452955,0.0511066787262363,0.3935530277594024,0.074829142855022
12/08/2019 22:00,0.7344713409452955,0.0511066787262363,0.3935530277594024,0.074829142855022
12/08/2019 23:00,0.7344713409452955,0.0511066787262363,0.3935530277594024,0.074829142855022
13/08/2019 00:00,0.7344713409452955,0.0511066787262363,0.3935530277594024,0.074829142855022
13/08/2019 01:00,0.7344713409452955,0.0511066787262363,0.3935530277594024,0.074829142855022
13/08/2019 02:00,0.7344713409452955,0.0511066787262363,0.3935530277594024,0.074829142855022
13/08/2019 03:00,0.7344713409452955,0.0511066787262363,0.3935530277594024,0.074829142855022
13/08/2019 04:00,0.7344713409452955,0.0511066787262363,0.3935530277594024,0.074829142855022
13/08/2019 05:00,0.7344713409452955,0.0511066787262363,0.3935530277594024,0.074829142855022
13/08/2019 06:00,0.7344713409452955,0.0511066787262363,0.3935530277594024,0.074829142855022
13/08/2019 07:00,0.7344713409452955,0.0511066787262363,0.3935530277594024,0.074829142855022
13/08/2019 08:00,0.7344713409452955,0.0511066787262363,0.3935530277594024,0.074829142855022
13/08/2019 09:00,0.7344713409452955,0.0511066787262363,0.3935530277594024,0.074829142855022
13/08/2019 10:00,0.7344713409452955,0.0511066787262363,0.3935530277594024,0.074829142855022
13/08/2019 11:00,0.7344713409452955,0.0511066787262363,0.3935530277594024,0.074829142855022
13/08/2019 12:00,0.7344713409452955,0.0511066787262363,0.3935530277594024,0.074829142855022
13/08/2019 13:00,0.7344713409452955,0.0511066787262363,0.3935530277594024,0.074829142855022
13/08/2019 14:00,0.7344713409452955,0.0511066787262363,0.3935530277594024,0.074829142855022
13/08/2019 15:00,0.7344713409452955,0.0511066787262363,0.3935530277594024,0.074829142855022
13/08/2019 16:00,0.7344713409452955,0.0511066787262363,0.3935530277594024,0.074829142855022
13/08/2019 17:00,0.7344713409452955,0.0511066787262363,0.3935530277594024,0.074829142855022
13/08/2019 18:00,0.7344713409452955,0.0511066787262363,0.3935530277594024,0.074829142855022
13/08/2019 19:00,0.7344713409452955,0.0511066787262363,0.3935530277594024,0.074829142855022
13/08/2019 20:00,0.7344713409452955,0.0511066787262363,0.3935530277594024,0.074829142855022
13/08/2019 21:00,0.7344713409452955,0.0511066787262363,0.3935530277594024,0.074829142855022
13/08/2019 22:00,0.7344713409452955,0.0511066787262363,0.3935530277594024,0.074829142855022
13/08/2019 23:00,0.7344713409452955,0.0511066787262363,0.3935530277594024,0.074829142855022
14/08/2019 00:00,0.7344713409452955,0.0511066787262363,0.3935530277594024,0.074829142855022
14/08/2019 01:00,0.7344713409452955,0.0511066787262363,0.3935530277594024,0.074829142855022
14/08/2019 02:00,0.7344713409452955,0.0511066787262363,0.3935530277594024,0.074829142855022
14/08/2019 03:00,0.7344713409452955,0.0511066787262363,0.3935530277594024,0.074829142855022
14/08/2019 04:00,0.7344713409452955,0.0511066787262363,0.3935530277594024,0.074829142855022
14/08/2019 05:00,0.7344713409452955,0.0511066787262363,0.3935530277594024,0.074829142855022
14/08/2019 06:00,0.7344713409452955,0.0511066787262363,0.3935530277594024,0.074829142855022
14/08/2019 07:00,0.7344713409452955,0.0511066787262363,0.3935530277594024,0.074829142855022
14/08/2019 08:00,0.7344713409452955,0.0511066787262363,0.3935530277594024,0.074829142855022
14/08/2019 09:00,0.7344713409452955,0.0511066787262363,0.3935530277594024,0.074829142855022
14/08/2019 10:00,0.7344713409452955,0.0511066787262363,0.3935530277594024,0.074829142855022
14/08/2019 11:00,0.7344713409452955,0.0511066787262363,0.3935530277594024,0.074829142855022
14/08/2019 12:00,0.7344713409452955,0.0511066787262363,0.3935530277594024,0.074829142855022
14/08/2019 13:00,0.7344713409452955,0.0511066787262363,0.3935530277594024,0.074829142855022
14/08/2019 14:00,0.7344713409452955,0.0511066787262363,0.3935530277594024,0.074829142855022
14/08/2019 15:00,0.7344713409452955,0.0511066787262363,0.3935530277594024,0.074829142855022
14/08/2019 16:00,0.7344713409452955,0.0511066787262363,0.3935530277594024,0.074829142855022
14/08/2019 17:00,0.7344713409452955,0.0511066787262363,0.3935530277594024,0.074829142855022
14/08/2019 18:00,0.7344713409452955,0.0511066787262363,0.3935530277594024,0.074829142855022
14/08/2019 19:00,0.7344713409452955,0.0511066787262363,0.3935530277594024,0.074829142855022
14/08/2019 20:00,0.7344713409452955,0.0511066787262363,0.3935530277594024,0.074829142855022
14/08/2019 21:00,0.7344713409452955,0.0511066787262363,0.3935530277594024,0.074829142855022
14/08/2019 22:00,0.7344713409452955,0.0511066787262363,0.3935530277594024,0.074829142855022
14/08/2019 23:00,0.7344713409452955,0.0511066787262363,0.3935530277594024,0.074829142855022
15/08/2019 00:00,0.7344713409452955,0.0511066787262363,0.3935530277594024,0.074829142855022
15/08/2019 01:00,0.7344713409452955,0.0511066787262363,0.3935530277594024,0.074829142855022
15/08/2019 02:00,0.7344713409452955,0.0511066787262363,0.3935530277594024,0.074829142855022
15/08/2019 03:00,0.7344713409452955,0.0511066787262363,0.3935530277594024,0.074829142855022
15/08/2019 04:00,0.7344713409452955,0.0511066787262363,0.3935530277594024,0.074829142855022
15/08/2019 05:00,0.7344713409452955,0.0511066787262363,0.3935530277594024,0.074829142855022
15/08/2019 06:00,0.7344713409452955,0.0511066787262363,0.3935530277594024,0.074829142855022
15/08/2019 07:00,0.7344713409452955,0.0511066787262363,0.3935530277594024,0.074829142855022
15/08/2019 08:00,0.7344713409452955,0.0511066787262363,0.3935530277594024,0.074829142855022
15/08/2019 09:00,0.7344713409452955,0.0511066787262363,0.3935530277594024,0.074829142855022
15/08/2019 10:00,0.7344713409452955,0.0511066787262363,0.3935530277594024,0.074829142855022
15/08/2019 11:00,0.7344713409452955,0.0511066787262363,0.3935530277594024,0.074829142855022
15/08/2019 12:00,0.7344713409452955,0.0511066787262363,0.3935530277594024,0.074829142855022
15/08/2019 13:00,0.7344713409452955,0.0511066787262363,0.3935530277594024,0.074829142855022
15/08/2019 14:00,0.7344713409452955,0.0511066787262363,0.3935530277594024,0.074829142855022
15/08/2019 15:00,0.7344713409452955,0.0511066787262363,0.3935530277594024,0.074829142855022
15/08/2019 16:00,0.7344713409452955,0.0511066787262363,0.3935530277594024,0.074829142855022
15/08/2019 17:00,0.7344713409452955,0.0511066787262363,0.3935530277594024,0.074829142855022
15/08/2019 18:00,0.7344713409452955,0.0511066787262363,0.3935530277594024,0.074829142855022
15/08/2019 19:00,0.7344713409452955,0.0511066787262363,0.3935530277594024,0.074829142855022
15/08/2019 20:00,0.7344713409452955,0.0511066787262363,0.3935530277594024,0.074829142855022
15/08/2019 21:00,0.7344713409452955,0.0511066787262363,0.3935530277594024,0.074829142855022
15/08/2019 22:00,0.7344713409452955,0.0511066787262363,0.3935530277594024,0.074829142855022
15/08/2019 23:00,0.7344713409452955,0.0511066787262363,0.3935530277594024,0.074829142855022
16/08/2019 00:00,0.7344713409452955,0.0511066787262363,0.3935530277594024,0.074829142855022
16/08/2019 01:00,0.7344713409452955,0.0511066787262363,0.3935530277594024,0.074829142855022
16/08/2019 02:00,0.7344713409452955,0.0511066787262363,0.3935530277594024,0.074829142855022
16/08/2019 03:00,0.7344713409452955,0.0511066787262363,0.3935530277594024,0.074829142855022
16/08/2019 04:00,0.7344713409452955,0.0511066787262363,0.3935530277594024,0.074829142855022
16/08/2019 05:00,0.7344713409452955,0.0511066787262363,0.3935530277594024,0.074829142855022
16/08/2019 06:00,0.7344713409452955,0.0511066787262363,0.3935530277594024,0.074829142855022
16/08/2019 07:00,0.7344713409452955,0.0511066787262363,0.3935530277594024,0.074829142855022
16/08/2019 08:00,0.7344713409452955,0.0511066787262363,0.3935530277594024,0.074829142855022
16/08/2019 09:00,0.7344713409452955,0.0511066787262363,0.3935530277594024,0.074829142855022
16/08/2019 10:00,0.7344713409452955,0.0511066787262363,0.3935530277594024,0.074829142855022
16/08/2019 11:00,0.7344713409452955,0.0511066787262363,0.3935530277594024,0.074829142855022
16/08/2019 12:00,0.7344713409452955,0.0511066787262363,0.3935530277594024,0.074829142855022
16/08/2019 13:00,0.7344713409452955,0.0511066787262363,0.3935530277594024,0.074829142855022
16/08/2019 14:00,0.7344713409452955,0.0511066787262363,0.3935530277594024,0.074829142855022
16/08/2019 15:00,0.7344713409452955,0.0511066787262363,0.3935530277594024,0.074829142855022
16/08/2019 16:00,0.7344713409452955,0.0511066787262363,0.3935530277594024,0.074829142855022
16/08/2019 17:00,0.7344713409452955,0.0511066787262363,0.3935530277594024,0.074829142855022
16/08/2019 18:00,0.7344713409452955,0.0511066787262363,0.3935530277594024,0.074829142855022
16/08/2019 19:00,0.7344713409452955,0.0511066787262363,0.3935530277594024,0.074829142855022
16/08/2019 20:00,0.7344713409452955,0.0511066787262363,0.3935530277594024,0.074829142855022
16/08/2019 21:00,0.7344713409452955,0.0511066787262363,0.3935530277594024,0.074829142855022
16/08/2019 22:00,0.7344713409452955,0.0511066787262363,0.3935530277594024,0.074829142855022
16/08/2019 23:00,0.7344713409452955,0.0511066787262363,0.3935530277594024,0.074829142855022
17/08/2019 00:00,0.7344713409452955,0.0511066787262363,0.3935530277594024,0.074829142855022
17/08/2019 01:00,0.7344713409452955,0.0511066787262363,0.3935530277594024,0.074829142855022
17/08/2019 02:00,0.7344713409452955,0.0511066787262363,0.3935530277594024,0.074829142855022
17/08/2019 03:00,0.7344713409452955,0.0511066787262363,0.3935530277594024,0.074829142855022
17/08/2019 04:00,0.7344713409452955,0.0511066787262363,0.3935530277594024,0.074829142855022
17/08/2019 05:00,0.7344713409452955,0.0511066787262363,0.3935530277594024,0.074829142855022
17/08/2019 06:00,0.7344713409452955,0.0511066787262363,0.3935530277594024,0.074829142855022
17/08/2019 07:00,0.7344713409452955,0.0511066787262363,0.3935530277594024,0.074829142855022
17/08/2019 08:00,0.7344713409452955,0.0511066787262363,0.3935530277594024,0.074829142855022
17/08/2019 09:00,0.7344713409452955,0.0511066787262363,0.3935530277594024,0.074829142855022
17/08/2019 10:00,0.7344713409452955,0.0511066787262363,0.3935530277594024,0.074829142855022
17/08/2019 11:00,0.7344713409452955,0.0511066787262363,0.3935530277594024,0.074829142855022
17/08/2019 12:00,0.7344713409452955,0.0511066787262363,0.3935530277594024,0.074829142855022
17/08/2019 13:00,0.7344713409452955,0.0511066787262363,0.3935530277594024,0.074829142855022
17/08/2019 14:00,0.7344713409452955,0.0511066787262363,0.3935530277594024,0.074829142855022
17/08/2019 15:00,0.7344713409452955,0.0511066787262363,0.3935530277594024,0.074829142855022
17/08/2019 16:00,0.7344713409452955,0.0511066787262363,0.3935530277594024,0.074829142855022
17/08/2019 17:00,0.7344713409452955,0.0511066787262363,0.3935530277594024,0.074829142855022
17/08/2019 18:00,0.7344713409452955,0.0511066787262363,0.3935530277594024,0.074829142855022
17/08/2019 19:00,0.7344713409452955,0.0511066787262363,0.3935530277594024,0.074829142855022
17/08/2019 20:00,0.7344713409452955,0.0511066787262363,0.3935530277594024,0.074829142855022
17/08/2019 21:00,0.7344713409452955,0.0511066787262363,0.3935530277594024,0.074829142855022
17/08/2019 22:00,0.7344713409452955,0.0511066787262363,0.3935530277594024,0.074829142855022
17/08/2019 23:00,0.7344713409452955,0.0511066787262363,0.3935530277594024,0.074829142855022
18/08/2019 00:00,0.7344713409452955,0.0511066787262363,0.3935530277594024,0.074829142855022
18/08/2019 01:00,0.7344713409452955,0.0511066787262363,0.3935530277594024,0.074829142855022
18/08/2019 02:00,0.7344713409452955,0.0511066787262363,0.3935530277594024,0.074829142855022
18/08/2019 03:00,0.7344713409452955,0.0511066787262363,0.3935530277594024,0.074829142855022
18/08/2019 04:00,0.7344713409452955,0.0511066787262363,0.3935530277594024,0.074829142855022
18/08/2019 05:00,0.7344713409452955,0.0511066787262363,0.3935530277594024,0.074829142855022
18/08/2019 06:00,0.7344713409452955,0.0511066787262363,0.3935530277594024,0.074829142855022
18/08/2019 07:00,0.7344713409452955,0.0511066787262363,0.3935530277594024,0.074829142855022
18/08/2019 08:00,0.7344713409452955,0.0511066787262363,0.3935530277594024,0.074829142855022
18/08/2019 09:00,0.7344713409452955,0.0511066787262363,0.3935530277594024,0.074829142855022
18/08/2019 10:00,0.7344713409452955,0.0511066787262363,0.3935530277594024,0.074829142855022
18/08/2019 11:00,0.7344713409452955,0.0511066787262363,0.3935530277594024,0.074829142855022
18/08/2019 12:00,0.7344713409452955,0.0511066787262363,0.3935530277594024,0.074829142855022
18/08/2019 13:00,0.7344713409452955,0.0511066787262363,0.3935530277594024,0.074829142855022
18/08/2019 14:00,0.7344713409452955,0.0511066787262363,0.3935530277594024,0.074829142855022
18/08/2019 15:00,0.7344713409452955,0.0511066787262363,0.3935530277594024,0.074829142855022
18/08/2019 16:00,0.7344713409452955,0.0511066787262363,0.3935530277594024,0.074829142855022
18/08/2019 17:00,0.7344713409452955,0.0511066787262363,0.3935530277594024,0.074829142855022
18/08/2019 18:00,0.7344713409452955,0.0511066787262363,0.3935530277594024,0.074829142855022
18/08/2019 19:00,0.7344713409452955,0.0511066787262363,0.3935530277594024,0.074829142855022
18/08/2019 20:00,0.7344713409452955,0.0511066787262363,0.3935530277594024,0.074829142855022
18/08/2019 21:00,0.7344713409452955,0.0511066787262363,0.3935530277594024,0.074829142855022
18/08/2019 22:00,0.7344713409452955,0.0511066787262363,0.3935530277594024,0.074829142855022
18/08/2019 23:00,0.7344713409452955,0.0511066787262363,0.3935530277594024,0.074829142855022
19/08/2019 00:00,0.7344713409452955,0.0511066787262363,0.3935530277594024,0.074829142855022
19/08/2019 01:00,0.7344713409452955,0.0511066787262363,0.3935530277594024,0.074829142855022
19/08/2019 02:00,0.7344713409452955,0.0511066787262363,0.3935530277594024,0.074829142855022
19/08/2019 03:00,0.7344713409452955,0.0511066787262363,0.3935530277594024,0.074829142855022
19/08/2019 04:00,0.7344713409452955,0.0511066787262363,0.3935530277594024,0.074829142855022
19/08/2019 05:00,0.7344713409452955,0.0511066787262363,0.3935530277594024,0.074829142855022
19/08/2019 06:00,0.7344713409452955,0.0511066787262363,0.3935530277594024,0.074829142855022
19/08/2019 07:00,0.7344713409452955,0.0511066787262363,0.3935530277594024,0.074829142855022
19/08/2019 08:00,0.7344713409452955,0.0511066787262363,0.3935530277594024,0.074829142855022
19/08/2019 09:00,0.7344713409452955,0.0511066787262363,0.3935530277594024,0.074829142855022
19/08/2019 10:00,0.7344713409452955,0.0511066787262363,0.3935530277594024,0.074829142855022
19/08/2019 11:00,0.7344713409452955,0.0511066787262363,0.3935530277594024,0.074829142855022
19/08/2019 12:00,0.7344713409452955,0.0511066787262363,0.3935530277594024,0.074829142855022
19/08/2019 13:00,0.7344713409452955,0.0511066787262363,0.3935530277594024,0.074829142855022
19/08/2019 14:00,0.7344713409452955,0.0511066787262363,0.3935530277594024,0.074829142855022
19/08/2019 15:00,0.7344713409452955,0.0511066787262363,0.3935530277594024,0.074829142855022
19/08/2019 16:00,0.7344713409452955,0.0511066787262363,0.3935530277594024,0.074829142855022
19/08/2019 17:00,0.7344713409452955,0.0511066787262363,0.3935530277594024,0.074829142855022
19/08/2019 18:00,0.7344713409452955,0.0511066787262363,0.3935530277594024,0.074829142855022
19/08/2019 19:00,0.7344713409452955,0.0511066787262363,0.3935530277594024,0.074829142855022
19/08/2019 20:00,0.7344713409452955,0.0511066787262363,0.3935530277594024,0.074829142855022
19/08/2019 21:00,0.7344713409452955,0.0511066787262363,0.3935530277594024,0.074829142855022
19/08/2019 22:00,0.7344713409452955,0.0511066787262363,0.3935530277594024,0.074829142855022
19/08/2019 23:00,0.7344713409452955,0.0511066787262363,0.3935530277594024,0.074829142855022
20/08/2019 00:00,0.7344713409452955,0.0511066787262363,0.3935530277594024,0.074829142855022
20/08/2019 01:00,0.7344713409452955,0.0511066787262363,0.3935530277594024,0.074829142855022
20/08/2019 02:00,0.7344713409452955,0.0511066787262363,0.3935530277594024,0.074829142855022
20/08/2019 03:00,0.7344713409452955,0.0511066787262363,0.3935530277594024,0.074829142855022
20/08/2019 04:00,0.7344713409452955,0.0511066787262363,0.3935530277594024,0.074829142855022
20/08/2019 05:00,0.7344713409452955,0.0511066787262363,0.3935530277594024,0.074829142855022
20/08/2019 06:00,0.7344713409452955,0.0511066787262363,0.3935530277594024,0.074829142855022
20/08/2019 07:00,0.7344713409452955,0.0511066787262363,0.3935530277594024,0.074829142855022
20/08/2019 08:00,0.7344713409452955,0.0511066787262363,0.3935530277594024,0.074829142855022
20/08/2019 09:00,0.7344713409452955,0.0511066787262363,0.3935530277594024,0.074829142855022
20/08/2019 10:00,0.7344713409452955,0.0511066787262363,0.3935530277594024,0.074829142855022
20/08/2019 11:00,0.7344713409452955,0.0511066787262363,0.3935530277594024,0.074829142855022
20/08/2019 12:00,0.7344713409452955,0.0511066787262363,0.3935530277594024,0.074829142855022
20/08/2019 13:00,0.7344713409452955,0.0511066787262363,0.3935530277594024,0.074829142855022
20/08/2019 14:00,0.7344713409452955,0.0511066787262363,0.3935530277594024,0.074829142855022
20/08/2019 15:00,0.7344713409452955,0.0511066787262363,0.3935530277594024,0.074829142855022
20/08/2019 16:00,0.7344713409452955,0.0511066787262363,0.3935530277594024,0.074829142855022
20/08/2019 17:00,0.7344713409452955,0.0511066787262363,0.3935530277594024,0.074829142855022
20/08/2019 18:00,0.7344713409452955,0.0511066787262363,0.3935530277594024,0.074829142855022
20/08/2019 19:00,0.7344713409452955,0.0511066787262363,0.3935530277594024,0.074829142855022
20/08/2019 20:00,0.7344713409452955,0.0511066787262363,0.3935530277594024,0.074829142855022
20/08/2019 21:00,0.7344713409452955,0.0511066787262363,0.3935530277594024,0.074829142855022
20/08/2019 22:00,0.7344713409452955,0.0511066787262363,0.3935530277594024,0.074829142855022
20/08/2019 23:00,0.7344713409452955,0.0511066787262363,0.3935530277594024,0.074829142855022
21/08/2019 00:00,0.7344713409452955,0.0511066787262363,0.3935530277594024,0.074829142855022
21/08/2019 01:00,0.7344713409452955,0.0511066787262363,0.3935530277594024,0.074829142855022
21/08/2019 02:00,0.7344713409452955,0.0511066787262363,0.3935530277594024,0.074829142855022
21/08/2019 03:00,0.7344713409452955,0.0511066787262363,0.3935530277594024,0.074829142855022
21/08/2019 04:00,0.7344713409452955,0.0511066787262363,0.3935530277594024,0.074829142855022
21/08/2019 05:00,0.7344713409452955,0.0511066787262363,0.3935530277594024,0.074829142855022
21/08/2019 06:00,0.7344713409452955,0.0511066787262363,0.3935530277594024,0.074829142855022
21/08/2019 07:00,0.7344713409452955,0.0511066787262363,0.3935530277594024,0.074829142855022
21/08/2019 08:00,0.7344713409452955,0.0511066787262363,0.3935530277594024,0.074829142855022
21/08/2019 09:00,0.7344713409452955,0.0511066787262363,0.3935530277594024,0.074829142855022
21/08/2019 10:00,0.7344713409452955,0.0511066787262363,0.3935530277594024,0.074829142855022
21/08/2019 11:00,0.7344713409452955,0.0511066787262363,0.3935530277594024,0.074829142855022
21/08/2019 12:00,0.7344713409452955,0.0511066787262363,0.3935530277594024,0.074829142855022
21/08/2019 13:00,0.7344713409452955,0.0511066787262363,0.3935530277594024,0.074829142855022
21/08/2019 14:00,0.7344713409452955,0.0511066787262363,0.3935530277594024,0.074829142855022
21/08/2019 15:00,0.7344713409452955,0.0511066787262363,0.3935530277594024,0.074829142855022
21/08/2019 16:00,0.7344713409452955,0.0511066787262363,0.3935530277594024,0.074829142855022
21/08/2019 17:00,0.7344713409452955,0.0511066787262363,0.3935530277594024,0.074829142855022
21/08/2019 18:00,0.7344713409452955,0.0511066787262363,0.3935530277594024,0.074829142855022
21/08/2019 19:00,0.7344713409452955,0.0511066787262363,0.3935530277594024,0.074829142855022
21/08/2019 20:00,0.7344713409452955,0.0511066787262363,0.3935530277594024,0.074829142855022
21/08/2019 21:00,0.7344713409452955,0.0511066787262363,0.3935530277594024,0.074829142855022
21/08/2019 22:00,0.7344713409452955,0.0511066787262363,0.3935530277594024,0.074829142855022
21/08/2019 23:00,0.7344713409452955,0.0511066787262363,0.3935530277594024,0.074829142855022
22/08/2019 00:00,0.7344713409452955,0.0511066787262363,0.3935530277594024,0.074829142855022
22/08/2019 01:00,0.7344713409452955,0.0511066787262363,0.3935530277594024,0.074829142855022
22/08/2019 02:00,0.7344713409452955,0.0511066787262363,0.3935530277594024,0.074829142855022
22/08/2019 03:00,0.7344713409452955,0.0511066787262363,0.3935530277594024,0.074829142855022
22/08/2019 04:00,0.7344713409452955,0.0511066787262363,0.3935530277594024,0.074829142855022
22/08/2019 05:00,0.7344713409452955,0.0511066787262363,0.3935530277594024,0.074829142855022
22/08/2019 06:00,0.7344713409452955,0.0511066787262363,0.3935530277594024,0.074829142855022
22/08/2019 07:00,0.7344713409452955,0.0511066787262363,0.3935530277594024,0.074829142855022
22/08/2019 08:00,0.7344713409452955,0.0511066787262363,0.3935530277594024,0.074829142855022
22/08/2019 09:00,0.7344713409452955,0.0511066787262363,0.3935530277594024,0.074829142855022
22/08/2019 10:00,0.7344713409452955,0.0511066787262363,0.3935530277594024,0.074829142855022
22/08/2019 11:00,0.7344713409452955,0.0511066787262363,0.3935530277594024,0.074829142855022
22/08/2019 12:00,0.7344713409452955,0.0511066787262363,0.3935530277594024,0.074829142855022
22/08/2019 13:00,0.7344713409452955,0.0511066787262363,0.3935530277594024,0.074829142855022
22/08/2019 14:00,0.7344713409452955,0.0511066787262363,0.3935530277594024,0.074829142855022
22/08/2019 15:00,0.7344713409452955,0.0511066787262363,0.3935530277594024,0.074829142855022
22/08/2019 16:00,0.7344713409452955,0.0511066787262363,0.3935530277594024,0.074829142855022
22/08/2019 17:00,0.7344713409452955,0.0511066787262363,0.3935530277594024,0.074829142855022
22/08/2019 18:00,0.7344713409452955,0.0511066787262363,0.3935530277594024,0.074829142855022
22/08/2019 19:00,0.7344713409452955,0.0511066787262363,0.3935530277594024,0.074829142855022
22/08/2019 20:00,0.7344713409452955,0.0511066787262363,0.3935530277594024,0.074829142855022
22/08/2019 21:00,0.7344713409452955,0.0511066787262363,0.3935530277594024,0.074829142855022
22/08/2019 22:00,0.7344713409452955,0.0511066787262363,0.3935530277594024,0.074829142855022
22/08/2019 23:00,0.7344713409452955,0.0511066787262363,0.3935530277594024,0.074829142855022
23/08/2019 00:00,0.7344713409452955,0.0511066787262363,0.3935530277594024,0.074829142855022
23/08/2019 01:00,0.7344713409452955,0.0511066787262363,0.3935530277594024,0.074829142855022
23/08/2019 02:00,0.7344713409452955,0.0511066787262363,0.3935530277594024,0.074829142855022
23/08/2019 03:00,0.7344713409452955,0.0511066787262363,0.3935530277594024,0.074829142855022
23/08/2019 04:00,0.7344713409452955,0.0511066787262363,0.3935530277594024,0.074829142855022
23/08/2019 05:00,0.7344713409452955,0.0511066787262363,0.3935530277594024,0.074829142855022
23/08/2019 06:00,0.7344713409452955,0.0511066787262363,0.3935530277594024,0.074829142855022
23/08/2019 07:00,0.7344713409452955,0.0511066787262363,0.3935530277594024,0.074829142855022
23/08/2019 08:00,0.7344713409452955,0.0511066787262363,0.3935530277594024,0.074829142855022
23/08/2019 09:00,0.7344713409452955,0.0511066787262363,0.3935530277594024,0.074829142855022
23/08/2019 10:00,0.7344713409452955,0.0511066787262363,0.3935530277594024,0.074829142855022
23/08/2019 11:00,0.7344713409452955,0.0511066787262363,0.3935530277594024,0.074829142855022
23/08/2019 12:00,0.7344713409452955,0.0511066787262363,0.3935530277594024,0.074829142855022
23/08/2019 13:00,0.7344713409452955,0.0511066787262363,0.3935530277594024,0.074829142855022
23/08/2019 14:00,0.7344713409452955,0.0511066787262363,0.3935530277594024,0.074829142855022
23/08/2019 15:00,0.7344713409452955,0.0511066787262363,0.3935530277594024,0.074829142855022
23/08/2019 16:00,0.7344713409452955,0.0511066787262363,0.3935530277594024,0.074829142855022
23/08/2019 17:00,0.7344713409452955,0.0511066787262363,0.3935530277594024,0.074829142855022
23/08/2019 18:00,0.7344713409452955,0.0511066787262363,0.3935530277594024,0.074829142855022
23/08/2019 19:00,0.7344713409452955,0.0511066787262363,0.3935530277594024,0.074829142855022
23/08/2019 20:00,0.7344713409452955,0.0511066787262363,0.3935530277594024,0.074829142855022
23/08/2019 21:00,0.7344713409452955,0.0511066787262363,0.3935530277594024,0.074829142855022
23/08/2019 22:00,0.7344713409452955,0.0511066787262363,0.3935530277594024,0.074829142855022
23/08/2019 23:00,0.7344713409452955,0.0511066787262363,0.3935530277594024,0.074829142855022
24/08/2019 00:00,0.7344713409452955,0.0511066787262363,0.3935530277594024,0.074829142855022
24/08/2019 01:00,0.7344713409452955,0.0511066787262363,0.3935530277594024,0.074829142855022
24/08/2019 02:00,0.7344713409452955,0.0511066787262363,0.3935530277594024,0.074829142855022
24/08/2019 03:00,0.7344713409452955,0.0511066787262363,0.3935530277594024,0.074829142855022
24/08/2019 04:00,0.7344713409452955,0.0511066787262363,0.3935530277594024,0.074829142855022
24/08/2019 05:00,0.7344713409452955,0.0511066787262363,0.3935530277594024,0.074829142855022
24/08/2019 06:00,0.7344713409452955,0.0511066787262363,0.3935530277594024,0.074829142855022
24/08/2019 07:00,0.7344713409452955,0.0511066787262363,0.3935530277594024,0.074829142855022
24/08/2019 08:00,0.7344713409452955,0.0511066787262363,0.3935530277594024,0.074829142855022
24/08/2019 09:00,0.7344713409452955,0.0511066787262363,0.3935530277594024,0.074829142855022
24/08/2019 10:00,0.7344713409452955,0.0511066787262363,0.3935530277594024,0.074829142855022
24/08/2019 11:00,0.7344713409452955,0.0511066787262363,0.3935530277594024,0.074829142855022
24/08/2019 12:00,0.7344713409452955,0.0511066787262363,0.3935530277594024,0.074829142855022
24/08/2019 13:00,0.7344713409452955,0.0511066787262363,0.3935530277594024,0.074829142855022
24/08/2019 14:00,0.7344713409452955,0.0511066787262363,0.3935530277594024,0.074829142855022
24/08/2019 15:00,0.7344713409452955,0.0511066787262363,0.3935530277594024,0.074829142855022
24/08/2019 16:00,0.7344713409452955,0.0511066787262363,0.3935530277594024,0.074829142855022
24/08/2019 17:00,0.7344713409452955,0.0511066787262363,0.3935530277594024,0.074829142855022
24/08/2019 18:00,0.7344713409452955,0.0511066787262363,0.3935530277594024,0.074829142855022
24/08/2019 19:00,0.7344713409452955,0.0511066787262363,0.3935530277594024,0.074829142855022
24/08/2019 20:00,0.7344713409452955,0.0511066787262363,0.3935530277594024,0.074829142855022
24/08/2019 21:00,0.7344713409452955,0.0511066787262363,0.3935530277594024,0.074829142855022
24/08/2019 22:00,0.7344713409452955,0.0511066787262363,0.3935530277594024,0.074829142855022
24/08/2019 23:00,0.7344713409452955,0.0511066787262363,0.3935530277594024,0.074829142855022
25/08/2019 00:00,0.7344713409452955,0.0511066787262363,0.3935530277594024,0.074829142855022
25/08/2019 01:00,0.7344713409452955,0.0511066787262363,0.3935530277594024,0.074829142855022
25/08/2019 02:00,0.7344713409452955,0.0511066787262363,0.3935530277594024,0.074829142855022
25/08/2019 03:00,0.7344713409452955,0.0511066787262363,0.3935530277594024,0.074829142855022
25/08/2019 04:00,0.7344713409452955,0.0511066787262363,0.3935530277594024,0.074829142855022
25/08/2019 05:00,0.7344713409452955,0.0511066787262363,0.3935530277594024,0.074829142855022
25/08/2019 06:00,0.7344713409452955,0.0511066787262363,0.3935530277594024,0.074829142855022
25/08/2019 07:00,0.7344713409452955,0.0511066787262363,0.3935530277594024,0.074829142855022
25/08/2019 08:00,0.7344713409452955,0.0511066787262363,0.3935530277594024,0.074829142855022
25/08/2019 09:00,0.7344713409452955,0.0511066787262363,0.3935530277594024,0.074829142855022
25/08/2019 10:00,0.7344713409452955,0.0511066787262363,0.3935530277594024,0.074829142855022
25/08/2019 11:00,0.7344713409452955,0.0511066787262363,0.3935530277594024,0.074829142855022
25/08/2019 12:00,0.7344713409452955,0.0511066787262363,0.3935530277594024,0.074829142855022
25/08/2019 13:00,0.7344713409452955,0.0511066787262363,0.3935530277594024,0.074829142855022
25/08/2019 14:00,0.7344713409452955,0.0511066787262363,0.3935530277594024,0.074829142855022
25/08/2019 15:00,0.7344713409452955,0.0511066787262363,0.3935530277594024,0.074829142855022
25/08/2019 16:00,0.7344713409452955,0.0511066787262363,0.3935530277594024,0.074829142855022
25/08/2019 17:00,0.7344713409452955,0.0511066787262363,0.3935530277594024,0.074829142855022
25/08/2019 18:00,0.7344713409452955,0.0511066787262363,0.3935530277594024,0.074829142855022
25/08/2019 19:00,0.7344713409452955,0.0511066787262363,0.3935530277594024,0.074829142855022
25/08/2019 20:00,0.7344713409452955,0.0511066787262363,0.3935530277594024,0.074829142855022
25/08/2019 21:00,0.7344713409452955,0.0511066787262363,0.3935530277594024,0.074829142855022
25/08/2019 22:00,0.7344713409452955,0.0511066787262363,0.3935530277594024,0.074829142855022
25/08/2019 23:00,0.7344713409452955,0.0511066787262363,0.3935530277594024,0.074829142855022
26/08/2019 00:00,0.7344713409452955,0.0511066787262363,0.3935530277594024,0.074829142855022
26/08/2019 01:00,0.7344713409452955,0.0511066787262363,0.3935530277594024,0.074829142855022
26/08/2019 02:00,0.7344713409452955,0.0511066787262363,0.3935530277594024,0.074829142855022
26/08/2019 03:00,0.7344713409452955,0.0511066787262363,0.3935530277594024,0.074829142855022
26/08/2019 04:00,0.7344713409452955,0.0511066787262363,0.3935530277594024,0.074829142855022
26/08/2019 05:00,0.7344713409452955,0.0511066787262363,0.3935530277594024,0.074829142855022
26/08/2019 06:00,0.7344713409452955,0.0511066787262363,0.3935530277594024,0.074829142855022
26/08/2019 07:00,0.7344713409452955,0.0511066787262363,0.3935530277594024,0.074829142855022
26/08/2019 08:00,0.7344713409452955,0.0511066787262363,0.3935530277594024,0.074829142855022
26/08/2019 09:00,0.7344713409452955,0.0511066787262363,0.3935530277594024,0.074829142855022
26/08/2019 10:00,0.7344713409452955,0.0511066787262363,0.3935530277594024,0.074829142855022
26/08/2019 11:00,0.7344713409452955,0.0511066787262363,0.3935530277594024,0.074829142855022
26/08/2019 12:00,0.7344713409452955,0.0511066787262363,0.3935530277594024,0.074829142855022
26/08/2019 13:00,0.7344713409452955,0.0511066787262363,0.3935530277594024,0.074829142855022
26/08/2019 14:00,0.7344713409452955,0.0511066787262363,0.3935530277594024,0.074829142855022
26/08/2019 15:00,0.7344713409452955,0.0511066787262363,0.3935530277594024,0.074829142855022
26/08/2019 16:00,0.7344713409452955,0.0511066787262363,0.3935530277594024,0.074829142855022
26/08/2019 17:00,0.7344713409452955,0.0511066787262363,0.3935530277594024,0.074829142855022
26/08/2019 18:00,0.7344713409452955,0.0511066787262363,0.3935530277594024,0.074829142855022
26/08/2019 19:00,0.7344713409452955,0.0511066787262363,0.3935530277594024,0.074829142855022
26/08/2019 20:00,0.7344713409452955,0.0511066787262363,0.3935530277594024,0.074829142855022
26/08/2019 21:00,0.7344713409452955,0.0511066787262363,0.3935530277594024,0.074829142855022
26/08/2019 22:00,0.7344713409452955,0.0511066787262363,0.3935530277594024,0.074829142855022
26/08/2019 23:00,0.7344713409452955,0.0511066787262363,0.3935530277594024,0.074829142855022
27/08/2019 00:00,0.7344713409452955,0.0511066787262363,0.3935530277594024,0.074829142855022
27/08/2019 01:00,0.7344713409452955,0.0511066787262363,0.3935530277594024,0.074829142855022
27/08/2019 02:00,0.7344713409452955,0.0511066787262363,0.3935530277594024,0.074829142855022
27/08/2019 03:00,0.7344713409452955,0.0511066787262363,0.3935530277594024,0.074829142855022
27/08/2019 04:00,0.7344713409452955,0.0511066787262363,0.3935530277594024,0.074829142855022
27/08/2019 05:00,0.7344713409452955,0.0511066787262363,0.3935530277594024,0.074829142855022
27/08/2019 06:00,0.7344713409452955,0.0511066787262363,0.3935530277594024,0.074829142855022
27/08/2019 07:00,0.7344713409452955,0.0511066787262363,0.3935530277594024,0.074829142855022
27/08/2019 08:00,0.7344713409452955,0.0511066787262363,0.3935530277594024,0.074829142855022
27/08/2019 09:00,0.7344713409452955,0.0511066787262363,0.3935530277594024,0.074829142855022
27/08/2019 10:00,0.7344713409452955,0.0511066787262363,0.3935530277594024,0.074829142855022
27/08/2019 11:00,0.7344713409452955,0.0511066787262363,0.3935530277594024,0.074829142855022
27/08/2019 12:00,0.7344713409452955,0.0511066787262363,0.3935530277594024,0.074829142855022
27/08/2019 13:00,0.7344713409452955,0.0511066787262363,0.3935530277594024,0.074829142855022
27/08/2019 14:00,0.7344713409452955,0.0511066787262363,0.3935530277594024,0.074829142855022
27/08/2019 15:00,0.7344713409452955,0.0511066787262363,0.3935530277594024,0.074829142855022
27/08/2019 16:00,0.7344713409452955,0.0511066787262363,0.3935530277594024,0.074829142855022
27/08/2019 17:00,0.7344713409452955,0.0511066787262363,0.3935530277594024,0.074829142855022
27/08/2019 18:00,0.7344713409452955,0.0511066787262363,0.3935530277594024,0.074829142855022
27/08/2019 19:00,0.7344713409452955,0.0511066787262363,0.3935530277594024,0.074829142855022
27/08/2019 20:00,0.7344713409452955,0.0511066787262363,0.3935530277594024,0.074829142855022
27/08/2019 21:00,0.7344713409452955,0.0511066787262363,0.3935530277594024,0.074829142855022
27/08/2019 22:00,0.7344713409452955,0.0511066787262363,0.3935530277594024,0.074829142855022
27/08/2019 23:00,0.7344713409452955,0.0511066787262363,0.3935530277594024,0.074829142855022
28/08/2019 00:00,0.7344713409452955,0.0511066787262363,0.3935530277594024,0.074829142855022
28/08/2019 01:00,0.7344713409452955,0.0511066787262363,0.3935530277594024,0.074829142855022
28/08/2019 02:00,0.7344713409452955,0.0511066787262363,0.3935530277594024,0.074829142855022
28/08/2019 03:00,0.7344713409452955,0.0511066787262363,0.3935530277594024,0.074829142855022
28/08/2019 04:00,0.7344713409452955,0.0511066787262363,0.3935530277594024,0.074829142855022
28/08/2019 05:00,0.7344713409452955,0.0511066787262363,0.3935530277594024,0.074829142855022
28/08/2019 06:00,0.7344713409452955,0.0511066787262363,0.3935530277594024,0.074829142855022
28/08/2019 07:00,0.7344713409452955,0.0511066787262363,0.3935530277594024,0.074829142855022
28/08/2019 08:00,0.7344713409452955,0.0511066787262363,0.3935530277594024,0.074829142855022
28/08/2019 09:00,0.7344713409452955,0.0511066787262363,0.3935530277594024,0.074829142855022
28/08/2019 10:00,0.7344713409452955,0.0511066787262363,0.3935530277594024,0.074829142855022
28/08/2019 11:00,0.7344713409452955,0.0511066787262363,0.3935530277594024,0.074829142855022
28/08/2019 12:00,0.7344713409452955,0.0511066787262363,0.3935530277594024,0.074829142855022
28/08/2019 13:00,0.7344713409452955,0.0511066787262363,0.3935530277594024,0.074829142855022
28/08/2019 14:00,0.7344713409452955,0.0511066787262363,0.3935530277594024,0.074829142855022
28/08/2019 15:00,0.7344713409452955,0.0511066787262363,0.3935530277594024,0.074829142855022
28/08/2019 16:00,0.7344713409452955,0.0511066787262363,0.3935530277594024,0.074829142855022
28/08/2019 17:00,0.7344713409452955,0.0511066787262363,0.3935530277594024,0.074829142855022
28/08/2019 18:00,0.7344713409452955,0.0511066787262363,0.3935530277594024,0.074829142855022
28/08/2019 19:00,0.7344713409452955,0.0511066787262363,0.3935530277594024,0.074829142855022
28/08/2019 20:00,0.7344713409452955,0.0511066787262363,0.3935530277594024,0.074829142855022
28/08/2019 21:00,0.7344713409452955,0.0511066787262363,0.3935530277594024,0.074829142855022
28/08/2019 22:00,0.7344713409452955,0.0511066787262363,0.3935530277594024,0.074829142855022
28/08/2019 23:00,0.7344713409452955,0.0511066787262363,0.3935530277594024,0.074829142855022
29/08/2019 00:00,0.7344713409452955,0.0511066787262363,0.3935530277594024,0.074829142855022
29/08/2019 01:00,0.7344713409452955,0.0511066787262363,0.3935530277594024,0.074829142855022
29/08/2019 02:00,0.7344713409452955,0.0511066787262363,0.3935530277594024,0.074829142855022
29/08/2019 03:00,0.7344713409452955,0.0511066787262363,0.3935530277594024,0.074829142855022
29/08/2019 04:00,0.7344713409452955,0.0511066787262363,0.3935530277594024,0.074829142855022
29/08/2019 05:00,0.7344713409452955,0.0511066787262363,0.3935530277594024,0.074829142855022
29/08/2019 06:00,0.7344713409452955,0.0511066787262363,0.3935530277594024,0.074829142855022
29/08/2019 07:00,0.7344713409452955,0.0511066787262363,0.3935530277594024,0.074829142855022
29/08/2019 08:00,0.7344713409452955,0.0511066787262363,0.3935530277594024,0.074829142855022
29/08/2019 09:00,0.7344713409452955,0.0511066787262363,0.3935530277594024,0.074829142855022
29/08/2019 10:00,0.7344713409452955,0.0511066787262363,0.3935530277594024,0.074829142855022
29/08/2019 11:00,0.7344713409452955,0.0511066787262363,0.3935530277594024,0.074829142855022
29/08/2019 12:00,0.7344713409452955,0.0511066787262363,0.3935530277594024,0.074829142855022
29/08/2019 13:00,0.7344713409452955,0.0511066787262363,0.3935530277594024,0.074829142855022
29/08/2019 14:00,0.7344713409452955,0.0511066787262363,0.3935530277594024,0.074829142855022
29/08/2019 15:00,0.7344713409452955,0.0511066787262363,0.3935530277594024,0.074829142855022
29/08/2019 16:00,0.7344713409452955,0.0511066787262363,0.3935530277594024,0.074829142855022
29/08/2019 17:00,0.7344713409452955,0.0511066787262363,0.3935530277594024,0.074829142855022
29/08/2019 18:00,0.7344713409452955,0.0511066787262363,0.3935530277594024,0.074829142855022
29/08/2019 19:00,0.7344713409452955,0.0511066787262363,0.3935530277594024,0.074829142855022
29/08/2019 20:00,0.7344713409452955,0.0511066787262363,0.3935530277594024,0.074829142855022
29/08/2019 21:00,0.7344713409452955,0.0511066787262363,0.3935530277594024,0.074829142855022
29/08/2019 22:00,0.7344713409452955,0.0511066787262363,0.3935530277594024,0.074829142855022
29/08/2019 23:00,0.7344713409452955,0.0511066787262363,0.3935530277594024,0.074829142855022
30/08/2019 00:00,0.7344713409452955,0.0511066787262363,0.3935530277594024,0.074829142855022
30/08/2019 01:00,0.7344713409452955,0.0511066787262363,0.3935530277594024,0.074829142855022
30/08/2019 02:00,0.7344713409452955,0.0511066787262363,0.3935530277594024,0.074829142855022
30/08/2019 03:00,0.7344713409452955,0.0511066787262363,0.3935530277594024,0.074829142855022
30/08/2019 04:00,0.7344713409452955,0.0511066787262363,0.3935530277594024,0.074829142855022
30/08/2019 05:00,0.7344713409452955,0.0511066787262363,0.3935530277594024,0.074829142855022
30/08/2019 06:00,0.7344713409452955,0.0511066787262363,0.3935530277594024,0.074829142855022
30/08/2019 07:00,0.7344713409452955,0.0511066787262363,0.3935530277594024,0.074829142855022
30/08/2019 08:00,0.7344713409452955,0.0511066787262363,0.3935530277594024,0.074829142855022
30/08/2019 09:00,0.7344713409452955,0.0511066787262363,0.3935530277594024,0.074829142855022
30/08/2019 10:00,0.7344713409452955,0.0511066787262363,0.3935530277594024,0.074829142855022
30/08/2019 11:00,0.7344713409452955,0.0511066787262363,0.3935530277594024,0.074829142855022
30/08/2019 12:00,0.7344713409452955,0.0511066787262363,0.3935530277594024,0.074829142855022
30/08/2019 13:00,0.7344713409452955,0.0511066787262363,0.3935530277594024,0.074829142855022
30/08/2019 14:00,0.7344713409452955,0.0511066787262363,0.3935530277594024,0.074829142855022
30/08/2019 15:00,0.7344713409452955,0.0511066787262363,0.3935530277594024,0.074829142855022
30/08/2019 16:00,0.7344713409452955,0.0511066787262363,0.3935530277594024,0.074829142855022
30/08/2019 17:00,0.7344713409452955,0.0511066787262363,0.3935530277594024,0.074829142855022
30/08/2019 18:00,0.7344713409452955,0.0511066787262363,0.3935530277594024,0.074829142855022
30/08/2019 19:00,0.7344713409452955,0.0511066787262363,0.3935530277594024,0.074829142855022
30/08/2019 20:00,0.7344713409452955,0.0511066787262363,0.3935530277594024,0.074829142855022
30/08/2019 21:00,0.7344713409452955,0.0511066787262363,0.3935530277594024,0.074829142855022
30/08/2019 22:00,0.7344713409452955,0.0511066787262363,0.3935530277594024,0.074829142855022
30/08/2019 23:00,0.7344713409452955,0.0511066787262363,0.3935530277594024,0.074829142855022
31/08/2019 00:00,0.7344713409452955,0.0511066787262363,0.3935530277594024,0.074829142855022
31/08/2019 01:00,0.7344713409452955,0.0511066787262363,0.3935530277594024,0.074829142855022
31/08/2019 02:00,0.7344713409452955,0.0511066787262363,0.3935530277594024,0.074829142855022
31/08/2019 03:00,0.7344713409452955,0.0511066787262363,0.3935530277594024,0.074829142855022
31/08/2019 04:00,0.7344713409452955,0.0511066787262363,0.3935530277594024,0.074829142855022
31/08/2019 05:00,0.7344713409452955,0.0511066787262363,0.3935530277594024,0.074829142855022
31/08/2019 06:00,0.7344713409452955,0.0511066787262363,0.3935530277594024,0.074829142855022
31/08/2019 07:00,0.7344713409452955,0.0511066787262363,0.3935530277594024,0.074829142855022
31/08/2019 08:00,0.7344713409452955,0.0511066787262363,0.3935530277594024,0.074829142855022
31/08/2019 09:00,0.7344713409452955,0.0511066787262363,0.3935530277594024,0.074829142855022
31/08/2019 10:00,0.7344713409452955,0.0511066787262363,0.3935530277594024,0.074829142855022
31/08/2019 11:00,0.7344713409452955,0.0511066787262363,0.3935530277594024,0.074829142855022
31/08/2019 12:00,0.7344713409452955,0.0511066787262363,0.3935530277594024,0.074829142855022
31/08/2019 13:00,0.7344713409452955,0.0511066787262363,0.3935530277594024,0.074829142855022
31/08/2019 14:00,0.7344713409452955,0.0511066787262363,0.3935530277594024,0.074829142855022
31/08/2019 15:00,0.7344713409452955,0.0511066787262363,0.3935530277594024,0.074829142855022
31/08/2019 16:00,0.7344713409452955,0.0511066787262363,0.3935530277594024,0.074829142855022
31/08/2019 17:00,0.7344713409452955,0.0511066787262363,0.3935530277594024,0.074829142855022
31/08/2019 18:00,0.7344713409452955,0.0511066787262363,0.3935530277594024,0.074829142855022
31/08/2019 19:00,0.7344713409452955,0.0511066787262363,0.3935530277594024,0.074829142855022
31/08/2019 20:00,0.7344713409452955,0.0511066787262363,0.3935530277594024,0.074829142855022
31/08/2019 21:00,0.7344713409452955,0.0511066787262363,0.3935530277594024,0.074829142855022
31/08/2019 22:00,0.7344713409452955,0.0511066787262363,0.3935530277594024,0.074829142855022
31/08/2019 23:00,0.7344713409452955,0.0511066787262363,0.3935530277594024,0.074829142855022
01/09/2019 00:00,0.7424975785016659,0.049687256138759,0.3052775891277997,0.0737937566611056
01/09/2019 01:00,0.7424975785016659,0.049687256138759,0.3052775891277997,0.0737937566611056
01/09/2019 02:00,0.7424975785016659,0.049687256138759,0.3052775891277997,0.0737937566611056
01/09/2019 03:00,0.7424975785016659,0.049687256138759,0.3052775891277997,0.0737937566611056
01/09/2019 04:00,0.7424975785016659,0.049687256138759,0.3052775891277997,0.0737937566611056
01/09/2019 05:00,0.7424975785016659,0.049687256138759,0.3052775891277997,0.0737937566611056
01/09/2019 06:00,0.7424975785016659,0.049687256138759,0.3052775891277997,0.0737937566611056
01/09/2019 07:00,0.7424975785016659,0.049687256138759,0.3052775891277997,0.0737937566611056
01/09/2019 08:00,0.7424975785016659,0.049687256138759,0.3052775891277997,0.0737937566611056
01/09/2019 09:00,0.7424975785016659,0.049687256138759,0.3052775891277997,0.0737937566611056
01/09/2019 10:00,0.7424975785016659,0.049687256138759,0.3052775891277997,0.0737937566611056
01/09/2019 11:00,0.7424975785016659,0.049687256138759,0.3052775891277997,0.0737937566611056
01/09/2019 12:00,0.7424975785016659,0.049687256138759,0.3052775891277997,0.0737937566611056
01/09/2019 13:00,0.7424975785016659,0.049687256138759,0.3052775891277997,0.0737937566611056
01/09/2019 14:00,0.7424975785016659,0.049687256138759,0.3052775891277997,0.0737937566611056
01/09/2019 15:00,0.7424975785016659,0.049687256138759,0.3052775891277997,0.0737937566611056
01/09/2019 16:00,0.7424975785016659,0.049687256138759,0.3052775891277997,0.0737937566611056
01/09/2019 17:00,0.7424975785016659,0.049687256138759,0.3052775891277997,0.0737937566611056
01/09/2019 18:00,0.7424975785016659,0.049687256138759,0.3052775891277997,0.0737937566611056
01/09/2019 19:00,0.7424975785016659,0.049687256138759,0.3052775891277997,0.0737937566611056
01/09/2019 20:00,0.7424975785016659,0.049687256138759,0.3052775891277997,0.0737937566611056
01/09/2019 21:00,0.7424975785016659,0.049687256138759,0.3052775891277997,0.0737937566611056
01/09/2019 22:00,0.7424975785016659,0.049687256138759,0.3052775891277997,0.0737937566611056
01/09/2019 23:00,0.7424975785016659,0.049687256138759,0.3052775891277997,0.0737937566611056
02/09/2019 00:00,0.7424975785016659,0.049687256138759,0.3052775891277997,0.0737937566611056
02/09/2019 01:00,0.7424975785016659,0.049687256138759,0.3052775891277997,0.0737937566611056
02/09/2019 02:00,0.7424975785016659,0.049687256138759,0.3052775891277997,0.0737937566611056
02/09/2019 03:00,0.7424975785016659,0.049687256138759,0.3052775891277997,0.0737937566611056
02/09/2019 04:00,0.7424975785016659,0.049687256138759,0.3052775891277997,0.0737937566611056
02/09/2019 05:00,0.7424975785016659,0.049687256138759,0.3052775891277997,0.0737937566611056
02/09/2019 06:00,0.7424975785016659,0.049687256138759,0.3052775891277997,0.0737937566611056
02/09/2019 07:00,0.7424975785016659,0.049687256138759,0.3052775891277997,0.0737937566611056
02/09/2019 08:00,0.7424975785016659,0.049687256138759,0.3052775891277997,0.0737937566611056
02/09/2019 09:00,0.7424975785016659,0.049687256138759,0.3052775891277997,0.0737937566611056
02/09/2019 10:00,0.7424975785016659,0.049687256138759,0.3052775891277997,0.0737937566611056
02/09/2019 11:00,0.7424975785016659,0.049687256138759,0.3052775891277997,0.0737937566611056
02/09/2019 12:00,0.7424975785016659,0.049687256138759,0.3052775891277997,0.0737937566611056
02/09/2019 13:00,0.7424975785016659,0.049687256138759,0.3052775891277997,0.0737937566611056
02/09/2019 14:00,0.7424975785016659,0.049687256138759,0.3052775891277997,0.0737937566611056
02/09/2019 15:00,0.7424975785016659,0.049687256138759,0.3052775891277997,0.0737937566611056
02/09/2019 16:00,0.7424975785016659,0.049687256138759,0.3052775891277997,0.0737937566611056
02/09/2019 17:00,0.7424975785016659,0.049687256138759,0.3052775891277997,0.0737937566611056
02/09/2019 18:00,0.7424975785016659,0.049687256138759,0.3052775891277997,0.0737937566611056
02/09/2019 19:00,0.7424975785016659,0.049687256138759,0.3052775891277997,0.0737937566611056
02/09/2019 20:00,0.7424975785016659,0.049687256138759,0.3052775891277997,0.0737937566611056
02/09/2019 21:00,0.7424975785016659,0.049687256138759,0.3052775891277997,0.0737937566611056
02/09/2019 22:00,0.7424975785016659,0.049687256138759,0.3052775891277997,0.0737937566611056
02/09/2019 23:00,0.7424975785016659,0.049687256138759,0.3052775891277997,0.0737937566611056
03/09/2019 00:00,0.7424975785016659,0.049687256138759,0.3052775891277997,0.0737937566611056
03/09/2019 01:00,0.7424975785016659,0.049687256138759,0.3052775891277997,0.0737937566611056
03/09/2019 02:00,0.7424975785016659,0.049687256138759,0.3052775891277997,0.0737937566611056
03/09/2019 03:00,0.7424975785016659,0.049687256138759,0.3052775891277997,0.0737937566611056
03/09/2019 04:00,0.7424975785016659,0.049687256138759,0.3052775891277997,0.0737937566611056
03/09/2019 05:00,0.7424975785016659,0.049687256138759,0.3052775891277997,0.0737937566611056
03/09/2019 06:00,0.7424975785016659,0.049687256138759,0.3052775891277997,0.0737937566611056
03/09/2019 07:00,0.7424975785016659,0.049687256138759,0.3052775891277997,0.0737937566611056
03/09/2019 08:00,0.7424975785016659,0.049687256138759,0.3052775891277997,0.0737937566611056
03/09/2019 09:00,0.7424975785016659,0.049687256138759,0.3052775891277997,0.0737937566611056
03/09/2019 10:00,0.7424975785016659,0.049687256138759,0.3052775891277997,0.0737937566611056
03/09/2019 11:00,0.7424975785016659,0.049687256138759,0.3052775891277997,0.0737937566611056
03/09/2019 12:00,0.7424975785016659,0.049687256138759,0.3052775891277997,0.0737937566611056
03/09/2019 13:00,0.7424975785016659,0.049687256138759,0.3052775891277997,0.0737937566611056
03/09/2019 14:00,0.7424975785016659,0.049687256138759,0.3052775891277997,0.0737937566611056
03/09/2019 15:00,0.7424975785016659,0.049687256138759,0.3052775891277997,0.0737937566611056
03/09/2019 16:00,0.7424975785016659,0.049687256138759,0.3052775891277997,0.0737937566611056
03/09/2019 17:00,0.7424975785016659,0.049687256138759,0.3052775891277997,0.0737937566611056
03/09/2019 18:00,0.7424975785016659,0.049687256138759,0.3052775891277997,0.0737937566611056
03/09/2019 19:00,0.7424975785016659,0.049687256138759,0.3052775891277997,0.0737937566611056
03/09/2019 20:00,0.7424975785016659,0.049687256138759,0.3052775891277997,0.0737937566611056
03/09/2019 21:00,0.7424975785016659,0.049687256138759,0.3052775891277997,0.0737937566611056
03/09/2019 22:00,0.7424975785016659,0.049687256138759,0.3052775891277997,0.0737937566611056
03/09/2019 23:00,0.7424975785016659,0.049687256138759,0.3052775891277997,0.0737937566611056
04/09/2019 00:00,0.7424975785016659,0.049687256138759,0.3052775891277997,0.0737937566611056
04/09/2019 01:00,0.7424975785016659,0.049687256138759,0.3052775891277997,0.0737937566611056
04/09/2019 02:00,0.7424975785016659,0.049687256138759,0.3052775891277997,0.0737937566611056
04/09/2019 03:00,0.7424975785016659,0.049687256138759,0.3052775891277997,0.0737937566611056
04/09/2019 04:00,0.7424975785016659,0.049687256138759,0.3052775891277997,0.0737937566611056
04/09/2019 05:00,0.7424975785016659,0.049687256138759,0.3052775891277997,0.0737937566611056
04/09/2019 06:00,0.7424975785016659,0.049687256138759,0.3052775891277997,0.0737937566611056
04/09/2019 07:00,0.7424975785016659,0.049687256138759,0.3052775891277997,0.0737937566611056
04/09/2019 08:00,0.7424975785016659,0.049687256138759,0.3052775891277997,0.0737937566611056
04/09/2019 09:00,0.7424975785016659,0.049687256138759,0.3052775891277997,0.0737937566611056
04/09/2019 10:00,0.7424975785016659,0.049687256138759,0.3052775891277997,0.0737937566611056
04/09/2019 11:00,0.7424975785016659,0.049687256138759,0.3052775891277997,0.0737937566611056
04/09/2019 12:00,0.7424975785016659,0.049687256138759,0.3052775891277997,0.0737937566611056
04/09/2019 13:00,0.7424975785016659,0.049687256138759,0.3052775891277997,0.0737937566611056
04/09/2019 14:00,0.7424975785016659,0.049687256138759,0.3052775891277997,0.0737937566611056
04/09/2019 15:00,0.7424975785016659,0.049687256138759,0.3052775891277997,0.0737937566611056
04/09/2019 16:00,0.7424975785016659,0.049687256138759,0.3052775891277997,0.0737937566611056
04/09/2019 17:00,0.7424975785016659,0.049687256138759,0.3052775891277997,0.0737937566611056
04/09/2019 18:00,0.7424975785016659,0.049687256138759,0.3052775891277997,0.0737937566611056
04/09/2019 19:00,0.7424975785016659,0.049687256138759,0.3052775891277997,0.0737937566611056
04/09/2019 20:00,0.7424975785016659,0.049687256138759,0.3052775891277997,0.0737937566611056
04/09/2019 21:00,0.7424975785016659,0.049687256138759,0.3052775891277997,0.0737937566611056
04/09/2019 22:00,0.7424975785016659,0.049687256138759,0.3052775891277997,0.0737937566611056
04/09/2019 23:00,0.7424975785016659,0.049687256138759,0.3052775891277997,0.0737937566611056
05/09/2019 00:00,0.7424975785016659,0.049687256138759,0.3052775891277997,0.0737937566611056
05/09/2019 01:00,0.7424975785016659,0.049687256138759,0.3052775891277997,0.0737937566611056
05/09/2019 02:00,0.7424975785016659,0.049687256138759,0.3052775891277997,0.0737937566611056
05/09/2019 03:00,0.7424975785016659,0.049687256138759,0.3052775891277997,0.0737937566611056
05/09/2019 04:00,0.7424975785016659,0.049687256138759,0.3052775891277997,0.0737937566611056
05/09/2019 05:00,0.7424975785016659,0.049687256138759,0.3052775891277997,0.0737937566611056
05/09/2019 06:00,0.7424975785016659,0.049687256138759,0.3052775891277997,0.0737937566611056
05/09/2019 07:00,0.7424975785016659,0.049687256138759,0.3052775891277997,0.0737937566611056
05/09/2019 08:00,0.7424975785016659,0.049687256138759,0.3052775891277997,0.0737937566611056
05/09/2019 09:00,0.7424975785016659,0.049687256138759,0.3052775891277997,0.0737937566611056
05/09/2019 10:00,0.7424975785016659,0.049687256138759,0.3052775891277997,0.0737937566611056
05/09/2019 11:00,0.7424975785016659,0.049687256138759,0.3052775891277997,0.0737937566611056
05/09/2019 12:00,0.7424975785016659,0.049687256138759,0.3052775891277997,0.0737937566611056
05/09/2019 13:00,0.7424975785016659,0.049687256138759,0.3052775891277997,0.0737937566611056
05/09/2019 14:00,0.7424975785016659,0.049687256138759,0.3052775891277997,0.0737937566611056
05/09/2019 15:00,0.7424975785016659,0.049687256138759,0.3052775891277997,0.0737937566611056
05/09/2019 16:00,0.7424975785016659,0.049687256138759,0.3052775891277997,0.0737937566611056
05/09/2019 17:00,0.7424975785016659,0.049687256138759,0.3052775891277997,0.0737937566611056
05/09/2019 18:00,0.7424975785016659,0.049687256138759,0.3052775891277997,0.0737937566611056
05/09/2019 19:00,0.7424975785016659,0.049687256138759,0.3052775891277997,0.0737937566611056
05/09/2019 20:00,0.7424975785016659,0.049687256138759,0.3052775891277997,0.0737937566611056
05/09/2019 21:00,0.7424975785016659,0.049687256138759,0.3052775891277997,0.0737937566611056
05/09/2019 22:00,0.7424975785016659,0.049687256138759,0.3052775891277997,0.0737937566611056
05/09/2019 23:00,0.7424975785016659,0.049687256138759,0.3052775891277997,0.0737937566611056
06/09/2019 00:00,0.7424975785016659,0.049687256138759,0.3052775891277997,0.0737937566611056
06/09/2019 01:00,0.7424975785016659,0.049687256138759,0.3052775891277997,0.0737937566611056
06/09/2019 02:00,0.7424975785016659,0.049687256138759,0.3052775891277997,0.0737937566611056
06/09/2019 03:00,0.7424975785016659,0.049687256138759,0.3052775891277997,0.0737937566611056
06/09/2019 04:00,0.7424975785016659,0.049687256138759,0.3052775891277997,0.0737937566611056
06/09/2019 05:00,0.7424975785016659,0.049687256138759,0.3052775891277997,0.0737937566611056
06/09/2019 06:00,0.7424975785016659,0.049687256138759,0.3052775891277997,0.0737937566611056
06/09/2019 07:00,0.7424975785016659,0.049687256138759,0.3052775891277997,0.0737937566611056
06/09/2019 08:00,0.7424975785016659,0.049687256138759,0.3052775891277997,0.0737937566611056
06/09/2019 09:00,0.7424975785016659,0.049687256138759,0.3052775891277997,0.0737937566611056
06/09/2019 10:00,0.7424975785016659,0.049687256138759,0.3052775891277997,0.0737937566611056
06/09/2019 11:00,0.7424975785016659,0.049687256138759,0.3052775891277997,0.0737937566611056
06/09/2019 12:00,0.7424975785016659,0.049687256138759,0.3052775891277997,0.0737937566611056
06/09/2019 13:00,0.7424975785016659,0.049687256138759,0.3052775891277997,0.0737937566611056
06/09/2019 14:00,0.7424975785016659,0.049687256138759,0.3052775891277997,0.0737937566611056
06/09/2019 15:00,0.7424975785016659,0.049687256138759,0.3052775891277997,0.0737937566611056
06/09/2019 16:00,0.7424975785016659,0.049687256138759,0.3052775891277997,0.0737937566611056
06/09/2019 17:00,0.7424975785016659,0.049687256138759,0.3052775891277997,0.0737937566611056
06/09/2019 18:00,0.7424975785016659,0.049687256138759,0.3052775891277997,0.0737937566611056
06/09/2019 19:00,0.7424975785016659,0.049687256138759,0.3052775891277997,0.0737937566611056
06/09/2019 20:00,0.7424975785016659,0.049687256138759,0.3052775891277997,0.0737937566611056
06/09/2019 21:00,0.7424975785016659,0.049687256138759,0.3052775891277997,0.0737937566611056
06/09/2019 22:00,0.7424975785016659,0.049687256138759,0.3052775891277997,0.0737937566611056
06/09/2019 23:00,0.7424975785016659,0.049687256138759,0.3052775891277997,0.0737937566611056
07/09/2019 00:00,0.7424975785016659,0.049687256138759,0.3052775891277997,0.0737937566611056
07/09/2019 01:00,0.7424975785016659,0.049687256138759,0.3052775891277997,0.0737937566611056
07/09/2019 02:00,0.7424975785016659,0.049687256138759,0.3052775891277997,0.0737937566611056
07/09/2019 03:00,0.7424975785016659,0.049687256138759,0.3052775891277997,0.0737937566611056
07/09/2019 04:00,0.7424975785016659,0.049687256138759,0.3052775891277997,0.0737937566611056
07/09/2019 05:00,0.7424975785016659,0.049687256138759,0.3052775891277997,0.0737937566611056
07/09/2019 06:00,0.7424975785016659,0.049687256138759,0.3052775891277997,0.0737937566611056
07/09/2019 07:00,0.7424975785016659,0.049687256138759,0.3052775891277997,0.0737937566611056
07/09/2019 08:00,0.7424975785016659,0.049687256138759,0.3052775891277997,0.0737937566611056
07/09/2019 09:00,0.7424975785016659,0.049687256138759,0.3052775891277997,0.0737937566611056
07/09/2019 10:00,0.7424975785016659,0.049687256138759,0.3052775891277997,0.0737937566611056
07/09/2019 11:00,0.7424975785016659,0.049687256138759,0.3052775891277997,0.0737937566611056
07/09/2019 12:00,0.7424975785016659,0.049687256138759,0.3052775891277997,0.0737937566611056
07/09/2019 13:00,0.7424975785016659,0.049687256138759,0.3052775891277997,0.0737937566611056
07/09/2019 14:00,0.7424975785016659,0.049687256138759,0.3052775891277997,0.0737937566611056
07/09/2019 15:00,0.7424975785016659,0.049687256138759,0.3052775891277997,0.0737937566611056
07/09/2019 16:00,0.7424975785016659,0.049687256138759,0.3052775891277997,0.0737937566611056
07/09/2019 17:00,0.7424975785016659,0.049687256138759,0.3052775891277997,0.0737937566611056
07/09/2019 18:00,0.7424975785016659,0.049687256138759,0.3052775891277997,0.0737937566611056
07/09/2019 19:00,0.7424975785016659,0.049687256138759,0.3052775891277997,0.0737937566611056
07/09/2019 20:00,0.7424975785016659,0.049687256138759,0.3052775891277997,0.0737937566611056
07/09/2019 21:00,0.7424975785016659,0.049687256138759,0.3052775891277997,0.0737937566611056
07/09/2019 22:00,0.7424975785016659,0.049687256138759,0.3052775891277997,0.0737937566611056
07/09/2019 23:00,0.7424975785016659,0.049687256138759,0.3052775891277997,0.0737937566611056
08/09/2019 00:00,0.7424975785016659,0.049687256138759,0.3052775891277997,0.0737937566611056
08/09/2019 01:00,0.7424975785016659,0.049687256138759,0.3052775891277997,0.0737937566611056
08/09/2019 02:00,0.7424975785016659,0.049687256138759,0.3052775891277997,0.0737937566611056
08/09/2019 03:00,0.7424975785016659,0.049687256138759,0.3052775891277997,0.0737937566611056
08/09/2019 04:00,0.7424975785016659,0.049687256138759,0.3052775891277997,0.0737937566611056
08/09/2019 05:00,0.7424975785016659,0.049687256138759,0.3052775891277997,0.0737937566611056
08/09/2019 06:00,0.7424975785016659,0.049687256138759,0.3052775891277997,0.0737937566611056
08/09/2019 07:00,0.7424975785016659,0.049687256138759,0.3052775891277997,0.0737937566611056
08/09/2019 08:00,0.7424975785016659,0.049687256138759,0.3052775891277997,0.0737937566611056
08/09/2019 09:00,0.7424975785016659,0.049687256138759,0.3052775891277997,0.0737937566611056
08/09/2019 10:00,0.7424975785016659,0.049687256138759,0.3052775891277997,0.0737937566611056
08/09/2019 11:00,0.7424975785016659,0.049687256138759,0.3052775891277997,0.0737937566611056
08/09/2019 12:00,0.7424975785016659,0.049687256138759,0.3052775891277997,0.0737937566611056
08/09/2019 13:00,0.7424975785016659,0.049687256138759,0.3052775891277997,0.0737937566611056
08/09/2019 14:00,0.7424975785016659,0.049687256138759,0.3052775891277997,0.0737937566611056
08/09/2019 15:00,0.7424975785016659,0.049687256138759,0.3052775891277997,0.0737937566611056
08/09/2019 16:00,0.7424975785016659,0.049687256138759,0.3052775891277997,0.0737937566611056
08/09/2019 17:00,0.7424975785016659,0.049687256138759,0.3052775891277997,0.0737937566611056
08/09/2019 18:00,0.7424975785016659,0.049687256138759,0.3052775891277997,0.0737937566611056
08/09/2019 19:00,0.7424975785016659,0.049687256138759,0.3052775891277997,0.0737937566611056
08/09/2019 20:00,0.7424975785016659,0.049687256138759,0.3052775891277997,0.0737937566611056
08/09/2019 21:00,0.7424975785016659,0.049687256138759,0.3052775891277997,0.0737937566611056
08/09/2019 22:00,0.7424975785016659,0.049687256138759,0.3052775891277997,0.0737937566611056
08/09/2019 23:00,0.7424975785016659,0.049687256138759,0.3052775891277997,0.0737937566611056
09/09/2019 00:00,0.7424975785016659,0.049687256138759,0.3052775891277997,0.0737937566611056
09/09/2019 01:00,0.7424975785016659,0.049687256138759,0.3052775891277997,0.0737937566611056
09/09/2019 02:00,0.7424975785016659,0.049687256138759,0.3052775891277997,0.0737937566611056
09/09/2019 03:00,0.7424975785016659,0.049687256138759,0.3052775891277997,0.0737937566611056
09/09/2019 04:00,0.7424975785016659,0.049687256138759,0.3052775891277997,0.0737937566611056
09/09/2019 05:00,0.7424975785016659,0.049687256138759,0.3052775891277997,0.0737937566611056
09/09/2019 06:00,0.7424975785016659,0.049687256138759,0.3052775891277997,0.0737937566611056
09/09/2019 07:00,0.7424975785016659,0.049687256138759,0.3052775891277997,0.0737937566611056
09/09/2019 08:00,0.7424975785016659,0.049687256138759,0.3052775891277997,0.0737937566611056
09/09/2019 09:00,0.7424975785016659,0.049687256138759,0.3052775891277997,0.0737937566611056
09/09/2019 10:00,0.7424975785016659,0.049687256138759,0.3052775891277997,0.0737937566611056
09/09/2019 11:00,0.7424975785016659,0.049687256138759,0.3052775891277997,0.0737937566611056
09/09/2019 12:00,0.7424975785016659,0.049687256138759,0.3052775891277997,0.0737937566611056
09/09/2019 13:00,0.7424975785016659,0.049687256138759,0.3052775891277997,0.0737937566611056
09/09/2019 14:00,0.7424975785016659,0.049687256138759,0.3052775891277997,0.0737937566611056
09/09/2019 15:00,0.7424975785016659,0.049687256138759,0.3052775891277997,0.0737937566611056
09/09/2019 16:00,0.7424975785016659,0.049687256138759,0.3052775891277997,0.0737937566611056
09/09/2019 17:00,0.7424975785016659,0.049687256138759,0.3052775891277997,0.0737937566611056
09/09/2019 18:00,0.7424975785016659,0.049687256138759,0.3052775891277997,0.0737937566611056
09/09/2019 19:00,0.7424975785016659,0.049687256138759,0.3052775891277997,0.0737937566611056
09/09/2019 20:00,0.7424975785016659,0.049687256138759,0.3052775891277997,0.0737937566611056
09/09/2019 21:00,0.7424975785016659,0.049687256138759,0.3052775891277997,0.0737937566611056
09/09/2019 22:00,0.7424975785016659,0.049687256138759,0.3052775891277997,0.0737937566611056
09/09/2019 23:00,0.7424975785016659,0.049687256138759,0.3052775891277997,0.0737937566611056
10/09/2019 00:00,0.7424975785016659,0.049687256138759,0.3052775891277997,0.0737937566611056
10/09/2019 01:00,0.7424975785016659,0.049687256138759,0.3052775891277997,0.0737937566611056
10/09/2019 02:00,0.7424975785016659,0.049687256138759,0.3052775891277997,0.0737937566611056
10/09/2019 03:00,0.7424975785016659,0.049687256138759,0.3052775891277997,0.0737937566611056
10/09/2019 04:00,0.7424975785016659,0.049687256138759,0.3052775891277997,0.0737937566611056
10/09/2019 05:00,0.7424975785016659,0.049687256138759,0.3052775891277997,0.0737937566611056
10/09/2019 06:00,0.7424975785016659,0.049687256138759,0.3052775891277997,0.0737937566611056
10/09/2019 07:00,0.7424975785016659,0.049687256138759,0.3052775891277997,0.0737937566611056
10/09/2019 08:00,0.7424975785016659,0.049687256138759,0.3052775891277997,0.0737937566611056
10/09/2019 09:00,0.7424975785016659,0.049687256138759,0.3052775891277997,0.0737937566611056
10/09/2019 10:00,0.7424975785016659,0.049687256138759,0.3052775891277997,0.0737937566611056
10/09/2019 11:00,0.7424975785016659,0.049687256138759,0.3052775891277997,0.0737937566611056
10/09/2019 12:00,0.7424975785016659,0.049687256138759,0.3052775891277997,0.0737937566611056
10/09/2019 13:00,0.7424975785016659,0.049687256138759,0.3052775891277997,0.0737937566611056
10/09/2019 14:00,0.7424975785016659,0.049687256138759,0.3052775891277997,0.0737937566611056
10/09/2019 15:00,0.7424975785016659,0.049687256138759,0.3052775891277997,0.0737937566611056
10/09/2019 16:00,0.7424975785016659,0.049687256138759,0.3052775891277997,0.0737937566611056
10/09/2019 17:00,0.7424975785016659,0.049687256138759,0.3052775891277997,0.0737937566611056
10/09/2019 18:00,0.7424975785016659,0.049687256138759,0.3052775891277997,0.0737937566611056
10/09/2019 19:00,0.7424975785016659,0.049687256138759,0.3052775891277997,0.0737937566611056
10/09/2019 20:00,0.7424975785016659,0.049687256138759,0.3052775891277997,0.0737937566611056
10/09/2019 21:00,0.7424975785016659,0.049687256138759,0.3052775891277997,0.0737937566611056
10/09/2019 22:00,0.7424975785016659,0.049687256138759,0.3052775891277997,0.0737937566611056
10/09/2019 23:00,0.7424975785016659,0.049687256138759,0.3052775891277997,0.0737937566611056
11/09/2019 00:00,0.7424975785016659,0.049687256138759,0.3052775891277997,0.0737937566611056
11/09/2019 01:00,0.7424975785016659,0.049687256138759,0.3052775891277997,0.0737937566611056
11/09/2019 02:00,0.7424975785016659,0.049687256138759,0.3052775891277997,0.0737937566611056
11/09/2019 03:00,0.7424975785016659,0.049687256138759,0.3052775891277997,0.0737937566611056
11/09/2019 04:00,0.7424975785016659,0.049687256138759,0.3052775891277997,0.0737937566611056
11/09/2019 05:00,0.7424975785016659,0.049687256138759,0.3052775891277997,0.0737937566611056
11/09/2019 06:00,0.7424975785016659,0.049687256138759,0.3052775891277997,0.0737937566611056
11/09/2019 07:00,0.7424975785016659,0.049687256138759,0.3052775891277997,0.0737937566611056
11/09/2019 08:00,0.7424975785016659,0.049687256138759,0.3052775891277997,0.0737937566611056
11/09/2019 09:00,0.7424975785016659,0.049687256138759,0.3052775891277997,0.0737937566611056
11/09/2019 10:00,0.7424975785016659,0.049687256138759,0.3052775891277997,0.0737937566611056
11/09/2019 11:00,0.7424975785016659,0.049687256138759,0.3052775891277997,0.0737937566611056
11/09/2019 12:00,0.7424975785016659,0.049687256138759,0.3052775891277997,0.0737937566611056
11/09/2019 13:00,0.7424975785016659,0.049687256138759,0.3052775891277997,0.0737937566611056
11/09/2019 14:00,0.7424975785016659,0.049687256138759,0.3052775891277997,0.0737937566611056
11/09/2019 15:00,0.7424975785016659,0.049687256138759,0.3052775891277997,0.0737937566611056
11/09/2019 16:00,0.7424975785016659,0.049687256138759,0.3052775891277997,0.0737937566611056
11/09/2019 17:00,0.7424975785016659,0.049687256138759,0.3052775891277997,0.0737937566611056
11/09/2019 18:00,0.7424975785016659,0.049687256138759,0.3052775891277997,0.0737937566611056
11/09/2019 19:00,0.7424975785016659,0.049687256138759,0.3052775891277997,0.0737937566611056
11/09/2019 20:00,0.7424975785016659,0.049687256138759,0.3052775891277997,0.0737937566611056
11/09/2019 21:00,0.7424975785016659,0.049687256138759,0.3052775891277997,0.0737937566611056
11/09/2019 22:00,0.7424975785016659,0.049687256138759,0.3052775891277997,0.0737937566611056
11/09/2019 23:00,0.7424975785016659,0.049687256138759,0.3052775891277997,0.0737937566611056
12/09/2019 00:00,0.7424975785016659,0.049687256138759,0.3052775891277997,0.0737937566611056
12/09/2019 01:00,0.7424975785016659,0.049687256138759,0.3052775891277997,0.0737937566611056
12/09/2019 02:00,0.7424975785016659,0.049687256138759,0.3052775891277997,0.0737937566611056
12/09/2019 03:00,0.7424975785016659,0.049687256138759,0.3052775891277997,0.0737937566611056
12/09/2019 04:00,0.7424975785016659,0.049687256138759,0.3052775891277997,0.0737937566611056
12/09/2019 05:00,0.7424975785016659,0.049687256138759,0.3052775891277997,0.0737937566611056
12/09/2019 06:00,0.7424975785016659,0.049687256138759,0.3052775891277997,0.0737937566611056
12/09/2019 07:00,0.7424975785016659,0.049687256138759,0.3052775891277997,0.0737937566611056
12/09/2019 08:00,0.7424975785016659,0.049687256138759,0.3052775891277997,0.0737937566611056
12/09/2019 09:00,0.7424975785016659,0.049687256138759,0.3052775891277997,0.0737937566611056
12/09/2019 10:00,0.7424975785016659,0.049687256138759,0.3052775891277997,0.0737937566611056
12/09/2019 11:00,0.7424975785016659,0.049687256138759,0.3052775891277997,0.0737937566611056
12/09/2019 12:00,0.7424975785016659,0.049687256138759,0.3052775891277997,0.0737937566611056
12/09/2019 13:00,0.7424975785016659,0.049687256138759,0.3052775891277997,0.0737937566611056
12/09/2019 14:00,0.7424975785016659,0.049687256138759,0.3052775891277997,0.0737937566611056
12/09/2019 15:00,0.7424975785016659,0.049687256138759,0.3052775891277997,0.0737937566611056
12/09/2019 16:00,0.7424975785016659,0.049687256138759,0.3052775891277997,0.0737937566611056
12/09/2019 17:00,0.7424975785016659,0.049687256138759,0.3052775891277997,0.0737937566611056
12/09/2019 18:00,0.7424975785016659,0.049687256138759,0.3052775891277997,0.0737937566611056
12/09/2019 19:00,0.7424975785016659,0.049687256138759,0.3052775891277997,0.0737937566611056
12/09/2019 20:00,0.7424975785016659,0.049687256138759,0.3052775891277997,0.0737937566611056
12/09/2019 21:00,0.7424975785016659,0.049687256138759,0.3052775891277997,0.0737937566611056
12/09/2019 22:00,0.7424975785016659,0.049687256138759,0.3052775891277997,0.0737937566611056
12/09/2019 23:00,0.7424975785016659,0.049687256138759,0.3052775891277997,0.0737937566611056
13/09/2019 00:00,0.7424975785016659,0.049687256138759,0.3052775891277997,0.0737937566611056
13/09/2019 01:00,0.7424975785016659,0.049687256138759,0.3052775891277997,0.0737937566611056
13/09/2019 02:00,0.7424975785016659,0.049687256138759,0.3052775891277997,0.0737937566611056
13/09/2019 03:00,0.7424975785016659,0.049687256138759,0.3052775891277997,0.0737937566611056
13/09/2019 04:00,0.7424975785016659,0.049687256138759,0.3052775891277997,0.0737937566611056
13/09/2019 05:00,0.7424975785016659,0.049687256138759,0.3052775891277997,0.0737937566611056
13/09/2019 06:00,0.7424975785016659,0.049687256138759,0.3052775891277997,0.0737937566611056
13/09/2019 07:00,0.7424975785016659,0.049687256138759,0.3052775891277997,0.0737937566611056
13/09/2019 08:00,0.7424975785016659,0.049687256138759,0.3052775891277997,0.0737937566611056
13/09/2019 09:00,0.7424975785016659,0.049687256138759,0.3052775891277997,0.0737937566611056
13/09/2019 10:00,0.7424975785016659,0.049687256138759,0.3052775891277997,0.0737937566611056
13/09/2019 11:00,0.7424975785016659,0.049687256138759,0.3052775891277997,0.0737937566611056
13/09/2019 12:00,0.7424975785016659,0.049687256138759,0.3052775891277997,0.0737937566611056
13/09/2019 13:00,0.7424975785016659,0.049687256138759,0.3052775891277997,0.0737937566611056
13/09/2019 14:00,0.7424975785016659,0.049687256138759,0.3052775891277997,0.0737937566611056
13/09/2019 15:00,0.7424975785016659,0.049687256138759,0.3052775891277997,0.0737937566611056
13/09/2019 16:00,0.7424975785016659,0.049687256138759,0.3052775891277997,0.0737937566611056
13/09/2019 17:00,0.7424975785016659,0.049687256138759,0.3052775891277997,0.0737937566611056
13/09/2019 18:00,0.7424975785016659,0.049687256138759,0.3052775891277997,0.0737937566611056
13/09/2019 19:00,0.7424975785016659,0.049687256138759,0.3052775891277997,0.0737937566611056
13/09/2019 20:00,0.7424975785016659,0.049687256138759,0.3052775891277997,0.0737937566611056
13/09/2019 21:00,0.7424975785016659,0.049687256138759,0.3052775891277997,0.0737937566611056
13/09/2019 22:00,0.7424975785016659,0.049687256138759,0.3052775891277997,0.0737937566611056
13/09/2019 23:00,0.7424975785016659,0.049687256138759,0.3052775891277997,0.0737937566611056
14/09/2019 00:00,0.7424975785016659,0.049687256138759,0.3052775891277997,0.0737937566611056
14/09/2019 01:00,0.7424975785016659,0.049687256138759,0.3052775891277997,0.0737937566611056
14/09/2019 02:00,0.7424975785016659,0.049687256138759,0.3052775891277997,0.0737937566611056
14/09/2019 03:00,0.7424975785016659,0.049687256138759,0.3052775891277997,0.0737937566611056
14/09/2019 04:00,0.7424975785016659,0.049687256138759,0.3052775891277997,0.0737937566611056
14/09/2019 05:00,0.7424975785016659,0.049687256138759,0.3052775891277997,0.0737937566611056
14/09/2019 06:00,0.7424975785016659,0.049687256138759,0.3052775891277997,0.0737937566611056
14/09/2019 07:00,0.7424975785016659,0.049687256138759,0.3052775891277997,0.0737937566611056
14/09/2019 08:00,0.7424975785016659,0.049687256138759,0.3052775891277997,0.0737937566611056
14/09/2019 09:00,0.7424975785016659,0.049687256138759,0.3052775891277997,0.0737937566611056
14/09/2019 10:00,0.7424975785016659,0.049687256138759,0.3052775891277997,0.0737937566611056
14/09/2019 11:00,0.7424975785016659,0.049687256138759,0.3052775891277997,0.0737937566611056
14/09/2019 12:00,0.7424975785016659,0.049687256138759,0.3052775891277997,0.0737937566611056
14/09/2019 13:00,0.7424975785016659,0.049687256138759,0.3052775891277997,0.0737937566611056
14/09/2019 14:00,0.7424975785016659,0.049687256138759,0.3052775891277997,0.0737937566611056
14/09/2019 15:00,0.7424975785016659,0.049687256138759,0.3052775891277997,0.0737937566611056
14/09/2019 16:00,0.7424975785016659,0.049687256138759,0.3052775891277997,0.0737937566611056
14/09/2019 17:00,0.7424975785016659,0.049687256138759,0.3052775891277997,0.0737937566611056
14/09/2019 18:00,0.7424975785016659,0.049687256138759,0.3052775891277997,0.0737937566611056
14/09/2019 19:00,0.7424975785016659,0.049687256138759,0.3052775891277997,0.0737937566611056
14/09/2019 20:00,0.7424975785016659,0.049687256138759,0.3052775891277997,0.0737937566611056
14/09/2019 21:00,0.7424975785016659,0.049687256138759,0.3052775891277997,0.0737937566611056
14/09/2019 22:00,0.7424975785016659,0.049687256138759,0.3052775891277997,0.0737937566611056
14/09/2019 23:00,0.7424975785016659,0.049687256138759,0.3052775891277997,0.0737937566611056
15/09/2019 00:00,0.7424975785016659,0.049687256138759,0.3052775891277997,0.0737937566611056
15/09/2019 01:00,0.7424975785016659,0.049687256138759,0.3052775891277997,0.0737937566611056
15/09/2019 02:00,0.7424975785016659,0.049687256138759,0.3052775891277997,0.0737937566611056
15/09/2019 03:00,0.7424975785016659,0.049687256138759,0.3052775891277997,0.0737937566611056
15/09/2019 04:00,0.7424975785016659,0.049687256138759,0.3052775891277997,0.0737937566611056
15/09/2019 05:00,0.7424975785016659,0.049687256138759,0.3052775891277997,0.0737937566611056
15/09/2019 06:00,0.7424975785016659,0.049687256138759,0.3052775891277997,0.0737937566611056
15/09/2019 07:00,0.7424975785016659,0.049687256138759,0.3052775891277997,0.0737937566611056
15/09/2019 08:00,0.7424975785016659,0.049687256138759,0.3052775891277997,0.0737937566611056
15/09/2019 09:00,0.7424975785016659,0.049687256138759,0.3052775891277997,0.0737937566611056
15/09/2019 10:00,0.7424975785016659,0.049687256138759,0.3052775891277997,0.0737937566611056
15/09/2019 11:00,0.7424975785016659,0.049687256138759,0.3052775891277997,0.0737937566611056
15/09/2019 12:00,0.7424975785016659,0.049687256138759,0.3052775891277997,0.0737937566611056
15/09/2019 13:00,0.7424975785016659,0.049687256138759,0.3052775891277997,0.0737937566611056
15/09/2019 14:00,0.7424975785016659,0.049687256138759,0.3052775891277997,0.0737937566611056
15/09/2019 15:00,0.7424975785016659,0.049687256138759,0.3052775891277997,0.0737937566611056
15/09/2019 16:00,0.7424975785016659,0.049687256138759,0.3052775891277997,0.0737937566611056
15/09/2019 17:00,0.7424975785016659,0.049687256138759,0.3052775891277997,0.0737937566611056
15/09/2019 18:00,0.7424975785016659,0.049687256138759,0.3052775891277997,0.0737937566611056
15/09/2019 19:00,0.7424975785016659,0.049687256138759,0.3052775891277997,0.0737937566611056
15/09/2019 20:00,0.7424975785016659,0.049687256138759,0.3052775891277997,0.0737937566611056
15/09/2019 21:00,0.7424975785016659,0.049687256138759,0.3052775891277997,0.0737937566611056
15/09/2019 22:00,0.7424975785016659,0.049687256138759,0.3052775891277997,0.0737937566611056
15/09/2019 23:00,0.7424975785016659,0.049687256138759,0.3052775891277997,0.0737937566611056
16/09/2019 00:00,0.7424975785016659,0.049687256138759,0.3052775891277997,0.0737937566611056
16/09/2019 01:00,0.7424975785016659,0.049687256138759,0.3052775891277997,0.0737937566611056
16/09/2019 02:00,0.7424975785016659,0.049687256138759,0.3052775891277997,0.0737937566611056
16/09/2019 03:00,0.7424975785016659,0.049687256138759,0.3052775891277997,0.0737937566611056
16/09/2019 04:00,0.7424975785016659,0.049687256138759,0.3052775891277997,0.0737937566611056
16/09/2019 05:00,0.7424975785016659,0.049687256138759,0.3052775891277997,0.0737937566611056
16/09/2019 06:00,0.7424975785016659,0.049687256138759,0.3052775891277997,0.0737937566611056
16/09/2019 07:00,0.7424975785016659,0.049687256138759,0.3052775891277997,0.0737937566611056
16/09/2019 08:00,0.7424975785016659,0.049687256138759,0.3052775891277997,0.0737937566611056
16/09/2019 09:00,0.7424975785016659,0.049687256138759,0.3052775891277997,0.0737937566611056
16/09/2019 10:00,0.7424975785016659,0.049687256138759,0.3052775891277997,0.0737937566611056
16/09/2019 11:00,0.7424975785016659,0.049687256138759,0.3052775891277997,0.0737937566611056
16/09/2019 12:00,0.7424975785016659,0.049687256138759,0.3052775891277997,0.0737937566611056
16/09/2019 13:00,0.7424975785016659,0.049687256138759,0.3052775891277997,0.0737937566611056
16/09/2019 14:00,0.7424975785016659,0.049687256138759,0.3052775891277997,0.0737937566611056
16/09/2019 15:00,0.7424975785016659,0.049687256138759,0.3052775891277997,0.0737937566611056
16/09/2019 16:00,0.7424975785016659,0.049687256138759,0.3052775891277997,0.0737937566611056
16/09/2019 17:00,0.7424975785016659,0.049687256138759,0.3052775891277997,0.0737937566611056
16/09/2019 18:00,0.7424975785016659,0.049687256138759,0.3052775891277997,0.0737937566611056
16/09/2019 19:00,0.7424975785016659,0.049687256138759,0.3052775891277997,0.0737937566611056
16/09/2019 20:00,0.7424975785016659,0.049687256138759,0.3052775891277997,0.0737937566611056
16/09/2019 21:00,0.7424975785016659,0.049687256138759,0.3052775891277997,0.0737937566611056
16/09/2019 22:00,0.7424975785016659,0.049687256138759,0.3052775891277997,0.0737937566611056
16/09/2019 23:00,0.7424975785016659,0.049687256138759,0.3052775891277997,0.0737937566611056
17/09/2019 00:00,0.7424975785016659,0.049687256138759,0.3052775891277997,0.0737937566611056
17/09/2019 01:00,0.7424975785016659,0.049687256138759,0.3052775891277997,0.0737937566611056
17/09/2019 02:00,0.7424975785016659,0.049687256138759,0.3052775891277997,0.0737937566611056
17/09/2019 03:00,0.7424975785016659,0.049687256138759,0.3052775891277997,0.0737937566611056
17/09/2019 04:00,0.7424975785016659,0.049687256138759,0.3052775891277997,0.0737937566611056
17/09/2019 05:00,0.7424975785016659,0.049687256138759,0.3052775891277997,0.0737937566611056
17/09/2019 06:00,0.7424975785016659,0.049687256138759,0.3052775891277997,0.0737937566611056
17/09/2019 07:00,0.7424975785016659,0.049687256138759,0.3052775891277997,0.0737937566611056
17/09/2019 08:00,0.7424975785016659,0.049687256138759,0.3052775891277997,0.0737937566611056
17/09/2019 09:00,0.7424975785016659,0.049687256138759,0.3052775891277997,0.0737937566611056
17/09/2019 10:00,0.7424975785016659,0.049687256138759,0.3052775891277997,0.0737937566611056
17/09/2019 11:00,0.7424975785016659,0.049687256138759,0.3052775891277997,0.0737937566611056
17/09/2019 12:00,0.7424975785016659,0.049687256138759,0.3052775891277997,0.0737937566611056
17/09/2019 13:00,0.7424975785016659,0.049687256138759,0.3052775891277997,0.0737937566611056
17/09/2019 14:00,0.7424975785016659,0.049687256138759,0.3052775891277997,0.0737937566611056
17/09/2019 15:00,0.7424975785016659,0.049687256138759,0.3052775891277997,0.0737937566611056
17/09/2019 16:00,0.7424975785016659,0.049687256138759,0.3052775891277997,0.0737937566611056
17/09/2019 17:00,0.7424975785016659,0.049687256138759,0.3052775891277997,0.0737937566611056
17/09/2019 18:00,0.7424975785016659,0.049687256138759,0.3052775891277997,0.0737937566611056
17/09/2019 19:00,0.7424975785016659,0.049687256138759,0.3052775891277997,0.0737937566611056
17/09/2019 20:00,0.7424975785016659,0.049687256138759,0.3052775891277997,0.0737937566611056
17/09/2019 21:00,0.7424975785016659,0.049687256138759,0.3052775891277997,0.0737937566611056
17/09/2019 22:00,0.7424975785016659,0.049687256138759,0.3052775891277997,0.0737937566611056
17/09/2019 23:00,0.7424975785016659,0.049687256138759,0.3052775891277997,0.0737937566611056
18/09/2019 00:00,0.7424975785016659,0.049687256138759,0.3052775891277997,0.0737937566611056
18/09/2019 01:00,0.7424975785016659,0.049687256138759,0.3052775891277997,0.0737937566611056
18/09/2019 02:00,0.7424975785016659,0.049687256138759,0.3052775891277997,0.0737937566611056
18/09/2019 03:00,0.7424975785016659,0.049687256138759,0.3052775891277997,0.0737937566611056
18/09/2019 04:00,0.7424975785016659,0.049687256138759,0.3052775891277997,0.0737937566611056
18/09/2019 05:00,0.7424975785016659,0.049687256138759,0.3052775891277997,0.0737937566611056
18/09/2019 06:00,0.7424975785016659,0.049687256138759,0.3052775891277997,0.0737937566611056
18/09/2019 07:00,0.7424975785016659,0.049687256138759,0.3052775891277997,0.0737937566611056
18/09/2019 08:00,0.7424975785016659,0.049687256138759,0.3052775891277997,0.0737937566611056
18/09/2019 09:00,0.7424975785016659,0.049687256138759,0.3052775891277997,0.0737937566611056
18/09/2019 10:00,0.7424975785016659,0.049687256138759,0.3052775891277997,0.0737937566611056
18/09/2019 11:00,0.7424975785016659,0.049687256138759,0.3052775891277997,0.0737937566611056
18/09/2019 12:00,0.7424975785016659,0.049687256138759,0.3052775891277997,0.0737937566611056
18/09/2019 13:00,0.7424975785016659,0.049687256138759,0.3052775891277997,0.0737937566611056
18/09/2019 14:00,0.7424975785016659,0.049687256138759,0.3052775891277997,0.0737937566611056
18/09/2019 15:00,0.7424975785016659,0.049687256138759,0.3052775891277997,0.0737937566611056
18/09/2019 16:00,0.7424975785016659,0.049687256138759,0.3052775891277997,0.0737937566611056
18/09/2019 17:00,0.7424975785016659,0.049687256138759,0.3052775891277997,0.0737937566611056
18/09/2019 18:00,0.7424975785016659,0.049687256138759,0.3052775891277997,0.0737937566611056
18/09/2019 19:00,0.7424975785016659,0.049687256138759,0.3052775891277997,0.0737937566611056
18/09/2019 20:00,0.7424975785016659,0.049687256138759,0.3052775891277997,0.0737937566611056
18/09/2019 21:00,0.7424975785016659,0.049687256138759,0.3052775891277997,0.0737937566611056
18/09/2019 22:00,0.7424975785016659,0.049687256138759,0.3052775891277997,0.0737937566611056
18/09/2019 23:00,0.7424975785016659,0.049687256138759,0.3052775891277997,0.0737937566611056
19/09/2019 00:00,0.7424975785016659,0.049687256138759,0.3052775891277997,0.0737937566611056
19/09/2019 01:00,0.7424975785016659,0.049687256138759,0.3052775891277997,0.0737937566611056
19/09/2019 02:00,0.7424975785016659,0.049687256138759,0.3052775891277997,0.0737937566611056
19/09/2019 03:00,0.7424975785016659,0.049687256138759,0.3052775891277997,0.0737937566611056
19/09/2019 04:00,0.7424975785016659,0.049687256138759,0.3052775891277997,0.0737937566611056
19/09/2019 05:00,0.7424975785016659,0.049687256138759,0.3052775891277997,0.0737937566611056
19/09/2019 06:00,0.7424975785016659,0.049687256138759,0.3052775891277997,0.0737937566611056
19/09/2019 07:00,0.7424975785016659,0.049687256138759,0.3052775891277997,0.0737937566611056
19/09/2019 08:00,0.7424975785016659,0.049687256138759,0.3052775891277997,0.0737937566611056
19/09/2019 09:00,0.7424975785016659,0.049687256138759,0.3052775891277997,0.0737937566611056
19/09/2019 10:00,0.7424975785016659,0.049687256138759,0.3052775891277997,0.0737937566611056
19/09/2019 11:00,0.7424975785016659,0.049687256138759,0.3052775891277997,0.0737937566611056
19/09/2019 12:00,0.7424975785016659,0.049687256138759,0.3052775891277997,0.0737937566611056
19/09/2019 13:00,0.7424975785016659,0.049687256138759,0.3052775891277997,0.0737937566611056
19/09/2019 14:00,0.7424975785016659,0.049687256138759,0.3052775891277997,0.0737937566611056
19/09/2019 15:00,0.7424975785016659,0.049687256138759,0.3052775891277997,0.0737937566611056
19/09/2019 16:00,0.7424975785016659,0.049687256138759,0.3052775891277997,0.0737937566611056
19/09/2019 17:00,0.7424975785016659,0.049687256138759,0.3052775891277997,0.0737937566611056
19/09/2019 18:00,0.7424975785016659,0.049687256138759,0.3052775891277997,0.0737937566611056
19/09/2019 19:00,0.7424975785016659,0.049687256138759,0.3052775891277997,0.0737937566611056
19/09/2019 20:00,0.7424975785016659,0.049687256138759,0.3052775891277997,0.0737937566611056
19/09/2019 21:00,0.7424975785016659,0.049687256138759,0.3052775891277997,0.0737937566611056
19/09/2019 22:00,0.7424975785016659,0.049687256138759,0.3052775891277997,0.0737937566611056
19/09/2019 23:00,0.7424975785016659,0.049687256138759,0.3052775891277997,0.0737937566611056
20/09/2019 00:00,0.7424975785016659,0.049687256138759,0.3052775891277997,0.0737937566611056
20/09/2019 01:00,0.7424975785016659,0.049687256138759,0.3052775891277997,0.0737937566611056
20/09/2019 02:00,0.7424975785016659,0.049687256138759,0.3052775891277997,0.0737937566611056
20/09/2019 03:00,0.7424975785016659,0.049687256138759,0.3052775891277997,0.0737937566611056
20/09/2019 04:00,0.7424975785016659,0.049687256138759,0.3052775891277997,0.0737937566611056
20/09/2019 05:00,0.7424975785016659,0.049687256138759,0.3052775891277997,0.0737937566611056
20/09/2019 06:00,0.7424975785016659,0.049687256138759,0.3052775891277997,0.0737937566611056
20/09/2019 07:00,0.7424975785016659,0.049687256138759,0.3052775891277997,0.0737937566611056
20/09/2019 08:00,0.7424975785016659,0.049687256138759,0.3052775891277997,0.0737937566611056
20/09/2019 09:00,0.7424975785016659,0.049687256138759,0.3052775891277997,0.0737937566611056
20/09/2019 10:00,0.7424975785016659,0.049687256138759,0.3052775891277997,0.0737937566611056
20/09/2019 11:00,0.7424975785016659,0.049687256138759,0.3052775891277997,0.0737937566611056
20/09/2019 12:00,0.7424975785016659,0.049687256138759,0.3052775891277997,0.0737937566611056
20/09/2019 13:00,0.7424975785016659,0.049687256138759,0.3052775891277997,0.0737937566611056
20/09/2019 14:00,0.7424975785016659,0.049687256138759,0.3052775891277997,0.0737937566611056
20/09/2019 15:00,0.7424975785016659,0.049687256138759,0.3052775891277997,0.0737937566611056
20/09/2019 16:00,0.7424975785016659,0.049687256138759,0.3052775891277997,0.0737937566611056
20/09/2019 17:00,0.7424975785016659,0.049687256138759,0.3052775891277997,0.0737937566611056
20/09/2019 18:00,0.7424975785016659,0.049687256138759,0.3052775891277997,0.0737937566611056
20/09/2019 19:00,0.7424975785016659,0.049687256138759,0.3052775891277997,0.0737937566611056
20/09/2019 20:00,0.7424975785016659,0.049687256138759,0.3052775891277997,0.0737937566611056
20/09/2019 21:00,0.7424975785016659,0.049687256138759,0.3052775891277997,0.0737937566611056
20/09/2019 22:00,0.7424975785016659,0.049687256138759,0.3052775891277997,0.0737937566611056
20/09/2019 23:00,0.7424975785016659,0.049687256138759,0.3052775891277997,0.0737937566611056
21/09/2019 00:00,0.7424975785016659,0.049687256138759,0.3052775891277997,0.0737937566611056
21/09/2019 01:00,0.7424975785016659,0.049687256138759,0.3052775891277997,0.0737937566611056
21/09/2019 02:00,0.7424975785016659,0.049687256138759,0.3052775891277997,0.0737937566611056
21/09/2019 03:00,0.7424975785016659,0.049687256138759,0.3052775891277997,0.0737937566611056
21/09/2019 04:00,0.7424975785016659,0.049687256138759,0.3052775891277997,0.0737937566611056
21/09/2019 05:00,0.7424975785016659,0.049687256138759,0.3052775891277997,0.0737937566611056
21/09/2019 06:00,0.7424975785016659,0.049687256138759,0.3052775891277997,0.0737937566611056
21/09/2019 07:00,0.7424975785016659,0.049687256138759,0.3052775891277997,0.0737937566611056
21/09/2019 08:00,0.7424975785016659,0.049687256138759,0.3052775891277997,0.0737937566611056
21/09/2019 09:00,0.7424975785016659,0.049687256138759,0.3052775891277997,0.0737937566611056
21/09/2019 10:00,0.7424975785016659,0.049687256138759,0.3052775891277997,0.0737937566611056
21/09/2019 11:00,0.7424975785016659,0.049687256138759,0.3052775891277997,0.0737937566611056
21/09/2019 12:00,0.7424975785016659,0.049687256138759,0.3052775891277997,0.0737937566611056
21/09/2019 13:00,0.7424975785016659,0.049687256138759,0.3052775891277997,0.0737937566611056
21/09/2019 14:00,0.7424975785016659,0.049687256138759,0.3052775891277997,0.0737937566611056
21/09/2019 15:00,0.7424975785016659,0.049687256138759,0.3052775891277997,0.0737937566611056
21/09/2019 16:00,0.7424975785016659,0.049687256138759,0.3052775891277997,0.0737937566611056
21/09/2019 17:00,0.7424975785016659,0.049687256138759,0.3052775891277997,0.0737937566611056
21/09/2019 18:00,0.7424975785016659,0.049687256138759,0.3052775891277997,0.0737937566611056
21/09/2019 19:00,0.7424975785016659,0.049687256138759,0.3052775891277997,0.0737937566611056
21/09/2019 20:00,0.7424975785016659,0.049687256138759,0.3052775891277997,0.0737937566611056
21/09/2019 21:00,0.7424975785016659,0.049687256138759,0.3052775891277997,0.0737937566611056
21/09/2019 22:00,0.7424975785016659,0.049687256138759,0.3052775891277997,0.0737937566611056
21/09/2019 23:00,0.7424975785016659,0.049687256138759,0.3052775891277997,0.0737937566611056
22/09/2019 00:00,0.7424975785016659,0.049687256138759,0.3052775891277997,0.0737937566611056
22/09/2019 01:00,0.7424975785016659,0.049687256138759,0.3052775891277997,0.0737937566611056
22/09/2019 02:00,0.7424975785016659,0.049687256138759,0.3052775891277997,0.0737937566611056
22/09/2019 03:00,0.7424975785016659,0.049687256138759,0.3052775891277997,0.0737937566611056
22/09/2019 04:00,0.7424975785016659,0.049687256138759,0.3052775891277997,0.0737937566611056
22/09/2019 05:00,0.7424975785016659,0.049687256138759,0.3052775891277997,0.0737937566611056
22/09/2019 06:00,0.7424975785016659,0.049687256138759,0.3052775891277997,0.0737937566611056
22/09/2019 07:00,0.7424975785016659,0.049687256138759,0.3052775891277997,0.0737937566611056
22/09/2019 08:00,0.7424975785016659,0.049687256138759,0.3052775891277997,0.0737937566611056
22/09/2019 09:00,0.7424975785016659,0.049687256138759,0.3052775891277997,0.0737937566611056
22/09/2019 10:00,0.7424975785016659,0.049687256138759,0.3052775891277997,0.0737937566611056
22/09/2019 11:00,0.7424975785016659,0.049687256138759,0.3052775891277997,0.0737937566611056
22/09/2019 12:00,0.7424975785016659,0.049687256138759,0.3052775891277997,0.0737937566611056
22/09/2019 13:00,0.7424975785016659,0.049687256138759,0.3052775891277997,0.0737937566611056
22/09/2019 14:00,0.7424975785016659,0.049687256138759,0.3052775891277997,0.0737937566611056
22/09/2019 15:00,0.7424975785016659,0.049687256138759,0.3052775891277997,0.0737937566611056
22/09/2019 16:00,0.7424975785016659,0.049687256138759,0.3052775891277997,0.0737937566611056
22/09/2019 17:00,0.7424975785016659,0.049687256138759,0.3052775891277997,0.0737937566611056
22/09/2019 18:00,0.7424975785016659,0.049687256138759,0.3052775891277997,0.0737937566611056
22/09/2019 19:00,0.7424975785016659,0.049687256138759,0.3052775891277997,0.0737937566611056
22/09/2019 20:00,0.7424975785016659,0.049687256138759,0.3052775891277997,0.0737937566611056
22/09/2019 21:00,0.7424975785016659,0.049687256138759,0.3052775891277997,0.0737937566611056
22/09/2019 22:00,0.7424975785016659,0.049687256138759,0.3052775891277997,0.0737937566611056
22/09/2019 23:00,0.7424975785016659,0.049687256138759,0.3052775891277997,0.0737937566611056
23/09/2019 00:00,0.7424975785016659,0.049687256138759,0.3052775891277997,0.0737937566611056
23/09/2019 01:00,0.7424975785016659,0.049687256138759,0.3052775891277997,0.0737937566611056
23/09/2019 02:00,0.7424975785016659,0.049687256138759,0.3052775891277997,0.0737937566611056
23/09/2019 03:00,0.7424975785016659,0.049687256138759,0.3052775891277997,0.0737937566611056
23/09/2019 04:00,0.7424975785016659,0.049687256138759,0.3052775891277997,0.0737937566611056
23/09/2019 05:00,0.7424975785016659,0.049687256138759,0.3052775891277997,0.0737937566611056
23/09/2019 06:00,0.7424975785016659,0.049687256138759,0.3052775891277997,0.0737937566611056
23/09/2019 07:00,0.7424975785016659,0.049687256138759,0.3052775891277997,0.0737937566611056
23/09/2019 08:00,0.7424975785016659,0.049687256138759,0.3052775891277997,0.0737937566611056
23/09/2019 09:00,0.7424975785016659,0.049687256138759,0.3052775891277997,0.0737937566611056
23/09/2019 10:00,0.7424975785016659,0.049687256138759,0.3052775891277997,0.0737937566611056
23/09/2019 11:00,0.7424975785016659,0.049687256138759,0.3052775891277997,0.0737937566611056
23/09/2019 12:00,0.7424975785016659,0.049687256138759,0.3052775891277997,0.0737937566611056
23/09/2019 13:00,0.7424975785016659,0.049687256138759,0.3052775891277997,0.0737937566611056
23/09/2019 14:00,0.7424975785016659,0.049687256138759,0.3052775891277997,0.0737937566611056
23/09/2019 15:00,0.7424975785016659,0.049687256138759,0.3052775891277997,0.0737937566611056
23/09/2019 16:00,0.7424975785016659,0.049687256138759,0.3052775891277997,0.0737937566611056
23/09/2019 17:00,0.7424975785016659,0.049687256138759,0.3052775891277997,0.0737937566611056
23/09/2019 18:00,0.7424975785016659,0.049687256138759,0.3052775891277997,0.0737937566611056
23/09/2019 19:00,0.7424975785016659,0.049687256138759,0.3052775891277997,0.0737937566611056
23/09/2019 20:00,0.7424975785016659,0.049687256138759,0.3052775891277997,0.0737937566611056
23/09/2019 21:00,0.7424975785016659,0.049687256138759,0.3052775891277997,0.0737937566611056
23/09/2019 22:00,0.7424975785016659,0.049687256138759,0.3052775891277997,0.0737937566611056
23/09/2019 23:00,0.7424975785016659,0.049687256138759,0.3052775891277997,0.0737937566611056
24/09/2019 00:00,0.7424975785016659,0.049687256138759,0.3052775891277997,0.0737937566611056
24/09/2019 01:00,0.7424975785016659,0.049687256138759,0.3052775891277997,0.0737937566611056
24/09/2019 02:00,0.7424975785016659,0.049687256138759,0.3052775891277997,0.0737937566611056
24/09/2019 03:00,0.7424975785016659,0.049687256138759,0.3052775891277997,0.0737937566611056
24/09/2019 04:00,0.7424975785016659,0.049687256138759,0.3052775891277997,0.0737937566611056
24/09/2019 05:00,0.7424975785016659,0.049687256138759,0.3052775891277997,0.0737937566611056
24/09/2019 06:00,0.7424975785016659,0.049687256138759,0.3052775891277997,0.0737937566611056
24/09/2019 07:00,0.7424975785016659,0.049687256138759,0.3052775891277997,0.0737937566611056
24/09/2019 08:00,0.7424975785016659,0.049687256138759,0.3052775891277997,0.0737937566611056
24/09/2019 09:00,0.7424975785016659,0.049687256138759,0.3052775891277997,0.0737937566611056
24/09/2019 10:00,0.7424975785016659,0.049687256138759,0.3052775891277997,0.0737937566611056
24/09/2019 11:00,0.7424975785016659,0.049687256138759,0.3052775891277997,0.0737937566611056
24/09/2019 12:00,0.7424975785016659,0.049687256138759,0.3052775891277997,0.0737937566611056
24/09/2019 13:00,0.7424975785016659,0.049687256138759,0.3052775891277997,0.0737937566611056
24/09/2019 14:00,0.7424975785016659,0.049687256138759,0.3052775891277997,0.0737937566611056
24/09/2019 15:00,0.7424975785016659,0.049687256138759,0.3052775891277997,0.0737937566611056
24/09/2019 16:00,0.7424975785016659,0.049687256138759,0.3052775891277997,0.0737937566611056
24/09/2019 17:00,0.7424975785016659,0.049687256138759,0.3052775891277997,0.0737937566611056
24/09/2019 18:00,0.7424975785016659,0.049687256138759,0.3052775891277997,0.0737937566611056
24/09/2019 19:00,0.7424975785016659,0.049687256138759,0.3052775891277997,0.0737937566611056
24/09/2019 20:00,0.7424975785016659,0.049687256138759,0.3052775891277997,0.0737937566611056
24/09/2019 21:00,0.7424975785016659,0.049687256138759,0.3052775891277997,0.0737937566611056
24/09/2019 22:00,0.7424975785016659,0.049687256138759,0.3052775891277997,0.0737937566611056
24/09/2019 23:00,0.7424975785016659,0.049687256138759,0.3052775891277997,0.0737937566611056
25/09/2019 00:00,0.7424975785016659,0.049687256138759,0.3052775891277997,0.0737937566611056
25/09/2019 01:00,0.7424975785016659,0.049687256138759,0.3052775891277997,0.0737937566611056
25/09/2019 02:00,0.7424975785016659,0.049687256138759,0.3052775891277997,0.0737937566611056
25/09/2019 03:00,0.7424975785016659,0.049687256138759,0.3052775891277997,0.0737937566611056
25/09/2019 04:00,0.7424975785016659,0.049687256138759,0.3052775891277997,0.0737937566611056
25/09/2019 05:00,0.7424975785016659,0.049687256138759,0.3052775891277997,0.0737937566611056
25/09/2019 06:00,0.7424975785016659,0.049687256138759,0.3052775891277997,0.0737937566611056
25/09/2019 07:00,0.7424975785016659,0.049687256138759,0.3052775891277997,0.0737937566611056
25/09/2019 08:00,0.7424975785016659,0.049687256138759,0.3052775891277997,0.0737937566611056
25/09/2019 09:00,0.7424975785016659,0.049687256138759,0.3052775891277997,0.0737937566611056
25/09/2019 10:00,0.7424975785016659,0.049687256138759,0.3052775891277997,0.0737937566611056
25/09/2019 11:00,0.7424975785016659,0.049687256138759,0.3052775891277997,0.0737937566611056
25/09/2019 12:00,0.7424975785016659,0.049687256138759,0.3052775891277997,0.0737937566611056
25/09/2019 13:00,0.7424975785016659,0.049687256138759,0.3052775891277997,0.0737937566611056
25/09/2019 14:00,0.7424975785016659,0.049687256138759,0.3052775891277997,0.0737937566611056
25/09/2019 15:00,0.7424975785016659,0.049687256138759,0.3052775891277997,0.0737937566611056
25/09/2019 16:00,0.7424975785016659,0.049687256138759,0.3052775891277997,0.0737937566611056
25/09/2019 17:00,0.7424975785016659,0.049687256138759,0.3052775891277997,0.0737937566611056
25/09/2019 18:00,0.7424975785016659,0.049687256138759,0.3052775891277997,0.0737937566611056
25/09/2019 19:00,0.7424975785016659,0.049687256138759,0.3052775891277997,0.0737937566611056
25/09/2019 20:00,0.7424975785016659,0.049687256138759,0.3052775891277997,0.0737937566611056
25/09/2019 21:00,0.7424975785016659,0.049687256138759,0.3052775891277997,0.0737937566611056
25/09/2019 22:00,0.7424975785016659,0.049687256138759,0.3052775891277997,0.0737937566611056
25/09/2019 23:00,0.7424975785016659,0.049687256138759,0.3052775891277997,0.0737937566611056
26/09/2019 00:00,0.7424975785016659,0.049687256138759,0.3052775891277997,0.0737937566611056
26/09/2019 01:00,0.7424975785016659,0.049687256138759,0.3052775891277997,0.0737937566611056
26/09/2019 02:00,0.7424975785016659,0.049687256138759,0.3052775891277997,0.0737937566611056
26/09/2019 03:00,0.7424975785016659,0.049687256138759,0.3052775891277997,0.0737937566611056
26/09/2019 04:00,0.7424975785016659,0.049687256138759,0.3052775891277997,0.0737937566611056
26/09/2019 05:00,0.7424975785016659,0.049687256138759,0.3052775891277997,0.0737937566611056
26/09/2019 06:00,0.7424975785016659,0.049687256138759,0.3052775891277997,0.0737937566611056
26/09/2019 07:00,0.7424975785016659,0.049687256138759,0.3052775891277997,0.0737937566611056
26/09/2019 08:00,0.7424975785016659,0.049687256138759,0.3052775891277997,0.0737937566611056
26/09/2019 09:00,0.7424975785016659,0.049687256138759,0.3052775891277997,0.0737937566611056
26/09/2019 10:00,0.7424975785016659,0.049687256138759,0.3052775891277997,0.0737937566611056
26/09/2019 11:00,0.7424975785016659,0.049687256138759,0.3052775891277997,0.0737937566611056
26/09/2019 12:00,0.7424975785016659,0.049687256138759,0.3052775891277997,0.0737937566611056
26/09/2019 13:00,0.7424975785016659,0.049687256138759,0.3052775891277997,0.0737937566611056
26/09/2019 14:00,0.7424975785016659,0.049687256138759,0.3052775891277997,0.0737937566611056
26/09/2019 15:00,0.7424975785016659,0.049687256138759,0.3052775891277997,0.0737937566611056
26/09/2019 16:00,0.7424975785016659,0.049687256138759,0.3052775891277997,0.0737937566611056
26/09/2019 17:00,0.7424975785016659,0.049687256138759,0.3052775891277997,0.0737937566611056
26/09/2019 18:00,0.7424975785016659,0.049687256138759,0.3052775891277997,0.0737937566611056
26/09/2019 19:00,0.7424975785016659,0.049687256138759,0.3052775891277997,0.0737937566611056
26/09/2019 20:00,0.7424975785016659,0.049687256138759,0.3052775891277997,0.0737937566611056
26/09/2019 21:00,0.7424975785016659,0.049687256138759,0.3052775891277997,0.0737937566611056
26/09/2019 22:00,0.7424975785016659,0.049687256138759,0.3052775891277997,0.0737937566611056
26/09/2019 23:00,0.7424975785016659,0.049687256138759,0.3052775891277997,0.0737937566611056
27/09/2019 00:00,0.7424975785016659,0.049687256138759,0.3052775891277997,0.0737937566611056
27/09/2019 01:00,0.7424975785016659,0.049687256138759,0.3052775891277997,0.0737937566611056
27/09/2019 02:00,0.7424975785016659,0.049687256138759,0.3052775891277997,0.0737937566611056
27/09/2019 03:00,0.7424975785016659,0.049687256138759,0.3052775891277997,0.0737937566611056
27/09/2019 04:00,0.7424975785016659,0.049687256138759,0.3052775891277997,0.0737937566611056
27/09/2019 05:00,0.7424975785016659,0.049687256138759,0.3052775891277997,0.0737937566611056
27/09/2019 06:00,0.7424975785016659,0.049687256138759,0.3052775891277997,0.0737937566611056
27/09/2019 07:00,0.7424975785016659,0.049687256138759,0.3052775891277997,0.0737937566611056
27/09/2019 08:00,0.7424975785016659,0.049687256138759,0.3052775891277997,0.0737937566611056
27/09/2019 09:00,0.7424975785016659,0.049687256138759,0.3052775891277997,0.0737937566611056
27/09/2019 10:00,0.7424975785016659,0.049687256138759,0.3052775891277997,0.0737937566611056
27/09/2019 11:00,0.7424975785016659,0.049687256138759,0.3052775891277997,0.0737937566611056
27/09/2019 12:00,0.7424975785016659,0.049687256138759,0.3052775891277997,0.0737937566611056
27/09/2019 13:00,0.7424975785016659,0.049687256138759,0.3052775891277997,0.0737937566611056
27/09/2019 14:00,0.7424975785016659,0.049687256138759,0.3052775891277997,0.0737937566611056
27/09/2019 15:00,0.7424975785016659,0.049687256138759,0.3052775891277997,0.0737937566611056
27/09/2019 16:00,0.7424975785016659,0.049687256138759,0.3052775891277997,0.0737937566611056
27/09/2019 17:00,0.7424975785016659,0.049687256138759,0.3052775891277997,0.0737937566611056
27/09/2019 18:00,0.7424975785016659,0.049687256138759,0.3052775891277997,0.0737937566611056
27/09/2019 19:00,0.7424975785016659,0.049687256138759,0.3052775891277997,0.0737937566611056
27/09/2019 20:00,0.7424975785016659,0.049687256138759,0.3052775891277997,0.0737937566611056
27/09/2019 21:00,0.7424975785016659,0.049687256138759,0.3052775891277997,0.0737937566611056
27/09/2019 22:00,0.7424975785016659,0.049687256138759,0.3052775891277997,0.0737937566611056
27/09/2019 23:00,0.7424975785016659,0.049687256138759,0.3052775891277997,0.0737937566611056
28/09/2019 00:00,0.7424975785016659,0.049687256138759,0.3052775891277997,0.0737937566611056
28/09/2019 01:00,0.7424975785016659,0.049687256138759,0.3052775891277997,0.0737937566611056
28/09/2019 02:00,0.7424975785016659,0.049687256138759,0.3052775891277997,0.0737937566611056
28/09/2019 03:00,0.7424975785016659,0.049687256138759,0.3052775891277997,0.0737937566611056
28/09/2019 04:00,0.7424975785016659,0.049687256138759,0.3052775891277997,0.0737937566611056
28/09/2019 05:00,0.7424975785016659,0.049687256138759,0.3052775891277997,0.0737937566611056
28/09/2019 06:00,0.7424975785016659,0.049687256138759,0.3052775891277997,0.0737937566611056
28/09/2019 07:00,0.7424975785016659,0.049687256138759,0.3052775891277997,0.0737937566611056
28/09/2019 08:00,0.7424975785016659,0.049687256138759,0.3052775891277997,0.0737937566611056
28/09/2019 09:00,0.7424975785016659,0.049687256138759,0.3052775891277997,0.0737937566611056
28/09/2019 10:00,0.7424975785016659,0.049687256138759,0.3052775891277997,0.0737937566611056
28/09/2019 11:00,0.7424975785016659,0.049687256138759,0.3052775891277997,0.0737937566611056
28/09/2019 12:00,0.7424975785016659,0.049687256138759,0.3052775891277997,0.0737937566611056
28/09/2019 13:00,0.7424975785016659,0.049687256138759,0.3052775891277997,0.0737937566611056
28/09/2019 14:00,0.7424975785016659,0.049687256138759,0.3052775891277997,0.0737937566611056
28/09/2019 15:00,0.7424975785016659,0.049687256138759,0.3052775891277997,0.0737937566611056
28/09/2019 16:00,0.7424975785016659,0.049687256138759,0.3052775891277997,0.0737937566611056
28/09/2019 17:00,0.7424975785016659,0.049687256138759,0.3052775891277997,0.0737937566611056
28/09/2019 18:00,0.7424975785016659,0.049687256138759,0.3052775891277997,0.0737937566611056
28/09/2019 19:00,0.7424975785016659,0.049687256138759,0.3052775891277997,0.0737937566611056
28/09/2019 20:00,0.7424975785016659,0.049687256138759,0.3052775891277997,0.0737937566611056
28/09/2019 21:00,0.7424975785016659,0.049687256138759,0.3052775891277997,0.0737937566611056
28/09/2019 22:00,0.7424975785016659,0.049687256138759,0.3052775891277997,0.0737937566611056
28/09/2019 23:00,0.7424975785016659,0.049687256138759,0.3052775891277997,0.0737937566611056
29/09/2019 00:00,0.7424975785016659,0.049687256138759,0.3052775891277997,0.0737937566611056
29/09/2019 01:00,0.7424975785016659,0.049687256138759,0.3052775891277997,0.0737937566611056
29/09/2019 02:00,0.7424975785016659,0.049687256138759,0.3052775891277997,0.0737937566611056
29/09/2019 03:00,0.7424975785016659,0.049687256138759,0.3052775891277997,0.0737937566611056
29/09/2019 04:00,0.7424975785016659,0.049687256138759,0.3052775891277997,0.0737937566611056
29/09/2019 05:00,0.7424975785016659,0.049687256138759,0.3052775891277997,0.0737937566611056
29/09/2019 06:00,0.7424975785016659,0.049687256138759,0.3052775891277997,0.0737937566611056
29/09/2019 07:00,0.7424975785016659,0.049687256138759,0.3052775891277997,0.0737937566611056
29/09/2019 08:00,0.7424975785016659,0.049687256138759,0.3052775891277997,0.0737937566611056
29/09/2019 09:00,0.7424975785016659,0.049687256138759,0.3052775891277997,0.0737937566611056
29/09/2019 10:00,0.7424975785016659,0.049687256138759,0.3052775891277997,0.0737937566611056
29/09/2019 11:00,0.7424975785016659,0.049687256138759,0.3052775891277997,0.0737937566611056
29/09/2019 12:00,0.7424975785016659,0.049687256138759,0.3052775891277997,0.0737937566611056
29/09/2019 13:00,0.7424975785016659,0.049687256138759,0.3052775891277997,0.0737937566611056
29/09/2019 14:00,0.7424975785016659,0.049687256138759,0.3052775891277997,0.0737937566611056
29/09/2019 15:00,0.7424975785016659,0.049687256138759,0.3052775891277997,0.0737937566611056
29/09/2019 16:00,0.7424975785016659,0.049687256138759,0.3052775891277997,0.0737937566611056
29/09/2019 17:00,0.7424975785016659,0.049687256138759,0.3052775891277997,0.0737937566611056
29/09/2019 18:00,0.7424975785016659,0.049687256138759,0.3052775891277997,0.0737937566611056
29/09/2019 19:00,0.7424975785016659,0.049687256138759,0.3052775891277997,0.0737937566611056
29/09/2019 20:00,0.7424975785016659,0.049687256138759,0.3052775891277997,0.0737937566611056
29/09/2019 21:00,0.7424975785016659,0.049687256138759,0.3052775891277997,0.0737937566611056
29/09/2019 22:00,0.7424975785016659,0.049687256138759,0.3052775891277997,0.0737937566611056
29/09/2019 23:00,0.7424975785016659,0.049687256138759,0.3052775891277997,0.0737937566611056
30/09/2019 00:00,0.7424975785016659,0.049687256138759,0.3052775891277997,0.0737937566611056
30/09/2019 01:00,0.7424975785016659,0.049687256138759,0.3052775891277997,0.0737937566611056
30/09/2019 02:00,0.7424975785016659,0.049687256138759,0.3052775891277997,0.0737937566611056
30/09/2019 03:00,0.7424975785016659,0.049687256138759,0.3052775891277997,0.0737937566611056
30/09/2019 04:00,0.7424975785016659,0.049687256138759,0.3052775891277997,0.0737937566611056
30/09/2019 05:00,0.7424975785016659,0.049687256138759,0.3052775891277997,0.0737937566611056
30/09/2019 06:00,0.7424975785016659,0.049687256138759,0.3052775891277997,0.0737937566611056
30/09/2019 07:00,0.7424975785016659,0.049687256138759,0.3052775891277997,0.0737937566611056
30/09/2019 08:00,0.7424975785016659,0.049687256138759,0.3052775891277997,0.0737937566611056
30/09/2019 09:00,0.7424975785016659,0.049687256138759,0.3052775891277997,0.0737937566611056
30/09/2019 10:00,0.7424975785016659,0.049687256138759,0.3052775891277997,0.0737937566611056
30/09/2019 11:00,0.7424975785016659,0.049687256138759,0.3052775891277997,0.0737937566611056
30/09/2019 12:00,0.7424975785016659,0.049687256138759,0.3052775891277997,0.0737937566611056
30/09/2019 13:00,0.7424975785016659,0.049687256138759,0.3052775891277997,0.0737937566611056
30/09/2019 14:00,0.7424975785016659,0.049687256138759,0.3052775891277997,0.0737937566611056
30/09/2019 15:00,0.7424975785016659,0.049687256138759,0.3052775891277997,0.0737937566611056
30/09/2019 16:00,0.7424975785016659,0.049687256138759,0.3052775891277997,0.0737937566611056
30/09/2019 17:00,0.7424975785016659,0.049687256138759,0.3052775891277997,0.0737937566611056
30/09/2019 18:00,0.7424975785016659,0.049687256138759,0.3052775891277997,0.0737937566611056
30/09/2019 19:00,0.7424975785016659,0.049687256138759,0.3052775891277997,0.0737937566611056
30/09/2019 20:00,0.7424975785016659,0.049687256138759,0.3052775891277997,0.0737937566611056
30/09/2019 21:00,0.7424975785016659,0.049687256138759,0.3052775891277997,0.0737937566611056
30/09/2019 22:00,0.7424975785016659,0.049687256138759,0.3052775891277997,0.0737937566611056
30/09/2019 23:00,0.7424975785016659,0.049687256138759,0.3052775891277997,0.0737937566611056
01/10/2019 00:00,0.8366641425459233,0.0684230945890537,0.5304497012129263,0.0797262397181397
01/10/2019 01:00,0.8366641425459233,0.0684230945890537,0.5304497012129263,0.0797262397181397
01/10/2019 02:00,0.8366641425459233,0.0684230945890537,0.5304497012129263,0.0797262397181397
01/10/2019 03:00,0.8366641425459233,0.0684230945890537,0.5304497012129263,0.0797262397181397
01/10/2019 04:00,0.8366641425459233,0.0684230945890537,0.5304497012129263,0.0797262397181397
01/10/2019 05:00,0.8366641425459233,0.0684230945890537,0.5304497012129263,0.0797262397181397
01/10/2019 06:00,0.8366641425459233,0.0684230945890537,0.5304497012129263,0.0797262397181397
01/10/2019 07:00,0.8366641425459233,0.0684230945890537,0.5304497012129263,0.0797262397181397
01/10/2019 08:00,0.8366641425459233,0.0684230945890537,0.5304497012129263,0.0797262397181397
01/10/2019 09:00,0.8366641425459233,0.0684230945890537,0.5304497012129263,0.0797262397181397
01/10/2019 10:00,0.8366641425459233,0.0684230945890537,0.5304497012129263,0.0797262397181397
01/10/2019 11:00,0.8366641425459233,0.0684230945890537,0.5304497012129263,0.0797262397181397
01/10/2019 12:00,0.8366641425459233,0.0684230945890537,0.5304497012129263,0.0797262397181397
01/10/2019 13:00,0.8366641425459233,0.0684230945890537,0.5304497012129263,0.0797262397181397
01/10/2019 14:00,0.8366641425459233,0.0684230945890537,0.5304497012129263,0.0797262397181397
01/10/2019 15:00,0.8366641425459233,0.0684230945890537,0.5304497012129263,0.0797262397181397
01/10/2019 16:00,0.8366641425459233,0.0684230945890537,0.5304497012129263,0.0797262397181397
01/10/2019 17:00,0.8366641425459233,0.0684230945890537,0.5304497012129263,0.0797262397181397
01/10/2019 18:00,0.8366641425459233,0.0684230945890537,0.5304497012129263,0.0797262397181397
01/10/2019 19:00,0.8366641425459233,0.0684230945890537,0.5304497012129263,0.0797262397181397
01/10/2019 20:00,0.8366641425459233,0.0684230945890537,0.5304497012129263,0.0797262397181397
01/10/2019 21:00,0.8366641425459233,0.0684230945890537,0.5304497012129263,0.0797262397181397
01/10/2019 22:00,0.8366641425459233,0.0684230945890537,0.5304497012129263,0.0797262397181397
01/10/2019 23:00,0.8366641425459233,0.0684230945890537,0.5304497012129263,0.0797262397181397
02/10/2019 00:00,0.8366641425459233,0.0684230945890537,0.5304497012129263,0.0797262397181397
02/10/2019 01:00,0.8366641425459233,0.0684230945890537,0.5304497012129263,0.0797262397181397
02/10/2019 02:00,0.8366641425459233,0.0684230945890537,0.5304497012129263,0.0797262397181397
02/10/2019 03:00,0.8366641425459233,0.0684230945890537,0.5304497012129263,0.0797262397181397
02/10/2019 04:00,0.8366641425459233,0.0684230945890537,0.5304497012129263,0.0797262397181397
02/10/2019 05:00,0.8366641425459233,0.0684230945890537,0.5304497012129263,0.0797262397181397
02/10/2019 06:00,0.8366641425459233,0.0684230945890537,0.5304497012129263,0.0797262397181397
02/10/2019 07:00,0.8366641425459233,0.0684230945890537,0.5304497012129263,0.0797262397181397
02/10/2019 08:00,0.8366641425459233,0.0684230945890537,0.5304497012129263,0.0797262397181397
02/10/2019 09:00,0.8366641425459233,0.0684230945890537,0.5304497012129263,0.0797262397181397
02/10/2019 10:00,0.8366641425459233,0.0684230945890537,0.5304497012129263,0.0797262397181397
02/10/2019 11:00,0.8366641425459233,0.0684230945890537,0.5304497012129263,0.0797262397181397
02/10/2019 12:00,0.8366641425459233,0.0684230945890537,0.5304497012129263,0.0797262397181397
02/10/2019 13:00,0.8366641425459233,0.0684230945890537,0.5304497012129263,0.0797262397181397
02/10/2019 14:00,0.8366641425459233,0.0684230945890537,0.5304497012129263,0.0797262397181397
02/10/2019 15:00,0.8366641425459233,0.0684230945890537,0.5304497012129263,0.0797262397181397
02/10/2019 16:00,0.8366641425459233,0.0684230945890537,0.5304497012129263,0.0797262397181397
02/10/2019 17:00,0.8366641425459233,0.0684230945890537,0.5304497012129263,0.0797262397181397
02/10/2019 18:00,0.8366641425459233,0.0684230945890537,0.5304497012129263,0.0797262397181397
02/10/2019 19:00,0.8366641425459233,0.0684230945890537,0.5304497012129263,0.0797262397181397
02/10/2019 20:00,0.8366641425459233,0.0684230945890537,0.5304497012129263,0.0797262397181397
02/10/2019 21:00,0.8366641425459233,0.0684230945890537,0.5304497012129263,0.0797262397181397
02/10/2019 22:00,0.8366641425459233,0.0684230945890537,0.5304497012129263,0.0797262397181397
02/10/2019 23:00,0.8366641425459233,0.0684230945890537,0.5304497012129263,0.0797262397181397
03/10/2019 00:00,0.8366641425459233,0.0684230945890537,0.5304497012129263,0.0797262397181397
03/10/2019 01:00,0.8366641425459233,0.0684230945890537,0.5304497012129263,0.0797262397181397
03/10/2019 02:00,0.8366641425459233,0.0684230945890537,0.5304497012129263,0.0797262397181397
03/10/2019 03:00,0.8366641425459233,0.0684230945890537,0.5304497012129263,0.0797262397181397
03/10/2019 04:00,0.8366641425459233,0.0684230945890537,0.5304497012129263,0.0797262397181397
03/10/2019 05:00,0.8366641425459233,0.0684230945890537,0.5304497012129263,0.0797262397181397
03/10/2019 06:00,0.8366641425459233,0.0684230945890537,0.5304497012129263,0.0797262397181397
03/10/2019 07:00,0.8366641425459233,0.0684230945890537,0.5304497012129263,0.0797262397181397
03/10/2019 08:00,0.8366641425459233,0.0684230945890537,0.5304497012129263,0.0797262397181397
03/10/2019 09:00,0.8366641425459233,0.0684230945890537,0.5304497012129263,0.0797262397181397
03/10/2019 10:00,0.8366641425459233,0.0684230945890537,0.5304497012129263,0.0797262397181397
03/10/2019 11:00,0.8366641425459233,0.0684230945890537,0.5304497012129263,0.0797262397181397
03/10/2019 12:00,0.8366641425459233,0.0684230945890537,0.5304497012129263,0.0797262397181397
03/10/2019 13:00,0.8366641425459233,0.0684230945890537,0.5304497012129263,0.0797262397181397
03/10/2019 14:00,0.8366641425459233,0.0684230945890537,0.5304497012129263,0.0797262397181397
03/10/2019 15:00,0.8366641425459233,0.0684230945890537,0.5304497012129263,0.0797262397181397
03/10/2019 16:00,0.8366641425459233,0.0684230945890537,0.5304497012129263,0.0797262397181397
03/10/2019 17:00,0.8366641425459233,0.0684230945890537,0.5304497012129263,0.0797262397181397
03/10/2019 18:00,0.8366641425459233,0.0684230945890537,0.5304497012129263,0.0797262397181397
03/10/2019 19:00,0.8366641425459233,0.0684230945890537,0.5304497012129263,0.0797262397181397
03/10/2019 20:00,0.8366641425459233,0.0684230945890537,0.5304497012129263,0.0797262397181397
03/10/2019 21:00,0.8366641425459233,0.0684230945890537,0.5304497012129263,0.0797262397181397
03/10/2019 22:00,0.8366641425459233,0.0684230945890537,0.5304497012129263,0.0797262397181397
03/10/2019 23:00,0.8366641425459233,0.0684230945890537,0.5304497012129263,0.0797262397181397
04/10/2019 00:00,0.8366641425459233,0.0684230945890537,0.5304497012129263,0.0797262397181397
04/10/2019 01:00,0.8366641425459233,0.0684230945890537,0.5304497012129263,0.0797262397181397
04/10/2019 02:00,0.8366641425459233,0.0684230945890537,0.5304497012129263,0.0797262397181397
04/10/2019 03:00,0.8366641425459233,0.0684230945890537,0.5304497012129263,0.0797262397181397
04/10/2019 04:00,0.8366641425459233,0.0684230945890537,0.5304497012129263,0.0797262397181397
04/10/2019 05:00,0.8366641425459233,0.0684230945890537,0.5304497012129263,0.0797262397181397
04/10/2019 06:00,0.8366641425459233,0.0684230945890537,0.5304497012129263,0.0797262397181397
04/10/2019 07:00,0.8366641425459233,0.0684230945890537,0.5304497012129263,0.0797262397181397
04/10/2019 08:00,0.8366641425459233,0.0684230945890537,0.5304497012129263,0.0797262397181397
04/10/2019 09:00,0.8366641425459233,0.0684230945890537,0.5304497012129263,0.0797262397181397
04/10/2019 10:00,0.8366641425459233,0.0684230945890537,0.5304497012129263,0.0797262397181397
04/10/2019 11:00,0.8366641425459233,0.0684230945890537,0.5304497012129263,0.0797262397181397
04/10/2019 12:00,0.8366641425459233,0.0684230945890537,0.5304497012129263,0.0797262397181397
04/10/2019 13:00,0.8366641425459233,0.0684230945890537,0.5304497012129263,0.0797262397181397
04/10/2019 14:00,0.8366641425459233,0.0684230945890537,0.5304497012129263,0.0797262397181397
04/10/2019 15:00,0.8366641425459233,0.0684230945890537,0.5304497012129263,0.0797262397181397
04/10/2019 16:00,0.8366641425459233,0.0684230945890537,0.5304497012129263,0.0797262397181397
04/10/2019 17:00,0.8366641425459233,0.0684230945890537,0.5304497012129263,0.0797262397181397
04/10/2019 18:00,0.8366641425459233,0.0684230945890537,0.5304497012129263,0.0797262397181397
04/10/2019 19:00,0.8366641425459233,0.0684230945890537,0.5304497012129263,0.0797262397181397
04/10/2019 20:00,0.8366641425459233,0.0684230945890537,0.5304497012129263,0.0797262397181397
04/10/2019 21:00,0.8366641425459233,0.0684230945890537,0.5304497012129263,0.0797262397181397
04/10/2019 22:00,0.8366641425459233,0.0684230945890537,0.5304497012129263,0.0797262397181397
04/10/2019 23:00,0.8366641425459233,0.0684230945890537,0.5304497012129263,0.0797262397181397
05/10/2019 00:00,0.8366641425459233,0.0684230945890537,0.5304497012129263,0.0797262397181397
05/10/2019 01:00,0.8366641425459233,0.0684230945890537,0.5304497012129263,0.0797262397181397
05/10/2019 02:00,0.8366641425459233,0.0684230945890537,0.5304497012129263,0.0797262397181397
05/10/2019 03:00,0.8366641425459233,0.0684230945890537,0.5304497012129263,0.0797262397181397
05/10/2019 04:00,0.8366641425459233,0.0684230945890537,0.5304497012129263,0.0797262397181397
05/10/2019 05:00,0.8366641425459233,0.0684230945890537,0.5304497012129263,0.0797262397181397
05/10/2019 06:00,0.8366641425459233,0.0684230945890537,0.5304497012129263,0.0797262397181397
05/10/2019 07:00,0.8366641425459233,0.0684230945890537,0.5304497012129263,0.0797262397181397
05/10/2019 08:00,0.8366641425459233,0.0684230945890537,0.5304497012129263,0.0797262397181397
05/10/2019 09:00,0.8366641425459233,0.0684230945890537,0.5304497012129263,0.0797262397181397
05/10/2019 10:00,0.8366641425459233,0.0684230945890537,0.5304497012129263,0.0797262397181397
05/10/2019 11:00,0.8366641425459233,0.0684230945890537,0.5304497012129263,0.0797262397181397
05/10/2019 12:00,0.8366641425459233,0.0684230945890537,0.5304497012129263,0.0797262397181397
05/10/2019 13:00,0.8366641425459233,0.0684230945890537,0.5304497012129263,0.0797262397181397
05/10/2019 14:00,0.8366641425459233,0.0684230945890537,0.5304497012129263,0.0797262397181397
05/10/2019 15:00,0.8366641425459233,0.0684230945890537,0.5304497012129263,0.0797262397181397
05/10/2019 16:00,0.8366641425459233,0.0684230945890537,0.5304497012129263,0.0797262397181397
05/10/2019 17:00,0.8366641425459233,0.0684230945890537,0.5304497012129263,0.0797262397181397
05/10/2019 18:00,0.8366641425459233,0.0684230945890537,0.5304497012129263,0.0797262397181397
05/10/2019 19:00,0.8366641425459233,0.0684230945890537,0.5304497012129263,0.0797262397181397
05/10/2019 20:00,0.8366641425459233,0.0684230945890537,0.5304497012129263,0.0797262397181397
05/10/2019 21:00,0.8366641425459233,0.0684230945890537,0.5304497012129263,0.0797262397181397
05/10/2019 22:00,0.8366641425459233,0.0684230945890537,0.5304497012129263,0.0797262397181397
05/10/2019 23:00,0.8366641425459233,0.0684230945890537,0.5304497012129263,0.0797262397181397
06/10/2019 00:00,0.8366641425459233,0.0684230945890537,0.5304497012129263,0.0797262397181397
06/10/2019 01:00,0.8366641425459233,0.0684230945890537,0.5304497012129263,0.0797262397181397
06/10/2019 02:00,0.8366641425459233,0.0684230945890537,0.5304497012129263,0.0797262397181397
06/10/2019 03:00,0.8366641425459233,0.0684230945890537,0.5304497012129263,0.0797262397181397
06/10/2019 04:00,0.8366641425459233,0.0684230945890537,0.5304497012129263,0.0797262397181397
06/10/2019 05:00,0.8366641425459233,0.0684230945890537,0.5304497012129263,0.0797262397181397
06/10/2019 06:00,0.8366641425459233,0.0684230945890537,0.5304497012129263,0.0797262397181397
06/10/2019 07:00,0.8366641425459233,0.0684230945890537,0.5304497012129263,0.0797262397181397
06/10/2019 08:00,0.8366641425459233,0.0684230945890537,0.5304497012129263,0.0797262397181397
06/10/2019 09:00,0.8366641425459233,0.0684230945890537,0.5304497012129263,0.0797262397181397
06/10/2019 10:00,0.8366641425459233,0.0684230945890537,0.5304497012129263,0.0797262397181397
06/10/2019 11:00,0.8366641425459233,0.0684230945890537,0.5304497012129263,0.0797262397181397
06/10/2019 12:00,0.8366641425459233,0.0684230945890537,0.5304497012129263,0.0797262397181397
06/10/2019 13:00,0.8366641425459233,0.0684230945890537,0.5304497012129263,0.0797262397181397
06/10/2019 14:00,0.8366641425459233,0.0684230945890537,0.5304497012129263,0.0797262397181397
06/10/2019 15:00,0.8366641425459233,0.0684230945890537,0.5304497012129263,0.0797262397181397
06/10/2019 16:00,0.8366641425459233,0.0684230945890537,0.5304497012129263,0.0797262397181397
06/10/2019 17:00,0.8366641425459233,0.0684230945890537,0.5304497012129263,0.0797262397181397
06/10/2019 18:00,0.8366641425459233,0.0684230945890537,0.5304497012129263,0.0797262397181397
06/10/2019 19:00,0.8366641425459233,0.0684230945890537,0.5304497012129263,0.0797262397181397
06/10/2019 20:00,0.8366641425459233,0.0684230945890537,0.5304497012129263,0.0797262397181397
06/10/2019 21:00,0.8366641425459233,0.0684230945890537,0.5304497012129263,0.0797262397181397
06/10/2019 22:00,0.8366641425459233,0.0684230945890537,0.5304497012129263,0.0797262397181397
06/10/2019 23:00,0.8366641425459233,0.0684230945890537,0.5304497012129263,0.0797262397181397
07/10/2019 00:00,0.8366641425459233,0.0684230945890537,0.5304497012129263,0.0797262397181397
07/10/2019 01:00,0.8366641425459233,0.0684230945890537,0.5304497012129263,0.0797262397181397
07/10/2019 02:00,0.8366641425459233,0.0684230945890537,0.5304497012129263,0.0797262397181397
07/10/2019 03:00,0.8366641425459233,0.0684230945890537,0.5304497012129263,0.0797262397181397
07/10/2019 04:00,0.8366641425459233,0.0684230945890537,0.5304497012129263,0.0797262397181397
07/10/2019 05:00,0.8366641425459233,0.0684230945890537,0.5304497012129263,0.0797262397181397
07/10/2019 06:00,0.8366641425459233,0.0684230945890537,0.5304497012129263,0.0797262397181397
07/10/2019 07:00,0.8366641425459233,0.0684230945890537,0.5304497012129263,0.0797262397181397
07/10/2019 08:00,0.8366641425459233,0.0684230945890537,0.5304497012129263,0.0797262397181397
07/10/2019 09:00,0.8366641425459233,0.0684230945890537,0.5304497012129263,0.0797262397181397
07/10/2019 10:00,0.8366641425459233,0.0684230945890537,0.5304497012129263,0.0797262397181397
07/10/2019 11:00,0.8366641425459233,0.0684230945890537,0.5304497012129263,0.0797262397181397
07/10/2019 12:00,0.8366641425459233,0.0684230945890537,0.5304497012129263,0.0797262397181397
07/10/2019 13:00,0.8366641425459233,0.0684230945890537,0.5304497012129263,0.0797262397181397
07/10/2019 14:00,0.8366641425459233,0.0684230945890537,0.5304497012129263,0.0797262397181397
07/10/2019 15:00,0.8366641425459233,0.0684230945890537,0.5304497012129263,0.0797262397181397
07/10/2019 16:00,0.8366641425459233,0.0684230945890537,0.5304497012129263,0.0797262397181397
07/10/2019 17:00,0.8366641425459233,0.0684230945890537,0.5304497012129263,0.0797262397181397
07/10/2019 18:00,0.8366641425459233,0.0684230945890537,0.5304497012129263,0.0797262397181397
07/10/2019 19:00,0.8366641425459233,0.0684230945890537,0.5304497012129263,0.0797262397181397
07/10/2019 20:00,0.8366641425459233,0.0684230945890537,0.5304497012129263,0.0797262397181397
07/10/2019 21:00,0.8366641425459233,0.0684230945890537,0.5304497012129263,0.0797262397181397
07/10/2019 22:00,0.8366641425459233,0.0684230945890537,0.5304497012129263,0.0797262397181397
07/10/2019 23:00,0.8366641425459233,0.0684230945890537,0.5304497012129263,0.0797262397181397
08/10/2019 00:00,0.8366641425459233,0.0684230945890537,0.5304497012129263,0.0797262397181397
08/10/2019 01:00,0.8366641425459233,0.0684230945890537,0.5304497012129263,0.0797262397181397
08/10/2019 02:00,0.8366641425459233,0.0684230945890537,0.5304497012129263,0.0797262397181397
08/10/2019 03:00,0.8366641425459233,0.0684230945890537,0.5304497012129263,0.0797262397181397
08/10/2019 04:00,0.8366641425459233,0.0684230945890537,0.5304497012129263,0.0797262397181397
08/10/2019 05:00,0.8366641425459233,0.0684230945890537,0.5304497012129263,0.0797262397181397
08/10/2019 06:00,0.8366641425459233,0.0684230945890537,0.5304497012129263,0.0797262397181397
08/10/2019 07:00,0.8366641425459233,0.0684230945890537,0.5304497012129263,0.0797262397181397
08/10/2019 08:00,0.8366641425459233,0.0684230945890537,0.5304497012129263,0.0797262397181397
08/10/2019 09:00,0.8366641425459233,0.0684230945890537,0.5304497012129263,0.0797262397181397
08/10/2019 10:00,0.8366641425459233,0.0684230945890537,0.5304497012129263,0.0797262397181397
08/10/2019 11:00,0.8366641425459233,0.0684230945890537,0.5304497012129263,0.0797262397181397
08/10/2019 12:00,0.8366641425459233,0.0684230945890537,0.5304497012129263,0.0797262397181397
08/10/2019 13:00,0.8366641425459233,0.0684230945890537,0.5304497012129263,0.0797262397181397
08/10/2019 14:00,0.8366641425459233,0.0684230945890537,0.5304497012129263,0.0797262397181397
08/10/2019 15:00,0.8366641425459233,0.0684230945890537,0.5304497012129263,0.0797262397181397
08/10/2019 16:00,0.8366641425459233,0.0684230945890537,0.5304497012129263,0.0797262397181397
08/10/2019 17:00,0.8366641425459233,0.0684230945890537,0.5304497012129263,0.0797262397181397
08/10/2019 18:00,0.8366641425459233,0.0684230945890537,0.5304497012129263,0.0797262397181397
08/10/2019 19:00,0.8366641425459233,0.0684230945890537,0.5304497012129263,0.0797262397181397
08/10/2019 20:00,0.8366641425459233,0.0684230945890537,0.5304497012129263,0.0797262397181397
08/10/2019 21:00,0.8366641425459233,0.0684230945890537,0.5304497012129263,0.0797262397181397
08/10/2019 22:00,0.8366641425459233,0.0684230945890537,0.5304497012129263,0.0797262397181397
08/10/2019 23:00,0.8366641425459233,0.0684230945890537,0.5304497012129263,0.0797262397181397
09/10/2019 00:00,0.8366641425459233,0.0684230945890537,0.5304497012129263,0.0797262397181397
09/10/2019 01:00,0.8366641425459233,0.0684230945890537,0.5304497012129263,0.0797262397181397
09/10/2019 02:00,0.8366641425459233,0.0684230945890537,0.5304497012129263,0.0797262397181397
09/10/2019 03:00,0.8366641425459233,0.0684230945890537,0.5304497012129263,0.0797262397181397
09/10/2019 04:00,0.8366641425459233,0.0684230945890537,0.5304497012129263,0.0797262397181397
09/10/2019 05:00,0.8366641425459233,0.0684230945890537,0.5304497012129263,0.0797262397181397
09/10/2019 06:00,0.8366641425459233,0.0684230945890537,0.5304497012129263,0.0797262397181397
09/10/2019 07:00,0.8366641425459233,0.0684230945890537,0.5304497012129263,0.0797262397181397
09/10/2019 08:00,0.8366641425459233,0.0684230945890537,0.5304497012129263,0.0797262397181397
09/10/2019 09:00,0.8366641425459233,0.0684230945890537,0.5304497012129263,0.0797262397181397
09/10/2019 10:00,0.8366641425459233,0.0684230945890537,0.5304497012129263,0.0797262397181397
09/10/2019 11:00,0.8366641425459233,0.0684230945890537,0.5304497012129263,0.0797262397181397
09/10/2019 12:00,0.8366641425459233,0.0684230945890537,0.5304497012129263,0.0797262397181397
09/10/2019 13:00,0.8366641425459233,0.0684230945890537,0.5304497012129263,0.0797262397181397
09/10/2019 14:00,0.8366641425459233,0.0684230945890537,0.5304497012129263,0.0797262397181397
09/10/2019 15:00,0.8366641425459233,0.0684230945890537,0.5304497012129263,0.0797262397181397
09/10/2019 16:00,0.8366641425459233,0.0684230945890537,0.5304497012129263,0.0797262397181397
09/10/2019 17:00,0.8366641425459233,0.0684230945890537,0.5304497012129263,0.0797262397181397
09/10/2019 18:00,0.8366641425459233,0.0684230945890537,0.5304497012129263,0.0797262397181397
09/10/2019 19:00,0.8366641425459233,0.0684230945890537,0.5304497012129263,0.0797262397181397
09/10/2019 20:00,0.8366641425459233,0.0684230945890537,0.5304497012129263,0.0797262397181397
09/10/2019 21:00,0.8366641425459233,0.0684230945890537,0.5304497012129263,0.0797262397181397
09/10/2019 22:00,0.8366641425459233,0.0684230945890537,0.5304497012129263,0.0797262397181397
09/10/2019 23:00,0.8366641425459233,0.0684230945890537,0.5304497012129263,0.0797262397181397
10/10/2019 00:00,0.8366641425459233,0.0684230945890537,0.5304497012129263,0.0797262397181397
10/10/2019 01:00,0.8366641425459233,0.0684230945890537,0.5304497012129263,0.0797262397181397
10/10/2019 02:00,0.8366641425459233,0.0684230945890537,0.5304497012129263,0.0797262397181397
10/10/2019 03:00,0.8366641425459233,0.0684230945890537,0.5304497012129263,0.0797262397181397
10/10/2019 04:00,0.8366641425459233,0.0684230945890537,0.5304497012129263,0.0797262397181397
10/10/2019 05:00,0.8366641425459233,0.0684230945890537,0.5304497012129263,0.0797262397181397
10/10/2019 06:00,0.8366641425459233,0.0684230945890537,0.5304497012129263,0.0797262397181397
10/10/2019 07:00,0.8366641425459233,0.0684230945890537,0.5304497012129263,0.0797262397181397
10/10/2019 08:00,0.8366641425459233,0.0684230945890537,0.5304497012129263,0.0797262397181397
10/10/2019 09:00,0.8366641425459233,0.0684230945890537,0.5304497012129263,0.0797262397181397
10/10/2019 10:00,0.8366641425459233,0.0684230945890537,0.5304497012129263,0.0797262397181397
10/10/2019 11:00,0.8366641425459233,0.0684230945890537,0.5304497012129263,0.0797262397181397
10/10/2019 12:00,0.8366641425459233,0.0684230945890537,0.5304497012129263,0.0797262397181397
10/10/2019 13:00,0.8366641425459233,0.0684230945890537,0.5304497012129263,0.0797262397181397
10/10/2019 14:00,0.8366641425459233,0.0684230945890537,0.5304497012129263,0.0797262397181397
10/10/2019 15:00,0.8366641425459233,0.0684230945890537,0.5304497012129263,0.0797262397181397
10/10/2019 16:00,0.8366641425459233,0.0684230945890537,0.5304497012129263,0.0797262397181397
10/10/2019 17:00,0.8366641425459233,0.0684230945890537,0.5304497012129263,0.0797262397181397
10/10/2019 18:00,0.8366641425459233,0.0684230945890537,0.5304497012129263,0.0797262397181397
10/10/2019 19:00,0.8366641425459233,0.0684230945890537,0.5304497012129263,0.0797262397181397
10/10/2019 20:00,0.8366641425459233,0.0684230945890537,0.5304497012129263,0.0797262397181397
10/10/2019 21:00,0.8366641425459233,0.0684230945890537,0.5304497012129263,0.0797262397181397
10/10/2019 22:00,0.8366641425459233,0.0684230945890537,0.5304497012129263,0.0797262397181397
10/10/2019 23:00,0.8366641425459233,0.0684230945890537,0.5304497012129263,0.0797262397181397
11/10/2019 00:00,0.8366641425459233,0.0684230945890537,0.5304497012129263,0.0797262397181397
11/10/2019 01:00,0.8366641425459233,0.0684230945890537,0.5304497012129263,0.0797262397181397
11/10/2019 02:00,0.8366641425459233,0.0684230945890537,0.5304497012129263,0.0797262397181397
11/10/2019 03:00,0.8366641425459233,0.0684230945890537,0.5304497012129263,0.0797262397181397
11/10/2019 04:00,0.8366641425459233,0.0684230945890537,0.5304497012129263,0.0797262397181397
11/10/2019 05:00,0.8366641425459233,0.0684230945890537,0.5304497012129263,0.0797262397181397
11/10/2019 06:00,0.8366641425459233,0.0684230945890537,0.5304497012129263,0.0797262397181397
11/10/2019 07:00,0.8366641425459233,0.0684230945890537,0.5304497012129263,0.0797262397181397
11/10/2019 08:00,0.8366641425459233,0.0684230945890537,0.5304497012129263,0.0797262397181397
11/10/2019 09:00,0.8366641425459233,0.0684230945890537,0.5304497012129263,0.0797262397181397
11/10/2019 10:00,0.8366641425459233,0.0684230945890537,0.5304497012129263,0.0797262397181397
11/10/2019 11:00,0.8366641425459233,0.0684230945890537,0.5304497012129263,0.0797262397181397
11/10/2019 12:00,0.8366641425459233,0.0684230945890537,0.5304497012129263,0.0797262397181397
11/10/2019 13:00,0.8366641425459233,0.0684230945890537,0.5304497012129263,0.0797262397181397
11/10/2019 14:00,0.8366641425459233,0.0684230945890537,0.5304497012129263,0.0797262397181397
11/10/2019 15:00,0.8366641425459233,0.0684230945890537,0.5304497012129263,0.0797262397181397
11/10/2019 16:00,0.8366641425459233,0.0684230945890537,0.5304497012129263,0.0797262397181397
11/10/2019 17:00,0.8366641425459233,0.0684230945890537,0.5304497012129263,0.0797262397181397
11/10/2019 18:00,0.8366641425459233,0.0684230945890537,0.5304497012129263,0.0797262397181397
11/10/2019 19:00,0.8366641425459233,0.0684230945890537,0.5304497012129263,0.0797262397181397
11/10/2019 20:00,0.8366641425459233,0.0684230945890537,0.5304497012129263,0.0797262397181397
11/10/2019 21:00,0.8366641425459233,0.0684230945890537,0.5304497012129263,0.0797262397181397
11/10/2019 22:00,0.8366641425459233,0.0684230945890537,0.5304497012129263,0.0797262397181397
11/10/2019 23:00,0.8366641425459233,0.0684230945890537,0.5304497012129263,0.0797262397181397
12/10/2019 00:00,0.8366641425459233,0.0684230945890537,0.5304497012129263,0.0797262397181397
12/10/2019 01:00,0.8366641425459233,0.0684230945890537,0.5304497012129263,0.0797262397181397
12/10/2019 02:00,0.8366641425459233,0.0684230945890537,0.5304497012129263,0.0797262397181397
12/10/2019 03:00,0.8366641425459233,0.0684230945890537,0.5304497012129263,0.0797262397181397
12/10/2019 04:00,0.8366641425459233,0.0684230945890537,0.5304497012129263,0.0797262397181397
12/10/2019 05:00,0.8366641425459233,0.0684230945890537,0.5304497012129263,0.0797262397181397
12/10/2019 06:00,0.8366641425459233,0.0684230945890537,0.5304497012129263,0.0797262397181397
12/10/2019 07:00,0.8366641425459233,0.0684230945890537,0.5304497012129263,0.0797262397181397
12/10/2019 08:00,0.8366641425459233,0.0684230945890537,0.5304497012129263,0.0797262397181397
12/10/2019 09:00,0.8366641425459233,0.0684230945890537,0.5304497012129263,0.0797262397181397
12/10/2019 10:00,0.8366641425459233,0.0684230945890537,0.5304497012129263,0.0797262397181397
12/10/2019 11:00,0.8366641425459233,0.0684230945890537,0.5304497012129263,0.0797262397181397
12/10/2019 12:00,0.8366641425459233,0.0684230945890537,0.5304497012129263,0.0797262397181397
12/10/2019 13:00,0.8366641425459233,0.0684230945890537,0.5304497012129263,0.0797262397181397
12/10/2019 14:00,0.8366641425459233,0.0684230945890537,0.5304497012129263,0.0797262397181397
12/10/2019 15:00,0.8366641425459233,0.0684230945890537,0.5304497012129263,0.0797262397181397
12/10/2019 16:00,0.8366641425459233,0.0684230945890537,0.5304497012129263,0.0797262397181397
12/10/2019 17:00,0.8366641425459233,0.0684230945890537,0.5304497012129263,0.0797262397181397
12/10/2019 18:00,0.8366641425459233,0.0684230945890537,0.5304497012129263,0.0797262397181397
12/10/2019 19:00,0.8366641425459233,0.0684230945890537,0.5304497012129263,0.0797262397181397
12/10/2019 20:00,0.8366641425459233,0.0684230945890537,0.5304497012129263,0.0797262397181397
12/10/2019 21:00,0.8366641425459233,0.0684230945890537,0.5304497012129263,0.0797262397181397
12/10/2019 22:00,0.8366641425459233,0.0684230945890537,0.5304497012129263,0.0797262397181397
12/10/2019 23:00,0.8366641425459233,0.0684230945890537,0.5304497012129263,0.0797262397181397
13/10/2019 00:00,0.8366641425459233,0.0684230945890537,0.5304497012129263,0.0797262397181397
13/10/2019 01:00,0.8366641425459233,0.0684230945890537,0.5304497012129263,0.0797262397181397
13/10/2019 02:00,0.8366641425459233,0.0684230945890537,0.5304497012129263,0.0797262397181397
13/10/2019 03:00,0.8366641425459233,0.0684230945890537,0.5304497012129263,0.0797262397181397
13/10/2019 04:00,0.8366641425459233,0.0684230945890537,0.5304497012129263,0.0797262397181397
13/10/2019 05:00,0.8366641425459233,0.0684230945890537,0.5304497012129263,0.0797262397181397
13/10/2019 06:00,0.8366641425459233,0.0684230945890537,0.5304497012129263,0.0797262397181397
13/10/2019 07:00,0.8366641425459233,0.0684230945890537,0.5304497012129263,0.0797262397181397
13/10/2019 08:00,0.8366641425459233,0.0684230945890537,0.5304497012129263,0.0797262397181397
13/10/2019 09:00,0.8366641425459233,0.0684230945890537,0.5304497012129263,0.0797262397181397
13/10/2019 10:00,0.8366641425459233,0.0684230945890537,0.5304497012129263,0.0797262397181397
13/10/2019 11:00,0.8366641425459233,0.0684230945890537,0.5304497012129263,0.0797262397181397
13/10/2019 12:00,0.8366641425459233,0.0684230945890537,0.5304497012129263,0.0797262397181397
13/10/2019 13:00,0.8366641425459233,0.0684230945890537,0.5304497012129263,0.0797262397181397
13/10/2019 14:00,0.8366641425459233,0.0684230945890537,0.5304497012129263,0.0797262397181397
13/10/2019 15:00,0.8366641425459233,0.0684230945890537,0.5304497012129263,0.0797262397181397
13/10/2019 16:00,0.8366641425459233,0.0684230945890537,0.5304497012129263,0.0797262397181397
13/10/2019 17:00,0.8366641425459233,0.0684230945890537,0.5304497012129263,0.0797262397181397
13/10/2019 18:00,0.8366641425459233,0.0684230945890537,0.5304497012129263,0.0797262397181397
13/10/2019 19:00,0.8366641425459233,0.0684230945890537,0.5304497012129263,0.0797262397181397
13/10/2019 20:00,0.8366641425459233,0.0684230945890537,0.5304497012129263,0.0797262397181397
13/10/2019 21:00,0.8366641425459233,0.0684230945890537,0.5304497012129263,0.0797262397181397
13/10/2019 22:00,0.8366641425459233,0.0684230945890537,0.5304497012129263,0.0797262397181397
13/10/2019 23:00,0.8366641425459233,0.0684230945890537,0.5304497012129263,0.0797262397181397
14/10/2019 00:00,0.8366641425459233,0.0684230945890537,0.5304497012129263,0.0797262397181397
14/10/2019 01:00,0.8366641425459233,0.0684230945890537,0.5304497012129263,0.0797262397181397
14/10/2019 02:00,0.8366641425459233,0.0684230945890537,0.5304497012129263,0.0797262397181397
14/10/2019 03:00,0.8366641425459233,0.0684230945890537,0.5304497012129263,0.0797262397181397
14/10/2019 04:00,0.8366641425459233,0.0684230945890537,0.5304497012129263,0.0797262397181397
14/10/2019 05:00,0.8366641425459233,0.0684230945890537,0.5304497012129263,0.0797262397181397
14/10/2019 06:00,0.8366641425459233,0.0684230945890537,0.5304497012129263,0.0797262397181397
14/10/2019 07:00,0.8366641425459233,0.0684230945890537,0.5304497012129263,0.0797262397181397
14/10/2019 08:00,0.8366641425459233,0.0684230945890537,0.5304497012129263,0.0797262397181397
14/10/2019 09:00,0.8366641425459233,0.0684230945890537,0.5304497012129263,0.0797262397181397
14/10/2019 10:00,0.8366641425459233,0.0684230945890537,0.5304497012129263,0.0797262397181397
14/10/2019 11:00,0.8366641425459233,0.0684230945890537,0.5304497012129263,0.0797262397181397
14/10/2019 12:00,0.8366641425459233,0.0684230945890537,0.5304497012129263,0.0797262397181397
14/10/2019 13:00,0.8366641425459233,0.0684230945890537,0.5304497012129263,0.0797262397181397
14/10/2019 14:00,0.8366641425459233,0.0684230945890537,0.5304497012129263,0.0797262397181397
14/10/2019 15:00,0.8366641425459233,0.0684230945890537,0.5304497012129263,0.0797262397181397
14/10/2019 16:00,0.8366641425459233,0.0684230945890537,0.5304497012129263,0.0797262397181397
14/10/2019 17:00,0.8366641425459233,0.0684230945890537,0.5304497012129263,0.0797262397181397
14/10/2019 18:00,0.8366641425459233,0.0684230945890537,0.5304497012129263,0.0797262397181397
14/10/2019 19:00,0.8366641425459233,0.0684230945890537,0.5304497012129263,0.0797262397181397
14/10/2019 20:00,0.8366641425459233,0.0684230945890537,0.5304497012129263,0.0797262397181397
14/10/2019 21:00,0.8366641425459233,0.0684230945890537,0.5304497012129263,0.0797262397181397
14/10/2019 22:00,0.8366641425459233,0.0684230945890537,0.5304497012129263,0.0797262397181397
14/10/2019 23:00,0.8366641425459233,0.0684230945890537,0.5304497012129263,0.0797262397181397
15/10/2019 00:00,0.8366641425459233,0.0684230945890537,0.5304497012129263,0.0797262397181397
15/10/2019 01:00,0.8366641425459233,0.0684230945890537,0.5304497012129263,0.0797262397181397
15/10/2019 02:00,0.8366641425459233,0.0684230945890537,0.5304497012129263,0.0797262397181397
15/10/2019 03:00,0.8366641425459233,0.0684230945890537,0.5304497012129263,0.0797262397181397
15/10/2019 04:00,0.8366641425459233,0.0684230945890537,0.5304497012129263,0.0797262397181397
15/10/2019 05:00,0.8366641425459233,0.0684230945890537,0.5304497012129263,0.0797262397181397
15/10/2019 06:00,0.8366641425459233,0.0684230945890537,0.5304497012129263,0.0797262397181397
15/10/2019 07:00,0.8366641425459233,0.0684230945890537,0.5304497012129263,0.0797262397181397
15/10/2019 08:00,0.8366641425459233,0.0684230945890537,0.5304497012129263,0.0797262397181397
15/10/2019 09:00,0.8366641425459233,0.0684230945890537,0.5304497012129263,0.0797262397181397
15/10/2019 10:00,0.8366641425459233,0.0684230945890537,0.5304497012129263,0.0797262397181397
15/10/2019 11:00,0.8366641425459233,0.0684230945890537,0.5304497012129263,0.0797262397181397
15/10/2019 12:00,0.8366641425459233,0.0684230945890537,0.5304497012129263,0.0797262397181397
15/10/2019 13:00,0.8366641425459233,0.0684230945890537,0.5304497012129263,0.0797262397181397
15/10/2019 14:00,0.8366641425459233,0.0684230945890537,0.5304497012129263,0.0797262397181397
15/10/2019 15:00,0.8366641425459233,0.0684230945890537,0.5304497012129263,0.0797262397181397
15/10/2019 16:00,0.8366641425459233,0.0684230945890537,0.5304497012129263,0.0797262397181397
15/10/2019 17:00,0.8366641425459233,0.0684230945890537,0.5304497012129263,0.0797262397181397
15/10/2019 18:00,0.8366641425459233,0.0684230945890537,0.5304497012129263,0.0797262397181397
15/10/2019 19:00,0.8366641425459233,0.0684230945890537,0.5304497012129263,0.0797262397181397
15/10/2019 20:00,0.8366641425459233,0.0684230945890537,0.5304497012129263,0.0797262397181397
15/10/2019 21:00,0.8366641425459233,0.0684230945890537,0.5304497012129263,0.0797262397181397
15/10/2019 22:00,0.8366641425459233,0.0684230945890537,0.5304497012129263,0.0797262397181397
15/10/2019 23:00,0.8366641425459233,0.0684230945890537,0.5304497012129263,0.0797262397181397
16/10/2019 00:00,0.8366641425459233,0.0684230945890537,0.5304497012129263,0.0797262397181397
16/10/2019 01:00,0.8366641425459233,0.0684230945890537,0.5304497012129263,0.0797262397181397
16/10/2019 02:00,0.8366641425459233,0.0684230945890537,0.5304497012129263,0.0797262397181397
16/10/2019 03:00,0.8366641425459233,0.0684230945890537,0.5304497012129263,0.0797262397181397
16/10/2019 04:00,0.8366641425459233,0.0684230945890537,0.5304497012129263,0.0797262397181397
16/10/2019 05:00,0.8366641425459233,0.0684230945890537,0.5304497012129263,0.0797262397181397
16/10/2019 06:00,0.8366641425459233,0.0684230945890537,0.5304497012129263,0.0797262397181397
16/10/2019 07:00,0.8366641425459233,0.0684230945890537,0.5304497012129263,0.0797262397181397
16/10/2019 08:00,0.8366641425459233,0.0684230945890537,0.5304497012129263,0.0797262397181397
16/10/2019 09:00,0.8366641425459233,0.0684230945890537,0.5304497012129263,0.0797262397181397
16/10/2019 10:00,0.8366641425459233,0.0684230945890537,0.5304497012129263,0.0797262397181397
16/10/2019 11:00,0.8366641425459233,0.0684230945890537,0.5304497012129263,0.0797262397181397
16/10/2019 12:00,0.8366641425459233,0.0684230945890537,0.5304497012129263,0.0797262397181397
16/10/2019 13:00,0.8366641425459233,0.0684230945890537,0.5304497012129263,0.0797262397181397
16/10/2019 14:00,0.8366641425459233,0.0684230945890537,0.5304497012129263,0.0797262397181397
16/10/2019 15:00,0.8366641425459233,0.0684230945890537,0.5304497012129263,0.0797262397181397
16/10/2019 16:00,0.8366641425459233,0.0684230945890537,0.5304497012129263,0.0797262397181397
16/10/2019 17:00,0.8366641425459233,0.0684230945890537,0.5304497012129263,0.0797262397181397
16/10/2019 18:00,0.8366641425459233,0.0684230945890537,0.5304497012129263,0.0797262397181397
16/10/2019 19:00,0.8366641425459233,0.0684230945890537,0.5304497012129263,0.0797262397181397
16/10/2019 20:00,0.8366641425459233,0.0684230945890537,0.5304497012129263,0.0797262397181397
16/10/2019 21:00,0.8366641425459233,0.0684230945890537,0.5304497012129263,0.0797262397181397
16/10/2019 22:00,0.8366641425459233,0.0684230945890537,0.5304497012129263,0.0797262397181397
16/10/2019 23:00,0.8366641425459233,0.0684230945890537,0.5304497012129263,0.0797262397181397
17/10/2019 00:00,0.8366641425459233,0.0684230945890537,0.5304497012129263,0.0797262397181397
17/10/2019 01:00,0.8366641425459233,0.0684230945890537,0.5304497012129263,0.0797262397181397
17/10/2019 02:00,0.8366641425459233,0.0684230945890537,0.5304497012129263,0.0797262397181397
17/10/2019 03:00,0.8366641425459233,0.0684230945890537,0.5304497012129263,0.0797262397181397
17/10/2019 04:00,0.8366641425459233,0.0684230945890537,0.5304497012129263,0.0797262397181397
17/10/2019 05:00,0.8366641425459233,0.0684230945890537,0.5304497012129263,0.0797262397181397
17/10/2019 06:00,0.8366641425459233,0.0684230945890537,0.5304497012129263,0.0797262397181397
17/10/2019 07:00,0.8366641425459233,0.0684230945890537,0.5304497012129263,0.0797262397181397
17/10/2019 08:00,0.8366641425459233,0.0684230945890537,0.5304497012129263,0.0797262397181397
17/10/2019 09:00,0.8366641425459233,0.0684230945890537,0.5304497012129263,0.0797262397181397
17/10/2019 10:00,0.8366641425459233,0.0684230945890537,0.5304497012129263,0.0797262397181397
17/10/2019 11:00,0.8366641425459233,0.0684230945890537,0.5304497012129263,0.0797262397181397
17/10/2019 12:00,0.8366641425459233,0.0684230945890537,0.5304497012129263,0.0797262397181397
17/10/2019 13:00,0.8366641425459233,0.0684230945890537,0.5304497012129263,0.0797262397181397
17/10/2019 14:00,0.8366641425459233,0.0684230945890537,0.5304497012129263,0.0797262397181397
17/10/2019 15:00,0.8366641425459233,0.0684230945890537,0.5304497012129263,0.0797262397181397
17/10/2019 16:00,0.8366641425459233,0.0684230945890537,0.5304497012129263,0.0797262397181397
17/10/2019 17:00,0.8366641425459233,0.0684230945890537,0.5304497012129263,0.0797262397181397
17/10/2019 18:00,0.8366641425459233,0.0684230945890537,0.5304497012129263,0.0797262397181397
17/10/2019 19:00,0.8366641425459233,0.0684230945890537,0.5304497012129263,0.0797262397181397
17/10/2019 20:00,0.8366641425459233,0.0684230945890537,0.5304497012129263,0.0797262397181397
17/10/2019 21:00,0.8366641425459233,0.0684230945890537,0.5304497012129263,0.0797262397181397
17/10/2019 22:00,0.8366641425459233,0.0684230945890537,0.5304497012129263,0.0797262397181397
17/10/2019 23:00,0.8366641425459233,0.0684230945890537,0.5304497012129263,0.0797262397181397
18/10/2019 00:00,0.8366641425459233,0.0684230945890537,0.5304497012129263,0.0797262397181397
18/10/2019 01:00,0.8366641425459233,0.0684230945890537,0.5304497012129263,0.0797262397181397
18/10/2019 02:00,0.8366641425459233,0.0684230945890537,0.5304497012129263,0.0797262397181397
18/10/2019 03:00,0.8366641425459233,0.0684230945890537,0.5304497012129263,0.0797262397181397
18/10/2019 04:00,0.8366641425459233,0.0684230945890537,0.5304497012129263,0.0797262397181397
18/10/2019 05:00,0.8366641425459233,0.0684230945890537,0.5304497012129263,0.0797262397181397
18/10/2019 06:00,0.8366641425459233,0.0684230945890537,0.5304497012129263,0.0797262397181397
18/10/2019 07:00,0.8366641425459233,0.0684230945890537,0.5304497012129263,0.0797262397181397
18/10/2019 08:00,0.8366641425459233,0.0684230945890537,0.5304497012129263,0.0797262397181397
18/10/2019 09:00,0.8366641425459233,0.0684230945890537,0.5304497012129263,0.0797262397181397
18/10/2019 10:00,0.8366641425459233,0.0684230945890537,0.5304497012129263,0.0797262397181397
18/10/2019 11:00,0.8366641425459233,0.0684230945890537,0.5304497012129263,0.0797262397181397
18/10/2019 12:00,0.8366641425459233,0.0684230945890537,0.5304497012129263,0.0797262397181397
18/10/2019 13:00,0.8366641425459233,0.0684230945890537,0.5304497012129263,0.0797262397181397
18/10/2019 14:00,0.8366641425459233,0.0684230945890537,0.5304497012129263,0.0797262397181397
18/10/2019 15:00,0.8366641425459233,0.0684230945890537,0.5304497012129263,0.0797262397181397
18/10/2019 16:00,0.8366641425459233,0.0684230945890537,0.5304497012129263,0.0797262397181397
18/10/2019 17:00,0.8366641425459233,0.0684230945890537,0.5304497012129263,0.0797262397181397
18/10/2019 18:00,0.8366641425459233,0.0684230945890537,0.5304497012129263,0.0797262397181397
18/10/2019 19:00,0.8366641425459233,0.0684230945890537,0.5304497012129263,0.0797262397181397
18/10/2019 20:00,0.8366641425459233,0.0684230945890537,0.5304497012129263,0.0797262397181397
18/10/2019 21:00,0.8366641425459233,0.0684230945890537,0.5304497012129263,0.0797262397181397
18/10/2019 22:00,0.8366641425459233,0.0684230945890537,0.5304497012129263,0.0797262397181397
18/10/2019 23:00,0.8366641425459233,0.0684230945890537,0.5304497012129263,0.0797262397181397
19/10/2019 00:00,0.8366641425459233,0.0684230945890537,0.5304497012129263,0.0797262397181397
19/10/2019 01:00,0.8366641425459233,0.0684230945890537,0.5304497012129263,0.0797262397181397
19/10/2019 02:00,0.8366641425459233,0.0684230945890537,0.5304497012129263,0.0797262397181397
19/10/2019 03:00,0.8366641425459233,0.0684230945890537,0.5304497012129263,0.0797262397181397
19/10/2019 04:00,0.8366641425459233,0.0684230945890537,0.5304497012129263,0.0797262397181397
19/10/2019 05:00,0.8366641425459233,0.0684230945890537,0.5304497012129263,0.0797262397181397
19/10/2019 06:00,0.8366641425459233,0.0684230945890537,0.5304497012129263,0.0797262397181397
19/10/2019 07:00,0.8366641425459233,0.0684230945890537,0.5304497012129263,0.0797262397181397
19/10/2019 08:00,0.8366641425459233,0.0684230945890537,0.5304497012129263,0.0797262397181397
19/10/2019 09:00,0.8366641425459233,0.0684230945890537,0.5304497012129263,0.0797262397181397
19/10/2019 10:00,0.8366641425459233,0.0684230945890537,0.5304497012129263,0.0797262397181397
19/10/2019 11:00,0.8366641425459233,0.0684230945890537,0.5304497012129263,0.0797262397181397
19/10/2019 12:00,0.8366641425459233,0.0684230945890537,0.5304497012129263,0.0797262397181397
19/10/2019 13:00,0.8366641425459233,0.0684230945890537,0.5304497012129263,0.0797262397181397
19/10/2019 14:00,0.8366641425459233,0.0684230945890537,0.5304497012129263,0.0797262397181397
19/10/2019 15:00,0.8366641425459233,0.0684230945890537,0.5304497012129263,0.0797262397181397
19/10/2019 16:00,0.8366641425459233,0.0684230945890537,0.5304497012129263,0.0797262397181397
19/10/2019 17:00,0.8366641425459233,0.0684230945890537,0.5304497012129263,0.0797262397181397
19/10/2019 18:00,0.8366641425459233,0.0684230945890537,0.5304497012129263,0.0797262397181397
19/10/2019 19:00,0.8366641425459233,0.0684230945890537,0.5304497012129263,0.0797262397181397
19/10/2019 20:00,0.8366641425459233,0.0684230945890537,0.5304497012129263,0.0797262397181397
19/10/2019 21:00,0.8366641425459233,0.0684230945890537,0.5304497012129263,0.0797262397181397
19/10/2019 22:00,0.8366641425459233,0.0684230945890537,0.5304497012129263,0.0797262397181397
19/10/2019 23:00,0.8366641425459233,0.0684230945890537,0.5304497012129263,0.0797262397181397
20/10/2019 00:00,0.8366641425459233,0.0684230945890537,0.5304497012129263,0.0797262397181397
20/10/2019 01:00,0.8366641425459233,0.0684230945890537,0.5304497012129263,0.0797262397181397
20/10/2019 02:00,0.8366641425459233,0.0684230945890537,0.5304497012129263,0.0797262397181397
20/10/2019 03:00,0.8366641425459233,0.0684230945890537,0.5304497012129263,0.0797262397181397
20/10/2019 04:00,0.8366641425459233,0.0684230945890537,0.5304497012129263,0.0797262397181397
20/10/2019 05:00,0.8366641425459233,0.0684230945890537,0.5304497012129263,0.0797262397181397
20/10/2019 06:00,0.8366641425459233,0.0684230945890537,0.5304497012129263,0.0797262397181397
20/10/2019 07:00,0.8366641425459233,0.0684230945890537,0.5304497012129263,0.0797262397181397
20/10/2019 08:00,0.8366641425459233,0.0684230945890537,0.5304497012129263,0.0797262397181397
20/10/2019 09:00,0.8366641425459233,0.0684230945890537,0.5304497012129263,0.0797262397181397
20/10/2019 10:00,0.8366641425459233,0.0684230945890537,0.5304497012129263,0.0797262397181397
20/10/2019 11:00,0.8366641425459233,0.0684230945890537,0.5304497012129263,0.0797262397181397
20/10/2019 12:00,0.8366641425459233,0.0684230945890537,0.5304497012129263,0.0797262397181397
20/10/2019 13:00,0.8366641425459233,0.0684230945890537,0.5304497012129263,0.0797262397181397
20/10/2019 14:00,0.8366641425459233,0.0684230945890537,0.5304497012129263,0.0797262397181397
20/10/2019 15:00,0.8366641425459233,0.0684230945890537,0.5304497012129263,0.0797262397181397
20/10/2019 16:00,0.8366641425459233,0.0684230945890537,0.5304497012129263,0.0797262397181397
20/10/2019 17:00,0.8366641425459233,0.0684230945890537,0.5304497012129263,0.0797262397181397
20/10/2019 18:00,0.8366641425459233,0.0684230945890537,0.5304497012129263,0.0797262397181397
20/10/2019 19:00,0.8366641425459233,0.0684230945890537,0.5304497012129263,0.0797262397181397
20/10/2019 20:00,0.8366641425459233,0.0684230945890537,0.5304497012129263,0.0797262397181397
20/10/2019 21:00,0.8366641425459233,0.0684230945890537,0.5304497012129263,0.0797262397181397
20/10/2019 22:00,0.8366641425459233,0.0684230945890537,0.5304497012129263,0.0797262397181397
20/10/2019 23:00,0.8366641425459233,0.0684230945890537,0.5304497012129263,0.0797262397181397
21/10/2019 00:00,0.8366641425459233,0.0684230945890537,0.5304497012129263,0.0797262397181397
21/10/2019 01:00,0.8366641425459233,0.0684230945890537,0.5304497012129263,0.0797262397181397
21/10/2019 02:00,0.8366641425459233,0.0684230945890537,0.5304497012129263,0.0797262397181397
21/10/2019 03:00,0.8366641425459233,0.0684230945890537,0.5304497012129263,0.0797262397181397
21/10/2019 04:00,0.8366641425459233,0.0684230945890537,0.5304497012129263,0.0797262397181397
21/10/2019 05:00,0.8366641425459233,0.0684230945890537,0.5304497012129263,0.0797262397181397
21/10/2019 06:00,0.8366641425459233,0.0684230945890537,0.5304497012129263,0.0797262397181397
21/10/2019 07:00,0.8366641425459233,0.0684230945890537,0.5304497012129263,0.0797262397181397
21/10/2019 08:00,0.8366641425459233,0.0684230945890537,0.5304497012129263,0.0797262397181397
21/10/2019 09:00,0.8366641425459233,0.0684230945890537,0.5304497012129263,0.0797262397181397
21/10/2019 10:00,0.8366641425459233,0.0684230945890537,0.5304497012129263,0.0797262397181397
21/10/2019 11:00,0.8366641425459233,0.0684230945890537,0.5304497012129263,0.0797262397181397
21/10/2019 12:00,0.8366641425459233,0.0684230945890537,0.5304497012129263,0.0797262397181397
21/10/2019 13:00,0.8366641425459233,0.0684230945890537,0.5304497012129263,0.0797262397181397
21/10/2019 14:00,0.8366641425459233,0.0684230945890537,0.5304497012129263,0.0797262397181397
21/10/2019 15:00,0.8366641425459233,0.0684230945890537,0.5304497012129263,0.0797262397181397
21/10/2019 16:00,0.8366641425459233,0.0684230945890537,0.5304497012129263,0.0797262397181397
21/10/2019 17:00,0.8366641425459233,0.0684230945890537,0.5304497012129263,0.0797262397181397
21/10/2019 18:00,0.8366641425459233,0.0684230945890537,0.5304497012129263,0.0797262397181397
21/10/2019 19:00,0.8366641425459233,0.0684230945890537,0.5304497012129263,0.0797262397181397
21/10/2019 20:00,0.8366641425459233,0.0684230945890537,0.5304497012129263,0.0797262397181397
21/10/2019 21:00,0.8366641425459233,0.0684230945890537,0.5304497012129263,0.0797262397181397
21/10/2019 22:00,0.8366641425459233,0.0684230945890537,0.5304497012129263,0.0797262397181397
21/10/2019 23:00,0.8366641425459233,0.0684230945890537,0.5304497012129263,0.0797262397181397
22/10/2019 00:00,0.8366641425459233,0.0684230945890537,0.5304497012129263,0.0797262397181397
22/10/2019 01:00,0.8366641425459233,0.0684230945890537,0.5304497012129263,0.0797262397181397
22/10/2019 02:00,0.8366641425459233,0.0684230945890537,0.5304497012129263,0.0797262397181397
22/10/2019 03:00,0.8366641425459233,0.0684230945890537,0.5304497012129263,0.0797262397181397
22/10/2019 04:00,0.8366641425459233,0.0684230945890537,0.5304497012129263,0.0797262397181397
22/10/2019 05:00,0.8366641425459233,0.0684230945890537,0.5304497012129263,0.0797262397181397
22/10/2019 06:00,0.8366641425459233,0.0684230945890537,0.5304497012129263,0.0797262397181397
22/10/2019 07:00,0.8366641425459233,0.0684230945890537,0.5304497012129263,0.0797262397181397
22/10/2019 08:00,0.8366641425459233,0.0684230945890537,0.5304497012129263,0.0797262397181397
22/10/2019 09:00,0.8366641425459233,0.0684230945890537,0.5304497012129263,0.0797262397181397
22/10/2019 10:00,0.8366641425459233,0.0684230945890537,0.5304497012129263,0.0797262397181397
22/10/2019 11:00,0.8366641425459233,0.0684230945890537,0.5304497012129263,0.0797262397181397
22/10/2019 12:00,0.8366641425459233,0.0684230945890537,0.5304497012129263,0.0797262397181397
22/10/2019 13:00,0.8366641425459233,0.0684230945890537,0.5304497012129263,0.0797262397181397
22/10/2019 14:00,0.8366641425459233,0.0684230945890537,0.5304497012129263,0.0797262397181397
22/10/2019 15:00,0.8366641425459233,0.0684230945890537,0.5304497012129263,0.0797262397181397
22/10/2019 16:00,0.8366641425459233,0.0684230945890537,0.5304497012129263,0.0797262397181397
22/10/2019 17:00,0.8366641425459233,0.0684230945890537,0.5304497012129263,0.0797262397181397
22/10/2019 18:00,0.8366641425459233,0.0684230945890537,0.5304497012129263,0.0797262397181397
22/10/2019 19:00,0.8366641425459233,0.0684230945890537,0.5304497012129263,0.0797262397181397
22/10/2019 20:00,0.8366641425459233,0.0684230945890537,0.5304497012129263,0.0797262397181397
22/10/2019 21:00,0.8366641425459233,0.0684230945890537,0.5304497012129263,0.0797262397181397
22/10/2019 22:00,0.8366641425459233,0.0684230945890537,0.5304497012129263,0.0797262397181397
22/10/2019 23:00,0.8366641425459233,0.0684230945890537,0.5304497012129263,0.0797262397181397
23/10/2019 00:00,0.8366641425459233,0.0684230945890537,0.5304497012129263,0.0797262397181397
23/10/2019 01:00,0.8366641425459233,0.0684230945890537,0.5304497012129263,0.0797262397181397
23/10/2019 02:00,0.8366641425459233,0.0684230945890537,0.5304497012129263,0.0797262397181397
23/10/2019 03:00,0.8366641425459233,0.0684230945890537,0.5304497012129263,0.0797262397181397
23/10/2019 04:00,0.8366641425459233,0.0684230945890537,0.5304497012129263,0.0797262397181397
23/10/2019 05:00,0.8366641425459233,0.0684230945890537,0.5304497012129263,0.0797262397181397
23/10/2019 06:00,0.8366641425459233,0.0684230945890537,0.5304497012129263,0.0797262397181397
23/10/2019 07:00,0.8366641425459233,0.0684230945890537,0.5304497012129263,0.0797262397181397
23/10/2019 08:00,0.8366641425459233,0.0684230945890537,0.5304497012129263,0.0797262397181397
23/10/2019 09:00,0.8366641425459233,0.0684230945890537,0.5304497012129263,0.0797262397181397
23/10/2019 10:00,0.8366641425459233,0.0684230945890537,0.5304497012129263,0.0797262397181397
23/10/2019 11:00,0.8366641425459233,0.0684230945890537,0.5304497012129263,0.0797262397181397
23/10/2019 12:00,0.8366641425459233,0.0684230945890537,0.5304497012129263,0.0797262397181397
23/10/2019 13:00,0.8366641425459233,0.0684230945890537,0.5304497012129263,0.0797262397181397
23/10/2019 14:00,0.8366641425459233,0.0684230945890537,0.5304497012129263,0.0797262397181397
23/10/2019 15:00,0.8366641425459233,0.0684230945890537,0.5304497012129263,0.0797262397181397
23/10/2019 16:00,0.8366641425459233,0.0684230945890537,0.5304497012129263,0.0797262397181397
23/10/2019 17:00,0.8366641425459233,0.0684230945890537,0.5304497012129263,0.0797262397181397
23/10/2019 18:00,0.8366641425459233,0.0684230945890537,0.5304497012129263,0.0797262397181397
23/10/2019 19:00,0.8366641425459233,0.0684230945890537,0.5304497012129263,0.0797262397181397
23/10/2019 20:00,0.8366641425459233,0.0684230945890537,0.5304497012129263,0.0797262397181397
23/10/2019 21:00,0.8366641425459233,0.0684230945890537,0.5304497012129263,0.0797262397181397
23/10/2019 22:00,0.8366641425459233,0.0684230945890537,0.5304497012129263,0.0797262397181397
23/10/2019 23:00,0.8366641425459233,0.0684230945890537,0.5304497012129263,0.0797262397181397
24/10/2019 00:00,0.8366641425459233,0.0684230945890537,0.5304497012129263,0.0797262397181397
24/10/2019 01:00,0.8366641425459233,0.0684230945890537,0.5304497012129263,0.0797262397181397
24/10/2019 02:00,0.8366641425459233,0.0684230945890537,0.5304497012129263,0.0797262397181397
24/10/2019 03:00,0.8366641425459233,0.0684230945890537,0.5304497012129263,0.0797262397181397
24/10/2019 04:00,0.8366641425459233,0.0684230945890537,0.5304497012129263,0.0797262397181397
24/10/2019 05:00,0.8366641425459233,0.0684230945890537,0.5304497012129263,0.0797262397181397
24/10/2019 06:00,0.8366641425459233,0.0684230945890537,0.5304497012129263,0.0797262397181397
24/10/2019 07:00,0.8366641425459233,0.0684230945890537,0.5304497012129263,0.0797262397181397
24/10/2019 08:00,0.8366641425459233,0.0684230945890537,0.5304497012129263,0.0797262397181397
24/10/2019 09:00,0.8366641425459233,0.0684230945890537,0.5304497012129263,0.0797262397181397
24/10/2019 10:00,0.8366641425459233,0.0684230945890537,0.5304497012129263,0.0797262397181397
24/10/2019 11:00,0.8366641425459233,0.0684230945890537,0.5304497012129263,0.0797262397181397
24/10/2019 12:00,0.8366641425459233,0.0684230945890537,0.5304497012129263,0.0797262397181397
24/10/2019 13:00,0.8366641425459233,0.0684230945890537,0.5304497012129263,0.0797262397181397
24/10/2019 14:00,0.8366641425459233,0.0684230945890537,0.5304497012129263,0.0797262397181397
24/10/2019 15:00,0.8366641425459233,0.0684230945890537,0.5304497012129263,0.0797262397181397
24/10/2019 16:00,0.8366641425459233,0.0684230945890537,0.5304497012129263,0.0797262397181397
24/10/2019 17:00,0.8366641425459233,0.0684230945890537,0.5304497012129263,0.0797262397181397
24/10/2019 18:00,0.8366641425459233,0.0684230945890537,0.5304497012129263,0.0797262397181397
24/10/2019 19:00,0.8366641425459233,0.0684230945890537,0.5304497012129263,0.0797262397181397
24/10/2019 20:00,0.8366641425459233,0.0684230945890537,0.5304497012129263,0.0797262397181397
24/10/2019 21:00,0.8366641425459233,0.0684230945890537,0.5304497012129263,0.0797262397181397
24/10/2019 22:00,0.8366641425459233,0.0684230945890537,0.5304497012129263,0.0797262397181397
24/10/2019 23:00,0.8366641425459233,0.0684230945890537,0.5304497012129263,0.0797262397181397
25/10/2019 00:00,0.8366641425459233,0.0684230945890537,0.5304497012129263,0.0797262397181397
25/10/2019 01:00,0.8366641425459233,0.0684230945890537,0.5304497012129263,0.0797262397181397
25/10/2019 02:00,0.8366641425459233,0.0684230945890537,0.5304497012129263,0.0797262397181397
25/10/2019 03:00,0.8366641425459233,0.0684230945890537,0.5304497012129263,0.0797262397181397
25/10/2019 04:00,0.8366641425459233,0.0684230945890537,0.5304497012129263,0.0797262397181397
25/10/2019 05:00,0.8366641425459233,0.0684230945890537,0.5304497012129263,0.0797262397181397
25/10/2019 06:00,0.8366641425459233,0.0684230945890537,0.5304497012129263,0.0797262397181397
25/10/2019 07:00,0.8366641425459233,0.0684230945890537,0.5304497012129263,0.0797262397181397
25/10/2019 08:00,0.8366641425459233,0.0684230945890537,0.5304497012129263,0.0797262397181397
25/10/2019 09:00,0.8366641425459233,0.0684230945890537,0.5304497012129263,0.0797262397181397
25/10/2019 10:00,0.8366641425459233,0.0684230945890537,0.5304497012129263,0.0797262397181397
25/10/2019 11:00,0.8366641425459233,0.0684230945890537,0.5304497012129263,0.0797262397181397
25/10/2019 12:00,0.8366641425459233,0.0684230945890537,0.5304497012129263,0.0797262397181397
25/10/2019 13:00,0.8366641425459233,0.0684230945890537,0.5304497012129263,0.0797262397181397
25/10/2019 14:00,0.8366641425459233,0.0684230945890537,0.5304497012129263,0.0797262397181397
25/10/2019 15:00,0.8366641425459233,0.0684230945890537,0.5304497012129263,0.0797262397181397
25/10/2019 16:00,0.8366641425459233,0.0684230945890537,0.5304497012129263,0.0797262397181397
25/10/2019 17:00,0.8366641425459233,0.0684230945890537,0.5304497012129263,0.0797262397181397
25/10/2019 18:00,0.8366641425459233,0.0684230945890537,0.5304497012129263,0.0797262397181397
25/10/2019 19:00,0.8366641425459233,0.0684230945890537,0.5304497012129263,0.0797262397181397
25/10/2019 20:00,0.8366641425459233,0.0684230945890537,0.5304497012129263,0.0797262397181397
25/10/2019 21:00,0.8366641425459233,0.0684230945890537,0.5304497012129263,0.0797262397181397
25/10/2019 22:00,0.8366641425459233,0.0684230945890537,0.5304497012129263,0.0797262397181397
25/10/2019 23:00,0.8366641425459233,0.0684230945890537,0.5304497012129263,0.0797262397181397
26/10/2019 00:00,0.8366641425459233,0.0684230945890537,0.5304497012129263,0.0797262397181397
26/10/2019 01:00,0.8366641425459233,0.0684230945890537,0.5304497012129263,0.0797262397181397
26/10/2019 02:00,0.8366641425459233,0.0684230945890537,0.5304497012129263,0.0797262397181397
26/10/2019 03:00,0.8366641425459233,0.0684230945890537,0.5304497012129263,0.0797262397181397
26/10/2019 04:00,0.8366641425459233,0.0684230945890537,0.5304497012129263,0.0797262397181397
26/10/2019 05:00,0.8366641425459233,0.0684230945890537,0.5304497012129263,0.0797262397181397
26/10/2019 06:00,0.8366641425459233,0.0684230945890537,0.5304497012129263,0.0797262397181397
26/10/2019 07:00,0.8366641425459233,0.0684230945890537,0.5304497012129263,0.0797262397181397
26/10/2019 08:00,0.8366641425459233,0.0684230945890537,0.5304497012129263,0.0797262397181397
26/10/2019 09:00,0.8366641425459233,0.0684230945890537,0.5304497012129263,0.0797262397181397
26/10/2019 10:00,0.8366641425459233,0.0684230945890537,0.5304497012129263,0.0797262397181397
26/10/2019 11:00,0.8366641425459233,0.0684230945890537,0.5304497012129263,0.0797262397181397
26/10/2019 12:00,0.8366641425459233,0.0684230945890537,0.5304497012129263,0.0797262397181397
26/10/2019 13:00,0.8366641425459233,0.0684230945890537,0.5304497012129263,0.0797262397181397
26/10/2019 14:00,0.8366641425459233,0.0684230945890537,0.5304497012129263,0.0797262397181397
26/10/2019 15:00,0.8366641425459233,0.0684230945890537,0.5304497012129263,0.0797262397181397
26/10/2019 16:00,0.8366641425459233,0.0684230945890537,0.5304497012129263,0.0797262397181397
26/10/2019 17:00,0.8366641425459233,0.0684230945890537,0.5304497012129263,0.0797262397181397
26/10/2019 18:00,0.8366641425459233,0.0684230945890537,0.5304497012129263,0.0797262397181397
26/10/2019 19:00,0.8366641425459233,0.0684230945890537,0.5304497012129263,0.0797262397181397
26/10/2019 20:00,0.8366641425459233,0.0684230945890537,0.5304497012129263,0.0797262397181397
26/10/2019 21:00,0.8366641425459233,0.0684230945890537,0.5304497012129263,0.0797262397181397
26/10/2019 22:00,0.8366641425459233,0.0684230945890537,0.5304497012129263,0.0797262397181397
26/10/2019 23:00,0.8366641425459233,0.0684230945890537,0.5304497012129263,0.0797262397181397
27/10/2019 00:00,0.8366641425459233,0.0684230945890537,0.5304497012129263,0.0797262397181397
27/10/2019 01:00,0.8366641425459233,0.0684230945890537,0.5304497012129263,0.0797262397181397
27/10/2019 02:00,0.8366641425459233,0.0684230945890537,0.5304497012129263,0.0797262397181397
27/10/2019 03:00,0.8366641425459233,0.0684230945890537,0.5304497012129263,0.0797262397181397
27/10/2019 04:00,0.8366641425459233,0.0684230945890537,0.5304497012129263,0.0797262397181397
27/10/2019 05:00,0.8366641425459233,0.0684230945890537,0.5304497012129263,0.0797262397181397
27/10/2019 06:00,0.8366641425459233,0.0684230945890537,0.5304497012129263,0.0797262397181397
27/10/2019 07:00,0.8366641425459233,0.0684230945890537,0.5304497012129263,0.0797262397181397
27/10/2019 08:00,0.8366641425459233,0.0684230945890537,0.5304497012129263,0.0797262397181397
27/10/2019 09:00,0.8366641425459233,0.0684230945890537,0.5304497012129263,0.0797262397181397
27/10/2019 10:00,0.8366641425459233,0.0684230945890537,0.5304497012129263,0.0797262397181397
27/10/2019 11:00,0.8366641425459233,0.0684230945890537,0.5304497012129263,0.0797262397181397
27/10/2019 12:00,0.8366641425459233,0.0684230945890537,0.5304497012129263,0.0797262397181397
27/10/2019 13:00,0.8366641425459233,0.0684230945890537,0.5304497012129263,0.0797262397181397
27/10/2019 14:00,0.8366641425459233,0.0684230945890537,0.5304497012129263,0.0797262397181397
27/10/2019 15:00,0.8366641425459233,0.0684230945890537,0.5304497012129263,0.0797262397181397
27/10/2019 16:00,0.8366641425459233,0.0684230945890537,0.5304497012129263,0.0797262397181397
27/10/2019 17:00,0.8366641425459233,0.0684230945890537,0.5304497012129263,0.0797262397181397
27/10/2019 18:00,0.8366641425459233,0.0684230945890537,0.5304497012129263,0.0797262397181397
27/10/2019 19:00,0.8366641425459233,0.0684230945890537,0.5304497012129263,0.0797262397181397
27/10/2019 20:00,0.8366641425459233,0.0684230945890537,0.5304497012129263,0.0797262397181397
27/10/2019 21:00,0.8366641425459233,0.0684230945890537,0.5304497012129263,0.0797262397181397
27/10/2019 22:00,0.8366641425459233,0.0684230945890537,0.5304497012129263,0.0797262397181397
27/10/2019 23:00,0.8366641425459233,0.0684230945890537,0.5304497012129263,0.0797262397181397
28/10/2019 00:00,0.8366641425459233,0.0684230945890537,0.5304497012129263,0.0797262397181397
28/10/2019 01:00,0.8366641425459233,0.0684230945890537,0.5304497012129263,0.0797262397181397
28/10/2019 02:00,0.8366641425459233,0.0684230945890537,0.5304497012129263,0.0797262397181397
28/10/2019 03:00,0.8366641425459233,0.0684230945890537,0.5304497012129263,0.0797262397181397
28/10/2019 04:00,0.8366641425459233,0.0684230945890537,0.5304497012129263,0.0797262397181397
28/10/2019 05:00,0.8366641425459233,0.0684230945890537,0.5304497012129263,0.0797262397181397
28/10/2019 06:00,0.8366641425459233,0.0684230945890537,0.5304497012129263,0.0797262397181397
28/10/2019 07:00,0.8366641425459233,0.0684230945890537,0.5304497012129263,0.0797262397181397
28/10/2019 08:00,0.8366641425459233,0.0684230945890537,0.5304497012129263,0.0797262397181397
28/10/2019 09:00,0.8366641425459233,0.0684230945890537,0.5304497012129263,0.0797262397181397
28/10/2019 10:00,0.8366641425459233,0.0684230945890537,0.5304497012129263,0.0797262397181397
28/10/2019 11:00,0.8366641425459233,0.0684230945890537,0.5304497012129263,0.0797262397181397
28/10/2019 12:00,0.8366641425459233,0.0684230945890537,0.5304497012129263,0.0797262397181397
28/10/2019 13:00,0.8366641425459233,0.0684230945890537,0.5304497012129263,0.0797262397181397
28/10/2019 14:00,0.8366641425459233,0.0684230945890537,0.5304497012129263,0.0797262397181397
28/10/2019 15:00,0.8366641425459233,0.0684230945890537,0.5304497012129263,0.0797262397181397
28/10/2019 16:00,0.8366641425459233,0.0684230945890537,0.5304497012129263,0.0797262397181397
28/10/2019 17:00,0.8366641425459233,0.0684230945890537,0.5304497012129263,0.0797262397181397
28/10/2019 18:00,0.8366641425459233,0.0684230945890537,0.5304497012129263,0.0797262397181397
28/10/2019 19:00,0.8366641425459233,0.0684230945890537,0.5304497012129263,0.0797262397181397
28/10/2019 20:00,0.8366641425459233,0.0684230945890537,0.5304497012129263,0.0797262397181397
28/10/2019 21:00,0.8366641425459233,0.0684230945890537,0.5304497012129263,0.0797262397181397
28/10/2019 22:00,0.8366641425459233,0.0684230945890537,0.5304497012129263,0.0797262397181397
28/10/2019 23:00,0.8366641425459233,0.0684230945890537,0.5304497012129263,0.0797262397181397
29/10/2019 00:00,0.8366641425459233,0.0684230945890537,0.5304497012129263,0.0797262397181397
29/10/2019 01:00,0.8366641425459233,0.0684230945890537,0.5304497012129263,0.0797262397181397
29/10/2019 02:00,0.8366641425459233,0.0684230945890537,0.5304497012129263,0.0797262397181397
29/10/2019 03:00,0.8366641425459233,0.0684230945890537,0.5304497012129263,0.0797262397181397
29/10/2019 04:00,0.8366641425459233,0.0684230945890537,0.5304497012129263,0.0797262397181397
29/10/2019 05:00,0.8366641425459233,0.0684230945890537,0.5304497012129263,0.0797262397181397
29/10/2019 06:00,0.8366641425459233,0.0684230945890537,0.5304497012129263,0.0797262397181397
29/10/2019 07:00,0.8366641425459233,0.0684230945890537,0.5304497012129263,0.0797262397181397
29/10/2019 08:00,0.8366641425459233,0.0684230945890537,0.5304497012129263,0.0797262397181397
29/10/2019 09:00,0.8366641425459233,0.0684230945890537,0.5304497012129263,0.0797262397181397
29/10/2019 10:00,0.8366641425459233,0.0684230945890537,0.5304497012129263,0.0797262397181397
29/10/2019 11:00,0.8366641425459233,0.0684230945890537,0.5304497012129263,0.0797262397181397
29/10/2019 12:00,0.8366641425459233,0.0684230945890537,0.5304497012129263,0.0797262397181397
29/10/2019 13:00,0.8366641425459233,0.0684230945890537,0.5304497012129263,0.0797262397181397
29/10/2019 14:00,0.8366641425459233,0.0684230945890537,0.5304497012129263,0.0797262397181397
29/10/2019 15:00,0.8366641425459233,0.0684230945890537,0.5304497012129263,0.0797262397181397
29/10/2019 16:00,0.8366641425459233,0.0684230945890537,0.5304497012129263,0.0797262397181397
29/10/2019 17:00,0.8366641425459233,0.0684230945890537,0.5304497012129263,0.0797262397181397
29/10/2019 18:00,0.8366641425459233,0.0684230945890537,0.5304497012129263,0.0797262397181397
29/10/2019 19:00,0.8366641425459233,0.0684230945890537,0.5304497012129263,0.0797262397181397
29/10/2019 20:00,0.8366641425459233,0.0684230945890537,0.5304497012129263,0.0797262397181397
29/10/2019 21:00,0.8366641425459233,0.0684230945890537,0.5304497012129263,0.0797262397181397
29/10/2019 22:00,0.8366641425459233,0.0684230945890537,0.5304497012129263,0.0797262397181397
29/10/2019 23:00,0.8366641425459233,0.0684230945890537,0.5304497012129263,0.0797262397181397
30/10/2019 00:00,0.8366641425459233,0.0684230945890537,0.5304497012129263,0.0797262397181397
30/10/2019 01:00,0.8366641425459233,0.0684230945890537,0.5304497012129263,0.0797262397181397
30/10/2019 02:00,0.8366641425459233,0.0684230945890537,0.5304497012129263,0.0797262397181397
30/10/2019 03:00,0.8366641425459233,0.0684230945890537,0.5304497012129263,0.0797262397181397
30/10/2019 04:00,0.8366641425459233,0.0684230945890537,0.5304497012129263,0.0797262397181397
30/10/2019 05:00,0.8366641425459233,0.0684230945890537,0.5304497012129263,0.0797262397181397
30/10/2019 06:00,0.8366641425459233,0.0684230945890537,0.5304497012129263,0.0797262397181397
30/10/2019 07:00,0.8366641425459233,0.0684230945890537,0.5304497012129263,0.0797262397181397
30/10/2019 08:00,0.8366641425459233,0.0684230945890537,0.5304497012129263,0.0797262397181397
30/10/2019 09:00,0.8366641425459233,0.0684230945890537,0.5304497012129263,0.0797262397181397
30/10/2019 10:00,0.8366641425459233,0.0684230945890537,0.5304497012129263,0.0797262397181397
30/10/2019 11:00,0.8366641425459233,0.0684230945890537,0.5304497012129263,0.0797262397181397
30/10/2019 12:00,0.8366641425459233,0.0684230945890537,0.5304497012129263,0.0797262397181397
30/10/2019 13:00,0.8366641425459233,0.0684230945890537,0.5304497012129263,0.0797262397181397
30/10/2019 14:00,0.8366641425459233,0.0684230945890537,0.5304497012129263,0.0797262397181397
30/10/2019 15:00,0.8366641425459233,0.0684230945890537,0.5304497012129263,0.0797262397181397
30/10/2019 16:00,0.8366641425459233,0.0684230945890537,0.5304497012129263,0.0797262397181397
30/10/2019 17:00,0.8366641425459233,0.0684230945890537,0.5304497012129263,0.0797262397181397
30/10/2019 18:00,0.8366641425459233,0.0684230945890537,0.5304497012129263,0.0797262397181397
30/10/2019 19:00,0.8366641425459233,0.0684230945890537,0.5304497012129263,0.0797262397181397
30/10/2019 20:00,0.8366641425459233,0.0684230945890537,0.5304497012129263,0.0797262397181397
30/10/2019 21:00,0.8366641425459233,0.0684230945890537,0.5304497012129263,0.0797262397181397
30/10/2019 22:00,0.8366641425459233,0.0684230945890537,0.5304497012129263,0.0797262397181397
30/10/2019 23:00,0.8366641425459233,0.0684230945890537,0.5304497012129263,0.0797262397181397
31/10/2019 00:00,0.8366641425459233,0.0684230945890537,0.5304497012129263,0.0797262397181397
31/10/2019 01:00,0.8366641425459233,0.0684230945890537,0.5304497012129263,0.0797262397181397
31/10/2019 02:00,0.8366641425459233,0.0684230945890537,0.5304497012129263,0.0797262397181397
31/10/2019 03:00,0.8366641425459233,0.0684230945890537,0.5304497012129263,0.0797262397181397
31/10/2019 04:00,0.8366641425459233,0.0684230945890537,0.5304497012129263,0.0797262397181397
31/10/2019 05:00,0.8366641425459233,0.0684230945890537,0.5304497012129263,0.0797262397181397
31/10/2019 06:00,0.8366641425459233,0.0684230945890537,0.5304497012129263,0.0797262397181397
31/10/2019 07:00,0.8366641425459233,0.0684230945890537,0.5304497012129263,0.0797262397181397
31/10/2019 08:00,0.8366641425459233,0.0684230945890537,0.5304497012129263,0.0797262397181397
31/10/2019 09:00,0.8366641425459233,0.0684230945890537,0.5304497012129263,0.0797262397181397
31/10/2019 10:00,0.8366641425459233,0.0684230945890537,0.5304497012129263,0.0797262397181397
31/10/2019 11:00,0.8366641425459233,0.0684230945890537,0.5304497012129263,0.0797262397181397
31/10/2019 12:00,0.8366641425459233,0.0684230945890537,0.5304497012129263,0.0797262397181397
31/10/2019 13:00,0.8366641425459233,0.0684230945890537,0.5304497012129263,0.0797262397181397
31/10/2019 14:00,0.8366641425459233,0.0684230945890537,0.5304497012129263,0.0797262397181397
31/10/2019 15:00,0.8366641425459233,0.0684230945890537,0.5304497012129263,0.0797262397181397
31/10/2019 16:00,0.8366641425459233,0.0684230945890537,0.5304497012129263,0.0797262397181397
31/10/2019 17:00,0.8366641425459233,0.0684230945890537,0.5304497012129263,0.0797262397181397
31/10/2019 18:00,0.8366641425459233,0.0684230945890537,0.5304497012129263,0.0797262397181397
31/10/2019 19:00,0.8366641425459233,0.0684230945890537,0.5304497012129263,0.0797262397181397
31/10/2019 20:00,0.8366641425459233,0.0684230945890537,0.5304497012129263,0.0797262397181397
31/10/2019 21:00,0.8366641425459233,0.0684230945890537,0.5304497012129263,0.0797262397181397
31/10/2019 22:00,0.8366641425459233,0.0684230945890537,0.5304497012129263,0.0797262397181397
31/10/2019 23:00,0.8366641425459233,0.0684230945890537,0.5304497012129263,0.0797262397181397
01/11/2019 00:00,1.0,0.1134344420398553,1.0,0.1286692249386705
01/11/2019 01:00,1.0,0.1134344420398553,1.0,0.1286692249386705
01/11/2019 02:00,1.0,0.1134344420398553,1.0,0.1286692249386705
01/11/2019 03:00,1.0,0.1134344420398553,1.0,0.1286692249386705
01/11/2019 04:00,1.0,0.1134344420398553,1.0,0.1286692249386705
01/11/2019 05:00,1.0,0.1134344420398553,1.0,0.1286692249386705
01/11/2019 06:00,1.0,0.1134344420398553,1.0,0.1286692249386705
01/11/2019 07:00,1.0,0.1134344420398553,1.0,0.1286692249386705
01/11/2019 08:00,1.0,0.1134344420398553,1.0,0.1286692249386705
01/11/2019 09:00,1.0,0.1134344420398553,1.0,0.1286692249386705
01/11/2019 10:00,1.0,0.1134344420398553,1.0,0.1286692249386705
01/11/2019 11:00,1.0,0.1134344420398553,1.0,0.1286692249386705
01/11/2019 12:00,1.0,0.1134344420398553,1.0,0.1286692249386705
01/11/2019 13:00,1.0,0.1134344420398553,1.0,0.1286692249386705
01/11/2019 14:00,1.0,0.1134344420398553,1.0,0.1286692249386705
01/11/2019 15:00,1.0,0.1134344420398553,1.0,0.1286692249386705
01/11/2019 16:00,1.0,0.1134344420398553,1.0,0.1286692249386705
01/11/2019 17:00,1.0,0.1134344420398553,1.0,0.1286692249386705
01/11/2019 18:00,1.0,0.1134344420398553,1.0,0.1286692249386705
01/11/2019 19:00,1.0,0.1134344420398553,1.0,0.1286692249386705
01/11/2019 20:00,1.0,0.1134344420398553,1.0,0.1286692249386705
01/11/2019 21:00,1.0,0.1134344420398553,1.0,0.1286692249386705
01/11/2019 22:00,1.0,0.1134344420398553,1.0,0.1286692249386705
01/11/2019 23:00,1.0,0.1134344420398553,1.0,0.1286692249386705
02/11/2019 00:00,1.0,0.1134344420398553,1.0,0.1286692249386705
02/11/2019 01:00,1.0,0.1134344420398553,1.0,0.1286692249386705
02/11/2019 02:00,1.0,0.1134344420398553,1.0,0.1286692249386705
02/11/2019 03:00,1.0,0.1134344420398553,1.0,0.1286692249386705
02/11/2019 04:00,1.0,0.1134344420398553,1.0,0.1286692249386705
02/11/2019 05:00,1.0,0.1134344420398553,1.0,0.1286692249386705
02/11/2019 06:00,1.0,0.1134344420398553,1.0,0.1286692249386705
02/11/2019 07:00,1.0,0.1134344420398553,1.0,0.1286692249386705
02/11/2019 08:00,1.0,0.1134344420398553,1.0,0.1286692249386705
02/11/2019 09:00,1.0,0.1134344420398553,1.0,0.1286692249386705
02/11/2019 10:00,1.0,0.1134344420398553,1.0,0.1286692249386705
02/11/2019 11:00,1.0,0.1134344420398553,1.0,0.1286692249386705
02/11/2019 12:00,1.0,0.1134344420398553,1.0,0.1286692249386705
02/11/2019 13:00,1.0,0.1134344420398553,1.0,0.1286692249386705
02/11/2019 14:00,1.0,0.1134344420398553,1.0,0.1286692249386705
02/11/2019 15:00,1.0,0.1134344420398553,1.0,0.1286692249386705
02/11/2019 16:00,1.0,0.1134344420398553,1.0,0.1286692249386705
02/11/2019 17:00,1.0,0.1134344420398553,1.0,0.1286692249386705
02/11/2019 18:00,1.0,0.1134344420398553,1.0,0.1286692249386705
02/11/2019 19:00,1.0,0.1134344420398553,1.0,0.1286692249386705
02/11/2019 20:00,1.0,0.1134344420398553,1.0,0.1286692249386705
02/11/2019 21:00,1.0,0.1134344420398553,1.0,0.1286692249386705
02/11/2019 22:00,1.0,0.1134344420398553,1.0,0.1286692249386705
02/11/2019 23:00,1.0,0.1134344420398553,1.0,0.1286692249386705
03/11/2019 00:00,1.0,0.1134344420398553,1.0,0.1286692249386705
03/11/2019 01:00,1.0,0.1134344420398553,1.0,0.1286692249386705
03/11/2019 02:00,1.0,0.1134344420398553,1.0,0.1286692249386705
03/11/2019 03:00,1.0,0.1134344420398553,1.0,0.1286692249386705
03/11/2019 04:00,1.0,0.1134344420398553,1.0,0.1286692249386705
03/11/2019 05:00,1.0,0.1134344420398553,1.0,0.1286692249386705
03/11/2019 06:00,1.0,0.1134344420398553,1.0,0.1286692249386705
03/11/2019 07:00,1.0,0.1134344420398553,1.0,0.1286692249386705
03/11/2019 08:00,1.0,0.1134344420398553,1.0,0.1286692249386705
03/11/2019 09:00,1.0,0.1134344420398553,1.0,0.1286692249386705
03/11/2019 10:00,1.0,0.1134344420398553,1.0,0.1286692249386705
03/11/2019 11:00,1.0,0.1134344420398553,1.0,0.1286692249386705
03/11/2019 12:00,1.0,0.1134344420398553,1.0,0.1286692249386705
03/11/2019 13:00,1.0,0.1134344420398553,1.0,0.1286692249386705
03/11/2019 14:00,1.0,0.1134344420398553,1.0,0.1286692249386705
03/11/2019 15:00,1.0,0.1134344420398553,1.0,0.1286692249386705
03/11/2019 16:00,1.0,0.1134344420398553,1.0,0.1286692249386705
03/11/2019 17:00,1.0,0.1134344420398553,1.0,0.1286692249386705
03/11/2019 18:00,1.0,0.1134344420398553,1.0,0.1286692249386705
03/11/2019 19:00,1.0,0.1134344420398553,1.0,0.1286692249386705
03/11/2019 20:00,1.0,0.1134344420398553,1.0,0.1286692249386705
03/11/2019 21:00,1.0,0.1134344420398553,1.0,0.1286692249386705
03/11/2019 22:00,1.0,0.1134344420398553,1.0,0.1286692249386705
03/11/2019 23:00,1.0,0.1134344420398553,1.0,0.1286692249386705
04/11/2019 00:00,1.0,0.1134344420398553,1.0,0.1286692249386705
04/11/2019 01:00,1.0,0.1134344420398553,1.0,0.1286692249386705
04/11/2019 02:00,1.0,0.1134344420398553,1.0,0.1286692249386705
04/11/2019 03:00,1.0,0.1134344420398553,1.0,0.1286692249386705
04/11/2019 04:00,1.0,0.1134344420398553,1.0,0.1286692249386705
04/11/2019 05:00,1.0,0.1134344420398553,1.0,0.1286692249386705
04/11/2019 06:00,1.0,0.1134344420398553,1.0,0.1286692249386705
04/11/2019 07:00,1.0,0.1134344420398553,1.0,0.1286692249386705
04/11/2019 08:00,1.0,0.1134344420398553,1.0,0.1286692249386705
04/11/2019 09:00,1.0,0.1134344420398553,1.0,0.1286692249386705
04/11/2019 10:00,1.0,0.1134344420398553,1.0,0.1286692249386705
04/11/2019 11:00,1.0,0.1134344420398553,1.0,0.1286692249386705
04/11/2019 12:00,1.0,0.1134344420398553,1.0,0.1286692249386705
04/11/2019 13:00,1.0,0.1134344420398553,1.0,0.1286692249386705
04/11/2019 14:00,1.0,0.1134344420398553,1.0,0.1286692249386705
04/11/2019 15:00,1.0,0.1134344420398553,1.0,0.1286692249386705
04/11/2019 16:00,1.0,0.1134344420398553,1.0,0.1286692249386705
04/11/2019 17:00,1.0,0.1134344420398553,1.0,0.1286692249386705
04/11/2019 18:00,1.0,0.1134344420398553,1.0,0.1286692249386705
04/11/2019 19:00,1.0,0.1134344420398553,1.0,0.1286692249386705
04/11/2019 20:00,1.0,0.1134344420398553,1.0,0.1286692249386705
04/11/2019 21:00,1.0,0.1134344420398553,1.0,0.1286692249386705
04/11/2019 22:00,1.0,0.1134344420398553,1.0,0.1286692249386705
04/11/2019 23:00,1.0,0.1134344420398553,1.0,0.1286692249386705
05/11/2019 00:00,1.0,0.1134344420398553,1.0,0.1286692249386705
05/11/2019 01:00,1.0,0.1134344420398553,1.0,0.1286692249386705
05/11/2019 02:00,1.0,0.1134344420398553,1.0,0.1286692249386705
05/11/2019 03:00,1.0,0.1134344420398553,1.0,0.1286692249386705
05/11/2019 04:00,1.0,0.1134344420398553,1.0,0.1286692249386705
05/11/2019 05:00,1.0,0.1134344420398553,1.0,0.1286692249386705
05/11/2019 06:00,1.0,0.1134344420398553,1.0,0.1286692249386705
05/11/2019 07:00,1.0,0.1134344420398553,1.0,0.1286692249386705
05/11/2019 08:00,1.0,0.1134344420398553,1.0,0.1286692249386705
05/11/2019 09:00,1.0,0.1134344420398553,1.0,0.1286692249386705
05/11/2019 10:00,1.0,0.1134344420398553,1.0,0.1286692249386705
05/11/2019 11:00,1.0,0.1134344420398553,1.0,0.1286692249386705
05/11/2019 12:00,1.0,0.1134344420398553,1.0,0.1286692249386705
05/11/2019 13:00,1.0,0.1134344420398553,1.0,0.1286692249386705
05/11/2019 14:00,1.0,0.1134344420398553,1.0,0.1286692249386705
05/11/2019 15:00,1.0,0.1134344420398553,1.0,0.1286692249386705
05/11/2019 16:00,1.0,0.1134344420398553,1.0,0.1286692249386705
05/11/2019 17:00,1.0,0.1134344420398553,1.0,0.1286692249386705
05/11/2019 18:00,1.0,0.1134344420398553,1.0,0.1286692249386705
05/11/2019 19:00,1.0,0.1134344420398553,1.0,0.1286692249386705
05/11/2019 20:00,1.0,0.1134344420398553,1.0,0.1286692249386705
05/11/2019 21:00,1.0,0.1134344420398553,1.0,0.1286692249386705
05/11/2019 22:00,1.0,0.1134344420398553,1.0,0.1286692249386705
05/11/2019 23:00,1.0,0.1134344420398553,1.0,0.1286692249386705
06/11/2019 00:00,1.0,0.1134344420398553,1.0,0.1286692249386705
06/11/2019 01:00,1.0,0.1134344420398553,1.0,0.1286692249386705
06/11/2019 02:00,1.0,0.1134344420398553,1.0,0.1286692249386705
06/11/2019 03:00,1.0,0.1134344420398553,1.0,0.1286692249386705
06/11/2019 04:00,1.0,0.1134344420398553,1.0,0.1286692249386705
06/11/2019 05:00,1.0,0.1134344420398553,1.0,0.1286692249386705
06/11/2019 06:00,1.0,0.1134344420398553,1.0,0.1286692249386705
06/11/2019 07:00,1.0,0.1134344420398553,1.0,0.1286692249386705
06/11/2019 08:00,1.0,0.1134344420398553,1.0,0.1286692249386705
06/11/2019 09:00,1.0,0.1134344420398553,1.0,0.1286692249386705
06/11/2019 10:00,1.0,0.1134344420398553,1.0,0.1286692249386705
06/11/2019 11:00,1.0,0.1134344420398553,1.0,0.1286692249386705
06/11/2019 12:00,1.0,0.1134344420398553,1.0,0.1286692249386705
06/11/2019 13:00,1.0,0.1134344420398553,1.0,0.1286692249386705
06/11/2019 14:00,1.0,0.1134344420398553,1.0,0.1286692249386705
06/11/2019 15:00,1.0,0.1134344420398553,1.0,0.1286692249386705
06/11/2019 16:00,1.0,0.1134344420398553,1.0,0.1286692249386705
06/11/2019 17:00,1.0,0.1134344420398553,1.0,0.1286692249386705
06/11/2019 18:00,1.0,0.1134344420398553,1.0,0.1286692249386705
06/11/2019 19:00,1.0,0.1134344420398553,1.0,0.1286692249386705
06/11/2019 20:00,1.0,0.1134344420398553,1.0,0.1286692249386705
06/11/2019 21:00,1.0,0.1134344420398553,1.0,0.1286692249386705
06/11/2019 22:00,1.0,0.1134344420398553,1.0,0.1286692249386705
06/11/2019 23:00,1.0,0.1134344420398553,1.0,0.1286692249386705
07/11/2019 00:00,1.0,0.1134344420398553,1.0,0.1286692249386705
07/11/2019 01:00,1.0,0.1134344420398553,1.0,0.1286692249386705
07/11/2019 02:00,1.0,0.1134344420398553,1.0,0.1286692249386705
07/11/2019 03:00,1.0,0.1134344420398553,1.0,0.1286692249386705
07/11/2019 04:00,1.0,0.1134344420398553,1.0,0.1286692249386705
07/11/2019 05:00,1.0,0.1134344420398553,1.0,0.1286692249386705
07/11/2019 06:00,1.0,0.1134344420398553,1.0,0.1286692249386705
07/11/2019 07:00,1.0,0.1134344420398553,1.0,0.1286692249386705
07/11/2019 08:00,1.0,0.1134344420398553,1.0,0.1286692249386705
07/11/2019 09:00,1.0,0.1134344420398553,1.0,0.1286692249386705
07/11/2019 10:00,1.0,0.1134344420398553,1.0,0.1286692249386705
07/11/2019 11:00,1.0,0.1134344420398553,1.0,0.1286692249386705
07/11/2019 12:00,1.0,0.1134344420398553,1.0,0.1286692249386705
07/11/2019 13:00,1.0,0.1134344420398553,1.0,0.1286692249386705
07/11/2019 14:00,1.0,0.1134344420398553,1.0,0.1286692249386705
07/11/2019 15:00,1.0,0.1134344420398553,1.0,0.1286692249386705
07/11/2019 16:00,1.0,0.1134344420398553,1.0,0.1286692249386705
07/11/2019 17:00,1.0,0.1134344420398553,1.0,0.1286692249386705
07/11/2019 18:00,1.0,0.1134344420398553,1.0,0.1286692249386705
07/11/2019 19:00,1.0,0.1134344420398553,1.0,0.1286692249386705
07/11/2019 20:00,1.0,0.1134344420398553,1.0,0.1286692249386705
07/11/2019 21:00,1.0,0.1134344420398553,1.0,0.1286692249386705
07/11/2019 22:00,1.0,0.1134344420398553,1.0,0.1286692249386705
07/11/2019 23:00,1.0,0.1134344420398553,1.0,0.1286692249386705
08/11/2019 00:00,1.0,0.1134344420398553,1.0,0.1286692249386705
08/11/2019 01:00,1.0,0.1134344420398553,1.0,0.1286692249386705
08/11/2019 02:00,1.0,0.1134344420398553,1.0,0.1286692249386705
08/11/2019 03:00,1.0,0.1134344420398553,1.0,0.1286692249386705
08/11/2019 04:00,1.0,0.1134344420398553,1.0,0.1286692249386705
08/11/2019 05:00,1.0,0.1134344420398553,1.0,0.1286692249386705
08/11/2019 06:00,1.0,0.1134344420398553,1.0,0.1286692249386705
08/11/2019 07:00,1.0,0.1134344420398553,1.0,0.1286692249386705
08/11/2019 08:00,1.0,0.1134344420398553,1.0,0.1286692249386705
08/11/2019 09:00,1.0,0.1134344420398553,1.0,0.1286692249386705
08/11/2019 10:00,1.0,0.1134344420398553,1.0,0.1286692249386705
08/11/2019 11:00,1.0,0.1134344420398553,1.0,0.1286692249386705
08/11/2019 12:00,1.0,0.1134344420398553,1.0,0.1286692249386705
08/11/2019 13:00,1.0,0.1134344420398553,1.0,0.1286692249386705
08/11/2019 14:00,1.0,0.1134344420398553,1.0,0.1286692249386705
08/11/2019 15:00,1.0,0.1134344420398553,1.0,0.1286692249386705
08/11/2019 16:00,1.0,0.1134344420398553,1.0,0.1286692249386705
08/11/2019 17:00,1.0,0.1134344420398553,1.0,0.1286692249386705
08/11/2019 18:00,1.0,0.1134344420398553,1.0,0.1286692249386705
08/11/2019 19:00,1.0,0.1134344420398553,1.0,0.1286692249386705
08/11/2019 20:00,1.0,0.1134344420398553,1.0,0.1286692249386705
08/11/2019 21:00,1.0,0.1134344420398553,1.0,0.1286692249386705
08/11/2019 22:00,1.0,0.1134344420398553,1.0,0.1286692249386705
08/11/2019 23:00,1.0,0.1134344420398553,1.0,0.1286692249386705
09/11/2019 00:00,1.0,0.1134344420398553,1.0,0.1286692249386705
09/11/2019 01:00,1.0,0.1134344420398553,1.0,0.1286692249386705
09/11/2019 02:00,1.0,0.1134344420398553,1.0,0.1286692249386705
09/11/2019 03:00,1.0,0.1134344420398553,1.0,0.1286692249386705
09/11/2019 04:00,1.0,0.1134344420398553,1.0,0.1286692249386705
09/11/2019 05:00,1.0,0.1134344420398553,1.0,0.1286692249386705
09/11/2019 06:00,1.0,0.1134344420398553,1.0,0.1286692249386705
09/11/2019 07:00,1.0,0.1134344420398553,1.0,0.1286692249386705
09/11/2019 08:00,1.0,0.1134344420398553,1.0,0.1286692249386705
09/11/2019 09:00,1.0,0.1134344420398553,1.0,0.1286692249386705
09/11/2019 10:00,1.0,0.1134344420398553,1.0,0.1286692249386705
09/11/2019 11:00,1.0,0.1134344420398553,1.0,0.1286692249386705
09/11/2019 12:00,1.0,0.1134344420398553,1.0,0.1286692249386705
09/11/2019 13:00,1.0,0.1134344420398553,1.0,0.1286692249386705
09/11/2019 14:00,1.0,0.1134344420398553,1.0,0.1286692249386705
09/11/2019 15:00,1.0,0.1134344420398553,1.0,0.1286692249386705
09/11/2019 16:00,1.0,0.1134344420398553,1.0,0.1286692249386705
09/11/2019 17:00,1.0,0.1134344420398553,1.0,0.1286692249386705
09/11/2019 18:00,1.0,0.1134344420398553,1.0,0.1286692249386705
09/11/2019 19:00,1.0,0.1134344420398553,1.0,0.1286692249386705
09/11/2019 20:00,1.0,0.1134344420398553,1.0,0.1286692249386705
09/11/2019 21:00,1.0,0.1134344420398553,1.0,0.1286692249386705
09/11/2019 22:00,1.0,0.1134344420398553,1.0,0.1286692249386705
09/11/2019 23:00,1.0,0.1134344420398553,1.0,0.1286692249386705
10/11/2019 00:00,1.0,0.1134344420398553,1.0,0.1286692249386705
10/11/2019 01:00,1.0,0.1134344420398553,1.0,0.1286692249386705
10/11/2019 02:00,1.0,0.1134344420398553,1.0,0.1286692249386705
10/11/2019 03:00,1.0,0.1134344420398553,1.0,0.1286692249386705
10/11/2019 04:00,1.0,0.1134344420398553,1.0,0.1286692249386705
10/11/2019 05:00,1.0,0.1134344420398553,1.0,0.1286692249386705
10/11/2019 06:00,1.0,0.1134344420398553,1.0,0.1286692249386705
10/11/2019 07:00,1.0,0.1134344420398553,1.0,0.1286692249386705
10/11/2019 08:00,1.0,0.1134344420398553,1.0,0.1286692249386705
10/11/2019 09:00,1.0,0.1134344420398553,1.0,0.1286692249386705
10/11/2019 10:00,1.0,0.1134344420398553,1.0,0.1286692249386705
10/11/2019 11:00,1.0,0.1134344420398553,1.0,0.1286692249386705
10/11/2019 12:00,1.0,0.1134344420398553,1.0,0.1286692249386705
10/11/2019 13:00,1.0,0.1134344420398553,1.0,0.1286692249386705
10/11/2019 14:00,1.0,0.1134344420398553,1.0,0.1286692249386705
10/11/2019 15:00,1.0,0.1134344420398553,1.0,0.1286692249386705
10/11/2019 16:00,1.0,0.1134344420398553,1.0,0.1286692249386705
10/11/2019 17:00,1.0,0.1134344420398553,1.0,0.1286692249386705
10/11/2019 18:00,1.0,0.1134344420398553,1.0,0.1286692249386705
10/11/2019 19:00,1.0,0.1134344420398553,1.0,0.1286692249386705
10/11/2019 20:00,1.0,0.1134344420398553,1.0,0.1286692249386705
10/11/2019 21:00,1.0,0.1134344420398553,1.0,0.1286692249386705
10/11/2019 22:00,1.0,0.1134344420398553,1.0,0.1286692249386705
10/11/2019 23:00,1.0,0.1134344420398553,1.0,0.1286692249386705
11/11/2019 00:00,1.0,0.1134344420398553,1.0,0.1286692249386705
11/11/2019 01:00,1.0,0.1134344420398553,1.0,0.1286692249386705
11/11/2019 02:00,1.0,0.1134344420398553,1.0,0.1286692249386705
11/11/2019 03:00,1.0,0.1134344420398553,1.0,0.1286692249386705
11/11/2019 04:00,1.0,0.1134344420398553,1.0,0.1286692249386705
11/11/2019 05:00,1.0,0.1134344420398553,1.0,0.1286692249386705
11/11/2019 06:00,1.0,0.1134344420398553,1.0,0.1286692249386705
11/11/2019 07:00,1.0,0.1134344420398553,1.0,0.1286692249386705
11/11/2019 08:00,1.0,0.1134344420398553,1.0,0.1286692249386705
11/11/2019 09:00,1.0,0.1134344420398553,1.0,0.1286692249386705
11/11/2019 10:00,1.0,0.1134344420398553,1.0,0.1286692249386705
11/11/2019 11:00,1.0,0.1134344420398553,1.0,0.1286692249386705
11/11/2019 12:00,1.0,0.1134344420398553,1.0,0.1286692249386705
11/11/2019 13:00,1.0,0.1134344420398553,1.0,0.1286692249386705
11/11/2019 14:00,1.0,0.1134344420398553,1.0,0.1286692249386705
11/11/2019 15:00,1.0,0.1134344420398553,1.0,0.1286692249386705
11/11/2019 16:00,1.0,0.1134344420398553,1.0,0.1286692249386705
11/11/2019 17:00,1.0,0.1134344420398553,1.0,0.1286692249386705
11/11/2019 18:00,1.0,0.1134344420398553,1.0,0.1286692249386705
11/11/2019 19:00,1.0,0.1134344420398553,1.0,0.1286692249386705
11/11/2019 20:00,1.0,0.1134344420398553,1.0,0.1286692249386705
11/11/2019 21:00,1.0,0.1134344420398553,1.0,0.1286692249386705
11/11/2019 22:00,1.0,0.1134344420398553,1.0,0.1286692249386705
11/11/2019 23:00,1.0,0.1134344420398553,1.0,0.1286692249386705
12/11/2019 00:00,1.0,0.1134344420398553,1.0,0.1286692249386705
12/11/2019 01:00,1.0,0.1134344420398553,1.0,0.1286692249386705
12/11/2019 02:00,1.0,0.1134344420398553,1.0,0.1286692249386705
12/11/2019 03:00,1.0,0.1134344420398553,1.0,0.1286692249386705
12/11/2019 04:00,1.0,0.1134344420398553,1.0,0.1286692249386705
12/11/2019 05:00,1.0,0.1134344420398553,1.0,0.1286692249386705
12/11/2019 06:00,1.0,0.1134344420398553,1.0,0.1286692249386705
12/11/2019 07:00,1.0,0.1134344420398553,1.0,0.1286692249386705
12/11/2019 08:00,1.0,0.1134344420398553,1.0,0.1286692249386705
12/11/2019 09:00,1.0,0.1134344420398553,1.0,0.1286692249386705
12/11/2019 10:00,1.0,0.1134344420398553,1.0,0.1286692249386705
12/11/2019 11:00,1.0,0.1134344420398553,1.0,0.1286692249386705
12/11/2019 12:00,1.0,0.1134344420398553,1.0,0.1286692249386705
12/11/2019 13:00,1.0,0.1134344420398553,1.0,0.1286692249386705
12/11/2019 14:00,1.0,0.1134344420398553,1.0,0.1286692249386705
12/11/2019 15:00,1.0,0.1134344420398553,1.0,0.1286692249386705
12/11/2019 16:00,1.0,0.1134344420398553,1.0,0.1286692249386705
12/11/2019 17:00,1.0,0.1134344420398553,1.0,0.1286692249386705
12/11/2019 18:00,1.0,0.1134344420398553,1.0,0.1286692249386705
12/11/2019 19:00,1.0,0.1134344420398553,1.0,0.1286692249386705
12/11/2019 20:00,1.0,0.1134344420398553,1.0,0.1286692249386705
12/11/2019 21:00,1.0,0.1134344420398553,1.0,0.1286692249386705
12/11/2019 22:00,1.0,0.1134344420398553,1.0,0.1286692249386705
12/11/2019 23:00,1.0,0.1134344420398553,1.0,0.1286692249386705
13/11/2019 00:00,1.0,0.1134344420398553,1.0,0.1286692249386705
13/11/2019 01:00,1.0,0.1134344420398553,1.0,0.1286692249386705
13/11/2019 02:00,1.0,0.1134344420398553,1.0,0.1286692249386705
13/11/2019 03:00,1.0,0.1134344420398553,1.0,0.1286692249386705
13/11/2019 04:00,1.0,0.1134344420398553,1.0,0.1286692249386705
13/11/2019 05:00,1.0,0.1134344420398553,1.0,0.1286692249386705
13/11/2019 06:00,1.0,0.1134344420398553,1.0,0.1286692249386705
13/11/2019 07:00,1.0,0.1134344420398553,1.0,0.1286692249386705
13/11/2019 08:00,1.0,0.1134344420398553,1.0,0.1286692249386705
13/11/2019 09:00,1.0,0.1134344420398553,1.0,0.1286692249386705
13/11/2019 10:00,1.0,0.1134344420398553,1.0,0.1286692249386705
13/11/2019 11:00,1.0,0.1134344420398553,1.0,0.1286692249386705
13/11/2019 12:00,1.0,0.1134344420398553,1.0,0.1286692249386705
13/11/2019 13:00,1.0,0.1134344420398553,1.0,0.1286692249386705
13/11/2019 14:00,1.0,0.1134344420398553,1.0,0.1286692249386705
13/11/2019 15:00,1.0,0.1134344420398553,1.0,0.1286692249386705
13/11/2019 16:00,1.0,0.1134344420398553,1.0,0.1286692249386705
13/11/2019 17:00,1.0,0.1134344420398553,1.0,0.1286692249386705
13/11/2019 18:00,1.0,0.1134344420398553,1.0,0.1286692249386705
13/11/2019 19:00,1.0,0.1134344420398553,1.0,0.1286692249386705
13/11/2019 20:00,1.0,0.1134344420398553,1.0,0.1286692249386705
13/11/2019 21:00,1.0,0.1134344420398553,1.0,0.1286692249386705
13/11/2019 22:00,1.0,0.1134344420398553,1.0,0.1286692249386705
13/11/2019 23:00,1.0,0.1134344420398553,1.0,0.1286692249386705
14/11/2019 00:00,1.0,0.1134344420398553,1.0,0.1286692249386705
14/11/2019 01:00,1.0,0.1134344420398553,1.0,0.1286692249386705
14/11/2019 02:00,1.0,0.1134344420398553,1.0,0.1286692249386705
14/11/2019 03:00,1.0,0.1134344420398553,1.0,0.1286692249386705
14/11/2019 04:00,1.0,0.1134344420398553,1.0,0.1286692249386705
14/11/2019 05:00,1.0,0.1134344420398553,1.0,0.1286692249386705
14/11/2019 06:00,1.0,0.1134344420398553,1.0,0.1286692249386705
14/11/2019 07:00,1.0,0.1134344420398553,1.0,0.1286692249386705
14/11/2019 08:00,1.0,0.1134344420398553,1.0,0.1286692249386705
14/11/2019 09:00,1.0,0.1134344420398553,1.0,0.1286692249386705
14/11/2019 10:00,1.0,0.1134344420398553,1.0,0.1286692249386705
14/11/2019 11:00,1.0,0.1134344420398553,1.0,0.1286692249386705
14/11/2019 12:00,1.0,0.1134344420398553,1.0,0.1286692249386705
14/11/2019 13:00,1.0,0.1134344420398553,1.0,0.1286692249386705
14/11/2019 14:00,1.0,0.1134344420398553,1.0,0.1286692249386705
14/11/2019 15:00,1.0,0.1134344420398553,1.0,0.1286692249386705
14/11/2019 16:00,1.0,0.1134344420398553,1.0,0.1286692249386705
14/11/2019 17:00,1.0,0.1134344420398553,1.0,0.1286692249386705
14/11/2019 18:00,1.0,0.1134344420398553,1.0,0.1286692249386705
14/11/2019 19:00,1.0,0.1134344420398553,1.0,0.1286692249386705
14/11/2019 20:00,1.0,0.1134344420398553,1.0,0.1286692249386705
14/11/2019 21:00,1.0,0.1134344420398553,1.0,0.1286692249386705
14/11/2019 22:00,1.0,0.1134344420398553,1.0,0.1286692249386705
14/11/2019 23:00,1.0,0.1134344420398553,1.0,0.1286692249386705
15/11/2019 00:00,1.0,0.1134344420398553,1.0,0.1286692249386705
15/11/2019 01:00,1.0,0.1134344420398553,1.0,0.1286692249386705
15/11/2019 02:00,1.0,0.1134344420398553,1.0,0.1286692249386705
15/11/2019 03:00,1.0,0.1134344420398553,1.0,0.1286692249386705
15/11/2019 04:00,1.0,0.1134344420398553,1.0,0.1286692249386705
15/11/2019 05:00,1.0,0.1134344420398553,1.0,0.1286692249386705
15/11/2019 06:00,1.0,0.1134344420398553,1.0,0.1286692249386705
15/11/2019 07:00,1.0,0.1134344420398553,1.0,0.1286692249386705
15/11/2019 08:00,1.0,0.1134344420398553,1.0,0.1286692249386705
15/11/2019 09:00,1.0,0.1134344420398553,1.0,0.1286692249386705
15/11/2019 10:00,1.0,0.1134344420398553,1.0,0.1286692249386705
15/11/2019 11:00,1.0,0.1134344420398553,1.0,0.1286692249386705
15/11/2019 12:00,1.0,0.1134344420398553,1.0,0.1286692249386705
15/11/2019 13:00,1.0,0.1134344420398553,1.0,0.1286692249386705
15/11/2019 14:00,1.0,0.1134344420398553,1.0,0.1286692249386705
15/11/2019 15:00,1.0,0.1134344420398553,1.0,0.1286692249386705
15/11/2019 16:00,1.0,0.1134344420398553,1.0,0.1286692249386705
15/11/2019 17:00,1.0,0.1134344420398553,1.0,0.1286692249386705
15/11/2019 18:00,1.0,0.1134344420398553,1.0,0.1286692249386705
15/11/2019 19:00,1.0,0.1134344420398553,1.0,0.1286692249386705
15/11/2019 20:00,1.0,0.1134344420398553,1.0,0.1286692249386705
15/11/2019 21:00,1.0,0.1134344420398553,1.0,0.1286692249386705
15/11/2019 22:00,1.0,0.1134344420398553,1.0,0.1286692249386705
15/11/2019 23:00,1.0,0.1134344420398553,1.0,0.1286692249386705
16/11/2019 00:00,1.0,0.1134344420398553,1.0,0.1286692249386705
16/11/2019 01:00,1.0,0.1134344420398553,1.0,0.1286692249386705
16/11/2019 02:00,1.0,0.1134344420398553,1.0,0.1286692249386705
16/11/2019 03:00,1.0,0.1134344420398553,1.0,0.1286692249386705
16/11/2019 04:00,1.0,0.1134344420398553,1.0,0.1286692249386705
16/11/2019 05:00,1.0,0.1134344420398553,1.0,0.1286692249386705
16/11/2019 06:00,1.0,0.1134344420398553,1.0,0.1286692249386705
16/11/2019 07:00,1.0,0.1134344420398553,1.0,0.1286692249386705
16/11/2019 08:00,1.0,0.1134344420398553,1.0,0.1286692249386705
16/11/2019 09:00,1.0,0.1134344420398553,1.0,0.1286692249386705
16/11/2019 10:00,1.0,0.1134344420398553,1.0,0.1286692249386705
16/11/2019 11:00,1.0,0.1134344420398553,1.0,0.1286692249386705
16/11/2019 12:00,1.0,0.1134344420398553,1.0,0.1286692249386705
16/11/2019 13:00,1.0,0.1134344420398553,1.0,0.1286692249386705
16/11/2019 14:00,1.0,0.1134344420398553,1.0,0.1286692249386705
16/11/2019 15:00,1.0,0.1134344420398553,1.0,0.1286692249386705
16/11/2019 16:00,1.0,0.1134344420398553,1.0,0.1286692249386705
16/11/2019 17:00,1.0,0.1134344420398553,1.0,0.1286692249386705
16/11/2019 18:00,1.0,0.1134344420398553,1.0,0.1286692249386705
16/11/2019 19:00,1.0,0.1134344420398553,1.0,0.1286692249386705
16/11/2019 20:00,1.0,0.1134344420398553,1.0,0.1286692249386705
16/11/2019 21:00,1.0,0.1134344420398553,1.0,0.1286692249386705
16/11/2019 22:00,1.0,0.1134344420398553,1.0,0.1286692249386705
16/11/2019 23:00,1.0,0.1134344420398553,1.0,0.1286692249386705
17/11/2019 00:00,1.0,0.1134344420398553,1.0,0.1286692249386705
17/11/2019 01:00,1.0,0.1134344420398553,1.0,0.1286692249386705
17/11/2019 02:00,1.0,0.1134344420398553,1.0,0.1286692249386705
17/11/2019 03:00,1.0,0.1134344420398553,1.0,0.1286692249386705
17/11/2019 04:00,1.0,0.1134344420398553,1.0,0.1286692249386705
17/11/2019 05:00,1.0,0.1134344420398553,1.0,0.1286692249386705
17/11/2019 06:00,1.0,0.1134344420398553,1.0,0.1286692249386705
17/11/2019 07:00,1.0,0.1134344420398553,1.0,0.1286692249386705
17/11/2019 08:00,1.0,0.1134344420398553,1.0,0.1286692249386705
17/11/2019 09:00,1.0,0.1134344420398553,1.0,0.1286692249386705
17/11/2019 10:00,1.0,0.1134344420398553,1.0,0.1286692249386705
17/11/2019 11:00,1.0,0.1134344420398553,1.0,0.1286692249386705
17/11/2019 12:00,1.0,0.1134344420398553,1.0,0.1286692249386705
17/11/2019 13:00,1.0,0.1134344420398553,1.0,0.1286692249386705
17/11/2019 14:00,1.0,0.1134344420398553,1.0,0.1286692249386705
17/11/2019 15:00,1.0,0.1134344420398553,1.0,0.1286692249386705
17/11/2019 16:00,1.0,0.1134344420398553,1.0,0.1286692249386705
17/11/2019 17:00,1.0,0.1134344420398553,1.0,0.1286692249386705
17/11/2019 18:00,1.0,0.1134344420398553,1.0,0.1286692249386705
17/11/2019 19:00,1.0,0.1134344420398553,1.0,0.1286692249386705
17/11/2019 20:00,1.0,0.1134344420398553,1.0,0.1286692249386705
17/11/2019 21:00,1.0,0.1134344420398553,1.0,0.1286692249386705
17/11/2019 22:00,1.0,0.1134344420398553,1.0,0.1286692249386705
17/11/2019 23:00,1.0,0.1134344420398553,1.0,0.1286692249386705
18/11/2019 00:00,1.0,0.1134344420398553,1.0,0.1286692249386705
18/11/2019 01:00,1.0,0.1134344420398553,1.0,0.1286692249386705
18/11/2019 02:00,1.0,0.1134344420398553,1.0,0.1286692249386705
18/11/2019 03:00,1.0,0.1134344420398553,1.0,0.1286692249386705
18/11/2019 04:00,1.0,0.1134344420398553,1.0,0.1286692249386705
18/11/2019 05:00,1.0,0.1134344420398553,1.0,0.1286692249386705
18/11/2019 06:00,1.0,0.1134344420398553,1.0,0.1286692249386705
18/11/2019 07:00,1.0,0.1134344420398553,1.0,0.1286692249386705
18/11/2019 08:00,1.0,0.1134344420398553,1.0,0.1286692249386705
18/11/2019 09:00,1.0,0.1134344420398553,1.0,0.1286692249386705
18/11/2019 10:00,1.0,0.1134344420398553,1.0,0.1286692249386705
18/11/2019 11:00,1.0,0.1134344420398553,1.0,0.1286692249386705
18/11/2019 12:00,1.0,0.1134344420398553,1.0,0.1286692249386705
18/11/2019 13:00,1.0,0.1134344420398553,1.0,0.1286692249386705
18/11/2019 14:00,1.0,0.1134344420398553,1.0,0.1286692249386705
18/11/2019 15:00,1.0,0.1134344420398553,1.0,0.1286692249386705
18/11/2019 16:00,1.0,0.1134344420398553,1.0,0.1286692249386705
18/11/2019 17:00,1.0,0.1134344420398553,1.0,0.1286692249386705
18/11/2019 18:00,1.0,0.1134344420398553,1.0,0.1286692249386705
18/11/2019 19:00,1.0,0.1134344420398553,1.0,0.1286692249386705
18/11/2019 20:00,1.0,0.1134344420398553,1.0,0.1286692249386705
18/11/2019 21:00,1.0,0.1134344420398553,1.0,0.1286692249386705
18/11/2019 22:00,1.0,0.1134344420398553,1.0,0.1286692249386705
18/11/2019 23:00,1.0,0.1134344420398553,1.0,0.1286692249386705
19/11/2019 00:00,1.0,0.1134344420398553,1.0,0.1286692249386705
19/11/2019 01:00,1.0,0.1134344420398553,1.0,0.1286692249386705
19/11/2019 02:00,1.0,0.1134344420398553,1.0,0.1286692249386705
19/11/2019 03:00,1.0,0.1134344420398553,1.0,0.1286692249386705
19/11/2019 04:00,1.0,0.1134344420398553,1.0,0.1286692249386705
19/11/2019 05:00,1.0,0.1134344420398553,1.0,0.1286692249386705
19/11/2019 06:00,1.0,0.1134344420398553,1.0,0.1286692249386705
19/11/2019 07:00,1.0,0.1134344420398553,1.0,0.1286692249386705
19/11/2019 08:00,1.0,0.1134344420398553,1.0,0.1286692249386705
19/11/2019 09:00,1.0,0.1134344420398553,1.0,0.1286692249386705
19/11/2019 10:00,1.0,0.1134344420398553,1.0,0.1286692249386705
19/11/2019 11:00,1.0,0.1134344420398553,1.0,0.1286692249386705
19/11/2019 12:00,1.0,0.1134344420398553,1.0,0.1286692249386705
19/11/2019 13:00,1.0,0.1134344420398553,1.0,0.1286692249386705
19/11/2019 14:00,1.0,0.1134344420398553,1.0,0.1286692249386705
19/11/2019 15:00,1.0,0.1134344420398553,1.0,0.1286692249386705
19/11/2019 16:00,1.0,0.1134344420398553,1.0,0.1286692249386705
19/11/2019 17:00,1.0,0.1134344420398553,1.0,0.1286692249386705
19/11/2019 18:00,1.0,0.1134344420398553,1.0,0.1286692249386705
19/11/2019 19:00,1.0,0.1134344420398553,1.0,0.1286692249386705
19/11/2019 20:00,1.0,0.1134344420398553,1.0,0.1286692249386705
19/11/2019 21:00,1.0,0.1134344420398553,1.0,0.1286692249386705
19/11/2019 22:00,1.0,0.1134344420398553,1.0,0.1286692249386705
19/11/2019 23:00,1.0,0.1134344420398553,1.0,0.1286692249386705
20/11/2019 00:00,1.0,0.1134344420398553,1.0,0.1286692249386705
20/11/2019 01:00,1.0,0.1134344420398553,1.0,0.1286692249386705
20/11/2019 02:00,1.0,0.1134344420398553,1.0,0.1286692249386705
20/11/2019 03:00,1.0,0.1134344420398553,1.0,0.1286692249386705
20/11/2019 04:00,1.0,0.1134344420398553,1.0,0.1286692249386705
20/11/2019 05:00,1.0,0.1134344420398553,1.0,0.1286692249386705
20/11/2019 06:00,1.0,0.1134344420398553,1.0,0.1286692249386705
20/11/2019 07:00,1.0,0.1134344420398553,1.0,0.1286692249386705
20/11/2019 08:00,1.0,0.1134344420398553,1.0,0.1286692249386705
20/11/2019 09:00,1.0,0.1134344420398553,1.0,0.1286692249386705
20/11/2019 10:00,1.0,0.1134344420398553,1.0,0.1286692249386705
20/11/2019 11:00,1.0,0.1134344420398553,1.0,0.1286692249386705
20/11/2019 12:00,1.0,0.1134344420398553,1.0,0.1286692249386705
20/11/2019 13:00,1.0,0.1134344420398553,1.0,0.1286692249386705
20/11/2019 14:00,1.0,0.1134344420398553,1.0,0.1286692249386705
20/11/2019 15:00,1.0,0.1134344420398553,1.0,0.1286692249386705
20/11/2019 16:00,1.0,0.1134344420398553,1.0,0.1286692249386705
20/11/2019 17:00,1.0,0.1134344420398553,1.0,0.1286692249386705
20/11/2019 18:00,1.0,0.1134344420398553,1.0,0.1286692249386705
20/11/2019 19:00,1.0,0.1134344420398553,1.0,0.1286692249386705
20/11/2019 20:00,1.0,0.1134344420398553,1.0,0.1286692249386705
20/11/2019 21:00,1.0,0.1134344420398553,1.0,0.1286692249386705
20/11/2019 22:00,1.0,0.1134344420398553,1.0,0.1286692249386705
20/11/2019 23:00,1.0,0.1134344420398553,1.0,0.1286692249386705
21/11/2019 00:00,1.0,0.1134344420398553,1.0,0.1286692249386705
21/11/2019 01:00,1.0,0.1134344420398553,1.0,0.1286692249386705
21/11/2019 02:00,1.0,0.1134344420398553,1.0,0.1286692249386705
21/11/2019 03:00,1.0,0.1134344420398553,1.0,0.1286692249386705
21/11/2019 04:00,1.0,0.1134344420398553,1.0,0.1286692249386705
21/11/2019 05:00,1.0,0.1134344420398553,1.0,0.1286692249386705
21/11/2019 06:00,1.0,0.1134344420398553,1.0,0.1286692249386705
21/11/2019 07:00,1.0,0.1134344420398553,1.0,0.1286692249386705
21/11/2019 08:00,1.0,0.1134344420398553,1.0,0.1286692249386705
21/11/2019 09:00,1.0,0.1134344420398553,1.0,0.1286692249386705
21/11/2019 10:00,1.0,0.1134344420398553,1.0,0.1286692249386705
21/11/2019 11:00,1.0,0.1134344420398553,1.0,0.1286692249386705
21/11/2019 12:00,1.0,0.1134344420398553,1.0,0.1286692249386705
21/11/2019 13:00,1.0,0.1134344420398553,1.0,0.1286692249386705
21/11/2019 14:00,1.0,0.1134344420398553,1.0,0.1286692249386705
21/11/2019 15:00,1.0,0.1134344420398553,1.0,0.1286692249386705
21/11/2019 16:00,1.0,0.1134344420398553,1.0,0.1286692249386705
21/11/2019 17:00,1.0,0.1134344420398553,1.0,0.1286692249386705
21/11/2019 18:00,1.0,0.1134344420398553,1.0,0.1286692249386705
21/11/2019 19:00,1.0,0.1134344420398553,1.0,0.1286692249386705
21/11/2019 20:00,1.0,0.1134344420398553,1.0,0.1286692249386705
21/11/2019 21:00,1.0,0.1134344420398553,1.0,0.1286692249386705
21/11/2019 22:00,1.0,0.1134344420398553,1.0,0.1286692249386705
21/11/2019 23:00,1.0,0.1134344420398553,1.0,0.1286692249386705
22/11/2019 00:00,1.0,0.1134344420398553,1.0,0.1286692249386705
22/11/2019 01:00,1.0,0.1134344420398553,1.0,0.1286692249386705
22/11/2019 02:00,1.0,0.1134344420398553,1.0,0.1286692249386705
22/11/2019 03:00,1.0,0.1134344420398553,1.0,0.1286692249386705
22/11/2019 04:00,1.0,0.1134344420398553,1.0,0.1286692249386705
22/11/2019 05:00,1.0,0.1134344420398553,1.0,0.1286692249386705
22/11/2019 06:00,1.0,0.1134344420398553,1.0,0.1286692249386705
22/11/2019 07:00,1.0,0.1134344420398553,1.0,0.1286692249386705
22/11/2019 08:00,1.0,0.1134344420398553,1.0,0.1286692249386705
22/11/2019 09:00,1.0,0.1134344420398553,1.0,0.1286692249386705
22/11/2019 10:00,1.0,0.1134344420398553,1.0,0.1286692249386705
22/11/2019 11:00,1.0,0.1134344420398553,1.0,0.1286692249386705
22/11/2019 12:00,1.0,0.1134344420398553,1.0,0.1286692249386705
22/11/2019 13:00,1.0,0.1134344420398553,1.0,0.1286692249386705
22/11/2019 14:00,1.0,0.1134344420398553,1.0,0.1286692249386705
22/11/2019 15:00,1.0,0.1134344420398553,1.0,0.1286692249386705
22/11/2019 16:00,1.0,0.1134344420398553,1.0,0.1286692249386705
22/11/2019 17:00,1.0,0.1134344420398553,1.0,0.1286692249386705
22/11/2019 18:00,1.0,0.1134344420398553,1.0,0.1286692249386705
22/11/2019 19:00,1.0,0.1134344420398553,1.0,0.1286692249386705
22/11/2019 20:00,1.0,0.1134344420398553,1.0,0.1286692249386705
22/11/2019 21:00,1.0,0.1134344420398553,1.0,0.1286692249386705
22/11/2019 22:00,1.0,0.1134344420398553,1.0,0.1286692249386705
22/11/2019 23:00,1.0,0.1134344420398553,1.0,0.1286692249386705
23/11/2019 00:00,1.0,0.1134344420398553,1.0,0.1286692249386705
23/11/2019 01:00,1.0,0.1134344420398553,1.0,0.1286692249386705
23/11/2019 02:00,1.0,0.1134344420398553,1.0,0.1286692249386705
23/11/2019 03:00,1.0,0.1134344420398553,1.0,0.1286692249386705
23/11/2019 04:00,1.0,0.1134344420398553,1.0,0.1286692249386705
23/11/2019 05:00,1.0,0.1134344420398553,1.0,0.1286692249386705
23/11/2019 06:00,1.0,0.1134344420398553,1.0,0.1286692249386705
23/11/2019 07:00,1.0,0.1134344420398553,1.0,0.1286692249386705
23/11/2019 08:00,1.0,0.1134344420398553,1.0,0.1286692249386705
23/11/2019 09:00,1.0,0.1134344420398553,1.0,0.1286692249386705
23/11/2019 10:00,1.0,0.1134344420398553,1.0,0.1286692249386705
23/11/2019 11:00,1.0,0.1134344420398553,1.0,0.1286692249386705
23/11/2019 12:00,1.0,0.1134344420398553,1.0,0.1286692249386705
23/11/2019 13:00,1.0,0.1134344420398553,1.0,0.1286692249386705
23/11/2019 14:00,1.0,0.1134344420398553,1.0,0.1286692249386705
23/11/2019 15:00,1.0,0.1134344420398553,1.0,0.1286692249386705
23/11/2019 16:00,1.0,0.1134344420398553,1.0,0.1286692249386705
23/11/2019 17:00,1.0,0.1134344420398553,1.0,0.1286692249386705
23/11/2019 18:00,1.0,0.1134344420398553,1.0,0.1286692249386705
23/11/2019 19:00,1.0,0.1134344420398553,1.0,0.1286692249386705
23/11/2019 20:00,1.0,0.1134344420398553,1.0,0.1286692249386705
23/11/2019 21:00,1.0,0.1134344420398553,1.0,0.1286692249386705
23/11/2019 22:00,1.0,0.1134344420398553,1.0,0.1286692249386705
23/11/2019 23:00,1.0,0.1134344420398553,1.0,0.1286692249386705
24/11/2019 00:00,1.0,0.1134344420398553,1.0,0.1286692249386705
24/11/2019 01:00,1.0,0.1134344420398553,1.0,0.1286692249386705
24/11/2019 02:00,1.0,0.1134344420398553,1.0,0.1286692249386705
24/11/2019 03:00,1.0,0.1134344420398553,1.0,0.1286692249386705
24/11/2019 04:00,1.0,0.1134344420398553,1.0,0.1286692249386705
24/11/2019 05:00,1.0,0.1134344420398553,1.0,0.1286692249386705
24/11/2019 06:00,1.0,0.1134344420398553,1.0,0.1286692249386705
24/11/2019 07:00,1.0,0.1134344420398553,1.0,0.1286692249386705
24/11/2019 08:00,1.0,0.1134344420398553,1.0,0.1286692249386705
24/11/2019 09:00,1.0,0.1134344420398553,1.0,0.1286692249386705
24/11/2019 10:00,1.0,0.1134344420398553,1.0,0.1286692249386705
24/11/2019 11:00,1.0,0.1134344420398553,1.0,0.1286692249386705
24/11/2019 12:00,1.0,0.1134344420398553,1.0,0.1286692249386705
24/11/2019 13:00,1.0,0.1134344420398553,1.0,0.1286692249386705
24/11/2019 14:00,1.0,0.1134344420398553,1.0,0.1286692249386705
24/11/2019 15:00,1.0,0.1134344420398553,1.0,0.1286692249386705
24/11/2019 16:00,1.0,0.1134344420398553,1.0,0.1286692249386705
24/11/2019 17:00,1.0,0.1134344420398553,1.0,0.1286692249386705
24/11/2019 18:00,1.0,0.1134344420398553,1.0,0.1286692249386705
24/11/2019 19:00,1.0,0.1134344420398553,1.0,0.1286692249386705
24/11/2019 20:00,1.0,0.1134344420398553,1.0,0.1286692249386705
24/11/2019 21:00,1.0,0.1134344420398553,1.0,0.1286692249386705
24/11/2019 22:00,1.0,0.1134344420398553,1.0,0.1286692249386705
24/11/2019 23:00,1.0,0.1134344420398553,1.0,0.1286692249386705
25/11/2019 00:00,1.0,0.1134344420398553,1.0,0.1286692249386705
25/11/2019 01:00,1.0,0.1134344420398553,1.0,0.1286692249386705
25/11/2019 02:00,1.0,0.1134344420398553,1.0,0.1286692249386705
25/11/2019 03:00,1.0,0.1134344420398553,1.0,0.1286692249386705
25/11/2019 04:00,1.0,0.1134344420398553,1.0,0.1286692249386705
25/11/2019 05:00,1.0,0.1134344420398553,1.0,0.1286692249386705
25/11/2019 06:00,1.0,0.1134344420398553,1.0,0.1286692249386705
25/11/2019 07:00,1.0,0.1134344420398553,1.0,0.1286692249386705
25/11/2019 08:00,1.0,0.1134344420398553,1.0,0.1286692249386705
25/11/2019 09:00,1.0,0.1134344420398553,1.0,0.1286692249386705
25/11/2019 10:00,1.0,0.1134344420398553,1.0,0.1286692249386705
25/11/2019 11:00,1.0,0.1134344420398553,1.0,0.1286692249386705
25/11/2019 12:00,1.0,0.1134344420398553,1.0,0.1286692249386705
25/11/2019 13:00,1.0,0.1134344420398553,1.0,0.1286692249386705
25/11/2019 14:00,1.0,0.1134344420398553,1.0,0.1286692249386705
25/11/2019 15:00,1.0,0.1134344420398553,1.0,0.1286692249386705
25/11/2019 16:00,1.0,0.1134344420398553,1.0,0.1286692249386705
25/11/2019 17:00,1.0,0.1134344420398553,1.0,0.1286692249386705
25/11/2019 18:00,1.0,0.1134344420398553,1.0,0.1286692249386705
25/11/2019 19:00,1.0,0.1134344420398553,1.0,0.1286692249386705
25/11/2019 20:00,1.0,0.1134344420398553,1.0,0.1286692249386705
25/11/2019 21:00,1.0,0.1134344420398553,1.0,0.1286692249386705
25/11/2019 22:00,1.0,0.1134344420398553,1.0,0.1286692249386705
25/11/2019 23:00,1.0,0.1134344420398553,1.0,0.1286692249386705
26/11/2019 00:00,1.0,0.1134344420398553,1.0,0.1286692249386705
26/11/2019 01:00,1.0,0.1134344420398553,1.0,0.1286692249386705
26/11/2019 02:00,1.0,0.1134344420398553,1.0,0.1286692249386705
26/11/2019 03:00,1.0,0.1134344420398553,1.0,0.1286692249386705
26/11/2019 04:00,1.0,0.1134344420398553,1.0,0.1286692249386705
26/11/2019 05:00,1.0,0.1134344420398553,1.0,0.1286692249386705
26/11/2019 06:00,1.0,0.1134344420398553,1.0,0.1286692249386705
26/11/2019 07:00,1.0,0.1134344420398553,1.0,0.1286692249386705
26/11/2019 08:00,1.0,0.1134344420398553,1.0,0.1286692249386705
26/11/2019 09:00,1.0,0.1134344420398553,1.0,0.1286692249386705
26/11/2019 10:00,1.0,0.1134344420398553,1.0,0.1286692249386705
26/11/2019 11:00,1.0,0.1134344420398553,1.0,0.1286692249386705
26/11/2019 12:00,1.0,0.1134344420398553,1.0,0.1286692249386705
26/11/2019 13:00,1.0,0.1134344420398553,1.0,0.1286692249386705
26/11/2019 14:00,1.0,0.1134344420398553,1.0,0.1286692249386705
26/11/2019 15:00,1.0,0.1134344420398553,1.0,0.1286692249386705
26/11/2019 16:00,1.0,0.1134344420398553,1.0,0.1286692249386705
26/11/2019 17:00,1.0,0.1134344420398553,1.0,0.1286692249386705
26/11/2019 18:00,1.0,0.1134344420398553,1.0,0.1286692249386705
26/11/2019 19:00,1.0,0.1134344420398553,1.0,0.1286692249386705
26/11/2019 20:00,1.0,0.1134344420398553,1.0,0.1286692249386705
26/11/2019 21:00,1.0,0.1134344420398553,1.0,0.1286692249386705
26/11/2019 22:00,1.0,0.1134344420398553,1.0,0.1286692249386705
26/11/2019 23:00,1.0,0.1134344420398553,1.0,0.1286692249386705
27/11/2019 00:00,1.0,0.1134344420398553,1.0,0.1286692249386705
27/11/2019 01:00,1.0,0.1134344420398553,1.0,0.1286692249386705
27/11/2019 02:00,1.0,0.1134344420398553,1.0,0.1286692249386705
27/11/2019 03:00,1.0,0.1134344420398553,1.0,0.1286692249386705
27/11/2019 04:00,1.0,0.1134344420398553,1.0,0.1286692249386705
27/11/2019 05:00,1.0,0.1134344420398553,1.0,0.1286692249386705
27/11/2019 06:00,1.0,0.1134344420398553,1.0,0.1286692249386705
27/11/2019 07:00,1.0,0.1134344420398553,1.0,0.1286692249386705
27/11/2019 08:00,1.0,0.1134344420398553,1.0,0.1286692249386705
27/11/2019 09:00,1.0,0.1134344420398553,1.0,0.1286692249386705
27/11/2019 10:00,1.0,0.1134344420398553,1.0,0.1286692249386705
27/11/2019 11:00,1.0,0.1134344420398553,1.0,0.1286692249386705
27/11/2019 12:00,1.0,0.1134344420398553,1.0,0.1286692249386705
27/11/2019 13:00,1.0,0.1134344420398553,1.0,0.1286692249386705
27/11/2019 14:00,1.0,0.1134344420398553,1.0,0.1286692249386705
27/11/2019 15:00,1.0,0.1134344420398553,1.0,0.1286692249386705
27/11/2019 16:00,1.0,0.1134344420398553,1.0,0.1286692249386705
27/11/2019 17:00,1.0,0.1134344420398553,1.0,0.1286692249386705
27/11/2019 18:00,1.0,0.1134344420398553,1.0,0.1286692249386705
27/11/2019 19:00,1.0,0.1134344420398553,1.0,0.1286692249386705
27/11/2019 20:00,1.0,0.1134344420398553,1.0,0.1286692249386705
27/11/2019 21:00,1.0,0.1134344420398553,1.0,0.1286692249386705
27/11/2019 22:00,1.0,0.1134344420398553,1.0,0.1286692249386705
27/11/2019 23:00,1.0,0.1134344420398553,1.0,0.1286692249386705
28/11/2019 00:00,1.0,0.1134344420398553,1.0,0.1286692249386705
28/11/2019 01:00,1.0,0.1134344420398553,1.0,0.1286692249386705
28/11/2019 02:00,1.0,0.1134344420398553,1.0,0.1286692249386705
28/11/2019 03:00,1.0,0.1134344420398553,1.0,0.1286692249386705
28/11/2019 04:00,1.0,0.1134344420398553,1.0,0.1286692249386705
28/11/2019 05:00,1.0,0.1134344420398553,1.0,0.1286692249386705
28/11/2019 06:00,1.0,0.1134344420398553,1.0,0.1286692249386705
28/11/2019 07:00,1.0,0.1134344420398553,1.0,0.1286692249386705
28/11/2019 08:00,1.0,0.1134344420398553,1.0,0.1286692249386705
28/11/2019 09:00,1.0,0.1134344420398553,1.0,0.1286692249386705
28/11/2019 10:00,1.0,0.1134344420398553,1.0,0.1286692249386705
28/11/2019 11:00,1.0,0.1134344420398553,1.0,0.1286692249386705
28/11/2019 12:00,1.0,0.1134344420398553,1.0,0.1286692249386705
28/11/2019 13:00,1.0,0.1134344420398553,1.0,0.1286692249386705
28/11/2019 14:00,1.0,0.1134344420398553,1.0,0.1286692249386705
28/11/2019 15:00,1.0,0.1134344420398553,1.0,0.1286692249386705
28/11/2019 16:00,1.0,0.1134344420398553,1.0,0.1286692249386705
28/11/2019 17:00,1.0,0.1134344420398553,1.0,0.1286692249386705
28/11/2019 18:00,1.0,0.1134344420398553,1.0,0.1286692249386705
28/11/2019 19:00,1.0,0.1134344420398553,1.0,0.1286692249386705
28/11/2019 20:00,1.0,0.1134344420398553,1.0,0.1286692249386705
28/11/2019 21:00,1.0,0.1134344420398553,1.0,0.1286692249386705
28/11/2019 22:00,1.0,0.1134344420398553,1.0,0.1286692249386705
28/11/2019 23:00,1.0,0.1134344420398553,1.0,0.1286692249386705
29/11/2019 00:00,1.0,0.1134344420398553,1.0,0.1286692249386705
29/11/2019 01:00,1.0,0.1134344420398553,1.0,0.1286692249386705
29/11/2019 02:00,1.0,0.1134344420398553,1.0,0.1286692249386705
29/11/2019 03:00,1.0,0.1134344420398553,1.0,0.1286692249386705
29/11/2019 04:00,1.0,0.1134344420398553,1.0,0.1286692249386705
29/11/2019 05:00,1.0,0.1134344420398553,1.0,0.1286692249386705
29/11/2019 06:00,1.0,0.1134344420398553,1.0,0.1286692249386705
29/11/2019 07:00,1.0,0.1134344420398553,1.0,0.1286692249386705
29/11/2019 08:00,1.0,0.1134344420398553,1.0,0.1286692249386705
29/11/2019 09:00,1.0,0.1134344420398553,1.0,0.1286692249386705
29/11/2019 10:00,1.0,0.1134344420398553,1.0,0.1286692249386705
29/11/2019 11:00,1.0,0.1134344420398553,1.0,0.1286692249386705
29/11/2019 12:00,1.0,0.1134344420398553,1.0,0.1286692249386705
29/11/2019 13:00,1.0,0.1134344420398553,1.0,0.1286692249386705
29/11/2019 14:00,1.0,0.1134344420398553,1.0,0.1286692249386705
29/11/2019 15:00,1.0,0.1134344420398553,1.0,0.1286692249386705
29/11/2019 16:00,1.0,0.1134344420398553,1.0,0.1286692249386705
29/11/2019 17:00,1.0,0.1134344420398553,1.0,0.1286692249386705
29/11/2019 18:00,1.0,0.1134344420398553,1.0,0.1286692249386705
29/11/2019 19:00,1.0,0.1134344420398553,1.0,0.1286692249386705
29/11/2019 20:00,1.0,0.1134344420398553,1.0,0.1286692249386705
29/11/2019 21:00,1.0,0.1134344420398553,1.0,0.1286692249386705
29/11/2019 22:00,1.0,0.1134344420398553,1.0,0.1286692249386705
29/11/2019 23:00,1.0,0.1134344420398553,1.0,0.1286692249386705
30/11/2019 00:00,1.0,0.1134344420398553,1.0,0.1286692249386705
30/11/2019 01:00,1.0,0.1134344420398553,1.0,0.1286692249386705
30/11/2019 02:00,1.0,0.1134344420398553,1.0,0.1286692249386705
30/11/2019 03:00,1.0,0.1134344420398553,1.0,0.1286692249386705
30/11/2019 04:00,1.0,0.1134344420398553,1.0,0.1286692249386705
30/11/2019 05:00,1.0,0.1134344420398553,1.0,0.1286692249386705
30/11/2019 06:00,1.0,0.1134344420398553,1.0,0.1286692249386705
30/11/2019 07:00,1.0,0.1134344420398553,1.0,0.1286692249386705
30/11/2019 08:00,1.0,0.1134344420398553,1.0,0.1286692249386705
30/11/2019 09:00,1.0,0.1134344420398553,1.0,0.1286692249386705
30/11/2019 10:00,1.0,0.1134344420398553,1.0,0.1286692249386705
30/11/2019 11:00,1.0,0.1134344420398553,1.0,0.1286692249386705
30/11/2019 12:00,1.0,0.1134344420398553,1.0,0.1286692249386705
30/11/2019 13:00,1.0,0.1134344420398553,1.0,0.1286692249386705
30/11/2019 14:00,1.0,0.1134344420398553,1.0,0.1286692249386705
30/11/2019 15:00,1.0,0.1134344420398553,1.0,0.1286692249386705
30/11/2019 16:00,1.0,0.1134344420398553,1.0,0.1286692249386705
30/11/2019 17:00,1.0,0.1134344420398553,1.0,0.1286692249386705
30/11/2019 18:00,1.0,0.1134344420398553,1.0,0.1286692249386705
30/11/2019 19:00,1.0,0.1134344420398553,1.0,0.1286692249386705
30/11/2019 20:00,1.0,0.1134344420398553,1.0,0.1286692249386705
30/11/2019 21:00,1.0,0.1134344420398553,1.0,0.1286692249386705
30/11/2019 22:00,1.0,0.1134344420398553,1.0,0.1286692249386705
30/11/2019 23:00,1.0,0.1134344420398553,1.0,0.1286692249386705
01/12/2019 00:00,1.0,0.151861395738861,1.0,0.4517097174405616
01/12/2019 01:00,1.0,0.151861395738861,1.0,0.4517097174405616
01/12/2019 02:00,1.0,0.151861395738861,1.0,0.4517097174405616
01/12/2019 03:00,1.0,0.151861395738861,1.0,0.4517097174405616
01/12/2019 04:00,1.0,0.151861395738861,1.0,0.4517097174405616
01/12/2019 05:00,1.0,0.151861395738861,1.0,0.4517097174405616
01/12/2019 06:00,1.0,0.151861395738861,1.0,0.4517097174405616
01/12/2019 07:00,1.0,0.151861395738861,1.0,0.4517097174405616
01/12/2019 08:00,1.0,0.151861395738861,1.0,0.4517097174405616
01/12/2019 09:00,1.0,0.151861395738861,1.0,0.4517097174405616
01/12/2019 10:00,1.0,0.151861395738861,1.0,0.4517097174405616
01/12/2019 11:00,1.0,0.151861395738861,1.0,0.4517097174405616
01/12/2019 12:00,1.0,0.151861395738861,1.0,0.4517097174405616
01/12/2019 13:00,1.0,0.151861395738861,1.0,0.4517097174405616
01/12/2019 14:00,1.0,0.151861395738861,1.0,0.4517097174405616
01/12/2019 15:00,1.0,0.151861395738861,1.0,0.4517097174405616
01/12/2019 16:00,1.0,0.151861395738861,1.0,0.4517097174405616
01/12/2019 17:00,1.0,0.151861395738861,1.0,0.4517097174405616
01/12/2019 18:00,1.0,0.151861395738861,1.0,0.4517097174405616
01/12/2019 19:00,1.0,0.151861395738861,1.0,0.4517097174405616
01/12/2019 20:00,1.0,0.151861395738861,1.0,0.4517097174405616
01/12/2019 21:00,1.0,0.151861395738861,1.0,0.4517097174405616
01/12/2019 22:00,1.0,0.151861395738861,1.0,0.4517097174405616
01/12/2019 23:00,1.0,0.151861395738861,1.0,0.4517097174405616
02/12/2019 00:00,1.0,0.151861395738861,1.0,0.4517097174405616
02/12/2019 01:00,1.0,0.151861395738861,1.0,0.4517097174405616
02/12/2019 02:00,1.0,0.151861395738861,1.0,0.4517097174405616
02/12/2019 03:00,1.0,0.151861395738861,1.0,0.4517097174405616
02/12/2019 04:00,1.0,0.151861395738861,1.0,0.4517097174405616
02/12/2019 05:00,1.0,0.151861395738861,1.0,0.4517097174405616
02/12/2019 06:00,1.0,0.151861395738861,1.0,0.4517097174405616
02/12/2019 07:00,1.0,0.151861395738861,1.0,0.4517097174405616
02/12/2019 08:00,1.0,0.151861395738861,1.0,0.4517097174405616
02/12/2019 09:00,1.0,0.151861395738861,1.0,0.4517097174405616
02/12/2019 10:00,1.0,0.151861395738861,1.0,0.4517097174405616
02/12/2019 11:00,1.0,0.151861395738861,1.0,0.4517097174405616
02/12/2019 12:00,1.0,0.151861395738861,1.0,0.4517097174405616
02/12/2019 13:00,1.0,0.151861395738861,1.0,0.4517097174405616
02/12/2019 14:00,1.0,0.151861395738861,1.0,0.4517097174405616
02/12/2019 15:00,1.0,0.151861395738861,1.0,0.4517097174405616
02/12/2019 16:00,1.0,0.151861395738861,1.0,0.4517097174405616
02/12/2019 17:00,1.0,0.151861395738861,1.0,0.4517097174405616
02/12/2019 18:00,1.0,0.151861395738861,1.0,0.4517097174405616
02/12/2019 19:00,1.0,0.151861395738861,1.0,0.4517097174405616
02/12/2019 20:00,1.0,0.151861395738861,1.0,0.4517097174405616
02/12/2019 21:00,1.0,0.151861395738861,1.0,0.4517097174405616
02/12/2019 22:00,1.0,0.151861395738861,1.0,0.4517097174405616
02/12/2019 23:00,1.0,0.151861395738861,1.0,0.4517097174405616
03/12/2019 00:00,1.0,0.151861395738861,1.0,0.4517097174405616
03/12/2019 01:00,1.0,0.151861395738861,1.0,0.4517097174405616
03/12/2019 02:00,1.0,0.151861395738861,1.0,0.4517097174405616
03/12/2019 03:00,1.0,0.151861395738861,1.0,0.4517097174405616
03/12/2019 04:00,1.0,0.151861395738861,1.0,0.4517097174405616
03/12/2019 05:00,1.0,0.151861395738861,1.0,0.4517097174405616
03/12/2019 06:00,1.0,0.151861395738861,1.0,0.4517097174405616
03/12/2019 07:00,1.0,0.151861395738861,1.0,0.4517097174405616
03/12/2019 08:00,1.0,0.151861395738861,1.0,0.4517097174405616
03/12/2019 09:00,1.0,0.151861395738861,1.0,0.4517097174405616
03/12/2019 10:00,1.0,0.151861395738861,1.0,0.4517097174405616
03/12/2019 11:00,1.0,0.151861395738861,1.0,0.4517097174405616
03/12/2019 12:00,1.0,0.151861395738861,1.0,0.4517097174405616
03/12/2019 13:00,1.0,0.151861395738861,1.0,0.4517097174405616
03/12/2019 14:00,1.0,0.151861395738861,1.0,0.4517097174405616
03/12/2019 15:00,1.0,0.151861395738861,1.0,0.4517097174405616
03/12/2019 16:00,1.0,0.151861395738861,1.0,0.4517097174405616
03/12/2019 17:00,1.0,0.151861395738861,1.0,0.4517097174405616
03/12/2019 18:00,1.0,0.151861395738861,1.0,0.4517097174405616
03/12/2019 19:00,1.0,0.151861395738861,1.0,0.4517097174405616
03/12/2019 20:00,1.0,0.151861395738861,1.0,0.4517097174405616
03/12/2019 21:00,1.0,0.151861395738861,1.0,0.4517097174405616
03/12/2019 22:00,1.0,0.151861395738861,1.0,0.4517097174405616
03/12/2019 23:00,1.0,0.151861395738861,1.0,0.4517097174405616
04/12/2019 00:00,1.0,0.151861395738861,1.0,0.4517097174405616
04/12/2019 01:00,1.0,0.151861395738861,1.0,0.4517097174405616
04/12/2019 02:00,1.0,0.151861395738861,1.0,0.4517097174405616
04/12/2019 03:00,1.0,0.151861395738861,1.0,0.4517097174405616
04/12/2019 04:00,1.0,0.151861395738861,1.0,0.4517097174405616
04/12/2019 05:00,1.0,0.151861395738861,1.0,0.4517097174405616
04/12/2019 06:00,1.0,0.151861395738861,1.0,0.4517097174405616
04/12/2019 07:00,1.0,0.151861395738861,1.0,0.4517097174405616
04/12/2019 08:00,1.0,0.151861395738861,1.0,0.4517097174405616
04/12/2019 09:00,1.0,0.151861395738861,1.0,0.4517097174405616
04/12/2019 10:00,1.0,0.151861395738861,1.0,0.4517097174405616
04/12/2019 11:00,1.0,0.151861395738861,1.0,0.4517097174405616
04/12/2019 12:00,1.0,0.151861395738861,1.0,0.4517097174405616
04/12/2019 13:00,1.0,0.151861395738861,1.0,0.4517097174405616
04/12/2019 14:00,1.0,0.151861395738861,1.0,0.4517097174405616
04/12/2019 15:00,1.0,0.151861395738861,1.0,0.4517097174405616
04/12/2019 16:00,1.0,0.151861395738861,1.0,0.4517097174405616
04/12/2019 17:00,1.0,0.151861395738861,1.0,0.4517097174405616
04/12/2019 18:00,1.0,0.151861395738861,1.0,0.4517097174405616
04/12/2019 19:00,1.0,0.151861395738861,1.0,0.4517097174405616
04/12/2019 20:00,1.0,0.151861395738861,1.0,0.4517097174405616
04/12/2019 21:00,1.0,0.151861395738861,1.0,0.4517097174405616
04/12/2019 22:00,1.0,0.151861395738861,1.0,0.4517097174405616
04/12/2019 23:00,1.0,0.151861395738861,1.0,0.4517097174405616
05/12/2019 00:00,1.0,0.151861395738861,1.0,0.4517097174405616
05/12/2019 01:00,1.0,0.151861395738861,1.0,0.4517097174405616
05/12/2019 02:00,1.0,0.151861395738861,1.0,0.4517097174405616
05/12/2019 03:00,1.0,0.151861395738861,1.0,0.4517097174405616
05/12/2019 04:00,1.0,0.151861395738861,1.0,0.4517097174405616
05/12/2019 05:00,1.0,0.151861395738861,1.0,0.4517097174405616
05/12/2019 06:00,1.0,0.151861395738861,1.0,0.4517097174405616
05/12/2019 07:00,1.0,0.151861395738861,1.0,0.4517097174405616
05/12/2019 08:00,1.0,0.151861395738861,1.0,0.4517097174405616
05/12/2019 09:00,1.0,0.151861395738861,1.0,0.4517097174405616
05/12/2019 10:00,1.0,0.151861395738861,1.0,0.4517097174405616
05/12/2019 11:00,1.0,0.151861395738861,1.0,0.4517097174405616
05/12/2019 12:00,1.0,0.151861395738861,1.0,0.4517097174405616
05/12/2019 13:00,1.0,0.151861395738861,1.0,0.4517097174405616
05/12/2019 14:00,1.0,0.151861395738861,1.0,0.4517097174405616
05/12/2019 15:00,1.0,0.151861395738861,1.0,0.4517097174405616
05/12/2019 16:00,1.0,0.151861395738861,1.0,0.4517097174405616
05/12/2019 17:00,1.0,0.151861395738861,1.0,0.4517097174405616
05/12/2019 18:00,1.0,0.151861395738861,1.0,0.4517097174405616
05/12/2019 19:00,1.0,0.151861395738861,1.0,0.4517097174405616
05/12/2019 20:00,1.0,0.151861395738861,1.0,0.4517097174405616
05/12/2019 21:00,1.0,0.151861395738861,1.0,0.4517097174405616
05/12/2019 22:00,1.0,0.151861395738861,1.0,0.4517097174405616
05/12/2019 23:00,1.0,0.151861395738861,1.0,0.4517097174405616
06/12/2019 00:00,1.0,0.151861395738861,1.0,0.4517097174405616
06/12/2019 01:00,1.0,0.151861395738861,1.0,0.4517097174405616
06/12/2019 02:00,1.0,0.151861395738861,1.0,0.4517097174405616
06/12/2019 03:00,1.0,0.151861395738861,1.0,0.4517097174405616
06/12/2019 04:00,1.0,0.151861395738861,1.0,0.4517097174405616
06/12/2019 05:00,1.0,0.151861395738861,1.0,0.4517097174405616
06/12/2019 06:00,1.0,0.151861395738861,1.0,0.4517097174405616
06/12/2019 07:00,1.0,0.151861395738861,1.0,0.4517097174405616
06/12/2019 08:00,1.0,0.151861395738861,1.0,0.4517097174405616
06/12/2019 09:00,1.0,0.151861395738861,1.0,0.4517097174405616
06/12/2019 10:00,1.0,0.151861395738861,1.0,0.4517097174405616
06/12/2019 11:00,1.0,0.151861395738861,1.0,0.4517097174405616
06/12/2019 12:00,1.0,0.151861395738861,1.0,0.4517097174405616
06/12/2019 13:00,1.0,0.151861395738861,1.0,0.4517097174405616
06/12/2019 14:00,1.0,0.151861395738861,1.0,0.4517097174405616
06/12/2019 15:00,1.0,0.151861395738861,1.0,0.4517097174405616
06/12/2019 16:00,1.0,0.151861395738861,1.0,0.4517097174405616
06/12/2019 17:00,1.0,0.151861395738861,1.0,0.4517097174405616
06/12/2019 18:00,1.0,0.151861395738861,1.0,0.4517097174405616
06/12/2019 19:00,1.0,0.151861395738861,1.0,0.4517097174405616
06/12/2019 20:00,1.0,0.151861395738861,1.0,0.4517097174405616
06/12/2019 21:00,1.0,0.151861395738861,1.0,0.4517097174405616
06/12/2019 22:00,1.0,0.151861395738861,1.0,0.4517097174405616
06/12/2019 23:00,1.0,0.151861395738861,1.0,0.4517097174405616
07/12/2019 00:00,1.0,0.151861395738861,1.0,0.4517097174405616
07/12/2019 01:00,1.0,0.151861395738861,1.0,0.4517097174405616
07/12/2019 02:00,1.0,0.151861395738861,1.0,0.4517097174405616
07/12/2019 03:00,1.0,0.151861395738861,1.0,0.4517097174405616
07/12/2019 04:00,1.0,0.151861395738861,1.0,0.4517097174405616
07/12/2019 05:00,1.0,0.151861395738861,1.0,0.4517097174405616
07/12/2019 06:00,1.0,0.151861395738861,1.0,0.4517097174405616
07/12/2019 07:00,1.0,0.151861395738861,1.0,0.4517097174405616
07/12/2019 08:00,1.0,0.151861395738861,1.0,0.4517097174405616
07/12/2019 09:00,1.0,0.151861395738861,1.0,0.4517097174405616
07/12/2019 10:00,1.0,0.151861395738861,1.0,0.4517097174405616
07/12/2019 11:00,1.0,0.151861395738861,1.0,0.4517097174405616
07/12/2019 12:00,1.0,0.151861395738861,1.0,0.4517097174405616
07/12/2019 13:00,1.0,0.151861395738861,1.0,0.4517097174405616
07/12/2019 14:00,1.0,0.151861395738861,1.0,0.4517097174405616
07/12/2019 15:00,1.0,0.151861395738861,1.0,0.4517097174405616
07/12/2019 16:00,1.0,0.151861395738861,1.0,0.4517097174405616
07/12/2019 17:00,1.0,0.151861395738861,1.0,0.4517097174405616
07/12/2019 18:00,1.0,0.151861395738861,1.0,0.4517097174405616
07/12/2019 19:00,1.0,0.151861395738861,1.0,0.4517097174405616
07/12/2019 20:00,1.0,0.151861395738861,1.0,0.4517097174405616
07/12/2019 21:00,1.0,0.151861395738861,1.0,0.4517097174405616
07/12/2019 22:00,1.0,0.151861395738861,1.0,0.4517097174405616
07/12/2019 23:00,1.0,0.151861395738861,1.0,0.4517097174405616
08/12/2019 00:00,1.0,0.151861395738861,1.0,0.4517097174405616
08/12/2019 01:00,1.0,0.151861395738861,1.0,0.4517097174405616
08/12/2019 02:00,1.0,0.151861395738861,1.0,0.4517097174405616
08/12/2019 03:00,1.0,0.151861395738861,1.0,0.4517097174405616
08/12/2019 04:00,1.0,0.151861395738861,1.0,0.4517097174405616
08/12/2019 05:00,1.0,0.151861395738861,1.0,0.4517097174405616
08/12/2019 06:00,1.0,0.151861395738861,1.0,0.4517097174405616
08/12/2019 07:00,1.0,0.151861395738861,1.0,0.4517097174405616
08/12/2019 08:00,1.0,0.151861395738861,1.0,0.4517097174405616
08/12/2019 09:00,1.0,0.151861395738861,1.0,0.4517097174405616
08/12/2019 10:00,1.0,0.151861395738861,1.0,0.4517097174405616
08/12/2019 11:00,1.0,0.151861395738861,1.0,0.4517097174405616
08/12/2019 12:00,1.0,0.151861395738861,1.0,0.4517097174405616
08/12/2019 13:00,1.0,0.151861395738861,1.0,0.4517097174405616
08/12/2019 14:00,1.0,0.151861395738861,1.0,0.4517097174405616
08/12/2019 15:00,1.0,0.151861395738861,1.0,0.4517097174405616
08/12/2019 16:00,1.0,0.151861395738861,1.0,0.4517097174405616
08/12/2019 17:00,1.0,0.151861395738861,1.0,0.4517097174405616
08/12/2019 18:00,1.0,0.151861395738861,1.0,0.4517097174405616
08/12/2019 19:00,1.0,0.151861395738861,1.0,0.4517097174405616
08/12/2019 20:00,1.0,0.151861395738861,1.0,0.4517097174405616
08/12/2019 21:00,1.0,0.151861395738861,1.0,0.4517097174405616
08/12/2019 22:00,1.0,0.151861395738861,1.0,0.4517097174405616
08/12/2019 23:00,1.0,0.151861395738861,1.0,0.4517097174405616
09/12/2019 00:00,1.0,0.151861395738861,1.0,0.4517097174405616
09/12/2019 01:00,1.0,0.151861395738861,1.0,0.4517097174405616
09/12/2019 02:00,1.0,0.151861395738861,1.0,0.4517097174405616
09/12/2019 03:00,1.0,0.151861395738861,1.0,0.4517097174405616
09/12/2019 04:00,1.0,0.151861395738861,1.0,0.4517097174405616
09/12/2019 05:00,1.0,0.151861395738861,1.0,0.4517097174405616
09/12/2019 06:00,1.0,0.151861395738861,1.0,0.4517097174405616
09/12/2019 07:00,1.0,0.151861395738861,1.0,0.4517097174405616
09/12/2019 08:00,1.0,0.151861395738861,1.0,0.4517097174405616
09/12/2019 09:00,1.0,0.151861395738861,1.0,0.4517097174405616
09/12/2019 10:00,1.0,0.151861395738861,1.0,0.4517097174405616
09/12/2019 11:00,1.0,0.151861395738861,1.0,0.4517097174405616
09/12/2019 12:00,1.0,0.151861395738861,1.0,0.4517097174405616
09/12/2019 13:00,1.0,0.151861395738861,1.0,0.4517097174405616
09/12/2019 14:00,1.0,0.151861395738861,1.0,0.4517097174405616
09/12/2019 15:00,1.0,0.151861395738861,1.0,0.4517097174405616
09/12/2019 16:00,1.0,0.151861395738861,1.0,0.4517097174405616
09/12/2019 17:00,1.0,0.151861395738861,1.0,0.4517097174405616
09/12/2019 18:00,1.0,0.151861395738861,1.0,0.4517097174405616
09/12/2019 19:00,1.0,0.151861395738861,1.0,0.4517097174405616
09/12/2019 20:00,1.0,0.151861395738861,1.0,0.4517097174405616
09/12/2019 21:00,1.0,0.151861395738861,1.0,0.4517097174405616
09/12/2019 22:00,1.0,0.151861395738861,1.0,0.4517097174405616
09/12/2019 23:00,1.0,0.151861395738861,1.0,0.4517097174405616
10/12/2019 00:00,1.0,0.151861395738861,1.0,0.4517097174405616
10/12/2019 01:00,1.0,0.151861395738861,1.0,0.4517097174405616
10/12/2019 02:00,1.0,0.151861395738861,1.0,0.4517097174405616
10/12/2019 03:00,1.0,0.151861395738861,1.0,0.4517097174405616
10/12/2019 04:00,1.0,0.151861395738861,1.0,0.4517097174405616
10/12/2019 05:00,1.0,0.151861395738861,1.0,0.4517097174405616
10/12/2019 06:00,1.0,0.151861395738861,1.0,0.4517097174405616
10/12/2019 07:00,1.0,0.151861395738861,1.0,0.4517097174405616
10/12/2019 08:00,1.0,0.151861395738861,1.0,0.4517097174405616
10/12/2019 09:00,1.0,0.151861395738861,1.0,0.4517097174405616
10/12/2019 10:00,1.0,0.151861395738861,1.0,0.4517097174405616
10/12/2019 11:00,1.0,0.151861395738861,1.0,0.4517097174405616
10/12/2019 12:00,1.0,0.151861395738861,1.0,0.4517097174405616
10/12/2019 13:00,1.0,0.151861395738861,1.0,0.4517097174405616
10/12/2019 14:00,1.0,0.151861395738861,1.0,0.4517097174405616
10/12/2019 15:00,1.0,0.151861395738861,1.0,0.4517097174405616
10/12/2019 16:00,1.0,0.151861395738861,1.0,0.4517097174405616
10/12/2019 17:00,1.0,0.151861395738861,1.0,0.4517097174405616
10/12/2019 18:00,1.0,0.151861395738861,1.0,0.4517097174405616
10/12/2019 19:00,1.0,0.151861395738861,1.0,0.4517097174405616
10/12/2019 20:00,1.0,0.151861395738861,1.0,0.4517097174405616
10/12/2019 21:00,1.0,0.151861395738861,1.0,0.4517097174405616
10/12/2019 22:00,1.0,0.151861395738861,1.0,0.4517097174405616
10/12/2019 23:00,1.0,0.151861395738861,1.0,0.4517097174405616
11/12/2019 00:00,1.0,0.151861395738861,1.0,0.4517097174405616
11/12/2019 01:00,1.0,0.151861395738861,1.0,0.4517097174405616
11/12/2019 02:00,1.0,0.151861395738861,1.0,0.4517097174405616
11/12/2019 03:00,1.0,0.151861395738861,1.0,0.4517097174405616
11/12/2019 04:00,1.0,0.151861395738861,1.0,0.4517097174405616
11/12/2019 05:00,1.0,0.151861395738861,1.0,0.4517097174405616
11/12/2019 06:00,1.0,0.151861395738861,1.0,0.4517097174405616
11/12/2019 07:00,1.0,0.151861395738861,1.0,0.4517097174405616
11/12/2019 08:00,1.0,0.151861395738861,1.0,0.4517097174405616
11/12/2019 09:00,1.0,0.151861395738861,1.0,0.4517097174405616
11/12/2019 10:00,1.0,0.151861395738861,1.0,0.4517097174405616
11/12/2019 11:00,1.0,0.151861395738861,1.0,0.4517097174405616
11/12/2019 12:00,1.0,0.151861395738861,1.0,0.4517097174405616
11/12/2019 13:00,1.0,0.151861395738861,1.0,0.4517097174405616
11/12/2019 14:00,1.0,0.151861395738861,1.0,0.4517097174405616
11/12/2019 15:00,1.0,0.151861395738861,1.0,0.4517097174405616
11/12/2019 16:00,1.0,0.151861395738861,1.0,0.4517097174405616
11/12/2019 17:00,1.0,0.151861395738861,1.0,0.4517097174405616
11/12/2019 18:00,1.0,0.151861395738861,1.0,0.4517097174405616
11/12/2019 19:00,1.0,0.151861395738861,1.0,0.4517097174405616
11/12/2019 20:00,1.0,0.151861395738861,1.0,0.4517097174405616
11/12/2019 21:00,1.0,0.151861395738861,1.0,0.4517097174405616
11/12/2019 22:00,1.0,0.151861395738861,1.0,0.4517097174405616
11/12/2019 23:00,1.0,0.151861395738861,1.0,0.4517097174405616
12/12/2019 00:00,1.0,0.151861395738861,1.0,0.4517097174405616
12/12/2019 01:00,1.0,0.151861395738861,1.0,0.4517097174405616
12/12/2019 02:00,1.0,0.151861395738861,1.0,0.4517097174405616
12/12/2019 03:00,1.0,0.151861395738861,1.0,0.4517097174405616
12/12/2019 04:00,1.0,0.151861395738861,1.0,0.4517097174405616
12/12/2019 05:00,1.0,0.151861395738861,1.0,0.4517097174405616
12/12/2019 06:00,1.0,0.151861395738861,1.0,0.4517097174405616
12/12/2019 07:00,1.0,0.151861395738861,1.0,0.4517097174405616
12/12/2019 08:00,1.0,0.151861395738861,1.0,0.4517097174405616
12/12/2019 09:00,1.0,0.151861395738861,1.0,0.4517097174405616
12/12/2019 10:00,1.0,0.151861395738861,1.0,0.4517097174405616
12/12/2019 11:00,1.0,0.151861395738861,1.0,0.4517097174405616
12/12/2019 12:00,1.0,0.151861395738861,1.0,0.4517097174405616
12/12/2019 13:00,1.0,0.151861395738861,1.0,0.4517097174405616
12/12/2019 14:00,1.0,0.151861395738861,1.0,0.4517097174405616
12/12/2019 15:00,1.0,0.151861395738861,1.0,0.4517097174405616
12/12/2019 16:00,1.0,0.151861395738861,1.0,0.4517097174405616
12/12/2019 17:00,1.0,0.151861395738861,1.0,0.4517097174405616
12/12/2019 18:00,1.0,0.151861395738861,1.0,0.4517097174405616
12/12/2019 19:00,1.0,0.151861395738861,1.0,0.4517097174405616
12/12/2019 20:00,1.0,0.151861395738861,1.0,0.4517097174405616
12/12/2019 21:00,1.0,0.151861395738861,1.0,0.4517097174405616
12/12/2019 22:00,1.0,0.151861395738861,1.0,0.4517097174405616
12/12/2019 23:00,1.0,0.151861395738861,1.0,0.4517097174405616
13/12/2019 00:00,1.0,0.151861395738861,1.0,0.4517097174405616
13/12/2019 01:00,1.0,0.151861395738861,1.0,0.4517097174405616
13/12/2019 02:00,1.0,0.151861395738861,1.0,0.4517097174405616
13/12/2019 03:00,1.0,0.151861395738861,1.0,0.4517097174405616
13/12/2019 04:00,1.0,0.151861395738861,1.0,0.4517097174405616
13/12/2019 05:00,1.0,0.151861395738861,1.0,0.4517097174405616
13/12/2019 06:00,1.0,0.151861395738861,1.0,0.4517097174405616
13/12/2019 07:00,1.0,0.151861395738861,1.0,0.4517097174405616
13/12/2019 08:00,1.0,0.151861395738861,1.0,0.4517097174405616
13/12/2019 09:00,1.0,0.151861395738861,1.0,0.4517097174405616
13/12/2019 10:00,1.0,0.151861395738861,1.0,0.4517097174405616
13/12/2019 11:00,1.0,0.151861395738861,1.0,0.4517097174405616
13/12/2019 12:00,1.0,0.151861395738861,1.0,0.4517097174405616
13/12/2019 13:00,1.0,0.151861395738861,1.0,0.4517097174405616
13/12/2019 14:00,1.0,0.151861395738861,1.0,0.4517097174405616
13/12/2019 15:00,1.0,0.151861395738861,1.0,0.4517097174405616
13/12/2019 16:00,1.0,0.151861395738861,1.0,0.4517097174405616
13/12/2019 17:00,1.0,0.151861395738861,1.0,0.4517097174405616
13/12/2019 18:00,1.0,0.151861395738861,1.0,0.4517097174405616
13/12/2019 19:00,1.0,0.151861395738861,1.0,0.4517097174405616
13/12/2019 20:00,1.0,0.151861395738861,1.0,0.4517097174405616
13/12/2019 21:00,1.0,0.151861395738861,1.0,0.4517097174405616
13/12/2019 22:00,1.0,0.151861395738861,1.0,0.4517097174405616
13/12/2019 23:00,1.0,0.151861395738861,1.0,0.4517097174405616
14/12/2019 00:00,1.0,0.151861395738861,1.0,0.4517097174405616
14/12/2019 01:00,1.0,0.151861395738861,1.0,0.4517097174405616
14/12/2019 02:00,1.0,0.151861395738861,1.0,0.4517097174405616
14/12/2019 03:00,1.0,0.151861395738861,1.0,0.4517097174405616
14/12/2019 04:00,1.0,0.151861395738861,1.0,0.4517097174405616
14/12/2019 05:00,1.0,0.151861395738861,1.0,0.4517097174405616
14/12/2019 06:00,1.0,0.151861395738861,1.0,0.4517097174405616
14/12/2019 07:00,1.0,0.151861395738861,1.0,0.4517097174405616
14/12/2019 08:00,1.0,0.151861395738861,1.0,0.4517097174405616
14/12/2019 09:00,1.0,0.151861395738861,1.0,0.4517097174405616
14/12/2019 10:00,1.0,0.151861395738861,1.0,0.4517097174405616
14/12/2019 11:00,1.0,0.151861395738861,1.0,0.4517097174405616
14/12/2019 12:00,1.0,0.151861395738861,1.0,0.4517097174405616
14/12/2019 13:00,1.0,0.151861395738861,1.0,0.4517097174405616
14/12/2019 14:00,1.0,0.151861395738861,1.0,0.4517097174405616
14/12/2019 15:00,1.0,0.151861395738861,1.0,0.4517097174405616
14/12/2019 16:00,1.0,0.151861395738861,1.0,0.4517097174405616
14/12/2019 17:00,1.0,0.151861395738861,1.0,0.4517097174405616
14/12/2019 18:00,1.0,0.151861395738861,1.0,0.4517097174405616
14/12/2019 19:00,1.0,0.151861395738861,1.0,0.4517097174405616
14/12/2019 20:00,1.0,0.151861395738861,1.0,0.4517097174405616
14/12/2019 21:00,1.0,0.151861395738861,1.0,0.4517097174405616
14/12/2019 22:00,1.0,0.151861395738861,1.0,0.4517097174405616
14/12/2019 23:00,1.0,0.151861395738861,1.0,0.4517097174405616
15/12/2019 00:00,1.0,0.151861395738861,1.0,0.4517097174405616
15/12/2019 01:00,1.0,0.151861395738861,1.0,0.4517097174405616
15/12/2019 02:00,1.0,0.151861395738861,1.0,0.4517097174405616
15/12/2019 03:00,1.0,0.151861395738861,1.0,0.4517097174405616
15/12/2019 04:00,1.0,0.151861395738861,1.0,0.4517097174405616
15/12/2019 05:00,1.0,0.151861395738861,1.0,0.4517097174405616
15/12/2019 06:00,1.0,0.151861395738861,1.0,0.4517097174405616
15/12/2019 07:00,1.0,0.151861395738861,1.0,0.4517097174405616
15/12/2019 08:00,1.0,0.151861395738861,1.0,0.4517097174405616
15/12/2019 09:00,1.0,0.151861395738861,1.0,0.4517097174405616
15/12/2019 10:00,1.0,0.151861395738861,1.0,0.4517097174405616
15/12/2019 11:00,1.0,0.151861395738861,1.0,0.4517097174405616
15/12/2019 12:00,1.0,0.151861395738861,1.0,0.4517097174405616
15/12/2019 13:00,1.0,0.151861395738861,1.0,0.4517097174405616
15/12/2019 14:00,1.0,0.151861395738861,1.0,0.4517097174405616
15/12/2019 15:00,1.0,0.151861395738861,1.0,0.4517097174405616
15/12/2019 16:00,1.0,0.151861395738861,1.0,0.4517097174405616
15/12/2019 17:00,1.0,0.151861395738861,1.0,0.4517097174405616
15/12/2019 18:00,1.0,0.151861395738861,1.0,0.4517097174405616
15/12/2019 19:00,1.0,0.151861395738861,1.0,0.4517097174405616
15/12/2019 20:00,1.0,0.151861395738861,1.0,0.4517097174405616
15/12/2019 21:00,1.0,0.151861395738861,1.0,0.4517097174405616
15/12/2019 22:00,1.0,0.151861395738861,1.0,0.4517097174405616
15/12/2019 23:00,1.0,0.151861395738861,1.0,0.4517097174405616
16/12/2019 00:00,1.0,0.151861395738861,1.0,0.4517097174405616
16/12/2019 01:00,1.0,0.151861395738861,1.0,0.4517097174405616
16/12/2019 02:00,1.0,0.151861395738861,1.0,0.4517097174405616
16/12/2019 03:00,1.0,0.151861395738861,1.0,0.4517097174405616
16/12/2019 04:00,1.0,0.151861395738861,1.0,0.4517097174405616
16/12/2019 05:00,1.0,0.151861395738861,1.0,0.4517097174405616
16/12/2019 06:00,1.0,0.151861395738861,1.0,0.4517097174405616
16/12/2019 07:00,1.0,0.151861395738861,1.0,0.4517097174405616
16/12/2019 08:00,1.0,0.151861395738861,1.0,0.4517097174405616
16/12/2019 09:00,1.0,0.151861395738861,1.0,0.4517097174405616
16/12/2019 10:00,1.0,0.151861395738861,1.0,0.4517097174405616
16/12/2019 11:00,1.0,0.151861395738861,1.0,0.4517097174405616
16/12/2019 12:00,1.0,0.151861395738861,1.0,0.4517097174405616
16/12/2019 13:00,1.0,0.151861395738861,1.0,0.4517097174405616
16/12/2019 14:00,1.0,0.151861395738861,1.0,0.4517097174405616
16/12/2019 15:00,1.0,0.151861395738861,1.0,0.4517097174405616
16/12/2019 16:00,1.0,0.151861395738861,1.0,0.4517097174405616
16/12/2019 17:00,1.0,0.151861395738861,1.0,0.4517097174405616
16/12/2019 18:00,1.0,0.151861395738861,1.0,0.4517097174405616
16/12/2019 19:00,1.0,0.151861395738861,1.0,0.4517097174405616
16/12/2019 20:00,1.0,0.151861395738861,1.0,0.4517097174405616
16/12/2019 21:00,1.0,0.151861395738861,1.0,0.4517097174405616
16/12/2019 22:00,1.0,0.151861395738861,1.0,0.4517097174405616
16/12/2019 23:00,1.0,0.151861395738861,1.0,0.4517097174405616
17/12/2019 00:00,1.0,0.151861395738861,1.0,0.4517097174405616
17/12/2019 01:00,1.0,0.151861395738861,1.0,0.4517097174405616
17/12/2019 02:00,1.0,0.151861395738861,1.0,0.4517097174405616
17/12/2019 03:00,1.0,0.151861395738861,1.0,0.4517097174405616
17/12/2019 04:00,1.0,0.151861395738861,1.0,0.4517097174405616
17/12/2019 05:00,1.0,0.151861395738861,1.0,0.4517097174405616
17/12/2019 06:00,1.0,0.151861395738861,1.0,0.4517097174405616
17/12/2019 07:00,1.0,0.151861395738861,1.0,0.4517097174405616
17/12/2019 08:00,1.0,0.151861395738861,1.0,0.4517097174405616
17/12/2019 09:00,1.0,0.151861395738861,1.0,0.4517097174405616
17/12/2019 10:00,1.0,0.151861395738861,1.0,0.4517097174405616
17/12/2019 11:00,1.0,0.151861395738861,1.0,0.4517097174405616
17/12/2019 12:00,1.0,0.151861395738861,1.0,0.4517097174405616
17/12/2019 13:00,1.0,0.151861395738861,1.0,0.4517097174405616
17/12/2019 14:00,1.0,0.151861395738861,1.0,0.4517097174405616
17/12/2019 15:00,1.0,0.151861395738861,1.0,0.4517097174405616
17/12/2019 16:00,1.0,0.151861395738861,1.0,0.4517097174405616
17/12/2019 17:00,1.0,0.151861395738861,1.0,0.4517097174405616
17/12/2019 18:00,1.0,0.151861395738861,1.0,0.4517097174405616
17/12/2019 19:00,1.0,0.151861395738861,1.0,0.4517097174405616
17/12/2019 20:00,1.0,0.151861395738861,1.0,0.4517097174405616
17/12/2019 21:00,1.0,0.151861395738861,1.0,0.4517097174405616
17/12/2019 22:00,1.0,0.151861395738861,1.0,0.4517097174405616
17/12/2019 23:00,1.0,0.151861395738861,1.0,0.4517097174405616
18/12/2019 00:00,1.0,0.151861395738861,1.0,0.4517097174405616
18/12/2019 01:00,1.0,0.151861395738861,1.0,0.4517097174405616
18/12/2019 02:00,1.0,0.151861395738861,1.0,0.4517097174405616
18/12/2019 03:00,1.0,0.151861395738861,1.0,0.4517097174405616
18/12/2019 04:00,1.0,0.151861395738861,1.0,0.4517097174405616
18/12/2019 05:00,1.0,0.151861395738861,1.0,0.4517097174405616
18/12/2019 06:00,1.0,0.151861395738861,1.0,0.4517097174405616
18/12/2019 07:00,1.0,0.151861395738861,1.0,0.4517097174405616
18/12/2019 08:00,1.0,0.151861395738861,1.0,0.4517097174405616
18/12/2019 09:00,1.0,0.151861395738861,1.0,0.4517097174405616
18/12/2019 10:00,1.0,0.151861395738861,1.0,0.4517097174405616
18/12/2019 11:00,1.0,0.151861395738861,1.0,0.4517097174405616
18/12/2019 12:00,1.0,0.151861395738861,1.0,0.4517097174405616
18/12/2019 13:00,1.0,0.151861395738861,1.0,0.4517097174405616
18/12/2019 14:00,1.0,0.151861395738861,1.0,0.4517097174405616
18/12/2019 15:00,1.0,0.151861395738861,1.0,0.4517097174405616
18/12/2019 16:00,1.0,0.151861395738861,1.0,0.4517097174405616
18/12/2019 17:00,1.0,0.151861395738861,1.0,0.4517097174405616
18/12/2019 18:00,1.0,0.151861395738861,1.0,0.4517097174405616
18/12/2019 19:00,1.0,0.151861395738861,1.0,0.4517097174405616
18/12/2019 20:00,1.0,0.151861395738861,1.0,0.4517097174405616
18/12/2019 21:00,1.0,0.151861395738861,1.0,0.4517097174405616
18/12/2019 22:00,1.0,0.151861395738861,1.0,0.4517097174405616
18/12/2019 23:00,1.0,0.151861395738861,1.0,0.4517097174405616
19/12/2019 00:00,1.0,0.151861395738861,1.0,0.4517097174405616
19/12/2019 01:00,1.0,0.151861395738861,1.0,0.4517097174405616
19/12/2019 02:00,1.0,0.151861395738861,1.0,0.4517097174405616
19/12/2019 03:00,1.0,0.151861395738861,1.0,0.4517097174405616
19/12/2019 04:00,1.0,0.151861395738861,1.0,0.4517097174405616
19/12/2019 05:00,1.0,0.151861395738861,1.0,0.4517097174405616
19/12/2019 06:00,1.0,0.151861395738861,1.0,0.4517097174405616
19/12/2019 07:00,1.0,0.151861395738861,1.0,0.4517097174405616
19/12/2019 08:00,1.0,0.151861395738861,1.0,0.4517097174405616
19/12/2019 09:00,1.0,0.151861395738861,1.0,0.4517097174405616
19/12/2019 10:00,1.0,0.151861395738861,1.0,0.4517097174405616
19/12/2019 11:00,1.0,0.151861395738861,1.0,0.4517097174405616
19/12/2019 12:00,1.0,0.151861395738861,1.0,0.4517097174405616
19/12/2019 13:00,1.0,0.151861395738861,1.0,0.4517097174405616
19/12/2019 14:00,1.0,0.151861395738861,1.0,0.4517097174405616
19/12/2019 15:00,1.0,0.151861395738861,1.0,0.4517097174405616
19/12/2019 16:00,1.0,0.151861395738861,1.0,0.4517097174405616
19/12/2019 17:00,1.0,0.151861395738861,1.0,0.4517097174405616
19/12/2019 18:00,1.0,0.151861395738861,1.0,0.4517097174405616
19/12/2019 19:00,1.0,0.151861395738861,1.0,0.4517097174405616
19/12/2019 20:00,1.0,0.151861395738861,1.0,0.4517097174405616
19/12/2019 21:00,1.0,0.151861395738861,1.0,0.4517097174405616
19/12/2019 22:00,1.0,0.151861395738861,1.0,0.4517097174405616
19/12/2019 23:00,1.0,0.151861395738861,1.0,0.4517097174405616
20/12/2019 00:00,1.0,0.151861395738861,1.0,0.4517097174405616
20/12/2019 01:00,1.0,0.151861395738861,1.0,0.4517097174405616
20/12/2019 02:00,1.0,0.151861395738861,1.0,0.4517097174405616
20/12/2019 03:00,1.0,0.151861395738861,1.0,0.4517097174405616
20/12/2019 04:00,1.0,0.151861395738861,1.0,0.4517097174405616
20/12/2019 05:00,1.0,0.151861395738861,1.0,0.4517097174405616
20/12/2019 06:00,1.0,0.151861395738861,1.0,0.4517097174405616
20/12/2019 07:00,1.0,0.151861395738861,1.0,0.4517097174405616
20/12/2019 08:00,1.0,0.151861395738861,1.0,0.4517097174405616
20/12/2019 09:00,1.0,0.151861395738861,1.0,0.4517097174405616
20/12/2019 10:00,1.0,0.151861395738861,1.0,0.4517097174405616
20/12/2019 11:00,1.0,0.151861395738861,1.0,0.4517097174405616
20/12/2019 12:00,1.0,0.151861395738861,1.0,0.4517097174405616
20/12/2019 13:00,1.0,0.151861395738861,1.0,0.4517097174405616
20/12/2019 14:00,1.0,0.151861395738861,1.0,0.4517097174405616
20/12/2019 15:00,1.0,0.151861395738861,1.0,0.4517097174405616
20/12/2019 16:00,1.0,0.151861395738861,1.0,0.4517097174405616
20/12/2019 17:00,1.0,0.151861395738861,1.0,0.4517097174405616
20/12/2019 18:00,1.0,0.151861395738861,1.0,0.4517097174405616
20/12/2019 19:00,1.0,0.151861395738861,1.0,0.4517097174405616
20/12/2019 20:00,1.0,0.151861395738861,1.0,0.4517097174405616
20/12/2019 21:00,1.0,0.151861395738861,1.0,0.4517097174405616
20/12/2019 22:00,1.0,0.151861395738861,1.0,0.4517097174405616
20/12/2019 23:00,1.0,0.151861395738861,1.0,0.4517097174405616
21/12/2019 00:00,1.0,0.151861395738861,1.0,0.4517097174405616
21/12/2019 01:00,1.0,0.151861395738861,1.0,0.4517097174405616
21/12/2019 02:00,1.0,0.151861395738861,1.0,0.4517097174405616
21/12/2019 03:00,1.0,0.151861395738861,1.0,0.4517097174405616
21/12/2019 04:00,1.0,0.151861395738861,1.0,0.4517097174405616
21/12/2019 05:00,1.0,0.151861395738861,1.0,0.4517097174405616
21/12/2019 06:00,1.0,0.151861395738861,1.0,0.4517097174405616
21/12/2019 07:00,1.0,0.151861395738861,1.0,0.4517097174405616
21/12/2019 08:00,1.0,0.151861395738861,1.0,0.4517097174405616
21/12/2019 09:00,1.0,0.151861395738861,1.0,0.4517097174405616
21/12/2019 10:00,1.0,0.151861395738861,1.0,0.4517097174405616
21/12/2019 11:00,1.0,0.151861395738861,1.0,0.4517097174405616
21/12/2019 12:00,1.0,0.151861395738861,1.0,0.4517097174405616
21/12/2019 13:00,1.0,0.151861395738861,1.0,0.4517097174405616
21/12/2019 14:00,1.0,0.151861395738861,1.0,0.4517097174405616
21/12/2019 15:00,1.0,0.151861395738861,1.0,0.4517097174405616
21/12/2019 16:00,1.0,0.151861395738861,1.0,0.4517097174405616
21/12/2019 17:00,1.0,0.151861395738861,1.0,0.4517097174405616
21/12/2019 18:00,1.0,0.151861395738861,1.0,0.4517097174405616
21/12/2019 19:00,1.0,0.151861395738861,1.0,0.4517097174405616
21/12/2019 20:00,1.0,0.151861395738861,1.0,0.4517097174405616
21/12/2019 21:00,1.0,0.151861395738861,1.0,0.4517097174405616
21/12/2019 22:00,1.0,0.151861395738861,1.0,0.4517097174405616
21/12/2019 23:00,1.0,0.151861395738861,1.0,0.4517097174405616
22/12/2019 00:00,1.0,0.151861395738861,1.0,0.4517097174405616
22/12/2019 01:00,1.0,0.151861395738861,1.0,0.4517097174405616
22/12/2019 02:00,1.0,0.151861395738861,1.0,0.4517097174405616
22/12/2019 03:00,1.0,0.151861395738861,1.0,0.4517097174405616
22/12/2019 04:00,1.0,0.151861395738861,1.0,0.4517097174405616
22/12/2019 05:00,1.0,0.151861395738861,1.0,0.4517097174405616
22/12/2019 06:00,1.0,0.151861395738861,1.0,0.4517097174405616
22/12/2019 07:00,1.0,0.151861395738861,1.0,0.4517097174405616
22/12/2019 08:00,1.0,0.151861395738861,1.0,0.4517097174405616
22/12/2019 09:00,1.0,0.151861395738861,1.0,0.4517097174405616
22/12/2019 10:00,1.0,0.151861395738861,1.0,0.4517097174405616
22/12/2019 11:00,1.0,0.151861395738861,1.0,0.4517097174405616
22/12/2019 12:00,1.0,0.151861395738861,1.0,0.4517097174405616
22/12/2019 13:00,1.0,0.151861395738861,1.0,0.4517097174405616
22/12/2019 14:00,1.0,0.151861395738861,1.0,0.4517097174405616
22/12/2019 15:00,1.0,0.151861395738861,1.0,0.4517097174405616
22/12/2019 16:00,1.0,0.151861395738861,1.0,0.4517097174405616
22/12/2019 17:00,1.0,0.151861395738861,1.0,0.4517097174405616
22/12/2019 18:00,1.0,0.151861395738861,1.0,0.4517097174405616
22/12/2019 19:00,1.0,0.151861395738861,1.0,0.4517097174405616
22/12/2019 20:00,1.0,0.151861395738861,1.0,0.4517097174405616
22/12/2019 21:00,1.0,0.151861395738861,1.0,0.4517097174405616
22/12/2019 22:00,1.0,0.151861395738861,1.0,0.4517097174405616
22/12/2019 23:00,1.0,0.151861395738861,1.0,0.4517097174405616
23/12/2019 00:00,1.0,0.151861395738861,1.0,0.4517097174405616
23/12/2019 01:00,1.0,0.151861395738861,1.0,0.4517097174405616
23/12/2019 02:00,1.0,0.151861395738861,1.0,0.4517097174405616
23/12/2019 03:00,1.0,0.151861395738861,1.0,0.4517097174405616
23/12/2019 04:00,1.0,0.151861395738861,1.0,0.4517097174405616
23/12/2019 05:00,1.0,0.151861395738861,1.0,0.4517097174405616
23/12/2019 06:00,1.0,0.151861395738861,1.0,0.4517097174405616
23/12/2019 07:00,1.0,0.151861395738861,1.0,0.4517097174405616
23/12/2019 08:00,1.0,0.151861395738861,1.0,0.4517097174405616
23/12/2019 09:00,1.0,0.151861395738861,1.0,0.4517097174405616
23/12/2019 10:00,1.0,0.151861395738861,1.0,0.4517097174405616
23/12/2019 11:00,1.0,0.151861395738861,1.0,0.4517097174405616
23/12/2019 12:00,1.0,0.151861395738861,1.0,0.4517097174405616
23/12/2019 13:00,1.0,0.151861395738861,1.0,0.4517097174405616
23/12/2019 14:00,1.0,0.151861395738861,1.0,0.4517097174405616
23/12/2019 15:00,1.0,0.151861395738861,1.0,0.4517097174405616
23/12/2019 16:00,1.0,0.151861395738861,1.0,0.4517097174405616
23/12/2019 17:00,1.0,0.151861395738861,1.0,0.4517097174405616
23/12/2019 18:00,1.0,0.151861395738861,1.0,0.4517097174405616
23/12/2019 19:00,1.0,0.151861395738861,1.0,0.4517097174405616
23/12/2019 20:00,1.0,0.151861395738861,1.0,0.4517097174405616
23/12/2019 21:00,1.0,0.151861395738861,1.0,0.4517097174405616
23/12/2019 22:00,1.0,0.151861395738861,1.0,0.4517097174405616
23/12/2019 23:00,1.0,0.151861395738861,1.0,0.4517097174405616
24/12/2019 00:00,1.0,0.151861395738861,1.0,0.4517097174405616
24/12/2019 01:00,1.0,0.151861395738861,1.0,0.4517097174405616
24/12/2019 02:00,1.0,0.151861395738861,1.0,0.4517097174405616
24/12/2019 03:00,1.0,0.151861395738861,1.0,0.4517097174405616
24/12/2019 04:00,1.0,0.151861395738861,1.0,0.4517097174405616
24/12/2019 05:00,1.0,0.151861395738861,1.0,0.4517097174405616
24/12/2019 06:00,1.0,0.151861395738861,1.0,0.4517097174405616
24/12/2019 07:00,1.0,0.151861395738861,1.0,0.4517097174405616
24/12/2019 08:00,1.0,0.151861395738861,1.0,0.4517097174405616
24/12/2019 09:00,1.0,0.151861395738861,1.0,0.4517097174405616
24/12/2019 10:00,1.0,0.151861395738861,1.0,0.4517097174405616
24/12/2019 11:00,1.0,0.151861395738861,1.0,0.4517097174405616
24/12/2019 12:00,1.0,0.151861395738861,1.0,0.4517097174405616
24/12/2019 13:00,1.0,0.151861395738861,1.0,0.4517097174405616
24/12/2019 14:00,1.0,0.151861395738861,1.0,0.4517097174405616
24/12/2019 15:00,1.0,0.151861395738861,1.0,0.4517097174405616
24/12/2019 16:00,1.0,0.151861395738861,1.0,0.4517097174405616
24/12/2019 17:00,1.0,0.151861395738861,1.0,0.4517097174405616
24/12/2019 18:00,1.0,0.151861395738861,1.0,0.4517097174405616
24/12/2019 19:00,1.0,0.151861395738861,1.0,0.4517097174405616
24/12/2019 20:00,1.0,0.151861395738861,1.0,0.4517097174405616
24/12/2019 21:00,1.0,0.151861395738861,1.0,0.4517097174405616
24/12/2019 22:00,1.0,0.151861395738861,1.0,0.4517097174405616
24/12/2019 23:00,1.0,0.151861395738861,1.0,0.4517097174405616
25/12/2019 00:00,1.0,0.151861395738861,1.0,0.4517097174405616
25/12/2019 01:00,1.0,0.151861395738861,1.0,0.4517097174405616
25/12/2019 02:00,1.0,0.151861395738861,1.0,0.4517097174405616
25/12/2019 03:00,1.0,0.151861395738861,1.0,0.4517097174405616
25/12/2019 04:00,1.0,0.151861395738861,1.0,0.4517097174405616
25/12/2019 05:00,1.0,0.151861395738861,1.0,0.4517097174405616
25/12/2019 06:00,1.0,0.151861395738861,1.0,0.4517097174405616
25/12/2019 07:00,1.0,0.151861395738861,1.0,0.4517097174405616
25/12/2019 08:00,1.0,0.151861395738861,1.0,0.4517097174405616
25/12/2019 09:00,1.0,0.151861395738861,1.0,0.4517097174405616
25/12/2019 10:00,1.0,0.151861395738861,1.0,0.4517097174405616
25/12/2019 11:00,1.0,0.151861395738861,1.0,0.4517097174405616
25/12/2019 12:00,1.0,0.151861395738861,1.0,0.4517097174405616
25/12/2019 13:00,1.0,0.151861395738861,1.0,0.4517097174405616
25/12/2019 14:00,1.0,0.151861395738861,1.0,0.4517097174405616
25/12/2019 15:00,1.0,0.151861395738861,1.0,0.4517097174405616
25/12/2019 16:00,1.0,0.151861395738861,1.0,0.4517097174405616
25/12/2019 17:00,1.0,0.151861395738861,1.0,0.4517097174405616
25/12/2019 18:00,1.0,0.151861395738861,1.0,0.4517097174405616
25/12/2019 19:00,1.0,0.151861395738861,1.0,0.4517097174405616
25/12/2019 20:00,1.0,0.151861395738861,1.0,0.4517097174405616
25/12/2019 21:00,1.0,0.151861395738861,1.0,0.4517097174405616
25/12/2019 22:00,1.0,0.151861395738861,1.0,0.4517097174405616
25/12/2019 23:00,1.0,0.151861395738861,1.0,0.4517097174405616
26/12/2019 00:00,1.0,0.151861395738861,1.0,0.4517097174405616
26/12/2019 01:00,1.0,0.151861395738861,1.0,0.4517097174405616
26/12/2019 02:00,1.0,0.151861395738861,1.0,0.4517097174405616
26/12/2019 03:00,1.0,0.151861395738861,1.0,0.4517097174405616
26/12/2019 04:00,1.0,0.151861395738861,1.0,0.4517097174405616
26/12/2019 05:00,1.0,0.151861395738861,1.0,0.4517097174405616
26/12/2019 06:00,1.0,0.151861395738861,1.0,0.4517097174405616
26/12/2019 07:00,1.0,0.151861395738861,1.0,0.4517097174405616
26/12/2019 08:00,1.0,0.151861395738861,1.0,0.4517097174405616
26/12/2019 09:00,1.0,0.151861395738861,1.0,0.4517097174405616
26/12/2019 10:00,1.0,0.151861395738861,1.0,0.4517097174405616
26/12/2019 11:00,1.0,0.151861395738861,1.0,0.4517097174405616
26/12/2019 12:00,1.0,0.151861395738861,1.0,0.4517097174405616
26/12/2019 13:00,1.0,0.151861395738861,1.0,0.4517097174405616
26/12/2019 14:00,1.0,0.151861395738861,1.0,0.4517097174405616
26/12/2019 15:00,1.0,0.151861395738861,1.0,0.4517097174405616
26/12/2019 16:00,1.0,0.151861395738861,1.0,0.4517097174405616
26/12/2019 17:00,1.0,0.151861395738861,1.0,0.4517097174405616
26/12/2019 18:00,1.0,0.151861395738861,1.0,0.4517097174405616
26/12/2019 19:00,1.0,0.151861395738861,1.0,0.4517097174405616
26/12/2019 20:00,1.0,0.151861395738861,1.0,0.4517097174405616
26/12/2019 21:00,1.0,0.151861395738861,1.0,0.4517097174405616
26/12/2019 22:00,1.0,0.151861395738861,1.0,0.4517097174405616
26/12/2019 23:00,1.0,0.151861395738861,1.0,0.4517097174405616
27/12/2019 00:00,1.0,0.151861395738861,1.0,0.4517097174405616
27/12/2019 01:00,1.0,0.151861395738861,1.0,0.4517097174405616
27/12/2019 02:00,1.0,0.151861395738861,1.0,0.4517097174405616
27/12/2019 03:00,1.0,0.151861395738861,1.0,0.4517097174405616
27/12/2019 04:00,1.0,0.151861395738861,1.0,0.4517097174405616
27/12/2019 05:00,1.0,0.151861395738861,1.0,0.4517097174405616
27/12/2019 06:00,1.0,0.151861395738861,1.0,0.4517097174405616
27/12/2019 07:00,1.0,0.151861395738861,1.0,0.4517097174405616
27/12/2019 08:00,1.0,0.151861395738861,1.0,0.4517097174405616
27/12/2019 09:00,1.0,0.151861395738861,1.0,0.4517097174405616
27/12/2019 10:00,1.0,0.151861395738861,1.0,0.4517097174405616
27/12/2019 11:00,1.0,0.151861395738861,1.0,0.4517097174405616
27/12/2019 12:00,1.0,0.151861395738861,1.0,0.4517097174405616
27/12/2019 13:00,1.0,0.151861395738861,1.0,0.4517097174405616
27/12/2019 14:00,1.0,0.151861395738861,1.0,0.4517097174405616
27/12/2019 15:00,1.0,0.151861395738861,1.0,0.4517097174405616
27/12/2019 16:00,1.0,0.151861395738861,1.0,0.4517097174405616
27/12/2019 17:00,1.0,0.151861395738861,1.0,0.4517097174405616
27/12/2019 18:00,1.0,0.151861395738861,1.0,0.4517097174405616
27/12/2019 19:00,1.0,0.151861395738861,1.0,0.4517097174405616
27/12/2019 20:00,1.0,0.151861395738861,1.0,0.4517097174405616
27/12/2019 21:00,1.0,0.151861395738861,1.0,0.4517097174405616
27/12/2019 22:00,1.0,0.151861395738861,1.0,0.4517097174405616
27/12/2019 23:00,1.0,0.151861395738861,1.0,0.4517097174405616
28/12/2019 00:00,1.0,0.151861395738861,1.0,0.4517097174405616
28/12/2019 01:00,1.0,0.151861395738861,1.0,0.4517097174405616
28/12/2019 02:00,1.0,0.151861395738861,1.0,0.4517097174405616
28/12/2019 03:00,1.0,0.151861395738861,1.0,0.4517097174405616
28/12/2019 04:00,1.0,0.151861395738861,1.0,0.4517097174405616
28/12/2019 05:00,1.0,0.151861395738861,1.0,0.4517097174405616
28/12/2019 06:00,1.0,0.151861395738861,1.0,0.4517097174405616
28/12/2019 07:00,1.0,0.151861395738861,1.0,0.4517097174405616
28/12/2019 08:00,1.0,0.151861395738861,1.0,0.4517097174405616
28/12/2019 09:00,1.0,0.151861395738861,1.0,0.4517097174405616
28/12/2019 10:00,1.0,0.151861395738861,1.0,0.4517097174405616
28/12/2019 11:00,1.0,0.151861395738861,1.0,0.4517097174405616
28/12/2019 12:00,1.0,0.151861395738861,1.0,0.4517097174405616
28/12/2019 13:00,1.0,0.151861395738861,1.0,0.4517097174405616
28/12/2019 14:00,1.0,0.151861395738861,1.0,0.4517097174405616
28/12/2019 15:00,1.0,0.151861395738861,1.0,0.4517097174405616
28/12/2019 16:00,1.0,0.151861395738861,1.0,0.4517097174405616
28/12/2019 17:00,1.0,0.151861395738861,1.0,0.4517097174405616
28/12/2019 18:00,1.0,0.151861395738861,1.0,0.4517097174405616
28/12/2019 19:00,1.0,0.151861395738861,1.0,0.4517097174405616
28/12/2019 20:00,1.0,0.151861395738861,1.0,0.4517097174405616
28/12/2019 21:00,1.0,0.151861395738861,1.0,0.4517097174405616
28/12/2019 22:00,1.0,0.151861395738861,1.0,0.4517097174405616
28/12/2019 23:00,1.0,0.151861395738861,1.0,0.4517097174405616
29/12/2019 00:00,1.0,0.151861395738861,1.0,0.4517097174405616
29/12/2019 01:00,1.0,0.151861395738861,1.0,0.4517097174405616
29/12/2019 02:00,1.0,0.151861395738861,1.0,0.4517097174405616
29/12/2019 03:00,1.0,0.151861395738861,1.0,0.4517097174405616
29/12/2019 04:00,1.0,0.151861395738861,1.0,0.4517097174405616
29/12/2019 05:00,1.0,0.151861395738861,1.0,0.4517097174405616
29/12/2019 06:00,1.0,0.151861395738861,1.0,0.4517097174405616
29/12/2019 07:00,1.0,0.151861395738861,1.0,0.4517097174405616
29/12/2019 08:00,1.0,0.151861395738861,1.0,0.4517097174405616
29/12/2019 09:00,1.0,0.151861395738861,1.0,0.4517097174405616
29/12/2019 10:00,1.0,0.151861395738861,1.0,0.4517097174405616
29/12/2019 11:00,1.0,0.151861395738861,1.0,0.4517097174405616
29/12/2019 12:00,1.0,0.151861395738861,1.0,0.4517097174405616
29/12/2019 13:00,1.0,0.151861395738861,1.0,0.4517097174405616
29/12/2019 14:00,1.0,0.151861395738861,1.0,0.4517097174405616
29/12/2019 15:00,1.0,0.151861395738861,1.0,0.4517097174405616
29/12/2019 16:00,1.0,0.151861395738861,1.0,0.4517097174405616
29/12/2019 17:00,1.0,0.151861395738861,1.0,0.4517097174405616
29/12/2019 18:00,1.0,0.151861395738861,1.0,0.4517097174405616
29/12/2019 19:00,1.0,0.151861395738861,1.0,0.4517097174405616
29/12/2019 20:00,1.0,0.151861395738861,1.0,0.4517097174405616
29/12/2019 21:00,1.0,0.151861395738861,1.0,0.4517097174405616
29/12/2019 22:00,1.0,0.151861395738861,1.0,0.4517097174405616
29/12/2019 23:00,1.0,0.151861395738861,1.0,0.4517097174405616
30/12/2019 00:00,1.0,0.151861395738861,1.0,0.4517097174405616
30/12/2019 01:00,1.0,0.151861395738861,1.0,0.4517097174405616
30/12/2019 02:00,1.0,0.151861395738861,1.0,0.4517097174405616
30/12/2019 03:00,1.0,0.151861395738861,1.0,0.4517097174405616
30/12/2019 04:00,1.0,0.151861395738861,1.0,0.4517097174405616
30/12/2019 05:00,1.0,0.151861395738861,1.0,0.4517097174405616
30/12/2019 06:00,1.0,0.151861395738861,1.0,0.4517097174405616
30/12/2019 07:00,1.0,0.151861395738861,1.0,0.4517097174405616
30/12/2019 08:00,1.0,0.151861395738861,1.0,0.4517097174405616
30/12/2019 09:00,1.0,0.151861395738861,1.0,0.4517097174405616
30/12/2019 10:00,1.0,0.151861395738861,1.0,0.4517097174405616
30/12/2019 11:00,1.0,0.151861395738861,1.0,0.4517097174405616
30/12/2019 12:00,1.0,0.151861395738861,1.0,0.4517097174405616
30/12/2019 13:00,1.0,0.151861395738861,1.0,0.4517097174405616
30/12/2019 14:00,1.0,0.151861395738861,1.0,0.4517097174405616
30/12/2019 15:00,1.0,0.151861395738861,1.0,0.4517097174405616
30/12/2019 16:00,1.0,0.151861395738861,1.0,0.4517097174405616
30/12/2019 17:00,1.0,0.151861395738861,1.0,0.4517097174405616
30/12/2019 18:00,1.0,0.151861395738861,1.0,0.4517097174405616
30/12/2019 19:00,1.0,0.151861395738861,1.0,0.4517097174405616
30/12/2019 20:00,1.0,0.151861395738861,1.0,0.4517097174405616
30/12/2019 21:00,1.0,0.151861395738861,1.0,0.4517097174405616
30/12/2019 22:00,1.0,0.151861395738861,1.0,0.4517097174405616
30/12/2019 23:00,1.0,0.151861395738861,1.0,0.4517097174405616
31/12/2019 00:00,1.0,0.151861395738861,1.0,0.4517097174405616
31/12/2019 01:00,1.0,0.151861395738861,1.0,0.4517097174405616
31/12/2019 02:00,1.0,0.151861395738861,1.0,0.4517097174405616
31/12/2019 03:00,1.0,0.151861395738861,1.0,0.4517097174405616
31/12/2019 04:00,1.0,0.151861395738861,1.0,0.4517097174405616
31/12/2019 05:00,1.0,0.151861395738861,1.0,0.4517097174405616
31/12/2019 06:00,1.0,0.151861395738861,1.0,0.4517097174405616
31/12/2019 07:00,1.0,0.151861395738861,1.0,0.4517097174405616
31/12/2019 08:00,1.0,0.151861395738861,1.0,0.4517097174405616
31/12/2019 09:00,1.0,0.151861395738861,1.0,0.4517097174405616
31/12/2019 10:00,1.0,0.151861395738861,1.0,0.4517097174405616
31/12/2019 11:00,1.0,0.151861395738861,1.0,0.4517097174405616
31/12/2019 12:00,1.0,0.151861395738861,1.0,0.4517097174405616
31/12/2019 13:00,1.0,0.151861395738861,1.0,0.4517097174405616
31/12/2019 14:00,1.0,0.151861395738861,1.0,0.4517097174405616
31/12/2019 15:00,1.0,0.151861395738861,1.0,0.4517097174405616
31/12/2019 16:00,1.0,0.151861395738861,1.0,0.4517097174405616
31/12/2019 17:00,1.0,0.151861395738861,1.0,0.4517097174405616
31/12/2019 18:00,1.0,0.151861395738861,1.0,0.4517097174405616
31/12/2019 19:00,1.0,0.151861395738861,1.0,0.4517097174405616
31/12/2019 20:00,1.0,0.151861395738861,1.0,0.4517097174405616
31/12/2019 21:00,1.0,0.151861395738861,1.0,0.4517097174405616
31/12/2019 22:00,1.0,0.151861395738861,1.0,0.4517097174405616
31/12/2019 23:00,1.0,0.151861395738861,1.0,0.4517097174405616
01/01/2020 00:00,1.0,0.1817340346045909,1.0,0.5537413663094907
