date,Hydro_Small_CNW,Hydro_Large_E,Hydro_Large_CNW
01/01/2019 00:00,0.0137214040735025,0.0735012730702562,0.1568767814321026
01/01/2019 01:00,0.0137214040735025,0.0735012730702562,0.1568767814321026
01/01/2019 02:00,0.0137214040735025,0.0735012730702562,0.1568767814321026
01/01/2019 03:00,0.0137214040735025,0.0735012730702562,0.1568767814321026
01/01/2019 04:00,0.0137214040735025,0.0735012730702562,0.1568767814321026
01/01/2019 05:00,0.0137214040735025,0.0735012730702562,0.1568767814321026
01/01/2019 06:00,0.0137214040735025,0.0735012730702562,0.1568767814321026
01/01/2019 07:00,0.0137214040735025,0.0735012730702562,0.1568767814321026
01/01/2019 08:00,0.0137214040735025,0.0735012730702562,0.1568767814321026
01/01/2019 09:00,0.0137214040735025,0.0735012730702562,0.1568767814321026
01/01/2019 10:00,0.0137214040735025,0.0735012730702562,0.1568767814321026
01/01/2019 11:00,0.0137214040735025,0.0735012730702562,0.1568767814321026
01/01/2019 12:00,0.0137214040735025,0.0735012730702562,0.1568767814321026
01/01/2019 13:00,0.0137214040735025,0.0735012730702562,0.1568767814321026
01/01/2019 14:00,0.0137214040735025,0.0735012730702562,0.1568767814321026
01/01/2019 15:00,0.0137214040735025,0.0735012730702562,0.1568767814321026
01/01/2019 16:00,0.0137214040735025,0.0735012730702562,0.1568767814321026
01/01/2019 17:00,0.0137214040735025,0.0735012730702562,0.1568767814321026
01/01/2019 18:00,0.0137214040735025,0.0735012730702562,0.1568767814321026
01/01/2019 19:00,0.0137214040735025,0.0735012730702562,0.1568767814321026
01/01/2019 20:00,0.0137214040735025,0.0735012730702562,0.1568767814321026
01/01/2019 21:00,0.0137214040735025,0.0735012730702562,0.1568767814321026
01/01/2019 22:00,0.0137214040735025,0.0735012730702562,0.1568767814321026
01/01/2019 23:00,0.0137214040735025,0.0735012730702562,0.1568767814321026
02/01/2019 00:00,0.0137214040735025,0.0735012730702562,0.1568767814321026
02/01/2019 01:00,0.0137214040735025,0.0735012730702562,0.1568767814321026
02/01/2019 02:00,0.0137214040735025,0.0735012730702562,0.1568767814321026
02/01/2019 03:00,0.0137214040735025,0.0735012730702562,0.1568767814321026
02/01/2019 04:00,0.0137214040735025,0.0735012730702562,0.1568767814321026
02/01/2019 05:00,0.0137214040735025,0.0735012730702562,0.1568767814321026
02/01/2019 06:00,0.0137214040735025,0.0735012730702562,0.1568767814321026
02/01/2019 07:00,0.0137214040735025,0.0735012730702562,0.1568767814321026
02/01/2019 08:00,0.0137214040735025,0.0735012730702562,0.1568767814321026
02/01/2019 09:00,0.0137214040735025,0.0735012730702562,0.1568767814321026
02/01/2019 10:00,0.0137214040735025,0.0735012730702562,0.1568767814321026
02/01/2019 11:00,0.0137214040735025,0.0735012730702562,0.1568767814321026
02/01/2019 12:00,0.0137214040735025,0.0735012730702562,0.1568767814321026
02/01/2019 13:00,0.0137214040735025,0.0735012730702562,0.1568767814321026
02/01/2019 14:00,0.0137214040735025,0.0735012730702562,0.1568767814321026
02/01/2019 15:00,0.0137214040735025,0.0735012730702562,0.1568767814321026
02/01/2019 16:00,0.0137214040735025,0.0735012730702562,0.1568767814321026
02/01/2019 17:00,0.0137214040735025,0.0735012730702562,0.1568767814321026
02/01/2019 18:00,0.0137214040735025,0.0735012730702562,0.1568767814321026
02/01/2019 19:00,0.0137214040735025,0.0735012730702562,0.1568767814321026
02/01/2019 20:00,0.0137214040735025,0.0735012730702562,0.1568767814321026
02/01/2019 21:00,0.0137214040735025,0.0735012730702562,0.1568767814321026
02/01/2019 22:00,0.0137214040735025,0.0735012730702562,0.1568767814321026
02/01/2019 23:00,0.0137214040735025,0.0735012730702562,0.1568767814321026
03/01/2019 00:00,0.0137214040735025,0.0735012730702562,0.1568767814321026
03/01/2019 01:00,0.0137214040735025,0.0735012730702562,0.1568767814321026
03/01/2019 02:00,0.0137214040735025,0.0735012730702562,0.1568767814321026
03/01/2019 03:00,0.0137214040735025,0.0735012730702562,0.1568767814321026
03/01/2019 04:00,0.0137214040735025,0.0735012730702562,0.1568767814321026
03/01/2019 05:00,0.0137214040735025,0.0735012730702562,0.1568767814321026
03/01/2019 06:00,0.0137214040735025,0.0735012730702562,0.1568767814321026
03/01/2019 07:00,0.0137214040735025,0.0735012730702562,0.1568767814321026
03/01/2019 08:00,0.0137214040735025,0.0735012730702562,0.1568767814321026
03/01/2019 09:00,0.0137214040735025,0.0735012730702562,0.1568767814321026
03/01/2019 10:00,0.0137214040735025,0.0735012730702562,0.1568767814321026
03/01/2019 11:00,0.0137214040735025,0.0735012730702562,0.1568767814321026
03/01/2019 12:00,0.0137214040735025,0.0735012730702562,0.1568767814321026
03/01/2019 13:00,0.0137214040735025,0.0735012730702562,0.1568767814321026
03/01/2019 14:00,0.0137214040735025,0.0735012730702562,0.1568767814321026
03/01/2019 15:00,0.0137214040735025,0.0735012730702562,0.1568767814321026
03/01/2019 16:00,0.0137214040735025,0.0735012730702562,0.1568767814321026
03/01/2019 17:00,0.0137214040735025,0.0735012730702562,0.1568767814321026
03/01/2019 18:00,0.0137214040735025,0.0735012730702562,0.1568767814321026
03/01/2019 19:00,0.0137214040735025,0.0735012730702562,0.1568767814321026
03/01/2019 20:00,0.0137214040735025,0.0735012730702562,0.1568767814321026
03/01/2019 21:00,0.0137214040735025,0.0735012730702562,0.1568767814321026
03/01/2019 22:00,0.0137214040735025,0.0735012730702562,0.1568767814321026
03/01/2019 23:00,0.0137214040735025,0.0735012730702562,0.1568767814321026
04/01/2019 00:00,0.0137214040735025,0.0735012730702562,0.1568767814321026
04/01/2019 01:00,0.0137214040735025,0.0735012730702562,0.1568767814321026
04/01/2019 02:00,0.0137214040735025,0.0735012730702562,0.1568767814321026
04/01/2019 03:00,0.0137214040735025,0.0735012730702562,0.1568767814321026
04/01/2019 04:00,0.0137214040735025,0.0735012730702562,0.1568767814321026
04/01/2019 05:00,0.0137214040735025,0.0735012730702562,0.1568767814321026
04/01/2019 06:00,0.0137214040735025,0.0735012730702562,0.1568767814321026
04/01/2019 07:00,0.0137214040735025,0.0735012730702562,0.1568767814321026
04/01/2019 08:00,0.0137214040735025,0.0735012730702562,0.1568767814321026
04/01/2019 09:00,0.0137214040735025,0.0735012730702562,0.1568767814321026
04/01/2019 10:00,0.0137214040735025,0.0735012730702562,0.1568767814321026
04/01/2019 11:00,0.0137214040735025,0.0735012730702562,0.1568767814321026
04/01/2019 12:00,0.0137214040735025,0.0735012730702562,0.1568767814321026
04/01/2019 13:00,0.0137214040735025,0.0735012730702562,0.1568767814321026
04/01/2019 14:00,0.0137214040735025,0.0735012730702562,0.1568767814321026
04/01/2019 15:00,0.0137214040735025,0.0735012730702562,0.1568767814321026
04/01/2019 16:00,0.0137214040735025,0.0735012730702562,0.1568767814321026
04/01/2019 17:00,0.0137214040735025,0.0735012730702562,0.1568767814321026
04/01/2019 18:00,0.0137214040735025,0.0735012730702562,0.1568767814321026
04/01/2019 19:00,0.0137214040735025,0.0735012730702562,0.1568767814321026
04/01/2019 20:00,0.0137214040735025,0.0735012730702562,0.1568767814321026
04/01/2019 21:00,0.0137214040735025,0.0735012730702562,0.1568767814321026
04/01/2019 22:00,0.0137214040735025,0.0735012730702562,0.1568767814321026
04/01/2019 23:00,0.0137214040735025,0.0735012730702562,0.1568767814321026
05/01/2019 00:00,0.0137214040735025,0.0735012730702562,0.1568767814321026
05/01/2019 01:00,0.0137214040735025,0.0735012730702562,0.1568767814321026
05/01/2019 02:00,0.0137214040735025,0.0735012730702562,0.1568767814321026
05/01/2019 03:00,0.0137214040735025,0.0735012730702562,0.1568767814321026
05/01/2019 04:00,0.0137214040735025,0.0735012730702562,0.1568767814321026
05/01/2019 05:00,0.0137214040735025,0.0735012730702562,0.1568767814321026
05/01/2019 06:00,0.0137214040735025,0.0735012730702562,0.1568767814321026
05/01/2019 07:00,0.0137214040735025,0.0735012730702562,0.1568767814321026
05/01/2019 08:00,0.0137214040735025,0.0735012730702562,0.1568767814321026
05/01/2019 09:00,0.0137214040735025,0.0735012730702562,0.1568767814321026
05/01/2019 10:00,0.0137214040735025,0.0735012730702562,0.1568767814321026
05/01/2019 11:00,0.0137214040735025,0.0735012730702562,0.1568767814321026
05/01/2019 12:00,0.0137214040735025,0.0735012730702562,0.1568767814321026
05/01/2019 13:00,0.0137214040735025,0.0735012730702562,0.1568767814321026
05/01/2019 14:00,0.0137214040735025,0.0735012730702562,0.1568767814321026
05/01/2019 15:00,0.0137214040735025,0.0735012730702562,0.1568767814321026
05/01/2019 16:00,0.0137214040735025,0.0735012730702562,0.1568767814321026
05/01/2019 17:00,0.0137214040735025,0.0735012730702562,0.1568767814321026
05/01/2019 18:00,0.0137214040735025,0.0735012730702562,0.1568767814321026
05/01/2019 19:00,0.0137214040735025,0.0735012730702562,0.1568767814321026
05/01/2019 20:00,0.0137214040735025,0.0735012730702562,0.1568767814321026
05/01/2019 21:00,0.0137214040735025,0.0735012730702562,0.1568767814321026
05/01/2019 22:00,0.0137214040735025,0.0735012730702562,0.1568767814321026
05/01/2019 23:00,0.0137214040735025,0.0735012730702562,0.1568767814321026
06/01/2019 00:00,0.0137214040735025,0.0735012730702562,0.1568767814321026
06/01/2019 01:00,0.0137214040735025,0.0735012730702562,0.1568767814321026
06/01/2019 02:00,0.0137214040735025,0.0735012730702562,0.1568767814321026
06/01/2019 03:00,0.0137214040735025,0.0735012730702562,0.1568767814321026
06/01/2019 04:00,0.0137214040735025,0.0735012730702562,0.1568767814321026
06/01/2019 05:00,0.0137214040735025,0.0735012730702562,0.1568767814321026
06/01/2019 06:00,0.0137214040735025,0.0735012730702562,0.1568767814321026
06/01/2019 07:00,0.0137214040735025,0.0735012730702562,0.1568767814321026
06/01/2019 08:00,0.0137214040735025,0.0735012730702562,0.1568767814321026
06/01/2019 09:00,0.0137214040735025,0.0735012730702562,0.1568767814321026
06/01/2019 10:00,0.0137214040735025,0.0735012730702562,0.1568767814321026
06/01/2019 11:00,0.0137214040735025,0.0735012730702562,0.1568767814321026
06/01/2019 12:00,0.0137214040735025,0.0735012730702562,0.1568767814321026
06/01/2019 13:00,0.0137214040735025,0.0735012730702562,0.1568767814321026
06/01/2019 14:00,0.0137214040735025,0.0735012730702562,0.1568767814321026
06/01/2019 15:00,0.0137214040735025,0.0735012730702562,0.1568767814321026
06/01/2019 16:00,0.0137214040735025,0.0735012730702562,0.1568767814321026
06/01/2019 17:00,0.0137214040735025,0.0735012730702562,0.1568767814321026
06/01/2019 18:00,0.0137214040735025,0.0735012730702562,0.1568767814321026
06/01/2019 19:00,0.0137214040735025,0.0735012730702562,0.1568767814321026
06/01/2019 20:00,0.0137214040735025,0.0735012730702562,0.1568767814321026
06/01/2019 21:00,0.0137214040735025,0.0735012730702562,0.1568767814321026
06/01/2019 22:00,0.0137214040735025,0.0735012730702562,0.1568767814321026
06/01/2019 23:00,0.0137214040735025,0.0735012730702562,0.1568767814321026
07/01/2019 00:00,0.0137214040735025,0.0735012730702562,0.1568767814321026
07/01/2019 01:00,0.0137214040735025,0.0735012730702562,0.1568767814321026
07/01/2019 02:00,0.0137214040735025,0.0735012730702562,0.1568767814321026
07/01/2019 03:00,0.0137214040735025,0.0735012730702562,0.1568767814321026
07/01/2019 04:00,0.0137214040735025,0.0735012730702562,0.1568767814321026
07/01/2019 05:00,0.0137214040735025,0.0735012730702562,0.1568767814321026
07/01/2019 06:00,0.0137214040735025,0.0735012730702562,0.1568767814321026
07/01/2019 07:00,0.0137214040735025,0.0735012730702562,0.1568767814321026
07/01/2019 08:00,0.0137214040735025,0.0735012730702562,0.1568767814321026
07/01/2019 09:00,0.0137214040735025,0.0735012730702562,0.1568767814321026
07/01/2019 10:00,0.0137214040735025,0.0735012730702562,0.1568767814321026
07/01/2019 11:00,0.0137214040735025,0.0735012730702562,0.1568767814321026
07/01/2019 12:00,0.0137214040735025,0.0735012730702562,0.1568767814321026
07/01/2019 13:00,0.0137214040735025,0.0735012730702562,0.1568767814321026
07/01/2019 14:00,0.0137214040735025,0.0735012730702562,0.1568767814321026
07/01/2019 15:00,0.0137214040735025,0.0735012730702562,0.1568767814321026
07/01/2019 16:00,0.0137214040735025,0.0735012730702562,0.1568767814321026
07/01/2019 17:00,0.0137214040735025,0.0735012730702562,0.1568767814321026
07/01/2019 18:00,0.0137214040735025,0.0735012730702562,0.1568767814321026
07/01/2019 19:00,0.0137214040735025,0.0735012730702562,0.1568767814321026
07/01/2019 20:00,0.0137214040735025,0.0735012730702562,0.1568767814321026
07/01/2019 21:00,0.0137214040735025,0.0735012730702562,0.1568767814321026
07/01/2019 22:00,0.0137214040735025,0.0735012730702562,0.1568767814321026
07/01/2019 23:00,0.0137214040735025,0.0735012730702562,0.1568767814321026
08/01/2019 00:00,0.0137214040735025,0.0735012730702562,0.1568767814321026
08/01/2019 01:00,0.0137214040735025,0.0735012730702562,0.1568767814321026
08/01/2019 02:00,0.0137214040735025,0.0735012730702562,0.1568767814321026
08/01/2019 03:00,0.0137214040735025,0.0735012730702562,0.1568767814321026
08/01/2019 04:00,0.0137214040735025,0.0735012730702562,0.1568767814321026
08/01/2019 05:00,0.0137214040735025,0.0735012730702562,0.1568767814321026
08/01/2019 06:00,0.0137214040735025,0.0735012730702562,0.1568767814321026
08/01/2019 07:00,0.0137214040735025,0.0735012730702562,0.1568767814321026
08/01/2019 08:00,0.0137214040735025,0.0735012730702562,0.1568767814321026
08/01/2019 09:00,0.0137214040735025,0.0735012730702562,0.1568767814321026
08/01/2019 10:00,0.0137214040735025,0.0735012730702562,0.1568767814321026
08/01/2019 11:00,0.0137214040735025,0.0735012730702562,0.1568767814321026
08/01/2019 12:00,0.0137214040735025,0.0735012730702562,0.1568767814321026
08/01/2019 13:00,0.0137214040735025,0.0735012730702562,0.1568767814321026
08/01/2019 14:00,0.0137214040735025,0.0735012730702562,0.1568767814321026
08/01/2019 15:00,0.0137214040735025,0.0735012730702562,0.1568767814321026
08/01/2019 16:00,0.0137214040735025,0.0735012730702562,0.1568767814321026
08/01/2019 17:00,0.0137214040735025,0.0735012730702562,0.1568767814321026
08/01/2019 18:00,0.0137214040735025,0.0735012730702562,0.1568767814321026
08/01/2019 19:00,0.0137214040735025,0.0735012730702562,0.1568767814321026
08/01/2019 20:00,0.0137214040735025,0.0735012730702562,0.1568767814321026
08/01/2019 21:00,0.0137214040735025,0.0735012730702562,0.1568767814321026
08/01/2019 22:00,0.0137214040735025,0.0735012730702562,0.1568767814321026
08/01/2019 23:00,0.0137214040735025,0.0735012730702562,0.1568767814321026
09/01/2019 00:00,0.0137214040735025,0.0735012730702562,0.1568767814321026
09/01/2019 01:00,0.0137214040735025,0.0735012730702562,0.1568767814321026
09/01/2019 02:00,0.0137214040735025,0.0735012730702562,0.1568767814321026
09/01/2019 03:00,0.0137214040735025,0.0735012730702562,0.1568767814321026
09/01/2019 04:00,0.0137214040735025,0.0735012730702562,0.1568767814321026
09/01/2019 05:00,0.0137214040735025,0.0735012730702562,0.1568767814321026
09/01/2019 06:00,0.0137214040735025,0.0735012730702562,0.1568767814321026
09/01/2019 07:00,0.0137214040735025,0.0735012730702562,0.1568767814321026
09/01/2019 08:00,0.0137214040735025,0.0735012730702562,0.1568767814321026
09/01/2019 09:00,0.0137214040735025,0.0735012730702562,0.1568767814321026
09/01/2019 10:00,0.0137214040735025,0.0735012730702562,0.1568767814321026
09/01/2019 11:00,0.0137214040735025,0.0735012730702562,0.1568767814321026
09/01/2019 12:00,0.0137214040735025,0.0735012730702562,0.1568767814321026
09/01/2019 13:00,0.0137214040735025,0.0735012730702562,0.1568767814321026
09/01/2019 14:00,0.0137214040735025,0.0735012730702562,0.1568767814321026
09/01/2019 15:00,0.0137214040735025,0.0735012730702562,0.1568767814321026
09/01/2019 16:00,0.0137214040735025,0.0735012730702562,0.1568767814321026
09/01/2019 17:00,0.0137214040735025,0.0735012730702562,0.1568767814321026
09/01/2019 18:00,0.0137214040735025,0.0735012730702562,0.1568767814321026
09/01/2019 19:00,0.0137214040735025,0.0735012730702562,0.1568767814321026
09/01/2019 20:00,0.0137214040735025,0.0735012730702562,0.1568767814321026
09/01/2019 21:00,0.0137214040735025,0.0735012730702562,0.1568767814321026
09/01/2019 22:00,0.0137214040735025,0.0735012730702562,0.1568767814321026
09/01/2019 23:00,0.0137214040735025,0.0735012730702562,0.1568767814321026
10/01/2019 00:00,0.0137214040735025,0.0735012730702562,0.1568767814321026
10/01/2019 01:00,0.0137214040735025,0.0735012730702562,0.1568767814321026
10/01/2019 02:00,0.0137214040735025,0.0735012730702562,0.1568767814321026
10/01/2019 03:00,0.0137214040735025,0.0735012730702562,0.1568767814321026
10/01/2019 04:00,0.0137214040735025,0.0735012730702562,0.1568767814321026
10/01/2019 05:00,0.0137214040735025,0.0735012730702562,0.1568767814321026
10/01/2019 06:00,0.0137214040735025,0.0735012730702562,0.1568767814321026
10/01/2019 07:00,0.0137214040735025,0.0735012730702562,0.1568767814321026
10/01/2019 08:00,0.0137214040735025,0.0735012730702562,0.1568767814321026
10/01/2019 09:00,0.0137214040735025,0.0735012730702562,0.1568767814321026
10/01/2019 10:00,0.0137214040735025,0.0735012730702562,0.1568767814321026
10/01/2019 11:00,0.0137214040735025,0.0735012730702562,0.1568767814321026
10/01/2019 12:00,0.0137214040735025,0.0735012730702562,0.1568767814321026
10/01/2019 13:00,0.0137214040735025,0.0735012730702562,0.1568767814321026
10/01/2019 14:00,0.0137214040735025,0.0735012730702562,0.1568767814321026
10/01/2019 15:00,0.0137214040735025,0.0735012730702562,0.1568767814321026
10/01/2019 16:00,0.0137214040735025,0.0735012730702562,0.1568767814321026
10/01/2019 17:00,0.0137214040735025,0.0735012730702562,0.1568767814321026
10/01/2019 18:00,0.0137214040735025,0.0735012730702562,0.1568767814321026
10/01/2019 19:00,0.0137214040735025,0.0735012730702562,0.1568767814321026
10/01/2019 20:00,0.0137214040735025,0.0735012730702562,0.1568767814321026
10/01/2019 21:00,0.0137214040735025,0.0735012730702562,0.1568767814321026
10/01/2019 22:00,0.0137214040735025,0.0735012730702562,0.1568767814321026
10/01/2019 23:00,0.0137214040735025,0.0735012730702562,0.1568767814321026
11/01/2019 00:00,0.0137214040735025,0.0735012730702562,0.1568767814321026
11/01/2019 01:00,0.0137214040735025,0.0735012730702562,0.1568767814321026
11/01/2019 02:00,0.0137214040735025,0.0735012730702562,0.1568767814321026
11/01/2019 03:00,0.0137214040735025,0.0735012730702562,0.1568767814321026
11/01/2019 04:00,0.0137214040735025,0.0735012730702562,0.1568767814321026
11/01/2019 05:00,0.0137214040735025,0.0735012730702562,0.1568767814321026
11/01/2019 06:00,0.0137214040735025,0.0735012730702562,0.1568767814321026
11/01/2019 07:00,0.0137214040735025,0.0735012730702562,0.1568767814321026
11/01/2019 08:00,0.0137214040735025,0.0735012730702562,0.1568767814321026
11/01/2019 09:00,0.0137214040735025,0.0735012730702562,0.1568767814321026
11/01/2019 10:00,0.0137214040735025,0.0735012730702562,0.1568767814321026
11/01/2019 11:00,0.0137214040735025,0.0735012730702562,0.1568767814321026
11/01/2019 12:00,0.0137214040735025,0.0735012730702562,0.1568767814321026
11/01/2019 13:00,0.0137214040735025,0.0735012730702562,0.1568767814321026
11/01/2019 14:00,0.0137214040735025,0.0735012730702562,0.1568767814321026
11/01/2019 15:00,0.0137214040735025,0.0735012730702562,0.1568767814321026
11/01/2019 16:00,0.0137214040735025,0.0735012730702562,0.1568767814321026
11/01/2019 17:00,0.0137214040735025,0.0735012730702562,0.1568767814321026
11/01/2019 18:00,0.0137214040735025,0.0735012730702562,0.1568767814321026
11/01/2019 19:00,0.0137214040735025,0.0735012730702562,0.1568767814321026
11/01/2019 20:00,0.0137214040735025,0.0735012730702562,0.1568767814321026
11/01/2019 21:00,0.0137214040735025,0.0735012730702562,0.1568767814321026
11/01/2019 22:00,0.0137214040735025,0.0735012730702562,0.1568767814321026
11/01/2019 23:00,0.0137214040735025,0.0735012730702562,0.1568767814321026
12/01/2019 00:00,0.0137214040735025,0.0735012730702562,0.1568767814321026
12/01/2019 01:00,0.0137214040735025,0.0735012730702562,0.1568767814321026
12/01/2019 02:00,0.0137214040735025,0.0735012730702562,0.1568767814321026
12/01/2019 03:00,0.0137214040735025,0.0735012730702562,0.1568767814321026
12/01/2019 04:00,0.0137214040735025,0.0735012730702562,0.1568767814321026
12/01/2019 05:00,0.0137214040735025,0.0735012730702562,0.1568767814321026
12/01/2019 06:00,0.0137214040735025,0.0735012730702562,0.1568767814321026
12/01/2019 07:00,0.0137214040735025,0.0735012730702562,0.1568767814321026
12/01/2019 08:00,0.0137214040735025,0.0735012730702562,0.1568767814321026
12/01/2019 09:00,0.0137214040735025,0.0735012730702562,0.1568767814321026
12/01/2019 10:00,0.0137214040735025,0.0735012730702562,0.1568767814321026
12/01/2019 11:00,0.0137214040735025,0.0735012730702562,0.1568767814321026
12/01/2019 12:00,0.0137214040735025,0.0735012730702562,0.1568767814321026
12/01/2019 13:00,0.0137214040735025,0.0735012730702562,0.1568767814321026
12/01/2019 14:00,0.0137214040735025,0.0735012730702562,0.1568767814321026
12/01/2019 15:00,0.0137214040735025,0.0735012730702562,0.1568767814321026
12/01/2019 16:00,0.0137214040735025,0.0735012730702562,0.1568767814321026
12/01/2019 17:00,0.0137214040735025,0.0735012730702562,0.1568767814321026
12/01/2019 18:00,0.0137214040735025,0.0735012730702562,0.1568767814321026
12/01/2019 19:00,0.0137214040735025,0.0735012730702562,0.1568767814321026
12/01/2019 20:00,0.0137214040735025,0.0735012730702562,0.1568767814321026
12/01/2019 21:00,0.0137214040735025,0.0735012730702562,0.1568767814321026
12/01/2019 22:00,0.0137214040735025,0.0735012730702562,0.1568767814321026
12/01/2019 23:00,0.0137214040735025,0.0735012730702562,0.1568767814321026
13/01/2019 00:00,0.0137214040735025,0.0735012730702562,0.1568767814321026
13/01/2019 01:00,0.0137214040735025,0.0735012730702562,0.1568767814321026
13/01/2019 02:00,0.0137214040735025,0.0735012730702562,0.1568767814321026
13/01/2019 03:00,0.0137214040735025,0.0735012730702562,0.1568767814321026
13/01/2019 04:00,0.0137214040735025,0.0735012730702562,0.1568767814321026
13/01/2019 05:00,0.0137214040735025,0.0735012730702562,0.1568767814321026
13/01/2019 06:00,0.0137214040735025,0.0735012730702562,0.1568767814321026
13/01/2019 07:00,0.0137214040735025,0.0735012730702562,0.1568767814321026
13/01/2019 08:00,0.0137214040735025,0.0735012730702562,0.1568767814321026
13/01/2019 09:00,0.0137214040735025,0.0735012730702562,0.1568767814321026
13/01/2019 10:00,0.0137214040735025,0.0735012730702562,0.1568767814321026
13/01/2019 11:00,0.0137214040735025,0.0735012730702562,0.1568767814321026
13/01/2019 12:00,0.0137214040735025,0.0735012730702562,0.1568767814321026
13/01/2019 13:00,0.0137214040735025,0.0735012730702562,0.1568767814321026
13/01/2019 14:00,0.0137214040735025,0.0735012730702562,0.1568767814321026
13/01/2019 15:00,0.0137214040735025,0.0735012730702562,0.1568767814321026
13/01/2019 16:00,0.0137214040735025,0.0735012730702562,0.1568767814321026
13/01/2019 17:00,0.0137214040735025,0.0735012730702562,0.1568767814321026
13/01/2019 18:00,0.0137214040735025,0.0735012730702562,0.1568767814321026
13/01/2019 19:00,0.0137214040735025,0.0735012730702562,0.1568767814321026
13/01/2019 20:00,0.0137214040735025,0.0735012730702562,0.1568767814321026
13/01/2019 21:00,0.0137214040735025,0.0735012730702562,0.1568767814321026
13/01/2019 22:00,0.0137214040735025,0.0735012730702562,0.1568767814321026
13/01/2019 23:00,0.0137214040735025,0.0735012730702562,0.1568767814321026
14/01/2019 00:00,0.0137214040735025,0.0735012730702562,0.1568767814321026
14/01/2019 01:00,0.0137214040735025,0.0735012730702562,0.1568767814321026
14/01/2019 02:00,0.0137214040735025,0.0735012730702562,0.1568767814321026
14/01/2019 03:00,0.0137214040735025,0.0735012730702562,0.1568767814321026
14/01/2019 04:00,0.0137214040735025,0.0735012730702562,0.1568767814321026
14/01/2019 05:00,0.0137214040735025,0.0735012730702562,0.1568767814321026
14/01/2019 06:00,0.0137214040735025,0.0735012730702562,0.1568767814321026
14/01/2019 07:00,0.0137214040735025,0.0735012730702562,0.1568767814321026
14/01/2019 08:00,0.0137214040735025,0.0735012730702562,0.1568767814321026
14/01/2019 09:00,0.0137214040735025,0.0735012730702562,0.1568767814321026
14/01/2019 10:00,0.0137214040735025,0.0735012730702562,0.1568767814321026
14/01/2019 11:00,0.0137214040735025,0.0735012730702562,0.1568767814321026
14/01/2019 12:00,0.0137214040735025,0.0735012730702562,0.1568767814321026
14/01/2019 13:00,0.0137214040735025,0.0735012730702562,0.1568767814321026
14/01/2019 14:00,0.0137214040735025,0.0735012730702562,0.1568767814321026
14/01/2019 15:00,0.0137214040735025,0.0735012730702562,0.1568767814321026
14/01/2019 16:00,0.0137214040735025,0.0735012730702562,0.1568767814321026
14/01/2019 17:00,0.0137214040735025,0.0735012730702562,0.1568767814321026
14/01/2019 18:00,0.0137214040735025,0.0735012730702562,0.1568767814321026
14/01/2019 19:00,0.0137214040735025,0.0735012730702562,0.1568767814321026
14/01/2019 20:00,0.0137214040735025,0.0735012730702562,0.1568767814321026
14/01/2019 21:00,0.0137214040735025,0.0735012730702562,0.1568767814321026
14/01/2019 22:00,0.0137214040735025,0.0735012730702562,0.1568767814321026
14/01/2019 23:00,0.0137214040735025,0.0735012730702562,0.1568767814321026
15/01/2019 00:00,0.0137214040735025,0.0735012730702562,0.1568767814321026
15/01/2019 01:00,0.0137214040735025,0.0735012730702562,0.1568767814321026
15/01/2019 02:00,0.0137214040735025,0.0735012730702562,0.1568767814321026
15/01/2019 03:00,0.0137214040735025,0.0735012730702562,0.1568767814321026
15/01/2019 04:00,0.0137214040735025,0.0735012730702562,0.1568767814321026
15/01/2019 05:00,0.0137214040735025,0.0735012730702562,0.1568767814321026
15/01/2019 06:00,0.0137214040735025,0.0735012730702562,0.1568767814321026
15/01/2019 07:00,0.0137214040735025,0.0735012730702562,0.1568767814321026
15/01/2019 08:00,0.0137214040735025,0.0735012730702562,0.1568767814321026
15/01/2019 09:00,0.0137214040735025,0.0735012730702562,0.1568767814321026
15/01/2019 10:00,0.0137214040735025,0.0735012730702562,0.1568767814321026
15/01/2019 11:00,0.0137214040735025,0.0735012730702562,0.1568767814321026
15/01/2019 12:00,0.0137214040735025,0.0735012730702562,0.1568767814321026
15/01/2019 13:00,0.0137214040735025,0.0735012730702562,0.1568767814321026
15/01/2019 14:00,0.0137214040735025,0.0735012730702562,0.1568767814321026
15/01/2019 15:00,0.0137214040735025,0.0735012730702562,0.1568767814321026
15/01/2019 16:00,0.0137214040735025,0.0735012730702562,0.1568767814321026
15/01/2019 17:00,0.0137214040735025,0.0735012730702562,0.1568767814321026
15/01/2019 18:00,0.0137214040735025,0.0735012730702562,0.1568767814321026
15/01/2019 19:00,0.0137214040735025,0.0735012730702562,0.1568767814321026
15/01/2019 20:00,0.0137214040735025,0.0735012730702562,0.1568767814321026
15/01/2019 21:00,0.0137214040735025,0.0735012730702562,0.1568767814321026
15/01/2019 22:00,0.0137214040735025,0.0735012730702562,0.1568767814321026
15/01/2019 23:00,0.0137214040735025,0.0735012730702562,0.1568767814321026
16/01/2019 00:00,0.0137214040735025,0.0735012730702562,0.1568767814321026
16/01/2019 01:00,0.0137214040735025,0.0735012730702562,0.1568767814321026
16/01/2019 02:00,0.0137214040735025,0.0735012730702562,0.1568767814321026
16/01/2019 03:00,0.0137214040735025,0.0735012730702562,0.1568767814321026
16/01/2019 04:00,0.0137214040735025,0.0735012730702562,0.1568767814321026
16/01/2019 05:00,0.0137214040735025,0.0735012730702562,0.1568767814321026
16/01/2019 06:00,0.0137214040735025,0.0735012730702562,0.1568767814321026
16/01/2019 07:00,0.0137214040735025,0.0735012730702562,0.1568767814321026
16/01/2019 08:00,0.0137214040735025,0.0735012730702562,0.1568767814321026
16/01/2019 09:00,0.0137214040735025,0.0735012730702562,0.1568767814321026
16/01/2019 10:00,0.0137214040735025,0.0735012730702562,0.1568767814321026
16/01/2019 11:00,0.0137214040735025,0.0735012730702562,0.1568767814321026
16/01/2019 12:00,0.0137214040735025,0.0735012730702562,0.1568767814321026
16/01/2019 13:00,0.0137214040735025,0.0735012730702562,0.1568767814321026
16/01/2019 14:00,0.0137214040735025,0.0735012730702562,0.1568767814321026
16/01/2019 15:00,0.0137214040735025,0.0735012730702562,0.1568767814321026
16/01/2019 16:00,0.0137214040735025,0.0735012730702562,0.1568767814321026
16/01/2019 17:00,0.0137214040735025,0.0735012730702562,0.1568767814321026
16/01/2019 18:00,0.0137214040735025,0.0735012730702562,0.1568767814321026
16/01/2019 19:00,0.0137214040735025,0.0735012730702562,0.1568767814321026
16/01/2019 20:00,0.0137214040735025,0.0735012730702562,0.1568767814321026
16/01/2019 21:00,0.0137214040735025,0.0735012730702562,0.1568767814321026
16/01/2019 22:00,0.0137214040735025,0.0735012730702562,0.1568767814321026
16/01/2019 23:00,0.0137214040735025,0.0735012730702562,0.1568767814321026
17/01/2019 00:00,0.0137214040735025,0.0735012730702562,0.1568767814321026
17/01/2019 01:00,0.0137214040735025,0.0735012730702562,0.1568767814321026
17/01/2019 02:00,0.0137214040735025,0.0735012730702562,0.1568767814321026
17/01/2019 03:00,0.0137214040735025,0.0735012730702562,0.1568767814321026
17/01/2019 04:00,0.0137214040735025,0.0735012730702562,0.1568767814321026
17/01/2019 05:00,0.0137214040735025,0.0735012730702562,0.1568767814321026
17/01/2019 06:00,0.0137214040735025,0.0735012730702562,0.1568767814321026
17/01/2019 07:00,0.0137214040735025,0.0735012730702562,0.1568767814321026
17/01/2019 08:00,0.0137214040735025,0.0735012730702562,0.1568767814321026
17/01/2019 09:00,0.0137214040735025,0.0735012730702562,0.1568767814321026
17/01/2019 10:00,0.0137214040735025,0.0735012730702562,0.1568767814321026
17/01/2019 11:00,0.0137214040735025,0.0735012730702562,0.1568767814321026
17/01/2019 12:00,0.0137214040735025,0.0735012730702562,0.1568767814321026
17/01/2019 13:00,0.0137214040735025,0.0735012730702562,0.1568767814321026
17/01/2019 14:00,0.0137214040735025,0.0735012730702562,0.1568767814321026
17/01/2019 15:00,0.0137214040735025,0.0735012730702562,0.1568767814321026
17/01/2019 16:00,0.0137214040735025,0.0735012730702562,0.1568767814321026
17/01/2019 17:00,0.0137214040735025,0.0735012730702562,0.1568767814321026
17/01/2019 18:00,0.0137214040735025,0.0735012730702562,0.1568767814321026
17/01/2019 19:00,0.0137214040735025,0.0735012730702562,0.1568767814321026
17/01/2019 20:00,0.0137214040735025,0.0735012730702562,0.1568767814321026
17/01/2019 21:00,0.0137214040735025,0.0735012730702562,0.1568767814321026
17/01/2019 22:00,0.0137214040735025,0.0735012730702562,0.1568767814321026
17/01/2019 23:00,0.0137214040735025,0.0735012730702562,0.1568767814321026
18/01/2019 00:00,0.0137214040735025,0.0735012730702562,0.1568767814321026
18/01/2019 01:00,0.0137214040735025,0.0735012730702562,0.1568767814321026
18/01/2019 02:00,0.0137214040735025,0.0735012730702562,0.1568767814321026
18/01/2019 03:00,0.0137214040735025,0.0735012730702562,0.1568767814321026
18/01/2019 04:00,0.0137214040735025,0.0735012730702562,0.1568767814321026
18/01/2019 05:00,0.0137214040735025,0.0735012730702562,0.1568767814321026
18/01/2019 06:00,0.0137214040735025,0.0735012730702562,0.1568767814321026
18/01/2019 07:00,0.0137214040735025,0.0735012730702562,0.1568767814321026
18/01/2019 08:00,0.0137214040735025,0.0735012730702562,0.1568767814321026
18/01/2019 09:00,0.0137214040735025,0.0735012730702562,0.1568767814321026
18/01/2019 10:00,0.0137214040735025,0.0735012730702562,0.1568767814321026
18/01/2019 11:00,0.0137214040735025,0.0735012730702562,0.1568767814321026
18/01/2019 12:00,0.0137214040735025,0.0735012730702562,0.1568767814321026
18/01/2019 13:00,0.0137214040735025,0.0735012730702562,0.1568767814321026
18/01/2019 14:00,0.0137214040735025,0.0735012730702562,0.1568767814321026
18/01/2019 15:00,0.0137214040735025,0.0735012730702562,0.1568767814321026
18/01/2019 16:00,0.0137214040735025,0.0735012730702562,0.1568767814321026
18/01/2019 17:00,0.0137214040735025,0.0735012730702562,0.1568767814321026
18/01/2019 18:00,0.0137214040735025,0.0735012730702562,0.1568767814321026
18/01/2019 19:00,0.0137214040735025,0.0735012730702562,0.1568767814321026
18/01/2019 20:00,0.0137214040735025,0.0735012730702562,0.1568767814321026
18/01/2019 21:00,0.0137214040735025,0.0735012730702562,0.1568767814321026
18/01/2019 22:00,0.0137214040735025,0.0735012730702562,0.1568767814321026
18/01/2019 23:00,0.0137214040735025,0.0735012730702562,0.1568767814321026
19/01/2019 00:00,0.0137214040735025,0.0735012730702562,0.1568767814321026
19/01/2019 01:00,0.0137214040735025,0.0735012730702562,0.1568767814321026
19/01/2019 02:00,0.0137214040735025,0.0735012730702562,0.1568767814321026
19/01/2019 03:00,0.0137214040735025,0.0735012730702562,0.1568767814321026
19/01/2019 04:00,0.0137214040735025,0.0735012730702562,0.1568767814321026
19/01/2019 05:00,0.0137214040735025,0.0735012730702562,0.1568767814321026
19/01/2019 06:00,0.0137214040735025,0.0735012730702562,0.1568767814321026
19/01/2019 07:00,0.0137214040735025,0.0735012730702562,0.1568767814321026
19/01/2019 08:00,0.0137214040735025,0.0735012730702562,0.1568767814321026
19/01/2019 09:00,0.0137214040735025,0.0735012730702562,0.1568767814321026
19/01/2019 10:00,0.0137214040735025,0.0735012730702562,0.1568767814321026
19/01/2019 11:00,0.0137214040735025,0.0735012730702562,0.1568767814321026
19/01/2019 12:00,0.0137214040735025,0.0735012730702562,0.1568767814321026
19/01/2019 13:00,0.0137214040735025,0.0735012730702562,0.1568767814321026
19/01/2019 14:00,0.0137214040735025,0.0735012730702562,0.1568767814321026
19/01/2019 15:00,0.0137214040735025,0.0735012730702562,0.1568767814321026
19/01/2019 16:00,0.0137214040735025,0.0735012730702562,0.1568767814321026
19/01/2019 17:00,0.0137214040735025,0.0735012730702562,0.1568767814321026
19/01/2019 18:00,0.0137214040735025,0.0735012730702562,0.1568767814321026
19/01/2019 19:00,0.0137214040735025,0.0735012730702562,0.1568767814321026
19/01/2019 20:00,0.0137214040735025,0.0735012730702562,0.1568767814321026
19/01/2019 21:00,0.0137214040735025,0.0735012730702562,0.1568767814321026
19/01/2019 22:00,0.0137214040735025,0.0735012730702562,0.1568767814321026
19/01/2019 23:00,0.0137214040735025,0.0735012730702562,0.1568767814321026
20/01/2019 00:00,0.0137214040735025,0.0735012730702562,0.1568767814321026
20/01/2019 01:00,0.0137214040735025,0.0735012730702562,0.1568767814321026
20/01/2019 02:00,0.0137214040735025,0.0735012730702562,0.1568767814321026
20/01/2019 03:00,0.0137214040735025,0.0735012730702562,0.1568767814321026
20/01/2019 04:00,0.0137214040735025,0.0735012730702562,0.1568767814321026
20/01/2019 05:00,0.0137214040735025,0.0735012730702562,0.1568767814321026
20/01/2019 06:00,0.0137214040735025,0.0735012730702562,0.1568767814321026
20/01/2019 07:00,0.0137214040735025,0.0735012730702562,0.1568767814321026
20/01/2019 08:00,0.0137214040735025,0.0735012730702562,0.1568767814321026
20/01/2019 09:00,0.0137214040735025,0.0735012730702562,0.1568767814321026
20/01/2019 10:00,0.0137214040735025,0.0735012730702562,0.1568767814321026
20/01/2019 11:00,0.0137214040735025,0.0735012730702562,0.1568767814321026
20/01/2019 12:00,0.0137214040735025,0.0735012730702562,0.1568767814321026
20/01/2019 13:00,0.0137214040735025,0.0735012730702562,0.1568767814321026
20/01/2019 14:00,0.0137214040735025,0.0735012730702562,0.1568767814321026
20/01/2019 15:00,0.0137214040735025,0.0735012730702562,0.1568767814321026
20/01/2019 16:00,0.0137214040735025,0.0735012730702562,0.1568767814321026
20/01/2019 17:00,0.0137214040735025,0.0735012730702562,0.1568767814321026
20/01/2019 18:00,0.0137214040735025,0.0735012730702562,0.1568767814321026
20/01/2019 19:00,0.0137214040735025,0.0735012730702562,0.1568767814321026
20/01/2019 20:00,0.0137214040735025,0.0735012730702562,0.1568767814321026
20/01/2019 21:00,0.0137214040735025,0.0735012730702562,0.1568767814321026
20/01/2019 22:00,0.0137214040735025,0.0735012730702562,0.1568767814321026
20/01/2019 23:00,0.0137214040735025,0.0735012730702562,0.1568767814321026
21/01/2019 00:00,0.0137214040735025,0.0735012730702562,0.1568767814321026
21/01/2019 01:00,0.0137214040735025,0.0735012730702562,0.1568767814321026
21/01/2019 02:00,0.0137214040735025,0.0735012730702562,0.1568767814321026
21/01/2019 03:00,0.0137214040735025,0.0735012730702562,0.1568767814321026
21/01/2019 04:00,0.0137214040735025,0.0735012730702562,0.1568767814321026
21/01/2019 05:00,0.0137214040735025,0.0735012730702562,0.1568767814321026
21/01/2019 06:00,0.0137214040735025,0.0735012730702562,0.1568767814321026
21/01/2019 07:00,0.0137214040735025,0.0735012730702562,0.1568767814321026
21/01/2019 08:00,0.0137214040735025,0.0735012730702562,0.1568767814321026
21/01/2019 09:00,0.0137214040735025,0.0735012730702562,0.1568767814321026
21/01/2019 10:00,0.0137214040735025,0.0735012730702562,0.1568767814321026
21/01/2019 11:00,0.0137214040735025,0.0735012730702562,0.1568767814321026
21/01/2019 12:00,0.0137214040735025,0.0735012730702562,0.1568767814321026
21/01/2019 13:00,0.0137214040735025,0.0735012730702562,0.1568767814321026
21/01/2019 14:00,0.0137214040735025,0.0735012730702562,0.1568767814321026
21/01/2019 15:00,0.0137214040735025,0.0735012730702562,0.1568767814321026
21/01/2019 16:00,0.0137214040735025,0.0735012730702562,0.1568767814321026
21/01/2019 17:00,0.0137214040735025,0.0735012730702562,0.1568767814321026
21/01/2019 18:00,0.0137214040735025,0.0735012730702562,0.1568767814321026
21/01/2019 19:00,0.0137214040735025,0.0735012730702562,0.1568767814321026
21/01/2019 20:00,0.0137214040735025,0.0735012730702562,0.1568767814321026
21/01/2019 21:00,0.0137214040735025,0.0735012730702562,0.1568767814321026
21/01/2019 22:00,0.0137214040735025,0.0735012730702562,0.1568767814321026
21/01/2019 23:00,0.0137214040735025,0.0735012730702562,0.1568767814321026
22/01/2019 00:00,0.0137214040735025,0.0735012730702562,0.1568767814321026
22/01/2019 01:00,0.0137214040735025,0.0735012730702562,0.1568767814321026
22/01/2019 02:00,0.0137214040735025,0.0735012730702562,0.1568767814321026
22/01/2019 03:00,0.0137214040735025,0.0735012730702562,0.1568767814321026
22/01/2019 04:00,0.0137214040735025,0.0735012730702562,0.1568767814321026
22/01/2019 05:00,0.0137214040735025,0.0735012730702562,0.1568767814321026
22/01/2019 06:00,0.0137214040735025,0.0735012730702562,0.1568767814321026
22/01/2019 07:00,0.0137214040735025,0.0735012730702562,0.1568767814321026
22/01/2019 08:00,0.0137214040735025,0.0735012730702562,0.1568767814321026
22/01/2019 09:00,0.0137214040735025,0.0735012730702562,0.1568767814321026
22/01/2019 10:00,0.0137214040735025,0.0735012730702562,0.1568767814321026
22/01/2019 11:00,0.0137214040735025,0.0735012730702562,0.1568767814321026
22/01/2019 12:00,0.0137214040735025,0.0735012730702562,0.1568767814321026
22/01/2019 13:00,0.0137214040735025,0.0735012730702562,0.1568767814321026
22/01/2019 14:00,0.0137214040735025,0.0735012730702562,0.1568767814321026
22/01/2019 15:00,0.0137214040735025,0.0735012730702562,0.1568767814321026
22/01/2019 16:00,0.0137214040735025,0.0735012730702562,0.1568767814321026
22/01/2019 17:00,0.0137214040735025,0.0735012730702562,0.1568767814321026
22/01/2019 18:00,0.0137214040735025,0.0735012730702562,0.1568767814321026
22/01/2019 19:00,0.0137214040735025,0.0735012730702562,0.1568767814321026
22/01/2019 20:00,0.0137214040735025,0.0735012730702562,0.1568767814321026
22/01/2019 21:00,0.0137214040735025,0.0735012730702562,0.1568767814321026
22/01/2019 22:00,0.0137214040735025,0.0735012730702562,0.1568767814321026
22/01/2019 23:00,0.0137214040735025,0.0735012730702562,0.1568767814321026
23/01/2019 00:00,0.0137214040735025,0.0735012730702562,0.1568767814321026
23/01/2019 01:00,0.0137214040735025,0.0735012730702562,0.1568767814321026
23/01/2019 02:00,0.0137214040735025,0.0735012730702562,0.1568767814321026
23/01/2019 03:00,0.0137214040735025,0.0735012730702562,0.1568767814321026
23/01/2019 04:00,0.0137214040735025,0.0735012730702562,0.1568767814321026
23/01/2019 05:00,0.0137214040735025,0.0735012730702562,0.1568767814321026
23/01/2019 06:00,0.0137214040735025,0.0735012730702562,0.1568767814321026
23/01/2019 07:00,0.0137214040735025,0.0735012730702562,0.1568767814321026
23/01/2019 08:00,0.0137214040735025,0.0735012730702562,0.1568767814321026
23/01/2019 09:00,0.0137214040735025,0.0735012730702562,0.1568767814321026
23/01/2019 10:00,0.0137214040735025,0.0735012730702562,0.1568767814321026
23/01/2019 11:00,0.0137214040735025,0.0735012730702562,0.1568767814321026
23/01/2019 12:00,0.0137214040735025,0.0735012730702562,0.1568767814321026
23/01/2019 13:00,0.0137214040735025,0.0735012730702562,0.1568767814321026
23/01/2019 14:00,0.0137214040735025,0.0735012730702562,0.1568767814321026
23/01/2019 15:00,0.0137214040735025,0.0735012730702562,0.1568767814321026
23/01/2019 16:00,0.0137214040735025,0.0735012730702562,0.1568767814321026
23/01/2019 17:00,0.0137214040735025,0.0735012730702562,0.1568767814321026
23/01/2019 18:00,0.0137214040735025,0.0735012730702562,0.1568767814321026
23/01/2019 19:00,0.0137214040735025,0.0735012730702562,0.1568767814321026
23/01/2019 20:00,0.0137214040735025,0.0735012730702562,0.1568767814321026
23/01/2019 21:00,0.0137214040735025,0.0735012730702562,0.1568767814321026
23/01/2019 22:00,0.0137214040735025,0.0735012730702562,0.1568767814321026
23/01/2019 23:00,0.0137214040735025,0.0735012730702562,0.1568767814321026
24/01/2019 00:00,0.0137214040735025,0.0735012730702562,0.1568767814321026
24/01/2019 01:00,0.0137214040735025,0.0735012730702562,0.1568767814321026
24/01/2019 02:00,0.0137214040735025,0.0735012730702562,0.1568767814321026
24/01/2019 03:00,0.0137214040735025,0.0735012730702562,0.1568767814321026
24/01/2019 04:00,0.0137214040735025,0.0735012730702562,0.1568767814321026
24/01/2019 05:00,0.0137214040735025,0.0735012730702562,0.1568767814321026
24/01/2019 06:00,0.0137214040735025,0.0735012730702562,0.1568767814321026
24/01/2019 07:00,0.0137214040735025,0.0735012730702562,0.1568767814321026
24/01/2019 08:00,0.0137214040735025,0.0735012730702562,0.1568767814321026
24/01/2019 09:00,0.0137214040735025,0.0735012730702562,0.1568767814321026
24/01/2019 10:00,0.0137214040735025,0.0735012730702562,0.1568767814321026
24/01/2019 11:00,0.0137214040735025,0.0735012730702562,0.1568767814321026
24/01/2019 12:00,0.0137214040735025,0.0735012730702562,0.1568767814321026
24/01/2019 13:00,0.0137214040735025,0.0735012730702562,0.1568767814321026
24/01/2019 14:00,0.0137214040735025,0.0735012730702562,0.1568767814321026
24/01/2019 15:00,0.0137214040735025,0.0735012730702562,0.1568767814321026
24/01/2019 16:00,0.0137214040735025,0.0735012730702562,0.1568767814321026
24/01/2019 17:00,0.0137214040735025,0.0735012730702562,0.1568767814321026
24/01/2019 18:00,0.0137214040735025,0.0735012730702562,0.1568767814321026
24/01/2019 19:00,0.0137214040735025,0.0735012730702562,0.1568767814321026
24/01/2019 20:00,0.0137214040735025,0.0735012730702562,0.1568767814321026
24/01/2019 21:00,0.0137214040735025,0.0735012730702562,0.1568767814321026
24/01/2019 22:00,0.0137214040735025,0.0735012730702562,0.1568767814321026
24/01/2019 23:00,0.0137214040735025,0.0735012730702562,0.1568767814321026
25/01/2019 00:00,0.0137214040735025,0.0735012730702562,0.1568767814321026
25/01/2019 01:00,0.0137214040735025,0.0735012730702562,0.1568767814321026
25/01/2019 02:00,0.0137214040735025,0.0735012730702562,0.1568767814321026
25/01/2019 03:00,0.0137214040735025,0.0735012730702562,0.1568767814321026
25/01/2019 04:00,0.0137214040735025,0.0735012730702562,0.1568767814321026
25/01/2019 05:00,0.0137214040735025,0.0735012730702562,0.1568767814321026
25/01/2019 06:00,0.0137214040735025,0.0735012730702562,0.1568767814321026
25/01/2019 07:00,0.0137214040735025,0.0735012730702562,0.1568767814321026
25/01/2019 08:00,0.0137214040735025,0.0735012730702562,0.1568767814321026
25/01/2019 09:00,0.0137214040735025,0.0735012730702562,0.1568767814321026
25/01/2019 10:00,0.0137214040735025,0.0735012730702562,0.1568767814321026
25/01/2019 11:00,0.0137214040735025,0.0735012730702562,0.1568767814321026
25/01/2019 12:00,0.0137214040735025,0.0735012730702562,0.1568767814321026
25/01/2019 13:00,0.0137214040735025,0.0735012730702562,0.1568767814321026
25/01/2019 14:00,0.0137214040735025,0.0735012730702562,0.1568767814321026
25/01/2019 15:00,0.0137214040735025,0.0735012730702562,0.1568767814321026
25/01/2019 16:00,0.0137214040735025,0.0735012730702562,0.1568767814321026
25/01/2019 17:00,0.0137214040735025,0.0735012730702562,0.1568767814321026
25/01/2019 18:00,0.0137214040735025,0.0735012730702562,0.1568767814321026
25/01/2019 19:00,0.0137214040735025,0.0735012730702562,0.1568767814321026
25/01/2019 20:00,0.0137214040735025,0.0735012730702562,0.1568767814321026
25/01/2019 21:00,0.0137214040735025,0.0735012730702562,0.1568767814321026
25/01/2019 22:00,0.0137214040735025,0.0735012730702562,0.1568767814321026
25/01/2019 23:00,0.0137214040735025,0.0735012730702562,0.1568767814321026
26/01/2019 00:00,0.0137214040735025,0.0735012730702562,0.1568767814321026
26/01/2019 01:00,0.0137214040735025,0.0735012730702562,0.1568767814321026
26/01/2019 02:00,0.0137214040735025,0.0735012730702562,0.1568767814321026
26/01/2019 03:00,0.0137214040735025,0.0735012730702562,0.1568767814321026
26/01/2019 04:00,0.0137214040735025,0.0735012730702562,0.1568767814321026
26/01/2019 05:00,0.0137214040735025,0.0735012730702562,0.1568767814321026
26/01/2019 06:00,0.0137214040735025,0.0735012730702562,0.1568767814321026
26/01/2019 07:00,0.0137214040735025,0.0735012730702562,0.1568767814321026
26/01/2019 08:00,0.0137214040735025,0.0735012730702562,0.1568767814321026
26/01/2019 09:00,0.0137214040735025,0.0735012730702562,0.1568767814321026
26/01/2019 10:00,0.0137214040735025,0.0735012730702562,0.1568767814321026
26/01/2019 11:00,0.0137214040735025,0.0735012730702562,0.1568767814321026
26/01/2019 12:00,0.0137214040735025,0.0735012730702562,0.1568767814321026
26/01/2019 13:00,0.0137214040735025,0.0735012730702562,0.1568767814321026
26/01/2019 14:00,0.0137214040735025,0.0735012730702562,0.1568767814321026
26/01/2019 15:00,0.0137214040735025,0.0735012730702562,0.1568767814321026
26/01/2019 16:00,0.0137214040735025,0.0735012730702562,0.1568767814321026
26/01/2019 17:00,0.0137214040735025,0.0735012730702562,0.1568767814321026
26/01/2019 18:00,0.0137214040735025,0.0735012730702562,0.1568767814321026
26/01/2019 19:00,0.0137214040735025,0.0735012730702562,0.1568767814321026
26/01/2019 20:00,0.0137214040735025,0.0735012730702562,0.1568767814321026
26/01/2019 21:00,0.0137214040735025,0.0735012730702562,0.1568767814321026
26/01/2019 22:00,0.0137214040735025,0.0735012730702562,0.1568767814321026
26/01/2019 23:00,0.0137214040735025,0.0735012730702562,0.1568767814321026
27/01/2019 00:00,0.0137214040735025,0.0735012730702562,0.1568767814321026
27/01/2019 01:00,0.0137214040735025,0.0735012730702562,0.1568767814321026
27/01/2019 02:00,0.0137214040735025,0.0735012730702562,0.1568767814321026
27/01/2019 03:00,0.0137214040735025,0.0735012730702562,0.1568767814321026
27/01/2019 04:00,0.0137214040735025,0.0735012730702562,0.1568767814321026
27/01/2019 05:00,0.0137214040735025,0.0735012730702562,0.1568767814321026
27/01/2019 06:00,0.0137214040735025,0.0735012730702562,0.1568767814321026
27/01/2019 07:00,0.0137214040735025,0.0735012730702562,0.1568767814321026
27/01/2019 08:00,0.0137214040735025,0.0735012730702562,0.1568767814321026
27/01/2019 09:00,0.0137214040735025,0.0735012730702562,0.1568767814321026
27/01/2019 10:00,0.0137214040735025,0.0735012730702562,0.1568767814321026
27/01/2019 11:00,0.0137214040735025,0.0735012730702562,0.1568767814321026
27/01/2019 12:00,0.0137214040735025,0.0735012730702562,0.1568767814321026
27/01/2019 13:00,0.0137214040735025,0.0735012730702562,0.1568767814321026
27/01/2019 14:00,0.0137214040735025,0.0735012730702562,0.1568767814321026
27/01/2019 15:00,0.0137214040735025,0.0735012730702562,0.1568767814321026
27/01/2019 16:00,0.0137214040735025,0.0735012730702562,0.1568767814321026
27/01/2019 17:00,0.0137214040735025,0.0735012730702562,0.1568767814321026
27/01/2019 18:00,0.0137214040735025,0.0735012730702562,0.1568767814321026
27/01/2019 19:00,0.0137214040735025,0.0735012730702562,0.1568767814321026
27/01/2019 20:00,0.0137214040735025,0.0735012730702562,0.1568767814321026
27/01/2019 21:00,0.0137214040735025,0.0735012730702562,0.1568767814321026
27/01/2019 22:00,0.0137214040735025,0.0735012730702562,0.1568767814321026
27/01/2019 23:00,0.0137214040735025,0.0735012730702562,0.1568767814321026
28/01/2019 00:00,0.0137214040735025,0.0735012730702562,0.1568767814321026
28/01/2019 01:00,0.0137214040735025,0.0735012730702562,0.1568767814321026
28/01/2019 02:00,0.0137214040735025,0.0735012730702562,0.1568767814321026
28/01/2019 03:00,0.0137214040735025,0.0735012730702562,0.1568767814321026
28/01/2019 04:00,0.0137214040735025,0.0735012730702562,0.1568767814321026
28/01/2019 05:00,0.0137214040735025,0.0735012730702562,0.1568767814321026
28/01/2019 06:00,0.0137214040735025,0.0735012730702562,0.1568767814321026
28/01/2019 07:00,0.0137214040735025,0.0735012730702562,0.1568767814321026
28/01/2019 08:00,0.0137214040735025,0.0735012730702562,0.1568767814321026
28/01/2019 09:00,0.0137214040735025,0.0735012730702562,0.1568767814321026
28/01/2019 10:00,0.0137214040735025,0.0735012730702562,0.1568767814321026
28/01/2019 11:00,0.0137214040735025,0.0735012730702562,0.1568767814321026
28/01/2019 12:00,0.0137214040735025,0.0735012730702562,0.1568767814321026
28/01/2019 13:00,0.0137214040735025,0.0735012730702562,0.1568767814321026
28/01/2019 14:00,0.0137214040735025,0.0735012730702562,0.1568767814321026
28/01/2019 15:00,0.0137214040735025,0.0735012730702562,0.1568767814321026
28/01/2019 16:00,0.0137214040735025,0.0735012730702562,0.1568767814321026
28/01/2019 17:00,0.0137214040735025,0.0735012730702562,0.1568767814321026
28/01/2019 18:00,0.0137214040735025,0.0735012730702562,0.1568767814321026
28/01/2019 19:00,0.0137214040735025,0.0735012730702562,0.1568767814321026
28/01/2019 20:00,0.0137214040735025,0.0735012730702562,0.1568767814321026
28/01/2019 21:00,0.0137214040735025,0.0735012730702562,0.1568767814321026
28/01/2019 22:00,0.0137214040735025,0.0735012730702562,0.1568767814321026
28/01/2019 23:00,0.0137214040735025,0.0735012730702562,0.1568767814321026
29/01/2019 00:00,0.0137214040735025,0.0735012730702562,0.1568767814321026
29/01/2019 01:00,0.0137214040735025,0.0735012730702562,0.1568767814321026
29/01/2019 02:00,0.0137214040735025,0.0735012730702562,0.1568767814321026
29/01/2019 03:00,0.0137214040735025,0.0735012730702562,0.1568767814321026
29/01/2019 04:00,0.0137214040735025,0.0735012730702562,0.1568767814321026
29/01/2019 05:00,0.0137214040735025,0.0735012730702562,0.1568767814321026
29/01/2019 06:00,0.0137214040735025,0.0735012730702562,0.1568767814321026
29/01/2019 07:00,0.0137214040735025,0.0735012730702562,0.1568767814321026
29/01/2019 08:00,0.0137214040735025,0.0735012730702562,0.1568767814321026
29/01/2019 09:00,0.0137214040735025,0.0735012730702562,0.1568767814321026
29/01/2019 10:00,0.0137214040735025,0.0735012730702562,0.1568767814321026
29/01/2019 11:00,0.0137214040735025,0.0735012730702562,0.1568767814321026
29/01/2019 12:00,0.0137214040735025,0.0735012730702562,0.1568767814321026
29/01/2019 13:00,0.0137214040735025,0.0735012730702562,0.1568767814321026
29/01/2019 14:00,0.0137214040735025,0.0735012730702562,0.1568767814321026
29/01/2019 15:00,0.0137214040735025,0.0735012730702562,0.1568767814321026
29/01/2019 16:00,0.0137214040735025,0.0735012730702562,0.1568767814321026
29/01/2019 17:00,0.0137214040735025,0.0735012730702562,0.1568767814321026
29/01/2019 18:00,0.0137214040735025,0.0735012730702562,0.1568767814321026
29/01/2019 19:00,0.0137214040735025,0.0735012730702562,0.1568767814321026
29/01/2019 20:00,0.0137214040735025,0.0735012730702562,0.1568767814321026
29/01/2019 21:00,0.0137214040735025,0.0735012730702562,0.1568767814321026
29/01/2019 22:00,0.0137214040735025,0.0735012730702562,0.1568767814321026
29/01/2019 23:00,0.0137214040735025,0.0735012730702562,0.1568767814321026
30/01/2019 00:00,0.0137214040735025,0.0735012730702562,0.1568767814321026
30/01/2019 01:00,0.0137214040735025,0.0735012730702562,0.1568767814321026
30/01/2019 02:00,0.0137214040735025,0.0735012730702562,0.1568767814321026
30/01/2019 03:00,0.0137214040735025,0.0735012730702562,0.1568767814321026
30/01/2019 04:00,0.0137214040735025,0.0735012730702562,0.1568767814321026
30/01/2019 05:00,0.0137214040735025,0.0735012730702562,0.1568767814321026
30/01/2019 06:00,0.0137214040735025,0.0735012730702562,0.1568767814321026
30/01/2019 07:00,0.0137214040735025,0.0735012730702562,0.1568767814321026
30/01/2019 08:00,0.0137214040735025,0.0735012730702562,0.1568767814321026
30/01/2019 09:00,0.0137214040735025,0.0735012730702562,0.1568767814321026
30/01/2019 10:00,0.0137214040735025,0.0735012730702562,0.1568767814321026
30/01/2019 11:00,0.0137214040735025,0.0735012730702562,0.1568767814321026
30/01/2019 12:00,0.0137214040735025,0.0735012730702562,0.1568767814321026
30/01/2019 13:00,0.0137214040735025,0.0735012730702562,0.1568767814321026
30/01/2019 14:00,0.0137214040735025,0.0735012730702562,0.1568767814321026
30/01/2019 15:00,0.0137214040735025,0.0735012730702562,0.1568767814321026
30/01/2019 16:00,0.0137214040735025,0.0735012730702562,0.1568767814321026
30/01/2019 17:00,0.0137214040735025,0.0735012730702562,0.1568767814321026
30/01/2019 18:00,0.0137214040735025,0.0735012730702562,0.1568767814321026
30/01/2019 19:00,0.0137214040735025,0.0735012730702562,0.1568767814321026
30/01/2019 20:00,0.0137214040735025,0.0735012730702562,0.1568767814321026
30/01/2019 21:00,0.0137214040735025,0.0735012730702562,0.1568767814321026
30/01/2019 22:00,0.0137214040735025,0.0735012730702562,0.1568767814321026
30/01/2019 23:00,0.0137214040735025,0.0735012730702562,0.1568767814321026
31/01/2019 00:00,0.0137214040735025,0.0735012730702562,0.1568767814321026
31/01/2019 01:00,0.0137214040735025,0.0735012730702562,0.1568767814321026
31/01/2019 02:00,0.0137214040735025,0.0735012730702562,0.1568767814321026
31/01/2019 03:00,0.0137214040735025,0.0735012730702562,0.1568767814321026
31/01/2019 04:00,0.0137214040735025,0.0735012730702562,0.1568767814321026
31/01/2019 05:00,0.0137214040735025,0.0735012730702562,0.1568767814321026
31/01/2019 06:00,0.0137214040735025,0.0735012730702562,0.1568767814321026
31/01/2019 07:00,0.0137214040735025,0.0735012730702562,0.1568767814321026
31/01/2019 08:00,0.0137214040735025,0.0735012730702562,0.1568767814321026
31/01/2019 09:00,0.0137214040735025,0.0735012730702562,0.1568767814321026
31/01/2019 10:00,0.0137214040735025,0.0735012730702562,0.1568767814321026
31/01/2019 11:00,0.0137214040735025,0.0735012730702562,0.1568767814321026
31/01/2019 12:00,0.0137214040735025,0.0735012730702562,0.1568767814321026
31/01/2019 13:00,0.0137214040735025,0.0735012730702562,0.1568767814321026
31/01/2019 14:00,0.0137214040735025,0.0735012730702562,0.1568767814321026
31/01/2019 15:00,0.0137214040735025,0.0735012730702562,0.1568767814321026
31/01/2019 16:00,0.0137214040735025,0.0735012730702562,0.1568767814321026
31/01/2019 17:00,0.0137214040735025,0.0735012730702562,0.1568767814321026
31/01/2019 18:00,0.0137214040735025,0.0735012730702562,0.1568767814321026
31/01/2019 19:00,0.0137214040735025,0.0735012730702562,0.1568767814321026
31/01/2019 20:00,0.0137214040735025,0.0735012730702562,0.1568767814321026
31/01/2019 21:00,0.0137214040735025,0.0735012730702562,0.1568767814321026
31/01/2019 22:00,0.0137214040735025,0.0735012730702562,0.1568767814321026
31/01/2019 23:00,0.0137214040735025,0.0735012730702562,0.1568767814321026
01/02/2019 00:00,0.0110396250718277,0.0644993581774576,0.155545466384493
01/02/2019 01:00,0.0110396250718277,0.0644993581774576,0.155545466384493
01/02/2019 02:00,0.0110396250718277,0.0644993581774576,0.155545466384493
01/02/2019 03:00,0.0110396250718277,0.0644993581774576,0.155545466384493
01/02/2019 04:00,0.0110396250718277,0.0644993581774576,0.155545466384493
01/02/2019 05:00,0.0110396250718277,0.0644993581774576,0.155545466384493
01/02/2019 06:00,0.0110396250718277,0.0644993581774576,0.155545466384493
01/02/2019 07:00,0.0110396250718277,0.0644993581774576,0.155545466384493
01/02/2019 08:00,0.0110396250718277,0.0644993581774576,0.155545466384493
01/02/2019 09:00,0.0110396250718277,0.0644993581774576,0.155545466384493
01/02/2019 10:00,0.0110396250718277,0.0644993581774576,0.155545466384493
01/02/2019 11:00,0.0110396250718277,0.0644993581774576,0.155545466384493
01/02/2019 12:00,0.0110396250718277,0.0644993581774576,0.155545466384493
01/02/2019 13:00,0.0110396250718277,0.0644993581774576,0.155545466384493
01/02/2019 14:00,0.0110396250718277,0.0644993581774576,0.155545466384493
01/02/2019 15:00,0.0110396250718277,0.0644993581774576,0.155545466384493
01/02/2019 16:00,0.0110396250718277,0.0644993581774576,0.155545466384493
01/02/2019 17:00,0.0110396250718277,0.0644993581774576,0.155545466384493
01/02/2019 18:00,0.0110396250718277,0.0644993581774576,0.155545466384493
01/02/2019 19:00,0.0110396250718277,0.0644993581774576,0.155545466384493
01/02/2019 20:00,0.0110396250718277,0.0644993581774576,0.155545466384493
01/02/2019 21:00,0.0110396250718277,0.0644993581774576,0.155545466384493
01/02/2019 22:00,0.0110396250718277,0.0644993581774576,0.155545466384493
01/02/2019 23:00,0.0110396250718277,0.0644993581774576,0.155545466384493
02/02/2019 00:00,0.0110396250718277,0.0644993581774576,0.155545466384493
02/02/2019 01:00,0.0110396250718277,0.0644993581774576,0.155545466384493
02/02/2019 02:00,0.0110396250718277,0.0644993581774576,0.155545466384493
02/02/2019 03:00,0.0110396250718277,0.0644993581774576,0.155545466384493
02/02/2019 04:00,0.0110396250718277,0.0644993581774576,0.155545466384493
02/02/2019 05:00,0.0110396250718277,0.0644993581774576,0.155545466384493
02/02/2019 06:00,0.0110396250718277,0.0644993581774576,0.155545466384493
02/02/2019 07:00,0.0110396250718277,0.0644993581774576,0.155545466384493
02/02/2019 08:00,0.0110396250718277,0.0644993581774576,0.155545466384493
02/02/2019 09:00,0.0110396250718277,0.0644993581774576,0.155545466384493
02/02/2019 10:00,0.0110396250718277,0.0644993581774576,0.155545466384493
02/02/2019 11:00,0.0110396250718277,0.0644993581774576,0.155545466384493
02/02/2019 12:00,0.0110396250718277,0.0644993581774576,0.155545466384493
02/02/2019 13:00,0.0110396250718277,0.0644993581774576,0.155545466384493
02/02/2019 14:00,0.0110396250718277,0.0644993581774576,0.155545466384493
02/02/2019 15:00,0.0110396250718277,0.0644993581774576,0.155545466384493
02/02/2019 16:00,0.0110396250718277,0.0644993581774576,0.155545466384493
02/02/2019 17:00,0.0110396250718277,0.0644993581774576,0.155545466384493
02/02/2019 18:00,0.0110396250718277,0.0644993581774576,0.155545466384493
02/02/2019 19:00,0.0110396250718277,0.0644993581774576,0.155545466384493
02/02/2019 20:00,0.0110396250718277,0.0644993581774576,0.155545466384493
02/02/2019 21:00,0.0110396250718277,0.0644993581774576,0.155545466384493
02/02/2019 22:00,0.0110396250718277,0.0644993581774576,0.155545466384493
02/02/2019 23:00,0.0110396250718277,0.0644993581774576,0.155545466384493
03/02/2019 00:00,0.0110396250718277,0.0644993581774576,0.155545466384493
03/02/2019 01:00,0.0110396250718277,0.0644993581774576,0.155545466384493
03/02/2019 02:00,0.0110396250718277,0.0644993581774576,0.155545466384493
03/02/2019 03:00,0.0110396250718277,0.0644993581774576,0.155545466384493
03/02/2019 04:00,0.0110396250718277,0.0644993581774576,0.155545466384493
03/02/2019 05:00,0.0110396250718277,0.0644993581774576,0.155545466384493
03/02/2019 06:00,0.0110396250718277,0.0644993581774576,0.155545466384493
03/02/2019 07:00,0.0110396250718277,0.0644993581774576,0.155545466384493
03/02/2019 08:00,0.0110396250718277,0.0644993581774576,0.155545466384493
03/02/2019 09:00,0.0110396250718277,0.0644993581774576,0.155545466384493
03/02/2019 10:00,0.0110396250718277,0.0644993581774576,0.155545466384493
03/02/2019 11:00,0.0110396250718277,0.0644993581774576,0.155545466384493
03/02/2019 12:00,0.0110396250718277,0.0644993581774576,0.155545466384493
03/02/2019 13:00,0.0110396250718277,0.0644993581774576,0.155545466384493
03/02/2019 14:00,0.0110396250718277,0.0644993581774576,0.155545466384493
03/02/2019 15:00,0.0110396250718277,0.0644993581774576,0.155545466384493
03/02/2019 16:00,0.0110396250718277,0.0644993581774576,0.155545466384493
03/02/2019 17:00,0.0110396250718277,0.0644993581774576,0.155545466384493
03/02/2019 18:00,0.0110396250718277,0.0644993581774576,0.155545466384493
03/02/2019 19:00,0.0110396250718277,0.0644993581774576,0.155545466384493
03/02/2019 20:00,0.0110396250718277,0.0644993581774576,0.155545466384493
03/02/2019 21:00,0.0110396250718277,0.0644993581774576,0.155545466384493
03/02/2019 22:00,0.0110396250718277,0.0644993581774576,0.155545466384493
03/02/2019 23:00,0.0110396250718277,0.0644993581774576,0.155545466384493
04/02/2019 00:00,0.0110396250718277,0.0644993581774576,0.155545466384493
04/02/2019 01:00,0.0110396250718277,0.0644993581774576,0.155545466384493
04/02/2019 02:00,0.0110396250718277,0.0644993581774576,0.155545466384493
04/02/2019 03:00,0.0110396250718277,0.0644993581774576,0.155545466384493
04/02/2019 04:00,0.0110396250718277,0.0644993581774576,0.155545466384493
04/02/2019 05:00,0.0110396250718277,0.0644993581774576,0.155545466384493
04/02/2019 06:00,0.0110396250718277,0.0644993581774576,0.155545466384493
04/02/2019 07:00,0.0110396250718277,0.0644993581774576,0.155545466384493
04/02/2019 08:00,0.0110396250718277,0.0644993581774576,0.155545466384493
04/02/2019 09:00,0.0110396250718277,0.0644993581774576,0.155545466384493
04/02/2019 10:00,0.0110396250718277,0.0644993581774576,0.155545466384493
04/02/2019 11:00,0.0110396250718277,0.0644993581774576,0.155545466384493
04/02/2019 12:00,0.0110396250718277,0.0644993581774576,0.155545466384493
04/02/2019 13:00,0.0110396250718277,0.0644993581774576,0.155545466384493
04/02/2019 14:00,0.0110396250718277,0.0644993581774576,0.155545466384493
04/02/2019 15:00,0.0110396250718277,0.0644993581774576,0.155545466384493
04/02/2019 16:00,0.0110396250718277,0.0644993581774576,0.155545466384493
04/02/2019 17:00,0.0110396250718277,0.0644993581774576,0.155545466384493
04/02/2019 18:00,0.0110396250718277,0.0644993581774576,0.155545466384493
04/02/2019 19:00,0.0110396250718277,0.0644993581774576,0.155545466384493
04/02/2019 20:00,0.0110396250718277,0.0644993581774576,0.155545466384493
04/02/2019 21:00,0.0110396250718277,0.0644993581774576,0.155545466384493
04/02/2019 22:00,0.0110396250718277,0.0644993581774576,0.155545466384493
04/02/2019 23:00,0.0110396250718277,0.0644993581774576,0.155545466384493
05/02/2019 00:00,0.0110396250718277,0.0644993581774576,0.155545466384493
05/02/2019 01:00,0.0110396250718277,0.0644993581774576,0.155545466384493
05/02/2019 02:00,0.0110396250718277,0.0644993581774576,0.155545466384493
05/02/2019 03:00,0.0110396250718277,0.0644993581774576,0.155545466384493
05/02/2019 04:00,0.0110396250718277,0.0644993581774576,0.155545466384493
05/02/2019 05:00,0.0110396250718277,0.0644993581774576,0.155545466384493
05/02/2019 06:00,0.0110396250718277,0.0644993581774576,0.155545466384493
05/02/2019 07:00,0.0110396250718277,0.0644993581774576,0.155545466384493
05/02/2019 08:00,0.0110396250718277,0.0644993581774576,0.155545466384493
05/02/2019 09:00,0.0110396250718277,0.0644993581774576,0.155545466384493
05/02/2019 10:00,0.0110396250718277,0.0644993581774576,0.155545466384493
05/02/2019 11:00,0.0110396250718277,0.0644993581774576,0.155545466384493
05/02/2019 12:00,0.0110396250718277,0.0644993581774576,0.155545466384493
05/02/2019 13:00,0.0110396250718277,0.0644993581774576,0.155545466384493
05/02/2019 14:00,0.0110396250718277,0.0644993581774576,0.155545466384493
05/02/2019 15:00,0.0110396250718277,0.0644993581774576,0.155545466384493
05/02/2019 16:00,0.0110396250718277,0.0644993581774576,0.155545466384493
05/02/2019 17:00,0.0110396250718277,0.0644993581774576,0.155545466384493
05/02/2019 18:00,0.0110396250718277,0.0644993581774576,0.155545466384493
05/02/2019 19:00,0.0110396250718277,0.0644993581774576,0.155545466384493
05/02/2019 20:00,0.0110396250718277,0.0644993581774576,0.155545466384493
05/02/2019 21:00,0.0110396250718277,0.0644993581774576,0.155545466384493
05/02/2019 22:00,0.0110396250718277,0.0644993581774576,0.155545466384493
05/02/2019 23:00,0.0110396250718277,0.0644993581774576,0.155545466384493
06/02/2019 00:00,0.0110396250718277,0.0644993581774576,0.155545466384493
06/02/2019 01:00,0.0110396250718277,0.0644993581774576,0.155545466384493
06/02/2019 02:00,0.0110396250718277,0.0644993581774576,0.155545466384493
06/02/2019 03:00,0.0110396250718277,0.0644993581774576,0.155545466384493
06/02/2019 04:00,0.0110396250718277,0.0644993581774576,0.155545466384493
06/02/2019 05:00,0.0110396250718277,0.0644993581774576,0.155545466384493
06/02/2019 06:00,0.0110396250718277,0.0644993581774576,0.155545466384493
06/02/2019 07:00,0.0110396250718277,0.0644993581774576,0.155545466384493
06/02/2019 08:00,0.0110396250718277,0.0644993581774576,0.155545466384493
06/02/2019 09:00,0.0110396250718277,0.0644993581774576,0.155545466384493
06/02/2019 10:00,0.0110396250718277,0.0644993581774576,0.155545466384493
06/02/2019 11:00,0.0110396250718277,0.0644993581774576,0.155545466384493
06/02/2019 12:00,0.0110396250718277,0.0644993581774576,0.155545466384493
06/02/2019 13:00,0.0110396250718277,0.0644993581774576,0.155545466384493
06/02/2019 14:00,0.0110396250718277,0.0644993581774576,0.155545466384493
06/02/2019 15:00,0.0110396250718277,0.0644993581774576,0.155545466384493
06/02/2019 16:00,0.0110396250718277,0.0644993581774576,0.155545466384493
06/02/2019 17:00,0.0110396250718277,0.0644993581774576,0.155545466384493
06/02/2019 18:00,0.0110396250718277,0.0644993581774576,0.155545466384493
06/02/2019 19:00,0.0110396250718277,0.0644993581774576,0.155545466384493
06/02/2019 20:00,0.0110396250718277,0.0644993581774576,0.155545466384493
06/02/2019 21:00,0.0110396250718277,0.0644993581774576,0.155545466384493
06/02/2019 22:00,0.0110396250718277,0.0644993581774576,0.155545466384493
06/02/2019 23:00,0.0110396250718277,0.0644993581774576,0.155545466384493
07/02/2019 00:00,0.0110396250718277,0.0644993581774576,0.155545466384493
07/02/2019 01:00,0.0110396250718277,0.0644993581774576,0.155545466384493
07/02/2019 02:00,0.0110396250718277,0.0644993581774576,0.155545466384493
07/02/2019 03:00,0.0110396250718277,0.0644993581774576,0.155545466384493
07/02/2019 04:00,0.0110396250718277,0.0644993581774576,0.155545466384493
07/02/2019 05:00,0.0110396250718277,0.0644993581774576,0.155545466384493
07/02/2019 06:00,0.0110396250718277,0.0644993581774576,0.155545466384493
07/02/2019 07:00,0.0110396250718277,0.0644993581774576,0.155545466384493
07/02/2019 08:00,0.0110396250718277,0.0644993581774576,0.155545466384493
07/02/2019 09:00,0.0110396250718277,0.0644993581774576,0.155545466384493
07/02/2019 10:00,0.0110396250718277,0.0644993581774576,0.155545466384493
07/02/2019 11:00,0.0110396250718277,0.0644993581774576,0.155545466384493
07/02/2019 12:00,0.0110396250718277,0.0644993581774576,0.155545466384493
07/02/2019 13:00,0.0110396250718277,0.0644993581774576,0.155545466384493
07/02/2019 14:00,0.0110396250718277,0.0644993581774576,0.155545466384493
07/02/2019 15:00,0.0110396250718277,0.0644993581774576,0.155545466384493
07/02/2019 16:00,0.0110396250718277,0.0644993581774576,0.155545466384493
07/02/2019 17:00,0.0110396250718277,0.0644993581774576,0.155545466384493
07/02/2019 18:00,0.0110396250718277,0.0644993581774576,0.155545466384493
07/02/2019 19:00,0.0110396250718277,0.0644993581774576,0.155545466384493
07/02/2019 20:00,0.0110396250718277,0.0644993581774576,0.155545466384493
07/02/2019 21:00,0.0110396250718277,0.0644993581774576,0.155545466384493
07/02/2019 22:00,0.0110396250718277,0.0644993581774576,0.155545466384493
07/02/2019 23:00,0.0110396250718277,0.0644993581774576,0.155545466384493
08/02/2019 00:00,0.0110396250718277,0.0644993581774576,0.155545466384493
08/02/2019 01:00,0.0110396250718277,0.0644993581774576,0.155545466384493
08/02/2019 02:00,0.0110396250718277,0.0644993581774576,0.155545466384493
08/02/2019 03:00,0.0110396250718277,0.0644993581774576,0.155545466384493
08/02/2019 04:00,0.0110396250718277,0.0644993581774576,0.155545466384493
08/02/2019 05:00,0.0110396250718277,0.0644993581774576,0.155545466384493
08/02/2019 06:00,0.0110396250718277,0.0644993581774576,0.155545466384493
08/02/2019 07:00,0.0110396250718277,0.0644993581774576,0.155545466384493
08/02/2019 08:00,0.0110396250718277,0.0644993581774576,0.155545466384493
08/02/2019 09:00,0.0110396250718277,0.0644993581774576,0.155545466384493
08/02/2019 10:00,0.0110396250718277,0.0644993581774576,0.155545466384493
08/02/2019 11:00,0.0110396250718277,0.0644993581774576,0.155545466384493
08/02/2019 12:00,0.0110396250718277,0.0644993581774576,0.155545466384493
08/02/2019 13:00,0.0110396250718277,0.0644993581774576,0.155545466384493
08/02/2019 14:00,0.0110396250718277,0.0644993581774576,0.155545466384493
08/02/2019 15:00,0.0110396250718277,0.0644993581774576,0.155545466384493
08/02/2019 16:00,0.0110396250718277,0.0644993581774576,0.155545466384493
08/02/2019 17:00,0.0110396250718277,0.0644993581774576,0.155545466384493
08/02/2019 18:00,0.0110396250718277,0.0644993581774576,0.155545466384493
08/02/2019 19:00,0.0110396250718277,0.0644993581774576,0.155545466384493
08/02/2019 20:00,0.0110396250718277,0.0644993581774576,0.155545466384493
08/02/2019 21:00,0.0110396250718277,0.0644993581774576,0.155545466384493
08/02/2019 22:00,0.0110396250718277,0.0644993581774576,0.155545466384493
08/02/2019 23:00,0.0110396250718277,0.0644993581774576,0.155545466384493
09/02/2019 00:00,0.0110396250718277,0.0644993581774576,0.155545466384493
09/02/2019 01:00,0.0110396250718277,0.0644993581774576,0.155545466384493
09/02/2019 02:00,0.0110396250718277,0.0644993581774576,0.155545466384493
09/02/2019 03:00,0.0110396250718277,0.0644993581774576,0.155545466384493
09/02/2019 04:00,0.0110396250718277,0.0644993581774576,0.155545466384493
09/02/2019 05:00,0.0110396250718277,0.0644993581774576,0.155545466384493
09/02/2019 06:00,0.0110396250718277,0.0644993581774576,0.155545466384493
09/02/2019 07:00,0.0110396250718277,0.0644993581774576,0.155545466384493
09/02/2019 08:00,0.0110396250718277,0.0644993581774576,0.155545466384493
09/02/2019 09:00,0.0110396250718277,0.0644993581774576,0.155545466384493
09/02/2019 10:00,0.0110396250718277,0.0644993581774576,0.155545466384493
09/02/2019 11:00,0.0110396250718277,0.0644993581774576,0.155545466384493
09/02/2019 12:00,0.0110396250718277,0.0644993581774576,0.155545466384493
09/02/2019 13:00,0.0110396250718277,0.0644993581774576,0.155545466384493
09/02/2019 14:00,0.0110396250718277,0.0644993581774576,0.155545466384493
09/02/2019 15:00,0.0110396250718277,0.0644993581774576,0.155545466384493
09/02/2019 16:00,0.0110396250718277,0.0644993581774576,0.155545466384493
09/02/2019 17:00,0.0110396250718277,0.0644993581774576,0.155545466384493
09/02/2019 18:00,0.0110396250718277,0.0644993581774576,0.155545466384493
09/02/2019 19:00,0.0110396250718277,0.0644993581774576,0.155545466384493
09/02/2019 20:00,0.0110396250718277,0.0644993581774576,0.155545466384493
09/02/2019 21:00,0.0110396250718277,0.0644993581774576,0.155545466384493
09/02/2019 22:00,0.0110396250718277,0.0644993581774576,0.155545466384493
09/02/2019 23:00,0.0110396250718277,0.0644993581774576,0.155545466384493
10/02/2019 00:00,0.0110396250718277,0.0644993581774576,0.155545466384493
10/02/2019 01:00,0.0110396250718277,0.0644993581774576,0.155545466384493
10/02/2019 02:00,0.0110396250718277,0.0644993581774576,0.155545466384493
10/02/2019 03:00,0.0110396250718277,0.0644993581774576,0.155545466384493
10/02/2019 04:00,0.0110396250718277,0.0644993581774576,0.155545466384493
10/02/2019 05:00,0.0110396250718277,0.0644993581774576,0.155545466384493
10/02/2019 06:00,0.0110396250718277,0.0644993581774576,0.155545466384493
10/02/2019 07:00,0.0110396250718277,0.0644993581774576,0.155545466384493
10/02/2019 08:00,0.0110396250718277,0.0644993581774576,0.155545466384493
10/02/2019 09:00,0.0110396250718277,0.0644993581774576,0.155545466384493
10/02/2019 10:00,0.0110396250718277,0.0644993581774576,0.155545466384493
10/02/2019 11:00,0.0110396250718277,0.0644993581774576,0.155545466384493
10/02/2019 12:00,0.0110396250718277,0.0644993581774576,0.155545466384493
10/02/2019 13:00,0.0110396250718277,0.0644993581774576,0.155545466384493
10/02/2019 14:00,0.0110396250718277,0.0644993581774576,0.155545466384493
10/02/2019 15:00,0.0110396250718277,0.0644993581774576,0.155545466384493
10/02/2019 16:00,0.0110396250718277,0.0644993581774576,0.155545466384493
10/02/2019 17:00,0.0110396250718277,0.0644993581774576,0.155545466384493
10/02/2019 18:00,0.0110396250718277,0.0644993581774576,0.155545466384493
10/02/2019 19:00,0.0110396250718277,0.0644993581774576,0.155545466384493
10/02/2019 20:00,0.0110396250718277,0.0644993581774576,0.155545466384493
10/02/2019 21:00,0.0110396250718277,0.0644993581774576,0.155545466384493
10/02/2019 22:00,0.0110396250718277,0.0644993581774576,0.155545466384493
10/02/2019 23:00,0.0110396250718277,0.0644993581774576,0.155545466384493
11/02/2019 00:00,0.0110396250718277,0.0644993581774576,0.155545466384493
11/02/2019 01:00,0.0110396250718277,0.0644993581774576,0.155545466384493
11/02/2019 02:00,0.0110396250718277,0.0644993581774576,0.155545466384493
11/02/2019 03:00,0.0110396250718277,0.0644993581774576,0.155545466384493
11/02/2019 04:00,0.0110396250718277,0.0644993581774576,0.155545466384493
11/02/2019 05:00,0.0110396250718277,0.0644993581774576,0.155545466384493
11/02/2019 06:00,0.0110396250718277,0.0644993581774576,0.155545466384493
11/02/2019 07:00,0.0110396250718277,0.0644993581774576,0.155545466384493
11/02/2019 08:00,0.0110396250718277,0.0644993581774576,0.155545466384493
11/02/2019 09:00,0.0110396250718277,0.0644993581774576,0.155545466384493
11/02/2019 10:00,0.0110396250718277,0.0644993581774576,0.155545466384493
11/02/2019 11:00,0.0110396250718277,0.0644993581774576,0.155545466384493
11/02/2019 12:00,0.0110396250718277,0.0644993581774576,0.155545466384493
11/02/2019 13:00,0.0110396250718277,0.0644993581774576,0.155545466384493
11/02/2019 14:00,0.0110396250718277,0.0644993581774576,0.155545466384493
11/02/2019 15:00,0.0110396250718277,0.0644993581774576,0.155545466384493
11/02/2019 16:00,0.0110396250718277,0.0644993581774576,0.155545466384493
11/02/2019 17:00,0.0110396250718277,0.0644993581774576,0.155545466384493
11/02/2019 18:00,0.0110396250718277,0.0644993581774576,0.155545466384493
11/02/2019 19:00,0.0110396250718277,0.0644993581774576,0.155545466384493
11/02/2019 20:00,0.0110396250718277,0.0644993581774576,0.155545466384493
11/02/2019 21:00,0.0110396250718277,0.0644993581774576,0.155545466384493
11/02/2019 22:00,0.0110396250718277,0.0644993581774576,0.155545466384493
11/02/2019 23:00,0.0110396250718277,0.0644993581774576,0.155545466384493
12/02/2019 00:00,0.0110396250718277,0.0644993581774576,0.155545466384493
12/02/2019 01:00,0.0110396250718277,0.0644993581774576,0.155545466384493
12/02/2019 02:00,0.0110396250718277,0.0644993581774576,0.155545466384493
12/02/2019 03:00,0.0110396250718277,0.0644993581774576,0.155545466384493
12/02/2019 04:00,0.0110396250718277,0.0644993581774576,0.155545466384493
12/02/2019 05:00,0.0110396250718277,0.0644993581774576,0.155545466384493
12/02/2019 06:00,0.0110396250718277,0.0644993581774576,0.155545466384493
12/02/2019 07:00,0.0110396250718277,0.0644993581774576,0.155545466384493
12/02/2019 08:00,0.0110396250718277,0.0644993581774576,0.155545466384493
12/02/2019 09:00,0.0110396250718277,0.0644993581774576,0.155545466384493
12/02/2019 10:00,0.0110396250718277,0.0644993581774576,0.155545466384493
12/02/2019 11:00,0.0110396250718277,0.0644993581774576,0.155545466384493
12/02/2019 12:00,0.0110396250718277,0.0644993581774576,0.155545466384493
12/02/2019 13:00,0.0110396250718277,0.0644993581774576,0.155545466384493
12/02/2019 14:00,0.0110396250718277,0.0644993581774576,0.155545466384493
12/02/2019 15:00,0.0110396250718277,0.0644993581774576,0.155545466384493
12/02/2019 16:00,0.0110396250718277,0.0644993581774576,0.155545466384493
12/02/2019 17:00,0.0110396250718277,0.0644993581774576,0.155545466384493
12/02/2019 18:00,0.0110396250718277,0.0644993581774576,0.155545466384493
12/02/2019 19:00,0.0110396250718277,0.0644993581774576,0.155545466384493
12/02/2019 20:00,0.0110396250718277,0.0644993581774576,0.155545466384493
12/02/2019 21:00,0.0110396250718277,0.0644993581774576,0.155545466384493
12/02/2019 22:00,0.0110396250718277,0.0644993581774576,0.155545466384493
12/02/2019 23:00,0.0110396250718277,0.0644993581774576,0.155545466384493
13/02/2019 00:00,0.0110396250718277,0.0644993581774576,0.155545466384493
13/02/2019 01:00,0.0110396250718277,0.0644993581774576,0.155545466384493
13/02/2019 02:00,0.0110396250718277,0.0644993581774576,0.155545466384493
13/02/2019 03:00,0.0110396250718277,0.0644993581774576,0.155545466384493
13/02/2019 04:00,0.0110396250718277,0.0644993581774576,0.155545466384493
13/02/2019 05:00,0.0110396250718277,0.0644993581774576,0.155545466384493
13/02/2019 06:00,0.0110396250718277,0.0644993581774576,0.155545466384493
13/02/2019 07:00,0.0110396250718277,0.0644993581774576,0.155545466384493
13/02/2019 08:00,0.0110396250718277,0.0644993581774576,0.155545466384493
13/02/2019 09:00,0.0110396250718277,0.0644993581774576,0.155545466384493
13/02/2019 10:00,0.0110396250718277,0.0644993581774576,0.155545466384493
13/02/2019 11:00,0.0110396250718277,0.0644993581774576,0.155545466384493
13/02/2019 12:00,0.0110396250718277,0.0644993581774576,0.155545466384493
13/02/2019 13:00,0.0110396250718277,0.0644993581774576,0.155545466384493
13/02/2019 14:00,0.0110396250718277,0.0644993581774576,0.155545466384493
13/02/2019 15:00,0.0110396250718277,0.0644993581774576,0.155545466384493
13/02/2019 16:00,0.0110396250718277,0.0644993581774576,0.155545466384493
13/02/2019 17:00,0.0110396250718277,0.0644993581774576,0.155545466384493
13/02/2019 18:00,0.0110396250718277,0.0644993581774576,0.155545466384493
13/02/2019 19:00,0.0110396250718277,0.0644993581774576,0.155545466384493
13/02/2019 20:00,0.0110396250718277,0.0644993581774576,0.155545466384493
13/02/2019 21:00,0.0110396250718277,0.0644993581774576,0.155545466384493
13/02/2019 22:00,0.0110396250718277,0.0644993581774576,0.155545466384493
13/02/2019 23:00,0.0110396250718277,0.0644993581774576,0.155545466384493
14/02/2019 00:00,0.0110396250718277,0.0644993581774576,0.155545466384493
14/02/2019 01:00,0.0110396250718277,0.0644993581774576,0.155545466384493
14/02/2019 02:00,0.0110396250718277,0.0644993581774576,0.155545466384493
14/02/2019 03:00,0.0110396250718277,0.0644993581774576,0.155545466384493
14/02/2019 04:00,0.0110396250718277,0.0644993581774576,0.155545466384493
14/02/2019 05:00,0.0110396250718277,0.0644993581774576,0.155545466384493
14/02/2019 06:00,0.0110396250718277,0.0644993581774576,0.155545466384493
14/02/2019 07:00,0.0110396250718277,0.0644993581774576,0.155545466384493
14/02/2019 08:00,0.0110396250718277,0.0644993581774576,0.155545466384493
14/02/2019 09:00,0.0110396250718277,0.0644993581774576,0.155545466384493
14/02/2019 10:00,0.0110396250718277,0.0644993581774576,0.155545466384493
14/02/2019 11:00,0.0110396250718277,0.0644993581774576,0.155545466384493
14/02/2019 12:00,0.0110396250718277,0.0644993581774576,0.155545466384493
14/02/2019 13:00,0.0110396250718277,0.0644993581774576,0.155545466384493
14/02/2019 14:00,0.0110396250718277,0.0644993581774576,0.155545466384493
14/02/2019 15:00,0.0110396250718277,0.0644993581774576,0.155545466384493
14/02/2019 16:00,0.0110396250718277,0.0644993581774576,0.155545466384493
14/02/2019 17:00,0.0110396250718277,0.0644993581774576,0.155545466384493
14/02/2019 18:00,0.0110396250718277,0.0644993581774576,0.155545466384493
14/02/2019 19:00,0.0110396250718277,0.0644993581774576,0.155545466384493
14/02/2019 20:00,0.0110396250718277,0.0644993581774576,0.155545466384493
14/02/2019 21:00,0.0110396250718277,0.0644993581774576,0.155545466384493
14/02/2019 22:00,0.0110396250718277,0.0644993581774576,0.155545466384493
14/02/2019 23:00,0.0110396250718277,0.0644993581774576,0.155545466384493
15/02/2019 00:00,0.0110396250718277,0.0644993581774576,0.155545466384493
15/02/2019 01:00,0.0110396250718277,0.0644993581774576,0.155545466384493
15/02/2019 02:00,0.0110396250718277,0.0644993581774576,0.155545466384493
15/02/2019 03:00,0.0110396250718277,0.0644993581774576,0.155545466384493
15/02/2019 04:00,0.0110396250718277,0.0644993581774576,0.155545466384493
15/02/2019 05:00,0.0110396250718277,0.0644993581774576,0.155545466384493
15/02/2019 06:00,0.0110396250718277,0.0644993581774576,0.155545466384493
15/02/2019 07:00,0.0110396250718277,0.0644993581774576,0.155545466384493
15/02/2019 08:00,0.0110396250718277,0.0644993581774576,0.155545466384493
15/02/2019 09:00,0.0110396250718277,0.0644993581774576,0.155545466384493
15/02/2019 10:00,0.0110396250718277,0.0644993581774576,0.155545466384493
15/02/2019 11:00,0.0110396250718277,0.0644993581774576,0.155545466384493
15/02/2019 12:00,0.0110396250718277,0.0644993581774576,0.155545466384493
15/02/2019 13:00,0.0110396250718277,0.0644993581774576,0.155545466384493
15/02/2019 14:00,0.0110396250718277,0.0644993581774576,0.155545466384493
15/02/2019 15:00,0.0110396250718277,0.0644993581774576,0.155545466384493
15/02/2019 16:00,0.0110396250718277,0.0644993581774576,0.155545466384493
15/02/2019 17:00,0.0110396250718277,0.0644993581774576,0.155545466384493
15/02/2019 18:00,0.0110396250718277,0.0644993581774576,0.155545466384493
15/02/2019 19:00,0.0110396250718277,0.0644993581774576,0.155545466384493
15/02/2019 20:00,0.0110396250718277,0.0644993581774576,0.155545466384493
15/02/2019 21:00,0.0110396250718277,0.0644993581774576,0.155545466384493
15/02/2019 22:00,0.0110396250718277,0.0644993581774576,0.155545466384493
15/02/2019 23:00,0.0110396250718277,0.0644993581774576,0.155545466384493
16/02/2019 00:00,0.0110396250718277,0.0644993581774576,0.155545466384493
16/02/2019 01:00,0.0110396250718277,0.0644993581774576,0.155545466384493
16/02/2019 02:00,0.0110396250718277,0.0644993581774576,0.155545466384493
16/02/2019 03:00,0.0110396250718277,0.0644993581774576,0.155545466384493
16/02/2019 04:00,0.0110396250718277,0.0644993581774576,0.155545466384493
16/02/2019 05:00,0.0110396250718277,0.0644993581774576,0.155545466384493
16/02/2019 06:00,0.0110396250718277,0.0644993581774576,0.155545466384493
16/02/2019 07:00,0.0110396250718277,0.0644993581774576,0.155545466384493
16/02/2019 08:00,0.0110396250718277,0.0644993581774576,0.155545466384493
16/02/2019 09:00,0.0110396250718277,0.0644993581774576,0.155545466384493
16/02/2019 10:00,0.0110396250718277,0.0644993581774576,0.155545466384493
16/02/2019 11:00,0.0110396250718277,0.0644993581774576,0.155545466384493
16/02/2019 12:00,0.0110396250718277,0.0644993581774576,0.155545466384493
16/02/2019 13:00,0.0110396250718277,0.0644993581774576,0.155545466384493
16/02/2019 14:00,0.0110396250718277,0.0644993581774576,0.155545466384493
16/02/2019 15:00,0.0110396250718277,0.0644993581774576,0.155545466384493
16/02/2019 16:00,0.0110396250718277,0.0644993581774576,0.155545466384493
16/02/2019 17:00,0.0110396250718277,0.0644993581774576,0.155545466384493
16/02/2019 18:00,0.0110396250718277,0.0644993581774576,0.155545466384493
16/02/2019 19:00,0.0110396250718277,0.0644993581774576,0.155545466384493
16/02/2019 20:00,0.0110396250718277,0.0644993581774576,0.155545466384493
16/02/2019 21:00,0.0110396250718277,0.0644993581774576,0.155545466384493
16/02/2019 22:00,0.0110396250718277,0.0644993581774576,0.155545466384493
16/02/2019 23:00,0.0110396250718277,0.0644993581774576,0.155545466384493
17/02/2019 00:00,0.0110396250718277,0.0644993581774576,0.155545466384493
17/02/2019 01:00,0.0110396250718277,0.0644993581774576,0.155545466384493
17/02/2019 02:00,0.0110396250718277,0.0644993581774576,0.155545466384493
17/02/2019 03:00,0.0110396250718277,0.0644993581774576,0.155545466384493
17/02/2019 04:00,0.0110396250718277,0.0644993581774576,0.155545466384493
17/02/2019 05:00,0.0110396250718277,0.0644993581774576,0.155545466384493
17/02/2019 06:00,0.0110396250718277,0.0644993581774576,0.155545466384493
17/02/2019 07:00,0.0110396250718277,0.0644993581774576,0.155545466384493
17/02/2019 08:00,0.0110396250718277,0.0644993581774576,0.155545466384493
17/02/2019 09:00,0.0110396250718277,0.0644993581774576,0.155545466384493
17/02/2019 10:00,0.0110396250718277,0.0644993581774576,0.155545466384493
17/02/2019 11:00,0.0110396250718277,0.0644993581774576,0.155545466384493
17/02/2019 12:00,0.0110396250718277,0.0644993581774576,0.155545466384493
17/02/2019 13:00,0.0110396250718277,0.0644993581774576,0.155545466384493
17/02/2019 14:00,0.0110396250718277,0.0644993581774576,0.155545466384493
17/02/2019 15:00,0.0110396250718277,0.0644993581774576,0.155545466384493
17/02/2019 16:00,0.0110396250718277,0.0644993581774576,0.155545466384493
17/02/2019 17:00,0.0110396250718277,0.0644993581774576,0.155545466384493
17/02/2019 18:00,0.0110396250718277,0.0644993581774576,0.155545466384493
17/02/2019 19:00,0.0110396250718277,0.0644993581774576,0.155545466384493
17/02/2019 20:00,0.0110396250718277,0.0644993581774576,0.155545466384493
17/02/2019 21:00,0.0110396250718277,0.0644993581774576,0.155545466384493
17/02/2019 22:00,0.0110396250718277,0.0644993581774576,0.155545466384493
17/02/2019 23:00,0.0110396250718277,0.0644993581774576,0.155545466384493
18/02/2019 00:00,0.0110396250718277,0.0644993581774576,0.155545466384493
18/02/2019 01:00,0.0110396250718277,0.0644993581774576,0.155545466384493
18/02/2019 02:00,0.0110396250718277,0.0644993581774576,0.155545466384493
18/02/2019 03:00,0.0110396250718277,0.0644993581774576,0.155545466384493
18/02/2019 04:00,0.0110396250718277,0.0644993581774576,0.155545466384493
18/02/2019 05:00,0.0110396250718277,0.0644993581774576,0.155545466384493
18/02/2019 06:00,0.0110396250718277,0.0644993581774576,0.155545466384493
18/02/2019 07:00,0.0110396250718277,0.0644993581774576,0.155545466384493
18/02/2019 08:00,0.0110396250718277,0.0644993581774576,0.155545466384493
18/02/2019 09:00,0.0110396250718277,0.0644993581774576,0.155545466384493
18/02/2019 10:00,0.0110396250718277,0.0644993581774576,0.155545466384493
18/02/2019 11:00,0.0110396250718277,0.0644993581774576,0.155545466384493
18/02/2019 12:00,0.0110396250718277,0.0644993581774576,0.155545466384493
18/02/2019 13:00,0.0110396250718277,0.0644993581774576,0.155545466384493
18/02/2019 14:00,0.0110396250718277,0.0644993581774576,0.155545466384493
18/02/2019 15:00,0.0110396250718277,0.0644993581774576,0.155545466384493
18/02/2019 16:00,0.0110396250718277,0.0644993581774576,0.155545466384493
18/02/2019 17:00,0.0110396250718277,0.0644993581774576,0.155545466384493
18/02/2019 18:00,0.0110396250718277,0.0644993581774576,0.155545466384493
18/02/2019 19:00,0.0110396250718277,0.0644993581774576,0.155545466384493
18/02/2019 20:00,0.0110396250718277,0.0644993581774576,0.155545466384493
18/02/2019 21:00,0.0110396250718277,0.0644993581774576,0.155545466384493
18/02/2019 22:00,0.0110396250718277,0.0644993581774576,0.155545466384493
18/02/2019 23:00,0.0110396250718277,0.0644993581774576,0.155545466384493
19/02/2019 00:00,0.0110396250718277,0.0644993581774576,0.155545466384493
19/02/2019 01:00,0.0110396250718277,0.0644993581774576,0.155545466384493
19/02/2019 02:00,0.0110396250718277,0.0644993581774576,0.155545466384493
19/02/2019 03:00,0.0110396250718277,0.0644993581774576,0.155545466384493
19/02/2019 04:00,0.0110396250718277,0.0644993581774576,0.155545466384493
19/02/2019 05:00,0.0110396250718277,0.0644993581774576,0.155545466384493
19/02/2019 06:00,0.0110396250718277,0.0644993581774576,0.155545466384493
19/02/2019 07:00,0.0110396250718277,0.0644993581774576,0.155545466384493
19/02/2019 08:00,0.0110396250718277,0.0644993581774576,0.155545466384493
19/02/2019 09:00,0.0110396250718277,0.0644993581774576,0.155545466384493
19/02/2019 10:00,0.0110396250718277,0.0644993581774576,0.155545466384493
19/02/2019 11:00,0.0110396250718277,0.0644993581774576,0.155545466384493
19/02/2019 12:00,0.0110396250718277,0.0644993581774576,0.155545466384493
19/02/2019 13:00,0.0110396250718277,0.0644993581774576,0.155545466384493
19/02/2019 14:00,0.0110396250718277,0.0644993581774576,0.155545466384493
19/02/2019 15:00,0.0110396250718277,0.0644993581774576,0.155545466384493
19/02/2019 16:00,0.0110396250718277,0.0644993581774576,0.155545466384493
19/02/2019 17:00,0.0110396250718277,0.0644993581774576,0.155545466384493
19/02/2019 18:00,0.0110396250718277,0.0644993581774576,0.155545466384493
19/02/2019 19:00,0.0110396250718277,0.0644993581774576,0.155545466384493
19/02/2019 20:00,0.0110396250718277,0.0644993581774576,0.155545466384493
19/02/2019 21:00,0.0110396250718277,0.0644993581774576,0.155545466384493
19/02/2019 22:00,0.0110396250718277,0.0644993581774576,0.155545466384493
19/02/2019 23:00,0.0110396250718277,0.0644993581774576,0.155545466384493
20/02/2019 00:00,0.0110396250718277,0.0644993581774576,0.155545466384493
20/02/2019 01:00,0.0110396250718277,0.0644993581774576,0.155545466384493
20/02/2019 02:00,0.0110396250718277,0.0644993581774576,0.155545466384493
20/02/2019 03:00,0.0110396250718277,0.0644993581774576,0.155545466384493
20/02/2019 04:00,0.0110396250718277,0.0644993581774576,0.155545466384493
20/02/2019 05:00,0.0110396250718277,0.0644993581774576,0.155545466384493
20/02/2019 06:00,0.0110396250718277,0.0644993581774576,0.155545466384493
20/02/2019 07:00,0.0110396250718277,0.0644993581774576,0.155545466384493
20/02/2019 08:00,0.0110396250718277,0.0644993581774576,0.155545466384493
20/02/2019 09:00,0.0110396250718277,0.0644993581774576,0.155545466384493
20/02/2019 10:00,0.0110396250718277,0.0644993581774576,0.155545466384493
20/02/2019 11:00,0.0110396250718277,0.0644993581774576,0.155545466384493
20/02/2019 12:00,0.0110396250718277,0.0644993581774576,0.155545466384493
20/02/2019 13:00,0.0110396250718277,0.0644993581774576,0.155545466384493
20/02/2019 14:00,0.0110396250718277,0.0644993581774576,0.155545466384493
20/02/2019 15:00,0.0110396250718277,0.0644993581774576,0.155545466384493
20/02/2019 16:00,0.0110396250718277,0.0644993581774576,0.155545466384493
20/02/2019 17:00,0.0110396250718277,0.0644993581774576,0.155545466384493
20/02/2019 18:00,0.0110396250718277,0.0644993581774576,0.155545466384493
20/02/2019 19:00,0.0110396250718277,0.0644993581774576,0.155545466384493
20/02/2019 20:00,0.0110396250718277,0.0644993581774576,0.155545466384493
20/02/2019 21:00,0.0110396250718277,0.0644993581774576,0.155545466384493
20/02/2019 22:00,0.0110396250718277,0.0644993581774576,0.155545466384493
20/02/2019 23:00,0.0110396250718277,0.0644993581774576,0.155545466384493
21/02/2019 00:00,0.0110396250718277,0.0644993581774576,0.155545466384493
21/02/2019 01:00,0.0110396250718277,0.0644993581774576,0.155545466384493
21/02/2019 02:00,0.0110396250718277,0.0644993581774576,0.155545466384493
21/02/2019 03:00,0.0110396250718277,0.0644993581774576,0.155545466384493
21/02/2019 04:00,0.0110396250718277,0.0644993581774576,0.155545466384493
21/02/2019 05:00,0.0110396250718277,0.0644993581774576,0.155545466384493
21/02/2019 06:00,0.0110396250718277,0.0644993581774576,0.155545466384493
21/02/2019 07:00,0.0110396250718277,0.0644993581774576,0.155545466384493
21/02/2019 08:00,0.0110396250718277,0.0644993581774576,0.155545466384493
21/02/2019 09:00,0.0110396250718277,0.0644993581774576,0.155545466384493
21/02/2019 10:00,0.0110396250718277,0.0644993581774576,0.155545466384493
21/02/2019 11:00,0.0110396250718277,0.0644993581774576,0.155545466384493
21/02/2019 12:00,0.0110396250718277,0.0644993581774576,0.155545466384493
21/02/2019 13:00,0.0110396250718277,0.0644993581774576,0.155545466384493
21/02/2019 14:00,0.0110396250718277,0.0644993581774576,0.155545466384493
21/02/2019 15:00,0.0110396250718277,0.0644993581774576,0.155545466384493
21/02/2019 16:00,0.0110396250718277,0.0644993581774576,0.155545466384493
21/02/2019 17:00,0.0110396250718277,0.0644993581774576,0.155545466384493
21/02/2019 18:00,0.0110396250718277,0.0644993581774576,0.155545466384493
21/02/2019 19:00,0.0110396250718277,0.0644993581774576,0.155545466384493
21/02/2019 20:00,0.0110396250718277,0.0644993581774576,0.155545466384493
21/02/2019 21:00,0.0110396250718277,0.0644993581774576,0.155545466384493
21/02/2019 22:00,0.0110396250718277,0.0644993581774576,0.155545466384493
21/02/2019 23:00,0.0110396250718277,0.0644993581774576,0.155545466384493
22/02/2019 00:00,0.0110396250718277,0.0644993581774576,0.155545466384493
22/02/2019 01:00,0.0110396250718277,0.0644993581774576,0.155545466384493
22/02/2019 02:00,0.0110396250718277,0.0644993581774576,0.155545466384493
22/02/2019 03:00,0.0110396250718277,0.0644993581774576,0.155545466384493
22/02/2019 04:00,0.0110396250718277,0.0644993581774576,0.155545466384493
22/02/2019 05:00,0.0110396250718277,0.0644993581774576,0.155545466384493
22/02/2019 06:00,0.0110396250718277,0.0644993581774576,0.155545466384493
22/02/2019 07:00,0.0110396250718277,0.0644993581774576,0.155545466384493
22/02/2019 08:00,0.0110396250718277,0.0644993581774576,0.155545466384493
22/02/2019 09:00,0.0110396250718277,0.0644993581774576,0.155545466384493
22/02/2019 10:00,0.0110396250718277,0.0644993581774576,0.155545466384493
22/02/2019 11:00,0.0110396250718277,0.0644993581774576,0.155545466384493
22/02/2019 12:00,0.0110396250718277,0.0644993581774576,0.155545466384493
22/02/2019 13:00,0.0110396250718277,0.0644993581774576,0.155545466384493
22/02/2019 14:00,0.0110396250718277,0.0644993581774576,0.155545466384493
22/02/2019 15:00,0.0110396250718277,0.0644993581774576,0.155545466384493
22/02/2019 16:00,0.0110396250718277,0.0644993581774576,0.155545466384493
22/02/2019 17:00,0.0110396250718277,0.0644993581774576,0.155545466384493
22/02/2019 18:00,0.0110396250718277,0.0644993581774576,0.155545466384493
22/02/2019 19:00,0.0110396250718277,0.0644993581774576,0.155545466384493
22/02/2019 20:00,0.0110396250718277,0.0644993581774576,0.155545466384493
22/02/2019 21:00,0.0110396250718277,0.0644993581774576,0.155545466384493
22/02/2019 22:00,0.0110396250718277,0.0644993581774576,0.155545466384493
22/02/2019 23:00,0.0110396250718277,0.0644993581774576,0.155545466384493
23/02/2019 00:00,0.0110396250718277,0.0644993581774576,0.155545466384493
23/02/2019 01:00,0.0110396250718277,0.0644993581774576,0.155545466384493
23/02/2019 02:00,0.0110396250718277,0.0644993581774576,0.155545466384493
23/02/2019 03:00,0.0110396250718277,0.0644993581774576,0.155545466384493
23/02/2019 04:00,0.0110396250718277,0.0644993581774576,0.155545466384493
23/02/2019 05:00,0.0110396250718277,0.0644993581774576,0.155545466384493
23/02/2019 06:00,0.0110396250718277,0.0644993581774576,0.155545466384493
23/02/2019 07:00,0.0110396250718277,0.0644993581774576,0.155545466384493
23/02/2019 08:00,0.0110396250718277,0.0644993581774576,0.155545466384493
23/02/2019 09:00,0.0110396250718277,0.0644993581774576,0.155545466384493
23/02/2019 10:00,0.0110396250718277,0.0644993581774576,0.155545466384493
23/02/2019 11:00,0.0110396250718277,0.0644993581774576,0.155545466384493
23/02/2019 12:00,0.0110396250718277,0.0644993581774576,0.155545466384493
23/02/2019 13:00,0.0110396250718277,0.0644993581774576,0.155545466384493
23/02/2019 14:00,0.0110396250718277,0.0644993581774576,0.155545466384493
23/02/2019 15:00,0.0110396250718277,0.0644993581774576,0.155545466384493
23/02/2019 16:00,0.0110396250718277,0.0644993581774576,0.155545466384493
23/02/2019 17:00,0.0110396250718277,0.0644993581774576,0.155545466384493
23/02/2019 18:00,0.0110396250718277,0.0644993581774576,0.155545466384493
23/02/2019 19:00,0.0110396250718277,0.0644993581774576,0.155545466384493
23/02/2019 20:00,0.0110396250718277,0.0644993581774576,0.155545466384493
23/02/2019 21:00,0.0110396250718277,0.0644993581774576,0.155545466384493
23/02/2019 22:00,0.0110396250718277,0.0644993581774576,0.155545466384493
23/02/2019 23:00,0.0110396250718277,0.0644993581774576,0.155545466384493
24/02/2019 00:00,0.0110396250718277,0.0644993581774576,0.155545466384493
24/02/2019 01:00,0.0110396250718277,0.0644993581774576,0.155545466384493
24/02/2019 02:00,0.0110396250718277,0.0644993581774576,0.155545466384493
24/02/2019 03:00,0.0110396250718277,0.0644993581774576,0.155545466384493
24/02/2019 04:00,0.0110396250718277,0.0644993581774576,0.155545466384493
24/02/2019 05:00,0.0110396250718277,0.0644993581774576,0.155545466384493
24/02/2019 06:00,0.0110396250718277,0.0644993581774576,0.155545466384493
24/02/2019 07:00,0.0110396250718277,0.0644993581774576,0.155545466384493
24/02/2019 08:00,0.0110396250718277,0.0644993581774576,0.155545466384493
24/02/2019 09:00,0.0110396250718277,0.0644993581774576,0.155545466384493
24/02/2019 10:00,0.0110396250718277,0.0644993581774576,0.155545466384493
24/02/2019 11:00,0.0110396250718277,0.0644993581774576,0.155545466384493
24/02/2019 12:00,0.0110396250718277,0.0644993581774576,0.155545466384493
24/02/2019 13:00,0.0110396250718277,0.0644993581774576,0.155545466384493
24/02/2019 14:00,0.0110396250718277,0.0644993581774576,0.155545466384493
24/02/2019 15:00,0.0110396250718277,0.0644993581774576,0.155545466384493
24/02/2019 16:00,0.0110396250718277,0.0644993581774576,0.155545466384493
24/02/2019 17:00,0.0110396250718277,0.0644993581774576,0.155545466384493
24/02/2019 18:00,0.0110396250718277,0.0644993581774576,0.155545466384493
24/02/2019 19:00,0.0110396250718277,0.0644993581774576,0.155545466384493
24/02/2019 20:00,0.0110396250718277,0.0644993581774576,0.155545466384493
24/02/2019 21:00,0.0110396250718277,0.0644993581774576,0.155545466384493
24/02/2019 22:00,0.0110396250718277,0.0644993581774576,0.155545466384493
24/02/2019 23:00,0.0110396250718277,0.0644993581774576,0.155545466384493
25/02/2019 00:00,0.0110396250718277,0.0644993581774576,0.155545466384493
25/02/2019 01:00,0.0110396250718277,0.0644993581774576,0.155545466384493
25/02/2019 02:00,0.0110396250718277,0.0644993581774576,0.155545466384493
25/02/2019 03:00,0.0110396250718277,0.0644993581774576,0.155545466384493
25/02/2019 04:00,0.0110396250718277,0.0644993581774576,0.155545466384493
25/02/2019 05:00,0.0110396250718277,0.0644993581774576,0.155545466384493
25/02/2019 06:00,0.0110396250718277,0.0644993581774576,0.155545466384493
25/02/2019 07:00,0.0110396250718277,0.0644993581774576,0.155545466384493
25/02/2019 08:00,0.0110396250718277,0.0644993581774576,0.155545466384493
25/02/2019 09:00,0.0110396250718277,0.0644993581774576,0.155545466384493
25/02/2019 10:00,0.0110396250718277,0.0644993581774576,0.155545466384493
25/02/2019 11:00,0.0110396250718277,0.0644993581774576,0.155545466384493
25/02/2019 12:00,0.0110396250718277,0.0644993581774576,0.155545466384493
25/02/2019 13:00,0.0110396250718277,0.0644993581774576,0.155545466384493
25/02/2019 14:00,0.0110396250718277,0.0644993581774576,0.155545466384493
25/02/2019 15:00,0.0110396250718277,0.0644993581774576,0.155545466384493
25/02/2019 16:00,0.0110396250718277,0.0644993581774576,0.155545466384493
25/02/2019 17:00,0.0110396250718277,0.0644993581774576,0.155545466384493
25/02/2019 18:00,0.0110396250718277,0.0644993581774576,0.155545466384493
25/02/2019 19:00,0.0110396250718277,0.0644993581774576,0.155545466384493
25/02/2019 20:00,0.0110396250718277,0.0644993581774576,0.155545466384493
25/02/2019 21:00,0.0110396250718277,0.0644993581774576,0.155545466384493
25/02/2019 22:00,0.0110396250718277,0.0644993581774576,0.155545466384493
25/02/2019 23:00,0.0110396250718277,0.0644993581774576,0.155545466384493
26/02/2019 00:00,0.0110396250718277,0.0644993581774576,0.155545466384493
26/02/2019 01:00,0.0110396250718277,0.0644993581774576,0.155545466384493
26/02/2019 02:00,0.0110396250718277,0.0644993581774576,0.155545466384493
26/02/2019 03:00,0.0110396250718277,0.0644993581774576,0.155545466384493
26/02/2019 04:00,0.0110396250718277,0.0644993581774576,0.155545466384493
26/02/2019 05:00,0.0110396250718277,0.0644993581774576,0.155545466384493
26/02/2019 06:00,0.0110396250718277,0.0644993581774576,0.155545466384493
26/02/2019 07:00,0.0110396250718277,0.0644993581774576,0.155545466384493
26/02/2019 08:00,0.0110396250718277,0.0644993581774576,0.155545466384493
26/02/2019 09:00,0.0110396250718277,0.0644993581774576,0.155545466384493
26/02/2019 10:00,0.0110396250718277,0.0644993581774576,0.155545466384493
26/02/2019 11:00,0.0110396250718277,0.0644993581774576,0.155545466384493
26/02/2019 12:00,0.0110396250718277,0.0644993581774576,0.155545466384493
26/02/2019 13:00,0.0110396250718277,0.0644993581774576,0.155545466384493
26/02/2019 14:00,0.0110396250718277,0.0644993581774576,0.155545466384493
26/02/2019 15:00,0.0110396250718277,0.0644993581774576,0.155545466384493
26/02/2019 16:00,0.0110396250718277,0.0644993581774576,0.155545466384493
26/02/2019 17:00,0.0110396250718277,0.0644993581774576,0.155545466384493
26/02/2019 18:00,0.0110396250718277,0.0644993581774576,0.155545466384493
26/02/2019 19:00,0.0110396250718277,0.0644993581774576,0.155545466384493
26/02/2019 20:00,0.0110396250718277,0.0644993581774576,0.155545466384493
26/02/2019 21:00,0.0110396250718277,0.0644993581774576,0.155545466384493
26/02/2019 22:00,0.0110396250718277,0.0644993581774576,0.155545466384493
26/02/2019 23:00,0.0110396250718277,0.0644993581774576,0.155545466384493
27/02/2019 00:00,0.0110396250718277,0.0644993581774576,0.155545466384493
27/02/2019 01:00,0.0110396250718277,0.0644993581774576,0.155545466384493
27/02/2019 02:00,0.0110396250718277,0.0644993581774576,0.155545466384493
27/02/2019 03:00,0.0110396250718277,0.0644993581774576,0.155545466384493
27/02/2019 04:00,0.0110396250718277,0.0644993581774576,0.155545466384493
27/02/2019 05:00,0.0110396250718277,0.0644993581774576,0.155545466384493
27/02/2019 06:00,0.0110396250718277,0.0644993581774576,0.155545466384493
27/02/2019 07:00,0.0110396250718277,0.0644993581774576,0.155545466384493
27/02/2019 08:00,0.0110396250718277,0.0644993581774576,0.155545466384493
27/02/2019 09:00,0.0110396250718277,0.0644993581774576,0.155545466384493
27/02/2019 10:00,0.0110396250718277,0.0644993581774576,0.155545466384493
27/02/2019 11:00,0.0110396250718277,0.0644993581774576,0.155545466384493
27/02/2019 12:00,0.0110396250718277,0.0644993581774576,0.155545466384493
27/02/2019 13:00,0.0110396250718277,0.0644993581774576,0.155545466384493
27/02/2019 14:00,0.0110396250718277,0.0644993581774576,0.155545466384493
27/02/2019 15:00,0.0110396250718277,0.0644993581774576,0.155545466384493
27/02/2019 16:00,0.0110396250718277,0.0644993581774576,0.155545466384493
27/02/2019 17:00,0.0110396250718277,0.0644993581774576,0.155545466384493
27/02/2019 18:00,0.0110396250718277,0.0644993581774576,0.155545466384493
27/02/2019 19:00,0.0110396250718277,0.0644993581774576,0.155545466384493
27/02/2019 20:00,0.0110396250718277,0.0644993581774576,0.155545466384493
27/02/2019 21:00,0.0110396250718277,0.0644993581774576,0.155545466384493
27/02/2019 22:00,0.0110396250718277,0.0644993581774576,0.155545466384493
27/02/2019 23:00,0.0110396250718277,0.0644993581774576,0.155545466384493
28/02/2019 00:00,0.0110396250718277,0.0644993581774576,0.155545466384493
28/02/2019 01:00,0.0110396250718277,0.0644993581774576,0.155545466384493
28/02/2019 02:00,0.0110396250718277,0.0644993581774576,0.155545466384493
28/02/2019 03:00,0.0110396250718277,0.0644993581774576,0.155545466384493
28/02/2019 04:00,0.0110396250718277,0.0644993581774576,0.155545466384493
28/02/2019 05:00,0.0110396250718277,0.0644993581774576,0.155545466384493
28/02/2019 06:00,0.0110396250718277,0.0644993581774576,0.155545466384493
28/02/2019 07:00,0.0110396250718277,0.0644993581774576,0.155545466384493
28/02/2019 08:00,0.0110396250718277,0.0644993581774576,0.155545466384493
28/02/2019 09:00,0.0110396250718277,0.0644993581774576,0.155545466384493
28/02/2019 10:00,0.0110396250718277,0.0644993581774576,0.155545466384493
28/02/2019 11:00,0.0110396250718277,0.0644993581774576,0.155545466384493
28/02/2019 12:00,0.0110396250718277,0.0644993581774576,0.155545466384493
28/02/2019 13:00,0.0110396250718277,0.0644993581774576,0.155545466384493
28/02/2019 14:00,0.0110396250718277,0.0644993581774576,0.155545466384493
28/02/2019 15:00,0.0110396250718277,0.0644993581774576,0.155545466384493
28/02/2019 16:00,0.0110396250718277,0.0644993581774576,0.155545466384493
28/02/2019 17:00,0.0110396250718277,0.0644993581774576,0.155545466384493
28/02/2019 18:00,0.0110396250718277,0.0644993581774576,0.155545466384493
28/02/2019 19:00,0.0110396250718277,0.0644993581774576,0.155545466384493
28/02/2019 20:00,0.0110396250718277,0.0644993581774576,0.155545466384493
28/02/2019 21:00,0.0110396250718277,0.0644993581774576,0.155545466384493
28/02/2019 22:00,0.0110396250718277,0.0644993581774576,0.155545466384493
28/02/2019 23:00,0.0110396250718277,0.0644993581774576,0.155545466384493
01/03/2019 00:00,0.0134559379427065,0.0579871870801249,0.1569841077604546
01/03/2019 01:00,0.0134559379427065,0.0579871870801249,0.1569841077604546
01/03/2019 02:00,0.0134559379427065,0.0579871870801249,0.1569841077604546
01/03/2019 03:00,0.0134559379427065,0.0579871870801249,0.1569841077604546
01/03/2019 04:00,0.0134559379427065,0.0579871870801249,0.1569841077604546
01/03/2019 05:00,0.0134559379427065,0.0579871870801249,0.1569841077604546
01/03/2019 06:00,0.0134559379427065,0.0579871870801249,0.1569841077604546
01/03/2019 07:00,0.0134559379427065,0.0579871870801249,0.1569841077604546
01/03/2019 08:00,0.0134559379427065,0.0579871870801249,0.1569841077604546
01/03/2019 09:00,0.0134559379427065,0.0579871870801249,0.1569841077604546
01/03/2019 10:00,0.0134559379427065,0.0579871870801249,0.1569841077604546
01/03/2019 11:00,0.0134559379427065,0.0579871870801249,0.1569841077604546
01/03/2019 12:00,0.0134559379427065,0.0579871870801249,0.1569841077604546
01/03/2019 13:00,0.0134559379427065,0.0579871870801249,0.1569841077604546
01/03/2019 14:00,0.0134559379427065,0.0579871870801249,0.1569841077604546
01/03/2019 15:00,0.0134559379427065,0.0579871870801249,0.1569841077604546
01/03/2019 16:00,0.0134559379427065,0.0579871870801249,0.1569841077604546
01/03/2019 17:00,0.0134559379427065,0.0579871870801249,0.1569841077604546
01/03/2019 18:00,0.0134559379427065,0.0579871870801249,0.1569841077604546
01/03/2019 19:00,0.0134559379427065,0.0579871870801249,0.1569841077604546
01/03/2019 20:00,0.0134559379427065,0.0579871870801249,0.1569841077604546
01/03/2019 21:00,0.0134559379427065,0.0579871870801249,0.1569841077604546
01/03/2019 22:00,0.0134559379427065,0.0579871870801249,0.1569841077604546
01/03/2019 23:00,0.0134559379427065,0.0579871870801249,0.1569841077604546
02/03/2019 00:00,0.0134559379427065,0.0579871870801249,0.1569841077604546
02/03/2019 01:00,0.0134559379427065,0.0579871870801249,0.1569841077604546
02/03/2019 02:00,0.0134559379427065,0.0579871870801249,0.1569841077604546
02/03/2019 03:00,0.0134559379427065,0.0579871870801249,0.1569841077604546
02/03/2019 04:00,0.0134559379427065,0.0579871870801249,0.1569841077604546
02/03/2019 05:00,0.0134559379427065,0.0579871870801249,0.1569841077604546
02/03/2019 06:00,0.0134559379427065,0.0579871870801249,0.1569841077604546
02/03/2019 07:00,0.0134559379427065,0.0579871870801249,0.1569841077604546
02/03/2019 08:00,0.0134559379427065,0.0579871870801249,0.1569841077604546
02/03/2019 09:00,0.0134559379427065,0.0579871870801249,0.1569841077604546
02/03/2019 10:00,0.0134559379427065,0.0579871870801249,0.1569841077604546
02/03/2019 11:00,0.0134559379427065,0.0579871870801249,0.1569841077604546
02/03/2019 12:00,0.0134559379427065,0.0579871870801249,0.1569841077604546
02/03/2019 13:00,0.0134559379427065,0.0579871870801249,0.1569841077604546
02/03/2019 14:00,0.0134559379427065,0.0579871870801249,0.1569841077604546
02/03/2019 15:00,0.0134559379427065,0.0579871870801249,0.1569841077604546
02/03/2019 16:00,0.0134559379427065,0.0579871870801249,0.1569841077604546
02/03/2019 17:00,0.0134559379427065,0.0579871870801249,0.1569841077604546
02/03/2019 18:00,0.0134559379427065,0.0579871870801249,0.1569841077604546
02/03/2019 19:00,0.0134559379427065,0.0579871870801249,0.1569841077604546
02/03/2019 20:00,0.0134559379427065,0.0579871870801249,0.1569841077604546
02/03/2019 21:00,0.0134559379427065,0.0579871870801249,0.1569841077604546
02/03/2019 22:00,0.0134559379427065,0.0579871870801249,0.1569841077604546
02/03/2019 23:00,0.0134559379427065,0.0579871870801249,0.1569841077604546
03/03/2019 00:00,0.0134559379427065,0.0579871870801249,0.1569841077604546
03/03/2019 01:00,0.0134559379427065,0.0579871870801249,0.1569841077604546
03/03/2019 02:00,0.0134559379427065,0.0579871870801249,0.1569841077604546
03/03/2019 03:00,0.0134559379427065,0.0579871870801249,0.1569841077604546
03/03/2019 04:00,0.0134559379427065,0.0579871870801249,0.1569841077604546
03/03/2019 05:00,0.0134559379427065,0.0579871870801249,0.1569841077604546
03/03/2019 06:00,0.0134559379427065,0.0579871870801249,0.1569841077604546
03/03/2019 07:00,0.0134559379427065,0.0579871870801249,0.1569841077604546
03/03/2019 08:00,0.0134559379427065,0.0579871870801249,0.1569841077604546
03/03/2019 09:00,0.0134559379427065,0.0579871870801249,0.1569841077604546
03/03/2019 10:00,0.0134559379427065,0.0579871870801249,0.1569841077604546
03/03/2019 11:00,0.0134559379427065,0.0579871870801249,0.1569841077604546
03/03/2019 12:00,0.0134559379427065,0.0579871870801249,0.1569841077604546
03/03/2019 13:00,0.0134559379427065,0.0579871870801249,0.1569841077604546
03/03/2019 14:00,0.0134559379427065,0.0579871870801249,0.1569841077604546
03/03/2019 15:00,0.0134559379427065,0.0579871870801249,0.1569841077604546
03/03/2019 16:00,0.0134559379427065,0.0579871870801249,0.1569841077604546
03/03/2019 17:00,0.0134559379427065,0.0579871870801249,0.1569841077604546
03/03/2019 18:00,0.0134559379427065,0.0579871870801249,0.1569841077604546
03/03/2019 19:00,0.0134559379427065,0.0579871870801249,0.1569841077604546
03/03/2019 20:00,0.0134559379427065,0.0579871870801249,0.1569841077604546
03/03/2019 21:00,0.0134559379427065,0.0579871870801249,0.1569841077604546
03/03/2019 22:00,0.0134559379427065,0.0579871870801249,0.1569841077604546
03/03/2019 23:00,0.0134559379427065,0.0579871870801249,0.1569841077604546
04/03/2019 00:00,0.0134559379427065,0.0579871870801249,0.1569841077604546
04/03/2019 01:00,0.0134559379427065,0.0579871870801249,0.1569841077604546
04/03/2019 02:00,0.0134559379427065,0.0579871870801249,0.1569841077604546
04/03/2019 03:00,0.0134559379427065,0.0579871870801249,0.1569841077604546
04/03/2019 04:00,0.0134559379427065,0.0579871870801249,0.1569841077604546
04/03/2019 05:00,0.0134559379427065,0.0579871870801249,0.1569841077604546
04/03/2019 06:00,0.0134559379427065,0.0579871870801249,0.1569841077604546
04/03/2019 07:00,0.0134559379427065,0.0579871870801249,0.1569841077604546
04/03/2019 08:00,0.0134559379427065,0.0579871870801249,0.1569841077604546
04/03/2019 09:00,0.0134559379427065,0.0579871870801249,0.1569841077604546
04/03/2019 10:00,0.0134559379427065,0.0579871870801249,0.1569841077604546
04/03/2019 11:00,0.0134559379427065,0.0579871870801249,0.1569841077604546
04/03/2019 12:00,0.0134559379427065,0.0579871870801249,0.1569841077604546
04/03/2019 13:00,0.0134559379427065,0.0579871870801249,0.1569841077604546
04/03/2019 14:00,0.0134559379427065,0.0579871870801249,0.1569841077604546
04/03/2019 15:00,0.0134559379427065,0.0579871870801249,0.1569841077604546
04/03/2019 16:00,0.0134559379427065,0.0579871870801249,0.1569841077604546
04/03/2019 17:00,0.0134559379427065,0.0579871870801249,0.1569841077604546
04/03/2019 18:00,0.0134559379427065,0.0579871870801249,0.1569841077604546
04/03/2019 19:00,0.0134559379427065,0.0579871870801249,0.1569841077604546
04/03/2019 20:00,0.0134559379427065,0.0579871870801249,0.1569841077604546
04/03/2019 21:00,0.0134559379427065,0.0579871870801249,0.1569841077604546
04/03/2019 22:00,0.0134559379427065,0.0579871870801249,0.1569841077604546
04/03/2019 23:00,0.0134559379427065,0.0579871870801249,0.1569841077604546
05/03/2019 00:00,0.0134559379427065,0.0579871870801249,0.1569841077604546
05/03/2019 01:00,0.0134559379427065,0.0579871870801249,0.1569841077604546
05/03/2019 02:00,0.0134559379427065,0.0579871870801249,0.1569841077604546
05/03/2019 03:00,0.0134559379427065,0.0579871870801249,0.1569841077604546
05/03/2019 04:00,0.0134559379427065,0.0579871870801249,0.1569841077604546
05/03/2019 05:00,0.0134559379427065,0.0579871870801249,0.1569841077604546
05/03/2019 06:00,0.0134559379427065,0.0579871870801249,0.1569841077604546
05/03/2019 07:00,0.0134559379427065,0.0579871870801249,0.1569841077604546
05/03/2019 08:00,0.0134559379427065,0.0579871870801249,0.1569841077604546
05/03/2019 09:00,0.0134559379427065,0.0579871870801249,0.1569841077604546
05/03/2019 10:00,0.0134559379427065,0.0579871870801249,0.1569841077604546
05/03/2019 11:00,0.0134559379427065,0.0579871870801249,0.1569841077604546
05/03/2019 12:00,0.0134559379427065,0.0579871870801249,0.1569841077604546
05/03/2019 13:00,0.0134559379427065,0.0579871870801249,0.1569841077604546
05/03/2019 14:00,0.0134559379427065,0.0579871870801249,0.1569841077604546
05/03/2019 15:00,0.0134559379427065,0.0579871870801249,0.1569841077604546
05/03/2019 16:00,0.0134559379427065,0.0579871870801249,0.1569841077604546
05/03/2019 17:00,0.0134559379427065,0.0579871870801249,0.1569841077604546
05/03/2019 18:00,0.0134559379427065,0.0579871870801249,0.1569841077604546
05/03/2019 19:00,0.0134559379427065,0.0579871870801249,0.1569841077604546
05/03/2019 20:00,0.0134559379427065,0.0579871870801249,0.1569841077604546
05/03/2019 21:00,0.0134559379427065,0.0579871870801249,0.1569841077604546
05/03/2019 22:00,0.0134559379427065,0.0579871870801249,0.1569841077604546
05/03/2019 23:00,0.0134559379427065,0.0579871870801249,0.1569841077604546
06/03/2019 00:00,0.0134559379427065,0.0579871870801249,0.1569841077604546
06/03/2019 01:00,0.0134559379427065,0.0579871870801249,0.1569841077604546
06/03/2019 02:00,0.0134559379427065,0.0579871870801249,0.1569841077604546
06/03/2019 03:00,0.0134559379427065,0.0579871870801249,0.1569841077604546
06/03/2019 04:00,0.0134559379427065,0.0579871870801249,0.1569841077604546
06/03/2019 05:00,0.0134559379427065,0.0579871870801249,0.1569841077604546
06/03/2019 06:00,0.0134559379427065,0.0579871870801249,0.1569841077604546
06/03/2019 07:00,0.0134559379427065,0.0579871870801249,0.1569841077604546
06/03/2019 08:00,0.0134559379427065,0.0579871870801249,0.1569841077604546
06/03/2019 09:00,0.0134559379427065,0.0579871870801249,0.1569841077604546
06/03/2019 10:00,0.0134559379427065,0.0579871870801249,0.1569841077604546
06/03/2019 11:00,0.0134559379427065,0.0579871870801249,0.1569841077604546
06/03/2019 12:00,0.0134559379427065,0.0579871870801249,0.1569841077604546
06/03/2019 13:00,0.0134559379427065,0.0579871870801249,0.1569841077604546
06/03/2019 14:00,0.0134559379427065,0.0579871870801249,0.1569841077604546
06/03/2019 15:00,0.0134559379427065,0.0579871870801249,0.1569841077604546
06/03/2019 16:00,0.0134559379427065,0.0579871870801249,0.1569841077604546
06/03/2019 17:00,0.0134559379427065,0.0579871870801249,0.1569841077604546
06/03/2019 18:00,0.0134559379427065,0.0579871870801249,0.1569841077604546
06/03/2019 19:00,0.0134559379427065,0.0579871870801249,0.1569841077604546
06/03/2019 20:00,0.0134559379427065,0.0579871870801249,0.1569841077604546
06/03/2019 21:00,0.0134559379427065,0.0579871870801249,0.1569841077604546
06/03/2019 22:00,0.0134559379427065,0.0579871870801249,0.1569841077604546
06/03/2019 23:00,0.0134559379427065,0.0579871870801249,0.1569841077604546
07/03/2019 00:00,0.0134559379427065,0.0579871870801249,0.1569841077604546
07/03/2019 01:00,0.0134559379427065,0.0579871870801249,0.1569841077604546
07/03/2019 02:00,0.0134559379427065,0.0579871870801249,0.1569841077604546
07/03/2019 03:00,0.0134559379427065,0.0579871870801249,0.1569841077604546
07/03/2019 04:00,0.0134559379427065,0.0579871870801249,0.1569841077604546
07/03/2019 05:00,0.0134559379427065,0.0579871870801249,0.1569841077604546
07/03/2019 06:00,0.0134559379427065,0.0579871870801249,0.1569841077604546
07/03/2019 07:00,0.0134559379427065,0.0579871870801249,0.1569841077604546
07/03/2019 08:00,0.0134559379427065,0.0579871870801249,0.1569841077604546
07/03/2019 09:00,0.0134559379427065,0.0579871870801249,0.1569841077604546
07/03/2019 10:00,0.0134559379427065,0.0579871870801249,0.1569841077604546
07/03/2019 11:00,0.0134559379427065,0.0579871870801249,0.1569841077604546
07/03/2019 12:00,0.0134559379427065,0.0579871870801249,0.1569841077604546
07/03/2019 13:00,0.0134559379427065,0.0579871870801249,0.1569841077604546
07/03/2019 14:00,0.0134559379427065,0.0579871870801249,0.1569841077604546
07/03/2019 15:00,0.0134559379427065,0.0579871870801249,0.1569841077604546
07/03/2019 16:00,0.0134559379427065,0.0579871870801249,0.1569841077604546
07/03/2019 17:00,0.0134559379427065,0.0579871870801249,0.1569841077604546
07/03/2019 18:00,0.0134559379427065,0.0579871870801249,0.1569841077604546
07/03/2019 19:00,0.0134559379427065,0.0579871870801249,0.1569841077604546
07/03/2019 20:00,0.0134559379427065,0.0579871870801249,0.1569841077604546
07/03/2019 21:00,0.0134559379427065,0.0579871870801249,0.1569841077604546
07/03/2019 22:00,0.0134559379427065,0.0579871870801249,0.1569841077604546
07/03/2019 23:00,0.0134559379427065,0.0579871870801249,0.1569841077604546
08/03/2019 00:00,0.0134559379427065,0.0579871870801249,0.1569841077604546
08/03/2019 01:00,0.0134559379427065,0.0579871870801249,0.1569841077604546
08/03/2019 02:00,0.0134559379427065,0.0579871870801249,0.1569841077604546
08/03/2019 03:00,0.0134559379427065,0.0579871870801249,0.1569841077604546
08/03/2019 04:00,0.0134559379427065,0.0579871870801249,0.1569841077604546
08/03/2019 05:00,0.0134559379427065,0.0579871870801249,0.1569841077604546
08/03/2019 06:00,0.0134559379427065,0.0579871870801249,0.1569841077604546
08/03/2019 07:00,0.0134559379427065,0.0579871870801249,0.1569841077604546
08/03/2019 08:00,0.0134559379427065,0.0579871870801249,0.1569841077604546
08/03/2019 09:00,0.0134559379427065,0.0579871870801249,0.1569841077604546
08/03/2019 10:00,0.0134559379427065,0.0579871870801249,0.1569841077604546
08/03/2019 11:00,0.0134559379427065,0.0579871870801249,0.1569841077604546
08/03/2019 12:00,0.0134559379427065,0.0579871870801249,0.1569841077604546
08/03/2019 13:00,0.0134559379427065,0.0579871870801249,0.1569841077604546
08/03/2019 14:00,0.0134559379427065,0.0579871870801249,0.1569841077604546
08/03/2019 15:00,0.0134559379427065,0.0579871870801249,0.1569841077604546
08/03/2019 16:00,0.0134559379427065,0.0579871870801249,0.1569841077604546
08/03/2019 17:00,0.0134559379427065,0.0579871870801249,0.1569841077604546
08/03/2019 18:00,0.0134559379427065,0.0579871870801249,0.1569841077604546
08/03/2019 19:00,0.0134559379427065,0.0579871870801249,0.1569841077604546
08/03/2019 20:00,0.0134559379427065,0.0579871870801249,0.1569841077604546
08/03/2019 21:00,0.0134559379427065,0.0579871870801249,0.1569841077604546
08/03/2019 22:00,0.0134559379427065,0.0579871870801249,0.1569841077604546
08/03/2019 23:00,0.0134559379427065,0.0579871870801249,0.1569841077604546
09/03/2019 00:00,0.0134559379427065,0.0579871870801249,0.1569841077604546
09/03/2019 01:00,0.0134559379427065,0.0579871870801249,0.1569841077604546
09/03/2019 02:00,0.0134559379427065,0.0579871870801249,0.1569841077604546
09/03/2019 03:00,0.0134559379427065,0.0579871870801249,0.1569841077604546
09/03/2019 04:00,0.0134559379427065,0.0579871870801249,0.1569841077604546
09/03/2019 05:00,0.0134559379427065,0.0579871870801249,0.1569841077604546
09/03/2019 06:00,0.0134559379427065,0.0579871870801249,0.1569841077604546
09/03/2019 07:00,0.0134559379427065,0.0579871870801249,0.1569841077604546
09/03/2019 08:00,0.0134559379427065,0.0579871870801249,0.1569841077604546
09/03/2019 09:00,0.0134559379427065,0.0579871870801249,0.1569841077604546
09/03/2019 10:00,0.0134559379427065,0.0579871870801249,0.1569841077604546
09/03/2019 11:00,0.0134559379427065,0.0579871870801249,0.1569841077604546
09/03/2019 12:00,0.0134559379427065,0.0579871870801249,0.1569841077604546
09/03/2019 13:00,0.0134559379427065,0.0579871870801249,0.1569841077604546
09/03/2019 14:00,0.0134559379427065,0.0579871870801249,0.1569841077604546
09/03/2019 15:00,0.0134559379427065,0.0579871870801249,0.1569841077604546
09/03/2019 16:00,0.0134559379427065,0.0579871870801249,0.1569841077604546
09/03/2019 17:00,0.0134559379427065,0.0579871870801249,0.1569841077604546
09/03/2019 18:00,0.0134559379427065,0.0579871870801249,0.1569841077604546
09/03/2019 19:00,0.0134559379427065,0.0579871870801249,0.1569841077604546
09/03/2019 20:00,0.0134559379427065,0.0579871870801249,0.1569841077604546
09/03/2019 21:00,0.0134559379427065,0.0579871870801249,0.1569841077604546
09/03/2019 22:00,0.0134559379427065,0.0579871870801249,0.1569841077604546
09/03/2019 23:00,0.0134559379427065,0.0579871870801249,0.1569841077604546
10/03/2019 00:00,0.0134559379427065,0.0579871870801249,0.1569841077604546
10/03/2019 01:00,0.0134559379427065,0.0579871870801249,0.1569841077604546
10/03/2019 02:00,0.0134559379427065,0.0579871870801249,0.1569841077604546
10/03/2019 03:00,0.0134559379427065,0.0579871870801249,0.1569841077604546
10/03/2019 04:00,0.0134559379427065,0.0579871870801249,0.1569841077604546
10/03/2019 05:00,0.0134559379427065,0.0579871870801249,0.1569841077604546
10/03/2019 06:00,0.0134559379427065,0.0579871870801249,0.1569841077604546
10/03/2019 07:00,0.0134559379427065,0.0579871870801249,0.1569841077604546
10/03/2019 08:00,0.0134559379427065,0.0579871870801249,0.1569841077604546
10/03/2019 09:00,0.0134559379427065,0.0579871870801249,0.1569841077604546
10/03/2019 10:00,0.0134559379427065,0.0579871870801249,0.1569841077604546
10/03/2019 11:00,0.0134559379427065,0.0579871870801249,0.1569841077604546
10/03/2019 12:00,0.0134559379427065,0.0579871870801249,0.1569841077604546
10/03/2019 13:00,0.0134559379427065,0.0579871870801249,0.1569841077604546
10/03/2019 14:00,0.0134559379427065,0.0579871870801249,0.1569841077604546
10/03/2019 15:00,0.0134559379427065,0.0579871870801249,0.1569841077604546
10/03/2019 16:00,0.0134559379427065,0.0579871870801249,0.1569841077604546
10/03/2019 17:00,0.0134559379427065,0.0579871870801249,0.1569841077604546
10/03/2019 18:00,0.0134559379427065,0.0579871870801249,0.1569841077604546
10/03/2019 19:00,0.0134559379427065,0.0579871870801249,0.1569841077604546
10/03/2019 20:00,0.0134559379427065,0.0579871870801249,0.1569841077604546
10/03/2019 21:00,0.0134559379427065,0.0579871870801249,0.1569841077604546
10/03/2019 22:00,0.0134559379427065,0.0579871870801249,0.1569841077604546
10/03/2019 23:00,0.0134559379427065,0.0579871870801249,0.1569841077604546
11/03/2019 00:00,0.0134559379427065,0.0579871870801249,0.1569841077604546
11/03/2019 01:00,0.0134559379427065,0.0579871870801249,0.1569841077604546
11/03/2019 02:00,0.0134559379427065,0.0579871870801249,0.1569841077604546
11/03/2019 03:00,0.0134559379427065,0.0579871870801249,0.1569841077604546
11/03/2019 04:00,0.0134559379427065,0.0579871870801249,0.1569841077604546
11/03/2019 05:00,0.0134559379427065,0.0579871870801249,0.1569841077604546
11/03/2019 06:00,0.0134559379427065,0.0579871870801249,0.1569841077604546
11/03/2019 07:00,0.0134559379427065,0.0579871870801249,0.1569841077604546
11/03/2019 08:00,0.0134559379427065,0.0579871870801249,0.1569841077604546
11/03/2019 09:00,0.0134559379427065,0.0579871870801249,0.1569841077604546
11/03/2019 10:00,0.0134559379427065,0.0579871870801249,0.1569841077604546
11/03/2019 11:00,0.0134559379427065,0.0579871870801249,0.1569841077604546
11/03/2019 12:00,0.0134559379427065,0.0579871870801249,0.1569841077604546
11/03/2019 13:00,0.0134559379427065,0.0579871870801249,0.1569841077604546
11/03/2019 14:00,0.0134559379427065,0.0579871870801249,0.1569841077604546
11/03/2019 15:00,0.0134559379427065,0.0579871870801249,0.1569841077604546
11/03/2019 16:00,0.0134559379427065,0.0579871870801249,0.1569841077604546
11/03/2019 17:00,0.0134559379427065,0.0579871870801249,0.1569841077604546
11/03/2019 18:00,0.0134559379427065,0.0579871870801249,0.1569841077604546
11/03/2019 19:00,0.0134559379427065,0.0579871870801249,0.1569841077604546
11/03/2019 20:00,0.0134559379427065,0.0579871870801249,0.1569841077604546
11/03/2019 21:00,0.0134559379427065,0.0579871870801249,0.1569841077604546
11/03/2019 22:00,0.0134559379427065,0.0579871870801249,0.1569841077604546
11/03/2019 23:00,0.0134559379427065,0.0579871870801249,0.1569841077604546
12/03/2019 00:00,0.0134559379427065,0.0579871870801249,0.1569841077604546
12/03/2019 01:00,0.0134559379427065,0.0579871870801249,0.1569841077604546
12/03/2019 02:00,0.0134559379427065,0.0579871870801249,0.1569841077604546
12/03/2019 03:00,0.0134559379427065,0.0579871870801249,0.1569841077604546
12/03/2019 04:00,0.0134559379427065,0.0579871870801249,0.1569841077604546
12/03/2019 05:00,0.0134559379427065,0.0579871870801249,0.1569841077604546
12/03/2019 06:00,0.0134559379427065,0.0579871870801249,0.1569841077604546
12/03/2019 07:00,0.0134559379427065,0.0579871870801249,0.1569841077604546
12/03/2019 08:00,0.0134559379427065,0.0579871870801249,0.1569841077604546
12/03/2019 09:00,0.0134559379427065,0.0579871870801249,0.1569841077604546
12/03/2019 10:00,0.0134559379427065,0.0579871870801249,0.1569841077604546
12/03/2019 11:00,0.0134559379427065,0.0579871870801249,0.1569841077604546
12/03/2019 12:00,0.0134559379427065,0.0579871870801249,0.1569841077604546
12/03/2019 13:00,0.0134559379427065,0.0579871870801249,0.1569841077604546
12/03/2019 14:00,0.0134559379427065,0.0579871870801249,0.1569841077604546
12/03/2019 15:00,0.0134559379427065,0.0579871870801249,0.1569841077604546
12/03/2019 16:00,0.0134559379427065,0.0579871870801249,0.1569841077604546
12/03/2019 17:00,0.0134559379427065,0.0579871870801249,0.1569841077604546
12/03/2019 18:00,0.0134559379427065,0.0579871870801249,0.1569841077604546
12/03/2019 19:00,0.0134559379427065,0.0579871870801249,0.1569841077604546
12/03/2019 20:00,0.0134559379427065,0.0579871870801249,0.1569841077604546
12/03/2019 21:00,0.0134559379427065,0.0579871870801249,0.1569841077604546
12/03/2019 22:00,0.0134559379427065,0.0579871870801249,0.1569841077604546
12/03/2019 23:00,0.0134559379427065,0.0579871870801249,0.1569841077604546
13/03/2019 00:00,0.0134559379427065,0.0579871870801249,0.1569841077604546
13/03/2019 01:00,0.0134559379427065,0.0579871870801249,0.1569841077604546
13/03/2019 02:00,0.0134559379427065,0.0579871870801249,0.1569841077604546
13/03/2019 03:00,0.0134559379427065,0.0579871870801249,0.1569841077604546
13/03/2019 04:00,0.0134559379427065,0.0579871870801249,0.1569841077604546
13/03/2019 05:00,0.0134559379427065,0.0579871870801249,0.1569841077604546
13/03/2019 06:00,0.0134559379427065,0.0579871870801249,0.1569841077604546
13/03/2019 07:00,0.0134559379427065,0.0579871870801249,0.1569841077604546
13/03/2019 08:00,0.0134559379427065,0.0579871870801249,0.1569841077604546
13/03/2019 09:00,0.0134559379427065,0.0579871870801249,0.1569841077604546
13/03/2019 10:00,0.0134559379427065,0.0579871870801249,0.1569841077604546
13/03/2019 11:00,0.0134559379427065,0.0579871870801249,0.1569841077604546
13/03/2019 12:00,0.0134559379427065,0.0579871870801249,0.1569841077604546
13/03/2019 13:00,0.0134559379427065,0.0579871870801249,0.1569841077604546
13/03/2019 14:00,0.0134559379427065,0.0579871870801249,0.1569841077604546
13/03/2019 15:00,0.0134559379427065,0.0579871870801249,0.1569841077604546
13/03/2019 16:00,0.0134559379427065,0.0579871870801249,0.1569841077604546
13/03/2019 17:00,0.0134559379427065,0.0579871870801249,0.1569841077604546
13/03/2019 18:00,0.0134559379427065,0.0579871870801249,0.1569841077604546
13/03/2019 19:00,0.0134559379427065,0.0579871870801249,0.1569841077604546
13/03/2019 20:00,0.0134559379427065,0.0579871870801249,0.1569841077604546
13/03/2019 21:00,0.0134559379427065,0.0579871870801249,0.1569841077604546
13/03/2019 22:00,0.0134559379427065,0.0579871870801249,0.1569841077604546
13/03/2019 23:00,0.0134559379427065,0.0579871870801249,0.1569841077604546
14/03/2019 00:00,0.0134559379427065,0.0579871870801249,0.1569841077604546
14/03/2019 01:00,0.0134559379427065,0.0579871870801249,0.1569841077604546
14/03/2019 02:00,0.0134559379427065,0.0579871870801249,0.1569841077604546
14/03/2019 03:00,0.0134559379427065,0.0579871870801249,0.1569841077604546
14/03/2019 04:00,0.0134559379427065,0.0579871870801249,0.1569841077604546
14/03/2019 05:00,0.0134559379427065,0.0579871870801249,0.1569841077604546
14/03/2019 06:00,0.0134559379427065,0.0579871870801249,0.1569841077604546
14/03/2019 07:00,0.0134559379427065,0.0579871870801249,0.1569841077604546
14/03/2019 08:00,0.0134559379427065,0.0579871870801249,0.1569841077604546
14/03/2019 09:00,0.0134559379427065,0.0579871870801249,0.1569841077604546
14/03/2019 10:00,0.0134559379427065,0.0579871870801249,0.1569841077604546
14/03/2019 11:00,0.0134559379427065,0.0579871870801249,0.1569841077604546
14/03/2019 12:00,0.0134559379427065,0.0579871870801249,0.1569841077604546
14/03/2019 13:00,0.0134559379427065,0.0579871870801249,0.1569841077604546
14/03/2019 14:00,0.0134559379427065,0.0579871870801249,0.1569841077604546
14/03/2019 15:00,0.0134559379427065,0.0579871870801249,0.1569841077604546
14/03/2019 16:00,0.0134559379427065,0.0579871870801249,0.1569841077604546
14/03/2019 17:00,0.0134559379427065,0.0579871870801249,0.1569841077604546
14/03/2019 18:00,0.0134559379427065,0.0579871870801249,0.1569841077604546
14/03/2019 19:00,0.0134559379427065,0.0579871870801249,0.1569841077604546
14/03/2019 20:00,0.0134559379427065,0.0579871870801249,0.1569841077604546
14/03/2019 21:00,0.0134559379427065,0.0579871870801249,0.1569841077604546
14/03/2019 22:00,0.0134559379427065,0.0579871870801249,0.1569841077604546
14/03/2019 23:00,0.0134559379427065,0.0579871870801249,0.1569841077604546
15/03/2019 00:00,0.0134559379427065,0.0579871870801249,0.1569841077604546
15/03/2019 01:00,0.0134559379427065,0.0579871870801249,0.1569841077604546
15/03/2019 02:00,0.0134559379427065,0.0579871870801249,0.1569841077604546
15/03/2019 03:00,0.0134559379427065,0.0579871870801249,0.1569841077604546
15/03/2019 04:00,0.0134559379427065,0.0579871870801249,0.1569841077604546
15/03/2019 05:00,0.0134559379427065,0.0579871870801249,0.1569841077604546
15/03/2019 06:00,0.0134559379427065,0.0579871870801249,0.1569841077604546
15/03/2019 07:00,0.0134559379427065,0.0579871870801249,0.1569841077604546
15/03/2019 08:00,0.0134559379427065,0.0579871870801249,0.1569841077604546
15/03/2019 09:00,0.0134559379427065,0.0579871870801249,0.1569841077604546
15/03/2019 10:00,0.0134559379427065,0.0579871870801249,0.1569841077604546
15/03/2019 11:00,0.0134559379427065,0.0579871870801249,0.1569841077604546
15/03/2019 12:00,0.0134559379427065,0.0579871870801249,0.1569841077604546
15/03/2019 13:00,0.0134559379427065,0.0579871870801249,0.1569841077604546
15/03/2019 14:00,0.0134559379427065,0.0579871870801249,0.1569841077604546
15/03/2019 15:00,0.0134559379427065,0.0579871870801249,0.1569841077604546
15/03/2019 16:00,0.0134559379427065,0.0579871870801249,0.1569841077604546
15/03/2019 17:00,0.0134559379427065,0.0579871870801249,0.1569841077604546
15/03/2019 18:00,0.0134559379427065,0.0579871870801249,0.1569841077604546
15/03/2019 19:00,0.0134559379427065,0.0579871870801249,0.1569841077604546
15/03/2019 20:00,0.0134559379427065,0.0579871870801249,0.1569841077604546
15/03/2019 21:00,0.0134559379427065,0.0579871870801249,0.1569841077604546
15/03/2019 22:00,0.0134559379427065,0.0579871870801249,0.1569841077604546
15/03/2019 23:00,0.0134559379427065,0.0579871870801249,0.1569841077604546
16/03/2019 00:00,0.0134559379427065,0.0579871870801249,0.1569841077604546
16/03/2019 01:00,0.0134559379427065,0.0579871870801249,0.1569841077604546
16/03/2019 02:00,0.0134559379427065,0.0579871870801249,0.1569841077604546
16/03/2019 03:00,0.0134559379427065,0.0579871870801249,0.1569841077604546
16/03/2019 04:00,0.0134559379427065,0.0579871870801249,0.1569841077604546
16/03/2019 05:00,0.0134559379427065,0.0579871870801249,0.1569841077604546
16/03/2019 06:00,0.0134559379427065,0.0579871870801249,0.1569841077604546
16/03/2019 07:00,0.0134559379427065,0.0579871870801249,0.1569841077604546
16/03/2019 08:00,0.0134559379427065,0.0579871870801249,0.1569841077604546
16/03/2019 09:00,0.0134559379427065,0.0579871870801249,0.1569841077604546
16/03/2019 10:00,0.0134559379427065,0.0579871870801249,0.1569841077604546
16/03/2019 11:00,0.0134559379427065,0.0579871870801249,0.1569841077604546
16/03/2019 12:00,0.0134559379427065,0.0579871870801249,0.1569841077604546
16/03/2019 13:00,0.0134559379427065,0.0579871870801249,0.1569841077604546
16/03/2019 14:00,0.0134559379427065,0.0579871870801249,0.1569841077604546
16/03/2019 15:00,0.0134559379427065,0.0579871870801249,0.1569841077604546
16/03/2019 16:00,0.0134559379427065,0.0579871870801249,0.1569841077604546
16/03/2019 17:00,0.0134559379427065,0.0579871870801249,0.1569841077604546
16/03/2019 18:00,0.0134559379427065,0.0579871870801249,0.1569841077604546
16/03/2019 19:00,0.0134559379427065,0.0579871870801249,0.1569841077604546
16/03/2019 20:00,0.0134559379427065,0.0579871870801249,0.1569841077604546
16/03/2019 21:00,0.0134559379427065,0.0579871870801249,0.1569841077604546
16/03/2019 22:00,0.0134559379427065,0.0579871870801249,0.1569841077604546
16/03/2019 23:00,0.0134559379427065,0.0579871870801249,0.1569841077604546
17/03/2019 00:00,0.0134559379427065,0.0579871870801249,0.1569841077604546
17/03/2019 01:00,0.0134559379427065,0.0579871870801249,0.1569841077604546
17/03/2019 02:00,0.0134559379427065,0.0579871870801249,0.1569841077604546
17/03/2019 03:00,0.0134559379427065,0.0579871870801249,0.1569841077604546
17/03/2019 04:00,0.0134559379427065,0.0579871870801249,0.1569841077604546
17/03/2019 05:00,0.0134559379427065,0.0579871870801249,0.1569841077604546
17/03/2019 06:00,0.0134559379427065,0.0579871870801249,0.1569841077604546
17/03/2019 07:00,0.0134559379427065,0.0579871870801249,0.1569841077604546
17/03/2019 08:00,0.0134559379427065,0.0579871870801249,0.1569841077604546
17/03/2019 09:00,0.0134559379427065,0.0579871870801249,0.1569841077604546
17/03/2019 10:00,0.0134559379427065,0.0579871870801249,0.1569841077604546
17/03/2019 11:00,0.0134559379427065,0.0579871870801249,0.1569841077604546
17/03/2019 12:00,0.0134559379427065,0.0579871870801249,0.1569841077604546
17/03/2019 13:00,0.0134559379427065,0.0579871870801249,0.1569841077604546
17/03/2019 14:00,0.0134559379427065,0.0579871870801249,0.1569841077604546
17/03/2019 15:00,0.0134559379427065,0.0579871870801249,0.1569841077604546
17/03/2019 16:00,0.0134559379427065,0.0579871870801249,0.1569841077604546
17/03/2019 17:00,0.0134559379427065,0.0579871870801249,0.1569841077604546
17/03/2019 18:00,0.0134559379427065,0.0579871870801249,0.1569841077604546
17/03/2019 19:00,0.0134559379427065,0.0579871870801249,0.1569841077604546
17/03/2019 20:00,0.0134559379427065,0.0579871870801249,0.1569841077604546
17/03/2019 21:00,0.0134559379427065,0.0579871870801249,0.1569841077604546
17/03/2019 22:00,0.0134559379427065,0.0579871870801249,0.1569841077604546
17/03/2019 23:00,0.0134559379427065,0.0579871870801249,0.1569841077604546
18/03/2019 00:00,0.0134559379427065,0.0579871870801249,0.1569841077604546
18/03/2019 01:00,0.0134559379427065,0.0579871870801249,0.1569841077604546
18/03/2019 02:00,0.0134559379427065,0.0579871870801249,0.1569841077604546
18/03/2019 03:00,0.0134559379427065,0.0579871870801249,0.1569841077604546
18/03/2019 04:00,0.0134559379427065,0.0579871870801249,0.1569841077604546
18/03/2019 05:00,0.0134559379427065,0.0579871870801249,0.1569841077604546
18/03/2019 06:00,0.0134559379427065,0.0579871870801249,0.1569841077604546
18/03/2019 07:00,0.0134559379427065,0.0579871870801249,0.1569841077604546
18/03/2019 08:00,0.0134559379427065,0.0579871870801249,0.1569841077604546
18/03/2019 09:00,0.0134559379427065,0.0579871870801249,0.1569841077604546
18/03/2019 10:00,0.0134559379427065,0.0579871870801249,0.1569841077604546
18/03/2019 11:00,0.0134559379427065,0.0579871870801249,0.1569841077604546
18/03/2019 12:00,0.0134559379427065,0.0579871870801249,0.1569841077604546
18/03/2019 13:00,0.0134559379427065,0.0579871870801249,0.1569841077604546
18/03/2019 14:00,0.0134559379427065,0.0579871870801249,0.1569841077604546
18/03/2019 15:00,0.0134559379427065,0.0579871870801249,0.1569841077604546
18/03/2019 16:00,0.0134559379427065,0.0579871870801249,0.1569841077604546
18/03/2019 17:00,0.0134559379427065,0.0579871870801249,0.1569841077604546
18/03/2019 18:00,0.0134559379427065,0.0579871870801249,0.1569841077604546
18/03/2019 19:00,0.0134559379427065,0.0579871870801249,0.1569841077604546
18/03/2019 20:00,0.0134559379427065,0.0579871870801249,0.1569841077604546
18/03/2019 21:00,0.0134559379427065,0.0579871870801249,0.1569841077604546
18/03/2019 22:00,0.0134559379427065,0.0579871870801249,0.1569841077604546
18/03/2019 23:00,0.0134559379427065,0.0579871870801249,0.1569841077604546
19/03/2019 00:00,0.0134559379427065,0.0579871870801249,0.1569841077604546
19/03/2019 01:00,0.0134559379427065,0.0579871870801249,0.1569841077604546
19/03/2019 02:00,0.0134559379427065,0.0579871870801249,0.1569841077604546
19/03/2019 03:00,0.0134559379427065,0.0579871870801249,0.1569841077604546
19/03/2019 04:00,0.0134559379427065,0.0579871870801249,0.1569841077604546
19/03/2019 05:00,0.0134559379427065,0.0579871870801249,0.1569841077604546
19/03/2019 06:00,0.0134559379427065,0.0579871870801249,0.1569841077604546
19/03/2019 07:00,0.0134559379427065,0.0579871870801249,0.1569841077604546
19/03/2019 08:00,0.0134559379427065,0.0579871870801249,0.1569841077604546
19/03/2019 09:00,0.0134559379427065,0.0579871870801249,0.1569841077604546
19/03/2019 10:00,0.0134559379427065,0.0579871870801249,0.1569841077604546
19/03/2019 11:00,0.0134559379427065,0.0579871870801249,0.1569841077604546
19/03/2019 12:00,0.0134559379427065,0.0579871870801249,0.1569841077604546
19/03/2019 13:00,0.0134559379427065,0.0579871870801249,0.1569841077604546
19/03/2019 14:00,0.0134559379427065,0.0579871870801249,0.1569841077604546
19/03/2019 15:00,0.0134559379427065,0.0579871870801249,0.1569841077604546
19/03/2019 16:00,0.0134559379427065,0.0579871870801249,0.1569841077604546
19/03/2019 17:00,0.0134559379427065,0.0579871870801249,0.1569841077604546
19/03/2019 18:00,0.0134559379427065,0.0579871870801249,0.1569841077604546
19/03/2019 19:00,0.0134559379427065,0.0579871870801249,0.1569841077604546
19/03/2019 20:00,0.0134559379427065,0.0579871870801249,0.1569841077604546
19/03/2019 21:00,0.0134559379427065,0.0579871870801249,0.1569841077604546
19/03/2019 22:00,0.0134559379427065,0.0579871870801249,0.1569841077604546
19/03/2019 23:00,0.0134559379427065,0.0579871870801249,0.1569841077604546
20/03/2019 00:00,0.0134559379427065,0.0579871870801249,0.1569841077604546
20/03/2019 01:00,0.0134559379427065,0.0579871870801249,0.1569841077604546
20/03/2019 02:00,0.0134559379427065,0.0579871870801249,0.1569841077604546
20/03/2019 03:00,0.0134559379427065,0.0579871870801249,0.1569841077604546
20/03/2019 04:00,0.0134559379427065,0.0579871870801249,0.1569841077604546
20/03/2019 05:00,0.0134559379427065,0.0579871870801249,0.1569841077604546
20/03/2019 06:00,0.0134559379427065,0.0579871870801249,0.1569841077604546
20/03/2019 07:00,0.0134559379427065,0.0579871870801249,0.1569841077604546
20/03/2019 08:00,0.0134559379427065,0.0579871870801249,0.1569841077604546
20/03/2019 09:00,0.0134559379427065,0.0579871870801249,0.1569841077604546
20/03/2019 10:00,0.0134559379427065,0.0579871870801249,0.1569841077604546
20/03/2019 11:00,0.0134559379427065,0.0579871870801249,0.1569841077604546
20/03/2019 12:00,0.0134559379427065,0.0579871870801249,0.1569841077604546
20/03/2019 13:00,0.0134559379427065,0.0579871870801249,0.1569841077604546
20/03/2019 14:00,0.0134559379427065,0.0579871870801249,0.1569841077604546
20/03/2019 15:00,0.0134559379427065,0.0579871870801249,0.1569841077604546
20/03/2019 16:00,0.0134559379427065,0.0579871870801249,0.1569841077604546
20/03/2019 17:00,0.0134559379427065,0.0579871870801249,0.1569841077604546
20/03/2019 18:00,0.0134559379427065,0.0579871870801249,0.1569841077604546
20/03/2019 19:00,0.0134559379427065,0.0579871870801249,0.1569841077604546
20/03/2019 20:00,0.0134559379427065,0.0579871870801249,0.1569841077604546
20/03/2019 21:00,0.0134559379427065,0.0579871870801249,0.1569841077604546
20/03/2019 22:00,0.0134559379427065,0.0579871870801249,0.1569841077604546
20/03/2019 23:00,0.0134559379427065,0.0579871870801249,0.1569841077604546
21/03/2019 00:00,0.0134559379427065,0.0579871870801249,0.1569841077604546
21/03/2019 01:00,0.0134559379427065,0.0579871870801249,0.1569841077604546
21/03/2019 02:00,0.0134559379427065,0.0579871870801249,0.1569841077604546
21/03/2019 03:00,0.0134559379427065,0.0579871870801249,0.1569841077604546
21/03/2019 04:00,0.0134559379427065,0.0579871870801249,0.1569841077604546
21/03/2019 05:00,0.0134559379427065,0.0579871870801249,0.1569841077604546
21/03/2019 06:00,0.0134559379427065,0.0579871870801249,0.1569841077604546
21/03/2019 07:00,0.0134559379427065,0.0579871870801249,0.1569841077604546
21/03/2019 08:00,0.0134559379427065,0.0579871870801249,0.1569841077604546
21/03/2019 09:00,0.0134559379427065,0.0579871870801249,0.1569841077604546
21/03/2019 10:00,0.0134559379427065,0.0579871870801249,0.1569841077604546
21/03/2019 11:00,0.0134559379427065,0.0579871870801249,0.1569841077604546
21/03/2019 12:00,0.0134559379427065,0.0579871870801249,0.1569841077604546
21/03/2019 13:00,0.0134559379427065,0.0579871870801249,0.1569841077604546
21/03/2019 14:00,0.0134559379427065,0.0579871870801249,0.1569841077604546
21/03/2019 15:00,0.0134559379427065,0.0579871870801249,0.1569841077604546
21/03/2019 16:00,0.0134559379427065,0.0579871870801249,0.1569841077604546
21/03/2019 17:00,0.0134559379427065,0.0579871870801249,0.1569841077604546
21/03/2019 18:00,0.0134559379427065,0.0579871870801249,0.1569841077604546
21/03/2019 19:00,0.0134559379427065,0.0579871870801249,0.1569841077604546
21/03/2019 20:00,0.0134559379427065,0.0579871870801249,0.1569841077604546
21/03/2019 21:00,0.0134559379427065,0.0579871870801249,0.1569841077604546
21/03/2019 22:00,0.0134559379427065,0.0579871870801249,0.1569841077604546
21/03/2019 23:00,0.0134559379427065,0.0579871870801249,0.1569841077604546
22/03/2019 00:00,0.0134559379427065,0.0579871870801249,0.1569841077604546
22/03/2019 01:00,0.0134559379427065,0.0579871870801249,0.1569841077604546
22/03/2019 02:00,0.0134559379427065,0.0579871870801249,0.1569841077604546
22/03/2019 03:00,0.0134559379427065,0.0579871870801249,0.1569841077604546
22/03/2019 04:00,0.0134559379427065,0.0579871870801249,0.1569841077604546
22/03/2019 05:00,0.0134559379427065,0.0579871870801249,0.1569841077604546
22/03/2019 06:00,0.0134559379427065,0.0579871870801249,0.1569841077604546
22/03/2019 07:00,0.0134559379427065,0.0579871870801249,0.1569841077604546
22/03/2019 08:00,0.0134559379427065,0.0579871870801249,0.1569841077604546
22/03/2019 09:00,0.0134559379427065,0.0579871870801249,0.1569841077604546
22/03/2019 10:00,0.0134559379427065,0.0579871870801249,0.1569841077604546
22/03/2019 11:00,0.0134559379427065,0.0579871870801249,0.1569841077604546
22/03/2019 12:00,0.0134559379427065,0.0579871870801249,0.1569841077604546
22/03/2019 13:00,0.0134559379427065,0.0579871870801249,0.1569841077604546
22/03/2019 14:00,0.0134559379427065,0.0579871870801249,0.1569841077604546
22/03/2019 15:00,0.0134559379427065,0.0579871870801249,0.1569841077604546
22/03/2019 16:00,0.0134559379427065,0.0579871870801249,0.1569841077604546
22/03/2019 17:00,0.0134559379427065,0.0579871870801249,0.1569841077604546
22/03/2019 18:00,0.0134559379427065,0.0579871870801249,0.1569841077604546
22/03/2019 19:00,0.0134559379427065,0.0579871870801249,0.1569841077604546
22/03/2019 20:00,0.0134559379427065,0.0579871870801249,0.1569841077604546
22/03/2019 21:00,0.0134559379427065,0.0579871870801249,0.1569841077604546
22/03/2019 22:00,0.0134559379427065,0.0579871870801249,0.1569841077604546
22/03/2019 23:00,0.0134559379427065,0.0579871870801249,0.1569841077604546
23/03/2019 00:00,0.0134559379427065,0.0579871870801249,0.1569841077604546
23/03/2019 01:00,0.0134559379427065,0.0579871870801249,0.1569841077604546
23/03/2019 02:00,0.0134559379427065,0.0579871870801249,0.1569841077604546
23/03/2019 03:00,0.0134559379427065,0.0579871870801249,0.1569841077604546
23/03/2019 04:00,0.0134559379427065,0.0579871870801249,0.1569841077604546
23/03/2019 05:00,0.0134559379427065,0.0579871870801249,0.1569841077604546
23/03/2019 06:00,0.0134559379427065,0.0579871870801249,0.1569841077604546
23/03/2019 07:00,0.0134559379427065,0.0579871870801249,0.1569841077604546
23/03/2019 08:00,0.0134559379427065,0.0579871870801249,0.1569841077604546
23/03/2019 09:00,0.0134559379427065,0.0579871870801249,0.1569841077604546
23/03/2019 10:00,0.0134559379427065,0.0579871870801249,0.1569841077604546
23/03/2019 11:00,0.0134559379427065,0.0579871870801249,0.1569841077604546
23/03/2019 12:00,0.0134559379427065,0.0579871870801249,0.1569841077604546
23/03/2019 13:00,0.0134559379427065,0.0579871870801249,0.1569841077604546
23/03/2019 14:00,0.0134559379427065,0.0579871870801249,0.1569841077604546
23/03/2019 15:00,0.0134559379427065,0.0579871870801249,0.1569841077604546
23/03/2019 16:00,0.0134559379427065,0.0579871870801249,0.1569841077604546
23/03/2019 17:00,0.0134559379427065,0.0579871870801249,0.1569841077604546
23/03/2019 18:00,0.0134559379427065,0.0579871870801249,0.1569841077604546
23/03/2019 19:00,0.0134559379427065,0.0579871870801249,0.1569841077604546
23/03/2019 20:00,0.0134559379427065,0.0579871870801249,0.1569841077604546
23/03/2019 21:00,0.0134559379427065,0.0579871870801249,0.1569841077604546
23/03/2019 22:00,0.0134559379427065,0.0579871870801249,0.1569841077604546
23/03/2019 23:00,0.0134559379427065,0.0579871870801249,0.1569841077604546
24/03/2019 00:00,0.0134559379427065,0.0579871870801249,0.1569841077604546
24/03/2019 01:00,0.0134559379427065,0.0579871870801249,0.1569841077604546
24/03/2019 02:00,0.0134559379427065,0.0579871870801249,0.1569841077604546
24/03/2019 03:00,0.0134559379427065,0.0579871870801249,0.1569841077604546
24/03/2019 04:00,0.0134559379427065,0.0579871870801249,0.1569841077604546
24/03/2019 05:00,0.0134559379427065,0.0579871870801249,0.1569841077604546
24/03/2019 06:00,0.0134559379427065,0.0579871870801249,0.1569841077604546
24/03/2019 07:00,0.0134559379427065,0.0579871870801249,0.1569841077604546
24/03/2019 08:00,0.0134559379427065,0.0579871870801249,0.1569841077604546
24/03/2019 09:00,0.0134559379427065,0.0579871870801249,0.1569841077604546
24/03/2019 10:00,0.0134559379427065,0.0579871870801249,0.1569841077604546
24/03/2019 11:00,0.0134559379427065,0.0579871870801249,0.1569841077604546
24/03/2019 12:00,0.0134559379427065,0.0579871870801249,0.1569841077604546
24/03/2019 13:00,0.0134559379427065,0.0579871870801249,0.1569841077604546
24/03/2019 14:00,0.0134559379427065,0.0579871870801249,0.1569841077604546
24/03/2019 15:00,0.0134559379427065,0.0579871870801249,0.1569841077604546
24/03/2019 16:00,0.0134559379427065,0.0579871870801249,0.1569841077604546
24/03/2019 17:00,0.0134559379427065,0.0579871870801249,0.1569841077604546
24/03/2019 18:00,0.0134559379427065,0.0579871870801249,0.1569841077604546
24/03/2019 19:00,0.0134559379427065,0.0579871870801249,0.1569841077604546
24/03/2019 20:00,0.0134559379427065,0.0579871870801249,0.1569841077604546
24/03/2019 21:00,0.0134559379427065,0.0579871870801249,0.1569841077604546
24/03/2019 22:00,0.0134559379427065,0.0579871870801249,0.1569841077604546
24/03/2019 23:00,0.0134559379427065,0.0579871870801249,0.1569841077604546
25/03/2019 00:00,0.0134559379427065,0.0579871870801249,0.1569841077604546
25/03/2019 01:00,0.0134559379427065,0.0579871870801249,0.1569841077604546
25/03/2019 02:00,0.0134559379427065,0.0579871870801249,0.1569841077604546
25/03/2019 03:00,0.0134559379427065,0.0579871870801249,0.1569841077604546
25/03/2019 04:00,0.0134559379427065,0.0579871870801249,0.1569841077604546
25/03/2019 05:00,0.0134559379427065,0.0579871870801249,0.1569841077604546
25/03/2019 06:00,0.0134559379427065,0.0579871870801249,0.1569841077604546
25/03/2019 07:00,0.0134559379427065,0.0579871870801249,0.1569841077604546
25/03/2019 08:00,0.0134559379427065,0.0579871870801249,0.1569841077604546
25/03/2019 09:00,0.0134559379427065,0.0579871870801249,0.1569841077604546
25/03/2019 10:00,0.0134559379427065,0.0579871870801249,0.1569841077604546
25/03/2019 11:00,0.0134559379427065,0.0579871870801249,0.1569841077604546
25/03/2019 12:00,0.0134559379427065,0.0579871870801249,0.1569841077604546
25/03/2019 13:00,0.0134559379427065,0.0579871870801249,0.1569841077604546
25/03/2019 14:00,0.0134559379427065,0.0579871870801249,0.1569841077604546
25/03/2019 15:00,0.0134559379427065,0.0579871870801249,0.1569841077604546
25/03/2019 16:00,0.0134559379427065,0.0579871870801249,0.1569841077604546
25/03/2019 17:00,0.0134559379427065,0.0579871870801249,0.1569841077604546
25/03/2019 18:00,0.0134559379427065,0.0579871870801249,0.1569841077604546
25/03/2019 19:00,0.0134559379427065,0.0579871870801249,0.1569841077604546
25/03/2019 20:00,0.0134559379427065,0.0579871870801249,0.1569841077604546
25/03/2019 21:00,0.0134559379427065,0.0579871870801249,0.1569841077604546
25/03/2019 22:00,0.0134559379427065,0.0579871870801249,0.1569841077604546
25/03/2019 23:00,0.0134559379427065,0.0579871870801249,0.1569841077604546
26/03/2019 00:00,0.0134559379427065,0.0579871870801249,0.1569841077604546
26/03/2019 01:00,0.0134559379427065,0.0579871870801249,0.1569841077604546
26/03/2019 02:00,0.0134559379427065,0.0579871870801249,0.1569841077604546
26/03/2019 03:00,0.0134559379427065,0.0579871870801249,0.1569841077604546
26/03/2019 04:00,0.0134559379427065,0.0579871870801249,0.1569841077604546
26/03/2019 05:00,0.0134559379427065,0.0579871870801249,0.1569841077604546
26/03/2019 06:00,0.0134559379427065,0.0579871870801249,0.1569841077604546
26/03/2019 07:00,0.0134559379427065,0.0579871870801249,0.1569841077604546
26/03/2019 08:00,0.0134559379427065,0.0579871870801249,0.1569841077604546
26/03/2019 09:00,0.0134559379427065,0.0579871870801249,0.1569841077604546
26/03/2019 10:00,0.0134559379427065,0.0579871870801249,0.1569841077604546
26/03/2019 11:00,0.0134559379427065,0.0579871870801249,0.1569841077604546
26/03/2019 12:00,0.0134559379427065,0.0579871870801249,0.1569841077604546
26/03/2019 13:00,0.0134559379427065,0.0579871870801249,0.1569841077604546
26/03/2019 14:00,0.0134559379427065,0.0579871870801249,0.1569841077604546
26/03/2019 15:00,0.0134559379427065,0.0579871870801249,0.1569841077604546
26/03/2019 16:00,0.0134559379427065,0.0579871870801249,0.1569841077604546
26/03/2019 17:00,0.0134559379427065,0.0579871870801249,0.1569841077604546
26/03/2019 18:00,0.0134559379427065,0.0579871870801249,0.1569841077604546
26/03/2019 19:00,0.0134559379427065,0.0579871870801249,0.1569841077604546
26/03/2019 20:00,0.0134559379427065,0.0579871870801249,0.1569841077604546
26/03/2019 21:00,0.0134559379427065,0.0579871870801249,0.1569841077604546
26/03/2019 22:00,0.0134559379427065,0.0579871870801249,0.1569841077604546
26/03/2019 23:00,0.0134559379427065,0.0579871870801249,0.1569841077604546
27/03/2019 00:00,0.0134559379427065,0.0579871870801249,0.1569841077604546
27/03/2019 01:00,0.0134559379427065,0.0579871870801249,0.1569841077604546
27/03/2019 02:00,0.0134559379427065,0.0579871870801249,0.1569841077604546
27/03/2019 03:00,0.0134559379427065,0.0579871870801249,0.1569841077604546
27/03/2019 04:00,0.0134559379427065,0.0579871870801249,0.1569841077604546
27/03/2019 05:00,0.0134559379427065,0.0579871870801249,0.1569841077604546
27/03/2019 06:00,0.0134559379427065,0.0579871870801249,0.1569841077604546
27/03/2019 07:00,0.0134559379427065,0.0579871870801249,0.1569841077604546
27/03/2019 08:00,0.0134559379427065,0.0579871870801249,0.1569841077604546
27/03/2019 09:00,0.0134559379427065,0.0579871870801249,0.1569841077604546
27/03/2019 10:00,0.0134559379427065,0.0579871870801249,0.1569841077604546
27/03/2019 11:00,0.0134559379427065,0.0579871870801249,0.1569841077604546
27/03/2019 12:00,0.0134559379427065,0.0579871870801249,0.1569841077604546
27/03/2019 13:00,0.0134559379427065,0.0579871870801249,0.1569841077604546
27/03/2019 14:00,0.0134559379427065,0.0579871870801249,0.1569841077604546
27/03/2019 15:00,0.0134559379427065,0.0579871870801249,0.1569841077604546
27/03/2019 16:00,0.0134559379427065,0.0579871870801249,0.1569841077604546
27/03/2019 17:00,0.0134559379427065,0.0579871870801249,0.1569841077604546
27/03/2019 18:00,0.0134559379427065,0.0579871870801249,0.1569841077604546
27/03/2019 19:00,0.0134559379427065,0.0579871870801249,0.1569841077604546
27/03/2019 20:00,0.0134559379427065,0.0579871870801249,0.1569841077604546
27/03/2019 21:00,0.0134559379427065,0.0579871870801249,0.1569841077604546
27/03/2019 22:00,0.0134559379427065,0.0579871870801249,0.1569841077604546
27/03/2019 23:00,0.0134559379427065,0.0579871870801249,0.1569841077604546
28/03/2019 00:00,0.0134559379427065,0.0579871870801249,0.1569841077604546
28/03/2019 01:00,0.0134559379427065,0.0579871870801249,0.1569841077604546
28/03/2019 02:00,0.0134559379427065,0.0579871870801249,0.1569841077604546
28/03/2019 03:00,0.0134559379427065,0.0579871870801249,0.1569841077604546
28/03/2019 04:00,0.0134559379427065,0.0579871870801249,0.1569841077604546
28/03/2019 05:00,0.0134559379427065,0.0579871870801249,0.1569841077604546
28/03/2019 06:00,0.0134559379427065,0.0579871870801249,0.1569841077604546
28/03/2019 07:00,0.0134559379427065,0.0579871870801249,0.1569841077604546
28/03/2019 08:00,0.0134559379427065,0.0579871870801249,0.1569841077604546
28/03/2019 09:00,0.0134559379427065,0.0579871870801249,0.1569841077604546
28/03/2019 10:00,0.0134559379427065,0.0579871870801249,0.1569841077604546
28/03/2019 11:00,0.0134559379427065,0.0579871870801249,0.1569841077604546
28/03/2019 12:00,0.0134559379427065,0.0579871870801249,0.1569841077604546
28/03/2019 13:00,0.0134559379427065,0.0579871870801249,0.1569841077604546
28/03/2019 14:00,0.0134559379427065,0.0579871870801249,0.1569841077604546
28/03/2019 15:00,0.0134559379427065,0.0579871870801249,0.1569841077604546
28/03/2019 16:00,0.0134559379427065,0.0579871870801249,0.1569841077604546
28/03/2019 17:00,0.0134559379427065,0.0579871870801249,0.1569841077604546
28/03/2019 18:00,0.0134559379427065,0.0579871870801249,0.1569841077604546
28/03/2019 19:00,0.0134559379427065,0.0579871870801249,0.1569841077604546
28/03/2019 20:00,0.0134559379427065,0.0579871870801249,0.1569841077604546
28/03/2019 21:00,0.0134559379427065,0.0579871870801249,0.1569841077604546
28/03/2019 22:00,0.0134559379427065,0.0579871870801249,0.1569841077604546
28/03/2019 23:00,0.0134559379427065,0.0579871870801249,0.1569841077604546
29/03/2019 00:00,0.0134559379427065,0.0579871870801249,0.1569841077604546
29/03/2019 01:00,0.0134559379427065,0.0579871870801249,0.1569841077604546
29/03/2019 02:00,0.0134559379427065,0.0579871870801249,0.1569841077604546
29/03/2019 03:00,0.0134559379427065,0.0579871870801249,0.1569841077604546
29/03/2019 04:00,0.0134559379427065,0.0579871870801249,0.1569841077604546
29/03/2019 05:00,0.0134559379427065,0.0579871870801249,0.1569841077604546
29/03/2019 06:00,0.0134559379427065,0.0579871870801249,0.1569841077604546
29/03/2019 07:00,0.0134559379427065,0.0579871870801249,0.1569841077604546
29/03/2019 08:00,0.0134559379427065,0.0579871870801249,0.1569841077604546
29/03/2019 09:00,0.0134559379427065,0.0579871870801249,0.1569841077604546
29/03/2019 10:00,0.0134559379427065,0.0579871870801249,0.1569841077604546
29/03/2019 11:00,0.0134559379427065,0.0579871870801249,0.1569841077604546
29/03/2019 12:00,0.0134559379427065,0.0579871870801249,0.1569841077604546
29/03/2019 13:00,0.0134559379427065,0.0579871870801249,0.1569841077604546
29/03/2019 14:00,0.0134559379427065,0.0579871870801249,0.1569841077604546
29/03/2019 15:00,0.0134559379427065,0.0579871870801249,0.1569841077604546
29/03/2019 16:00,0.0134559379427065,0.0579871870801249,0.1569841077604546
29/03/2019 17:00,0.0134559379427065,0.0579871870801249,0.1569841077604546
29/03/2019 18:00,0.0134559379427065,0.0579871870801249,0.1569841077604546
29/03/2019 19:00,0.0134559379427065,0.0579871870801249,0.1569841077604546
29/03/2019 20:00,0.0134559379427065,0.0579871870801249,0.1569841077604546
29/03/2019 21:00,0.0134559379427065,0.0579871870801249,0.1569841077604546
29/03/2019 22:00,0.0134559379427065,0.0579871870801249,0.1569841077604546
29/03/2019 23:00,0.0134559379427065,0.0579871870801249,0.1569841077604546
30/03/2019 00:00,0.0134559379427065,0.0579871870801249,0.1569841077604546
30/03/2019 01:00,0.0134559379427065,0.0579871870801249,0.1569841077604546
30/03/2019 02:00,0.0134559379427065,0.0579871870801249,0.1569841077604546
30/03/2019 03:00,0.0134559379427065,0.0579871870801249,0.1569841077604546
30/03/2019 04:00,0.0134559379427065,0.0579871870801249,0.1569841077604546
30/03/2019 05:00,0.0134559379427065,0.0579871870801249,0.1569841077604546
30/03/2019 06:00,0.0134559379427065,0.0579871870801249,0.1569841077604546
30/03/2019 07:00,0.0134559379427065,0.0579871870801249,0.1569841077604546
30/03/2019 08:00,0.0134559379427065,0.0579871870801249,0.1569841077604546
30/03/2019 09:00,0.0134559379427065,0.0579871870801249,0.1569841077604546
30/03/2019 10:00,0.0134559379427065,0.0579871870801249,0.1569841077604546
30/03/2019 11:00,0.0134559379427065,0.0579871870801249,0.1569841077604546
30/03/2019 12:00,0.0134559379427065,0.0579871870801249,0.1569841077604546
30/03/2019 13:00,0.0134559379427065,0.0579871870801249,0.1569841077604546
30/03/2019 14:00,0.0134559379427065,0.0579871870801249,0.1569841077604546
30/03/2019 15:00,0.0134559379427065,0.0579871870801249,0.1569841077604546
30/03/2019 16:00,0.0134559379427065,0.0579871870801249,0.1569841077604546
30/03/2019 17:00,0.0134559379427065,0.0579871870801249,0.1569841077604546
30/03/2019 18:00,0.0134559379427065,0.0579871870801249,0.1569841077604546
30/03/2019 19:00,0.0134559379427065,0.0579871870801249,0.1569841077604546
30/03/2019 20:00,0.0134559379427065,0.0579871870801249,0.1569841077604546
30/03/2019 21:00,0.0134559379427065,0.0579871870801249,0.1569841077604546
30/03/2019 22:00,0.0134559379427065,0.0579871870801249,0.1569841077604546
30/03/2019 23:00,0.0134559379427065,0.0579871870801249,0.1569841077604546
31/03/2019 00:00,0.0134559379427065,0.0579871870801249,0.1569841077604546
31/03/2019 01:00,0.0134559379427065,0.0579871870801249,0.1569841077604546
31/03/2019 02:00,0.0134559379427065,0.0579871870801249,0.1569841077604546
31/03/2019 03:00,0.0134559379427065,0.0579871870801249,0.1569841077604546
31/03/2019 04:00,0.0134559379427065,0.0579871870801249,0.1569841077604546
31/03/2019 05:00,0.0134559379427065,0.0579871870801249,0.1569841077604546
31/03/2019 06:00,0.0134559379427065,0.0579871870801249,0.1569841077604546
31/03/2019 07:00,0.0134559379427065,0.0579871870801249,0.1569841077604546
31/03/2019 08:00,0.0134559379427065,0.0579871870801249,0.1569841077604546
31/03/2019 09:00,0.0134559379427065,0.0579871870801249,0.1569841077604546
31/03/2019 10:00,0.0134559379427065,0.0579871870801249,0.1569841077604546
31/03/2019 11:00,0.0134559379427065,0.0579871870801249,0.1569841077604546
31/03/2019 12:00,0.0134559379427065,0.0579871870801249,0.1569841077604546
31/03/2019 13:00,0.0134559379427065,0.0579871870801249,0.1569841077604546
31/03/2019 14:00,0.0134559379427065,0.0579871870801249,0.1569841077604546
31/03/2019 15:00,0.0134559379427065,0.0579871870801249,0.1569841077604546
31/03/2019 16:00,0.0134559379427065,0.0579871870801249,0.1569841077604546
31/03/2019 17:00,0.0134559379427065,0.0579871870801249,0.1569841077604546
31/03/2019 18:00,0.0134559379427065,0.0579871870801249,0.1569841077604546
31/03/2019 19:00,0.0134559379427065,0.0579871870801249,0.1569841077604546
31/03/2019 20:00,0.0134559379427065,0.0579871870801249,0.1569841077604546
31/03/2019 21:00,0.0134559379427065,0.0579871870801249,0.1569841077604546
31/03/2019 22:00,0.0134559379427065,0.0579871870801249,0.1569841077604546
31/03/2019 23:00,0.0134559379427065,0.0579871870801249,0.1569841077604546
01/04/2019 00:00,0.1161197347835416,0.0540826585095197,0.1840655738011735
01/04/2019 01:00,0.1161197347835416,0.0540826585095197,0.1840655738011735
01/04/2019 02:00,0.1161197347835416,0.0540826585095197,0.1840655738011735
01/04/2019 03:00,0.1161197347835416,0.0540826585095197,0.1840655738011735
01/04/2019 04:00,0.1161197347835416,0.0540826585095197,0.1840655738011735
01/04/2019 05:00,0.1161197347835416,0.0540826585095197,0.1840655738011735
01/04/2019 06:00,0.1161197347835416,0.0540826585095197,0.1840655738011735
01/04/2019 07:00,0.1161197347835416,0.0540826585095197,0.1840655738011735
01/04/2019 08:00,0.1161197347835416,0.0540826585095197,0.1840655738011735
01/04/2019 09:00,0.1161197347835416,0.0540826585095197,0.1840655738011735
01/04/2019 10:00,0.1161197347835416,0.0540826585095197,0.1840655738011735
01/04/2019 11:00,0.1161197347835416,0.0540826585095197,0.1840655738011735
01/04/2019 12:00,0.1161197347835416,0.0540826585095197,0.1840655738011735
01/04/2019 13:00,0.1161197347835416,0.0540826585095197,0.1840655738011735
01/04/2019 14:00,0.1161197347835416,0.0540826585095197,0.1840655738011735
01/04/2019 15:00,0.1161197347835416,0.0540826585095197,0.1840655738011735
01/04/2019 16:00,0.1161197347835416,0.0540826585095197,0.1840655738011735
01/04/2019 17:00,0.1161197347835416,0.0540826585095197,0.1840655738011735
01/04/2019 18:00,0.1161197347835416,0.0540826585095197,0.1840655738011735
01/04/2019 19:00,0.1161197347835416,0.0540826585095197,0.1840655738011735
01/04/2019 20:00,0.1161197347835416,0.0540826585095197,0.1840655738011735
01/04/2019 21:00,0.1161197347835416,0.0540826585095197,0.1840655738011735
01/04/2019 22:00,0.1161197347835416,0.0540826585095197,0.1840655738011735
01/04/2019 23:00,0.1161197347835416,0.0540826585095197,0.1840655738011735
02/04/2019 00:00,0.1161197347835416,0.0540826585095197,0.1840655738011735
02/04/2019 01:00,0.1161197347835416,0.0540826585095197,0.1840655738011735
02/04/2019 02:00,0.1161197347835416,0.0540826585095197,0.1840655738011735
02/04/2019 03:00,0.1161197347835416,0.0540826585095197,0.1840655738011735
02/04/2019 04:00,0.1161197347835416,0.0540826585095197,0.1840655738011735
02/04/2019 05:00,0.1161197347835416,0.0540826585095197,0.1840655738011735
02/04/2019 06:00,0.1161197347835416,0.0540826585095197,0.1840655738011735
02/04/2019 07:00,0.1161197347835416,0.0540826585095197,0.1840655738011735
02/04/2019 08:00,0.1161197347835416,0.0540826585095197,0.1840655738011735
02/04/2019 09:00,0.1161197347835416,0.0540826585095197,0.1840655738011735
02/04/2019 10:00,0.1161197347835416,0.0540826585095197,0.1840655738011735
02/04/2019 11:00,0.1161197347835416,0.0540826585095197,0.1840655738011735
02/04/2019 12:00,0.1161197347835416,0.0540826585095197,0.1840655738011735
02/04/2019 13:00,0.1161197347835416,0.0540826585095197,0.1840655738011735
02/04/2019 14:00,0.1161197347835416,0.0540826585095197,0.1840655738011735
02/04/2019 15:00,0.1161197347835416,0.0540826585095197,0.1840655738011735
02/04/2019 16:00,0.1161197347835416,0.0540826585095197,0.1840655738011735
02/04/2019 17:00,0.1161197347835416,0.0540826585095197,0.1840655738011735
02/04/2019 18:00,0.1161197347835416,0.0540826585095197,0.1840655738011735
02/04/2019 19:00,0.1161197347835416,0.0540826585095197,0.1840655738011735
02/04/2019 20:00,0.1161197347835416,0.0540826585095197,0.1840655738011735
02/04/2019 21:00,0.1161197347835416,0.0540826585095197,0.1840655738011735
02/04/2019 22:00,0.1161197347835416,0.0540826585095197,0.1840655738011735
02/04/2019 23:00,0.1161197347835416,0.0540826585095197,0.1840655738011735
03/04/2019 00:00,0.1161197347835416,0.0540826585095197,0.1840655738011735
03/04/2019 01:00,0.1161197347835416,0.0540826585095197,0.1840655738011735
03/04/2019 02:00,0.1161197347835416,0.0540826585095197,0.1840655738011735
03/04/2019 03:00,0.1161197347835416,0.0540826585095197,0.1840655738011735
03/04/2019 04:00,0.1161197347835416,0.0540826585095197,0.1840655738011735
03/04/2019 05:00,0.1161197347835416,0.0540826585095197,0.1840655738011735
03/04/2019 06:00,0.1161197347835416,0.0540826585095197,0.1840655738011735
03/04/2019 07:00,0.1161197347835416,0.0540826585095197,0.1840655738011735
03/04/2019 08:00,0.1161197347835416,0.0540826585095197,0.1840655738011735
03/04/2019 09:00,0.1161197347835416,0.0540826585095197,0.1840655738011735
03/04/2019 10:00,0.1161197347835416,0.0540826585095197,0.1840655738011735
03/04/2019 11:00,0.1161197347835416,0.0540826585095197,0.1840655738011735
03/04/2019 12:00,0.1161197347835416,0.0540826585095197,0.1840655738011735
03/04/2019 13:00,0.1161197347835416,0.0540826585095197,0.1840655738011735
03/04/2019 14:00,0.1161197347835416,0.0540826585095197,0.1840655738011735
03/04/2019 15:00,0.1161197347835416,0.0540826585095197,0.1840655738011735
03/04/2019 16:00,0.1161197347835416,0.0540826585095197,0.1840655738011735
03/04/2019 17:00,0.1161197347835416,0.0540826585095197,0.1840655738011735
03/04/2019 18:00,0.1161197347835416,0.0540826585095197,0.1840655738011735
03/04/2019 19:00,0.1161197347835416,0.0540826585095197,0.1840655738011735
03/04/2019 20:00,0.1161197347835416,0.0540826585095197,0.1840655738011735
03/04/2019 21:00,0.1161197347835416,0.0540826585095197,0.1840655738011735
03/04/2019 22:00,0.1161197347835416,0.0540826585095197,0.1840655738011735
03/04/2019 23:00,0.1161197347835416,0.0540826585095197,0.1840655738011735
04/04/2019 00:00,0.1161197347835416,0.0540826585095197,0.1840655738011735
04/04/2019 01:00,0.1161197347835416,0.0540826585095197,0.1840655738011735
04/04/2019 02:00,0.1161197347835416,0.0540826585095197,0.1840655738011735
04/04/2019 03:00,0.1161197347835416,0.0540826585095197,0.1840655738011735
04/04/2019 04:00,0.1161197347835416,0.0540826585095197,0.1840655738011735
04/04/2019 05:00,0.1161197347835416,0.0540826585095197,0.1840655738011735
04/04/2019 06:00,0.1161197347835416,0.0540826585095197,0.1840655738011735
04/04/2019 07:00,0.1161197347835416,0.0540826585095197,0.1840655738011735
04/04/2019 08:00,0.1161197347835416,0.0540826585095197,0.1840655738011735
04/04/2019 09:00,0.1161197347835416,0.0540826585095197,0.1840655738011735
04/04/2019 10:00,0.1161197347835416,0.0540826585095197,0.1840655738011735
04/04/2019 11:00,0.1161197347835416,0.0540826585095197,0.1840655738011735
04/04/2019 12:00,0.1161197347835416,0.0540826585095197,0.1840655738011735
04/04/2019 13:00,0.1161197347835416,0.0540826585095197,0.1840655738011735
04/04/2019 14:00,0.1161197347835416,0.0540826585095197,0.1840655738011735
04/04/2019 15:00,0.1161197347835416,0.0540826585095197,0.1840655738011735
04/04/2019 16:00,0.1161197347835416,0.0540826585095197,0.1840655738011735
04/04/2019 17:00,0.1161197347835416,0.0540826585095197,0.1840655738011735
04/04/2019 18:00,0.1161197347835416,0.0540826585095197,0.1840655738011735
04/04/2019 19:00,0.1161197347835416,0.0540826585095197,0.1840655738011735
04/04/2019 20:00,0.1161197347835416,0.0540826585095197,0.1840655738011735
04/04/2019 21:00,0.1161197347835416,0.0540826585095197,0.1840655738011735
04/04/2019 22:00,0.1161197347835416,0.0540826585095197,0.1840655738011735
04/04/2019 23:00,0.1161197347835416,0.0540826585095197,0.1840655738011735
05/04/2019 00:00,0.1161197347835416,0.0540826585095197,0.1840655738011735
05/04/2019 01:00,0.1161197347835416,0.0540826585095197,0.1840655738011735
05/04/2019 02:00,0.1161197347835416,0.0540826585095197,0.1840655738011735
05/04/2019 03:00,0.1161197347835416,0.0540826585095197,0.1840655738011735
05/04/2019 04:00,0.1161197347835416,0.0540826585095197,0.1840655738011735
05/04/2019 05:00,0.1161197347835416,0.0540826585095197,0.1840655738011735
05/04/2019 06:00,0.1161197347835416,0.0540826585095197,0.1840655738011735
05/04/2019 07:00,0.1161197347835416,0.0540826585095197,0.1840655738011735
05/04/2019 08:00,0.1161197347835416,0.0540826585095197,0.1840655738011735
05/04/2019 09:00,0.1161197347835416,0.0540826585095197,0.1840655738011735
05/04/2019 10:00,0.1161197347835416,0.0540826585095197,0.1840655738011735
05/04/2019 11:00,0.1161197347835416,0.0540826585095197,0.1840655738011735
05/04/2019 12:00,0.1161197347835416,0.0540826585095197,0.1840655738011735
05/04/2019 13:00,0.1161197347835416,0.0540826585095197,0.1840655738011735
05/04/2019 14:00,0.1161197347835416,0.0540826585095197,0.1840655738011735
05/04/2019 15:00,0.1161197347835416,0.0540826585095197,0.1840655738011735
05/04/2019 16:00,0.1161197347835416,0.0540826585095197,0.1840655738011735
05/04/2019 17:00,0.1161197347835416,0.0540826585095197,0.1840655738011735
05/04/2019 18:00,0.1161197347835416,0.0540826585095197,0.1840655738011735
05/04/2019 19:00,0.1161197347835416,0.0540826585095197,0.1840655738011735
05/04/2019 20:00,0.1161197347835416,0.0540826585095197,0.1840655738011735
05/04/2019 21:00,0.1161197347835416,0.0540826585095197,0.1840655738011735
05/04/2019 22:00,0.1161197347835416,0.0540826585095197,0.1840655738011735
05/04/2019 23:00,0.1161197347835416,0.0540826585095197,0.1840655738011735
06/04/2019 00:00,0.1161197347835416,0.0540826585095197,0.1840655738011735
06/04/2019 01:00,0.1161197347835416,0.0540826585095197,0.1840655738011735
06/04/2019 02:00,0.1161197347835416,0.0540826585095197,0.1840655738011735
06/04/2019 03:00,0.1161197347835416,0.0540826585095197,0.1840655738011735
06/04/2019 04:00,0.1161197347835416,0.0540826585095197,0.1840655738011735
06/04/2019 05:00,0.1161197347835416,0.0540826585095197,0.1840655738011735
06/04/2019 06:00,0.1161197347835416,0.0540826585095197,0.1840655738011735
06/04/2019 07:00,0.1161197347835416,0.0540826585095197,0.1840655738011735
06/04/2019 08:00,0.1161197347835416,0.0540826585095197,0.1840655738011735
06/04/2019 09:00,0.1161197347835416,0.0540826585095197,0.1840655738011735
06/04/2019 10:00,0.1161197347835416,0.0540826585095197,0.1840655738011735
06/04/2019 11:00,0.1161197347835416,0.0540826585095197,0.1840655738011735
06/04/2019 12:00,0.1161197347835416,0.0540826585095197,0.1840655738011735
06/04/2019 13:00,0.1161197347835416,0.0540826585095197,0.1840655738011735
06/04/2019 14:00,0.1161197347835416,0.0540826585095197,0.1840655738011735
06/04/2019 15:00,0.1161197347835416,0.0540826585095197,0.1840655738011735
06/04/2019 16:00,0.1161197347835416,0.0540826585095197,0.1840655738011735
06/04/2019 17:00,0.1161197347835416,0.0540826585095197,0.1840655738011735
06/04/2019 18:00,0.1161197347835416,0.0540826585095197,0.1840655738011735
06/04/2019 19:00,0.1161197347835416,0.0540826585095197,0.1840655738011735
06/04/2019 20:00,0.1161197347835416,0.0540826585095197,0.1840655738011735
06/04/2019 21:00,0.1161197347835416,0.0540826585095197,0.1840655738011735
06/04/2019 22:00,0.1161197347835416,0.0540826585095197,0.1840655738011735
06/04/2019 23:00,0.1161197347835416,0.0540826585095197,0.1840655738011735
07/04/2019 00:00,0.1161197347835416,0.0540826585095197,0.1840655738011735
07/04/2019 01:00,0.1161197347835416,0.0540826585095197,0.1840655738011735
07/04/2019 02:00,0.1161197347835416,0.0540826585095197,0.1840655738011735
07/04/2019 03:00,0.1161197347835416,0.0540826585095197,0.1840655738011735
07/04/2019 04:00,0.1161197347835416,0.0540826585095197,0.1840655738011735
07/04/2019 05:00,0.1161197347835416,0.0540826585095197,0.1840655738011735
07/04/2019 06:00,0.1161197347835416,0.0540826585095197,0.1840655738011735
07/04/2019 07:00,0.1161197347835416,0.0540826585095197,0.1840655738011735
07/04/2019 08:00,0.1161197347835416,0.0540826585095197,0.1840655738011735
07/04/2019 09:00,0.1161197347835416,0.0540826585095197,0.1840655738011735
07/04/2019 10:00,0.1161197347835416,0.0540826585095197,0.1840655738011735
07/04/2019 11:00,0.1161197347835416,0.0540826585095197,0.1840655738011735
07/04/2019 12:00,0.1161197347835416,0.0540826585095197,0.1840655738011735
07/04/2019 13:00,0.1161197347835416,0.0540826585095197,0.1840655738011735
07/04/2019 14:00,0.1161197347835416,0.0540826585095197,0.1840655738011735
07/04/2019 15:00,0.1161197347835416,0.0540826585095197,0.1840655738011735
07/04/2019 16:00,0.1161197347835416,0.0540826585095197,0.1840655738011735
07/04/2019 17:00,0.1161197347835416,0.0540826585095197,0.1840655738011735
07/04/2019 18:00,0.1161197347835416,0.0540826585095197,0.1840655738011735
07/04/2019 19:00,0.1161197347835416,0.0540826585095197,0.1840655738011735
07/04/2019 20:00,0.1161197347835416,0.0540826585095197,0.1840655738011735
07/04/2019 21:00,0.1161197347835416,0.0540826585095197,0.1840655738011735
07/04/2019 22:00,0.1161197347835416,0.0540826585095197,0.1840655738011735
07/04/2019 23:00,0.1161197347835416,0.0540826585095197,0.1840655738011735
08/04/2019 00:00,0.1161197347835416,0.0540826585095197,0.1840655738011735
08/04/2019 01:00,0.1161197347835416,0.0540826585095197,0.1840655738011735
08/04/2019 02:00,0.1161197347835416,0.0540826585095197,0.1840655738011735
08/04/2019 03:00,0.1161197347835416,0.0540826585095197,0.1840655738011735
08/04/2019 04:00,0.1161197347835416,0.0540826585095197,0.1840655738011735
08/04/2019 05:00,0.1161197347835416,0.0540826585095197,0.1840655738011735
08/04/2019 06:00,0.1161197347835416,0.0540826585095197,0.1840655738011735
08/04/2019 07:00,0.1161197347835416,0.0540826585095197,0.1840655738011735
08/04/2019 08:00,0.1161197347835416,0.0540826585095197,0.1840655738011735
08/04/2019 09:00,0.1161197347835416,0.0540826585095197,0.1840655738011735
08/04/2019 10:00,0.1161197347835416,0.0540826585095197,0.1840655738011735
08/04/2019 11:00,0.1161197347835416,0.0540826585095197,0.1840655738011735
08/04/2019 12:00,0.1161197347835416,0.0540826585095197,0.1840655738011735
08/04/2019 13:00,0.1161197347835416,0.0540826585095197,0.1840655738011735
08/04/2019 14:00,0.1161197347835416,0.0540826585095197,0.1840655738011735
08/04/2019 15:00,0.1161197347835416,0.0540826585095197,0.1840655738011735
08/04/2019 16:00,0.1161197347835416,0.0540826585095197,0.1840655738011735
08/04/2019 17:00,0.1161197347835416,0.0540826585095197,0.1840655738011735
08/04/2019 18:00,0.1161197347835416,0.0540826585095197,0.1840655738011735
08/04/2019 19:00,0.1161197347835416,0.0540826585095197,0.1840655738011735
08/04/2019 20:00,0.1161197347835416,0.0540826585095197,0.1840655738011735
08/04/2019 21:00,0.1161197347835416,0.0540826585095197,0.1840655738011735
08/04/2019 22:00,0.1161197347835416,0.0540826585095197,0.1840655738011735
08/04/2019 23:00,0.1161197347835416,0.0540826585095197,0.1840655738011735
09/04/2019 00:00,0.1161197347835416,0.0540826585095197,0.1840655738011735
09/04/2019 01:00,0.1161197347835416,0.0540826585095197,0.1840655738011735
09/04/2019 02:00,0.1161197347835416,0.0540826585095197,0.1840655738011735
09/04/2019 03:00,0.1161197347835416,0.0540826585095197,0.1840655738011735
09/04/2019 04:00,0.1161197347835416,0.0540826585095197,0.1840655738011735
09/04/2019 05:00,0.1161197347835416,0.0540826585095197,0.1840655738011735
09/04/2019 06:00,0.1161197347835416,0.0540826585095197,0.1840655738011735
09/04/2019 07:00,0.1161197347835416,0.0540826585095197,0.1840655738011735
09/04/2019 08:00,0.1161197347835416,0.0540826585095197,0.1840655738011735
09/04/2019 09:00,0.1161197347835416,0.0540826585095197,0.1840655738011735
09/04/2019 10:00,0.1161197347835416,0.0540826585095197,0.1840655738011735
09/04/2019 11:00,0.1161197347835416,0.0540826585095197,0.1840655738011735
09/04/2019 12:00,0.1161197347835416,0.0540826585095197,0.1840655738011735
09/04/2019 13:00,0.1161197347835416,0.0540826585095197,0.1840655738011735
09/04/2019 14:00,0.1161197347835416,0.0540826585095197,0.1840655738011735
09/04/2019 15:00,0.1161197347835416,0.0540826585095197,0.1840655738011735
09/04/2019 16:00,0.1161197347835416,0.0540826585095197,0.1840655738011735
09/04/2019 17:00,0.1161197347835416,0.0540826585095197,0.1840655738011735
09/04/2019 18:00,0.1161197347835416,0.0540826585095197,0.1840655738011735
09/04/2019 19:00,0.1161197347835416,0.0540826585095197,0.1840655738011735
09/04/2019 20:00,0.1161197347835416,0.0540826585095197,0.1840655738011735
09/04/2019 21:00,0.1161197347835416,0.0540826585095197,0.1840655738011735
09/04/2019 22:00,0.1161197347835416,0.0540826585095197,0.1840655738011735
09/04/2019 23:00,0.1161197347835416,0.0540826585095197,0.1840655738011735
10/04/2019 00:00,0.1161197347835416,0.0540826585095197,0.1840655738011735
10/04/2019 01:00,0.1161197347835416,0.0540826585095197,0.1840655738011735
10/04/2019 02:00,0.1161197347835416,0.0540826585095197,0.1840655738011735
10/04/2019 03:00,0.1161197347835416,0.0540826585095197,0.1840655738011735
10/04/2019 04:00,0.1161197347835416,0.0540826585095197,0.1840655738011735
10/04/2019 05:00,0.1161197347835416,0.0540826585095197,0.1840655738011735
10/04/2019 06:00,0.1161197347835416,0.0540826585095197,0.1840655738011735
10/04/2019 07:00,0.1161197347835416,0.0540826585095197,0.1840655738011735
10/04/2019 08:00,0.1161197347835416,0.0540826585095197,0.1840655738011735
10/04/2019 09:00,0.1161197347835416,0.0540826585095197,0.1840655738011735
10/04/2019 10:00,0.1161197347835416,0.0540826585095197,0.1840655738011735
10/04/2019 11:00,0.1161197347835416,0.0540826585095197,0.1840655738011735
10/04/2019 12:00,0.1161197347835416,0.0540826585095197,0.1840655738011735
10/04/2019 13:00,0.1161197347835416,0.0540826585095197,0.1840655738011735
10/04/2019 14:00,0.1161197347835416,0.0540826585095197,0.1840655738011735
10/04/2019 15:00,0.1161197347835416,0.0540826585095197,0.1840655738011735
10/04/2019 16:00,0.1161197347835416,0.0540826585095197,0.1840655738011735
10/04/2019 17:00,0.1161197347835416,0.0540826585095197,0.1840655738011735
10/04/2019 18:00,0.1161197347835416,0.0540826585095197,0.1840655738011735
10/04/2019 19:00,0.1161197347835416,0.0540826585095197,0.1840655738011735
10/04/2019 20:00,0.1161197347835416,0.0540826585095197,0.1840655738011735
10/04/2019 21:00,0.1161197347835416,0.0540826585095197,0.1840655738011735
10/04/2019 22:00,0.1161197347835416,0.0540826585095197,0.1840655738011735
10/04/2019 23:00,0.1161197347835416,0.0540826585095197,0.1840655738011735
11/04/2019 00:00,0.1161197347835416,0.0540826585095197,0.1840655738011735
11/04/2019 01:00,0.1161197347835416,0.0540826585095197,0.1840655738011735
11/04/2019 02:00,0.1161197347835416,0.0540826585095197,0.1840655738011735
11/04/2019 03:00,0.1161197347835416,0.0540826585095197,0.1840655738011735
11/04/2019 04:00,0.1161197347835416,0.0540826585095197,0.1840655738011735
11/04/2019 05:00,0.1161197347835416,0.0540826585095197,0.1840655738011735
11/04/2019 06:00,0.1161197347835416,0.0540826585095197,0.1840655738011735
11/04/2019 07:00,0.1161197347835416,0.0540826585095197,0.1840655738011735
11/04/2019 08:00,0.1161197347835416,0.0540826585095197,0.1840655738011735
11/04/2019 09:00,0.1161197347835416,0.0540826585095197,0.1840655738011735
11/04/2019 10:00,0.1161197347835416,0.0540826585095197,0.1840655738011735
11/04/2019 11:00,0.1161197347835416,0.0540826585095197,0.1840655738011735
11/04/2019 12:00,0.1161197347835416,0.0540826585095197,0.1840655738011735
11/04/2019 13:00,0.1161197347835416,0.0540826585095197,0.1840655738011735
11/04/2019 14:00,0.1161197347835416,0.0540826585095197,0.1840655738011735
11/04/2019 15:00,0.1161197347835416,0.0540826585095197,0.1840655738011735
11/04/2019 16:00,0.1161197347835416,0.0540826585095197,0.1840655738011735
11/04/2019 17:00,0.1161197347835416,0.0540826585095197,0.1840655738011735
11/04/2019 18:00,0.1161197347835416,0.0540826585095197,0.1840655738011735
11/04/2019 19:00,0.1161197347835416,0.0540826585095197,0.1840655738011735
11/04/2019 20:00,0.1161197347835416,0.0540826585095197,0.1840655738011735
11/04/2019 21:00,0.1161197347835416,0.0540826585095197,0.1840655738011735
11/04/2019 22:00,0.1161197347835416,0.0540826585095197,0.1840655738011735
11/04/2019 23:00,0.1161197347835416,0.0540826585095197,0.1840655738011735
12/04/2019 00:00,0.1161197347835416,0.0540826585095197,0.1840655738011735
12/04/2019 01:00,0.1161197347835416,0.0540826585095197,0.1840655738011735
12/04/2019 02:00,0.1161197347835416,0.0540826585095197,0.1840655738011735
12/04/2019 03:00,0.1161197347835416,0.0540826585095197,0.1840655738011735
12/04/2019 04:00,0.1161197347835416,0.0540826585095197,0.1840655738011735
12/04/2019 05:00,0.1161197347835416,0.0540826585095197,0.1840655738011735
12/04/2019 06:00,0.1161197347835416,0.0540826585095197,0.1840655738011735
12/04/2019 07:00,0.1161197347835416,0.0540826585095197,0.1840655738011735
12/04/2019 08:00,0.1161197347835416,0.0540826585095197,0.1840655738011735
12/04/2019 09:00,0.1161197347835416,0.0540826585095197,0.1840655738011735
12/04/2019 10:00,0.1161197347835416,0.0540826585095197,0.1840655738011735
12/04/2019 11:00,0.1161197347835416,0.0540826585095197,0.1840655738011735
12/04/2019 12:00,0.1161197347835416,0.0540826585095197,0.1840655738011735
12/04/2019 13:00,0.1161197347835416,0.0540826585095197,0.1840655738011735
12/04/2019 14:00,0.1161197347835416,0.0540826585095197,0.1840655738011735
12/04/2019 15:00,0.1161197347835416,0.0540826585095197,0.1840655738011735
12/04/2019 16:00,0.1161197347835416,0.0540826585095197,0.1840655738011735
12/04/2019 17:00,0.1161197347835416,0.0540826585095197,0.1840655738011735
12/04/2019 18:00,0.1161197347835416,0.0540826585095197,0.1840655738011735
12/04/2019 19:00,0.1161197347835416,0.0540826585095197,0.1840655738011735
12/04/2019 20:00,0.1161197347835416,0.0540826585095197,0.1840655738011735
12/04/2019 21:00,0.1161197347835416,0.0540826585095197,0.1840655738011735
12/04/2019 22:00,0.1161197347835416,0.0540826585095197,0.1840655738011735
12/04/2019 23:00,0.1161197347835416,0.0540826585095197,0.1840655738011735
13/04/2019 00:00,0.1161197347835416,0.0540826585095197,0.1840655738011735
13/04/2019 01:00,0.1161197347835416,0.0540826585095197,0.1840655738011735
13/04/2019 02:00,0.1161197347835416,0.0540826585095197,0.1840655738011735
13/04/2019 03:00,0.1161197347835416,0.0540826585095197,0.1840655738011735
13/04/2019 04:00,0.1161197347835416,0.0540826585095197,0.1840655738011735
13/04/2019 05:00,0.1161197347835416,0.0540826585095197,0.1840655738011735
13/04/2019 06:00,0.1161197347835416,0.0540826585095197,0.1840655738011735
13/04/2019 07:00,0.1161197347835416,0.0540826585095197,0.1840655738011735
13/04/2019 08:00,0.1161197347835416,0.0540826585095197,0.1840655738011735
13/04/2019 09:00,0.1161197347835416,0.0540826585095197,0.1840655738011735
13/04/2019 10:00,0.1161197347835416,0.0540826585095197,0.1840655738011735
13/04/2019 11:00,0.1161197347835416,0.0540826585095197,0.1840655738011735
13/04/2019 12:00,0.1161197347835416,0.0540826585095197,0.1840655738011735
13/04/2019 13:00,0.1161197347835416,0.0540826585095197,0.1840655738011735
13/04/2019 14:00,0.1161197347835416,0.0540826585095197,0.1840655738011735
13/04/2019 15:00,0.1161197347835416,0.0540826585095197,0.1840655738011735
13/04/2019 16:00,0.1161197347835416,0.0540826585095197,0.1840655738011735
13/04/2019 17:00,0.1161197347835416,0.0540826585095197,0.1840655738011735
13/04/2019 18:00,0.1161197347835416,0.0540826585095197,0.1840655738011735
13/04/2019 19:00,0.1161197347835416,0.0540826585095197,0.1840655738011735
13/04/2019 20:00,0.1161197347835416,0.0540826585095197,0.1840655738011735
13/04/2019 21:00,0.1161197347835416,0.0540826585095197,0.1840655738011735
13/04/2019 22:00,0.1161197347835416,0.0540826585095197,0.1840655738011735
13/04/2019 23:00,0.1161197347835416,0.0540826585095197,0.1840655738011735
14/04/2019 00:00,0.1161197347835416,0.0540826585095197,0.1840655738011735
14/04/2019 01:00,0.1161197347835416,0.0540826585095197,0.1840655738011735
14/04/2019 02:00,0.1161197347835416,0.0540826585095197,0.1840655738011735
14/04/2019 03:00,0.1161197347835416,0.0540826585095197,0.1840655738011735
14/04/2019 04:00,0.1161197347835416,0.0540826585095197,0.1840655738011735
14/04/2019 05:00,0.1161197347835416,0.0540826585095197,0.1840655738011735
14/04/2019 06:00,0.1161197347835416,0.0540826585095197,0.1840655738011735
14/04/2019 07:00,0.1161197347835416,0.0540826585095197,0.1840655738011735
14/04/2019 08:00,0.1161197347835416,0.0540826585095197,0.1840655738011735
14/04/2019 09:00,0.1161197347835416,0.0540826585095197,0.1840655738011735
14/04/2019 10:00,0.1161197347835416,0.0540826585095197,0.1840655738011735
14/04/2019 11:00,0.1161197347835416,0.0540826585095197,0.1840655738011735
14/04/2019 12:00,0.1161197347835416,0.0540826585095197,0.1840655738011735
14/04/2019 13:00,0.1161197347835416,0.0540826585095197,0.1840655738011735
14/04/2019 14:00,0.1161197347835416,0.0540826585095197,0.1840655738011735
14/04/2019 15:00,0.1161197347835416,0.0540826585095197,0.1840655738011735
14/04/2019 16:00,0.1161197347835416,0.0540826585095197,0.1840655738011735
14/04/2019 17:00,0.1161197347835416,0.0540826585095197,0.1840655738011735
14/04/2019 18:00,0.1161197347835416,0.0540826585095197,0.1840655738011735
14/04/2019 19:00,0.1161197347835416,0.0540826585095197,0.1840655738011735
14/04/2019 20:00,0.1161197347835416,0.0540826585095197,0.1840655738011735
14/04/2019 21:00,0.1161197347835416,0.0540826585095197,0.1840655738011735
14/04/2019 22:00,0.1161197347835416,0.0540826585095197,0.1840655738011735
14/04/2019 23:00,0.1161197347835416,0.0540826585095197,0.1840655738011735
15/04/2019 00:00,0.1161197347835416,0.0540826585095197,0.1840655738011735
15/04/2019 01:00,0.1161197347835416,0.0540826585095197,0.1840655738011735
15/04/2019 02:00,0.1161197347835416,0.0540826585095197,0.1840655738011735
15/04/2019 03:00,0.1161197347835416,0.0540826585095197,0.1840655738011735
15/04/2019 04:00,0.1161197347835416,0.0540826585095197,0.1840655738011735
15/04/2019 05:00,0.1161197347835416,0.0540826585095197,0.1840655738011735
15/04/2019 06:00,0.1161197347835416,0.0540826585095197,0.1840655738011735
15/04/2019 07:00,0.1161197347835416,0.0540826585095197,0.1840655738011735
15/04/2019 08:00,0.1161197347835416,0.0540826585095197,0.1840655738011735
15/04/2019 09:00,0.1161197347835416,0.0540826585095197,0.1840655738011735
15/04/2019 10:00,0.1161197347835416,0.0540826585095197,0.1840655738011735
15/04/2019 11:00,0.1161197347835416,0.0540826585095197,0.1840655738011735
15/04/2019 12:00,0.1161197347835416,0.0540826585095197,0.1840655738011735
15/04/2019 13:00,0.1161197347835416,0.0540826585095197,0.1840655738011735
15/04/2019 14:00,0.1161197347835416,0.0540826585095197,0.1840655738011735
15/04/2019 15:00,0.1161197347835416,0.0540826585095197,0.1840655738011735
15/04/2019 16:00,0.1161197347835416,0.0540826585095197,0.1840655738011735
15/04/2019 17:00,0.1161197347835416,0.0540826585095197,0.1840655738011735
15/04/2019 18:00,0.1161197347835416,0.0540826585095197,0.1840655738011735
15/04/2019 19:00,0.1161197347835416,0.0540826585095197,0.1840655738011735
15/04/2019 20:00,0.1161197347835416,0.0540826585095197,0.1840655738011735
15/04/2019 21:00,0.1161197347835416,0.0540826585095197,0.1840655738011735
15/04/2019 22:00,0.1161197347835416,0.0540826585095197,0.1840655738011735
15/04/2019 23:00,0.1161197347835416,0.0540826585095197,0.1840655738011735
16/04/2019 00:00,0.1161197347835416,0.0540826585095197,0.1840655738011735
16/04/2019 01:00,0.1161197347835416,0.0540826585095197,0.1840655738011735
16/04/2019 02:00,0.1161197347835416,0.0540826585095197,0.1840655738011735
16/04/2019 03:00,0.1161197347835416,0.0540826585095197,0.1840655738011735
16/04/2019 04:00,0.1161197347835416,0.0540826585095197,0.1840655738011735
16/04/2019 05:00,0.1161197347835416,0.0540826585095197,0.1840655738011735
16/04/2019 06:00,0.1161197347835416,0.0540826585095197,0.1840655738011735
16/04/2019 07:00,0.1161197347835416,0.0540826585095197,0.1840655738011735
16/04/2019 08:00,0.1161197347835416,0.0540826585095197,0.1840655738011735
16/04/2019 09:00,0.1161197347835416,0.0540826585095197,0.1840655738011735
16/04/2019 10:00,0.1161197347835416,0.0540826585095197,0.1840655738011735
16/04/2019 11:00,0.1161197347835416,0.0540826585095197,0.1840655738011735
16/04/2019 12:00,0.1161197347835416,0.0540826585095197,0.1840655738011735
16/04/2019 13:00,0.1161197347835416,0.0540826585095197,0.1840655738011735
16/04/2019 14:00,0.1161197347835416,0.0540826585095197,0.1840655738011735
16/04/2019 15:00,0.1161197347835416,0.0540826585095197,0.1840655738011735
16/04/2019 16:00,0.1161197347835416,0.0540826585095197,0.1840655738011735
16/04/2019 17:00,0.1161197347835416,0.0540826585095197,0.1840655738011735
16/04/2019 18:00,0.1161197347835416,0.0540826585095197,0.1840655738011735
16/04/2019 19:00,0.1161197347835416,0.0540826585095197,0.1840655738011735
16/04/2019 20:00,0.1161197347835416,0.0540826585095197,0.1840655738011735
16/04/2019 21:00,0.1161197347835416,0.0540826585095197,0.1840655738011735
16/04/2019 22:00,0.1161197347835416,0.0540826585095197,0.1840655738011735
16/04/2019 23:00,0.1161197347835416,0.0540826585095197,0.1840655738011735
17/04/2019 00:00,0.1161197347835416,0.0540826585095197,0.1840655738011735
17/04/2019 01:00,0.1161197347835416,0.0540826585095197,0.1840655738011735
17/04/2019 02:00,0.1161197347835416,0.0540826585095197,0.1840655738011735
17/04/2019 03:00,0.1161197347835416,0.0540826585095197,0.1840655738011735
17/04/2019 04:00,0.1161197347835416,0.0540826585095197,0.1840655738011735
17/04/2019 05:00,0.1161197347835416,0.0540826585095197,0.1840655738011735
17/04/2019 06:00,0.1161197347835416,0.0540826585095197,0.1840655738011735
17/04/2019 07:00,0.1161197347835416,0.0540826585095197,0.1840655738011735
17/04/2019 08:00,0.1161197347835416,0.0540826585095197,0.1840655738011735
17/04/2019 09:00,0.1161197347835416,0.0540826585095197,0.1840655738011735
17/04/2019 10:00,0.1161197347835416,0.0540826585095197,0.1840655738011735
17/04/2019 11:00,0.1161197347835416,0.0540826585095197,0.1840655738011735
17/04/2019 12:00,0.1161197347835416,0.0540826585095197,0.1840655738011735
17/04/2019 13:00,0.1161197347835416,0.0540826585095197,0.1840655738011735
17/04/2019 14:00,0.1161197347835416,0.0540826585095197,0.1840655738011735
17/04/2019 15:00,0.1161197347835416,0.0540826585095197,0.1840655738011735
17/04/2019 16:00,0.1161197347835416,0.0540826585095197,0.1840655738011735
17/04/2019 17:00,0.1161197347835416,0.0540826585095197,0.1840655738011735
17/04/2019 18:00,0.1161197347835416,0.0540826585095197,0.1840655738011735
17/04/2019 19:00,0.1161197347835416,0.0540826585095197,0.1840655738011735
17/04/2019 20:00,0.1161197347835416,0.0540826585095197,0.1840655738011735
17/04/2019 21:00,0.1161197347835416,0.0540826585095197,0.1840655738011735
17/04/2019 22:00,0.1161197347835416,0.0540826585095197,0.1840655738011735
17/04/2019 23:00,0.1161197347835416,0.0540826585095197,0.1840655738011735
18/04/2019 00:00,0.1161197347835416,0.0540826585095197,0.1840655738011735
18/04/2019 01:00,0.1161197347835416,0.0540826585095197,0.1840655738011735
18/04/2019 02:00,0.1161197347835416,0.0540826585095197,0.1840655738011735
18/04/2019 03:00,0.1161197347835416,0.0540826585095197,0.1840655738011735
18/04/2019 04:00,0.1161197347835416,0.0540826585095197,0.1840655738011735
18/04/2019 05:00,0.1161197347835416,0.0540826585095197,0.1840655738011735
18/04/2019 06:00,0.1161197347835416,0.0540826585095197,0.1840655738011735
18/04/2019 07:00,0.1161197347835416,0.0540826585095197,0.1840655738011735
18/04/2019 08:00,0.1161197347835416,0.0540826585095197,0.1840655738011735
18/04/2019 09:00,0.1161197347835416,0.0540826585095197,0.1840655738011735
18/04/2019 10:00,0.1161197347835416,0.0540826585095197,0.1840655738011735
18/04/2019 11:00,0.1161197347835416,0.0540826585095197,0.1840655738011735
18/04/2019 12:00,0.1161197347835416,0.0540826585095197,0.1840655738011735
18/04/2019 13:00,0.1161197347835416,0.0540826585095197,0.1840655738011735
18/04/2019 14:00,0.1161197347835416,0.0540826585095197,0.1840655738011735
18/04/2019 15:00,0.1161197347835416,0.0540826585095197,0.1840655738011735
18/04/2019 16:00,0.1161197347835416,0.0540826585095197,0.1840655738011735
18/04/2019 17:00,0.1161197347835416,0.0540826585095197,0.1840655738011735
18/04/2019 18:00,0.1161197347835416,0.0540826585095197,0.1840655738011735
18/04/2019 19:00,0.1161197347835416,0.0540826585095197,0.1840655738011735
18/04/2019 20:00,0.1161197347835416,0.0540826585095197,0.1840655738011735
18/04/2019 21:00,0.1161197347835416,0.0540826585095197,0.1840655738011735
18/04/2019 22:00,0.1161197347835416,0.0540826585095197,0.1840655738011735
18/04/2019 23:00,0.1161197347835416,0.0540826585095197,0.1840655738011735
19/04/2019 00:00,0.1161197347835416,0.0540826585095197,0.1840655738011735
19/04/2019 01:00,0.1161197347835416,0.0540826585095197,0.1840655738011735
19/04/2019 02:00,0.1161197347835416,0.0540826585095197,0.1840655738011735
19/04/2019 03:00,0.1161197347835416,0.0540826585095197,0.1840655738011735
19/04/2019 04:00,0.1161197347835416,0.0540826585095197,0.1840655738011735
19/04/2019 05:00,0.1161197347835416,0.0540826585095197,0.1840655738011735
19/04/2019 06:00,0.1161197347835416,0.0540826585095197,0.1840655738011735
19/04/2019 07:00,0.1161197347835416,0.0540826585095197,0.1840655738011735
19/04/2019 08:00,0.1161197347835416,0.0540826585095197,0.1840655738011735
19/04/2019 09:00,0.1161197347835416,0.0540826585095197,0.1840655738011735
19/04/2019 10:00,0.1161197347835416,0.0540826585095197,0.1840655738011735
19/04/2019 11:00,0.1161197347835416,0.0540826585095197,0.1840655738011735
19/04/2019 12:00,0.1161197347835416,0.0540826585095197,0.1840655738011735
19/04/2019 13:00,0.1161197347835416,0.0540826585095197,0.1840655738011735
19/04/2019 14:00,0.1161197347835416,0.0540826585095197,0.1840655738011735
19/04/2019 15:00,0.1161197347835416,0.0540826585095197,0.1840655738011735
19/04/2019 16:00,0.1161197347835416,0.0540826585095197,0.1840655738011735
19/04/2019 17:00,0.1161197347835416,0.0540826585095197,0.1840655738011735
19/04/2019 18:00,0.1161197347835416,0.0540826585095197,0.1840655738011735
19/04/2019 19:00,0.1161197347835416,0.0540826585095197,0.1840655738011735
19/04/2019 20:00,0.1161197347835416,0.0540826585095197,0.1840655738011735
19/04/2019 21:00,0.1161197347835416,0.0540826585095197,0.1840655738011735
19/04/2019 22:00,0.1161197347835416,0.0540826585095197,0.1840655738011735
19/04/2019 23:00,0.1161197347835416,0.0540826585095197,0.1840655738011735
20/04/2019 00:00,0.1161197347835416,0.0540826585095197,0.1840655738011735
20/04/2019 01:00,0.1161197347835416,0.0540826585095197,0.1840655738011735
20/04/2019 02:00,0.1161197347835416,0.0540826585095197,0.1840655738011735
20/04/2019 03:00,0.1161197347835416,0.0540826585095197,0.1840655738011735
20/04/2019 04:00,0.1161197347835416,0.0540826585095197,0.1840655738011735
20/04/2019 05:00,0.1161197347835416,0.0540826585095197,0.1840655738011735
20/04/2019 06:00,0.1161197347835416,0.0540826585095197,0.1840655738011735
20/04/2019 07:00,0.1161197347835416,0.0540826585095197,0.1840655738011735
20/04/2019 08:00,0.1161197347835416,0.0540826585095197,0.1840655738011735
20/04/2019 09:00,0.1161197347835416,0.0540826585095197,0.1840655738011735
20/04/2019 10:00,0.1161197347835416,0.0540826585095197,0.1840655738011735
20/04/2019 11:00,0.1161197347835416,0.0540826585095197,0.1840655738011735
20/04/2019 12:00,0.1161197347835416,0.0540826585095197,0.1840655738011735
20/04/2019 13:00,0.1161197347835416,0.0540826585095197,0.1840655738011735
20/04/2019 14:00,0.1161197347835416,0.0540826585095197,0.1840655738011735
20/04/2019 15:00,0.1161197347835416,0.0540826585095197,0.1840655738011735
20/04/2019 16:00,0.1161197347835416,0.0540826585095197,0.1840655738011735
20/04/2019 17:00,0.1161197347835416,0.0540826585095197,0.1840655738011735
20/04/2019 18:00,0.1161197347835416,0.0540826585095197,0.1840655738011735
20/04/2019 19:00,0.1161197347835416,0.0540826585095197,0.1840655738011735
20/04/2019 20:00,0.1161197347835416,0.0540826585095197,0.1840655738011735
20/04/2019 21:00,0.1161197347835416,0.0540826585095197,0.1840655738011735
20/04/2019 22:00,0.1161197347835416,0.0540826585095197,0.1840655738011735
20/04/2019 23:00,0.1161197347835416,0.0540826585095197,0.1840655738011735
21/04/2019 00:00,0.1161197347835416,0.0540826585095197,0.1840655738011735
21/04/2019 01:00,0.1161197347835416,0.0540826585095197,0.1840655738011735
21/04/2019 02:00,0.1161197347835416,0.0540826585095197,0.1840655738011735
21/04/2019 03:00,0.1161197347835416,0.0540826585095197,0.1840655738011735
21/04/2019 04:00,0.1161197347835416,0.0540826585095197,0.1840655738011735
21/04/2019 05:00,0.1161197347835416,0.0540826585095197,0.1840655738011735
21/04/2019 06:00,0.1161197347835416,0.0540826585095197,0.1840655738011735
21/04/2019 07:00,0.1161197347835416,0.0540826585095197,0.1840655738011735
21/04/2019 08:00,0.1161197347835416,0.0540826585095197,0.1840655738011735
21/04/2019 09:00,0.1161197347835416,0.0540826585095197,0.1840655738011735
21/04/2019 10:00,0.1161197347835416,0.0540826585095197,0.1840655738011735
21/04/2019 11:00,0.1161197347835416,0.0540826585095197,0.1840655738011735
21/04/2019 12:00,0.1161197347835416,0.0540826585095197,0.1840655738011735
21/04/2019 13:00,0.1161197347835416,0.0540826585095197,0.1840655738011735
21/04/2019 14:00,0.1161197347835416,0.0540826585095197,0.1840655738011735
21/04/2019 15:00,0.1161197347835416,0.0540826585095197,0.1840655738011735
21/04/2019 16:00,0.1161197347835416,0.0540826585095197,0.1840655738011735
21/04/2019 17:00,0.1161197347835416,0.0540826585095197,0.1840655738011735
21/04/2019 18:00,0.1161197347835416,0.0540826585095197,0.1840655738011735
21/04/2019 19:00,0.1161197347835416,0.0540826585095197,0.1840655738011735
21/04/2019 20:00,0.1161197347835416,0.0540826585095197,0.1840655738011735
21/04/2019 21:00,0.1161197347835416,0.0540826585095197,0.1840655738011735
21/04/2019 22:00,0.1161197347835416,0.0540826585095197,0.1840655738011735
21/04/2019 23:00,0.1161197347835416,0.0540826585095197,0.1840655738011735
22/04/2019 00:00,0.1161197347835416,0.0540826585095197,0.1840655738011735
22/04/2019 01:00,0.1161197347835416,0.0540826585095197,0.1840655738011735
22/04/2019 02:00,0.1161197347835416,0.0540826585095197,0.1840655738011735
22/04/2019 03:00,0.1161197347835416,0.0540826585095197,0.1840655738011735
22/04/2019 04:00,0.1161197347835416,0.0540826585095197,0.1840655738011735
22/04/2019 05:00,0.1161197347835416,0.0540826585095197,0.1840655738011735
22/04/2019 06:00,0.1161197347835416,0.0540826585095197,0.1840655738011735
22/04/2019 07:00,0.1161197347835416,0.0540826585095197,0.1840655738011735
22/04/2019 08:00,0.1161197347835416,0.0540826585095197,0.1840655738011735
22/04/2019 09:00,0.1161197347835416,0.0540826585095197,0.1840655738011735
22/04/2019 10:00,0.1161197347835416,0.0540826585095197,0.1840655738011735
22/04/2019 11:00,0.1161197347835416,0.0540826585095197,0.1840655738011735
22/04/2019 12:00,0.1161197347835416,0.0540826585095197,0.1840655738011735
22/04/2019 13:00,0.1161197347835416,0.0540826585095197,0.1840655738011735
22/04/2019 14:00,0.1161197347835416,0.0540826585095197,0.1840655738011735
22/04/2019 15:00,0.1161197347835416,0.0540826585095197,0.1840655738011735
22/04/2019 16:00,0.1161197347835416,0.0540826585095197,0.1840655738011735
22/04/2019 17:00,0.1161197347835416,0.0540826585095197,0.1840655738011735
22/04/2019 18:00,0.1161197347835416,0.0540826585095197,0.1840655738011735
22/04/2019 19:00,0.1161197347835416,0.0540826585095197,0.1840655738011735
22/04/2019 20:00,0.1161197347835416,0.0540826585095197,0.1840655738011735
22/04/2019 21:00,0.1161197347835416,0.0540826585095197,0.1840655738011735
22/04/2019 22:00,0.1161197347835416,0.0540826585095197,0.1840655738011735
22/04/2019 23:00,0.1161197347835416,0.0540826585095197,0.1840655738011735
23/04/2019 00:00,0.1161197347835416,0.0540826585095197,0.1840655738011735
23/04/2019 01:00,0.1161197347835416,0.0540826585095197,0.1840655738011735
23/04/2019 02:00,0.1161197347835416,0.0540826585095197,0.1840655738011735
23/04/2019 03:00,0.1161197347835416,0.0540826585095197,0.1840655738011735
23/04/2019 04:00,0.1161197347835416,0.0540826585095197,0.1840655738011735
23/04/2019 05:00,0.1161197347835416,0.0540826585095197,0.1840655738011735
23/04/2019 06:00,0.1161197347835416,0.0540826585095197,0.1840655738011735
23/04/2019 07:00,0.1161197347835416,0.0540826585095197,0.1840655738011735
23/04/2019 08:00,0.1161197347835416,0.0540826585095197,0.1840655738011735
23/04/2019 09:00,0.1161197347835416,0.0540826585095197,0.1840655738011735
23/04/2019 10:00,0.1161197347835416,0.0540826585095197,0.1840655738011735
23/04/2019 11:00,0.1161197347835416,0.0540826585095197,0.1840655738011735
23/04/2019 12:00,0.1161197347835416,0.0540826585095197,0.1840655738011735
23/04/2019 13:00,0.1161197347835416,0.0540826585095197,0.1840655738011735
23/04/2019 14:00,0.1161197347835416,0.0540826585095197,0.1840655738011735
23/04/2019 15:00,0.1161197347835416,0.0540826585095197,0.1840655738011735
23/04/2019 16:00,0.1161197347835416,0.0540826585095197,0.1840655738011735
23/04/2019 17:00,0.1161197347835416,0.0540826585095197,0.1840655738011735
23/04/2019 18:00,0.1161197347835416,0.0540826585095197,0.1840655738011735
23/04/2019 19:00,0.1161197347835416,0.0540826585095197,0.1840655738011735
23/04/2019 20:00,0.1161197347835416,0.0540826585095197,0.1840655738011735
23/04/2019 21:00,0.1161197347835416,0.0540826585095197,0.1840655738011735
23/04/2019 22:00,0.1161197347835416,0.0540826585095197,0.1840655738011735
23/04/2019 23:00,0.1161197347835416,0.0540826585095197,0.1840655738011735
24/04/2019 00:00,0.1161197347835416,0.0540826585095197,0.1840655738011735
24/04/2019 01:00,0.1161197347835416,0.0540826585095197,0.1840655738011735
24/04/2019 02:00,0.1161197347835416,0.0540826585095197,0.1840655738011735
24/04/2019 03:00,0.1161197347835416,0.0540826585095197,0.1840655738011735
24/04/2019 04:00,0.1161197347835416,0.0540826585095197,0.1840655738011735
24/04/2019 05:00,0.1161197347835416,0.0540826585095197,0.1840655738011735
24/04/2019 06:00,0.1161197347835416,0.0540826585095197,0.1840655738011735
24/04/2019 07:00,0.1161197347835416,0.0540826585095197,0.1840655738011735
24/04/2019 08:00,0.1161197347835416,0.0540826585095197,0.1840655738011735
24/04/2019 09:00,0.1161197347835416,0.0540826585095197,0.1840655738011735
24/04/2019 10:00,0.1161197347835416,0.0540826585095197,0.1840655738011735
24/04/2019 11:00,0.1161197347835416,0.0540826585095197,0.1840655738011735
24/04/2019 12:00,0.1161197347835416,0.0540826585095197,0.1840655738011735
24/04/2019 13:00,0.1161197347835416,0.0540826585095197,0.1840655738011735
24/04/2019 14:00,0.1161197347835416,0.0540826585095197,0.1840655738011735
24/04/2019 15:00,0.1161197347835416,0.0540826585095197,0.1840655738011735
24/04/2019 16:00,0.1161197347835416,0.0540826585095197,0.1840655738011735
24/04/2019 17:00,0.1161197347835416,0.0540826585095197,0.1840655738011735
24/04/2019 18:00,0.1161197347835416,0.0540826585095197,0.1840655738011735
24/04/2019 19:00,0.1161197347835416,0.0540826585095197,0.1840655738011735
24/04/2019 20:00,0.1161197347835416,0.0540826585095197,0.1840655738011735
24/04/2019 21:00,0.1161197347835416,0.0540826585095197,0.1840655738011735
24/04/2019 22:00,0.1161197347835416,0.0540826585095197,0.1840655738011735
24/04/2019 23:00,0.1161197347835416,0.0540826585095197,0.1840655738011735
25/04/2019 00:00,0.1161197347835416,0.0540826585095197,0.1840655738011735
25/04/2019 01:00,0.1161197347835416,0.0540826585095197,0.1840655738011735
25/04/2019 02:00,0.1161197347835416,0.0540826585095197,0.1840655738011735
25/04/2019 03:00,0.1161197347835416,0.0540826585095197,0.1840655738011735
25/04/2019 04:00,0.1161197347835416,0.0540826585095197,0.1840655738011735
25/04/2019 05:00,0.1161197347835416,0.0540826585095197,0.1840655738011735
25/04/2019 06:00,0.1161197347835416,0.0540826585095197,0.1840655738011735
25/04/2019 07:00,0.1161197347835416,0.0540826585095197,0.1840655738011735
25/04/2019 08:00,0.1161197347835416,0.0540826585095197,0.1840655738011735
25/04/2019 09:00,0.1161197347835416,0.0540826585095197,0.1840655738011735
25/04/2019 10:00,0.1161197347835416,0.0540826585095197,0.1840655738011735
25/04/2019 11:00,0.1161197347835416,0.0540826585095197,0.1840655738011735
25/04/2019 12:00,0.1161197347835416,0.0540826585095197,0.1840655738011735
25/04/2019 13:00,0.1161197347835416,0.0540826585095197,0.1840655738011735
25/04/2019 14:00,0.1161197347835416,0.0540826585095197,0.1840655738011735
25/04/2019 15:00,0.1161197347835416,0.0540826585095197,0.1840655738011735
25/04/2019 16:00,0.1161197347835416,0.0540826585095197,0.1840655738011735
25/04/2019 17:00,0.1161197347835416,0.0540826585095197,0.1840655738011735
25/04/2019 18:00,0.1161197347835416,0.0540826585095197,0.1840655738011735
25/04/2019 19:00,0.1161197347835416,0.0540826585095197,0.1840655738011735
25/04/2019 20:00,0.1161197347835416,0.0540826585095197,0.1840655738011735
25/04/2019 21:00,0.1161197347835416,0.0540826585095197,0.1840655738011735
25/04/2019 22:00,0.1161197347835416,0.0540826585095197,0.1840655738011735
25/04/2019 23:00,0.1161197347835416,0.0540826585095197,0.1840655738011735
26/04/2019 00:00,0.1161197347835416,0.0540826585095197,0.1840655738011735
26/04/2019 01:00,0.1161197347835416,0.0540826585095197,0.1840655738011735
26/04/2019 02:00,0.1161197347835416,0.0540826585095197,0.1840655738011735
26/04/2019 03:00,0.1161197347835416,0.0540826585095197,0.1840655738011735
26/04/2019 04:00,0.1161197347835416,0.0540826585095197,0.1840655738011735
26/04/2019 05:00,0.1161197347835416,0.0540826585095197,0.1840655738011735
26/04/2019 06:00,0.1161197347835416,0.0540826585095197,0.1840655738011735
26/04/2019 07:00,0.1161197347835416,0.0540826585095197,0.1840655738011735
26/04/2019 08:00,0.1161197347835416,0.0540826585095197,0.1840655738011735
26/04/2019 09:00,0.1161197347835416,0.0540826585095197,0.1840655738011735
26/04/2019 10:00,0.1161197347835416,0.0540826585095197,0.1840655738011735
26/04/2019 11:00,0.1161197347835416,0.0540826585095197,0.1840655738011735
26/04/2019 12:00,0.1161197347835416,0.0540826585095197,0.1840655738011735
26/04/2019 13:00,0.1161197347835416,0.0540826585095197,0.1840655738011735
26/04/2019 14:00,0.1161197347835416,0.0540826585095197,0.1840655738011735
26/04/2019 15:00,0.1161197347835416,0.0540826585095197,0.1840655738011735
26/04/2019 16:00,0.1161197347835416,0.0540826585095197,0.1840655738011735
26/04/2019 17:00,0.1161197347835416,0.0540826585095197,0.1840655738011735
26/04/2019 18:00,0.1161197347835416,0.0540826585095197,0.1840655738011735
26/04/2019 19:00,0.1161197347835416,0.0540826585095197,0.1840655738011735
26/04/2019 20:00,0.1161197347835416,0.0540826585095197,0.1840655738011735
26/04/2019 21:00,0.1161197347835416,0.0540826585095197,0.1840655738011735
26/04/2019 22:00,0.1161197347835416,0.0540826585095197,0.1840655738011735
26/04/2019 23:00,0.1161197347835416,0.0540826585095197,0.1840655738011735
27/04/2019 00:00,0.1161197347835416,0.0540826585095197,0.1840655738011735
27/04/2019 01:00,0.1161197347835416,0.0540826585095197,0.1840655738011735
27/04/2019 02:00,0.1161197347835416,0.0540826585095197,0.1840655738011735
27/04/2019 03:00,0.1161197347835416,0.0540826585095197,0.1840655738011735
27/04/2019 04:00,0.1161197347835416,0.0540826585095197,0.1840655738011735
27/04/2019 05:00,0.1161197347835416,0.0540826585095197,0.1840655738011735
27/04/2019 06:00,0.1161197347835416,0.0540826585095197,0.1840655738011735
27/04/2019 07:00,0.1161197347835416,0.0540826585095197,0.1840655738011735
27/04/2019 08:00,0.1161197347835416,0.0540826585095197,0.1840655738011735
27/04/2019 09:00,0.1161197347835416,0.0540826585095197,0.1840655738011735
27/04/2019 10:00,0.1161197347835416,0.0540826585095197,0.1840655738011735
27/04/2019 11:00,0.1161197347835416,0.0540826585095197,0.1840655738011735
27/04/2019 12:00,0.1161197347835416,0.0540826585095197,0.1840655738011735
27/04/2019 13:00,0.1161197347835416,0.0540826585095197,0.1840655738011735
27/04/2019 14:00,0.1161197347835416,0.0540826585095197,0.1840655738011735
27/04/2019 15:00,0.1161197347835416,0.0540826585095197,0.1840655738011735
27/04/2019 16:00,0.1161197347835416,0.0540826585095197,0.1840655738011735
27/04/2019 17:00,0.1161197347835416,0.0540826585095197,0.1840655738011735
27/04/2019 18:00,0.1161197347835416,0.0540826585095197,0.1840655738011735
27/04/2019 19:00,0.1161197347835416,0.0540826585095197,0.1840655738011735
27/04/2019 20:00,0.1161197347835416,0.0540826585095197,0.1840655738011735
27/04/2019 21:00,0.1161197347835416,0.0540826585095197,0.1840655738011735
27/04/2019 22:00,0.1161197347835416,0.0540826585095197,0.1840655738011735
27/04/2019 23:00,0.1161197347835416,0.0540826585095197,0.1840655738011735
28/04/2019 00:00,0.1161197347835416,0.0540826585095197,0.1840655738011735
28/04/2019 01:00,0.1161197347835416,0.0540826585095197,0.1840655738011735
28/04/2019 02:00,0.1161197347835416,0.0540826585095197,0.1840655738011735
28/04/2019 03:00,0.1161197347835416,0.0540826585095197,0.1840655738011735
28/04/2019 04:00,0.1161197347835416,0.0540826585095197,0.1840655738011735
28/04/2019 05:00,0.1161197347835416,0.0540826585095197,0.1840655738011735
28/04/2019 06:00,0.1161197347835416,0.0540826585095197,0.1840655738011735
28/04/2019 07:00,0.1161197347835416,0.0540826585095197,0.1840655738011735
28/04/2019 08:00,0.1161197347835416,0.0540826585095197,0.1840655738011735
28/04/2019 09:00,0.1161197347835416,0.0540826585095197,0.1840655738011735
28/04/2019 10:00,0.1161197347835416,0.0540826585095197,0.1840655738011735
28/04/2019 11:00,0.1161197347835416,0.0540826585095197,0.1840655738011735
28/04/2019 12:00,0.1161197347835416,0.0540826585095197,0.1840655738011735
28/04/2019 13:00,0.1161197347835416,0.0540826585095197,0.1840655738011735
28/04/2019 14:00,0.1161197347835416,0.0540826585095197,0.1840655738011735
28/04/2019 15:00,0.1161197347835416,0.0540826585095197,0.1840655738011735
28/04/2019 16:00,0.1161197347835416,0.0540826585095197,0.1840655738011735
28/04/2019 17:00,0.1161197347835416,0.0540826585095197,0.1840655738011735
28/04/2019 18:00,0.1161197347835416,0.0540826585095197,0.1840655738011735
28/04/2019 19:00,0.1161197347835416,0.0540826585095197,0.1840655738011735
28/04/2019 20:00,0.1161197347835416,0.0540826585095197,0.1840655738011735
28/04/2019 21:00,0.1161197347835416,0.0540826585095197,0.1840655738011735
28/04/2019 22:00,0.1161197347835416,0.0540826585095197,0.1840655738011735
28/04/2019 23:00,0.1161197347835416,0.0540826585095197,0.1840655738011735
29/04/2019 00:00,0.1161197347835416,0.0540826585095197,0.1840655738011735
29/04/2019 01:00,0.1161197347835416,0.0540826585095197,0.1840655738011735
29/04/2019 02:00,0.1161197347835416,0.0540826585095197,0.1840655738011735
29/04/2019 03:00,0.1161197347835416,0.0540826585095197,0.1840655738011735
29/04/2019 04:00,0.1161197347835416,0.0540826585095197,0.1840655738011735
29/04/2019 05:00,0.1161197347835416,0.0540826585095197,0.1840655738011735
29/04/2019 06:00,0.1161197347835416,0.0540826585095197,0.1840655738011735
29/04/2019 07:00,0.1161197347835416,0.0540826585095197,0.1840655738011735
29/04/2019 08:00,0.1161197347835416,0.0540826585095197,0.1840655738011735
29/04/2019 09:00,0.1161197347835416,0.0540826585095197,0.1840655738011735
29/04/2019 10:00,0.1161197347835416,0.0540826585095197,0.1840655738011735
29/04/2019 11:00,0.1161197347835416,0.0540826585095197,0.1840655738011735
29/04/2019 12:00,0.1161197347835416,0.0540826585095197,0.1840655738011735
29/04/2019 13:00,0.1161197347835416,0.0540826585095197,0.1840655738011735
29/04/2019 14:00,0.1161197347835416,0.0540826585095197,0.1840655738011735
29/04/2019 15:00,0.1161197347835416,0.0540826585095197,0.1840655738011735
29/04/2019 16:00,0.1161197347835416,0.0540826585095197,0.1840655738011735
29/04/2019 17:00,0.1161197347835416,0.0540826585095197,0.1840655738011735
29/04/2019 18:00,0.1161197347835416,0.0540826585095197,0.1840655738011735
29/04/2019 19:00,0.1161197347835416,0.0540826585095197,0.1840655738011735
29/04/2019 20:00,0.1161197347835416,0.0540826585095197,0.1840655738011735
29/04/2019 21:00,0.1161197347835416,0.0540826585095197,0.1840655738011735
29/04/2019 22:00,0.1161197347835416,0.0540826585095197,0.1840655738011735
29/04/2019 23:00,0.1161197347835416,0.0540826585095197,0.1840655738011735
30/04/2019 00:00,0.1161197347835416,0.0540826585095197,0.1840655738011735
30/04/2019 01:00,0.1161197347835416,0.0540826585095197,0.1840655738011735
30/04/2019 02:00,0.1161197347835416,0.0540826585095197,0.1840655738011735
30/04/2019 03:00,0.1161197347835416,0.0540826585095197,0.1840655738011735
30/04/2019 04:00,0.1161197347835416,0.0540826585095197,0.1840655738011735
30/04/2019 05:00,0.1161197347835416,0.0540826585095197,0.1840655738011735
30/04/2019 06:00,0.1161197347835416,0.0540826585095197,0.1840655738011735
30/04/2019 07:00,0.1161197347835416,0.0540826585095197,0.1840655738011735
30/04/2019 08:00,0.1161197347835416,0.0540826585095197,0.1840655738011735
30/04/2019 09:00,0.1161197347835416,0.0540826585095197,0.1840655738011735
30/04/2019 10:00,0.1161197347835416,0.0540826585095197,0.1840655738011735
30/04/2019 11:00,0.1161197347835416,0.0540826585095197,0.1840655738011735
30/04/2019 12:00,0.1161197347835416,0.0540826585095197,0.1840655738011735
30/04/2019 13:00,0.1161197347835416,0.0540826585095197,0.1840655738011735
30/04/2019 14:00,0.1161197347835416,0.0540826585095197,0.1840655738011735
30/04/2019 15:00,0.1161197347835416,0.0540826585095197,0.1840655738011735
30/04/2019 16:00,0.1161197347835416,0.0540826585095197,0.1840655738011735
30/04/2019 17:00,0.1161197347835416,0.0540826585095197,0.1840655738011735
30/04/2019 18:00,0.1161197347835416,0.0540826585095197,0.1840655738011735
30/04/2019 19:00,0.1161197347835416,0.0540826585095197,0.1840655738011735
30/04/2019 20:00,0.1161197347835416,0.0540826585095197,0.1840655738011735
30/04/2019 21:00,0.1161197347835416,0.0540826585095197,0.1840655738011735
30/04/2019 22:00,0.1161197347835416,0.0540826585095197,0.1840655738011735
30/04/2019 23:00,0.1161197347835416,0.0540826585095197,0.1840655738011735
01/05/2019 00:00,0.3296845447212171,0.0715178002972666,0.2505557751562662
01/05/2019 01:00,0.3296845447212171,0.0715178002972666,0.2505557751562662
01/05/2019 02:00,0.3296845447212171,0.0715178002972666,0.2505557751562662
01/05/2019 03:00,0.3296845447212171,0.0715178002972666,0.2505557751562662
01/05/2019 04:00,0.3296845447212171,0.0715178002972666,0.2505557751562662
01/05/2019 05:00,0.3296845447212171,0.0715178002972666,0.2505557751562662
01/05/2019 06:00,0.3296845447212171,0.0715178002972666,0.2505557751562662
01/05/2019 07:00,0.3296845447212171,0.0715178002972666,0.2505557751562662
01/05/2019 08:00,0.3296845447212171,0.0715178002972666,0.2505557751562662
01/05/2019 09:00,0.3296845447212171,0.0715178002972666,0.2505557751562662
01/05/2019 10:00,0.3296845447212171,0.0715178002972666,0.2505557751562662
01/05/2019 11:00,0.3296845447212171,0.0715178002972666,0.2505557751562662
01/05/2019 12:00,0.3296845447212171,0.0715178002972666,0.2505557751562662
01/05/2019 13:00,0.3296845447212171,0.0715178002972666,0.2505557751562662
01/05/2019 14:00,0.3296845447212171,0.0715178002972666,0.2505557751562662
01/05/2019 15:00,0.3296845447212171,0.0715178002972666,0.2505557751562662
01/05/2019 16:00,0.3296845447212171,0.0715178002972666,0.2505557751562662
01/05/2019 17:00,0.3296845447212171,0.0715178002972666,0.2505557751562662
01/05/2019 18:00,0.3296845447212171,0.0715178002972666,0.2505557751562662
01/05/2019 19:00,0.3296845447212171,0.0715178002972666,0.2505557751562662
01/05/2019 20:00,0.3296845447212171,0.0715178002972666,0.2505557751562662
01/05/2019 21:00,0.3296845447212171,0.0715178002972666,0.2505557751562662
01/05/2019 22:00,0.3296845447212171,0.0715178002972666,0.2505557751562662
01/05/2019 23:00,0.3296845447212171,0.0715178002972666,0.2505557751562662
02/05/2019 00:00,0.3296845447212171,0.0715178002972666,0.2505557751562662
02/05/2019 01:00,0.3296845447212171,0.0715178002972666,0.2505557751562662
02/05/2019 02:00,0.3296845447212171,0.0715178002972666,0.2505557751562662
02/05/2019 03:00,0.3296845447212171,0.0715178002972666,0.2505557751562662
02/05/2019 04:00,0.3296845447212171,0.0715178002972666,0.2505557751562662
02/05/2019 05:00,0.3296845447212171,0.0715178002972666,0.2505557751562662
02/05/2019 06:00,0.3296845447212171,0.0715178002972666,0.2505557751562662
02/05/2019 07:00,0.3296845447212171,0.0715178002972666,0.2505557751562662
02/05/2019 08:00,0.3296845447212171,0.0715178002972666,0.2505557751562662
02/05/2019 09:00,0.3296845447212171,0.0715178002972666,0.2505557751562662
02/05/2019 10:00,0.3296845447212171,0.0715178002972666,0.2505557751562662
02/05/2019 11:00,0.3296845447212171,0.0715178002972666,0.2505557751562662
02/05/2019 12:00,0.3296845447212171,0.0715178002972666,0.2505557751562662
02/05/2019 13:00,0.3296845447212171,0.0715178002972666,0.2505557751562662
02/05/2019 14:00,0.3296845447212171,0.0715178002972666,0.2505557751562662
02/05/2019 15:00,0.3296845447212171,0.0715178002972666,0.2505557751562662
02/05/2019 16:00,0.3296845447212171,0.0715178002972666,0.2505557751562662
02/05/2019 17:00,0.3296845447212171,0.0715178002972666,0.2505557751562662
02/05/2019 18:00,0.3296845447212171,0.0715178002972666,0.2505557751562662
02/05/2019 19:00,0.3296845447212171,0.0715178002972666,0.2505557751562662
02/05/2019 20:00,0.3296845447212171,0.0715178002972666,0.2505557751562662
02/05/2019 21:00,0.3296845447212171,0.0715178002972666,0.2505557751562662
02/05/2019 22:00,0.3296845447212171,0.0715178002972666,0.2505557751562662
02/05/2019 23:00,0.3296845447212171,0.0715178002972666,0.2505557751562662
03/05/2019 00:00,0.3296845447212171,0.0715178002972666,0.2505557751562662
03/05/2019 01:00,0.3296845447212171,0.0715178002972666,0.2505557751562662
03/05/2019 02:00,0.3296845447212171,0.0715178002972666,0.2505557751562662
03/05/2019 03:00,0.3296845447212171,0.0715178002972666,0.2505557751562662
03/05/2019 04:00,0.3296845447212171,0.0715178002972666,0.2505557751562662
03/05/2019 05:00,0.3296845447212171,0.0715178002972666,0.2505557751562662
03/05/2019 06:00,0.3296845447212171,0.0715178002972666,0.2505557751562662
03/05/2019 07:00,0.3296845447212171,0.0715178002972666,0.2505557751562662
03/05/2019 08:00,0.3296845447212171,0.0715178002972666,0.2505557751562662
03/05/2019 09:00,0.3296845447212171,0.0715178002972666,0.2505557751562662
03/05/2019 10:00,0.3296845447212171,0.0715178002972666,0.2505557751562662
03/05/2019 11:00,0.3296845447212171,0.0715178002972666,0.2505557751562662
03/05/2019 12:00,0.3296845447212171,0.0715178002972666,0.2505557751562662
03/05/2019 13:00,0.3296845447212171,0.0715178002972666,0.2505557751562662
03/05/2019 14:00,0.3296845447212171,0.0715178002972666,0.2505557751562662
03/05/2019 15:00,0.3296845447212171,0.0715178002972666,0.2505557751562662
03/05/2019 16:00,0.3296845447212171,0.0715178002972666,0.2505557751562662
03/05/2019 17:00,0.3296845447212171,0.0715178002972666,0.2505557751562662
03/05/2019 18:00,0.3296845447212171,0.0715178002972666,0.2505557751562662
03/05/2019 19:00,0.3296845447212171,0.0715178002972666,0.2505557751562662
03/05/2019 20:00,0.3296845447212171,0.0715178002972666,0.2505557751562662
03/05/2019 21:00,0.3296845447212171,0.0715178002972666,0.2505557751562662
03/05/2019 22:00,0.3296845447212171,0.0715178002972666,0.2505557751562662
03/05/2019 23:00,0.3296845447212171,0.0715178002972666,0.2505557751562662
04/05/2019 00:00,0.3296845447212171,0.0715178002972666,0.2505557751562662
04/05/2019 01:00,0.3296845447212171,0.0715178002972666,0.2505557751562662
04/05/2019 02:00,0.3296845447212171,0.0715178002972666,0.2505557751562662
04/05/2019 03:00,0.3296845447212171,0.0715178002972666,0.2505557751562662
04/05/2019 04:00,0.3296845447212171,0.0715178002972666,0.2505557751562662
04/05/2019 05:00,0.3296845447212171,0.0715178002972666,0.2505557751562662
04/05/2019 06:00,0.3296845447212171,0.0715178002972666,0.2505557751562662
04/05/2019 07:00,0.3296845447212171,0.0715178002972666,0.2505557751562662
04/05/2019 08:00,0.3296845447212171,0.0715178002972666,0.2505557751562662
04/05/2019 09:00,0.3296845447212171,0.0715178002972666,0.2505557751562662
04/05/2019 10:00,0.3296845447212171,0.0715178002972666,0.2505557751562662
04/05/2019 11:00,0.3296845447212171,0.0715178002972666,0.2505557751562662
04/05/2019 12:00,0.3296845447212171,0.0715178002972666,0.2505557751562662
04/05/2019 13:00,0.3296845447212171,0.0715178002972666,0.2505557751562662
04/05/2019 14:00,0.3296845447212171,0.0715178002972666,0.2505557751562662
04/05/2019 15:00,0.3296845447212171,0.0715178002972666,0.2505557751562662
04/05/2019 16:00,0.3296845447212171,0.0715178002972666,0.2505557751562662
04/05/2019 17:00,0.3296845447212171,0.0715178002972666,0.2505557751562662
04/05/2019 18:00,0.3296845447212171,0.0715178002972666,0.2505557751562662
04/05/2019 19:00,0.3296845447212171,0.0715178002972666,0.2505557751562662
04/05/2019 20:00,0.3296845447212171,0.0715178002972666,0.2505557751562662
04/05/2019 21:00,0.3296845447212171,0.0715178002972666,0.2505557751562662
04/05/2019 22:00,0.3296845447212171,0.0715178002972666,0.2505557751562662
04/05/2019 23:00,0.3296845447212171,0.0715178002972666,0.2505557751562662
05/05/2019 00:00,0.3296845447212171,0.0715178002972666,0.2505557751562662
05/05/2019 01:00,0.3296845447212171,0.0715178002972666,0.2505557751562662
05/05/2019 02:00,0.3296845447212171,0.0715178002972666,0.2505557751562662
05/05/2019 03:00,0.3296845447212171,0.0715178002972666,0.2505557751562662
05/05/2019 04:00,0.3296845447212171,0.0715178002972666,0.2505557751562662
05/05/2019 05:00,0.3296845447212171,0.0715178002972666,0.2505557751562662
05/05/2019 06:00,0.3296845447212171,0.0715178002972666,0.2505557751562662
05/05/2019 07:00,0.3296845447212171,0.0715178002972666,0.2505557751562662
05/05/2019 08:00,0.3296845447212171,0.0715178002972666,0.2505557751562662
05/05/2019 09:00,0.3296845447212171,0.0715178002972666,0.2505557751562662
05/05/2019 10:00,0.3296845447212171,0.0715178002972666,0.2505557751562662
05/05/2019 11:00,0.3296845447212171,0.0715178002972666,0.2505557751562662
05/05/2019 12:00,0.3296845447212171,0.0715178002972666,0.2505557751562662
05/05/2019 13:00,0.3296845447212171,0.0715178002972666,0.2505557751562662
05/05/2019 14:00,0.3296845447212171,0.0715178002972666,0.2505557751562662
05/05/2019 15:00,0.3296845447212171,0.0715178002972666,0.2505557751562662
05/05/2019 16:00,0.3296845447212171,0.0715178002972666,0.2505557751562662
05/05/2019 17:00,0.3296845447212171,0.0715178002972666,0.2505557751562662
05/05/2019 18:00,0.3296845447212171,0.0715178002972666,0.2505557751562662
05/05/2019 19:00,0.3296845447212171,0.0715178002972666,0.2505557751562662
05/05/2019 20:00,0.3296845447212171,0.0715178002972666,0.2505557751562662
05/05/2019 21:00,0.3296845447212171,0.0715178002972666,0.2505557751562662
05/05/2019 22:00,0.3296845447212171,0.0715178002972666,0.2505557751562662
05/05/2019 23:00,0.3296845447212171,0.0715178002972666,0.2505557751562662
06/05/2019 00:00,0.3296845447212171,0.0715178002972666,0.2505557751562662
06/05/2019 01:00,0.3296845447212171,0.0715178002972666,0.2505557751562662
06/05/2019 02:00,0.3296845447212171,0.0715178002972666,0.2505557751562662
06/05/2019 03:00,0.3296845447212171,0.0715178002972666,0.2505557751562662
06/05/2019 04:00,0.3296845447212171,0.0715178002972666,0.2505557751562662
06/05/2019 05:00,0.3296845447212171,0.0715178002972666,0.2505557751562662
06/05/2019 06:00,0.3296845447212171,0.0715178002972666,0.2505557751562662
06/05/2019 07:00,0.3296845447212171,0.0715178002972666,0.2505557751562662
06/05/2019 08:00,0.3296845447212171,0.0715178002972666,0.2505557751562662
06/05/2019 09:00,0.3296845447212171,0.0715178002972666,0.2505557751562662
06/05/2019 10:00,0.3296845447212171,0.0715178002972666,0.2505557751562662
06/05/2019 11:00,0.3296845447212171,0.0715178002972666,0.2505557751562662
06/05/2019 12:00,0.3296845447212171,0.0715178002972666,0.2505557751562662
06/05/2019 13:00,0.3296845447212171,0.0715178002972666,0.2505557751562662
06/05/2019 14:00,0.3296845447212171,0.0715178002972666,0.2505557751562662
06/05/2019 15:00,0.3296845447212171,0.0715178002972666,0.2505557751562662
06/05/2019 16:00,0.3296845447212171,0.0715178002972666,0.2505557751562662
06/05/2019 17:00,0.3296845447212171,0.0715178002972666,0.2505557751562662
06/05/2019 18:00,0.3296845447212171,0.0715178002972666,0.2505557751562662
06/05/2019 19:00,0.3296845447212171,0.0715178002972666,0.2505557751562662
06/05/2019 20:00,0.3296845447212171,0.0715178002972666,0.2505557751562662
06/05/2019 21:00,0.3296845447212171,0.0715178002972666,0.2505557751562662
06/05/2019 22:00,0.3296845447212171,0.0715178002972666,0.2505557751562662
06/05/2019 23:00,0.3296845447212171,0.0715178002972666,0.2505557751562662
07/05/2019 00:00,0.3296845447212171,0.0715178002972666,0.2505557751562662
07/05/2019 01:00,0.3296845447212171,0.0715178002972666,0.2505557751562662
07/05/2019 02:00,0.3296845447212171,0.0715178002972666,0.2505557751562662
07/05/2019 03:00,0.3296845447212171,0.0715178002972666,0.2505557751562662
07/05/2019 04:00,0.3296845447212171,0.0715178002972666,0.2505557751562662
07/05/2019 05:00,0.3296845447212171,0.0715178002972666,0.2505557751562662
07/05/2019 06:00,0.3296845447212171,0.0715178002972666,0.2505557751562662
07/05/2019 07:00,0.3296845447212171,0.0715178002972666,0.2505557751562662
07/05/2019 08:00,0.3296845447212171,0.0715178002972666,0.2505557751562662
07/05/2019 09:00,0.3296845447212171,0.0715178002972666,0.2505557751562662
07/05/2019 10:00,0.3296845447212171,0.0715178002972666,0.2505557751562662
07/05/2019 11:00,0.3296845447212171,0.0715178002972666,0.2505557751562662
07/05/2019 12:00,0.3296845447212171,0.0715178002972666,0.2505557751562662
07/05/2019 13:00,0.3296845447212171,0.0715178002972666,0.2505557751562662
07/05/2019 14:00,0.3296845447212171,0.0715178002972666,0.2505557751562662
07/05/2019 15:00,0.3296845447212171,0.0715178002972666,0.2505557751562662
07/05/2019 16:00,0.3296845447212171,0.0715178002972666,0.2505557751562662
07/05/2019 17:00,0.3296845447212171,0.0715178002972666,0.2505557751562662
07/05/2019 18:00,0.3296845447212171,0.0715178002972666,0.2505557751562662
07/05/2019 19:00,0.3296845447212171,0.0715178002972666,0.2505557751562662
07/05/2019 20:00,0.3296845447212171,0.0715178002972666,0.2505557751562662
07/05/2019 21:00,0.3296845447212171,0.0715178002972666,0.2505557751562662
07/05/2019 22:00,0.3296845447212171,0.0715178002972666,0.2505557751562662
07/05/2019 23:00,0.3296845447212171,0.0715178002972666,0.2505557751562662
08/05/2019 00:00,0.3296845447212171,0.0715178002972666,0.2505557751562662
08/05/2019 01:00,0.3296845447212171,0.0715178002972666,0.2505557751562662
08/05/2019 02:00,0.3296845447212171,0.0715178002972666,0.2505557751562662
08/05/2019 03:00,0.3296845447212171,0.0715178002972666,0.2505557751562662
08/05/2019 04:00,0.3296845447212171,0.0715178002972666,0.2505557751562662
08/05/2019 05:00,0.3296845447212171,0.0715178002972666,0.2505557751562662
08/05/2019 06:00,0.3296845447212171,0.0715178002972666,0.2505557751562662
08/05/2019 07:00,0.3296845447212171,0.0715178002972666,0.2505557751562662
08/05/2019 08:00,0.3296845447212171,0.0715178002972666,0.2505557751562662
08/05/2019 09:00,0.3296845447212171,0.0715178002972666,0.2505557751562662
08/05/2019 10:00,0.3296845447212171,0.0715178002972666,0.2505557751562662
08/05/2019 11:00,0.3296845447212171,0.0715178002972666,0.2505557751562662
08/05/2019 12:00,0.3296845447212171,0.0715178002972666,0.2505557751562662
08/05/2019 13:00,0.3296845447212171,0.0715178002972666,0.2505557751562662
08/05/2019 14:00,0.3296845447212171,0.0715178002972666,0.2505557751562662
08/05/2019 15:00,0.3296845447212171,0.0715178002972666,0.2505557751562662
08/05/2019 16:00,0.3296845447212171,0.0715178002972666,0.2505557751562662
08/05/2019 17:00,0.3296845447212171,0.0715178002972666,0.2505557751562662
08/05/2019 18:00,0.3296845447212171,0.0715178002972666,0.2505557751562662
08/05/2019 19:00,0.3296845447212171,0.0715178002972666,0.2505557751562662
08/05/2019 20:00,0.3296845447212171,0.0715178002972666,0.2505557751562662
08/05/2019 21:00,0.3296845447212171,0.0715178002972666,0.2505557751562662
08/05/2019 22:00,0.3296845447212171,0.0715178002972666,0.2505557751562662
08/05/2019 23:00,0.3296845447212171,0.0715178002972666,0.2505557751562662
09/05/2019 00:00,0.3296845447212171,0.0715178002972666,0.2505557751562662
09/05/2019 01:00,0.3296845447212171,0.0715178002972666,0.2505557751562662
09/05/2019 02:00,0.3296845447212171,0.0715178002972666,0.2505557751562662
09/05/2019 03:00,0.3296845447212171,0.0715178002972666,0.2505557751562662
09/05/2019 04:00,0.3296845447212171,0.0715178002972666,0.2505557751562662
09/05/2019 05:00,0.3296845447212171,0.0715178002972666,0.2505557751562662
09/05/2019 06:00,0.3296845447212171,0.0715178002972666,0.2505557751562662
09/05/2019 07:00,0.3296845447212171,0.0715178002972666,0.2505557751562662
09/05/2019 08:00,0.3296845447212171,0.0715178002972666,0.2505557751562662
09/05/2019 09:00,0.3296845447212171,0.0715178002972666,0.2505557751562662
09/05/2019 10:00,0.3296845447212171,0.0715178002972666,0.2505557751562662
09/05/2019 11:00,0.3296845447212171,0.0715178002972666,0.2505557751562662
09/05/2019 12:00,0.3296845447212171,0.0715178002972666,0.2505557751562662
09/05/2019 13:00,0.3296845447212171,0.0715178002972666,0.2505557751562662
09/05/2019 14:00,0.3296845447212171,0.0715178002972666,0.2505557751562662
09/05/2019 15:00,0.3296845447212171,0.0715178002972666,0.2505557751562662
09/05/2019 16:00,0.3296845447212171,0.0715178002972666,0.2505557751562662
09/05/2019 17:00,0.3296845447212171,0.0715178002972666,0.2505557751562662
09/05/2019 18:00,0.3296845447212171,0.0715178002972666,0.2505557751562662
09/05/2019 19:00,0.3296845447212171,0.0715178002972666,0.2505557751562662
09/05/2019 20:00,0.3296845447212171,0.0715178002972666,0.2505557751562662
09/05/2019 21:00,0.3296845447212171,0.0715178002972666,0.2505557751562662
09/05/2019 22:00,0.3296845447212171,0.0715178002972666,0.2505557751562662
09/05/2019 23:00,0.3296845447212171,0.0715178002972666,0.2505557751562662
10/05/2019 00:00,0.3296845447212171,0.0715178002972666,0.2505557751562662
10/05/2019 01:00,0.3296845447212171,0.0715178002972666,0.2505557751562662
10/05/2019 02:00,0.3296845447212171,0.0715178002972666,0.2505557751562662
10/05/2019 03:00,0.3296845447212171,0.0715178002972666,0.2505557751562662
10/05/2019 04:00,0.3296845447212171,0.0715178002972666,0.2505557751562662
10/05/2019 05:00,0.3296845447212171,0.0715178002972666,0.2505557751562662
10/05/2019 06:00,0.3296845447212171,0.0715178002972666,0.2505557751562662
10/05/2019 07:00,0.3296845447212171,0.0715178002972666,0.2505557751562662
10/05/2019 08:00,0.3296845447212171,0.0715178002972666,0.2505557751562662
10/05/2019 09:00,0.3296845447212171,0.0715178002972666,0.2505557751562662
10/05/2019 10:00,0.3296845447212171,0.0715178002972666,0.2505557751562662
10/05/2019 11:00,0.3296845447212171,0.0715178002972666,0.2505557751562662
10/05/2019 12:00,0.3296845447212171,0.0715178002972666,0.2505557751562662
10/05/2019 13:00,0.3296845447212171,0.0715178002972666,0.2505557751562662
10/05/2019 14:00,0.3296845447212171,0.0715178002972666,0.2505557751562662
10/05/2019 15:00,0.3296845447212171,0.0715178002972666,0.2505557751562662
10/05/2019 16:00,0.3296845447212171,0.0715178002972666,0.2505557751562662
10/05/2019 17:00,0.3296845447212171,0.0715178002972666,0.2505557751562662
10/05/2019 18:00,0.3296845447212171,0.0715178002972666,0.2505557751562662
10/05/2019 19:00,0.3296845447212171,0.0715178002972666,0.2505557751562662
10/05/2019 20:00,0.3296845447212171,0.0715178002972666,0.2505557751562662
10/05/2019 21:00,0.3296845447212171,0.0715178002972666,0.2505557751562662
10/05/2019 22:00,0.3296845447212171,0.0715178002972666,0.2505557751562662
10/05/2019 23:00,0.3296845447212171,0.0715178002972666,0.2505557751562662
11/05/2019 00:00,0.3296845447212171,0.0715178002972666,0.2505557751562662
11/05/2019 01:00,0.3296845447212171,0.0715178002972666,0.2505557751562662
11/05/2019 02:00,0.3296845447212171,0.0715178002972666,0.2505557751562662
11/05/2019 03:00,0.3296845447212171,0.0715178002972666,0.2505557751562662
11/05/2019 04:00,0.3296845447212171,0.0715178002972666,0.2505557751562662
11/05/2019 05:00,0.3296845447212171,0.0715178002972666,0.2505557751562662
11/05/2019 06:00,0.3296845447212171,0.0715178002972666,0.2505557751562662
11/05/2019 07:00,0.3296845447212171,0.0715178002972666,0.2505557751562662
11/05/2019 08:00,0.3296845447212171,0.0715178002972666,0.2505557751562662
11/05/2019 09:00,0.3296845447212171,0.0715178002972666,0.2505557751562662
11/05/2019 10:00,0.3296845447212171,0.0715178002972666,0.2505557751562662
11/05/2019 11:00,0.3296845447212171,0.0715178002972666,0.2505557751562662
11/05/2019 12:00,0.3296845447212171,0.0715178002972666,0.2505557751562662
11/05/2019 13:00,0.3296845447212171,0.0715178002972666,0.2505557751562662
11/05/2019 14:00,0.3296845447212171,0.0715178002972666,0.2505557751562662
11/05/2019 15:00,0.3296845447212171,0.0715178002972666,0.2505557751562662
11/05/2019 16:00,0.3296845447212171,0.0715178002972666,0.2505557751562662
11/05/2019 17:00,0.3296845447212171,0.0715178002972666,0.2505557751562662
11/05/2019 18:00,0.3296845447212171,0.0715178002972666,0.2505557751562662
11/05/2019 19:00,0.3296845447212171,0.0715178002972666,0.2505557751562662
11/05/2019 20:00,0.3296845447212171,0.0715178002972666,0.2505557751562662
11/05/2019 21:00,0.3296845447212171,0.0715178002972666,0.2505557751562662
11/05/2019 22:00,0.3296845447212171,0.0715178002972666,0.2505557751562662
11/05/2019 23:00,0.3296845447212171,0.0715178002972666,0.2505557751562662
12/05/2019 00:00,0.3296845447212171,0.0715178002972666,0.2505557751562662
12/05/2019 01:00,0.3296845447212171,0.0715178002972666,0.2505557751562662
12/05/2019 02:00,0.3296845447212171,0.0715178002972666,0.2505557751562662
12/05/2019 03:00,0.3296845447212171,0.0715178002972666,0.2505557751562662
12/05/2019 04:00,0.3296845447212171,0.0715178002972666,0.2505557751562662
12/05/2019 05:00,0.3296845447212171,0.0715178002972666,0.2505557751562662
12/05/2019 06:00,0.3296845447212171,0.0715178002972666,0.2505557751562662
12/05/2019 07:00,0.3296845447212171,0.0715178002972666,0.2505557751562662
12/05/2019 08:00,0.3296845447212171,0.0715178002972666,0.2505557751562662
12/05/2019 09:00,0.3296845447212171,0.0715178002972666,0.2505557751562662
12/05/2019 10:00,0.3296845447212171,0.0715178002972666,0.2505557751562662
12/05/2019 11:00,0.3296845447212171,0.0715178002972666,0.2505557751562662
12/05/2019 12:00,0.3296845447212171,0.0715178002972666,0.2505557751562662
12/05/2019 13:00,0.3296845447212171,0.0715178002972666,0.2505557751562662
12/05/2019 14:00,0.3296845447212171,0.0715178002972666,0.2505557751562662
12/05/2019 15:00,0.3296845447212171,0.0715178002972666,0.2505557751562662
12/05/2019 16:00,0.3296845447212171,0.0715178002972666,0.2505557751562662
12/05/2019 17:00,0.3296845447212171,0.0715178002972666,0.2505557751562662
12/05/2019 18:00,0.3296845447212171,0.0715178002972666,0.2505557751562662
12/05/2019 19:00,0.3296845447212171,0.0715178002972666,0.2505557751562662
12/05/2019 20:00,0.3296845447212171,0.0715178002972666,0.2505557751562662
12/05/2019 21:00,0.3296845447212171,0.0715178002972666,0.2505557751562662
12/05/2019 22:00,0.3296845447212171,0.0715178002972666,0.2505557751562662
12/05/2019 23:00,0.3296845447212171,0.0715178002972666,0.2505557751562662
13/05/2019 00:00,0.3296845447212171,0.0715178002972666,0.2505557751562662
13/05/2019 01:00,0.3296845447212171,0.0715178002972666,0.2505557751562662
13/05/2019 02:00,0.3296845447212171,0.0715178002972666,0.2505557751562662
13/05/2019 03:00,0.3296845447212171,0.0715178002972666,0.2505557751562662
13/05/2019 04:00,0.3296845447212171,0.0715178002972666,0.2505557751562662
13/05/2019 05:00,0.3296845447212171,0.0715178002972666,0.2505557751562662
13/05/2019 06:00,0.3296845447212171,0.0715178002972666,0.2505557751562662
13/05/2019 07:00,0.3296845447212171,0.0715178002972666,0.2505557751562662
13/05/2019 08:00,0.3296845447212171,0.0715178002972666,0.2505557751562662
13/05/2019 09:00,0.3296845447212171,0.0715178002972666,0.2505557751562662
13/05/2019 10:00,0.3296845447212171,0.0715178002972666,0.2505557751562662
13/05/2019 11:00,0.3296845447212171,0.0715178002972666,0.2505557751562662
13/05/2019 12:00,0.3296845447212171,0.0715178002972666,0.2505557751562662
13/05/2019 13:00,0.3296845447212171,0.0715178002972666,0.2505557751562662
13/05/2019 14:00,0.3296845447212171,0.0715178002972666,0.2505557751562662
13/05/2019 15:00,0.3296845447212171,0.0715178002972666,0.2505557751562662
13/05/2019 16:00,0.3296845447212171,0.0715178002972666,0.2505557751562662
13/05/2019 17:00,0.3296845447212171,0.0715178002972666,0.2505557751562662
13/05/2019 18:00,0.3296845447212171,0.0715178002972666,0.2505557751562662
13/05/2019 19:00,0.3296845447212171,0.0715178002972666,0.2505557751562662
13/05/2019 20:00,0.3296845447212171,0.0715178002972666,0.2505557751562662
13/05/2019 21:00,0.3296845447212171,0.0715178002972666,0.2505557751562662
13/05/2019 22:00,0.3296845447212171,0.0715178002972666,0.2505557751562662
13/05/2019 23:00,0.3296845447212171,0.0715178002972666,0.2505557751562662
14/05/2019 00:00,0.3296845447212171,0.0715178002972666,0.2505557751562662
14/05/2019 01:00,0.3296845447212171,0.0715178002972666,0.2505557751562662
14/05/2019 02:00,0.3296845447212171,0.0715178002972666,0.2505557751562662
14/05/2019 03:00,0.3296845447212171,0.0715178002972666,0.2505557751562662
14/05/2019 04:00,0.3296845447212171,0.0715178002972666,0.2505557751562662
14/05/2019 05:00,0.3296845447212171,0.0715178002972666,0.2505557751562662
14/05/2019 06:00,0.3296845447212171,0.0715178002972666,0.2505557751562662
14/05/2019 07:00,0.3296845447212171,0.0715178002972666,0.2505557751562662
14/05/2019 08:00,0.3296845447212171,0.0715178002972666,0.2505557751562662
14/05/2019 09:00,0.3296845447212171,0.0715178002972666,0.2505557751562662
14/05/2019 10:00,0.3296845447212171,0.0715178002972666,0.2505557751562662
14/05/2019 11:00,0.3296845447212171,0.0715178002972666,0.2505557751562662
14/05/2019 12:00,0.3296845447212171,0.0715178002972666,0.2505557751562662
14/05/2019 13:00,0.3296845447212171,0.0715178002972666,0.2505557751562662
14/05/2019 14:00,0.3296845447212171,0.0715178002972666,0.2505557751562662
14/05/2019 15:00,0.3296845447212171,0.0715178002972666,0.2505557751562662
14/05/2019 16:00,0.3296845447212171,0.0715178002972666,0.2505557751562662
14/05/2019 17:00,0.3296845447212171,0.0715178002972666,0.2505557751562662
14/05/2019 18:00,0.3296845447212171,0.0715178002972666,0.2505557751562662
14/05/2019 19:00,0.3296845447212171,0.0715178002972666,0.2505557751562662
14/05/2019 20:00,0.3296845447212171,0.0715178002972666,0.2505557751562662
14/05/2019 21:00,0.3296845447212171,0.0715178002972666,0.2505557751562662
14/05/2019 22:00,0.3296845447212171,0.0715178002972666,0.2505557751562662
14/05/2019 23:00,0.3296845447212171,0.0715178002972666,0.2505557751562662
15/05/2019 00:00,0.3296845447212171,0.0715178002972666,0.2505557751562662
15/05/2019 01:00,0.3296845447212171,0.0715178002972666,0.2505557751562662
15/05/2019 02:00,0.3296845447212171,0.0715178002972666,0.2505557751562662
15/05/2019 03:00,0.3296845447212171,0.0715178002972666,0.2505557751562662
15/05/2019 04:00,0.3296845447212171,0.0715178002972666,0.2505557751562662
15/05/2019 05:00,0.3296845447212171,0.0715178002972666,0.2505557751562662
15/05/2019 06:00,0.3296845447212171,0.0715178002972666,0.2505557751562662
15/05/2019 07:00,0.3296845447212171,0.0715178002972666,0.2505557751562662
15/05/2019 08:00,0.3296845447212171,0.0715178002972666,0.2505557751562662
15/05/2019 09:00,0.3296845447212171,0.0715178002972666,0.2505557751562662
15/05/2019 10:00,0.3296845447212171,0.0715178002972666,0.2505557751562662
15/05/2019 11:00,0.3296845447212171,0.0715178002972666,0.2505557751562662
15/05/2019 12:00,0.3296845447212171,0.0715178002972666,0.2505557751562662
15/05/2019 13:00,0.3296845447212171,0.0715178002972666,0.2505557751562662
15/05/2019 14:00,0.3296845447212171,0.0715178002972666,0.2505557751562662
15/05/2019 15:00,0.3296845447212171,0.0715178002972666,0.2505557751562662
15/05/2019 16:00,0.3296845447212171,0.0715178002972666,0.2505557751562662
15/05/2019 17:00,0.3296845447212171,0.0715178002972666,0.2505557751562662
15/05/2019 18:00,0.3296845447212171,0.0715178002972666,0.2505557751562662
15/05/2019 19:00,0.3296845447212171,0.0715178002972666,0.2505557751562662
15/05/2019 20:00,0.3296845447212171,0.0715178002972666,0.2505557751562662
15/05/2019 21:00,0.3296845447212171,0.0715178002972666,0.2505557751562662
15/05/2019 22:00,0.3296845447212171,0.0715178002972666,0.2505557751562662
15/05/2019 23:00,0.3296845447212171,0.0715178002972666,0.2505557751562662
16/05/2019 00:00,0.3296845447212171,0.0715178002972666,0.2505557751562662
16/05/2019 01:00,0.3296845447212171,0.0715178002972666,0.2505557751562662
16/05/2019 02:00,0.3296845447212171,0.0715178002972666,0.2505557751562662
16/05/2019 03:00,0.3296845447212171,0.0715178002972666,0.2505557751562662
16/05/2019 04:00,0.3296845447212171,0.0715178002972666,0.2505557751562662
16/05/2019 05:00,0.3296845447212171,0.0715178002972666,0.2505557751562662
16/05/2019 06:00,0.3296845447212171,0.0715178002972666,0.2505557751562662
16/05/2019 07:00,0.3296845447212171,0.0715178002972666,0.2505557751562662
16/05/2019 08:00,0.3296845447212171,0.0715178002972666,0.2505557751562662
16/05/2019 09:00,0.3296845447212171,0.0715178002972666,0.2505557751562662
16/05/2019 10:00,0.3296845447212171,0.0715178002972666,0.2505557751562662
16/05/2019 11:00,0.3296845447212171,0.0715178002972666,0.2505557751562662
16/05/2019 12:00,0.3296845447212171,0.0715178002972666,0.2505557751562662
16/05/2019 13:00,0.3296845447212171,0.0715178002972666,0.2505557751562662
16/05/2019 14:00,0.3296845447212171,0.0715178002972666,0.2505557751562662
16/05/2019 15:00,0.3296845447212171,0.0715178002972666,0.2505557751562662
16/05/2019 16:00,0.3296845447212171,0.0715178002972666,0.2505557751562662
16/05/2019 17:00,0.3296845447212171,0.0715178002972666,0.2505557751562662
16/05/2019 18:00,0.3296845447212171,0.0715178002972666,0.2505557751562662
16/05/2019 19:00,0.3296845447212171,0.0715178002972666,0.2505557751562662
16/05/2019 20:00,0.3296845447212171,0.0715178002972666,0.2505557751562662
16/05/2019 21:00,0.3296845447212171,0.0715178002972666,0.2505557751562662
16/05/2019 22:00,0.3296845447212171,0.0715178002972666,0.2505557751562662
16/05/2019 23:00,0.3296845447212171,0.0715178002972666,0.2505557751562662
17/05/2019 00:00,0.3296845447212171,0.0715178002972666,0.2505557751562662
17/05/2019 01:00,0.3296845447212171,0.0715178002972666,0.2505557751562662
17/05/2019 02:00,0.3296845447212171,0.0715178002972666,0.2505557751562662
17/05/2019 03:00,0.3296845447212171,0.0715178002972666,0.2505557751562662
17/05/2019 04:00,0.3296845447212171,0.0715178002972666,0.2505557751562662
17/05/2019 05:00,0.3296845447212171,0.0715178002972666,0.2505557751562662
17/05/2019 06:00,0.3296845447212171,0.0715178002972666,0.2505557751562662
17/05/2019 07:00,0.3296845447212171,0.0715178002972666,0.2505557751562662
17/05/2019 08:00,0.3296845447212171,0.0715178002972666,0.2505557751562662
17/05/2019 09:00,0.3296845447212171,0.0715178002972666,0.2505557751562662
17/05/2019 10:00,0.3296845447212171,0.0715178002972666,0.2505557751562662
17/05/2019 11:00,0.3296845447212171,0.0715178002972666,0.2505557751562662
17/05/2019 12:00,0.3296845447212171,0.0715178002972666,0.2505557751562662
17/05/2019 13:00,0.3296845447212171,0.0715178002972666,0.2505557751562662
17/05/2019 14:00,0.3296845447212171,0.0715178002972666,0.2505557751562662
17/05/2019 15:00,0.3296845447212171,0.0715178002972666,0.2505557751562662
17/05/2019 16:00,0.3296845447212171,0.0715178002972666,0.2505557751562662
17/05/2019 17:00,0.3296845447212171,0.0715178002972666,0.2505557751562662
17/05/2019 18:00,0.3296845447212171,0.0715178002972666,0.2505557751562662
17/05/2019 19:00,0.3296845447212171,0.0715178002972666,0.2505557751562662
17/05/2019 20:00,0.3296845447212171,0.0715178002972666,0.2505557751562662
17/05/2019 21:00,0.3296845447212171,0.0715178002972666,0.2505557751562662
17/05/2019 22:00,0.3296845447212171,0.0715178002972666,0.2505557751562662
17/05/2019 23:00,0.3296845447212171,0.0715178002972666,0.2505557751562662
18/05/2019 00:00,0.3296845447212171,0.0715178002972666,0.2505557751562662
18/05/2019 01:00,0.3296845447212171,0.0715178002972666,0.2505557751562662
18/05/2019 02:00,0.3296845447212171,0.0715178002972666,0.2505557751562662
18/05/2019 03:00,0.3296845447212171,0.0715178002972666,0.2505557751562662
18/05/2019 04:00,0.3296845447212171,0.0715178002972666,0.2505557751562662
18/05/2019 05:00,0.3296845447212171,0.0715178002972666,0.2505557751562662
18/05/2019 06:00,0.3296845447212171,0.0715178002972666,0.2505557751562662
18/05/2019 07:00,0.3296845447212171,0.0715178002972666,0.2505557751562662
18/05/2019 08:00,0.3296845447212171,0.0715178002972666,0.2505557751562662
18/05/2019 09:00,0.3296845447212171,0.0715178002972666,0.2505557751562662
18/05/2019 10:00,0.3296845447212171,0.0715178002972666,0.2505557751562662
18/05/2019 11:00,0.3296845447212171,0.0715178002972666,0.2505557751562662
18/05/2019 12:00,0.3296845447212171,0.0715178002972666,0.2505557751562662
18/05/2019 13:00,0.3296845447212171,0.0715178002972666,0.2505557751562662
18/05/2019 14:00,0.3296845447212171,0.0715178002972666,0.2505557751562662
18/05/2019 15:00,0.3296845447212171,0.0715178002972666,0.2505557751562662
18/05/2019 16:00,0.3296845447212171,0.0715178002972666,0.2505557751562662
18/05/2019 17:00,0.3296845447212171,0.0715178002972666,0.2505557751562662
18/05/2019 18:00,0.3296845447212171,0.0715178002972666,0.2505557751562662
18/05/2019 19:00,0.3296845447212171,0.0715178002972666,0.2505557751562662
18/05/2019 20:00,0.3296845447212171,0.0715178002972666,0.2505557751562662
18/05/2019 21:00,0.3296845447212171,0.0715178002972666,0.2505557751562662
18/05/2019 22:00,0.3296845447212171,0.0715178002972666,0.2505557751562662
18/05/2019 23:00,0.3296845447212171,0.0715178002972666,0.2505557751562662
19/05/2019 00:00,0.3296845447212171,0.0715178002972666,0.2505557751562662
19/05/2019 01:00,0.3296845447212171,0.0715178002972666,0.2505557751562662
19/05/2019 02:00,0.3296845447212171,0.0715178002972666,0.2505557751562662
19/05/2019 03:00,0.3296845447212171,0.0715178002972666,0.2505557751562662
19/05/2019 04:00,0.3296845447212171,0.0715178002972666,0.2505557751562662
19/05/2019 05:00,0.3296845447212171,0.0715178002972666,0.2505557751562662
19/05/2019 06:00,0.3296845447212171,0.0715178002972666,0.2505557751562662
19/05/2019 07:00,0.3296845447212171,0.0715178002972666,0.2505557751562662
19/05/2019 08:00,0.3296845447212171,0.0715178002972666,0.2505557751562662
19/05/2019 09:00,0.3296845447212171,0.0715178002972666,0.2505557751562662
19/05/2019 10:00,0.3296845447212171,0.0715178002972666,0.2505557751562662
19/05/2019 11:00,0.3296845447212171,0.0715178002972666,0.2505557751562662
19/05/2019 12:00,0.3296845447212171,0.0715178002972666,0.2505557751562662
19/05/2019 13:00,0.3296845447212171,0.0715178002972666,0.2505557751562662
19/05/2019 14:00,0.3296845447212171,0.0715178002972666,0.2505557751562662
19/05/2019 15:00,0.3296845447212171,0.0715178002972666,0.2505557751562662
19/05/2019 16:00,0.3296845447212171,0.0715178002972666,0.2505557751562662
19/05/2019 17:00,0.3296845447212171,0.0715178002972666,0.2505557751562662
19/05/2019 18:00,0.3296845447212171,0.0715178002972666,0.2505557751562662
19/05/2019 19:00,0.3296845447212171,0.0715178002972666,0.2505557751562662
19/05/2019 20:00,0.3296845447212171,0.0715178002972666,0.2505557751562662
19/05/2019 21:00,0.3296845447212171,0.0715178002972666,0.2505557751562662
19/05/2019 22:00,0.3296845447212171,0.0715178002972666,0.2505557751562662
19/05/2019 23:00,0.3296845447212171,0.0715178002972666,0.2505557751562662
20/05/2019 00:00,0.3296845447212171,0.0715178002972666,0.2505557751562662
20/05/2019 01:00,0.3296845447212171,0.0715178002972666,0.2505557751562662
20/05/2019 02:00,0.3296845447212171,0.0715178002972666,0.2505557751562662
20/05/2019 03:00,0.3296845447212171,0.0715178002972666,0.2505557751562662
20/05/2019 04:00,0.3296845447212171,0.0715178002972666,0.2505557751562662
20/05/2019 05:00,0.3296845447212171,0.0715178002972666,0.2505557751562662
20/05/2019 06:00,0.3296845447212171,0.0715178002972666,0.2505557751562662
20/05/2019 07:00,0.3296845447212171,0.0715178002972666,0.2505557751562662
20/05/2019 08:00,0.3296845447212171,0.0715178002972666,0.2505557751562662
20/05/2019 09:00,0.3296845447212171,0.0715178002972666,0.2505557751562662
20/05/2019 10:00,0.3296845447212171,0.0715178002972666,0.2505557751562662
20/05/2019 11:00,0.3296845447212171,0.0715178002972666,0.2505557751562662
20/05/2019 12:00,0.3296845447212171,0.0715178002972666,0.2505557751562662
20/05/2019 13:00,0.3296845447212171,0.0715178002972666,0.2505557751562662
20/05/2019 14:00,0.3296845447212171,0.0715178002972666,0.2505557751562662
20/05/2019 15:00,0.3296845447212171,0.0715178002972666,0.2505557751562662
20/05/2019 16:00,0.3296845447212171,0.0715178002972666,0.2505557751562662
20/05/2019 17:00,0.3296845447212171,0.0715178002972666,0.2505557751562662
20/05/2019 18:00,0.3296845447212171,0.0715178002972666,0.2505557751562662
20/05/2019 19:00,0.3296845447212171,0.0715178002972666,0.2505557751562662
20/05/2019 20:00,0.3296845447212171,0.0715178002972666,0.2505557751562662
20/05/2019 21:00,0.3296845447212171,0.0715178002972666,0.2505557751562662
20/05/2019 22:00,0.3296845447212171,0.0715178002972666,0.2505557751562662
20/05/2019 23:00,0.3296845447212171,0.0715178002972666,0.2505557751562662
21/05/2019 00:00,0.3296845447212171,0.0715178002972666,0.2505557751562662
21/05/2019 01:00,0.3296845447212171,0.0715178002972666,0.2505557751562662
21/05/2019 02:00,0.3296845447212171,0.0715178002972666,0.2505557751562662
21/05/2019 03:00,0.3296845447212171,0.0715178002972666,0.2505557751562662
21/05/2019 04:00,0.3296845447212171,0.0715178002972666,0.2505557751562662
21/05/2019 05:00,0.3296845447212171,0.0715178002972666,0.2505557751562662
21/05/2019 06:00,0.3296845447212171,0.0715178002972666,0.2505557751562662
21/05/2019 07:00,0.3296845447212171,0.0715178002972666,0.2505557751562662
21/05/2019 08:00,0.3296845447212171,0.0715178002972666,0.2505557751562662
21/05/2019 09:00,0.3296845447212171,0.0715178002972666,0.2505557751562662
21/05/2019 10:00,0.3296845447212171,0.0715178002972666,0.2505557751562662
21/05/2019 11:00,0.3296845447212171,0.0715178002972666,0.2505557751562662
21/05/2019 12:00,0.3296845447212171,0.0715178002972666,0.2505557751562662
21/05/2019 13:00,0.3296845447212171,0.0715178002972666,0.2505557751562662
21/05/2019 14:00,0.3296845447212171,0.0715178002972666,0.2505557751562662
21/05/2019 15:00,0.3296845447212171,0.0715178002972666,0.2505557751562662
21/05/2019 16:00,0.3296845447212171,0.0715178002972666,0.2505557751562662
21/05/2019 17:00,0.3296845447212171,0.0715178002972666,0.2505557751562662
21/05/2019 18:00,0.3296845447212171,0.0715178002972666,0.2505557751562662
21/05/2019 19:00,0.3296845447212171,0.0715178002972666,0.2505557751562662
21/05/2019 20:00,0.3296845447212171,0.0715178002972666,0.2505557751562662
21/05/2019 21:00,0.3296845447212171,0.0715178002972666,0.2505557751562662
21/05/2019 22:00,0.3296845447212171,0.0715178002972666,0.2505557751562662
21/05/2019 23:00,0.3296845447212171,0.0715178002972666,0.2505557751562662
22/05/2019 00:00,0.3296845447212171,0.0715178002972666,0.2505557751562662
22/05/2019 01:00,0.3296845447212171,0.0715178002972666,0.2505557751562662
22/05/2019 02:00,0.3296845447212171,0.0715178002972666,0.2505557751562662
22/05/2019 03:00,0.3296845447212171,0.0715178002972666,0.2505557751562662
22/05/2019 04:00,0.3296845447212171,0.0715178002972666,0.2505557751562662
22/05/2019 05:00,0.3296845447212171,0.0715178002972666,0.2505557751562662
22/05/2019 06:00,0.3296845447212171,0.0715178002972666,0.2505557751562662
22/05/2019 07:00,0.3296845447212171,0.0715178002972666,0.2505557751562662
22/05/2019 08:00,0.3296845447212171,0.0715178002972666,0.2505557751562662
22/05/2019 09:00,0.3296845447212171,0.0715178002972666,0.2505557751562662
22/05/2019 10:00,0.3296845447212171,0.0715178002972666,0.2505557751562662
22/05/2019 11:00,0.3296845447212171,0.0715178002972666,0.2505557751562662
22/05/2019 12:00,0.3296845447212171,0.0715178002972666,0.2505557751562662
22/05/2019 13:00,0.3296845447212171,0.0715178002972666,0.2505557751562662
22/05/2019 14:00,0.3296845447212171,0.0715178002972666,0.2505557751562662
22/05/2019 15:00,0.3296845447212171,0.0715178002972666,0.2505557751562662
22/05/2019 16:00,0.3296845447212171,0.0715178002972666,0.2505557751562662
22/05/2019 17:00,0.3296845447212171,0.0715178002972666,0.2505557751562662
22/05/2019 18:00,0.3296845447212171,0.0715178002972666,0.2505557751562662
22/05/2019 19:00,0.3296845447212171,0.0715178002972666,0.2505557751562662
22/05/2019 20:00,0.3296845447212171,0.0715178002972666,0.2505557751562662
22/05/2019 21:00,0.3296845447212171,0.0715178002972666,0.2505557751562662
22/05/2019 22:00,0.3296845447212171,0.0715178002972666,0.2505557751562662
22/05/2019 23:00,0.3296845447212171,0.0715178002972666,0.2505557751562662
23/05/2019 00:00,0.3296845447212171,0.0715178002972666,0.2505557751562662
23/05/2019 01:00,0.3296845447212171,0.0715178002972666,0.2505557751562662
23/05/2019 02:00,0.3296845447212171,0.0715178002972666,0.2505557751562662
23/05/2019 03:00,0.3296845447212171,0.0715178002972666,0.2505557751562662
23/05/2019 04:00,0.3296845447212171,0.0715178002972666,0.2505557751562662
23/05/2019 05:00,0.3296845447212171,0.0715178002972666,0.2505557751562662
23/05/2019 06:00,0.3296845447212171,0.0715178002972666,0.2505557751562662
23/05/2019 07:00,0.3296845447212171,0.0715178002972666,0.2505557751562662
23/05/2019 08:00,0.3296845447212171,0.0715178002972666,0.2505557751562662
23/05/2019 09:00,0.3296845447212171,0.0715178002972666,0.2505557751562662
23/05/2019 10:00,0.3296845447212171,0.0715178002972666,0.2505557751562662
23/05/2019 11:00,0.3296845447212171,0.0715178002972666,0.2505557751562662
23/05/2019 12:00,0.3296845447212171,0.0715178002972666,0.2505557751562662
23/05/2019 13:00,0.3296845447212171,0.0715178002972666,0.2505557751562662
23/05/2019 14:00,0.3296845447212171,0.0715178002972666,0.2505557751562662
23/05/2019 15:00,0.3296845447212171,0.0715178002972666,0.2505557751562662
23/05/2019 16:00,0.3296845447212171,0.0715178002972666,0.2505557751562662
23/05/2019 17:00,0.3296845447212171,0.0715178002972666,0.2505557751562662
23/05/2019 18:00,0.3296845447212171,0.0715178002972666,0.2505557751562662
23/05/2019 19:00,0.3296845447212171,0.0715178002972666,0.2505557751562662
23/05/2019 20:00,0.3296845447212171,0.0715178002972666,0.2505557751562662
23/05/2019 21:00,0.3296845447212171,0.0715178002972666,0.2505557751562662
23/05/2019 22:00,0.3296845447212171,0.0715178002972666,0.2505557751562662
23/05/2019 23:00,0.3296845447212171,0.0715178002972666,0.2505557751562662
24/05/2019 00:00,0.3296845447212171,0.0715178002972666,0.2505557751562662
24/05/2019 01:00,0.3296845447212171,0.0715178002972666,0.2505557751562662
24/05/2019 02:00,0.3296845447212171,0.0715178002972666,0.2505557751562662
24/05/2019 03:00,0.3296845447212171,0.0715178002972666,0.2505557751562662
24/05/2019 04:00,0.3296845447212171,0.0715178002972666,0.2505557751562662
24/05/2019 05:00,0.3296845447212171,0.0715178002972666,0.2505557751562662
24/05/2019 06:00,0.3296845447212171,0.0715178002972666,0.2505557751562662
24/05/2019 07:00,0.3296845447212171,0.0715178002972666,0.2505557751562662
24/05/2019 08:00,0.3296845447212171,0.0715178002972666,0.2505557751562662
24/05/2019 09:00,0.3296845447212171,0.0715178002972666,0.2505557751562662
24/05/2019 10:00,0.3296845447212171,0.0715178002972666,0.2505557751562662
24/05/2019 11:00,0.3296845447212171,0.0715178002972666,0.2505557751562662
24/05/2019 12:00,0.3296845447212171,0.0715178002972666,0.2505557751562662
24/05/2019 13:00,0.3296845447212171,0.0715178002972666,0.2505557751562662
24/05/2019 14:00,0.3296845447212171,0.0715178002972666,0.2505557751562662
24/05/2019 15:00,0.3296845447212171,0.0715178002972666,0.2505557751562662
24/05/2019 16:00,0.3296845447212171,0.0715178002972666,0.2505557751562662
24/05/2019 17:00,0.3296845447212171,0.0715178002972666,0.2505557751562662
24/05/2019 18:00,0.3296845447212171,0.0715178002972666,0.2505557751562662
24/05/2019 19:00,0.3296845447212171,0.0715178002972666,0.2505557751562662
24/05/2019 20:00,0.3296845447212171,0.0715178002972666,0.2505557751562662
24/05/2019 21:00,0.3296845447212171,0.0715178002972666,0.2505557751562662
24/05/2019 22:00,0.3296845447212171,0.0715178002972666,0.2505557751562662
24/05/2019 23:00,0.3296845447212171,0.0715178002972666,0.2505557751562662
25/05/2019 00:00,0.3296845447212171,0.0715178002972666,0.2505557751562662
25/05/2019 01:00,0.3296845447212171,0.0715178002972666,0.2505557751562662
25/05/2019 02:00,0.3296845447212171,0.0715178002972666,0.2505557751562662
25/05/2019 03:00,0.3296845447212171,0.0715178002972666,0.2505557751562662
25/05/2019 04:00,0.3296845447212171,0.0715178002972666,0.2505557751562662
25/05/2019 05:00,0.3296845447212171,0.0715178002972666,0.2505557751562662
25/05/2019 06:00,0.3296845447212171,0.0715178002972666,0.2505557751562662
25/05/2019 07:00,0.3296845447212171,0.0715178002972666,0.2505557751562662
25/05/2019 08:00,0.3296845447212171,0.0715178002972666,0.2505557751562662
25/05/2019 09:00,0.3296845447212171,0.0715178002972666,0.2505557751562662
25/05/2019 10:00,0.3296845447212171,0.0715178002972666,0.2505557751562662
25/05/2019 11:00,0.3296845447212171,0.0715178002972666,0.2505557751562662
25/05/2019 12:00,0.3296845447212171,0.0715178002972666,0.2505557751562662
25/05/2019 13:00,0.3296845447212171,0.0715178002972666,0.2505557751562662
25/05/2019 14:00,0.3296845447212171,0.0715178002972666,0.2505557751562662
25/05/2019 15:00,0.3296845447212171,0.0715178002972666,0.2505557751562662
25/05/2019 16:00,0.3296845447212171,0.0715178002972666,0.2505557751562662
25/05/2019 17:00,0.3296845447212171,0.0715178002972666,0.2505557751562662
25/05/2019 18:00,0.3296845447212171,0.0715178002972666,0.2505557751562662
25/05/2019 19:00,0.3296845447212171,0.0715178002972666,0.2505557751562662
25/05/2019 20:00,0.3296845447212171,0.0715178002972666,0.2505557751562662
25/05/2019 21:00,0.3296845447212171,0.0715178002972666,0.2505557751562662
25/05/2019 22:00,0.3296845447212171,0.0715178002972666,0.2505557751562662
25/05/2019 23:00,0.3296845447212171,0.0715178002972666,0.2505557751562662
26/05/2019 00:00,0.3296845447212171,0.0715178002972666,0.2505557751562662
26/05/2019 01:00,0.3296845447212171,0.0715178002972666,0.2505557751562662
26/05/2019 02:00,0.3296845447212171,0.0715178002972666,0.2505557751562662
26/05/2019 03:00,0.3296845447212171,0.0715178002972666,0.2505557751562662
26/05/2019 04:00,0.3296845447212171,0.0715178002972666,0.2505557751562662
26/05/2019 05:00,0.3296845447212171,0.0715178002972666,0.2505557751562662
26/05/2019 06:00,0.3296845447212171,0.0715178002972666,0.2505557751562662
26/05/2019 07:00,0.3296845447212171,0.0715178002972666,0.2505557751562662
26/05/2019 08:00,0.3296845447212171,0.0715178002972666,0.2505557751562662
26/05/2019 09:00,0.3296845447212171,0.0715178002972666,0.2505557751562662
26/05/2019 10:00,0.3296845447212171,0.0715178002972666,0.2505557751562662
26/05/2019 11:00,0.3296845447212171,0.0715178002972666,0.2505557751562662
26/05/2019 12:00,0.3296845447212171,0.0715178002972666,0.2505557751562662
26/05/2019 13:00,0.3296845447212171,0.0715178002972666,0.2505557751562662
26/05/2019 14:00,0.3296845447212171,0.0715178002972666,0.2505557751562662
26/05/2019 15:00,0.3296845447212171,0.0715178002972666,0.2505557751562662
26/05/2019 16:00,0.3296845447212171,0.0715178002972666,0.2505557751562662
26/05/2019 17:00,0.3296845447212171,0.0715178002972666,0.2505557751562662
26/05/2019 18:00,0.3296845447212171,0.0715178002972666,0.2505557751562662
26/05/2019 19:00,0.3296845447212171,0.0715178002972666,0.2505557751562662
26/05/2019 20:00,0.3296845447212171,0.0715178002972666,0.2505557751562662
26/05/2019 21:00,0.3296845447212171,0.0715178002972666,0.2505557751562662
26/05/2019 22:00,0.3296845447212171,0.0715178002972666,0.2505557751562662
26/05/2019 23:00,0.3296845447212171,0.0715178002972666,0.2505557751562662
27/05/2019 00:00,0.3296845447212171,0.0715178002972666,0.2505557751562662
27/05/2019 01:00,0.3296845447212171,0.0715178002972666,0.2505557751562662
27/05/2019 02:00,0.3296845447212171,0.0715178002972666,0.2505557751562662
27/05/2019 03:00,0.3296845447212171,0.0715178002972666,0.2505557751562662
27/05/2019 04:00,0.3296845447212171,0.0715178002972666,0.2505557751562662
27/05/2019 05:00,0.3296845447212171,0.0715178002972666,0.2505557751562662
27/05/2019 06:00,0.3296845447212171,0.0715178002972666,0.2505557751562662
27/05/2019 07:00,0.3296845447212171,0.0715178002972666,0.2505557751562662
27/05/2019 08:00,0.3296845447212171,0.0715178002972666,0.2505557751562662
27/05/2019 09:00,0.3296845447212171,0.0715178002972666,0.2505557751562662
27/05/2019 10:00,0.3296845447212171,0.0715178002972666,0.2505557751562662
27/05/2019 11:00,0.3296845447212171,0.0715178002972666,0.2505557751562662
27/05/2019 12:00,0.3296845447212171,0.0715178002972666,0.2505557751562662
27/05/2019 13:00,0.3296845447212171,0.0715178002972666,0.2505557751562662
27/05/2019 14:00,0.3296845447212171,0.0715178002972666,0.2505557751562662
27/05/2019 15:00,0.3296845447212171,0.0715178002972666,0.2505557751562662
27/05/2019 16:00,0.3296845447212171,0.0715178002972666,0.2505557751562662
27/05/2019 17:00,0.3296845447212171,0.0715178002972666,0.2505557751562662
27/05/2019 18:00,0.3296845447212171,0.0715178002972666,0.2505557751562662
27/05/2019 19:00,0.3296845447212171,0.0715178002972666,0.2505557751562662
27/05/2019 20:00,0.3296845447212171,0.0715178002972666,0.2505557751562662
27/05/2019 21:00,0.3296845447212171,0.0715178002972666,0.2505557751562662
27/05/2019 22:00,0.3296845447212171,0.0715178002972666,0.2505557751562662
27/05/2019 23:00,0.3296845447212171,0.0715178002972666,0.2505557751562662
28/05/2019 00:00,0.3296845447212171,0.0715178002972666,0.2505557751562662
28/05/2019 01:00,0.3296845447212171,0.0715178002972666,0.2505557751562662
28/05/2019 02:00,0.3296845447212171,0.0715178002972666,0.2505557751562662
28/05/2019 03:00,0.3296845447212171,0.0715178002972666,0.2505557751562662
28/05/2019 04:00,0.3296845447212171,0.0715178002972666,0.2505557751562662
28/05/2019 05:00,0.3296845447212171,0.0715178002972666,0.2505557751562662
28/05/2019 06:00,0.3296845447212171,0.0715178002972666,0.2505557751562662
28/05/2019 07:00,0.3296845447212171,0.0715178002972666,0.2505557751562662
28/05/2019 08:00,0.3296845447212171,0.0715178002972666,0.2505557751562662
28/05/2019 09:00,0.3296845447212171,0.0715178002972666,0.2505557751562662
28/05/2019 10:00,0.3296845447212171,0.0715178002972666,0.2505557751562662
28/05/2019 11:00,0.3296845447212171,0.0715178002972666,0.2505557751562662
28/05/2019 12:00,0.3296845447212171,0.0715178002972666,0.2505557751562662
28/05/2019 13:00,0.3296845447212171,0.0715178002972666,0.2505557751562662
28/05/2019 14:00,0.3296845447212171,0.0715178002972666,0.2505557751562662
28/05/2019 15:00,0.3296845447212171,0.0715178002972666,0.2505557751562662
28/05/2019 16:00,0.3296845447212171,0.0715178002972666,0.2505557751562662
28/05/2019 17:00,0.3296845447212171,0.0715178002972666,0.2505557751562662
28/05/2019 18:00,0.3296845447212171,0.0715178002972666,0.2505557751562662
28/05/2019 19:00,0.3296845447212171,0.0715178002972666,0.2505557751562662
28/05/2019 20:00,0.3296845447212171,0.0715178002972666,0.2505557751562662
28/05/2019 21:00,0.3296845447212171,0.0715178002972666,0.2505557751562662
28/05/2019 22:00,0.3296845447212171,0.0715178002972666,0.2505557751562662
28/05/2019 23:00,0.3296845447212171,0.0715178002972666,0.2505557751562662
29/05/2019 00:00,0.3296845447212171,0.0715178002972666,0.2505557751562662
29/05/2019 01:00,0.3296845447212171,0.0715178002972666,0.2505557751562662
29/05/2019 02:00,0.3296845447212171,0.0715178002972666,0.2505557751562662
29/05/2019 03:00,0.3296845447212171,0.0715178002972666,0.2505557751562662
29/05/2019 04:00,0.3296845447212171,0.0715178002972666,0.2505557751562662
29/05/2019 05:00,0.3296845447212171,0.0715178002972666,0.2505557751562662
29/05/2019 06:00,0.3296845447212171,0.0715178002972666,0.2505557751562662
29/05/2019 07:00,0.3296845447212171,0.0715178002972666,0.2505557751562662
29/05/2019 08:00,0.3296845447212171,0.0715178002972666,0.2505557751562662
29/05/2019 09:00,0.3296845447212171,0.0715178002972666,0.2505557751562662
29/05/2019 10:00,0.3296845447212171,0.0715178002972666,0.2505557751562662
29/05/2019 11:00,0.3296845447212171,0.0715178002972666,0.2505557751562662
29/05/2019 12:00,0.3296845447212171,0.0715178002972666,0.2505557751562662
29/05/2019 13:00,0.3296845447212171,0.0715178002972666,0.2505557751562662
29/05/2019 14:00,0.3296845447212171,0.0715178002972666,0.2505557751562662
29/05/2019 15:00,0.3296845447212171,0.0715178002972666,0.2505557751562662
29/05/2019 16:00,0.3296845447212171,0.0715178002972666,0.2505557751562662
29/05/2019 17:00,0.3296845447212171,0.0715178002972666,0.2505557751562662
29/05/2019 18:00,0.3296845447212171,0.0715178002972666,0.2505557751562662
29/05/2019 19:00,0.3296845447212171,0.0715178002972666,0.2505557751562662
29/05/2019 20:00,0.3296845447212171,0.0715178002972666,0.2505557751562662
29/05/2019 21:00,0.3296845447212171,0.0715178002972666,0.2505557751562662
29/05/2019 22:00,0.3296845447212171,0.0715178002972666,0.2505557751562662
29/05/2019 23:00,0.3296845447212171,0.0715178002972666,0.2505557751562662
30/05/2019 00:00,0.3296845447212171,0.0715178002972666,0.2505557751562662
30/05/2019 01:00,0.3296845447212171,0.0715178002972666,0.2505557751562662
30/05/2019 02:00,0.3296845447212171,0.0715178002972666,0.2505557751562662
30/05/2019 03:00,0.3296845447212171,0.0715178002972666,0.2505557751562662
30/05/2019 04:00,0.3296845447212171,0.0715178002972666,0.2505557751562662
30/05/2019 05:00,0.3296845447212171,0.0715178002972666,0.2505557751562662
30/05/2019 06:00,0.3296845447212171,0.0715178002972666,0.2505557751562662
30/05/2019 07:00,0.3296845447212171,0.0715178002972666,0.2505557751562662
30/05/2019 08:00,0.3296845447212171,0.0715178002972666,0.2505557751562662
30/05/2019 09:00,0.3296845447212171,0.0715178002972666,0.2505557751562662
30/05/2019 10:00,0.3296845447212171,0.0715178002972666,0.2505557751562662
30/05/2019 11:00,0.3296845447212171,0.0715178002972666,0.2505557751562662
30/05/2019 12:00,0.3296845447212171,0.0715178002972666,0.2505557751562662
30/05/2019 13:00,0.3296845447212171,0.0715178002972666,0.2505557751562662
30/05/2019 14:00,0.3296845447212171,0.0715178002972666,0.2505557751562662
30/05/2019 15:00,0.3296845447212171,0.0715178002972666,0.2505557751562662
30/05/2019 16:00,0.3296845447212171,0.0715178002972666,0.2505557751562662
30/05/2019 17:00,0.3296845447212171,0.0715178002972666,0.2505557751562662
30/05/2019 18:00,0.3296845447212171,0.0715178002972666,0.2505557751562662
30/05/2019 19:00,0.3296845447212171,0.0715178002972666,0.2505557751562662
30/05/2019 20:00,0.3296845447212171,0.0715178002972666,0.2505557751562662
30/05/2019 21:00,0.3296845447212171,0.0715178002972666,0.2505557751562662
30/05/2019 22:00,0.3296845447212171,0.0715178002972666,0.2505557751562662
30/05/2019 23:00,0.3296845447212171,0.0715178002972666,0.2505557751562662
31/05/2019 00:00,0.3296845447212171,0.0715178002972666,0.2505557751562662
31/05/2019 01:00,0.3296845447212171,0.0715178002972666,0.2505557751562662
31/05/2019 02:00,0.3296845447212171,0.0715178002972666,0.2505557751562662
31/05/2019 03:00,0.3296845447212171,0.0715178002972666,0.2505557751562662
31/05/2019 04:00,0.3296845447212171,0.0715178002972666,0.2505557751562662
31/05/2019 05:00,0.3296845447212171,0.0715178002972666,0.2505557751562662
31/05/2019 06:00,0.3296845447212171,0.0715178002972666,0.2505557751562662
31/05/2019 07:00,0.3296845447212171,0.0715178002972666,0.2505557751562662
31/05/2019 08:00,0.3296845447212171,0.0715178002972666,0.2505557751562662
31/05/2019 09:00,0.3296845447212171,0.0715178002972666,0.2505557751562662
31/05/2019 10:00,0.3296845447212171,0.0715178002972666,0.2505557751562662
31/05/2019 11:00,0.3296845447212171,0.0715178002972666,0.2505557751562662
31/05/2019 12:00,0.3296845447212171,0.0715178002972666,0.2505557751562662
31/05/2019 13:00,0.3296845447212171,0.0715178002972666,0.2505557751562662
31/05/2019 14:00,0.3296845447212171,0.0715178002972666,0.2505557751562662
31/05/2019 15:00,0.3296845447212171,0.0715178002972666,0.2505557751562662
31/05/2019 16:00,0.3296845447212171,0.0715178002972666,0.2505557751562662
31/05/2019 17:00,0.3296845447212171,0.0715178002972666,0.2505557751562662
31/05/2019 18:00,0.3296845447212171,0.0715178002972666,0.2505557751562662
31/05/2019 19:00,0.3296845447212171,0.0715178002972666,0.2505557751562662
31/05/2019 20:00,0.3296845447212171,0.0715178002972666,0.2505557751562662
31/05/2019 21:00,0.3296845447212171,0.0715178002972666,0.2505557751562662
31/05/2019 22:00,0.3296845447212171,0.0715178002972666,0.2505557751562662
31/05/2019 23:00,0.3296845447212171,0.0715178002972666,0.2505557751562662
01/06/2019 00:00,0.4658396837430409,0.0838416853238483,0.3172599623038198
01/06/2019 01:00,0.4658396837430409,0.0838416853238483,0.3172599623038198
01/06/2019 02:00,0.4658396837430409,0.0838416853238483,0.3172599623038198
01/06/2019 03:00,0.4658396837430409,0.0838416853238483,0.3172599623038198
01/06/2019 04:00,0.4658396837430409,0.0838416853238483,0.3172599623038198
01/06/2019 05:00,0.4658396837430409,0.0838416853238483,0.3172599623038198
01/06/2019 06:00,0.4658396837430409,0.0838416853238483,0.3172599623038198
01/06/2019 07:00,0.4658396837430409,0.0838416853238483,0.3172599623038198
01/06/2019 08:00,0.4658396837430409,0.0838416853238483,0.3172599623038198
01/06/2019 09:00,0.4658396837430409,0.0838416853238483,0.3172599623038198
01/06/2019 10:00,0.4658396837430409,0.0838416853238483,0.3172599623038198
01/06/2019 11:00,0.4658396837430409,0.0838416853238483,0.3172599623038198
01/06/2019 12:00,0.4658396837430409,0.0838416853238483,0.3172599623038198
01/06/2019 13:00,0.4658396837430409,0.0838416853238483,0.3172599623038198
01/06/2019 14:00,0.4658396837430409,0.0838416853238483,0.3172599623038198
01/06/2019 15:00,0.4658396837430409,0.0838416853238483,0.3172599623038198
01/06/2019 16:00,0.4658396837430409,0.0838416853238483,0.3172599623038198
01/06/2019 17:00,0.4658396837430409,0.0838416853238483,0.3172599623038198
01/06/2019 18:00,0.4658396837430409,0.0838416853238483,0.3172599623038198
01/06/2019 19:00,0.4658396837430409,0.0838416853238483,0.3172599623038198
01/06/2019 20:00,0.4658396837430409,0.0838416853238483,0.3172599623038198
01/06/2019 21:00,0.4658396837430409,0.0838416853238483,0.3172599623038198
01/06/2019 22:00,0.4658396837430409,0.0838416853238483,0.3172599623038198
01/06/2019 23:00,0.4658396837430409,0.0838416853238483,0.3172599623038198
02/06/2019 00:00,0.4658396837430409,0.0838416853238483,0.3172599623038198
02/06/2019 01:00,0.4658396837430409,0.0838416853238483,0.3172599623038198
02/06/2019 02:00,0.4658396837430409,0.0838416853238483,0.3172599623038198
02/06/2019 03:00,0.4658396837430409,0.0838416853238483,0.3172599623038198
02/06/2019 04:00,0.4658396837430409,0.0838416853238483,0.3172599623038198
02/06/2019 05:00,0.4658396837430409,0.0838416853238483,0.3172599623038198
02/06/2019 06:00,0.4658396837430409,0.0838416853238483,0.3172599623038198
02/06/2019 07:00,0.4658396837430409,0.0838416853238483,0.3172599623038198
02/06/2019 08:00,0.4658396837430409,0.0838416853238483,0.3172599623038198
02/06/2019 09:00,0.4658396837430409,0.0838416853238483,0.3172599623038198
02/06/2019 10:00,0.4658396837430409,0.0838416853238483,0.3172599623038198
02/06/2019 11:00,0.4658396837430409,0.0838416853238483,0.3172599623038198
02/06/2019 12:00,0.4658396837430409,0.0838416853238483,0.3172599623038198
02/06/2019 13:00,0.4658396837430409,0.0838416853238483,0.3172599623038198
02/06/2019 14:00,0.4658396837430409,0.0838416853238483,0.3172599623038198
02/06/2019 15:00,0.4658396837430409,0.0838416853238483,0.3172599623038198
02/06/2019 16:00,0.4658396837430409,0.0838416853238483,0.3172599623038198
02/06/2019 17:00,0.4658396837430409,0.0838416853238483,0.3172599623038198
02/06/2019 18:00,0.4658396837430409,0.0838416853238483,0.3172599623038198
02/06/2019 19:00,0.4658396837430409,0.0838416853238483,0.3172599623038198
02/06/2019 20:00,0.4658396837430409,0.0838416853238483,0.3172599623038198
02/06/2019 21:00,0.4658396837430409,0.0838416853238483,0.3172599623038198
02/06/2019 22:00,0.4658396837430409,0.0838416853238483,0.3172599623038198
02/06/2019 23:00,0.4658396837430409,0.0838416853238483,0.3172599623038198
03/06/2019 00:00,0.4658396837430409,0.0838416853238483,0.3172599623038198
03/06/2019 01:00,0.4658396837430409,0.0838416853238483,0.3172599623038198
03/06/2019 02:00,0.4658396837430409,0.0838416853238483,0.3172599623038198
03/06/2019 03:00,0.4658396837430409,0.0838416853238483,0.3172599623038198
03/06/2019 04:00,0.4658396837430409,0.0838416853238483,0.3172599623038198
03/06/2019 05:00,0.4658396837430409,0.0838416853238483,0.3172599623038198
03/06/2019 06:00,0.4658396837430409,0.0838416853238483,0.3172599623038198
03/06/2019 07:00,0.4658396837430409,0.0838416853238483,0.3172599623038198
03/06/2019 08:00,0.4658396837430409,0.0838416853238483,0.3172599623038198
03/06/2019 09:00,0.4658396837430409,0.0838416853238483,0.3172599623038198
03/06/2019 10:00,0.4658396837430409,0.0838416853238483,0.3172599623038198
03/06/2019 11:00,0.4658396837430409,0.0838416853238483,0.3172599623038198
03/06/2019 12:00,0.4658396837430409,0.0838416853238483,0.3172599623038198
03/06/2019 13:00,0.4658396837430409,0.0838416853238483,0.3172599623038198
03/06/2019 14:00,0.4658396837430409,0.0838416853238483,0.3172599623038198
03/06/2019 15:00,0.4658396837430409,0.0838416853238483,0.3172599623038198
03/06/2019 16:00,0.4658396837430409,0.0838416853238483,0.3172599623038198
03/06/2019 17:00,0.4658396837430409,0.0838416853238483,0.3172599623038198
03/06/2019 18:00,0.4658396837430409,0.0838416853238483,0.3172599623038198
03/06/2019 19:00,0.4658396837430409,0.0838416853238483,0.3172599623038198
03/06/2019 20:00,0.4658396837430409,0.0838416853238483,0.3172599623038198
03/06/2019 21:00,0.4658396837430409,0.0838416853238483,0.3172599623038198
03/06/2019 22:00,0.4658396837430409,0.0838416853238483,0.3172599623038198
03/06/2019 23:00,0.4658396837430409,0.0838416853238483,0.3172599623038198
04/06/2019 00:00,0.4658396837430409,0.0838416853238483,0.3172599623038198
04/06/2019 01:00,0.4658396837430409,0.0838416853238483,0.3172599623038198
04/06/2019 02:00,0.4658396837430409,0.0838416853238483,0.3172599623038198
04/06/2019 03:00,0.4658396837430409,0.0838416853238483,0.3172599623038198
04/06/2019 04:00,0.4658396837430409,0.0838416853238483,0.3172599623038198
04/06/2019 05:00,0.4658396837430409,0.0838416853238483,0.3172599623038198
04/06/2019 06:00,0.4658396837430409,0.0838416853238483,0.3172599623038198
04/06/2019 07:00,0.4658396837430409,0.0838416853238483,0.3172599623038198
04/06/2019 08:00,0.4658396837430409,0.0838416853238483,0.3172599623038198
04/06/2019 09:00,0.4658396837430409,0.0838416853238483,0.3172599623038198
04/06/2019 10:00,0.4658396837430409,0.0838416853238483,0.3172599623038198
04/06/2019 11:00,0.4658396837430409,0.0838416853238483,0.3172599623038198
04/06/2019 12:00,0.4658396837430409,0.0838416853238483,0.3172599623038198
04/06/2019 13:00,0.4658396837430409,0.0838416853238483,0.3172599623038198
04/06/2019 14:00,0.4658396837430409,0.0838416853238483,0.3172599623038198
04/06/2019 15:00,0.4658396837430409,0.0838416853238483,0.3172599623038198
04/06/2019 16:00,0.4658396837430409,0.0838416853238483,0.3172599623038198
04/06/2019 17:00,0.4658396837430409,0.0838416853238483,0.3172599623038198
04/06/2019 18:00,0.4658396837430409,0.0838416853238483,0.3172599623038198
04/06/2019 19:00,0.4658396837430409,0.0838416853238483,0.3172599623038198
04/06/2019 20:00,0.4658396837430409,0.0838416853238483,0.3172599623038198
04/06/2019 21:00,0.4658396837430409,0.0838416853238483,0.3172599623038198
04/06/2019 22:00,0.4658396837430409,0.0838416853238483,0.3172599623038198
04/06/2019 23:00,0.4658396837430409,0.0838416853238483,0.3172599623038198
05/06/2019 00:00,0.4658396837430409,0.0838416853238483,0.3172599623038198
05/06/2019 01:00,0.4658396837430409,0.0838416853238483,0.3172599623038198
05/06/2019 02:00,0.4658396837430409,0.0838416853238483,0.3172599623038198
05/06/2019 03:00,0.4658396837430409,0.0838416853238483,0.3172599623038198
05/06/2019 04:00,0.4658396837430409,0.0838416853238483,0.3172599623038198
05/06/2019 05:00,0.4658396837430409,0.0838416853238483,0.3172599623038198
05/06/2019 06:00,0.4658396837430409,0.0838416853238483,0.3172599623038198
05/06/2019 07:00,0.4658396837430409,0.0838416853238483,0.3172599623038198
05/06/2019 08:00,0.4658396837430409,0.0838416853238483,0.3172599623038198
05/06/2019 09:00,0.4658396837430409,0.0838416853238483,0.3172599623038198
05/06/2019 10:00,0.4658396837430409,0.0838416853238483,0.3172599623038198
05/06/2019 11:00,0.4658396837430409,0.0838416853238483,0.3172599623038198
05/06/2019 12:00,0.4658396837430409,0.0838416853238483,0.3172599623038198
05/06/2019 13:00,0.4658396837430409,0.0838416853238483,0.3172599623038198
05/06/2019 14:00,0.4658396837430409,0.0838416853238483,0.3172599623038198
05/06/2019 15:00,0.4658396837430409,0.0838416853238483,0.3172599623038198
05/06/2019 16:00,0.4658396837430409,0.0838416853238483,0.3172599623038198
05/06/2019 17:00,0.4658396837430409,0.0838416853238483,0.3172599623038198
05/06/2019 18:00,0.4658396837430409,0.0838416853238483,0.3172599623038198
05/06/2019 19:00,0.4658396837430409,0.0838416853238483,0.3172599623038198
05/06/2019 20:00,0.4658396837430409,0.0838416853238483,0.3172599623038198
05/06/2019 21:00,0.4658396837430409,0.0838416853238483,0.3172599623038198
05/06/2019 22:00,0.4658396837430409,0.0838416853238483,0.3172599623038198
05/06/2019 23:00,0.4658396837430409,0.0838416853238483,0.3172599623038198
06/06/2019 00:00,0.4658396837430409,0.0838416853238483,0.3172599623038198
06/06/2019 01:00,0.4658396837430409,0.0838416853238483,0.3172599623038198
06/06/2019 02:00,0.4658396837430409,0.0838416853238483,0.3172599623038198
06/06/2019 03:00,0.4658396837430409,0.0838416853238483,0.3172599623038198
06/06/2019 04:00,0.4658396837430409,0.0838416853238483,0.3172599623038198
06/06/2019 05:00,0.4658396837430409,0.0838416853238483,0.3172599623038198
06/06/2019 06:00,0.4658396837430409,0.0838416853238483,0.3172599623038198
06/06/2019 07:00,0.4658396837430409,0.0838416853238483,0.3172599623038198
06/06/2019 08:00,0.4658396837430409,0.0838416853238483,0.3172599623038198
06/06/2019 09:00,0.4658396837430409,0.0838416853238483,0.3172599623038198
06/06/2019 10:00,0.4658396837430409,0.0838416853238483,0.3172599623038198
06/06/2019 11:00,0.4658396837430409,0.0838416853238483,0.3172599623038198
06/06/2019 12:00,0.4658396837430409,0.0838416853238483,0.3172599623038198
06/06/2019 13:00,0.4658396837430409,0.0838416853238483,0.3172599623038198
06/06/2019 14:00,0.4658396837430409,0.0838416853238483,0.3172599623038198
06/06/2019 15:00,0.4658396837430409,0.0838416853238483,0.3172599623038198
06/06/2019 16:00,0.4658396837430409,0.0838416853238483,0.3172599623038198
06/06/2019 17:00,0.4658396837430409,0.0838416853238483,0.3172599623038198
06/06/2019 18:00,0.4658396837430409,0.0838416853238483,0.3172599623038198
06/06/2019 19:00,0.4658396837430409,0.0838416853238483,0.3172599623038198
06/06/2019 20:00,0.4658396837430409,0.0838416853238483,0.3172599623038198
06/06/2019 21:00,0.4658396837430409,0.0838416853238483,0.3172599623038198
06/06/2019 22:00,0.4658396837430409,0.0838416853238483,0.3172599623038198
06/06/2019 23:00,0.4658396837430409,0.0838416853238483,0.3172599623038198
07/06/2019 00:00,0.4658396837430409,0.0838416853238483,0.3172599623038198
07/06/2019 01:00,0.4658396837430409,0.0838416853238483,0.3172599623038198
07/06/2019 02:00,0.4658396837430409,0.0838416853238483,0.3172599623038198
07/06/2019 03:00,0.4658396837430409,0.0838416853238483,0.3172599623038198
07/06/2019 04:00,0.4658396837430409,0.0838416853238483,0.3172599623038198
07/06/2019 05:00,0.4658396837430409,0.0838416853238483,0.3172599623038198
07/06/2019 06:00,0.4658396837430409,0.0838416853238483,0.3172599623038198
07/06/2019 07:00,0.4658396837430409,0.0838416853238483,0.3172599623038198
07/06/2019 08:00,0.4658396837430409,0.0838416853238483,0.3172599623038198
07/06/2019 09:00,0.4658396837430409,0.0838416853238483,0.3172599623038198
07/06/2019 10:00,0.4658396837430409,0.0838416853238483,0.3172599623038198
07/06/2019 11:00,0.4658396837430409,0.0838416853238483,0.3172599623038198
07/06/2019 12:00,0.4658396837430409,0.0838416853238483,0.3172599623038198
07/06/2019 13:00,0.4658396837430409,0.0838416853238483,0.3172599623038198
07/06/2019 14:00,0.4658396837430409,0.0838416853238483,0.3172599623038198
07/06/2019 15:00,0.4658396837430409,0.0838416853238483,0.3172599623038198
07/06/2019 16:00,0.4658396837430409,0.0838416853238483,0.3172599623038198
07/06/2019 17:00,0.4658396837430409,0.0838416853238483,0.3172599623038198
07/06/2019 18:00,0.4658396837430409,0.0838416853238483,0.3172599623038198
07/06/2019 19:00,0.4658396837430409,0.0838416853238483,0.3172599623038198
07/06/2019 20:00,0.4658396837430409,0.0838416853238483,0.3172599623038198
07/06/2019 21:00,0.4658396837430409,0.0838416853238483,0.3172599623038198
07/06/2019 22:00,0.4658396837430409,0.0838416853238483,0.3172599623038198
07/06/2019 23:00,0.4658396837430409,0.0838416853238483,0.3172599623038198
08/06/2019 00:00,0.4658396837430409,0.0838416853238483,0.3172599623038198
08/06/2019 01:00,0.4658396837430409,0.0838416853238483,0.3172599623038198
08/06/2019 02:00,0.4658396837430409,0.0838416853238483,0.3172599623038198
08/06/2019 03:00,0.4658396837430409,0.0838416853238483,0.3172599623038198
08/06/2019 04:00,0.4658396837430409,0.0838416853238483,0.3172599623038198
08/06/2019 05:00,0.4658396837430409,0.0838416853238483,0.3172599623038198
08/06/2019 06:00,0.4658396837430409,0.0838416853238483,0.3172599623038198
08/06/2019 07:00,0.4658396837430409,0.0838416853238483,0.3172599623038198
08/06/2019 08:00,0.4658396837430409,0.0838416853238483,0.3172599623038198
08/06/2019 09:00,0.4658396837430409,0.0838416853238483,0.3172599623038198
08/06/2019 10:00,0.4658396837430409,0.0838416853238483,0.3172599623038198
08/06/2019 11:00,0.4658396837430409,0.0838416853238483,0.3172599623038198
08/06/2019 12:00,0.4658396837430409,0.0838416853238483,0.3172599623038198
08/06/2019 13:00,0.4658396837430409,0.0838416853238483,0.3172599623038198
08/06/2019 14:00,0.4658396837430409,0.0838416853238483,0.3172599623038198
08/06/2019 15:00,0.4658396837430409,0.0838416853238483,0.3172599623038198
08/06/2019 16:00,0.4658396837430409,0.0838416853238483,0.3172599623038198
08/06/2019 17:00,0.4658396837430409,0.0838416853238483,0.3172599623038198
08/06/2019 18:00,0.4658396837430409,0.0838416853238483,0.3172599623038198
08/06/2019 19:00,0.4658396837430409,0.0838416853238483,0.3172599623038198
08/06/2019 20:00,0.4658396837430409,0.0838416853238483,0.3172599623038198
08/06/2019 21:00,0.4658396837430409,0.0838416853238483,0.3172599623038198
08/06/2019 22:00,0.4658396837430409,0.0838416853238483,0.3172599623038198
08/06/2019 23:00,0.4658396837430409,0.0838416853238483,0.3172599623038198
09/06/2019 00:00,0.4658396837430409,0.0838416853238483,0.3172599623038198
09/06/2019 01:00,0.4658396837430409,0.0838416853238483,0.3172599623038198
09/06/2019 02:00,0.4658396837430409,0.0838416853238483,0.3172599623038198
09/06/2019 03:00,0.4658396837430409,0.0838416853238483,0.3172599623038198
09/06/2019 04:00,0.4658396837430409,0.0838416853238483,0.3172599623038198
09/06/2019 05:00,0.4658396837430409,0.0838416853238483,0.3172599623038198
09/06/2019 06:00,0.4658396837430409,0.0838416853238483,0.3172599623038198
09/06/2019 07:00,0.4658396837430409,0.0838416853238483,0.3172599623038198
09/06/2019 08:00,0.4658396837430409,0.0838416853238483,0.3172599623038198
09/06/2019 09:00,0.4658396837430409,0.0838416853238483,0.3172599623038198
09/06/2019 10:00,0.4658396837430409,0.0838416853238483,0.3172599623038198
09/06/2019 11:00,0.4658396837430409,0.0838416853238483,0.3172599623038198
09/06/2019 12:00,0.4658396837430409,0.0838416853238483,0.3172599623038198
09/06/2019 13:00,0.4658396837430409,0.0838416853238483,0.3172599623038198
09/06/2019 14:00,0.4658396837430409,0.0838416853238483,0.3172599623038198
09/06/2019 15:00,0.4658396837430409,0.0838416853238483,0.3172599623038198
09/06/2019 16:00,0.4658396837430409,0.0838416853238483,0.3172599623038198
09/06/2019 17:00,0.4658396837430409,0.0838416853238483,0.3172599623038198
09/06/2019 18:00,0.4658396837430409,0.0838416853238483,0.3172599623038198
09/06/2019 19:00,0.4658396837430409,0.0838416853238483,0.3172599623038198
09/06/2019 20:00,0.4658396837430409,0.0838416853238483,0.3172599623038198
09/06/2019 21:00,0.4658396837430409,0.0838416853238483,0.3172599623038198
09/06/2019 22:00,0.4658396837430409,0.0838416853238483,0.3172599623038198
09/06/2019 23:00,0.4658396837430409,0.0838416853238483,0.3172599623038198
10/06/2019 00:00,0.4658396837430409,0.0838416853238483,0.3172599623038198
10/06/2019 01:00,0.4658396837430409,0.0838416853238483,0.3172599623038198
10/06/2019 02:00,0.4658396837430409,0.0838416853238483,0.3172599623038198
10/06/2019 03:00,0.4658396837430409,0.0838416853238483,0.3172599623038198
10/06/2019 04:00,0.4658396837430409,0.0838416853238483,0.3172599623038198
10/06/2019 05:00,0.4658396837430409,0.0838416853238483,0.3172599623038198
10/06/2019 06:00,0.4658396837430409,0.0838416853238483,0.3172599623038198
10/06/2019 07:00,0.4658396837430409,0.0838416853238483,0.3172599623038198
10/06/2019 08:00,0.4658396837430409,0.0838416853238483,0.3172599623038198
10/06/2019 09:00,0.4658396837430409,0.0838416853238483,0.3172599623038198
10/06/2019 10:00,0.4658396837430409,0.0838416853238483,0.3172599623038198
10/06/2019 11:00,0.4658396837430409,0.0838416853238483,0.3172599623038198
10/06/2019 12:00,0.4658396837430409,0.0838416853238483,0.3172599623038198
10/06/2019 13:00,0.4658396837430409,0.0838416853238483,0.3172599623038198
10/06/2019 14:00,0.4658396837430409,0.0838416853238483,0.3172599623038198
10/06/2019 15:00,0.4658396837430409,0.0838416853238483,0.3172599623038198
10/06/2019 16:00,0.4658396837430409,0.0838416853238483,0.3172599623038198
10/06/2019 17:00,0.4658396837430409,0.0838416853238483,0.3172599623038198
10/06/2019 18:00,0.4658396837430409,0.0838416853238483,0.3172599623038198
10/06/2019 19:00,0.4658396837430409,0.0838416853238483,0.3172599623038198
10/06/2019 20:00,0.4658396837430409,0.0838416853238483,0.3172599623038198
10/06/2019 21:00,0.4658396837430409,0.0838416853238483,0.3172599623038198
10/06/2019 22:00,0.4658396837430409,0.0838416853238483,0.3172599623038198
10/06/2019 23:00,0.4658396837430409,0.0838416853238483,0.3172599623038198
11/06/2019 00:00,0.4658396837430409,0.0838416853238483,0.3172599623038198
11/06/2019 01:00,0.4658396837430409,0.0838416853238483,0.3172599623038198
11/06/2019 02:00,0.4658396837430409,0.0838416853238483,0.3172599623038198
11/06/2019 03:00,0.4658396837430409,0.0838416853238483,0.3172599623038198
11/06/2019 04:00,0.4658396837430409,0.0838416853238483,0.3172599623038198
11/06/2019 05:00,0.4658396837430409,0.0838416853238483,0.3172599623038198
11/06/2019 06:00,0.4658396837430409,0.0838416853238483,0.3172599623038198
11/06/2019 07:00,0.4658396837430409,0.0838416853238483,0.3172599623038198
11/06/2019 08:00,0.4658396837430409,0.0838416853238483,0.3172599623038198
11/06/2019 09:00,0.4658396837430409,0.0838416853238483,0.3172599623038198
11/06/2019 10:00,0.4658396837430409,0.0838416853238483,0.3172599623038198
11/06/2019 11:00,0.4658396837430409,0.0838416853238483,0.3172599623038198
11/06/2019 12:00,0.4658396837430409,0.0838416853238483,0.3172599623038198
11/06/2019 13:00,0.4658396837430409,0.0838416853238483,0.3172599623038198
11/06/2019 14:00,0.4658396837430409,0.0838416853238483,0.3172599623038198
11/06/2019 15:00,0.4658396837430409,0.0838416853238483,0.3172599623038198
11/06/2019 16:00,0.4658396837430409,0.0838416853238483,0.3172599623038198
11/06/2019 17:00,0.4658396837430409,0.0838416853238483,0.3172599623038198
11/06/2019 18:00,0.4658396837430409,0.0838416853238483,0.3172599623038198
11/06/2019 19:00,0.4658396837430409,0.0838416853238483,0.3172599623038198
11/06/2019 20:00,0.4658396837430409,0.0838416853238483,0.3172599623038198
11/06/2019 21:00,0.4658396837430409,0.0838416853238483,0.3172599623038198
11/06/2019 22:00,0.4658396837430409,0.0838416853238483,0.3172599623038198
11/06/2019 23:00,0.4658396837430409,0.0838416853238483,0.3172599623038198
12/06/2019 00:00,0.4658396837430409,0.0838416853238483,0.3172599623038198
12/06/2019 01:00,0.4658396837430409,0.0838416853238483,0.3172599623038198
12/06/2019 02:00,0.4658396837430409,0.0838416853238483,0.3172599623038198
12/06/2019 03:00,0.4658396837430409,0.0838416853238483,0.3172599623038198
12/06/2019 04:00,0.4658396837430409,0.0838416853238483,0.3172599623038198
12/06/2019 05:00,0.4658396837430409,0.0838416853238483,0.3172599623038198
12/06/2019 06:00,0.4658396837430409,0.0838416853238483,0.3172599623038198
12/06/2019 07:00,0.4658396837430409,0.0838416853238483,0.3172599623038198
12/06/2019 08:00,0.4658396837430409,0.0838416853238483,0.3172599623038198
12/06/2019 09:00,0.4658396837430409,0.0838416853238483,0.3172599623038198
12/06/2019 10:00,0.4658396837430409,0.0838416853238483,0.3172599623038198
12/06/2019 11:00,0.4658396837430409,0.0838416853238483,0.3172599623038198
12/06/2019 12:00,0.4658396837430409,0.0838416853238483,0.3172599623038198
12/06/2019 13:00,0.4658396837430409,0.0838416853238483,0.3172599623038198
12/06/2019 14:00,0.4658396837430409,0.0838416853238483,0.3172599623038198
12/06/2019 15:00,0.4658396837430409,0.0838416853238483,0.3172599623038198
12/06/2019 16:00,0.4658396837430409,0.0838416853238483,0.3172599623038198
12/06/2019 17:00,0.4658396837430409,0.0838416853238483,0.3172599623038198
12/06/2019 18:00,0.4658396837430409,0.0838416853238483,0.3172599623038198
12/06/2019 19:00,0.4658396837430409,0.0838416853238483,0.3172599623038198
12/06/2019 20:00,0.4658396837430409,0.0838416853238483,0.3172599623038198
12/06/2019 21:00,0.4658396837430409,0.0838416853238483,0.3172599623038198
12/06/2019 22:00,0.4658396837430409,0.0838416853238483,0.3172599623038198
12/06/2019 23:00,0.4658396837430409,0.0838416853238483,0.3172599623038198
13/06/2019 00:00,0.4658396837430409,0.0838416853238483,0.3172599623038198
13/06/2019 01:00,0.4658396837430409,0.0838416853238483,0.3172599623038198
13/06/2019 02:00,0.4658396837430409,0.0838416853238483,0.3172599623038198
13/06/2019 03:00,0.4658396837430409,0.0838416853238483,0.3172599623038198
13/06/2019 04:00,0.4658396837430409,0.0838416853238483,0.3172599623038198
13/06/2019 05:00,0.4658396837430409,0.0838416853238483,0.3172599623038198
13/06/2019 06:00,0.4658396837430409,0.0838416853238483,0.3172599623038198
13/06/2019 07:00,0.4658396837430409,0.0838416853238483,0.3172599623038198
13/06/2019 08:00,0.4658396837430409,0.0838416853238483,0.3172599623038198
13/06/2019 09:00,0.4658396837430409,0.0838416853238483,0.3172599623038198
13/06/2019 10:00,0.4658396837430409,0.0838416853238483,0.3172599623038198
13/06/2019 11:00,0.4658396837430409,0.0838416853238483,0.3172599623038198
13/06/2019 12:00,0.4658396837430409,0.0838416853238483,0.3172599623038198
13/06/2019 13:00,0.4658396837430409,0.0838416853238483,0.3172599623038198
13/06/2019 14:00,0.4658396837430409,0.0838416853238483,0.3172599623038198
13/06/2019 15:00,0.4658396837430409,0.0838416853238483,0.3172599623038198
13/06/2019 16:00,0.4658396837430409,0.0838416853238483,0.3172599623038198
13/06/2019 17:00,0.4658396837430409,0.0838416853238483,0.3172599623038198
13/06/2019 18:00,0.4658396837430409,0.0838416853238483,0.3172599623038198
13/06/2019 19:00,0.4658396837430409,0.0838416853238483,0.3172599623038198
13/06/2019 20:00,0.4658396837430409,0.0838416853238483,0.3172599623038198
13/06/2019 21:00,0.4658396837430409,0.0838416853238483,0.3172599623038198
13/06/2019 22:00,0.4658396837430409,0.0838416853238483,0.3172599623038198
13/06/2019 23:00,0.4658396837430409,0.0838416853238483,0.3172599623038198
14/06/2019 00:00,0.4658396837430409,0.0838416853238483,0.3172599623038198
14/06/2019 01:00,0.4658396837430409,0.0838416853238483,0.3172599623038198
14/06/2019 02:00,0.4658396837430409,0.0838416853238483,0.3172599623038198
14/06/2019 03:00,0.4658396837430409,0.0838416853238483,0.3172599623038198
14/06/2019 04:00,0.4658396837430409,0.0838416853238483,0.3172599623038198
14/06/2019 05:00,0.4658396837430409,0.0838416853238483,0.3172599623038198
14/06/2019 06:00,0.4658396837430409,0.0838416853238483,0.3172599623038198
14/06/2019 07:00,0.4658396837430409,0.0838416853238483,0.3172599623038198
14/06/2019 08:00,0.4658396837430409,0.0838416853238483,0.3172599623038198
14/06/2019 09:00,0.4658396837430409,0.0838416853238483,0.3172599623038198
14/06/2019 10:00,0.4658396837430409,0.0838416853238483,0.3172599623038198
14/06/2019 11:00,0.4658396837430409,0.0838416853238483,0.3172599623038198
14/06/2019 12:00,0.4658396837430409,0.0838416853238483,0.3172599623038198
14/06/2019 13:00,0.4658396837430409,0.0838416853238483,0.3172599623038198
14/06/2019 14:00,0.4658396837430409,0.0838416853238483,0.3172599623038198
14/06/2019 15:00,0.4658396837430409,0.0838416853238483,0.3172599623038198
14/06/2019 16:00,0.4658396837430409,0.0838416853238483,0.3172599623038198
14/06/2019 17:00,0.4658396837430409,0.0838416853238483,0.3172599623038198
14/06/2019 18:00,0.4658396837430409,0.0838416853238483,0.3172599623038198
14/06/2019 19:00,0.4658396837430409,0.0838416853238483,0.3172599623038198
14/06/2019 20:00,0.4658396837430409,0.0838416853238483,0.3172599623038198
14/06/2019 21:00,0.4658396837430409,0.0838416853238483,0.3172599623038198
14/06/2019 22:00,0.4658396837430409,0.0838416853238483,0.3172599623038198
14/06/2019 23:00,0.4658396837430409,0.0838416853238483,0.3172599623038198
15/06/2019 00:00,0.4658396837430409,0.0838416853238483,0.3172599623038198
15/06/2019 01:00,0.4658396837430409,0.0838416853238483,0.3172599623038198
15/06/2019 02:00,0.4658396837430409,0.0838416853238483,0.3172599623038198
15/06/2019 03:00,0.4658396837430409,0.0838416853238483,0.3172599623038198
15/06/2019 04:00,0.4658396837430409,0.0838416853238483,0.3172599623038198
15/06/2019 05:00,0.4658396837430409,0.0838416853238483,0.3172599623038198
15/06/2019 06:00,0.4658396837430409,0.0838416853238483,0.3172599623038198
15/06/2019 07:00,0.4658396837430409,0.0838416853238483,0.3172599623038198
15/06/2019 08:00,0.4658396837430409,0.0838416853238483,0.3172599623038198
15/06/2019 09:00,0.4658396837430409,0.0838416853238483,0.3172599623038198
15/06/2019 10:00,0.4658396837430409,0.0838416853238483,0.3172599623038198
15/06/2019 11:00,0.4658396837430409,0.0838416853238483,0.3172599623038198
15/06/2019 12:00,0.4658396837430409,0.0838416853238483,0.3172599623038198
15/06/2019 13:00,0.4658396837430409,0.0838416853238483,0.3172599623038198
15/06/2019 14:00,0.4658396837430409,0.0838416853238483,0.3172599623038198
15/06/2019 15:00,0.4658396837430409,0.0838416853238483,0.3172599623038198
15/06/2019 16:00,0.4658396837430409,0.0838416853238483,0.3172599623038198
15/06/2019 17:00,0.4658396837430409,0.0838416853238483,0.3172599623038198
15/06/2019 18:00,0.4658396837430409,0.0838416853238483,0.3172599623038198
15/06/2019 19:00,0.4658396837430409,0.0838416853238483,0.3172599623038198
15/06/2019 20:00,0.4658396837430409,0.0838416853238483,0.3172599623038198
15/06/2019 21:00,0.4658396837430409,0.0838416853238483,0.3172599623038198
15/06/2019 22:00,0.4658396837430409,0.0838416853238483,0.3172599623038198
15/06/2019 23:00,0.4658396837430409,0.0838416853238483,0.3172599623038198
16/06/2019 00:00,0.4658396837430409,0.0838416853238483,0.3172599623038198
16/06/2019 01:00,0.4658396837430409,0.0838416853238483,0.3172599623038198
16/06/2019 02:00,0.4658396837430409,0.0838416853238483,0.3172599623038198
16/06/2019 03:00,0.4658396837430409,0.0838416853238483,0.3172599623038198
16/06/2019 04:00,0.4658396837430409,0.0838416853238483,0.3172599623038198
16/06/2019 05:00,0.4658396837430409,0.0838416853238483,0.3172599623038198
16/06/2019 06:00,0.4658396837430409,0.0838416853238483,0.3172599623038198
16/06/2019 07:00,0.4658396837430409,0.0838416853238483,0.3172599623038198
16/06/2019 08:00,0.4658396837430409,0.0838416853238483,0.3172599623038198
16/06/2019 09:00,0.4658396837430409,0.0838416853238483,0.3172599623038198
16/06/2019 10:00,0.4658396837430409,0.0838416853238483,0.3172599623038198
16/06/2019 11:00,0.4658396837430409,0.0838416853238483,0.3172599623038198
16/06/2019 12:00,0.4658396837430409,0.0838416853238483,0.3172599623038198
16/06/2019 13:00,0.4658396837430409,0.0838416853238483,0.3172599623038198
16/06/2019 14:00,0.4658396837430409,0.0838416853238483,0.3172599623038198
16/06/2019 15:00,0.4658396837430409,0.0838416853238483,0.3172599623038198
16/06/2019 16:00,0.4658396837430409,0.0838416853238483,0.3172599623038198
16/06/2019 17:00,0.4658396837430409,0.0838416853238483,0.3172599623038198
16/06/2019 18:00,0.4658396837430409,0.0838416853238483,0.3172599623038198
16/06/2019 19:00,0.4658396837430409,0.0838416853238483,0.3172599623038198
16/06/2019 20:00,0.4658396837430409,0.0838416853238483,0.3172599623038198
16/06/2019 21:00,0.4658396837430409,0.0838416853238483,0.3172599623038198
16/06/2019 22:00,0.4658396837430409,0.0838416853238483,0.3172599623038198
16/06/2019 23:00,0.4658396837430409,0.0838416853238483,0.3172599623038198
17/06/2019 00:00,0.4658396837430409,0.0838416853238483,0.3172599623038198
17/06/2019 01:00,0.4658396837430409,0.0838416853238483,0.3172599623038198
17/06/2019 02:00,0.4658396837430409,0.0838416853238483,0.3172599623038198
17/06/2019 03:00,0.4658396837430409,0.0838416853238483,0.3172599623038198
17/06/2019 04:00,0.4658396837430409,0.0838416853238483,0.3172599623038198
17/06/2019 05:00,0.4658396837430409,0.0838416853238483,0.3172599623038198
17/06/2019 06:00,0.4658396837430409,0.0838416853238483,0.3172599623038198
17/06/2019 07:00,0.4658396837430409,0.0838416853238483,0.3172599623038198
17/06/2019 08:00,0.4658396837430409,0.0838416853238483,0.3172599623038198
17/06/2019 09:00,0.4658396837430409,0.0838416853238483,0.3172599623038198
17/06/2019 10:00,0.4658396837430409,0.0838416853238483,0.3172599623038198
17/06/2019 11:00,0.4658396837430409,0.0838416853238483,0.3172599623038198
17/06/2019 12:00,0.4658396837430409,0.0838416853238483,0.3172599623038198
17/06/2019 13:00,0.4658396837430409,0.0838416853238483,0.3172599623038198
17/06/2019 14:00,0.4658396837430409,0.0838416853238483,0.3172599623038198
17/06/2019 15:00,0.4658396837430409,0.0838416853238483,0.3172599623038198
17/06/2019 16:00,0.4658396837430409,0.0838416853238483,0.3172599623038198
17/06/2019 17:00,0.4658396837430409,0.0838416853238483,0.3172599623038198
17/06/2019 18:00,0.4658396837430409,0.0838416853238483,0.3172599623038198
17/06/2019 19:00,0.4658396837430409,0.0838416853238483,0.3172599623038198
17/06/2019 20:00,0.4658396837430409,0.0838416853238483,0.3172599623038198
17/06/2019 21:00,0.4658396837430409,0.0838416853238483,0.3172599623038198
17/06/2019 22:00,0.4658396837430409,0.0838416853238483,0.3172599623038198
17/06/2019 23:00,0.4658396837430409,0.0838416853238483,0.3172599623038198
18/06/2019 00:00,0.4658396837430409,0.0838416853238483,0.3172599623038198
18/06/2019 01:00,0.4658396837430409,0.0838416853238483,0.3172599623038198
18/06/2019 02:00,0.4658396837430409,0.0838416853238483,0.3172599623038198
18/06/2019 03:00,0.4658396837430409,0.0838416853238483,0.3172599623038198
18/06/2019 04:00,0.4658396837430409,0.0838416853238483,0.3172599623038198
18/06/2019 05:00,0.4658396837430409,0.0838416853238483,0.3172599623038198
18/06/2019 06:00,0.4658396837430409,0.0838416853238483,0.3172599623038198
18/06/2019 07:00,0.4658396837430409,0.0838416853238483,0.3172599623038198
18/06/2019 08:00,0.4658396837430409,0.0838416853238483,0.3172599623038198
18/06/2019 09:00,0.4658396837430409,0.0838416853238483,0.3172599623038198
18/06/2019 10:00,0.4658396837430409,0.0838416853238483,0.3172599623038198
18/06/2019 11:00,0.4658396837430409,0.0838416853238483,0.3172599623038198
18/06/2019 12:00,0.4658396837430409,0.0838416853238483,0.3172599623038198
18/06/2019 13:00,0.4658396837430409,0.0838416853238483,0.3172599623038198
18/06/2019 14:00,0.4658396837430409,0.0838416853238483,0.3172599623038198
18/06/2019 15:00,0.4658396837430409,0.0838416853238483,0.3172599623038198
18/06/2019 16:00,0.4658396837430409,0.0838416853238483,0.3172599623038198
18/06/2019 17:00,0.4658396837430409,0.0838416853238483,0.3172599623038198
18/06/2019 18:00,0.4658396837430409,0.0838416853238483,0.3172599623038198
18/06/2019 19:00,0.4658396837430409,0.0838416853238483,0.3172599623038198
18/06/2019 20:00,0.4658396837430409,0.0838416853238483,0.3172599623038198
18/06/2019 21:00,0.4658396837430409,0.0838416853238483,0.3172599623038198
18/06/2019 22:00,0.4658396837430409,0.0838416853238483,0.3172599623038198
18/06/2019 23:00,0.4658396837430409,0.0838416853238483,0.3172599623038198
19/06/2019 00:00,0.4658396837430409,0.0838416853238483,0.3172599623038198
19/06/2019 01:00,0.4658396837430409,0.0838416853238483,0.3172599623038198
19/06/2019 02:00,0.4658396837430409,0.0838416853238483,0.3172599623038198
19/06/2019 03:00,0.4658396837430409,0.0838416853238483,0.3172599623038198
19/06/2019 04:00,0.4658396837430409,0.0838416853238483,0.3172599623038198
19/06/2019 05:00,0.4658396837430409,0.0838416853238483,0.3172599623038198
19/06/2019 06:00,0.4658396837430409,0.0838416853238483,0.3172599623038198
19/06/2019 07:00,0.4658396837430409,0.0838416853238483,0.3172599623038198
19/06/2019 08:00,0.4658396837430409,0.0838416853238483,0.3172599623038198
19/06/2019 09:00,0.4658396837430409,0.0838416853238483,0.3172599623038198
19/06/2019 10:00,0.4658396837430409,0.0838416853238483,0.3172599623038198
19/06/2019 11:00,0.4658396837430409,0.0838416853238483,0.3172599623038198
19/06/2019 12:00,0.4658396837430409,0.0838416853238483,0.3172599623038198
19/06/2019 13:00,0.4658396837430409,0.0838416853238483,0.3172599623038198
19/06/2019 14:00,0.4658396837430409,0.0838416853238483,0.3172599623038198
19/06/2019 15:00,0.4658396837430409,0.0838416853238483,0.3172599623038198
19/06/2019 16:00,0.4658396837430409,0.0838416853238483,0.3172599623038198
19/06/2019 17:00,0.4658396837430409,0.0838416853238483,0.3172599623038198
19/06/2019 18:00,0.4658396837430409,0.0838416853238483,0.3172599623038198
19/06/2019 19:00,0.4658396837430409,0.0838416853238483,0.3172599623038198
19/06/2019 20:00,0.4658396837430409,0.0838416853238483,0.3172599623038198
19/06/2019 21:00,0.4658396837430409,0.0838416853238483,0.3172599623038198
19/06/2019 22:00,0.4658396837430409,0.0838416853238483,0.3172599623038198
19/06/2019 23:00,0.4658396837430409,0.0838416853238483,0.3172599623038198
20/06/2019 00:00,0.4658396837430409,0.0838416853238483,0.3172599623038198
20/06/2019 01:00,0.4658396837430409,0.0838416853238483,0.3172599623038198
20/06/2019 02:00,0.4658396837430409,0.0838416853238483,0.3172599623038198
20/06/2019 03:00,0.4658396837430409,0.0838416853238483,0.3172599623038198
20/06/2019 04:00,0.4658396837430409,0.0838416853238483,0.3172599623038198
20/06/2019 05:00,0.4658396837430409,0.0838416853238483,0.3172599623038198
20/06/2019 06:00,0.4658396837430409,0.0838416853238483,0.3172599623038198
20/06/2019 07:00,0.4658396837430409,0.0838416853238483,0.3172599623038198
20/06/2019 08:00,0.4658396837430409,0.0838416853238483,0.3172599623038198
20/06/2019 09:00,0.4658396837430409,0.0838416853238483,0.3172599623038198
20/06/2019 10:00,0.4658396837430409,0.0838416853238483,0.3172599623038198
20/06/2019 11:00,0.4658396837430409,0.0838416853238483,0.3172599623038198
20/06/2019 12:00,0.4658396837430409,0.0838416853238483,0.3172599623038198
20/06/2019 13:00,0.4658396837430409,0.0838416853238483,0.3172599623038198
20/06/2019 14:00,0.4658396837430409,0.0838416853238483,0.3172599623038198
20/06/2019 15:00,0.4658396837430409,0.0838416853238483,0.3172599623038198
20/06/2019 16:00,0.4658396837430409,0.0838416853238483,0.3172599623038198
20/06/2019 17:00,0.4658396837430409,0.0838416853238483,0.3172599623038198
20/06/2019 18:00,0.4658396837430409,0.0838416853238483,0.3172599623038198
20/06/2019 19:00,0.4658396837430409,0.0838416853238483,0.3172599623038198
20/06/2019 20:00,0.4658396837430409,0.0838416853238483,0.3172599623038198
20/06/2019 21:00,0.4658396837430409,0.0838416853238483,0.3172599623038198
20/06/2019 22:00,0.4658396837430409,0.0838416853238483,0.3172599623038198
20/06/2019 23:00,0.4658396837430409,0.0838416853238483,0.3172599623038198
21/06/2019 00:00,0.4658396837430409,0.0838416853238483,0.3172599623038198
21/06/2019 01:00,0.4658396837430409,0.0838416853238483,0.3172599623038198
21/06/2019 02:00,0.4658396837430409,0.0838416853238483,0.3172599623038198
21/06/2019 03:00,0.4658396837430409,0.0838416853238483,0.3172599623038198
21/06/2019 04:00,0.4658396837430409,0.0838416853238483,0.3172599623038198
21/06/2019 05:00,0.4658396837430409,0.0838416853238483,0.3172599623038198
21/06/2019 06:00,0.4658396837430409,0.0838416853238483,0.3172599623038198
21/06/2019 07:00,0.4658396837430409,0.0838416853238483,0.3172599623038198
21/06/2019 08:00,0.4658396837430409,0.0838416853238483,0.3172599623038198
21/06/2019 09:00,0.4658396837430409,0.0838416853238483,0.3172599623038198
21/06/2019 10:00,0.4658396837430409,0.0838416853238483,0.3172599623038198
21/06/2019 11:00,0.4658396837430409,0.0838416853238483,0.3172599623038198
21/06/2019 12:00,0.4658396837430409,0.0838416853238483,0.3172599623038198
21/06/2019 13:00,0.4658396837430409,0.0838416853238483,0.3172599623038198
21/06/2019 14:00,0.4658396837430409,0.0838416853238483,0.3172599623038198
21/06/2019 15:00,0.4658396837430409,0.0838416853238483,0.3172599623038198
21/06/2019 16:00,0.4658396837430409,0.0838416853238483,0.3172599623038198
21/06/2019 17:00,0.4658396837430409,0.0838416853238483,0.3172599623038198
21/06/2019 18:00,0.4658396837430409,0.0838416853238483,0.3172599623038198
21/06/2019 19:00,0.4658396837430409,0.0838416853238483,0.3172599623038198
21/06/2019 20:00,0.4658396837430409,0.0838416853238483,0.3172599623038198
21/06/2019 21:00,0.4658396837430409,0.0838416853238483,0.3172599623038198
21/06/2019 22:00,0.4658396837430409,0.0838416853238483,0.3172599623038198
21/06/2019 23:00,0.4658396837430409,0.0838416853238483,0.3172599623038198
22/06/2019 00:00,0.4658396837430409,0.0838416853238483,0.3172599623038198
22/06/2019 01:00,0.4658396837430409,0.0838416853238483,0.3172599623038198
22/06/2019 02:00,0.4658396837430409,0.0838416853238483,0.3172599623038198
22/06/2019 03:00,0.4658396837430409,0.0838416853238483,0.3172599623038198
22/06/2019 04:00,0.4658396837430409,0.0838416853238483,0.3172599623038198
22/06/2019 05:00,0.4658396837430409,0.0838416853238483,0.3172599623038198
22/06/2019 06:00,0.4658396837430409,0.0838416853238483,0.3172599623038198
22/06/2019 07:00,0.4658396837430409,0.0838416853238483,0.3172599623038198
22/06/2019 08:00,0.4658396837430409,0.0838416853238483,0.3172599623038198
22/06/2019 09:00,0.4658396837430409,0.0838416853238483,0.3172599623038198
22/06/2019 10:00,0.4658396837430409,0.0838416853238483,0.3172599623038198
22/06/2019 11:00,0.4658396837430409,0.0838416853238483,0.3172599623038198
22/06/2019 12:00,0.4658396837430409,0.0838416853238483,0.3172599623038198
22/06/2019 13:00,0.4658396837430409,0.0838416853238483,0.3172599623038198
22/06/2019 14:00,0.4658396837430409,0.0838416853238483,0.3172599623038198
22/06/2019 15:00,0.4658396837430409,0.0838416853238483,0.3172599623038198
22/06/2019 16:00,0.4658396837430409,0.0838416853238483,0.3172599623038198
22/06/2019 17:00,0.4658396837430409,0.0838416853238483,0.3172599623038198
22/06/2019 18:00,0.4658396837430409,0.0838416853238483,0.3172599623038198
22/06/2019 19:00,0.4658396837430409,0.0838416853238483,0.3172599623038198
22/06/2019 20:00,0.4658396837430409,0.0838416853238483,0.3172599623038198
22/06/2019 21:00,0.4658396837430409,0.0838416853238483,0.3172599623038198
22/06/2019 22:00,0.4658396837430409,0.0838416853238483,0.3172599623038198
22/06/2019 23:00,0.4658396837430409,0.0838416853238483,0.3172599623038198
23/06/2019 00:00,0.4658396837430409,0.0838416853238483,0.3172599623038198
23/06/2019 01:00,0.4658396837430409,0.0838416853238483,0.3172599623038198
23/06/2019 02:00,0.4658396837430409,0.0838416853238483,0.3172599623038198
23/06/2019 03:00,0.4658396837430409,0.0838416853238483,0.3172599623038198
23/06/2019 04:00,0.4658396837430409,0.0838416853238483,0.3172599623038198
23/06/2019 05:00,0.4658396837430409,0.0838416853238483,0.3172599623038198
23/06/2019 06:00,0.4658396837430409,0.0838416853238483,0.3172599623038198
23/06/2019 07:00,0.4658396837430409,0.0838416853238483,0.3172599623038198
23/06/2019 08:00,0.4658396837430409,0.0838416853238483,0.3172599623038198
23/06/2019 09:00,0.4658396837430409,0.0838416853238483,0.3172599623038198
23/06/2019 10:00,0.4658396837430409,0.0838416853238483,0.3172599623038198
23/06/2019 11:00,0.4658396837430409,0.0838416853238483,0.3172599623038198
23/06/2019 12:00,0.4658396837430409,0.0838416853238483,0.3172599623038198
23/06/2019 13:00,0.4658396837430409,0.0838416853238483,0.3172599623038198
23/06/2019 14:00,0.4658396837430409,0.0838416853238483,0.3172599623038198
23/06/2019 15:00,0.4658396837430409,0.0838416853238483,0.3172599623038198
23/06/2019 16:00,0.4658396837430409,0.0838416853238483,0.3172599623038198
23/06/2019 17:00,0.4658396837430409,0.0838416853238483,0.3172599623038198
23/06/2019 18:00,0.4658396837430409,0.0838416853238483,0.3172599623038198
23/06/2019 19:00,0.4658396837430409,0.0838416853238483,0.3172599623038198
23/06/2019 20:00,0.4658396837430409,0.0838416853238483,0.3172599623038198
23/06/2019 21:00,0.4658396837430409,0.0838416853238483,0.3172599623038198
23/06/2019 22:00,0.4658396837430409,0.0838416853238483,0.3172599623038198
23/06/2019 23:00,0.4658396837430409,0.0838416853238483,0.3172599623038198
24/06/2019 00:00,0.4658396837430409,0.0838416853238483,0.3172599623038198
24/06/2019 01:00,0.4658396837430409,0.0838416853238483,0.3172599623038198
24/06/2019 02:00,0.4658396837430409,0.0838416853238483,0.3172599623038198
24/06/2019 03:00,0.4658396837430409,0.0838416853238483,0.3172599623038198
24/06/2019 04:00,0.4658396837430409,0.0838416853238483,0.3172599623038198
24/06/2019 05:00,0.4658396837430409,0.0838416853238483,0.3172599623038198
24/06/2019 06:00,0.4658396837430409,0.0838416853238483,0.3172599623038198
24/06/2019 07:00,0.4658396837430409,0.0838416853238483,0.3172599623038198
24/06/2019 08:00,0.4658396837430409,0.0838416853238483,0.3172599623038198
24/06/2019 09:00,0.4658396837430409,0.0838416853238483,0.3172599623038198
24/06/2019 10:00,0.4658396837430409,0.0838416853238483,0.3172599623038198
24/06/2019 11:00,0.4658396837430409,0.0838416853238483,0.3172599623038198
24/06/2019 12:00,0.4658396837430409,0.0838416853238483,0.3172599623038198
24/06/2019 13:00,0.4658396837430409,0.0838416853238483,0.3172599623038198
24/06/2019 14:00,0.4658396837430409,0.0838416853238483,0.3172599623038198
24/06/2019 15:00,0.4658396837430409,0.0838416853238483,0.3172599623038198
24/06/2019 16:00,0.4658396837430409,0.0838416853238483,0.3172599623038198
24/06/2019 17:00,0.4658396837430409,0.0838416853238483,0.3172599623038198
24/06/2019 18:00,0.4658396837430409,0.0838416853238483,0.3172599623038198
24/06/2019 19:00,0.4658396837430409,0.0838416853238483,0.3172599623038198
24/06/2019 20:00,0.4658396837430409,0.0838416853238483,0.3172599623038198
24/06/2019 21:00,0.4658396837430409,0.0838416853238483,0.3172599623038198
24/06/2019 22:00,0.4658396837430409,0.0838416853238483,0.3172599623038198
24/06/2019 23:00,0.4658396837430409,0.0838416853238483,0.3172599623038198
25/06/2019 00:00,0.4658396837430409,0.0838416853238483,0.3172599623038198
25/06/2019 01:00,0.4658396837430409,0.0838416853238483,0.3172599623038198
25/06/2019 02:00,0.4658396837430409,0.0838416853238483,0.3172599623038198
25/06/2019 03:00,0.4658396837430409,0.0838416853238483,0.3172599623038198
25/06/2019 04:00,0.4658396837430409,0.0838416853238483,0.3172599623038198
25/06/2019 05:00,0.4658396837430409,0.0838416853238483,0.3172599623038198
25/06/2019 06:00,0.4658396837430409,0.0838416853238483,0.3172599623038198
25/06/2019 07:00,0.4658396837430409,0.0838416853238483,0.3172599623038198
25/06/2019 08:00,0.4658396837430409,0.0838416853238483,0.3172599623038198
25/06/2019 09:00,0.4658396837430409,0.0838416853238483,0.3172599623038198
25/06/2019 10:00,0.4658396837430409,0.0838416853238483,0.3172599623038198
25/06/2019 11:00,0.4658396837430409,0.0838416853238483,0.3172599623038198
25/06/2019 12:00,0.4658396837430409,0.0838416853238483,0.3172599623038198
25/06/2019 13:00,0.4658396837430409,0.0838416853238483,0.3172599623038198
25/06/2019 14:00,0.4658396837430409,0.0838416853238483,0.3172599623038198
25/06/2019 15:00,0.4658396837430409,0.0838416853238483,0.3172599623038198
25/06/2019 16:00,0.4658396837430409,0.0838416853238483,0.3172599623038198
25/06/2019 17:00,0.4658396837430409,0.0838416853238483,0.3172599623038198
25/06/2019 18:00,0.4658396837430409,0.0838416853238483,0.3172599623038198
25/06/2019 19:00,0.4658396837430409,0.0838416853238483,0.3172599623038198
25/06/2019 20:00,0.4658396837430409,0.0838416853238483,0.3172599623038198
25/06/2019 21:00,0.4658396837430409,0.0838416853238483,0.3172599623038198
25/06/2019 22:00,0.4658396837430409,0.0838416853238483,0.3172599623038198
25/06/2019 23:00,0.4658396837430409,0.0838416853238483,0.3172599623038198
26/06/2019 00:00,0.4658396837430409,0.0838416853238483,0.3172599623038198
26/06/2019 01:00,0.4658396837430409,0.0838416853238483,0.3172599623038198
26/06/2019 02:00,0.4658396837430409,0.0838416853238483,0.3172599623038198
26/06/2019 03:00,0.4658396837430409,0.0838416853238483,0.3172599623038198
26/06/2019 04:00,0.4658396837430409,0.0838416853238483,0.3172599623038198
26/06/2019 05:00,0.4658396837430409,0.0838416853238483,0.3172599623038198
26/06/2019 06:00,0.4658396837430409,0.0838416853238483,0.3172599623038198
26/06/2019 07:00,0.4658396837430409,0.0838416853238483,0.3172599623038198
26/06/2019 08:00,0.4658396837430409,0.0838416853238483,0.3172599623038198
26/06/2019 09:00,0.4658396837430409,0.0838416853238483,0.3172599623038198
26/06/2019 10:00,0.4658396837430409,0.0838416853238483,0.3172599623038198
26/06/2019 11:00,0.4658396837430409,0.0838416853238483,0.3172599623038198
26/06/2019 12:00,0.4658396837430409,0.0838416853238483,0.3172599623038198
26/06/2019 13:00,0.4658396837430409,0.0838416853238483,0.3172599623038198
26/06/2019 14:00,0.4658396837430409,0.0838416853238483,0.3172599623038198
26/06/2019 15:00,0.4658396837430409,0.0838416853238483,0.3172599623038198
26/06/2019 16:00,0.4658396837430409,0.0838416853238483,0.3172599623038198
26/06/2019 17:00,0.4658396837430409,0.0838416853238483,0.3172599623038198
26/06/2019 18:00,0.4658396837430409,0.0838416853238483,0.3172599623038198
26/06/2019 19:00,0.4658396837430409,0.0838416853238483,0.3172599623038198
26/06/2019 20:00,0.4658396837430409,0.0838416853238483,0.3172599623038198
26/06/2019 21:00,0.4658396837430409,0.0838416853238483,0.3172599623038198
26/06/2019 22:00,0.4658396837430409,0.0838416853238483,0.3172599623038198
26/06/2019 23:00,0.4658396837430409,0.0838416853238483,0.3172599623038198
27/06/2019 00:00,0.4658396837430409,0.0838416853238483,0.3172599623038198
27/06/2019 01:00,0.4658396837430409,0.0838416853238483,0.3172599623038198
27/06/2019 02:00,0.4658396837430409,0.0838416853238483,0.3172599623038198
27/06/2019 03:00,0.4658396837430409,0.0838416853238483,0.3172599623038198
27/06/2019 04:00,0.4658396837430409,0.0838416853238483,0.3172599623038198
27/06/2019 05:00,0.4658396837430409,0.0838416853238483,0.3172599623038198
27/06/2019 06:00,0.4658396837430409,0.0838416853238483,0.3172599623038198
27/06/2019 07:00,0.4658396837430409,0.0838416853238483,0.3172599623038198
27/06/2019 08:00,0.4658396837430409,0.0838416853238483,0.3172599623038198
27/06/2019 09:00,0.4658396837430409,0.0838416853238483,0.3172599623038198
27/06/2019 10:00,0.4658396837430409,0.0838416853238483,0.3172599623038198
27/06/2019 11:00,0.4658396837430409,0.0838416853238483,0.3172599623038198
27/06/2019 12:00,0.4658396837430409,0.0838416853238483,0.3172599623038198
27/06/2019 13:00,0.4658396837430409,0.0838416853238483,0.3172599623038198
27/06/2019 14:00,0.4658396837430409,0.0838416853238483,0.3172599623038198
27/06/2019 15:00,0.4658396837430409,0.0838416853238483,0.3172599623038198
27/06/2019 16:00,0.4658396837430409,0.0838416853238483,0.3172599623038198
27/06/2019 17:00,0.4658396837430409,0.0838416853238483,0.3172599623038198
27/06/2019 18:00,0.4658396837430409,0.0838416853238483,0.3172599623038198
27/06/2019 19:00,0.4658396837430409,0.0838416853238483,0.3172599623038198
27/06/2019 20:00,0.4658396837430409,0.0838416853238483,0.3172599623038198
27/06/2019 21:00,0.4658396837430409,0.0838416853238483,0.3172599623038198
27/06/2019 22:00,0.4658396837430409,0.0838416853238483,0.3172599623038198
27/06/2019 23:00,0.4658396837430409,0.0838416853238483,0.3172599623038198
28/06/2019 00:00,0.4658396837430409,0.0838416853238483,0.3172599623038198
28/06/2019 01:00,0.4658396837430409,0.0838416853238483,0.3172599623038198
28/06/2019 02:00,0.4658396837430409,0.0838416853238483,0.3172599623038198
28/06/2019 03:00,0.4658396837430409,0.0838416853238483,0.3172599623038198
28/06/2019 04:00,0.4658396837430409,0.0838416853238483,0.3172599623038198
28/06/2019 05:00,0.4658396837430409,0.0838416853238483,0.3172599623038198
28/06/2019 06:00,0.4658396837430409,0.0838416853238483,0.3172599623038198
28/06/2019 07:00,0.4658396837430409,0.0838416853238483,0.3172599623038198
28/06/2019 08:00,0.4658396837430409,0.0838416853238483,0.3172599623038198
28/06/2019 09:00,0.4658396837430409,0.0838416853238483,0.3172599623038198
28/06/2019 10:00,0.4658396837430409,0.0838416853238483,0.3172599623038198
28/06/2019 11:00,0.4658396837430409,0.0838416853238483,0.3172599623038198
28/06/2019 12:00,0.4658396837430409,0.0838416853238483,0.3172599623038198
28/06/2019 13:00,0.4658396837430409,0.0838416853238483,0.3172599623038198
28/06/2019 14:00,0.4658396837430409,0.0838416853238483,0.3172599623038198
28/06/2019 15:00,0.4658396837430409,0.0838416853238483,0.3172599623038198
28/06/2019 16:00,0.4658396837430409,0.0838416853238483,0.3172599623038198
28/06/2019 17:00,0.4658396837430409,0.0838416853238483,0.3172599623038198
28/06/2019 18:00,0.4658396837430409,0.0838416853238483,0.3172599623038198
28/06/2019 19:00,0.4658396837430409,0.0838416853238483,0.3172599623038198
28/06/2019 20:00,0.4658396837430409,0.0838416853238483,0.3172599623038198
28/06/2019 21:00,0.4658396837430409,0.0838416853238483,0.3172599623038198
28/06/2019 22:00,0.4658396837430409,0.0838416853238483,0.3172599623038198
28/06/2019 23:00,0.4658396837430409,0.0838416853238483,0.3172599623038198
29/06/2019 00:00,0.4658396837430409,0.0838416853238483,0.3172599623038198
29/06/2019 01:00,0.4658396837430409,0.0838416853238483,0.3172599623038198
29/06/2019 02:00,0.4658396837430409,0.0838416853238483,0.3172599623038198
29/06/2019 03:00,0.4658396837430409,0.0838416853238483,0.3172599623038198
29/06/2019 04:00,0.4658396837430409,0.0838416853238483,0.3172599623038198
29/06/2019 05:00,0.4658396837430409,0.0838416853238483,0.3172599623038198
29/06/2019 06:00,0.4658396837430409,0.0838416853238483,0.3172599623038198
29/06/2019 07:00,0.4658396837430409,0.0838416853238483,0.3172599623038198
29/06/2019 08:00,0.4658396837430409,0.0838416853238483,0.3172599623038198
29/06/2019 09:00,0.4658396837430409,0.0838416853238483,0.3172599623038198
29/06/2019 10:00,0.4658396837430409,0.0838416853238483,0.3172599623038198
29/06/2019 11:00,0.4658396837430409,0.0838416853238483,0.3172599623038198
29/06/2019 12:00,0.4658396837430409,0.0838416853238483,0.3172599623038198
29/06/2019 13:00,0.4658396837430409,0.0838416853238483,0.3172599623038198
29/06/2019 14:00,0.4658396837430409,0.0838416853238483,0.3172599623038198
29/06/2019 15:00,0.4658396837430409,0.0838416853238483,0.3172599623038198
29/06/2019 16:00,0.4658396837430409,0.0838416853238483,0.3172599623038198
29/06/2019 17:00,0.4658396837430409,0.0838416853238483,0.3172599623038198
29/06/2019 18:00,0.4658396837430409,0.0838416853238483,0.3172599623038198
29/06/2019 19:00,0.4658396837430409,0.0838416853238483,0.3172599623038198
29/06/2019 20:00,0.4658396837430409,0.0838416853238483,0.3172599623038198
29/06/2019 21:00,0.4658396837430409,0.0838416853238483,0.3172599623038198
29/06/2019 22:00,0.4658396837430409,0.0838416853238483,0.3172599623038198
29/06/2019 23:00,0.4658396837430409,0.0838416853238483,0.3172599623038198
30/06/2019 00:00,0.4658396837430409,0.0838416853238483,0.3172599623038198
30/06/2019 01:00,0.4658396837430409,0.0838416853238483,0.3172599623038198
30/06/2019 02:00,0.4658396837430409,0.0838416853238483,0.3172599623038198
30/06/2019 03:00,0.4658396837430409,0.0838416853238483,0.3172599623038198
30/06/2019 04:00,0.4658396837430409,0.0838416853238483,0.3172599623038198
30/06/2019 05:00,0.4658396837430409,0.0838416853238483,0.3172599623038198
30/06/2019 06:00,0.4658396837430409,0.0838416853238483,0.3172599623038198
30/06/2019 07:00,0.4658396837430409,0.0838416853238483,0.3172599623038198
30/06/2019 08:00,0.4658396837430409,0.0838416853238483,0.3172599623038198
30/06/2019 09:00,0.4658396837430409,0.0838416853238483,0.3172599623038198
30/06/2019 10:00,0.4658396837430409,0.0838416853238483,0.3172599623038198
30/06/2019 11:00,0.4658396837430409,0.0838416853238483,0.3172599623038198
30/06/2019 12:00,0.4658396837430409,0.0838416853238483,0.3172599623038198
30/06/2019 13:00,0.4658396837430409,0.0838416853238483,0.3172599623038198
30/06/2019 14:00,0.4658396837430409,0.0838416853238483,0.3172599623038198
30/06/2019 15:00,0.4658396837430409,0.0838416853238483,0.3172599623038198
30/06/2019 16:00,0.4658396837430409,0.0838416853238483,0.3172599623038198
30/06/2019 17:00,0.4658396837430409,0.0838416853238483,0.3172599623038198
30/06/2019 18:00,0.4658396837430409,0.0838416853238483,0.3172599623038198
30/06/2019 19:00,0.4658396837430409,0.0838416853238483,0.3172599623038198
30/06/2019 20:00,0.4658396837430409,0.0838416853238483,0.3172599623038198
30/06/2019 21:00,0.4658396837430409,0.0838416853238483,0.3172599623038198
30/06/2019 22:00,0.4658396837430409,0.0838416853238483,0.3172599623038198
30/06/2019 23:00,0.4658396837430409,0.0838416853238483,0.3172599623038198
01/07/2019 00:00,0.7915050059254647,0.3408054377182788,0.4773192491710416
01/07/2019 01:00,0.7915050059254647,0.3408054377182788,0.4773192491710416
01/07/2019 02:00,0.7915050059254647,0.3408054377182788,0.4773192491710416
01/07/2019 03:00,0.7915050059254647,0.3408054377182788,0.4773192491710416
01/07/2019 04:00,0.7915050059254647,0.3408054377182788,0.4773192491710416
01/07/2019 05:00,0.7915050059254647,0.3408054377182788,0.4773192491710416
01/07/2019 06:00,0.7915050059254647,0.3408054377182788,0.4773192491710416
01/07/2019 07:00,0.7915050059254647,0.3408054377182788,0.4773192491710416
01/07/2019 08:00,0.7915050059254647,0.3408054377182788,0.4773192491710416
01/07/2019 09:00,0.7915050059254647,0.3408054377182788,0.4773192491710416
01/07/2019 10:00,0.7915050059254647,0.3408054377182788,0.4773192491710416
01/07/2019 11:00,0.7915050059254647,0.3408054377182788,0.4773192491710416
01/07/2019 12:00,0.7915050059254647,0.3408054377182788,0.4773192491710416
01/07/2019 13:00,0.7915050059254647,0.3408054377182788,0.4773192491710416
01/07/2019 14:00,0.7915050059254647,0.3408054377182788,0.4773192491710416
01/07/2019 15:00,0.7915050059254647,0.3408054377182788,0.4773192491710416
01/07/2019 16:00,0.7915050059254647,0.3408054377182788,0.4773192491710416
01/07/2019 17:00,0.7915050059254647,0.3408054377182788,0.4773192491710416
01/07/2019 18:00,0.7915050059254647,0.3408054377182788,0.4773192491710416
01/07/2019 19:00,0.7915050059254647,0.3408054377182788,0.4773192491710416
01/07/2019 20:00,0.7915050059254647,0.3408054377182788,0.4773192491710416
01/07/2019 21:00,0.7915050059254647,0.3408054377182788,0.4773192491710416
01/07/2019 22:00,0.7915050059254647,0.3408054377182788,0.4773192491710416
01/07/2019 23:00,0.7915050059254647,0.3408054377182788,0.4773192491710416
02/07/2019 00:00,0.7915050059254647,0.3408054377182788,0.4773192491710416
02/07/2019 01:00,0.7915050059254647,0.3408054377182788,0.4773192491710416
02/07/2019 02:00,0.7915050059254647,0.3408054377182788,0.4773192491710416
02/07/2019 03:00,0.7915050059254647,0.3408054377182788,0.4773192491710416
02/07/2019 04:00,0.7915050059254647,0.3408054377182788,0.4773192491710416
02/07/2019 05:00,0.7915050059254647,0.3408054377182788,0.4773192491710416
02/07/2019 06:00,0.7915050059254647,0.3408054377182788,0.4773192491710416
02/07/2019 07:00,0.7915050059254647,0.3408054377182788,0.4773192491710416
02/07/2019 08:00,0.7915050059254647,0.3408054377182788,0.4773192491710416
02/07/2019 09:00,0.7915050059254647,0.3408054377182788,0.4773192491710416
02/07/2019 10:00,0.7915050059254647,0.3408054377182788,0.4773192491710416
02/07/2019 11:00,0.7915050059254647,0.3408054377182788,0.4773192491710416
02/07/2019 12:00,0.7915050059254647,0.3408054377182788,0.4773192491710416
02/07/2019 13:00,0.7915050059254647,0.3408054377182788,0.4773192491710416
02/07/2019 14:00,0.7915050059254647,0.3408054377182788,0.4773192491710416
02/07/2019 15:00,0.7915050059254647,0.3408054377182788,0.4773192491710416
02/07/2019 16:00,0.7915050059254647,0.3408054377182788,0.4773192491710416
02/07/2019 17:00,0.7915050059254647,0.3408054377182788,0.4773192491710416
02/07/2019 18:00,0.7915050059254647,0.3408054377182788,0.4773192491710416
02/07/2019 19:00,0.7915050059254647,0.3408054377182788,0.4773192491710416
02/07/2019 20:00,0.7915050059254647,0.3408054377182788,0.4773192491710416
02/07/2019 21:00,0.7915050059254647,0.3408054377182788,0.4773192491710416
02/07/2019 22:00,0.7915050059254647,0.3408054377182788,0.4773192491710416
02/07/2019 23:00,0.7915050059254647,0.3408054377182788,0.4773192491710416
03/07/2019 00:00,0.7915050059254647,0.3408054377182788,0.4773192491710416
03/07/2019 01:00,0.7915050059254647,0.3408054377182788,0.4773192491710416
03/07/2019 02:00,0.7915050059254647,0.3408054377182788,0.4773192491710416
03/07/2019 03:00,0.7915050059254647,0.3408054377182788,0.4773192491710416
03/07/2019 04:00,0.7915050059254647,0.3408054377182788,0.4773192491710416
03/07/2019 05:00,0.7915050059254647,0.3408054377182788,0.4773192491710416
03/07/2019 06:00,0.7915050059254647,0.3408054377182788,0.4773192491710416
03/07/2019 07:00,0.7915050059254647,0.3408054377182788,0.4773192491710416
03/07/2019 08:00,0.7915050059254647,0.3408054377182788,0.4773192491710416
03/07/2019 09:00,0.7915050059254647,0.3408054377182788,0.4773192491710416
03/07/2019 10:00,0.7915050059254647,0.3408054377182788,0.4773192491710416
03/07/2019 11:00,0.7915050059254647,0.3408054377182788,0.4773192491710416
03/07/2019 12:00,0.7915050059254647,0.3408054377182788,0.4773192491710416
03/07/2019 13:00,0.7915050059254647,0.3408054377182788,0.4773192491710416
03/07/2019 14:00,0.7915050059254647,0.3408054377182788,0.4773192491710416
03/07/2019 15:00,0.7915050059254647,0.3408054377182788,0.4773192491710416
03/07/2019 16:00,0.7915050059254647,0.3408054377182788,0.4773192491710416
03/07/2019 17:00,0.7915050059254647,0.3408054377182788,0.4773192491710416
03/07/2019 18:00,0.7915050059254647,0.3408054377182788,0.4773192491710416
03/07/2019 19:00,0.7915050059254647,0.3408054377182788,0.4773192491710416
03/07/2019 20:00,0.7915050059254647,0.3408054377182788,0.4773192491710416
03/07/2019 21:00,0.7915050059254647,0.3408054377182788,0.4773192491710416
03/07/2019 22:00,0.7915050059254647,0.3408054377182788,0.4773192491710416
03/07/2019 23:00,0.7915050059254647,0.3408054377182788,0.4773192491710416
04/07/2019 00:00,0.7915050059254647,0.3408054377182788,0.4773192491710416
04/07/2019 01:00,0.7915050059254647,0.3408054377182788,0.4773192491710416
04/07/2019 02:00,0.7915050059254647,0.3408054377182788,0.4773192491710416
04/07/2019 03:00,0.7915050059254647,0.3408054377182788,0.4773192491710416
04/07/2019 04:00,0.7915050059254647,0.3408054377182788,0.4773192491710416
04/07/2019 05:00,0.7915050059254647,0.3408054377182788,0.4773192491710416
04/07/2019 06:00,0.7915050059254647,0.3408054377182788,0.4773192491710416
04/07/2019 07:00,0.7915050059254647,0.3408054377182788,0.4773192491710416
04/07/2019 08:00,0.7915050059254647,0.3408054377182788,0.4773192491710416
04/07/2019 09:00,0.7915050059254647,0.3408054377182788,0.4773192491710416
04/07/2019 10:00,0.7915050059254647,0.3408054377182788,0.4773192491710416
04/07/2019 11:00,0.7915050059254647,0.3408054377182788,0.4773192491710416
04/07/2019 12:00,0.7915050059254647,0.3408054377182788,0.4773192491710416
04/07/2019 13:00,0.7915050059254647,0.3408054377182788,0.4773192491710416
04/07/2019 14:00,0.7915050059254647,0.3408054377182788,0.4773192491710416
04/07/2019 15:00,0.7915050059254647,0.3408054377182788,0.4773192491710416
04/07/2019 16:00,0.7915050059254647,0.3408054377182788,0.4773192491710416
04/07/2019 17:00,0.7915050059254647,0.3408054377182788,0.4773192491710416
04/07/2019 18:00,0.7915050059254647,0.3408054377182788,0.4773192491710416
04/07/2019 19:00,0.7915050059254647,0.3408054377182788,0.4773192491710416
04/07/2019 20:00,0.7915050059254647,0.3408054377182788,0.4773192491710416
04/07/2019 21:00,0.7915050059254647,0.3408054377182788,0.4773192491710416
04/07/2019 22:00,0.7915050059254647,0.3408054377182788,0.4773192491710416
04/07/2019 23:00,0.7915050059254647,0.3408054377182788,0.4773192491710416
05/07/2019 00:00,0.7915050059254647,0.3408054377182788,0.4773192491710416
05/07/2019 01:00,0.7915050059254647,0.3408054377182788,0.4773192491710416
05/07/2019 02:00,0.7915050059254647,0.3408054377182788,0.4773192491710416
05/07/2019 03:00,0.7915050059254647,0.3408054377182788,0.4773192491710416
05/07/2019 04:00,0.7915050059254647,0.3408054377182788,0.4773192491710416
05/07/2019 05:00,0.7915050059254647,0.3408054377182788,0.4773192491710416
05/07/2019 06:00,0.7915050059254647,0.3408054377182788,0.4773192491710416
05/07/2019 07:00,0.7915050059254647,0.3408054377182788,0.4773192491710416
05/07/2019 08:00,0.7915050059254647,0.3408054377182788,0.4773192491710416
05/07/2019 09:00,0.7915050059254647,0.3408054377182788,0.4773192491710416
05/07/2019 10:00,0.7915050059254647,0.3408054377182788,0.4773192491710416
05/07/2019 11:00,0.7915050059254647,0.3408054377182788,0.4773192491710416
05/07/2019 12:00,0.7915050059254647,0.3408054377182788,0.4773192491710416
05/07/2019 13:00,0.7915050059254647,0.3408054377182788,0.4773192491710416
05/07/2019 14:00,0.7915050059254647,0.3408054377182788,0.4773192491710416
05/07/2019 15:00,0.7915050059254647,0.3408054377182788,0.4773192491710416
05/07/2019 16:00,0.7915050059254647,0.3408054377182788,0.4773192491710416
05/07/2019 17:00,0.7915050059254647,0.3408054377182788,0.4773192491710416
05/07/2019 18:00,0.7915050059254647,0.3408054377182788,0.4773192491710416
05/07/2019 19:00,0.7915050059254647,0.3408054377182788,0.4773192491710416
05/07/2019 20:00,0.7915050059254647,0.3408054377182788,0.4773192491710416
05/07/2019 21:00,0.7915050059254647,0.3408054377182788,0.4773192491710416
05/07/2019 22:00,0.7915050059254647,0.3408054377182788,0.4773192491710416
05/07/2019 23:00,0.7915050059254647,0.3408054377182788,0.4773192491710416
06/07/2019 00:00,0.7915050059254647,0.3408054377182788,0.4773192491710416
06/07/2019 01:00,0.7915050059254647,0.3408054377182788,0.4773192491710416
06/07/2019 02:00,0.7915050059254647,0.3408054377182788,0.4773192491710416
06/07/2019 03:00,0.7915050059254647,0.3408054377182788,0.4773192491710416
06/07/2019 04:00,0.7915050059254647,0.3408054377182788,0.4773192491710416
06/07/2019 05:00,0.7915050059254647,0.3408054377182788,0.4773192491710416
06/07/2019 06:00,0.7915050059254647,0.3408054377182788,0.4773192491710416
06/07/2019 07:00,0.7915050059254647,0.3408054377182788,0.4773192491710416
06/07/2019 08:00,0.7915050059254647,0.3408054377182788,0.4773192491710416
06/07/2019 09:00,0.7915050059254647,0.3408054377182788,0.4773192491710416
06/07/2019 10:00,0.7915050059254647,0.3408054377182788,0.4773192491710416
06/07/2019 11:00,0.7915050059254647,0.3408054377182788,0.4773192491710416
06/07/2019 12:00,0.7915050059254647,0.3408054377182788,0.4773192491710416
06/07/2019 13:00,0.7915050059254647,0.3408054377182788,0.4773192491710416
06/07/2019 14:00,0.7915050059254647,0.3408054377182788,0.4773192491710416
06/07/2019 15:00,0.7915050059254647,0.3408054377182788,0.4773192491710416
06/07/2019 16:00,0.7915050059254647,0.3408054377182788,0.4773192491710416
06/07/2019 17:00,0.7915050059254647,0.3408054377182788,0.4773192491710416
06/07/2019 18:00,0.7915050059254647,0.3408054377182788,0.4773192491710416
06/07/2019 19:00,0.7915050059254647,0.3408054377182788,0.4773192491710416
06/07/2019 20:00,0.7915050059254647,0.3408054377182788,0.4773192491710416
06/07/2019 21:00,0.7915050059254647,0.3408054377182788,0.4773192491710416
06/07/2019 22:00,0.7915050059254647,0.3408054377182788,0.4773192491710416
06/07/2019 23:00,0.7915050059254647,0.3408054377182788,0.4773192491710416
07/07/2019 00:00,0.7915050059254647,0.3408054377182788,0.4773192491710416
07/07/2019 01:00,0.7915050059254647,0.3408054377182788,0.4773192491710416
07/07/2019 02:00,0.7915050059254647,0.3408054377182788,0.4773192491710416
07/07/2019 03:00,0.7915050059254647,0.3408054377182788,0.4773192491710416
07/07/2019 04:00,0.7915050059254647,0.3408054377182788,0.4773192491710416
07/07/2019 05:00,0.7915050059254647,0.3408054377182788,0.4773192491710416
07/07/2019 06:00,0.7915050059254647,0.3408054377182788,0.4773192491710416
07/07/2019 07:00,0.7915050059254647,0.3408054377182788,0.4773192491710416
07/07/2019 08:00,0.7915050059254647,0.3408054377182788,0.4773192491710416
07/07/2019 09:00,0.7915050059254647,0.3408054377182788,0.4773192491710416
07/07/2019 10:00,0.7915050059254647,0.3408054377182788,0.4773192491710416
07/07/2019 11:00,0.7915050059254647,0.3408054377182788,0.4773192491710416
07/07/2019 12:00,0.7915050059254647,0.3408054377182788,0.4773192491710416
07/07/2019 13:00,0.7915050059254647,0.3408054377182788,0.4773192491710416
07/07/2019 14:00,0.7915050059254647,0.3408054377182788,0.4773192491710416
07/07/2019 15:00,0.7915050059254647,0.3408054377182788,0.4773192491710416
07/07/2019 16:00,0.7915050059254647,0.3408054377182788,0.4773192491710416
07/07/2019 17:00,0.7915050059254647,0.3408054377182788,0.4773192491710416
07/07/2019 18:00,0.7915050059254647,0.3408054377182788,0.4773192491710416
07/07/2019 19:00,0.7915050059254647,0.3408054377182788,0.4773192491710416
07/07/2019 20:00,0.7915050059254647,0.3408054377182788,0.4773192491710416
07/07/2019 21:00,0.7915050059254647,0.3408054377182788,0.4773192491710416
07/07/2019 22:00,0.7915050059254647,0.3408054377182788,0.4773192491710416
07/07/2019 23:00,0.7915050059254647,0.3408054377182788,0.4773192491710416
08/07/2019 00:00,0.7915050059254647,0.3408054377182788,0.4773192491710416
08/07/2019 01:00,0.7915050059254647,0.3408054377182788,0.4773192491710416
08/07/2019 02:00,0.7915050059254647,0.3408054377182788,0.4773192491710416
08/07/2019 03:00,0.7915050059254647,0.3408054377182788,0.4773192491710416
08/07/2019 04:00,0.7915050059254647,0.3408054377182788,0.4773192491710416
08/07/2019 05:00,0.7915050059254647,0.3408054377182788,0.4773192491710416
08/07/2019 06:00,0.7915050059254647,0.3408054377182788,0.4773192491710416
08/07/2019 07:00,0.7915050059254647,0.3408054377182788,0.4773192491710416
08/07/2019 08:00,0.7915050059254647,0.3408054377182788,0.4773192491710416
08/07/2019 09:00,0.7915050059254647,0.3408054377182788,0.4773192491710416
08/07/2019 10:00,0.7915050059254647,0.3408054377182788,0.4773192491710416
08/07/2019 11:00,0.7915050059254647,0.3408054377182788,0.4773192491710416
08/07/2019 12:00,0.7915050059254647,0.3408054377182788,0.4773192491710416
08/07/2019 13:00,0.7915050059254647,0.3408054377182788,0.4773192491710416
08/07/2019 14:00,0.7915050059254647,0.3408054377182788,0.4773192491710416
08/07/2019 15:00,0.7915050059254647,0.3408054377182788,0.4773192491710416
08/07/2019 16:00,0.7915050059254647,0.3408054377182788,0.4773192491710416
08/07/2019 17:00,0.7915050059254647,0.3408054377182788,0.4773192491710416
08/07/2019 18:00,0.7915050059254647,0.3408054377182788,0.4773192491710416
08/07/2019 19:00,0.7915050059254647,0.3408054377182788,0.4773192491710416
08/07/2019 20:00,0.7915050059254647,0.3408054377182788,0.4773192491710416
08/07/2019 21:00,0.7915050059254647,0.3408054377182788,0.4773192491710416
08/07/2019 22:00,0.7915050059254647,0.3408054377182788,0.4773192491710416
08/07/2019 23:00,0.7915050059254647,0.3408054377182788,0.4773192491710416
09/07/2019 00:00,0.7915050059254647,0.3408054377182788,0.4773192491710416
09/07/2019 01:00,0.7915050059254647,0.3408054377182788,0.4773192491710416
09/07/2019 02:00,0.7915050059254647,0.3408054377182788,0.4773192491710416
09/07/2019 03:00,0.7915050059254647,0.3408054377182788,0.4773192491710416
09/07/2019 04:00,0.7915050059254647,0.3408054377182788,0.4773192491710416
09/07/2019 05:00,0.7915050059254647,0.3408054377182788,0.4773192491710416
09/07/2019 06:00,0.7915050059254647,0.3408054377182788,0.4773192491710416
09/07/2019 07:00,0.7915050059254647,0.3408054377182788,0.4773192491710416
09/07/2019 08:00,0.7915050059254647,0.3408054377182788,0.4773192491710416
09/07/2019 09:00,0.7915050059254647,0.3408054377182788,0.4773192491710416
09/07/2019 10:00,0.7915050059254647,0.3408054377182788,0.4773192491710416
09/07/2019 11:00,0.7915050059254647,0.3408054377182788,0.4773192491710416
09/07/2019 12:00,0.7915050059254647,0.3408054377182788,0.4773192491710416
09/07/2019 13:00,0.7915050059254647,0.3408054377182788,0.4773192491710416
09/07/2019 14:00,0.7915050059254647,0.3408054377182788,0.4773192491710416
09/07/2019 15:00,0.7915050059254647,0.3408054377182788,0.4773192491710416
09/07/2019 16:00,0.7915050059254647,0.3408054377182788,0.4773192491710416
09/07/2019 17:00,0.7915050059254647,0.3408054377182788,0.4773192491710416
09/07/2019 18:00,0.7915050059254647,0.3408054377182788,0.4773192491710416
09/07/2019 19:00,0.7915050059254647,0.3408054377182788,0.4773192491710416
09/07/2019 20:00,0.7915050059254647,0.3408054377182788,0.4773192491710416
09/07/2019 21:00,0.7915050059254647,0.3408054377182788,0.4773192491710416
09/07/2019 22:00,0.7915050059254647,0.3408054377182788,0.4773192491710416
09/07/2019 23:00,0.7915050059254647,0.3408054377182788,0.4773192491710416
10/07/2019 00:00,0.7915050059254647,0.3408054377182788,0.4773192491710416
10/07/2019 01:00,0.7915050059254647,0.3408054377182788,0.4773192491710416
10/07/2019 02:00,0.7915050059254647,0.3408054377182788,0.4773192491710416
10/07/2019 03:00,0.7915050059254647,0.3408054377182788,0.4773192491710416
10/07/2019 04:00,0.7915050059254647,0.3408054377182788,0.4773192491710416
10/07/2019 05:00,0.7915050059254647,0.3408054377182788,0.4773192491710416
10/07/2019 06:00,0.7915050059254647,0.3408054377182788,0.4773192491710416
10/07/2019 07:00,0.7915050059254647,0.3408054377182788,0.4773192491710416
10/07/2019 08:00,0.7915050059254647,0.3408054377182788,0.4773192491710416
10/07/2019 09:00,0.7915050059254647,0.3408054377182788,0.4773192491710416
10/07/2019 10:00,0.7915050059254647,0.3408054377182788,0.4773192491710416
10/07/2019 11:00,0.7915050059254647,0.3408054377182788,0.4773192491710416
10/07/2019 12:00,0.7915050059254647,0.3408054377182788,0.4773192491710416
10/07/2019 13:00,0.7915050059254647,0.3408054377182788,0.4773192491710416
10/07/2019 14:00,0.7915050059254647,0.3408054377182788,0.4773192491710416
10/07/2019 15:00,0.7915050059254647,0.3408054377182788,0.4773192491710416
10/07/2019 16:00,0.7915050059254647,0.3408054377182788,0.4773192491710416
10/07/2019 17:00,0.7915050059254647,0.3408054377182788,0.4773192491710416
10/07/2019 18:00,0.7915050059254647,0.3408054377182788,0.4773192491710416
10/07/2019 19:00,0.7915050059254647,0.3408054377182788,0.4773192491710416
10/07/2019 20:00,0.7915050059254647,0.3408054377182788,0.4773192491710416
10/07/2019 21:00,0.7915050059254647,0.3408054377182788,0.4773192491710416
10/07/2019 22:00,0.7915050059254647,0.3408054377182788,0.4773192491710416
10/07/2019 23:00,0.7915050059254647,0.3408054377182788,0.4773192491710416
11/07/2019 00:00,0.7915050059254647,0.3408054377182788,0.4773192491710416
11/07/2019 01:00,0.7915050059254647,0.3408054377182788,0.4773192491710416
11/07/2019 02:00,0.7915050059254647,0.3408054377182788,0.4773192491710416
11/07/2019 03:00,0.7915050059254647,0.3408054377182788,0.4773192491710416
11/07/2019 04:00,0.7915050059254647,0.3408054377182788,0.4773192491710416
11/07/2019 05:00,0.7915050059254647,0.3408054377182788,0.4773192491710416
11/07/2019 06:00,0.7915050059254647,0.3408054377182788,0.4773192491710416
11/07/2019 07:00,0.7915050059254647,0.3408054377182788,0.4773192491710416
11/07/2019 08:00,0.7915050059254647,0.3408054377182788,0.4773192491710416
11/07/2019 09:00,0.7915050059254647,0.3408054377182788,0.4773192491710416
11/07/2019 10:00,0.7915050059254647,0.3408054377182788,0.4773192491710416
11/07/2019 11:00,0.7915050059254647,0.3408054377182788,0.4773192491710416
11/07/2019 12:00,0.7915050059254647,0.3408054377182788,0.4773192491710416
11/07/2019 13:00,0.7915050059254647,0.3408054377182788,0.4773192491710416
11/07/2019 14:00,0.7915050059254647,0.3408054377182788,0.4773192491710416
11/07/2019 15:00,0.7915050059254647,0.3408054377182788,0.4773192491710416
11/07/2019 16:00,0.7915050059254647,0.3408054377182788,0.4773192491710416
11/07/2019 17:00,0.7915050059254647,0.3408054377182788,0.4773192491710416
11/07/2019 18:00,0.7915050059254647,0.3408054377182788,0.4773192491710416
11/07/2019 19:00,0.7915050059254647,0.3408054377182788,0.4773192491710416
11/07/2019 20:00,0.7915050059254647,0.3408054377182788,0.4773192491710416
11/07/2019 21:00,0.7915050059254647,0.3408054377182788,0.4773192491710416
11/07/2019 22:00,0.7915050059254647,0.3408054377182788,0.4773192491710416
11/07/2019 23:00,0.7915050059254647,0.3408054377182788,0.4773192491710416
12/07/2019 00:00,0.7915050059254647,0.3408054377182788,0.4773192491710416
12/07/2019 01:00,0.7915050059254647,0.3408054377182788,0.4773192491710416
12/07/2019 02:00,0.7915050059254647,0.3408054377182788,0.4773192491710416
12/07/2019 03:00,0.7915050059254647,0.3408054377182788,0.4773192491710416
12/07/2019 04:00,0.7915050059254647,0.3408054377182788,0.4773192491710416
12/07/2019 05:00,0.7915050059254647,0.3408054377182788,0.4773192491710416
12/07/2019 06:00,0.7915050059254647,0.3408054377182788,0.4773192491710416
12/07/2019 07:00,0.7915050059254647,0.3408054377182788,0.4773192491710416
12/07/2019 08:00,0.7915050059254647,0.3408054377182788,0.4773192491710416
12/07/2019 09:00,0.7915050059254647,0.3408054377182788,0.4773192491710416
12/07/2019 10:00,0.7915050059254647,0.3408054377182788,0.4773192491710416
12/07/2019 11:00,0.7915050059254647,0.3408054377182788,0.4773192491710416
12/07/2019 12:00,0.7915050059254647,0.3408054377182788,0.4773192491710416
12/07/2019 13:00,0.7915050059254647,0.3408054377182788,0.4773192491710416
12/07/2019 14:00,0.7915050059254647,0.3408054377182788,0.4773192491710416
12/07/2019 15:00,0.7915050059254647,0.3408054377182788,0.4773192491710416
12/07/2019 16:00,0.7915050059254647,0.3408054377182788,0.4773192491710416
12/07/2019 17:00,0.7915050059254647,0.3408054377182788,0.4773192491710416
12/07/2019 18:00,0.7915050059254647,0.3408054377182788,0.4773192491710416
12/07/2019 19:00,0.7915050059254647,0.3408054377182788,0.4773192491710416
12/07/2019 20:00,0.7915050059254647,0.3408054377182788,0.4773192491710416
12/07/2019 21:00,0.7915050059254647,0.3408054377182788,0.4773192491710416
12/07/2019 22:00,0.7915050059254647,0.3408054377182788,0.4773192491710416
12/07/2019 23:00,0.7915050059254647,0.3408054377182788,0.4773192491710416
13/07/2019 00:00,0.7915050059254647,0.3408054377182788,0.4773192491710416
13/07/2019 01:00,0.7915050059254647,0.3408054377182788,0.4773192491710416
13/07/2019 02:00,0.7915050059254647,0.3408054377182788,0.4773192491710416
13/07/2019 03:00,0.7915050059254647,0.3408054377182788,0.4773192491710416
13/07/2019 04:00,0.7915050059254647,0.3408054377182788,0.4773192491710416
13/07/2019 05:00,0.7915050059254647,0.3408054377182788,0.4773192491710416
13/07/2019 06:00,0.7915050059254647,0.3408054377182788,0.4773192491710416
13/07/2019 07:00,0.7915050059254647,0.3408054377182788,0.4773192491710416
13/07/2019 08:00,0.7915050059254647,0.3408054377182788,0.4773192491710416
13/07/2019 09:00,0.7915050059254647,0.3408054377182788,0.4773192491710416
13/07/2019 10:00,0.7915050059254647,0.3408054377182788,0.4773192491710416
13/07/2019 11:00,0.7915050059254647,0.3408054377182788,0.4773192491710416
13/07/2019 12:00,0.7915050059254647,0.3408054377182788,0.4773192491710416
13/07/2019 13:00,0.7915050059254647,0.3408054377182788,0.4773192491710416
13/07/2019 14:00,0.7915050059254647,0.3408054377182788,0.4773192491710416
13/07/2019 15:00,0.7915050059254647,0.3408054377182788,0.4773192491710416
13/07/2019 16:00,0.7915050059254647,0.3408054377182788,0.4773192491710416
13/07/2019 17:00,0.7915050059254647,0.3408054377182788,0.4773192491710416
13/07/2019 18:00,0.7915050059254647,0.3408054377182788,0.4773192491710416
13/07/2019 19:00,0.7915050059254647,0.3408054377182788,0.4773192491710416
13/07/2019 20:00,0.7915050059254647,0.3408054377182788,0.4773192491710416
13/07/2019 21:00,0.7915050059254647,0.3408054377182788,0.4773192491710416
13/07/2019 22:00,0.7915050059254647,0.3408054377182788,0.4773192491710416
13/07/2019 23:00,0.7915050059254647,0.3408054377182788,0.4773192491710416
14/07/2019 00:00,0.7915050059254647,0.3408054377182788,0.4773192491710416
14/07/2019 01:00,0.7915050059254647,0.3408054377182788,0.4773192491710416
14/07/2019 02:00,0.7915050059254647,0.3408054377182788,0.4773192491710416
14/07/2019 03:00,0.7915050059254647,0.3408054377182788,0.4773192491710416
14/07/2019 04:00,0.7915050059254647,0.3408054377182788,0.4773192491710416
14/07/2019 05:00,0.7915050059254647,0.3408054377182788,0.4773192491710416
14/07/2019 06:00,0.7915050059254647,0.3408054377182788,0.4773192491710416
14/07/2019 07:00,0.7915050059254647,0.3408054377182788,0.4773192491710416
14/07/2019 08:00,0.7915050059254647,0.3408054377182788,0.4773192491710416
14/07/2019 09:00,0.7915050059254647,0.3408054377182788,0.4773192491710416
14/07/2019 10:00,0.7915050059254647,0.3408054377182788,0.4773192491710416
14/07/2019 11:00,0.7915050059254647,0.3408054377182788,0.4773192491710416
14/07/2019 12:00,0.7915050059254647,0.3408054377182788,0.4773192491710416
14/07/2019 13:00,0.7915050059254647,0.3408054377182788,0.4773192491710416
14/07/2019 14:00,0.7915050059254647,0.3408054377182788,0.4773192491710416
14/07/2019 15:00,0.7915050059254647,0.3408054377182788,0.4773192491710416
14/07/2019 16:00,0.7915050059254647,0.3408054377182788,0.4773192491710416
14/07/2019 17:00,0.7915050059254647,0.3408054377182788,0.4773192491710416
14/07/2019 18:00,0.7915050059254647,0.3408054377182788,0.4773192491710416
14/07/2019 19:00,0.7915050059254647,0.3408054377182788,0.4773192491710416
14/07/2019 20:00,0.7915050059254647,0.3408054377182788,0.4773192491710416
14/07/2019 21:00,0.7915050059254647,0.3408054377182788,0.4773192491710416
14/07/2019 22:00,0.7915050059254647,0.3408054377182788,0.4773192491710416
14/07/2019 23:00,0.7915050059254647,0.3408054377182788,0.4773192491710416
15/07/2019 00:00,0.7915050059254647,0.3408054377182788,0.4773192491710416
15/07/2019 01:00,0.7915050059254647,0.3408054377182788,0.4773192491710416
15/07/2019 02:00,0.7915050059254647,0.3408054377182788,0.4773192491710416
15/07/2019 03:00,0.7915050059254647,0.3408054377182788,0.4773192491710416
15/07/2019 04:00,0.7915050059254647,0.3408054377182788,0.4773192491710416
15/07/2019 05:00,0.7915050059254647,0.3408054377182788,0.4773192491710416
15/07/2019 06:00,0.7915050059254647,0.3408054377182788,0.4773192491710416
15/07/2019 07:00,0.7915050059254647,0.3408054377182788,0.4773192491710416
15/07/2019 08:00,0.7915050059254647,0.3408054377182788,0.4773192491710416
15/07/2019 09:00,0.7915050059254647,0.3408054377182788,0.4773192491710416
15/07/2019 10:00,0.7915050059254647,0.3408054377182788,0.4773192491710416
15/07/2019 11:00,0.7915050059254647,0.3408054377182788,0.4773192491710416
15/07/2019 12:00,0.7915050059254647,0.3408054377182788,0.4773192491710416
15/07/2019 13:00,0.7915050059254647,0.3408054377182788,0.4773192491710416
15/07/2019 14:00,0.7915050059254647,0.3408054377182788,0.4773192491710416
15/07/2019 15:00,0.7915050059254647,0.3408054377182788,0.4773192491710416
15/07/2019 16:00,0.7915050059254647,0.3408054377182788,0.4773192491710416
15/07/2019 17:00,0.7915050059254647,0.3408054377182788,0.4773192491710416
15/07/2019 18:00,0.7915050059254647,0.3408054377182788,0.4773192491710416
15/07/2019 19:00,0.7915050059254647,0.3408054377182788,0.4773192491710416
15/07/2019 20:00,0.7915050059254647,0.3408054377182788,0.4773192491710416
15/07/2019 21:00,0.7915050059254647,0.3408054377182788,0.4773192491710416
15/07/2019 22:00,0.7915050059254647,0.3408054377182788,0.4773192491710416
15/07/2019 23:00,0.7915050059254647,0.3408054377182788,0.4773192491710416
16/07/2019 00:00,0.7915050059254647,0.3408054377182788,0.4773192491710416
16/07/2019 01:00,0.7915050059254647,0.3408054377182788,0.4773192491710416
16/07/2019 02:00,0.7915050059254647,0.3408054377182788,0.4773192491710416
16/07/2019 03:00,0.7915050059254647,0.3408054377182788,0.4773192491710416
16/07/2019 04:00,0.7915050059254647,0.3408054377182788,0.4773192491710416
16/07/2019 05:00,0.7915050059254647,0.3408054377182788,0.4773192491710416
16/07/2019 06:00,0.7915050059254647,0.3408054377182788,0.4773192491710416
16/07/2019 07:00,0.7915050059254647,0.3408054377182788,0.4773192491710416
16/07/2019 08:00,0.7915050059254647,0.3408054377182788,0.4773192491710416
16/07/2019 09:00,0.7915050059254647,0.3408054377182788,0.4773192491710416
16/07/2019 10:00,0.7915050059254647,0.3408054377182788,0.4773192491710416
16/07/2019 11:00,0.7915050059254647,0.3408054377182788,0.4773192491710416
16/07/2019 12:00,0.7915050059254647,0.3408054377182788,0.4773192491710416
16/07/2019 13:00,0.7915050059254647,0.3408054377182788,0.4773192491710416
16/07/2019 14:00,0.7915050059254647,0.3408054377182788,0.4773192491710416
16/07/2019 15:00,0.7915050059254647,0.3408054377182788,0.4773192491710416
16/07/2019 16:00,0.7915050059254647,0.3408054377182788,0.4773192491710416
16/07/2019 17:00,0.7915050059254647,0.3408054377182788,0.4773192491710416
16/07/2019 18:00,0.7915050059254647,0.3408054377182788,0.4773192491710416
16/07/2019 19:00,0.7915050059254647,0.3408054377182788,0.4773192491710416
16/07/2019 20:00,0.7915050059254647,0.3408054377182788,0.4773192491710416
16/07/2019 21:00,0.7915050059254647,0.3408054377182788,0.4773192491710416
16/07/2019 22:00,0.7915050059254647,0.3408054377182788,0.4773192491710416
16/07/2019 23:00,0.7915050059254647,0.3408054377182788,0.4773192491710416
17/07/2019 00:00,0.7915050059254647,0.3408054377182788,0.4773192491710416
17/07/2019 01:00,0.7915050059254647,0.3408054377182788,0.4773192491710416
17/07/2019 02:00,0.7915050059254647,0.3408054377182788,0.4773192491710416
17/07/2019 03:00,0.7915050059254647,0.3408054377182788,0.4773192491710416
17/07/2019 04:00,0.7915050059254647,0.3408054377182788,0.4773192491710416
17/07/2019 05:00,0.7915050059254647,0.3408054377182788,0.4773192491710416
17/07/2019 06:00,0.7915050059254647,0.3408054377182788,0.4773192491710416
17/07/2019 07:00,0.7915050059254647,0.3408054377182788,0.4773192491710416
17/07/2019 08:00,0.7915050059254647,0.3408054377182788,0.4773192491710416
17/07/2019 09:00,0.7915050059254647,0.3408054377182788,0.4773192491710416
17/07/2019 10:00,0.7915050059254647,0.3408054377182788,0.4773192491710416
17/07/2019 11:00,0.7915050059254647,0.3408054377182788,0.4773192491710416
17/07/2019 12:00,0.7915050059254647,0.3408054377182788,0.4773192491710416
17/07/2019 13:00,0.7915050059254647,0.3408054377182788,0.4773192491710416
17/07/2019 14:00,0.7915050059254647,0.3408054377182788,0.4773192491710416
17/07/2019 15:00,0.7915050059254647,0.3408054377182788,0.4773192491710416
17/07/2019 16:00,0.7915050059254647,0.3408054377182788,0.4773192491710416
17/07/2019 17:00,0.7915050059254647,0.3408054377182788,0.4773192491710416
17/07/2019 18:00,0.7915050059254647,0.3408054377182788,0.4773192491710416
17/07/2019 19:00,0.7915050059254647,0.3408054377182788,0.4773192491710416
17/07/2019 20:00,0.7915050059254647,0.3408054377182788,0.4773192491710416
17/07/2019 21:00,0.7915050059254647,0.3408054377182788,0.4773192491710416
17/07/2019 22:00,0.7915050059254647,0.3408054377182788,0.4773192491710416
17/07/2019 23:00,0.7915050059254647,0.3408054377182788,0.4773192491710416
18/07/2019 00:00,0.7915050059254647,0.3408054377182788,0.4773192491710416
18/07/2019 01:00,0.7915050059254647,0.3408054377182788,0.4773192491710416
18/07/2019 02:00,0.7915050059254647,0.3408054377182788,0.4773192491710416
18/07/2019 03:00,0.7915050059254647,0.3408054377182788,0.4773192491710416
18/07/2019 04:00,0.7915050059254647,0.3408054377182788,0.4773192491710416
18/07/2019 05:00,0.7915050059254647,0.3408054377182788,0.4773192491710416
18/07/2019 06:00,0.7915050059254647,0.3408054377182788,0.4773192491710416
18/07/2019 07:00,0.7915050059254647,0.3408054377182788,0.4773192491710416
18/07/2019 08:00,0.7915050059254647,0.3408054377182788,0.4773192491710416
18/07/2019 09:00,0.7915050059254647,0.3408054377182788,0.4773192491710416
18/07/2019 10:00,0.7915050059254647,0.3408054377182788,0.4773192491710416
18/07/2019 11:00,0.7915050059254647,0.3408054377182788,0.4773192491710416
18/07/2019 12:00,0.7915050059254647,0.3408054377182788,0.4773192491710416
18/07/2019 13:00,0.7915050059254647,0.3408054377182788,0.4773192491710416
18/07/2019 14:00,0.7915050059254647,0.3408054377182788,0.4773192491710416
18/07/2019 15:00,0.7915050059254647,0.3408054377182788,0.4773192491710416
18/07/2019 16:00,0.7915050059254647,0.3408054377182788,0.4773192491710416
18/07/2019 17:00,0.7915050059254647,0.3408054377182788,0.4773192491710416
18/07/2019 18:00,0.7915050059254647,0.3408054377182788,0.4773192491710416
18/07/2019 19:00,0.7915050059254647,0.3408054377182788,0.4773192491710416
18/07/2019 20:00,0.7915050059254647,0.3408054377182788,0.4773192491710416
18/07/2019 21:00,0.7915050059254647,0.3408054377182788,0.4773192491710416
18/07/2019 22:00,0.7915050059254647,0.3408054377182788,0.4773192491710416
18/07/2019 23:00,0.7915050059254647,0.3408054377182788,0.4773192491710416
19/07/2019 00:00,0.7915050059254647,0.3408054377182788,0.4773192491710416
19/07/2019 01:00,0.7915050059254647,0.3408054377182788,0.4773192491710416
19/07/2019 02:00,0.7915050059254647,0.3408054377182788,0.4773192491710416
19/07/2019 03:00,0.7915050059254647,0.3408054377182788,0.4773192491710416
19/07/2019 04:00,0.7915050059254647,0.3408054377182788,0.4773192491710416
19/07/2019 05:00,0.7915050059254647,0.3408054377182788,0.4773192491710416
19/07/2019 06:00,0.7915050059254647,0.3408054377182788,0.4773192491710416
19/07/2019 07:00,0.7915050059254647,0.3408054377182788,0.4773192491710416
19/07/2019 08:00,0.7915050059254647,0.3408054377182788,0.4773192491710416
19/07/2019 09:00,0.7915050059254647,0.3408054377182788,0.4773192491710416
19/07/2019 10:00,0.7915050059254647,0.3408054377182788,0.4773192491710416
19/07/2019 11:00,0.7915050059254647,0.3408054377182788,0.4773192491710416
19/07/2019 12:00,0.7915050059254647,0.3408054377182788,0.4773192491710416
19/07/2019 13:00,0.7915050059254647,0.3408054377182788,0.4773192491710416
19/07/2019 14:00,0.7915050059254647,0.3408054377182788,0.4773192491710416
19/07/2019 15:00,0.7915050059254647,0.3408054377182788,0.4773192491710416
19/07/2019 16:00,0.7915050059254647,0.3408054377182788,0.4773192491710416
19/07/2019 17:00,0.7915050059254647,0.3408054377182788,0.4773192491710416
19/07/2019 18:00,0.7915050059254647,0.3408054377182788,0.4773192491710416
19/07/2019 19:00,0.7915050059254647,0.3408054377182788,0.4773192491710416
19/07/2019 20:00,0.7915050059254647,0.3408054377182788,0.4773192491710416
19/07/2019 21:00,0.7915050059254647,0.3408054377182788,0.4773192491710416
19/07/2019 22:00,0.7915050059254647,0.3408054377182788,0.4773192491710416
19/07/2019 23:00,0.7915050059254647,0.3408054377182788,0.4773192491710416
20/07/2019 00:00,0.7915050059254647,0.3408054377182788,0.4773192491710416
20/07/2019 01:00,0.7915050059254647,0.3408054377182788,0.4773192491710416
20/07/2019 02:00,0.7915050059254647,0.3408054377182788,0.4773192491710416
20/07/2019 03:00,0.7915050059254647,0.3408054377182788,0.4773192491710416
20/07/2019 04:00,0.7915050059254647,0.3408054377182788,0.4773192491710416
20/07/2019 05:00,0.7915050059254647,0.3408054377182788,0.4773192491710416
20/07/2019 06:00,0.7915050059254647,0.3408054377182788,0.4773192491710416
20/07/2019 07:00,0.7915050059254647,0.3408054377182788,0.4773192491710416
20/07/2019 08:00,0.7915050059254647,0.3408054377182788,0.4773192491710416
20/07/2019 09:00,0.7915050059254647,0.3408054377182788,0.4773192491710416
20/07/2019 10:00,0.7915050059254647,0.3408054377182788,0.4773192491710416
20/07/2019 11:00,0.7915050059254647,0.3408054377182788,0.4773192491710416
20/07/2019 12:00,0.7915050059254647,0.3408054377182788,0.4773192491710416
20/07/2019 13:00,0.7915050059254647,0.3408054377182788,0.4773192491710416
20/07/2019 14:00,0.7915050059254647,0.3408054377182788,0.4773192491710416
20/07/2019 15:00,0.7915050059254647,0.3408054377182788,0.4773192491710416
20/07/2019 16:00,0.7915050059254647,0.3408054377182788,0.4773192491710416
20/07/2019 17:00,0.7915050059254647,0.3408054377182788,0.4773192491710416
20/07/2019 18:00,0.7915050059254647,0.3408054377182788,0.4773192491710416
20/07/2019 19:00,0.7915050059254647,0.3408054377182788,0.4773192491710416
20/07/2019 20:00,0.7915050059254647,0.3408054377182788,0.4773192491710416
20/07/2019 21:00,0.7915050059254647,0.3408054377182788,0.4773192491710416
20/07/2019 22:00,0.7915050059254647,0.3408054377182788,0.4773192491710416
20/07/2019 23:00,0.7915050059254647,0.3408054377182788,0.4773192491710416
21/07/2019 00:00,0.7915050059254647,0.3408054377182788,0.4773192491710416
21/07/2019 01:00,0.7915050059254647,0.3408054377182788,0.4773192491710416
21/07/2019 02:00,0.7915050059254647,0.3408054377182788,0.4773192491710416
21/07/2019 03:00,0.7915050059254647,0.3408054377182788,0.4773192491710416
21/07/2019 04:00,0.7915050059254647,0.3408054377182788,0.4773192491710416
21/07/2019 05:00,0.7915050059254647,0.3408054377182788,0.4773192491710416
21/07/2019 06:00,0.7915050059254647,0.3408054377182788,0.4773192491710416
21/07/2019 07:00,0.7915050059254647,0.3408054377182788,0.4773192491710416
21/07/2019 08:00,0.7915050059254647,0.3408054377182788,0.4773192491710416
21/07/2019 09:00,0.7915050059254647,0.3408054377182788,0.4773192491710416
21/07/2019 10:00,0.7915050059254647,0.3408054377182788,0.4773192491710416
21/07/2019 11:00,0.7915050059254647,0.3408054377182788,0.4773192491710416
21/07/2019 12:00,0.7915050059254647,0.3408054377182788,0.4773192491710416
21/07/2019 13:00,0.7915050059254647,0.3408054377182788,0.4773192491710416
21/07/2019 14:00,0.7915050059254647,0.3408054377182788,0.4773192491710416
21/07/2019 15:00,0.7915050059254647,0.3408054377182788,0.4773192491710416
21/07/2019 16:00,0.7915050059254647,0.3408054377182788,0.4773192491710416
21/07/2019 17:00,0.7915050059254647,0.3408054377182788,0.4773192491710416
21/07/2019 18:00,0.7915050059254647,0.3408054377182788,0.4773192491710416
21/07/2019 19:00,0.7915050059254647,0.3408054377182788,0.4773192491710416
21/07/2019 20:00,0.7915050059254647,0.3408054377182788,0.4773192491710416
21/07/2019 21:00,0.7915050059254647,0.3408054377182788,0.4773192491710416
21/07/2019 22:00,0.7915050059254647,0.3408054377182788,0.4773192491710416
21/07/2019 23:00,0.7915050059254647,0.3408054377182788,0.4773192491710416
22/07/2019 00:00,0.7915050059254647,0.3408054377182788,0.4773192491710416
22/07/2019 01:00,0.7915050059254647,0.3408054377182788,0.4773192491710416
22/07/2019 02:00,0.7915050059254647,0.3408054377182788,0.4773192491710416
22/07/2019 03:00,0.7915050059254647,0.3408054377182788,0.4773192491710416
22/07/2019 04:00,0.7915050059254647,0.3408054377182788,0.4773192491710416
22/07/2019 05:00,0.7915050059254647,0.3408054377182788,0.4773192491710416
22/07/2019 06:00,0.7915050059254647,0.3408054377182788,0.4773192491710416
22/07/2019 07:00,0.7915050059254647,0.3408054377182788,0.4773192491710416
22/07/2019 08:00,0.7915050059254647,0.3408054377182788,0.4773192491710416
22/07/2019 09:00,0.7915050059254647,0.3408054377182788,0.4773192491710416
22/07/2019 10:00,0.7915050059254647,0.3408054377182788,0.4773192491710416
22/07/2019 11:00,0.7915050059254647,0.3408054377182788,0.4773192491710416
22/07/2019 12:00,0.7915050059254647,0.3408054377182788,0.4773192491710416
22/07/2019 13:00,0.7915050059254647,0.3408054377182788,0.4773192491710416
22/07/2019 14:00,0.7915050059254647,0.3408054377182788,0.4773192491710416
22/07/2019 15:00,0.7915050059254647,0.3408054377182788,0.4773192491710416
22/07/2019 16:00,0.7915050059254647,0.3408054377182788,0.4773192491710416
22/07/2019 17:00,0.7915050059254647,0.3408054377182788,0.4773192491710416
22/07/2019 18:00,0.7915050059254647,0.3408054377182788,0.4773192491710416
22/07/2019 19:00,0.7915050059254647,0.3408054377182788,0.4773192491710416
22/07/2019 20:00,0.7915050059254647,0.3408054377182788,0.4773192491710416
22/07/2019 21:00,0.7915050059254647,0.3408054377182788,0.4773192491710416
22/07/2019 22:00,0.7915050059254647,0.3408054377182788,0.4773192491710416
22/07/2019 23:00,0.7915050059254647,0.3408054377182788,0.4773192491710416
23/07/2019 00:00,0.7915050059254647,0.3408054377182788,0.4773192491710416
23/07/2019 01:00,0.7915050059254647,0.3408054377182788,0.4773192491710416
23/07/2019 02:00,0.7915050059254647,0.3408054377182788,0.4773192491710416
23/07/2019 03:00,0.7915050059254647,0.3408054377182788,0.4773192491710416
23/07/2019 04:00,0.7915050059254647,0.3408054377182788,0.4773192491710416
23/07/2019 05:00,0.7915050059254647,0.3408054377182788,0.4773192491710416
23/07/2019 06:00,0.7915050059254647,0.3408054377182788,0.4773192491710416
23/07/2019 07:00,0.7915050059254647,0.3408054377182788,0.4773192491710416
23/07/2019 08:00,0.7915050059254647,0.3408054377182788,0.4773192491710416
23/07/2019 09:00,0.7915050059254647,0.3408054377182788,0.4773192491710416
23/07/2019 10:00,0.7915050059254647,0.3408054377182788,0.4773192491710416
23/07/2019 11:00,0.7915050059254647,0.3408054377182788,0.4773192491710416
23/07/2019 12:00,0.7915050059254647,0.3408054377182788,0.4773192491710416
23/07/2019 13:00,0.7915050059254647,0.3408054377182788,0.4773192491710416
23/07/2019 14:00,0.7915050059254647,0.3408054377182788,0.4773192491710416
23/07/2019 15:00,0.7915050059254647,0.3408054377182788,0.4773192491710416
23/07/2019 16:00,0.7915050059254647,0.3408054377182788,0.4773192491710416
23/07/2019 17:00,0.7915050059254647,0.3408054377182788,0.4773192491710416
23/07/2019 18:00,0.7915050059254647,0.3408054377182788,0.4773192491710416
23/07/2019 19:00,0.7915050059254647,0.3408054377182788,0.4773192491710416
23/07/2019 20:00,0.7915050059254647,0.3408054377182788,0.4773192491710416
23/07/2019 21:00,0.7915050059254647,0.3408054377182788,0.4773192491710416
23/07/2019 22:00,0.7915050059254647,0.3408054377182788,0.4773192491710416
23/07/2019 23:00,0.7915050059254647,0.3408054377182788,0.4773192491710416
24/07/2019 00:00,0.7915050059254647,0.3408054377182788,0.4773192491710416
24/07/2019 01:00,0.7915050059254647,0.3408054377182788,0.4773192491710416
24/07/2019 02:00,0.7915050059254647,0.3408054377182788,0.4773192491710416
24/07/2019 03:00,0.7915050059254647,0.3408054377182788,0.4773192491710416
24/07/2019 04:00,0.7915050059254647,0.3408054377182788,0.4773192491710416
24/07/2019 05:00,0.7915050059254647,0.3408054377182788,0.4773192491710416
24/07/2019 06:00,0.7915050059254647,0.3408054377182788,0.4773192491710416
24/07/2019 07:00,0.7915050059254647,0.3408054377182788,0.4773192491710416
24/07/2019 08:00,0.7915050059254647,0.3408054377182788,0.4773192491710416
24/07/2019 09:00,0.7915050059254647,0.3408054377182788,0.4773192491710416
24/07/2019 10:00,0.7915050059254647,0.3408054377182788,0.4773192491710416
24/07/2019 11:00,0.7915050059254647,0.3408054377182788,0.4773192491710416
24/07/2019 12:00,0.7915050059254647,0.3408054377182788,0.4773192491710416
24/07/2019 13:00,0.7915050059254647,0.3408054377182788,0.4773192491710416
24/07/2019 14:00,0.7915050059254647,0.3408054377182788,0.4773192491710416
24/07/2019 15:00,0.7915050059254647,0.3408054377182788,0.4773192491710416
24/07/2019 16:00,0.7915050059254647,0.3408054377182788,0.4773192491710416
24/07/2019 17:00,0.7915050059254647,0.3408054377182788,0.4773192491710416
24/07/2019 18:00,0.7915050059254647,0.3408054377182788,0.4773192491710416
24/07/2019 19:00,0.7915050059254647,0.3408054377182788,0.4773192491710416
24/07/2019 20:00,0.7915050059254647,0.3408054377182788,0.4773192491710416
24/07/2019 21:00,0.7915050059254647,0.3408054377182788,0.4773192491710416
24/07/2019 22:00,0.7915050059254647,0.3408054377182788,0.4773192491710416
24/07/2019 23:00,0.7915050059254647,0.3408054377182788,0.4773192491710416
25/07/2019 00:00,0.7915050059254647,0.3408054377182788,0.4773192491710416
25/07/2019 01:00,0.7915050059254647,0.3408054377182788,0.4773192491710416
25/07/2019 02:00,0.7915050059254647,0.3408054377182788,0.4773192491710416
25/07/2019 03:00,0.7915050059254647,0.3408054377182788,0.4773192491710416
25/07/2019 04:00,0.7915050059254647,0.3408054377182788,0.4773192491710416
25/07/2019 05:00,0.7915050059254647,0.3408054377182788,0.4773192491710416
25/07/2019 06:00,0.7915050059254647,0.3408054377182788,0.4773192491710416
25/07/2019 07:00,0.7915050059254647,0.3408054377182788,0.4773192491710416
25/07/2019 08:00,0.7915050059254647,0.3408054377182788,0.4773192491710416
25/07/2019 09:00,0.7915050059254647,0.3408054377182788,0.4773192491710416
25/07/2019 10:00,0.7915050059254647,0.3408054377182788,0.4773192491710416
25/07/2019 11:00,0.7915050059254647,0.3408054377182788,0.4773192491710416
25/07/2019 12:00,0.7915050059254647,0.3408054377182788,0.4773192491710416
25/07/2019 13:00,0.7915050059254647,0.3408054377182788,0.4773192491710416
25/07/2019 14:00,0.7915050059254647,0.3408054377182788,0.4773192491710416
25/07/2019 15:00,0.7915050059254647,0.3408054377182788,0.4773192491710416
25/07/2019 16:00,0.7915050059254647,0.3408054377182788,0.4773192491710416
25/07/2019 17:00,0.7915050059254647,0.3408054377182788,0.4773192491710416
25/07/2019 18:00,0.7915050059254647,0.3408054377182788,0.4773192491710416
25/07/2019 19:00,0.7915050059254647,0.3408054377182788,0.4773192491710416
25/07/2019 20:00,0.7915050059254647,0.3408054377182788,0.4773192491710416
25/07/2019 21:00,0.7915050059254647,0.3408054377182788,0.4773192491710416
25/07/2019 22:00,0.7915050059254647,0.3408054377182788,0.4773192491710416
25/07/2019 23:00,0.7915050059254647,0.3408054377182788,0.4773192491710416
26/07/2019 00:00,0.7915050059254647,0.3408054377182788,0.4773192491710416
26/07/2019 01:00,0.7915050059254647,0.3408054377182788,0.4773192491710416
26/07/2019 02:00,0.7915050059254647,0.3408054377182788,0.4773192491710416
26/07/2019 03:00,0.7915050059254647,0.3408054377182788,0.4773192491710416
26/07/2019 04:00,0.7915050059254647,0.3408054377182788,0.4773192491710416
26/07/2019 05:00,0.7915050059254647,0.3408054377182788,0.4773192491710416
26/07/2019 06:00,0.7915050059254647,0.3408054377182788,0.4773192491710416
26/07/2019 07:00,0.7915050059254647,0.3408054377182788,0.4773192491710416
26/07/2019 08:00,0.7915050059254647,0.3408054377182788,0.4773192491710416
26/07/2019 09:00,0.7915050059254647,0.3408054377182788,0.4773192491710416
26/07/2019 10:00,0.7915050059254647,0.3408054377182788,0.4773192491710416
26/07/2019 11:00,0.7915050059254647,0.3408054377182788,0.4773192491710416
26/07/2019 12:00,0.7915050059254647,0.3408054377182788,0.4773192491710416
26/07/2019 13:00,0.7915050059254647,0.3408054377182788,0.4773192491710416
26/07/2019 14:00,0.7915050059254647,0.3408054377182788,0.4773192491710416
26/07/2019 15:00,0.7915050059254647,0.3408054377182788,0.4773192491710416
26/07/2019 16:00,0.7915050059254647,0.3408054377182788,0.4773192491710416
26/07/2019 17:00,0.7915050059254647,0.3408054377182788,0.4773192491710416
26/07/2019 18:00,0.7915050059254647,0.3408054377182788,0.4773192491710416
26/07/2019 19:00,0.7915050059254647,0.3408054377182788,0.4773192491710416
26/07/2019 20:00,0.7915050059254647,0.3408054377182788,0.4773192491710416
26/07/2019 21:00,0.7915050059254647,0.3408054377182788,0.4773192491710416
26/07/2019 22:00,0.7915050059254647,0.3408054377182788,0.4773192491710416
26/07/2019 23:00,0.7915050059254647,0.3408054377182788,0.4773192491710416
27/07/2019 00:00,0.7915050059254647,0.3408054377182788,0.4773192491710416
27/07/2019 01:00,0.7915050059254647,0.3408054377182788,0.4773192491710416
27/07/2019 02:00,0.7915050059254647,0.3408054377182788,0.4773192491710416
27/07/2019 03:00,0.7915050059254647,0.3408054377182788,0.4773192491710416
27/07/2019 04:00,0.7915050059254647,0.3408054377182788,0.4773192491710416
27/07/2019 05:00,0.7915050059254647,0.3408054377182788,0.4773192491710416
27/07/2019 06:00,0.7915050059254647,0.3408054377182788,0.4773192491710416
27/07/2019 07:00,0.7915050059254647,0.3408054377182788,0.4773192491710416
27/07/2019 08:00,0.7915050059254647,0.3408054377182788,0.4773192491710416
27/07/2019 09:00,0.7915050059254647,0.3408054377182788,0.4773192491710416
27/07/2019 10:00,0.7915050059254647,0.3408054377182788,0.4773192491710416
27/07/2019 11:00,0.7915050059254647,0.3408054377182788,0.4773192491710416
27/07/2019 12:00,0.7915050059254647,0.3408054377182788,0.4773192491710416
27/07/2019 13:00,0.7915050059254647,0.3408054377182788,0.4773192491710416
27/07/2019 14:00,0.7915050059254647,0.3408054377182788,0.4773192491710416
27/07/2019 15:00,0.7915050059254647,0.3408054377182788,0.4773192491710416
27/07/2019 16:00,0.7915050059254647,0.3408054377182788,0.4773192491710416
27/07/2019 17:00,0.7915050059254647,0.3408054377182788,0.4773192491710416
27/07/2019 18:00,0.7915050059254647,0.3408054377182788,0.4773192491710416
27/07/2019 19:00,0.7915050059254647,0.3408054377182788,0.4773192491710416
27/07/2019 20:00,0.7915050059254647,0.3408054377182788,0.4773192491710416
27/07/2019 21:00,0.7915050059254647,0.3408054377182788,0.4773192491710416
27/07/2019 22:00,0.7915050059254647,0.3408054377182788,0.4773192491710416
27/07/2019 23:00,0.7915050059254647,0.3408054377182788,0.4773192491710416
28/07/2019 00:00,0.7915050059254647,0.3408054377182788,0.4773192491710416
28/07/2019 01:00,0.7915050059254647,0.3408054377182788,0.4773192491710416
28/07/2019 02:00,0.7915050059254647,0.3408054377182788,0.4773192491710416
28/07/2019 03:00,0.7915050059254647,0.3408054377182788,0.4773192491710416
28/07/2019 04:00,0.7915050059254647,0.3408054377182788,0.4773192491710416
28/07/2019 05:00,0.7915050059254647,0.3408054377182788,0.4773192491710416
28/07/2019 06:00,0.7915050059254647,0.3408054377182788,0.4773192491710416
28/07/2019 07:00,0.7915050059254647,0.3408054377182788,0.4773192491710416
28/07/2019 08:00,0.7915050059254647,0.3408054377182788,0.4773192491710416
28/07/2019 09:00,0.7915050059254647,0.3408054377182788,0.4773192491710416
28/07/2019 10:00,0.7915050059254647,0.3408054377182788,0.4773192491710416
28/07/2019 11:00,0.7915050059254647,0.3408054377182788,0.4773192491710416
28/07/2019 12:00,0.7915050059254647,0.3408054377182788,0.4773192491710416
28/07/2019 13:00,0.7915050059254647,0.3408054377182788,0.4773192491710416
28/07/2019 14:00,0.7915050059254647,0.3408054377182788,0.4773192491710416
28/07/2019 15:00,0.7915050059254647,0.3408054377182788,0.4773192491710416
28/07/2019 16:00,0.7915050059254647,0.3408054377182788,0.4773192491710416
28/07/2019 17:00,0.7915050059254647,0.3408054377182788,0.4773192491710416
28/07/2019 18:00,0.7915050059254647,0.3408054377182788,0.4773192491710416
28/07/2019 19:00,0.7915050059254647,0.3408054377182788,0.4773192491710416
28/07/2019 20:00,0.7915050059254647,0.3408054377182788,0.4773192491710416
28/07/2019 21:00,0.7915050059254647,0.3408054377182788,0.4773192491710416
28/07/2019 22:00,0.7915050059254647,0.3408054377182788,0.4773192491710416
28/07/2019 23:00,0.7915050059254647,0.3408054377182788,0.4773192491710416
29/07/2019 00:00,0.7915050059254647,0.3408054377182788,0.4773192491710416
29/07/2019 01:00,0.7915050059254647,0.3408054377182788,0.4773192491710416
29/07/2019 02:00,0.7915050059254647,0.3408054377182788,0.4773192491710416
29/07/2019 03:00,0.7915050059254647,0.3408054377182788,0.4773192491710416
29/07/2019 04:00,0.7915050059254647,0.3408054377182788,0.4773192491710416
29/07/2019 05:00,0.7915050059254647,0.3408054377182788,0.4773192491710416
29/07/2019 06:00,0.7915050059254647,0.3408054377182788,0.4773192491710416
29/07/2019 07:00,0.7915050059254647,0.3408054377182788,0.4773192491710416
29/07/2019 08:00,0.7915050059254647,0.3408054377182788,0.4773192491710416
29/07/2019 09:00,0.7915050059254647,0.3408054377182788,0.4773192491710416
29/07/2019 10:00,0.7915050059254647,0.3408054377182788,0.4773192491710416
29/07/2019 11:00,0.7915050059254647,0.3408054377182788,0.4773192491710416
29/07/2019 12:00,0.7915050059254647,0.3408054377182788,0.4773192491710416
29/07/2019 13:00,0.7915050059254647,0.3408054377182788,0.4773192491710416
29/07/2019 14:00,0.7915050059254647,0.3408054377182788,0.4773192491710416
29/07/2019 15:00,0.7915050059254647,0.3408054377182788,0.4773192491710416
29/07/2019 16:00,0.7915050059254647,0.3408054377182788,0.4773192491710416
29/07/2019 17:00,0.7915050059254647,0.3408054377182788,0.4773192491710416
29/07/2019 18:00,0.7915050059254647,0.3408054377182788,0.4773192491710416
29/07/2019 19:00,0.7915050059254647,0.3408054377182788,0.4773192491710416
29/07/2019 20:00,0.7915050059254647,0.3408054377182788,0.4773192491710416
29/07/2019 21:00,0.7915050059254647,0.3408054377182788,0.4773192491710416
29/07/2019 22:00,0.7915050059254647,0.3408054377182788,0.4773192491710416
29/07/2019 23:00,0.7915050059254647,0.3408054377182788,0.4773192491710416
30/07/2019 00:00,0.7915050059254647,0.3408054377182788,0.4773192491710416
30/07/2019 01:00,0.7915050059254647,0.3408054377182788,0.4773192491710416
30/07/2019 02:00,0.7915050059254647,0.3408054377182788,0.4773192491710416
30/07/2019 03:00,0.7915050059254647,0.3408054377182788,0.4773192491710416
30/07/2019 04:00,0.7915050059254647,0.3408054377182788,0.4773192491710416
30/07/2019 05:00,0.7915050059254647,0.3408054377182788,0.4773192491710416
30/07/2019 06:00,0.7915050059254647,0.3408054377182788,0.4773192491710416
30/07/2019 07:00,0.7915050059254647,0.3408054377182788,0.4773192491710416
30/07/2019 08:00,0.7915050059254647,0.3408054377182788,0.4773192491710416
30/07/2019 09:00,0.7915050059254647,0.3408054377182788,0.4773192491710416
30/07/2019 10:00,0.7915050059254647,0.3408054377182788,0.4773192491710416
30/07/2019 11:00,0.7915050059254647,0.3408054377182788,0.4773192491710416
30/07/2019 12:00,0.7915050059254647,0.3408054377182788,0.4773192491710416
30/07/2019 13:00,0.7915050059254647,0.3408054377182788,0.4773192491710416
30/07/2019 14:00,0.7915050059254647,0.3408054377182788,0.4773192491710416
30/07/2019 15:00,0.7915050059254647,0.3408054377182788,0.4773192491710416
30/07/2019 16:00,0.7915050059254647,0.3408054377182788,0.4773192491710416
30/07/2019 17:00,0.7915050059254647,0.3408054377182788,0.4773192491710416
30/07/2019 18:00,0.7915050059254647,0.3408054377182788,0.4773192491710416
30/07/2019 19:00,0.7915050059254647,0.3408054377182788,0.4773192491710416
30/07/2019 20:00,0.7915050059254647,0.3408054377182788,0.4773192491710416
30/07/2019 21:00,0.7915050059254647,0.3408054377182788,0.4773192491710416
30/07/2019 22:00,0.7915050059254647,0.3408054377182788,0.4773192491710416
30/07/2019 23:00,0.7915050059254647,0.3408054377182788,0.4773192491710416
31/07/2019 00:00,0.7915050059254647,0.3408054377182788,0.4773192491710416
31/07/2019 01:00,0.7915050059254647,0.3408054377182788,0.4773192491710416
31/07/2019 02:00,0.7915050059254647,0.3408054377182788,0.4773192491710416
31/07/2019 03:00,0.7915050059254647,0.3408054377182788,0.4773192491710416
31/07/2019 04:00,0.7915050059254647,0.3408054377182788,0.4773192491710416
31/07/2019 05:00,0.7915050059254647,0.3408054377182788,0.4773192491710416
31/07/2019 06:00,0.7915050059254647,0.3408054377182788,0.4773192491710416
31/07/2019 07:00,0.7915050059254647,0.3408054377182788,0.4773192491710416
31/07/2019 08:00,0.7915050059254647,0.3408054377182788,0.4773192491710416
31/07/2019 09:00,0.7915050059254647,0.3408054377182788,0.4773192491710416
31/07/2019 10:00,0.7915050059254647,0.3408054377182788,0.4773192491710416
31/07/2019 11:00,0.7915050059254647,0.3408054377182788,0.4773192491710416
31/07/2019 12:00,0.7915050059254647,0.3408054377182788,0.4773192491710416
31/07/2019 13:00,0.7915050059254647,0.3408054377182788,0.4773192491710416
31/07/2019 14:00,0.7915050059254647,0.3408054377182788,0.4773192491710416
31/07/2019 15:00,0.7915050059254647,0.3408054377182788,0.4773192491710416
31/07/2019 16:00,0.7915050059254647,0.3408054377182788,0.4773192491710416
31/07/2019 17:00,0.7915050059254647,0.3408054377182788,0.4773192491710416
31/07/2019 18:00,0.7915050059254647,0.3408054377182788,0.4773192491710416
31/07/2019 19:00,0.7915050059254647,0.3408054377182788,0.4773192491710416
31/07/2019 20:00,0.7915050059254647,0.3408054377182788,0.4773192491710416
31/07/2019 21:00,0.7915050059254647,0.3408054377182788,0.4773192491710416
31/07/2019 22:00,0.7915050059254647,0.3408054377182788,0.4773192491710416
31/07/2019 23:00,0.7915050059254647,0.3408054377182788,0.4773192491710416
01/08/2019 00:00,1.0,0.3554387508336909,0.5894726317211797
01/08/2019 01:00,1.0,0.3554387508336909,0.5894726317211797
01/08/2019 02:00,1.0,0.3554387508336909,0.5894726317211797
01/08/2019 03:00,1.0,0.3554387508336909,0.5894726317211797
01/08/2019 04:00,1.0,0.3554387508336909,0.5894726317211797
01/08/2019 05:00,1.0,0.3554387508336909,0.5894726317211797
01/08/2019 06:00,1.0,0.3554387508336909,0.5894726317211797
01/08/2019 07:00,1.0,0.3554387508336909,0.5894726317211797
01/08/2019 08:00,1.0,0.3554387508336909,0.5894726317211797
01/08/2019 09:00,1.0,0.3554387508336909,0.5894726317211797
01/08/2019 10:00,1.0,0.3554387508336909,0.5894726317211797
01/08/2019 11:00,1.0,0.3554387508336909,0.5894726317211797
01/08/2019 12:00,1.0,0.3554387508336909,0.5894726317211797
01/08/2019 13:00,1.0,0.3554387508336909,0.5894726317211797
01/08/2019 14:00,1.0,0.3554387508336909,0.5894726317211797
01/08/2019 15:00,1.0,0.3554387508336909,0.5894726317211797
01/08/2019 16:00,1.0,0.3554387508336909,0.5894726317211797
01/08/2019 17:00,1.0,0.3554387508336909,0.5894726317211797
01/08/2019 18:00,1.0,0.3554387508336909,0.5894726317211797
01/08/2019 19:00,1.0,0.3554387508336909,0.5894726317211797
01/08/2019 20:00,1.0,0.3554387508336909,0.5894726317211797
01/08/2019 21:00,1.0,0.3554387508336909,0.5894726317211797
01/08/2019 22:00,1.0,0.3554387508336909,0.5894726317211797
01/08/2019 23:00,1.0,0.3554387508336909,0.5894726317211797
02/08/2019 00:00,1.0,0.3554387508336909,0.5894726317211797
02/08/2019 01:00,1.0,0.3554387508336909,0.5894726317211797
02/08/2019 02:00,1.0,0.3554387508336909,0.5894726317211797
02/08/2019 03:00,1.0,0.3554387508336909,0.5894726317211797
02/08/2019 04:00,1.0,0.3554387508336909,0.5894726317211797
02/08/2019 05:00,1.0,0.3554387508336909,0.5894726317211797
02/08/2019 06:00,1.0,0.3554387508336909,0.5894726317211797
02/08/2019 07:00,1.0,0.3554387508336909,0.5894726317211797
02/08/2019 08:00,1.0,0.3554387508336909,0.5894726317211797
02/08/2019 09:00,1.0,0.3554387508336909,0.5894726317211797
02/08/2019 10:00,1.0,0.3554387508336909,0.5894726317211797
02/08/2019 11:00,1.0,0.3554387508336909,0.5894726317211797
02/08/2019 12:00,1.0,0.3554387508336909,0.5894726317211797
02/08/2019 13:00,1.0,0.3554387508336909,0.5894726317211797
02/08/2019 14:00,1.0,0.3554387508336909,0.5894726317211797
02/08/2019 15:00,1.0,0.3554387508336909,0.5894726317211797
02/08/2019 16:00,1.0,0.3554387508336909,0.5894726317211797
02/08/2019 17:00,1.0,0.3554387508336909,0.5894726317211797
02/08/2019 18:00,1.0,0.3554387508336909,0.5894726317211797
02/08/2019 19:00,1.0,0.3554387508336909,0.5894726317211797
02/08/2019 20:00,1.0,0.3554387508336909,0.5894726317211797
02/08/2019 21:00,1.0,0.3554387508336909,0.5894726317211797
02/08/2019 22:00,1.0,0.3554387508336909,0.5894726317211797
02/08/2019 23:00,1.0,0.3554387508336909,0.5894726317211797
03/08/2019 00:00,1.0,0.3554387508336909,0.5894726317211797
03/08/2019 01:00,1.0,0.3554387508336909,0.5894726317211797
03/08/2019 02:00,1.0,0.3554387508336909,0.5894726317211797
03/08/2019 03:00,1.0,0.3554387508336909,0.5894726317211797
03/08/2019 04:00,1.0,0.3554387508336909,0.5894726317211797
03/08/2019 05:00,1.0,0.3554387508336909,0.5894726317211797
03/08/2019 06:00,1.0,0.3554387508336909,0.5894726317211797
03/08/2019 07:00,1.0,0.3554387508336909,0.5894726317211797
03/08/2019 08:00,1.0,0.3554387508336909,0.5894726317211797
03/08/2019 09:00,1.0,0.3554387508336909,0.5894726317211797
03/08/2019 10:00,1.0,0.3554387508336909,0.5894726317211797
03/08/2019 11:00,1.0,0.3554387508336909,0.5894726317211797
03/08/2019 12:00,1.0,0.3554387508336909,0.5894726317211797
03/08/2019 13:00,1.0,0.3554387508336909,0.5894726317211797
03/08/2019 14:00,1.0,0.3554387508336909,0.5894726317211797
03/08/2019 15:00,1.0,0.3554387508336909,0.5894726317211797
03/08/2019 16:00,1.0,0.3554387508336909,0.5894726317211797
03/08/2019 17:00,1.0,0.3554387508336909,0.5894726317211797
03/08/2019 18:00,1.0,0.3554387508336909,0.5894726317211797
03/08/2019 19:00,1.0,0.3554387508336909,0.5894726317211797
03/08/2019 20:00,1.0,0.3554387508336909,0.5894726317211797
03/08/2019 21:00,1.0,0.3554387508336909,0.5894726317211797
03/08/2019 22:00,1.0,0.3554387508336909,0.5894726317211797
03/08/2019 23:00,1.0,0.3554387508336909,0.5894726317211797
04/08/2019 00:00,1.0,0.3554387508336909,0.5894726317211797
04/08/2019 01:00,1.0,0.3554387508336909,0.5894726317211797
04/08/2019 02:00,1.0,0.3554387508336909,0.5894726317211797
04/08/2019 03:00,1.0,0.3554387508336909,0.5894726317211797
04/08/2019 04:00,1.0,0.3554387508336909,0.5894726317211797
04/08/2019 05:00,1.0,0.3554387508336909,0.5894726317211797
04/08/2019 06:00,1.0,0.3554387508336909,0.5894726317211797
04/08/2019 07:00,1.0,0.3554387508336909,0.5894726317211797
04/08/2019 08:00,1.0,0.3554387508336909,0.5894726317211797
04/08/2019 09:00,1.0,0.3554387508336909,0.5894726317211797
04/08/2019 10:00,1.0,0.3554387508336909,0.5894726317211797
04/08/2019 11:00,1.0,0.3554387508336909,0.5894726317211797
04/08/2019 12:00,1.0,0.3554387508336909,0.5894726317211797
04/08/2019 13:00,1.0,0.3554387508336909,0.5894726317211797
04/08/2019 14:00,1.0,0.3554387508336909,0.5894726317211797
04/08/2019 15:00,1.0,0.3554387508336909,0.5894726317211797
04/08/2019 16:00,1.0,0.3554387508336909,0.5894726317211797
04/08/2019 17:00,1.0,0.3554387508336909,0.5894726317211797
04/08/2019 18:00,1.0,0.3554387508336909,0.5894726317211797
04/08/2019 19:00,1.0,0.3554387508336909,0.5894726317211797
04/08/2019 20:00,1.0,0.3554387508336909,0.5894726317211797
04/08/2019 21:00,1.0,0.3554387508336909,0.5894726317211797
04/08/2019 22:00,1.0,0.3554387508336909,0.5894726317211797
04/08/2019 23:00,1.0,0.3554387508336909,0.5894726317211797
05/08/2019 00:00,1.0,0.3554387508336909,0.5894726317211797
05/08/2019 01:00,1.0,0.3554387508336909,0.5894726317211797
05/08/2019 02:00,1.0,0.3554387508336909,0.5894726317211797
05/08/2019 03:00,1.0,0.3554387508336909,0.5894726317211797
05/08/2019 04:00,1.0,0.3554387508336909,0.5894726317211797
05/08/2019 05:00,1.0,0.3554387508336909,0.5894726317211797
05/08/2019 06:00,1.0,0.3554387508336909,0.5894726317211797
05/08/2019 07:00,1.0,0.3554387508336909,0.5894726317211797
05/08/2019 08:00,1.0,0.3554387508336909,0.5894726317211797
05/08/2019 09:00,1.0,0.3554387508336909,0.5894726317211797
05/08/2019 10:00,1.0,0.3554387508336909,0.5894726317211797
05/08/2019 11:00,1.0,0.3554387508336909,0.5894726317211797
05/08/2019 12:00,1.0,0.3554387508336909,0.5894726317211797
05/08/2019 13:00,1.0,0.3554387508336909,0.5894726317211797
05/08/2019 14:00,1.0,0.3554387508336909,0.5894726317211797
05/08/2019 15:00,1.0,0.3554387508336909,0.5894726317211797
05/08/2019 16:00,1.0,0.3554387508336909,0.5894726317211797
05/08/2019 17:00,1.0,0.3554387508336909,0.5894726317211797
05/08/2019 18:00,1.0,0.3554387508336909,0.5894726317211797
05/08/2019 19:00,1.0,0.3554387508336909,0.5894726317211797
05/08/2019 20:00,1.0,0.3554387508336909,0.5894726317211797
05/08/2019 21:00,1.0,0.3554387508336909,0.5894726317211797
05/08/2019 22:00,1.0,0.3554387508336909,0.5894726317211797
05/08/2019 23:00,1.0,0.3554387508336909,0.5894726317211797
06/08/2019 00:00,1.0,0.3554387508336909,0.5894726317211797
06/08/2019 01:00,1.0,0.3554387508336909,0.5894726317211797
06/08/2019 02:00,1.0,0.3554387508336909,0.5894726317211797
06/08/2019 03:00,1.0,0.3554387508336909,0.5894726317211797
06/08/2019 04:00,1.0,0.3554387508336909,0.5894726317211797
06/08/2019 05:00,1.0,0.3554387508336909,0.5894726317211797
06/08/2019 06:00,1.0,0.3554387508336909,0.5894726317211797
06/08/2019 07:00,1.0,0.3554387508336909,0.5894726317211797
06/08/2019 08:00,1.0,0.3554387508336909,0.5894726317211797
06/08/2019 09:00,1.0,0.3554387508336909,0.5894726317211797
06/08/2019 10:00,1.0,0.3554387508336909,0.5894726317211797
06/08/2019 11:00,1.0,0.3554387508336909,0.5894726317211797
06/08/2019 12:00,1.0,0.3554387508336909,0.5894726317211797
06/08/2019 13:00,1.0,0.3554387508336909,0.5894726317211797
06/08/2019 14:00,1.0,0.3554387508336909,0.5894726317211797
06/08/2019 15:00,1.0,0.3554387508336909,0.5894726317211797
06/08/2019 16:00,1.0,0.3554387508336909,0.5894726317211797
06/08/2019 17:00,1.0,0.3554387508336909,0.5894726317211797
06/08/2019 18:00,1.0,0.3554387508336909,0.5894726317211797
06/08/2019 19:00,1.0,0.3554387508336909,0.5894726317211797
06/08/2019 20:00,1.0,0.3554387508336909,0.5894726317211797
06/08/2019 21:00,1.0,0.3554387508336909,0.5894726317211797
06/08/2019 22:00,1.0,0.3554387508336909,0.5894726317211797
06/08/2019 23:00,1.0,0.3554387508336909,0.5894726317211797
07/08/2019 00:00,1.0,0.3554387508336909,0.5894726317211797
07/08/2019 01:00,1.0,0.3554387508336909,0.5894726317211797
07/08/2019 02:00,1.0,0.3554387508336909,0.5894726317211797
07/08/2019 03:00,1.0,0.3554387508336909,0.5894726317211797
07/08/2019 04:00,1.0,0.3554387508336909,0.5894726317211797
07/08/2019 05:00,1.0,0.3554387508336909,0.5894726317211797
07/08/2019 06:00,1.0,0.3554387508336909,0.5894726317211797
07/08/2019 07:00,1.0,0.3554387508336909,0.5894726317211797
07/08/2019 08:00,1.0,0.3554387508336909,0.5894726317211797
07/08/2019 09:00,1.0,0.3554387508336909,0.5894726317211797
07/08/2019 10:00,1.0,0.3554387508336909,0.5894726317211797
07/08/2019 11:00,1.0,0.3554387508336909,0.5894726317211797
07/08/2019 12:00,1.0,0.3554387508336909,0.5894726317211797
07/08/2019 13:00,1.0,0.3554387508336909,0.5894726317211797
07/08/2019 14:00,1.0,0.3554387508336909,0.5894726317211797
07/08/2019 15:00,1.0,0.3554387508336909,0.5894726317211797
07/08/2019 16:00,1.0,0.3554387508336909,0.5894726317211797
07/08/2019 17:00,1.0,0.3554387508336909,0.5894726317211797
07/08/2019 18:00,1.0,0.3554387508336909,0.5894726317211797
07/08/2019 19:00,1.0,0.3554387508336909,0.5894726317211797
07/08/2019 20:00,1.0,0.3554387508336909,0.5894726317211797
07/08/2019 21:00,1.0,0.3554387508336909,0.5894726317211797
07/08/2019 22:00,1.0,0.3554387508336909,0.5894726317211797
07/08/2019 23:00,1.0,0.3554387508336909,0.5894726317211797
08/08/2019 00:00,1.0,0.3554387508336909,0.5894726317211797
08/08/2019 01:00,1.0,0.3554387508336909,0.5894726317211797
08/08/2019 02:00,1.0,0.3554387508336909,0.5894726317211797
08/08/2019 03:00,1.0,0.3554387508336909,0.5894726317211797
08/08/2019 04:00,1.0,0.3554387508336909,0.5894726317211797
08/08/2019 05:00,1.0,0.3554387508336909,0.5894726317211797
08/08/2019 06:00,1.0,0.3554387508336909,0.5894726317211797
08/08/2019 07:00,1.0,0.3554387508336909,0.5894726317211797
08/08/2019 08:00,1.0,0.3554387508336909,0.5894726317211797
08/08/2019 09:00,1.0,0.3554387508336909,0.5894726317211797
08/08/2019 10:00,1.0,0.3554387508336909,0.5894726317211797
08/08/2019 11:00,1.0,0.3554387508336909,0.5894726317211797
08/08/2019 12:00,1.0,0.3554387508336909,0.5894726317211797
08/08/2019 13:00,1.0,0.3554387508336909,0.5894726317211797
08/08/2019 14:00,1.0,0.3554387508336909,0.5894726317211797
08/08/2019 15:00,1.0,0.3554387508336909,0.5894726317211797
08/08/2019 16:00,1.0,0.3554387508336909,0.5894726317211797
08/08/2019 17:00,1.0,0.3554387508336909,0.5894726317211797
08/08/2019 18:00,1.0,0.3554387508336909,0.5894726317211797
08/08/2019 19:00,1.0,0.3554387508336909,0.5894726317211797
08/08/2019 20:00,1.0,0.3554387508336909,0.5894726317211797
08/08/2019 21:00,1.0,0.3554387508336909,0.5894726317211797
08/08/2019 22:00,1.0,0.3554387508336909,0.5894726317211797
08/08/2019 23:00,1.0,0.3554387508336909,0.5894726317211797
09/08/2019 00:00,1.0,0.3554387508336909,0.5894726317211797
09/08/2019 01:00,1.0,0.3554387508336909,0.5894726317211797
09/08/2019 02:00,1.0,0.3554387508336909,0.5894726317211797
09/08/2019 03:00,1.0,0.3554387508336909,0.5894726317211797
09/08/2019 04:00,1.0,0.3554387508336909,0.5894726317211797
09/08/2019 05:00,1.0,0.3554387508336909,0.5894726317211797
09/08/2019 06:00,1.0,0.3554387508336909,0.5894726317211797
09/08/2019 07:00,1.0,0.3554387508336909,0.5894726317211797
09/08/2019 08:00,1.0,0.3554387508336909,0.5894726317211797
09/08/2019 09:00,1.0,0.3554387508336909,0.5894726317211797
09/08/2019 10:00,1.0,0.3554387508336909,0.5894726317211797
09/08/2019 11:00,1.0,0.3554387508336909,0.5894726317211797
09/08/2019 12:00,1.0,0.3554387508336909,0.5894726317211797
09/08/2019 13:00,1.0,0.3554387508336909,0.5894726317211797
09/08/2019 14:00,1.0,0.3554387508336909,0.5894726317211797
09/08/2019 15:00,1.0,0.3554387508336909,0.5894726317211797
09/08/2019 16:00,1.0,0.3554387508336909,0.5894726317211797
09/08/2019 17:00,1.0,0.3554387508336909,0.5894726317211797
09/08/2019 18:00,1.0,0.3554387508336909,0.5894726317211797
09/08/2019 19:00,1.0,0.3554387508336909,0.5894726317211797
09/08/2019 20:00,1.0,0.3554387508336909,0.5894726317211797
09/08/2019 21:00,1.0,0.3554387508336909,0.5894726317211797
09/08/2019 22:00,1.0,0.3554387508336909,0.5894726317211797
09/08/2019 23:00,1.0,0.3554387508336909,0.5894726317211797
10/08/2019 00:00,1.0,0.3554387508336909,0.5894726317211797
10/08/2019 01:00,1.0,0.3554387508336909,0.5894726317211797
10/08/2019 02:00,1.0,0.3554387508336909,0.5894726317211797
10/08/2019 03:00,1.0,0.3554387508336909,0.5894726317211797
10/08/2019 04:00,1.0,0.3554387508336909,0.5894726317211797
10/08/2019 05:00,1.0,0.3554387508336909,0.5894726317211797
10/08/2019 06:00,1.0,0.3554387508336909,0.5894726317211797
10/08/2019 07:00,1.0,0.3554387508336909,0.5894726317211797
10/08/2019 08:00,1.0,0.3554387508336909,0.5894726317211797
10/08/2019 09:00,1.0,0.3554387508336909,0.5894726317211797
10/08/2019 10:00,1.0,0.3554387508336909,0.5894726317211797
10/08/2019 11:00,1.0,0.3554387508336909,0.5894726317211797
10/08/2019 12:00,1.0,0.3554387508336909,0.5894726317211797
10/08/2019 13:00,1.0,0.3554387508336909,0.5894726317211797
10/08/2019 14:00,1.0,0.3554387508336909,0.5894726317211797
10/08/2019 15:00,1.0,0.3554387508336909,0.5894726317211797
10/08/2019 16:00,1.0,0.3554387508336909,0.5894726317211797
10/08/2019 17:00,1.0,0.3554387508336909,0.5894726317211797
10/08/2019 18:00,1.0,0.3554387508336909,0.5894726317211797
10/08/2019 19:00,1.0,0.3554387508336909,0.5894726317211797
10/08/2019 20:00,1.0,0.3554387508336909,0.5894726317211797
10/08/2019 21:00,1.0,0.3554387508336909,0.5894726317211797
10/08/2019 22:00,1.0,0.3554387508336909,0.5894726317211797
10/08/2019 23:00,1.0,0.3554387508336909,0.5894726317211797
11/08/2019 00:00,1.0,0.3554387508336909,0.5894726317211797
11/08/2019 01:00,1.0,0.3554387508336909,0.5894726317211797
11/08/2019 02:00,1.0,0.3554387508336909,0.5894726317211797
11/08/2019 03:00,1.0,0.3554387508336909,0.5894726317211797
11/08/2019 04:00,1.0,0.3554387508336909,0.5894726317211797
11/08/2019 05:00,1.0,0.3554387508336909,0.5894726317211797
11/08/2019 06:00,1.0,0.3554387508336909,0.5894726317211797
11/08/2019 07:00,1.0,0.3554387508336909,0.5894726317211797
11/08/2019 08:00,1.0,0.3554387508336909,0.5894726317211797
11/08/2019 09:00,1.0,0.3554387508336909,0.5894726317211797
11/08/2019 10:00,1.0,0.3554387508336909,0.5894726317211797
11/08/2019 11:00,1.0,0.3554387508336909,0.5894726317211797
11/08/2019 12:00,1.0,0.3554387508336909,0.5894726317211797
11/08/2019 13:00,1.0,0.3554387508336909,0.5894726317211797
11/08/2019 14:00,1.0,0.3554387508336909,0.5894726317211797
11/08/2019 15:00,1.0,0.3554387508336909,0.5894726317211797
11/08/2019 16:00,1.0,0.3554387508336909,0.5894726317211797
11/08/2019 17:00,1.0,0.3554387508336909,0.5894726317211797
11/08/2019 18:00,1.0,0.3554387508336909,0.5894726317211797
11/08/2019 19:00,1.0,0.3554387508336909,0.5894726317211797
11/08/2019 20:00,1.0,0.3554387508336909,0.5894726317211797
11/08/2019 21:00,1.0,0.3554387508336909,0.5894726317211797
11/08/2019 22:00,1.0,0.3554387508336909,0.5894726317211797
11/08/2019 23:00,1.0,0.3554387508336909,0.5894726317211797
12/08/2019 00:00,1.0,0.3554387508336909,0.5894726317211797
12/08/2019 01:00,1.0,0.3554387508336909,0.5894726317211797
12/08/2019 02:00,1.0,0.3554387508336909,0.5894726317211797
12/08/2019 03:00,1.0,0.3554387508336909,0.5894726317211797
12/08/2019 04:00,1.0,0.3554387508336909,0.5894726317211797
12/08/2019 05:00,1.0,0.3554387508336909,0.5894726317211797
12/08/2019 06:00,1.0,0.3554387508336909,0.5894726317211797
12/08/2019 07:00,1.0,0.3554387508336909,0.5894726317211797
12/08/2019 08:00,1.0,0.3554387508336909,0.5894726317211797
12/08/2019 09:00,1.0,0.3554387508336909,0.5894726317211797
12/08/2019 10:00,1.0,0.3554387508336909,0.5894726317211797
12/08/2019 11:00,1.0,0.3554387508336909,0.5894726317211797
12/08/2019 12:00,1.0,0.3554387508336909,0.5894726317211797
12/08/2019 13:00,1.0,0.3554387508336909,0.5894726317211797
12/08/2019 14:00,1.0,0.3554387508336909,0.5894726317211797
12/08/2019 15:00,1.0,0.3554387508336909,0.5894726317211797
12/08/2019 16:00,1.0,0.3554387508336909,0.5894726317211797
12/08/2019 17:00,1.0,0.3554387508336909,0.5894726317211797
12/08/2019 18:00,1.0,0.3554387508336909,0.5894726317211797
12/08/2019 19:00,1.0,0.3554387508336909,0.5894726317211797
12/08/2019 20:00,1.0,0.3554387508336909,0.5894726317211797
12/08/2019 21:00,1.0,0.3554387508336909,0.5894726317211797
12/08/2019 22:00,1.0,0.3554387508336909,0.5894726317211797
12/08/2019 23:00,1.0,0.3554387508336909,0.5894726317211797
13/08/2019 00:00,1.0,0.3554387508336909,0.5894726317211797
13/08/2019 01:00,1.0,0.3554387508336909,0.5894726317211797
13/08/2019 02:00,1.0,0.3554387508336909,0.5894726317211797
13/08/2019 03:00,1.0,0.3554387508336909,0.5894726317211797
13/08/2019 04:00,1.0,0.3554387508336909,0.5894726317211797
13/08/2019 05:00,1.0,0.3554387508336909,0.5894726317211797
13/08/2019 06:00,1.0,0.3554387508336909,0.5894726317211797
13/08/2019 07:00,1.0,0.3554387508336909,0.5894726317211797
13/08/2019 08:00,1.0,0.3554387508336909,0.5894726317211797
13/08/2019 09:00,1.0,0.3554387508336909,0.5894726317211797
13/08/2019 10:00,1.0,0.3554387508336909,0.5894726317211797
13/08/2019 11:00,1.0,0.3554387508336909,0.5894726317211797
13/08/2019 12:00,1.0,0.3554387508336909,0.5894726317211797
13/08/2019 13:00,1.0,0.3554387508336909,0.5894726317211797
13/08/2019 14:00,1.0,0.3554387508336909,0.5894726317211797
13/08/2019 15:00,1.0,0.3554387508336909,0.5894726317211797
13/08/2019 16:00,1.0,0.3554387508336909,0.5894726317211797
13/08/2019 17:00,1.0,0.3554387508336909,0.5894726317211797
13/08/2019 18:00,1.0,0.3554387508336909,0.5894726317211797
13/08/2019 19:00,1.0,0.3554387508336909,0.5894726317211797
13/08/2019 20:00,1.0,0.3554387508336909,0.5894726317211797
13/08/2019 21:00,1.0,0.3554387508336909,0.5894726317211797
13/08/2019 22:00,1.0,0.3554387508336909,0.5894726317211797
13/08/2019 23:00,1.0,0.3554387508336909,0.5894726317211797
14/08/2019 00:00,1.0,0.3554387508336909,0.5894726317211797
14/08/2019 01:00,1.0,0.3554387508336909,0.5894726317211797
14/08/2019 02:00,1.0,0.3554387508336909,0.5894726317211797
14/08/2019 03:00,1.0,0.3554387508336909,0.5894726317211797
14/08/2019 04:00,1.0,0.3554387508336909,0.5894726317211797
14/08/2019 05:00,1.0,0.3554387508336909,0.5894726317211797
14/08/2019 06:00,1.0,0.3554387508336909,0.5894726317211797
14/08/2019 07:00,1.0,0.3554387508336909,0.5894726317211797
14/08/2019 08:00,1.0,0.3554387508336909,0.5894726317211797
14/08/2019 09:00,1.0,0.3554387508336909,0.5894726317211797
14/08/2019 10:00,1.0,0.3554387508336909,0.5894726317211797
14/08/2019 11:00,1.0,0.3554387508336909,0.5894726317211797
14/08/2019 12:00,1.0,0.3554387508336909,0.5894726317211797
14/08/2019 13:00,1.0,0.3554387508336909,0.5894726317211797
14/08/2019 14:00,1.0,0.3554387508336909,0.5894726317211797
14/08/2019 15:00,1.0,0.3554387508336909,0.5894726317211797
14/08/2019 16:00,1.0,0.3554387508336909,0.5894726317211797
14/08/2019 17:00,1.0,0.3554387508336909,0.5894726317211797
14/08/2019 18:00,1.0,0.3554387508336909,0.5894726317211797
14/08/2019 19:00,1.0,0.3554387508336909,0.5894726317211797
14/08/2019 20:00,1.0,0.3554387508336909,0.5894726317211797
14/08/2019 21:00,1.0,0.3554387508336909,0.5894726317211797
14/08/2019 22:00,1.0,0.3554387508336909,0.5894726317211797
14/08/2019 23:00,1.0,0.3554387508336909,0.5894726317211797
15/08/2019 00:00,1.0,0.3554387508336909,0.5894726317211797
15/08/2019 01:00,1.0,0.3554387508336909,0.5894726317211797
15/08/2019 02:00,1.0,0.3554387508336909,0.5894726317211797
15/08/2019 03:00,1.0,0.3554387508336909,0.5894726317211797
15/08/2019 04:00,1.0,0.3554387508336909,0.5894726317211797
15/08/2019 05:00,1.0,0.3554387508336909,0.5894726317211797
15/08/2019 06:00,1.0,0.3554387508336909,0.5894726317211797
15/08/2019 07:00,1.0,0.3554387508336909,0.5894726317211797
15/08/2019 08:00,1.0,0.3554387508336909,0.5894726317211797
15/08/2019 09:00,1.0,0.3554387508336909,0.5894726317211797
15/08/2019 10:00,1.0,0.3554387508336909,0.5894726317211797
15/08/2019 11:00,1.0,0.3554387508336909,0.5894726317211797
15/08/2019 12:00,1.0,0.3554387508336909,0.5894726317211797
15/08/2019 13:00,1.0,0.3554387508336909,0.5894726317211797
15/08/2019 14:00,1.0,0.3554387508336909,0.5894726317211797
15/08/2019 15:00,1.0,0.3554387508336909,0.5894726317211797
15/08/2019 16:00,1.0,0.3554387508336909,0.5894726317211797
15/08/2019 17:00,1.0,0.3554387508336909,0.5894726317211797
15/08/2019 18:00,1.0,0.3554387508336909,0.5894726317211797
15/08/2019 19:00,1.0,0.3554387508336909,0.5894726317211797
15/08/2019 20:00,1.0,0.3554387508336909,0.5894726317211797
15/08/2019 21:00,1.0,0.3554387508336909,0.5894726317211797
15/08/2019 22:00,1.0,0.3554387508336909,0.5894726317211797
15/08/2019 23:00,1.0,0.3554387508336909,0.5894726317211797
16/08/2019 00:00,1.0,0.3554387508336909,0.5894726317211797
16/08/2019 01:00,1.0,0.3554387508336909,0.5894726317211797
16/08/2019 02:00,1.0,0.3554387508336909,0.5894726317211797
16/08/2019 03:00,1.0,0.3554387508336909,0.5894726317211797
16/08/2019 04:00,1.0,0.3554387508336909,0.5894726317211797
16/08/2019 05:00,1.0,0.3554387508336909,0.5894726317211797
16/08/2019 06:00,1.0,0.3554387508336909,0.5894726317211797
16/08/2019 07:00,1.0,0.3554387508336909,0.5894726317211797
16/08/2019 08:00,1.0,0.3554387508336909,0.5894726317211797
16/08/2019 09:00,1.0,0.3554387508336909,0.5894726317211797
16/08/2019 10:00,1.0,0.3554387508336909,0.5894726317211797
16/08/2019 11:00,1.0,0.3554387508336909,0.5894726317211797
16/08/2019 12:00,1.0,0.3554387508336909,0.5894726317211797
16/08/2019 13:00,1.0,0.3554387508336909,0.5894726317211797
16/08/2019 14:00,1.0,0.3554387508336909,0.5894726317211797
16/08/2019 15:00,1.0,0.3554387508336909,0.5894726317211797
16/08/2019 16:00,1.0,0.3554387508336909,0.5894726317211797
16/08/2019 17:00,1.0,0.3554387508336909,0.5894726317211797
16/08/2019 18:00,1.0,0.3554387508336909,0.5894726317211797
16/08/2019 19:00,1.0,0.3554387508336909,0.5894726317211797
16/08/2019 20:00,1.0,0.3554387508336909,0.5894726317211797
16/08/2019 21:00,1.0,0.3554387508336909,0.5894726317211797
16/08/2019 22:00,1.0,0.3554387508336909,0.5894726317211797
16/08/2019 23:00,1.0,0.3554387508336909,0.5894726317211797
17/08/2019 00:00,1.0,0.3554387508336909,0.5894726317211797
17/08/2019 01:00,1.0,0.3554387508336909,0.5894726317211797
17/08/2019 02:00,1.0,0.3554387508336909,0.5894726317211797
17/08/2019 03:00,1.0,0.3554387508336909,0.5894726317211797
17/08/2019 04:00,1.0,0.3554387508336909,0.5894726317211797
17/08/2019 05:00,1.0,0.3554387508336909,0.5894726317211797
17/08/2019 06:00,1.0,0.3554387508336909,0.5894726317211797
17/08/2019 07:00,1.0,0.3554387508336909,0.5894726317211797
17/08/2019 08:00,1.0,0.3554387508336909,0.5894726317211797
17/08/2019 09:00,1.0,0.3554387508336909,0.5894726317211797
17/08/2019 10:00,1.0,0.3554387508336909,0.5894726317211797
17/08/2019 11:00,1.0,0.3554387508336909,0.5894726317211797
17/08/2019 12:00,1.0,0.3554387508336909,0.5894726317211797
17/08/2019 13:00,1.0,0.3554387508336909,0.5894726317211797
17/08/2019 14:00,1.0,0.3554387508336909,0.5894726317211797
17/08/2019 15:00,1.0,0.3554387508336909,0.5894726317211797
17/08/2019 16:00,1.0,0.3554387508336909,0.5894726317211797
17/08/2019 17:00,1.0,0.3554387508336909,0.5894726317211797
17/08/2019 18:00,1.0,0.3554387508336909,0.5894726317211797
17/08/2019 19:00,1.0,0.3554387508336909,0.5894726317211797
17/08/2019 20:00,1.0,0.3554387508336909,0.5894726317211797
17/08/2019 21:00,1.0,0.3554387508336909,0.5894726317211797
17/08/2019 22:00,1.0,0.3554387508336909,0.5894726317211797
17/08/2019 23:00,1.0,0.3554387508336909,0.5894726317211797
18/08/2019 00:00,1.0,0.3554387508336909,0.5894726317211797
18/08/2019 01:00,1.0,0.3554387508336909,0.5894726317211797
18/08/2019 02:00,1.0,0.3554387508336909,0.5894726317211797
18/08/2019 03:00,1.0,0.3554387508336909,0.5894726317211797
18/08/2019 04:00,1.0,0.3554387508336909,0.5894726317211797
18/08/2019 05:00,1.0,0.3554387508336909,0.5894726317211797
18/08/2019 06:00,1.0,0.3554387508336909,0.5894726317211797
18/08/2019 07:00,1.0,0.3554387508336909,0.5894726317211797
18/08/2019 08:00,1.0,0.3554387508336909,0.5894726317211797
18/08/2019 09:00,1.0,0.3554387508336909,0.5894726317211797
18/08/2019 10:00,1.0,0.3554387508336909,0.5894726317211797
18/08/2019 11:00,1.0,0.3554387508336909,0.5894726317211797
18/08/2019 12:00,1.0,0.3554387508336909,0.5894726317211797
18/08/2019 13:00,1.0,0.3554387508336909,0.5894726317211797
18/08/2019 14:00,1.0,0.3554387508336909,0.5894726317211797
18/08/2019 15:00,1.0,0.3554387508336909,0.5894726317211797
18/08/2019 16:00,1.0,0.3554387508336909,0.5894726317211797
18/08/2019 17:00,1.0,0.3554387508336909,0.5894726317211797
18/08/2019 18:00,1.0,0.3554387508336909,0.5894726317211797
18/08/2019 19:00,1.0,0.3554387508336909,0.5894726317211797
18/08/2019 20:00,1.0,0.3554387508336909,0.5894726317211797
18/08/2019 21:00,1.0,0.3554387508336909,0.5894726317211797
18/08/2019 22:00,1.0,0.3554387508336909,0.5894726317211797
18/08/2019 23:00,1.0,0.3554387508336909,0.5894726317211797
19/08/2019 00:00,1.0,0.3554387508336909,0.5894726317211797
19/08/2019 01:00,1.0,0.3554387508336909,0.5894726317211797
19/08/2019 02:00,1.0,0.3554387508336909,0.5894726317211797
19/08/2019 03:00,1.0,0.3554387508336909,0.5894726317211797
19/08/2019 04:00,1.0,0.3554387508336909,0.5894726317211797
19/08/2019 05:00,1.0,0.3554387508336909,0.5894726317211797
19/08/2019 06:00,1.0,0.3554387508336909,0.5894726317211797
19/08/2019 07:00,1.0,0.3554387508336909,0.5894726317211797
19/08/2019 08:00,1.0,0.3554387508336909,0.5894726317211797
19/08/2019 09:00,1.0,0.3554387508336909,0.5894726317211797
19/08/2019 10:00,1.0,0.3554387508336909,0.5894726317211797
19/08/2019 11:00,1.0,0.3554387508336909,0.5894726317211797
19/08/2019 12:00,1.0,0.3554387508336909,0.5894726317211797
19/08/2019 13:00,1.0,0.3554387508336909,0.5894726317211797
19/08/2019 14:00,1.0,0.3554387508336909,0.5894726317211797
19/08/2019 15:00,1.0,0.3554387508336909,0.5894726317211797
19/08/2019 16:00,1.0,0.3554387508336909,0.5894726317211797
19/08/2019 17:00,1.0,0.3554387508336909,0.5894726317211797
19/08/2019 18:00,1.0,0.3554387508336909,0.5894726317211797
19/08/2019 19:00,1.0,0.3554387508336909,0.5894726317211797
19/08/2019 20:00,1.0,0.3554387508336909,0.5894726317211797
19/08/2019 21:00,1.0,0.3554387508336909,0.5894726317211797
19/08/2019 22:00,1.0,0.3554387508336909,0.5894726317211797
19/08/2019 23:00,1.0,0.3554387508336909,0.5894726317211797
20/08/2019 00:00,1.0,0.3554387508336909,0.5894726317211797
20/08/2019 01:00,1.0,0.3554387508336909,0.5894726317211797
20/08/2019 02:00,1.0,0.3554387508336909,0.5894726317211797
20/08/2019 03:00,1.0,0.3554387508336909,0.5894726317211797
20/08/2019 04:00,1.0,0.3554387508336909,0.5894726317211797
20/08/2019 05:00,1.0,0.3554387508336909,0.5894726317211797
20/08/2019 06:00,1.0,0.3554387508336909,0.5894726317211797
20/08/2019 07:00,1.0,0.3554387508336909,0.5894726317211797
20/08/2019 08:00,1.0,0.3554387508336909,0.5894726317211797
20/08/2019 09:00,1.0,0.3554387508336909,0.5894726317211797
20/08/2019 10:00,1.0,0.3554387508336909,0.5894726317211797
20/08/2019 11:00,1.0,0.3554387508336909,0.5894726317211797
20/08/2019 12:00,1.0,0.3554387508336909,0.5894726317211797
20/08/2019 13:00,1.0,0.3554387508336909,0.5894726317211797
20/08/2019 14:00,1.0,0.3554387508336909,0.5894726317211797
20/08/2019 15:00,1.0,0.3554387508336909,0.5894726317211797
20/08/2019 16:00,1.0,0.3554387508336909,0.5894726317211797
20/08/2019 17:00,1.0,0.3554387508336909,0.5894726317211797
20/08/2019 18:00,1.0,0.3554387508336909,0.5894726317211797
20/08/2019 19:00,1.0,0.3554387508336909,0.5894726317211797
20/08/2019 20:00,1.0,0.3554387508336909,0.5894726317211797
20/08/2019 21:00,1.0,0.3554387508336909,0.5894726317211797
20/08/2019 22:00,1.0,0.3554387508336909,0.5894726317211797
20/08/2019 23:00,1.0,0.3554387508336909,0.5894726317211797
21/08/2019 00:00,1.0,0.3554387508336909,0.5894726317211797
21/08/2019 01:00,1.0,0.3554387508336909,0.5894726317211797
21/08/2019 02:00,1.0,0.3554387508336909,0.5894726317211797
21/08/2019 03:00,1.0,0.3554387508336909,0.5894726317211797
21/08/2019 04:00,1.0,0.3554387508336909,0.5894726317211797
21/08/2019 05:00,1.0,0.3554387508336909,0.5894726317211797
21/08/2019 06:00,1.0,0.3554387508336909,0.5894726317211797
21/08/2019 07:00,1.0,0.3554387508336909,0.5894726317211797
21/08/2019 08:00,1.0,0.3554387508336909,0.5894726317211797
21/08/2019 09:00,1.0,0.3554387508336909,0.5894726317211797
21/08/2019 10:00,1.0,0.3554387508336909,0.5894726317211797
21/08/2019 11:00,1.0,0.3554387508336909,0.5894726317211797
21/08/2019 12:00,1.0,0.3554387508336909,0.5894726317211797
21/08/2019 13:00,1.0,0.3554387508336909,0.5894726317211797
21/08/2019 14:00,1.0,0.3554387508336909,0.5894726317211797
21/08/2019 15:00,1.0,0.3554387508336909,0.5894726317211797
21/08/2019 16:00,1.0,0.3554387508336909,0.5894726317211797
21/08/2019 17:00,1.0,0.3554387508336909,0.5894726317211797
21/08/2019 18:00,1.0,0.3554387508336909,0.5894726317211797
21/08/2019 19:00,1.0,0.3554387508336909,0.5894726317211797
21/08/2019 20:00,1.0,0.3554387508336909,0.5894726317211797
21/08/2019 21:00,1.0,0.3554387508336909,0.5894726317211797
21/08/2019 22:00,1.0,0.3554387508336909,0.5894726317211797
21/08/2019 23:00,1.0,0.3554387508336909,0.5894726317211797
22/08/2019 00:00,1.0,0.3554387508336909,0.5894726317211797
22/08/2019 01:00,1.0,0.3554387508336909,0.5894726317211797
22/08/2019 02:00,1.0,0.3554387508336909,0.5894726317211797
22/08/2019 03:00,1.0,0.3554387508336909,0.5894726317211797
22/08/2019 04:00,1.0,0.3554387508336909,0.5894726317211797
22/08/2019 05:00,1.0,0.3554387508336909,0.5894726317211797
22/08/2019 06:00,1.0,0.3554387508336909,0.5894726317211797
22/08/2019 07:00,1.0,0.3554387508336909,0.5894726317211797
22/08/2019 08:00,1.0,0.3554387508336909,0.5894726317211797
22/08/2019 09:00,1.0,0.3554387508336909,0.5894726317211797
22/08/2019 10:00,1.0,0.3554387508336909,0.5894726317211797
22/08/2019 11:00,1.0,0.3554387508336909,0.5894726317211797
22/08/2019 12:00,1.0,0.3554387508336909,0.5894726317211797
22/08/2019 13:00,1.0,0.3554387508336909,0.5894726317211797
22/08/2019 14:00,1.0,0.3554387508336909,0.5894726317211797
22/08/2019 15:00,1.0,0.3554387508336909,0.5894726317211797
22/08/2019 16:00,1.0,0.3554387508336909,0.5894726317211797
22/08/2019 17:00,1.0,0.3554387508336909,0.5894726317211797
22/08/2019 18:00,1.0,0.3554387508336909,0.5894726317211797
22/08/2019 19:00,1.0,0.3554387508336909,0.5894726317211797
22/08/2019 20:00,1.0,0.3554387508336909,0.5894726317211797
22/08/2019 21:00,1.0,0.3554387508336909,0.5894726317211797
22/08/2019 22:00,1.0,0.3554387508336909,0.5894726317211797
22/08/2019 23:00,1.0,0.3554387508336909,0.5894726317211797
23/08/2019 00:00,1.0,0.3554387508336909,0.5894726317211797
23/08/2019 01:00,1.0,0.3554387508336909,0.5894726317211797
23/08/2019 02:00,1.0,0.3554387508336909,0.5894726317211797
23/08/2019 03:00,1.0,0.3554387508336909,0.5894726317211797
23/08/2019 04:00,1.0,0.3554387508336909,0.5894726317211797
23/08/2019 05:00,1.0,0.3554387508336909,0.5894726317211797
23/08/2019 06:00,1.0,0.3554387508336909,0.5894726317211797
23/08/2019 07:00,1.0,0.3554387508336909,0.5894726317211797
23/08/2019 08:00,1.0,0.3554387508336909,0.5894726317211797
23/08/2019 09:00,1.0,0.3554387508336909,0.5894726317211797
23/08/2019 10:00,1.0,0.3554387508336909,0.5894726317211797
23/08/2019 11:00,1.0,0.3554387508336909,0.5894726317211797
23/08/2019 12:00,1.0,0.3554387508336909,0.5894726317211797
23/08/2019 13:00,1.0,0.3554387508336909,0.5894726317211797
23/08/2019 14:00,1.0,0.3554387508336909,0.5894726317211797
23/08/2019 15:00,1.0,0.3554387508336909,0.5894726317211797
23/08/2019 16:00,1.0,0.3554387508336909,0.5894726317211797
23/08/2019 17:00,1.0,0.3554387508336909,0.5894726317211797
23/08/2019 18:00,1.0,0.3554387508336909,0.5894726317211797
23/08/2019 19:00,1.0,0.3554387508336909,0.5894726317211797
23/08/2019 20:00,1.0,0.3554387508336909,0.5894726317211797
23/08/2019 21:00,1.0,0.3554387508336909,0.5894726317211797
23/08/2019 22:00,1.0,0.3554387508336909,0.5894726317211797
23/08/2019 23:00,1.0,0.3554387508336909,0.5894726317211797
24/08/2019 00:00,1.0,0.3554387508336909,0.5894726317211797
24/08/2019 01:00,1.0,0.3554387508336909,0.5894726317211797
24/08/2019 02:00,1.0,0.3554387508336909,0.5894726317211797
24/08/2019 03:00,1.0,0.3554387508336909,0.5894726317211797
24/08/2019 04:00,1.0,0.3554387508336909,0.5894726317211797
24/08/2019 05:00,1.0,0.3554387508336909,0.5894726317211797
24/08/2019 06:00,1.0,0.3554387508336909,0.5894726317211797
24/08/2019 07:00,1.0,0.3554387508336909,0.5894726317211797
24/08/2019 08:00,1.0,0.3554387508336909,0.5894726317211797
24/08/2019 09:00,1.0,0.3554387508336909,0.5894726317211797
24/08/2019 10:00,1.0,0.3554387508336909,0.5894726317211797
24/08/2019 11:00,1.0,0.3554387508336909,0.5894726317211797
24/08/2019 12:00,1.0,0.3554387508336909,0.5894726317211797
24/08/2019 13:00,1.0,0.3554387508336909,0.5894726317211797
24/08/2019 14:00,1.0,0.3554387508336909,0.5894726317211797
24/08/2019 15:00,1.0,0.3554387508336909,0.5894726317211797
24/08/2019 16:00,1.0,0.3554387508336909,0.5894726317211797
24/08/2019 17:00,1.0,0.3554387508336909,0.5894726317211797
24/08/2019 18:00,1.0,0.3554387508336909,0.5894726317211797
24/08/2019 19:00,1.0,0.3554387508336909,0.5894726317211797
24/08/2019 20:00,1.0,0.3554387508336909,0.5894726317211797
24/08/2019 21:00,1.0,0.3554387508336909,0.5894726317211797
24/08/2019 22:00,1.0,0.3554387508336909,0.5894726317211797
24/08/2019 23:00,1.0,0.3554387508336909,0.5894726317211797
25/08/2019 00:00,1.0,0.3554387508336909,0.5894726317211797
25/08/2019 01:00,1.0,0.3554387508336909,0.5894726317211797
25/08/2019 02:00,1.0,0.3554387508336909,0.5894726317211797
25/08/2019 03:00,1.0,0.3554387508336909,0.5894726317211797
25/08/2019 04:00,1.0,0.3554387508336909,0.5894726317211797
25/08/2019 05:00,1.0,0.3554387508336909,0.5894726317211797
25/08/2019 06:00,1.0,0.3554387508336909,0.5894726317211797
25/08/2019 07:00,1.0,0.3554387508336909,0.5894726317211797
25/08/2019 08:00,1.0,0.3554387508336909,0.5894726317211797
25/08/2019 09:00,1.0,0.3554387508336909,0.5894726317211797
25/08/2019 10:00,1.0,0.3554387508336909,0.5894726317211797
25/08/2019 11:00,1.0,0.3554387508336909,0.5894726317211797
25/08/2019 12:00,1.0,0.3554387508336909,0.5894726317211797
25/08/2019 13:00,1.0,0.3554387508336909,0.5894726317211797
25/08/2019 14:00,1.0,0.3554387508336909,0.5894726317211797
25/08/2019 15:00,1.0,0.3554387508336909,0.5894726317211797
25/08/2019 16:00,1.0,0.3554387508336909,0.5894726317211797
25/08/2019 17:00,1.0,0.3554387508336909,0.5894726317211797
25/08/2019 18:00,1.0,0.3554387508336909,0.5894726317211797
25/08/2019 19:00,1.0,0.3554387508336909,0.5894726317211797
25/08/2019 20:00,1.0,0.3554387508336909,0.5894726317211797
25/08/2019 21:00,1.0,0.3554387508336909,0.5894726317211797
25/08/2019 22:00,1.0,0.3554387508336909,0.5894726317211797
25/08/2019 23:00,1.0,0.3554387508336909,0.5894726317211797
26/08/2019 00:00,1.0,0.3554387508336909,0.5894726317211797
26/08/2019 01:00,1.0,0.3554387508336909,0.5894726317211797
26/08/2019 02:00,1.0,0.3554387508336909,0.5894726317211797
26/08/2019 03:00,1.0,0.3554387508336909,0.5894726317211797
26/08/2019 04:00,1.0,0.3554387508336909,0.5894726317211797
26/08/2019 05:00,1.0,0.3554387508336909,0.5894726317211797
26/08/2019 06:00,1.0,0.3554387508336909,0.5894726317211797
26/08/2019 07:00,1.0,0.3554387508336909,0.5894726317211797
26/08/2019 08:00,1.0,0.3554387508336909,0.5894726317211797
26/08/2019 09:00,1.0,0.3554387508336909,0.5894726317211797
26/08/2019 10:00,1.0,0.3554387508336909,0.5894726317211797
26/08/2019 11:00,1.0,0.3554387508336909,0.5894726317211797
26/08/2019 12:00,1.0,0.3554387508336909,0.5894726317211797
26/08/2019 13:00,1.0,0.3554387508336909,0.5894726317211797
26/08/2019 14:00,1.0,0.3554387508336909,0.5894726317211797
26/08/2019 15:00,1.0,0.3554387508336909,0.5894726317211797
26/08/2019 16:00,1.0,0.3554387508336909,0.5894726317211797
26/08/2019 17:00,1.0,0.3554387508336909,0.5894726317211797
26/08/2019 18:00,1.0,0.3554387508336909,0.5894726317211797
26/08/2019 19:00,1.0,0.3554387508336909,0.5894726317211797
26/08/2019 20:00,1.0,0.3554387508336909,0.5894726317211797
26/08/2019 21:00,1.0,0.3554387508336909,0.5894726317211797
26/08/2019 22:00,1.0,0.3554387508336909,0.5894726317211797
26/08/2019 23:00,1.0,0.3554387508336909,0.5894726317211797
27/08/2019 00:00,1.0,0.3554387508336909,0.5894726317211797
27/08/2019 01:00,1.0,0.3554387508336909,0.5894726317211797
27/08/2019 02:00,1.0,0.3554387508336909,0.5894726317211797
27/08/2019 03:00,1.0,0.3554387508336909,0.5894726317211797
27/08/2019 04:00,1.0,0.3554387508336909,0.5894726317211797
27/08/2019 05:00,1.0,0.3554387508336909,0.5894726317211797
27/08/2019 06:00,1.0,0.3554387508336909,0.5894726317211797
27/08/2019 07:00,1.0,0.3554387508336909,0.5894726317211797
27/08/2019 08:00,1.0,0.3554387508336909,0.5894726317211797
27/08/2019 09:00,1.0,0.3554387508336909,0.5894726317211797
27/08/2019 10:00,1.0,0.3554387508336909,0.5894726317211797
27/08/2019 11:00,1.0,0.3554387508336909,0.5894726317211797
27/08/2019 12:00,1.0,0.3554387508336909,0.5894726317211797
27/08/2019 13:00,1.0,0.3554387508336909,0.5894726317211797
27/08/2019 14:00,1.0,0.3554387508336909,0.5894726317211797
27/08/2019 15:00,1.0,0.3554387508336909,0.5894726317211797
27/08/2019 16:00,1.0,0.3554387508336909,0.5894726317211797
27/08/2019 17:00,1.0,0.3554387508336909,0.5894726317211797
27/08/2019 18:00,1.0,0.3554387508336909,0.5894726317211797
27/08/2019 19:00,1.0,0.3554387508336909,0.5894726317211797
27/08/2019 20:00,1.0,0.3554387508336909,0.5894726317211797
27/08/2019 21:00,1.0,0.3554387508336909,0.5894726317211797
27/08/2019 22:00,1.0,0.3554387508336909,0.5894726317211797
27/08/2019 23:00,1.0,0.3554387508336909,0.5894726317211797
28/08/2019 00:00,1.0,0.3554387508336909,0.5894726317211797
28/08/2019 01:00,1.0,0.3554387508336909,0.5894726317211797
28/08/2019 02:00,1.0,0.3554387508336909,0.5894726317211797
28/08/2019 03:00,1.0,0.3554387508336909,0.5894726317211797
28/08/2019 04:00,1.0,0.3554387508336909,0.5894726317211797
28/08/2019 05:00,1.0,0.3554387508336909,0.5894726317211797
28/08/2019 06:00,1.0,0.3554387508336909,0.5894726317211797
28/08/2019 07:00,1.0,0.3554387508336909,0.5894726317211797
28/08/2019 08:00,1.0,0.3554387508336909,0.5894726317211797
28/08/2019 09:00,1.0,0.3554387508336909,0.5894726317211797
28/08/2019 10:00,1.0,0.3554387508336909,0.5894726317211797
28/08/2019 11:00,1.0,0.3554387508336909,0.5894726317211797
28/08/2019 12:00,1.0,0.3554387508336909,0.5894726317211797
28/08/2019 13:00,1.0,0.3554387508336909,0.5894726317211797
28/08/2019 14:00,1.0,0.3554387508336909,0.5894726317211797
28/08/2019 15:00,1.0,0.3554387508336909,0.5894726317211797
28/08/2019 16:00,1.0,0.3554387508336909,0.5894726317211797
28/08/2019 17:00,1.0,0.3554387508336909,0.5894726317211797
28/08/2019 18:00,1.0,0.3554387508336909,0.5894726317211797
28/08/2019 19:00,1.0,0.3554387508336909,0.5894726317211797
28/08/2019 20:00,1.0,0.3554387508336909,0.5894726317211797
28/08/2019 21:00,1.0,0.3554387508336909,0.5894726317211797
28/08/2019 22:00,1.0,0.3554387508336909,0.5894726317211797
28/08/2019 23:00,1.0,0.3554387508336909,0.5894726317211797
29/08/2019 00:00,1.0,0.3554387508336909,0.5894726317211797
29/08/2019 01:00,1.0,0.3554387508336909,0.5894726317211797
29/08/2019 02:00,1.0,0.3554387508336909,0.5894726317211797
29/08/2019 03:00,1.0,0.3554387508336909,0.5894726317211797
29/08/2019 04:00,1.0,0.3554387508336909,0.5894726317211797
29/08/2019 05:00,1.0,0.3554387508336909,0.5894726317211797
29/08/2019 06:00,1.0,0.3554387508336909,0.5894726317211797
29/08/2019 07:00,1.0,0.3554387508336909,0.5894726317211797
29/08/2019 08:00,1.0,0.3554387508336909,0.5894726317211797
29/08/2019 09:00,1.0,0.3554387508336909,0.5894726317211797
29/08/2019 10:00,1.0,0.3554387508336909,0.5894726317211797
29/08/2019 11:00,1.0,0.3554387508336909,0.5894726317211797
29/08/2019 12:00,1.0,0.3554387508336909,0.5894726317211797
29/08/2019 13:00,1.0,0.3554387508336909,0.5894726317211797
29/08/2019 14:00,1.0,0.3554387508336909,0.5894726317211797
29/08/2019 15:00,1.0,0.3554387508336909,0.5894726317211797
29/08/2019 16:00,1.0,0.3554387508336909,0.5894726317211797
29/08/2019 17:00,1.0,0.3554387508336909,0.5894726317211797
29/08/2019 18:00,1.0,0.3554387508336909,0.5894726317211797
29/08/2019 19:00,1.0,0.3554387508336909,0.5894726317211797
29/08/2019 20:00,1.0,0.3554387508336909,0.5894726317211797
29/08/2019 21:00,1.0,0.3554387508336909,0.5894726317211797
29/08/2019 22:00,1.0,0.3554387508336909,0.5894726317211797
29/08/2019 23:00,1.0,0.3554387508336909,0.5894726317211797
30/08/2019 00:00,1.0,0.3554387508336909,0.5894726317211797
30/08/2019 01:00,1.0,0.3554387508336909,0.5894726317211797
30/08/2019 02:00,1.0,0.3554387508336909,0.5894726317211797
30/08/2019 03:00,1.0,0.3554387508336909,0.5894726317211797
30/08/2019 04:00,1.0,0.3554387508336909,0.5894726317211797
30/08/2019 05:00,1.0,0.3554387508336909,0.5894726317211797
30/08/2019 06:00,1.0,0.3554387508336909,0.5894726317211797
30/08/2019 07:00,1.0,0.3554387508336909,0.5894726317211797
30/08/2019 08:00,1.0,0.3554387508336909,0.5894726317211797
30/08/2019 09:00,1.0,0.3554387508336909,0.5894726317211797
30/08/2019 10:00,1.0,0.3554387508336909,0.5894726317211797
30/08/2019 11:00,1.0,0.3554387508336909,0.5894726317211797
30/08/2019 12:00,1.0,0.3554387508336909,0.5894726317211797
30/08/2019 13:00,1.0,0.3554387508336909,0.5894726317211797
30/08/2019 14:00,1.0,0.3554387508336909,0.5894726317211797
30/08/2019 15:00,1.0,0.3554387508336909,0.5894726317211797
30/08/2019 16:00,1.0,0.3554387508336909,0.5894726317211797
30/08/2019 17:00,1.0,0.3554387508336909,0.5894726317211797
30/08/2019 18:00,1.0,0.3554387508336909,0.5894726317211797
30/08/2019 19:00,1.0,0.3554387508336909,0.5894726317211797
30/08/2019 20:00,1.0,0.3554387508336909,0.5894726317211797
30/08/2019 21:00,1.0,0.3554387508336909,0.5894726317211797
30/08/2019 22:00,1.0,0.3554387508336909,0.5894726317211797
30/08/2019 23:00,1.0,0.3554387508336909,0.5894726317211797
31/08/2019 00:00,1.0,0.3554387508336909,0.5894726317211797
31/08/2019 01:00,1.0,0.3554387508336909,0.5894726317211797
31/08/2019 02:00,1.0,0.3554387508336909,0.5894726317211797
31/08/2019 03:00,1.0,0.3554387508336909,0.5894726317211797
31/08/2019 04:00,1.0,0.3554387508336909,0.5894726317211797
31/08/2019 05:00,1.0,0.3554387508336909,0.5894726317211797
31/08/2019 06:00,1.0,0.3554387508336909,0.5894726317211797
31/08/2019 07:00,1.0,0.3554387508336909,0.5894726317211797
31/08/2019 08:00,1.0,0.3554387508336909,0.5894726317211797
31/08/2019 09:00,1.0,0.3554387508336909,0.5894726317211797
31/08/2019 10:00,1.0,0.3554387508336909,0.5894726317211797
31/08/2019 11:00,1.0,0.3554387508336909,0.5894726317211797
31/08/2019 12:00,1.0,0.3554387508336909,0.5894726317211797
31/08/2019 13:00,1.0,0.3554387508336909,0.5894726317211797
31/08/2019 14:00,1.0,0.3554387508336909,0.5894726317211797
31/08/2019 15:00,1.0,0.3554387508336909,0.5894726317211797
31/08/2019 16:00,1.0,0.3554387508336909,0.5894726317211797
31/08/2019 17:00,1.0,0.3554387508336909,0.5894726317211797
31/08/2019 18:00,1.0,0.3554387508336909,0.5894726317211797
31/08/2019 19:00,1.0,0.3554387508336909,0.5894726317211797
31/08/2019 20:00,1.0,0.3554387508336909,0.5894726317211797
31/08/2019 21:00,1.0,0.3554387508336909,0.5894726317211797
31/08/2019 22:00,1.0,0.3554387508336909,0.5894726317211797
31/08/2019 23:00,1.0,0.3554387508336909,0.5894726317211797
01/09/2019 00:00,0.9866026622147726,0.5962295713868222,0.677716646088682
01/09/2019 01:00,0.9866026622147726,0.5962295713868222,0.677716646088682
01/09/2019 02:00,0.9866026622147726,0.5962295713868222,0.677716646088682
01/09/2019 03:00,0.9866026622147726,0.5962295713868222,0.677716646088682
01/09/2019 04:00,0.9866026622147726,0.5962295713868222,0.677716646088682
01/09/2019 05:00,0.9866026622147726,0.5962295713868222,0.677716646088682
01/09/2019 06:00,0.9866026622147726,0.5962295713868222,0.677716646088682
01/09/2019 07:00,0.9866026622147726,0.5962295713868222,0.677716646088682
01/09/2019 08:00,0.9866026622147726,0.5962295713868222,0.677716646088682
01/09/2019 09:00,0.9866026622147726,0.5962295713868222,0.677716646088682
01/09/2019 10:00,0.9866026622147726,0.5962295713868222,0.677716646088682
01/09/2019 11:00,0.9866026622147726,0.5962295713868222,0.677716646088682
01/09/2019 12:00,0.9866026622147726,0.5962295713868222,0.677716646088682
01/09/2019 13:00,0.9866026622147726,0.5962295713868222,0.677716646088682
01/09/2019 14:00,0.9866026622147726,0.5962295713868222,0.677716646088682
01/09/2019 15:00,0.9866026622147726,0.5962295713868222,0.677716646088682
01/09/2019 16:00,0.9866026622147726,0.5962295713868222,0.677716646088682
01/09/2019 17:00,0.9866026622147726,0.5962295713868222,0.677716646088682
01/09/2019 18:00,0.9866026622147726,0.5962295713868222,0.677716646088682
01/09/2019 19:00,0.9866026622147726,0.5962295713868222,0.677716646088682
01/09/2019 20:00,0.9866026622147726,0.5962295713868222,0.677716646088682
01/09/2019 21:00,0.9866026622147726,0.5962295713868222,0.677716646088682
01/09/2019 22:00,0.9866026622147726,0.5962295713868222,0.677716646088682
01/09/2019 23:00,0.9866026622147726,0.5962295713868222,0.677716646088682
02/09/2019 00:00,0.9866026622147726,0.5962295713868222,0.677716646088682
02/09/2019 01:00,0.9866026622147726,0.5962295713868222,0.677716646088682
02/09/2019 02:00,0.9866026622147726,0.5962295713868222,0.677716646088682
02/09/2019 03:00,0.9866026622147726,0.5962295713868222,0.677716646088682
02/09/2019 04:00,0.9866026622147726,0.5962295713868222,0.677716646088682
02/09/2019 05:00,0.9866026622147726,0.5962295713868222,0.677716646088682
02/09/2019 06:00,0.9866026622147726,0.5962295713868222,0.677716646088682
02/09/2019 07:00,0.9866026622147726,0.5962295713868222,0.677716646088682
02/09/2019 08:00,0.9866026622147726,0.5962295713868222,0.677716646088682
02/09/2019 09:00,0.9866026622147726,0.5962295713868222,0.677716646088682
02/09/2019 10:00,0.9866026622147726,0.5962295713868222,0.677716646088682
02/09/2019 11:00,0.9866026622147726,0.5962295713868222,0.677716646088682
02/09/2019 12:00,0.9866026622147726,0.5962295713868222,0.677716646088682
02/09/2019 13:00,0.9866026622147726,0.5962295713868222,0.677716646088682
02/09/2019 14:00,0.9866026622147726,0.5962295713868222,0.677716646088682
02/09/2019 15:00,0.9866026622147726,0.5962295713868222,0.677716646088682
02/09/2019 16:00,0.9866026622147726,0.5962295713868222,0.677716646088682
02/09/2019 17:00,0.9866026622147726,0.5962295713868222,0.677716646088682
02/09/2019 18:00,0.9866026622147726,0.5962295713868222,0.677716646088682
02/09/2019 19:00,0.9866026622147726,0.5962295713868222,0.677716646088682
02/09/2019 20:00,0.9866026622147726,0.5962295713868222,0.677716646088682
02/09/2019 21:00,0.9866026622147726,0.5962295713868222,0.677716646088682
02/09/2019 22:00,0.9866026622147726,0.5962295713868222,0.677716646088682
02/09/2019 23:00,0.9866026622147726,0.5962295713868222,0.677716646088682
03/09/2019 00:00,0.9866026622147726,0.5962295713868222,0.677716646088682
03/09/2019 01:00,0.9866026622147726,0.5962295713868222,0.677716646088682
03/09/2019 02:00,0.9866026622147726,0.5962295713868222,0.677716646088682
03/09/2019 03:00,0.9866026622147726,0.5962295713868222,0.677716646088682
03/09/2019 04:00,0.9866026622147726,0.5962295713868222,0.677716646088682
03/09/2019 05:00,0.9866026622147726,0.5962295713868222,0.677716646088682
03/09/2019 06:00,0.9866026622147726,0.5962295713868222,0.677716646088682
03/09/2019 07:00,0.9866026622147726,0.5962295713868222,0.677716646088682
03/09/2019 08:00,0.9866026622147726,0.5962295713868222,0.677716646088682
03/09/2019 09:00,0.9866026622147726,0.5962295713868222,0.677716646088682
03/09/2019 10:00,0.9866026622147726,0.5962295713868222,0.677716646088682
03/09/2019 11:00,0.9866026622147726,0.5962295713868222,0.677716646088682
03/09/2019 12:00,0.9866026622147726,0.5962295713868222,0.677716646088682
03/09/2019 13:00,0.9866026622147726,0.5962295713868222,0.677716646088682
03/09/2019 14:00,0.9866026622147726,0.5962295713868222,0.677716646088682
03/09/2019 15:00,0.9866026622147726,0.5962295713868222,0.677716646088682
03/09/2019 16:00,0.9866026622147726,0.5962295713868222,0.677716646088682
03/09/2019 17:00,0.9866026622147726,0.5962295713868222,0.677716646088682
03/09/2019 18:00,0.9866026622147726,0.5962295713868222,0.677716646088682
03/09/2019 19:00,0.9866026622147726,0.5962295713868222,0.677716646088682
03/09/2019 20:00,0.9866026622147726,0.5962295713868222,0.677716646088682
03/09/2019 21:00,0.9866026622147726,0.5962295713868222,0.677716646088682
03/09/2019 22:00,0.9866026622147726,0.5962295713868222,0.677716646088682
03/09/2019 23:00,0.9866026622147726,0.5962295713868222,0.677716646088682
04/09/2019 00:00,0.9866026622147726,0.5962295713868222,0.677716646088682
04/09/2019 01:00,0.9866026622147726,0.5962295713868222,0.677716646088682
04/09/2019 02:00,0.9866026622147726,0.5962295713868222,0.677716646088682
04/09/2019 03:00,0.9866026622147726,0.5962295713868222,0.677716646088682
04/09/2019 04:00,0.9866026622147726,0.5962295713868222,0.677716646088682
04/09/2019 05:00,0.9866026622147726,0.5962295713868222,0.677716646088682
04/09/2019 06:00,0.9866026622147726,0.5962295713868222,0.677716646088682
04/09/2019 07:00,0.9866026622147726,0.5962295713868222,0.677716646088682
04/09/2019 08:00,0.9866026622147726,0.5962295713868222,0.677716646088682
04/09/2019 09:00,0.9866026622147726,0.5962295713868222,0.677716646088682
04/09/2019 10:00,0.9866026622147726,0.5962295713868222,0.677716646088682
04/09/2019 11:00,0.9866026622147726,0.5962295713868222,0.677716646088682
04/09/2019 12:00,0.9866026622147726,0.5962295713868222,0.677716646088682
04/09/2019 13:00,0.9866026622147726,0.5962295713868222,0.677716646088682
04/09/2019 14:00,0.9866026622147726,0.5962295713868222,0.677716646088682
04/09/2019 15:00,0.9866026622147726,0.5962295713868222,0.677716646088682
04/09/2019 16:00,0.9866026622147726,0.5962295713868222,0.677716646088682
04/09/2019 17:00,0.9866026622147726,0.5962295713868222,0.677716646088682
04/09/2019 18:00,0.9866026622147726,0.5962295713868222,0.677716646088682
04/09/2019 19:00,0.9866026622147726,0.5962295713868222,0.677716646088682
04/09/2019 20:00,0.9866026622147726,0.5962295713868222,0.677716646088682
04/09/2019 21:00,0.9866026622147726,0.5962295713868222,0.677716646088682
04/09/2019 22:00,0.9866026622147726,0.5962295713868222,0.677716646088682
04/09/2019 23:00,0.9866026622147726,0.5962295713868222,0.677716646088682
05/09/2019 00:00,0.9866026622147726,0.5962295713868222,0.677716646088682
05/09/2019 01:00,0.9866026622147726,0.5962295713868222,0.677716646088682
05/09/2019 02:00,0.9866026622147726,0.5962295713868222,0.677716646088682
05/09/2019 03:00,0.9866026622147726,0.5962295713868222,0.677716646088682
05/09/2019 04:00,0.9866026622147726,0.5962295713868222,0.677716646088682
05/09/2019 05:00,0.9866026622147726,0.5962295713868222,0.677716646088682
05/09/2019 06:00,0.9866026622147726,0.5962295713868222,0.677716646088682
05/09/2019 07:00,0.9866026622147726,0.5962295713868222,0.677716646088682
05/09/2019 08:00,0.9866026622147726,0.5962295713868222,0.677716646088682
05/09/2019 09:00,0.9866026622147726,0.5962295713868222,0.677716646088682
05/09/2019 10:00,0.9866026622147726,0.5962295713868222,0.677716646088682
05/09/2019 11:00,0.9866026622147726,0.5962295713868222,0.677716646088682
05/09/2019 12:00,0.9866026622147726,0.5962295713868222,0.677716646088682
05/09/2019 13:00,0.9866026622147726,0.5962295713868222,0.677716646088682
05/09/2019 14:00,0.9866026622147726,0.5962295713868222,0.677716646088682
05/09/2019 15:00,0.9866026622147726,0.5962295713868222,0.677716646088682
05/09/2019 16:00,0.9866026622147726,0.5962295713868222,0.677716646088682
05/09/2019 17:00,0.9866026622147726,0.5962295713868222,0.677716646088682
05/09/2019 18:00,0.9866026622147726,0.5962295713868222,0.677716646088682
05/09/2019 19:00,0.9866026622147726,0.5962295713868222,0.677716646088682
05/09/2019 20:00,0.9866026622147726,0.5962295713868222,0.677716646088682
05/09/2019 21:00,0.9866026622147726,0.5962295713868222,0.677716646088682
05/09/2019 22:00,0.9866026622147726,0.5962295713868222,0.677716646088682
05/09/2019 23:00,0.9866026622147726,0.5962295713868222,0.677716646088682
06/09/2019 00:00,0.9866026622147726,0.5962295713868222,0.677716646088682
06/09/2019 01:00,0.9866026622147726,0.5962295713868222,0.677716646088682
06/09/2019 02:00,0.9866026622147726,0.5962295713868222,0.677716646088682
06/09/2019 03:00,0.9866026622147726,0.5962295713868222,0.677716646088682
06/09/2019 04:00,0.9866026622147726,0.5962295713868222,0.677716646088682
06/09/2019 05:00,0.9866026622147726,0.5962295713868222,0.677716646088682
06/09/2019 06:00,0.9866026622147726,0.5962295713868222,0.677716646088682
06/09/2019 07:00,0.9866026622147726,0.5962295713868222,0.677716646088682
06/09/2019 08:00,0.9866026622147726,0.5962295713868222,0.677716646088682
06/09/2019 09:00,0.9866026622147726,0.5962295713868222,0.677716646088682
06/09/2019 10:00,0.9866026622147726,0.5962295713868222,0.677716646088682
06/09/2019 11:00,0.9866026622147726,0.5962295713868222,0.677716646088682
06/09/2019 12:00,0.9866026622147726,0.5962295713868222,0.677716646088682
06/09/2019 13:00,0.9866026622147726,0.5962295713868222,0.677716646088682
06/09/2019 14:00,0.9866026622147726,0.5962295713868222,0.677716646088682
06/09/2019 15:00,0.9866026622147726,0.5962295713868222,0.677716646088682
06/09/2019 16:00,0.9866026622147726,0.5962295713868222,0.677716646088682
06/09/2019 17:00,0.9866026622147726,0.5962295713868222,0.677716646088682
06/09/2019 18:00,0.9866026622147726,0.5962295713868222,0.677716646088682
06/09/2019 19:00,0.9866026622147726,0.5962295713868222,0.677716646088682
06/09/2019 20:00,0.9866026622147726,0.5962295713868222,0.677716646088682
06/09/2019 21:00,0.9866026622147726,0.5962295713868222,0.677716646088682
06/09/2019 22:00,0.9866026622147726,0.5962295713868222,0.677716646088682
06/09/2019 23:00,0.9866026622147726,0.5962295713868222,0.677716646088682
07/09/2019 00:00,0.9866026622147726,0.5962295713868222,0.677716646088682
07/09/2019 01:00,0.9866026622147726,0.5962295713868222,0.677716646088682
07/09/2019 02:00,0.9866026622147726,0.5962295713868222,0.677716646088682
07/09/2019 03:00,0.9866026622147726,0.5962295713868222,0.677716646088682
07/09/2019 04:00,0.9866026622147726,0.5962295713868222,0.677716646088682
07/09/2019 05:00,0.9866026622147726,0.5962295713868222,0.677716646088682
07/09/2019 06:00,0.9866026622147726,0.5962295713868222,0.677716646088682
07/09/2019 07:00,0.9866026622147726,0.5962295713868222,0.677716646088682
07/09/2019 08:00,0.9866026622147726,0.5962295713868222,0.677716646088682
07/09/2019 09:00,0.9866026622147726,0.5962295713868222,0.677716646088682
07/09/2019 10:00,0.9866026622147726,0.5962295713868222,0.677716646088682
07/09/2019 11:00,0.9866026622147726,0.5962295713868222,0.677716646088682
07/09/2019 12:00,0.9866026622147726,0.5962295713868222,0.677716646088682
07/09/2019 13:00,0.9866026622147726,0.5962295713868222,0.677716646088682
07/09/2019 14:00,0.9866026622147726,0.5962295713868222,0.677716646088682
07/09/2019 15:00,0.9866026622147726,0.5962295713868222,0.677716646088682
07/09/2019 16:00,0.9866026622147726,0.5962295713868222,0.677716646088682
07/09/2019 17:00,0.9866026622147726,0.5962295713868222,0.677716646088682
07/09/2019 18:00,0.9866026622147726,0.5962295713868222,0.677716646088682
07/09/2019 19:00,0.9866026622147726,0.5962295713868222,0.677716646088682
07/09/2019 20:00,0.9866026622147726,0.5962295713868222,0.677716646088682
07/09/2019 21:00,0.9866026622147726,0.5962295713868222,0.677716646088682
07/09/2019 22:00,0.9866026622147726,0.5962295713868222,0.677716646088682
07/09/2019 23:00,0.9866026622147726,0.5962295713868222,0.677716646088682
08/09/2019 00:00,0.9866026622147726,0.5962295713868222,0.677716646088682
08/09/2019 01:00,0.9866026622147726,0.5962295713868222,0.677716646088682
08/09/2019 02:00,0.9866026622147726,0.5962295713868222,0.677716646088682
08/09/2019 03:00,0.9866026622147726,0.5962295713868222,0.677716646088682
08/09/2019 04:00,0.9866026622147726,0.5962295713868222,0.677716646088682
08/09/2019 05:00,0.9866026622147726,0.5962295713868222,0.677716646088682
08/09/2019 06:00,0.9866026622147726,0.5962295713868222,0.677716646088682
08/09/2019 07:00,0.9866026622147726,0.5962295713868222,0.677716646088682
08/09/2019 08:00,0.9866026622147726,0.5962295713868222,0.677716646088682
08/09/2019 09:00,0.9866026622147726,0.5962295713868222,0.677716646088682
08/09/2019 10:00,0.9866026622147726,0.5962295713868222,0.677716646088682
08/09/2019 11:00,0.9866026622147726,0.5962295713868222,0.677716646088682
08/09/2019 12:00,0.9866026622147726,0.5962295713868222,0.677716646088682
08/09/2019 13:00,0.9866026622147726,0.5962295713868222,0.677716646088682
08/09/2019 14:00,0.9866026622147726,0.5962295713868222,0.677716646088682
08/09/2019 15:00,0.9866026622147726,0.5962295713868222,0.677716646088682
08/09/2019 16:00,0.9866026622147726,0.5962295713868222,0.677716646088682
08/09/2019 17:00,0.9866026622147726,0.5962295713868222,0.677716646088682
08/09/2019 18:00,0.9866026622147726,0.5962295713868222,0.677716646088682
08/09/2019 19:00,0.9866026622147726,0.5962295713868222,0.677716646088682
08/09/2019 20:00,0.9866026622147726,0.5962295713868222,0.677716646088682
08/09/2019 21:00,0.9866026622147726,0.5962295713868222,0.677716646088682
08/09/2019 22:00,0.9866026622147726,0.5962295713868222,0.677716646088682
08/09/2019 23:00,0.9866026622147726,0.5962295713868222,0.677716646088682
09/09/2019 00:00,0.9866026622147726,0.5962295713868222,0.677716646088682
09/09/2019 01:00,0.9866026622147726,0.5962295713868222,0.677716646088682
09/09/2019 02:00,0.9866026622147726,0.5962295713868222,0.677716646088682
09/09/2019 03:00,0.9866026622147726,0.5962295713868222,0.677716646088682
09/09/2019 04:00,0.9866026622147726,0.5962295713868222,0.677716646088682
09/09/2019 05:00,0.9866026622147726,0.5962295713868222,0.677716646088682
09/09/2019 06:00,0.9866026622147726,0.5962295713868222,0.677716646088682
09/09/2019 07:00,0.9866026622147726,0.5962295713868222,0.677716646088682
09/09/2019 08:00,0.9866026622147726,0.5962295713868222,0.677716646088682
09/09/2019 09:00,0.9866026622147726,0.5962295713868222,0.677716646088682
09/09/2019 10:00,0.9866026622147726,0.5962295713868222,0.677716646088682
09/09/2019 11:00,0.9866026622147726,0.5962295713868222,0.677716646088682
09/09/2019 12:00,0.9866026622147726,0.5962295713868222,0.677716646088682
09/09/2019 13:00,0.9866026622147726,0.5962295713868222,0.677716646088682
09/09/2019 14:00,0.9866026622147726,0.5962295713868222,0.677716646088682
09/09/2019 15:00,0.9866026622147726,0.5962295713868222,0.677716646088682
09/09/2019 16:00,0.9866026622147726,0.5962295713868222,0.677716646088682
09/09/2019 17:00,0.9866026622147726,0.5962295713868222,0.677716646088682
09/09/2019 18:00,0.9866026622147726,0.5962295713868222,0.677716646088682
09/09/2019 19:00,0.9866026622147726,0.5962295713868222,0.677716646088682
09/09/2019 20:00,0.9866026622147726,0.5962295713868222,0.677716646088682
09/09/2019 21:00,0.9866026622147726,0.5962295713868222,0.677716646088682
09/09/2019 22:00,0.9866026622147726,0.5962295713868222,0.677716646088682
09/09/2019 23:00,0.9866026622147726,0.5962295713868222,0.677716646088682
10/09/2019 00:00,0.9866026622147726,0.5962295713868222,0.677716646088682
10/09/2019 01:00,0.9866026622147726,0.5962295713868222,0.677716646088682
10/09/2019 02:00,0.9866026622147726,0.5962295713868222,0.677716646088682
10/09/2019 03:00,0.9866026622147726,0.5962295713868222,0.677716646088682
10/09/2019 04:00,0.9866026622147726,0.5962295713868222,0.677716646088682
10/09/2019 05:00,0.9866026622147726,0.5962295713868222,0.677716646088682
10/09/2019 06:00,0.9866026622147726,0.5962295713868222,0.677716646088682
10/09/2019 07:00,0.9866026622147726,0.5962295713868222,0.677716646088682
10/09/2019 08:00,0.9866026622147726,0.5962295713868222,0.677716646088682
10/09/2019 09:00,0.9866026622147726,0.5962295713868222,0.677716646088682
10/09/2019 10:00,0.9866026622147726,0.5962295713868222,0.677716646088682
10/09/2019 11:00,0.9866026622147726,0.5962295713868222,0.677716646088682
10/09/2019 12:00,0.9866026622147726,0.5962295713868222,0.677716646088682
10/09/2019 13:00,0.9866026622147726,0.5962295713868222,0.677716646088682
10/09/2019 14:00,0.9866026622147726,0.5962295713868222,0.677716646088682
10/09/2019 15:00,0.9866026622147726,0.5962295713868222,0.677716646088682
10/09/2019 16:00,0.9866026622147726,0.5962295713868222,0.677716646088682
10/09/2019 17:00,0.9866026622147726,0.5962295713868222,0.677716646088682
10/09/2019 18:00,0.9866026622147726,0.5962295713868222,0.677716646088682
10/09/2019 19:00,0.9866026622147726,0.5962295713868222,0.677716646088682
10/09/2019 20:00,0.9866026622147726,0.5962295713868222,0.677716646088682
10/09/2019 21:00,0.9866026622147726,0.5962295713868222,0.677716646088682
10/09/2019 22:00,0.9866026622147726,0.5962295713868222,0.677716646088682
10/09/2019 23:00,0.9866026622147726,0.5962295713868222,0.677716646088682
11/09/2019 00:00,0.9866026622147726,0.5962295713868222,0.677716646088682
11/09/2019 01:00,0.9866026622147726,0.5962295713868222,0.677716646088682
11/09/2019 02:00,0.9866026622147726,0.5962295713868222,0.677716646088682
11/09/2019 03:00,0.9866026622147726,0.5962295713868222,0.677716646088682
11/09/2019 04:00,0.9866026622147726,0.5962295713868222,0.677716646088682
11/09/2019 05:00,0.9866026622147726,0.5962295713868222,0.677716646088682
11/09/2019 06:00,0.9866026622147726,0.5962295713868222,0.677716646088682
11/09/2019 07:00,0.9866026622147726,0.5962295713868222,0.677716646088682
11/09/2019 08:00,0.9866026622147726,0.5962295713868222,0.677716646088682
11/09/2019 09:00,0.9866026622147726,0.5962295713868222,0.677716646088682
11/09/2019 10:00,0.9866026622147726,0.5962295713868222,0.677716646088682
11/09/2019 11:00,0.9866026622147726,0.5962295713868222,0.677716646088682
11/09/2019 12:00,0.9866026622147726,0.5962295713868222,0.677716646088682
11/09/2019 13:00,0.9866026622147726,0.5962295713868222,0.677716646088682
11/09/2019 14:00,0.9866026622147726,0.5962295713868222,0.677716646088682
11/09/2019 15:00,0.9866026622147726,0.5962295713868222,0.677716646088682
11/09/2019 16:00,0.9866026622147726,0.5962295713868222,0.677716646088682
11/09/2019 17:00,0.9866026622147726,0.5962295713868222,0.677716646088682
11/09/2019 18:00,0.9866026622147726,0.5962295713868222,0.677716646088682
11/09/2019 19:00,0.9866026622147726,0.5962295713868222,0.677716646088682
11/09/2019 20:00,0.9866026622147726,0.5962295713868222,0.677716646088682
11/09/2019 21:00,0.9866026622147726,0.5962295713868222,0.677716646088682
11/09/2019 22:00,0.9866026622147726,0.5962295713868222,0.677716646088682
11/09/2019 23:00,0.9866026622147726,0.5962295713868222,0.677716646088682
12/09/2019 00:00,0.9866026622147726,0.5962295713868222,0.677716646088682
12/09/2019 01:00,0.9866026622147726,0.5962295713868222,0.677716646088682
12/09/2019 02:00,0.9866026622147726,0.5962295713868222,0.677716646088682
12/09/2019 03:00,0.9866026622147726,0.5962295713868222,0.677716646088682
12/09/2019 04:00,0.9866026622147726,0.5962295713868222,0.677716646088682
12/09/2019 05:00,0.9866026622147726,0.5962295713868222,0.677716646088682
12/09/2019 06:00,0.9866026622147726,0.5962295713868222,0.677716646088682
12/09/2019 07:00,0.9866026622147726,0.5962295713868222,0.677716646088682
12/09/2019 08:00,0.9866026622147726,0.5962295713868222,0.677716646088682
12/09/2019 09:00,0.9866026622147726,0.5962295713868222,0.677716646088682
12/09/2019 10:00,0.9866026622147726,0.5962295713868222,0.677716646088682
12/09/2019 11:00,0.9866026622147726,0.5962295713868222,0.677716646088682
12/09/2019 12:00,0.9866026622147726,0.5962295713868222,0.677716646088682
12/09/2019 13:00,0.9866026622147726,0.5962295713868222,0.677716646088682
12/09/2019 14:00,0.9866026622147726,0.5962295713868222,0.677716646088682
12/09/2019 15:00,0.9866026622147726,0.5962295713868222,0.677716646088682
12/09/2019 16:00,0.9866026622147726,0.5962295713868222,0.677716646088682
12/09/2019 17:00,0.9866026622147726,0.5962295713868222,0.677716646088682
12/09/2019 18:00,0.9866026622147726,0.5962295713868222,0.677716646088682
12/09/2019 19:00,0.9866026622147726,0.5962295713868222,0.677716646088682
12/09/2019 20:00,0.9866026622147726,0.5962295713868222,0.677716646088682
12/09/2019 21:00,0.9866026622147726,0.5962295713868222,0.677716646088682
12/09/2019 22:00,0.9866026622147726,0.5962295713868222,0.677716646088682
12/09/2019 23:00,0.9866026622147726,0.5962295713868222,0.677716646088682
13/09/2019 00:00,0.9866026622147726,0.5962295713868222,0.677716646088682
13/09/2019 01:00,0.9866026622147726,0.5962295713868222,0.677716646088682
13/09/2019 02:00,0.9866026622147726,0.5962295713868222,0.677716646088682
13/09/2019 03:00,0.9866026622147726,0.5962295713868222,0.677716646088682
13/09/2019 04:00,0.9866026622147726,0.5962295713868222,0.677716646088682
13/09/2019 05:00,0.9866026622147726,0.5962295713868222,0.677716646088682
13/09/2019 06:00,0.9866026622147726,0.5962295713868222,0.677716646088682
13/09/2019 07:00,0.9866026622147726,0.5962295713868222,0.677716646088682
13/09/2019 08:00,0.9866026622147726,0.5962295713868222,0.677716646088682
13/09/2019 09:00,0.9866026622147726,0.5962295713868222,0.677716646088682
13/09/2019 10:00,0.9866026622147726,0.5962295713868222,0.677716646088682
13/09/2019 11:00,0.9866026622147726,0.5962295713868222,0.677716646088682
13/09/2019 12:00,0.9866026622147726,0.5962295713868222,0.677716646088682
13/09/2019 13:00,0.9866026622147726,0.5962295713868222,0.677716646088682
13/09/2019 14:00,0.9866026622147726,0.5962295713868222,0.677716646088682
13/09/2019 15:00,0.9866026622147726,0.5962295713868222,0.677716646088682
13/09/2019 16:00,0.9866026622147726,0.5962295713868222,0.677716646088682
13/09/2019 17:00,0.9866026622147726,0.5962295713868222,0.677716646088682
13/09/2019 18:00,0.9866026622147726,0.5962295713868222,0.677716646088682
13/09/2019 19:00,0.9866026622147726,0.5962295713868222,0.677716646088682
13/09/2019 20:00,0.9866026622147726,0.5962295713868222,0.677716646088682
13/09/2019 21:00,0.9866026622147726,0.5962295713868222,0.677716646088682
13/09/2019 22:00,0.9866026622147726,0.5962295713868222,0.677716646088682
13/09/2019 23:00,0.9866026622147726,0.5962295713868222,0.677716646088682
14/09/2019 00:00,0.9866026622147726,0.5962295713868222,0.677716646088682
14/09/2019 01:00,0.9866026622147726,0.5962295713868222,0.677716646088682
14/09/2019 02:00,0.9866026622147726,0.5962295713868222,0.677716646088682
14/09/2019 03:00,0.9866026622147726,0.5962295713868222,0.677716646088682
14/09/2019 04:00,0.9866026622147726,0.5962295713868222,0.677716646088682
14/09/2019 05:00,0.9866026622147726,0.5962295713868222,0.677716646088682
14/09/2019 06:00,0.9866026622147726,0.5962295713868222,0.677716646088682
14/09/2019 07:00,0.9866026622147726,0.5962295713868222,0.677716646088682
14/09/2019 08:00,0.9866026622147726,0.5962295713868222,0.677716646088682
14/09/2019 09:00,0.9866026622147726,0.5962295713868222,0.677716646088682
14/09/2019 10:00,0.9866026622147726,0.5962295713868222,0.677716646088682
14/09/2019 11:00,0.9866026622147726,0.5962295713868222,0.677716646088682
14/09/2019 12:00,0.9866026622147726,0.5962295713868222,0.677716646088682
14/09/2019 13:00,0.9866026622147726,0.5962295713868222,0.677716646088682
14/09/2019 14:00,0.9866026622147726,0.5962295713868222,0.677716646088682
14/09/2019 15:00,0.9866026622147726,0.5962295713868222,0.677716646088682
14/09/2019 16:00,0.9866026622147726,0.5962295713868222,0.677716646088682
14/09/2019 17:00,0.9866026622147726,0.5962295713868222,0.677716646088682
14/09/2019 18:00,0.9866026622147726,0.5962295713868222,0.677716646088682
14/09/2019 19:00,0.9866026622147726,0.5962295713868222,0.677716646088682
14/09/2019 20:00,0.9866026622147726,0.5962295713868222,0.677716646088682
14/09/2019 21:00,0.9866026622147726,0.5962295713868222,0.677716646088682
14/09/2019 22:00,0.9866026622147726,0.5962295713868222,0.677716646088682
14/09/2019 23:00,0.9866026622147726,0.5962295713868222,0.677716646088682
15/09/2019 00:00,0.9866026622147726,0.5962295713868222,0.677716646088682
15/09/2019 01:00,0.9866026622147726,0.5962295713868222,0.677716646088682
15/09/2019 02:00,0.9866026622147726,0.5962295713868222,0.677716646088682
15/09/2019 03:00,0.9866026622147726,0.5962295713868222,0.677716646088682
15/09/2019 04:00,0.9866026622147726,0.5962295713868222,0.677716646088682
15/09/2019 05:00,0.9866026622147726,0.5962295713868222,0.677716646088682
15/09/2019 06:00,0.9866026622147726,0.5962295713868222,0.677716646088682
15/09/2019 07:00,0.9866026622147726,0.5962295713868222,0.677716646088682
15/09/2019 08:00,0.9866026622147726,0.5962295713868222,0.677716646088682
15/09/2019 09:00,0.9866026622147726,0.5962295713868222,0.677716646088682
15/09/2019 10:00,0.9866026622147726,0.5962295713868222,0.677716646088682
15/09/2019 11:00,0.9866026622147726,0.5962295713868222,0.677716646088682
15/09/2019 12:00,0.9866026622147726,0.5962295713868222,0.677716646088682
15/09/2019 13:00,0.9866026622147726,0.5962295713868222,0.677716646088682
15/09/2019 14:00,0.9866026622147726,0.5962295713868222,0.677716646088682
15/09/2019 15:00,0.9866026622147726,0.5962295713868222,0.677716646088682
15/09/2019 16:00,0.9866026622147726,0.5962295713868222,0.677716646088682
15/09/2019 17:00,0.9866026622147726,0.5962295713868222,0.677716646088682
15/09/2019 18:00,0.9866026622147726,0.5962295713868222,0.677716646088682
15/09/2019 19:00,0.9866026622147726,0.5962295713868222,0.677716646088682
15/09/2019 20:00,0.9866026622147726,0.5962295713868222,0.677716646088682
15/09/2019 21:00,0.9866026622147726,0.5962295713868222,0.677716646088682
15/09/2019 22:00,0.9866026622147726,0.5962295713868222,0.677716646088682
15/09/2019 23:00,0.9866026622147726,0.5962295713868222,0.677716646088682
16/09/2019 00:00,0.9866026622147726,0.5962295713868222,0.677716646088682
16/09/2019 01:00,0.9866026622147726,0.5962295713868222,0.677716646088682
16/09/2019 02:00,0.9866026622147726,0.5962295713868222,0.677716646088682
16/09/2019 03:00,0.9866026622147726,0.5962295713868222,0.677716646088682
16/09/2019 04:00,0.9866026622147726,0.5962295713868222,0.677716646088682
16/09/2019 05:00,0.9866026622147726,0.5962295713868222,0.677716646088682
16/09/2019 06:00,0.9866026622147726,0.5962295713868222,0.677716646088682
16/09/2019 07:00,0.9866026622147726,0.5962295713868222,0.677716646088682
16/09/2019 08:00,0.9866026622147726,0.5962295713868222,0.677716646088682
16/09/2019 09:00,0.9866026622147726,0.5962295713868222,0.677716646088682
16/09/2019 10:00,0.9866026622147726,0.5962295713868222,0.677716646088682
16/09/2019 11:00,0.9866026622147726,0.5962295713868222,0.677716646088682
16/09/2019 12:00,0.9866026622147726,0.5962295713868222,0.677716646088682
16/09/2019 13:00,0.9866026622147726,0.5962295713868222,0.677716646088682
16/09/2019 14:00,0.9866026622147726,0.5962295713868222,0.677716646088682
16/09/2019 15:00,0.9866026622147726,0.5962295713868222,0.677716646088682
16/09/2019 16:00,0.9866026622147726,0.5962295713868222,0.677716646088682
16/09/2019 17:00,0.9866026622147726,0.5962295713868222,0.677716646088682
16/09/2019 18:00,0.9866026622147726,0.5962295713868222,0.677716646088682
16/09/2019 19:00,0.9866026622147726,0.5962295713868222,0.677716646088682
16/09/2019 20:00,0.9866026622147726,0.5962295713868222,0.677716646088682
16/09/2019 21:00,0.9866026622147726,0.5962295713868222,0.677716646088682
16/09/2019 22:00,0.9866026622147726,0.5962295713868222,0.677716646088682
16/09/2019 23:00,0.9866026622147726,0.5962295713868222,0.677716646088682
17/09/2019 00:00,0.9866026622147726,0.5962295713868222,0.677716646088682
17/09/2019 01:00,0.9866026622147726,0.5962295713868222,0.677716646088682
17/09/2019 02:00,0.9866026622147726,0.5962295713868222,0.677716646088682
17/09/2019 03:00,0.9866026622147726,0.5962295713868222,0.677716646088682
17/09/2019 04:00,0.9866026622147726,0.5962295713868222,0.677716646088682
17/09/2019 05:00,0.9866026622147726,0.5962295713868222,0.677716646088682
17/09/2019 06:00,0.9866026622147726,0.5962295713868222,0.677716646088682
17/09/2019 07:00,0.9866026622147726,0.5962295713868222,0.677716646088682
17/09/2019 08:00,0.9866026622147726,0.5962295713868222,0.677716646088682
17/09/2019 09:00,0.9866026622147726,0.5962295713868222,0.677716646088682
17/09/2019 10:00,0.9866026622147726,0.5962295713868222,0.677716646088682
17/09/2019 11:00,0.9866026622147726,0.5962295713868222,0.677716646088682
17/09/2019 12:00,0.9866026622147726,0.5962295713868222,0.677716646088682
17/09/2019 13:00,0.9866026622147726,0.5962295713868222,0.677716646088682
17/09/2019 14:00,0.9866026622147726,0.5962295713868222,0.677716646088682
17/09/2019 15:00,0.9866026622147726,0.5962295713868222,0.677716646088682
17/09/2019 16:00,0.9866026622147726,0.5962295713868222,0.677716646088682
17/09/2019 17:00,0.9866026622147726,0.5962295713868222,0.677716646088682
17/09/2019 18:00,0.9866026622147726,0.5962295713868222,0.677716646088682
17/09/2019 19:00,0.9866026622147726,0.5962295713868222,0.677716646088682
17/09/2019 20:00,0.9866026622147726,0.5962295713868222,0.677716646088682
17/09/2019 21:00,0.9866026622147726,0.5962295713868222,0.677716646088682
17/09/2019 22:00,0.9866026622147726,0.5962295713868222,0.677716646088682
17/09/2019 23:00,0.9866026622147726,0.5962295713868222,0.677716646088682
18/09/2019 00:00,0.9866026622147726,0.5962295713868222,0.677716646088682
18/09/2019 01:00,0.9866026622147726,0.5962295713868222,0.677716646088682
18/09/2019 02:00,0.9866026622147726,0.5962295713868222,0.677716646088682
18/09/2019 03:00,0.9866026622147726,0.5962295713868222,0.677716646088682
18/09/2019 04:00,0.9866026622147726,0.5962295713868222,0.677716646088682
18/09/2019 05:00,0.9866026622147726,0.5962295713868222,0.677716646088682
18/09/2019 06:00,0.9866026622147726,0.5962295713868222,0.677716646088682
18/09/2019 07:00,0.9866026622147726,0.5962295713868222,0.677716646088682
18/09/2019 08:00,0.9866026622147726,0.5962295713868222,0.677716646088682
18/09/2019 09:00,0.9866026622147726,0.5962295713868222,0.677716646088682
18/09/2019 10:00,0.9866026622147726,0.5962295713868222,0.677716646088682
18/09/2019 11:00,0.9866026622147726,0.5962295713868222,0.677716646088682
18/09/2019 12:00,0.9866026622147726,0.5962295713868222,0.677716646088682
18/09/2019 13:00,0.9866026622147726,0.5962295713868222,0.677716646088682
18/09/2019 14:00,0.9866026622147726,0.5962295713868222,0.677716646088682
18/09/2019 15:00,0.9866026622147726,0.5962295713868222,0.677716646088682
18/09/2019 16:00,0.9866026622147726,0.5962295713868222,0.677716646088682
18/09/2019 17:00,0.9866026622147726,0.5962295713868222,0.677716646088682
18/09/2019 18:00,0.9866026622147726,0.5962295713868222,0.677716646088682
18/09/2019 19:00,0.9866026622147726,0.5962295713868222,0.677716646088682
18/09/2019 20:00,0.9866026622147726,0.5962295713868222,0.677716646088682
18/09/2019 21:00,0.9866026622147726,0.5962295713868222,0.677716646088682
18/09/2019 22:00,0.9866026622147726,0.5962295713868222,0.677716646088682
18/09/2019 23:00,0.9866026622147726,0.5962295713868222,0.677716646088682
19/09/2019 00:00,0.9866026622147726,0.5962295713868222,0.677716646088682
19/09/2019 01:00,0.9866026622147726,0.5962295713868222,0.677716646088682
19/09/2019 02:00,0.9866026622147726,0.5962295713868222,0.677716646088682
19/09/2019 03:00,0.9866026622147726,0.5962295713868222,0.677716646088682
19/09/2019 04:00,0.9866026622147726,0.5962295713868222,0.677716646088682
19/09/2019 05:00,0.9866026622147726,0.5962295713868222,0.677716646088682
19/09/2019 06:00,0.9866026622147726,0.5962295713868222,0.677716646088682
19/09/2019 07:00,0.9866026622147726,0.5962295713868222,0.677716646088682
19/09/2019 08:00,0.9866026622147726,0.5962295713868222,0.677716646088682
19/09/2019 09:00,0.9866026622147726,0.5962295713868222,0.677716646088682
19/09/2019 10:00,0.9866026622147726,0.5962295713868222,0.677716646088682
19/09/2019 11:00,0.9866026622147726,0.5962295713868222,0.677716646088682
19/09/2019 12:00,0.9866026622147726,0.5962295713868222,0.677716646088682
19/09/2019 13:00,0.9866026622147726,0.5962295713868222,0.677716646088682
19/09/2019 14:00,0.9866026622147726,0.5962295713868222,0.677716646088682
19/09/2019 15:00,0.9866026622147726,0.5962295713868222,0.677716646088682
19/09/2019 16:00,0.9866026622147726,0.5962295713868222,0.677716646088682
19/09/2019 17:00,0.9866026622147726,0.5962295713868222,0.677716646088682
19/09/2019 18:00,0.9866026622147726,0.5962295713868222,0.677716646088682
19/09/2019 19:00,0.9866026622147726,0.5962295713868222,0.677716646088682
19/09/2019 20:00,0.9866026622147726,0.5962295713868222,0.677716646088682
19/09/2019 21:00,0.9866026622147726,0.5962295713868222,0.677716646088682
19/09/2019 22:00,0.9866026622147726,0.5962295713868222,0.677716646088682
19/09/2019 23:00,0.9866026622147726,0.5962295713868222,0.677716646088682
20/09/2019 00:00,0.9866026622147726,0.5962295713868222,0.677716646088682
20/09/2019 01:00,0.9866026622147726,0.5962295713868222,0.677716646088682
20/09/2019 02:00,0.9866026622147726,0.5962295713868222,0.677716646088682
20/09/2019 03:00,0.9866026622147726,0.5962295713868222,0.677716646088682
20/09/2019 04:00,0.9866026622147726,0.5962295713868222,0.677716646088682
20/09/2019 05:00,0.9866026622147726,0.5962295713868222,0.677716646088682
20/09/2019 06:00,0.9866026622147726,0.5962295713868222,0.677716646088682
20/09/2019 07:00,0.9866026622147726,0.5962295713868222,0.677716646088682
20/09/2019 08:00,0.9866026622147726,0.5962295713868222,0.677716646088682
20/09/2019 09:00,0.9866026622147726,0.5962295713868222,0.677716646088682
20/09/2019 10:00,0.9866026622147726,0.5962295713868222,0.677716646088682
20/09/2019 11:00,0.9866026622147726,0.5962295713868222,0.677716646088682
20/09/2019 12:00,0.9866026622147726,0.5962295713868222,0.677716646088682
20/09/2019 13:00,0.9866026622147726,0.5962295713868222,0.677716646088682
20/09/2019 14:00,0.9866026622147726,0.5962295713868222,0.677716646088682
20/09/2019 15:00,0.9866026622147726,0.5962295713868222,0.677716646088682
20/09/2019 16:00,0.9866026622147726,0.5962295713868222,0.677716646088682
20/09/2019 17:00,0.9866026622147726,0.5962295713868222,0.677716646088682
20/09/2019 18:00,0.9866026622147726,0.5962295713868222,0.677716646088682
20/09/2019 19:00,0.9866026622147726,0.5962295713868222,0.677716646088682
20/09/2019 20:00,0.9866026622147726,0.5962295713868222,0.677716646088682
20/09/2019 21:00,0.9866026622147726,0.5962295713868222,0.677716646088682
20/09/2019 22:00,0.9866026622147726,0.5962295713868222,0.677716646088682
20/09/2019 23:00,0.9866026622147726,0.5962295713868222,0.677716646088682
21/09/2019 00:00,0.9866026622147726,0.5962295713868222,0.677716646088682
21/09/2019 01:00,0.9866026622147726,0.5962295713868222,0.677716646088682
21/09/2019 02:00,0.9866026622147726,0.5962295713868222,0.677716646088682
21/09/2019 03:00,0.9866026622147726,0.5962295713868222,0.677716646088682
21/09/2019 04:00,0.9866026622147726,0.5962295713868222,0.677716646088682
21/09/2019 05:00,0.9866026622147726,0.5962295713868222,0.677716646088682
21/09/2019 06:00,0.9866026622147726,0.5962295713868222,0.677716646088682
21/09/2019 07:00,0.9866026622147726,0.5962295713868222,0.677716646088682
21/09/2019 08:00,0.9866026622147726,0.5962295713868222,0.677716646088682
21/09/2019 09:00,0.9866026622147726,0.5962295713868222,0.677716646088682
21/09/2019 10:00,0.9866026622147726,0.5962295713868222,0.677716646088682
21/09/2019 11:00,0.9866026622147726,0.5962295713868222,0.677716646088682
21/09/2019 12:00,0.9866026622147726,0.5962295713868222,0.677716646088682
21/09/2019 13:00,0.9866026622147726,0.5962295713868222,0.677716646088682
21/09/2019 14:00,0.9866026622147726,0.5962295713868222,0.677716646088682
21/09/2019 15:00,0.9866026622147726,0.5962295713868222,0.677716646088682
21/09/2019 16:00,0.9866026622147726,0.5962295713868222,0.677716646088682
21/09/2019 17:00,0.9866026622147726,0.5962295713868222,0.677716646088682
21/09/2019 18:00,0.9866026622147726,0.5962295713868222,0.677716646088682
21/09/2019 19:00,0.9866026622147726,0.5962295713868222,0.677716646088682
21/09/2019 20:00,0.9866026622147726,0.5962295713868222,0.677716646088682
21/09/2019 21:00,0.9866026622147726,0.5962295713868222,0.677716646088682
21/09/2019 22:00,0.9866026622147726,0.5962295713868222,0.677716646088682
21/09/2019 23:00,0.9866026622147726,0.5962295713868222,0.677716646088682
22/09/2019 00:00,0.9866026622147726,0.5962295713868222,0.677716646088682
22/09/2019 01:00,0.9866026622147726,0.5962295713868222,0.677716646088682
22/09/2019 02:00,0.9866026622147726,0.5962295713868222,0.677716646088682
22/09/2019 03:00,0.9866026622147726,0.5962295713868222,0.677716646088682
22/09/2019 04:00,0.9866026622147726,0.5962295713868222,0.677716646088682
22/09/2019 05:00,0.9866026622147726,0.5962295713868222,0.677716646088682
22/09/2019 06:00,0.9866026622147726,0.5962295713868222,0.677716646088682
22/09/2019 07:00,0.9866026622147726,0.5962295713868222,0.677716646088682
22/09/2019 08:00,0.9866026622147726,0.5962295713868222,0.677716646088682
22/09/2019 09:00,0.9866026622147726,0.5962295713868222,0.677716646088682
22/09/2019 10:00,0.9866026622147726,0.5962295713868222,0.677716646088682
22/09/2019 11:00,0.9866026622147726,0.5962295713868222,0.677716646088682
22/09/2019 12:00,0.9866026622147726,0.5962295713868222,0.677716646088682
22/09/2019 13:00,0.9866026622147726,0.5962295713868222,0.677716646088682
22/09/2019 14:00,0.9866026622147726,0.5962295713868222,0.677716646088682
22/09/2019 15:00,0.9866026622147726,0.5962295713868222,0.677716646088682
22/09/2019 16:00,0.9866026622147726,0.5962295713868222,0.677716646088682
22/09/2019 17:00,0.9866026622147726,0.5962295713868222,0.677716646088682
22/09/2019 18:00,0.9866026622147726,0.5962295713868222,0.677716646088682
22/09/2019 19:00,0.9866026622147726,0.5962295713868222,0.677716646088682
22/09/2019 20:00,0.9866026622147726,0.5962295713868222,0.677716646088682
22/09/2019 21:00,0.9866026622147726,0.5962295713868222,0.677716646088682
22/09/2019 22:00,0.9866026622147726,0.5962295713868222,0.677716646088682
22/09/2019 23:00,0.9866026622147726,0.5962295713868222,0.677716646088682
23/09/2019 00:00,0.9866026622147726,0.5962295713868222,0.677716646088682
23/09/2019 01:00,0.9866026622147726,0.5962295713868222,0.677716646088682
23/09/2019 02:00,0.9866026622147726,0.5962295713868222,0.677716646088682
23/09/2019 03:00,0.9866026622147726,0.5962295713868222,0.677716646088682
23/09/2019 04:00,0.9866026622147726,0.5962295713868222,0.677716646088682
23/09/2019 05:00,0.9866026622147726,0.5962295713868222,0.677716646088682
23/09/2019 06:00,0.9866026622147726,0.5962295713868222,0.677716646088682
23/09/2019 07:00,0.9866026622147726,0.5962295713868222,0.677716646088682
23/09/2019 08:00,0.9866026622147726,0.5962295713868222,0.677716646088682
23/09/2019 09:00,0.9866026622147726,0.5962295713868222,0.677716646088682
23/09/2019 10:00,0.9866026622147726,0.5962295713868222,0.677716646088682
23/09/2019 11:00,0.9866026622147726,0.5962295713868222,0.677716646088682
23/09/2019 12:00,0.9866026622147726,0.5962295713868222,0.677716646088682
23/09/2019 13:00,0.9866026622147726,0.5962295713868222,0.677716646088682
23/09/2019 14:00,0.9866026622147726,0.5962295713868222,0.677716646088682
23/09/2019 15:00,0.9866026622147726,0.5962295713868222,0.677716646088682
23/09/2019 16:00,0.9866026622147726,0.5962295713868222,0.677716646088682
23/09/2019 17:00,0.9866026622147726,0.5962295713868222,0.677716646088682
23/09/2019 18:00,0.9866026622147726,0.5962295713868222,0.677716646088682
23/09/2019 19:00,0.9866026622147726,0.5962295713868222,0.677716646088682
23/09/2019 20:00,0.9866026622147726,0.5962295713868222,0.677716646088682
23/09/2019 21:00,0.9866026622147726,0.5962295713868222,0.677716646088682
23/09/2019 22:00,0.9866026622147726,0.5962295713868222,0.677716646088682
23/09/2019 23:00,0.9866026622147726,0.5962295713868222,0.677716646088682
24/09/2019 00:00,0.9866026622147726,0.5962295713868222,0.677716646088682
24/09/2019 01:00,0.9866026622147726,0.5962295713868222,0.677716646088682
24/09/2019 02:00,0.9866026622147726,0.5962295713868222,0.677716646088682
24/09/2019 03:00,0.9866026622147726,0.5962295713868222,0.677716646088682
24/09/2019 04:00,0.9866026622147726,0.5962295713868222,0.677716646088682
24/09/2019 05:00,0.9866026622147726,0.5962295713868222,0.677716646088682
24/09/2019 06:00,0.9866026622147726,0.5962295713868222,0.677716646088682
24/09/2019 07:00,0.9866026622147726,0.5962295713868222,0.677716646088682
24/09/2019 08:00,0.9866026622147726,0.5962295713868222,0.677716646088682
24/09/2019 09:00,0.9866026622147726,0.5962295713868222,0.677716646088682
24/09/2019 10:00,0.9866026622147726,0.5962295713868222,0.677716646088682
24/09/2019 11:00,0.9866026622147726,0.5962295713868222,0.677716646088682
24/09/2019 12:00,0.9866026622147726,0.5962295713868222,0.677716646088682
24/09/2019 13:00,0.9866026622147726,0.5962295713868222,0.677716646088682
24/09/2019 14:00,0.9866026622147726,0.5962295713868222,0.677716646088682
24/09/2019 15:00,0.9866026622147726,0.5962295713868222,0.677716646088682
24/09/2019 16:00,0.9866026622147726,0.5962295713868222,0.677716646088682
24/09/2019 17:00,0.9866026622147726,0.5962295713868222,0.677716646088682
24/09/2019 18:00,0.9866026622147726,0.5962295713868222,0.677716646088682
24/09/2019 19:00,0.9866026622147726,0.5962295713868222,0.677716646088682
24/09/2019 20:00,0.9866026622147726,0.5962295713868222,0.677716646088682
24/09/2019 21:00,0.9866026622147726,0.5962295713868222,0.677716646088682
24/09/2019 22:00,0.9866026622147726,0.5962295713868222,0.677716646088682
24/09/2019 23:00,0.9866026622147726,0.5962295713868222,0.677716646088682
25/09/2019 00:00,0.9866026622147726,0.5962295713868222,0.677716646088682
25/09/2019 01:00,0.9866026622147726,0.5962295713868222,0.677716646088682
25/09/2019 02:00,0.9866026622147726,0.5962295713868222,0.677716646088682
25/09/2019 03:00,0.9866026622147726,0.5962295713868222,0.677716646088682
25/09/2019 04:00,0.9866026622147726,0.5962295713868222,0.677716646088682
25/09/2019 05:00,0.9866026622147726,0.5962295713868222,0.677716646088682
25/09/2019 06:00,0.9866026622147726,0.5962295713868222,0.677716646088682
25/09/2019 07:00,0.9866026622147726,0.5962295713868222,0.677716646088682
25/09/2019 08:00,0.9866026622147726,0.5962295713868222,0.677716646088682
25/09/2019 09:00,0.9866026622147726,0.5962295713868222,0.677716646088682
25/09/2019 10:00,0.9866026622147726,0.5962295713868222,0.677716646088682
25/09/2019 11:00,0.9866026622147726,0.5962295713868222,0.677716646088682
25/09/2019 12:00,0.9866026622147726,0.5962295713868222,0.677716646088682
25/09/2019 13:00,0.9866026622147726,0.5962295713868222,0.677716646088682
25/09/2019 14:00,0.9866026622147726,0.5962295713868222,0.677716646088682
25/09/2019 15:00,0.9866026622147726,0.5962295713868222,0.677716646088682
25/09/2019 16:00,0.9866026622147726,0.5962295713868222,0.677716646088682
25/09/2019 17:00,0.9866026622147726,0.5962295713868222,0.677716646088682
25/09/2019 18:00,0.9866026622147726,0.5962295713868222,0.677716646088682
25/09/2019 19:00,0.9866026622147726,0.5962295713868222,0.677716646088682
25/09/2019 20:00,0.9866026622147726,0.5962295713868222,0.677716646088682
25/09/2019 21:00,0.9866026622147726,0.5962295713868222,0.677716646088682
25/09/2019 22:00,0.9866026622147726,0.5962295713868222,0.677716646088682
25/09/2019 23:00,0.9866026622147726,0.5962295713868222,0.677716646088682
26/09/2019 00:00,0.9866026622147726,0.5962295713868222,0.677716646088682
26/09/2019 01:00,0.9866026622147726,0.5962295713868222,0.677716646088682
26/09/2019 02:00,0.9866026622147726,0.5962295713868222,0.677716646088682
26/09/2019 03:00,0.9866026622147726,0.5962295713868222,0.677716646088682
26/09/2019 04:00,0.9866026622147726,0.5962295713868222,0.677716646088682
26/09/2019 05:00,0.9866026622147726,0.5962295713868222,0.677716646088682
26/09/2019 06:00,0.9866026622147726,0.5962295713868222,0.677716646088682
26/09/2019 07:00,0.9866026622147726,0.5962295713868222,0.677716646088682
26/09/2019 08:00,0.9866026622147726,0.5962295713868222,0.677716646088682
26/09/2019 09:00,0.9866026622147726,0.5962295713868222,0.677716646088682
26/09/2019 10:00,0.9866026622147726,0.5962295713868222,0.677716646088682
26/09/2019 11:00,0.9866026622147726,0.5962295713868222,0.677716646088682
26/09/2019 12:00,0.9866026622147726,0.5962295713868222,0.677716646088682
26/09/2019 13:00,0.9866026622147726,0.5962295713868222,0.677716646088682
26/09/2019 14:00,0.9866026622147726,0.5962295713868222,0.677716646088682
26/09/2019 15:00,0.9866026622147726,0.5962295713868222,0.677716646088682
26/09/2019 16:00,0.9866026622147726,0.5962295713868222,0.677716646088682
26/09/2019 17:00,0.9866026622147726,0.5962295713868222,0.677716646088682
26/09/2019 18:00,0.9866026622147726,0.5962295713868222,0.677716646088682
26/09/2019 19:00,0.9866026622147726,0.5962295713868222,0.677716646088682
26/09/2019 20:00,0.9866026622147726,0.5962295713868222,0.677716646088682
26/09/2019 21:00,0.9866026622147726,0.5962295713868222,0.677716646088682
26/09/2019 22:00,0.9866026622147726,0.5962295713868222,0.677716646088682
26/09/2019 23:00,0.9866026622147726,0.5962295713868222,0.677716646088682
27/09/2019 00:00,0.9866026622147726,0.5962295713868222,0.677716646088682
27/09/2019 01:00,0.9866026622147726,0.5962295713868222,0.677716646088682
27/09/2019 02:00,0.9866026622147726,0.5962295713868222,0.677716646088682
27/09/2019 03:00,0.9866026622147726,0.5962295713868222,0.677716646088682
27/09/2019 04:00,0.9866026622147726,0.5962295713868222,0.677716646088682
27/09/2019 05:00,0.9866026622147726,0.5962295713868222,0.677716646088682
27/09/2019 06:00,0.9866026622147726,0.5962295713868222,0.677716646088682
27/09/2019 07:00,0.9866026622147726,0.5962295713868222,0.677716646088682
27/09/2019 08:00,0.9866026622147726,0.5962295713868222,0.677716646088682
27/09/2019 09:00,0.9866026622147726,0.5962295713868222,0.677716646088682
27/09/2019 10:00,0.9866026622147726,0.5962295713868222,0.677716646088682
27/09/2019 11:00,0.9866026622147726,0.5962295713868222,0.677716646088682
27/09/2019 12:00,0.9866026622147726,0.5962295713868222,0.677716646088682
27/09/2019 13:00,0.9866026622147726,0.5962295713868222,0.677716646088682
27/09/2019 14:00,0.9866026622147726,0.5962295713868222,0.677716646088682
27/09/2019 15:00,0.9866026622147726,0.5962295713868222,0.677716646088682
27/09/2019 16:00,0.9866026622147726,0.5962295713868222,0.677716646088682
27/09/2019 17:00,0.9866026622147726,0.5962295713868222,0.677716646088682
27/09/2019 18:00,0.9866026622147726,0.5962295713868222,0.677716646088682
27/09/2019 19:00,0.9866026622147726,0.5962295713868222,0.677716646088682
27/09/2019 20:00,0.9866026622147726,0.5962295713868222,0.677716646088682
27/09/2019 21:00,0.9866026622147726,0.5962295713868222,0.677716646088682
27/09/2019 22:00,0.9866026622147726,0.5962295713868222,0.677716646088682
27/09/2019 23:00,0.9866026622147726,0.5962295713868222,0.677716646088682
28/09/2019 00:00,0.9866026622147726,0.5962295713868222,0.677716646088682
28/09/2019 01:00,0.9866026622147726,0.5962295713868222,0.677716646088682
28/09/2019 02:00,0.9866026622147726,0.5962295713868222,0.677716646088682
28/09/2019 03:00,0.9866026622147726,0.5962295713868222,0.677716646088682
28/09/2019 04:00,0.9866026622147726,0.5962295713868222,0.677716646088682
28/09/2019 05:00,0.9866026622147726,0.5962295713868222,0.677716646088682
28/09/2019 06:00,0.9866026622147726,0.5962295713868222,0.677716646088682
28/09/2019 07:00,0.9866026622147726,0.5962295713868222,0.677716646088682
28/09/2019 08:00,0.9866026622147726,0.5962295713868222,0.677716646088682
28/09/2019 09:00,0.9866026622147726,0.5962295713868222,0.677716646088682
28/09/2019 10:00,0.9866026622147726,0.5962295713868222,0.677716646088682
28/09/2019 11:00,0.9866026622147726,0.5962295713868222,0.677716646088682
28/09/2019 12:00,0.9866026622147726,0.5962295713868222,0.677716646088682
28/09/2019 13:00,0.9866026622147726,0.5962295713868222,0.677716646088682
28/09/2019 14:00,0.9866026622147726,0.5962295713868222,0.677716646088682
28/09/2019 15:00,0.9866026622147726,0.5962295713868222,0.677716646088682
28/09/2019 16:00,0.9866026622147726,0.5962295713868222,0.677716646088682
28/09/2019 17:00,0.9866026622147726,0.5962295713868222,0.677716646088682
28/09/2019 18:00,0.9866026622147726,0.5962295713868222,0.677716646088682
28/09/2019 19:00,0.9866026622147726,0.5962295713868222,0.677716646088682
28/09/2019 20:00,0.9866026622147726,0.5962295713868222,0.677716646088682
28/09/2019 21:00,0.9866026622147726,0.5962295713868222,0.677716646088682
28/09/2019 22:00,0.9866026622147726,0.5962295713868222,0.677716646088682
28/09/2019 23:00,0.9866026622147726,0.5962295713868222,0.677716646088682
29/09/2019 00:00,0.9866026622147726,0.5962295713868222,0.677716646088682
29/09/2019 01:00,0.9866026622147726,0.5962295713868222,0.677716646088682
29/09/2019 02:00,0.9866026622147726,0.5962295713868222,0.677716646088682
29/09/2019 03:00,0.9866026622147726,0.5962295713868222,0.677716646088682
29/09/2019 04:00,0.9866026622147726,0.5962295713868222,0.677716646088682
29/09/2019 05:00,0.9866026622147726,0.5962295713868222,0.677716646088682
29/09/2019 06:00,0.9866026622147726,0.5962295713868222,0.677716646088682
29/09/2019 07:00,0.9866026622147726,0.5962295713868222,0.677716646088682
29/09/2019 08:00,0.9866026622147726,0.5962295713868222,0.677716646088682
29/09/2019 09:00,0.9866026622147726,0.5962295713868222,0.677716646088682
29/09/2019 10:00,0.9866026622147726,0.5962295713868222,0.677716646088682
29/09/2019 11:00,0.9866026622147726,0.5962295713868222,0.677716646088682
29/09/2019 12:00,0.9866026622147726,0.5962295713868222,0.677716646088682
29/09/2019 13:00,0.9866026622147726,0.5962295713868222,0.677716646088682
29/09/2019 14:00,0.9866026622147726,0.5962295713868222,0.677716646088682
29/09/2019 15:00,0.9866026622147726,0.5962295713868222,0.677716646088682
29/09/2019 16:00,0.9866026622147726,0.5962295713868222,0.677716646088682
29/09/2019 17:00,0.9866026622147726,0.5962295713868222,0.677716646088682
29/09/2019 18:00,0.9866026622147726,0.5962295713868222,0.677716646088682
29/09/2019 19:00,0.9866026622147726,0.5962295713868222,0.677716646088682
29/09/2019 20:00,0.9866026622147726,0.5962295713868222,0.677716646088682
29/09/2019 21:00,0.9866026622147726,0.5962295713868222,0.677716646088682
29/09/2019 22:00,0.9866026622147726,0.5962295713868222,0.677716646088682
29/09/2019 23:00,0.9866026622147726,0.5962295713868222,0.677716646088682
30/09/2019 00:00,0.9866026622147726,0.5962295713868222,0.677716646088682
30/09/2019 01:00,0.9866026622147726,0.5962295713868222,0.677716646088682
30/09/2019 02:00,0.9866026622147726,0.5962295713868222,0.677716646088682
30/09/2019 03:00,0.9866026622147726,0.5962295713868222,0.677716646088682
30/09/2019 04:00,0.9866026622147726,0.5962295713868222,0.677716646088682
30/09/2019 05:00,0.9866026622147726,0.5962295713868222,0.677716646088682
30/09/2019 06:00,0.9866026622147726,0.5962295713868222,0.677716646088682
30/09/2019 07:00,0.9866026622147726,0.5962295713868222,0.677716646088682
30/09/2019 08:00,0.9866026622147726,0.5962295713868222,0.677716646088682
30/09/2019 09:00,0.9866026622147726,0.5962295713868222,0.677716646088682
30/09/2019 10:00,0.9866026622147726,0.5962295713868222,0.677716646088682
30/09/2019 11:00,0.9866026622147726,0.5962295713868222,0.677716646088682
30/09/2019 12:00,0.9866026622147726,0.5962295713868222,0.677716646088682
30/09/2019 13:00,0.9866026622147726,0.5962295713868222,0.677716646088682
30/09/2019 14:00,0.9866026622147726,0.5962295713868222,0.677716646088682
30/09/2019 15:00,0.9866026622147726,0.5962295713868222,0.677716646088682
30/09/2019 16:00,0.9866026622147726,0.5962295713868222,0.677716646088682
30/09/2019 17:00,0.9866026622147726,0.5962295713868222,0.677716646088682
30/09/2019 18:00,0.9866026622147726,0.5962295713868222,0.677716646088682
30/09/2019 19:00,0.9866026622147726,0.5962295713868222,0.677716646088682
30/09/2019 20:00,0.9866026622147726,0.5962295713868222,0.677716646088682
30/09/2019 21:00,0.9866026622147726,0.5962295713868222,0.677716646088682
30/09/2019 22:00,0.9866026622147726,0.5962295713868222,0.677716646088682
30/09/2019 23:00,0.9866026622147726,0.5962295713868222,0.677716646088682
01/10/2019 00:00,0.4635004240500227,0.1649976237487545,0.2678969681707093
01/10/2019 01:00,0.4635004240500227,0.1649976237487545,0.2678969681707093
01/10/2019 02:00,0.4635004240500227,0.1649976237487545,0.2678969681707093
01/10/2019 03:00,0.4635004240500227,0.1649976237487545,0.2678969681707093
01/10/2019 04:00,0.4635004240500227,0.1649976237487545,0.2678969681707093
01/10/2019 05:00,0.4635004240500227,0.1649976237487545,0.2678969681707093
01/10/2019 06:00,0.4635004240500227,0.1649976237487545,0.2678969681707093
01/10/2019 07:00,0.4635004240500227,0.1649976237487545,0.2678969681707093
01/10/2019 08:00,0.4635004240500227,0.1649976237487545,0.2678969681707093
01/10/2019 09:00,0.4635004240500227,0.1649976237487545,0.2678969681707093
01/10/2019 10:00,0.4635004240500227,0.1649976237487545,0.2678969681707093
01/10/2019 11:00,0.4635004240500227,0.1649976237487545,0.2678969681707093
01/10/2019 12:00,0.4635004240500227,0.1649976237487545,0.2678969681707093
01/10/2019 13:00,0.4635004240500227,0.1649976237487545,0.2678969681707093
01/10/2019 14:00,0.4635004240500227,0.1649976237487545,0.2678969681707093
01/10/2019 15:00,0.4635004240500227,0.1649976237487545,0.2678969681707093
01/10/2019 16:00,0.4635004240500227,0.1649976237487545,0.2678969681707093
01/10/2019 17:00,0.4635004240500227,0.1649976237487545,0.2678969681707093
01/10/2019 18:00,0.4635004240500227,0.1649976237487545,0.2678969681707093
01/10/2019 19:00,0.4635004240500227,0.1649976237487545,0.2678969681707093
01/10/2019 20:00,0.4635004240500227,0.1649976237487545,0.2678969681707093
01/10/2019 21:00,0.4635004240500227,0.1649976237487545,0.2678969681707093
01/10/2019 22:00,0.4635004240500227,0.1649976237487545,0.2678969681707093
01/10/2019 23:00,0.4635004240500227,0.1649976237487545,0.2678969681707093
02/10/2019 00:00,0.4635004240500227,0.1649976237487545,0.2678969681707093
02/10/2019 01:00,0.4635004240500227,0.1649976237487545,0.2678969681707093
02/10/2019 02:00,0.4635004240500227,0.1649976237487545,0.2678969681707093
02/10/2019 03:00,0.4635004240500227,0.1649976237487545,0.2678969681707093
02/10/2019 04:00,0.4635004240500227,0.1649976237487545,0.2678969681707093
02/10/2019 05:00,0.4635004240500227,0.1649976237487545,0.2678969681707093
02/10/2019 06:00,0.4635004240500227,0.1649976237487545,0.2678969681707093
02/10/2019 07:00,0.4635004240500227,0.1649976237487545,0.2678969681707093
02/10/2019 08:00,0.4635004240500227,0.1649976237487545,0.2678969681707093
02/10/2019 09:00,0.4635004240500227,0.1649976237487545,0.2678969681707093
02/10/2019 10:00,0.4635004240500227,0.1649976237487545,0.2678969681707093
02/10/2019 11:00,0.4635004240500227,0.1649976237487545,0.2678969681707093
02/10/2019 12:00,0.4635004240500227,0.1649976237487545,0.2678969681707093
02/10/2019 13:00,0.4635004240500227,0.1649976237487545,0.2678969681707093
02/10/2019 14:00,0.4635004240500227,0.1649976237487545,0.2678969681707093
02/10/2019 15:00,0.4635004240500227,0.1649976237487545,0.2678969681707093
02/10/2019 16:00,0.4635004240500227,0.1649976237487545,0.2678969681707093
02/10/2019 17:00,0.4635004240500227,0.1649976237487545,0.2678969681707093
02/10/2019 18:00,0.4635004240500227,0.1649976237487545,0.2678969681707093
02/10/2019 19:00,0.4635004240500227,0.1649976237487545,0.2678969681707093
02/10/2019 20:00,0.4635004240500227,0.1649976237487545,0.2678969681707093
02/10/2019 21:00,0.4635004240500227,0.1649976237487545,0.2678969681707093
02/10/2019 22:00,0.4635004240500227,0.1649976237487545,0.2678969681707093
02/10/2019 23:00,0.4635004240500227,0.1649976237487545,0.2678969681707093
03/10/2019 00:00,0.4635004240500227,0.1649976237487545,0.2678969681707093
03/10/2019 01:00,0.4635004240500227,0.1649976237487545,0.2678969681707093
03/10/2019 02:00,0.4635004240500227,0.1649976237487545,0.2678969681707093
03/10/2019 03:00,0.4635004240500227,0.1649976237487545,0.2678969681707093
03/10/2019 04:00,0.4635004240500227,0.1649976237487545,0.2678969681707093
03/10/2019 05:00,0.4635004240500227,0.1649976237487545,0.2678969681707093
03/10/2019 06:00,0.4635004240500227,0.1649976237487545,0.2678969681707093
03/10/2019 07:00,0.4635004240500227,0.1649976237487545,0.2678969681707093
03/10/2019 08:00,0.4635004240500227,0.1649976237487545,0.2678969681707093
03/10/2019 09:00,0.4635004240500227,0.1649976237487545,0.2678969681707093
03/10/2019 10:00,0.4635004240500227,0.1649976237487545,0.2678969681707093
03/10/2019 11:00,0.4635004240500227,0.1649976237487545,0.2678969681707093
03/10/2019 12:00,0.4635004240500227,0.1649976237487545,0.2678969681707093
03/10/2019 13:00,0.4635004240500227,0.1649976237487545,0.2678969681707093
03/10/2019 14:00,0.4635004240500227,0.1649976237487545,0.2678969681707093
03/10/2019 15:00,0.4635004240500227,0.1649976237487545,0.2678969681707093
03/10/2019 16:00,0.4635004240500227,0.1649976237487545,0.2678969681707093
03/10/2019 17:00,0.4635004240500227,0.1649976237487545,0.2678969681707093
03/10/2019 18:00,0.4635004240500227,0.1649976237487545,0.2678969681707093
03/10/2019 19:00,0.4635004240500227,0.1649976237487545,0.2678969681707093
03/10/2019 20:00,0.4635004240500227,0.1649976237487545,0.2678969681707093
03/10/2019 21:00,0.4635004240500227,0.1649976237487545,0.2678969681707093
03/10/2019 22:00,0.4635004240500227,0.1649976237487545,0.2678969681707093
03/10/2019 23:00,0.4635004240500227,0.1649976237487545,0.2678969681707093
04/10/2019 00:00,0.4635004240500227,0.1649976237487545,0.2678969681707093
04/10/2019 01:00,0.4635004240500227,0.1649976237487545,0.2678969681707093
04/10/2019 02:00,0.4635004240500227,0.1649976237487545,0.2678969681707093
04/10/2019 03:00,0.4635004240500227,0.1649976237487545,0.2678969681707093
04/10/2019 04:00,0.4635004240500227,0.1649976237487545,0.2678969681707093
04/10/2019 05:00,0.4635004240500227,0.1649976237487545,0.2678969681707093
04/10/2019 06:00,0.4635004240500227,0.1649976237487545,0.2678969681707093
04/10/2019 07:00,0.4635004240500227,0.1649976237487545,0.2678969681707093
04/10/2019 08:00,0.4635004240500227,0.1649976237487545,0.2678969681707093
04/10/2019 09:00,0.4635004240500227,0.1649976237487545,0.2678969681707093
04/10/2019 10:00,0.4635004240500227,0.1649976237487545,0.2678969681707093
04/10/2019 11:00,0.4635004240500227,0.1649976237487545,0.2678969681707093
04/10/2019 12:00,0.4635004240500227,0.1649976237487545,0.2678969681707093
04/10/2019 13:00,0.4635004240500227,0.1649976237487545,0.2678969681707093
04/10/2019 14:00,0.4635004240500227,0.1649976237487545,0.2678969681707093
04/10/2019 15:00,0.4635004240500227,0.1649976237487545,0.2678969681707093
04/10/2019 16:00,0.4635004240500227,0.1649976237487545,0.2678969681707093
04/10/2019 17:00,0.4635004240500227,0.1649976237487545,0.2678969681707093
04/10/2019 18:00,0.4635004240500227,0.1649976237487545,0.2678969681707093
04/10/2019 19:00,0.4635004240500227,0.1649976237487545,0.2678969681707093
04/10/2019 20:00,0.4635004240500227,0.1649976237487545,0.2678969681707093
04/10/2019 21:00,0.4635004240500227,0.1649976237487545,0.2678969681707093
04/10/2019 22:00,0.4635004240500227,0.1649976237487545,0.2678969681707093
04/10/2019 23:00,0.4635004240500227,0.1649976237487545,0.2678969681707093
05/10/2019 00:00,0.4635004240500227,0.1649976237487545,0.2678969681707093
05/10/2019 01:00,0.4635004240500227,0.1649976237487545,0.2678969681707093
05/10/2019 02:00,0.4635004240500227,0.1649976237487545,0.2678969681707093
05/10/2019 03:00,0.4635004240500227,0.1649976237487545,0.2678969681707093
05/10/2019 04:00,0.4635004240500227,0.1649976237487545,0.2678969681707093
05/10/2019 05:00,0.4635004240500227,0.1649976237487545,0.2678969681707093
05/10/2019 06:00,0.4635004240500227,0.1649976237487545,0.2678969681707093
05/10/2019 07:00,0.4635004240500227,0.1649976237487545,0.2678969681707093
05/10/2019 08:00,0.4635004240500227,0.1649976237487545,0.2678969681707093
05/10/2019 09:00,0.4635004240500227,0.1649976237487545,0.2678969681707093
05/10/2019 10:00,0.4635004240500227,0.1649976237487545,0.2678969681707093
05/10/2019 11:00,0.4635004240500227,0.1649976237487545,0.2678969681707093
05/10/2019 12:00,0.4635004240500227,0.1649976237487545,0.2678969681707093
05/10/2019 13:00,0.4635004240500227,0.1649976237487545,0.2678969681707093
05/10/2019 14:00,0.4635004240500227,0.1649976237487545,0.2678969681707093
05/10/2019 15:00,0.4635004240500227,0.1649976237487545,0.2678969681707093
05/10/2019 16:00,0.4635004240500227,0.1649976237487545,0.2678969681707093
05/10/2019 17:00,0.4635004240500227,0.1649976237487545,0.2678969681707093
05/10/2019 18:00,0.4635004240500227,0.1649976237487545,0.2678969681707093
05/10/2019 19:00,0.4635004240500227,0.1649976237487545,0.2678969681707093
05/10/2019 20:00,0.4635004240500227,0.1649976237487545,0.2678969681707093
05/10/2019 21:00,0.4635004240500227,0.1649976237487545,0.2678969681707093
05/10/2019 22:00,0.4635004240500227,0.1649976237487545,0.2678969681707093
05/10/2019 23:00,0.4635004240500227,0.1649976237487545,0.2678969681707093
06/10/2019 00:00,0.4635004240500227,0.1649976237487545,0.2678969681707093
06/10/2019 01:00,0.4635004240500227,0.1649976237487545,0.2678969681707093
06/10/2019 02:00,0.4635004240500227,0.1649976237487545,0.2678969681707093
06/10/2019 03:00,0.4635004240500227,0.1649976237487545,0.2678969681707093
06/10/2019 04:00,0.4635004240500227,0.1649976237487545,0.2678969681707093
06/10/2019 05:00,0.4635004240500227,0.1649976237487545,0.2678969681707093
06/10/2019 06:00,0.4635004240500227,0.1649976237487545,0.2678969681707093
06/10/2019 07:00,0.4635004240500227,0.1649976237487545,0.2678969681707093
06/10/2019 08:00,0.4635004240500227,0.1649976237487545,0.2678969681707093
06/10/2019 09:00,0.4635004240500227,0.1649976237487545,0.2678969681707093
06/10/2019 10:00,0.4635004240500227,0.1649976237487545,0.2678969681707093
06/10/2019 11:00,0.4635004240500227,0.1649976237487545,0.2678969681707093
06/10/2019 12:00,0.4635004240500227,0.1649976237487545,0.2678969681707093
06/10/2019 13:00,0.4635004240500227,0.1649976237487545,0.2678969681707093
06/10/2019 14:00,0.4635004240500227,0.1649976237487545,0.2678969681707093
06/10/2019 15:00,0.4635004240500227,0.1649976237487545,0.2678969681707093
06/10/2019 16:00,0.4635004240500227,0.1649976237487545,0.2678969681707093
06/10/2019 17:00,0.4635004240500227,0.1649976237487545,0.2678969681707093
06/10/2019 18:00,0.4635004240500227,0.1649976237487545,0.2678969681707093
06/10/2019 19:00,0.4635004240500227,0.1649976237487545,0.2678969681707093
06/10/2019 20:00,0.4635004240500227,0.1649976237487545,0.2678969681707093
06/10/2019 21:00,0.4635004240500227,0.1649976237487545,0.2678969681707093
06/10/2019 22:00,0.4635004240500227,0.1649976237487545,0.2678969681707093
06/10/2019 23:00,0.4635004240500227,0.1649976237487545,0.2678969681707093
07/10/2019 00:00,0.4635004240500227,0.1649976237487545,0.2678969681707093
07/10/2019 01:00,0.4635004240500227,0.1649976237487545,0.2678969681707093
07/10/2019 02:00,0.4635004240500227,0.1649976237487545,0.2678969681707093
07/10/2019 03:00,0.4635004240500227,0.1649976237487545,0.2678969681707093
07/10/2019 04:00,0.4635004240500227,0.1649976237487545,0.2678969681707093
07/10/2019 05:00,0.4635004240500227,0.1649976237487545,0.2678969681707093
07/10/2019 06:00,0.4635004240500227,0.1649976237487545,0.2678969681707093
07/10/2019 07:00,0.4635004240500227,0.1649976237487545,0.2678969681707093
07/10/2019 08:00,0.4635004240500227,0.1649976237487545,0.2678969681707093
07/10/2019 09:00,0.4635004240500227,0.1649976237487545,0.2678969681707093
07/10/2019 10:00,0.4635004240500227,0.1649976237487545,0.2678969681707093
07/10/2019 11:00,0.4635004240500227,0.1649976237487545,0.2678969681707093
07/10/2019 12:00,0.4635004240500227,0.1649976237487545,0.2678969681707093
07/10/2019 13:00,0.4635004240500227,0.1649976237487545,0.2678969681707093
07/10/2019 14:00,0.4635004240500227,0.1649976237487545,0.2678969681707093
07/10/2019 15:00,0.4635004240500227,0.1649976237487545,0.2678969681707093
07/10/2019 16:00,0.4635004240500227,0.1649976237487545,0.2678969681707093
07/10/2019 17:00,0.4635004240500227,0.1649976237487545,0.2678969681707093
07/10/2019 18:00,0.4635004240500227,0.1649976237487545,0.2678969681707093
07/10/2019 19:00,0.4635004240500227,0.1649976237487545,0.2678969681707093
07/10/2019 20:00,0.4635004240500227,0.1649976237487545,0.2678969681707093
07/10/2019 21:00,0.4635004240500227,0.1649976237487545,0.2678969681707093
07/10/2019 22:00,0.4635004240500227,0.1649976237487545,0.2678969681707093
07/10/2019 23:00,0.4635004240500227,0.1649976237487545,0.2678969681707093
08/10/2019 00:00,0.4635004240500227,0.1649976237487545,0.2678969681707093
08/10/2019 01:00,0.4635004240500227,0.1649976237487545,0.2678969681707093
08/10/2019 02:00,0.4635004240500227,0.1649976237487545,0.2678969681707093
08/10/2019 03:00,0.4635004240500227,0.1649976237487545,0.2678969681707093
08/10/2019 04:00,0.4635004240500227,0.1649976237487545,0.2678969681707093
08/10/2019 05:00,0.4635004240500227,0.1649976237487545,0.2678969681707093
08/10/2019 06:00,0.4635004240500227,0.1649976237487545,0.2678969681707093
08/10/2019 07:00,0.4635004240500227,0.1649976237487545,0.2678969681707093
08/10/2019 08:00,0.4635004240500227,0.1649976237487545,0.2678969681707093
08/10/2019 09:00,0.4635004240500227,0.1649976237487545,0.2678969681707093
08/10/2019 10:00,0.4635004240500227,0.1649976237487545,0.2678969681707093
08/10/2019 11:00,0.4635004240500227,0.1649976237487545,0.2678969681707093
08/10/2019 12:00,0.4635004240500227,0.1649976237487545,0.2678969681707093
08/10/2019 13:00,0.4635004240500227,0.1649976237487545,0.2678969681707093
08/10/2019 14:00,0.4635004240500227,0.1649976237487545,0.2678969681707093
08/10/2019 15:00,0.4635004240500227,0.1649976237487545,0.2678969681707093
08/10/2019 16:00,0.4635004240500227,0.1649976237487545,0.2678969681707093
08/10/2019 17:00,0.4635004240500227,0.1649976237487545,0.2678969681707093
08/10/2019 18:00,0.4635004240500227,0.1649976237487545,0.2678969681707093
08/10/2019 19:00,0.4635004240500227,0.1649976237487545,0.2678969681707093
08/10/2019 20:00,0.4635004240500227,0.1649976237487545,0.2678969681707093
08/10/2019 21:00,0.4635004240500227,0.1649976237487545,0.2678969681707093
08/10/2019 22:00,0.4635004240500227,0.1649976237487545,0.2678969681707093
08/10/2019 23:00,0.4635004240500227,0.1649976237487545,0.2678969681707093
09/10/2019 00:00,0.4635004240500227,0.1649976237487545,0.2678969681707093
09/10/2019 01:00,0.4635004240500227,0.1649976237487545,0.2678969681707093
09/10/2019 02:00,0.4635004240500227,0.1649976237487545,0.2678969681707093
09/10/2019 03:00,0.4635004240500227,0.1649976237487545,0.2678969681707093
09/10/2019 04:00,0.4635004240500227,0.1649976237487545,0.2678969681707093
09/10/2019 05:00,0.4635004240500227,0.1649976237487545,0.2678969681707093
09/10/2019 06:00,0.4635004240500227,0.1649976237487545,0.2678969681707093
09/10/2019 07:00,0.4635004240500227,0.1649976237487545,0.2678969681707093
09/10/2019 08:00,0.4635004240500227,0.1649976237487545,0.2678969681707093
09/10/2019 09:00,0.4635004240500227,0.1649976237487545,0.2678969681707093
09/10/2019 10:00,0.4635004240500227,0.1649976237487545,0.2678969681707093
09/10/2019 11:00,0.4635004240500227,0.1649976237487545,0.2678969681707093
09/10/2019 12:00,0.4635004240500227,0.1649976237487545,0.2678969681707093
09/10/2019 13:00,0.4635004240500227,0.1649976237487545,0.2678969681707093
09/10/2019 14:00,0.4635004240500227,0.1649976237487545,0.2678969681707093
09/10/2019 15:00,0.4635004240500227,0.1649976237487545,0.2678969681707093
09/10/2019 16:00,0.4635004240500227,0.1649976237487545,0.2678969681707093
09/10/2019 17:00,0.4635004240500227,0.1649976237487545,0.2678969681707093
09/10/2019 18:00,0.4635004240500227,0.1649976237487545,0.2678969681707093
09/10/2019 19:00,0.4635004240500227,0.1649976237487545,0.2678969681707093
09/10/2019 20:00,0.4635004240500227,0.1649976237487545,0.2678969681707093
09/10/2019 21:00,0.4635004240500227,0.1649976237487545,0.2678969681707093
09/10/2019 22:00,0.4635004240500227,0.1649976237487545,0.2678969681707093
09/10/2019 23:00,0.4635004240500227,0.1649976237487545,0.2678969681707093
10/10/2019 00:00,0.4635004240500227,0.1649976237487545,0.2678969681707093
10/10/2019 01:00,0.4635004240500227,0.1649976237487545,0.2678969681707093
10/10/2019 02:00,0.4635004240500227,0.1649976237487545,0.2678969681707093
10/10/2019 03:00,0.4635004240500227,0.1649976237487545,0.2678969681707093
10/10/2019 04:00,0.4635004240500227,0.1649976237487545,0.2678969681707093
10/10/2019 05:00,0.4635004240500227,0.1649976237487545,0.2678969681707093
10/10/2019 06:00,0.4635004240500227,0.1649976237487545,0.2678969681707093
10/10/2019 07:00,0.4635004240500227,0.1649976237487545,0.2678969681707093
10/10/2019 08:00,0.4635004240500227,0.1649976237487545,0.2678969681707093
10/10/2019 09:00,0.4635004240500227,0.1649976237487545,0.2678969681707093
10/10/2019 10:00,0.4635004240500227,0.1649976237487545,0.2678969681707093
10/10/2019 11:00,0.4635004240500227,0.1649976237487545,0.2678969681707093
10/10/2019 12:00,0.4635004240500227,0.1649976237487545,0.2678969681707093
10/10/2019 13:00,0.4635004240500227,0.1649976237487545,0.2678969681707093
10/10/2019 14:00,0.4635004240500227,0.1649976237487545,0.2678969681707093
10/10/2019 15:00,0.4635004240500227,0.1649976237487545,0.2678969681707093
10/10/2019 16:00,0.4635004240500227,0.1649976237487545,0.2678969681707093
10/10/2019 17:00,0.4635004240500227,0.1649976237487545,0.2678969681707093
10/10/2019 18:00,0.4635004240500227,0.1649976237487545,0.2678969681707093
10/10/2019 19:00,0.4635004240500227,0.1649976237487545,0.2678969681707093
10/10/2019 20:00,0.4635004240500227,0.1649976237487545,0.2678969681707093
10/10/2019 21:00,0.4635004240500227,0.1649976237487545,0.2678969681707093
10/10/2019 22:00,0.4635004240500227,0.1649976237487545,0.2678969681707093
10/10/2019 23:00,0.4635004240500227,0.1649976237487545,0.2678969681707093
11/10/2019 00:00,0.4635004240500227,0.1649976237487545,0.2678969681707093
11/10/2019 01:00,0.4635004240500227,0.1649976237487545,0.2678969681707093
11/10/2019 02:00,0.4635004240500227,0.1649976237487545,0.2678969681707093
11/10/2019 03:00,0.4635004240500227,0.1649976237487545,0.2678969681707093
11/10/2019 04:00,0.4635004240500227,0.1649976237487545,0.2678969681707093
11/10/2019 05:00,0.4635004240500227,0.1649976237487545,0.2678969681707093
11/10/2019 06:00,0.4635004240500227,0.1649976237487545,0.2678969681707093
11/10/2019 07:00,0.4635004240500227,0.1649976237487545,0.2678969681707093
11/10/2019 08:00,0.4635004240500227,0.1649976237487545,0.2678969681707093
11/10/2019 09:00,0.4635004240500227,0.1649976237487545,0.2678969681707093
11/10/2019 10:00,0.4635004240500227,0.1649976237487545,0.2678969681707093
11/10/2019 11:00,0.4635004240500227,0.1649976237487545,0.2678969681707093
11/10/2019 12:00,0.4635004240500227,0.1649976237487545,0.2678969681707093
11/10/2019 13:00,0.4635004240500227,0.1649976237487545,0.2678969681707093
11/10/2019 14:00,0.4635004240500227,0.1649976237487545,0.2678969681707093
11/10/2019 15:00,0.4635004240500227,0.1649976237487545,0.2678969681707093
11/10/2019 16:00,0.4635004240500227,0.1649976237487545,0.2678969681707093
11/10/2019 17:00,0.4635004240500227,0.1649976237487545,0.2678969681707093
11/10/2019 18:00,0.4635004240500227,0.1649976237487545,0.2678969681707093
11/10/2019 19:00,0.4635004240500227,0.1649976237487545,0.2678969681707093
11/10/2019 20:00,0.4635004240500227,0.1649976237487545,0.2678969681707093
11/10/2019 21:00,0.4635004240500227,0.1649976237487545,0.2678969681707093
11/10/2019 22:00,0.4635004240500227,0.1649976237487545,0.2678969681707093
11/10/2019 23:00,0.4635004240500227,0.1649976237487545,0.2678969681707093
12/10/2019 00:00,0.4635004240500227,0.1649976237487545,0.2678969681707093
12/10/2019 01:00,0.4635004240500227,0.1649976237487545,0.2678969681707093
12/10/2019 02:00,0.4635004240500227,0.1649976237487545,0.2678969681707093
12/10/2019 03:00,0.4635004240500227,0.1649976237487545,0.2678969681707093
12/10/2019 04:00,0.4635004240500227,0.1649976237487545,0.2678969681707093
12/10/2019 05:00,0.4635004240500227,0.1649976237487545,0.2678969681707093
12/10/2019 06:00,0.4635004240500227,0.1649976237487545,0.2678969681707093
12/10/2019 07:00,0.4635004240500227,0.1649976237487545,0.2678969681707093
12/10/2019 08:00,0.4635004240500227,0.1649976237487545,0.2678969681707093
12/10/2019 09:00,0.4635004240500227,0.1649976237487545,0.2678969681707093
12/10/2019 10:00,0.4635004240500227,0.1649976237487545,0.2678969681707093
12/10/2019 11:00,0.4635004240500227,0.1649976237487545,0.2678969681707093
12/10/2019 12:00,0.4635004240500227,0.1649976237487545,0.2678969681707093
12/10/2019 13:00,0.4635004240500227,0.1649976237487545,0.2678969681707093
12/10/2019 14:00,0.4635004240500227,0.1649976237487545,0.2678969681707093
12/10/2019 15:00,0.4635004240500227,0.1649976237487545,0.2678969681707093
12/10/2019 16:00,0.4635004240500227,0.1649976237487545,0.2678969681707093
12/10/2019 17:00,0.4635004240500227,0.1649976237487545,0.2678969681707093
12/10/2019 18:00,0.4635004240500227,0.1649976237487545,0.2678969681707093
12/10/2019 19:00,0.4635004240500227,0.1649976237487545,0.2678969681707093
12/10/2019 20:00,0.4635004240500227,0.1649976237487545,0.2678969681707093
12/10/2019 21:00,0.4635004240500227,0.1649976237487545,0.2678969681707093
12/10/2019 22:00,0.4635004240500227,0.1649976237487545,0.2678969681707093
12/10/2019 23:00,0.4635004240500227,0.1649976237487545,0.2678969681707093
13/10/2019 00:00,0.4635004240500227,0.1649976237487545,0.2678969681707093
13/10/2019 01:00,0.4635004240500227,0.1649976237487545,0.2678969681707093
13/10/2019 02:00,0.4635004240500227,0.1649976237487545,0.2678969681707093
13/10/2019 03:00,0.4635004240500227,0.1649976237487545,0.2678969681707093
13/10/2019 04:00,0.4635004240500227,0.1649976237487545,0.2678969681707093
13/10/2019 05:00,0.4635004240500227,0.1649976237487545,0.2678969681707093
13/10/2019 06:00,0.4635004240500227,0.1649976237487545,0.2678969681707093
13/10/2019 07:00,0.4635004240500227,0.1649976237487545,0.2678969681707093
13/10/2019 08:00,0.4635004240500227,0.1649976237487545,0.2678969681707093
13/10/2019 09:00,0.4635004240500227,0.1649976237487545,0.2678969681707093
13/10/2019 10:00,0.4635004240500227,0.1649976237487545,0.2678969681707093
13/10/2019 11:00,0.4635004240500227,0.1649976237487545,0.2678969681707093
13/10/2019 12:00,0.4635004240500227,0.1649976237487545,0.2678969681707093
13/10/2019 13:00,0.4635004240500227,0.1649976237487545,0.2678969681707093
13/10/2019 14:00,0.4635004240500227,0.1649976237487545,0.2678969681707093
13/10/2019 15:00,0.4635004240500227,0.1649976237487545,0.2678969681707093
13/10/2019 16:00,0.4635004240500227,0.1649976237487545,0.2678969681707093
13/10/2019 17:00,0.4635004240500227,0.1649976237487545,0.2678969681707093
13/10/2019 18:00,0.4635004240500227,0.1649976237487545,0.2678969681707093
13/10/2019 19:00,0.4635004240500227,0.1649976237487545,0.2678969681707093
13/10/2019 20:00,0.4635004240500227,0.1649976237487545,0.2678969681707093
13/10/2019 21:00,0.4635004240500227,0.1649976237487545,0.2678969681707093
13/10/2019 22:00,0.4635004240500227,0.1649976237487545,0.2678969681707093
13/10/2019 23:00,0.4635004240500227,0.1649976237487545,0.2678969681707093
14/10/2019 00:00,0.4635004240500227,0.1649976237487545,0.2678969681707093
14/10/2019 01:00,0.4635004240500227,0.1649976237487545,0.2678969681707093
14/10/2019 02:00,0.4635004240500227,0.1649976237487545,0.2678969681707093
14/10/2019 03:00,0.4635004240500227,0.1649976237487545,0.2678969681707093
14/10/2019 04:00,0.4635004240500227,0.1649976237487545,0.2678969681707093
14/10/2019 05:00,0.4635004240500227,0.1649976237487545,0.2678969681707093
14/10/2019 06:00,0.4635004240500227,0.1649976237487545,0.2678969681707093
14/10/2019 07:00,0.4635004240500227,0.1649976237487545,0.2678969681707093
14/10/2019 08:00,0.4635004240500227,0.1649976237487545,0.2678969681707093
14/10/2019 09:00,0.4635004240500227,0.1649976237487545,0.2678969681707093
14/10/2019 10:00,0.4635004240500227,0.1649976237487545,0.2678969681707093
14/10/2019 11:00,0.4635004240500227,0.1649976237487545,0.2678969681707093
14/10/2019 12:00,0.4635004240500227,0.1649976237487545,0.2678969681707093
14/10/2019 13:00,0.4635004240500227,0.1649976237487545,0.2678969681707093
14/10/2019 14:00,0.4635004240500227,0.1649976237487545,0.2678969681707093
14/10/2019 15:00,0.4635004240500227,0.1649976237487545,0.2678969681707093
14/10/2019 16:00,0.4635004240500227,0.1649976237487545,0.2678969681707093
14/10/2019 17:00,0.4635004240500227,0.1649976237487545,0.2678969681707093
14/10/2019 18:00,0.4635004240500227,0.1649976237487545,0.2678969681707093
14/10/2019 19:00,0.4635004240500227,0.1649976237487545,0.2678969681707093
14/10/2019 20:00,0.4635004240500227,0.1649976237487545,0.2678969681707093
14/10/2019 21:00,0.4635004240500227,0.1649976237487545,0.2678969681707093
14/10/2019 22:00,0.4635004240500227,0.1649976237487545,0.2678969681707093
14/10/2019 23:00,0.4635004240500227,0.1649976237487545,0.2678969681707093
15/10/2019 00:00,0.4635004240500227,0.1649976237487545,0.2678969681707093
15/10/2019 01:00,0.4635004240500227,0.1649976237487545,0.2678969681707093
15/10/2019 02:00,0.4635004240500227,0.1649976237487545,0.2678969681707093
15/10/2019 03:00,0.4635004240500227,0.1649976237487545,0.2678969681707093
15/10/2019 04:00,0.4635004240500227,0.1649976237487545,0.2678969681707093
15/10/2019 05:00,0.4635004240500227,0.1649976237487545,0.2678969681707093
15/10/2019 06:00,0.4635004240500227,0.1649976237487545,0.2678969681707093
15/10/2019 07:00,0.4635004240500227,0.1649976237487545,0.2678969681707093
15/10/2019 08:00,0.4635004240500227,0.1649976237487545,0.2678969681707093
15/10/2019 09:00,0.4635004240500227,0.1649976237487545,0.2678969681707093
15/10/2019 10:00,0.4635004240500227,0.1649976237487545,0.2678969681707093
15/10/2019 11:00,0.4635004240500227,0.1649976237487545,0.2678969681707093
15/10/2019 12:00,0.4635004240500227,0.1649976237487545,0.2678969681707093
15/10/2019 13:00,0.4635004240500227,0.1649976237487545,0.2678969681707093
15/10/2019 14:00,0.4635004240500227,0.1649976237487545,0.2678969681707093
15/10/2019 15:00,0.4635004240500227,0.1649976237487545,0.2678969681707093
15/10/2019 16:00,0.4635004240500227,0.1649976237487545,0.2678969681707093
15/10/2019 17:00,0.4635004240500227,0.1649976237487545,0.2678969681707093
15/10/2019 18:00,0.4635004240500227,0.1649976237487545,0.2678969681707093
15/10/2019 19:00,0.4635004240500227,0.1649976237487545,0.2678969681707093
15/10/2019 20:00,0.4635004240500227,0.1649976237487545,0.2678969681707093
15/10/2019 21:00,0.4635004240500227,0.1649976237487545,0.2678969681707093
15/10/2019 22:00,0.4635004240500227,0.1649976237487545,0.2678969681707093
15/10/2019 23:00,0.4635004240500227,0.1649976237487545,0.2678969681707093
16/10/2019 00:00,0.4635004240500227,0.1649976237487545,0.2678969681707093
16/10/2019 01:00,0.4635004240500227,0.1649976237487545,0.2678969681707093
16/10/2019 02:00,0.4635004240500227,0.1649976237487545,0.2678969681707093
16/10/2019 03:00,0.4635004240500227,0.1649976237487545,0.2678969681707093
16/10/2019 04:00,0.4635004240500227,0.1649976237487545,0.2678969681707093
16/10/2019 05:00,0.4635004240500227,0.1649976237487545,0.2678969681707093
16/10/2019 06:00,0.4635004240500227,0.1649976237487545,0.2678969681707093
16/10/2019 07:00,0.4635004240500227,0.1649976237487545,0.2678969681707093
16/10/2019 08:00,0.4635004240500227,0.1649976237487545,0.2678969681707093
16/10/2019 09:00,0.4635004240500227,0.1649976237487545,0.2678969681707093
16/10/2019 10:00,0.4635004240500227,0.1649976237487545,0.2678969681707093
16/10/2019 11:00,0.4635004240500227,0.1649976237487545,0.2678969681707093
16/10/2019 12:00,0.4635004240500227,0.1649976237487545,0.2678969681707093
16/10/2019 13:00,0.4635004240500227,0.1649976237487545,0.2678969681707093
16/10/2019 14:00,0.4635004240500227,0.1649976237487545,0.2678969681707093
16/10/2019 15:00,0.4635004240500227,0.1649976237487545,0.2678969681707093
16/10/2019 16:00,0.4635004240500227,0.1649976237487545,0.2678969681707093
16/10/2019 17:00,0.4635004240500227,0.1649976237487545,0.2678969681707093
16/10/2019 18:00,0.4635004240500227,0.1649976237487545,0.2678969681707093
16/10/2019 19:00,0.4635004240500227,0.1649976237487545,0.2678969681707093
16/10/2019 20:00,0.4635004240500227,0.1649976237487545,0.2678969681707093
16/10/2019 21:00,0.4635004240500227,0.1649976237487545,0.2678969681707093
16/10/2019 22:00,0.4635004240500227,0.1649976237487545,0.2678969681707093
16/10/2019 23:00,0.4635004240500227,0.1649976237487545,0.2678969681707093
17/10/2019 00:00,0.4635004240500227,0.1649976237487545,0.2678969681707093
17/10/2019 01:00,0.4635004240500227,0.1649976237487545,0.2678969681707093
17/10/2019 02:00,0.4635004240500227,0.1649976237487545,0.2678969681707093
17/10/2019 03:00,0.4635004240500227,0.1649976237487545,0.2678969681707093
17/10/2019 04:00,0.4635004240500227,0.1649976237487545,0.2678969681707093
17/10/2019 05:00,0.4635004240500227,0.1649976237487545,0.2678969681707093
17/10/2019 06:00,0.4635004240500227,0.1649976237487545,0.2678969681707093
17/10/2019 07:00,0.4635004240500227,0.1649976237487545,0.2678969681707093
17/10/2019 08:00,0.4635004240500227,0.1649976237487545,0.2678969681707093
17/10/2019 09:00,0.4635004240500227,0.1649976237487545,0.2678969681707093
17/10/2019 10:00,0.4635004240500227,0.1649976237487545,0.2678969681707093
17/10/2019 11:00,0.4635004240500227,0.1649976237487545,0.2678969681707093
17/10/2019 12:00,0.4635004240500227,0.1649976237487545,0.2678969681707093
17/10/2019 13:00,0.4635004240500227,0.1649976237487545,0.2678969681707093
17/10/2019 14:00,0.4635004240500227,0.1649976237487545,0.2678969681707093
17/10/2019 15:00,0.4635004240500227,0.1649976237487545,0.2678969681707093
17/10/2019 16:00,0.4635004240500227,0.1649976237487545,0.2678969681707093
17/10/2019 17:00,0.4635004240500227,0.1649976237487545,0.2678969681707093
17/10/2019 18:00,0.4635004240500227,0.1649976237487545,0.2678969681707093
17/10/2019 19:00,0.4635004240500227,0.1649976237487545,0.2678969681707093
17/10/2019 20:00,0.4635004240500227,0.1649976237487545,0.2678969681707093
17/10/2019 21:00,0.4635004240500227,0.1649976237487545,0.2678969681707093
17/10/2019 22:00,0.4635004240500227,0.1649976237487545,0.2678969681707093
17/10/2019 23:00,0.4635004240500227,0.1649976237487545,0.2678969681707093
18/10/2019 00:00,0.4635004240500227,0.1649976237487545,0.2678969681707093
18/10/2019 01:00,0.4635004240500227,0.1649976237487545,0.2678969681707093
18/10/2019 02:00,0.4635004240500227,0.1649976237487545,0.2678969681707093
18/10/2019 03:00,0.4635004240500227,0.1649976237487545,0.2678969681707093
18/10/2019 04:00,0.4635004240500227,0.1649976237487545,0.2678969681707093
18/10/2019 05:00,0.4635004240500227,0.1649976237487545,0.2678969681707093
18/10/2019 06:00,0.4635004240500227,0.1649976237487545,0.2678969681707093
18/10/2019 07:00,0.4635004240500227,0.1649976237487545,0.2678969681707093
18/10/2019 08:00,0.4635004240500227,0.1649976237487545,0.2678969681707093
18/10/2019 09:00,0.4635004240500227,0.1649976237487545,0.2678969681707093
18/10/2019 10:00,0.4635004240500227,0.1649976237487545,0.2678969681707093
18/10/2019 11:00,0.4635004240500227,0.1649976237487545,0.2678969681707093
18/10/2019 12:00,0.4635004240500227,0.1649976237487545,0.2678969681707093
18/10/2019 13:00,0.4635004240500227,0.1649976237487545,0.2678969681707093
18/10/2019 14:00,0.4635004240500227,0.1649976237487545,0.2678969681707093
18/10/2019 15:00,0.4635004240500227,0.1649976237487545,0.2678969681707093
18/10/2019 16:00,0.4635004240500227,0.1649976237487545,0.2678969681707093
18/10/2019 17:00,0.4635004240500227,0.1649976237487545,0.2678969681707093
18/10/2019 18:00,0.4635004240500227,0.1649976237487545,0.2678969681707093
18/10/2019 19:00,0.4635004240500227,0.1649976237487545,0.2678969681707093
18/10/2019 20:00,0.4635004240500227,0.1649976237487545,0.2678969681707093
18/10/2019 21:00,0.4635004240500227,0.1649976237487545,0.2678969681707093
18/10/2019 22:00,0.4635004240500227,0.1649976237487545,0.2678969681707093
18/10/2019 23:00,0.4635004240500227,0.1649976237487545,0.2678969681707093
19/10/2019 00:00,0.4635004240500227,0.1649976237487545,0.2678969681707093
19/10/2019 01:00,0.4635004240500227,0.1649976237487545,0.2678969681707093
19/10/2019 02:00,0.4635004240500227,0.1649976237487545,0.2678969681707093
19/10/2019 03:00,0.4635004240500227,0.1649976237487545,0.2678969681707093
19/10/2019 04:00,0.4635004240500227,0.1649976237487545,0.2678969681707093
19/10/2019 05:00,0.4635004240500227,0.1649976237487545,0.2678969681707093
19/10/2019 06:00,0.4635004240500227,0.1649976237487545,0.2678969681707093
19/10/2019 07:00,0.4635004240500227,0.1649976237487545,0.2678969681707093
19/10/2019 08:00,0.4635004240500227,0.1649976237487545,0.2678969681707093
19/10/2019 09:00,0.4635004240500227,0.1649976237487545,0.2678969681707093
19/10/2019 10:00,0.4635004240500227,0.1649976237487545,0.2678969681707093
19/10/2019 11:00,0.4635004240500227,0.1649976237487545,0.2678969681707093
19/10/2019 12:00,0.4635004240500227,0.1649976237487545,0.2678969681707093
19/10/2019 13:00,0.4635004240500227,0.1649976237487545,0.2678969681707093
19/10/2019 14:00,0.4635004240500227,0.1649976237487545,0.2678969681707093
19/10/2019 15:00,0.4635004240500227,0.1649976237487545,0.2678969681707093
19/10/2019 16:00,0.4635004240500227,0.1649976237487545,0.2678969681707093
19/10/2019 17:00,0.4635004240500227,0.1649976237487545,0.2678969681707093
19/10/2019 18:00,0.4635004240500227,0.1649976237487545,0.2678969681707093
19/10/2019 19:00,0.4635004240500227,0.1649976237487545,0.2678969681707093
19/10/2019 20:00,0.4635004240500227,0.1649976237487545,0.2678969681707093
19/10/2019 21:00,0.4635004240500227,0.1649976237487545,0.2678969681707093
19/10/2019 22:00,0.4635004240500227,0.1649976237487545,0.2678969681707093
19/10/2019 23:00,0.4635004240500227,0.1649976237487545,0.2678969681707093
20/10/2019 00:00,0.4635004240500227,0.1649976237487545,0.2678969681707093
20/10/2019 01:00,0.4635004240500227,0.1649976237487545,0.2678969681707093
20/10/2019 02:00,0.4635004240500227,0.1649976237487545,0.2678969681707093
20/10/2019 03:00,0.4635004240500227,0.1649976237487545,0.2678969681707093
20/10/2019 04:00,0.4635004240500227,0.1649976237487545,0.2678969681707093
20/10/2019 05:00,0.4635004240500227,0.1649976237487545,0.2678969681707093
20/10/2019 06:00,0.4635004240500227,0.1649976237487545,0.2678969681707093
20/10/2019 07:00,0.4635004240500227,0.1649976237487545,0.2678969681707093
20/10/2019 08:00,0.4635004240500227,0.1649976237487545,0.2678969681707093
20/10/2019 09:00,0.4635004240500227,0.1649976237487545,0.2678969681707093
20/10/2019 10:00,0.4635004240500227,0.1649976237487545,0.2678969681707093
20/10/2019 11:00,0.4635004240500227,0.1649976237487545,0.2678969681707093
20/10/2019 12:00,0.4635004240500227,0.1649976237487545,0.2678969681707093
20/10/2019 13:00,0.4635004240500227,0.1649976237487545,0.2678969681707093
20/10/2019 14:00,0.4635004240500227,0.1649976237487545,0.2678969681707093
20/10/2019 15:00,0.4635004240500227,0.1649976237487545,0.2678969681707093
20/10/2019 16:00,0.4635004240500227,0.1649976237487545,0.2678969681707093
20/10/2019 17:00,0.4635004240500227,0.1649976237487545,0.2678969681707093
20/10/2019 18:00,0.4635004240500227,0.1649976237487545,0.2678969681707093
20/10/2019 19:00,0.4635004240500227,0.1649976237487545,0.2678969681707093
20/10/2019 20:00,0.4635004240500227,0.1649976237487545,0.2678969681707093
20/10/2019 21:00,0.4635004240500227,0.1649976237487545,0.2678969681707093
20/10/2019 22:00,0.4635004240500227,0.1649976237487545,0.2678969681707093
20/10/2019 23:00,0.4635004240500227,0.1649976237487545,0.2678969681707093
21/10/2019 00:00,0.4635004240500227,0.1649976237487545,0.2678969681707093
21/10/2019 01:00,0.4635004240500227,0.1649976237487545,0.2678969681707093
21/10/2019 02:00,0.4635004240500227,0.1649976237487545,0.2678969681707093
21/10/2019 03:00,0.4635004240500227,0.1649976237487545,0.2678969681707093
21/10/2019 04:00,0.4635004240500227,0.1649976237487545,0.2678969681707093
21/10/2019 05:00,0.4635004240500227,0.1649976237487545,0.2678969681707093
21/10/2019 06:00,0.4635004240500227,0.1649976237487545,0.2678969681707093
21/10/2019 07:00,0.4635004240500227,0.1649976237487545,0.2678969681707093
21/10/2019 08:00,0.4635004240500227,0.1649976237487545,0.2678969681707093
21/10/2019 09:00,0.4635004240500227,0.1649976237487545,0.2678969681707093
21/10/2019 10:00,0.4635004240500227,0.1649976237487545,0.2678969681707093
21/10/2019 11:00,0.4635004240500227,0.1649976237487545,0.2678969681707093
21/10/2019 12:00,0.4635004240500227,0.1649976237487545,0.2678969681707093
21/10/2019 13:00,0.4635004240500227,0.1649976237487545,0.2678969681707093
21/10/2019 14:00,0.4635004240500227,0.1649976237487545,0.2678969681707093
21/10/2019 15:00,0.4635004240500227,0.1649976237487545,0.2678969681707093
21/10/2019 16:00,0.4635004240500227,0.1649976237487545,0.2678969681707093
21/10/2019 17:00,0.4635004240500227,0.1649976237487545,0.2678969681707093
21/10/2019 18:00,0.4635004240500227,0.1649976237487545,0.2678969681707093
21/10/2019 19:00,0.4635004240500227,0.1649976237487545,0.2678969681707093
21/10/2019 20:00,0.4635004240500227,0.1649976237487545,0.2678969681707093
21/10/2019 21:00,0.4635004240500227,0.1649976237487545,0.2678969681707093
21/10/2019 22:00,0.4635004240500227,0.1649976237487545,0.2678969681707093
21/10/2019 23:00,0.4635004240500227,0.1649976237487545,0.2678969681707093
22/10/2019 00:00,0.4635004240500227,0.1649976237487545,0.2678969681707093
22/10/2019 01:00,0.4635004240500227,0.1649976237487545,0.2678969681707093
22/10/2019 02:00,0.4635004240500227,0.1649976237487545,0.2678969681707093
22/10/2019 03:00,0.4635004240500227,0.1649976237487545,0.2678969681707093
22/10/2019 04:00,0.4635004240500227,0.1649976237487545,0.2678969681707093
22/10/2019 05:00,0.4635004240500227,0.1649976237487545,0.2678969681707093
22/10/2019 06:00,0.4635004240500227,0.1649976237487545,0.2678969681707093
22/10/2019 07:00,0.4635004240500227,0.1649976237487545,0.2678969681707093
22/10/2019 08:00,0.4635004240500227,0.1649976237487545,0.2678969681707093
22/10/2019 09:00,0.4635004240500227,0.1649976237487545,0.2678969681707093
22/10/2019 10:00,0.4635004240500227,0.1649976237487545,0.2678969681707093
22/10/2019 11:00,0.4635004240500227,0.1649976237487545,0.2678969681707093
22/10/2019 12:00,0.4635004240500227,0.1649976237487545,0.2678969681707093
22/10/2019 13:00,0.4635004240500227,0.1649976237487545,0.2678969681707093
22/10/2019 14:00,0.4635004240500227,0.1649976237487545,0.2678969681707093
22/10/2019 15:00,0.4635004240500227,0.1649976237487545,0.2678969681707093
22/10/2019 16:00,0.4635004240500227,0.1649976237487545,0.2678969681707093
22/10/2019 17:00,0.4635004240500227,0.1649976237487545,0.2678969681707093
22/10/2019 18:00,0.4635004240500227,0.1649976237487545,0.2678969681707093
22/10/2019 19:00,0.4635004240500227,0.1649976237487545,0.2678969681707093
22/10/2019 20:00,0.4635004240500227,0.1649976237487545,0.2678969681707093
22/10/2019 21:00,0.4635004240500227,0.1649976237487545,0.2678969681707093
22/10/2019 22:00,0.4635004240500227,0.1649976237487545,0.2678969681707093
22/10/2019 23:00,0.4635004240500227,0.1649976237487545,0.2678969681707093
23/10/2019 00:00,0.4635004240500227,0.1649976237487545,0.2678969681707093
23/10/2019 01:00,0.4635004240500227,0.1649976237487545,0.2678969681707093
23/10/2019 02:00,0.4635004240500227,0.1649976237487545,0.2678969681707093
23/10/2019 03:00,0.4635004240500227,0.1649976237487545,0.2678969681707093
23/10/2019 04:00,0.4635004240500227,0.1649976237487545,0.2678969681707093
23/10/2019 05:00,0.4635004240500227,0.1649976237487545,0.2678969681707093
23/10/2019 06:00,0.4635004240500227,0.1649976237487545,0.2678969681707093
23/10/2019 07:00,0.4635004240500227,0.1649976237487545,0.2678969681707093
23/10/2019 08:00,0.4635004240500227,0.1649976237487545,0.2678969681707093
23/10/2019 09:00,0.4635004240500227,0.1649976237487545,0.2678969681707093
23/10/2019 10:00,0.4635004240500227,0.1649976237487545,0.2678969681707093
23/10/2019 11:00,0.4635004240500227,0.1649976237487545,0.2678969681707093
23/10/2019 12:00,0.4635004240500227,0.1649976237487545,0.2678969681707093
23/10/2019 13:00,0.4635004240500227,0.1649976237487545,0.2678969681707093
23/10/2019 14:00,0.4635004240500227,0.1649976237487545,0.2678969681707093
23/10/2019 15:00,0.4635004240500227,0.1649976237487545,0.2678969681707093
23/10/2019 16:00,0.4635004240500227,0.1649976237487545,0.2678969681707093
23/10/2019 17:00,0.4635004240500227,0.1649976237487545,0.2678969681707093
23/10/2019 18:00,0.4635004240500227,0.1649976237487545,0.2678969681707093
23/10/2019 19:00,0.4635004240500227,0.1649976237487545,0.2678969681707093
23/10/2019 20:00,0.4635004240500227,0.1649976237487545,0.2678969681707093
23/10/2019 21:00,0.4635004240500227,0.1649976237487545,0.2678969681707093
23/10/2019 22:00,0.4635004240500227,0.1649976237487545,0.2678969681707093
23/10/2019 23:00,0.4635004240500227,0.1649976237487545,0.2678969681707093
24/10/2019 00:00,0.4635004240500227,0.1649976237487545,0.2678969681707093
24/10/2019 01:00,0.4635004240500227,0.1649976237487545,0.2678969681707093
24/10/2019 02:00,0.4635004240500227,0.1649976237487545,0.2678969681707093
24/10/2019 03:00,0.4635004240500227,0.1649976237487545,0.2678969681707093
24/10/2019 04:00,0.4635004240500227,0.1649976237487545,0.2678969681707093
24/10/2019 05:00,0.4635004240500227,0.1649976237487545,0.2678969681707093
24/10/2019 06:00,0.4635004240500227,0.1649976237487545,0.2678969681707093
24/10/2019 07:00,0.4635004240500227,0.1649976237487545,0.2678969681707093
24/10/2019 08:00,0.4635004240500227,0.1649976237487545,0.2678969681707093
24/10/2019 09:00,0.4635004240500227,0.1649976237487545,0.2678969681707093
24/10/2019 10:00,0.4635004240500227,0.1649976237487545,0.2678969681707093
24/10/2019 11:00,0.4635004240500227,0.1649976237487545,0.2678969681707093
24/10/2019 12:00,0.4635004240500227,0.1649976237487545,0.2678969681707093
24/10/2019 13:00,0.4635004240500227,0.1649976237487545,0.2678969681707093
24/10/2019 14:00,0.4635004240500227,0.1649976237487545,0.2678969681707093
24/10/2019 15:00,0.4635004240500227,0.1649976237487545,0.2678969681707093
24/10/2019 16:00,0.4635004240500227,0.1649976237487545,0.2678969681707093
24/10/2019 17:00,0.4635004240500227,0.1649976237487545,0.2678969681707093
24/10/2019 18:00,0.4635004240500227,0.1649976237487545,0.2678969681707093
24/10/2019 19:00,0.4635004240500227,0.1649976237487545,0.2678969681707093
24/10/2019 20:00,0.4635004240500227,0.1649976237487545,0.2678969681707093
24/10/2019 21:00,0.4635004240500227,0.1649976237487545,0.2678969681707093
24/10/2019 22:00,0.4635004240500227,0.1649976237487545,0.2678969681707093
24/10/2019 23:00,0.4635004240500227,0.1649976237487545,0.2678969681707093
25/10/2019 00:00,0.4635004240500227,0.1649976237487545,0.2678969681707093
25/10/2019 01:00,0.4635004240500227,0.1649976237487545,0.2678969681707093
25/10/2019 02:00,0.4635004240500227,0.1649976237487545,0.2678969681707093
25/10/2019 03:00,0.4635004240500227,0.1649976237487545,0.2678969681707093
25/10/2019 04:00,0.4635004240500227,0.1649976237487545,0.2678969681707093
25/10/2019 05:00,0.4635004240500227,0.1649976237487545,0.2678969681707093
25/10/2019 06:00,0.4635004240500227,0.1649976237487545,0.2678969681707093
25/10/2019 07:00,0.4635004240500227,0.1649976237487545,0.2678969681707093
25/10/2019 08:00,0.4635004240500227,0.1649976237487545,0.2678969681707093
25/10/2019 09:00,0.4635004240500227,0.1649976237487545,0.2678969681707093
25/10/2019 10:00,0.4635004240500227,0.1649976237487545,0.2678969681707093
25/10/2019 11:00,0.4635004240500227,0.1649976237487545,0.2678969681707093
25/10/2019 12:00,0.4635004240500227,0.1649976237487545,0.2678969681707093
25/10/2019 13:00,0.4635004240500227,0.1649976237487545,0.2678969681707093
25/10/2019 14:00,0.4635004240500227,0.1649976237487545,0.2678969681707093
25/10/2019 15:00,0.4635004240500227,0.1649976237487545,0.2678969681707093
25/10/2019 16:00,0.4635004240500227,0.1649976237487545,0.2678969681707093
25/10/2019 17:00,0.4635004240500227,0.1649976237487545,0.2678969681707093
25/10/2019 18:00,0.4635004240500227,0.1649976237487545,0.2678969681707093
25/10/2019 19:00,0.4635004240500227,0.1649976237487545,0.2678969681707093
25/10/2019 20:00,0.4635004240500227,0.1649976237487545,0.2678969681707093
25/10/2019 21:00,0.4635004240500227,0.1649976237487545,0.2678969681707093
25/10/2019 22:00,0.4635004240500227,0.1649976237487545,0.2678969681707093
25/10/2019 23:00,0.4635004240500227,0.1649976237487545,0.2678969681707093
26/10/2019 00:00,0.4635004240500227,0.1649976237487545,0.2678969681707093
26/10/2019 01:00,0.4635004240500227,0.1649976237487545,0.2678969681707093
26/10/2019 02:00,0.4635004240500227,0.1649976237487545,0.2678969681707093
26/10/2019 03:00,0.4635004240500227,0.1649976237487545,0.2678969681707093
26/10/2019 04:00,0.4635004240500227,0.1649976237487545,0.2678969681707093
26/10/2019 05:00,0.4635004240500227,0.1649976237487545,0.2678969681707093
26/10/2019 06:00,0.4635004240500227,0.1649976237487545,0.2678969681707093
26/10/2019 07:00,0.4635004240500227,0.1649976237487545,0.2678969681707093
26/10/2019 08:00,0.4635004240500227,0.1649976237487545,0.2678969681707093
26/10/2019 09:00,0.4635004240500227,0.1649976237487545,0.2678969681707093
26/10/2019 10:00,0.4635004240500227,0.1649976237487545,0.2678969681707093
26/10/2019 11:00,0.4635004240500227,0.1649976237487545,0.2678969681707093
26/10/2019 12:00,0.4635004240500227,0.1649976237487545,0.2678969681707093
26/10/2019 13:00,0.4635004240500227,0.1649976237487545,0.2678969681707093
26/10/2019 14:00,0.4635004240500227,0.1649976237487545,0.2678969681707093
26/10/2019 15:00,0.4635004240500227,0.1649976237487545,0.2678969681707093
26/10/2019 16:00,0.4635004240500227,0.1649976237487545,0.2678969681707093
26/10/2019 17:00,0.4635004240500227,0.1649976237487545,0.2678969681707093
26/10/2019 18:00,0.4635004240500227,0.1649976237487545,0.2678969681707093
26/10/2019 19:00,0.4635004240500227,0.1649976237487545,0.2678969681707093
26/10/2019 20:00,0.4635004240500227,0.1649976237487545,0.2678969681707093
26/10/2019 21:00,0.4635004240500227,0.1649976237487545,0.2678969681707093
26/10/2019 22:00,0.4635004240500227,0.1649976237487545,0.2678969681707093
26/10/2019 23:00,0.4635004240500227,0.1649976237487545,0.2678969681707093
27/10/2019 00:00,0.4635004240500227,0.1649976237487545,0.2678969681707093
27/10/2019 01:00,0.4635004240500227,0.1649976237487545,0.2678969681707093
27/10/2019 02:00,0.4635004240500227,0.1649976237487545,0.2678969681707093
27/10/2019 03:00,0.4635004240500227,0.1649976237487545,0.2678969681707093
27/10/2019 04:00,0.4635004240500227,0.1649976237487545,0.2678969681707093
27/10/2019 05:00,0.4635004240500227,0.1649976237487545,0.2678969681707093
27/10/2019 06:00,0.4635004240500227,0.1649976237487545,0.2678969681707093
27/10/2019 07:00,0.4635004240500227,0.1649976237487545,0.2678969681707093
27/10/2019 08:00,0.4635004240500227,0.1649976237487545,0.2678969681707093
27/10/2019 09:00,0.4635004240500227,0.1649976237487545,0.2678969681707093
27/10/2019 10:00,0.4635004240500227,0.1649976237487545,0.2678969681707093
27/10/2019 11:00,0.4635004240500227,0.1649976237487545,0.2678969681707093
27/10/2019 12:00,0.4635004240500227,0.1649976237487545,0.2678969681707093
27/10/2019 13:00,0.4635004240500227,0.1649976237487545,0.2678969681707093
27/10/2019 14:00,0.4635004240500227,0.1649976237487545,0.2678969681707093
27/10/2019 15:00,0.4635004240500227,0.1649976237487545,0.2678969681707093
27/10/2019 16:00,0.4635004240500227,0.1649976237487545,0.2678969681707093
27/10/2019 17:00,0.4635004240500227,0.1649976237487545,0.2678969681707093
27/10/2019 18:00,0.4635004240500227,0.1649976237487545,0.2678969681707093
27/10/2019 19:00,0.4635004240500227,0.1649976237487545,0.2678969681707093
27/10/2019 20:00,0.4635004240500227,0.1649976237487545,0.2678969681707093
27/10/2019 21:00,0.4635004240500227,0.1649976237487545,0.2678969681707093
27/10/2019 22:00,0.4635004240500227,0.1649976237487545,0.2678969681707093
27/10/2019 23:00,0.4635004240500227,0.1649976237487545,0.2678969681707093
28/10/2019 00:00,0.4635004240500227,0.1649976237487545,0.2678969681707093
28/10/2019 01:00,0.4635004240500227,0.1649976237487545,0.2678969681707093
28/10/2019 02:00,0.4635004240500227,0.1649976237487545,0.2678969681707093
28/10/2019 03:00,0.4635004240500227,0.1649976237487545,0.2678969681707093
28/10/2019 04:00,0.4635004240500227,0.1649976237487545,0.2678969681707093
28/10/2019 05:00,0.4635004240500227,0.1649976237487545,0.2678969681707093
28/10/2019 06:00,0.4635004240500227,0.1649976237487545,0.2678969681707093
28/10/2019 07:00,0.4635004240500227,0.1649976237487545,0.2678969681707093
28/10/2019 08:00,0.4635004240500227,0.1649976237487545,0.2678969681707093
28/10/2019 09:00,0.4635004240500227,0.1649976237487545,0.2678969681707093
28/10/2019 10:00,0.4635004240500227,0.1649976237487545,0.2678969681707093
28/10/2019 11:00,0.4635004240500227,0.1649976237487545,0.2678969681707093
28/10/2019 12:00,0.4635004240500227,0.1649976237487545,0.2678969681707093
28/10/2019 13:00,0.4635004240500227,0.1649976237487545,0.2678969681707093
28/10/2019 14:00,0.4635004240500227,0.1649976237487545,0.2678969681707093
28/10/2019 15:00,0.4635004240500227,0.1649976237487545,0.2678969681707093
28/10/2019 16:00,0.4635004240500227,0.1649976237487545,0.2678969681707093
28/10/2019 17:00,0.4635004240500227,0.1649976237487545,0.2678969681707093
28/10/2019 18:00,0.4635004240500227,0.1649976237487545,0.2678969681707093
28/10/2019 19:00,0.4635004240500227,0.1649976237487545,0.2678969681707093
28/10/2019 20:00,0.4635004240500227,0.1649976237487545,0.2678969681707093
28/10/2019 21:00,0.4635004240500227,0.1649976237487545,0.2678969681707093
28/10/2019 22:00,0.4635004240500227,0.1649976237487545,0.2678969681707093
28/10/2019 23:00,0.4635004240500227,0.1649976237487545,0.2678969681707093
29/10/2019 00:00,0.4635004240500227,0.1649976237487545,0.2678969681707093
29/10/2019 01:00,0.4635004240500227,0.1649976237487545,0.2678969681707093
29/10/2019 02:00,0.4635004240500227,0.1649976237487545,0.2678969681707093
29/10/2019 03:00,0.4635004240500227,0.1649976237487545,0.2678969681707093
29/10/2019 04:00,0.4635004240500227,0.1649976237487545,0.2678969681707093
29/10/2019 05:00,0.4635004240500227,0.1649976237487545,0.2678969681707093
29/10/2019 06:00,0.4635004240500227,0.1649976237487545,0.2678969681707093
29/10/2019 07:00,0.4635004240500227,0.1649976237487545,0.2678969681707093
29/10/2019 08:00,0.4635004240500227,0.1649976237487545,0.2678969681707093
29/10/2019 09:00,0.4635004240500227,0.1649976237487545,0.2678969681707093
29/10/2019 10:00,0.4635004240500227,0.1649976237487545,0.2678969681707093
29/10/2019 11:00,0.4635004240500227,0.1649976237487545,0.2678969681707093
29/10/2019 12:00,0.4635004240500227,0.1649976237487545,0.2678969681707093
29/10/2019 13:00,0.4635004240500227,0.1649976237487545,0.2678969681707093
29/10/2019 14:00,0.4635004240500227,0.1649976237487545,0.2678969681707093
29/10/2019 15:00,0.4635004240500227,0.1649976237487545,0.2678969681707093
29/10/2019 16:00,0.4635004240500227,0.1649976237487545,0.2678969681707093
29/10/2019 17:00,0.4635004240500227,0.1649976237487545,0.2678969681707093
29/10/2019 18:00,0.4635004240500227,0.1649976237487545,0.2678969681707093
29/10/2019 19:00,0.4635004240500227,0.1649976237487545,0.2678969681707093
29/10/2019 20:00,0.4635004240500227,0.1649976237487545,0.2678969681707093
29/10/2019 21:00,0.4635004240500227,0.1649976237487545,0.2678969681707093
29/10/2019 22:00,0.4635004240500227,0.1649976237487545,0.2678969681707093
29/10/2019 23:00,0.4635004240500227,0.1649976237487545,0.2678969681707093
30/10/2019 00:00,0.4635004240500227,0.1649976237487545,0.2678969681707093
30/10/2019 01:00,0.4635004240500227,0.1649976237487545,0.2678969681707093
30/10/2019 02:00,0.4635004240500227,0.1649976237487545,0.2678969681707093
30/10/2019 03:00,0.4635004240500227,0.1649976237487545,0.2678969681707093
30/10/2019 04:00,0.4635004240500227,0.1649976237487545,0.2678969681707093
30/10/2019 05:00,0.4635004240500227,0.1649976237487545,0.2678969681707093
30/10/2019 06:00,0.4635004240500227,0.1649976237487545,0.2678969681707093
30/10/2019 07:00,0.4635004240500227,0.1649976237487545,0.2678969681707093
30/10/2019 08:00,0.4635004240500227,0.1649976237487545,0.2678969681707093
30/10/2019 09:00,0.4635004240500227,0.1649976237487545,0.2678969681707093
30/10/2019 10:00,0.4635004240500227,0.1649976237487545,0.2678969681707093
30/10/2019 11:00,0.4635004240500227,0.1649976237487545,0.2678969681707093
30/10/2019 12:00,0.4635004240500227,0.1649976237487545,0.2678969681707093
30/10/2019 13:00,0.4635004240500227,0.1649976237487545,0.2678969681707093
30/10/2019 14:00,0.4635004240500227,0.1649976237487545,0.2678969681707093
30/10/2019 15:00,0.4635004240500227,0.1649976237487545,0.2678969681707093
30/10/2019 16:00,0.4635004240500227,0.1649976237487545,0.2678969681707093
30/10/2019 17:00,0.4635004240500227,0.1649976237487545,0.2678969681707093
30/10/2019 18:00,0.4635004240500227,0.1649976237487545,0.2678969681707093
30/10/2019 19:00,0.4635004240500227,0.1649976237487545,0.2678969681707093
30/10/2019 20:00,0.4635004240500227,0.1649976237487545,0.2678969681707093
30/10/2019 21:00,0.4635004240500227,0.1649976237487545,0.2678969681707093
30/10/2019 22:00,0.4635004240500227,0.1649976237487545,0.2678969681707093
30/10/2019 23:00,0.4635004240500227,0.1649976237487545,0.2678969681707093
31/10/2019 00:00,0.4635004240500227,0.1649976237487545,0.2678969681707093
31/10/2019 01:00,0.4635004240500227,0.1649976237487545,0.2678969681707093
31/10/2019 02:00,0.4635004240500227,0.1649976237487545,0.2678969681707093
31/10/2019 03:00,0.4635004240500227,0.1649976237487545,0.2678969681707093
31/10/2019 04:00,0.4635004240500227,0.1649976237487545,0.2678969681707093
31/10/2019 05:00,0.4635004240500227,0.1649976237487545,0.2678969681707093
31/10/2019 06:00,0.4635004240500227,0.1649976237487545,0.2678969681707093
31/10/2019 07:00,0.4635004240500227,0.1649976237487545,0.2678969681707093
31/10/2019 08:00,0.4635004240500227,0.1649976237487545,0.2678969681707093
31/10/2019 09:00,0.4635004240500227,0.1649976237487545,0.2678969681707093
31/10/2019 10:00,0.4635004240500227,0.1649976237487545,0.2678969681707093
31/10/2019 11:00,0.4635004240500227,0.1649976237487545,0.2678969681707093
31/10/2019 12:00,0.4635004240500227,0.1649976237487545,0.2678969681707093
31/10/2019 13:00,0.4635004240500227,0.1649976237487545,0.2678969681707093
31/10/2019 14:00,0.4635004240500227,0.1649976237487545,0.2678969681707093
31/10/2019 15:00,0.4635004240500227,0.1649976237487545,0.2678969681707093
31/10/2019 16:00,0.4635004240500227,0.1649976237487545,0.2678969681707093
31/10/2019 17:00,0.4635004240500227,0.1649976237487545,0.2678969681707093
31/10/2019 18:00,0.4635004240500227,0.1649976237487545,0.2678969681707093
31/10/2019 19:00,0.4635004240500227,0.1649976237487545,0.2678969681707093
31/10/2019 20:00,0.4635004240500227,0.1649976237487545,0.2678969681707093
31/10/2019 21:00,0.4635004240500227,0.1649976237487545,0.2678969681707093
31/10/2019 22:00,0.4635004240500227,0.1649976237487545,0.2678969681707093
31/10/2019 23:00,0.4635004240500227,0.1649976237487545,0.2678969681707093
01/11/2019 00:00,0.0737970217091251,0.1079970547935072,0.1629756580548839
01/11/2019 01:00,0.0737970217091251,0.1079970547935072,0.1629756580548839
01/11/2019 02:00,0.0737970217091251,0.1079970547935072,0.1629756580548839
01/11/2019 03:00,0.0737970217091251,0.1079970547935072,0.1629756580548839
01/11/2019 04:00,0.0737970217091251,0.1079970547935072,0.1629756580548839
01/11/2019 05:00,0.0737970217091251,0.1079970547935072,0.1629756580548839
01/11/2019 06:00,0.0737970217091251,0.1079970547935072,0.1629756580548839
01/11/2019 07:00,0.0737970217091251,0.1079970547935072,0.1629756580548839
01/11/2019 08:00,0.0737970217091251,0.1079970547935072,0.1629756580548839
01/11/2019 09:00,0.0737970217091251,0.1079970547935072,0.1629756580548839
01/11/2019 10:00,0.0737970217091251,0.1079970547935072,0.1629756580548839
01/11/2019 11:00,0.0737970217091251,0.1079970547935072,0.1629756580548839
01/11/2019 12:00,0.0737970217091251,0.1079970547935072,0.1629756580548839
01/11/2019 13:00,0.0737970217091251,0.1079970547935072,0.1629756580548839
01/11/2019 14:00,0.0737970217091251,0.1079970547935072,0.1629756580548839
01/11/2019 15:00,0.0737970217091251,0.1079970547935072,0.1629756580548839
01/11/2019 16:00,0.0737970217091251,0.1079970547935072,0.1629756580548839
01/11/2019 17:00,0.0737970217091251,0.1079970547935072,0.1629756580548839
01/11/2019 18:00,0.0737970217091251,0.1079970547935072,0.1629756580548839
01/11/2019 19:00,0.0737970217091251,0.1079970547935072,0.1629756580548839
01/11/2019 20:00,0.0737970217091251,0.1079970547935072,0.1629756580548839
01/11/2019 21:00,0.0737970217091251,0.1079970547935072,0.1629756580548839
01/11/2019 22:00,0.0737970217091251,0.1079970547935072,0.1629756580548839
01/11/2019 23:00,0.0737970217091251,0.1079970547935072,0.1629756580548839
02/11/2019 00:00,0.0737970217091251,0.1079970547935072,0.1629756580548839
02/11/2019 01:00,0.0737970217091251,0.1079970547935072,0.1629756580548839
02/11/2019 02:00,0.0737970217091251,0.1079970547935072,0.1629756580548839
02/11/2019 03:00,0.0737970217091251,0.1079970547935072,0.1629756580548839
02/11/2019 04:00,0.0737970217091251,0.1079970547935072,0.1629756580548839
02/11/2019 05:00,0.0737970217091251,0.1079970547935072,0.1629756580548839
02/11/2019 06:00,0.0737970217091251,0.1079970547935072,0.1629756580548839
02/11/2019 07:00,0.0737970217091251,0.1079970547935072,0.1629756580548839
02/11/2019 08:00,0.0737970217091251,0.1079970547935072,0.1629756580548839
02/11/2019 09:00,0.0737970217091251,0.1079970547935072,0.1629756580548839
02/11/2019 10:00,0.0737970217091251,0.1079970547935072,0.1629756580548839
02/11/2019 11:00,0.0737970217091251,0.1079970547935072,0.1629756580548839
02/11/2019 12:00,0.0737970217091251,0.1079970547935072,0.1629756580548839
02/11/2019 13:00,0.0737970217091251,0.1079970547935072,0.1629756580548839
02/11/2019 14:00,0.0737970217091251,0.1079970547935072,0.1629756580548839
02/11/2019 15:00,0.0737970217091251,0.1079970547935072,0.1629756580548839
02/11/2019 16:00,0.0737970217091251,0.1079970547935072,0.1629756580548839
02/11/2019 17:00,0.0737970217091251,0.1079970547935072,0.1629756580548839
02/11/2019 18:00,0.0737970217091251,0.1079970547935072,0.1629756580548839
02/11/2019 19:00,0.0737970217091251,0.1079970547935072,0.1629756580548839
02/11/2019 20:00,0.0737970217091251,0.1079970547935072,0.1629756580548839
02/11/2019 21:00,0.0737970217091251,0.1079970547935072,0.1629756580548839
02/11/2019 22:00,0.0737970217091251,0.1079970547935072,0.1629756580548839
02/11/2019 23:00,0.0737970217091251,0.1079970547935072,0.1629756580548839
03/11/2019 00:00,0.0737970217091251,0.1079970547935072,0.1629756580548839
03/11/2019 01:00,0.0737970217091251,0.1079970547935072,0.1629756580548839
03/11/2019 02:00,0.0737970217091251,0.1079970547935072,0.1629756580548839
03/11/2019 03:00,0.0737970217091251,0.1079970547935072,0.1629756580548839
03/11/2019 04:00,0.0737970217091251,0.1079970547935072,0.1629756580548839
03/11/2019 05:00,0.0737970217091251,0.1079970547935072,0.1629756580548839
03/11/2019 06:00,0.0737970217091251,0.1079970547935072,0.1629756580548839
03/11/2019 07:00,0.0737970217091251,0.1079970547935072,0.1629756580548839
03/11/2019 08:00,0.0737970217091251,0.1079970547935072,0.1629756580548839
03/11/2019 09:00,0.0737970217091251,0.1079970547935072,0.1629756580548839
03/11/2019 10:00,0.0737970217091251,0.1079970547935072,0.1629756580548839
03/11/2019 11:00,0.0737970217091251,0.1079970547935072,0.1629756580548839
03/11/2019 12:00,0.0737970217091251,0.1079970547935072,0.1629756580548839
03/11/2019 13:00,0.0737970217091251,0.1079970547935072,0.1629756580548839
03/11/2019 14:00,0.0737970217091251,0.1079970547935072,0.1629756580548839
03/11/2019 15:00,0.0737970217091251,0.1079970547935072,0.1629756580548839
03/11/2019 16:00,0.0737970217091251,0.1079970547935072,0.1629756580548839
03/11/2019 17:00,0.0737970217091251,0.1079970547935072,0.1629756580548839
03/11/2019 18:00,0.0737970217091251,0.1079970547935072,0.1629756580548839
03/11/2019 19:00,0.0737970217091251,0.1079970547935072,0.1629756580548839
03/11/2019 20:00,0.0737970217091251,0.1079970547935072,0.1629756580548839
03/11/2019 21:00,0.0737970217091251,0.1079970547935072,0.1629756580548839
03/11/2019 22:00,0.0737970217091251,0.1079970547935072,0.1629756580548839
03/11/2019 23:00,0.0737970217091251,0.1079970547935072,0.1629756580548839
04/11/2019 00:00,0.0737970217091251,0.1079970547935072,0.1629756580548839
04/11/2019 01:00,0.0737970217091251,0.1079970547935072,0.1629756580548839
04/11/2019 02:00,0.0737970217091251,0.1079970547935072,0.1629756580548839
04/11/2019 03:00,0.0737970217091251,0.1079970547935072,0.1629756580548839
04/11/2019 04:00,0.0737970217091251,0.1079970547935072,0.1629756580548839
04/11/2019 05:00,0.0737970217091251,0.1079970547935072,0.1629756580548839
04/11/2019 06:00,0.0737970217091251,0.1079970547935072,0.1629756580548839
04/11/2019 07:00,0.0737970217091251,0.1079970547935072,0.1629756580548839
04/11/2019 08:00,0.0737970217091251,0.1079970547935072,0.1629756580548839
04/11/2019 09:00,0.0737970217091251,0.1079970547935072,0.1629756580548839
04/11/2019 10:00,0.0737970217091251,0.1079970547935072,0.1629756580548839
04/11/2019 11:00,0.0737970217091251,0.1079970547935072,0.1629756580548839
04/11/2019 12:00,0.0737970217091251,0.1079970547935072,0.1629756580548839
04/11/2019 13:00,0.0737970217091251,0.1079970547935072,0.1629756580548839
04/11/2019 14:00,0.0737970217091251,0.1079970547935072,0.1629756580548839
04/11/2019 15:00,0.0737970217091251,0.1079970547935072,0.1629756580548839
04/11/2019 16:00,0.0737970217091251,0.1079970547935072,0.1629756580548839
04/11/2019 17:00,0.0737970217091251,0.1079970547935072,0.1629756580548839
04/11/2019 18:00,0.0737970217091251,0.1079970547935072,0.1629756580548839
04/11/2019 19:00,0.0737970217091251,0.1079970547935072,0.1629756580548839
04/11/2019 20:00,0.0737970217091251,0.1079970547935072,0.1629756580548839
04/11/2019 21:00,0.0737970217091251,0.1079970547935072,0.1629756580548839
04/11/2019 22:00,0.0737970217091251,0.1079970547935072,0.1629756580548839
04/11/2019 23:00,0.0737970217091251,0.1079970547935072,0.1629756580548839
05/11/2019 00:00,0.0737970217091251,0.1079970547935072,0.1629756580548839
05/11/2019 01:00,0.0737970217091251,0.1079970547935072,0.1629756580548839
05/11/2019 02:00,0.0737970217091251,0.1079970547935072,0.1629756580548839
05/11/2019 03:00,0.0737970217091251,0.1079970547935072,0.1629756580548839
05/11/2019 04:00,0.0737970217091251,0.1079970547935072,0.1629756580548839
05/11/2019 05:00,0.0737970217091251,0.1079970547935072,0.1629756580548839
05/11/2019 06:00,0.0737970217091251,0.1079970547935072,0.1629756580548839
05/11/2019 07:00,0.0737970217091251,0.1079970547935072,0.1629756580548839
05/11/2019 08:00,0.0737970217091251,0.1079970547935072,0.1629756580548839
05/11/2019 09:00,0.0737970217091251,0.1079970547935072,0.1629756580548839
05/11/2019 10:00,0.0737970217091251,0.1079970547935072,0.1629756580548839
05/11/2019 11:00,0.0737970217091251,0.1079970547935072,0.1629756580548839
05/11/2019 12:00,0.0737970217091251,0.1079970547935072,0.1629756580548839
05/11/2019 13:00,0.0737970217091251,0.1079970547935072,0.1629756580548839
05/11/2019 14:00,0.0737970217091251,0.1079970547935072,0.1629756580548839
05/11/2019 15:00,0.0737970217091251,0.1079970547935072,0.1629756580548839
05/11/2019 16:00,0.0737970217091251,0.1079970547935072,0.1629756580548839
05/11/2019 17:00,0.0737970217091251,0.1079970547935072,0.1629756580548839
05/11/2019 18:00,0.0737970217091251,0.1079970547935072,0.1629756580548839
05/11/2019 19:00,0.0737970217091251,0.1079970547935072,0.1629756580548839
05/11/2019 20:00,0.0737970217091251,0.1079970547935072,0.1629756580548839
05/11/2019 21:00,0.0737970217091251,0.1079970547935072,0.1629756580548839
05/11/2019 22:00,0.0737970217091251,0.1079970547935072,0.1629756580548839
05/11/2019 23:00,0.0737970217091251,0.1079970547935072,0.1629756580548839
06/11/2019 00:00,0.0737970217091251,0.1079970547935072,0.1629756580548839
06/11/2019 01:00,0.0737970217091251,0.1079970547935072,0.1629756580548839
06/11/2019 02:00,0.0737970217091251,0.1079970547935072,0.1629756580548839
06/11/2019 03:00,0.0737970217091251,0.1079970547935072,0.1629756580548839
06/11/2019 04:00,0.0737970217091251,0.1079970547935072,0.1629756580548839
06/11/2019 05:00,0.0737970217091251,0.1079970547935072,0.1629756580548839
06/11/2019 06:00,0.0737970217091251,0.1079970547935072,0.1629756580548839
06/11/2019 07:00,0.0737970217091251,0.1079970547935072,0.1629756580548839
06/11/2019 08:00,0.0737970217091251,0.1079970547935072,0.1629756580548839
06/11/2019 09:00,0.0737970217091251,0.1079970547935072,0.1629756580548839
06/11/2019 10:00,0.0737970217091251,0.1079970547935072,0.1629756580548839
06/11/2019 11:00,0.0737970217091251,0.1079970547935072,0.1629756580548839
06/11/2019 12:00,0.0737970217091251,0.1079970547935072,0.1629756580548839
06/11/2019 13:00,0.0737970217091251,0.1079970547935072,0.1629756580548839
06/11/2019 14:00,0.0737970217091251,0.1079970547935072,0.1629756580548839
06/11/2019 15:00,0.0737970217091251,0.1079970547935072,0.1629756580548839
06/11/2019 16:00,0.0737970217091251,0.1079970547935072,0.1629756580548839
06/11/2019 17:00,0.0737970217091251,0.1079970547935072,0.1629756580548839
06/11/2019 18:00,0.0737970217091251,0.1079970547935072,0.1629756580548839
06/11/2019 19:00,0.0737970217091251,0.1079970547935072,0.1629756580548839
06/11/2019 20:00,0.0737970217091251,0.1079970547935072,0.1629756580548839
06/11/2019 21:00,0.0737970217091251,0.1079970547935072,0.1629756580548839
06/11/2019 22:00,0.0737970217091251,0.1079970547935072,0.1629756580548839
06/11/2019 23:00,0.0737970217091251,0.1079970547935072,0.1629756580548839
07/11/2019 00:00,0.0737970217091251,0.1079970547935072,0.1629756580548839
07/11/2019 01:00,0.0737970217091251,0.1079970547935072,0.1629756580548839
07/11/2019 02:00,0.0737970217091251,0.1079970547935072,0.1629756580548839
07/11/2019 03:00,0.0737970217091251,0.1079970547935072,0.1629756580548839
07/11/2019 04:00,0.0737970217091251,0.1079970547935072,0.1629756580548839
07/11/2019 05:00,0.0737970217091251,0.1079970547935072,0.1629756580548839
07/11/2019 06:00,0.0737970217091251,0.1079970547935072,0.1629756580548839
07/11/2019 07:00,0.0737970217091251,0.1079970547935072,0.1629756580548839
07/11/2019 08:00,0.0737970217091251,0.1079970547935072,0.1629756580548839
07/11/2019 09:00,0.0737970217091251,0.1079970547935072,0.1629756580548839
07/11/2019 10:00,0.0737970217091251,0.1079970547935072,0.1629756580548839
07/11/2019 11:00,0.0737970217091251,0.1079970547935072,0.1629756580548839
07/11/2019 12:00,0.0737970217091251,0.1079970547935072,0.1629756580548839
07/11/2019 13:00,0.0737970217091251,0.1079970547935072,0.1629756580548839
07/11/2019 14:00,0.0737970217091251,0.1079970547935072,0.1629756580548839
07/11/2019 15:00,0.0737970217091251,0.1079970547935072,0.1629756580548839
07/11/2019 16:00,0.0737970217091251,0.1079970547935072,0.1629756580548839
07/11/2019 17:00,0.0737970217091251,0.1079970547935072,0.1629756580548839
07/11/2019 18:00,0.0737970217091251,0.1079970547935072,0.1629756580548839
07/11/2019 19:00,0.0737970217091251,0.1079970547935072,0.1629756580548839
07/11/2019 20:00,0.0737970217091251,0.1079970547935072,0.1629756580548839
07/11/2019 21:00,0.0737970217091251,0.1079970547935072,0.1629756580548839
07/11/2019 22:00,0.0737970217091251,0.1079970547935072,0.1629756580548839
07/11/2019 23:00,0.0737970217091251,0.1079970547935072,0.1629756580548839
08/11/2019 00:00,0.0737970217091251,0.1079970547935072,0.1629756580548839
08/11/2019 01:00,0.0737970217091251,0.1079970547935072,0.1629756580548839
08/11/2019 02:00,0.0737970217091251,0.1079970547935072,0.1629756580548839
08/11/2019 03:00,0.0737970217091251,0.1079970547935072,0.1629756580548839
08/11/2019 04:00,0.0737970217091251,0.1079970547935072,0.1629756580548839
08/11/2019 05:00,0.0737970217091251,0.1079970547935072,0.1629756580548839
08/11/2019 06:00,0.0737970217091251,0.1079970547935072,0.1629756580548839
08/11/2019 07:00,0.0737970217091251,0.1079970547935072,0.1629756580548839
08/11/2019 08:00,0.0737970217091251,0.1079970547935072,0.1629756580548839
08/11/2019 09:00,0.0737970217091251,0.1079970547935072,0.1629756580548839
08/11/2019 10:00,0.0737970217091251,0.1079970547935072,0.1629756580548839
08/11/2019 11:00,0.0737970217091251,0.1079970547935072,0.1629756580548839
08/11/2019 12:00,0.0737970217091251,0.1079970547935072,0.1629756580548839
08/11/2019 13:00,0.0737970217091251,0.1079970547935072,0.1629756580548839
08/11/2019 14:00,0.0737970217091251,0.1079970547935072,0.1629756580548839
08/11/2019 15:00,0.0737970217091251,0.1079970547935072,0.1629756580548839
08/11/2019 16:00,0.0737970217091251,0.1079970547935072,0.1629756580548839
08/11/2019 17:00,0.0737970217091251,0.1079970547935072,0.1629756580548839
08/11/2019 18:00,0.0737970217091251,0.1079970547935072,0.1629756580548839
08/11/2019 19:00,0.0737970217091251,0.1079970547935072,0.1629756580548839
08/11/2019 20:00,0.0737970217091251,0.1079970547935072,0.1629756580548839
08/11/2019 21:00,0.0737970217091251,0.1079970547935072,0.1629756580548839
08/11/2019 22:00,0.0737970217091251,0.1079970547935072,0.1629756580548839
08/11/2019 23:00,0.0737970217091251,0.1079970547935072,0.1629756580548839
09/11/2019 00:00,0.0737970217091251,0.1079970547935072,0.1629756580548839
09/11/2019 01:00,0.0737970217091251,0.1079970547935072,0.1629756580548839
09/11/2019 02:00,0.0737970217091251,0.1079970547935072,0.1629756580548839
09/11/2019 03:00,0.0737970217091251,0.1079970547935072,0.1629756580548839
09/11/2019 04:00,0.0737970217091251,0.1079970547935072,0.1629756580548839
09/11/2019 05:00,0.0737970217091251,0.1079970547935072,0.1629756580548839
09/11/2019 06:00,0.0737970217091251,0.1079970547935072,0.1629756580548839
09/11/2019 07:00,0.0737970217091251,0.1079970547935072,0.1629756580548839
09/11/2019 08:00,0.0737970217091251,0.1079970547935072,0.1629756580548839
09/11/2019 09:00,0.0737970217091251,0.1079970547935072,0.1629756580548839
09/11/2019 10:00,0.0737970217091251,0.1079970547935072,0.1629756580548839
09/11/2019 11:00,0.0737970217091251,0.1079970547935072,0.1629756580548839
09/11/2019 12:00,0.0737970217091251,0.1079970547935072,0.1629756580548839
09/11/2019 13:00,0.0737970217091251,0.1079970547935072,0.1629756580548839
09/11/2019 14:00,0.0737970217091251,0.1079970547935072,0.1629756580548839
09/11/2019 15:00,0.0737970217091251,0.1079970547935072,0.1629756580548839
09/11/2019 16:00,0.0737970217091251,0.1079970547935072,0.1629756580548839
09/11/2019 17:00,0.0737970217091251,0.1079970547935072,0.1629756580548839
09/11/2019 18:00,0.0737970217091251,0.1079970547935072,0.1629756580548839
09/11/2019 19:00,0.0737970217091251,0.1079970547935072,0.1629756580548839
09/11/2019 20:00,0.0737970217091251,0.1079970547935072,0.1629756580548839
09/11/2019 21:00,0.0737970217091251,0.1079970547935072,0.1629756580548839
09/11/2019 22:00,0.0737970217091251,0.1079970547935072,0.1629756580548839
09/11/2019 23:00,0.0737970217091251,0.1079970547935072,0.1629756580548839
10/11/2019 00:00,0.0737970217091251,0.1079970547935072,0.1629756580548839
10/11/2019 01:00,0.0737970217091251,0.1079970547935072,0.1629756580548839
10/11/2019 02:00,0.0737970217091251,0.1079970547935072,0.1629756580548839
10/11/2019 03:00,0.0737970217091251,0.1079970547935072,0.1629756580548839
10/11/2019 04:00,0.0737970217091251,0.1079970547935072,0.1629756580548839
10/11/2019 05:00,0.0737970217091251,0.1079970547935072,0.1629756580548839
10/11/2019 06:00,0.0737970217091251,0.1079970547935072,0.1629756580548839
10/11/2019 07:00,0.0737970217091251,0.1079970547935072,0.1629756580548839
10/11/2019 08:00,0.0737970217091251,0.1079970547935072,0.1629756580548839
10/11/2019 09:00,0.0737970217091251,0.1079970547935072,0.1629756580548839
10/11/2019 10:00,0.0737970217091251,0.1079970547935072,0.1629756580548839
10/11/2019 11:00,0.0737970217091251,0.1079970547935072,0.1629756580548839
10/11/2019 12:00,0.0737970217091251,0.1079970547935072,0.1629756580548839
10/11/2019 13:00,0.0737970217091251,0.1079970547935072,0.1629756580548839
10/11/2019 14:00,0.0737970217091251,0.1079970547935072,0.1629756580548839
10/11/2019 15:00,0.0737970217091251,0.1079970547935072,0.1629756580548839
10/11/2019 16:00,0.0737970217091251,0.1079970547935072,0.1629756580548839
10/11/2019 17:00,0.0737970217091251,0.1079970547935072,0.1629756580548839
10/11/2019 18:00,0.0737970217091251,0.1079970547935072,0.1629756580548839
10/11/2019 19:00,0.0737970217091251,0.1079970547935072,0.1629756580548839
10/11/2019 20:00,0.0737970217091251,0.1079970547935072,0.1629756580548839
10/11/2019 21:00,0.0737970217091251,0.1079970547935072,0.1629756580548839
10/11/2019 22:00,0.0737970217091251,0.1079970547935072,0.1629756580548839
10/11/2019 23:00,0.0737970217091251,0.1079970547935072,0.1629756580548839
11/11/2019 00:00,0.0737970217091251,0.1079970547935072,0.1629756580548839
11/11/2019 01:00,0.0737970217091251,0.1079970547935072,0.1629756580548839
11/11/2019 02:00,0.0737970217091251,0.1079970547935072,0.1629756580548839
11/11/2019 03:00,0.0737970217091251,0.1079970547935072,0.1629756580548839
11/11/2019 04:00,0.0737970217091251,0.1079970547935072,0.1629756580548839
11/11/2019 05:00,0.0737970217091251,0.1079970547935072,0.1629756580548839
11/11/2019 06:00,0.0737970217091251,0.1079970547935072,0.1629756580548839
11/11/2019 07:00,0.0737970217091251,0.1079970547935072,0.1629756580548839
11/11/2019 08:00,0.0737970217091251,0.1079970547935072,0.1629756580548839
11/11/2019 09:00,0.0737970217091251,0.1079970547935072,0.1629756580548839
11/11/2019 10:00,0.0737970217091251,0.1079970547935072,0.1629756580548839
11/11/2019 11:00,0.0737970217091251,0.1079970547935072,0.1629756580548839
11/11/2019 12:00,0.0737970217091251,0.1079970547935072,0.1629756580548839
11/11/2019 13:00,0.0737970217091251,0.1079970547935072,0.1629756580548839
11/11/2019 14:00,0.0737970217091251,0.1079970547935072,0.1629756580548839
11/11/2019 15:00,0.0737970217091251,0.1079970547935072,0.1629756580548839
11/11/2019 16:00,0.0737970217091251,0.1079970547935072,0.1629756580548839
11/11/2019 17:00,0.0737970217091251,0.1079970547935072,0.1629756580548839
11/11/2019 18:00,0.0737970217091251,0.1079970547935072,0.1629756580548839
11/11/2019 19:00,0.0737970217091251,0.1079970547935072,0.1629756580548839
11/11/2019 20:00,0.0737970217091251,0.1079970547935072,0.1629756580548839
11/11/2019 21:00,0.0737970217091251,0.1079970547935072,0.1629756580548839
11/11/2019 22:00,0.0737970217091251,0.1079970547935072,0.1629756580548839
11/11/2019 23:00,0.0737970217091251,0.1079970547935072,0.1629756580548839
12/11/2019 00:00,0.0737970217091251,0.1079970547935072,0.1629756580548839
12/11/2019 01:00,0.0737970217091251,0.1079970547935072,0.1629756580548839
12/11/2019 02:00,0.0737970217091251,0.1079970547935072,0.1629756580548839
12/11/2019 03:00,0.0737970217091251,0.1079970547935072,0.1629756580548839
12/11/2019 04:00,0.0737970217091251,0.1079970547935072,0.1629756580548839
12/11/2019 05:00,0.0737970217091251,0.1079970547935072,0.1629756580548839
12/11/2019 06:00,0.0737970217091251,0.1079970547935072,0.1629756580548839
12/11/2019 07:00,0.0737970217091251,0.1079970547935072,0.1629756580548839
12/11/2019 08:00,0.0737970217091251,0.1079970547935072,0.1629756580548839
12/11/2019 09:00,0.0737970217091251,0.1079970547935072,0.1629756580548839
12/11/2019 10:00,0.0737970217091251,0.1079970547935072,0.1629756580548839
12/11/2019 11:00,0.0737970217091251,0.1079970547935072,0.1629756580548839
12/11/2019 12:00,0.0737970217091251,0.1079970547935072,0.1629756580548839
12/11/2019 13:00,0.0737970217091251,0.1079970547935072,0.1629756580548839
12/11/2019 14:00,0.0737970217091251,0.1079970547935072,0.1629756580548839
12/11/2019 15:00,0.0737970217091251,0.1079970547935072,0.1629756580548839
12/11/2019 16:00,0.0737970217091251,0.1079970547935072,0.1629756580548839
12/11/2019 17:00,0.0737970217091251,0.1079970547935072,0.1629756580548839
12/11/2019 18:00,0.0737970217091251,0.1079970547935072,0.1629756580548839
12/11/2019 19:00,0.0737970217091251,0.1079970547935072,0.1629756580548839
12/11/2019 20:00,0.0737970217091251,0.1079970547935072,0.1629756580548839
12/11/2019 21:00,0.0737970217091251,0.1079970547935072,0.1629756580548839
12/11/2019 22:00,0.0737970217091251,0.1079970547935072,0.1629756580548839
12/11/2019 23:00,0.0737970217091251,0.1079970547935072,0.1629756580548839
13/11/2019 00:00,0.0737970217091251,0.1079970547935072,0.1629756580548839
13/11/2019 01:00,0.0737970217091251,0.1079970547935072,0.1629756580548839
13/11/2019 02:00,0.0737970217091251,0.1079970547935072,0.1629756580548839
13/11/2019 03:00,0.0737970217091251,0.1079970547935072,0.1629756580548839
13/11/2019 04:00,0.0737970217091251,0.1079970547935072,0.1629756580548839
13/11/2019 05:00,0.0737970217091251,0.1079970547935072,0.1629756580548839
13/11/2019 06:00,0.0737970217091251,0.1079970547935072,0.1629756580548839
13/11/2019 07:00,0.0737970217091251,0.1079970547935072,0.1629756580548839
13/11/2019 08:00,0.0737970217091251,0.1079970547935072,0.1629756580548839
13/11/2019 09:00,0.0737970217091251,0.1079970547935072,0.1629756580548839
13/11/2019 10:00,0.0737970217091251,0.1079970547935072,0.1629756580548839
13/11/2019 11:00,0.0737970217091251,0.1079970547935072,0.1629756580548839
13/11/2019 12:00,0.0737970217091251,0.1079970547935072,0.1629756580548839
13/11/2019 13:00,0.0737970217091251,0.1079970547935072,0.1629756580548839
13/11/2019 14:00,0.0737970217091251,0.1079970547935072,0.1629756580548839
13/11/2019 15:00,0.0737970217091251,0.1079970547935072,0.1629756580548839
13/11/2019 16:00,0.0737970217091251,0.1079970547935072,0.1629756580548839
13/11/2019 17:00,0.0737970217091251,0.1079970547935072,0.1629756580548839
13/11/2019 18:00,0.0737970217091251,0.1079970547935072,0.1629756580548839
13/11/2019 19:00,0.0737970217091251,0.1079970547935072,0.1629756580548839
13/11/2019 20:00,0.0737970217091251,0.1079970547935072,0.1629756580548839
13/11/2019 21:00,0.0737970217091251,0.1079970547935072,0.1629756580548839
13/11/2019 22:00,0.0737970217091251,0.1079970547935072,0.1629756580548839
13/11/2019 23:00,0.0737970217091251,0.1079970547935072,0.1629756580548839
14/11/2019 00:00,0.0737970217091251,0.1079970547935072,0.1629756580548839
14/11/2019 01:00,0.0737970217091251,0.1079970547935072,0.1629756580548839
14/11/2019 02:00,0.0737970217091251,0.1079970547935072,0.1629756580548839
14/11/2019 03:00,0.0737970217091251,0.1079970547935072,0.1629756580548839
14/11/2019 04:00,0.0737970217091251,0.1079970547935072,0.1629756580548839
14/11/2019 05:00,0.0737970217091251,0.1079970547935072,0.1629756580548839
14/11/2019 06:00,0.0737970217091251,0.1079970547935072,0.1629756580548839
14/11/2019 07:00,0.0737970217091251,0.1079970547935072,0.1629756580548839
14/11/2019 08:00,0.0737970217091251,0.1079970547935072,0.1629756580548839
14/11/2019 09:00,0.0737970217091251,0.1079970547935072,0.1629756580548839
14/11/2019 10:00,0.0737970217091251,0.1079970547935072,0.1629756580548839
14/11/2019 11:00,0.0737970217091251,0.1079970547935072,0.1629756580548839
14/11/2019 12:00,0.0737970217091251,0.1079970547935072,0.1629756580548839
14/11/2019 13:00,0.0737970217091251,0.1079970547935072,0.1629756580548839
14/11/2019 14:00,0.0737970217091251,0.1079970547935072,0.1629756580548839
14/11/2019 15:00,0.0737970217091251,0.1079970547935072,0.1629756580548839
14/11/2019 16:00,0.0737970217091251,0.1079970547935072,0.1629756580548839
14/11/2019 17:00,0.0737970217091251,0.1079970547935072,0.1629756580548839
14/11/2019 18:00,0.0737970217091251,0.1079970547935072,0.1629756580548839
14/11/2019 19:00,0.0737970217091251,0.1079970547935072,0.1629756580548839
14/11/2019 20:00,0.0737970217091251,0.1079970547935072,0.1629756580548839
14/11/2019 21:00,0.0737970217091251,0.1079970547935072,0.1629756580548839
14/11/2019 22:00,0.0737970217091251,0.1079970547935072,0.1629756580548839
14/11/2019 23:00,0.0737970217091251,0.1079970547935072,0.1629756580548839
15/11/2019 00:00,0.0737970217091251,0.1079970547935072,0.1629756580548839
15/11/2019 01:00,0.0737970217091251,0.1079970547935072,0.1629756580548839
15/11/2019 02:00,0.0737970217091251,0.1079970547935072,0.1629756580548839
15/11/2019 03:00,0.0737970217091251,0.1079970547935072,0.1629756580548839
15/11/2019 04:00,0.0737970217091251,0.1079970547935072,0.1629756580548839
15/11/2019 05:00,0.0737970217091251,0.1079970547935072,0.1629756580548839
15/11/2019 06:00,0.0737970217091251,0.1079970547935072,0.1629756580548839
15/11/2019 07:00,0.0737970217091251,0.1079970547935072,0.1629756580548839
15/11/2019 08:00,0.0737970217091251,0.1079970547935072,0.1629756580548839
15/11/2019 09:00,0.0737970217091251,0.1079970547935072,0.1629756580548839
15/11/2019 10:00,0.0737970217091251,0.1079970547935072,0.1629756580548839
15/11/2019 11:00,0.0737970217091251,0.1079970547935072,0.1629756580548839
15/11/2019 12:00,0.0737970217091251,0.1079970547935072,0.1629756580548839
15/11/2019 13:00,0.0737970217091251,0.1079970547935072,0.1629756580548839
15/11/2019 14:00,0.0737970217091251,0.1079970547935072,0.1629756580548839
15/11/2019 15:00,0.0737970217091251,0.1079970547935072,0.1629756580548839
15/11/2019 16:00,0.0737970217091251,0.1079970547935072,0.1629756580548839
15/11/2019 17:00,0.0737970217091251,0.1079970547935072,0.1629756580548839
15/11/2019 18:00,0.0737970217091251,0.1079970547935072,0.1629756580548839
15/11/2019 19:00,0.0737970217091251,0.1079970547935072,0.1629756580548839
15/11/2019 20:00,0.0737970217091251,0.1079970547935072,0.1629756580548839
15/11/2019 21:00,0.0737970217091251,0.1079970547935072,0.1629756580548839
15/11/2019 22:00,0.0737970217091251,0.1079970547935072,0.1629756580548839
15/11/2019 23:00,0.0737970217091251,0.1079970547935072,0.1629756580548839
16/11/2019 00:00,0.0737970217091251,0.1079970547935072,0.1629756580548839
16/11/2019 01:00,0.0737970217091251,0.1079970547935072,0.1629756580548839
16/11/2019 02:00,0.0737970217091251,0.1079970547935072,0.1629756580548839
16/11/2019 03:00,0.0737970217091251,0.1079970547935072,0.1629756580548839
16/11/2019 04:00,0.0737970217091251,0.1079970547935072,0.1629756580548839
16/11/2019 05:00,0.0737970217091251,0.1079970547935072,0.1629756580548839
16/11/2019 06:00,0.0737970217091251,0.1079970547935072,0.1629756580548839
16/11/2019 07:00,0.0737970217091251,0.1079970547935072,0.1629756580548839
16/11/2019 08:00,0.0737970217091251,0.1079970547935072,0.1629756580548839
16/11/2019 09:00,0.0737970217091251,0.1079970547935072,0.1629756580548839
16/11/2019 10:00,0.0737970217091251,0.1079970547935072,0.1629756580548839
16/11/2019 11:00,0.0737970217091251,0.1079970547935072,0.1629756580548839
16/11/2019 12:00,0.0737970217091251,0.1079970547935072,0.1629756580548839
16/11/2019 13:00,0.0737970217091251,0.1079970547935072,0.1629756580548839
16/11/2019 14:00,0.0737970217091251,0.1079970547935072,0.1629756580548839
16/11/2019 15:00,0.0737970217091251,0.1079970547935072,0.1629756580548839
16/11/2019 16:00,0.0737970217091251,0.1079970547935072,0.1629756580548839
16/11/2019 17:00,0.0737970217091251,0.1079970547935072,0.1629756580548839
16/11/2019 18:00,0.0737970217091251,0.1079970547935072,0.1629756580548839
16/11/2019 19:00,0.0737970217091251,0.1079970547935072,0.1629756580548839
16/11/2019 20:00,0.0737970217091251,0.1079970547935072,0.1629756580548839
16/11/2019 21:00,0.0737970217091251,0.1079970547935072,0.1629756580548839
16/11/2019 22:00,0.0737970217091251,0.1079970547935072,0.1629756580548839
16/11/2019 23:00,0.0737970217091251,0.1079970547935072,0.1629756580548839
17/11/2019 00:00,0.0737970217091251,0.1079970547935072,0.1629756580548839
17/11/2019 01:00,0.0737970217091251,0.1079970547935072,0.1629756580548839
17/11/2019 02:00,0.0737970217091251,0.1079970547935072,0.1629756580548839
17/11/2019 03:00,0.0737970217091251,0.1079970547935072,0.1629756580548839
17/11/2019 04:00,0.0737970217091251,0.1079970547935072,0.1629756580548839
17/11/2019 05:00,0.0737970217091251,0.1079970547935072,0.1629756580548839
17/11/2019 06:00,0.0737970217091251,0.1079970547935072,0.1629756580548839
17/11/2019 07:00,0.0737970217091251,0.1079970547935072,0.1629756580548839
17/11/2019 08:00,0.0737970217091251,0.1079970547935072,0.1629756580548839
17/11/2019 09:00,0.0737970217091251,0.1079970547935072,0.1629756580548839
17/11/2019 10:00,0.0737970217091251,0.1079970547935072,0.1629756580548839
17/11/2019 11:00,0.0737970217091251,0.1079970547935072,0.1629756580548839
17/11/2019 12:00,0.0737970217091251,0.1079970547935072,0.1629756580548839
17/11/2019 13:00,0.0737970217091251,0.1079970547935072,0.1629756580548839
17/11/2019 14:00,0.0737970217091251,0.1079970547935072,0.1629756580548839
17/11/2019 15:00,0.0737970217091251,0.1079970547935072,0.1629756580548839
17/11/2019 16:00,0.0737970217091251,0.1079970547935072,0.1629756580548839
17/11/2019 17:00,0.0737970217091251,0.1079970547935072,0.1629756580548839
17/11/2019 18:00,0.0737970217091251,0.1079970547935072,0.1629756580548839
17/11/2019 19:00,0.0737970217091251,0.1079970547935072,0.1629756580548839
17/11/2019 20:00,0.0737970217091251,0.1079970547935072,0.1629756580548839
17/11/2019 21:00,0.0737970217091251,0.1079970547935072,0.1629756580548839
17/11/2019 22:00,0.0737970217091251,0.1079970547935072,0.1629756580548839
17/11/2019 23:00,0.0737970217091251,0.1079970547935072,0.1629756580548839
18/11/2019 00:00,0.0737970217091251,0.1079970547935072,0.1629756580548839
18/11/2019 01:00,0.0737970217091251,0.1079970547935072,0.1629756580548839
18/11/2019 02:00,0.0737970217091251,0.1079970547935072,0.1629756580548839
18/11/2019 03:00,0.0737970217091251,0.1079970547935072,0.1629756580548839
18/11/2019 04:00,0.0737970217091251,0.1079970547935072,0.1629756580548839
18/11/2019 05:00,0.0737970217091251,0.1079970547935072,0.1629756580548839
18/11/2019 06:00,0.0737970217091251,0.1079970547935072,0.1629756580548839
18/11/2019 07:00,0.0737970217091251,0.1079970547935072,0.1629756580548839
18/11/2019 08:00,0.0737970217091251,0.1079970547935072,0.1629756580548839
18/11/2019 09:00,0.0737970217091251,0.1079970547935072,0.1629756580548839
18/11/2019 10:00,0.0737970217091251,0.1079970547935072,0.1629756580548839
18/11/2019 11:00,0.0737970217091251,0.1079970547935072,0.1629756580548839
18/11/2019 12:00,0.0737970217091251,0.1079970547935072,0.1629756580548839
18/11/2019 13:00,0.0737970217091251,0.1079970547935072,0.1629756580548839
18/11/2019 14:00,0.0737970217091251,0.1079970547935072,0.1629756580548839
18/11/2019 15:00,0.0737970217091251,0.1079970547935072,0.1629756580548839
18/11/2019 16:00,0.0737970217091251,0.1079970547935072,0.1629756580548839
18/11/2019 17:00,0.0737970217091251,0.1079970547935072,0.1629756580548839
18/11/2019 18:00,0.0737970217091251,0.1079970547935072,0.1629756580548839
18/11/2019 19:00,0.0737970217091251,0.1079970547935072,0.1629756580548839
18/11/2019 20:00,0.0737970217091251,0.1079970547935072,0.1629756580548839
18/11/2019 21:00,0.0737970217091251,0.1079970547935072,0.1629756580548839
18/11/2019 22:00,0.0737970217091251,0.1079970547935072,0.1629756580548839
18/11/2019 23:00,0.0737970217091251,0.1079970547935072,0.1629756580548839
19/11/2019 00:00,0.0737970217091251,0.1079970547935072,0.1629756580548839
19/11/2019 01:00,0.0737970217091251,0.1079970547935072,0.1629756580548839
19/11/2019 02:00,0.0737970217091251,0.1079970547935072,0.1629756580548839
19/11/2019 03:00,0.0737970217091251,0.1079970547935072,0.1629756580548839
19/11/2019 04:00,0.0737970217091251,0.1079970547935072,0.1629756580548839
19/11/2019 05:00,0.0737970217091251,0.1079970547935072,0.1629756580548839
19/11/2019 06:00,0.0737970217091251,0.1079970547935072,0.1629756580548839
19/11/2019 07:00,0.0737970217091251,0.1079970547935072,0.1629756580548839
19/11/2019 08:00,0.0737970217091251,0.1079970547935072,0.1629756580548839
19/11/2019 09:00,0.0737970217091251,0.1079970547935072,0.1629756580548839
19/11/2019 10:00,0.0737970217091251,0.1079970547935072,0.1629756580548839
19/11/2019 11:00,0.0737970217091251,0.1079970547935072,0.1629756580548839
19/11/2019 12:00,0.0737970217091251,0.1079970547935072,0.1629756580548839
19/11/2019 13:00,0.0737970217091251,0.1079970547935072,0.1629756580548839
19/11/2019 14:00,0.0737970217091251,0.1079970547935072,0.1629756580548839
19/11/2019 15:00,0.0737970217091251,0.1079970547935072,0.1629756580548839
19/11/2019 16:00,0.0737970217091251,0.1079970547935072,0.1629756580548839
19/11/2019 17:00,0.0737970217091251,0.1079970547935072,0.1629756580548839
19/11/2019 18:00,0.0737970217091251,0.1079970547935072,0.1629756580548839
19/11/2019 19:00,0.0737970217091251,0.1079970547935072,0.1629756580548839
19/11/2019 20:00,0.0737970217091251,0.1079970547935072,0.1629756580548839
19/11/2019 21:00,0.0737970217091251,0.1079970547935072,0.1629756580548839
19/11/2019 22:00,0.0737970217091251,0.1079970547935072,0.1629756580548839
19/11/2019 23:00,0.0737970217091251,0.1079970547935072,0.1629756580548839
20/11/2019 00:00,0.0737970217091251,0.1079970547935072,0.1629756580548839
20/11/2019 01:00,0.0737970217091251,0.1079970547935072,0.1629756580548839
20/11/2019 02:00,0.0737970217091251,0.1079970547935072,0.1629756580548839
20/11/2019 03:00,0.0737970217091251,0.1079970547935072,0.1629756580548839
20/11/2019 04:00,0.0737970217091251,0.1079970547935072,0.1629756580548839
20/11/2019 05:00,0.0737970217091251,0.1079970547935072,0.1629756580548839
20/11/2019 06:00,0.0737970217091251,0.1079970547935072,0.1629756580548839
20/11/2019 07:00,0.0737970217091251,0.1079970547935072,0.1629756580548839
20/11/2019 08:00,0.0737970217091251,0.1079970547935072,0.1629756580548839
20/11/2019 09:00,0.0737970217091251,0.1079970547935072,0.1629756580548839
20/11/2019 10:00,0.0737970217091251,0.1079970547935072,0.1629756580548839
20/11/2019 11:00,0.0737970217091251,0.1079970547935072,0.1629756580548839
20/11/2019 12:00,0.0737970217091251,0.1079970547935072,0.1629756580548839
20/11/2019 13:00,0.0737970217091251,0.1079970547935072,0.1629756580548839
20/11/2019 14:00,0.0737970217091251,0.1079970547935072,0.1629756580548839
20/11/2019 15:00,0.0737970217091251,0.1079970547935072,0.1629756580548839
20/11/2019 16:00,0.0737970217091251,0.1079970547935072,0.1629756580548839
20/11/2019 17:00,0.0737970217091251,0.1079970547935072,0.1629756580548839
20/11/2019 18:00,0.0737970217091251,0.1079970547935072,0.1629756580548839
20/11/2019 19:00,0.0737970217091251,0.1079970547935072,0.1629756580548839
20/11/2019 20:00,0.0737970217091251,0.1079970547935072,0.1629756580548839
20/11/2019 21:00,0.0737970217091251,0.1079970547935072,0.1629756580548839
20/11/2019 22:00,0.0737970217091251,0.1079970547935072,0.1629756580548839
20/11/2019 23:00,0.0737970217091251,0.1079970547935072,0.1629756580548839
21/11/2019 00:00,0.0737970217091251,0.1079970547935072,0.1629756580548839
21/11/2019 01:00,0.0737970217091251,0.1079970547935072,0.1629756580548839
21/11/2019 02:00,0.0737970217091251,0.1079970547935072,0.1629756580548839
21/11/2019 03:00,0.0737970217091251,0.1079970547935072,0.1629756580548839
21/11/2019 04:00,0.0737970217091251,0.1079970547935072,0.1629756580548839
21/11/2019 05:00,0.0737970217091251,0.1079970547935072,0.1629756580548839
21/11/2019 06:00,0.0737970217091251,0.1079970547935072,0.1629756580548839
21/11/2019 07:00,0.0737970217091251,0.1079970547935072,0.1629756580548839
21/11/2019 08:00,0.0737970217091251,0.1079970547935072,0.1629756580548839
21/11/2019 09:00,0.0737970217091251,0.1079970547935072,0.1629756580548839
21/11/2019 10:00,0.0737970217091251,0.1079970547935072,0.1629756580548839
21/11/2019 11:00,0.0737970217091251,0.1079970547935072,0.1629756580548839
21/11/2019 12:00,0.0737970217091251,0.1079970547935072,0.1629756580548839
21/11/2019 13:00,0.0737970217091251,0.1079970547935072,0.1629756580548839
21/11/2019 14:00,0.0737970217091251,0.1079970547935072,0.1629756580548839
21/11/2019 15:00,0.0737970217091251,0.1079970547935072,0.1629756580548839
21/11/2019 16:00,0.0737970217091251,0.1079970547935072,0.1629756580548839
21/11/2019 17:00,0.0737970217091251,0.1079970547935072,0.1629756580548839
21/11/2019 18:00,0.0737970217091251,0.1079970547935072,0.1629756580548839
21/11/2019 19:00,0.0737970217091251,0.1079970547935072,0.1629756580548839
21/11/2019 20:00,0.0737970217091251,0.1079970547935072,0.1629756580548839
21/11/2019 21:00,0.0737970217091251,0.1079970547935072,0.1629756580548839
21/11/2019 22:00,0.0737970217091251,0.1079970547935072,0.1629756580548839
21/11/2019 23:00,0.0737970217091251,0.1079970547935072,0.1629756580548839
22/11/2019 00:00,0.0737970217091251,0.1079970547935072,0.1629756580548839
22/11/2019 01:00,0.0737970217091251,0.1079970547935072,0.1629756580548839
22/11/2019 02:00,0.0737970217091251,0.1079970547935072,0.1629756580548839
22/11/2019 03:00,0.0737970217091251,0.1079970547935072,0.1629756580548839
22/11/2019 04:00,0.0737970217091251,0.1079970547935072,0.1629756580548839
22/11/2019 05:00,0.0737970217091251,0.1079970547935072,0.1629756580548839
22/11/2019 06:00,0.0737970217091251,0.1079970547935072,0.1629756580548839
22/11/2019 07:00,0.0737970217091251,0.1079970547935072,0.1629756580548839
22/11/2019 08:00,0.0737970217091251,0.1079970547935072,0.1629756580548839
22/11/2019 09:00,0.0737970217091251,0.1079970547935072,0.1629756580548839
22/11/2019 10:00,0.0737970217091251,0.1079970547935072,0.1629756580548839
22/11/2019 11:00,0.0737970217091251,0.1079970547935072,0.1629756580548839
22/11/2019 12:00,0.0737970217091251,0.1079970547935072,0.1629756580548839
22/11/2019 13:00,0.0737970217091251,0.1079970547935072,0.1629756580548839
22/11/2019 14:00,0.0737970217091251,0.1079970547935072,0.1629756580548839
22/11/2019 15:00,0.0737970217091251,0.1079970547935072,0.1629756580548839
22/11/2019 16:00,0.0737970217091251,0.1079970547935072,0.1629756580548839
22/11/2019 17:00,0.0737970217091251,0.1079970547935072,0.1629756580548839
22/11/2019 18:00,0.0737970217091251,0.1079970547935072,0.1629756580548839
22/11/2019 19:00,0.0737970217091251,0.1079970547935072,0.1629756580548839
22/11/2019 20:00,0.0737970217091251,0.1079970547935072,0.1629756580548839
22/11/2019 21:00,0.0737970217091251,0.1079970547935072,0.1629756580548839
22/11/2019 22:00,0.0737970217091251,0.1079970547935072,0.1629756580548839
22/11/2019 23:00,0.0737970217091251,0.1079970547935072,0.1629756580548839
23/11/2019 00:00,0.0737970217091251,0.1079970547935072,0.1629756580548839
23/11/2019 01:00,0.0737970217091251,0.1079970547935072,0.1629756580548839
23/11/2019 02:00,0.0737970217091251,0.1079970547935072,0.1629756580548839
23/11/2019 03:00,0.0737970217091251,0.1079970547935072,0.1629756580548839
23/11/2019 04:00,0.0737970217091251,0.1079970547935072,0.1629756580548839
23/11/2019 05:00,0.0737970217091251,0.1079970547935072,0.1629756580548839
23/11/2019 06:00,0.0737970217091251,0.1079970547935072,0.1629756580548839
23/11/2019 07:00,0.0737970217091251,0.1079970547935072,0.1629756580548839
23/11/2019 08:00,0.0737970217091251,0.1079970547935072,0.1629756580548839
23/11/2019 09:00,0.0737970217091251,0.1079970547935072,0.1629756580548839
23/11/2019 10:00,0.0737970217091251,0.1079970547935072,0.1629756580548839
23/11/2019 11:00,0.0737970217091251,0.1079970547935072,0.1629756580548839
23/11/2019 12:00,0.0737970217091251,0.1079970547935072,0.1629756580548839
23/11/2019 13:00,0.0737970217091251,0.1079970547935072,0.1629756580548839
23/11/2019 14:00,0.0737970217091251,0.1079970547935072,0.1629756580548839
23/11/2019 15:00,0.0737970217091251,0.1079970547935072,0.1629756580548839
23/11/2019 16:00,0.0737970217091251,0.1079970547935072,0.1629756580548839
23/11/2019 17:00,0.0737970217091251,0.1079970547935072,0.1629756580548839
23/11/2019 18:00,0.0737970217091251,0.1079970547935072,0.1629756580548839
23/11/2019 19:00,0.0737970217091251,0.1079970547935072,0.1629756580548839
23/11/2019 20:00,0.0737970217091251,0.1079970547935072,0.1629756580548839
23/11/2019 21:00,0.0737970217091251,0.1079970547935072,0.1629756580548839
23/11/2019 22:00,0.0737970217091251,0.1079970547935072,0.1629756580548839
23/11/2019 23:00,0.0737970217091251,0.1079970547935072,0.1629756580548839
24/11/2019 00:00,0.0737970217091251,0.1079970547935072,0.1629756580548839
24/11/2019 01:00,0.0737970217091251,0.1079970547935072,0.1629756580548839
24/11/2019 02:00,0.0737970217091251,0.1079970547935072,0.1629756580548839
24/11/2019 03:00,0.0737970217091251,0.1079970547935072,0.1629756580548839
24/11/2019 04:00,0.0737970217091251,0.1079970547935072,0.1629756580548839
24/11/2019 05:00,0.0737970217091251,0.1079970547935072,0.1629756580548839
24/11/2019 06:00,0.0737970217091251,0.1079970547935072,0.1629756580548839
24/11/2019 07:00,0.0737970217091251,0.1079970547935072,0.1629756580548839
24/11/2019 08:00,0.0737970217091251,0.1079970547935072,0.1629756580548839
24/11/2019 09:00,0.0737970217091251,0.1079970547935072,0.1629756580548839
24/11/2019 10:00,0.0737970217091251,0.1079970547935072,0.1629756580548839
24/11/2019 11:00,0.0737970217091251,0.1079970547935072,0.1629756580548839
24/11/2019 12:00,0.0737970217091251,0.1079970547935072,0.1629756580548839
24/11/2019 13:00,0.0737970217091251,0.1079970547935072,0.1629756580548839
24/11/2019 14:00,0.0737970217091251,0.1079970547935072,0.1629756580548839
24/11/2019 15:00,0.0737970217091251,0.1079970547935072,0.1629756580548839
24/11/2019 16:00,0.0737970217091251,0.1079970547935072,0.1629756580548839
24/11/2019 17:00,0.0737970217091251,0.1079970547935072,0.1629756580548839
24/11/2019 18:00,0.0737970217091251,0.1079970547935072,0.1629756580548839
24/11/2019 19:00,0.0737970217091251,0.1079970547935072,0.1629756580548839
24/11/2019 20:00,0.0737970217091251,0.1079970547935072,0.1629756580548839
24/11/2019 21:00,0.0737970217091251,0.1079970547935072,0.1629756580548839
24/11/2019 22:00,0.0737970217091251,0.1079970547935072,0.1629756580548839
24/11/2019 23:00,0.0737970217091251,0.1079970547935072,0.1629756580548839
25/11/2019 00:00,0.0737970217091251,0.1079970547935072,0.1629756580548839
25/11/2019 01:00,0.0737970217091251,0.1079970547935072,0.1629756580548839
25/11/2019 02:00,0.0737970217091251,0.1079970547935072,0.1629756580548839
25/11/2019 03:00,0.0737970217091251,0.1079970547935072,0.1629756580548839
25/11/2019 04:00,0.0737970217091251,0.1079970547935072,0.1629756580548839
25/11/2019 05:00,0.0737970217091251,0.1079970547935072,0.1629756580548839
25/11/2019 06:00,0.0737970217091251,0.1079970547935072,0.1629756580548839
25/11/2019 07:00,0.0737970217091251,0.1079970547935072,0.1629756580548839
25/11/2019 08:00,0.0737970217091251,0.1079970547935072,0.1629756580548839
25/11/2019 09:00,0.0737970217091251,0.1079970547935072,0.1629756580548839
25/11/2019 10:00,0.0737970217091251,0.1079970547935072,0.1629756580548839
25/11/2019 11:00,0.0737970217091251,0.1079970547935072,0.1629756580548839
25/11/2019 12:00,0.0737970217091251,0.1079970547935072,0.1629756580548839
25/11/2019 13:00,0.0737970217091251,0.1079970547935072,0.1629756580548839
25/11/2019 14:00,0.0737970217091251,0.1079970547935072,0.1629756580548839
25/11/2019 15:00,0.0737970217091251,0.1079970547935072,0.1629756580548839
25/11/2019 16:00,0.0737970217091251,0.1079970547935072,0.1629756580548839
25/11/2019 17:00,0.0737970217091251,0.1079970547935072,0.1629756580548839
25/11/2019 18:00,0.0737970217091251,0.1079970547935072,0.1629756580548839
25/11/2019 19:00,0.0737970217091251,0.1079970547935072,0.1629756580548839
25/11/2019 20:00,0.0737970217091251,0.1079970547935072,0.1629756580548839
25/11/2019 21:00,0.0737970217091251,0.1079970547935072,0.1629756580548839
25/11/2019 22:00,0.0737970217091251,0.1079970547935072,0.1629756580548839
25/11/2019 23:00,0.0737970217091251,0.1079970547935072,0.1629756580548839
26/11/2019 00:00,0.0737970217091251,0.1079970547935072,0.1629756580548839
26/11/2019 01:00,0.0737970217091251,0.1079970547935072,0.1629756580548839
26/11/2019 02:00,0.0737970217091251,0.1079970547935072,0.1629756580548839
26/11/2019 03:00,0.0737970217091251,0.1079970547935072,0.1629756580548839
26/11/2019 04:00,0.0737970217091251,0.1079970547935072,0.1629756580548839
26/11/2019 05:00,0.0737970217091251,0.1079970547935072,0.1629756580548839
26/11/2019 06:00,0.0737970217091251,0.1079970547935072,0.1629756580548839
26/11/2019 07:00,0.0737970217091251,0.1079970547935072,0.1629756580548839
26/11/2019 08:00,0.0737970217091251,0.1079970547935072,0.1629756580548839
26/11/2019 09:00,0.0737970217091251,0.1079970547935072,0.1629756580548839
26/11/2019 10:00,0.0737970217091251,0.1079970547935072,0.1629756580548839
26/11/2019 11:00,0.0737970217091251,0.1079970547935072,0.1629756580548839
26/11/2019 12:00,0.0737970217091251,0.1079970547935072,0.1629756580548839
26/11/2019 13:00,0.0737970217091251,0.1079970547935072,0.1629756580548839
26/11/2019 14:00,0.0737970217091251,0.1079970547935072,0.1629756580548839
26/11/2019 15:00,0.0737970217091251,0.1079970547935072,0.1629756580548839
26/11/2019 16:00,0.0737970217091251,0.1079970547935072,0.1629756580548839
26/11/2019 17:00,0.0737970217091251,0.1079970547935072,0.1629756580548839
26/11/2019 18:00,0.0737970217091251,0.1079970547935072,0.1629756580548839
26/11/2019 19:00,0.0737970217091251,0.1079970547935072,0.1629756580548839
26/11/2019 20:00,0.0737970217091251,0.1079970547935072,0.1629756580548839
26/11/2019 21:00,0.0737970217091251,0.1079970547935072,0.1629756580548839
26/11/2019 22:00,0.0737970217091251,0.1079970547935072,0.1629756580548839
26/11/2019 23:00,0.0737970217091251,0.1079970547935072,0.1629756580548839
27/11/2019 00:00,0.0737970217091251,0.1079970547935072,0.1629756580548839
27/11/2019 01:00,0.0737970217091251,0.1079970547935072,0.1629756580548839
27/11/2019 02:00,0.0737970217091251,0.1079970547935072,0.1629756580548839
27/11/2019 03:00,0.0737970217091251,0.1079970547935072,0.1629756580548839
27/11/2019 04:00,0.0737970217091251,0.1079970547935072,0.1629756580548839
27/11/2019 05:00,0.0737970217091251,0.1079970547935072,0.1629756580548839
27/11/2019 06:00,0.0737970217091251,0.1079970547935072,0.1629756580548839
27/11/2019 07:00,0.0737970217091251,0.1079970547935072,0.1629756580548839
27/11/2019 08:00,0.0737970217091251,0.1079970547935072,0.1629756580548839
27/11/2019 09:00,0.0737970217091251,0.1079970547935072,0.1629756580548839
27/11/2019 10:00,0.0737970217091251,0.1079970547935072,0.1629756580548839
27/11/2019 11:00,0.0737970217091251,0.1079970547935072,0.1629756580548839
27/11/2019 12:00,0.0737970217091251,0.1079970547935072,0.1629756580548839
27/11/2019 13:00,0.0737970217091251,0.1079970547935072,0.1629756580548839
27/11/2019 14:00,0.0737970217091251,0.1079970547935072,0.1629756580548839
27/11/2019 15:00,0.0737970217091251,0.1079970547935072,0.1629756580548839
27/11/2019 16:00,0.0737970217091251,0.1079970547935072,0.1629756580548839
27/11/2019 17:00,0.0737970217091251,0.1079970547935072,0.1629756580548839
27/11/2019 18:00,0.0737970217091251,0.1079970547935072,0.1629756580548839
27/11/2019 19:00,0.0737970217091251,0.1079970547935072,0.1629756580548839
27/11/2019 20:00,0.0737970217091251,0.1079970547935072,0.1629756580548839
27/11/2019 21:00,0.0737970217091251,0.1079970547935072,0.1629756580548839
27/11/2019 22:00,0.0737970217091251,0.1079970547935072,0.1629756580548839
27/11/2019 23:00,0.0737970217091251,0.1079970547935072,0.1629756580548839
28/11/2019 00:00,0.0737970217091251,0.1079970547935072,0.1629756580548839
28/11/2019 01:00,0.0737970217091251,0.1079970547935072,0.1629756580548839
28/11/2019 02:00,0.0737970217091251,0.1079970547935072,0.1629756580548839
28/11/2019 03:00,0.0737970217091251,0.1079970547935072,0.1629756580548839
28/11/2019 04:00,0.0737970217091251,0.1079970547935072,0.1629756580548839
28/11/2019 05:00,0.0737970217091251,0.1079970547935072,0.1629756580548839
28/11/2019 06:00,0.0737970217091251,0.1079970547935072,0.1629756580548839
28/11/2019 07:00,0.0737970217091251,0.1079970547935072,0.1629756580548839
28/11/2019 08:00,0.0737970217091251,0.1079970547935072,0.1629756580548839
28/11/2019 09:00,0.0737970217091251,0.1079970547935072,0.1629756580548839
28/11/2019 10:00,0.0737970217091251,0.1079970547935072,0.1629756580548839
28/11/2019 11:00,0.0737970217091251,0.1079970547935072,0.1629756580548839
28/11/2019 12:00,0.0737970217091251,0.1079970547935072,0.1629756580548839
28/11/2019 13:00,0.0737970217091251,0.1079970547935072,0.1629756580548839
28/11/2019 14:00,0.0737970217091251,0.1079970547935072,0.1629756580548839
28/11/2019 15:00,0.0737970217091251,0.1079970547935072,0.1629756580548839
28/11/2019 16:00,0.0737970217091251,0.1079970547935072,0.1629756580548839
28/11/2019 17:00,0.0737970217091251,0.1079970547935072,0.1629756580548839
28/11/2019 18:00,0.0737970217091251,0.1079970547935072,0.1629756580548839
28/11/2019 19:00,0.0737970217091251,0.1079970547935072,0.1629756580548839
28/11/2019 20:00,0.0737970217091251,0.1079970547935072,0.1629756580548839
28/11/2019 21:00,0.0737970217091251,0.1079970547935072,0.1629756580548839
28/11/2019 22:00,0.0737970217091251,0.1079970547935072,0.1629756580548839
28/11/2019 23:00,0.0737970217091251,0.1079970547935072,0.1629756580548839
29/11/2019 00:00,0.0737970217091251,0.1079970547935072,0.1629756580548839
29/11/2019 01:00,0.0737970217091251,0.1079970547935072,0.1629756580548839
29/11/2019 02:00,0.0737970217091251,0.1079970547935072,0.1629756580548839
29/11/2019 03:00,0.0737970217091251,0.1079970547935072,0.1629756580548839
29/11/2019 04:00,0.0737970217091251,0.1079970547935072,0.1629756580548839
29/11/2019 05:00,0.0737970217091251,0.1079970547935072,0.1629756580548839
29/11/2019 06:00,0.0737970217091251,0.1079970547935072,0.1629756580548839
29/11/2019 07:00,0.0737970217091251,0.1079970547935072,0.1629756580548839
29/11/2019 08:00,0.0737970217091251,0.1079970547935072,0.1629756580548839
29/11/2019 09:00,0.0737970217091251,0.1079970547935072,0.1629756580548839
29/11/2019 10:00,0.0737970217091251,0.1079970547935072,0.1629756580548839
29/11/2019 11:00,0.0737970217091251,0.1079970547935072,0.1629756580548839
29/11/2019 12:00,0.0737970217091251,0.1079970547935072,0.1629756580548839
29/11/2019 13:00,0.0737970217091251,0.1079970547935072,0.1629756580548839
29/11/2019 14:00,0.0737970217091251,0.1079970547935072,0.1629756580548839
29/11/2019 15:00,0.0737970217091251,0.1079970547935072,0.1629756580548839
29/11/2019 16:00,0.0737970217091251,0.1079970547935072,0.1629756580548839
29/11/2019 17:00,0.0737970217091251,0.1079970547935072,0.1629756580548839
29/11/2019 18:00,0.0737970217091251,0.1079970547935072,0.1629756580548839
29/11/2019 19:00,0.0737970217091251,0.1079970547935072,0.1629756580548839
29/11/2019 20:00,0.0737970217091251,0.1079970547935072,0.1629756580548839
29/11/2019 21:00,0.0737970217091251,0.1079970547935072,0.1629756580548839
29/11/2019 22:00,0.0737970217091251,0.1079970547935072,0.1629756580548839
29/11/2019 23:00,0.0737970217091251,0.1079970547935072,0.1629756580548839
30/11/2019 00:00,0.0737970217091251,0.1079970547935072,0.1629756580548839
30/11/2019 01:00,0.0737970217091251,0.1079970547935072,0.1629756580548839
30/11/2019 02:00,0.0737970217091251,0.1079970547935072,0.1629756580548839
30/11/2019 03:00,0.0737970217091251,0.1079970547935072,0.1629756580548839
30/11/2019 04:00,0.0737970217091251,0.1079970547935072,0.1629756580548839
30/11/2019 05:00,0.0737970217091251,0.1079970547935072,0.1629756580548839
30/11/2019 06:00,0.0737970217091251,0.1079970547935072,0.1629756580548839
30/11/2019 07:00,0.0737970217091251,0.1079970547935072,0.1629756580548839
30/11/2019 08:00,0.0737970217091251,0.1079970547935072,0.1629756580548839
30/11/2019 09:00,0.0737970217091251,0.1079970547935072,0.1629756580548839
30/11/2019 10:00,0.0737970217091251,0.1079970547935072,0.1629756580548839
30/11/2019 11:00,0.0737970217091251,0.1079970547935072,0.1629756580548839
30/11/2019 12:00,0.0737970217091251,0.1079970547935072,0.1629756580548839
30/11/2019 13:00,0.0737970217091251,0.1079970547935072,0.1629756580548839
30/11/2019 14:00,0.0737970217091251,0.1079970547935072,0.1629756580548839
30/11/2019 15:00,0.0737970217091251,0.1079970547935072,0.1629756580548839
30/11/2019 16:00,0.0737970217091251,0.1079970547935072,0.1629756580548839
30/11/2019 17:00,0.0737970217091251,0.1079970547935072,0.1629756580548839
30/11/2019 18:00,0.0737970217091251,0.1079970547935072,0.1629756580548839
30/11/2019 19:00,0.0737970217091251,0.1079970547935072,0.1629756580548839
30/11/2019 20:00,0.0737970217091251,0.1079970547935072,0.1629756580548839
30/11/2019 21:00,0.0737970217091251,0.1079970547935072,0.1629756580548839
30/11/2019 22:00,0.0737970217091251,0.1079970547935072,0.1629756580548839
30/11/2019 23:00,0.0737970217091251,0.1079970547935072,0.1629756580548839
01/12/2019 00:00,0.0320491873820896,0.0863175586803422,0.159542889446589
01/12/2019 01:00,0.0320491873820896,0.0863175586803422,0.159542889446589
01/12/2019 02:00,0.0320491873820896,0.0863175586803422,0.159542889446589
01/12/2019 03:00,0.0320491873820896,0.0863175586803422,0.159542889446589
01/12/2019 04:00,0.0320491873820896,0.0863175586803422,0.159542889446589
01/12/2019 05:00,0.0320491873820896,0.0863175586803422,0.159542889446589
01/12/2019 06:00,0.0320491873820896,0.0863175586803422,0.159542889446589
01/12/2019 07:00,0.0320491873820896,0.0863175586803422,0.159542889446589
01/12/2019 08:00,0.0320491873820896,0.0863175586803422,0.159542889446589
01/12/2019 09:00,0.0320491873820896,0.0863175586803422,0.159542889446589
01/12/2019 10:00,0.0320491873820896,0.0863175586803422,0.159542889446589
01/12/2019 11:00,0.0320491873820896,0.0863175586803422,0.159542889446589
01/12/2019 12:00,0.0320491873820896,0.0863175586803422,0.159542889446589
01/12/2019 13:00,0.0320491873820896,0.0863175586803422,0.159542889446589
01/12/2019 14:00,0.0320491873820896,0.0863175586803422,0.159542889446589
01/12/2019 15:00,0.0320491873820896,0.0863175586803422,0.159542889446589
01/12/2019 16:00,0.0320491873820896,0.0863175586803422,0.159542889446589
01/12/2019 17:00,0.0320491873820896,0.0863175586803422,0.159542889446589
01/12/2019 18:00,0.0320491873820896,0.0863175586803422,0.159542889446589
01/12/2019 19:00,0.0320491873820896,0.0863175586803422,0.159542889446589
01/12/2019 20:00,0.0320491873820896,0.0863175586803422,0.159542889446589
01/12/2019 21:00,0.0320491873820896,0.0863175586803422,0.159542889446589
01/12/2019 22:00,0.0320491873820896,0.0863175586803422,0.159542889446589
01/12/2019 23:00,0.0320491873820896,0.0863175586803422,0.159542889446589
02/12/2019 00:00,0.0320491873820896,0.0863175586803422,0.159542889446589
02/12/2019 01:00,0.0320491873820896,0.0863175586803422,0.159542889446589
02/12/2019 02:00,0.0320491873820896,0.0863175586803422,0.159542889446589
02/12/2019 03:00,0.0320491873820896,0.0863175586803422,0.159542889446589
02/12/2019 04:00,0.0320491873820896,0.0863175586803422,0.159542889446589
02/12/2019 05:00,0.0320491873820896,0.0863175586803422,0.159542889446589
02/12/2019 06:00,0.0320491873820896,0.0863175586803422,0.159542889446589
02/12/2019 07:00,0.0320491873820896,0.0863175586803422,0.159542889446589
02/12/2019 08:00,0.0320491873820896,0.0863175586803422,0.159542889446589
02/12/2019 09:00,0.0320491873820896,0.0863175586803422,0.159542889446589
02/12/2019 10:00,0.0320491873820896,0.0863175586803422,0.159542889446589
02/12/2019 11:00,0.0320491873820896,0.0863175586803422,0.159542889446589
02/12/2019 12:00,0.0320491873820896,0.0863175586803422,0.159542889446589
02/12/2019 13:00,0.0320491873820896,0.0863175586803422,0.159542889446589
02/12/2019 14:00,0.0320491873820896,0.0863175586803422,0.159542889446589
02/12/2019 15:00,0.0320491873820896,0.0863175586803422,0.159542889446589
02/12/2019 16:00,0.0320491873820896,0.0863175586803422,0.159542889446589
02/12/2019 17:00,0.0320491873820896,0.0863175586803422,0.159542889446589
02/12/2019 18:00,0.0320491873820896,0.0863175586803422,0.159542889446589
02/12/2019 19:00,0.0320491873820896,0.0863175586803422,0.159542889446589
02/12/2019 20:00,0.0320491873820896,0.0863175586803422,0.159542889446589
02/12/2019 21:00,0.0320491873820896,0.0863175586803422,0.159542889446589
02/12/2019 22:00,0.0320491873820896,0.0863175586803422,0.159542889446589
02/12/2019 23:00,0.0320491873820896,0.0863175586803422,0.159542889446589
03/12/2019 00:00,0.0320491873820896,0.0863175586803422,0.159542889446589
03/12/2019 01:00,0.0320491873820896,0.0863175586803422,0.159542889446589
03/12/2019 02:00,0.0320491873820896,0.0863175586803422,0.159542889446589
03/12/2019 03:00,0.0320491873820896,0.0863175586803422,0.159542889446589
03/12/2019 04:00,0.0320491873820896,0.0863175586803422,0.159542889446589
03/12/2019 05:00,0.0320491873820896,0.0863175586803422,0.159542889446589
03/12/2019 06:00,0.0320491873820896,0.0863175586803422,0.159542889446589
03/12/2019 07:00,0.0320491873820896,0.0863175586803422,0.159542889446589
03/12/2019 08:00,0.0320491873820896,0.0863175586803422,0.159542889446589
03/12/2019 09:00,0.0320491873820896,0.0863175586803422,0.159542889446589
03/12/2019 10:00,0.0320491873820896,0.0863175586803422,0.159542889446589
03/12/2019 11:00,0.0320491873820896,0.0863175586803422,0.159542889446589
03/12/2019 12:00,0.0320491873820896,0.0863175586803422,0.159542889446589
03/12/2019 13:00,0.0320491873820896,0.0863175586803422,0.159542889446589
03/12/2019 14:00,0.0320491873820896,0.0863175586803422,0.159542889446589
03/12/2019 15:00,0.0320491873820896,0.0863175586803422,0.159542889446589
03/12/2019 16:00,0.0320491873820896,0.0863175586803422,0.159542889446589
03/12/2019 17:00,0.0320491873820896,0.0863175586803422,0.159542889446589
03/12/2019 18:00,0.0320491873820896,0.0863175586803422,0.159542889446589
03/12/2019 19:00,0.0320491873820896,0.0863175586803422,0.159542889446589
03/12/2019 20:00,0.0320491873820896,0.0863175586803422,0.159542889446589
03/12/2019 21:00,0.0320491873820896,0.0863175586803422,0.159542889446589
03/12/2019 22:00,0.0320491873820896,0.0863175586803422,0.159542889446589
03/12/2019 23:00,0.0320491873820896,0.0863175586803422,0.159542889446589
04/12/2019 00:00,0.0320491873820896,0.0863175586803422,0.159542889446589
04/12/2019 01:00,0.0320491873820896,0.0863175586803422,0.159542889446589
04/12/2019 02:00,0.0320491873820896,0.0863175586803422,0.159542889446589
04/12/2019 03:00,0.0320491873820896,0.0863175586803422,0.159542889446589
04/12/2019 04:00,0.0320491873820896,0.0863175586803422,0.159542889446589
04/12/2019 05:00,0.0320491873820896,0.0863175586803422,0.159542889446589
04/12/2019 06:00,0.0320491873820896,0.0863175586803422,0.159542889446589
04/12/2019 07:00,0.0320491873820896,0.0863175586803422,0.159542889446589
04/12/2019 08:00,0.0320491873820896,0.0863175586803422,0.159542889446589
04/12/2019 09:00,0.0320491873820896,0.0863175586803422,0.159542889446589
04/12/2019 10:00,0.0320491873820896,0.0863175586803422,0.159542889446589
04/12/2019 11:00,0.0320491873820896,0.0863175586803422,0.159542889446589
04/12/2019 12:00,0.0320491873820896,0.0863175586803422,0.159542889446589
04/12/2019 13:00,0.0320491873820896,0.0863175586803422,0.159542889446589
04/12/2019 14:00,0.0320491873820896,0.0863175586803422,0.159542889446589
04/12/2019 15:00,0.0320491873820896,0.0863175586803422,0.159542889446589
04/12/2019 16:00,0.0320491873820896,0.0863175586803422,0.159542889446589
04/12/2019 17:00,0.0320491873820896,0.0863175586803422,0.159542889446589
04/12/2019 18:00,0.0320491873820896,0.0863175586803422,0.159542889446589
04/12/2019 19:00,0.0320491873820896,0.0863175586803422,0.159542889446589
04/12/2019 20:00,0.0320491873820896,0.0863175586803422,0.159542889446589
04/12/2019 21:00,0.0320491873820896,0.0863175586803422,0.159542889446589
04/12/2019 22:00,0.0320491873820896,0.0863175586803422,0.159542889446589
04/12/2019 23:00,0.0320491873820896,0.0863175586803422,0.159542889446589
05/12/2019 00:00,0.0320491873820896,0.0863175586803422,0.159542889446589
05/12/2019 01:00,0.0320491873820896,0.0863175586803422,0.159542889446589
05/12/2019 02:00,0.0320491873820896,0.0863175586803422,0.159542889446589
05/12/2019 03:00,0.0320491873820896,0.0863175586803422,0.159542889446589
05/12/2019 04:00,0.0320491873820896,0.0863175586803422,0.159542889446589
05/12/2019 05:00,0.0320491873820896,0.0863175586803422,0.159542889446589
05/12/2019 06:00,0.0320491873820896,0.0863175586803422,0.159542889446589
05/12/2019 07:00,0.0320491873820896,0.0863175586803422,0.159542889446589
05/12/2019 08:00,0.0320491873820896,0.0863175586803422,0.159542889446589
05/12/2019 09:00,0.0320491873820896,0.0863175586803422,0.159542889446589
05/12/2019 10:00,0.0320491873820896,0.0863175586803422,0.159542889446589
05/12/2019 11:00,0.0320491873820896,0.0863175586803422,0.159542889446589
05/12/2019 12:00,0.0320491873820896,0.0863175586803422,0.159542889446589
05/12/2019 13:00,0.0320491873820896,0.0863175586803422,0.159542889446589
05/12/2019 14:00,0.0320491873820896,0.0863175586803422,0.159542889446589
05/12/2019 15:00,0.0320491873820896,0.0863175586803422,0.159542889446589
05/12/2019 16:00,0.0320491873820896,0.0863175586803422,0.159542889446589
05/12/2019 17:00,0.0320491873820896,0.0863175586803422,0.159542889446589
05/12/2019 18:00,0.0320491873820896,0.0863175586803422,0.159542889446589
05/12/2019 19:00,0.0320491873820896,0.0863175586803422,0.159542889446589
05/12/2019 20:00,0.0320491873820896,0.0863175586803422,0.159542889446589
05/12/2019 21:00,0.0320491873820896,0.0863175586803422,0.159542889446589
05/12/2019 22:00,0.0320491873820896,0.0863175586803422,0.159542889446589
05/12/2019 23:00,0.0320491873820896,0.0863175586803422,0.159542889446589
06/12/2019 00:00,0.0320491873820896,0.0863175586803422,0.159542889446589
06/12/2019 01:00,0.0320491873820896,0.0863175586803422,0.159542889446589
06/12/2019 02:00,0.0320491873820896,0.0863175586803422,0.159542889446589
06/12/2019 03:00,0.0320491873820896,0.0863175586803422,0.159542889446589
06/12/2019 04:00,0.0320491873820896,0.0863175586803422,0.159542889446589
06/12/2019 05:00,0.0320491873820896,0.0863175586803422,0.159542889446589
06/12/2019 06:00,0.0320491873820896,0.0863175586803422,0.159542889446589
06/12/2019 07:00,0.0320491873820896,0.0863175586803422,0.159542889446589
06/12/2019 08:00,0.0320491873820896,0.0863175586803422,0.159542889446589
06/12/2019 09:00,0.0320491873820896,0.0863175586803422,0.159542889446589
06/12/2019 10:00,0.0320491873820896,0.0863175586803422,0.159542889446589
06/12/2019 11:00,0.0320491873820896,0.0863175586803422,0.159542889446589
06/12/2019 12:00,0.0320491873820896,0.0863175586803422,0.159542889446589
06/12/2019 13:00,0.0320491873820896,0.0863175586803422,0.159542889446589
06/12/2019 14:00,0.0320491873820896,0.0863175586803422,0.159542889446589
06/12/2019 15:00,0.0320491873820896,0.0863175586803422,0.159542889446589
06/12/2019 16:00,0.0320491873820896,0.0863175586803422,0.159542889446589
06/12/2019 17:00,0.0320491873820896,0.0863175586803422,0.159542889446589
06/12/2019 18:00,0.0320491873820896,0.0863175586803422,0.159542889446589
06/12/2019 19:00,0.0320491873820896,0.0863175586803422,0.159542889446589
06/12/2019 20:00,0.0320491873820896,0.0863175586803422,0.159542889446589
06/12/2019 21:00,0.0320491873820896,0.0863175586803422,0.159542889446589
06/12/2019 22:00,0.0320491873820896,0.0863175586803422,0.159542889446589
06/12/2019 23:00,0.0320491873820896,0.0863175586803422,0.159542889446589
07/12/2019 00:00,0.0320491873820896,0.0863175586803422,0.159542889446589
07/12/2019 01:00,0.0320491873820896,0.0863175586803422,0.159542889446589
07/12/2019 02:00,0.0320491873820896,0.0863175586803422,0.159542889446589
07/12/2019 03:00,0.0320491873820896,0.0863175586803422,0.159542889446589
07/12/2019 04:00,0.0320491873820896,0.0863175586803422,0.159542889446589
07/12/2019 05:00,0.0320491873820896,0.0863175586803422,0.159542889446589
07/12/2019 06:00,0.0320491873820896,0.0863175586803422,0.159542889446589
07/12/2019 07:00,0.0320491873820896,0.0863175586803422,0.159542889446589
07/12/2019 08:00,0.0320491873820896,0.0863175586803422,0.159542889446589
07/12/2019 09:00,0.0320491873820896,0.0863175586803422,0.159542889446589
07/12/2019 10:00,0.0320491873820896,0.0863175586803422,0.159542889446589
07/12/2019 11:00,0.0320491873820896,0.0863175586803422,0.159542889446589
07/12/2019 12:00,0.0320491873820896,0.0863175586803422,0.159542889446589
07/12/2019 13:00,0.0320491873820896,0.0863175586803422,0.159542889446589
07/12/2019 14:00,0.0320491873820896,0.0863175586803422,0.159542889446589
07/12/2019 15:00,0.0320491873820896,0.0863175586803422,0.159542889446589
07/12/2019 16:00,0.0320491873820896,0.0863175586803422,0.159542889446589
07/12/2019 17:00,0.0320491873820896,0.0863175586803422,0.159542889446589
07/12/2019 18:00,0.0320491873820896,0.0863175586803422,0.159542889446589
07/12/2019 19:00,0.0320491873820896,0.0863175586803422,0.159542889446589
07/12/2019 20:00,0.0320491873820896,0.0863175586803422,0.159542889446589
07/12/2019 21:00,0.0320491873820896,0.0863175586803422,0.159542889446589
07/12/2019 22:00,0.0320491873820896,0.0863175586803422,0.159542889446589
07/12/2019 23:00,0.0320491873820896,0.0863175586803422,0.159542889446589
08/12/2019 00:00,0.0320491873820896,0.0863175586803422,0.159542889446589
08/12/2019 01:00,0.0320491873820896,0.0863175586803422,0.159542889446589
08/12/2019 02:00,0.0320491873820896,0.0863175586803422,0.159542889446589
08/12/2019 03:00,0.0320491873820896,0.0863175586803422,0.159542889446589
08/12/2019 04:00,0.0320491873820896,0.0863175586803422,0.159542889446589
08/12/2019 05:00,0.0320491873820896,0.0863175586803422,0.159542889446589
08/12/2019 06:00,0.0320491873820896,0.0863175586803422,0.159542889446589
08/12/2019 07:00,0.0320491873820896,0.0863175586803422,0.159542889446589
08/12/2019 08:00,0.0320491873820896,0.0863175586803422,0.159542889446589
08/12/2019 09:00,0.0320491873820896,0.0863175586803422,0.159542889446589
08/12/2019 10:00,0.0320491873820896,0.0863175586803422,0.159542889446589
08/12/2019 11:00,0.0320491873820896,0.0863175586803422,0.159542889446589
08/12/2019 12:00,0.0320491873820896,0.0863175586803422,0.159542889446589
08/12/2019 13:00,0.0320491873820896,0.0863175586803422,0.159542889446589
08/12/2019 14:00,0.0320491873820896,0.0863175586803422,0.159542889446589
08/12/2019 15:00,0.0320491873820896,0.0863175586803422,0.159542889446589
08/12/2019 16:00,0.0320491873820896,0.0863175586803422,0.159542889446589
08/12/2019 17:00,0.0320491873820896,0.0863175586803422,0.159542889446589
08/12/2019 18:00,0.0320491873820896,0.0863175586803422,0.159542889446589
08/12/2019 19:00,0.0320491873820896,0.0863175586803422,0.159542889446589
08/12/2019 20:00,0.0320491873820896,0.0863175586803422,0.159542889446589
08/12/2019 21:00,0.0320491873820896,0.0863175586803422,0.159542889446589
08/12/2019 22:00,0.0320491873820896,0.0863175586803422,0.159542889446589
08/12/2019 23:00,0.0320491873820896,0.0863175586803422,0.159542889446589
09/12/2019 00:00,0.0320491873820896,0.0863175586803422,0.159542889446589
09/12/2019 01:00,0.0320491873820896,0.0863175586803422,0.159542889446589
09/12/2019 02:00,0.0320491873820896,0.0863175586803422,0.159542889446589
09/12/2019 03:00,0.0320491873820896,0.0863175586803422,0.159542889446589
09/12/2019 04:00,0.0320491873820896,0.0863175586803422,0.159542889446589
09/12/2019 05:00,0.0320491873820896,0.0863175586803422,0.159542889446589
09/12/2019 06:00,0.0320491873820896,0.0863175586803422,0.159542889446589
09/12/2019 07:00,0.0320491873820896,0.0863175586803422,0.159542889446589
09/12/2019 08:00,0.0320491873820896,0.0863175586803422,0.159542889446589
09/12/2019 09:00,0.0320491873820896,0.0863175586803422,0.159542889446589
09/12/2019 10:00,0.0320491873820896,0.0863175586803422,0.159542889446589
09/12/2019 11:00,0.0320491873820896,0.0863175586803422,0.159542889446589
09/12/2019 12:00,0.0320491873820896,0.0863175586803422,0.159542889446589
09/12/2019 13:00,0.0320491873820896,0.0863175586803422,0.159542889446589
09/12/2019 14:00,0.0320491873820896,0.0863175586803422,0.159542889446589
09/12/2019 15:00,0.0320491873820896,0.0863175586803422,0.159542889446589
09/12/2019 16:00,0.0320491873820896,0.0863175586803422,0.159542889446589
09/12/2019 17:00,0.0320491873820896,0.0863175586803422,0.159542889446589
09/12/2019 18:00,0.0320491873820896,0.0863175586803422,0.159542889446589
09/12/2019 19:00,0.0320491873820896,0.0863175586803422,0.159542889446589
09/12/2019 20:00,0.0320491873820896,0.0863175586803422,0.159542889446589
09/12/2019 21:00,0.0320491873820896,0.0863175586803422,0.159542889446589
09/12/2019 22:00,0.0320491873820896,0.0863175586803422,0.159542889446589
09/12/2019 23:00,0.0320491873820896,0.0863175586803422,0.159542889446589
10/12/2019 00:00,0.0320491873820896,0.0863175586803422,0.159542889446589
10/12/2019 01:00,0.0320491873820896,0.0863175586803422,0.159542889446589
10/12/2019 02:00,0.0320491873820896,0.0863175586803422,0.159542889446589
10/12/2019 03:00,0.0320491873820896,0.0863175586803422,0.159542889446589
10/12/2019 04:00,0.0320491873820896,0.0863175586803422,0.159542889446589
10/12/2019 05:00,0.0320491873820896,0.0863175586803422,0.159542889446589
10/12/2019 06:00,0.0320491873820896,0.0863175586803422,0.159542889446589
10/12/2019 07:00,0.0320491873820896,0.0863175586803422,0.159542889446589
10/12/2019 08:00,0.0320491873820896,0.0863175586803422,0.159542889446589
10/12/2019 09:00,0.0320491873820896,0.0863175586803422,0.159542889446589
10/12/2019 10:00,0.0320491873820896,0.0863175586803422,0.159542889446589
10/12/2019 11:00,0.0320491873820896,0.0863175586803422,0.159542889446589
10/12/2019 12:00,0.0320491873820896,0.0863175586803422,0.159542889446589
10/12/2019 13:00,0.0320491873820896,0.0863175586803422,0.159542889446589
10/12/2019 14:00,0.0320491873820896,0.0863175586803422,0.159542889446589
10/12/2019 15:00,0.0320491873820896,0.0863175586803422,0.159542889446589
10/12/2019 16:00,0.0320491873820896,0.0863175586803422,0.159542889446589
10/12/2019 17:00,0.0320491873820896,0.0863175586803422,0.159542889446589
10/12/2019 18:00,0.0320491873820896,0.0863175586803422,0.159542889446589
10/12/2019 19:00,0.0320491873820896,0.0863175586803422,0.159542889446589
10/12/2019 20:00,0.0320491873820896,0.0863175586803422,0.159542889446589
10/12/2019 21:00,0.0320491873820896,0.0863175586803422,0.159542889446589
10/12/2019 22:00,0.0320491873820896,0.0863175586803422,0.159542889446589
10/12/2019 23:00,0.0320491873820896,0.0863175586803422,0.159542889446589
11/12/2019 00:00,0.0320491873820896,0.0863175586803422,0.159542889446589
11/12/2019 01:00,0.0320491873820896,0.0863175586803422,0.159542889446589
11/12/2019 02:00,0.0320491873820896,0.0863175586803422,0.159542889446589
11/12/2019 03:00,0.0320491873820896,0.0863175586803422,0.159542889446589
11/12/2019 04:00,0.0320491873820896,0.0863175586803422,0.159542889446589
11/12/2019 05:00,0.0320491873820896,0.0863175586803422,0.159542889446589
11/12/2019 06:00,0.0320491873820896,0.0863175586803422,0.159542889446589
11/12/2019 07:00,0.0320491873820896,0.0863175586803422,0.159542889446589
11/12/2019 08:00,0.0320491873820896,0.0863175586803422,0.159542889446589
11/12/2019 09:00,0.0320491873820896,0.0863175586803422,0.159542889446589
11/12/2019 10:00,0.0320491873820896,0.0863175586803422,0.159542889446589
11/12/2019 11:00,0.0320491873820896,0.0863175586803422,0.159542889446589
11/12/2019 12:00,0.0320491873820896,0.0863175586803422,0.159542889446589
11/12/2019 13:00,0.0320491873820896,0.0863175586803422,0.159542889446589
11/12/2019 14:00,0.0320491873820896,0.0863175586803422,0.159542889446589
11/12/2019 15:00,0.0320491873820896,0.0863175586803422,0.159542889446589
11/12/2019 16:00,0.0320491873820896,0.0863175586803422,0.159542889446589
11/12/2019 17:00,0.0320491873820896,0.0863175586803422,0.159542889446589
11/12/2019 18:00,0.0320491873820896,0.0863175586803422,0.159542889446589
11/12/2019 19:00,0.0320491873820896,0.0863175586803422,0.159542889446589
11/12/2019 20:00,0.0320491873820896,0.0863175586803422,0.159542889446589
11/12/2019 21:00,0.0320491873820896,0.0863175586803422,0.159542889446589
11/12/2019 22:00,0.0320491873820896,0.0863175586803422,0.159542889446589
11/12/2019 23:00,0.0320491873820896,0.0863175586803422,0.159542889446589
12/12/2019 00:00,0.0320491873820896,0.0863175586803422,0.159542889446589
12/12/2019 01:00,0.0320491873820896,0.0863175586803422,0.159542889446589
12/12/2019 02:00,0.0320491873820896,0.0863175586803422,0.159542889446589
12/12/2019 03:00,0.0320491873820896,0.0863175586803422,0.159542889446589
12/12/2019 04:00,0.0320491873820896,0.0863175586803422,0.159542889446589
12/12/2019 05:00,0.0320491873820896,0.0863175586803422,0.159542889446589
12/12/2019 06:00,0.0320491873820896,0.0863175586803422,0.159542889446589
12/12/2019 07:00,0.0320491873820896,0.0863175586803422,0.159542889446589
12/12/2019 08:00,0.0320491873820896,0.0863175586803422,0.159542889446589
12/12/2019 09:00,0.0320491873820896,0.0863175586803422,0.159542889446589
12/12/2019 10:00,0.0320491873820896,0.0863175586803422,0.159542889446589
12/12/2019 11:00,0.0320491873820896,0.0863175586803422,0.159542889446589
12/12/2019 12:00,0.0320491873820896,0.0863175586803422,0.159542889446589
12/12/2019 13:00,0.0320491873820896,0.0863175586803422,0.159542889446589
12/12/2019 14:00,0.0320491873820896,0.0863175586803422,0.159542889446589
12/12/2019 15:00,0.0320491873820896,0.0863175586803422,0.159542889446589
12/12/2019 16:00,0.0320491873820896,0.0863175586803422,0.159542889446589
12/12/2019 17:00,0.0320491873820896,0.0863175586803422,0.159542889446589
12/12/2019 18:00,0.0320491873820896,0.0863175586803422,0.159542889446589
12/12/2019 19:00,0.0320491873820896,0.0863175586803422,0.159542889446589
12/12/2019 20:00,0.0320491873820896,0.0863175586803422,0.159542889446589
12/12/2019 21:00,0.0320491873820896,0.0863175586803422,0.159542889446589
12/12/2019 22:00,0.0320491873820896,0.0863175586803422,0.159542889446589
12/12/2019 23:00,0.0320491873820896,0.0863175586803422,0.159542889446589
13/12/2019 00:00,0.0320491873820896,0.0863175586803422,0.159542889446589
13/12/2019 01:00,0.0320491873820896,0.0863175586803422,0.159542889446589
13/12/2019 02:00,0.0320491873820896,0.0863175586803422,0.159542889446589
13/12/2019 03:00,0.0320491873820896,0.0863175586803422,0.159542889446589
13/12/2019 04:00,0.0320491873820896,0.0863175586803422,0.159542889446589
13/12/2019 05:00,0.0320491873820896,0.0863175586803422,0.159542889446589
13/12/2019 06:00,0.0320491873820896,0.0863175586803422,0.159542889446589
13/12/2019 07:00,0.0320491873820896,0.0863175586803422,0.159542889446589
13/12/2019 08:00,0.0320491873820896,0.0863175586803422,0.159542889446589
13/12/2019 09:00,0.0320491873820896,0.0863175586803422,0.159542889446589
13/12/2019 10:00,0.0320491873820896,0.0863175586803422,0.159542889446589
13/12/2019 11:00,0.0320491873820896,0.0863175586803422,0.159542889446589
13/12/2019 12:00,0.0320491873820896,0.0863175586803422,0.159542889446589
13/12/2019 13:00,0.0320491873820896,0.0863175586803422,0.159542889446589
13/12/2019 14:00,0.0320491873820896,0.0863175586803422,0.159542889446589
13/12/2019 15:00,0.0320491873820896,0.0863175586803422,0.159542889446589
13/12/2019 16:00,0.0320491873820896,0.0863175586803422,0.159542889446589
13/12/2019 17:00,0.0320491873820896,0.0863175586803422,0.159542889446589
13/12/2019 18:00,0.0320491873820896,0.0863175586803422,0.159542889446589
13/12/2019 19:00,0.0320491873820896,0.0863175586803422,0.159542889446589
13/12/2019 20:00,0.0320491873820896,0.0863175586803422,0.159542889446589
13/12/2019 21:00,0.0320491873820896,0.0863175586803422,0.159542889446589
13/12/2019 22:00,0.0320491873820896,0.0863175586803422,0.159542889446589
13/12/2019 23:00,0.0320491873820896,0.0863175586803422,0.159542889446589
14/12/2019 00:00,0.0320491873820896,0.0863175586803422,0.159542889446589
14/12/2019 01:00,0.0320491873820896,0.0863175586803422,0.159542889446589
14/12/2019 02:00,0.0320491873820896,0.0863175586803422,0.159542889446589
14/12/2019 03:00,0.0320491873820896,0.0863175586803422,0.159542889446589
14/12/2019 04:00,0.0320491873820896,0.0863175586803422,0.159542889446589
14/12/2019 05:00,0.0320491873820896,0.0863175586803422,0.159542889446589
14/12/2019 06:00,0.0320491873820896,0.0863175586803422,0.159542889446589
14/12/2019 07:00,0.0320491873820896,0.0863175586803422,0.159542889446589
14/12/2019 08:00,0.0320491873820896,0.0863175586803422,0.159542889446589
14/12/2019 09:00,0.0320491873820896,0.0863175586803422,0.159542889446589
14/12/2019 10:00,0.0320491873820896,0.0863175586803422,0.159542889446589
14/12/2019 11:00,0.0320491873820896,0.0863175586803422,0.159542889446589
14/12/2019 12:00,0.0320491873820896,0.0863175586803422,0.159542889446589
14/12/2019 13:00,0.0320491873820896,0.0863175586803422,0.159542889446589
14/12/2019 14:00,0.0320491873820896,0.0863175586803422,0.159542889446589
14/12/2019 15:00,0.0320491873820896,0.0863175586803422,0.159542889446589
14/12/2019 16:00,0.0320491873820896,0.0863175586803422,0.159542889446589
14/12/2019 17:00,0.0320491873820896,0.0863175586803422,0.159542889446589
14/12/2019 18:00,0.0320491873820896,0.0863175586803422,0.159542889446589
14/12/2019 19:00,0.0320491873820896,0.0863175586803422,0.159542889446589
14/12/2019 20:00,0.0320491873820896,0.0863175586803422,0.159542889446589
14/12/2019 21:00,0.0320491873820896,0.0863175586803422,0.159542889446589
14/12/2019 22:00,0.0320491873820896,0.0863175586803422,0.159542889446589
14/12/2019 23:00,0.0320491873820896,0.0863175586803422,0.159542889446589
15/12/2019 00:00,0.0320491873820896,0.0863175586803422,0.159542889446589
15/12/2019 01:00,0.0320491873820896,0.0863175586803422,0.159542889446589
15/12/2019 02:00,0.0320491873820896,0.0863175586803422,0.159542889446589
15/12/2019 03:00,0.0320491873820896,0.0863175586803422,0.159542889446589
15/12/2019 04:00,0.0320491873820896,0.0863175586803422,0.159542889446589
15/12/2019 05:00,0.0320491873820896,0.0863175586803422,0.159542889446589
15/12/2019 06:00,0.0320491873820896,0.0863175586803422,0.159542889446589
15/12/2019 07:00,0.0320491873820896,0.0863175586803422,0.159542889446589
15/12/2019 08:00,0.0320491873820896,0.0863175586803422,0.159542889446589
15/12/2019 09:00,0.0320491873820896,0.0863175586803422,0.159542889446589
15/12/2019 10:00,0.0320491873820896,0.0863175586803422,0.159542889446589
15/12/2019 11:00,0.0320491873820896,0.0863175586803422,0.159542889446589
15/12/2019 12:00,0.0320491873820896,0.0863175586803422,0.159542889446589
15/12/2019 13:00,0.0320491873820896,0.0863175586803422,0.159542889446589
15/12/2019 14:00,0.0320491873820896,0.0863175586803422,0.159542889446589
15/12/2019 15:00,0.0320491873820896,0.0863175586803422,0.159542889446589
15/12/2019 16:00,0.0320491873820896,0.0863175586803422,0.159542889446589
15/12/2019 17:00,0.0320491873820896,0.0863175586803422,0.159542889446589
15/12/2019 18:00,0.0320491873820896,0.0863175586803422,0.159542889446589
15/12/2019 19:00,0.0320491873820896,0.0863175586803422,0.159542889446589
15/12/2019 20:00,0.0320491873820896,0.0863175586803422,0.159542889446589
15/12/2019 21:00,0.0320491873820896,0.0863175586803422,0.159542889446589
15/12/2019 22:00,0.0320491873820896,0.0863175586803422,0.159542889446589
15/12/2019 23:00,0.0320491873820896,0.0863175586803422,0.159542889446589
16/12/2019 00:00,0.0320491873820896,0.0863175586803422,0.159542889446589
16/12/2019 01:00,0.0320491873820896,0.0863175586803422,0.159542889446589
16/12/2019 02:00,0.0320491873820896,0.0863175586803422,0.159542889446589
16/12/2019 03:00,0.0320491873820896,0.0863175586803422,0.159542889446589
16/12/2019 04:00,0.0320491873820896,0.0863175586803422,0.159542889446589
16/12/2019 05:00,0.0320491873820896,0.0863175586803422,0.159542889446589
16/12/2019 06:00,0.0320491873820896,0.0863175586803422,0.159542889446589
16/12/2019 07:00,0.0320491873820896,0.0863175586803422,0.159542889446589
16/12/2019 08:00,0.0320491873820896,0.0863175586803422,0.159542889446589
16/12/2019 09:00,0.0320491873820896,0.0863175586803422,0.159542889446589
16/12/2019 10:00,0.0320491873820896,0.0863175586803422,0.159542889446589
16/12/2019 11:00,0.0320491873820896,0.0863175586803422,0.159542889446589
16/12/2019 12:00,0.0320491873820896,0.0863175586803422,0.159542889446589
16/12/2019 13:00,0.0320491873820896,0.0863175586803422,0.159542889446589
16/12/2019 14:00,0.0320491873820896,0.0863175586803422,0.159542889446589
16/12/2019 15:00,0.0320491873820896,0.0863175586803422,0.159542889446589
16/12/2019 16:00,0.0320491873820896,0.0863175586803422,0.159542889446589
16/12/2019 17:00,0.0320491873820896,0.0863175586803422,0.159542889446589
16/12/2019 18:00,0.0320491873820896,0.0863175586803422,0.159542889446589
16/12/2019 19:00,0.0320491873820896,0.0863175586803422,0.159542889446589
16/12/2019 20:00,0.0320491873820896,0.0863175586803422,0.159542889446589
16/12/2019 21:00,0.0320491873820896,0.0863175586803422,0.159542889446589
16/12/2019 22:00,0.0320491873820896,0.0863175586803422,0.159542889446589
16/12/2019 23:00,0.0320491873820896,0.0863175586803422,0.159542889446589
17/12/2019 00:00,0.0320491873820896,0.0863175586803422,0.159542889446589
17/12/2019 01:00,0.0320491873820896,0.0863175586803422,0.159542889446589
17/12/2019 02:00,0.0320491873820896,0.0863175586803422,0.159542889446589
17/12/2019 03:00,0.0320491873820896,0.0863175586803422,0.159542889446589
17/12/2019 04:00,0.0320491873820896,0.0863175586803422,0.159542889446589
17/12/2019 05:00,0.0320491873820896,0.0863175586803422,0.159542889446589
17/12/2019 06:00,0.0320491873820896,0.0863175586803422,0.159542889446589
17/12/2019 07:00,0.0320491873820896,0.0863175586803422,0.159542889446589
17/12/2019 08:00,0.0320491873820896,0.0863175586803422,0.159542889446589
17/12/2019 09:00,0.0320491873820896,0.0863175586803422,0.159542889446589
17/12/2019 10:00,0.0320491873820896,0.0863175586803422,0.159542889446589
17/12/2019 11:00,0.0320491873820896,0.0863175586803422,0.159542889446589
17/12/2019 12:00,0.0320491873820896,0.0863175586803422,0.159542889446589
17/12/2019 13:00,0.0320491873820896,0.0863175586803422,0.159542889446589
17/12/2019 14:00,0.0320491873820896,0.0863175586803422,0.159542889446589
17/12/2019 15:00,0.0320491873820896,0.0863175586803422,0.159542889446589
17/12/2019 16:00,0.0320491873820896,0.0863175586803422,0.159542889446589
17/12/2019 17:00,0.0320491873820896,0.0863175586803422,0.159542889446589
17/12/2019 18:00,0.0320491873820896,0.0863175586803422,0.159542889446589
17/12/2019 19:00,0.0320491873820896,0.0863175586803422,0.159542889446589
17/12/2019 20:00,0.0320491873820896,0.0863175586803422,0.159542889446589
17/12/2019 21:00,0.0320491873820896,0.0863175586803422,0.159542889446589
17/12/2019 22:00,0.0320491873820896,0.0863175586803422,0.159542889446589
17/12/2019 23:00,0.0320491873820896,0.0863175586803422,0.159542889446589
18/12/2019 00:00,0.0320491873820896,0.0863175586803422,0.159542889446589
18/12/2019 01:00,0.0320491873820896,0.0863175586803422,0.159542889446589
18/12/2019 02:00,0.0320491873820896,0.0863175586803422,0.159542889446589
18/12/2019 03:00,0.0320491873820896,0.0863175586803422,0.159542889446589
18/12/2019 04:00,0.0320491873820896,0.0863175586803422,0.159542889446589
18/12/2019 05:00,0.0320491873820896,0.0863175586803422,0.159542889446589
18/12/2019 06:00,0.0320491873820896,0.0863175586803422,0.159542889446589
18/12/2019 07:00,0.0320491873820896,0.0863175586803422,0.159542889446589
18/12/2019 08:00,0.0320491873820896,0.0863175586803422,0.159542889446589
18/12/2019 09:00,0.0320491873820896,0.0863175586803422,0.159542889446589
18/12/2019 10:00,0.0320491873820896,0.0863175586803422,0.159542889446589
18/12/2019 11:00,0.0320491873820896,0.0863175586803422,0.159542889446589
18/12/2019 12:00,0.0320491873820896,0.0863175586803422,0.159542889446589
18/12/2019 13:00,0.0320491873820896,0.0863175586803422,0.159542889446589
18/12/2019 14:00,0.0320491873820896,0.0863175586803422,0.159542889446589
18/12/2019 15:00,0.0320491873820896,0.0863175586803422,0.159542889446589
18/12/2019 16:00,0.0320491873820896,0.0863175586803422,0.159542889446589
18/12/2019 17:00,0.0320491873820896,0.0863175586803422,0.159542889446589
18/12/2019 18:00,0.0320491873820896,0.0863175586803422,0.159542889446589
18/12/2019 19:00,0.0320491873820896,0.0863175586803422,0.159542889446589
18/12/2019 20:00,0.0320491873820896,0.0863175586803422,0.159542889446589
18/12/2019 21:00,0.0320491873820896,0.0863175586803422,0.159542889446589
18/12/2019 22:00,0.0320491873820896,0.0863175586803422,0.159542889446589
18/12/2019 23:00,0.0320491873820896,0.0863175586803422,0.159542889446589
19/12/2019 00:00,0.0320491873820896,0.0863175586803422,0.159542889446589
19/12/2019 01:00,0.0320491873820896,0.0863175586803422,0.159542889446589
19/12/2019 02:00,0.0320491873820896,0.0863175586803422,0.159542889446589
19/12/2019 03:00,0.0320491873820896,0.0863175586803422,0.159542889446589
19/12/2019 04:00,0.0320491873820896,0.0863175586803422,0.159542889446589
19/12/2019 05:00,0.0320491873820896,0.0863175586803422,0.159542889446589
19/12/2019 06:00,0.0320491873820896,0.0863175586803422,0.159542889446589
19/12/2019 07:00,0.0320491873820896,0.0863175586803422,0.159542889446589
19/12/2019 08:00,0.0320491873820896,0.0863175586803422,0.159542889446589
19/12/2019 09:00,0.0320491873820896,0.0863175586803422,0.159542889446589
19/12/2019 10:00,0.0320491873820896,0.0863175586803422,0.159542889446589
19/12/2019 11:00,0.0320491873820896,0.0863175586803422,0.159542889446589
19/12/2019 12:00,0.0320491873820896,0.0863175586803422,0.159542889446589
19/12/2019 13:00,0.0320491873820896,0.0863175586803422,0.159542889446589
19/12/2019 14:00,0.0320491873820896,0.0863175586803422,0.159542889446589
19/12/2019 15:00,0.0320491873820896,0.0863175586803422,0.159542889446589
19/12/2019 16:00,0.0320491873820896,0.0863175586803422,0.159542889446589
19/12/2019 17:00,0.0320491873820896,0.0863175586803422,0.159542889446589
19/12/2019 18:00,0.0320491873820896,0.0863175586803422,0.159542889446589
19/12/2019 19:00,0.0320491873820896,0.0863175586803422,0.159542889446589
19/12/2019 20:00,0.0320491873820896,0.0863175586803422,0.159542889446589
19/12/2019 21:00,0.0320491873820896,0.0863175586803422,0.159542889446589
19/12/2019 22:00,0.0320491873820896,0.0863175586803422,0.159542889446589
19/12/2019 23:00,0.0320491873820896,0.0863175586803422,0.159542889446589
20/12/2019 00:00,0.0320491873820896,0.0863175586803422,0.159542889446589
20/12/2019 01:00,0.0320491873820896,0.0863175586803422,0.159542889446589
20/12/2019 02:00,0.0320491873820896,0.0863175586803422,0.159542889446589
20/12/2019 03:00,0.0320491873820896,0.0863175586803422,0.159542889446589
20/12/2019 04:00,0.0320491873820896,0.0863175586803422,0.159542889446589
20/12/2019 05:00,0.0320491873820896,0.0863175586803422,0.159542889446589
20/12/2019 06:00,0.0320491873820896,0.0863175586803422,0.159542889446589
20/12/2019 07:00,0.0320491873820896,0.0863175586803422,0.159542889446589
20/12/2019 08:00,0.0320491873820896,0.0863175586803422,0.159542889446589
20/12/2019 09:00,0.0320491873820896,0.0863175586803422,0.159542889446589
20/12/2019 10:00,0.0320491873820896,0.0863175586803422,0.159542889446589
20/12/2019 11:00,0.0320491873820896,0.0863175586803422,0.159542889446589
20/12/2019 12:00,0.0320491873820896,0.0863175586803422,0.159542889446589
20/12/2019 13:00,0.0320491873820896,0.0863175586803422,0.159542889446589
20/12/2019 14:00,0.0320491873820896,0.0863175586803422,0.159542889446589
20/12/2019 15:00,0.0320491873820896,0.0863175586803422,0.159542889446589
20/12/2019 16:00,0.0320491873820896,0.0863175586803422,0.159542889446589
20/12/2019 17:00,0.0320491873820896,0.0863175586803422,0.159542889446589
20/12/2019 18:00,0.0320491873820896,0.0863175586803422,0.159542889446589
20/12/2019 19:00,0.0320491873820896,0.0863175586803422,0.159542889446589
20/12/2019 20:00,0.0320491873820896,0.0863175586803422,0.159542889446589
20/12/2019 21:00,0.0320491873820896,0.0863175586803422,0.159542889446589
20/12/2019 22:00,0.0320491873820896,0.0863175586803422,0.159542889446589
20/12/2019 23:00,0.0320491873820896,0.0863175586803422,0.159542889446589
21/12/2019 00:00,0.0320491873820896,0.0863175586803422,0.159542889446589
21/12/2019 01:00,0.0320491873820896,0.0863175586803422,0.159542889446589
21/12/2019 02:00,0.0320491873820896,0.0863175586803422,0.159542889446589
21/12/2019 03:00,0.0320491873820896,0.0863175586803422,0.159542889446589
21/12/2019 04:00,0.0320491873820896,0.0863175586803422,0.159542889446589
21/12/2019 05:00,0.0320491873820896,0.0863175586803422,0.159542889446589
21/12/2019 06:00,0.0320491873820896,0.0863175586803422,0.159542889446589
21/12/2019 07:00,0.0320491873820896,0.0863175586803422,0.159542889446589
21/12/2019 08:00,0.0320491873820896,0.0863175586803422,0.159542889446589
21/12/2019 09:00,0.0320491873820896,0.0863175586803422,0.159542889446589
21/12/2019 10:00,0.0320491873820896,0.0863175586803422,0.159542889446589
21/12/2019 11:00,0.0320491873820896,0.0863175586803422,0.159542889446589
21/12/2019 12:00,0.0320491873820896,0.0863175586803422,0.159542889446589
21/12/2019 13:00,0.0320491873820896,0.0863175586803422,0.159542889446589
21/12/2019 14:00,0.0320491873820896,0.0863175586803422,0.159542889446589
21/12/2019 15:00,0.0320491873820896,0.0863175586803422,0.159542889446589
21/12/2019 16:00,0.0320491873820896,0.0863175586803422,0.159542889446589
21/12/2019 17:00,0.0320491873820896,0.0863175586803422,0.159542889446589
21/12/2019 18:00,0.0320491873820896,0.0863175586803422,0.159542889446589
21/12/2019 19:00,0.0320491873820896,0.0863175586803422,0.159542889446589
21/12/2019 20:00,0.0320491873820896,0.0863175586803422,0.159542889446589
21/12/2019 21:00,0.0320491873820896,0.0863175586803422,0.159542889446589
21/12/2019 22:00,0.0320491873820896,0.0863175586803422,0.159542889446589
21/12/2019 23:00,0.0320491873820896,0.0863175586803422,0.159542889446589
22/12/2019 00:00,0.0320491873820896,0.0863175586803422,0.159542889446589
22/12/2019 01:00,0.0320491873820896,0.0863175586803422,0.159542889446589
22/12/2019 02:00,0.0320491873820896,0.0863175586803422,0.159542889446589
22/12/2019 03:00,0.0320491873820896,0.0863175586803422,0.159542889446589
22/12/2019 04:00,0.0320491873820896,0.0863175586803422,0.159542889446589
22/12/2019 05:00,0.0320491873820896,0.0863175586803422,0.159542889446589
22/12/2019 06:00,0.0320491873820896,0.0863175586803422,0.159542889446589
22/12/2019 07:00,0.0320491873820896,0.0863175586803422,0.159542889446589
22/12/2019 08:00,0.0320491873820896,0.0863175586803422,0.159542889446589
22/12/2019 09:00,0.0320491873820896,0.0863175586803422,0.159542889446589
22/12/2019 10:00,0.0320491873820896,0.0863175586803422,0.159542889446589
22/12/2019 11:00,0.0320491873820896,0.0863175586803422,0.159542889446589
22/12/2019 12:00,0.0320491873820896,0.0863175586803422,0.159542889446589
22/12/2019 13:00,0.0320491873820896,0.0863175586803422,0.159542889446589
22/12/2019 14:00,0.0320491873820896,0.0863175586803422,0.159542889446589
22/12/2019 15:00,0.0320491873820896,0.0863175586803422,0.159542889446589
22/12/2019 16:00,0.0320491873820896,0.0863175586803422,0.159542889446589
22/12/2019 17:00,0.0320491873820896,0.0863175586803422,0.159542889446589
22/12/2019 18:00,0.0320491873820896,0.0863175586803422,0.159542889446589
22/12/2019 19:00,0.0320491873820896,0.0863175586803422,0.159542889446589
22/12/2019 20:00,0.0320491873820896,0.0863175586803422,0.159542889446589
22/12/2019 21:00,0.0320491873820896,0.0863175586803422,0.159542889446589
22/12/2019 22:00,0.0320491873820896,0.0863175586803422,0.159542889446589
22/12/2019 23:00,0.0320491873820896,0.0863175586803422,0.159542889446589
23/12/2019 00:00,0.0320491873820896,0.0863175586803422,0.159542889446589
23/12/2019 01:00,0.0320491873820896,0.0863175586803422,0.159542889446589
23/12/2019 02:00,0.0320491873820896,0.0863175586803422,0.159542889446589
23/12/2019 03:00,0.0320491873820896,0.0863175586803422,0.159542889446589
23/12/2019 04:00,0.0320491873820896,0.0863175586803422,0.159542889446589
23/12/2019 05:00,0.0320491873820896,0.0863175586803422,0.159542889446589
23/12/2019 06:00,0.0320491873820896,0.0863175586803422,0.159542889446589
23/12/2019 07:00,0.0320491873820896,0.0863175586803422,0.159542889446589
23/12/2019 08:00,0.0320491873820896,0.0863175586803422,0.159542889446589
23/12/2019 09:00,0.0320491873820896,0.0863175586803422,0.159542889446589
23/12/2019 10:00,0.0320491873820896,0.0863175586803422,0.159542889446589
23/12/2019 11:00,0.0320491873820896,0.0863175586803422,0.159542889446589
23/12/2019 12:00,0.0320491873820896,0.0863175586803422,0.159542889446589
23/12/2019 13:00,0.0320491873820896,0.0863175586803422,0.159542889446589
23/12/2019 14:00,0.0320491873820896,0.0863175586803422,0.159542889446589
23/12/2019 15:00,0.0320491873820896,0.0863175586803422,0.159542889446589
23/12/2019 16:00,0.0320491873820896,0.0863175586803422,0.159542889446589
23/12/2019 17:00,0.0320491873820896,0.0863175586803422,0.159542889446589
23/12/2019 18:00,0.0320491873820896,0.0863175586803422,0.159542889446589
23/12/2019 19:00,0.0320491873820896,0.0863175586803422,0.159542889446589
23/12/2019 20:00,0.0320491873820896,0.0863175586803422,0.159542889446589
23/12/2019 21:00,0.0320491873820896,0.0863175586803422,0.159542889446589
23/12/2019 22:00,0.0320491873820896,0.0863175586803422,0.159542889446589
23/12/2019 23:00,0.0320491873820896,0.0863175586803422,0.159542889446589
24/12/2019 00:00,0.0320491873820896,0.0863175586803422,0.159542889446589
24/12/2019 01:00,0.0320491873820896,0.0863175586803422,0.159542889446589
24/12/2019 02:00,0.0320491873820896,0.0863175586803422,0.159542889446589
24/12/2019 03:00,0.0320491873820896,0.0863175586803422,0.159542889446589
24/12/2019 04:00,0.0320491873820896,0.0863175586803422,0.159542889446589
24/12/2019 05:00,0.0320491873820896,0.0863175586803422,0.159542889446589
24/12/2019 06:00,0.0320491873820896,0.0863175586803422,0.159542889446589
24/12/2019 07:00,0.0320491873820896,0.0863175586803422,0.159542889446589
24/12/2019 08:00,0.0320491873820896,0.0863175586803422,0.159542889446589
24/12/2019 09:00,0.0320491873820896,0.0863175586803422,0.159542889446589
24/12/2019 10:00,0.0320491873820896,0.0863175586803422,0.159542889446589
24/12/2019 11:00,0.0320491873820896,0.0863175586803422,0.159542889446589
24/12/2019 12:00,0.0320491873820896,0.0863175586803422,0.159542889446589
24/12/2019 13:00,0.0320491873820896,0.0863175586803422,0.159542889446589
24/12/2019 14:00,0.0320491873820896,0.0863175586803422,0.159542889446589
24/12/2019 15:00,0.0320491873820896,0.0863175586803422,0.159542889446589
24/12/2019 16:00,0.0320491873820896,0.0863175586803422,0.159542889446589
24/12/2019 17:00,0.0320491873820896,0.0863175586803422,0.159542889446589
24/12/2019 18:00,0.0320491873820896,0.0863175586803422,0.159542889446589
24/12/2019 19:00,0.0320491873820896,0.0863175586803422,0.159542889446589
24/12/2019 20:00,0.0320491873820896,0.0863175586803422,0.159542889446589
24/12/2019 21:00,0.0320491873820896,0.0863175586803422,0.159542889446589
24/12/2019 22:00,0.0320491873820896,0.0863175586803422,0.159542889446589
24/12/2019 23:00,0.0320491873820896,0.0863175586803422,0.159542889446589
25/12/2019 00:00,0.0320491873820896,0.0863175586803422,0.159542889446589
25/12/2019 01:00,0.0320491873820896,0.0863175586803422,0.159542889446589
25/12/2019 02:00,0.0320491873820896,0.0863175586803422,0.159542889446589
25/12/2019 03:00,0.0320491873820896,0.0863175586803422,0.159542889446589
25/12/2019 04:00,0.0320491873820896,0.0863175586803422,0.159542889446589
25/12/2019 05:00,0.0320491873820896,0.0863175586803422,0.159542889446589
25/12/2019 06:00,0.0320491873820896,0.0863175586803422,0.159542889446589
25/12/2019 07:00,0.0320491873820896,0.0863175586803422,0.159542889446589
25/12/2019 08:00,0.0320491873820896,0.0863175586803422,0.159542889446589
25/12/2019 09:00,0.0320491873820896,0.0863175586803422,0.159542889446589
25/12/2019 10:00,0.0320491873820896,0.0863175586803422,0.159542889446589
25/12/2019 11:00,0.0320491873820896,0.0863175586803422,0.159542889446589
25/12/2019 12:00,0.0320491873820896,0.0863175586803422,0.159542889446589
25/12/2019 13:00,0.0320491873820896,0.0863175586803422,0.159542889446589
25/12/2019 14:00,0.0320491873820896,0.0863175586803422,0.159542889446589
25/12/2019 15:00,0.0320491873820896,0.0863175586803422,0.159542889446589
25/12/2019 16:00,0.0320491873820896,0.0863175586803422,0.159542889446589
25/12/2019 17:00,0.0320491873820896,0.0863175586803422,0.159542889446589
25/12/2019 18:00,0.0320491873820896,0.0863175586803422,0.159542889446589
25/12/2019 19:00,0.0320491873820896,0.0863175586803422,0.159542889446589
25/12/2019 20:00,0.0320491873820896,0.0863175586803422,0.159542889446589
25/12/2019 21:00,0.0320491873820896,0.0863175586803422,0.159542889446589
25/12/2019 22:00,0.0320491873820896,0.0863175586803422,0.159542889446589
25/12/2019 23:00,0.0320491873820896,0.0863175586803422,0.159542889446589
26/12/2019 00:00,0.0320491873820896,0.0863175586803422,0.159542889446589
26/12/2019 01:00,0.0320491873820896,0.0863175586803422,0.159542889446589
26/12/2019 02:00,0.0320491873820896,0.0863175586803422,0.159542889446589
26/12/2019 03:00,0.0320491873820896,0.0863175586803422,0.159542889446589
26/12/2019 04:00,0.0320491873820896,0.0863175586803422,0.159542889446589
26/12/2019 05:00,0.0320491873820896,0.0863175586803422,0.159542889446589
26/12/2019 06:00,0.0320491873820896,0.0863175586803422,0.159542889446589
26/12/2019 07:00,0.0320491873820896,0.0863175586803422,0.159542889446589
26/12/2019 08:00,0.0320491873820896,0.0863175586803422,0.159542889446589
26/12/2019 09:00,0.0320491873820896,0.0863175586803422,0.159542889446589
26/12/2019 10:00,0.0320491873820896,0.0863175586803422,0.159542889446589
26/12/2019 11:00,0.0320491873820896,0.0863175586803422,0.159542889446589
26/12/2019 12:00,0.0320491873820896,0.0863175586803422,0.159542889446589
26/12/2019 13:00,0.0320491873820896,0.0863175586803422,0.159542889446589
26/12/2019 14:00,0.0320491873820896,0.0863175586803422,0.159542889446589
26/12/2019 15:00,0.0320491873820896,0.0863175586803422,0.159542889446589
26/12/2019 16:00,0.0320491873820896,0.0863175586803422,0.159542889446589
26/12/2019 17:00,0.0320491873820896,0.0863175586803422,0.159542889446589
26/12/2019 18:00,0.0320491873820896,0.0863175586803422,0.159542889446589
26/12/2019 19:00,0.0320491873820896,0.0863175586803422,0.159542889446589
26/12/2019 20:00,0.0320491873820896,0.0863175586803422,0.159542889446589
26/12/2019 21:00,0.0320491873820896,0.0863175586803422,0.159542889446589
26/12/2019 22:00,0.0320491873820896,0.0863175586803422,0.159542889446589
26/12/2019 23:00,0.0320491873820896,0.0863175586803422,0.159542889446589
27/12/2019 00:00,0.0320491873820896,0.0863175586803422,0.159542889446589
27/12/2019 01:00,0.0320491873820896,0.0863175586803422,0.159542889446589
27/12/2019 02:00,0.0320491873820896,0.0863175586803422,0.159542889446589
27/12/2019 03:00,0.0320491873820896,0.0863175586803422,0.159542889446589
27/12/2019 04:00,0.0320491873820896,0.0863175586803422,0.159542889446589
27/12/2019 05:00,0.0320491873820896,0.0863175586803422,0.159542889446589
27/12/2019 06:00,0.0320491873820896,0.0863175586803422,0.159542889446589
27/12/2019 07:00,0.0320491873820896,0.0863175586803422,0.159542889446589
27/12/2019 08:00,0.0320491873820896,0.0863175586803422,0.159542889446589
27/12/2019 09:00,0.0320491873820896,0.0863175586803422,0.159542889446589
27/12/2019 10:00,0.0320491873820896,0.0863175586803422,0.159542889446589
27/12/2019 11:00,0.0320491873820896,0.0863175586803422,0.159542889446589
27/12/2019 12:00,0.0320491873820896,0.0863175586803422,0.159542889446589
27/12/2019 13:00,0.0320491873820896,0.0863175586803422,0.159542889446589
27/12/2019 14:00,0.0320491873820896,0.0863175586803422,0.159542889446589
27/12/2019 15:00,0.0320491873820896,0.0863175586803422,0.159542889446589
27/12/2019 16:00,0.0320491873820896,0.0863175586803422,0.159542889446589
27/12/2019 17:00,0.0320491873820896,0.0863175586803422,0.159542889446589
27/12/2019 18:00,0.0320491873820896,0.0863175586803422,0.159542889446589
27/12/2019 19:00,0.0320491873820896,0.0863175586803422,0.159542889446589
27/12/2019 20:00,0.0320491873820896,0.0863175586803422,0.159542889446589
27/12/2019 21:00,0.0320491873820896,0.0863175586803422,0.159542889446589
27/12/2019 22:00,0.0320491873820896,0.0863175586803422,0.159542889446589
27/12/2019 23:00,0.0320491873820896,0.0863175586803422,0.159542889446589
28/12/2019 00:00,0.0320491873820896,0.0863175586803422,0.159542889446589
28/12/2019 01:00,0.0320491873820896,0.0863175586803422,0.159542889446589
28/12/2019 02:00,0.0320491873820896,0.0863175586803422,0.159542889446589
28/12/2019 03:00,0.0320491873820896,0.0863175586803422,0.159542889446589
28/12/2019 04:00,0.0320491873820896,0.0863175586803422,0.159542889446589
28/12/2019 05:00,0.0320491873820896,0.0863175586803422,0.159542889446589
28/12/2019 06:00,0.0320491873820896,0.0863175586803422,0.159542889446589
28/12/2019 07:00,0.0320491873820896,0.0863175586803422,0.159542889446589
28/12/2019 08:00,0.0320491873820896,0.0863175586803422,0.159542889446589
28/12/2019 09:00,0.0320491873820896,0.0863175586803422,0.159542889446589
28/12/2019 10:00,0.0320491873820896,0.0863175586803422,0.159542889446589
28/12/2019 11:00,0.0320491873820896,0.0863175586803422,0.159542889446589
28/12/2019 12:00,0.0320491873820896,0.0863175586803422,0.159542889446589
28/12/2019 13:00,0.0320491873820896,0.0863175586803422,0.159542889446589
28/12/2019 14:00,0.0320491873820896,0.0863175586803422,0.159542889446589
28/12/2019 15:00,0.0320491873820896,0.0863175586803422,0.159542889446589
28/12/2019 16:00,0.0320491873820896,0.0863175586803422,0.159542889446589
28/12/2019 17:00,0.0320491873820896,0.0863175586803422,0.159542889446589
28/12/2019 18:00,0.0320491873820896,0.0863175586803422,0.159542889446589
28/12/2019 19:00,0.0320491873820896,0.0863175586803422,0.159542889446589
28/12/2019 20:00,0.0320491873820896,0.0863175586803422,0.159542889446589
28/12/2019 21:00,0.0320491873820896,0.0863175586803422,0.159542889446589
28/12/2019 22:00,0.0320491873820896,0.0863175586803422,0.159542889446589
28/12/2019 23:00,0.0320491873820896,0.0863175586803422,0.159542889446589
29/12/2019 00:00,0.0320491873820896,0.0863175586803422,0.159542889446589
29/12/2019 01:00,0.0320491873820896,0.0863175586803422,0.159542889446589
29/12/2019 02:00,0.0320491873820896,0.0863175586803422,0.159542889446589
29/12/2019 03:00,0.0320491873820896,0.0863175586803422,0.159542889446589
29/12/2019 04:00,0.0320491873820896,0.0863175586803422,0.159542889446589
29/12/2019 05:00,0.0320491873820896,0.0863175586803422,0.159542889446589
29/12/2019 06:00,0.0320491873820896,0.0863175586803422,0.159542889446589
29/12/2019 07:00,0.0320491873820896,0.0863175586803422,0.159542889446589
29/12/2019 08:00,0.0320491873820896,0.0863175586803422,0.159542889446589
29/12/2019 09:00,0.0320491873820896,0.0863175586803422,0.159542889446589
29/12/2019 10:00,0.0320491873820896,0.0863175586803422,0.159542889446589
29/12/2019 11:00,0.0320491873820896,0.0863175586803422,0.159542889446589
29/12/2019 12:00,0.0320491873820896,0.0863175586803422,0.159542889446589
29/12/2019 13:00,0.0320491873820896,0.0863175586803422,0.159542889446589
29/12/2019 14:00,0.0320491873820896,0.0863175586803422,0.159542889446589
29/12/2019 15:00,0.0320491873820896,0.0863175586803422,0.159542889446589
29/12/2019 16:00,0.0320491873820896,0.0863175586803422,0.159542889446589
29/12/2019 17:00,0.0320491873820896,0.0863175586803422,0.159542889446589
29/12/2019 18:00,0.0320491873820896,0.0863175586803422,0.159542889446589
29/12/2019 19:00,0.0320491873820896,0.0863175586803422,0.159542889446589
29/12/2019 20:00,0.0320491873820896,0.0863175586803422,0.159542889446589
29/12/2019 21:00,0.0320491873820896,0.0863175586803422,0.159542889446589
29/12/2019 22:00,0.0320491873820896,0.0863175586803422,0.159542889446589
29/12/2019 23:00,0.0320491873820896,0.0863175586803422,0.159542889446589
30/12/2019 00:00,0.0320491873820896,0.0863175586803422,0.159542889446589
30/12/2019 01:00,0.0320491873820896,0.0863175586803422,0.159542889446589
30/12/2019 02:00,0.0320491873820896,0.0863175586803422,0.159542889446589
30/12/2019 03:00,0.0320491873820896,0.0863175586803422,0.159542889446589
30/12/2019 04:00,0.0320491873820896,0.0863175586803422,0.159542889446589
30/12/2019 05:00,0.0320491873820896,0.0863175586803422,0.159542889446589
30/12/2019 06:00,0.0320491873820896,0.0863175586803422,0.159542889446589
30/12/2019 07:00,0.0320491873820896,0.0863175586803422,0.159542889446589
30/12/2019 08:00,0.0320491873820896,0.0863175586803422,0.159542889446589
30/12/2019 09:00,0.0320491873820896,0.0863175586803422,0.159542889446589
30/12/2019 10:00,0.0320491873820896,0.0863175586803422,0.159542889446589
30/12/2019 11:00,0.0320491873820896,0.0863175586803422,0.159542889446589
30/12/2019 12:00,0.0320491873820896,0.0863175586803422,0.159542889446589
30/12/2019 13:00,0.0320491873820896,0.0863175586803422,0.159542889446589
30/12/2019 14:00,0.0320491873820896,0.0863175586803422,0.159542889446589
30/12/2019 15:00,0.0320491873820896,0.0863175586803422,0.159542889446589
30/12/2019 16:00,0.0320491873820896,0.0863175586803422,0.159542889446589
30/12/2019 17:00,0.0320491873820896,0.0863175586803422,0.159542889446589
30/12/2019 18:00,0.0320491873820896,0.0863175586803422,0.159542889446589
30/12/2019 19:00,0.0320491873820896,0.0863175586803422,0.159542889446589
30/12/2019 20:00,0.0320491873820896,0.0863175586803422,0.159542889446589
30/12/2019 21:00,0.0320491873820896,0.0863175586803422,0.159542889446589
30/12/2019 22:00,0.0320491873820896,0.0863175586803422,0.159542889446589
30/12/2019 23:00,0.0320491873820896,0.0863175586803422,0.159542889446589
31/12/2019 00:00,0.0320491873820896,0.0863175586803422,0.159542889446589
31/12/2019 01:00,0.0320491873820896,0.0863175586803422,0.159542889446589
31/12/2019 02:00,0.0320491873820896,0.0863175586803422,0.159542889446589
31/12/2019 03:00,0.0320491873820896,0.0863175586803422,0.159542889446589
31/12/2019 04:00,0.0320491873820896,0.0863175586803422,0.159542889446589
31/12/2019 05:00,0.0320491873820896,0.0863175586803422,0.159542889446589
31/12/2019 06:00,0.0320491873820896,0.0863175586803422,0.159542889446589
31/12/2019 07:00,0.0320491873820896,0.0863175586803422,0.159542889446589
31/12/2019 08:00,0.0320491873820896,0.0863175586803422,0.159542889446589
31/12/2019 09:00,0.0320491873820896,0.0863175586803422,0.159542889446589
31/12/2019 10:00,0.0320491873820896,0.0863175586803422,0.159542889446589
31/12/2019 11:00,0.0320491873820896,0.0863175586803422,0.159542889446589
31/12/2019 12:00,0.0320491873820896,0.0863175586803422,0.159542889446589
31/12/2019 13:00,0.0320491873820896,0.0863175586803422,0.159542889446589
31/12/2019 14:00,0.0320491873820896,0.0863175586803422,0.159542889446589
31/12/2019 15:00,0.0320491873820896,0.0863175586803422,0.159542889446589
31/12/2019 16:00,0.0320491873820896,0.0863175586803422,0.159542889446589
31/12/2019 17:00,0.0320491873820896,0.0863175586803422,0.159542889446589
31/12/2019 18:00,0.0320491873820896,0.0863175586803422,0.159542889446589
31/12/2019 19:00,0.0320491873820896,0.0863175586803422,0.159542889446589
31/12/2019 20:00,0.0320491873820896,0.0863175586803422,0.159542889446589
31/12/2019 21:00,0.0320491873820896,0.0863175586803422,0.159542889446589
31/12/2019 22:00,0.0320491873820896,0.0863175586803422,0.159542889446589
31/12/2019 23:00,0.0320491873820896,0.0863175586803422,0.159542889446589
