date,SA_WSTR1,SA_CSTR,SA_NRTN,SA_WSTR2
01/01/2019 00:00,0.0,0.0,0.0,0.0
01/01/2019 01:00,0.0,0.0,0.0,0.0
01/01/2019 02:00,0.0,0.0,0.0,0.0
01/01/2019 03:00,0.0,0.0,0.0,0.0
01/01/2019 04:00,0.029,0.0,0.0,0.029
01/01/2019 05:00,0.136,0.003,0.006,0.136
01/01/2019 06:00,0.334,0.041,0.083,0.334
01/01/2019 07:00,0.501,0.214,0.213,0.501
01/01/2019 08:00,0.622,0.418,0.357,0.622
01/01/2019 09:00,0.695,0.577,0.494,0.695
01/01/2019 10:00,0.724,0.684,0.612,0.724
01/01/2019 11:00,0.709,0.745,0.634,0.709
01/01/2019 12:00,0.643,0.762,0.606,0.643
01/01/2019 13:00,0.54,0.737,0.56,0.54
01/01/2019 14:00,0.409,0.67,0.474,0.409
01/01/2019 15:00,0.233,0.558,0.322,0.233
01/01/2019 16:00,0.055,0.402,0.15,0.055
01/01/2019 17:00,0.005,0.211,0.053,0.005
01/01/2019 18:00,0.0,0.034,0.004,0.0
01/01/2019 19:00,0.0,0.003,0.0,0.0
01/01/2019 20:00,0.0,0.0,0.0,0.0
01/01/2019 21:00,0.0,0.0,0.0,0.0
01/01/2019 22:00,0.0,0.0,0.0,0.0
01/01/2019 23:00,0.0,0.0,0.0,0.0
02/01/2019 00:00,0.0,0.0,0.0,0.0
02/01/2019 01:00,0.0,0.0,0.0,0.0
02/01/2019 02:00,0.0,0.0,0.0,0.0
02/01/2019 03:00,0.0,0.0,0.0,0.0
02/01/2019 04:00,0.023,0.0,0.0,0.023
02/01/2019 05:00,0.14,0.003,0.005,0.14
02/01/2019 06:00,0.359,0.04,0.052,0.359
02/01/2019 07:00,0.538,0.213,0.111,0.538
02/01/2019 08:00,0.663,0.413,0.188,0.663
02/01/2019 09:00,0.735,0.569,0.286,0.735
02/01/2019 10:00,0.76,0.676,0.378,0.76
02/01/2019 11:00,0.743,0.736,0.478,0.743
02/01/2019 12:00,0.683,0.753,0.45,0.683
02/01/2019 13:00,0.578,0.729,0.393,0.578
02/01/2019 14:00,0.428,0.663,0.307,0.428
02/01/2019 15:00,0.24,0.553,0.211,0.24
02/01/2019 16:00,0.05,0.397,0.146,0.05
02/01/2019 17:00,0.004,0.209,0.067,0.004
02/01/2019 18:00,0.0,0.04,0.006,0.0
02/01/2019 19:00,0.0,0.003,0.0,0.0
02/01/2019 20:00,0.0,0.0,0.0,0.0
02/01/2019 21:00,0.0,0.0,0.0,0.0
02/01/2019 22:00,0.0,0.0,0.0,0.0
02/01/2019 23:00,0.0,0.0,0.0,0.0
03/01/2019 00:00,0.0,0.0,0.0,0.0
03/01/2019 01:00,0.0,0.0,0.0,0.0
03/01/2019 02:00,0.0,0.0,0.0,0.0
03/01/2019 03:00,0.0,0.0,0.0,0.0
03/01/2019 04:00,0.023,0.0,0.0,0.023
03/01/2019 05:00,0.135,0.003,0.004,0.135
03/01/2019 06:00,0.344,0.053,0.076,0.344
03/01/2019 07:00,0.515,0.204,0.21,0.515
03/01/2019 08:00,0.639,0.409,0.35,0.639
03/01/2019 09:00,0.714,0.572,0.493,0.714
03/01/2019 10:00,0.742,0.681,0.613,0.742
03/01/2019 11:00,0.727,0.74,0.68,0.727
03/01/2019 12:00,0.67,0.755,0.665,0.67
03/01/2019 13:00,0.569,0.73,0.599,0.569
03/01/2019 14:00,0.422,0.663,0.494,0.422
03/01/2019 15:00,0.238,0.552,0.342,0.238
03/01/2019 16:00,0.052,0.397,0.236,0.052
03/01/2019 17:00,0.004,0.21,0.094,0.004
03/01/2019 18:00,0.0,0.039,0.011,0.0
03/01/2019 19:00,0.0,0.003,0.0,0.0
03/01/2019 20:00,0.0,0.0,0.0,0.0
03/01/2019 21:00,0.0,0.0,0.0,0.0
03/01/2019 22:00,0.0,0.0,0.0,0.0
03/01/2019 23:00,0.0,0.0,0.0,0.0
04/01/2019 00:00,0.0,0.0,0.0,0.0
04/01/2019 01:00,0.0,0.0,0.0,0.0
04/01/2019 02:00,0.0,0.0,0.0,0.0
04/01/2019 03:00,0.0,0.0,0.0,0.0
04/01/2019 04:00,0.022,0.0,0.0,0.022
04/01/2019 05:00,0.135,0.003,0.008,0.135
04/01/2019 06:00,0.344,0.056,0.068,0.344
04/01/2019 07:00,0.514,0.191,0.245,0.514
04/01/2019 08:00,0.636,0.401,0.418,0.636
04/01/2019 09:00,0.711,0.558,0.553,0.711
04/01/2019 10:00,0.739,0.67,0.641,0.739
04/01/2019 11:00,0.725,0.731,0.669,0.725
04/01/2019 12:00,0.669,0.75,0.643,0.669
04/01/2019 13:00,0.568,0.726,0.571,0.568
04/01/2019 14:00,0.422,0.659,0.425,0.422
04/01/2019 15:00,0.239,0.549,0.311,0.239
04/01/2019 16:00,0.053,0.396,0.175,0.053
04/01/2019 17:00,0.004,0.209,0.078,0.004
04/01/2019 18:00,0.0,0.035,0.007,0.0
04/01/2019 19:00,0.0,0.002,0.0,0.0
04/01/2019 20:00,0.0,0.0,0.0,0.0
04/01/2019 21:00,0.0,0.0,0.0,0.0
04/01/2019 22:00,0.0,0.0,0.0,0.0
04/01/2019 23:00,0.0,0.0,0.0,0.0
05/01/2019 00:00,0.0,0.0,0.0,0.0
05/01/2019 01:00,0.0,0.0,0.0,0.0
05/01/2019 02:00,0.0,0.0,0.0,0.0
05/01/2019 03:00,0.0,0.0,0.0,0.0
05/01/2019 04:00,0.021,0.0,0.0,0.021
05/01/2019 05:00,0.135,0.003,0.007,0.135
05/01/2019 06:00,0.352,0.053,0.058,0.352
05/01/2019 07:00,0.531,0.206,0.245,0.531
05/01/2019 08:00,0.654,0.407,0.426,0.654
05/01/2019 09:00,0.73,0.572,0.566,0.73
05/01/2019 10:00,0.76,0.685,0.647,0.76
05/01/2019 11:00,0.747,0.749,0.655,0.747
05/01/2019 12:00,0.691,0.764,0.637,0.691
05/01/2019 13:00,0.589,0.735,0.601,0.589
05/01/2019 14:00,0.44,0.648,0.509,0.44
05/01/2019 15:00,0.248,0.517,0.359,0.248
05/01/2019 16:00,0.051,0.365,0.164,0.051
05/01/2019 17:00,0.004,0.196,0.068,0.004
05/01/2019 18:00,0.0,0.059,0.006,0.0
05/01/2019 19:00,0.0,0.001,0.0,0.0
05/01/2019 20:00,0.0,0.0,0.0,0.0
05/01/2019 21:00,0.0,0.0,0.0,0.0
05/01/2019 22:00,0.0,0.0,0.0,0.0
05/01/2019 23:00,0.0,0.0,0.0,0.0
06/01/2019 00:00,0.0,0.0,0.0,0.0
06/01/2019 01:00,0.0,0.0,0.0,0.0
06/01/2019 02:00,0.0,0.0,0.0,0.0
06/01/2019 03:00,0.0,0.0,0.0,0.0
06/01/2019 04:00,0.021,0.0,0.0,0.021
06/01/2019 05:00,0.135,0.002,0.007,0.135
06/01/2019 06:00,0.342,0.062,0.061,0.342
06/01/2019 07:00,0.505,0.189,0.238,0.505
06/01/2019 08:00,0.626,0.326,0.413,0.626
06/01/2019 09:00,0.702,0.41,0.553,0.702
06/01/2019 10:00,0.732,0.477,0.648,0.732
06/01/2019 11:00,0.705,0.526,0.672,0.705
06/01/2019 12:00,0.664,0.559,0.627,0.664
06/01/2019 13:00,0.566,0.582,0.538,0.566
06/01/2019 14:00,0.421,0.571,0.435,0.421
06/01/2019 15:00,0.236,0.384,0.373,0.236
06/01/2019 16:00,0.058,0.14,0.253,0.058
06/01/2019 17:00,0.005,0.09,0.089,0.005
06/01/2019 18:00,0.0,0.037,0.01,0.0
06/01/2019 19:00,0.0,0.0,0.0,0.0
06/01/2019 20:00,0.0,0.0,0.0,0.0
06/01/2019 21:00,0.0,0.0,0.0,0.0
06/01/2019 22:00,0.0,0.0,0.0,0.0
06/01/2019 23:00,0.0,0.0,0.0,0.0
07/01/2019 00:00,0.0,0.0,0.0,0.0
07/01/2019 01:00,0.0,0.0,0.0,0.0
07/01/2019 02:00,0.0,0.0,0.0,0.0
07/01/2019 03:00,0.0,0.0,0.0,0.0
07/01/2019 04:00,0.03,0.0,0.0,0.03
07/01/2019 05:00,0.121,0.0,0.007,0.121
07/01/2019 06:00,0.232,0.036,0.075,0.232
07/01/2019 07:00,0.319,0.114,0.211,0.319
07/01/2019 08:00,0.403,0.189,0.358,0.403
07/01/2019 09:00,0.463,0.247,0.504,0.463
07/01/2019 10:00,0.492,0.377,0.616,0.492
07/01/2019 11:00,0.499,0.444,0.668,0.499
07/01/2019 12:00,0.491,0.467,0.692,0.491
07/01/2019 13:00,0.451,0.358,0.666,0.451
07/01/2019 14:00,0.355,0.263,0.579,0.355
07/01/2019 15:00,0.218,0.168,0.447,0.218
07/01/2019 16:00,0.08,0.096,0.27,0.08
07/01/2019 17:00,0.006,0.065,0.086,0.006
07/01/2019 18:00,0.0,0.027,0.009,0.0
07/01/2019 19:00,0.0,0.0,0.0,0.0
07/01/2019 20:00,0.0,0.0,0.0,0.0
07/01/2019 21:00,0.0,0.0,0.0,0.0
07/01/2019 22:00,0.0,0.0,0.0,0.0
07/01/2019 23:00,0.0,0.0,0.0,0.0
08/01/2019 00:00,0.0,0.0,0.0,0.0
08/01/2019 01:00,0.0,0.0,0.0,0.0
08/01/2019 02:00,0.0,0.0,0.0,0.0
08/01/2019 03:00,0.0,0.0,0.0,0.0
08/01/2019 04:00,0.023,0.0,0.0,0.023
08/01/2019 05:00,0.136,0.0,0.007,0.136
08/01/2019 06:00,0.357,0.037,0.075,0.357
08/01/2019 07:00,0.54,0.104,0.239,0.54
08/01/2019 08:00,0.667,0.197,0.432,0.667
08/01/2019 09:00,0.742,0.321,0.575,0.742
08/01/2019 10:00,0.769,0.448,0.665,0.769
08/01/2019 11:00,0.753,0.486,0.704,0.753
08/01/2019 12:00,0.693,0.452,0.685,0.693
08/01/2019 13:00,0.589,0.428,0.586,0.589
08/01/2019 14:00,0.439,0.348,0.427,0.439
08/01/2019 15:00,0.249,0.231,0.328,0.249
08/01/2019 16:00,0.057,0.144,0.189,0.057
08/01/2019 17:00,0.004,0.119,0.083,0.004
08/01/2019 18:00,0.0,0.066,0.008,0.0
08/01/2019 19:00,0.0,0.002,0.0,0.0
08/01/2019 20:00,0.0,0.0,0.0,0.0
08/01/2019 21:00,0.0,0.0,0.0,0.0
08/01/2019 22:00,0.0,0.0,0.0,0.0
08/01/2019 23:00,0.0,0.0,0.0,0.0
09/01/2019 00:00,0.0,0.0,0.0,0.0
09/01/2019 01:00,0.0,0.0,0.0,0.0
09/01/2019 02:00,0.0,0.0,0.0,0.0
09/01/2019 03:00,0.0,0.0,0.0,0.0
09/01/2019 04:00,0.032,0.0,0.0,0.032
09/01/2019 05:00,0.134,0.002,0.001,0.134
09/01/2019 06:00,0.359,0.062,0.034,0.359
09/01/2019 07:00,0.544,0.191,0.096,0.544
09/01/2019 08:00,0.673,0.339,0.152,0.673
09/01/2019 09:00,0.748,0.486,0.194,0.748
09/01/2019 10:00,0.777,0.588,0.226,0.777
09/01/2019 11:00,0.762,0.657,0.252,0.762
09/01/2019 12:00,0.703,0.687,0.285,0.703
09/01/2019 13:00,0.598,0.65,0.289,0.598
09/01/2019 14:00,0.446,0.567,0.239,0.446
09/01/2019 15:00,0.253,0.477,0.173,0.253
09/01/2019 16:00,0.059,0.342,0.11,0.059
09/01/2019 17:00,0.004,0.211,0.046,0.004
09/01/2019 18:00,0.0,0.059,0.003,0.0
09/01/2019 19:00,0.0,0.002,0.0,0.0
09/01/2019 20:00,0.0,0.0,0.0,0.0
09/01/2019 21:00,0.0,0.0,0.0,0.0
09/01/2019 22:00,0.0,0.0,0.0,0.0
09/01/2019 23:00,0.0,0.0,0.0,0.0
10/01/2019 00:00,0.0,0.0,0.0,0.0
10/01/2019 01:00,0.0,0.0,0.0,0.0
10/01/2019 02:00,0.0,0.0,0.0,0.0
10/01/2019 03:00,0.0,0.0,0.0,0.0
10/01/2019 04:00,0.026,0.0,0.0,0.026
10/01/2019 05:00,0.135,0.002,0.004,0.135
10/01/2019 06:00,0.364,0.057,0.061,0.364
10/01/2019 07:00,0.552,0.191,0.152,0.552
10/01/2019 08:00,0.683,0.37,0.293,0.683
10/01/2019 09:00,0.758,0.54,0.434,0.758
10/01/2019 10:00,0.783,0.685,0.521,0.783
10/01/2019 11:00,0.766,0.76,0.457,0.766
10/01/2019 12:00,0.705,0.778,0.404,0.705
10/01/2019 13:00,0.599,0.75,0.344,0.599
10/01/2019 14:00,0.447,0.681,0.24,0.447
10/01/2019 15:00,0.255,0.563,0.208,0.255
10/01/2019 16:00,0.058,0.407,0.163,0.058
10/01/2019 17:00,0.003,0.217,0.073,0.003
10/01/2019 18:00,0.0,0.043,0.007,0.0
10/01/2019 19:00,0.0,0.002,0.0,0.0
10/01/2019 20:00,0.0,0.0,0.0,0.0
10/01/2019 21:00,0.0,0.0,0.0,0.0
10/01/2019 22:00,0.0,0.0,0.0,0.0
10/01/2019 23:00,0.0,0.0,0.0,0.0
11/01/2019 00:00,0.0,0.0,0.0,0.0
11/01/2019 01:00,0.0,0.0,0.0,0.0
11/01/2019 02:00,0.0,0.0,0.0,0.0
11/01/2019 03:00,0.0,0.0,0.0,0.0
11/01/2019 04:00,0.02,0.0,0.0,0.02
11/01/2019 05:00,0.133,0.002,0.004,0.133
11/01/2019 06:00,0.359,0.041,0.077,0.359
11/01/2019 07:00,0.545,0.207,0.214,0.545
11/01/2019 08:00,0.676,0.408,0.352,0.676
11/01/2019 09:00,0.754,0.565,0.495,0.754
11/01/2019 10:00,0.785,0.676,0.541,0.785
11/01/2019 11:00,0.773,0.738,0.54,0.773
11/01/2019 12:00,0.716,0.757,0.531,0.716
11/01/2019 13:00,0.612,0.732,0.475,0.612
11/01/2019 14:00,0.459,0.665,0.411,0.459
11/01/2019 15:00,0.263,0.554,0.299,0.263
11/01/2019 16:00,0.059,0.4,0.191,0.059
11/01/2019 17:00,0.003,0.213,0.089,0.003
11/01/2019 18:00,0.0,0.042,0.007,0.0
11/01/2019 19:00,0.0,0.002,0.0,0.0
11/01/2019 20:00,0.0,0.0,0.0,0.0
11/01/2019 21:00,0.0,0.0,0.0,0.0
11/01/2019 22:00,0.0,0.0,0.0,0.0
11/01/2019 23:00,0.0,0.0,0.0,0.0
12/01/2019 00:00,0.0,0.0,0.0,0.0
12/01/2019 01:00,0.0,0.0,0.0,0.0
12/01/2019 02:00,0.0,0.0,0.0,0.0
12/01/2019 03:00,0.0,0.0,0.0,0.0
12/01/2019 04:00,0.031,0.0,0.0,0.031
12/01/2019 05:00,0.133,0.002,0.003,0.133
12/01/2019 06:00,0.343,0.042,0.073,0.343
12/01/2019 07:00,0.546,0.204,0.227,0.546
12/01/2019 08:00,0.679,0.412,0.4,0.679
12/01/2019 09:00,0.757,0.572,0.512,0.757
12/01/2019 10:00,0.784,0.682,0.621,0.784
12/01/2019 11:00,0.767,0.743,0.643,0.767
12/01/2019 12:00,0.706,0.759,0.639,0.706
12/01/2019 13:00,0.599,0.734,0.597,0.599
12/01/2019 14:00,0.447,0.665,0.498,0.447
12/01/2019 15:00,0.255,0.553,0.381,0.255
12/01/2019 16:00,0.062,0.397,0.243,0.062
12/01/2019 17:00,0.004,0.212,0.095,0.004
12/01/2019 18:00,0.0,0.046,0.009,0.0
12/01/2019 19:00,0.0,0.001,0.0,0.0
12/01/2019 20:00,0.0,0.0,0.0,0.0
12/01/2019 21:00,0.0,0.0,0.0,0.0
12/01/2019 22:00,0.0,0.0,0.0,0.0
12/01/2019 23:00,0.0,0.0,0.0,0.0
13/01/2019 00:00,0.0,0.0,0.0,0.0
13/01/2019 01:00,0.0,0.0,0.0,0.0
13/01/2019 02:00,0.0,0.0,0.0,0.0
13/01/2019 03:00,0.0,0.0,0.0,0.0
13/01/2019 04:00,0.03,0.0,0.0,0.03
13/01/2019 05:00,0.131,0.002,0.005,0.131
13/01/2019 06:00,0.348,0.047,0.078,0.348
13/01/2019 07:00,0.536,0.203,0.239,0.536
13/01/2019 08:00,0.665,0.401,0.417,0.665
13/01/2019 09:00,0.741,0.56,0.558,0.741
13/01/2019 10:00,0.769,0.67,0.591,0.769
13/01/2019 11:00,0.752,0.73,0.637,0.752
13/01/2019 12:00,0.691,0.748,0.625,0.691
13/01/2019 13:00,0.587,0.724,0.566,0.587
13/01/2019 14:00,0.438,0.658,0.441,0.438
13/01/2019 15:00,0.251,0.547,0.337,0.251
13/01/2019 16:00,0.063,0.394,0.21,0.063
13/01/2019 17:00,0.004,0.21,0.084,0.004
13/01/2019 18:00,0.0,0.052,0.006,0.0
13/01/2019 19:00,0.0,0.001,0.0,0.0
13/01/2019 20:00,0.0,0.0,0.0,0.0
13/01/2019 21:00,0.0,0.0,0.0,0.0
13/01/2019 22:00,0.0,0.0,0.0,0.0
13/01/2019 23:00,0.0,0.0,0.0,0.0
14/01/2019 00:00,0.0,0.0,0.0,0.0
14/01/2019 01:00,0.0,0.0,0.0,0.0
14/01/2019 02:00,0.0,0.0,0.0,0.0
14/01/2019 03:00,0.0,0.0,0.0,0.0
14/01/2019 04:00,0.021,0.0,0.0,0.021
14/01/2019 05:00,0.13,0.002,0.002,0.13
14/01/2019 06:00,0.353,0.047,0.055,0.353
14/01/2019 07:00,0.532,0.2,0.18,0.532
14/01/2019 08:00,0.657,0.395,0.347,0.657
14/01/2019 09:00,0.733,0.553,0.502,0.733
14/01/2019 10:00,0.762,0.645,0.578,0.762
14/01/2019 11:00,0.748,0.64,0.59,0.748
14/01/2019 12:00,0.691,0.665,0.548,0.691
14/01/2019 13:00,0.589,0.692,0.481,0.589
14/01/2019 14:00,0.442,0.651,0.391,0.442
14/01/2019 15:00,0.253,0.544,0.285,0.253
14/01/2019 16:00,0.059,0.392,0.166,0.059
14/01/2019 17:00,0.003,0.208,0.063,0.003
14/01/2019 18:00,0.0,0.047,0.005,0.0
14/01/2019 19:00,0.0,0.001,0.0,0.0
14/01/2019 20:00,0.0,0.0,0.0,0.0
14/01/2019 21:00,0.0,0.0,0.0,0.0
14/01/2019 22:00,0.0,0.0,0.0,0.0
14/01/2019 23:00,0.0,0.0,0.0,0.0
15/01/2019 00:00,0.0,0.0,0.0,0.0
15/01/2019 01:00,0.0,0.0,0.0,0.0
15/01/2019 02:00,0.0,0.0,0.0,0.0
15/01/2019 03:00,0.0,0.0,0.0,0.0
15/01/2019 04:00,0.018,0.0,0.0,0.018
15/01/2019 05:00,0.13,0.001,0.005,0.13
15/01/2019 06:00,0.355,0.039,0.067,0.355
15/01/2019 07:00,0.533,0.196,0.249,0.533
15/01/2019 08:00,0.659,0.39,0.445,0.659
15/01/2019 09:00,0.735,0.545,0.591,0.735
15/01/2019 10:00,0.764,0.652,0.686,0.764
15/01/2019 11:00,0.749,0.714,0.73,0.749
15/01/2019 12:00,0.69,0.731,0.729,0.69
15/01/2019 13:00,0.587,0.707,0.68,0.587
15/01/2019 14:00,0.438,0.642,0.57,0.438
15/01/2019 15:00,0.25,0.533,0.434,0.25
15/01/2019 16:00,0.06,0.384,0.267,0.06
15/01/2019 17:00,0.003,0.206,0.094,0.003
15/01/2019 18:00,0.0,0.046,0.008,0.0
15/01/2019 19:00,0.0,0.001,0.0,0.0
15/01/2019 20:00,0.0,0.0,0.0,0.0
15/01/2019 21:00,0.0,0.0,0.0,0.0
15/01/2019 22:00,0.0,0.0,0.0,0.0
15/01/2019 23:00,0.0,0.0,0.0,0.0
16/01/2019 00:00,0.0,0.0,0.0,0.0
16/01/2019 01:00,0.0,0.0,0.0,0.0
16/01/2019 02:00,0.0,0.0,0.0,0.0
16/01/2019 03:00,0.0,0.0,0.0,0.0
16/01/2019 04:00,0.019,0.0,0.0,0.019
16/01/2019 05:00,0.128,0.001,0.005,0.128
16/01/2019 06:00,0.352,0.04,0.068,0.352
16/01/2019 07:00,0.529,0.199,0.247,0.529
16/01/2019 08:00,0.656,0.394,0.446,0.656
16/01/2019 09:00,0.733,0.546,0.595,0.733
16/01/2019 10:00,0.762,0.65,0.69,0.762
16/01/2019 11:00,0.748,0.709,0.733,0.748
16/01/2019 12:00,0.692,0.725,0.724,0.692
16/01/2019 13:00,0.59,0.701,0.669,0.59
16/01/2019 14:00,0.443,0.633,0.565,0.443
16/01/2019 15:00,0.254,0.496,0.426,0.254
16/01/2019 16:00,0.061,0.349,0.251,0.061
16/01/2019 17:00,0.003,0.187,0.095,0.003
16/01/2019 18:00,0.0,0.055,0.008,0.0
16/01/2019 19:00,0.0,0.001,0.0,0.0
16/01/2019 20:00,0.0,0.0,0.0,0.0
16/01/2019 21:00,0.0,0.0,0.0,0.0
16/01/2019 22:00,0.0,0.0,0.0,0.0
16/01/2019 23:00,0.0,0.0,0.0,0.0
17/01/2019 00:00,0.0,0.0,0.0,0.0
17/01/2019 01:00,0.0,0.0,0.0,0.0
17/01/2019 02:00,0.0,0.0,0.0,0.0
17/01/2019 03:00,0.0,0.0,0.0,0.0
17/01/2019 04:00,0.013,0.0,0.0,0.013
17/01/2019 05:00,0.13,0.001,0.005,0.13
17/01/2019 06:00,0.365,0.052,0.07,0.365
17/01/2019 07:00,0.552,0.196,0.243,0.552
17/01/2019 08:00,0.683,0.394,0.428,0.683
17/01/2019 09:00,0.76,0.557,0.57,0.76
17/01/2019 10:00,0.788,0.659,0.637,0.788
17/01/2019 11:00,0.772,0.726,0.664,0.772
17/01/2019 12:00,0.713,0.733,0.656,0.713
17/01/2019 13:00,0.608,0.709,0.629,0.608
17/01/2019 14:00,0.456,0.647,0.528,0.456
17/01/2019 15:00,0.261,0.541,0.42,0.261
17/01/2019 16:00,0.061,0.389,0.256,0.061
17/01/2019 17:00,0.002,0.208,0.092,0.002
17/01/2019 18:00,0.0,0.055,0.006,0.0
17/01/2019 19:00,0.0,0.001,0.0,0.0
17/01/2019 20:00,0.0,0.0,0.0,0.0
17/01/2019 21:00,0.0,0.0,0.0,0.0
17/01/2019 22:00,0.0,0.0,0.0,0.0
17/01/2019 23:00,0.0,0.0,0.0,0.0
18/01/2019 00:00,0.0,0.0,0.0,0.0
18/01/2019 01:00,0.0,0.0,0.0,0.0
18/01/2019 02:00,0.0,0.0,0.0,0.0
18/01/2019 03:00,0.0,0.0,0.0,0.0
18/01/2019 04:00,0.023,0.0,0.0,0.023
18/01/2019 05:00,0.13,0.0,0.0,0.13
18/01/2019 06:00,0.362,0.048,0.016,0.362
18/01/2019 07:00,0.554,0.158,0.049,0.554
18/01/2019 08:00,0.686,0.293,0.077,0.686
18/01/2019 09:00,0.763,0.43,0.128,0.763
18/01/2019 10:00,0.792,0.519,0.224,0.792
18/01/2019 11:00,0.777,0.566,0.258,0.777
18/01/2019 12:00,0.718,0.612,0.24,0.718
18/01/2019 13:00,0.612,0.568,0.246,0.612
18/01/2019 14:00,0.459,0.512,0.229,0.459
18/01/2019 15:00,0.264,0.399,0.161,0.264
18/01/2019 16:00,0.066,0.25,0.098,0.066
18/01/2019 17:00,0.003,0.125,0.04,0.003
18/01/2019 18:00,0.0,0.037,0.001,0.0
18/01/2019 19:00,0.0,0.0,0.0,0.0
18/01/2019 20:00,0.0,0.0,0.0,0.0
18/01/2019 21:00,0.0,0.0,0.0,0.0
18/01/2019 22:00,0.0,0.0,0.0,0.0
18/01/2019 23:00,0.0,0.0,0.0,0.0
19/01/2019 00:00,0.0,0.0,0.0,0.0
19/01/2019 01:00,0.0,0.0,0.0,0.0
19/01/2019 02:00,0.0,0.0,0.0,0.0
19/01/2019 03:00,0.0,0.0,0.0,0.0
19/01/2019 04:00,0.014,0.0,0.0,0.014
19/01/2019 05:00,0.133,0.0,0.002,0.133
19/01/2019 06:00,0.379,0.03,0.066,0.379
19/01/2019 07:00,0.574,0.085,0.169,0.574
19/01/2019 08:00,0.707,0.168,0.268,0.707
19/01/2019 09:00,0.782,0.279,0.356,0.782
19/01/2019 10:00,0.809,0.382,0.435,0.809
19/01/2019 11:00,0.792,0.439,0.481,0.792
19/01/2019 12:00,0.731,0.511,0.495,0.731
19/01/2019 13:00,0.624,0.552,0.444,0.624
19/01/2019 14:00,0.468,0.499,0.36,0.468
19/01/2019 15:00,0.269,0.39,0.29,0.269
19/01/2019 16:00,0.061,0.246,0.202,0.061
19/01/2019 17:00,0.002,0.152,0.095,0.002
19/01/2019 18:00,0.0,0.058,0.007,0.0
19/01/2019 19:00,0.0,0.0,0.0,0.0
19/01/2019 20:00,0.0,0.0,0.0,0.0
19/01/2019 21:00,0.0,0.0,0.0,0.0
19/01/2019 22:00,0.0,0.0,0.0,0.0
19/01/2019 23:00,0.0,0.0,0.0,0.0
20/01/2019 00:00,0.0,0.0,0.0,0.0
20/01/2019 01:00,0.0,0.0,0.0,0.0
20/01/2019 02:00,0.0,0.0,0.0,0.0
20/01/2019 03:00,0.0,0.0,0.0,0.0
20/01/2019 04:00,0.011,0.0,0.0,0.011
20/01/2019 05:00,0.128,0.0,0.005,0.128
20/01/2019 06:00,0.365,0.055,0.058,0.365
20/01/2019 07:00,0.55,0.171,0.235,0.55
20/01/2019 08:00,0.681,0.307,0.417,0.681
20/01/2019 09:00,0.759,0.449,0.57,0.759
20/01/2019 10:00,0.789,0.575,0.671,0.789
20/01/2019 11:00,0.774,0.656,0.715,0.774
20/01/2019 12:00,0.715,0.693,0.709,0.715
20/01/2019 13:00,0.61,0.675,0.666,0.61
20/01/2019 14:00,0.457,0.653,0.563,0.457
20/01/2019 15:00,0.262,0.555,0.43,0.262
20/01/2019 16:00,0.061,0.393,0.252,0.061
20/01/2019 17:00,0.002,0.215,0.098,0.002
20/01/2019 18:00,0.0,0.056,0.008,0.0
20/01/2019 19:00,0.0,0.0,0.0,0.0
20/01/2019 20:00,0.0,0.0,0.0,0.0
20/01/2019 21:00,0.0,0.0,0.0,0.0
20/01/2019 22:00,0.0,0.0,0.0,0.0
20/01/2019 23:00,0.0,0.0,0.0,0.0
21/01/2019 00:00,0.0,0.0,0.0,0.0
21/01/2019 01:00,0.0,0.0,0.0,0.0
21/01/2019 02:00,0.0,0.0,0.0,0.0
21/01/2019 03:00,0.0,0.0,0.0,0.0
21/01/2019 04:00,0.012,0.0,0.0,0.012
21/01/2019 05:00,0.124,0.0,0.005,0.124
21/01/2019 06:00,0.353,0.055,0.067,0.353
21/01/2019 07:00,0.534,0.177,0.242,0.534
21/01/2019 08:00,0.659,0.308,0.415,0.659
21/01/2019 09:00,0.736,0.437,0.513,0.736
21/01/2019 10:00,0.766,0.58,0.592,0.766
21/01/2019 11:00,0.753,0.681,0.676,0.753
21/01/2019 12:00,0.696,0.717,0.689,0.696
21/01/2019 13:00,0.594,0.701,0.615,0.594
21/01/2019 14:00,0.445,0.647,0.555,0.445
21/01/2019 15:00,0.255,0.55,0.419,0.255
21/01/2019 16:00,0.062,0.406,0.266,0.062
21/01/2019 17:00,0.002,0.221,0.099,0.002
21/01/2019 18:00,0.0,0.051,0.007,0.0
21/01/2019 19:00,0.0,0.0,0.0,0.0
21/01/2019 20:00,0.0,0.0,0.0,0.0
21/01/2019 21:00,0.0,0.0,0.0,0.0
21/01/2019 22:00,0.0,0.0,0.0,0.0
21/01/2019 23:00,0.0,0.0,0.0,0.0
22/01/2019 00:00,0.0,0.0,0.0,0.0
22/01/2019 01:00,0.0,0.0,0.0,0.0
22/01/2019 02:00,0.0,0.0,0.0,0.0
22/01/2019 03:00,0.0,0.0,0.0,0.0
22/01/2019 04:00,0.014,0.0,0.0,0.014
22/01/2019 05:00,0.127,0.0,0.004,0.127
22/01/2019 06:00,0.356,0.055,0.064,0.356
22/01/2019 07:00,0.538,0.169,0.248,0.538
22/01/2019 08:00,0.663,0.322,0.421,0.663
22/01/2019 09:00,0.738,0.515,0.554,0.738
22/01/2019 10:00,0.767,0.631,0.64,0.767
22/01/2019 11:00,0.753,0.684,0.669,0.753
22/01/2019 12:00,0.695,0.658,0.692,0.695
22/01/2019 13:00,0.592,0.599,0.643,0.592
22/01/2019 14:00,0.443,0.508,0.52,0.443
22/01/2019 15:00,0.255,0.386,0.383,0.255
22/01/2019 16:00,0.063,0.26,0.245,0.063
22/01/2019 17:00,0.002,0.163,0.098,0.002
22/01/2019 18:00,0.0,0.054,0.006,0.0
22/01/2019 19:00,0.0,0.0,0.0,0.0
22/01/2019 20:00,0.0,0.0,0.0,0.0
22/01/2019 21:00,0.0,0.0,0.0,0.0
22/01/2019 22:00,0.0,0.0,0.0,0.0
22/01/2019 23:00,0.0,0.0,0.0,0.0
23/01/2019 00:00,0.0,0.0,0.0,0.0
23/01/2019 01:00,0.0,0.0,0.0,0.0
23/01/2019 02:00,0.0,0.0,0.0,0.0
23/01/2019 03:00,0.0,0.0,0.0,0.0
23/01/2019 04:00,0.014,0.0,0.0,0.014
23/01/2019 05:00,0.128,0.0,0.004,0.128
23/01/2019 06:00,0.362,0.053,0.049,0.362
23/01/2019 07:00,0.552,0.185,0.249,0.552
23/01/2019 08:00,0.682,0.334,0.442,0.682
23/01/2019 09:00,0.758,0.484,0.589,0.758
23/01/2019 10:00,0.786,0.56,0.681,0.786
23/01/2019 11:00,0.77,0.632,0.723,0.77
23/01/2019 12:00,0.711,0.706,0.718,0.711
23/01/2019 13:00,0.607,0.699,0.671,0.607
23/01/2019 14:00,0.456,0.636,0.506,0.456
23/01/2019 15:00,0.262,0.532,0.387,0.262
23/01/2019 16:00,0.065,0.401,0.225,0.065
23/01/2019 17:00,0.002,0.219,0.064,0.002
23/01/2019 18:00,0.0,0.053,0.002,0.0
23/01/2019 19:00,0.0,0.0,0.0,0.0
23/01/2019 20:00,0.0,0.0,0.0,0.0
23/01/2019 21:00,0.0,0.0,0.0,0.0
23/01/2019 22:00,0.0,0.0,0.0,0.0
23/01/2019 23:00,0.0,0.0,0.0,0.0
24/01/2019 00:00,0.0,0.0,0.0,0.0
24/01/2019 01:00,0.0,0.0,0.0,0.0
24/01/2019 02:00,0.0,0.0,0.0,0.0
24/01/2019 03:00,0.0,0.0,0.0,0.0
24/01/2019 04:00,0.013,0.0,0.0,0.013
24/01/2019 05:00,0.128,0.0,0.002,0.128
24/01/2019 06:00,0.361,0.048,0.07,0.361
24/01/2019 07:00,0.546,0.193,0.193,0.546
24/01/2019 08:00,0.674,0.411,0.327,0.674
24/01/2019 09:00,0.751,0.576,0.464,0.751
24/01/2019 10:00,0.78,0.687,0.558,0.78
24/01/2019 11:00,0.764,0.75,0.617,0.764
24/01/2019 12:00,0.705,0.768,0.618,0.705
24/01/2019 13:00,0.601,0.742,0.574,0.601
24/01/2019 14:00,0.45,0.674,0.502,0.45
24/01/2019 15:00,0.259,0.561,0.349,0.259
24/01/2019 16:00,0.063,0.403,0.227,0.063
24/01/2019 17:00,0.001,0.215,0.086,0.001
24/01/2019 18:00,0.0,0.048,0.006,0.0
24/01/2019 19:00,0.0,0.0,0.0,0.0
24/01/2019 20:00,0.0,0.0,0.0,0.0
24/01/2019 21:00,0.0,0.0,0.0,0.0
24/01/2019 22:00,0.0,0.0,0.0,0.0
24/01/2019 23:00,0.0,0.0,0.0,0.0
25/01/2019 00:00,0.0,0.0,0.0,0.0
25/01/2019 01:00,0.0,0.0,0.0,0.0
25/01/2019 02:00,0.0,0.0,0.0,0.0
25/01/2019 03:00,0.0,0.0,0.0,0.0
25/01/2019 04:00,0.012,0.0,0.0,0.012
25/01/2019 05:00,0.126,0.0,0.003,0.126
25/01/2019 06:00,0.358,0.036,0.069,0.358
25/01/2019 07:00,0.541,0.199,0.243,0.541
25/01/2019 08:00,0.67,0.407,0.444,0.67
25/01/2019 09:00,0.747,0.572,0.592,0.747
25/01/2019 10:00,0.777,0.686,0.68,0.777
25/01/2019 11:00,0.762,0.751,0.66,0.762
25/01/2019 12:00,0.703,0.77,0.611,0.703
25/01/2019 13:00,0.599,0.745,0.548,0.599
25/01/2019 14:00,0.448,0.676,0.429,0.448
25/01/2019 15:00,0.258,0.561,0.367,0.258
25/01/2019 16:00,0.065,0.404,0.235,0.065
25/01/2019 17:00,0.001,0.215,0.091,0.001
25/01/2019 18:00,0.0,0.046,0.006,0.0
25/01/2019 19:00,0.0,0.0,0.0,0.0
25/01/2019 20:00,0.0,0.0,0.0,0.0
25/01/2019 21:00,0.0,0.0,0.0,0.0
25/01/2019 22:00,0.0,0.0,0.0,0.0
25/01/2019 23:00,0.0,0.0,0.0,0.0
26/01/2019 00:00,0.0,0.0,0.0,0.0
26/01/2019 01:00,0.0,0.0,0.0,0.0
26/01/2019 02:00,0.0,0.0,0.0,0.0
26/01/2019 03:00,0.0,0.0,0.0,0.0
26/01/2019 04:00,0.015,0.0,0.0,0.015
26/01/2019 05:00,0.125,0.0,0.003,0.125
26/01/2019 06:00,0.352,0.05,0.04,0.352
26/01/2019 07:00,0.536,0.193,0.249,0.536
26/01/2019 08:00,0.667,0.394,0.443,0.667
26/01/2019 09:00,0.747,0.528,0.589,0.747
26/01/2019 10:00,0.777,0.637,0.683,0.777
26/01/2019 11:00,0.763,0.651,0.727,0.763
26/01/2019 12:00,0.705,0.677,0.726,0.705
26/01/2019 13:00,0.6,0.657,0.681,0.6
26/01/2019 14:00,0.45,0.649,0.552,0.45
26/01/2019 15:00,0.259,0.578,0.422,0.259
26/01/2019 16:00,0.065,0.425,0.228,0.065
26/01/2019 17:00,0.001,0.23,0.091,0.001
26/01/2019 18:00,0.0,0.053,0.005,0.0
26/01/2019 19:00,0.0,0.0,0.0,0.0
26/01/2019 20:00,0.0,0.0,0.0,0.0
26/01/2019 21:00,0.0,0.0,0.0,0.0
26/01/2019 22:00,0.0,0.0,0.0,0.0
26/01/2019 23:00,0.0,0.0,0.0,0.0
27/01/2019 00:00,0.0,0.0,0.0,0.0
27/01/2019 01:00,0.0,0.0,0.0,0.0
27/01/2019 02:00,0.0,0.0,0.0,0.0
27/01/2019 03:00,0.0,0.0,0.0,0.0
27/01/2019 04:00,0.012,0.0,0.0,0.012
27/01/2019 05:00,0.123,0.0,0.004,0.123
27/01/2019 06:00,0.35,0.053,0.051,0.35
27/01/2019 07:00,0.531,0.202,0.251,0.531
27/01/2019 08:00,0.661,0.414,0.404,0.661
27/01/2019 09:00,0.74,0.593,0.575,0.74
27/01/2019 10:00,0.77,0.724,0.653,0.77
27/01/2019 11:00,0.756,0.764,0.64,0.756
27/01/2019 12:00,0.699,0.667,0.588,0.699
27/01/2019 13:00,0.595,0.495,0.434,0.595
27/01/2019 14:00,0.446,0.386,0.295,0.446
27/01/2019 15:00,0.256,0.29,0.18,0.256
27/01/2019 16:00,0.064,0.189,0.107,0.064
27/01/2019 17:00,0.001,0.116,0.041,0.001
27/01/2019 18:00,0.0,0.049,0.001,0.0
27/01/2019 19:00,0.0,0.0,0.0,0.0
27/01/2019 20:00,0.0,0.0,0.0,0.0
27/01/2019 21:00,0.0,0.0,0.0,0.0
27/01/2019 22:00,0.0,0.0,0.0,0.0
27/01/2019 23:00,0.0,0.0,0.0,0.0
28/01/2019 00:00,0.0,0.0,0.0,0.0
28/01/2019 01:00,0.0,0.0,0.0,0.0
28/01/2019 02:00,0.0,0.0,0.0,0.0
28/01/2019 03:00,0.0,0.0,0.0,0.0
28/01/2019 04:00,0.012,0.0,0.0,0.012
28/01/2019 05:00,0.123,0.0,0.003,0.123
28/01/2019 06:00,0.349,0.035,0.065,0.349
28/01/2019 07:00,0.526,0.205,0.241,0.526
28/01/2019 08:00,0.653,0.42,0.396,0.653
28/01/2019 09:00,0.73,0.59,0.504,0.73
28/01/2019 10:00,0.76,0.706,0.643,0.76
28/01/2019 11:00,0.745,0.771,0.701,0.745
28/01/2019 12:00,0.688,0.788,0.717,0.688
28/01/2019 13:00,0.586,0.763,0.668,0.586
28/01/2019 14:00,0.438,0.694,0.576,0.438
28/01/2019 15:00,0.252,0.581,0.45,0.252
28/01/2019 16:00,0.065,0.42,0.275,0.065
28/01/2019 17:00,0.001,0.224,0.098,0.001
28/01/2019 18:00,0.0,0.043,0.005,0.0
28/01/2019 19:00,0.0,0.0,0.0,0.0
28/01/2019 20:00,0.0,0.0,0.0,0.0
28/01/2019 21:00,0.0,0.0,0.0,0.0
28/01/2019 22:00,0.0,0.0,0.0,0.0
28/01/2019 23:00,0.0,0.0,0.0,0.0
29/01/2019 00:00,0.0,0.0,0.0,0.0
29/01/2019 01:00,0.0,0.0,0.0,0.0
29/01/2019 02:00,0.0,0.0,0.0,0.0
29/01/2019 03:00,0.0,0.0,0.0,0.0
29/01/2019 04:00,0.021,0.0,0.0,0.021
29/01/2019 05:00,0.124,0.0,0.003,0.124
29/01/2019 06:00,0.311,0.046,0.04,0.311
29/01/2019 07:00,0.484,0.198,0.254,0.484
29/01/2019 08:00,0.626,0.417,0.453,0.626
29/01/2019 09:00,0.723,0.574,0.602,0.723
29/01/2019 10:00,0.765,0.697,0.699,0.765
29/01/2019 11:00,0.755,0.762,0.743,0.755
29/01/2019 12:00,0.697,0.778,0.742,0.697
29/01/2019 13:00,0.594,0.75,0.695,0.594
29/01/2019 14:00,0.444,0.682,0.601,0.444
29/01/2019 15:00,0.255,0.537,0.458,0.255
29/01/2019 16:00,0.069,0.365,0.281,0.069
29/01/2019 17:00,0.001,0.189,0.093,0.001
29/01/2019 18:00,0.0,0.051,0.004,0.0
29/01/2019 19:00,0.0,0.0,0.0,0.0
29/01/2019 20:00,0.0,0.0,0.0,0.0
29/01/2019 21:00,0.0,0.0,0.0,0.0
29/01/2019 22:00,0.0,0.0,0.0,0.0
29/01/2019 23:00,0.0,0.0,0.0,0.0
30/01/2019 00:00,0.0,0.0,0.0,0.0
30/01/2019 01:00,0.0,0.0,0.0,0.0
30/01/2019 02:00,0.0,0.0,0.0,0.0
30/01/2019 03:00,0.0,0.0,0.0,0.0
30/01/2019 04:00,0.014,0.0,0.0,0.014
30/01/2019 05:00,0.126,0.0,0.003,0.126
30/01/2019 06:00,0.357,0.044,0.069,0.357
30/01/2019 07:00,0.544,0.183,0.188,0.544
30/01/2019 08:00,0.669,0.415,0.296,0.669
30/01/2019 09:00,0.745,0.592,0.497,0.745
30/01/2019 10:00,0.776,0.707,0.665,0.776
30/01/2019 11:00,0.762,0.766,0.677,0.762
30/01/2019 12:00,0.705,0.779,0.607,0.705
30/01/2019 13:00,0.602,0.75,0.582,0.602
30/01/2019 14:00,0.451,0.679,0.559,0.451
30/01/2019 15:00,0.258,0.564,0.469,0.258
30/01/2019 16:00,0.066,0.406,0.257,0.066
30/01/2019 17:00,0.001,0.215,0.085,0.001
30/01/2019 18:00,0.0,0.044,0.004,0.0
30/01/2019 19:00,0.0,0.0,0.0,0.0
30/01/2019 20:00,0.0,0.0,0.0,0.0
30/01/2019 21:00,0.0,0.0,0.0,0.0
30/01/2019 22:00,0.0,0.0,0.0,0.0
30/01/2019 23:00,0.0,0.0,0.0,0.0
31/01/2019 00:00,0.0,0.0,0.0,0.0
31/01/2019 01:00,0.0,0.0,0.0,0.0
31/01/2019 02:00,0.0,0.0,0.0,0.0
31/01/2019 03:00,0.0,0.0,0.0,0.0
31/01/2019 04:00,0.014,0.0,0.0,0.014
31/01/2019 05:00,0.125,0.0,0.002,0.125
31/01/2019 06:00,0.356,0.031,0.051,0.356
31/01/2019 07:00,0.541,0.198,0.256,0.541
31/01/2019 08:00,0.667,0.404,0.455,0.667
31/01/2019 09:00,0.743,0.564,0.605,0.743
31/01/2019 10:00,0.772,0.676,0.701,0.772
31/01/2019 11:00,0.757,0.739,0.75,0.757
31/01/2019 12:00,0.697,0.759,0.75,0.697
31/01/2019 13:00,0.594,0.734,0.705,0.594
31/01/2019 14:00,0.443,0.651,0.614,0.443
31/01/2019 15:00,0.253,0.514,0.474,0.253
31/01/2019 16:00,0.065,0.334,0.292,0.065
31/01/2019 17:00,0.0,0.156,0.098,0.0
31/01/2019 18:00,0.0,0.04,0.004,0.0
31/01/2019 19:00,0.0,0.0,0.0,0.0
31/01/2019 20:00,0.0,0.0,0.0,0.0
31/01/2019 21:00,0.0,0.0,0.0,0.0
31/01/2019 22:00,0.0,0.0,0.0,0.0
31/01/2019 23:00,0.0,0.0,0.0,0.0
01/02/2019 00:00,0.0,0.0,0.0,0.0
01/02/2019 01:00,0.0,0.0,0.0,0.0
01/02/2019 02:00,0.0,0.0,0.0,0.0
01/02/2019 03:00,0.0,0.0,0.0,0.0
01/02/2019 04:00,0.017,0.0,0.0,0.017
01/02/2019 05:00,0.121,0.0,0.002,0.121
01/02/2019 06:00,0.317,0.041,0.039,0.317
01/02/2019 07:00,0.509,0.195,0.251,0.509
01/02/2019 08:00,0.643,0.406,0.448,0.643
01/02/2019 09:00,0.725,0.572,0.597,0.725
01/02/2019 10:00,0.756,0.681,0.692,0.756
01/02/2019 11:00,0.744,0.739,0.739,0.744
01/02/2019 12:00,0.689,0.755,0.738,0.689
01/02/2019 13:00,0.587,0.73,0.693,0.587
01/02/2019 14:00,0.44,0.663,0.602,0.44
01/02/2019 15:00,0.252,0.552,0.465,0.252
01/02/2019 16:00,0.066,0.395,0.286,0.066
01/02/2019 17:00,0.0,0.205,0.097,0.0
01/02/2019 18:00,0.0,0.047,0.004,0.0
01/02/2019 19:00,0.0,0.0,0.0,0.0
01/02/2019 20:00,0.0,0.0,0.0,0.0
01/02/2019 21:00,0.0,0.0,0.0,0.0
01/02/2019 22:00,0.0,0.0,0.0,0.0
01/02/2019 23:00,0.0,0.0,0.0,0.0
02/02/2019 00:00,0.0,0.0,0.0,0.0
02/02/2019 01:00,0.0,0.0,0.0,0.0
02/02/2019 02:00,0.0,0.0,0.0,0.0
02/02/2019 03:00,0.0,0.0,0.0,0.0
02/02/2019 04:00,0.013,0.0,0.0,0.013
02/02/2019 05:00,0.122,0.0,0.002,0.122
02/02/2019 06:00,0.355,0.025,0.058,0.355
02/02/2019 07:00,0.546,0.082,0.244,0.546
02/02/2019 08:00,0.683,0.125,0.461,0.683
02/02/2019 09:00,0.768,0.2,0.612,0.768
02/02/2019 10:00,0.803,0.375,0.709,0.803
02/02/2019 11:00,0.79,0.562,0.756,0.79
02/02/2019 12:00,0.731,0.625,0.757,0.731
02/02/2019 13:00,0.624,0.54,0.712,0.624
02/02/2019 14:00,0.468,0.382,0.62,0.468
02/02/2019 15:00,0.269,0.341,0.48,0.269
02/02/2019 16:00,0.066,0.328,0.296,0.066
02/02/2019 17:00,0.0,0.163,0.099,0.0
02/02/2019 18:00,0.0,0.038,0.003,0.0
02/02/2019 19:00,0.0,0.0,0.0,0.0
02/02/2019 20:00,0.0,0.0,0.0,0.0
02/02/2019 21:00,0.0,0.0,0.0,0.0
02/02/2019 22:00,0.0,0.0,0.0,0.0
02/02/2019 23:00,0.0,0.0,0.0,0.0
03/02/2019 00:00,0.0,0.0,0.0,0.0
03/02/2019 01:00,0.0,0.0,0.0,0.0
03/02/2019 02:00,0.0,0.0,0.0,0.0
03/02/2019 03:00,0.0,0.0,0.0,0.0
03/02/2019 04:00,0.016,0.0,0.0,0.016
03/02/2019 05:00,0.124,0.0,0.002,0.124
03/02/2019 06:00,0.364,0.031,0.058,0.364
03/02/2019 07:00,0.553,0.191,0.255,0.553
03/02/2019 08:00,0.685,0.395,0.46,0.685
03/02/2019 09:00,0.764,0.557,0.619,0.764
03/02/2019 10:00,0.794,0.671,0.716,0.794
03/02/2019 11:00,0.778,0.736,0.761,0.778
03/02/2019 12:00,0.716,0.755,0.759,0.716
03/02/2019 13:00,0.595,0.731,0.713,0.595
03/02/2019 14:00,0.393,0.664,0.619,0.393
03/02/2019 15:00,0.197,0.552,0.478,0.197
03/02/2019 16:00,0.053,0.397,0.294,0.053
03/02/2019 17:00,0.0,0.21,0.098,0.0
03/02/2019 18:00,0.0,0.043,0.003,0.0
03/02/2019 19:00,0.0,0.0,0.0,0.0
03/02/2019 20:00,0.0,0.0,0.0,0.0
03/02/2019 21:00,0.0,0.0,0.0,0.0
03/02/2019 22:00,0.0,0.0,0.0,0.0
03/02/2019 23:00,0.0,0.0,0.0,0.0
04/02/2019 00:00,0.0,0.0,0.0,0.0
04/02/2019 01:00,0.0,0.0,0.0,0.0
04/02/2019 02:00,0.0,0.0,0.0,0.0
04/02/2019 03:00,0.0,0.0,0.0,0.0
04/02/2019 04:00,0.014,0.0,0.0,0.014
04/02/2019 05:00,0.126,0.0,0.002,0.126
04/02/2019 06:00,0.363,0.031,0.05,0.363
04/02/2019 07:00,0.551,0.191,0.257,0.551
04/02/2019 08:00,0.682,0.396,0.462,0.682
04/02/2019 09:00,0.759,0.554,0.612,0.759
04/02/2019 10:00,0.788,0.664,0.707,0.788
04/02/2019 11:00,0.772,0.728,0.752,0.772
04/02/2019 12:00,0.712,0.746,0.749,0.712
04/02/2019 13:00,0.607,0.722,0.699,0.607
04/02/2019 14:00,0.454,0.656,0.607,0.454
04/02/2019 15:00,0.26,0.545,0.459,0.26
04/02/2019 16:00,0.065,0.37,0.284,0.065
04/02/2019 17:00,0.0,0.19,0.097,0.0
04/02/2019 18:00,0.0,0.043,0.003,0.0
04/02/2019 19:00,0.0,0.0,0.0,0.0
04/02/2019 20:00,0.0,0.0,0.0,0.0
04/02/2019 21:00,0.0,0.0,0.0,0.0
04/02/2019 22:00,0.0,0.0,0.0,0.0
04/02/2019 23:00,0.0,0.0,0.0,0.0
05/02/2019 00:00,0.0,0.0,0.0,0.0
05/02/2019 01:00,0.0,0.0,0.0,0.0
05/02/2019 02:00,0.0,0.0,0.0,0.0
05/02/2019 03:00,0.0,0.0,0.0,0.0
05/02/2019 04:00,0.01,0.0,0.0,0.01
05/02/2019 05:00,0.122,0.0,0.001,0.122
05/02/2019 06:00,0.348,0.034,0.044,0.348
05/02/2019 07:00,0.529,0.152,0.254,0.529
05/02/2019 08:00,0.659,0.366,0.451,0.659
05/02/2019 09:00,0.737,0.548,0.598,0.737
05/02/2019 10:00,0.767,0.661,0.69,0.767
05/02/2019 11:00,0.752,0.721,0.725,0.752
05/02/2019 12:00,0.694,0.723,0.719,0.694
05/02/2019 13:00,0.591,0.672,0.654,0.591
05/02/2019 14:00,0.441,0.548,0.546,0.441
05/02/2019 15:00,0.252,0.394,0.389,0.252
05/02/2019 16:00,0.063,0.23,0.216,0.063
05/02/2019 17:00,0.0,0.133,0.063,0.0
05/02/2019 18:00,0.0,0.04,0.001,0.0
05/02/2019 19:00,0.0,0.0,0.0,0.0
05/02/2019 20:00,0.0,0.0,0.0,0.0
05/02/2019 21:00,0.0,0.0,0.0,0.0
05/02/2019 22:00,0.0,0.0,0.0,0.0
05/02/2019 23:00,0.0,0.0,0.0,0.0
06/02/2019 00:00,0.0,0.0,0.0,0.0
06/02/2019 01:00,0.0,0.0,0.0,0.0
06/02/2019 02:00,0.0,0.0,0.0,0.0
06/02/2019 03:00,0.0,0.0,0.0,0.0
06/02/2019 04:00,0.009,0.0,0.0,0.009
06/02/2019 05:00,0.121,0.0,0.001,0.121
06/02/2019 06:00,0.346,0.033,0.074,0.346
06/02/2019 07:00,0.524,0.127,0.241,0.524
06/02/2019 08:00,0.652,0.234,0.346,0.652
06/02/2019 09:00,0.731,0.33,0.35,0.731
06/02/2019 10:00,0.761,0.414,0.338,0.761
06/02/2019 11:00,0.748,0.458,0.297,0.748
06/02/2019 12:00,0.69,0.554,0.239,0.69
06/02/2019 13:00,0.587,0.597,0.197,0.587
06/02/2019 14:00,0.436,0.525,0.146,0.436
06/02/2019 15:00,0.248,0.426,0.106,0.248
06/02/2019 16:00,0.063,0.283,0.059,0.063
06/02/2019 17:00,0.0,0.13,0.02,0.0
06/02/2019 18:00,0.0,0.028,0.0,0.0
06/02/2019 19:00,0.0,0.0,0.0,0.0
06/02/2019 20:00,0.0,0.0,0.0,0.0
06/02/2019 21:00,0.0,0.0,0.0,0.0
06/02/2019 22:00,0.0,0.0,0.0,0.0
06/02/2019 23:00,0.0,0.0,0.0,0.0
07/02/2019 00:00,0.0,0.0,0.0,0.0
07/02/2019 01:00,0.0,0.0,0.0,0.0
07/02/2019 02:00,0.0,0.0,0.0,0.0
07/02/2019 03:00,0.0,0.0,0.0,0.0
07/02/2019 04:00,0.011,0.0,0.0,0.011
07/02/2019 05:00,0.12,0.0,0.0,0.12
07/02/2019 06:00,0.338,0.045,0.036,0.338
07/02/2019 07:00,0.517,0.188,0.165,0.517
07/02/2019 08:00,0.645,0.34,0.359,0.645
07/02/2019 09:00,0.722,0.436,0.543,0.722
07/02/2019 10:00,0.751,0.565,0.618,0.751
07/02/2019 11:00,0.736,0.592,0.627,0.736
07/02/2019 12:00,0.678,0.526,0.547,0.678
07/02/2019 13:00,0.572,0.497,0.376,0.572
07/02/2019 14:00,0.415,0.429,0.319,0.415
07/02/2019 15:00,0.23,0.3,0.261,0.23
07/02/2019 16:00,0.062,0.164,0.163,0.062
07/02/2019 17:00,0.0,0.067,0.064,0.0
07/02/2019 18:00,0.0,0.012,0.001,0.0
07/02/2019 19:00,0.0,0.0,0.0,0.0
07/02/2019 20:00,0.0,0.0,0.0,0.0
07/02/2019 21:00,0.0,0.0,0.0,0.0
07/02/2019 22:00,0.0,0.0,0.0,0.0
07/02/2019 23:00,0.0,0.0,0.0,0.0
08/02/2019 00:00,0.0,0.0,0.0,0.0
08/02/2019 01:00,0.0,0.0,0.0,0.0
08/02/2019 02:00,0.0,0.0,0.0,0.0
08/02/2019 03:00,0.0,0.0,0.0,0.0
08/02/2019 04:00,0.008,0.0,0.0,0.008
08/02/2019 05:00,0.096,0.0,0.0,0.096
08/02/2019 06:00,0.282,0.038,0.041,0.282
08/02/2019 07:00,0.483,0.177,0.123,0.483
08/02/2019 08:00,0.605,0.421,0.183,0.605
08/02/2019 09:00,0.668,0.598,0.248,0.668
08/02/2019 10:00,0.664,0.717,0.3,0.664
08/02/2019 11:00,0.604,0.782,0.382,0.604
08/02/2019 12:00,0.418,0.8,0.396,0.418
08/02/2019 13:00,0.24,0.774,0.383,0.24
08/02/2019 14:00,0.134,0.702,0.312,0.134
08/02/2019 15:00,0.055,0.584,0.24,0.055
08/02/2019 16:00,0.014,0.411,0.113,0.014
08/02/2019 17:00,0.0,0.183,0.034,0.0
08/02/2019 18:00,0.0,0.035,0.0,0.0
08/02/2019 19:00,0.0,0.0,0.0,0.0
08/02/2019 20:00,0.0,0.0,0.0,0.0
08/02/2019 21:00,0.0,0.0,0.0,0.0
08/02/2019 22:00,0.0,0.0,0.0,0.0
08/02/2019 23:00,0.0,0.0,0.0,0.0
09/02/2019 00:00,0.0,0.0,0.0,0.0
09/02/2019 01:00,0.0,0.0,0.0,0.0
09/02/2019 02:00,0.0,0.0,0.0,0.0
09/02/2019 03:00,0.0,0.0,0.0,0.0
09/02/2019 04:00,0.007,0.0,0.0,0.007
09/02/2019 05:00,0.063,0.0,0.0,0.063
09/02/2019 06:00,0.14,0.036,0.037,0.14
09/02/2019 07:00,0.245,0.169,0.109,0.245
09/02/2019 08:00,0.448,0.41,0.197,0.448
09/02/2019 09:00,0.639,0.585,0.28,0.639
09/02/2019 10:00,0.656,0.708,0.329,0.656
09/02/2019 11:00,0.624,0.776,0.345,0.624
09/02/2019 12:00,0.545,0.797,0.335,0.545
09/02/2019 13:00,0.407,0.774,0.302,0.407
09/02/2019 14:00,0.336,0.706,0.244,0.336
09/02/2019 15:00,0.198,0.591,0.179,0.198
09/02/2019 16:00,0.057,0.426,0.113,0.057
09/02/2019 17:00,0.0,0.224,0.051,0.0
09/02/2019 18:00,0.0,0.041,0.0,0.0
09/02/2019 19:00,0.0,0.0,0.0,0.0
09/02/2019 20:00,0.0,0.0,0.0,0.0
09/02/2019 21:00,0.0,0.0,0.0,0.0
09/02/2019 22:00,0.0,0.0,0.0,0.0
09/02/2019 23:00,0.0,0.0,0.0,0.0
10/02/2019 00:00,0.0,0.0,0.0,0.0
10/02/2019 01:00,0.0,0.0,0.0,0.0
10/02/2019 02:00,0.0,0.0,0.0,0.0
10/02/2019 03:00,0.0,0.0,0.0,0.0
10/02/2019 04:00,0.011,0.0,0.0,0.011
10/02/2019 05:00,0.122,0.0,0.0,0.122
10/02/2019 06:00,0.336,0.032,0.014,0.336
10/02/2019 07:00,0.518,0.201,0.049,0.518
10/02/2019 08:00,0.641,0.428,0.099,0.641
10/02/2019 09:00,0.718,0.604,0.181,0.718
10/02/2019 10:00,0.737,0.722,0.246,0.737
10/02/2019 11:00,0.723,0.786,0.285,0.723
10/02/2019 12:00,0.667,0.805,0.318,0.667
10/02/2019 13:00,0.555,0.779,0.285,0.555
10/02/2019 14:00,0.383,0.708,0.264,0.383
10/02/2019 15:00,0.222,0.589,0.205,0.222
10/02/2019 16:00,0.058,0.423,0.106,0.058
10/02/2019 17:00,0.0,0.22,0.038,0.0
10/02/2019 18:00,0.0,0.039,0.0,0.0
10/02/2019 19:00,0.0,0.0,0.0,0.0
10/02/2019 20:00,0.0,0.0,0.0,0.0
10/02/2019 21:00,0.0,0.0,0.0,0.0
10/02/2019 22:00,0.0,0.0,0.0,0.0
10/02/2019 23:00,0.0,0.0,0.0,0.0
11/02/2019 00:00,0.0,0.0,0.0,0.0
11/02/2019 01:00,0.0,0.0,0.0,0.0
11/02/2019 02:00,0.0,0.0,0.0,0.0
11/02/2019 03:00,0.0,0.0,0.0,0.0
11/02/2019 04:00,0.009,0.0,0.0,0.009
11/02/2019 05:00,0.125,0.0,0.0,0.125
11/02/2019 06:00,0.356,0.03,0.049,0.356
11/02/2019 07:00,0.542,0.193,0.171,0.542
11/02/2019 08:00,0.673,0.419,0.272,0.673
11/02/2019 09:00,0.753,0.594,0.325,0.753
11/02/2019 10:00,0.786,0.711,0.349,0.786
11/02/2019 11:00,0.774,0.777,0.372,0.774
11/02/2019 12:00,0.718,0.795,0.381,0.718
11/02/2019 13:00,0.614,0.769,0.362,0.614
11/02/2019 14:00,0.461,0.698,0.329,0.461
11/02/2019 15:00,0.264,0.581,0.27,0.264
11/02/2019 16:00,0.064,0.417,0.176,0.064
11/02/2019 17:00,0.0,0.217,0.068,0.0
11/02/2019 18:00,0.0,0.038,0.001,0.0
11/02/2019 19:00,0.0,0.0,0.0,0.0
11/02/2019 20:00,0.0,0.0,0.0,0.0
11/02/2019 21:00,0.0,0.0,0.0,0.0
11/02/2019 22:00,0.0,0.0,0.0,0.0
11/02/2019 23:00,0.0,0.0,0.0,0.0
12/02/2019 00:00,0.0,0.0,0.0,0.0
12/02/2019 01:00,0.0,0.0,0.0,0.0
12/02/2019 02:00,0.0,0.0,0.0,0.0
12/02/2019 03:00,0.0,0.0,0.0,0.0
12/02/2019 04:00,0.009,0.0,0.0,0.009
12/02/2019 05:00,0.128,0.0,0.0,0.128
12/02/2019 06:00,0.368,0.024,0.062,0.368
12/02/2019 07:00,0.558,0.2,0.216,0.558
12/02/2019 08:00,0.691,0.414,0.366,0.691
12/02/2019 09:00,0.77,0.58,0.513,0.77
12/02/2019 10:00,0.8,0.694,0.628,0.8
12/02/2019 11:00,0.784,0.758,0.687,0.784
12/02/2019 12:00,0.723,0.777,0.697,0.723
12/02/2019 13:00,0.615,0.752,0.68,0.615
12/02/2019 14:00,0.458,0.683,0.583,0.458
12/02/2019 15:00,0.26,0.569,0.409,0.26
12/02/2019 16:00,0.063,0.408,0.254,0.063
12/02/2019 17:00,0.0,0.208,0.089,0.0
12/02/2019 18:00,0.0,0.037,0.001,0.0
12/02/2019 19:00,0.0,0.0,0.0,0.0
12/02/2019 20:00,0.0,0.0,0.0,0.0
12/02/2019 21:00,0.0,0.0,0.0,0.0
12/02/2019 22:00,0.0,0.0,0.0,0.0
12/02/2019 23:00,0.0,0.0,0.0,0.0
13/02/2019 00:00,0.0,0.0,0.0,0.0
13/02/2019 01:00,0.0,0.0,0.0,0.0
13/02/2019 02:00,0.0,0.0,0.0,0.0
13/02/2019 03:00,0.0,0.0,0.0,0.0
13/02/2019 04:00,0.009,0.0,0.0,0.009
13/02/2019 05:00,0.125,0.0,0.0,0.125
13/02/2019 06:00,0.353,0.021,0.055,0.353
13/02/2019 07:00,0.537,0.195,0.268,0.537
13/02/2019 08:00,0.67,0.408,0.478,0.67
13/02/2019 09:00,0.751,0.576,0.631,0.751
13/02/2019 10:00,0.783,0.692,0.729,0.783
13/02/2019 11:00,0.769,0.756,0.776,0.769
13/02/2019 12:00,0.71,0.775,0.774,0.71
13/02/2019 13:00,0.604,0.752,0.726,0.604
13/02/2019 14:00,0.45,0.683,0.628,0.45
13/02/2019 15:00,0.254,0.569,0.484,0.254
13/02/2019 16:00,0.062,0.409,0.289,0.062
13/02/2019 17:00,0.0,0.212,0.097,0.0
13/02/2019 18:00,0.0,0.037,0.001,0.0
13/02/2019 19:00,0.0,0.0,0.0,0.0
13/02/2019 20:00,0.0,0.0,0.0,0.0
13/02/2019 21:00,0.0,0.0,0.0,0.0
13/02/2019 22:00,0.0,0.0,0.0,0.0
13/02/2019 23:00,0.0,0.0,0.0,0.0
14/02/2019 00:00,0.0,0.0,0.0,0.0
14/02/2019 01:00,0.0,0.0,0.0,0.0
14/02/2019 02:00,0.0,0.0,0.0,0.0
14/02/2019 03:00,0.0,0.0,0.0,0.0
14/02/2019 04:00,0.008,0.0,0.0,0.008
14/02/2019 05:00,0.124,0.0,0.0,0.124
14/02/2019 06:00,0.347,0.028,0.049,0.347
14/02/2019 07:00,0.527,0.18,0.259,0.527
14/02/2019 08:00,0.656,0.415,0.458,0.656
14/02/2019 09:00,0.733,0.587,0.611,0.733
14/02/2019 10:00,0.763,0.7,0.709,0.763
14/02/2019 11:00,0.749,0.763,0.756,0.749
14/02/2019 12:00,0.69,0.78,0.756,0.69
14/02/2019 13:00,0.578,0.754,0.699,0.578
14/02/2019 14:00,0.432,0.685,0.61,0.432
14/02/2019 15:00,0.238,0.57,0.468,0.238
14/02/2019 16:00,0.058,0.409,0.286,0.058
14/02/2019 17:00,0.0,0.212,0.095,0.0
14/02/2019 18:00,0.0,0.036,0.001,0.0
14/02/2019 19:00,0.0,0.0,0.0,0.0
14/02/2019 20:00,0.0,0.0,0.0,0.0
14/02/2019 21:00,0.0,0.0,0.0,0.0
14/02/2019 22:00,0.0,0.0,0.0,0.0
14/02/2019 23:00,0.0,0.0,0.0,0.0
15/02/2019 00:00,0.0,0.0,0.0,0.0
15/02/2019 01:00,0.0,0.0,0.0,0.0
15/02/2019 02:00,0.0,0.0,0.0,0.0
15/02/2019 03:00,0.0,0.0,0.0,0.0
15/02/2019 04:00,0.009,0.0,0.0,0.009
15/02/2019 05:00,0.123,0.0,0.0,0.123
15/02/2019 06:00,0.341,0.031,0.056,0.341
15/02/2019 07:00,0.524,0.16,0.258,0.524
15/02/2019 08:00,0.652,0.269,0.464,0.652
15/02/2019 09:00,0.729,0.351,0.622,0.729
15/02/2019 10:00,0.742,0.418,0.722,0.742
15/02/2019 11:00,0.698,0.487,0.77,0.698
15/02/2019 12:00,0.625,0.572,0.77,0.625
15/02/2019 13:00,0.524,0.625,0.723,0.524
15/02/2019 14:00,0.367,0.618,0.627,0.367
15/02/2019 15:00,0.205,0.543,0.482,0.205
15/02/2019 16:00,0.054,0.395,0.292,0.054
15/02/2019 17:00,0.0,0.205,0.097,0.0
15/02/2019 18:00,0.0,0.037,0.001,0.0
15/02/2019 19:00,0.0,0.0,0.0,0.0
15/02/2019 20:00,0.0,0.0,0.0,0.0
15/02/2019 21:00,0.0,0.0,0.0,0.0
15/02/2019 22:00,0.0,0.0,0.0,0.0
15/02/2019 23:00,0.0,0.0,0.0,0.0
16/02/2019 00:00,0.0,0.0,0.0,0.0
16/02/2019 01:00,0.0,0.0,0.0,0.0
16/02/2019 02:00,0.0,0.0,0.0,0.0
16/02/2019 03:00,0.0,0.0,0.0,0.0
16/02/2019 04:00,0.008,0.0,0.0,0.008
16/02/2019 05:00,0.125,0.0,0.0,0.125
16/02/2019 06:00,0.353,0.029,0.056,0.353
16/02/2019 07:00,0.538,0.171,0.247,0.538
16/02/2019 08:00,0.664,0.358,0.47,0.664
16/02/2019 09:00,0.743,0.526,0.627,0.743
16/02/2019 10:00,0.773,0.649,0.728,0.773
16/02/2019 11:00,0.759,0.699,0.774,0.759
16/02/2019 12:00,0.701,0.693,0.772,0.701
16/02/2019 13:00,0.596,0.617,0.724,0.596
16/02/2019 14:00,0.443,0.466,0.625,0.443
16/02/2019 15:00,0.25,0.382,0.462,0.25
16/02/2019 16:00,0.059,0.242,0.286,0.059
16/02/2019 17:00,0.0,0.119,0.086,0.0
16/02/2019 18:00,0.0,0.023,0.001,0.0
16/02/2019 19:00,0.0,0.0,0.0,0.0
16/02/2019 20:00,0.0,0.0,0.0,0.0
16/02/2019 21:00,0.0,0.0,0.0,0.0
16/02/2019 22:00,0.0,0.0,0.0,0.0
16/02/2019 23:00,0.0,0.0,0.0,0.0
17/02/2019 00:00,0.0,0.0,0.0,0.0
17/02/2019 01:00,0.0,0.0,0.0,0.0
17/02/2019 02:00,0.0,0.0,0.0,0.0
17/02/2019 03:00,0.0,0.0,0.0,0.0
17/02/2019 04:00,0.006,0.0,0.0,0.006
17/02/2019 05:00,0.129,0.0,0.0,0.129
17/02/2019 06:00,0.366,0.025,0.056,0.366
17/02/2019 07:00,0.554,0.178,0.259,0.554
17/02/2019 08:00,0.681,0.406,0.473,0.681
17/02/2019 09:00,0.756,0.595,0.622,0.756
17/02/2019 10:00,0.788,0.72,0.714,0.788
17/02/2019 11:00,0.776,0.788,0.749,0.776
17/02/2019 12:00,0.718,0.807,0.75,0.718
17/02/2019 13:00,0.612,0.766,0.703,0.612
17/02/2019 14:00,0.458,0.698,0.579,0.458
17/02/2019 15:00,0.259,0.575,0.442,0.259
17/02/2019 16:00,0.059,0.406,0.269,0.059
17/02/2019 17:00,0.0,0.214,0.09,0.0
17/02/2019 18:00,0.0,0.035,0.001,0.0
17/02/2019 19:00,0.0,0.0,0.0,0.0
17/02/2019 20:00,0.0,0.0,0.0,0.0
17/02/2019 21:00,0.0,0.0,0.0,0.0
17/02/2019 22:00,0.0,0.0,0.0,0.0
17/02/2019 23:00,0.0,0.0,0.0,0.0
18/02/2019 00:00,0.0,0.0,0.0,0.0
18/02/2019 01:00,0.0,0.0,0.0,0.0
18/02/2019 02:00,0.0,0.0,0.0,0.0
18/02/2019 03:00,0.0,0.0,0.0,0.0
18/02/2019 04:00,0.006,0.0,0.0,0.006
18/02/2019 05:00,0.128,0.0,0.0,0.128
18/02/2019 06:00,0.362,0.025,0.05,0.362
18/02/2019 07:00,0.546,0.183,0.261,0.546
18/02/2019 08:00,0.677,0.403,0.463,0.677
18/02/2019 09:00,0.756,0.587,0.613,0.756
18/02/2019 10:00,0.788,0.706,0.715,0.788
18/02/2019 11:00,0.774,0.771,0.761,0.774
18/02/2019 12:00,0.715,0.79,0.766,0.715
18/02/2019 13:00,0.61,0.763,0.72,0.61
18/02/2019 14:00,0.455,0.691,0.617,0.455
18/02/2019 15:00,0.258,0.567,0.471,0.258
18/02/2019 16:00,0.059,0.403,0.286,0.059
18/02/2019 17:00,0.0,0.206,0.094,0.0
18/02/2019 18:00,0.0,0.032,0.0,0.0
18/02/2019 19:00,0.0,0.0,0.0,0.0
18/02/2019 20:00,0.0,0.0,0.0,0.0
18/02/2019 21:00,0.0,0.0,0.0,0.0
18/02/2019 22:00,0.0,0.0,0.0,0.0
18/02/2019 23:00,0.0,0.0,0.0,0.0
19/02/2019 00:00,0.0,0.0,0.0,0.0
19/02/2019 01:00,0.0,0.0,0.0,0.0
19/02/2019 02:00,0.0,0.0,0.0,0.0
19/02/2019 03:00,0.0,0.0,0.0,0.0
19/02/2019 04:00,0.005,0.0,0.0,0.005
19/02/2019 05:00,0.129,0.0,0.0,0.129
19/02/2019 06:00,0.366,0.024,0.055,0.366
19/02/2019 07:00,0.55,0.196,0.254,0.55
19/02/2019 08:00,0.68,0.405,0.465,0.68
19/02/2019 09:00,0.759,0.566,0.627,0.759
19/02/2019 10:00,0.792,0.671,0.724,0.792
19/02/2019 11:00,0.779,0.726,0.765,0.779
19/02/2019 12:00,0.721,0.712,0.748,0.721
19/02/2019 13:00,0.615,0.582,0.712,0.615
19/02/2019 14:00,0.459,0.398,0.619,0.459
19/02/2019 15:00,0.26,0.288,0.477,0.26
19/02/2019 16:00,0.058,0.191,0.286,0.058
19/02/2019 17:00,0.0,0.09,0.092,0.0
19/02/2019 18:00,0.0,0.018,0.0,0.0
19/02/2019 19:00,0.0,0.0,0.0,0.0
19/02/2019 20:00,0.0,0.0,0.0,0.0
19/02/2019 21:00,0.0,0.0,0.0,0.0
19/02/2019 22:00,0.0,0.0,0.0,0.0
19/02/2019 23:00,0.0,0.0,0.0,0.0
20/02/2019 00:00,0.0,0.0,0.0,0.0
20/02/2019 01:00,0.0,0.0,0.0,0.0
20/02/2019 02:00,0.0,0.0,0.0,0.0
20/02/2019 03:00,0.0,0.0,0.0,0.0
20/02/2019 04:00,0.008,0.0,0.0,0.008
20/02/2019 05:00,0.132,0.0,0.0,0.132
20/02/2019 06:00,0.346,0.021,0.056,0.346
20/02/2019 07:00,0.479,0.181,0.25,0.479
20/02/2019 08:00,0.641,0.397,0.444,0.641
20/02/2019 09:00,0.729,0.57,0.594,0.729
20/02/2019 10:00,0.736,0.688,0.683,0.736
20/02/2019 11:00,0.647,0.755,0.718,0.647
20/02/2019 12:00,0.5,0.773,0.726,0.5
20/02/2019 13:00,0.407,0.748,0.681,0.407
20/02/2019 14:00,0.328,0.681,0.585,0.328
20/02/2019 15:00,0.184,0.567,0.442,0.184
20/02/2019 16:00,0.049,0.403,0.247,0.049
20/02/2019 17:00,0.0,0.205,0.078,0.0
20/02/2019 18:00,0.0,0.031,0.0,0.0
20/02/2019 19:00,0.0,0.0,0.0,0.0
20/02/2019 20:00,0.0,0.0,0.0,0.0
20/02/2019 21:00,0.0,0.0,0.0,0.0
20/02/2019 22:00,0.0,0.0,0.0,0.0
20/02/2019 23:00,0.0,0.0,0.0,0.0
21/02/2019 00:00,0.0,0.0,0.0,0.0
21/02/2019 01:00,0.0,0.0,0.0,0.0
21/02/2019 02:00,0.0,0.0,0.0,0.0
21/02/2019 03:00,0.0,0.0,0.0,0.0
21/02/2019 04:00,0.007,0.0,0.0,0.007
21/02/2019 05:00,0.119,0.0,0.0,0.119
21/02/2019 06:00,0.341,0.019,0.058,0.341
21/02/2019 07:00,0.531,0.191,0.227,0.531
21/02/2019 08:00,0.659,0.411,0.439,0.659
21/02/2019 09:00,0.733,0.581,0.585,0.733
21/02/2019 10:00,0.75,0.693,0.628,0.75
21/02/2019 11:00,0.708,0.756,0.668,0.708
21/02/2019 12:00,0.622,0.775,0.66,0.622
21/02/2019 13:00,0.536,0.749,0.61,0.536
21/02/2019 14:00,0.429,0.68,0.472,0.429
21/02/2019 15:00,0.246,0.564,0.283,0.246
21/02/2019 16:00,0.056,0.402,0.157,0.056
21/02/2019 17:00,0.0,0.203,0.05,0.0
21/02/2019 18:00,0.0,0.027,0.0,0.0
21/02/2019 19:00,0.0,0.0,0.0,0.0
21/02/2019 20:00,0.0,0.0,0.0,0.0
21/02/2019 21:00,0.0,0.0,0.0,0.0
21/02/2019 22:00,0.0,0.0,0.0,0.0
21/02/2019 23:00,0.0,0.0,0.0,0.0
22/02/2019 00:00,0.0,0.0,0.0,0.0
22/02/2019 01:00,0.0,0.0,0.0,0.0
22/02/2019 02:00,0.0,0.0,0.0,0.0
22/02/2019 03:00,0.0,0.0,0.0,0.0
22/02/2019 04:00,0.006,0.0,0.0,0.006
22/02/2019 05:00,0.126,0.0,0.0,0.126
22/02/2019 06:00,0.349,0.016,0.04,0.349
22/02/2019 07:00,0.536,0.198,0.116,0.536
22/02/2019 08:00,0.667,0.425,0.229,0.667
22/02/2019 09:00,0.747,0.601,0.383,0.747
22/02/2019 10:00,0.779,0.72,0.51,0.779
22/02/2019 11:00,0.767,0.788,0.538,0.767
22/02/2019 12:00,0.712,0.809,0.461,0.712
22/02/2019 13:00,0.608,0.786,0.32,0.608
22/02/2019 14:00,0.452,0.716,0.204,0.452
22/02/2019 15:00,0.252,0.58,0.116,0.252
22/02/2019 16:00,0.055,0.382,0.066,0.055
22/02/2019 17:00,0.0,0.167,0.029,0.0
22/02/2019 18:00,0.0,0.022,0.0,0.0
22/02/2019 19:00,0.0,0.0,0.0,0.0
22/02/2019 20:00,0.0,0.0,0.0,0.0
22/02/2019 21:00,0.0,0.0,0.0,0.0
22/02/2019 22:00,0.0,0.0,0.0,0.0
22/02/2019 23:00,0.0,0.0,0.0,0.0
23/02/2019 00:00,0.0,0.0,0.0,0.0
23/02/2019 01:00,0.0,0.0,0.0,0.0
23/02/2019 02:00,0.0,0.0,0.0,0.0
23/02/2019 03:00,0.0,0.0,0.0,0.0
23/02/2019 04:00,0.005,0.0,0.0,0.005
23/02/2019 05:00,0.132,0.0,0.0,0.132
23/02/2019 06:00,0.374,0.02,0.061,0.374
23/02/2019 07:00,0.571,0.155,0.26,0.571
23/02/2019 08:00,0.7,0.403,0.442,0.7
23/02/2019 09:00,0.776,0.625,0.567,0.776
23/02/2019 10:00,0.805,0.755,0.611,0.805
23/02/2019 11:00,0.788,0.822,0.535,0.788
23/02/2019 12:00,0.726,0.839,0.393,0.726
23/02/2019 13:00,0.616,0.809,0.343,0.616
23/02/2019 14:00,0.457,0.733,0.289,0.457
23/02/2019 15:00,0.253,0.607,0.219,0.253
23/02/2019 16:00,0.054,0.432,0.107,0.054
23/02/2019 17:00,0.0,0.217,0.031,0.0
23/02/2019 18:00,0.0,0.026,0.0,0.0
23/02/2019 19:00,0.0,0.0,0.0,0.0
23/02/2019 20:00,0.0,0.0,0.0,0.0
23/02/2019 21:00,0.0,0.0,0.0,0.0
23/02/2019 22:00,0.0,0.0,0.0,0.0
23/02/2019 23:00,0.0,0.0,0.0,0.0
24/02/2019 00:00,0.0,0.0,0.0,0.0
24/02/2019 01:00,0.0,0.0,0.0,0.0
24/02/2019 02:00,0.0,0.0,0.0,0.0
24/02/2019 03:00,0.0,0.0,0.0,0.0
24/02/2019 04:00,0.005,0.0,0.0,0.005
24/02/2019 05:00,0.13,0.0,0.0,0.13
24/02/2019 06:00,0.362,0.011,0.049,0.362
24/02/2019 07:00,0.541,0.209,0.165,0.541
24/02/2019 08:00,0.668,0.44,0.302,0.668
24/02/2019 09:00,0.745,0.618,0.48,0.745
24/02/2019 10:00,0.775,0.736,0.66,0.775
24/02/2019 11:00,0.764,0.8,0.734,0.764
24/02/2019 12:00,0.709,0.817,0.776,0.709
24/02/2019 13:00,0.604,0.79,0.715,0.604
24/02/2019 14:00,0.45,0.717,0.544,0.45
24/02/2019 15:00,0.252,0.596,0.352,0.252
24/02/2019 16:00,0.054,0.425,0.203,0.054
24/02/2019 17:00,0.0,0.214,0.071,0.0
24/02/2019 18:00,0.0,0.023,0.0,0.0
24/02/2019 19:00,0.0,0.0,0.0,0.0
24/02/2019 20:00,0.0,0.0,0.0,0.0
24/02/2019 21:00,0.0,0.0,0.0,0.0
24/02/2019 22:00,0.0,0.0,0.0,0.0
24/02/2019 23:00,0.0,0.0,0.0,0.0
25/02/2019 00:00,0.0,0.0,0.0,0.0
25/02/2019 01:00,0.0,0.0,0.0,0.0
25/02/2019 02:00,0.0,0.0,0.0,0.0
25/02/2019 03:00,0.0,0.0,0.0,0.0
25/02/2019 04:00,0.004,0.0,0.0,0.004
25/02/2019 05:00,0.135,0.0,0.0,0.135
25/02/2019 06:00,0.374,0.01,0.055,0.374
25/02/2019 07:00,0.558,0.206,0.228,0.558
25/02/2019 08:00,0.689,0.431,0.493,0.689
25/02/2019 09:00,0.767,0.599,0.665,0.767
25/02/2019 10:00,0.795,0.713,0.764,0.795
25/02/2019 11:00,0.777,0.776,0.812,0.777
25/02/2019 12:00,0.715,0.792,0.812,0.715
25/02/2019 13:00,0.587,0.763,0.762,0.587
25/02/2019 14:00,0.362,0.69,0.662,0.362
25/02/2019 15:00,0.14,0.57,0.512,0.14
25/02/2019 16:00,0.021,0.403,0.314,0.021
25/02/2019 17:00,0.0,0.2,0.099,0.0
25/02/2019 18:00,0.0,0.022,0.0,0.0
25/02/2019 19:00,0.0,0.0,0.0,0.0
25/02/2019 20:00,0.0,0.0,0.0,0.0
25/02/2019 21:00,0.0,0.0,0.0,0.0
25/02/2019 22:00,0.0,0.0,0.0,0.0
25/02/2019 23:00,0.0,0.0,0.0,0.0
26/02/2019 00:00,0.0,0.0,0.0,0.0
26/02/2019 01:00,0.0,0.0,0.0,0.0
26/02/2019 02:00,0.0,0.0,0.0,0.0
26/02/2019 03:00,0.0,0.0,0.0,0.0
26/02/2019 04:00,0.004,0.0,0.0,0.004
26/02/2019 05:00,0.132,0.0,0.0,0.132
26/02/2019 06:00,0.366,0.017,0.053,0.366
26/02/2019 07:00,0.553,0.178,0.287,0.553
26/02/2019 08:00,0.688,0.398,0.495,0.688
26/02/2019 09:00,0.772,0.566,0.648,0.772
26/02/2019 10:00,0.801,0.674,0.746,0.801
26/02/2019 11:00,0.748,0.725,0.792,0.748
26/02/2019 12:00,0.699,0.72,0.79,0.699
26/02/2019 13:00,0.617,0.628,0.742,0.617
26/02/2019 14:00,0.459,0.515,0.644,0.459
26/02/2019 15:00,0.254,0.424,0.498,0.254
26/02/2019 16:00,0.048,0.301,0.305,0.048
26/02/2019 17:00,0.0,0.138,0.094,0.0
26/02/2019 18:00,0.0,0.018,0.0,0.0
26/02/2019 19:00,0.0,0.0,0.0,0.0
26/02/2019 20:00,0.0,0.0,0.0,0.0
26/02/2019 21:00,0.0,0.0,0.0,0.0
26/02/2019 22:00,0.0,0.0,0.0,0.0
26/02/2019 23:00,0.0,0.0,0.0,0.0
27/02/2019 00:00,0.0,0.0,0.0,0.0
27/02/2019 01:00,0.0,0.0,0.0,0.0
27/02/2019 02:00,0.0,0.0,0.0,0.0
27/02/2019 03:00,0.0,0.0,0.0,0.0
27/02/2019 04:00,0.004,0.0,0.0,0.004
27/02/2019 05:00,0.12,0.0,0.0,0.12
27/02/2019 06:00,0.378,0.015,0.054,0.378
27/02/2019 07:00,0.575,0.142,0.277,0.575
27/02/2019 08:00,0.709,0.346,0.486,0.709
27/02/2019 09:00,0.786,0.553,0.639,0.786
27/02/2019 10:00,0.815,0.678,0.737,0.815
27/02/2019 11:00,0.797,0.73,0.783,0.797
27/02/2019 12:00,0.734,0.747,0.781,0.734
27/02/2019 13:00,0.623,0.711,0.729,0.623
27/02/2019 14:00,0.462,0.642,0.628,0.462
27/02/2019 15:00,0.257,0.531,0.485,0.257
27/02/2019 16:00,0.052,0.366,0.299,0.052
27/02/2019 17:00,0.0,0.144,0.093,0.0
27/02/2019 18:00,0.0,0.017,0.0,0.0
27/02/2019 19:00,0.0,0.0,0.0,0.0
27/02/2019 20:00,0.0,0.0,0.0,0.0
27/02/2019 21:00,0.0,0.0,0.0,0.0
27/02/2019 22:00,0.0,0.0,0.0,0.0
27/02/2019 23:00,0.0,0.0,0.0,0.0
28/02/2019 00:00,0.0,0.0,0.0,0.0
28/02/2019 01:00,0.0,0.0,0.0,0.0
28/02/2019 02:00,0.0,0.0,0.0,0.0
28/02/2019 03:00,0.0,0.0,0.0,0.0
28/02/2019 04:00,0.003,0.0,0.0,0.003
28/02/2019 05:00,0.134,0.0,0.0,0.134
28/02/2019 06:00,0.371,0.016,0.052,0.371
28/02/2019 07:00,0.561,0.14,0.215,0.561
28/02/2019 08:00,0.689,0.301,0.43,0.689
28/02/2019 09:00,0.765,0.476,0.592,0.765
28/02/2019 10:00,0.794,0.661,0.678,0.794
28/02/2019 11:00,0.777,0.757,0.715,0.777
28/02/2019 12:00,0.717,0.764,0.703,0.717
28/02/2019 13:00,0.609,0.787,0.649,0.609
28/02/2019 14:00,0.451,0.729,0.538,0.451
28/02/2019 15:00,0.25,0.602,0.391,0.25
28/02/2019 16:00,0.05,0.424,0.233,0.05
28/02/2019 17:00,0.0,0.208,0.06,0.0
28/02/2019 18:00,0.0,0.021,0.0,0.0
28/02/2019 19:00,0.0,0.0,0.0,0.0
28/02/2019 20:00,0.0,0.0,0.0,0.0
28/02/2019 21:00,0.0,0.0,0.0,0.0
28/02/2019 22:00,0.0,0.0,0.0,0.0
28/02/2019 23:00,0.0,0.0,0.0,0.0
01/03/2019 00:00,0.0,0.0,0.0,0.0
01/03/2019 01:00,0.0,0.0,0.0,0.0
01/03/2019 02:00,0.0,0.0,0.0,0.0
01/03/2019 03:00,0.0,0.0,0.0,0.0
01/03/2019 04:00,0.003,0.0,0.0,0.003
01/03/2019 05:00,0.136,0.0,0.0,0.136
01/03/2019 06:00,0.375,0.011,0.044,0.375
01/03/2019 07:00,0.559,0.197,0.174,0.559
01/03/2019 08:00,0.687,0.412,0.439,0.687
01/03/2019 09:00,0.764,0.569,0.595,0.764
01/03/2019 10:00,0.793,0.689,0.723,0.793
01/03/2019 11:00,0.778,0.762,0.768,0.778
01/03/2019 12:00,0.718,0.787,0.754,0.718
01/03/2019 13:00,0.611,0.762,0.692,0.611
01/03/2019 14:00,0.455,0.691,0.57,0.455
01/03/2019 15:00,0.254,0.572,0.388,0.254
01/03/2019 16:00,0.05,0.399,0.223,0.05
01/03/2019 17:00,0.0,0.192,0.052,0.0
01/03/2019 18:00,0.0,0.018,0.0,0.0
01/03/2019 19:00,0.0,0.0,0.0,0.0
01/03/2019 20:00,0.0,0.0,0.0,0.0
01/03/2019 21:00,0.0,0.0,0.0,0.0
01/03/2019 22:00,0.0,0.0,0.0,0.0
01/03/2019 23:00,0.0,0.0,0.0,0.0
02/03/2019 00:00,0.0,0.0,0.0,0.0
02/03/2019 01:00,0.0,0.0,0.0,0.0
02/03/2019 02:00,0.0,0.0,0.0,0.0
02/03/2019 03:00,0.0,0.0,0.0,0.0
02/03/2019 04:00,0.002,0.0,0.0,0.002
02/03/2019 05:00,0.138,0.0,0.0,0.138
02/03/2019 06:00,0.379,0.012,0.027,0.379
02/03/2019 07:00,0.571,0.158,0.129,0.571
02/03/2019 08:00,0.7,0.395,0.234,0.7
02/03/2019 09:00,0.774,0.587,0.335,0.774
02/03/2019 10:00,0.801,0.71,0.409,0.801
02/03/2019 11:00,0.783,0.779,0.486,0.783
02/03/2019 12:00,0.721,0.798,0.518,0.721
02/03/2019 13:00,0.611,0.769,0.455,0.611
02/03/2019 14:00,0.451,0.696,0.277,0.451
02/03/2019 15:00,0.247,0.577,0.178,0.247
02/03/2019 16:00,0.047,0.409,0.132,0.047
02/03/2019 17:00,0.0,0.197,0.048,0.0
02/03/2019 18:00,0.0,0.018,0.0,0.0
02/03/2019 19:00,0.0,0.0,0.0,0.0
02/03/2019 20:00,0.0,0.0,0.0,0.0
02/03/2019 21:00,0.0,0.0,0.0,0.0
02/03/2019 22:00,0.0,0.0,0.0,0.0
02/03/2019 23:00,0.0,0.0,0.0,0.0
03/03/2019 00:00,0.0,0.0,0.0,0.0
03/03/2019 01:00,0.0,0.0,0.0,0.0
03/03/2019 02:00,0.0,0.0,0.0,0.0
03/03/2019 03:00,0.0,0.0,0.0,0.0
03/03/2019 04:00,0.003,0.0,0.0,0.003
03/03/2019 05:00,0.117,0.0,0.0,0.117
03/03/2019 06:00,0.368,0.012,0.05,0.368
03/03/2019 07:00,0.559,0.17,0.196,0.559
03/03/2019 08:00,0.69,0.416,0.378,0.69
03/03/2019 09:00,0.768,0.594,0.516,0.768
03/03/2019 10:00,0.795,0.71,0.642,0.795
03/03/2019 11:00,0.778,0.773,0.679,0.778
03/03/2019 12:00,0.716,0.79,0.682,0.716
03/03/2019 13:00,0.607,0.763,0.633,0.607
03/03/2019 14:00,0.45,0.69,0.425,0.45
03/03/2019 15:00,0.248,0.569,0.308,0.248
03/03/2019 16:00,0.047,0.4,0.178,0.047
03/03/2019 17:00,0.0,0.193,0.055,0.0
03/03/2019 18:00,0.0,0.016,0.0,0.0
03/03/2019 19:00,0.0,0.0,0.0,0.0
03/03/2019 20:00,0.0,0.0,0.0,0.0
03/03/2019 21:00,0.0,0.0,0.0,0.0
03/03/2019 22:00,0.0,0.0,0.0,0.0
03/03/2019 23:00,0.0,0.0,0.0,0.0
04/03/2019 00:00,0.0,0.0,0.0,0.0
04/03/2019 01:00,0.0,0.0,0.0,0.0
04/03/2019 02:00,0.0,0.0,0.0,0.0
04/03/2019 03:00,0.0,0.0,0.0,0.0
04/03/2019 04:00,0.002,0.0,0.0,0.002
04/03/2019 05:00,0.135,0.0,0.0,0.135
04/03/2019 06:00,0.371,0.009,0.051,0.371
04/03/2019 07:00,0.559,0.189,0.224,0.559
04/03/2019 08:00,0.691,0.401,0.481,0.691
04/03/2019 09:00,0.768,0.565,0.647,0.768
04/03/2019 10:00,0.795,0.679,0.75,0.795
04/03/2019 11:00,0.777,0.742,0.798,0.777
04/03/2019 12:00,0.715,0.756,0.787,0.715
04/03/2019 13:00,0.606,0.723,0.751,0.606
04/03/2019 14:00,0.447,0.635,0.659,0.447
04/03/2019 15:00,0.246,0.509,0.508,0.246
04/03/2019 16:00,0.046,0.333,0.31,0.046
04/03/2019 17:00,0.0,0.155,0.092,0.0
04/03/2019 18:00,0.0,0.012,0.0,0.0
04/03/2019 19:00,0.0,0.0,0.0,0.0
04/03/2019 20:00,0.0,0.0,0.0,0.0
04/03/2019 21:00,0.0,0.0,0.0,0.0
04/03/2019 22:00,0.0,0.0,0.0,0.0
04/03/2019 23:00,0.0,0.0,0.0,0.0
05/03/2019 00:00,0.0,0.0,0.0,0.0
05/03/2019 01:00,0.0,0.0,0.0,0.0
05/03/2019 02:00,0.0,0.0,0.0,0.0
05/03/2019 03:00,0.0,0.0,0.0,0.0
05/03/2019 04:00,0.002,0.0,0.0,0.002
05/03/2019 05:00,0.131,0.0,0.0,0.131
05/03/2019 06:00,0.368,0.011,0.052,0.368
05/03/2019 07:00,0.554,0.155,0.267,0.554
05/03/2019 08:00,0.684,0.369,0.51,0.684
05/03/2019 09:00,0.761,0.539,0.669,0.761
05/03/2019 10:00,0.79,0.661,0.77,0.79
05/03/2019 11:00,0.774,0.733,0.817,0.774
05/03/2019 12:00,0.713,0.754,0.814,0.713
05/03/2019 13:00,0.605,0.731,0.764,0.605
05/03/2019 14:00,0.448,0.66,0.666,0.448
05/03/2019 15:00,0.246,0.527,0.516,0.246
05/03/2019 16:00,0.045,0.331,0.317,0.045
05/03/2019 17:00,0.0,0.133,0.095,0.0
05/03/2019 18:00,0.0,0.011,0.0,0.0
05/03/2019 19:00,0.0,0.0,0.0,0.0
05/03/2019 20:00,0.0,0.0,0.0,0.0
05/03/2019 21:00,0.0,0.0,0.0,0.0
05/03/2019 22:00,0.0,0.0,0.0,0.0
05/03/2019 23:00,0.0,0.0,0.0,0.0
06/03/2019 00:00,0.0,0.0,0.0,0.0
06/03/2019 01:00,0.0,0.0,0.0,0.0
06/03/2019 02:00,0.0,0.0,0.0,0.0
06/03/2019 03:00,0.0,0.0,0.0,0.0
06/03/2019 04:00,0.001,0.0,0.0,0.001
06/03/2019 05:00,0.13,0.0,0.0,0.13
06/03/2019 06:00,0.357,0.01,0.061,0.357
06/03/2019 07:00,0.543,0.176,0.262,0.543
06/03/2019 08:00,0.672,0.388,0.5,0.672
06/03/2019 09:00,0.751,0.558,0.666,0.751
06/03/2019 10:00,0.78,0.671,0.771,0.78
06/03/2019 11:00,0.766,0.734,0.82,0.766
06/03/2019 12:00,0.708,0.754,0.819,0.708
06/03/2019 13:00,0.603,0.728,0.769,0.603
06/03/2019 14:00,0.447,0.657,0.67,0.447
06/03/2019 15:00,0.245,0.541,0.518,0.245
06/03/2019 16:00,0.043,0.372,0.312,0.043
06/03/2019 17:00,0.0,0.17,0.09,0.0
06/03/2019 18:00,0.0,0.012,0.0,0.0
06/03/2019 19:00,0.0,0.0,0.0,0.0
06/03/2019 20:00,0.0,0.0,0.0,0.0
06/03/2019 21:00,0.0,0.0,0.0,0.0
06/03/2019 22:00,0.0,0.0,0.0,0.0
06/03/2019 23:00,0.0,0.0,0.0,0.0
07/03/2019 00:00,0.0,0.0,0.0,0.0
07/03/2019 01:00,0.0,0.0,0.0,0.0
07/03/2019 02:00,0.0,0.0,0.0,0.0
07/03/2019 03:00,0.0,0.0,0.0,0.0
07/03/2019 04:00,0.001,0.0,0.0,0.001
07/03/2019 05:00,0.138,0.0,0.0,0.138
07/03/2019 06:00,0.384,0.01,0.049,0.384
07/03/2019 07:00,0.579,0.156,0.241,0.579
07/03/2019 08:00,0.711,0.36,0.489,0.711
07/03/2019 09:00,0.784,0.529,0.65,0.784
07/03/2019 10:00,0.809,0.655,0.744,0.809
07/03/2019 11:00,0.791,0.725,0.794,0.791
07/03/2019 12:00,0.729,0.748,0.8,0.729
07/03/2019 13:00,0.619,0.707,0.753,0.619
07/03/2019 14:00,0.458,0.608,0.649,0.458
07/03/2019 15:00,0.25,0.442,0.487,0.25
07/03/2019 16:00,0.042,0.281,0.287,0.042
07/03/2019 17:00,0.0,0.119,0.084,0.0
07/03/2019 18:00,0.0,0.008,0.0,0.0
07/03/2019 19:00,0.0,0.0,0.0,0.0
07/03/2019 20:00,0.0,0.0,0.0,0.0
07/03/2019 21:00,0.0,0.0,0.0,0.0
07/03/2019 22:00,0.0,0.0,0.0,0.0
07/03/2019 23:00,0.0,0.0,0.0,0.0
08/03/2019 00:00,0.0,0.0,0.0,0.0
08/03/2019 01:00,0.0,0.0,0.0,0.0
08/03/2019 02:00,0.0,0.0,0.0,0.0
08/03/2019 03:00,0.0,0.0,0.0,0.0
08/03/2019 04:00,0.001,0.0,0.0,0.001
08/03/2019 05:00,0.135,0.0,0.0,0.135
08/03/2019 06:00,0.371,0.01,0.043,0.371
08/03/2019 07:00,0.564,0.131,0.221,0.564
08/03/2019 08:00,0.695,0.287,0.437,0.695
08/03/2019 09:00,0.772,0.447,0.598,0.772
08/03/2019 10:00,0.802,0.617,0.697,0.802
08/03/2019 11:00,0.786,0.686,0.752,0.786
08/03/2019 12:00,0.724,0.694,0.755,0.724
08/03/2019 13:00,0.614,0.63,0.713,0.614
08/03/2019 14:00,0.444,0.477,0.623,0.444
08/03/2019 15:00,0.233,0.246,0.464,0.233
08/03/2019 16:00,0.037,0.101,0.269,0.037
08/03/2019 17:00,0.0,0.039,0.078,0.0
08/03/2019 18:00,0.0,0.003,0.0,0.0
08/03/2019 19:00,0.0,0.0,0.0,0.0
08/03/2019 20:00,0.0,0.0,0.0,0.0
08/03/2019 21:00,0.0,0.0,0.0,0.0
08/03/2019 22:00,0.0,0.0,0.0,0.0
08/03/2019 23:00,0.0,0.0,0.0,0.0
09/03/2019 00:00,0.0,0.0,0.0,0.0
09/03/2019 01:00,0.0,0.0,0.0,0.0
09/03/2019 02:00,0.0,0.0,0.0,0.0
09/03/2019 03:00,0.0,0.0,0.0,0.0
09/03/2019 04:00,0.001,0.0,0.0,0.001
09/03/2019 05:00,0.121,0.0,0.0,0.121
09/03/2019 06:00,0.371,0.009,0.051,0.371
09/03/2019 07:00,0.573,0.139,0.241,0.573
09/03/2019 08:00,0.71,0.295,0.476,0.71
09/03/2019 09:00,0.79,0.447,0.647,0.79
09/03/2019 10:00,0.818,0.614,0.741,0.818
09/03/2019 11:00,0.801,0.671,0.786,0.801
09/03/2019 12:00,0.738,0.607,0.78,0.738
09/03/2019 13:00,0.627,0.539,0.718,0.627
09/03/2019 14:00,0.463,0.436,0.62,0.463
09/03/2019 15:00,0.252,0.347,0.499,0.252
09/03/2019 16:00,0.041,0.242,0.302,0.041
09/03/2019 17:00,0.0,0.111,0.087,0.0
09/03/2019 18:00,0.0,0.008,0.0,0.0
09/03/2019 19:00,0.0,0.0,0.0,0.0
09/03/2019 20:00,0.0,0.0,0.0,0.0
09/03/2019 21:00,0.0,0.0,0.0,0.0
09/03/2019 22:00,0.0,0.0,0.0,0.0
09/03/2019 23:00,0.0,0.0,0.0,0.0
10/03/2019 00:00,0.0,0.0,0.0,0.0
10/03/2019 01:00,0.0,0.0,0.0,0.0
10/03/2019 02:00,0.0,0.0,0.0,0.0
10/03/2019 03:00,0.0,0.0,0.0,0.0
10/03/2019 04:00,0.0,0.0,0.0,0.0
10/03/2019 05:00,0.101,0.0,0.0,0.101
10/03/2019 06:00,0.364,0.006,0.053,0.364
10/03/2019 07:00,0.577,0.073,0.251,0.577
10/03/2019 08:00,0.723,0.144,0.483,0.723
10/03/2019 09:00,0.806,0.316,0.642,0.806
10/03/2019 10:00,0.838,0.522,0.738,0.838
10/03/2019 11:00,0.823,0.646,0.787,0.823
10/03/2019 12:00,0.76,0.662,0.786,0.76
10/03/2019 13:00,0.646,0.563,0.736,0.646
10/03/2019 14:00,0.477,0.501,0.64,0.477
10/03/2019 15:00,0.259,0.401,0.494,0.259
10/03/2019 16:00,0.041,0.246,0.298,0.041
10/03/2019 17:00,0.0,0.107,0.084,0.0
10/03/2019 18:00,0.0,0.006,0.0,0.0
10/03/2019 19:00,0.0,0.0,0.0,0.0
10/03/2019 20:00,0.0,0.0,0.0,0.0
10/03/2019 21:00,0.0,0.0,0.0,0.0
10/03/2019 22:00,0.0,0.0,0.0,0.0
10/03/2019 23:00,0.0,0.0,0.0,0.0
11/03/2019 00:00,0.0,0.0,0.0,0.0
11/03/2019 01:00,0.0,0.0,0.0,0.0
11/03/2019 02:00,0.0,0.0,0.0,0.0
11/03/2019 03:00,0.0,0.0,0.0,0.0
11/03/2019 04:00,0.0,0.0,0.0,0.0
11/03/2019 05:00,0.129,0.0,0.0,0.129
11/03/2019 06:00,0.384,0.004,0.06,0.384
11/03/2019 07:00,0.582,0.087,0.284,0.582
11/03/2019 08:00,0.723,0.243,0.486,0.723
11/03/2019 09:00,0.807,0.47,0.636,0.807
11/03/2019 10:00,0.839,0.617,0.731,0.839
11/03/2019 11:00,0.823,0.632,0.778,0.823
11/03/2019 12:00,0.76,0.594,0.776,0.76
11/03/2019 13:00,0.645,0.622,0.718,0.645
11/03/2019 14:00,0.477,0.532,0.565,0.477
11/03/2019 15:00,0.26,0.384,0.416,0.26
11/03/2019 16:00,0.041,0.239,0.208,0.041
11/03/2019 17:00,0.0,0.098,0.055,0.0
11/03/2019 18:00,0.0,0.004,0.0,0.0
11/03/2019 19:00,0.0,0.0,0.0,0.0
11/03/2019 20:00,0.0,0.0,0.0,0.0
11/03/2019 21:00,0.0,0.0,0.0,0.0
11/03/2019 22:00,0.0,0.0,0.0,0.0
11/03/2019 23:00,0.0,0.0,0.0,0.0
12/03/2019 00:00,0.0,0.0,0.0,0.0
12/03/2019 01:00,0.0,0.0,0.0,0.0
12/03/2019 02:00,0.0,0.0,0.0,0.0
12/03/2019 03:00,0.0,0.0,0.0,0.0
12/03/2019 04:00,0.0,0.0,0.0,0.0
12/03/2019 05:00,0.112,0.0,0.0,0.112
12/03/2019 06:00,0.366,0.008,0.042,0.366
12/03/2019 07:00,0.585,0.157,0.24,0.585
12/03/2019 08:00,0.722,0.396,0.436,0.722
12/03/2019 09:00,0.803,0.559,0.624,0.803
12/03/2019 10:00,0.833,0.54,0.724,0.833
12/03/2019 11:00,0.816,0.316,0.765,0.816
12/03/2019 12:00,0.752,0.257,0.765,0.752
12/03/2019 13:00,0.638,0.38,0.693,0.638
12/03/2019 14:00,0.472,0.492,0.59,0.472
12/03/2019 15:00,0.257,0.443,0.444,0.257
12/03/2019 16:00,0.04,0.297,0.26,0.04
12/03/2019 17:00,0.0,0.142,0.071,0.0
12/03/2019 18:00,0.0,0.009,0.0,0.0
12/03/2019 19:00,0.0,0.0,0.0,0.0
12/03/2019 20:00,0.0,0.0,0.0,0.0
12/03/2019 21:00,0.0,0.0,0.0,0.0
12/03/2019 22:00,0.0,0.0,0.0,0.0
12/03/2019 23:00,0.0,0.0,0.0,0.0
13/03/2019 00:00,0.0,0.0,0.0,0.0
13/03/2019 01:00,0.0,0.0,0.0,0.0
13/03/2019 02:00,0.0,0.0,0.0,0.0
13/03/2019 03:00,0.0,0.0,0.0,0.0
13/03/2019 04:00,0.0,0.0,0.0,0.0
13/03/2019 05:00,0.141,0.0,0.0,0.141
13/03/2019 06:00,0.391,0.007,0.044,0.391
13/03/2019 07:00,0.569,0.184,0.227,0.569
13/03/2019 08:00,0.671,0.406,0.48,0.671
13/03/2019 09:00,0.748,0.577,0.635,0.748
13/03/2019 10:00,0.801,0.694,0.732,0.801
13/03/2019 11:00,0.785,0.764,0.767,0.785
13/03/2019 12:00,0.72,0.784,0.765,0.72
13/03/2019 13:00,0.602,0.757,0.715,0.602
13/03/2019 14:00,0.435,0.684,0.619,0.435
13/03/2019 15:00,0.228,0.556,0.472,0.228
13/03/2019 16:00,0.035,0.383,0.264,0.035
13/03/2019 17:00,0.0,0.166,0.066,0.0
13/03/2019 18:00,0.0,0.008,0.0,0.0
13/03/2019 19:00,0.0,0.0,0.0,0.0
13/03/2019 20:00,0.0,0.0,0.0,0.0
13/03/2019 21:00,0.0,0.0,0.0,0.0
13/03/2019 22:00,0.0,0.0,0.0,0.0
13/03/2019 23:00,0.0,0.0,0.0,0.0
14/03/2019 00:00,0.0,0.0,0.0,0.0
14/03/2019 01:00,0.0,0.0,0.0,0.0
14/03/2019 02:00,0.0,0.0,0.0,0.0
14/03/2019 03:00,0.0,0.0,0.0,0.0
14/03/2019 04:00,0.0,0.0,0.0,0.0
14/03/2019 05:00,0.127,0.0,0.0,0.127
14/03/2019 06:00,0.353,0.006,0.056,0.353
14/03/2019 07:00,0.537,0.152,0.273,0.537
14/03/2019 08:00,0.664,0.408,0.477,0.664
14/03/2019 09:00,0.743,0.591,0.629,0.743
14/03/2019 10:00,0.771,0.709,0.722,0.771
14/03/2019 11:00,0.754,0.777,0.762,0.754
14/03/2019 12:00,0.691,0.795,0.731,0.691
14/03/2019 13:00,0.569,0.768,0.649,0.569
14/03/2019 14:00,0.388,0.695,0.478,0.388
14/03/2019 15:00,0.125,0.566,0.258,0.125
14/03/2019 16:00,0.014,0.397,0.131,0.014
14/03/2019 17:00,0.0,0.176,0.034,0.0
14/03/2019 18:00,0.0,0.008,0.0,0.0
14/03/2019 19:00,0.0,0.0,0.0,0.0
14/03/2019 20:00,0.0,0.0,0.0,0.0
14/03/2019 21:00,0.0,0.0,0.0,0.0
14/03/2019 22:00,0.0,0.0,0.0,0.0
14/03/2019 23:00,0.0,0.0,0.0,0.0
15/03/2019 00:00,0.0,0.0,0.0,0.0
15/03/2019 01:00,0.0,0.0,0.0,0.0
15/03/2019 02:00,0.0,0.0,0.0,0.0
15/03/2019 03:00,0.0,0.0,0.0,0.0
15/03/2019 04:00,0.0,0.0,0.0,0.0
15/03/2019 05:00,0.095,0.0,0.0,0.095
15/03/2019 06:00,0.31,0.005,0.06,0.31
15/03/2019 07:00,0.514,0.108,0.285,0.514
15/03/2019 08:00,0.65,0.286,0.487,0.65
15/03/2019 09:00,0.734,0.436,0.636,0.734
15/03/2019 10:00,0.762,0.505,0.733,0.762
15/03/2019 11:00,0.746,0.557,0.779,0.746
15/03/2019 12:00,0.683,0.589,0.778,0.683
15/03/2019 13:00,0.562,0.542,0.73,0.562
15/03/2019 14:00,0.394,0.425,0.632,0.394
15/03/2019 15:00,0.19,0.276,0.485,0.19
15/03/2019 16:00,0.027,0.163,0.287,0.027
15/03/2019 17:00,0.0,0.071,0.069,0.0
15/03/2019 18:00,0.0,0.002,0.0,0.0
15/03/2019 19:00,0.0,0.0,0.0,0.0
15/03/2019 20:00,0.0,0.0,0.0,0.0
15/03/2019 21:00,0.0,0.0,0.0,0.0
15/03/2019 22:00,0.0,0.0,0.0,0.0
15/03/2019 23:00,0.0,0.0,0.0,0.0
16/03/2019 00:00,0.0,0.0,0.0,0.0
16/03/2019 01:00,0.0,0.0,0.0,0.0
16/03/2019 02:00,0.0,0.0,0.0,0.0
16/03/2019 03:00,0.0,0.0,0.0,0.0
16/03/2019 04:00,0.0,0.0,0.0,0.0
16/03/2019 05:00,0.124,0.0,0.0,0.124
16/03/2019 06:00,0.351,0.002,0.029,0.351
16/03/2019 07:00,0.533,0.083,0.129,0.533
16/03/2019 08:00,0.663,0.266,0.239,0.663
16/03/2019 09:00,0.74,0.489,0.359,0.74
16/03/2019 10:00,0.769,0.675,0.381,0.769
16/03/2019 11:00,0.75,0.718,0.417,0.75
16/03/2019 12:00,0.675,0.716,0.451,0.675
16/03/2019 13:00,0.549,0.707,0.46,0.549
16/03/2019 14:00,0.373,0.597,0.44,0.373
16/03/2019 15:00,0.153,0.505,0.37,0.153
16/03/2019 16:00,0.019,0.318,0.232,0.019
16/03/2019 17:00,0.0,0.129,0.06,0.0
16/03/2019 18:00,0.0,0.006,0.0,0.0
16/03/2019 19:00,0.0,0.0,0.0,0.0
16/03/2019 20:00,0.0,0.0,0.0,0.0
16/03/2019 21:00,0.0,0.0,0.0,0.0
16/03/2019 22:00,0.0,0.0,0.0,0.0
16/03/2019 23:00,0.0,0.0,0.0,0.0
17/03/2019 00:00,0.0,0.0,0.0,0.0
17/03/2019 01:00,0.0,0.0,0.0,0.0
17/03/2019 02:00,0.0,0.0,0.0,0.0
17/03/2019 03:00,0.0,0.0,0.0,0.0
17/03/2019 04:00,0.0,0.0,0.0,0.0
17/03/2019 05:00,0.131,0.0,0.0,0.131
17/03/2019 06:00,0.368,0.005,0.033,0.368
17/03/2019 07:00,0.563,0.172,0.156,0.563
17/03/2019 08:00,0.698,0.41,0.328,0.698
17/03/2019 09:00,0.778,0.578,0.563,0.778
17/03/2019 10:00,0.806,0.686,0.715,0.806
17/03/2019 11:00,0.789,0.74,0.774,0.789
17/03/2019 12:00,0.728,0.755,0.761,0.728
17/03/2019 13:00,0.618,0.737,0.699,0.618
17/03/2019 14:00,0.456,0.668,0.6,0.456
17/03/2019 15:00,0.244,0.547,0.459,0.244
17/03/2019 16:00,0.034,0.376,0.262,0.034
17/03/2019 17:00,0.0,0.17,0.055,0.0
17/03/2019 18:00,0.0,0.006,0.0,0.0
17/03/2019 19:00,0.0,0.0,0.0,0.0
17/03/2019 20:00,0.0,0.0,0.0,0.0
17/03/2019 21:00,0.0,0.0,0.0,0.0
17/03/2019 22:00,0.0,0.0,0.0,0.0
17/03/2019 23:00,0.0,0.0,0.0,0.0
18/03/2019 00:00,0.0,0.0,0.0,0.0
18/03/2019 01:00,0.0,0.0,0.0,0.0
18/03/2019 02:00,0.0,0.0,0.0,0.0
18/03/2019 03:00,0.0,0.0,0.0,0.0
18/03/2019 04:00,0.0,0.0,0.0,0.0
18/03/2019 05:00,0.139,0.0,0.0,0.139
18/03/2019 06:00,0.391,0.005,0.043,0.391
18/03/2019 07:00,0.587,0.157,0.236,0.587
18/03/2019 08:00,0.722,0.426,0.467,0.722
18/03/2019 09:00,0.801,0.609,0.646,0.801
18/03/2019 10:00,0.827,0.73,0.743,0.827
18/03/2019 11:00,0.808,0.796,0.78,0.808
18/03/2019 12:00,0.744,0.813,0.72,0.744
18/03/2019 13:00,0.632,0.784,0.648,0.632
18/03/2019 14:00,0.467,0.708,0.529,0.467
18/03/2019 15:00,0.25,0.579,0.38,0.25
18/03/2019 16:00,0.034,0.397,0.177,0.034
18/03/2019 17:00,0.0,0.172,0.051,0.0
18/03/2019 18:00,0.0,0.005,0.0,0.0
18/03/2019 19:00,0.0,0.0,0.0,0.0
18/03/2019 20:00,0.0,0.0,0.0,0.0
18/03/2019 21:00,0.0,0.0,0.0,0.0
18/03/2019 22:00,0.0,0.0,0.0,0.0
18/03/2019 23:00,0.0,0.0,0.0,0.0
19/03/2019 00:00,0.0,0.0,0.0,0.0
19/03/2019 01:00,0.0,0.0,0.0,0.0
19/03/2019 02:00,0.0,0.0,0.0,0.0
19/03/2019 03:00,0.0,0.0,0.0,0.0
19/03/2019 04:00,0.0,0.0,0.0,0.0
19/03/2019 05:00,0.137,0.0,0.0,0.137
19/03/2019 06:00,0.377,0.004,0.054,0.377
19/03/2019 07:00,0.565,0.139,0.273,0.565
19/03/2019 08:00,0.698,0.395,0.479,0.698
19/03/2019 09:00,0.776,0.598,0.632,0.776
19/03/2019 10:00,0.804,0.714,0.719,0.804
19/03/2019 11:00,0.777,0.777,0.737,0.777
19/03/2019 12:00,0.66,0.794,0.674,0.66
19/03/2019 13:00,0.504,0.766,0.589,0.504
19/03/2019 14:00,0.306,0.692,0.45,0.306
19/03/2019 15:00,0.108,0.569,0.354,0.108
19/03/2019 16:00,0.012,0.393,0.189,0.012
19/03/2019 17:00,0.0,0.174,0.048,0.0
19/03/2019 18:00,0.0,0.005,0.0,0.0
19/03/2019 19:00,0.0,0.0,0.0,0.0
19/03/2019 20:00,0.0,0.0,0.0,0.0
19/03/2019 21:00,0.0,0.0,0.0,0.0
19/03/2019 22:00,0.0,0.0,0.0,0.0
19/03/2019 23:00,0.0,0.0,0.0,0.0
20/03/2019 00:00,0.0,0.0,0.0,0.0
20/03/2019 01:00,0.0,0.0,0.0,0.0
20/03/2019 02:00,0.0,0.0,0.0,0.0
20/03/2019 03:00,0.0,0.0,0.0,0.0
20/03/2019 04:00,0.0,0.0,0.0,0.0
20/03/2019 05:00,0.105,0.0,0.0,0.105
20/03/2019 06:00,0.369,0.003,0.045,0.369
20/03/2019 07:00,0.565,0.142,0.242,0.565
20/03/2019 08:00,0.683,0.397,0.48,0.683
20/03/2019 09:00,0.704,0.592,0.633,0.704
20/03/2019 10:00,0.696,0.716,0.714,0.696
20/03/2019 11:00,0.697,0.785,0.709,0.697
20/03/2019 12:00,0.616,0.803,0.671,0.616
20/03/2019 13:00,0.38,0.774,0.603,0.38
20/03/2019 14:00,0.228,0.701,0.497,0.228
20/03/2019 15:00,0.145,0.578,0.376,0.145
20/03/2019 16:00,0.02,0.399,0.202,0.02
20/03/2019 17:00,0.0,0.174,0.05,0.0
20/03/2019 18:00,0.0,0.005,0.0,0.0
20/03/2019 19:00,0.0,0.0,0.0,0.0
20/03/2019 20:00,0.0,0.0,0.0,0.0
20/03/2019 21:00,0.0,0.0,0.0,0.0
20/03/2019 22:00,0.0,0.0,0.0,0.0
20/03/2019 23:00,0.0,0.0,0.0,0.0
21/03/2019 00:00,0.0,0.0,0.0,0.0
21/03/2019 01:00,0.0,0.0,0.0,0.0
21/03/2019 02:00,0.0,0.0,0.0,0.0
21/03/2019 03:00,0.0,0.0,0.0,0.0
21/03/2019 04:00,0.0,0.0,0.0,0.0
21/03/2019 05:00,0.134,0.0,0.0,0.134
21/03/2019 06:00,0.377,0.003,0.041,0.377
21/03/2019 07:00,0.575,0.13,0.235,0.575
21/03/2019 08:00,0.711,0.38,0.436,0.711
21/03/2019 09:00,0.79,0.592,0.594,0.79
21/03/2019 10:00,0.82,0.704,0.651,0.82
21/03/2019 11:00,0.804,0.784,0.691,0.804
21/03/2019 12:00,0.742,0.807,0.656,0.742
21/03/2019 13:00,0.63,0.778,0.549,0.63
21/03/2019 14:00,0.465,0.701,0.405,0.465
21/03/2019 15:00,0.248,0.574,0.349,0.248
21/03/2019 16:00,0.031,0.394,0.199,0.031
21/03/2019 17:00,0.0,0.171,0.046,0.0
21/03/2019 18:00,0.0,0.004,0.0,0.0
21/03/2019 19:00,0.0,0.0,0.0,0.0
21/03/2019 20:00,0.0,0.0,0.0,0.0
21/03/2019 21:00,0.0,0.0,0.0,0.0
21/03/2019 22:00,0.0,0.0,0.0,0.0
21/03/2019 23:00,0.0,0.0,0.0,0.0
22/03/2019 00:00,0.0,0.0,0.0,0.0
22/03/2019 01:00,0.0,0.0,0.0,0.0
22/03/2019 02:00,0.0,0.0,0.0,0.0
22/03/2019 03:00,0.0,0.0,0.0,0.0
22/03/2019 04:00,0.0,0.0,0.0,0.0
22/03/2019 05:00,0.135,0.0,0.0,0.135
22/03/2019 06:00,0.352,0.003,0.037,0.352
22/03/2019 07:00,0.524,0.152,0.232,0.524
22/03/2019 08:00,0.632,0.411,0.49,0.632
22/03/2019 09:00,0.682,0.595,0.639,0.682
22/03/2019 10:00,0.781,0.71,0.718,0.781
22/03/2019 11:00,0.768,0.772,0.725,0.768
22/03/2019 12:00,0.697,0.784,0.728,0.697
22/03/2019 13:00,0.519,0.752,0.681,0.519
22/03/2019 14:00,0.311,0.671,0.578,0.311
22/03/2019 15:00,0.178,0.537,0.434,0.178
22/03/2019 16:00,0.013,0.344,0.203,0.013
22/03/2019 17:00,0.0,0.121,0.047,0.0
22/03/2019 18:00,0.0,0.002,0.0,0.0
22/03/2019 19:00,0.0,0.0,0.0,0.0
22/03/2019 20:00,0.0,0.0,0.0,0.0
22/03/2019 21:00,0.0,0.0,0.0,0.0
22/03/2019 22:00,0.0,0.0,0.0,0.0
22/03/2019 23:00,0.0,0.0,0.0,0.0
23/03/2019 00:00,0.0,0.0,0.0,0.0
23/03/2019 01:00,0.0,0.0,0.0,0.0
23/03/2019 02:00,0.0,0.0,0.0,0.0
23/03/2019 03:00,0.0,0.0,0.0,0.0
23/03/2019 04:00,0.0,0.0,0.0,0.0
23/03/2019 05:00,0.107,0.0,0.0,0.107
23/03/2019 06:00,0.335,0.002,0.054,0.335
23/03/2019 07:00,0.5,0.137,0.275,0.5
23/03/2019 08:00,0.641,0.377,0.486,0.641
23/03/2019 09:00,0.714,0.585,0.648,0.714
23/03/2019 10:00,0.746,0.703,0.748,0.746
23/03/2019 11:00,0.732,0.751,0.793,0.732
23/03/2019 12:00,0.57,0.72,0.791,0.57
23/03/2019 13:00,0.32,0.666,0.743,0.32
23/03/2019 14:00,0.192,0.611,0.645,0.192
23/03/2019 15:00,0.101,0.528,0.496,0.101
23/03/2019 16:00,0.011,0.379,0.294,0.011
23/03/2019 17:00,0.0,0.162,0.063,0.0
23/03/2019 18:00,0.0,0.003,0.0,0.0
23/03/2019 19:00,0.0,0.0,0.0,0.0
23/03/2019 20:00,0.0,0.0,0.0,0.0
23/03/2019 21:00,0.0,0.0,0.0,0.0
23/03/2019 22:00,0.0,0.0,0.0,0.0
23/03/2019 23:00,0.0,0.0,0.0,0.0
24/03/2019 00:00,0.0,0.0,0.0,0.0
24/03/2019 01:00,0.0,0.0,0.0,0.0
24/03/2019 02:00,0.0,0.0,0.0,0.0
24/03/2019 03:00,0.0,0.0,0.0,0.0
24/03/2019 04:00,0.0,0.0,0.0,0.0
24/03/2019 05:00,0.128,0.0,0.0,0.128
24/03/2019 06:00,0.371,0.001,0.038,0.371
24/03/2019 07:00,0.57,0.078,0.261,0.57
24/03/2019 08:00,0.702,0.151,0.486,0.702
24/03/2019 09:00,0.779,0.234,0.64,0.779
24/03/2019 10:00,0.807,0.421,0.733,0.807
24/03/2019 11:00,0.789,0.551,0.768,0.789
24/03/2019 12:00,0.725,0.572,0.723,0.725
24/03/2019 13:00,0.612,0.622,0.657,0.612
24/03/2019 14:00,0.447,0.644,0.545,0.447
24/03/2019 15:00,0.232,0.543,0.424,0.232
24/03/2019 16:00,0.024,0.379,0.183,0.024
24/03/2019 17:00,0.0,0.158,0.051,0.0
24/03/2019 18:00,0.0,0.001,0.0,0.0
24/03/2019 19:00,0.0,0.0,0.0,0.0
24/03/2019 20:00,0.0,0.0,0.0,0.0
24/03/2019 21:00,0.0,0.0,0.0,0.0
24/03/2019 22:00,0.0,0.0,0.0,0.0
24/03/2019 23:00,0.0,0.0,0.0,0.0
25/03/2019 00:00,0.0,0.0,0.0,0.0
25/03/2019 01:00,0.0,0.0,0.0,0.0
25/03/2019 02:00,0.0,0.0,0.0,0.0
25/03/2019 03:00,0.0,0.0,0.0,0.0
25/03/2019 04:00,0.0,0.0,0.0,0.0
25/03/2019 05:00,0.117,0.0,0.0,0.117
25/03/2019 06:00,0.37,0.002,0.05,0.37
25/03/2019 07:00,0.566,0.138,0.281,0.566
25/03/2019 08:00,0.697,0.396,0.489,0.697
25/03/2019 09:00,0.774,0.582,0.64,0.774
25/03/2019 10:00,0.802,0.682,0.736,0.802
25/03/2019 11:00,0.783,0.75,0.781,0.783
25/03/2019 12:00,0.717,0.777,0.779,0.717
25/03/2019 13:00,0.603,0.756,0.732,0.603
25/03/2019 14:00,0.441,0.676,0.631,0.441
25/03/2019 15:00,0.231,0.552,0.483,0.231
25/03/2019 16:00,0.023,0.38,0.267,0.023
25/03/2019 17:00,0.0,0.155,0.061,0.0
25/03/2019 18:00,0.0,0.002,0.0,0.0
25/03/2019 19:00,0.0,0.0,0.0,0.0
25/03/2019 20:00,0.0,0.0,0.0,0.0
25/03/2019 21:00,0.0,0.0,0.0,0.0
25/03/2019 22:00,0.0,0.0,0.0,0.0
25/03/2019 23:00,0.0,0.0,0.0,0.0
26/03/2019 00:00,0.0,0.0,0.0,0.0
26/03/2019 01:00,0.0,0.0,0.0,0.0
26/03/2019 02:00,0.0,0.0,0.0,0.0
26/03/2019 03:00,0.0,0.0,0.0,0.0
26/03/2019 04:00,0.0,0.0,0.0,0.0
26/03/2019 05:00,0.119,0.0,0.0,0.119
26/03/2019 06:00,0.366,0.0,0.056,0.366
26/03/2019 07:00,0.558,0.071,0.29,0.558
26/03/2019 08:00,0.691,0.284,0.492,0.691
26/03/2019 09:00,0.769,0.475,0.639,0.769
26/03/2019 10:00,0.798,0.655,0.734,0.798
26/03/2019 11:00,0.78,0.771,0.778,0.78
26/03/2019 12:00,0.718,0.835,0.776,0.718
26/03/2019 13:00,0.605,0.814,0.725,0.605
26/03/2019 14:00,0.438,0.743,0.632,0.438
26/03/2019 15:00,0.208,0.61,0.482,0.208
26/03/2019 16:00,0.018,0.415,0.262,0.018
26/03/2019 17:00,0.0,0.175,0.059,0.0
26/03/2019 18:00,0.0,0.002,0.0,0.0
26/03/2019 19:00,0.0,0.0,0.0,0.0
26/03/2019 20:00,0.0,0.0,0.0,0.0
26/03/2019 21:00,0.0,0.0,0.0,0.0
26/03/2019 22:00,0.0,0.0,0.0,0.0
26/03/2019 23:00,0.0,0.0,0.0,0.0
27/03/2019 00:00,0.0,0.0,0.0,0.0
27/03/2019 01:00,0.0,0.0,0.0,0.0
27/03/2019 02:00,0.0,0.0,0.0,0.0
27/03/2019 03:00,0.0,0.0,0.0,0.0
27/03/2019 04:00,0.0,0.0,0.0,0.0
27/03/2019 05:00,0.106,0.0,0.0,0.106
27/03/2019 06:00,0.324,0.002,0.018,0.324
27/03/2019 07:00,0.52,0.173,0.178,0.52
27/03/2019 08:00,0.645,0.443,0.401,0.645
27/03/2019 09:00,0.717,0.633,0.609,0.717
27/03/2019 10:00,0.769,0.761,0.74,0.769
27/03/2019 11:00,0.773,0.83,0.78,0.773
27/03/2019 12:00,0.717,0.847,0.738,0.717
27/03/2019 13:00,0.607,0.814,0.626,0.607
27/03/2019 14:00,0.445,0.732,0.454,0.445
27/03/2019 15:00,0.231,0.599,0.295,0.231
27/03/2019 16:00,0.021,0.384,0.129,0.021
27/03/2019 17:00,0.0,0.101,0.033,0.0
27/03/2019 18:00,0.0,0.0,0.0,0.0
27/03/2019 19:00,0.0,0.0,0.0,0.0
27/03/2019 20:00,0.0,0.0,0.0,0.0
27/03/2019 21:00,0.0,0.0,0.0,0.0
27/03/2019 22:00,0.0,0.0,0.0,0.0
27/03/2019 23:00,0.0,0.0,0.0,0.0
28/03/2019 00:00,0.0,0.0,0.0,0.0
28/03/2019 01:00,0.0,0.0,0.0,0.0
28/03/2019 02:00,0.0,0.0,0.0,0.0
28/03/2019 03:00,0.0,0.0,0.0,0.0
28/03/2019 04:00,0.0,0.0,0.0,0.0
28/03/2019 05:00,0.063,0.0,0.0,0.063
28/03/2019 06:00,0.222,0.001,0.029,0.222
28/03/2019 07:00,0.364,0.185,0.205,0.364
28/03/2019 08:00,0.466,0.427,0.432,0.466
28/03/2019 09:00,0.53,0.599,0.636,0.53
28/03/2019 10:00,0.547,0.705,0.696,0.547
28/03/2019 11:00,0.566,0.761,0.757,0.566
28/03/2019 12:00,0.562,0.797,0.73,0.562
28/03/2019 13:00,0.56,0.778,0.667,0.56
28/03/2019 14:00,0.435,0.705,0.569,0.435
28/03/2019 15:00,0.226,0.578,0.41,0.226
28/03/2019 16:00,0.019,0.396,0.207,0.019
28/03/2019 17:00,0.0,0.165,0.036,0.0
28/03/2019 18:00,0.0,0.001,0.0,0.0
28/03/2019 19:00,0.0,0.0,0.0,0.0
28/03/2019 20:00,0.0,0.0,0.0,0.0
28/03/2019 21:00,0.0,0.0,0.0,0.0
28/03/2019 22:00,0.0,0.0,0.0,0.0
28/03/2019 23:00,0.0,0.0,0.0,0.0
29/03/2019 00:00,0.0,0.0,0.0,0.0
29/03/2019 01:00,0.0,0.0,0.0,0.0
29/03/2019 02:00,0.0,0.0,0.0,0.0
29/03/2019 03:00,0.0,0.0,0.0,0.0
29/03/2019 04:00,0.0,0.0,0.0,0.0
29/03/2019 05:00,0.128,0.0,0.0,0.128
29/03/2019 06:00,0.368,0.0,0.046,0.368
29/03/2019 07:00,0.555,0.083,0.285,0.555
29/03/2019 08:00,0.685,0.281,0.509,0.685
29/03/2019 09:00,0.765,0.567,0.66,0.765
29/03/2019 10:00,0.795,0.722,0.755,0.795
29/03/2019 11:00,0.779,0.794,0.8,0.779
29/03/2019 12:00,0.718,0.816,0.797,0.718
29/03/2019 13:00,0.607,0.784,0.747,0.607
29/03/2019 14:00,0.443,0.71,0.649,0.443
29/03/2019 15:00,0.228,0.579,0.499,0.228
29/03/2019 16:00,0.018,0.394,0.296,0.018
29/03/2019 17:00,0.0,0.162,0.071,0.0
29/03/2019 18:00,0.0,0.001,0.0,0.0
29/03/2019 19:00,0.0,0.0,0.0,0.0
29/03/2019 20:00,0.0,0.0,0.0,0.0
29/03/2019 21:00,0.0,0.0,0.0,0.0
29/03/2019 22:00,0.0,0.0,0.0,0.0
29/03/2019 23:00,0.0,0.0,0.0,0.0
30/03/2019 00:00,0.0,0.0,0.0,0.0
30/03/2019 01:00,0.0,0.0,0.0,0.0
30/03/2019 02:00,0.0,0.0,0.0,0.0
30/03/2019 03:00,0.0,0.0,0.0,0.0
30/03/2019 04:00,0.0,0.0,0.0,0.0
30/03/2019 05:00,0.093,0.0,0.0,0.093
30/03/2019 06:00,0.285,0.0,0.048,0.285
30/03/2019 07:00,0.377,0.129,0.28,0.377
30/03/2019 08:00,0.398,0.413,0.488,0.398
30/03/2019 09:00,0.386,0.611,0.639,0.386
30/03/2019 10:00,0.355,0.729,0.732,0.355
30/03/2019 11:00,0.334,0.794,0.767,0.334
30/03/2019 12:00,0.247,0.811,0.77,0.247
30/03/2019 13:00,0.16,0.782,0.726,0.16
30/03/2019 14:00,0.09,0.706,0.632,0.09
30/03/2019 15:00,0.03,0.578,0.457,0.03
30/03/2019 16:00,0.0,0.395,0.246,0.0
30/03/2019 17:00,0.0,0.164,0.04,0.0
30/03/2019 18:00,0.0,0.0,0.0,0.0
30/03/2019 19:00,0.0,0.0,0.0,0.0
30/03/2019 20:00,0.0,0.0,0.0,0.0
30/03/2019 21:00,0.0,0.0,0.0,0.0
30/03/2019 22:00,0.0,0.0,0.0,0.0
30/03/2019 23:00,0.0,0.0,0.0,0.0
31/03/2019 00:00,0.0,0.0,0.0,0.0
31/03/2019 01:00,0.0,0.0,0.0,0.0
31/03/2019 02:00,0.0,0.0,0.0,0.0
31/03/2019 03:00,0.0,0.0,0.0,0.0
31/03/2019 04:00,0.0,0.0,0.0,0.0
31/03/2019 05:00,0.093,0.0,0.0,0.093
31/03/2019 06:00,0.322,0.0,0.05,0.322
31/03/2019 07:00,0.513,0.055,0.289,0.513
31/03/2019 08:00,0.645,0.231,0.498,0.645
31/03/2019 09:00,0.725,0.432,0.648,0.725
31/03/2019 10:00,0.738,0.524,0.742,0.738
31/03/2019 11:00,0.706,0.548,0.786,0.706
31/03/2019 12:00,0.617,0.551,0.777,0.617
31/03/2019 13:00,0.502,0.578,0.723,0.502
31/03/2019 14:00,0.369,0.588,0.619,0.369
31/03/2019 15:00,0.198,0.519,0.438,0.198
31/03/2019 16:00,0.012,0.341,0.217,0.012
31/03/2019 17:00,0.0,0.121,0.034,0.0
31/03/2019 18:00,0.0,0.0,0.0,0.0
31/03/2019 19:00,0.0,0.0,0.0,0.0
31/03/2019 20:00,0.0,0.0,0.0,0.0
31/03/2019 21:00,0.0,0.0,0.0,0.0
31/03/2019 22:00,0.0,0.0,0.0,0.0
31/03/2019 23:00,0.0,0.0,0.0,0.0
01/04/2019 00:00,0.0,0.0,0.0,0.0
01/04/2019 01:00,0.0,0.0,0.0,0.0
01/04/2019 02:00,0.0,0.0,0.0,0.0
01/04/2019 03:00,0.0,0.0,0.0,0.0
01/04/2019 04:00,0.0,0.0,0.0,0.0
01/04/2019 05:00,0.095,0.0,0.0,0.095
01/04/2019 06:00,0.313,0.0,0.014,0.313
01/04/2019 07:00,0.426,0.043,0.196,0.426
01/04/2019 08:00,0.491,0.211,0.419,0.491
01/04/2019 09:00,0.58,0.387,0.587,0.58
01/04/2019 10:00,0.695,0.532,0.683,0.695
01/04/2019 11:00,0.764,0.702,0.727,0.764
01/04/2019 12:00,0.741,0.795,0.656,0.741
01/04/2019 13:00,0.642,0.755,0.466,0.642
01/04/2019 14:00,0.47,0.707,0.289,0.47
01/04/2019 15:00,0.242,0.575,0.161,0.242
01/04/2019 16:00,0.017,0.385,0.105,0.017
01/04/2019 17:00,0.0,0.149,0.022,0.0
01/04/2019 18:00,0.0,0.0,0.0,0.0
01/04/2019 19:00,0.0,0.0,0.0,0.0
01/04/2019 20:00,0.0,0.0,0.0,0.0
01/04/2019 21:00,0.0,0.0,0.0,0.0
01/04/2019 22:00,0.0,0.0,0.0,0.0
01/04/2019 23:00,0.0,0.0,0.0,0.0
02/04/2019 00:00,0.0,0.0,0.0,0.0
02/04/2019 01:00,0.0,0.0,0.0,0.0
02/04/2019 02:00,0.0,0.0,0.0,0.0
02/04/2019 03:00,0.0,0.0,0.0,0.0
02/04/2019 04:00,0.0,0.0,0.0,0.0
02/04/2019 05:00,0.098,0.0,0.0,0.098
02/04/2019 06:00,0.368,0.0,0.007,0.368
02/04/2019 07:00,0.563,0.088,0.078,0.563
02/04/2019 08:00,0.694,0.338,0.18,0.694
02/04/2019 09:00,0.765,0.598,0.299,0.765
02/04/2019 10:00,0.724,0.721,0.435,0.724
02/04/2019 11:00,0.643,0.785,0.541,0.643
02/04/2019 12:00,0.576,0.802,0.589,0.576
02/04/2019 13:00,0.456,0.772,0.563,0.456
02/04/2019 14:00,0.27,0.694,0.496,0.27
02/04/2019 15:00,0.1,0.565,0.388,0.1
02/04/2019 16:00,0.005,0.38,0.224,0.005
02/04/2019 17:00,0.0,0.15,0.044,0.0
02/04/2019 18:00,0.0,0.0,0.0,0.0
02/04/2019 19:00,0.0,0.0,0.0,0.0
02/04/2019 20:00,0.0,0.0,0.0,0.0
02/04/2019 21:00,0.0,0.0,0.0,0.0
02/04/2019 22:00,0.0,0.0,0.0,0.0
02/04/2019 23:00,0.0,0.0,0.0,0.0
03/04/2019 00:00,0.0,0.0,0.0,0.0
03/04/2019 01:00,0.0,0.0,0.0,0.0
03/04/2019 02:00,0.0,0.0,0.0,0.0
03/04/2019 03:00,0.0,0.0,0.0,0.0
03/04/2019 04:00,0.0,0.0,0.0,0.0
03/04/2019 05:00,0.114,0.0,0.0,0.114
03/04/2019 06:00,0.357,0.0,0.034,0.357
03/04/2019 07:00,0.552,0.158,0.268,0.552
03/04/2019 08:00,0.681,0.388,0.502,0.681
03/04/2019 09:00,0.762,0.565,0.65,0.762
03/04/2019 10:00,0.79,0.687,0.711,0.79
03/04/2019 11:00,0.779,0.756,0.757,0.779
03/04/2019 12:00,0.719,0.776,0.759,0.719
03/04/2019 13:00,0.606,0.748,0.708,0.606
03/04/2019 14:00,0.442,0.672,0.582,0.442
03/04/2019 15:00,0.222,0.544,0.437,0.222
03/04/2019 16:00,0.012,0.362,0.221,0.012
03/04/2019 17:00,0.0,0.136,0.025,0.0
03/04/2019 18:00,0.0,0.0,0.0,0.0
03/04/2019 19:00,0.0,0.0,0.0,0.0
03/04/2019 20:00,0.0,0.0,0.0,0.0
03/04/2019 21:00,0.0,0.0,0.0,0.0
03/04/2019 22:00,0.0,0.0,0.0,0.0
03/04/2019 23:00,0.0,0.0,0.0,0.0
04/04/2019 00:00,0.0,0.0,0.0,0.0
04/04/2019 01:00,0.0,0.0,0.0,0.0
04/04/2019 02:00,0.0,0.0,0.0,0.0
04/04/2019 03:00,0.0,0.0,0.0,0.0
04/04/2019 04:00,0.0,0.0,0.0,0.0
04/04/2019 05:00,0.116,0.0,0.0,0.116
04/04/2019 06:00,0.311,0.0,0.009,0.311
04/04/2019 07:00,0.386,0.146,0.102,0.386
04/04/2019 08:00,0.555,0.375,0.243,0.555
04/04/2019 09:00,0.766,0.559,0.377,0.766
04/04/2019 10:00,0.785,0.677,0.515,0.785
04/04/2019 11:00,0.722,0.743,0.587,0.722
04/04/2019 12:00,0.691,0.763,0.589,0.691
04/04/2019 13:00,0.6,0.736,0.57,0.6
04/04/2019 14:00,0.438,0.663,0.512,0.438
04/04/2019 15:00,0.21,0.539,0.357,0.21
04/04/2019 16:00,0.01,0.36,0.192,0.01
04/04/2019 17:00,0.0,0.135,0.03,0.0
04/04/2019 18:00,0.0,0.0,0.0,0.0
04/04/2019 19:00,0.0,0.0,0.0,0.0
04/04/2019 20:00,0.0,0.0,0.0,0.0
04/04/2019 21:00,0.0,0.0,0.0,0.0
04/04/2019 22:00,0.0,0.0,0.0,0.0
04/04/2019 23:00,0.0,0.0,0.0,0.0
05/04/2019 00:00,0.0,0.0,0.0,0.0
05/04/2019 01:00,0.0,0.0,0.0,0.0
05/04/2019 02:00,0.0,0.0,0.0,0.0
05/04/2019 03:00,0.0,0.0,0.0,0.0
05/04/2019 04:00,0.0,0.0,0.0,0.0
05/04/2019 05:00,0.077,0.0,0.0,0.077
05/04/2019 06:00,0.357,0.0,0.045,0.357
05/04/2019 07:00,0.566,0.116,0.29,0.566
05/04/2019 08:00,0.7,0.293,0.505,0.7
05/04/2019 09:00,0.786,0.515,0.651,0.786
05/04/2019 10:00,0.82,0.629,0.745,0.82
05/04/2019 11:00,0.803,0.774,0.794,0.803
05/04/2019 12:00,0.738,0.802,0.806,0.738
05/04/2019 13:00,0.622,0.774,0.757,0.622
05/04/2019 14:00,0.452,0.699,0.659,0.452
05/04/2019 15:00,0.228,0.572,0.507,0.228
05/04/2019 16:00,0.011,0.369,0.3,0.011
05/04/2019 17:00,0.0,0.14,0.066,0.0
05/04/2019 18:00,0.0,0.0,0.0,0.0
05/04/2019 19:00,0.0,0.0,0.0,0.0
05/04/2019 20:00,0.0,0.0,0.0,0.0
05/04/2019 21:00,0.0,0.0,0.0,0.0
05/04/2019 22:00,0.0,0.0,0.0,0.0
05/04/2019 23:00,0.0,0.0,0.0,0.0
06/04/2019 00:00,0.0,0.0,0.0,0.0
06/04/2019 01:00,0.0,0.0,0.0,0.0
06/04/2019 02:00,0.0,0.0,0.0,0.0
06/04/2019 03:00,0.0,0.0,0.0,0.0
06/04/2019 04:00,0.0,0.0,0.0,0.0
06/04/2019 05:00,0.077,0.0,0.0,0.077
06/04/2019 06:00,0.252,0.0,0.048,0.252
06/04/2019 07:00,0.391,0.062,0.3,0.391
06/04/2019 08:00,0.538,0.248,0.511,0.538
06/04/2019 09:00,0.719,0.528,0.662,0.719
06/04/2019 10:00,0.798,0.675,0.759,0.798
06/04/2019 11:00,0.792,0.671,0.805,0.792
06/04/2019 12:00,0.73,0.662,0.802,0.73
06/04/2019 13:00,0.616,0.628,0.752,0.616
06/04/2019 14:00,0.446,0.651,0.654,0.446
06/04/2019 15:00,0.223,0.5,0.503,0.223
06/04/2019 16:00,0.01,0.26,0.298,0.01
06/04/2019 17:00,0.0,0.05,0.063,0.0
06/04/2019 18:00,0.0,0.0,0.0,0.0
06/04/2019 19:00,0.0,0.0,0.0,0.0
06/04/2019 20:00,0.0,0.0,0.0,0.0
06/04/2019 21:00,0.0,0.0,0.0,0.0
06/04/2019 22:00,0.0,0.0,0.0,0.0
06/04/2019 23:00,0.0,0.0,0.0,0.0
07/04/2019 00:00,0.0,0.0,0.0,0.0
07/04/2019 01:00,0.0,0.0,0.0,0.0
07/04/2019 02:00,0.0,0.0,0.0,0.0
07/04/2019 03:00,0.0,0.0,0.0,0.0
07/04/2019 04:00,0.0,0.0,0.0,0.0
07/04/2019 05:00,0.045,0.0,0.0,0.045
07/04/2019 06:00,0.191,0.0,0.046,0.191
07/04/2019 07:00,0.391,0.087,0.284,0.391
07/04/2019 08:00,0.601,0.206,0.498,0.601
07/04/2019 09:00,0.752,0.334,0.65,0.752
07/04/2019 10:00,0.791,0.466,0.745,0.791
07/04/2019 11:00,0.775,0.655,0.789,0.775
07/04/2019 12:00,0.677,0.732,0.786,0.677
07/04/2019 13:00,0.435,0.769,0.736,0.435
07/04/2019 14:00,0.224,0.715,0.637,0.224
07/04/2019 15:00,0.108,0.591,0.487,0.108
07/04/2019 16:00,0.006,0.402,0.268,0.006
07/04/2019 17:00,0.0,0.148,0.027,0.0
07/04/2019 18:00,0.0,0.0,0.0,0.0
07/04/2019 19:00,0.0,0.0,0.0,0.0
07/04/2019 20:00,0.0,0.0,0.0,0.0
07/04/2019 21:00,0.0,0.0,0.0,0.0
07/04/2019 22:00,0.0,0.0,0.0,0.0
07/04/2019 23:00,0.0,0.0,0.0,0.0
08/04/2019 00:00,0.0,0.0,0.0,0.0
08/04/2019 01:00,0.0,0.0,0.0,0.0
08/04/2019 02:00,0.0,0.0,0.0,0.0
08/04/2019 03:00,0.0,0.0,0.0,0.0
08/04/2019 04:00,0.0,0.0,0.0,0.0
08/04/2019 05:00,0.084,0.0,0.0,0.084
08/04/2019 06:00,0.355,0.0,0.009,0.355
08/04/2019 07:00,0.577,0.14,0.121,0.577
08/04/2019 08:00,0.715,0.421,0.313,0.715
08/04/2019 09:00,0.793,0.6,0.489,0.793
08/04/2019 10:00,0.822,0.704,0.582,0.822
08/04/2019 11:00,0.804,0.79,0.643,0.804
08/04/2019 12:00,0.739,0.808,0.657,0.739
08/04/2019 13:00,0.624,0.747,0.616,0.624
08/04/2019 14:00,0.454,0.594,0.537,0.454
08/04/2019 15:00,0.227,0.435,0.412,0.227
08/04/2019 16:00,0.009,0.282,0.231,0.009
08/04/2019 17:00,0.0,0.099,0.032,0.0
08/04/2019 18:00,0.0,0.0,0.0,0.0
08/04/2019 19:00,0.0,0.0,0.0,0.0
08/04/2019 20:00,0.0,0.0,0.0,0.0
08/04/2019 21:00,0.0,0.0,0.0,0.0
08/04/2019 22:00,0.0,0.0,0.0,0.0
08/04/2019 23:00,0.0,0.0,0.0,0.0
09/04/2019 00:00,0.0,0.0,0.0,0.0
09/04/2019 01:00,0.0,0.0,0.0,0.0
09/04/2019 02:00,0.0,0.0,0.0,0.0
09/04/2019 03:00,0.0,0.0,0.0,0.0
09/04/2019 04:00,0.0,0.0,0.0,0.0
09/04/2019 05:00,0.107,0.0,0.0,0.107
09/04/2019 06:00,0.362,0.0,0.017,0.362
09/04/2019 07:00,0.561,0.163,0.163,0.561
09/04/2019 08:00,0.693,0.415,0.434,0.693
09/04/2019 09:00,0.776,0.598,0.539,0.776
09/04/2019 10:00,0.808,0.714,0.723,0.808
09/04/2019 11:00,0.791,0.78,0.769,0.791
09/04/2019 12:00,0.727,0.776,0.754,0.727
09/04/2019 13:00,0.61,0.71,0.696,0.61
09/04/2019 14:00,0.432,0.647,0.578,0.432
09/04/2019 15:00,0.196,0.547,0.457,0.196
09/04/2019 16:00,0.005,0.34,0.219,0.005
09/04/2019 17:00,0.0,0.077,0.031,0.0
09/04/2019 18:00,0.0,0.0,0.0,0.0
09/04/2019 19:00,0.0,0.0,0.0,0.0
09/04/2019 20:00,0.0,0.0,0.0,0.0
09/04/2019 21:00,0.0,0.0,0.0,0.0
09/04/2019 22:00,0.0,0.0,0.0,0.0
09/04/2019 23:00,0.0,0.0,0.0,0.0
10/04/2019 00:00,0.0,0.0,0.0,0.0
10/04/2019 01:00,0.0,0.0,0.0,0.0
10/04/2019 02:00,0.0,0.0,0.0,0.0
10/04/2019 03:00,0.0,0.0,0.0,0.0
10/04/2019 04:00,0.0,0.0,0.0,0.0
10/04/2019 05:00,0.039,0.0,0.0,0.039
10/04/2019 06:00,0.212,0.0,0.018,0.212
10/04/2019 07:00,0.475,0.018,0.181,0.475
10/04/2019 08:00,0.671,0.063,0.467,0.671
10/04/2019 09:00,0.77,0.118,0.638,0.77
10/04/2019 10:00,0.801,0.236,0.743,0.801
10/04/2019 11:00,0.784,0.408,0.795,0.784
10/04/2019 12:00,0.722,0.402,0.794,0.722
10/04/2019 13:00,0.608,0.305,0.739,0.608
10/04/2019 14:00,0.438,0.276,0.611,0.438
10/04/2019 15:00,0.213,0.419,0.433,0.213
10/04/2019 16:00,0.006,0.349,0.128,0.006
10/04/2019 17:00,0.0,0.12,0.012,0.0
10/04/2019 18:00,0.0,0.0,0.0,0.0
10/04/2019 19:00,0.0,0.0,0.0,0.0
10/04/2019 20:00,0.0,0.0,0.0,0.0
10/04/2019 21:00,0.0,0.0,0.0,0.0
10/04/2019 22:00,0.0,0.0,0.0,0.0
10/04/2019 23:00,0.0,0.0,0.0,0.0
11/04/2019 00:00,0.0,0.0,0.0,0.0
11/04/2019 01:00,0.0,0.0,0.0,0.0
11/04/2019 02:00,0.0,0.0,0.0,0.0
11/04/2019 03:00,0.0,0.0,0.0,0.0
11/04/2019 04:00,0.0,0.0,0.0,0.0
11/04/2019 05:00,0.104,0.0,0.0,0.104
11/04/2019 06:00,0.358,0.0,0.032,0.358
11/04/2019 07:00,0.559,0.019,0.271,0.559
11/04/2019 08:00,0.689,0.172,0.488,0.689
11/04/2019 09:00,0.764,0.423,0.641,0.764
11/04/2019 10:00,0.79,0.538,0.738,0.79
11/04/2019 11:00,0.77,0.516,0.781,0.77
11/04/2019 12:00,0.704,0.311,0.781,0.704
11/04/2019 13:00,0.589,0.4,0.736,0.589
11/04/2019 14:00,0.42,0.566,0.639,0.42
11/04/2019 15:00,0.2,0.433,0.489,0.2
11/04/2019 16:00,0.004,0.234,0.274,0.004
11/04/2019 17:00,0.0,0.064,0.036,0.0
11/04/2019 18:00,0.0,0.0,0.0,0.0
11/04/2019 19:00,0.0,0.0,0.0,0.0
11/04/2019 20:00,0.0,0.0,0.0,0.0
11/04/2019 21:00,0.0,0.0,0.0,0.0
11/04/2019 22:00,0.0,0.0,0.0,0.0
11/04/2019 23:00,0.0,0.0,0.0,0.0
12/04/2019 00:00,0.0,0.0,0.0,0.0
12/04/2019 01:00,0.0,0.0,0.0,0.0
12/04/2019 02:00,0.0,0.0,0.0,0.0
12/04/2019 03:00,0.0,0.0,0.0,0.0
12/04/2019 04:00,0.0,0.0,0.0,0.0
12/04/2019 05:00,0.09,0.0,0.0,0.09
12/04/2019 06:00,0.326,0.0,0.038,0.326
12/04/2019 07:00,0.523,0.01,0.287,0.523
12/04/2019 08:00,0.656,0.056,0.498,0.656
12/04/2019 09:00,0.735,0.143,0.649,0.735
12/04/2019 10:00,0.764,0.299,0.745,0.764
12/04/2019 11:00,0.746,0.569,0.79,0.746
12/04/2019 12:00,0.683,0.761,0.788,0.683
12/04/2019 13:00,0.57,0.759,0.74,0.57
12/04/2019 14:00,0.402,0.687,0.644,0.402
12/04/2019 15:00,0.154,0.558,0.495,0.154
12/04/2019 16:00,0.002,0.37,0.292,0.002
12/04/2019 17:00,0.0,0.128,0.053,0.0
12/04/2019 18:00,0.0,0.0,0.0,0.0
12/04/2019 19:00,0.0,0.0,0.0,0.0
12/04/2019 20:00,0.0,0.0,0.0,0.0
12/04/2019 21:00,0.0,0.0,0.0,0.0
12/04/2019 22:00,0.0,0.0,0.0,0.0
12/04/2019 23:00,0.0,0.0,0.0,0.0
13/04/2019 00:00,0.0,0.0,0.0,0.0
13/04/2019 01:00,0.0,0.0,0.0,0.0
13/04/2019 02:00,0.0,0.0,0.0,0.0
13/04/2019 03:00,0.0,0.0,0.0,0.0
13/04/2019 04:00,0.0,0.0,0.0,0.0
13/04/2019 05:00,0.058,0.0,0.0,0.058
13/04/2019 06:00,0.28,0.0,0.035,0.28
13/04/2019 07:00,0.511,0.103,0.279,0.511
13/04/2019 08:00,0.651,0.361,0.49,0.651
13/04/2019 09:00,0.734,0.595,0.638,0.734
13/04/2019 10:00,0.767,0.729,0.734,0.767
13/04/2019 11:00,0.755,0.799,0.779,0.755
13/04/2019 12:00,0.694,0.818,0.776,0.694
13/04/2019 13:00,0.584,0.789,0.685,0.584
13/04/2019 14:00,0.417,0.71,0.617,0.417
13/04/2019 15:00,0.194,0.577,0.457,0.194
13/04/2019 16:00,0.003,0.384,0.159,0.003
13/04/2019 17:00,0.0,0.136,0.015,0.0
13/04/2019 18:00,0.0,0.0,0.0,0.0
13/04/2019 19:00,0.0,0.0,0.0,0.0
13/04/2019 20:00,0.0,0.0,0.0,0.0
13/04/2019 21:00,0.0,0.0,0.0,0.0
13/04/2019 22:00,0.0,0.0,0.0,0.0
13/04/2019 23:00,0.0,0.0,0.0,0.0
14/04/2019 00:00,0.0,0.0,0.0,0.0
14/04/2019 01:00,0.0,0.0,0.0,0.0
14/04/2019 02:00,0.0,0.0,0.0,0.0
14/04/2019 03:00,0.0,0.0,0.0,0.0
14/04/2019 04:00,0.0,0.0,0.0,0.0
14/04/2019 05:00,0.058,0.0,0.0,0.058
14/04/2019 06:00,0.301,0.0,0.016,0.301
14/04/2019 07:00,0.561,0.031,0.186,0.561
14/04/2019 08:00,0.701,0.157,0.47,0.701
14/04/2019 09:00,0.792,0.468,0.624,0.792
14/04/2019 10:00,0.829,0.673,0.716,0.829
14/04/2019 11:00,0.814,0.757,0.76,0.814
14/04/2019 12:00,0.751,0.786,0.765,0.751
14/04/2019 13:00,0.635,0.725,0.718,0.635
14/04/2019 14:00,0.46,0.654,0.611,0.46
14/04/2019 15:00,0.226,0.516,0.401,0.226
14/04/2019 16:00,0.004,0.334,0.145,0.004
14/04/2019 17:00,0.0,0.094,0.018,0.0
14/04/2019 18:00,0.0,0.0,0.0,0.0
14/04/2019 19:00,0.0,0.0,0.0,0.0
14/04/2019 20:00,0.0,0.0,0.0,0.0
14/04/2019 21:00,0.0,0.0,0.0,0.0
14/04/2019 22:00,0.0,0.0,0.0,0.0
14/04/2019 23:00,0.0,0.0,0.0,0.0
15/04/2019 00:00,0.0,0.0,0.0,0.0
15/04/2019 01:00,0.0,0.0,0.0,0.0
15/04/2019 02:00,0.0,0.0,0.0,0.0
15/04/2019 03:00,0.0,0.0,0.0,0.0
15/04/2019 04:00,0.0,0.0,0.0,0.0
15/04/2019 05:00,0.118,0.0,0.0,0.118
15/04/2019 06:00,0.389,0.0,0.018,0.389
15/04/2019 07:00,0.599,0.056,0.264,0.599
15/04/2019 08:00,0.741,0.269,0.488,0.741
15/04/2019 09:00,0.825,0.582,0.641,0.825
15/04/2019 10:00,0.856,0.704,0.737,0.856
15/04/2019 11:00,0.835,0.755,0.778,0.835
15/04/2019 12:00,0.746,0.754,0.765,0.746
15/04/2019 13:00,0.528,0.665,0.654,0.528
15/04/2019 14:00,0.231,0.504,0.531,0.231
15/04/2019 15:00,0.117,0.35,0.398,0.117
15/04/2019 16:00,0.003,0.214,0.222,0.003
15/04/2019 17:00,0.0,0.061,0.016,0.0
15/04/2019 18:00,0.0,0.0,0.0,0.0
15/04/2019 19:00,0.0,0.0,0.0,0.0
15/04/2019 20:00,0.0,0.0,0.0,0.0
15/04/2019 21:00,0.0,0.0,0.0,0.0
15/04/2019 22:00,0.0,0.0,0.0,0.0
15/04/2019 23:00,0.0,0.0,0.0,0.0
16/04/2019 00:00,0.0,0.0,0.0,0.0
16/04/2019 01:00,0.0,0.0,0.0,0.0
16/04/2019 02:00,0.0,0.0,0.0,0.0
16/04/2019 03:00,0.0,0.0,0.0,0.0
16/04/2019 04:00,0.0,0.0,0.0,0.0
16/04/2019 05:00,0.112,0.0,0.0,0.112
16/04/2019 06:00,0.382,0.0,0.012,0.382
16/04/2019 07:00,0.589,0.117,0.17,0.589
16/04/2019 08:00,0.728,0.385,0.463,0.728
16/04/2019 09:00,0.81,0.578,0.616,0.81
16/04/2019 10:00,0.84,0.695,0.72,0.84
16/04/2019 11:00,0.822,0.779,0.763,0.822
16/04/2019 12:00,0.755,0.799,0.75,0.755
16/04/2019 13:00,0.634,0.769,0.703,0.634
16/04/2019 14:00,0.421,0.69,0.602,0.421
16/04/2019 15:00,0.145,0.557,0.462,0.145
16/04/2019 16:00,0.001,0.366,0.276,0.001
16/04/2019 17:00,0.0,0.123,0.041,0.0
16/04/2019 18:00,0.0,0.0,0.0,0.0
16/04/2019 19:00,0.0,0.0,0.0,0.0
16/04/2019 20:00,0.0,0.0,0.0,0.0
16/04/2019 21:00,0.0,0.0,0.0,0.0
16/04/2019 22:00,0.0,0.0,0.0,0.0
16/04/2019 23:00,0.0,0.0,0.0,0.0
17/04/2019 00:00,0.0,0.0,0.0,0.0
17/04/2019 01:00,0.0,0.0,0.0,0.0
17/04/2019 02:00,0.0,0.0,0.0,0.0
17/04/2019 03:00,0.0,0.0,0.0,0.0
17/04/2019 04:00,0.0,0.0,0.0,0.0
17/04/2019 05:00,0.009,0.0,0.0,0.009
17/04/2019 06:00,0.071,0.0,0.014,0.071
17/04/2019 07:00,0.186,0.105,0.172,0.186
17/04/2019 08:00,0.279,0.375,0.39,0.279
17/04/2019 09:00,0.391,0.581,0.551,0.391
17/04/2019 10:00,0.74,0.709,0.684,0.74
17/04/2019 11:00,0.791,0.776,0.735,0.791
17/04/2019 12:00,0.708,0.783,0.732,0.708
17/04/2019 13:00,0.602,0.692,0.657,0.602
17/04/2019 14:00,0.43,0.581,0.557,0.43
17/04/2019 15:00,0.201,0.517,0.365,0.201
17/04/2019 16:00,0.002,0.368,0.183,0.002
17/04/2019 17:00,0.0,0.125,0.016,0.0
17/04/2019 18:00,0.0,0.0,0.0,0.0
17/04/2019 19:00,0.0,0.0,0.0,0.0
17/04/2019 20:00,0.0,0.0,0.0,0.0
17/04/2019 21:00,0.0,0.0,0.0,0.0
17/04/2019 22:00,0.0,0.0,0.0,0.0
17/04/2019 23:00,0.0,0.0,0.0,0.0
18/04/2019 00:00,0.0,0.0,0.0,0.0
18/04/2019 01:00,0.0,0.0,0.0,0.0
18/04/2019 02:00,0.0,0.0,0.0,0.0
18/04/2019 03:00,0.0,0.0,0.0,0.0
18/04/2019 04:00,0.0,0.0,0.0,0.0
18/04/2019 05:00,0.013,0.0,0.0,0.013
18/04/2019 06:00,0.226,0.0,0.013,0.226
18/04/2019 07:00,0.536,0.085,0.175,0.536
18/04/2019 08:00,0.685,0.388,0.428,0.685
18/04/2019 09:00,0.769,0.581,0.633,0.769
18/04/2019 10:00,0.804,0.702,0.743,0.804
18/04/2019 11:00,0.788,0.77,0.785,0.788
18/04/2019 12:00,0.724,0.786,0.775,0.724
18/04/2019 13:00,0.611,0.751,0.729,0.611
18/04/2019 14:00,0.44,0.671,0.605,0.44
18/04/2019 15:00,0.205,0.535,0.445,0.205
18/04/2019 16:00,0.001,0.28,0.239,0.001
18/04/2019 17:00,0.0,0.047,0.026,0.0
18/04/2019 18:00,0.0,0.0,0.0,0.0
18/04/2019 19:00,0.0,0.0,0.0,0.0
18/04/2019 20:00,0.0,0.0,0.0,0.0
18/04/2019 21:00,0.0,0.0,0.0,0.0
18/04/2019 22:00,0.0,0.0,0.0,0.0
18/04/2019 23:00,0.0,0.0,0.0,0.0
19/04/2019 00:00,0.0,0.0,0.0,0.0
19/04/2019 01:00,0.0,0.0,0.0,0.0
19/04/2019 02:00,0.0,0.0,0.0,0.0
19/04/2019 03:00,0.0,0.0,0.0,0.0
19/04/2019 04:00,0.0,0.0,0.0,0.0
19/04/2019 05:00,0.026,0.0,0.0,0.026
19/04/2019 06:00,0.197,0.0,0.01,0.197
19/04/2019 07:00,0.408,0.107,0.156,0.408
19/04/2019 08:00,0.522,0.311,0.437,0.522
19/04/2019 09:00,0.545,0.507,0.607,0.545
19/04/2019 10:00,0.621,0.654,0.719,0.621
19/04/2019 11:00,0.719,0.728,0.773,0.719
19/04/2019 12:00,0.698,0.744,0.768,0.698
19/04/2019 13:00,0.584,0.714,0.718,0.584
19/04/2019 14:00,0.356,0.636,0.623,0.356
19/04/2019 15:00,0.092,0.481,0.472,0.092
19/04/2019 16:00,0.0,0.285,0.263,0.0
19/04/2019 17:00,0.0,0.081,0.022,0.0
19/04/2019 18:00,0.0,0.0,0.0,0.0
19/04/2019 19:00,0.0,0.0,0.0,0.0
19/04/2019 20:00,0.0,0.0,0.0,0.0
19/04/2019 21:00,0.0,0.0,0.0,0.0
19/04/2019 22:00,0.0,0.0,0.0,0.0
19/04/2019 23:00,0.0,0.0,0.0,0.0
20/04/2019 00:00,0.0,0.0,0.0,0.0
20/04/2019 01:00,0.0,0.0,0.0,0.0
20/04/2019 02:00,0.0,0.0,0.0,0.0
20/04/2019 03:00,0.0,0.0,0.0,0.0
20/04/2019 04:00,0.0,0.0,0.0,0.0
20/04/2019 05:00,0.069,0.0,0.0,0.069
20/04/2019 06:00,0.319,0.0,0.014,0.319
20/04/2019 07:00,0.542,0.109,0.189,0.542
20/04/2019 08:00,0.691,0.351,0.48,0.691
20/04/2019 09:00,0.775,0.536,0.655,0.775
20/04/2019 10:00,0.804,0.658,0.758,0.804
20/04/2019 11:00,0.786,0.725,0.807,0.786
20/04/2019 12:00,0.72,0.745,0.807,0.72
20/04/2019 13:00,0.596,0.71,0.759,0.596
20/04/2019 14:00,0.343,0.587,0.661,0.343
20/04/2019 15:00,0.104,0.447,0.51,0.104
20/04/2019 16:00,0.0,0.301,0.3,0.0
20/04/2019 17:00,0.0,0.095,0.042,0.0
20/04/2019 18:00,0.0,0.0,0.0,0.0
20/04/2019 19:00,0.0,0.0,0.0,0.0
20/04/2019 20:00,0.0,0.0,0.0,0.0
20/04/2019 21:00,0.0,0.0,0.0,0.0
20/04/2019 22:00,0.0,0.0,0.0,0.0
20/04/2019 23:00,0.0,0.0,0.0,0.0
21/04/2019 00:00,0.0,0.0,0.0,0.0
21/04/2019 01:00,0.0,0.0,0.0,0.0
21/04/2019 02:00,0.0,0.0,0.0,0.0
21/04/2019 03:00,0.0,0.0,0.0,0.0
21/04/2019 04:00,0.0,0.0,0.0,0.0
21/04/2019 05:00,0.077,0.0,0.0,0.077
21/04/2019 06:00,0.337,0.0,0.025,0.337
21/04/2019 07:00,0.541,0.013,0.285,0.541
21/04/2019 08:00,0.677,0.082,0.516,0.677
21/04/2019 09:00,0.757,0.208,0.667,0.757
21/04/2019 10:00,0.79,0.345,0.764,0.79
21/04/2019 11:00,0.774,0.466,0.809,0.774
21/04/2019 12:00,0.709,0.538,0.807,0.709
21/04/2019 13:00,0.566,0.581,0.759,0.566
21/04/2019 14:00,0.402,0.576,0.661,0.402
21/04/2019 15:00,0.193,0.486,0.509,0.193
21/04/2019 16:00,0.0,0.306,0.297,0.0
21/04/2019 17:00,0.0,0.094,0.039,0.0
21/04/2019 18:00,0.0,0.0,0.0,0.0
21/04/2019 19:00,0.0,0.0,0.0,0.0
21/04/2019 20:00,0.0,0.0,0.0,0.0
21/04/2019 21:00,0.0,0.0,0.0,0.0
21/04/2019 22:00,0.0,0.0,0.0,0.0
21/04/2019 23:00,0.0,0.0,0.0,0.0
22/04/2019 00:00,0.0,0.0,0.0,0.0
22/04/2019 01:00,0.0,0.0,0.0,0.0
22/04/2019 02:00,0.0,0.0,0.0,0.0
22/04/2019 03:00,0.0,0.0,0.0,0.0
22/04/2019 04:00,0.0,0.0,0.0,0.0
22/04/2019 05:00,0.07,0.0,0.0,0.07
22/04/2019 06:00,0.328,0.0,0.011,0.328
22/04/2019 07:00,0.535,0.017,0.168,0.535
22/04/2019 08:00,0.677,0.103,0.491,0.677
22/04/2019 09:00,0.748,0.272,0.666,0.748
22/04/2019 10:00,0.775,0.51,0.766,0.775
22/04/2019 11:00,0.753,0.738,0.811,0.753
22/04/2019 12:00,0.684,0.781,0.809,0.684
22/04/2019 13:00,0.562,0.753,0.76,0.562
22/04/2019 14:00,0.382,0.675,0.66,0.382
22/04/2019 15:00,0.149,0.542,0.507,0.149
22/04/2019 16:00,0.0,0.351,0.295,0.0
22/04/2019 17:00,0.0,0.114,0.037,0.0
22/04/2019 18:00,0.0,0.0,0.0,0.0
22/04/2019 19:00,0.0,0.0,0.0,0.0
22/04/2019 20:00,0.0,0.0,0.0,0.0
22/04/2019 21:00,0.0,0.0,0.0,0.0
22/04/2019 22:00,0.0,0.0,0.0,0.0
22/04/2019 23:00,0.0,0.0,0.0,0.0
23/04/2019 00:00,0.0,0.0,0.0,0.0
23/04/2019 01:00,0.0,0.0,0.0,0.0
23/04/2019 02:00,0.0,0.0,0.0,0.0
23/04/2019 03:00,0.0,0.0,0.0,0.0
23/04/2019 04:00,0.0,0.0,0.0,0.0
23/04/2019 05:00,0.069,0.0,0.0,0.069
23/04/2019 06:00,0.335,0.0,0.009,0.335
23/04/2019 07:00,0.547,0.084,0.155,0.547
23/04/2019 08:00,0.691,0.339,0.42,0.691
23/04/2019 09:00,0.76,0.55,0.644,0.76
23/04/2019 10:00,0.778,0.614,0.755,0.778
23/04/2019 11:00,0.721,0.619,0.802,0.721
23/04/2019 12:00,0.56,0.498,0.8,0.56
23/04/2019 13:00,0.398,0.369,0.751,0.398
23/04/2019 14:00,0.335,0.365,0.652,0.335
23/04/2019 15:00,0.182,0.247,0.5,0.182
23/04/2019 16:00,0.0,0.098,0.29,0.0
23/04/2019 17:00,0.0,0.007,0.035,0.0
23/04/2019 18:00,0.0,0.0,0.0,0.0
23/04/2019 19:00,0.0,0.0,0.0,0.0
23/04/2019 20:00,0.0,0.0,0.0,0.0
23/04/2019 21:00,0.0,0.0,0.0,0.0
23/04/2019 22:00,0.0,0.0,0.0,0.0
23/04/2019 23:00,0.0,0.0,0.0,0.0
24/04/2019 00:00,0.0,0.0,0.0,0.0
24/04/2019 01:00,0.0,0.0,0.0,0.0
24/04/2019 02:00,0.0,0.0,0.0,0.0
24/04/2019 03:00,0.0,0.0,0.0,0.0
24/04/2019 04:00,0.0,0.0,0.0,0.0
24/04/2019 05:00,0.066,0.0,0.0,0.066
24/04/2019 06:00,0.328,0.0,0.009,0.328
24/04/2019 07:00,0.535,0.042,0.164,0.535
24/04/2019 08:00,0.676,0.242,0.461,0.676
24/04/2019 09:00,0.762,0.354,0.629,0.762
24/04/2019 10:00,0.796,0.222,0.737,0.796
24/04/2019 11:00,0.781,0.157,0.793,0.781
24/04/2019 12:00,0.717,0.145,0.792,0.717
24/04/2019 13:00,0.601,0.147,0.744,0.601
24/04/2019 14:00,0.429,0.192,0.644,0.429
24/04/2019 15:00,0.197,0.169,0.493,0.197
24/04/2019 16:00,0.0,0.081,0.283,0.0
24/04/2019 17:00,0.0,0.012,0.03,0.0
24/04/2019 18:00,0.0,0.0,0.0,0.0
24/04/2019 19:00,0.0,0.0,0.0,0.0
24/04/2019 20:00,0.0,0.0,0.0,0.0
24/04/2019 21:00,0.0,0.0,0.0,0.0
24/04/2019 22:00,0.0,0.0,0.0,0.0
24/04/2019 23:00,0.0,0.0,0.0,0.0
25/04/2019 00:00,0.0,0.0,0.0,0.0
25/04/2019 01:00,0.0,0.0,0.0,0.0
25/04/2019 02:00,0.0,0.0,0.0,0.0
25/04/2019 03:00,0.0,0.0,0.0,0.0
25/04/2019 04:00,0.0,0.0,0.0,0.0
25/04/2019 05:00,0.073,0.0,0.0,0.073
25/04/2019 06:00,0.344,0.0,0.021,0.344
25/04/2019 07:00,0.55,0.019,0.272,0.55
25/04/2019 08:00,0.687,0.108,0.492,0.687
25/04/2019 09:00,0.77,0.299,0.645,0.77
25/04/2019 10:00,0.803,0.445,0.741,0.803
25/04/2019 11:00,0.787,0.618,0.785,0.787
25/04/2019 12:00,0.723,0.664,0.784,0.723
25/04/2019 13:00,0.608,0.653,0.732,0.608
25/04/2019 14:00,0.436,0.614,0.613,0.436
25/04/2019 15:00,0.205,0.467,0.473,0.205
25/04/2019 16:00,0.0,0.275,0.256,0.0
25/04/2019 17:00,0.0,0.061,0.018,0.0
25/04/2019 18:00,0.0,0.0,0.0,0.0
25/04/2019 19:00,0.0,0.0,0.0,0.0
25/04/2019 20:00,0.0,0.0,0.0,0.0
25/04/2019 21:00,0.0,0.0,0.0,0.0
25/04/2019 22:00,0.0,0.0,0.0,0.0
25/04/2019 23:00,0.0,0.0,0.0,0.0
26/04/2019 00:00,0.0,0.0,0.0,0.0
26/04/2019 01:00,0.0,0.0,0.0,0.0
26/04/2019 02:00,0.0,0.0,0.0,0.0
26/04/2019 03:00,0.0,0.0,0.0,0.0
26/04/2019 04:00,0.0,0.0,0.0,0.0
26/04/2019 05:00,0.072,0.0,0.0,0.072
26/04/2019 06:00,0.349,0.0,0.006,0.349
26/04/2019 07:00,0.558,0.051,0.14,0.558
26/04/2019 08:00,0.693,0.276,0.364,0.693
26/04/2019 09:00,0.775,0.532,0.561,0.775
26/04/2019 10:00,0.807,0.657,0.673,0.807
26/04/2019 11:00,0.792,0.728,0.721,0.792
26/04/2019 12:00,0.728,0.735,0.697,0.728
26/04/2019 13:00,0.614,0.714,0.624,0.614
26/04/2019 14:00,0.443,0.603,0.483,0.443
26/04/2019 15:00,0.212,0.39,0.295,0.212
26/04/2019 16:00,0.0,0.145,0.122,0.0
26/04/2019 17:00,0.0,0.026,0.008,0.0
26/04/2019 18:00,0.0,0.0,0.0,0.0
26/04/2019 19:00,0.0,0.0,0.0,0.0
26/04/2019 20:00,0.0,0.0,0.0,0.0
26/04/2019 21:00,0.0,0.0,0.0,0.0
26/04/2019 22:00,0.0,0.0,0.0,0.0
26/04/2019 23:00,0.0,0.0,0.0,0.0
27/04/2019 00:00,0.0,0.0,0.0,0.0
27/04/2019 01:00,0.0,0.0,0.0,0.0
27/04/2019 02:00,0.0,0.0,0.0,0.0
27/04/2019 03:00,0.0,0.0,0.0,0.0
27/04/2019 04:00,0.0,0.0,0.0,0.0
27/04/2019 05:00,0.072,0.0,0.0,0.072
27/04/2019 06:00,0.35,0.0,0.006,0.35
27/04/2019 07:00,0.558,0.001,0.144,0.558
27/04/2019 08:00,0.694,0.025,0.325,0.694
27/04/2019 09:00,0.772,0.061,0.552,0.772
27/04/2019 10:00,0.8,0.102,0.722,0.8
27/04/2019 11:00,0.783,0.141,0.774,0.783
27/04/2019 12:00,0.719,0.164,0.759,0.719
27/04/2019 13:00,0.604,0.144,0.699,0.604
27/04/2019 14:00,0.434,0.139,0.565,0.434
27/04/2019 15:00,0.205,0.1,0.418,0.205
27/04/2019 16:00,0.0,0.048,0.219,0.0
27/04/2019 17:00,0.0,0.007,0.009,0.0
27/04/2019 18:00,0.0,0.0,0.0,0.0
27/04/2019 19:00,0.0,0.0,0.0,0.0
27/04/2019 20:00,0.0,0.0,0.0,0.0
27/04/2019 21:00,0.0,0.0,0.0,0.0
27/04/2019 22:00,0.0,0.0,0.0,0.0
27/04/2019 23:00,0.0,0.0,0.0,0.0
28/04/2019 00:00,0.0,0.0,0.0,0.0
28/04/2019 01:00,0.0,0.0,0.0,0.0
28/04/2019 02:00,0.0,0.0,0.0,0.0
28/04/2019 03:00,0.0,0.0,0.0,0.0
28/04/2019 04:00,0.0,0.0,0.0,0.0
28/04/2019 05:00,0.06,0.0,0.0,0.06
28/04/2019 06:00,0.33,0.0,0.007,0.33
28/04/2019 07:00,0.536,0.049,0.155,0.536
28/04/2019 08:00,0.673,0.235,0.436,0.673
28/04/2019 09:00,0.75,0.494,0.576,0.75
28/04/2019 10:00,0.773,0.686,0.661,0.773
28/04/2019 11:00,0.752,0.782,0.694,0.752
28/04/2019 12:00,0.689,0.802,0.64,0.689
28/04/2019 13:00,0.576,0.772,0.417,0.576
28/04/2019 14:00,0.409,0.69,0.393,0.409
28/04/2019 15:00,0.186,0.554,0.24,0.186
28/04/2019 16:00,0.0,0.356,0.114,0.0
28/04/2019 17:00,0.0,0.094,0.009,0.0
28/04/2019 18:00,0.0,0.0,0.0,0.0
28/04/2019 19:00,0.0,0.0,0.0,0.0
28/04/2019 20:00,0.0,0.0,0.0,0.0
28/04/2019 21:00,0.0,0.0,0.0,0.0
28/04/2019 22:00,0.0,0.0,0.0,0.0
28/04/2019 23:00,0.0,0.0,0.0,0.0
29/04/2019 00:00,0.0,0.0,0.0,0.0
29/04/2019 01:00,0.0,0.0,0.0,0.0
29/04/2019 02:00,0.0,0.0,0.0,0.0
29/04/2019 03:00,0.0,0.0,0.0,0.0
29/04/2019 04:00,0.0,0.0,0.0,0.0
29/04/2019 05:00,0.053,0.0,0.0,0.053
29/04/2019 06:00,0.316,0.0,0.005,0.316
29/04/2019 07:00,0.522,0.023,0.157,0.522
29/04/2019 08:00,0.646,0.146,0.369,0.646
29/04/2019 09:00,0.72,0.516,0.594,0.72
29/04/2019 10:00,0.743,0.709,0.697,0.743
29/04/2019 11:00,0.718,0.779,0.749,0.718
29/04/2019 12:00,0.657,0.797,0.634,0.657
29/04/2019 13:00,0.543,0.767,0.601,0.543
29/04/2019 14:00,0.368,0.688,0.546,0.368
29/04/2019 15:00,0.141,0.555,0.432,0.141
29/04/2019 16:00,0.0,0.362,0.245,0.0
29/04/2019 17:00,0.0,0.097,0.013,0.0
29/04/2019 18:00,0.0,0.0,0.0,0.0
29/04/2019 19:00,0.0,0.0,0.0,0.0
29/04/2019 20:00,0.0,0.0,0.0,0.0
29/04/2019 21:00,0.0,0.0,0.0,0.0
29/04/2019 22:00,0.0,0.0,0.0,0.0
29/04/2019 23:00,0.0,0.0,0.0,0.0
30/04/2019 00:00,0.0,0.0,0.0,0.0
30/04/2019 01:00,0.0,0.0,0.0,0.0
30/04/2019 02:00,0.0,0.0,0.0,0.0
30/04/2019 03:00,0.0,0.0,0.0,0.0
30/04/2019 04:00,0.0,0.0,0.0,0.0
30/04/2019 05:00,0.026,0.0,0.0,0.026
30/04/2019 06:00,0.223,0.0,0.02,0.223
30/04/2019 07:00,0.412,0.119,0.292,0.412
30/04/2019 08:00,0.54,0.382,0.519,0.54
30/04/2019 09:00,0.673,0.577,0.674,0.673
30/04/2019 10:00,0.73,0.69,0.771,0.73
30/04/2019 11:00,0.731,0.756,0.815,0.731
30/04/2019 12:00,0.646,0.786,0.812,0.646
30/04/2019 13:00,0.555,0.758,0.761,0.555
30/04/2019 14:00,0.395,0.679,0.661,0.395
30/04/2019 15:00,0.172,0.547,0.507,0.172
30/04/2019 16:00,0.0,0.35,0.293,0.0
30/04/2019 17:00,0.0,0.078,0.027,0.0
30/04/2019 18:00,0.0,0.0,0.0,0.0
30/04/2019 19:00,0.0,0.0,0.0,0.0
30/04/2019 20:00,0.0,0.0,0.0,0.0
30/04/2019 21:00,0.0,0.0,0.0,0.0
30/04/2019 22:00,0.0,0.0,0.0,0.0
30/04/2019 23:00,0.0,0.0,0.0,0.0
01/05/2019 00:00,0.0,0.0,0.0,0.0
01/05/2019 01:00,0.0,0.0,0.0,0.0
01/05/2019 02:00,0.0,0.0,0.0,0.0
01/05/2019 03:00,0.0,0.0,0.0,0.0
01/05/2019 04:00,0.0,0.0,0.0,0.0
01/05/2019 05:00,0.008,0.0,0.0,0.008
01/05/2019 06:00,0.097,0.0,0.016,0.097
01/05/2019 07:00,0.386,0.063,0.273,0.386
01/05/2019 08:00,0.622,0.311,0.499,0.622
01/05/2019 09:00,0.733,0.534,0.65,0.733
01/05/2019 10:00,0.643,0.652,0.747,0.643
01/05/2019 11:00,0.551,0.65,0.793,0.551
01/05/2019 12:00,0.602,0.498,0.791,0.602
01/05/2019 13:00,0.562,0.444,0.743,0.562
01/05/2019 14:00,0.403,0.425,0.646,0.403
01/05/2019 15:00,0.17,0.32,0.495,0.17
01/05/2019 16:00,0.0,0.177,0.285,0.0
01/05/2019 17:00,0.0,0.033,0.024,0.0
01/05/2019 18:00,0.0,0.0,0.0,0.0
01/05/2019 19:00,0.0,0.0,0.0,0.0
01/05/2019 20:00,0.0,0.0,0.0,0.0
01/05/2019 21:00,0.0,0.0,0.0,0.0
01/05/2019 22:00,0.0,0.0,0.0,0.0
01/05/2019 23:00,0.0,0.0,0.0,0.0
02/05/2019 00:00,0.0,0.0,0.0,0.0
02/05/2019 01:00,0.0,0.0,0.0,0.0
02/05/2019 02:00,0.0,0.0,0.0,0.0
02/05/2019 03:00,0.0,0.0,0.0,0.0
02/05/2019 04:00,0.0,0.0,0.0,0.0
02/05/2019 05:00,0.05,0.0,0.0,0.05
02/05/2019 06:00,0.325,0.0,0.015,0.325
02/05/2019 07:00,0.537,0.1,0.266,0.537
02/05/2019 08:00,0.675,0.362,0.495,0.675
02/05/2019 09:00,0.753,0.557,0.648,0.753
02/05/2019 10:00,0.78,0.679,0.745,0.78
02/05/2019 11:00,0.761,0.744,0.791,0.761
02/05/2019 12:00,0.695,0.763,0.79,0.695
02/05/2019 13:00,0.581,0.734,0.741,0.581
02/05/2019 14:00,0.412,0.655,0.643,0.412
02/05/2019 15:00,0.179,0.507,0.492,0.179
02/05/2019 16:00,0.0,0.291,0.282,0.0
02/05/2019 17:00,0.0,0.05,0.023,0.0
02/05/2019 18:00,0.0,0.0,0.0,0.0
02/05/2019 19:00,0.0,0.0,0.0,0.0
02/05/2019 20:00,0.0,0.0,0.0,0.0
02/05/2019 21:00,0.0,0.0,0.0,0.0
02/05/2019 22:00,0.0,0.0,0.0,0.0
02/05/2019 23:00,0.0,0.0,0.0,0.0
03/05/2019 00:00,0.0,0.0,0.0,0.0
03/05/2019 01:00,0.0,0.0,0.0,0.0
03/05/2019 02:00,0.0,0.0,0.0,0.0
03/05/2019 03:00,0.0,0.0,0.0,0.0
03/05/2019 04:00,0.0,0.0,0.0,0.0
03/05/2019 05:00,0.047,0.0,0.0,0.047
03/05/2019 06:00,0.296,0.0,0.014,0.296
03/05/2019 07:00,0.497,0.024,0.267,0.497
03/05/2019 08:00,0.661,0.157,0.496,0.661
03/05/2019 09:00,0.758,0.263,0.652,0.758
03/05/2019 10:00,0.793,0.386,0.75,0.793
03/05/2019 11:00,0.775,0.504,0.799,0.775
03/05/2019 12:00,0.71,0.519,0.797,0.71
03/05/2019 13:00,0.594,0.505,0.75,0.594
03/05/2019 14:00,0.421,0.441,0.653,0.421
03/05/2019 15:00,0.188,0.322,0.503,0.188
03/05/2019 16:00,0.0,0.145,0.292,0.0
03/05/2019 17:00,0.0,0.018,0.024,0.0
03/05/2019 18:00,0.0,0.0,0.0,0.0
03/05/2019 19:00,0.0,0.0,0.0,0.0
03/05/2019 20:00,0.0,0.0,0.0,0.0
03/05/2019 21:00,0.0,0.0,0.0,0.0
03/05/2019 22:00,0.0,0.0,0.0,0.0
03/05/2019 23:00,0.0,0.0,0.0,0.0
04/05/2019 00:00,0.0,0.0,0.0,0.0
04/05/2019 01:00,0.0,0.0,0.0,0.0
04/05/2019 02:00,0.0,0.0,0.0,0.0
04/05/2019 03:00,0.0,0.0,0.0,0.0
04/05/2019 04:00,0.0,0.0,0.0,0.0
04/05/2019 05:00,0.044,0.0,0.0,0.044
04/05/2019 06:00,0.323,0.0,0.014,0.323
04/05/2019 07:00,0.537,0.01,0.273,0.537
04/05/2019 08:00,0.676,0.09,0.496,0.676
04/05/2019 09:00,0.755,0.213,0.653,0.755
04/05/2019 10:00,0.783,0.448,0.748,0.783
04/05/2019 11:00,0.762,0.667,0.792,0.762
04/05/2019 12:00,0.695,0.752,0.788,0.695
04/05/2019 13:00,0.578,0.733,0.738,0.578
04/05/2019 14:00,0.403,0.656,0.637,0.403
04/05/2019 15:00,0.161,0.523,0.481,0.161
04/05/2019 16:00,0.0,0.328,0.267,0.0
04/05/2019 17:00,0.0,0.066,0.016,0.0
04/05/2019 18:00,0.0,0.0,0.0,0.0
04/05/2019 19:00,0.0,0.0,0.0,0.0
04/05/2019 20:00,0.0,0.0,0.0,0.0
04/05/2019 21:00,0.0,0.0,0.0,0.0
04/05/2019 22:00,0.0,0.0,0.0,0.0
04/05/2019 23:00,0.0,0.0,0.0,0.0
05/05/2019 00:00,0.0,0.0,0.0,0.0
05/05/2019 01:00,0.0,0.0,0.0,0.0
05/05/2019 02:00,0.0,0.0,0.0,0.0
05/05/2019 03:00,0.0,0.0,0.0,0.0
05/05/2019 04:00,0.0,0.0,0.0,0.0
05/05/2019 05:00,0.021,0.0,0.0,0.021
05/05/2019 06:00,0.191,0.0,0.003,0.191
05/05/2019 07:00,0.352,0.042,0.144,0.352
05/05/2019 08:00,0.534,0.318,0.418,0.534
05/05/2019 09:00,0.69,0.549,0.626,0.69
05/05/2019 10:00,0.719,0.634,0.73,0.719
05/05/2019 11:00,0.684,0.66,0.777,0.684
05/05/2019 12:00,0.606,0.699,0.783,0.606
05/05/2019 13:00,0.475,0.703,0.734,0.475
05/05/2019 14:00,0.288,0.639,0.639,0.288
05/05/2019 15:00,0.073,0.522,0.486,0.073
05/05/2019 16:00,0.0,0.322,0.272,0.0
05/05/2019 17:00,0.0,0.063,0.018,0.0
05/05/2019 18:00,0.0,0.0,0.0,0.0
05/05/2019 19:00,0.0,0.0,0.0,0.0
05/05/2019 20:00,0.0,0.0,0.0,0.0
05/05/2019 21:00,0.0,0.0,0.0,0.0
05/05/2019 22:00,0.0,0.0,0.0,0.0
05/05/2019 23:00,0.0,0.0,0.0,0.0
06/05/2019 00:00,0.0,0.0,0.0,0.0
06/05/2019 01:00,0.0,0.0,0.0,0.0
06/05/2019 02:00,0.0,0.0,0.0,0.0
06/05/2019 03:00,0.0,0.0,0.0,0.0
06/05/2019 04:00,0.0,0.0,0.0,0.0
06/05/2019 05:00,0.006,0.0,0.0,0.006
06/05/2019 06:00,0.112,0.0,0.01,0.112
06/05/2019 07:00,0.349,0.016,0.254,0.349
06/05/2019 08:00,0.567,0.129,0.482,0.567
06/05/2019 09:00,0.595,0.25,0.637,0.595
06/05/2019 10:00,0.528,0.413,0.734,0.528
06/05/2019 11:00,0.481,0.543,0.781,0.481
06/05/2019 12:00,0.571,0.551,0.779,0.571
06/05/2019 13:00,0.455,0.612,0.73,0.455
06/05/2019 14:00,0.264,0.625,0.629,0.264
06/05/2019 15:00,0.071,0.513,0.476,0.071
06/05/2019 16:00,0.0,0.318,0.263,0.0
06/05/2019 17:00,0.0,0.052,0.016,0.0
06/05/2019 18:00,0.0,0.0,0.0,0.0
06/05/2019 19:00,0.0,0.0,0.0,0.0
06/05/2019 20:00,0.0,0.0,0.0,0.0
06/05/2019 21:00,0.0,0.0,0.0,0.0
06/05/2019 22:00,0.0,0.0,0.0,0.0
06/05/2019 23:00,0.0,0.0,0.0,0.0
07/05/2019 00:00,0.0,0.0,0.0,0.0
07/05/2019 01:00,0.0,0.0,0.0,0.0
07/05/2019 02:00,0.0,0.0,0.0,0.0
07/05/2019 03:00,0.0,0.0,0.0,0.0
07/05/2019 04:00,0.0,0.0,0.0,0.0
07/05/2019 05:00,0.003,0.0,0.0,0.003
07/05/2019 06:00,0.075,0.0,0.002,0.075
07/05/2019 07:00,0.211,0.006,0.12,0.211
07/05/2019 08:00,0.411,0.062,0.397,0.411
07/05/2019 09:00,0.544,0.163,0.629,0.544
07/05/2019 10:00,0.582,0.258,0.734,0.582
07/05/2019 11:00,0.567,0.288,0.783,0.567
07/05/2019 12:00,0.484,0.603,0.781,0.484
07/05/2019 13:00,0.308,0.62,0.732,0.308
07/05/2019 14:00,0.158,0.399,0.635,0.158
07/05/2019 15:00,0.042,0.179,0.481,0.042
07/05/2019 16:00,0.0,0.074,0.265,0.0
07/05/2019 17:00,0.0,0.006,0.015,0.0
07/05/2019 18:00,0.0,0.0,0.0,0.0
07/05/2019 19:00,0.0,0.0,0.0,0.0
07/05/2019 20:00,0.0,0.0,0.0,0.0
07/05/2019 21:00,0.0,0.0,0.0,0.0
07/05/2019 22:00,0.0,0.0,0.0,0.0
07/05/2019 23:00,0.0,0.0,0.0,0.0
08/05/2019 00:00,0.0,0.0,0.0,0.0
08/05/2019 01:00,0.0,0.0,0.0,0.0
08/05/2019 02:00,0.0,0.0,0.0,0.0
08/05/2019 03:00,0.0,0.0,0.0,0.0
08/05/2019 04:00,0.0,0.0,0.0,0.0
08/05/2019 05:00,0.019,0.0,0.0,0.019
08/05/2019 06:00,0.241,0.0,0.004,0.241
08/05/2019 07:00,0.538,0.055,0.159,0.538
08/05/2019 08:00,0.692,0.281,0.45,0.692
08/05/2019 09:00,0.778,0.48,0.637,0.778
08/05/2019 10:00,0.809,0.609,0.738,0.809
08/05/2019 11:00,0.79,0.683,0.784,0.79
08/05/2019 12:00,0.722,0.708,0.782,0.722
08/05/2019 13:00,0.602,0.677,0.732,0.602
08/05/2019 14:00,0.423,0.598,0.634,0.423
08/05/2019 15:00,0.168,0.476,0.48,0.168
08/05/2019 16:00,0.0,0.305,0.264,0.0
08/05/2019 17:00,0.0,0.054,0.014,0.0
08/05/2019 18:00,0.0,0.0,0.0,0.0
08/05/2019 19:00,0.0,0.0,0.0,0.0
08/05/2019 20:00,0.0,0.0,0.0,0.0
08/05/2019 21:00,0.0,0.0,0.0,0.0
08/05/2019 22:00,0.0,0.0,0.0,0.0
08/05/2019 23:00,0.0,0.0,0.0,0.0
09/05/2019 00:00,0.0,0.0,0.0,0.0
09/05/2019 01:00,0.0,0.0,0.0,0.0
09/05/2019 02:00,0.0,0.0,0.0,0.0
09/05/2019 03:00,0.0,0.0,0.0,0.0
09/05/2019 04:00,0.0,0.0,0.0,0.0
09/05/2019 05:00,0.034,0.0,0.0,0.034
09/05/2019 06:00,0.313,0.0,0.005,0.313
09/05/2019 07:00,0.534,0.075,0.184,0.534
09/05/2019 08:00,0.677,0.352,0.439,0.677
09/05/2019 09:00,0.763,0.552,0.626,0.763
09/05/2019 10:00,0.797,0.676,0.729,0.797
09/05/2019 11:00,0.781,0.74,0.773,0.781
09/05/2019 12:00,0.716,0.76,0.77,0.716
09/05/2019 13:00,0.6,0.732,0.719,0.6
09/05/2019 14:00,0.424,0.656,0.614,0.424
09/05/2019 15:00,0.185,0.526,0.459,0.185
09/05/2019 16:00,0.0,0.336,0.239,0.0
09/05/2019 17:00,0.0,0.058,0.011,0.0
09/05/2019 18:00,0.0,0.0,0.0,0.0
09/05/2019 19:00,0.0,0.0,0.0,0.0
09/05/2019 20:00,0.0,0.0,0.0,0.0
09/05/2019 21:00,0.0,0.0,0.0,0.0
09/05/2019 22:00,0.0,0.0,0.0,0.0
09/05/2019 23:00,0.0,0.0,0.0,0.0
10/05/2019 00:00,0.0,0.0,0.0,0.0
10/05/2019 01:00,0.0,0.0,0.0,0.0
10/05/2019 02:00,0.0,0.0,0.0,0.0
10/05/2019 03:00,0.0,0.0,0.0,0.0
10/05/2019 04:00,0.0,0.0,0.0,0.0
10/05/2019 05:00,0.035,0.0,0.0,0.035
10/05/2019 06:00,0.321,0.0,0.002,0.321
10/05/2019 07:00,0.538,0.071,0.136,0.538
10/05/2019 08:00,0.679,0.349,0.408,0.679
10/05/2019 09:00,0.757,0.548,0.642,0.757
10/05/2019 10:00,0.787,0.671,0.753,0.787
10/05/2019 11:00,0.769,0.734,0.801,0.769
10/05/2019 12:00,0.704,0.752,0.8,0.704
10/05/2019 13:00,0.588,0.723,0.752,0.588
10/05/2019 14:00,0.414,0.646,0.655,0.414
10/05/2019 15:00,0.178,0.516,0.503,0.178
10/05/2019 16:00,0.0,0.326,0.289,0.0
10/05/2019 17:00,0.0,0.052,0.016,0.0
10/05/2019 18:00,0.0,0.0,0.0,0.0
10/05/2019 19:00,0.0,0.0,0.0,0.0
10/05/2019 20:00,0.0,0.0,0.0,0.0
10/05/2019 21:00,0.0,0.0,0.0,0.0
10/05/2019 22:00,0.0,0.0,0.0,0.0
10/05/2019 23:00,0.0,0.0,0.0,0.0
11/05/2019 00:00,0.0,0.0,0.0,0.0
11/05/2019 01:00,0.0,0.0,0.0,0.0
11/05/2019 02:00,0.0,0.0,0.0,0.0
11/05/2019 03:00,0.0,0.0,0.0,0.0
11/05/2019 04:00,0.0,0.0,0.0,0.0
11/05/2019 05:00,0.027,0.0,0.0,0.027
11/05/2019 06:00,0.293,0.0,0.009,0.293
11/05/2019 07:00,0.508,0.054,0.272,0.508
11/05/2019 08:00,0.649,0.318,0.503,0.649
11/05/2019 09:00,0.731,0.519,0.658,0.731
11/05/2019 10:00,0.758,0.646,0.756,0.758
11/05/2019 11:00,0.736,0.713,0.801,0.736
11/05/2019 12:00,0.67,0.732,0.796,0.67
11/05/2019 13:00,0.554,0.703,0.746,0.554
11/05/2019 14:00,0.379,0.622,0.641,0.379
11/05/2019 15:00,0.142,0.489,0.484,0.142
11/05/2019 16:00,0.0,0.291,0.265,0.0
11/05/2019 17:00,0.0,0.036,0.011,0.0
11/05/2019 18:00,0.0,0.0,0.0,0.0
11/05/2019 19:00,0.0,0.0,0.0,0.0
11/05/2019 20:00,0.0,0.0,0.0,0.0
11/05/2019 21:00,0.0,0.0,0.0,0.0
11/05/2019 22:00,0.0,0.0,0.0,0.0
11/05/2019 23:00,0.0,0.0,0.0,0.0
12/05/2019 00:00,0.0,0.0,0.0,0.0
12/05/2019 01:00,0.0,0.0,0.0,0.0
12/05/2019 02:00,0.0,0.0,0.0,0.0
12/05/2019 03:00,0.0,0.0,0.0,0.0
12/05/2019 04:00,0.0,0.0,0.0,0.0
12/05/2019 05:00,0.022,0.0,0.0,0.022
12/05/2019 06:00,0.275,0.0,0.007,0.275
12/05/2019 07:00,0.492,0.012,0.257,0.492
12/05/2019 08:00,0.634,0.168,0.489,0.634
12/05/2019 09:00,0.715,0.479,0.643,0.715
12/05/2019 10:00,0.741,0.632,0.739,0.741
12/05/2019 11:00,0.721,0.7,0.788,0.721
12/05/2019 12:00,0.651,0.676,0.785,0.651
12/05/2019 13:00,0.527,0.584,0.736,0.527
12/05/2019 14:00,0.333,0.434,0.641,0.333
12/05/2019 15:00,0.099,0.253,0.488,0.099
12/05/2019 16:00,0.0,0.089,0.273,0.0
12/05/2019 17:00,0.0,0.005,0.013,0.0
12/05/2019 18:00,0.0,0.0,0.0,0.0
12/05/2019 19:00,0.0,0.0,0.0,0.0
12/05/2019 20:00,0.0,0.0,0.0,0.0
12/05/2019 21:00,0.0,0.0,0.0,0.0
12/05/2019 22:00,0.0,0.0,0.0,0.0
12/05/2019 23:00,0.0,0.0,0.0,0.0
13/05/2019 00:00,0.0,0.0,0.0,0.0
13/05/2019 01:00,0.0,0.0,0.0,0.0
13/05/2019 02:00,0.0,0.0,0.0,0.0
13/05/2019 03:00,0.0,0.0,0.0,0.0
13/05/2019 04:00,0.0,0.0,0.0,0.0
13/05/2019 05:00,0.02,0.0,0.0,0.02
13/05/2019 06:00,0.273,0.0,0.007,0.273
13/05/2019 07:00,0.488,0.012,0.259,0.488
13/05/2019 08:00,0.626,0.139,0.493,0.626
13/05/2019 09:00,0.698,0.405,0.648,0.698
13/05/2019 10:00,0.725,0.537,0.743,0.725
13/05/2019 11:00,0.705,0.629,0.791,0.705
13/05/2019 12:00,0.633,0.684,0.79,0.633
13/05/2019 13:00,0.492,0.679,0.728,0.492
13/05/2019 14:00,0.283,0.636,0.602,0.283
13/05/2019 15:00,0.076,0.494,0.472,0.076
13/05/2019 16:00,0.0,0.286,0.275,0.0
13/05/2019 17:00,0.0,0.022,0.012,0.0
13/05/2019 18:00,0.0,0.0,0.0,0.0
13/05/2019 19:00,0.0,0.0,0.0,0.0
13/05/2019 20:00,0.0,0.0,0.0,0.0
13/05/2019 21:00,0.0,0.0,0.0,0.0
13/05/2019 22:00,0.0,0.0,0.0,0.0
13/05/2019 23:00,0.0,0.0,0.0,0.0
14/05/2019 00:00,0.0,0.0,0.0,0.0
14/05/2019 01:00,0.0,0.0,0.0,0.0
14/05/2019 02:00,0.0,0.0,0.0,0.0
14/05/2019 03:00,0.0,0.0,0.0,0.0
14/05/2019 04:00,0.0,0.0,0.0,0.0
14/05/2019 05:00,0.012,0.0,0.0,0.012
14/05/2019 06:00,0.244,0.0,0.002,0.244
14/05/2019 07:00,0.478,0.027,0.153,0.478
14/05/2019 08:00,0.626,0.24,0.459,0.626
14/05/2019 09:00,0.706,0.519,0.632,0.706
14/05/2019 10:00,0.737,0.665,0.732,0.737
14/05/2019 11:00,0.721,0.748,0.778,0.721
14/05/2019 12:00,0.658,0.769,0.774,0.658
14/05/2019 13:00,0.543,0.74,0.714,0.543
14/05/2019 14:00,0.369,0.66,0.619,0.369
14/05/2019 15:00,0.131,0.525,0.461,0.131
14/05/2019 16:00,0.0,0.328,0.236,0.0
14/05/2019 17:00,0.0,0.043,0.008,0.0
14/05/2019 18:00,0.0,0.0,0.0,0.0
14/05/2019 19:00,0.0,0.0,0.0,0.0
14/05/2019 20:00,0.0,0.0,0.0,0.0
14/05/2019 21:00,0.0,0.0,0.0,0.0
14/05/2019 22:00,0.0,0.0,0.0,0.0
14/05/2019 23:00,0.0,0.0,0.0,0.0
15/05/2019 00:00,0.0,0.0,0.0,0.0
15/05/2019 01:00,0.0,0.0,0.0,0.0
15/05/2019 02:00,0.0,0.0,0.0,0.0
15/05/2019 03:00,0.0,0.0,0.0,0.0
15/05/2019 04:00,0.0,0.0,0.0,0.0
15/05/2019 05:00,0.017,0.0,0.0,0.017
15/05/2019 06:00,0.267,0.0,0.001,0.267
15/05/2019 07:00,0.488,0.049,0.15,0.488
15/05/2019 08:00,0.632,0.312,0.464,0.632
15/05/2019 09:00,0.711,0.443,0.637,0.711
15/05/2019 10:00,0.742,0.607,0.736,0.742
15/05/2019 11:00,0.729,0.709,0.785,0.729
15/05/2019 12:00,0.664,0.756,0.783,0.664
15/05/2019 13:00,0.539,0.704,0.733,0.539
15/05/2019 14:00,0.304,0.528,0.634,0.304
15/05/2019 15:00,0.06,0.357,0.479,0.06
15/05/2019 16:00,0.0,0.194,0.259,0.0
15/05/2019 17:00,0.0,0.006,0.009,0.0
15/05/2019 18:00,0.0,0.0,0.0,0.0
15/05/2019 19:00,0.0,0.0,0.0,0.0
15/05/2019 20:00,0.0,0.0,0.0,0.0
15/05/2019 21:00,0.0,0.0,0.0,0.0
15/05/2019 22:00,0.0,0.0,0.0,0.0
15/05/2019 23:00,0.0,0.0,0.0,0.0
16/05/2019 00:00,0.0,0.0,0.0,0.0
16/05/2019 01:00,0.0,0.0,0.0,0.0
16/05/2019 02:00,0.0,0.0,0.0,0.0
16/05/2019 03:00,0.0,0.0,0.0,0.0
16/05/2019 04:00,0.0,0.0,0.0,0.0
16/05/2019 05:00,0.009,0.0,0.0,0.009
16/05/2019 06:00,0.207,0.0,0.007,0.207
16/05/2019 07:00,0.435,0.012,0.279,0.435
16/05/2019 08:00,0.533,0.147,0.514,0.533
16/05/2019 09:00,0.608,0.402,0.669,0.608
16/05/2019 10:00,0.681,0.669,0.761,0.681
16/05/2019 11:00,0.683,0.747,0.804,0.683
16/05/2019 12:00,0.624,0.76,0.8,0.624
16/05/2019 13:00,0.506,0.688,0.75,0.506
16/05/2019 14:00,0.351,0.623,0.65,0.351
16/05/2019 15:00,0.14,0.517,0.495,0.14
16/05/2019 16:00,0.0,0.319,0.276,0.0
16/05/2019 17:00,0.0,0.037,0.01,0.0
16/05/2019 18:00,0.0,0.0,0.0,0.0
16/05/2019 19:00,0.0,0.0,0.0,0.0
16/05/2019 20:00,0.0,0.0,0.0,0.0
16/05/2019 21:00,0.0,0.0,0.0,0.0
16/05/2019 22:00,0.0,0.0,0.0,0.0
16/05/2019 23:00,0.0,0.0,0.0,0.0
17/05/2019 00:00,0.0,0.0,0.0,0.0
17/05/2019 01:00,0.0,0.0,0.0,0.0
17/05/2019 02:00,0.0,0.0,0.0,0.0
17/05/2019 03:00,0.0,0.0,0.0,0.0
17/05/2019 04:00,0.0,0.0,0.0,0.0
17/05/2019 05:00,0.01,0.0,0.0,0.01
17/05/2019 06:00,0.22,0.0,0.0,0.22
17/05/2019 07:00,0.441,0.051,0.102,0.441
17/05/2019 08:00,0.607,0.342,0.393,0.607
17/05/2019 09:00,0.705,0.551,0.651,0.705
17/05/2019 10:00,0.741,0.679,0.753,0.741
17/05/2019 11:00,0.728,0.745,0.795,0.728
17/05/2019 12:00,0.667,0.763,0.79,0.667
17/05/2019 13:00,0.552,0.732,0.738,0.552
17/05/2019 14:00,0.376,0.652,0.636,0.376
17/05/2019 15:00,0.144,0.518,0.478,0.144
17/05/2019 16:00,0.0,0.316,0.259,0.0
17/05/2019 17:00,0.0,0.025,0.009,0.0
17/05/2019 18:00,0.0,0.0,0.0,0.0
17/05/2019 19:00,0.0,0.0,0.0,0.0
17/05/2019 20:00,0.0,0.0,0.0,0.0
17/05/2019 21:00,0.0,0.0,0.0,0.0
17/05/2019 22:00,0.0,0.0,0.0,0.0
17/05/2019 23:00,0.0,0.0,0.0,0.0
18/05/2019 00:00,0.0,0.0,0.0,0.0
18/05/2019 01:00,0.0,0.0,0.0,0.0
18/05/2019 02:00,0.0,0.0,0.0,0.0
18/05/2019 03:00,0.0,0.0,0.0,0.0
18/05/2019 04:00,0.0,0.0,0.0,0.0
18/05/2019 05:00,0.016,0.0,0.0,0.016
18/05/2019 06:00,0.294,0.0,0.004,0.294
18/05/2019 07:00,0.516,0.018,0.255,0.516
18/05/2019 08:00,0.655,0.233,0.491,0.655
18/05/2019 09:00,0.734,0.504,0.646,0.734
18/05/2019 10:00,0.764,0.657,0.743,0.764
18/05/2019 11:00,0.745,0.727,0.789,0.745
18/05/2019 12:00,0.675,0.745,0.788,0.675
18/05/2019 13:00,0.568,0.718,0.74,0.568
18/05/2019 14:00,0.4,0.617,0.643,0.4
18/05/2019 15:00,0.166,0.46,0.491,0.166
18/05/2019 16:00,0.0,0.302,0.276,0.0
18/05/2019 17:00,0.0,0.013,0.01,0.0
18/05/2019 18:00,0.0,0.0,0.0,0.0
18/05/2019 19:00,0.0,0.0,0.0,0.0
18/05/2019 20:00,0.0,0.0,0.0,0.0
18/05/2019 21:00,0.0,0.0,0.0,0.0
18/05/2019 22:00,0.0,0.0,0.0,0.0
18/05/2019 23:00,0.0,0.0,0.0,0.0
19/05/2019 00:00,0.0,0.0,0.0,0.0
19/05/2019 01:00,0.0,0.0,0.0,0.0
19/05/2019 02:00,0.0,0.0,0.0,0.0
19/05/2019 03:00,0.0,0.0,0.0,0.0
19/05/2019 04:00,0.0,0.0,0.0,0.0
19/05/2019 05:00,0.006,0.0,0.0,0.006
19/05/2019 06:00,0.166,0.0,0.004,0.166
19/05/2019 07:00,0.433,0.005,0.249,0.433
19/05/2019 08:00,0.559,0.187,0.483,0.559
19/05/2019 09:00,0.689,0.497,0.64,0.689
19/05/2019 10:00,0.754,0.638,0.738,0.754
19/05/2019 11:00,0.736,0.71,0.784,0.736
19/05/2019 12:00,0.663,0.733,0.781,0.663
19/05/2019 13:00,0.503,0.707,0.716,0.503
19/05/2019 14:00,0.272,0.631,0.564,0.272
19/05/2019 15:00,0.06,0.499,0.373,0.06
19/05/2019 16:00,0.0,0.302,0.165,0.0
19/05/2019 17:00,0.0,0.029,0.005,0.0
19/05/2019 18:00,0.0,0.0,0.0,0.0
19/05/2019 19:00,0.0,0.0,0.0,0.0
19/05/2019 20:00,0.0,0.0,0.0,0.0
19/05/2019 21:00,0.0,0.0,0.0,0.0
19/05/2019 22:00,0.0,0.0,0.0,0.0
19/05/2019 23:00,0.0,0.0,0.0,0.0
20/05/2019 00:00,0.0,0.0,0.0,0.0
20/05/2019 01:00,0.0,0.0,0.0,0.0
20/05/2019 02:00,0.0,0.0,0.0,0.0
20/05/2019 03:00,0.0,0.0,0.0,0.0
20/05/2019 04:00,0.0,0.0,0.0,0.0
20/05/2019 05:00,0.002,0.0,0.0,0.002
20/05/2019 06:00,0.061,0.0,0.002,0.061
20/05/2019 07:00,0.163,0.039,0.235,0.163
20/05/2019 08:00,0.222,0.321,0.475,0.222
20/05/2019 09:00,0.231,0.527,0.634,0.231
20/05/2019 10:00,0.249,0.654,0.734,0.249
20/05/2019 11:00,0.356,0.717,0.779,0.356
20/05/2019 12:00,0.428,0.736,0.779,0.428
20/05/2019 13:00,0.36,0.708,0.732,0.36
20/05/2019 14:00,0.181,0.631,0.635,0.181
20/05/2019 15:00,0.03,0.5,0.483,0.03
20/05/2019 16:00,0.0,0.307,0.267,0.0
20/05/2019 17:00,0.0,0.03,0.008,0.0
20/05/2019 18:00,0.0,0.0,0.0,0.0
20/05/2019 19:00,0.0,0.0,0.0,0.0
20/05/2019 20:00,0.0,0.0,0.0,0.0
20/05/2019 21:00,0.0,0.0,0.0,0.0
20/05/2019 22:00,0.0,0.0,0.0,0.0
20/05/2019 23:00,0.0,0.0,0.0,0.0
21/05/2019 00:00,0.0,0.0,0.0,0.0
21/05/2019 01:00,0.0,0.0,0.0,0.0
21/05/2019 02:00,0.0,0.0,0.0,0.0
21/05/2019 03:00,0.0,0.0,0.0,0.0
21/05/2019 04:00,0.0,0.0,0.0,0.0
21/05/2019 05:00,0.013,0.0,0.0,0.013
21/05/2019 06:00,0.315,0.0,0.0,0.315
21/05/2019 07:00,0.575,0.035,0.066,0.575
21/05/2019 08:00,0.726,0.309,0.241,0.726
21/05/2019 09:00,0.81,0.513,0.569,0.81
21/05/2019 10:00,0.841,0.638,0.745,0.841
21/05/2019 11:00,0.822,0.703,0.792,0.822
21/05/2019 12:00,0.754,0.719,0.789,0.754
21/05/2019 13:00,0.632,0.689,0.739,0.632
21/05/2019 14:00,0.45,0.607,0.64,0.45
21/05/2019 15:00,0.195,0.472,0.483,0.195
21/05/2019 16:00,0.0,0.272,0.261,0.0
21/05/2019 17:00,0.0,0.02,0.007,0.0
21/05/2019 18:00,0.0,0.0,0.0,0.0
21/05/2019 19:00,0.0,0.0,0.0,0.0
21/05/2019 20:00,0.0,0.0,0.0,0.0
21/05/2019 21:00,0.0,0.0,0.0,0.0
21/05/2019 22:00,0.0,0.0,0.0,0.0
21/05/2019 23:00,0.0,0.0,0.0,0.0
22/05/2019 00:00,0.0,0.0,0.0,0.0
22/05/2019 01:00,0.0,0.0,0.0,0.0
22/05/2019 02:00,0.0,0.0,0.0,0.0
22/05/2019 03:00,0.0,0.0,0.0,0.0
22/05/2019 04:00,0.0,0.0,0.0,0.0
22/05/2019 05:00,0.012,0.0,0.0,0.012
22/05/2019 06:00,0.267,0.0,0.0,0.267
22/05/2019 07:00,0.494,0.016,0.108,0.494
22/05/2019 08:00,0.64,0.241,0.412,0.64
22/05/2019 09:00,0.722,0.5,0.636,0.722
22/05/2019 10:00,0.755,0.64,0.736,0.755
22/05/2019 11:00,0.73,0.713,0.786,0.73
22/05/2019 12:00,0.635,0.732,0.785,0.635
22/05/2019 13:00,0.497,0.701,0.737,0.497
22/05/2019 14:00,0.311,0.619,0.639,0.311
22/05/2019 15:00,0.093,0.48,0.484,0.093
22/05/2019 16:00,0.0,0.277,0.265,0.0
22/05/2019 17:00,0.0,0.02,0.007,0.0
22/05/2019 18:00,0.0,0.0,0.0,0.0
22/05/2019 19:00,0.0,0.0,0.0,0.0
22/05/2019 20:00,0.0,0.0,0.0,0.0
22/05/2019 21:00,0.0,0.0,0.0,0.0
22/05/2019 22:00,0.0,0.0,0.0,0.0
22/05/2019 23:00,0.0,0.0,0.0,0.0
23/05/2019 00:00,0.0,0.0,0.0,0.0
23/05/2019 01:00,0.0,0.0,0.0,0.0
23/05/2019 02:00,0.0,0.0,0.0,0.0
23/05/2019 03:00,0.0,0.0,0.0,0.0
23/05/2019 04:00,0.0,0.0,0.0,0.0
23/05/2019 05:00,0.005,0.0,0.0,0.005
23/05/2019 06:00,0.214,0.0,0.002,0.214
23/05/2019 07:00,0.442,0.028,0.244,0.442
23/05/2019 08:00,0.572,0.3,0.481,0.572
23/05/2019 09:00,0.623,0.514,0.638,0.623
23/05/2019 10:00,0.543,0.649,0.737,0.543
23/05/2019 11:00,0.469,0.722,0.782,0.469
23/05/2019 12:00,0.482,0.741,0.78,0.482
23/05/2019 13:00,0.457,0.711,0.73,0.457
23/05/2019 14:00,0.311,0.63,0.636,0.311
23/05/2019 15:00,0.086,0.493,0.483,0.086
23/05/2019 16:00,0.0,0.292,0.265,0.0
23/05/2019 17:00,0.0,0.022,0.007,0.0
23/05/2019 18:00,0.0,0.0,0.0,0.0
23/05/2019 19:00,0.0,0.0,0.0,0.0
23/05/2019 20:00,0.0,0.0,0.0,0.0
23/05/2019 21:00,0.0,0.0,0.0,0.0
23/05/2019 22:00,0.0,0.0,0.0,0.0
23/05/2019 23:00,0.0,0.0,0.0,0.0
24/05/2019 00:00,0.0,0.0,0.0,0.0
24/05/2019 01:00,0.0,0.0,0.0,0.0
24/05/2019 02:00,0.0,0.0,0.0,0.0
24/05/2019 03:00,0.0,0.0,0.0,0.0
24/05/2019 04:00,0.0,0.0,0.0,0.0
24/05/2019 05:00,0.007,0.0,0.0,0.007
24/05/2019 06:00,0.239,0.0,0.002,0.239
24/05/2019 07:00,0.465,0.028,0.229,0.465
24/05/2019 08:00,0.613,0.301,0.47,0.613
24/05/2019 09:00,0.701,0.513,0.628,0.701
24/05/2019 10:00,0.732,0.643,0.729,0.732
24/05/2019 11:00,0.717,0.712,0.777,0.717
24/05/2019 12:00,0.651,0.734,0.776,0.651
24/05/2019 13:00,0.533,0.706,0.727,0.533
24/05/2019 14:00,0.354,0.628,0.628,0.354
24/05/2019 15:00,0.113,0.494,0.474,0.113
24/05/2019 16:00,0.0,0.294,0.256,0.0
24/05/2019 17:00,0.0,0.021,0.006,0.0
24/05/2019 18:00,0.0,0.0,0.0,0.0
24/05/2019 19:00,0.0,0.0,0.0,0.0
24/05/2019 20:00,0.0,0.0,0.0,0.0
24/05/2019 21:00,0.0,0.0,0.0,0.0
24/05/2019 22:00,0.0,0.0,0.0,0.0
24/05/2019 23:00,0.0,0.0,0.0,0.0
25/05/2019 00:00,0.0,0.0,0.0,0.0
25/05/2019 01:00,0.0,0.0,0.0,0.0
25/05/2019 02:00,0.0,0.0,0.0,0.0
25/05/2019 03:00,0.0,0.0,0.0,0.0
25/05/2019 04:00,0.0,0.0,0.0,0.0
25/05/2019 05:00,0.003,0.0,0.0,0.003
25/05/2019 06:00,0.134,0.0,0.002,0.134
25/05/2019 07:00,0.345,0.014,0.246,0.345
25/05/2019 08:00,0.534,0.236,0.481,0.534
25/05/2019 09:00,0.66,0.495,0.637,0.66
25/05/2019 10:00,0.705,0.633,0.735,0.705
25/05/2019 11:00,0.696,0.599,0.78,0.696
25/05/2019 12:00,0.636,0.473,0.779,0.636
25/05/2019 13:00,0.505,0.292,0.732,0.505
25/05/2019 14:00,0.327,0.231,0.636,0.327
25/05/2019 15:00,0.1,0.28,0.485,0.1
25/05/2019 16:00,0.0,0.188,0.27,0.0
25/05/2019 17:00,0.0,0.01,0.006,0.0
25/05/2019 18:00,0.0,0.0,0.0,0.0
25/05/2019 19:00,0.0,0.0,0.0,0.0
25/05/2019 20:00,0.0,0.0,0.0,0.0
25/05/2019 21:00,0.0,0.0,0.0,0.0
25/05/2019 22:00,0.0,0.0,0.0,0.0
25/05/2019 23:00,0.0,0.0,0.0,0.0
26/05/2019 00:00,0.0,0.0,0.0,0.0
26/05/2019 01:00,0.0,0.0,0.0,0.0
26/05/2019 02:00,0.0,0.0,0.0,0.0
26/05/2019 03:00,0.0,0.0,0.0,0.0
26/05/2019 04:00,0.0,0.0,0.0,0.0
26/05/2019 05:00,0.002,0.0,0.0,0.002
26/05/2019 06:00,0.18,0.0,0.002,0.18
26/05/2019 07:00,0.447,0.0,0.242,0.447
26/05/2019 08:00,0.594,0.044,0.477,0.594
26/05/2019 09:00,0.672,0.084,0.631,0.672
26/05/2019 10:00,0.695,0.155,0.719,0.695
26/05/2019 11:00,0.675,0.263,0.767,0.675
26/05/2019 12:00,0.575,0.291,0.767,0.575
26/05/2019 13:00,0.371,0.297,0.711,0.371
26/05/2019 14:00,0.136,0.29,0.614,0.136
26/05/2019 15:00,0.015,0.224,0.445,0.015
26/05/2019 16:00,0.0,0.085,0.205,0.0
26/05/2019 17:00,0.0,0.001,0.003,0.0
26/05/2019 18:00,0.0,0.0,0.0,0.0
26/05/2019 19:00,0.0,0.0,0.0,0.0
26/05/2019 20:00,0.0,0.0,0.0,0.0
26/05/2019 21:00,0.0,0.0,0.0,0.0
26/05/2019 22:00,0.0,0.0,0.0,0.0
26/05/2019 23:00,0.0,0.0,0.0,0.0
27/05/2019 00:00,0.0,0.0,0.0,0.0
27/05/2019 01:00,0.0,0.0,0.0,0.0
27/05/2019 02:00,0.0,0.0,0.0,0.0
27/05/2019 03:00,0.0,0.0,0.0,0.0
27/05/2019 04:00,0.0,0.0,0.0,0.0
27/05/2019 05:00,0.0,0.0,0.0,0.0
27/05/2019 06:00,0.062,0.0,0.003,0.062
27/05/2019 07:00,0.244,0.001,0.296,0.244
27/05/2019 08:00,0.476,0.051,0.545,0.476
27/05/2019 09:00,0.632,0.098,0.711,0.632
27/05/2019 10:00,0.687,0.14,0.81,0.687
27/05/2019 11:00,0.684,0.291,0.851,0.684
27/05/2019 12:00,0.622,0.554,0.844,0.622
27/05/2019 13:00,0.497,0.661,0.79,0.497
27/05/2019 14:00,0.31,0.63,0.685,0.31
27/05/2019 15:00,0.078,0.47,0.522,0.078
27/05/2019 16:00,0.0,0.264,0.24,0.0
27/05/2019 17:00,0.0,0.015,0.004,0.0
27/05/2019 18:00,0.0,0.0,0.0,0.0
27/05/2019 19:00,0.0,0.0,0.0,0.0
27/05/2019 20:00,0.0,0.0,0.0,0.0
27/05/2019 21:00,0.0,0.0,0.0,0.0
27/05/2019 22:00,0.0,0.0,0.0,0.0
27/05/2019 23:00,0.0,0.0,0.0,0.0
28/05/2019 00:00,0.0,0.0,0.0,0.0
28/05/2019 01:00,0.0,0.0,0.0,0.0
28/05/2019 02:00,0.0,0.0,0.0,0.0
28/05/2019 03:00,0.0,0.0,0.0,0.0
28/05/2019 04:00,0.0,0.0,0.0,0.0
28/05/2019 05:00,0.006,0.0,0.0,0.006
28/05/2019 06:00,0.254,0.0,0.002,0.254
28/05/2019 07:00,0.486,0.022,0.273,0.486
28/05/2019 08:00,0.635,0.273,0.514,0.635
28/05/2019 09:00,0.719,0.421,0.659,0.719
28/05/2019 10:00,0.751,0.488,0.767,0.751
28/05/2019 11:00,0.736,0.472,0.815,0.736
28/05/2019 12:00,0.672,0.592,0.811,0.672
28/05/2019 13:00,0.555,0.542,0.76,0.555
28/05/2019 14:00,0.376,0.429,0.661,0.376
28/05/2019 15:00,0.123,0.444,0.506,0.123
28/05/2019 16:00,0.0,0.266,0.286,0.0
28/05/2019 17:00,0.0,0.012,0.006,0.0
28/05/2019 18:00,0.0,0.0,0.0,0.0
28/05/2019 19:00,0.0,0.0,0.0,0.0
28/05/2019 20:00,0.0,0.0,0.0,0.0
28/05/2019 21:00,0.0,0.0,0.0,0.0
28/05/2019 22:00,0.0,0.0,0.0,0.0
28/05/2019 23:00,0.0,0.0,0.0,0.0
29/05/2019 00:00,0.0,0.0,0.0,0.0
29/05/2019 01:00,0.0,0.0,0.0,0.0
29/05/2019 02:00,0.0,0.0,0.0,0.0
29/05/2019 03:00,0.0,0.0,0.0,0.0
29/05/2019 04:00,0.0,0.0,0.0,0.0
29/05/2019 05:00,0.002,0.0,0.0,0.002
29/05/2019 06:00,0.133,0.0,0.002,0.133
29/05/2019 07:00,0.318,0.001,0.269,0.318
29/05/2019 08:00,0.456,0.06,0.506,0.456
29/05/2019 09:00,0.545,0.135,0.661,0.545
29/05/2019 10:00,0.674,0.175,0.754,0.674
29/05/2019 11:00,0.702,0.276,0.796,0.702
29/05/2019 12:00,0.646,0.354,0.792,0.646
29/05/2019 13:00,0.529,0.321,0.741,0.529
29/05/2019 14:00,0.348,0.305,0.641,0.348
29/05/2019 15:00,0.102,0.188,0.487,0.102
29/05/2019 16:00,0.0,0.07,0.268,0.0
29/05/2019 17:00,0.0,0.002,0.005,0.0
29/05/2019 18:00,0.0,0.0,0.0,0.0
29/05/2019 19:00,0.0,0.0,0.0,0.0
29/05/2019 20:00,0.0,0.0,0.0,0.0
29/05/2019 21:00,0.0,0.0,0.0,0.0
29/05/2019 22:00,0.0,0.0,0.0,0.0
29/05/2019 23:00,0.0,0.0,0.0,0.0
30/05/2019 00:00,0.0,0.0,0.0,0.0
30/05/2019 01:00,0.0,0.0,0.0,0.0
30/05/2019 02:00,0.0,0.0,0.0,0.0
30/05/2019 03:00,0.0,0.0,0.0,0.0
30/05/2019 04:00,0.0,0.0,0.0,0.0
30/05/2019 05:00,0.004,0.0,0.0,0.004
30/05/2019 06:00,0.179,0.0,0.001,0.179
30/05/2019 07:00,0.33,0.003,0.233,0.33
30/05/2019 08:00,0.494,0.096,0.475,0.494
30/05/2019 09:00,0.536,0.307,0.636,0.536
30/05/2019 10:00,0.54,0.573,0.733,0.54
30/05/2019 11:00,0.421,0.713,0.778,0.421
30/05/2019 12:00,0.297,0.736,0.775,0.297
30/05/2019 13:00,0.275,0.708,0.726,0.275
30/05/2019 14:00,0.185,0.629,0.628,0.185
30/05/2019 15:00,0.034,0.493,0.474,0.034
30/05/2019 16:00,0.0,0.289,0.253,0.0
30/05/2019 17:00,0.0,0.016,0.004,0.0
30/05/2019 18:00,0.0,0.0,0.0,0.0
30/05/2019 19:00,0.0,0.0,0.0,0.0
30/05/2019 20:00,0.0,0.0,0.0,0.0
30/05/2019 21:00,0.0,0.0,0.0,0.0
30/05/2019 22:00,0.0,0.0,0.0,0.0
30/05/2019 23:00,0.0,0.0,0.0,0.0
31/05/2019 00:00,0.0,0.0,0.0,0.0
31/05/2019 01:00,0.0,0.0,0.0,0.0
31/05/2019 02:00,0.0,0.0,0.0,0.0
31/05/2019 03:00,0.0,0.0,0.0,0.0
31/05/2019 04:00,0.0,0.0,0.0,0.0
31/05/2019 05:00,0.003,0.0,0.0,0.003
31/05/2019 06:00,0.202,0.0,0.001,0.202
31/05/2019 07:00,0.434,0.023,0.235,0.434
31/05/2019 08:00,0.584,0.313,0.473,0.584
31/05/2019 09:00,0.683,0.523,0.63,0.683
31/05/2019 10:00,0.7,0.652,0.73,0.7
31/05/2019 11:00,0.67,0.716,0.774,0.67
31/05/2019 12:00,0.601,0.731,0.773,0.601
31/05/2019 13:00,0.486,0.7,0.724,0.486
31/05/2019 14:00,0.31,0.619,0.626,0.31
31/05/2019 15:00,0.082,0.485,0.472,0.082
31/05/2019 16:00,0.0,0.286,0.25,0.0
31/05/2019 17:00,0.0,0.015,0.003,0.0
31/05/2019 18:00,0.0,0.0,0.0,0.0
31/05/2019 19:00,0.0,0.0,0.0,0.0
31/05/2019 20:00,0.0,0.0,0.0,0.0
31/05/2019 21:00,0.0,0.0,0.0,0.0
31/05/2019 22:00,0.0,0.0,0.0,0.0
31/05/2019 23:00,0.0,0.0,0.0,0.0
01/06/2019 00:00,0.0,0.0,0.0,0.0
01/06/2019 01:00,0.0,0.0,0.0,0.0
01/06/2019 02:00,0.0,0.0,0.0,0.0
01/06/2019 03:00,0.0,0.0,0.0,0.0
01/06/2019 04:00,0.0,0.0,0.0,0.0
01/06/2019 05:00,0.004,0.0,0.0,0.004
01/06/2019 06:00,0.24,0.0,0.0,0.24
01/06/2019 07:00,0.472,0.018,0.235,0.472
01/06/2019 08:00,0.623,0.29,0.477,0.623
01/06/2019 09:00,0.709,0.503,0.633,0.709
01/06/2019 10:00,0.742,0.634,0.73,0.742
01/06/2019 11:00,0.726,0.701,0.774,0.726
01/06/2019 12:00,0.668,0.718,0.773,0.668
01/06/2019 13:00,0.55,0.688,0.724,0.55
01/06/2019 14:00,0.368,0.606,0.627,0.368
01/06/2019 15:00,0.11,0.468,0.473,0.11
01/06/2019 16:00,0.0,0.261,0.252,0.0
01/06/2019 17:00,0.0,0.01,0.003,0.0
01/06/2019 18:00,0.0,0.0,0.0,0.0
01/06/2019 19:00,0.0,0.0,0.0,0.0
01/06/2019 20:00,0.0,0.0,0.0,0.0
01/06/2019 21:00,0.0,0.0,0.0,0.0
01/06/2019 22:00,0.0,0.0,0.0,0.0
01/06/2019 23:00,0.0,0.0,0.0,0.0
02/06/2019 00:00,0.0,0.0,0.0,0.0
02/06/2019 01:00,0.0,0.0,0.0,0.0
02/06/2019 02:00,0.0,0.0,0.0,0.0
02/06/2019 03:00,0.0,0.0,0.0,0.0
02/06/2019 04:00,0.0,0.0,0.0,0.0
02/06/2019 05:00,0.002,0.0,0.0,0.002
02/06/2019 06:00,0.225,0.0,0.0,0.225
02/06/2019 07:00,0.483,0.003,0.238,0.483
02/06/2019 08:00,0.631,0.104,0.48,0.631
02/06/2019 09:00,0.713,0.278,0.637,0.713
02/06/2019 10:00,0.707,0.465,0.734,0.707
02/06/2019 11:00,0.437,0.578,0.779,0.437
02/06/2019 12:00,0.286,0.608,0.777,0.286
02/06/2019 13:00,0.531,0.57,0.729,0.531
02/06/2019 14:00,0.363,0.49,0.63,0.363
02/06/2019 15:00,0.105,0.345,0.477,0.105
02/06/2019 16:00,0.0,0.164,0.256,0.0
02/06/2019 17:00,0.0,0.007,0.003,0.0
02/06/2019 18:00,0.0,0.0,0.0,0.0
02/06/2019 19:00,0.0,0.0,0.0,0.0
02/06/2019 20:00,0.0,0.0,0.0,0.0
02/06/2019 21:00,0.0,0.0,0.0,0.0
02/06/2019 22:00,0.0,0.0,0.0,0.0
02/06/2019 23:00,0.0,0.0,0.0,0.0
03/06/2019 00:00,0.0,0.0,0.0,0.0
03/06/2019 01:00,0.0,0.0,0.0,0.0
03/06/2019 02:00,0.0,0.0,0.0,0.0
03/06/2019 03:00,0.0,0.0,0.0,0.0
03/06/2019 04:00,0.0,0.0,0.0,0.0
03/06/2019 05:00,0.003,0.0,0.0,0.003
03/06/2019 06:00,0.137,0.0,0.001,0.137
03/06/2019 07:00,0.318,0.002,0.252,0.318
03/06/2019 08:00,0.525,0.076,0.491,0.525
03/06/2019 09:00,0.65,0.171,0.646,0.65
03/06/2019 10:00,0.698,0.256,0.743,0.698
03/06/2019 11:00,0.606,0.306,0.785,0.606
03/06/2019 12:00,0.475,0.329,0.781,0.475
03/06/2019 13:00,0.517,0.309,0.73,0.517
03/06/2019 14:00,0.369,0.257,0.632,0.369
03/06/2019 15:00,0.112,0.178,0.479,0.112
03/06/2019 16:00,0.0,0.079,0.259,0.0
03/06/2019 17:00,0.0,0.002,0.003,0.0
03/06/2019 18:00,0.0,0.0,0.0,0.0
03/06/2019 19:00,0.0,0.0,0.0,0.0
03/06/2019 20:00,0.0,0.0,0.0,0.0
03/06/2019 21:00,0.0,0.0,0.0,0.0
03/06/2019 22:00,0.0,0.0,0.0,0.0
03/06/2019 23:00,0.0,0.0,0.0,0.0
04/06/2019 00:00,0.0,0.0,0.0,0.0
04/06/2019 01:00,0.0,0.0,0.0,0.0
04/06/2019 02:00,0.0,0.0,0.0,0.0
04/06/2019 03:00,0.0,0.0,0.0,0.0
04/06/2019 04:00,0.0,0.0,0.0,0.0
04/06/2019 05:00,0.0,0.0,0.0,0.0
04/06/2019 06:00,0.095,0.0,0.0,0.095
04/06/2019 07:00,0.383,0.003,0.245,0.383
04/06/2019 08:00,0.56,0.125,0.483,0.56
04/06/2019 09:00,0.589,0.36,0.641,0.589
04/06/2019 10:00,0.655,0.521,0.74,0.655
04/06/2019 11:00,0.658,0.604,0.785,0.658
04/06/2019 12:00,0.55,0.627,0.783,0.55
04/06/2019 13:00,0.405,0.598,0.734,0.405
04/06/2019 14:00,0.227,0.515,0.637,0.227
04/06/2019 15:00,0.04,0.364,0.482,0.04
04/06/2019 16:00,0.0,0.155,0.257,0.0
04/06/2019 17:00,0.0,0.003,0.003,0.0
04/06/2019 18:00,0.0,0.0,0.0,0.0
04/06/2019 19:00,0.0,0.0,0.0,0.0
04/06/2019 20:00,0.0,0.0,0.0,0.0
04/06/2019 21:00,0.0,0.0,0.0,0.0
04/06/2019 22:00,0.0,0.0,0.0,0.0
04/06/2019 23:00,0.0,0.0,0.0,0.0
05/06/2019 00:00,0.0,0.0,0.0,0.0
05/06/2019 01:00,0.0,0.0,0.0,0.0
05/06/2019 02:00,0.0,0.0,0.0,0.0
05/06/2019 03:00,0.0,0.0,0.0,0.0
05/06/2019 04:00,0.0,0.0,0.0,0.0
05/06/2019 05:00,0.0,0.0,0.0,0.0
05/06/2019 06:00,0.119,0.0,0.0,0.119
05/06/2019 07:00,0.457,0.011,0.115,0.457
05/06/2019 08:00,0.64,0.259,0.335,0.64
05/06/2019 09:00,0.736,0.478,0.638,0.736
05/06/2019 10:00,0.789,0.615,0.738,0.789
05/06/2019 11:00,0.768,0.686,0.781,0.768
05/06/2019 12:00,0.689,0.709,0.777,0.689
05/06/2019 13:00,0.543,0.682,0.726,0.543
05/06/2019 14:00,0.385,0.605,0.623,0.385
05/06/2019 15:00,0.117,0.469,0.464,0.117
05/06/2019 16:00,0.0,0.264,0.234,0.0
05/06/2019 17:00,0.0,0.01,0.002,0.0
05/06/2019 18:00,0.0,0.0,0.0,0.0
05/06/2019 19:00,0.0,0.0,0.0,0.0
05/06/2019 20:00,0.0,0.0,0.0,0.0
05/06/2019 21:00,0.0,0.0,0.0,0.0
05/06/2019 22:00,0.0,0.0,0.0,0.0
05/06/2019 23:00,0.0,0.0,0.0,0.0
06/06/2019 00:00,0.0,0.0,0.0,0.0
06/06/2019 01:00,0.0,0.0,0.0,0.0
06/06/2019 02:00,0.0,0.0,0.0,0.0
06/06/2019 03:00,0.0,0.0,0.0,0.0
06/06/2019 04:00,0.0,0.0,0.0,0.0
06/06/2019 05:00,0.002,0.0,0.0,0.002
06/06/2019 06:00,0.091,0.0,0.0,0.091
06/06/2019 07:00,0.167,0.012,0.059,0.167
06/06/2019 08:00,0.419,0.272,0.211,0.419
06/06/2019 09:00,0.646,0.487,0.565,0.646
06/06/2019 10:00,0.748,0.621,0.734,0.748
06/06/2019 11:00,0.752,0.691,0.781,0.752
06/06/2019 12:00,0.687,0.711,0.777,0.687
06/06/2019 13:00,0.565,0.683,0.719,0.565
06/06/2019 14:00,0.371,0.601,0.61,0.371
06/06/2019 15:00,0.075,0.465,0.445,0.075
06/06/2019 16:00,0.0,0.26,0.215,0.0
06/06/2019 17:00,0.0,0.009,0.001,0.0
06/06/2019 18:00,0.0,0.0,0.0,0.0
06/06/2019 19:00,0.0,0.0,0.0,0.0
06/06/2019 20:00,0.0,0.0,0.0,0.0
06/06/2019 21:00,0.0,0.0,0.0,0.0
06/06/2019 22:00,0.0,0.0,0.0,0.0
06/06/2019 23:00,0.0,0.0,0.0,0.0
07/06/2019 00:00,0.0,0.0,0.0,0.0
07/06/2019 01:00,0.0,0.0,0.0,0.0
07/06/2019 02:00,0.0,0.0,0.0,0.0
07/06/2019 03:00,0.0,0.0,0.0,0.0
07/06/2019 04:00,0.0,0.0,0.0,0.0
07/06/2019 05:00,0.005,0.0,0.0,0.005
07/06/2019 06:00,0.279,0.0,0.0,0.279
07/06/2019 07:00,0.511,0.007,0.048,0.511
07/06/2019 08:00,0.659,0.188,0.208,0.659
07/06/2019 09:00,0.744,0.439,0.593,0.744
07/06/2019 10:00,0.775,0.613,0.735,0.775
07/06/2019 11:00,0.757,0.689,0.782,0.757
07/06/2019 12:00,0.69,0.709,0.783,0.69
07/06/2019 13:00,0.571,0.679,0.734,0.571
07/06/2019 14:00,0.389,0.599,0.633,0.389
07/06/2019 15:00,0.12,0.462,0.476,0.12
07/06/2019 16:00,0.0,0.256,0.248,0.0
07/06/2019 17:00,0.0,0.008,0.002,0.0
07/06/2019 18:00,0.0,0.0,0.0,0.0
07/06/2019 19:00,0.0,0.0,0.0,0.0
07/06/2019 20:00,0.0,0.0,0.0,0.0
07/06/2019 21:00,0.0,0.0,0.0,0.0
07/06/2019 22:00,0.0,0.0,0.0,0.0
07/06/2019 23:00,0.0,0.0,0.0,0.0
08/06/2019 00:00,0.0,0.0,0.0,0.0
08/06/2019 01:00,0.0,0.0,0.0,0.0
08/06/2019 02:00,0.0,0.0,0.0,0.0
08/06/2019 03:00,0.0,0.0,0.0,0.0
08/06/2019 04:00,0.0,0.0,0.0,0.0
08/06/2019 05:00,0.005,0.0,0.0,0.005
08/06/2019 06:00,0.288,0.0,0.0,0.288
08/06/2019 07:00,0.516,0.011,0.24,0.516
08/06/2019 08:00,0.661,0.272,0.481,0.661
08/06/2019 09:00,0.741,0.488,0.638,0.741
08/06/2019 10:00,0.772,0.621,0.737,0.772
08/06/2019 11:00,0.756,0.691,0.783,0.756
08/06/2019 12:00,0.692,0.709,0.781,0.692
08/06/2019 13:00,0.574,0.678,0.731,0.574
08/06/2019 14:00,0.394,0.597,0.634,0.394
08/06/2019 15:00,0.124,0.46,0.478,0.124
08/06/2019 16:00,0.0,0.254,0.252,0.0
08/06/2019 17:00,0.0,0.008,0.002,0.0
08/06/2019 18:00,0.0,0.0,0.0,0.0
08/06/2019 19:00,0.0,0.0,0.0,0.0
08/06/2019 20:00,0.0,0.0,0.0,0.0
08/06/2019 21:00,0.0,0.0,0.0,0.0
08/06/2019 22:00,0.0,0.0,0.0,0.0
08/06/2019 23:00,0.0,0.0,0.0,0.0
09/06/2019 00:00,0.0,0.0,0.0,0.0
09/06/2019 01:00,0.0,0.0,0.0,0.0
09/06/2019 02:00,0.0,0.0,0.0,0.0
09/06/2019 03:00,0.0,0.0,0.0,0.0
09/06/2019 04:00,0.0,0.0,0.0,0.0
09/06/2019 05:00,0.004,0.0,0.0,0.004
09/06/2019 06:00,0.272,0.0,0.0,0.272
09/06/2019 07:00,0.502,0.003,0.231,0.502
09/06/2019 08:00,0.647,0.203,0.475,0.647
09/06/2019 09:00,0.727,0.468,0.638,0.727
09/06/2019 10:00,0.751,0.602,0.736,0.751
09/06/2019 11:00,0.725,0.673,0.783,0.725
09/06/2019 12:00,0.654,0.691,0.78,0.654
09/06/2019 13:00,0.528,0.659,0.73,0.528
09/06/2019 14:00,0.333,0.58,0.63,0.333
09/06/2019 15:00,0.079,0.437,0.474,0.079
09/06/2019 16:00,0.0,0.196,0.247,0.0
09/06/2019 17:00,0.0,0.003,0.002,0.0
09/06/2019 18:00,0.0,0.0,0.0,0.0
09/06/2019 19:00,0.0,0.0,0.0,0.0
09/06/2019 20:00,0.0,0.0,0.0,0.0
09/06/2019 21:00,0.0,0.0,0.0,0.0
09/06/2019 22:00,0.0,0.0,0.0,0.0
09/06/2019 23:00,0.0,0.0,0.0,0.0
10/06/2019 00:00,0.0,0.0,0.0,0.0
10/06/2019 01:00,0.0,0.0,0.0,0.0
10/06/2019 02:00,0.0,0.0,0.0,0.0
10/06/2019 03:00,0.0,0.0,0.0,0.0
10/06/2019 04:00,0.0,0.0,0.0,0.0
10/06/2019 05:00,0.004,0.0,0.0,0.004
10/06/2019 06:00,0.262,0.0,0.0,0.262
10/06/2019 07:00,0.501,0.009,0.246,0.501
10/06/2019 08:00,0.666,0.272,0.485,0.666
10/06/2019 09:00,0.746,0.503,0.642,0.746
10/06/2019 10:00,0.779,0.648,0.739,0.779
10/06/2019 11:00,0.762,0.726,0.782,0.762
10/06/2019 12:00,0.696,0.746,0.779,0.696
10/06/2019 13:00,0.576,0.701,0.728,0.576
10/06/2019 14:00,0.392,0.546,0.629,0.392
10/06/2019 15:00,0.12,0.239,0.473,0.12
10/06/2019 16:00,0.0,0.057,0.247,0.0
10/06/2019 17:00,0.0,0.0,0.002,0.0
10/06/2019 18:00,0.0,0.0,0.0,0.0
10/06/2019 19:00,0.0,0.0,0.0,0.0
10/06/2019 20:00,0.0,0.0,0.0,0.0
10/06/2019 21:00,0.0,0.0,0.0,0.0
10/06/2019 22:00,0.0,0.0,0.0,0.0
10/06/2019 23:00,0.0,0.0,0.0,0.0
11/06/2019 00:00,0.0,0.0,0.0,0.0
11/06/2019 01:00,0.0,0.0,0.0,0.0
11/06/2019 02:00,0.0,0.0,0.0,0.0
11/06/2019 03:00,0.0,0.0,0.0,0.0
11/06/2019 04:00,0.0,0.0,0.0,0.0
11/06/2019 05:00,0.005,0.0,0.0,0.005
11/06/2019 06:00,0.29,0.0,0.0,0.29
11/06/2019 07:00,0.52,0.002,0.226,0.52
11/06/2019 08:00,0.665,0.117,0.464,0.665
11/06/2019 09:00,0.743,0.205,0.618,0.743
11/06/2019 10:00,0.767,0.204,0.711,0.767
11/06/2019 11:00,0.741,0.223,0.761,0.741
11/06/2019 12:00,0.672,0.354,0.761,0.672
11/06/2019 13:00,0.552,0.254,0.713,0.552
11/06/2019 14:00,0.367,0.152,0.616,0.367
11/06/2019 15:00,0.098,0.125,0.462,0.098
11/06/2019 16:00,0.0,0.057,0.238,0.0
11/06/2019 17:00,0.0,0.0,0.002,0.0
11/06/2019 18:00,0.0,0.0,0.0,0.0
11/06/2019 19:00,0.0,0.0,0.0,0.0
11/06/2019 20:00,0.0,0.0,0.0,0.0
11/06/2019 21:00,0.0,0.0,0.0,0.0
11/06/2019 22:00,0.0,0.0,0.0,0.0
11/06/2019 23:00,0.0,0.0,0.0,0.0
12/06/2019 00:00,0.0,0.0,0.0,0.0
12/06/2019 01:00,0.0,0.0,0.0,0.0
12/06/2019 02:00,0.0,0.0,0.0,0.0
12/06/2019 03:00,0.0,0.0,0.0,0.0
12/06/2019 04:00,0.0,0.0,0.0,0.0
12/06/2019 05:00,0.0,0.0,0.0,0.0
12/06/2019 06:00,0.038,0.0,0.0,0.038
12/06/2019 07:00,0.103,0.0,0.24,0.103
12/06/2019 08:00,0.317,0.026,0.495,0.317
12/06/2019 09:00,0.67,0.102,0.667,0.67
12/06/2019 10:00,0.77,0.306,0.774,0.77
12/06/2019 11:00,0.754,0.578,0.825,0.754
12/06/2019 12:00,0.685,0.684,0.825,0.685
12/06/2019 13:00,0.563,0.689,0.777,0.563
12/06/2019 14:00,0.374,0.615,0.679,0.374
12/06/2019 15:00,0.101,0.473,0.522,0.101
12/06/2019 16:00,0.0,0.258,0.29,0.0
12/06/2019 17:00,0.0,0.006,0.003,0.0
12/06/2019 18:00,0.0,0.0,0.0,0.0
12/06/2019 19:00,0.0,0.0,0.0,0.0
12/06/2019 20:00,0.0,0.0,0.0,0.0
12/06/2019 21:00,0.0,0.0,0.0,0.0
12/06/2019 22:00,0.0,0.0,0.0,0.0
12/06/2019 23:00,0.0,0.0,0.0,0.0
13/06/2019 00:00,0.0,0.0,0.0,0.0
13/06/2019 01:00,0.0,0.0,0.0,0.0
13/06/2019 02:00,0.0,0.0,0.0,0.0
13/06/2019 03:00,0.0,0.0,0.0,0.0
13/06/2019 04:00,0.0,0.0,0.0,0.0
13/06/2019 05:00,0.005,0.0,0.0,0.005
13/06/2019 06:00,0.304,0.0,0.0,0.304
13/06/2019 07:00,0.539,0.007,0.255,0.539
13/06/2019 08:00,0.688,0.226,0.502,0.688
13/06/2019 09:00,0.774,0.436,0.666,0.774
13/06/2019 10:00,0.806,0.616,0.767,0.806
13/06/2019 11:00,0.787,0.73,0.814,0.787
13/06/2019 12:00,0.718,0.749,0.811,0.718
13/06/2019 13:00,0.595,0.718,0.76,0.595
13/06/2019 14:00,0.407,0.639,0.659,0.407
13/06/2019 15:00,0.126,0.498,0.498,0.126
13/06/2019 16:00,0.0,0.28,0.265,0.0
13/06/2019 17:00,0.0,0.008,0.002,0.0
13/06/2019 18:00,0.0,0.0,0.0,0.0
13/06/2019 19:00,0.0,0.0,0.0,0.0
13/06/2019 20:00,0.0,0.0,0.0,0.0
13/06/2019 21:00,0.0,0.0,0.0,0.0
13/06/2019 22:00,0.0,0.0,0.0,0.0
13/06/2019 23:00,0.0,0.0,0.0,0.0
14/06/2019 00:00,0.0,0.0,0.0,0.0
14/06/2019 01:00,0.0,0.0,0.0,0.0
14/06/2019 02:00,0.0,0.0,0.0,0.0
14/06/2019 03:00,0.0,0.0,0.0,0.0
14/06/2019 04:00,0.0,0.0,0.0,0.0
14/06/2019 05:00,0.005,0.0,0.0,0.005
14/06/2019 06:00,0.305,0.0,0.0,0.305
14/06/2019 07:00,0.538,0.012,0.252,0.538
14/06/2019 08:00,0.685,0.307,0.496,0.685
14/06/2019 09:00,0.77,0.51,0.657,0.77
14/06/2019 10:00,0.799,0.626,0.757,0.799
14/06/2019 11:00,0.779,0.726,0.803,0.779
14/06/2019 12:00,0.711,0.756,0.8,0.711
14/06/2019 13:00,0.59,0.717,0.748,0.59
14/06/2019 14:00,0.408,0.543,0.645,0.408
14/06/2019 15:00,0.127,0.298,0.485,0.127
14/06/2019 16:00,0.0,0.141,0.254,0.0
14/06/2019 17:00,0.0,0.005,0.002,0.0
14/06/2019 18:00,0.0,0.0,0.0,0.0
14/06/2019 19:00,0.0,0.0,0.0,0.0
14/06/2019 20:00,0.0,0.0,0.0,0.0
14/06/2019 21:00,0.0,0.0,0.0,0.0
14/06/2019 22:00,0.0,0.0,0.0,0.0
14/06/2019 23:00,0.0,0.0,0.0,0.0
15/06/2019 00:00,0.0,0.0,0.0,0.0
15/06/2019 01:00,0.0,0.0,0.0,0.0
15/06/2019 02:00,0.0,0.0,0.0,0.0
15/06/2019 03:00,0.0,0.0,0.0,0.0
15/06/2019 04:00,0.0,0.0,0.0,0.0
15/06/2019 05:00,0.004,0.0,0.0,0.004
15/06/2019 06:00,0.296,0.0,0.0,0.296
15/06/2019 07:00,0.529,0.0,0.251,0.529
15/06/2019 08:00,0.676,0.04,0.492,0.676
15/06/2019 09:00,0.752,0.106,0.65,0.752
15/06/2019 10:00,0.773,0.162,0.743,0.773
15/06/2019 11:00,0.753,0.345,0.788,0.753
15/06/2019 12:00,0.686,0.442,0.785,0.686
15/06/2019 13:00,0.566,0.523,0.734,0.566
15/06/2019 14:00,0.384,0.469,0.637,0.384
15/06/2019 15:00,0.114,0.376,0.477,0.114
15/06/2019 16:00,0.0,0.15,0.244,0.0
15/06/2019 17:00,0.0,0.002,0.001,0.0
15/06/2019 18:00,0.0,0.0,0.0,0.0
15/06/2019 19:00,0.0,0.0,0.0,0.0
15/06/2019 20:00,0.0,0.0,0.0,0.0
15/06/2019 21:00,0.0,0.0,0.0,0.0
15/06/2019 22:00,0.0,0.0,0.0,0.0
15/06/2019 23:00,0.0,0.0,0.0,0.0
16/06/2019 00:00,0.0,0.0,0.0,0.0
16/06/2019 01:00,0.0,0.0,0.0,0.0
16/06/2019 02:00,0.0,0.0,0.0,0.0
16/06/2019 03:00,0.0,0.0,0.0,0.0
16/06/2019 04:00,0.0,0.0,0.0,0.0
16/06/2019 05:00,0.002,0.0,0.0,0.002
16/06/2019 06:00,0.259,0.0,0.0,0.259
16/06/2019 07:00,0.492,0.0,0.035,0.492
16/06/2019 08:00,0.639,0.042,0.264,0.639
16/06/2019 09:00,0.723,0.199,0.597,0.723
16/06/2019 10:00,0.747,0.578,0.719,0.747
16/06/2019 11:00,0.726,0.724,0.772,0.726
16/06/2019 12:00,0.653,0.744,0.739,0.653
16/06/2019 13:00,0.515,0.711,0.629,0.515
16/06/2019 14:00,0.318,0.626,0.409,0.318
16/06/2019 15:00,0.072,0.479,0.225,0.072
16/06/2019 16:00,0.0,0.263,0.057,0.0
16/06/2019 17:00,0.0,0.007,0.0,0.0
16/06/2019 18:00,0.0,0.0,0.0,0.0
16/06/2019 19:00,0.0,0.0,0.0,0.0
16/06/2019 20:00,0.0,0.0,0.0,0.0
16/06/2019 21:00,0.0,0.0,0.0,0.0
16/06/2019 22:00,0.0,0.0,0.0,0.0
16/06/2019 23:00,0.0,0.0,0.0,0.0
17/06/2019 00:00,0.0,0.0,0.0,0.0
17/06/2019 01:00,0.0,0.0,0.0,0.0
17/06/2019 02:00,0.0,0.0,0.0,0.0
17/06/2019 03:00,0.0,0.0,0.0,0.0
17/06/2019 04:00,0.0,0.0,0.0,0.0
17/06/2019 05:00,0.001,0.0,0.0,0.001
17/06/2019 06:00,0.18,0.0,0.0,0.18
17/06/2019 07:00,0.41,0.01,0.012,0.41
17/06/2019 08:00,0.565,0.293,0.063,0.565
17/06/2019 09:00,0.657,0.514,0.119,0.657
17/06/2019 10:00,0.69,0.649,0.132,0.69
17/06/2019 11:00,0.675,0.72,0.154,0.675
17/06/2019 12:00,0.616,0.738,0.221,0.616
17/06/2019 13:00,0.483,0.705,0.468,0.483
17/06/2019 14:00,0.286,0.62,0.462,0.286
17/06/2019 15:00,0.057,0.476,0.357,0.057
17/06/2019 16:00,0.0,0.258,0.154,0.0
17/06/2019 17:00,0.0,0.007,0.0,0.0
17/06/2019 18:00,0.0,0.0,0.0,0.0
17/06/2019 19:00,0.0,0.0,0.0,0.0
17/06/2019 20:00,0.0,0.0,0.0,0.0
17/06/2019 21:00,0.0,0.0,0.0,0.0
17/06/2019 22:00,0.0,0.0,0.0,0.0
17/06/2019 23:00,0.0,0.0,0.0,0.0
18/06/2019 00:00,0.0,0.0,0.0,0.0
18/06/2019 01:00,0.0,0.0,0.0,0.0
18/06/2019 02:00,0.0,0.0,0.0,0.0
18/06/2019 03:00,0.0,0.0,0.0,0.0
18/06/2019 04:00,0.0,0.0,0.0,0.0
18/06/2019 05:00,0.001,0.0,0.0,0.001
18/06/2019 06:00,0.201,0.0,0.0,0.201
18/06/2019 07:00,0.451,0.009,0.064,0.451
18/06/2019 08:00,0.615,0.277,0.212,0.615
18/06/2019 09:00,0.703,0.507,0.39,0.703
18/06/2019 10:00,0.731,0.644,0.656,0.731
18/06/2019 11:00,0.708,0.715,0.689,0.708
18/06/2019 12:00,0.634,0.734,0.7,0.634
18/06/2019 13:00,0.508,0.702,0.67,0.508
18/06/2019 14:00,0.319,0.62,0.578,0.319
18/06/2019 15:00,0.072,0.479,0.423,0.072
18/06/2019 16:00,0.0,0.266,0.198,0.0
18/06/2019 17:00,0.0,0.007,0.0,0.0
18/06/2019 18:00,0.0,0.0,0.0,0.0
18/06/2019 19:00,0.0,0.0,0.0,0.0
18/06/2019 20:00,0.0,0.0,0.0,0.0
18/06/2019 21:00,0.0,0.0,0.0,0.0
18/06/2019 22:00,0.0,0.0,0.0,0.0
18/06/2019 23:00,0.0,0.0,0.0,0.0
19/06/2019 00:00,0.0,0.0,0.0,0.0
19/06/2019 01:00,0.0,0.0,0.0,0.0
19/06/2019 02:00,0.0,0.0,0.0,0.0
19/06/2019 03:00,0.0,0.0,0.0,0.0
19/06/2019 04:00,0.0,0.0,0.0,0.0
19/06/2019 05:00,0.001,0.0,0.0,0.001
19/06/2019 06:00,0.23,0.0,0.0,0.23
19/06/2019 07:00,0.462,0.012,0.045,0.462
19/06/2019 08:00,0.61,0.305,0.243,0.61
19/06/2019 09:00,0.691,0.52,0.584,0.691
19/06/2019 10:00,0.722,0.649,0.706,0.722
19/06/2019 11:00,0.706,0.714,0.755,0.706
19/06/2019 12:00,0.639,0.728,0.762,0.639
19/06/2019 13:00,0.515,0.687,0.704,0.515
19/06/2019 14:00,0.325,0.6,0.607,0.325
19/06/2019 15:00,0.078,0.469,0.45,0.078
19/06/2019 16:00,0.0,0.257,0.218,0.0
19/06/2019 17:00,0.0,0.007,0.001,0.0
19/06/2019 18:00,0.0,0.0,0.0,0.0
19/06/2019 19:00,0.0,0.0,0.0,0.0
19/06/2019 20:00,0.0,0.0,0.0,0.0
19/06/2019 21:00,0.0,0.0,0.0,0.0
19/06/2019 22:00,0.0,0.0,0.0,0.0
19/06/2019 23:00,0.0,0.0,0.0,0.0
20/06/2019 00:00,0.0,0.0,0.0,0.0
20/06/2019 01:00,0.0,0.0,0.0,0.0
20/06/2019 02:00,0.0,0.0,0.0,0.0
20/06/2019 03:00,0.0,0.0,0.0,0.0
20/06/2019 04:00,0.0,0.0,0.0,0.0
20/06/2019 05:00,0.002,0.0,0.0,0.002
20/06/2019 06:00,0.256,0.0,0.0,0.256
20/06/2019 07:00,0.492,0.005,0.098,0.492
20/06/2019 08:00,0.641,0.209,0.458,0.641
20/06/2019 09:00,0.723,0.409,0.645,0.723
20/06/2019 10:00,0.75,0.552,0.741,0.75
20/06/2019 11:00,0.73,0.635,0.788,0.73
20/06/2019 12:00,0.66,0.678,0.785,0.66
20/06/2019 13:00,0.536,0.662,0.735,0.536
20/06/2019 14:00,0.347,0.583,0.636,0.347
20/06/2019 15:00,0.089,0.394,0.478,0.089
20/06/2019 16:00,0.0,0.169,0.247,0.0
20/06/2019 17:00,0.0,0.002,0.002,0.0
20/06/2019 18:00,0.0,0.0,0.0,0.0
20/06/2019 19:00,0.0,0.0,0.0,0.0
20/06/2019 20:00,0.0,0.0,0.0,0.0
20/06/2019 21:00,0.0,0.0,0.0,0.0
20/06/2019 22:00,0.0,0.0,0.0,0.0
20/06/2019 23:00,0.0,0.0,0.0,0.0
21/06/2019 00:00,0.0,0.0,0.0,0.0
21/06/2019 01:00,0.0,0.0,0.0,0.0
21/06/2019 02:00,0.0,0.0,0.0,0.0
21/06/2019 03:00,0.0,0.0,0.0,0.0
21/06/2019 04:00,0.0,0.0,0.0,0.0
21/06/2019 05:00,0.002,0.0,0.0,0.002
21/06/2019 06:00,0.253,0.0,0.0,0.253
21/06/2019 07:00,0.487,0.003,0.247,0.487
21/06/2019 08:00,0.636,0.153,0.49,0.636
21/06/2019 09:00,0.715,0.42,0.649,0.715
21/06/2019 10:00,0.74,0.61,0.744,0.74
21/06/2019 11:00,0.718,0.692,0.787,0.718
21/06/2019 12:00,0.649,0.711,0.785,0.649
21/06/2019 13:00,0.528,0.676,0.735,0.528
21/06/2019 14:00,0.337,0.586,0.635,0.337
21/06/2019 15:00,0.078,0.421,0.475,0.078
21/06/2019 16:00,0.0,0.168,0.243,0.0
21/06/2019 17:00,0.0,0.003,0.001,0.0
21/06/2019 18:00,0.0,0.0,0.0,0.0
21/06/2019 19:00,0.0,0.0,0.0,0.0
21/06/2019 20:00,0.0,0.0,0.0,0.0
21/06/2019 21:00,0.0,0.0,0.0,0.0
21/06/2019 22:00,0.0,0.0,0.0,0.0
21/06/2019 23:00,0.0,0.0,0.0,0.0
22/06/2019 00:00,0.0,0.0,0.0,0.0
22/06/2019 01:00,0.0,0.0,0.0,0.0
22/06/2019 02:00,0.0,0.0,0.0,0.0
22/06/2019 03:00,0.0,0.0,0.0,0.0
22/06/2019 04:00,0.0,0.0,0.0,0.0
22/06/2019 05:00,0.0,0.0,0.0,0.0
22/06/2019 06:00,0.047,0.0,0.0,0.047
22/06/2019 07:00,0.232,0.009,0.238,0.232
22/06/2019 08:00,0.501,0.287,0.481,0.501
22/06/2019 09:00,0.677,0.504,0.644,0.677
22/06/2019 10:00,0.75,0.637,0.743,0.75
22/06/2019 11:00,0.759,0.709,0.788,0.759
22/06/2019 12:00,0.694,0.729,0.785,0.694
22/06/2019 13:00,0.57,0.698,0.735,0.57
22/06/2019 14:00,0.375,0.614,0.636,0.375
22/06/2019 15:00,0.101,0.47,0.476,0.101
22/06/2019 16:00,0.0,0.253,0.244,0.0
22/06/2019 17:00,0.0,0.006,0.001,0.0
22/06/2019 18:00,0.0,0.0,0.0,0.0
22/06/2019 19:00,0.0,0.0,0.0,0.0
22/06/2019 20:00,0.0,0.0,0.0,0.0
22/06/2019 21:00,0.0,0.0,0.0,0.0
22/06/2019 22:00,0.0,0.0,0.0,0.0
22/06/2019 23:00,0.0,0.0,0.0,0.0
23/06/2019 00:00,0.0,0.0,0.0,0.0
23/06/2019 01:00,0.0,0.0,0.0,0.0
23/06/2019 02:00,0.0,0.0,0.0,0.0
23/06/2019 03:00,0.0,0.0,0.0,0.0
23/06/2019 04:00,0.0,0.0,0.0,0.0
23/06/2019 05:00,0.0,0.0,0.0,0.0
23/06/2019 06:00,0.093,0.0,0.0,0.093
23/06/2019 07:00,0.491,0.008,0.06,0.491
23/06/2019 08:00,0.671,0.254,0.289,0.671
23/06/2019 09:00,0.758,0.487,0.622,0.758
23/06/2019 10:00,0.79,0.635,0.736,0.79
23/06/2019 11:00,0.773,0.709,0.783,0.773
23/06/2019 12:00,0.704,0.725,0.78,0.704
23/06/2019 13:00,0.581,0.692,0.729,0.581
23/06/2019 14:00,0.393,0.609,0.625,0.393
23/06/2019 15:00,0.118,0.468,0.463,0.118
23/06/2019 16:00,0.0,0.257,0.227,0.0
23/06/2019 17:00,0.0,0.007,0.001,0.0
23/06/2019 18:00,0.0,0.0,0.0,0.0
23/06/2019 19:00,0.0,0.0,0.0,0.0
23/06/2019 20:00,0.0,0.0,0.0,0.0
23/06/2019 21:00,0.0,0.0,0.0,0.0
23/06/2019 22:00,0.0,0.0,0.0,0.0
23/06/2019 23:00,0.0,0.0,0.0,0.0
24/06/2019 00:00,0.0,0.0,0.0,0.0
24/06/2019 01:00,0.0,0.0,0.0,0.0
24/06/2019 02:00,0.0,0.0,0.0,0.0
24/06/2019 03:00,0.0,0.0,0.0,0.0
24/06/2019 04:00,0.0,0.0,0.0,0.0
24/06/2019 05:00,0.003,0.0,0.0,0.003
24/06/2019 06:00,0.283,0.0,0.0,0.283
24/06/2019 07:00,0.514,0.011,0.239,0.514
24/06/2019 08:00,0.661,0.3,0.483,0.661
24/06/2019 09:00,0.743,0.512,0.642,0.743
24/06/2019 10:00,0.767,0.642,0.741,0.767
24/06/2019 11:00,0.743,0.708,0.785,0.743
24/06/2019 12:00,0.673,0.725,0.783,0.673
24/06/2019 13:00,0.55,0.694,0.732,0.55
24/06/2019 14:00,0.364,0.614,0.629,0.364
24/06/2019 15:00,0.098,0.476,0.469,0.098
24/06/2019 16:00,0.0,0.264,0.235,0.0
24/06/2019 17:00,0.0,0.008,0.001,0.0
24/06/2019 18:00,0.0,0.0,0.0,0.0
24/06/2019 19:00,0.0,0.0,0.0,0.0
24/06/2019 20:00,0.0,0.0,0.0,0.0
24/06/2019 21:00,0.0,0.0,0.0,0.0
24/06/2019 22:00,0.0,0.0,0.0,0.0
24/06/2019 23:00,0.0,0.0,0.0,0.0
25/06/2019 00:00,0.0,0.0,0.0,0.0
25/06/2019 01:00,0.0,0.0,0.0,0.0
25/06/2019 02:00,0.0,0.0,0.0,0.0
25/06/2019 03:00,0.0,0.0,0.0,0.0
25/06/2019 04:00,0.0,0.0,0.0,0.0
25/06/2019 05:00,0.001,0.0,0.0,0.001
25/06/2019 06:00,0.157,0.0,0.0,0.157
25/06/2019 07:00,0.426,0.008,0.246,0.426
25/06/2019 08:00,0.642,0.274,0.481,0.642
25/06/2019 09:00,0.736,0.489,0.64,0.736
25/06/2019 10:00,0.767,0.62,0.743,0.767
25/06/2019 11:00,0.749,0.689,0.791,0.749
25/06/2019 12:00,0.681,0.704,0.786,0.681
25/06/2019 13:00,0.558,0.672,0.733,0.558
25/06/2019 14:00,0.365,0.584,0.628,0.365
25/06/2019 15:00,0.098,0.436,0.465,0.098
25/06/2019 16:00,0.0,0.214,0.228,0.0
25/06/2019 17:00,0.0,0.004,0.001,0.0
25/06/2019 18:00,0.0,0.0,0.0,0.0
25/06/2019 19:00,0.0,0.0,0.0,0.0
25/06/2019 20:00,0.0,0.0,0.0,0.0
25/06/2019 21:00,0.0,0.0,0.0,0.0
25/06/2019 22:00,0.0,0.0,0.0,0.0
25/06/2019 23:00,0.0,0.0,0.0,0.0
26/06/2019 00:00,0.0,0.0,0.0,0.0
26/06/2019 01:00,0.0,0.0,0.0,0.0
26/06/2019 02:00,0.0,0.0,0.0,0.0
26/06/2019 03:00,0.0,0.0,0.0,0.0
26/06/2019 04:00,0.0,0.0,0.0,0.0
26/06/2019 05:00,0.0,0.0,0.0,0.0
26/06/2019 06:00,0.178,0.0,0.0,0.178
26/06/2019 07:00,0.503,0.005,0.214,0.503
26/06/2019 08:00,0.673,0.195,0.464,0.673
26/06/2019 09:00,0.758,0.301,0.623,0.758
26/06/2019 10:00,0.79,0.348,0.723,0.79
26/06/2019 11:00,0.774,0.343,0.768,0.774
26/06/2019 12:00,0.708,0.237,0.764,0.708
26/06/2019 13:00,0.586,0.301,0.681,0.586
26/06/2019 14:00,0.398,0.292,0.608,0.398
26/06/2019 15:00,0.123,0.223,0.444,0.123
26/06/2019 16:00,0.0,0.126,0.142,0.0
26/06/2019 17:00,0.0,0.003,0.0,0.0
26/06/2019 18:00,0.0,0.0,0.0,0.0
26/06/2019 19:00,0.0,0.0,0.0,0.0
26/06/2019 20:00,0.0,0.0,0.0,0.0
26/06/2019 21:00,0.0,0.0,0.0,0.0
26/06/2019 22:00,0.0,0.0,0.0,0.0
26/06/2019 23:00,0.0,0.0,0.0,0.0
27/06/2019 00:00,0.0,0.0,0.0,0.0
27/06/2019 01:00,0.0,0.0,0.0,0.0
27/06/2019 02:00,0.0,0.0,0.0,0.0
27/06/2019 03:00,0.0,0.0,0.0,0.0
27/06/2019 04:00,0.0,0.0,0.0,0.0
27/06/2019 05:00,0.003,0.0,0.0,0.003
27/06/2019 06:00,0.277,0.0,0.0,0.277
27/06/2019 07:00,0.502,0.008,0.239,0.502
27/06/2019 08:00,0.645,0.274,0.475,0.645
27/06/2019 09:00,0.723,0.502,0.63,0.723
27/06/2019 10:00,0.746,0.636,0.727,0.746
27/06/2019 11:00,0.723,0.716,0.774,0.723
27/06/2019 12:00,0.656,0.736,0.772,0.656
27/06/2019 13:00,0.53,0.701,0.722,0.53
27/06/2019 14:00,0.331,0.613,0.623,0.331
27/06/2019 15:00,0.075,0.435,0.466,0.075
27/06/2019 16:00,0.0,0.143,0.237,0.0
27/06/2019 17:00,0.0,0.0,0.002,0.0
27/06/2019 18:00,0.0,0.0,0.0,0.0
27/06/2019 19:00,0.0,0.0,0.0,0.0
27/06/2019 20:00,0.0,0.0,0.0,0.0
27/06/2019 21:00,0.0,0.0,0.0,0.0
27/06/2019 22:00,0.0,0.0,0.0,0.0
27/06/2019 23:00,0.0,0.0,0.0,0.0
28/06/2019 00:00,0.0,0.0,0.0,0.0
28/06/2019 01:00,0.0,0.0,0.0,0.0
28/06/2019 02:00,0.0,0.0,0.0,0.0
28/06/2019 03:00,0.0,0.0,0.0,0.0
28/06/2019 04:00,0.0,0.0,0.0,0.0
28/06/2019 05:00,0.0,0.0,0.0,0.0
28/06/2019 06:00,0.016,0.0,0.0,0.016
28/06/2019 07:00,0.061,0.0,0.28,0.061
28/06/2019 08:00,0.117,0.047,0.516,0.117
28/06/2019 09:00,0.166,0.147,0.672,0.166
28/06/2019 10:00,0.223,0.334,0.767,0.223
28/06/2019 11:00,0.348,0.574,0.808,0.348
28/06/2019 12:00,0.318,0.654,0.801,0.318
28/06/2019 13:00,0.283,0.669,0.747,0.283
28/06/2019 14:00,0.177,0.577,0.643,0.177
28/06/2019 15:00,0.032,0.452,0.483,0.032
28/06/2019 16:00,0.0,0.218,0.252,0.0
28/06/2019 17:00,0.0,0.004,0.002,0.0
28/06/2019 18:00,0.0,0.0,0.0,0.0
28/06/2019 19:00,0.0,0.0,0.0,0.0
28/06/2019 20:00,0.0,0.0,0.0,0.0
28/06/2019 21:00,0.0,0.0,0.0,0.0
28/06/2019 22:00,0.0,0.0,0.0,0.0
28/06/2019 23:00,0.0,0.0,0.0,0.0
29/06/2019 00:00,0.0,0.0,0.0,0.0
29/06/2019 01:00,0.0,0.0,0.0,0.0
29/06/2019 02:00,0.0,0.0,0.0,0.0
29/06/2019 03:00,0.0,0.0,0.0,0.0
29/06/2019 04:00,0.0,0.0,0.0,0.0
29/06/2019 05:00,0.0,0.0,0.0,0.0
29/06/2019 06:00,0.046,0.0,0.0,0.046
29/06/2019 07:00,0.207,0.0,0.114,0.207
29/06/2019 08:00,0.545,0.044,0.26,0.545
29/06/2019 09:00,0.735,0.143,0.497,0.735
29/06/2019 10:00,0.764,0.402,0.719,0.764
29/06/2019 11:00,0.741,0.507,0.784,0.741
29/06/2019 12:00,0.667,0.528,0.778,0.667
29/06/2019 13:00,0.539,0.52,0.726,0.539
29/06/2019 14:00,0.344,0.341,0.625,0.344
29/06/2019 15:00,0.087,0.164,0.466,0.087
29/06/2019 16:00,0.0,0.067,0.236,0.0
29/06/2019 17:00,0.0,0.0,0.002,0.0
29/06/2019 18:00,0.0,0.0,0.0,0.0
29/06/2019 19:00,0.0,0.0,0.0,0.0
29/06/2019 20:00,0.0,0.0,0.0,0.0
29/06/2019 21:00,0.0,0.0,0.0,0.0
29/06/2019 22:00,0.0,0.0,0.0,0.0
29/06/2019 23:00,0.0,0.0,0.0,0.0
30/06/2019 00:00,0.0,0.0,0.0,0.0
30/06/2019 01:00,0.0,0.0,0.0,0.0
30/06/2019 02:00,0.0,0.0,0.0,0.0
30/06/2019 03:00,0.0,0.0,0.0,0.0
30/06/2019 04:00,0.0,0.0,0.0,0.0
30/06/2019 05:00,0.0,0.0,0.0,0.0
30/06/2019 06:00,0.188,0.0,0.0,0.188
30/06/2019 07:00,0.425,0.0,0.257,0.425
30/06/2019 08:00,0.587,0.037,0.495,0.587
30/06/2019 09:00,0.671,0.137,0.65,0.671
30/06/2019 10:00,0.726,0.362,0.742,0.726
30/06/2019 11:00,0.72,0.69,0.785,0.72
30/06/2019 12:00,0.652,0.706,0.779,0.652
30/06/2019 13:00,0.528,0.668,0.726,0.528
30/06/2019 14:00,0.336,0.585,0.622,0.336
30/06/2019 15:00,0.081,0.436,0.457,0.081
30/06/2019 16:00,0.0,0.222,0.22,0.0
30/06/2019 17:00,0.0,0.005,0.001,0.0
30/06/2019 18:00,0.0,0.0,0.0,0.0
30/06/2019 19:00,0.0,0.0,0.0,0.0
30/06/2019 20:00,0.0,0.0,0.0,0.0
30/06/2019 21:00,0.0,0.0,0.0,0.0
30/06/2019 22:00,0.0,0.0,0.0,0.0
30/06/2019 23:00,0.0,0.0,0.0,0.0
01/07/2019 00:00,0.0,0.0,0.0,0.0
01/07/2019 01:00,0.0,0.0,0.0,0.0
01/07/2019 02:00,0.0,0.0,0.0,0.0
01/07/2019 03:00,0.0,0.0,0.0,0.0
01/07/2019 04:00,0.0,0.0,0.0,0.0
01/07/2019 05:00,0.0,0.0,0.0,0.0
01/07/2019 06:00,0.021,0.0,0.0,0.021
01/07/2019 07:00,0.165,0.014,0.042,0.165
01/07/2019 08:00,0.243,0.322,0.166,0.243
01/07/2019 09:00,0.517,0.533,0.569,0.517
01/07/2019 10:00,0.666,0.661,0.712,0.666
01/07/2019 11:00,0.69,0.725,0.75,0.69
01/07/2019 12:00,0.628,0.739,0.763,0.628
01/07/2019 13:00,0.515,0.705,0.721,0.515
01/07/2019 14:00,0.331,0.622,0.62,0.331
01/07/2019 15:00,0.084,0.481,0.459,0.084
01/07/2019 16:00,0.0,0.266,0.224,0.0
01/07/2019 17:00,0.0,0.008,0.001,0.0
01/07/2019 18:00,0.0,0.0,0.0,0.0
01/07/2019 19:00,0.0,0.0,0.0,0.0
01/07/2019 20:00,0.0,0.0,0.0,0.0
01/07/2019 21:00,0.0,0.0,0.0,0.0
01/07/2019 22:00,0.0,0.0,0.0,0.0
01/07/2019 23:00,0.0,0.0,0.0,0.0
02/07/2019 00:00,0.0,0.0,0.0,0.0
02/07/2019 01:00,0.0,0.0,0.0,0.0
02/07/2019 02:00,0.0,0.0,0.0,0.0
02/07/2019 03:00,0.0,0.0,0.0,0.0
02/07/2019 04:00,0.0,0.0,0.0,0.0
02/07/2019 05:00,0.0,0.0,0.0,0.0
02/07/2019 06:00,0.023,0.0,0.0,0.023
02/07/2019 07:00,0.114,0.012,0.052,0.114
02/07/2019 08:00,0.454,0.305,0.312,0.454
02/07/2019 09:00,0.682,0.521,0.639,0.682
02/07/2019 10:00,0.782,0.655,0.736,0.782
02/07/2019 11:00,0.762,0.728,0.781,0.762
02/07/2019 12:00,0.69,0.749,0.776,0.69
02/07/2019 13:00,0.562,0.718,0.724,0.562
02/07/2019 14:00,0.368,0.634,0.621,0.368
02/07/2019 15:00,0.105,0.489,0.461,0.105
02/07/2019 16:00,0.0,0.269,0.229,0.0
02/07/2019 17:00,0.0,0.009,0.002,0.0
02/07/2019 18:00,0.0,0.0,0.0,0.0
02/07/2019 19:00,0.0,0.0,0.0,0.0
02/07/2019 20:00,0.0,0.0,0.0,0.0
02/07/2019 21:00,0.0,0.0,0.0,0.0
02/07/2019 22:00,0.0,0.0,0.0,0.0
02/07/2019 23:00,0.0,0.0,0.0,0.0
03/07/2019 00:00,0.0,0.0,0.0,0.0
03/07/2019 01:00,0.0,0.0,0.0,0.0
03/07/2019 02:00,0.0,0.0,0.0,0.0
03/07/2019 03:00,0.0,0.0,0.0,0.0
03/07/2019 04:00,0.0,0.0,0.0,0.0
03/07/2019 05:00,0.004,0.0,0.0,0.004
03/07/2019 06:00,0.293,0.0,0.0,0.293
03/07/2019 07:00,0.519,0.001,0.271,0.519
03/07/2019 08:00,0.665,0.077,0.506,0.665
03/07/2019 09:00,0.747,0.24,0.662,0.747
03/07/2019 10:00,0.778,0.56,0.755,0.778
03/07/2019 11:00,0.759,0.724,0.792,0.759
03/07/2019 12:00,0.691,0.746,0.785,0.691
03/07/2019 13:00,0.568,0.703,0.734,0.568
03/07/2019 14:00,0.38,0.602,0.632,0.38
03/07/2019 15:00,0.12,0.464,0.474,0.12
03/07/2019 16:00,0.0,0.262,0.243,0.0
03/07/2019 17:00,0.0,0.009,0.002,0.0
03/07/2019 18:00,0.0,0.0,0.0,0.0
03/07/2019 19:00,0.0,0.0,0.0,0.0
03/07/2019 20:00,0.0,0.0,0.0,0.0
03/07/2019 21:00,0.0,0.0,0.0,0.0
03/07/2019 22:00,0.0,0.0,0.0,0.0
03/07/2019 23:00,0.0,0.0,0.0,0.0
04/07/2019 00:00,0.0,0.0,0.0,0.0
04/07/2019 01:00,0.0,0.0,0.0,0.0
04/07/2019 02:00,0.0,0.0,0.0,0.0
04/07/2019 03:00,0.0,0.0,0.0,0.0
04/07/2019 04:00,0.0,0.0,0.0,0.0
04/07/2019 05:00,0.005,0.0,0.0,0.005
04/07/2019 06:00,0.307,0.0,0.0,0.307
04/07/2019 07:00,0.531,0.003,0.036,0.531
04/07/2019 08:00,0.677,0.103,0.138,0.677
04/07/2019 09:00,0.759,0.41,0.603,0.759
04/07/2019 10:00,0.785,0.645,0.74,0.785
04/07/2019 11:00,0.761,0.681,0.785,0.761
04/07/2019 12:00,0.692,0.572,0.78,0.692
04/07/2019 13:00,0.57,0.501,0.728,0.57
04/07/2019 14:00,0.384,0.41,0.626,0.384
04/07/2019 15:00,0.124,0.45,0.466,0.124
04/07/2019 16:00,0.0,0.26,0.233,0.0
04/07/2019 17:00,0.0,0.007,0.002,0.0
04/07/2019 18:00,0.0,0.0,0.0,0.0
04/07/2019 19:00,0.0,0.0,0.0,0.0
04/07/2019 20:00,0.0,0.0,0.0,0.0
04/07/2019 21:00,0.0,0.0,0.0,0.0
04/07/2019 22:00,0.0,0.0,0.0,0.0
04/07/2019 23:00,0.0,0.0,0.0,0.0
05/07/2019 00:00,0.0,0.0,0.0,0.0
05/07/2019 01:00,0.0,0.0,0.0,0.0
05/07/2019 02:00,0.0,0.0,0.0,0.0
05/07/2019 03:00,0.0,0.0,0.0,0.0
05/07/2019 04:00,0.0,0.0,0.0,0.0
05/07/2019 05:00,0.0,0.0,0.0,0.0
05/07/2019 06:00,0.051,0.0,0.0,0.051
05/07/2019 07:00,0.168,0.01,0.269,0.168
05/07/2019 08:00,0.361,0.312,0.507,0.361
05/07/2019 09:00,0.666,0.519,0.666,0.666
05/07/2019 10:00,0.776,0.647,0.76,0.776
05/07/2019 11:00,0.757,0.72,0.8,0.757
05/07/2019 12:00,0.688,0.739,0.794,0.688
05/07/2019 13:00,0.563,0.708,0.742,0.563
05/07/2019 14:00,0.373,0.625,0.639,0.373
05/07/2019 15:00,0.116,0.479,0.482,0.116
05/07/2019 16:00,0.0,0.254,0.252,0.0
05/07/2019 17:00,0.0,0.006,0.003,0.0
05/07/2019 18:00,0.0,0.0,0.0,0.0
05/07/2019 19:00,0.0,0.0,0.0,0.0
05/07/2019 20:00,0.0,0.0,0.0,0.0
05/07/2019 21:00,0.0,0.0,0.0,0.0
05/07/2019 22:00,0.0,0.0,0.0,0.0
05/07/2019 23:00,0.0,0.0,0.0,0.0
06/07/2019 00:00,0.0,0.0,0.0,0.0
06/07/2019 01:00,0.0,0.0,0.0,0.0
06/07/2019 02:00,0.0,0.0,0.0,0.0
06/07/2019 03:00,0.0,0.0,0.0,0.0
06/07/2019 04:00,0.0,0.0,0.0,0.0
06/07/2019 05:00,0.005,0.0,0.0,0.005
06/07/2019 06:00,0.303,0.0,0.0,0.303
06/07/2019 07:00,0.525,0.011,0.267,0.525
06/07/2019 08:00,0.666,0.306,0.5,0.666
06/07/2019 09:00,0.739,0.533,0.654,0.739
06/07/2019 10:00,0.744,0.663,0.739,0.744
06/07/2019 11:00,0.719,0.727,0.781,0.719
06/07/2019 12:00,0.655,0.741,0.769,0.655
06/07/2019 13:00,0.541,0.708,0.707,0.541
06/07/2019 14:00,0.345,0.622,0.614,0.345
06/07/2019 15:00,0.103,0.479,0.444,0.103
06/07/2019 16:00,0.0,0.263,0.204,0.0
06/07/2019 17:00,0.0,0.01,0.001,0.0
06/07/2019 18:00,0.0,0.0,0.0,0.0
06/07/2019 19:00,0.0,0.0,0.0,0.0
06/07/2019 20:00,0.0,0.0,0.0,0.0
06/07/2019 21:00,0.0,0.0,0.0,0.0
06/07/2019 22:00,0.0,0.0,0.0,0.0
06/07/2019 23:00,0.0,0.0,0.0,0.0
07/07/2019 00:00,0.0,0.0,0.0,0.0
07/07/2019 01:00,0.0,0.0,0.0,0.0
07/07/2019 02:00,0.0,0.0,0.0,0.0
07/07/2019 03:00,0.0,0.0,0.0,0.0
07/07/2019 04:00,0.0,0.0,0.0,0.0
07/07/2019 05:00,0.0,0.0,0.0,0.0
07/07/2019 06:00,0.065,0.0,0.0,0.065
07/07/2019 07:00,0.189,0.0,0.276,0.189
07/07/2019 08:00,0.43,0.068,0.504,0.43
07/07/2019 09:00,0.717,0.325,0.655,0.717
07/07/2019 10:00,0.759,0.592,0.745,0.759
07/07/2019 11:00,0.74,0.74,0.786,0.74
07/07/2019 12:00,0.671,0.769,0.779,0.671
07/07/2019 13:00,0.549,0.738,0.727,0.549
07/07/2019 14:00,0.358,0.653,0.625,0.358
07/07/2019 15:00,0.113,0.504,0.465,0.113
07/07/2019 16:00,0.0,0.278,0.234,0.0
07/07/2019 17:00,0.0,0.012,0.002,0.0
07/07/2019 18:00,0.0,0.0,0.0,0.0
07/07/2019 19:00,0.0,0.0,0.0,0.0
07/07/2019 20:00,0.0,0.0,0.0,0.0
07/07/2019 21:00,0.0,0.0,0.0,0.0
07/07/2019 22:00,0.0,0.0,0.0,0.0
07/07/2019 23:00,0.0,0.0,0.0,0.0
08/07/2019 00:00,0.0,0.0,0.0,0.0
08/07/2019 01:00,0.0,0.0,0.0,0.0
08/07/2019 02:00,0.0,0.0,0.0,0.0
08/07/2019 03:00,0.0,0.0,0.0,0.0
08/07/2019 04:00,0.0,0.0,0.0,0.0
08/07/2019 05:00,0.001,0.0,0.0,0.001
08/07/2019 06:00,0.093,0.0,0.0,0.093
08/07/2019 07:00,0.265,0.011,0.052,0.265
08/07/2019 08:00,0.631,0.279,0.169,0.631
08/07/2019 09:00,0.75,0.515,0.315,0.75
08/07/2019 10:00,0.777,0.642,0.377,0.777
08/07/2019 11:00,0.758,0.708,0.461,0.758
08/07/2019 12:00,0.689,0.724,0.486,0.689
08/07/2019 13:00,0.565,0.691,0.52,0.565
08/07/2019 14:00,0.377,0.606,0.548,0.377
08/07/2019 15:00,0.124,0.465,0.394,0.124
08/07/2019 16:00,0.0,0.251,0.159,0.0
08/07/2019 17:00,0.0,0.01,0.0,0.0
08/07/2019 18:00,0.0,0.0,0.0,0.0
08/07/2019 19:00,0.0,0.0,0.0,0.0
08/07/2019 20:00,0.0,0.0,0.0,0.0
08/07/2019 21:00,0.0,0.0,0.0,0.0
08/07/2019 22:00,0.0,0.0,0.0,0.0
08/07/2019 23:00,0.0,0.0,0.0,0.0
09/07/2019 00:00,0.0,0.0,0.0,0.0
09/07/2019 01:00,0.0,0.0,0.0,0.0
09/07/2019 02:00,0.0,0.0,0.0,0.0
09/07/2019 03:00,0.0,0.0,0.0,0.0
09/07/2019 04:00,0.0,0.0,0.0,0.0
09/07/2019 05:00,0.007,0.0,0.0,0.007
09/07/2019 06:00,0.308,0.0,0.0,0.308
09/07/2019 07:00,0.526,0.006,0.073,0.526
09/07/2019 08:00,0.668,0.2,0.24,0.668
09/07/2019 09:00,0.748,0.385,0.446,0.748
09/07/2019 10:00,0.775,0.464,0.536,0.775
09/07/2019 11:00,0.754,0.54,0.622,0.754
09/07/2019 12:00,0.684,0.658,0.71,0.684
09/07/2019 13:00,0.562,0.675,0.683,0.562
09/07/2019 14:00,0.378,0.586,0.568,0.378
09/07/2019 15:00,0.129,0.451,0.413,0.129
09/07/2019 16:00,0.0,0.192,0.174,0.0
09/07/2019 17:00,0.0,0.003,0.001,0.0
09/07/2019 18:00,0.0,0.0,0.0,0.0
09/07/2019 19:00,0.0,0.0,0.0,0.0
09/07/2019 20:00,0.0,0.0,0.0,0.0
09/07/2019 21:00,0.0,0.0,0.0,0.0
09/07/2019 22:00,0.0,0.0,0.0,0.0
09/07/2019 23:00,0.0,0.0,0.0,0.0
10/07/2019 00:00,0.0,0.0,0.0,0.0
10/07/2019 01:00,0.0,0.0,0.0,0.0
10/07/2019 02:00,0.0,0.0,0.0,0.0
10/07/2019 03:00,0.0,0.0,0.0,0.0
10/07/2019 04:00,0.0,0.0,0.0,0.0
10/07/2019 05:00,0.007,0.0,0.0,0.007
10/07/2019 06:00,0.308,0.0,0.0,0.308
10/07/2019 07:00,0.524,0.0,0.229,0.524
10/07/2019 08:00,0.665,0.05,0.456,0.665
10/07/2019 09:00,0.742,0.127,0.607,0.742
10/07/2019 10:00,0.768,0.164,0.7,0.768
10/07/2019 11:00,0.746,0.155,0.747,0.746
10/07/2019 12:00,0.679,0.134,0.742,0.679
10/07/2019 13:00,0.559,0.15,0.687,0.559
10/07/2019 14:00,0.377,0.182,0.586,0.377
10/07/2019 15:00,0.128,0.155,0.426,0.128
10/07/2019 16:00,0.0,0.069,0.197,0.0
10/07/2019 17:00,0.0,0.001,0.002,0.0
10/07/2019 18:00,0.0,0.0,0.0,0.0
10/07/2019 19:00,0.0,0.0,0.0,0.0
10/07/2019 20:00,0.0,0.0,0.0,0.0
10/07/2019 21:00,0.0,0.0,0.0,0.0
10/07/2019 22:00,0.0,0.0,0.0,0.0
10/07/2019 23:00,0.0,0.0,0.0,0.0
11/07/2019 00:00,0.0,0.0,0.0,0.0
11/07/2019 01:00,0.0,0.0,0.0,0.0
11/07/2019 02:00,0.0,0.0,0.0,0.0
11/07/2019 03:00,0.0,0.0,0.0,0.0
11/07/2019 04:00,0.0,0.0,0.0,0.0
11/07/2019 05:00,0.007,0.0,0.0,0.007
11/07/2019 06:00,0.304,0.0,0.0,0.304
11/07/2019 07:00,0.522,0.0,0.179,0.522
11/07/2019 08:00,0.664,0.022,0.436,0.664
11/07/2019 09:00,0.742,0.13,0.609,0.742
11/07/2019 10:00,0.767,0.371,0.716,0.767
11/07/2019 11:00,0.742,0.485,0.774,0.742
11/07/2019 12:00,0.674,0.548,0.779,0.674
11/07/2019 13:00,0.553,0.57,0.739,0.553
11/07/2019 14:00,0.37,0.51,0.649,0.37
11/07/2019 15:00,0.119,0.399,0.497,0.119
11/07/2019 16:00,0.0,0.223,0.262,0.0
11/07/2019 17:00,0.0,0.01,0.004,0.0
11/07/2019 18:00,0.0,0.0,0.0,0.0
11/07/2019 19:00,0.0,0.0,0.0,0.0
11/07/2019 20:00,0.0,0.0,0.0,0.0
11/07/2019 21:00,0.0,0.0,0.0,0.0
11/07/2019 22:00,0.0,0.0,0.0,0.0
11/07/2019 23:00,0.0,0.0,0.0,0.0
12/07/2019 00:00,0.0,0.0,0.0,0.0
12/07/2019 01:00,0.0,0.0,0.0,0.0
12/07/2019 02:00,0.0,0.0,0.0,0.0
12/07/2019 03:00,0.0,0.0,0.0,0.0
12/07/2019 04:00,0.0,0.0,0.0,0.0
12/07/2019 05:00,0.005,0.0,0.0,0.005
12/07/2019 06:00,0.284,0.0,0.002,0.284
12/07/2019 07:00,0.508,0.016,0.301,0.508
12/07/2019 08:00,0.652,0.281,0.532,0.652
12/07/2019 09:00,0.732,0.492,0.687,0.732
12/07/2019 10:00,0.756,0.646,0.784,0.756
12/07/2019 11:00,0.736,0.749,0.826,0.736
12/07/2019 12:00,0.668,0.771,0.82,0.668
12/07/2019 13:00,0.547,0.736,0.766,0.547
12/07/2019 14:00,0.362,0.648,0.661,0.362
12/07/2019 15:00,0.114,0.501,0.498,0.114
12/07/2019 16:00,0.0,0.281,0.262,0.0
12/07/2019 17:00,0.0,0.016,0.005,0.0
12/07/2019 18:00,0.0,0.0,0.0,0.0
12/07/2019 19:00,0.0,0.0,0.0,0.0
12/07/2019 20:00,0.0,0.0,0.0,0.0
12/07/2019 21:00,0.0,0.0,0.0,0.0
12/07/2019 22:00,0.0,0.0,0.0,0.0
12/07/2019 23:00,0.0,0.0,0.0,0.0
13/07/2019 00:00,0.0,0.0,0.0,0.0
13/07/2019 01:00,0.0,0.0,0.0,0.0
13/07/2019 02:00,0.0,0.0,0.0,0.0
13/07/2019 03:00,0.0,0.0,0.0,0.0
13/07/2019 04:00,0.0,0.0,0.0,0.0
13/07/2019 05:00,0.006,0.0,0.0,0.006
13/07/2019 06:00,0.289,0.0,0.002,0.289
13/07/2019 07:00,0.508,0.007,0.307,0.508
13/07/2019 08:00,0.653,0.095,0.535,0.653
13/07/2019 09:00,0.737,0.22,0.689,0.737
13/07/2019 10:00,0.762,0.479,0.783,0.762
13/07/2019 11:00,0.738,0.623,0.822,0.738
13/07/2019 12:00,0.669,0.646,0.814,0.669
13/07/2019 13:00,0.544,0.592,0.76,0.544
13/07/2019 14:00,0.356,0.508,0.657,0.356
13/07/2019 15:00,0.108,0.405,0.499,0.108
13/07/2019 16:00,0.0,0.212,0.271,0.0
13/07/2019 17:00,0.0,0.007,0.006,0.0
13/07/2019 18:00,0.0,0.0,0.0,0.0
13/07/2019 19:00,0.0,0.0,0.0,0.0
13/07/2019 20:00,0.0,0.0,0.0,0.0
13/07/2019 21:00,0.0,0.0,0.0,0.0
13/07/2019 22:00,0.0,0.0,0.0,0.0
13/07/2019 23:00,0.0,0.0,0.0,0.0
14/07/2019 00:00,0.0,0.0,0.0,0.0
14/07/2019 01:00,0.0,0.0,0.0,0.0
14/07/2019 02:00,0.0,0.0,0.0,0.0
14/07/2019 03:00,0.0,0.0,0.0,0.0
14/07/2019 04:00,0.0,0.0,0.0,0.0
14/07/2019 05:00,0.004,0.0,0.0,0.004
14/07/2019 06:00,0.244,0.0,0.002,0.244
14/07/2019 07:00,0.47,0.0,0.303,0.47
14/07/2019 08:00,0.621,0.033,0.528,0.621
14/07/2019 09:00,0.723,0.084,0.682,0.723
14/07/2019 10:00,0.746,0.12,0.776,0.746
14/07/2019 11:00,0.718,0.148,0.816,0.718
14/07/2019 12:00,0.658,0.245,0.81,0.658
14/07/2019 13:00,0.531,0.355,0.758,0.531
14/07/2019 14:00,0.341,0.346,0.657,0.341
14/07/2019 15:00,0.094,0.283,0.497,0.094
14/07/2019 16:00,0.0,0.14,0.263,0.0
14/07/2019 17:00,0.0,0.003,0.005,0.0
14/07/2019 18:00,0.0,0.0,0.0,0.0
14/07/2019 19:00,0.0,0.0,0.0,0.0
14/07/2019 20:00,0.0,0.0,0.0,0.0
14/07/2019 21:00,0.0,0.0,0.0,0.0
14/07/2019 22:00,0.0,0.0,0.0,0.0
14/07/2019 23:00,0.0,0.0,0.0,0.0
15/07/2019 00:00,0.0,0.0,0.0,0.0
15/07/2019 01:00,0.0,0.0,0.0,0.0
15/07/2019 02:00,0.0,0.0,0.0,0.0
15/07/2019 03:00,0.0,0.0,0.0,0.0
15/07/2019 04:00,0.0,0.0,0.0,0.0
15/07/2019 05:00,0.003,0.0,0.0,0.003
15/07/2019 06:00,0.224,0.0,0.003,0.224
15/07/2019 07:00,0.453,0.022,0.323,0.453
15/07/2019 08:00,0.608,0.32,0.55,0.608
15/07/2019 09:00,0.696,0.545,0.704,0.696
15/07/2019 10:00,0.719,0.61,0.799,0.719
15/07/2019 11:00,0.696,0.653,0.841,0.696
15/07/2019 12:00,0.618,0.631,0.834,0.618
15/07/2019 13:00,0.487,0.606,0.78,0.487
15/07/2019 14:00,0.292,0.644,0.675,0.292
15/07/2019 15:00,0.065,0.512,0.511,0.065
15/07/2019 16:00,0.0,0.29,0.274,0.0
15/07/2019 17:00,0.0,0.02,0.007,0.0
15/07/2019 18:00,0.0,0.0,0.0,0.0
15/07/2019 19:00,0.0,0.0,0.0,0.0
15/07/2019 20:00,0.0,0.0,0.0,0.0
15/07/2019 21:00,0.0,0.0,0.0,0.0
15/07/2019 22:00,0.0,0.0,0.0,0.0
15/07/2019 23:00,0.0,0.0,0.0,0.0
16/07/2019 00:00,0.0,0.0,0.0,0.0
16/07/2019 01:00,0.0,0.0,0.0,0.0
16/07/2019 02:00,0.0,0.0,0.0,0.0
16/07/2019 03:00,0.0,0.0,0.0,0.0
16/07/2019 04:00,0.0,0.0,0.0,0.0
16/07/2019 05:00,0.003,0.0,0.0,0.003
16/07/2019 06:00,0.223,0.0,0.002,0.223
16/07/2019 07:00,0.456,0.027,0.3,0.456
16/07/2019 08:00,0.613,0.342,0.533,0.613
16/07/2019 09:00,0.737,0.554,0.693,0.737
16/07/2019 10:00,0.759,0.685,0.792,0.759
16/07/2019 11:00,0.733,0.751,0.836,0.733
16/07/2019 12:00,0.65,0.765,0.829,0.65
16/07/2019 13:00,0.517,0.73,0.774,0.517
16/07/2019 14:00,0.318,0.646,0.668,0.318
16/07/2019 15:00,0.072,0.505,0.503,0.072
16/07/2019 16:00,0.0,0.295,0.266,0.0
16/07/2019 17:00,0.0,0.023,0.006,0.0
16/07/2019 18:00,0.0,0.0,0.0,0.0
16/07/2019 19:00,0.0,0.0,0.0,0.0
16/07/2019 20:00,0.0,0.0,0.0,0.0
16/07/2019 21:00,0.0,0.0,0.0,0.0
16/07/2019 22:00,0.0,0.0,0.0,0.0
16/07/2019 23:00,0.0,0.0,0.0,0.0
17/07/2019 00:00,0.0,0.0,0.0,0.0
17/07/2019 01:00,0.0,0.0,0.0,0.0
17/07/2019 02:00,0.0,0.0,0.0,0.0
17/07/2019 03:00,0.0,0.0,0.0,0.0
17/07/2019 04:00,0.0,0.0,0.0,0.0
17/07/2019 05:00,0.009,0.0,0.0,0.009
17/07/2019 06:00,0.306,0.0,0.002,0.306
17/07/2019 07:00,0.525,0.032,0.3,0.525
17/07/2019 08:00,0.669,0.365,0.531,0.669
17/07/2019 09:00,0.746,0.571,0.687,0.746
17/07/2019 10:00,0.772,0.698,0.782,0.772
17/07/2019 11:00,0.752,0.761,0.821,0.752
17/07/2019 12:00,0.682,0.77,0.815,0.682
17/07/2019 13:00,0.556,0.734,0.762,0.556
17/07/2019 14:00,0.364,0.649,0.659,0.364
17/07/2019 15:00,0.113,0.509,0.498,0.113
17/07/2019 16:00,0.0,0.3,0.267,0.0
17/07/2019 17:00,0.0,0.025,0.007,0.0
17/07/2019 18:00,0.0,0.0,0.0,0.0
17/07/2019 19:00,0.0,0.0,0.0,0.0
17/07/2019 20:00,0.0,0.0,0.0,0.0
17/07/2019 21:00,0.0,0.0,0.0,0.0
17/07/2019 22:00,0.0,0.0,0.0,0.0
17/07/2019 23:00,0.0,0.0,0.0,0.0
18/07/2019 00:00,0.0,0.0,0.0,0.0
18/07/2019 01:00,0.0,0.0,0.0,0.0
18/07/2019 02:00,0.0,0.0,0.0,0.0
18/07/2019 03:00,0.0,0.0,0.0,0.0
18/07/2019 04:00,0.0,0.0,0.0,0.0
18/07/2019 05:00,0.009,0.0,0.0,0.009
18/07/2019 06:00,0.293,0.0,0.003,0.293
18/07/2019 07:00,0.511,0.031,0.305,0.511
18/07/2019 08:00,0.655,0.354,0.53,0.655
18/07/2019 09:00,0.729,0.557,0.682,0.729
18/07/2019 10:00,0.761,0.682,0.774,0.761
18/07/2019 11:00,0.746,0.746,0.815,0.746
18/07/2019 12:00,0.679,0.759,0.808,0.679
18/07/2019 13:00,0.558,0.725,0.756,0.558
18/07/2019 14:00,0.373,0.642,0.652,0.373
18/07/2019 15:00,0.124,0.502,0.494,0.124
18/07/2019 16:00,0.0,0.293,0.265,0.0
18/07/2019 17:00,0.0,0.025,0.007,0.0
18/07/2019 18:00,0.0,0.0,0.0,0.0
18/07/2019 19:00,0.0,0.0,0.0,0.0
18/07/2019 20:00,0.0,0.0,0.0,0.0
18/07/2019 21:00,0.0,0.0,0.0,0.0
18/07/2019 22:00,0.0,0.0,0.0,0.0
18/07/2019 23:00,0.0,0.0,0.0,0.0
19/07/2019 00:00,0.0,0.0,0.0,0.0
19/07/2019 01:00,0.0,0.0,0.0,0.0
19/07/2019 02:00,0.0,0.0,0.0,0.0
19/07/2019 03:00,0.0,0.0,0.0,0.0
19/07/2019 04:00,0.0,0.0,0.0,0.0
19/07/2019 05:00,0.0,0.0,0.0,0.0
19/07/2019 06:00,0.047,0.0,0.002,0.047
19/07/2019 07:00,0.147,0.03,0.286,0.147
19/07/2019 08:00,0.423,0.344,0.516,0.423
19/07/2019 09:00,0.687,0.55,0.672,0.687
19/07/2019 10:00,0.747,0.679,0.762,0.747
19/07/2019 11:00,0.732,0.743,0.797,0.732
19/07/2019 12:00,0.67,0.757,0.794,0.67
19/07/2019 13:00,0.553,0.725,0.745,0.553
19/07/2019 14:00,0.368,0.642,0.65,0.368
19/07/2019 15:00,0.117,0.502,0.492,0.117
19/07/2019 16:00,0.0,0.294,0.264,0.0
19/07/2019 17:00,0.0,0.026,0.008,0.0
19/07/2019 18:00,0.0,0.0,0.0,0.0
19/07/2019 19:00,0.0,0.0,0.0,0.0
19/07/2019 20:00,0.0,0.0,0.0,0.0
19/07/2019 21:00,0.0,0.0,0.0,0.0
19/07/2019 22:00,0.0,0.0,0.0,0.0
19/07/2019 23:00,0.0,0.0,0.0,0.0
20/07/2019 00:00,0.0,0.0,0.0,0.0
20/07/2019 01:00,0.0,0.0,0.0,0.0
20/07/2019 02:00,0.0,0.0,0.0,0.0
20/07/2019 03:00,0.0,0.0,0.0,0.0
20/07/2019 04:00,0.0,0.0,0.0,0.0
20/07/2019 05:00,0.006,0.0,0.0,0.006
20/07/2019 06:00,0.232,0.0,0.0,0.232
20/07/2019 07:00,0.532,0.033,0.126,0.532
20/07/2019 08:00,0.684,0.349,0.274,0.684
20/07/2019 09:00,0.77,0.552,0.61,0.77
20/07/2019 10:00,0.8,0.679,0.767,0.8
20/07/2019 11:00,0.781,0.743,0.813,0.781
20/07/2019 12:00,0.709,0.757,0.807,0.709
20/07/2019 13:00,0.583,0.725,0.753,0.583
20/07/2019 14:00,0.393,0.642,0.648,0.393
20/07/2019 15:00,0.135,0.502,0.487,0.135
20/07/2019 16:00,0.0,0.295,0.256,0.0
20/07/2019 17:00,0.0,0.027,0.007,0.0
20/07/2019 18:00,0.0,0.0,0.0,0.0
20/07/2019 19:00,0.0,0.0,0.0,0.0
20/07/2019 20:00,0.0,0.0,0.0,0.0
20/07/2019 21:00,0.0,0.0,0.0,0.0
20/07/2019 22:00,0.0,0.0,0.0,0.0
20/07/2019 23:00,0.0,0.0,0.0,0.0
21/07/2019 00:00,0.0,0.0,0.0,0.0
21/07/2019 01:00,0.0,0.0,0.0,0.0
21/07/2019 02:00,0.0,0.0,0.0,0.0
21/07/2019 03:00,0.0,0.0,0.0,0.0
21/07/2019 04:00,0.0,0.0,0.0,0.0
21/07/2019 05:00,0.015,0.0,0.0,0.015
21/07/2019 06:00,0.335,0.0,0.003,0.335
21/07/2019 07:00,0.552,0.032,0.275,0.552
21/07/2019 08:00,0.696,0.336,0.506,0.696
21/07/2019 09:00,0.779,0.538,0.658,0.779
21/07/2019 10:00,0.808,0.663,0.752,0.808
21/07/2019 11:00,0.784,0.726,0.79,0.784
21/07/2019 12:00,0.712,0.739,0.776,0.712
21/07/2019 13:00,0.586,0.705,0.712,0.586
21/07/2019 14:00,0.398,0.622,0.627,0.398
21/07/2019 15:00,0.145,0.481,0.452,0.145
21/07/2019 16:00,0.0,0.271,0.209,0.0
21/07/2019 17:00,0.0,0.022,0.004,0.0
21/07/2019 18:00,0.0,0.0,0.0,0.0
21/07/2019 19:00,0.0,0.0,0.0,0.0
21/07/2019 20:00,0.0,0.0,0.0,0.0
21/07/2019 21:00,0.0,0.0,0.0,0.0
21/07/2019 22:00,0.0,0.0,0.0,0.0
21/07/2019 23:00,0.0,0.0,0.0,0.0
22/07/2019 00:00,0.0,0.0,0.0,0.0
22/07/2019 01:00,0.0,0.0,0.0,0.0
22/07/2019 02:00,0.0,0.0,0.0,0.0
22/07/2019 03:00,0.0,0.0,0.0,0.0
22/07/2019 04:00,0.0,0.0,0.0,0.0
22/07/2019 05:00,0.009,0.0,0.0,0.009
22/07/2019 06:00,0.276,0.0,0.002,0.276
22/07/2019 07:00,0.502,0.032,0.263,0.502
22/07/2019 08:00,0.65,0.332,0.496,0.65
22/07/2019 09:00,0.754,0.534,0.655,0.754
22/07/2019 10:00,0.775,0.661,0.753,0.775
22/07/2019 11:00,0.746,0.726,0.799,0.746
22/07/2019 12:00,0.667,0.741,0.793,0.667
22/07/2019 13:00,0.52,0.71,0.739,0.52
22/07/2019 14:00,0.314,0.628,0.64,0.314
22/07/2019 15:00,0.078,0.49,0.478,0.078
22/07/2019 16:00,0.0,0.284,0.246,0.0
22/07/2019 17:00,0.0,0.027,0.007,0.0
22/07/2019 18:00,0.0,0.0,0.0,0.0
22/07/2019 19:00,0.0,0.0,0.0,0.0
22/07/2019 20:00,0.0,0.0,0.0,0.0
22/07/2019 21:00,0.0,0.0,0.0,0.0
22/07/2019 22:00,0.0,0.0,0.0,0.0
22/07/2019 23:00,0.0,0.0,0.0,0.0
23/07/2019 00:00,0.0,0.0,0.0,0.0
23/07/2019 01:00,0.0,0.0,0.0,0.0
23/07/2019 02:00,0.0,0.0,0.0,0.0
23/07/2019 03:00,0.0,0.0,0.0,0.0
23/07/2019 04:00,0.0,0.0,0.0,0.0
23/07/2019 05:00,0.0,0.0,0.0,0.0
23/07/2019 06:00,0.023,0.0,0.002,0.023
23/07/2019 07:00,0.066,0.037,0.147,0.066
23/07/2019 08:00,0.133,0.343,0.307,0.133
23/07/2019 09:00,0.227,0.541,0.565,0.227
23/07/2019 10:00,0.393,0.665,0.688,0.393
23/07/2019 11:00,0.45,0.727,0.734,0.45
23/07/2019 12:00,0.51,0.746,0.772,0.51
23/07/2019 13:00,0.395,0.716,0.735,0.395
23/07/2019 14:00,0.168,0.635,0.637,0.168
23/07/2019 15:00,0.018,0.498,0.479,0.018
23/07/2019 16:00,0.0,0.294,0.247,0.0
23/07/2019 17:00,0.0,0.032,0.007,0.0
23/07/2019 18:00,0.0,0.0,0.0,0.0
23/07/2019 19:00,0.0,0.0,0.0,0.0
23/07/2019 20:00,0.0,0.0,0.0,0.0
23/07/2019 21:00,0.0,0.0,0.0,0.0
23/07/2019 22:00,0.0,0.0,0.0,0.0
23/07/2019 23:00,0.0,0.0,0.0,0.0
24/07/2019 00:00,0.0,0.0,0.0,0.0
24/07/2019 01:00,0.0,0.0,0.0,0.0
24/07/2019 02:00,0.0,0.0,0.0,0.0
24/07/2019 03:00,0.0,0.0,0.0,0.0
24/07/2019 04:00,0.0,0.0,0.0,0.0
24/07/2019 05:00,0.0,0.0,0.0,0.0
24/07/2019 06:00,0.04,0.0,0.002,0.04
24/07/2019 07:00,0.156,0.041,0.117,0.156
24/07/2019 08:00,0.301,0.353,0.217,0.301
24/07/2019 09:00,0.565,0.551,0.536,0.565
24/07/2019 10:00,0.749,0.675,0.707,0.749
24/07/2019 11:00,0.776,0.74,0.76,0.776
24/07/2019 12:00,0.712,0.758,0.79,0.712
24/07/2019 13:00,0.584,0.728,0.742,0.584
24/07/2019 14:00,0.389,0.644,0.634,0.389
24/07/2019 15:00,0.12,0.505,0.471,0.12
24/07/2019 16:00,0.0,0.297,0.222,0.0
24/07/2019 17:00,0.0,0.032,0.004,0.0
24/07/2019 18:00,0.0,0.0,0.0,0.0
24/07/2019 19:00,0.0,0.0,0.0,0.0
24/07/2019 20:00,0.0,0.0,0.0,0.0
24/07/2019 21:00,0.0,0.0,0.0,0.0
24/07/2019 22:00,0.0,0.0,0.0,0.0
24/07/2019 23:00,0.0,0.0,0.0,0.0
25/07/2019 00:00,0.0,0.0,0.0,0.0
25/07/2019 01:00,0.0,0.0,0.0,0.0
25/07/2019 02:00,0.0,0.0,0.0,0.0
25/07/2019 03:00,0.0,0.0,0.0,0.0
25/07/2019 04:00,0.0,0.0,0.0,0.0
25/07/2019 05:00,0.017,0.0,0.0,0.017
25/07/2019 06:00,0.323,0.0,0.0,0.323
25/07/2019 07:00,0.541,0.036,0.053,0.541
25/07/2019 08:00,0.684,0.332,0.304,0.684
25/07/2019 09:00,0.766,0.533,0.602,0.766
25/07/2019 10:00,0.792,0.657,0.741,0.792
25/07/2019 11:00,0.772,0.722,0.803,0.772
25/07/2019 12:00,0.703,0.741,0.806,0.703
25/07/2019 13:00,0.58,0.711,0.758,0.58
25/07/2019 14:00,0.393,0.627,0.652,0.393
25/07/2019 15:00,0.128,0.488,0.489,0.128
25/07/2019 16:00,0.0,0.279,0.256,0.0
25/07/2019 17:00,0.0,0.029,0.009,0.0
25/07/2019 18:00,0.0,0.0,0.0,0.0
25/07/2019 19:00,0.0,0.0,0.0,0.0
25/07/2019 20:00,0.0,0.0,0.0,0.0
25/07/2019 21:00,0.0,0.0,0.0,0.0
25/07/2019 22:00,0.0,0.0,0.0,0.0
25/07/2019 23:00,0.0,0.0,0.0,0.0
26/07/2019 00:00,0.0,0.0,0.0,0.0
26/07/2019 01:00,0.0,0.0,0.0,0.0
26/07/2019 02:00,0.0,0.0,0.0,0.0
26/07/2019 03:00,0.0,0.0,0.0,0.0
26/07/2019 04:00,0.0,0.0,0.0,0.0
26/07/2019 05:00,0.017,0.0,0.0,0.017
26/07/2019 06:00,0.314,0.0,0.005,0.314
26/07/2019 07:00,0.529,0.009,0.287,0.529
26/07/2019 08:00,0.669,0.106,0.515,0.669
26/07/2019 09:00,0.75,0.203,0.671,0.75
26/07/2019 10:00,0.775,0.38,0.768,0.775
26/07/2019 11:00,0.749,0.579,0.813,0.749
26/07/2019 12:00,0.675,0.63,0.808,0.675
26/07/2019 13:00,0.546,0.59,0.756,0.546
26/07/2019 14:00,0.356,0.473,0.655,0.356
26/07/2019 15:00,0.099,0.315,0.495,0.099
26/07/2019 16:00,0.0,0.135,0.267,0.0
26/07/2019 17:00,0.0,0.007,0.012,0.0
26/07/2019 18:00,0.0,0.0,0.0,0.0
26/07/2019 19:00,0.0,0.0,0.0,0.0
26/07/2019 20:00,0.0,0.0,0.0,0.0
26/07/2019 21:00,0.0,0.0,0.0,0.0
26/07/2019 22:00,0.0,0.0,0.0,0.0
26/07/2019 23:00,0.0,0.0,0.0,0.0
27/07/2019 00:00,0.0,0.0,0.0,0.0
27/07/2019 01:00,0.0,0.0,0.0,0.0
27/07/2019 02:00,0.0,0.0,0.0,0.0
27/07/2019 03:00,0.0,0.0,0.0,0.0
27/07/2019 04:00,0.0,0.0,0.0,0.0
27/07/2019 05:00,0.007,0.0,0.0,0.007
27/07/2019 06:00,0.217,0.0,0.004,0.217
27/07/2019 07:00,0.445,0.005,0.258,0.445
27/07/2019 08:00,0.599,0.086,0.455,0.599
27/07/2019 09:00,0.721,0.286,0.657,0.721
27/07/2019 10:00,0.744,0.603,0.756,0.744
27/07/2019 11:00,0.714,0.747,0.795,0.714
27/07/2019 12:00,0.631,0.775,0.776,0.631
27/07/2019 13:00,0.505,0.739,0.716,0.505
27/07/2019 14:00,0.317,0.654,0.583,0.317
27/07/2019 15:00,0.08,0.509,0.424,0.08
27/07/2019 16:00,0.0,0.297,0.15,0.0
27/07/2019 17:00,0.0,0.036,0.003,0.0
27/07/2019 18:00,0.0,0.0,0.0,0.0
27/07/2019 19:00,0.0,0.0,0.0,0.0
27/07/2019 20:00,0.0,0.0,0.0,0.0
27/07/2019 21:00,0.0,0.0,0.0,0.0
27/07/2019 22:00,0.0,0.0,0.0,0.0
27/07/2019 23:00,0.0,0.0,0.0,0.0
28/07/2019 00:00,0.0,0.0,0.0,0.0
28/07/2019 01:00,0.0,0.0,0.0,0.0
28/07/2019 02:00,0.0,0.0,0.0,0.0
28/07/2019 03:00,0.0,0.0,0.0,0.0
28/07/2019 04:00,0.0,0.0,0.0,0.0
28/07/2019 05:00,0.009,0.0,0.0,0.009
28/07/2019 06:00,0.238,0.0,0.0,0.238
28/07/2019 07:00,0.466,0.047,0.067,0.466
28/07/2019 08:00,0.619,0.349,0.293,0.619
28/07/2019 09:00,0.707,0.547,0.509,0.707
28/07/2019 10:00,0.732,0.669,0.642,0.732
28/07/2019 11:00,0.703,0.733,0.735,0.703
28/07/2019 12:00,0.645,0.75,0.767,0.645
28/07/2019 13:00,0.512,0.717,0.739,0.512
28/07/2019 14:00,0.319,0.634,0.646,0.319
28/07/2019 15:00,0.083,0.495,0.484,0.083
28/07/2019 16:00,0.0,0.287,0.255,0.0
28/07/2019 17:00,0.0,0.035,0.011,0.0
28/07/2019 18:00,0.0,0.0,0.0,0.0
28/07/2019 19:00,0.0,0.0,0.0,0.0
28/07/2019 20:00,0.0,0.0,0.0,0.0
28/07/2019 21:00,0.0,0.0,0.0,0.0
28/07/2019 22:00,0.0,0.0,0.0,0.0
28/07/2019 23:00,0.0,0.0,0.0,0.0
29/07/2019 00:00,0.0,0.0,0.0,0.0
29/07/2019 01:00,0.0,0.0,0.0,0.0
29/07/2019 02:00,0.0,0.0,0.0,0.0
29/07/2019 03:00,0.0,0.0,0.0,0.0
29/07/2019 04:00,0.0,0.0,0.0,0.0
29/07/2019 05:00,0.009,0.0,0.0,0.009
29/07/2019 06:00,0.23,0.0,0.006,0.23
29/07/2019 07:00,0.458,0.004,0.281,0.458
29/07/2019 08:00,0.61,0.091,0.505,0.61
29/07/2019 09:00,0.731,0.257,0.66,0.731
29/07/2019 10:00,0.759,0.446,0.757,0.759
29/07/2019 11:00,0.731,0.723,0.802,0.731
29/07/2019 12:00,0.666,0.777,0.798,0.666
29/07/2019 13:00,0.532,0.745,0.745,0.532
29/07/2019 14:00,0.331,0.66,0.642,0.331
29/07/2019 15:00,0.081,0.517,0.482,0.081
29/07/2019 16:00,0.0,0.306,0.256,0.0
29/07/2019 17:00,0.0,0.043,0.012,0.0
29/07/2019 18:00,0.0,0.0,0.0,0.0
29/07/2019 19:00,0.0,0.0,0.0,0.0
29/07/2019 20:00,0.0,0.0,0.0,0.0
29/07/2019 21:00,0.0,0.0,0.0,0.0
29/07/2019 22:00,0.0,0.0,0.0,0.0
29/07/2019 23:00,0.0,0.0,0.0,0.0
30/07/2019 00:00,0.0,0.0,0.0,0.0
30/07/2019 01:00,0.0,0.0,0.0,0.0
30/07/2019 02:00,0.0,0.0,0.0,0.0
30/07/2019 03:00,0.0,0.0,0.0,0.0
30/07/2019 04:00,0.0,0.0,0.0,0.0
30/07/2019 05:00,0.0,0.0,0.0,0.0
30/07/2019 06:00,0.054,0.0,0.005,0.054
30/07/2019 07:00,0.362,0.017,0.267,0.362
30/07/2019 08:00,0.626,0.122,0.499,0.626
30/07/2019 09:00,0.739,0.263,0.655,0.739
30/07/2019 10:00,0.8,0.429,0.75,0.8
30/07/2019 11:00,0.783,0.613,0.792,0.783
30/07/2019 12:00,0.71,0.705,0.793,0.71
30/07/2019 13:00,0.582,0.69,0.745,0.582
30/07/2019 14:00,0.39,0.618,0.64,0.39
30/07/2019 15:00,0.126,0.485,0.481,0.126
30/07/2019 16:00,0.0,0.287,0.253,0.0
30/07/2019 17:00,0.0,0.04,0.011,0.0
30/07/2019 18:00,0.0,0.0,0.0,0.0
30/07/2019 19:00,0.0,0.0,0.0,0.0
30/07/2019 20:00,0.0,0.0,0.0,0.0
30/07/2019 21:00,0.0,0.0,0.0,0.0
30/07/2019 22:00,0.0,0.0,0.0,0.0
30/07/2019 23:00,0.0,0.0,0.0,0.0
31/07/2019 00:00,0.0,0.0,0.0,0.0
31/07/2019 01:00,0.0,0.0,0.0,0.0
31/07/2019 02:00,0.0,0.0,0.0,0.0
31/07/2019 03:00,0.0,0.0,0.0,0.0
31/07/2019 04:00,0.0,0.0,0.0,0.0
31/07/2019 05:00,0.015,0.0,0.0,0.015
31/07/2019 06:00,0.231,0.0,0.005,0.231
31/07/2019 07:00,0.461,0.051,0.219,0.461
31/07/2019 08:00,0.7,0.341,0.484,0.7
31/07/2019 09:00,0.785,0.539,0.662,0.785
31/07/2019 10:00,0.816,0.666,0.759,0.816
31/07/2019 11:00,0.796,0.733,0.8,0.796
31/07/2019 12:00,0.727,0.75,0.795,0.727
31/07/2019 13:00,0.602,0.721,0.743,0.602
31/07/2019 14:00,0.413,0.643,0.643,0.413
31/07/2019 15:00,0.149,0.509,0.483,0.149
31/07/2019 16:00,0.0,0.309,0.257,0.0
31/07/2019 17:00,0.0,0.05,0.013,0.0
31/07/2019 18:00,0.0,0.0,0.0,0.0
31/07/2019 19:00,0.0,0.0,0.0,0.0
31/07/2019 20:00,0.0,0.0,0.0,0.0
31/07/2019 21:00,0.0,0.0,0.0,0.0
31/07/2019 22:00,0.0,0.0,0.0,0.0
31/07/2019 23:00,0.0,0.0,0.0,0.0
01/08/2019 00:00,0.0,0.0,0.0,0.0
01/08/2019 01:00,0.0,0.0,0.0,0.0
01/08/2019 02:00,0.0,0.0,0.0,0.0
01/08/2019 03:00,0.0,0.0,0.0,0.0
01/08/2019 04:00,0.0,0.0,0.0,0.0
01/08/2019 05:00,0.024,0.0,0.0,0.024
01/08/2019 06:00,0.323,0.0,0.007,0.323
01/08/2019 07:00,0.539,0.069,0.278,0.539
01/08/2019 08:00,0.679,0.38,0.506,0.679
01/08/2019 09:00,0.769,0.575,0.658,0.769
01/08/2019 10:00,0.797,0.698,0.754,0.797
01/08/2019 11:00,0.777,0.759,0.794,0.777
01/08/2019 12:00,0.708,0.775,0.791,0.708
01/08/2019 13:00,0.58,0.744,0.74,0.58
01/08/2019 14:00,0.385,0.663,0.638,0.385
01/08/2019 15:00,0.121,0.527,0.481,0.121
01/08/2019 16:00,0.0,0.328,0.257,0.0
01/08/2019 17:00,0.0,0.06,0.014,0.0
01/08/2019 18:00,0.0,0.0,0.0,0.0
01/08/2019 19:00,0.0,0.0,0.0,0.0
01/08/2019 20:00,0.0,0.0,0.0,0.0
01/08/2019 21:00,0.0,0.0,0.0,0.0
01/08/2019 22:00,0.0,0.0,0.0,0.0
01/08/2019 23:00,0.0,0.0,0.0,0.0
02/08/2019 00:00,0.0,0.0,0.0,0.0
02/08/2019 01:00,0.0,0.0,0.0,0.0
02/08/2019 02:00,0.0,0.0,0.0,0.0
02/08/2019 03:00,0.0,0.0,0.0,0.0
02/08/2019 04:00,0.0,0.0,0.0,0.0
02/08/2019 05:00,0.013,0.0,0.0,0.013
02/08/2019 06:00,0.258,0.0,0.008,0.258
02/08/2019 07:00,0.497,0.057,0.291,0.497
02/08/2019 08:00,0.657,0.348,0.515,0.657
02/08/2019 09:00,0.748,0.544,0.667,0.748
02/08/2019 10:00,0.785,0.666,0.762,0.785
02/08/2019 11:00,0.771,0.731,0.806,0.771
02/08/2019 12:00,0.712,0.747,0.803,0.712
02/08/2019 13:00,0.592,0.717,0.752,0.592
02/08/2019 14:00,0.408,0.637,0.654,0.408
02/08/2019 15:00,0.151,0.502,0.499,0.151
02/08/2019 16:00,0.0,0.302,0.278,0.0
02/08/2019 17:00,0.0,0.051,0.019,0.0
02/08/2019 18:00,0.0,0.0,0.0,0.0
02/08/2019 19:00,0.0,0.0,0.0,0.0
02/08/2019 20:00,0.0,0.0,0.0,0.0
02/08/2019 21:00,0.0,0.0,0.0,0.0
02/08/2019 22:00,0.0,0.0,0.0,0.0
02/08/2019 23:00,0.0,0.0,0.0,0.0
03/08/2019 00:00,0.0,0.0,0.0,0.0
03/08/2019 01:00,0.0,0.0,0.0,0.0
03/08/2019 02:00,0.0,0.0,0.0,0.0
03/08/2019 03:00,0.0,0.0,0.0,0.0
03/08/2019 04:00,0.0,0.0,0.0,0.0
03/08/2019 05:00,0.018,0.0,0.0,0.018
03/08/2019 06:00,0.295,0.0,0.011,0.295
03/08/2019 07:00,0.567,0.052,0.307,0.567
03/08/2019 08:00,0.713,0.332,0.53,0.713
03/08/2019 09:00,0.794,0.532,0.684,0.794
03/08/2019 10:00,0.82,0.659,0.78,0.82
03/08/2019 11:00,0.798,0.724,0.822,0.798
03/08/2019 12:00,0.726,0.74,0.816,0.726
03/08/2019 13:00,0.604,0.707,0.764,0.604
03/08/2019 14:00,0.42,0.627,0.661,0.42
03/08/2019 15:00,0.161,0.487,0.504,0.161
03/08/2019 16:00,0.0,0.284,0.283,0.0
03/08/2019 17:00,0.0,0.044,0.02,0.0
03/08/2019 18:00,0.0,0.0,0.0,0.0
03/08/2019 19:00,0.0,0.0,0.0,0.0
03/08/2019 20:00,0.0,0.0,0.0,0.0
03/08/2019 21:00,0.0,0.0,0.0,0.0
03/08/2019 22:00,0.0,0.0,0.0,0.0
03/08/2019 23:00,0.0,0.0,0.0,0.0
04/08/2019 00:00,0.0,0.0,0.0,0.0
04/08/2019 01:00,0.0,0.0,0.0,0.0
04/08/2019 02:00,0.0,0.0,0.0,0.0
04/08/2019 03:00,0.0,0.0,0.0,0.0
04/08/2019 04:00,0.0,0.0,0.0,0.0
04/08/2019 05:00,0.024,0.0,0.0,0.024
04/08/2019 06:00,0.303,0.0,0.012,0.303
04/08/2019 07:00,0.524,0.004,0.307,0.524
04/08/2019 08:00,0.669,0.074,0.528,0.669
04/08/2019 09:00,0.756,0.164,0.678,0.756
04/08/2019 10:00,0.789,0.224,0.773,0.789
04/08/2019 11:00,0.771,0.261,0.813,0.771
04/08/2019 12:00,0.699,0.306,0.807,0.699
04/08/2019 13:00,0.575,0.349,0.754,0.575
04/08/2019 14:00,0.389,0.341,0.655,0.389
04/08/2019 15:00,0.138,0.253,0.497,0.138
04/08/2019 16:00,0.0,0.112,0.276,0.0
04/08/2019 17:00,0.0,0.011,0.019,0.0
04/08/2019 18:00,0.0,0.0,0.0,0.0
04/08/2019 19:00,0.0,0.0,0.0,0.0
04/08/2019 20:00,0.0,0.0,0.0,0.0
04/08/2019 21:00,0.0,0.0,0.0,0.0
04/08/2019 22:00,0.0,0.0,0.0,0.0
04/08/2019 23:00,0.0,0.0,0.0,0.0
05/08/2019 00:00,0.0,0.0,0.0,0.0
05/08/2019 01:00,0.0,0.0,0.0,0.0
05/08/2019 02:00,0.0,0.0,0.0,0.0
05/08/2019 03:00,0.0,0.0,0.0,0.0
05/08/2019 04:00,0.0,0.0,0.0,0.0
05/08/2019 05:00,0.017,0.0,0.0,0.017
05/08/2019 06:00,0.241,0.0,0.01,0.241
05/08/2019 07:00,0.551,0.011,0.286,0.551
05/08/2019 08:00,0.707,0.141,0.513,0.707
05/08/2019 09:00,0.792,0.442,0.665,0.792
05/08/2019 10:00,0.819,0.615,0.76,0.819
05/08/2019 11:00,0.799,0.673,0.805,0.799
05/08/2019 12:00,0.724,0.724,0.801,0.724
05/08/2019 13:00,0.599,0.722,0.749,0.599
05/08/2019 14:00,0.411,0.646,0.648,0.411
05/08/2019 15:00,0.153,0.486,0.49,0.153
05/08/2019 16:00,0.0,0.261,0.266,0.0
05/08/2019 17:00,0.0,0.046,0.018,0.0
05/08/2019 18:00,0.0,0.0,0.0,0.0
05/08/2019 19:00,0.0,0.0,0.0,0.0
05/08/2019 20:00,0.0,0.0,0.0,0.0
05/08/2019 21:00,0.0,0.0,0.0,0.0
05/08/2019 22:00,0.0,0.0,0.0,0.0
05/08/2019 23:00,0.0,0.0,0.0,0.0
06/08/2019 00:00,0.0,0.0,0.0,0.0
06/08/2019 01:00,0.0,0.0,0.0,0.0
06/08/2019 02:00,0.0,0.0,0.0,0.0
06/08/2019 03:00,0.0,0.0,0.0,0.0
06/08/2019 04:00,0.0,0.0,0.0,0.0
06/08/2019 05:00,0.037,0.0,0.0,0.037
06/08/2019 06:00,0.347,0.0,0.004,0.347
06/08/2019 07:00,0.577,0.007,0.182,0.577
06/08/2019 08:00,0.722,0.098,0.488,0.722
06/08/2019 09:00,0.805,0.329,0.652,0.805
06/08/2019 10:00,0.833,0.445,0.747,0.833
06/08/2019 11:00,0.809,0.535,0.788,0.809
06/08/2019 12:00,0.738,0.566,0.785,0.738
06/08/2019 13:00,0.615,0.514,0.734,0.615
06/08/2019 14:00,0.432,0.431,0.632,0.432
06/08/2019 15:00,0.176,0.297,0.475,0.176
06/08/2019 16:00,0.0,0.148,0.255,0.0
06/08/2019 17:00,0.0,0.02,0.017,0.0
06/08/2019 18:00,0.0,0.0,0.0,0.0
06/08/2019 19:00,0.0,0.0,0.0,0.0
06/08/2019 20:00,0.0,0.0,0.0,0.0
06/08/2019 21:00,0.0,0.0,0.0,0.0
06/08/2019 22:00,0.0,0.0,0.0,0.0
06/08/2019 23:00,0.0,0.0,0.0,0.0
07/08/2019 00:00,0.0,0.0,0.0,0.0
07/08/2019 01:00,0.0,0.0,0.0,0.0
07/08/2019 02:00,0.0,0.0,0.0,0.0
07/08/2019 03:00,0.0,0.0,0.0,0.0
07/08/2019 04:00,0.0,0.0,0.0,0.0
07/08/2019 05:00,0.032,0.0,0.0,0.032
07/08/2019 06:00,0.331,0.0,0.002,0.331
07/08/2019 07:00,0.554,0.014,0.191,0.554
07/08/2019 08:00,0.701,0.137,0.472,0.701
07/08/2019 09:00,0.786,0.444,0.638,0.786
07/08/2019 10:00,0.818,0.7,0.738,0.818
07/08/2019 11:00,0.8,0.793,0.79,0.8
07/08/2019 12:00,0.732,0.811,0.788,0.732
07/08/2019 13:00,0.609,0.777,0.727,0.609
07/08/2019 14:00,0.42,0.691,0.616,0.42
07/08/2019 15:00,0.153,0.55,0.393,0.153
07/08/2019 16:00,0.0,0.345,0.184,0.0
07/08/2019 17:00,0.0,0.08,0.011,0.0
07/08/2019 18:00,0.0,0.0,0.0,0.0
07/08/2019 19:00,0.0,0.0,0.0,0.0
07/08/2019 20:00,0.0,0.0,0.0,0.0
07/08/2019 21:00,0.0,0.0,0.0,0.0
07/08/2019 22:00,0.0,0.0,0.0,0.0
07/08/2019 23:00,0.0,0.0,0.0,0.0
08/08/2019 00:00,0.0,0.0,0.0,0.0
08/08/2019 01:00,0.0,0.0,0.0,0.0
08/08/2019 02:00,0.0,0.0,0.0,0.0
08/08/2019 03:00,0.0,0.0,0.0,0.0
08/08/2019 04:00,0.0,0.0,0.0,0.0
08/08/2019 05:00,0.026,0.0,0.0,0.026
08/08/2019 06:00,0.279,0.0,0.0,0.279
08/08/2019 07:00,0.549,0.082,0.075,0.549
08/08/2019 08:00,0.708,0.375,0.326,0.708
08/08/2019 09:00,0.8,0.58,0.579,0.8
08/08/2019 10:00,0.837,0.709,0.735,0.837
08/08/2019 11:00,0.82,0.77,0.789,0.82
08/08/2019 12:00,0.75,0.775,0.794,0.75
08/08/2019 13:00,0.624,0.737,0.745,0.624
08/08/2019 14:00,0.434,0.654,0.645,0.434
08/08/2019 15:00,0.171,0.515,0.478,0.171
08/08/2019 16:00,0.0,0.313,0.255,0.0
08/08/2019 17:00,0.0,0.067,0.015,0.0
08/08/2019 18:00,0.0,0.0,0.0,0.0
08/08/2019 19:00,0.0,0.0,0.0,0.0
08/08/2019 20:00,0.0,0.0,0.0,0.0
08/08/2019 21:00,0.0,0.0,0.0,0.0
08/08/2019 22:00,0.0,0.0,0.0,0.0
08/08/2019 23:00,0.0,0.0,0.0,0.0
09/08/2019 00:00,0.0,0.0,0.0,0.0
09/08/2019 01:00,0.0,0.0,0.0,0.0
09/08/2019 02:00,0.0,0.0,0.0,0.0
09/08/2019 03:00,0.0,0.0,0.0,0.0
09/08/2019 04:00,0.0,0.0,0.0,0.0
09/08/2019 05:00,0.042,0.0,0.0,0.042
09/08/2019 06:00,0.32,0.0,0.012,0.32
09/08/2019 07:00,0.584,0.055,0.285,0.584
09/08/2019 08:00,0.73,0.276,0.51,0.73
09/08/2019 09:00,0.815,0.414,0.662,0.815
09/08/2019 10:00,0.845,0.5,0.758,0.845
09/08/2019 11:00,0.824,0.474,0.801,0.824
09/08/2019 12:00,0.752,0.532,0.794,0.752
09/08/2019 13:00,0.628,0.506,0.741,0.628
09/08/2019 14:00,0.442,0.451,0.642,0.442
09/08/2019 15:00,0.186,0.387,0.485,0.186
09/08/2019 16:00,0.0,0.239,0.265,0.0
09/08/2019 17:00,0.0,0.039,0.021,0.0
09/08/2019 18:00,0.0,0.0,0.0,0.0
09/08/2019 19:00,0.0,0.0,0.0,0.0
09/08/2019 20:00,0.0,0.0,0.0,0.0
09/08/2019 21:00,0.0,0.0,0.0,0.0
09/08/2019 22:00,0.0,0.0,0.0,0.0
09/08/2019 23:00,0.0,0.0,0.0,0.0
10/08/2019 00:00,0.0,0.0,0.0,0.0
10/08/2019 01:00,0.0,0.0,0.0,0.0
10/08/2019 02:00,0.0,0.0,0.0,0.0
10/08/2019 03:00,0.0,0.0,0.0,0.0
10/08/2019 04:00,0.0,0.0,0.0,0.0
10/08/2019 05:00,0.041,0.0,0.0,0.041
10/08/2019 06:00,0.332,0.0,0.013,0.332
10/08/2019 07:00,0.545,0.015,0.285,0.545
10/08/2019 08:00,0.685,0.127,0.514,0.685
10/08/2019 09:00,0.768,0.36,0.674,0.768
10/08/2019 10:00,0.794,0.634,0.77,0.794
10/08/2019 11:00,0.773,0.758,0.811,0.773
10/08/2019 12:00,0.707,0.791,0.804,0.707
10/08/2019 13:00,0.586,0.764,0.756,0.586
10/08/2019 14:00,0.407,0.681,0.655,0.407
10/08/2019 15:00,0.163,0.539,0.503,0.163
10/08/2019 16:00,0.0,0.334,0.286,0.0
10/08/2019 17:00,0.0,0.079,0.027,0.0
10/08/2019 18:00,0.0,0.0,0.0,0.0
10/08/2019 19:00,0.0,0.0,0.0,0.0
10/08/2019 20:00,0.0,0.0,0.0,0.0
10/08/2019 21:00,0.0,0.0,0.0,0.0
10/08/2019 22:00,0.0,0.0,0.0,0.0
10/08/2019 23:00,0.0,0.0,0.0,0.0
11/08/2019 00:00,0.0,0.0,0.0,0.0
11/08/2019 01:00,0.0,0.0,0.0,0.0
11/08/2019 02:00,0.0,0.0,0.0,0.0
11/08/2019 03:00,0.0,0.0,0.0,0.0
11/08/2019 04:00,0.0,0.0,0.0,0.0
11/08/2019 05:00,0.053,0.0,0.0,0.053
11/08/2019 06:00,0.369,0.0,0.004,0.369
11/08/2019 07:00,0.586,0.088,0.136,0.586
11/08/2019 08:00,0.726,0.367,0.468,0.726
11/08/2019 09:00,0.807,0.568,0.662,0.807
11/08/2019 10:00,0.836,0.699,0.758,0.836
11/08/2019 11:00,0.811,0.705,0.803,0.811
11/08/2019 12:00,0.737,0.632,0.798,0.737
11/08/2019 13:00,0.609,0.601,0.745,0.609
11/08/2019 14:00,0.42,0.522,0.647,0.42
11/08/2019 15:00,0.164,0.416,0.491,0.164
11/08/2019 16:00,0.0,0.26,0.273,0.0
11/08/2019 17:00,0.0,0.063,0.025,0.0
11/08/2019 18:00,0.0,0.0,0.0,0.0
11/08/2019 19:00,0.0,0.0,0.0,0.0
11/08/2019 20:00,0.0,0.0,0.0,0.0
11/08/2019 21:00,0.0,0.0,0.0,0.0
11/08/2019 22:00,0.0,0.0,0.0,0.0
11/08/2019 23:00,0.0,0.0,0.0,0.0
12/08/2019 00:00,0.0,0.0,0.0,0.0
12/08/2019 01:00,0.0,0.0,0.0,0.0
12/08/2019 02:00,0.0,0.0,0.0,0.0
12/08/2019 03:00,0.0,0.0,0.0,0.0
12/08/2019 04:00,0.0,0.0,0.0,0.0
12/08/2019 05:00,0.036,0.0,0.0,0.036
12/08/2019 06:00,0.302,0.0,0.013,0.302
12/08/2019 07:00,0.556,0.05,0.27,0.556
12/08/2019 08:00,0.707,0.303,0.499,0.707
12/08/2019 09:00,0.791,0.561,0.649,0.791
12/08/2019 10:00,0.825,0.706,0.741,0.825
12/08/2019 11:00,0.805,0.78,0.781,0.805
12/08/2019 12:00,0.736,0.797,0.776,0.736
12/08/2019 13:00,0.61,0.763,0.725,0.61
12/08/2019 14:00,0.424,0.678,0.622,0.424
12/08/2019 15:00,0.17,0.537,0.466,0.17
12/08/2019 16:00,0.0,0.332,0.25,0.0
12/08/2019 17:00,0.0,0.082,0.02,0.0
12/08/2019 18:00,0.0,0.0,0.0,0.0
12/08/2019 19:00,0.0,0.0,0.0,0.0
12/08/2019 20:00,0.0,0.0,0.0,0.0
12/08/2019 21:00,0.0,0.0,0.0,0.0
12/08/2019 22:00,0.0,0.0,0.0,0.0
12/08/2019 23:00,0.0,0.0,0.0,0.0
13/08/2019 00:00,0.0,0.0,0.0,0.0
13/08/2019 01:00,0.0,0.0,0.0,0.0
13/08/2019 02:00,0.0,0.0,0.0,0.0
13/08/2019 03:00,0.0,0.0,0.0,0.0
13/08/2019 04:00,0.0,0.0,0.0,0.0
13/08/2019 05:00,0.052,0.0,0.0,0.052
13/08/2019 06:00,0.349,0.0,0.014,0.349
13/08/2019 07:00,0.563,0.025,0.272,0.563
13/08/2019 08:00,0.702,0.176,0.5,0.702
13/08/2019 09:00,0.787,0.411,0.661,0.787
13/08/2019 10:00,0.818,0.654,0.759,0.818
13/08/2019 11:00,0.799,0.778,0.798,0.799
13/08/2019 12:00,0.732,0.808,0.798,0.732
13/08/2019 13:00,0.61,0.775,0.754,0.61
13/08/2019 14:00,0.429,0.687,0.658,0.429
13/08/2019 15:00,0.181,0.541,0.506,0.181
13/08/2019 16:00,0.0,0.332,0.291,0.0
13/08/2019 17:00,0.0,0.085,0.031,0.0
13/08/2019 18:00,0.0,0.0,0.0,0.0
13/08/2019 19:00,0.0,0.0,0.0,0.0
13/08/2019 20:00,0.0,0.0,0.0,0.0
13/08/2019 21:00,0.0,0.0,0.0,0.0
13/08/2019 22:00,0.0,0.0,0.0,0.0
13/08/2019 23:00,0.0,0.0,0.0,0.0
14/08/2019 00:00,0.0,0.0,0.0,0.0
14/08/2019 01:00,0.0,0.0,0.0,0.0
14/08/2019 02:00,0.0,0.0,0.0,0.0
14/08/2019 03:00,0.0,0.0,0.0,0.0
14/08/2019 04:00,0.0,0.0,0.0,0.0
14/08/2019 05:00,0.059,0.0,0.0,0.059
14/08/2019 06:00,0.362,0.0,0.004,0.362
14/08/2019 07:00,0.573,0.106,0.108,0.573
14/08/2019 08:00,0.71,0.378,0.447,0.71
14/08/2019 09:00,0.788,0.574,0.669,0.788
14/08/2019 10:00,0.819,0.699,0.775,0.819
14/08/2019 11:00,0.801,0.768,0.816,0.801
14/08/2019 12:00,0.73,0.785,0.809,0.73
14/08/2019 13:00,0.61,0.751,0.754,0.61
14/08/2019 14:00,0.429,0.668,0.654,0.429
14/08/2019 15:00,0.185,0.533,0.495,0.185
14/08/2019 16:00,0.0,0.337,0.274,0.0
14/08/2019 17:00,0.0,0.095,0.027,0.0
14/08/2019 18:00,0.0,0.0,0.0,0.0
14/08/2019 19:00,0.0,0.0,0.0,0.0
14/08/2019 20:00,0.0,0.0,0.0,0.0
14/08/2019 21:00,0.0,0.0,0.0,0.0
14/08/2019 22:00,0.0,0.0,0.0,0.0
14/08/2019 23:00,0.0,0.0,0.0,0.0
15/08/2019 00:00,0.0,0.0,0.0,0.0
15/08/2019 01:00,0.0,0.0,0.0,0.0
15/08/2019 02:00,0.0,0.0,0.0,0.0
15/08/2019 03:00,0.0,0.0,0.0,0.0
15/08/2019 04:00,0.0,0.0,0.0,0.0
15/08/2019 05:00,0.046,0.0,0.0,0.046
15/08/2019 06:00,0.315,0.0,0.017,0.315
15/08/2019 07:00,0.521,0.043,0.282,0.521
15/08/2019 08:00,0.657,0.152,0.502,0.657
15/08/2019 09:00,0.741,0.161,0.653,0.741
15/08/2019 10:00,0.766,0.163,0.745,0.766
15/08/2019 11:00,0.743,0.26,0.782,0.743
15/08/2019 12:00,0.674,0.271,0.778,0.674
15/08/2019 13:00,0.554,0.284,0.726,0.554
15/08/2019 14:00,0.377,0.317,0.623,0.377
15/08/2019 15:00,0.144,0.281,0.467,0.144
15/08/2019 16:00,0.0,0.15,0.25,0.0
15/08/2019 17:00,0.0,0.028,0.022,0.0
15/08/2019 18:00,0.0,0.0,0.0,0.0
15/08/2019 19:00,0.0,0.0,0.0,0.0
15/08/2019 20:00,0.0,0.0,0.0,0.0
15/08/2019 21:00,0.0,0.0,0.0,0.0
15/08/2019 22:00,0.0,0.0,0.0,0.0
15/08/2019 23:00,0.0,0.0,0.0,0.0
16/08/2019 00:00,0.0,0.0,0.0,0.0
16/08/2019 01:00,0.0,0.0,0.0,0.0
16/08/2019 02:00,0.0,0.0,0.0,0.0
16/08/2019 03:00,0.0,0.0,0.0,0.0
16/08/2019 04:00,0.0,0.0,0.0,0.0
16/08/2019 05:00,0.04,0.0,0.0,0.04
16/08/2019 06:00,0.296,0.0,0.014,0.296
16/08/2019 07:00,0.506,0.038,0.256,0.506
16/08/2019 08:00,0.644,0.159,0.476,0.644
16/08/2019 09:00,0.719,0.287,0.625,0.719
16/08/2019 10:00,0.742,0.432,0.717,0.742
16/08/2019 11:00,0.725,0.629,0.759,0.725
16/08/2019 12:00,0.663,0.647,0.757,0.663
16/08/2019 13:00,0.546,0.579,0.708,0.546
16/08/2019 14:00,0.371,0.515,0.61,0.371
16/08/2019 15:00,0.141,0.402,0.457,0.141
16/08/2019 16:00,0.0,0.234,0.245,0.0
16/08/2019 17:00,0.0,0.049,0.023,0.0
16/08/2019 18:00,0.0,0.0,0.0,0.0
16/08/2019 19:00,0.0,0.0,0.0,0.0
16/08/2019 20:00,0.0,0.0,0.0,0.0
16/08/2019 21:00,0.0,0.0,0.0,0.0
16/08/2019 22:00,0.0,0.0,0.0,0.0
16/08/2019 23:00,0.0,0.0,0.0,0.0
17/08/2019 00:00,0.0,0.0,0.0,0.0
17/08/2019 01:00,0.0,0.0,0.0,0.0
17/08/2019 02:00,0.0,0.0,0.0,0.0
17/08/2019 03:00,0.0,0.0,0.0,0.0
17/08/2019 04:00,0.0,0.0,0.0,0.0
17/08/2019 05:00,0.038,0.0,0.0,0.038
17/08/2019 06:00,0.284,0.0,0.006,0.284
17/08/2019 07:00,0.494,0.047,0.142,0.494
17/08/2019 08:00,0.634,0.241,0.396,0.634
17/08/2019 09:00,0.725,0.448,0.567,0.725
17/08/2019 10:00,0.759,0.601,0.721,0.759
17/08/2019 11:00,0.745,0.733,0.768,0.745
17/08/2019 12:00,0.678,0.781,0.775,0.678
17/08/2019 13:00,0.56,0.771,0.723,0.56
17/08/2019 14:00,0.382,0.685,0.614,0.382
17/08/2019 15:00,0.148,0.496,0.446,0.148
17/08/2019 16:00,0.0,0.207,0.22,0.0
17/08/2019 17:00,0.0,0.025,0.016,0.0
17/08/2019 18:00,0.0,0.0,0.0,0.0
17/08/2019 19:00,0.0,0.0,0.0,0.0
17/08/2019 20:00,0.0,0.0,0.0,0.0
17/08/2019 21:00,0.0,0.0,0.0,0.0
17/08/2019 22:00,0.0,0.0,0.0,0.0
17/08/2019 23:00,0.0,0.0,0.0,0.0
18/08/2019 00:00,0.0,0.0,0.0,0.0
18/08/2019 01:00,0.0,0.0,0.0,0.0
18/08/2019 02:00,0.0,0.0,0.0,0.0
18/08/2019 03:00,0.0,0.0,0.0,0.0
18/08/2019 04:00,0.0,0.0,0.0,0.0
18/08/2019 05:00,0.041,0.0,0.0,0.041
18/08/2019 06:00,0.286,0.0,0.005,0.286
18/08/2019 07:00,0.496,0.02,0.122,0.496
18/08/2019 08:00,0.636,0.103,0.418,0.636
18/08/2019 09:00,0.72,0.18,0.581,0.72
18/08/2019 10:00,0.75,0.303,0.689,0.75
18/08/2019 11:00,0.732,0.483,0.727,0.732
18/08/2019 12:00,0.673,0.595,0.728,0.673
18/08/2019 13:00,0.555,0.63,0.678,0.555
18/08/2019 14:00,0.377,0.591,0.577,0.377
18/08/2019 15:00,0.143,0.466,0.419,0.143
18/08/2019 16:00,0.0,0.264,0.206,0.0
18/08/2019 17:00,0.0,0.039,0.016,0.0
18/08/2019 18:00,0.0,0.0,0.0,0.0
18/08/2019 19:00,0.0,0.0,0.0,0.0
18/08/2019 20:00,0.0,0.0,0.0,0.0
18/08/2019 21:00,0.0,0.0,0.0,0.0
18/08/2019 22:00,0.0,0.0,0.0,0.0
18/08/2019 23:00,0.0,0.0,0.0,0.0
19/08/2019 00:00,0.0,0.0,0.0,0.0
19/08/2019 01:00,0.0,0.0,0.0,0.0
19/08/2019 02:00,0.0,0.0,0.0,0.0
19/08/2019 03:00,0.0,0.0,0.0,0.0
19/08/2019 04:00,0.0,0.0,0.0,0.0
19/08/2019 05:00,0.049,0.0,0.0,0.049
19/08/2019 06:00,0.305,0.0,0.02,0.305
19/08/2019 07:00,0.471,0.016,0.289,0.471
19/08/2019 08:00,0.645,0.114,0.523,0.645
19/08/2019 09:00,0.773,0.378,0.683,0.773
19/08/2019 10:00,0.826,0.613,0.777,0.826
19/08/2019 11:00,0.806,0.756,0.814,0.806
19/08/2019 12:00,0.739,0.804,0.802,0.739
19/08/2019 13:00,0.62,0.797,0.743,0.62
19/08/2019 14:00,0.441,0.713,0.635,0.441
19/08/2019 15:00,0.198,0.567,0.472,0.198
19/08/2019 16:00,0.0,0.358,0.251,0.0
19/08/2019 17:00,0.0,0.105,0.025,0.0
19/08/2019 18:00,0.0,0.0,0.0,0.0
19/08/2019 19:00,0.0,0.0,0.0,0.0
19/08/2019 20:00,0.0,0.0,0.0,0.0
19/08/2019 21:00,0.0,0.0,0.0,0.0
19/08/2019 22:00,0.0,0.0,0.0,0.0
19/08/2019 23:00,0.0,0.0,0.0,0.0
20/08/2019 00:00,0.0,0.0,0.0,0.0
20/08/2019 01:00,0.0,0.0,0.0,0.0
20/08/2019 02:00,0.0,0.0,0.0,0.0
20/08/2019 03:00,0.0,0.0,0.0,0.0
20/08/2019 04:00,0.0,0.0,0.0,0.0
20/08/2019 05:00,0.076,0.0,0.0,0.076
20/08/2019 06:00,0.365,0.0,0.006,0.365
20/08/2019 07:00,0.573,0.114,0.209,0.573
20/08/2019 08:00,0.711,0.338,0.459,0.711
20/08/2019 09:00,0.79,0.504,0.628,0.79
20/08/2019 10:00,0.817,0.512,0.731,0.817
20/08/2019 11:00,0.799,0.525,0.765,0.799
20/08/2019 12:00,0.733,0.631,0.758,0.733
20/08/2019 13:00,0.615,0.657,0.694,0.615
20/08/2019 14:00,0.44,0.513,0.594,0.44
20/08/2019 15:00,0.202,0.279,0.43,0.202
20/08/2019 16:00,0.0,0.128,0.212,0.0
20/08/2019 17:00,0.0,0.024,0.018,0.0
20/08/2019 18:00,0.0,0.0,0.0,0.0
20/08/2019 19:00,0.0,0.0,0.0,0.0
20/08/2019 20:00,0.0,0.0,0.0,0.0
20/08/2019 21:00,0.0,0.0,0.0,0.0
20/08/2019 22:00,0.0,0.0,0.0,0.0
20/08/2019 23:00,0.0,0.0,0.0,0.0
21/08/2019 00:00,0.0,0.0,0.0,0.0
21/08/2019 01:00,0.0,0.0,0.0,0.0
21/08/2019 02:00,0.0,0.0,0.0,0.0
21/08/2019 03:00,0.0,0.0,0.0,0.0
21/08/2019 04:00,0.0,0.0,0.0,0.0
21/08/2019 05:00,0.079,0.0,0.0,0.079
21/08/2019 06:00,0.36,0.0,0.011,0.36
21/08/2019 07:00,0.565,0.02,0.176,0.565
21/08/2019 08:00,0.701,0.13,0.458,0.701
21/08/2019 09:00,0.776,0.32,0.622,0.776
21/08/2019 10:00,0.8,0.696,0.725,0.8
21/08/2019 11:00,0.781,0.79,0.777,0.781
21/08/2019 12:00,0.711,0.806,0.764,0.711
21/08/2019 13:00,0.592,0.772,0.682,0.592
21/08/2019 14:00,0.414,0.688,0.581,0.414
21/08/2019 15:00,0.179,0.54,0.39,0.179
21/08/2019 16:00,0.0,0.34,0.148,0.0
21/08/2019 17:00,0.0,0.101,0.012,0.0
21/08/2019 18:00,0.0,0.0,0.0,0.0
21/08/2019 19:00,0.0,0.0,0.0,0.0
21/08/2019 20:00,0.0,0.0,0.0,0.0
21/08/2019 21:00,0.0,0.0,0.0,0.0
21/08/2019 22:00,0.0,0.0,0.0,0.0
21/08/2019 23:00,0.0,0.0,0.0,0.0
22/08/2019 00:00,0.0,0.0,0.0,0.0
22/08/2019 01:00,0.0,0.0,0.0,0.0
22/08/2019 02:00,0.0,0.0,0.0,0.0
22/08/2019 03:00,0.0,0.0,0.0,0.0
22/08/2019 04:00,0.0,0.0,0.0,0.0
22/08/2019 05:00,0.05,0.0,0.0,0.05
22/08/2019 06:00,0.304,0.0,0.003,0.304
22/08/2019 07:00,0.511,0.11,0.09,0.511
22/08/2019 08:00,0.652,0.384,0.373,0.652
22/08/2019 09:00,0.735,0.583,0.62,0.735
22/08/2019 10:00,0.768,0.703,0.743,0.768
22/08/2019 11:00,0.75,0.768,0.765,0.75
22/08/2019 12:00,0.689,0.788,0.762,0.689
22/08/2019 13:00,0.574,0.753,0.72,0.574
22/08/2019 14:00,0.402,0.664,0.635,0.402
22/08/2019 15:00,0.173,0.509,0.482,0.173
22/08/2019 16:00,0.0,0.296,0.265,0.0
22/08/2019 17:00,0.0,0.078,0.027,0.0
22/08/2019 18:00,0.0,0.0,0.0,0.0
22/08/2019 19:00,0.0,0.0,0.0,0.0
22/08/2019 20:00,0.0,0.0,0.0,0.0
22/08/2019 21:00,0.0,0.0,0.0,0.0
22/08/2019 22:00,0.0,0.0,0.0,0.0
22/08/2019 23:00,0.0,0.0,0.0,0.0
23/08/2019 00:00,0.0,0.0,0.0,0.0
23/08/2019 01:00,0.0,0.0,0.0,0.0
23/08/2019 02:00,0.0,0.0,0.0,0.0
23/08/2019 03:00,0.0,0.0,0.0,0.0
23/08/2019 04:00,0.0,0.0,0.0,0.0
23/08/2019 05:00,0.065,0.0,0.0,0.065
23/08/2019 06:00,0.323,0.0,0.023,0.323
23/08/2019 07:00,0.531,0.137,0.272,0.531
23/08/2019 08:00,0.668,0.396,0.496,0.668
23/08/2019 09:00,0.744,0.589,0.654,0.744
23/08/2019 10:00,0.775,0.71,0.753,0.775
23/08/2019 11:00,0.759,0.776,0.798,0.759
23/08/2019 12:00,0.697,0.792,0.794,0.697
23/08/2019 13:00,0.582,0.76,0.743,0.582
23/08/2019 14:00,0.41,0.677,0.641,0.41
23/08/2019 15:00,0.181,0.541,0.485,0.181
23/08/2019 16:00,0.0,0.34,0.27,0.0
23/08/2019 17:00,0.0,0.076,0.034,0.0
23/08/2019 18:00,0.0,0.0,0.0,0.0
23/08/2019 19:00,0.0,0.0,0.0,0.0
23/08/2019 20:00,0.0,0.0,0.0,0.0
23/08/2019 21:00,0.0,0.0,0.0,0.0
23/08/2019 22:00,0.0,0.0,0.0,0.0
23/08/2019 23:00,0.0,0.0,0.0,0.0
24/08/2019 00:00,0.0,0.0,0.0,0.0
24/08/2019 01:00,0.0,0.0,0.0,0.0
24/08/2019 02:00,0.0,0.0,0.0,0.0
24/08/2019 03:00,0.0,0.0,0.0,0.0
24/08/2019 04:00,0.0,0.0,0.0,0.0
24/08/2019 05:00,0.073,0.0,0.0,0.073
24/08/2019 06:00,0.334,0.0,0.024,0.334
24/08/2019 07:00,0.541,0.011,0.271,0.541
24/08/2019 08:00,0.676,0.08,0.491,0.676
24/08/2019 09:00,0.756,0.203,0.645,0.756
24/08/2019 10:00,0.787,0.47,0.743,0.787
24/08/2019 11:00,0.771,0.692,0.787,0.771
24/08/2019 12:00,0.708,0.772,0.784,0.708
24/08/2019 13:00,0.593,0.735,0.734,0.593
24/08/2019 14:00,0.422,0.634,0.633,0.422
24/08/2019 15:00,0.192,0.488,0.479,0.192
24/08/2019 16:00,0.001,0.29,0.268,0.001
24/08/2019 17:00,0.0,0.061,0.035,0.0
24/08/2019 18:00,0.0,0.0,0.0,0.0
24/08/2019 19:00,0.0,0.0,0.0,0.0
24/08/2019 20:00,0.0,0.0,0.0,0.0
24/08/2019 21:00,0.0,0.0,0.0,0.0
24/08/2019 22:00,0.0,0.0,0.0,0.0
24/08/2019 23:00,0.0,0.0,0.0,0.0
25/08/2019 00:00,0.0,0.0,0.0,0.0
25/08/2019 01:00,0.0,0.0,0.0,0.0
25/08/2019 02:00,0.0,0.0,0.0,0.0
25/08/2019 03:00,0.0,0.0,0.0,0.0
25/08/2019 04:00,0.0,0.0,0.0,0.0
25/08/2019 05:00,0.077,0.0,0.0,0.077
25/08/2019 06:00,0.339,0.0,0.026,0.339
25/08/2019 07:00,0.548,0.057,0.273,0.548
25/08/2019 08:00,0.684,0.3,0.49,0.684
25/08/2019 09:00,0.766,0.576,0.639,0.766
25/08/2019 10:00,0.798,0.714,0.735,0.798
25/08/2019 11:00,0.782,0.784,0.78,0.782
25/08/2019 12:00,0.717,0.802,0.777,0.717
25/08/2019 13:00,0.599,0.771,0.728,0.599
25/08/2019 14:00,0.424,0.688,0.63,0.424
25/08/2019 15:00,0.191,0.552,0.478,0.191
25/08/2019 16:00,0.001,0.357,0.269,0.001
25/08/2019 17:00,0.0,0.11,0.037,0.0
25/08/2019 18:00,0.0,0.0,0.0,0.0
25/08/2019 19:00,0.0,0.0,0.0,0.0
25/08/2019 20:00,0.0,0.0,0.0,0.0
25/08/2019 21:00,0.0,0.0,0.0,0.0
25/08/2019 22:00,0.0,0.0,0.0,0.0
25/08/2019 23:00,0.0,0.0,0.0,0.0
26/08/2019 00:00,0.0,0.0,0.0,0.0
26/08/2019 01:00,0.0,0.0,0.0,0.0
26/08/2019 02:00,0.0,0.0,0.0,0.0
26/08/2019 03:00,0.0,0.0,0.0,0.0
26/08/2019 04:00,0.0,0.0,0.0,0.0
26/08/2019 05:00,0.082,0.0,0.0,0.082
26/08/2019 06:00,0.347,0.0,0.027,0.347
26/08/2019 07:00,0.558,0.021,0.269,0.558
26/08/2019 08:00,0.694,0.132,0.484,0.694
26/08/2019 09:00,0.773,0.306,0.632,0.773
26/08/2019 10:00,0.802,0.553,0.727,0.802
26/08/2019 11:00,0.785,0.742,0.771,0.785
26/08/2019 12:00,0.722,0.818,0.769,0.722
26/08/2019 13:00,0.605,0.786,0.72,0.605
26/08/2019 14:00,0.43,0.7,0.622,0.43
26/08/2019 15:00,0.196,0.559,0.47,0.196
26/08/2019 16:00,0.001,0.355,0.262,0.001
26/08/2019 17:00,0.0,0.103,0.035,0.0
26/08/2019 18:00,0.0,0.0,0.0,0.0
26/08/2019 19:00,0.0,0.0,0.0,0.0
26/08/2019 20:00,0.0,0.0,0.0,0.0
26/08/2019 21:00,0.0,0.0,0.0,0.0
26/08/2019 22:00,0.0,0.0,0.0,0.0
26/08/2019 23:00,0.0,0.0,0.0,0.0
27/08/2019 00:00,0.0,0.0,0.0,0.0
27/08/2019 01:00,0.0,0.0,0.0,0.0
27/08/2019 02:00,0.0,0.0,0.0,0.0
27/08/2019 03:00,0.0,0.0,0.0,0.0
27/08/2019 04:00,0.0,0.0,0.0,0.0
27/08/2019 05:00,0.069,0.0,0.0,0.069
27/08/2019 06:00,0.357,0.0,0.012,0.357
27/08/2019 07:00,0.588,0.042,0.134,0.588
27/08/2019 08:00,0.736,0.218,0.429,0.736
27/08/2019 09:00,0.821,0.538,0.624,0.821
27/08/2019 10:00,0.851,0.716,0.739,0.851
27/08/2019 11:00,0.831,0.785,0.777,0.831
27/08/2019 12:00,0.763,0.804,0.776,0.763
27/08/2019 13:00,0.641,0.774,0.724,0.641
27/08/2019 14:00,0.46,0.691,0.62,0.46
27/08/2019 15:00,0.22,0.544,0.461,0.22
27/08/2019 16:00,0.003,0.339,0.249,0.003
27/08/2019 17:00,0.0,0.097,0.031,0.0
27/08/2019 18:00,0.0,0.0,0.0,0.0
27/08/2019 19:00,0.0,0.0,0.0,0.0
27/08/2019 20:00,0.0,0.0,0.0,0.0
27/08/2019 21:00,0.0,0.0,0.0,0.0
27/08/2019 22:00,0.0,0.0,0.0,0.0
27/08/2019 23:00,0.0,0.0,0.0,0.0
28/08/2019 00:00,0.0,0.0,0.0,0.0
28/08/2019 01:00,0.0,0.0,0.0,0.0
28/08/2019 02:00,0.0,0.0,0.0,0.0
28/08/2019 03:00,0.0,0.0,0.0,0.0
28/08/2019 04:00,0.0,0.0,0.0,0.0
28/08/2019 05:00,0.076,0.0,0.0,0.076
28/08/2019 06:00,0.379,0.0,0.023,0.379
28/08/2019 07:00,0.595,0.068,0.244,0.595
28/08/2019 08:00,0.742,0.37,0.461,0.742
28/08/2019 09:00,0.823,0.577,0.614,0.823
28/08/2019 10:00,0.855,0.719,0.706,0.855
28/08/2019 11:00,0.835,0.795,0.746,0.835
28/08/2019 12:00,0.764,0.8,0.747,0.764
28/08/2019 13:00,0.64,0.745,0.699,0.64
28/08/2019 14:00,0.457,0.646,0.6,0.457
28/08/2019 15:00,0.216,0.497,0.438,0.216
28/08/2019 16:00,0.003,0.289,0.208,0.003
28/08/2019 17:00,0.0,0.077,0.023,0.0
28/08/2019 18:00,0.0,0.0,0.0,0.0
28/08/2019 19:00,0.0,0.0,0.0,0.0
28/08/2019 20:00,0.0,0.0,0.0,0.0
28/08/2019 21:00,0.0,0.0,0.0,0.0
28/08/2019 22:00,0.0,0.0,0.0,0.0
28/08/2019 23:00,0.0,0.0,0.0,0.0
29/08/2019 00:00,0.0,0.0,0.0,0.0
29/08/2019 01:00,0.0,0.0,0.0,0.0
29/08/2019 02:00,0.0,0.0,0.0,0.0
29/08/2019 03:00,0.0,0.0,0.0,0.0
29/08/2019 04:00,0.0,0.0,0.0,0.0
29/08/2019 05:00,0.105,0.0,0.0,0.105
29/08/2019 06:00,0.371,0.0,0.013,0.371
29/08/2019 07:00,0.581,0.071,0.149,0.581
29/08/2019 08:00,0.718,0.201,0.325,0.718
29/08/2019 09:00,0.801,0.382,0.466,0.801
29/08/2019 10:00,0.832,0.483,0.565,0.832
29/08/2019 11:00,0.814,0.564,0.608,0.814
29/08/2019 12:00,0.749,0.527,0.626,0.749
29/08/2019 13:00,0.631,0.46,0.607,0.631
29/08/2019 14:00,0.454,0.359,0.491,0.454
29/08/2019 15:00,0.22,0.237,0.353,0.22
29/08/2019 16:00,0.004,0.118,0.168,0.004
29/08/2019 17:00,0.0,0.027,0.017,0.0
29/08/2019 18:00,0.0,0.0,0.0,0.0
29/08/2019 19:00,0.0,0.0,0.0,0.0
29/08/2019 20:00,0.0,0.0,0.0,0.0
29/08/2019 21:00,0.0,0.0,0.0,0.0
29/08/2019 22:00,0.0,0.0,0.0,0.0
29/08/2019 23:00,0.0,0.0,0.0,0.0
30/08/2019 00:00,0.0,0.0,0.0,0.0
30/08/2019 01:00,0.0,0.0,0.0,0.0
30/08/2019 02:00,0.0,0.0,0.0,0.0
30/08/2019 03:00,0.0,0.0,0.0,0.0
30/08/2019 04:00,0.0,0.0,0.0,0.0
30/08/2019 05:00,0.04,0.0,0.0,0.04
30/08/2019 06:00,0.268,0.0,0.016,0.268
30/08/2019 07:00,0.556,0.024,0.197,0.556
30/08/2019 08:00,0.734,0.113,0.406,0.734
30/08/2019 09:00,0.816,0.286,0.539,0.816
30/08/2019 10:00,0.846,0.501,0.627,0.846
30/08/2019 11:00,0.827,0.626,0.679,0.827
30/08/2019 12:00,0.759,0.719,0.686,0.759
30/08/2019 13:00,0.637,0.727,0.643,0.637
30/08/2019 14:00,0.457,0.67,0.56,0.457
30/08/2019 15:00,0.219,0.546,0.408,0.219
30/08/2019 16:00,0.004,0.366,0.207,0.004
30/08/2019 17:00,0.0,0.125,0.024,0.0
30/08/2019 18:00,0.0,0.0,0.0,0.0
30/08/2019 19:00,0.0,0.0,0.0,0.0
30/08/2019 20:00,0.0,0.0,0.0,0.0
30/08/2019 21:00,0.0,0.0,0.0,0.0
30/08/2019 22:00,0.0,0.0,0.0,0.0
30/08/2019 23:00,0.0,0.0,0.0,0.0
31/08/2019 00:00,0.0,0.0,0.0,0.0
31/08/2019 01:00,0.0,0.0,0.0,0.0
31/08/2019 02:00,0.0,0.0,0.0,0.0
31/08/2019 03:00,0.0,0.0,0.0,0.0
31/08/2019 04:00,0.0,0.0,0.0,0.0
31/08/2019 05:00,0.014,0.0,0.0,0.014
31/08/2019 06:00,0.138,0.0,0.006,0.138
31/08/2019 07:00,0.469,0.165,0.105,0.469
31/08/2019 08:00,0.686,0.429,0.204,0.686
31/08/2019 09:00,0.815,0.626,0.336,0.815
31/08/2019 10:00,0.849,0.757,0.524,0.849
31/08/2019 11:00,0.828,0.828,0.672,0.828
31/08/2019 12:00,0.759,0.846,0.705,0.759
31/08/2019 13:00,0.637,0.811,0.526,0.637
31/08/2019 14:00,0.457,0.723,0.31,0.457
31/08/2019 15:00,0.22,0.571,0.153,0.22
31/08/2019 16:00,0.004,0.353,0.065,0.004
31/08/2019 17:00,0.0,0.099,0.008,0.0
31/08/2019 18:00,0.0,0.0,0.0,0.0
31/08/2019 19:00,0.0,0.0,0.0,0.0
31/08/2019 20:00,0.0,0.0,0.0,0.0
31/08/2019 21:00,0.0,0.0,0.0,0.0
31/08/2019 22:00,0.0,0.0,0.0,0.0
31/08/2019 23:00,0.0,0.0,0.0,0.0
01/09/2019 00:00,0.0,0.0,0.0,0.0
01/09/2019 01:00,0.0,0.0,0.0,0.0
01/09/2019 02:00,0.0,0.0,0.0,0.0
01/09/2019 03:00,0.0,0.0,0.0,0.0
01/09/2019 04:00,0.0,0.0,0.0,0.0
01/09/2019 05:00,0.112,0.0,0.0,0.112
01/09/2019 06:00,0.369,0.0,0.005,0.369
01/09/2019 07:00,0.577,0.036,0.091,0.577
01/09/2019 08:00,0.72,0.159,0.236,0.72
01/09/2019 09:00,0.803,0.333,0.355,0.803
01/09/2019 10:00,0.832,0.526,0.465,0.832
01/09/2019 11:00,0.813,0.657,0.54,0.813
01/09/2019 12:00,0.744,0.723,0.438,0.744
01/09/2019 13:00,0.625,0.738,0.366,0.625
01/09/2019 14:00,0.449,0.687,0.287,0.449
01/09/2019 15:00,0.218,0.522,0.202,0.218
01/09/2019 16:00,0.005,0.183,0.104,0.005
01/09/2019 17:00,0.0,0.029,0.013,0.0
01/09/2019 18:00,0.0,0.0,0.0,0.0
01/09/2019 19:00,0.0,0.0,0.0,0.0
01/09/2019 20:00,0.0,0.0,0.0,0.0
01/09/2019 21:00,0.0,0.0,0.0,0.0
01/09/2019 22:00,0.0,0.0,0.0,0.0
01/09/2019 23:00,0.0,0.0,0.0,0.0
02/09/2019 00:00,0.0,0.0,0.0,0.0
02/09/2019 01:00,0.0,0.0,0.0,0.0
02/09/2019 02:00,0.0,0.0,0.0,0.0
02/09/2019 03:00,0.0,0.0,0.0,0.0
02/09/2019 04:00,0.0,0.0,0.0,0.0
02/09/2019 05:00,0.11,0.0,0.0,0.11
02/09/2019 06:00,0.361,0.0,0.004,0.361
02/09/2019 07:00,0.564,0.149,0.078,0.564
02/09/2019 08:00,0.701,0.406,0.175,0.701
02/09/2019 09:00,0.784,0.603,0.222,0.784
02/09/2019 10:00,0.817,0.734,0.301,0.817
02/09/2019 11:00,0.801,0.807,0.349,0.801
02/09/2019 12:00,0.738,0.83,0.425,0.738
02/09/2019 13:00,0.623,0.803,0.436,0.623
02/09/2019 14:00,0.452,0.725,0.374,0.452
02/09/2019 15:00,0.225,0.59,0.291,0.225
02/09/2019 16:00,0.006,0.385,0.143,0.006
02/09/2019 17:00,0.0,0.133,0.019,0.0
02/09/2019 18:00,0.0,0.0,0.0,0.0
02/09/2019 19:00,0.0,0.0,0.0,0.0
02/09/2019 20:00,0.0,0.0,0.0,0.0
02/09/2019 21:00,0.0,0.0,0.0,0.0
02/09/2019 22:00,0.0,0.0,0.0,0.0
02/09/2019 23:00,0.0,0.0,0.0,0.0
03/09/2019 00:00,0.0,0.0,0.0,0.0
03/09/2019 01:00,0.0,0.0,0.0,0.0
03/09/2019 02:00,0.0,0.0,0.0,0.0
03/09/2019 03:00,0.0,0.0,0.0,0.0
03/09/2019 04:00,0.0,0.0,0.0,0.0
03/09/2019 05:00,0.11,0.0,0.0,0.11
03/09/2019 06:00,0.369,0.0,0.013,0.369
03/09/2019 07:00,0.575,0.152,0.153,0.575
03/09/2019 08:00,0.711,0.407,0.414,0.711
03/09/2019 09:00,0.785,0.601,0.601,0.785
03/09/2019 10:00,0.809,0.729,0.633,0.809
03/09/2019 11:00,0.788,0.797,0.528,0.788
03/09/2019 12:00,0.718,0.816,0.526,0.718
03/09/2019 13:00,0.598,0.783,0.48,0.598
03/09/2019 14:00,0.428,0.7,0.428,0.428
03/09/2019 15:00,0.206,0.564,0.373,0.206
03/09/2019 16:00,0.005,0.341,0.216,0.005
03/09/2019 17:00,0.0,0.068,0.033,0.0
03/09/2019 18:00,0.0,0.0,0.0,0.0
03/09/2019 19:00,0.0,0.0,0.0,0.0
03/09/2019 20:00,0.0,0.0,0.0,0.0
03/09/2019 21:00,0.0,0.0,0.0,0.0
03/09/2019 22:00,0.0,0.0,0.0,0.0
03/09/2019 23:00,0.0,0.0,0.0,0.0
04/09/2019 00:00,0.0,0.0,0.0,0.0
04/09/2019 01:00,0.0,0.0,0.0,0.0
04/09/2019 02:00,0.0,0.0,0.0,0.0
04/09/2019 03:00,0.0,0.0,0.0,0.0
04/09/2019 04:00,0.0,0.0,0.0,0.0
04/09/2019 05:00,0.073,0.0,0.0,0.073
04/09/2019 06:00,0.332,0.0,0.033,0.332
04/09/2019 07:00,0.545,0.072,0.254,0.545
04/09/2019 08:00,0.678,0.284,0.479,0.678
04/09/2019 09:00,0.753,0.502,0.639,0.753
04/09/2019 10:00,0.78,0.63,0.737,0.78
04/09/2019 11:00,0.76,0.694,0.782,0.76
04/09/2019 12:00,0.695,0.708,0.78,0.695
04/09/2019 13:00,0.556,0.682,0.73,0.556
04/09/2019 14:00,0.353,0.617,0.634,0.353
04/09/2019 15:00,0.144,0.496,0.482,0.144
04/09/2019 16:00,0.003,0.316,0.276,0.003
04/09/2019 17:00,0.0,0.101,0.049,0.0
04/09/2019 18:00,0.0,0.0,0.0,0.0
04/09/2019 19:00,0.0,0.0,0.0,0.0
04/09/2019 20:00,0.0,0.0,0.0,0.0
04/09/2019 21:00,0.0,0.0,0.0,0.0
04/09/2019 22:00,0.0,0.0,0.0,0.0
04/09/2019 23:00,0.0,0.0,0.0,0.0
05/09/2019 00:00,0.0,0.0,0.0,0.0
05/09/2019 01:00,0.0,0.0,0.0,0.0
05/09/2019 02:00,0.0,0.0,0.0,0.0
05/09/2019 03:00,0.0,0.0,0.0,0.0
05/09/2019 04:00,0.0,0.0,0.0,0.0
05/09/2019 05:00,0.047,0.0,0.0,0.047
05/09/2019 06:00,0.246,0.0,0.012,0.246
05/09/2019 07:00,0.464,0.034,0.124,0.464
05/09/2019 08:00,0.62,0.076,0.338,0.62
05/09/2019 09:00,0.723,0.1,0.607,0.723
05/09/2019 10:00,0.76,0.137,0.739,0.76
05/09/2019 11:00,0.746,0.166,0.791,0.746
05/09/2019 12:00,0.687,0.192,0.796,0.687
05/09/2019 13:00,0.571,0.201,0.748,0.571
05/09/2019 14:00,0.401,0.156,0.652,0.401
05/09/2019 15:00,0.182,0.157,0.5,0.182
05/09/2019 16:00,0.005,0.163,0.294,0.005
05/09/2019 17:00,0.0,0.067,0.057,0.0
05/09/2019 18:00,0.0,0.0,0.0,0.0
05/09/2019 19:00,0.0,0.0,0.0,0.0
05/09/2019 20:00,0.0,0.0,0.0,0.0
05/09/2019 21:00,0.0,0.0,0.0,0.0
05/09/2019 22:00,0.0,0.0,0.0,0.0
05/09/2019 23:00,0.0,0.0,0.0,0.0
06/09/2019 00:00,0.0,0.0,0.0,0.0
06/09/2019 01:00,0.0,0.0,0.0,0.0
06/09/2019 02:00,0.0,0.0,0.0,0.0
06/09/2019 03:00,0.0,0.0,0.0,0.0
06/09/2019 04:00,0.0,0.0,0.0,0.0
06/09/2019 05:00,0.097,0.0,0.0,0.097
06/09/2019 06:00,0.347,0.0,0.018,0.347
06/09/2019 07:00,0.548,0.026,0.11,0.548
06/09/2019 08:00,0.683,0.105,0.419,0.683
06/09/2019 09:00,0.758,0.365,0.612,0.758
06/09/2019 10:00,0.789,0.512,0.735,0.789
06/09/2019 11:00,0.773,0.559,0.805,0.773
06/09/2019 12:00,0.707,0.55,0.821,0.707
06/09/2019 13:00,0.594,0.578,0.77,0.594
06/09/2019 14:00,0.425,0.553,0.669,0.425
06/09/2019 15:00,0.205,0.466,0.514,0.205
06/09/2019 16:00,0.007,0.285,0.304,0.007
06/09/2019 17:00,0.0,0.079,0.062,0.0
06/09/2019 18:00,0.0,0.0,0.0,0.0
06/09/2019 19:00,0.0,0.0,0.0,0.0
06/09/2019 20:00,0.0,0.0,0.0,0.0
06/09/2019 21:00,0.0,0.0,0.0,0.0
06/09/2019 22:00,0.0,0.0,0.0,0.0
06/09/2019 23:00,0.0,0.0,0.0,0.0
07/09/2019 00:00,0.0,0.0,0.0,0.0
07/09/2019 01:00,0.0,0.0,0.0,0.0
07/09/2019 02:00,0.0,0.0,0.0,0.0
07/09/2019 03:00,0.0,0.0,0.0,0.0
07/09/2019 04:00,0.0,0.0,0.0,0.0
07/09/2019 05:00,0.083,0.0,0.0,0.083
07/09/2019 06:00,0.319,0.0,0.026,0.319
07/09/2019 07:00,0.518,0.058,0.169,0.518
07/09/2019 08:00,0.656,0.234,0.482,0.656
07/09/2019 09:00,0.744,0.49,0.653,0.744
07/09/2019 10:00,0.772,0.708,0.757,0.772
07/09/2019 11:00,0.751,0.793,0.804,0.751
07/09/2019 12:00,0.688,0.813,0.8,0.688
07/09/2019 13:00,0.573,0.782,0.747,0.573
07/09/2019 14:00,0.403,0.7,0.647,0.403
07/09/2019 15:00,0.184,0.566,0.493,0.184
07/09/2019 16:00,0.006,0.371,0.286,0.006
07/09/2019 17:00,0.0,0.137,0.056,0.0
07/09/2019 18:00,0.0,0.0,0.0,0.0
07/09/2019 19:00,0.0,0.0,0.0,0.0
07/09/2019 20:00,0.0,0.0,0.0,0.0
07/09/2019 21:00,0.0,0.0,0.0,0.0
07/09/2019 22:00,0.0,0.0,0.0,0.0
07/09/2019 23:00,0.0,0.0,0.0,0.0
08/09/2019 00:00,0.0,0.0,0.0,0.0
08/09/2019 01:00,0.0,0.0,0.0,0.0
08/09/2019 02:00,0.0,0.0,0.0,0.0
08/09/2019 03:00,0.0,0.0,0.0,0.0
08/09/2019 04:00,0.0,0.0,0.0,0.0
08/09/2019 05:00,0.086,0.0,0.0,0.086
08/09/2019 06:00,0.325,0.0,0.046,0.325
08/09/2019 07:00,0.526,0.158,0.282,0.526
08/09/2019 08:00,0.666,0.401,0.497,0.666
08/09/2019 09:00,0.749,0.585,0.654,0.749
08/09/2019 10:00,0.779,0.7,0.753,0.779
08/09/2019 11:00,0.762,0.763,0.8,0.762
08/09/2019 12:00,0.699,0.779,0.798,0.699
08/09/2019 13:00,0.583,0.749,0.748,0.583
08/09/2019 14:00,0.412,0.671,0.651,0.412
08/09/2019 15:00,0.193,0.541,0.499,0.193
08/09/2019 16:00,0.007,0.357,0.293,0.007
08/09/2019 17:00,0.0,0.133,0.06,0.0
08/09/2019 18:00,0.0,0.0,0.0,0.0
08/09/2019 19:00,0.0,0.0,0.0,0.0
08/09/2019 20:00,0.0,0.0,0.0,0.0
08/09/2019 21:00,0.0,0.0,0.0,0.0
08/09/2019 22:00,0.0,0.0,0.0,0.0
08/09/2019 23:00,0.0,0.0,0.0,0.0
09/09/2019 00:00,0.0,0.0,0.0,0.0
09/09/2019 01:00,0.0,0.0,0.0,0.0
09/09/2019 02:00,0.0,0.0,0.0,0.0
09/09/2019 03:00,0.0,0.0,0.0,0.0
09/09/2019 04:00,0.0,0.0,0.0,0.0
09/09/2019 05:00,0.077,0.0,0.0,0.077
09/09/2019 06:00,0.313,0.0,0.023,0.313
09/09/2019 07:00,0.518,0.155,0.19,0.518
09/09/2019 08:00,0.657,0.397,0.485,0.657
09/09/2019 09:00,0.751,0.584,0.65,0.751
09/09/2019 10:00,0.78,0.704,0.75,0.78
09/09/2019 11:00,0.761,0.77,0.794,0.761
09/09/2019 12:00,0.69,0.786,0.792,0.69
09/09/2019 13:00,0.572,0.756,0.743,0.572
09/09/2019 14:00,0.402,0.677,0.644,0.402
09/09/2019 15:00,0.185,0.548,0.491,0.185
09/09/2019 16:00,0.007,0.365,0.285,0.007
09/09/2019 17:00,0.0,0.137,0.057,0.0
09/09/2019 18:00,0.0,0.0,0.0,0.0
09/09/2019 19:00,0.0,0.0,0.0,0.0
09/09/2019 20:00,0.0,0.0,0.0,0.0
09/09/2019 21:00,0.0,0.0,0.0,0.0
09/09/2019 22:00,0.0,0.0,0.0,0.0
09/09/2019 23:00,0.0,0.0,0.0,0.0
10/09/2019 00:00,0.0,0.0,0.0,0.0
10/09/2019 01:00,0.0,0.0,0.0,0.0
10/09/2019 02:00,0.0,0.0,0.0,0.0
10/09/2019 03:00,0.0,0.0,0.0,0.0
10/09/2019 04:00,0.0,0.0,0.0,0.0
10/09/2019 05:00,0.092,0.0,0.0,0.092
10/09/2019 06:00,0.333,0.0,0.048,0.333
10/09/2019 07:00,0.533,0.037,0.285,0.533
10/09/2019 08:00,0.67,0.126,0.5,0.67
10/09/2019 09:00,0.754,0.327,0.654,0.754
10/09/2019 10:00,0.782,0.495,0.752,0.782
10/09/2019 11:00,0.766,0.596,0.798,0.766
10/09/2019 12:00,0.691,0.69,0.797,0.691
10/09/2019 13:00,0.56,0.701,0.746,0.56
10/09/2019 14:00,0.389,0.637,0.646,0.389
10/09/2019 15:00,0.167,0.513,0.492,0.167
10/09/2019 16:00,0.006,0.341,0.288,0.006
10/09/2019 17:00,0.0,0.118,0.06,0.0
10/09/2019 18:00,0.0,0.0,0.0,0.0
10/09/2019 19:00,0.0,0.0,0.0,0.0
10/09/2019 20:00,0.0,0.0,0.0,0.0
10/09/2019 21:00,0.0,0.0,0.0,0.0
10/09/2019 22:00,0.0,0.0,0.0,0.0
10/09/2019 23:00,0.0,0.0,0.0,0.0
11/09/2019 00:00,0.0,0.0,0.0,0.0
11/09/2019 01:00,0.0,0.0,0.0,0.0
11/09/2019 02:00,0.0,0.0,0.0,0.0
11/09/2019 03:00,0.0,0.0,0.0,0.0
11/09/2019 04:00,0.0,0.0,0.0,0.0
11/09/2019 05:00,0.084,0.0,0.0,0.084
11/09/2019 06:00,0.32,0.0,0.03,0.32
11/09/2019 07:00,0.52,0.065,0.194,0.52
11/09/2019 08:00,0.657,0.232,0.506,0.657
11/09/2019 09:00,0.745,0.495,0.672,0.745
11/09/2019 10:00,0.76,0.664,0.771,0.76
11/09/2019 11:00,0.72,0.741,0.811,0.72
11/09/2019 12:00,0.634,0.758,0.805,0.634
11/09/2019 13:00,0.505,0.721,0.754,0.505
11/09/2019 14:00,0.243,0.642,0.651,0.243
11/09/2019 15:00,0.079,0.508,0.501,0.079
11/09/2019 16:00,0.005,0.32,0.297,0.005
11/09/2019 17:00,0.0,0.106,0.065,0.0
11/09/2019 18:00,0.0,0.0,0.0,0.0
11/09/2019 19:00,0.0,0.0,0.0,0.0
11/09/2019 20:00,0.0,0.0,0.0,0.0
11/09/2019 21:00,0.0,0.0,0.0,0.0
11/09/2019 22:00,0.0,0.0,0.0,0.0
11/09/2019 23:00,0.0,0.0,0.0,0.0
12/09/2019 00:00,0.0,0.0,0.0,0.0
12/09/2019 01:00,0.0,0.0,0.0,0.0
12/09/2019 02:00,0.0,0.0,0.0,0.0
12/09/2019 03:00,0.0,0.0,0.0,0.0
12/09/2019 04:00,0.0,0.0,0.0,0.0
12/09/2019 05:00,0.039,0.0,0.0,0.039
12/09/2019 06:00,0.188,0.0,0.031,0.188
12/09/2019 07:00,0.251,0.089,0.202,0.251
12/09/2019 08:00,0.349,0.255,0.496,0.349
12/09/2019 09:00,0.325,0.417,0.657,0.325
12/09/2019 10:00,0.326,0.534,0.755,0.326
12/09/2019 11:00,0.304,0.652,0.799,0.304
12/09/2019 12:00,0.305,0.69,0.799,0.305
12/09/2019 13:00,0.37,0.675,0.752,0.37
12/09/2019 14:00,0.295,0.595,0.656,0.295
12/09/2019 15:00,0.125,0.446,0.504,0.125
12/09/2019 16:00,0.004,0.273,0.298,0.004
12/09/2019 17:00,0.0,0.09,0.065,0.0
12/09/2019 18:00,0.0,0.0,0.0,0.0
12/09/2019 19:00,0.0,0.0,0.0,0.0
12/09/2019 20:00,0.0,0.0,0.0,0.0
12/09/2019 21:00,0.0,0.0,0.0,0.0
12/09/2019 22:00,0.0,0.0,0.0,0.0
12/09/2019 23:00,0.0,0.0,0.0,0.0
13/09/2019 00:00,0.0,0.0,0.0,0.0
13/09/2019 01:00,0.0,0.0,0.0,0.0
13/09/2019 02:00,0.0,0.0,0.0,0.0
13/09/2019 03:00,0.0,0.0,0.0,0.0
13/09/2019 04:00,0.0,0.0,0.0,0.0
13/09/2019 05:00,0.043,0.0,0.0,0.043
13/09/2019 06:00,0.265,0.0,0.034,0.265
13/09/2019 07:00,0.579,0.103,0.214,0.579
13/09/2019 08:00,0.72,0.331,0.488,0.72
13/09/2019 09:00,0.791,0.501,0.656,0.791
13/09/2019 10:00,0.84,0.646,0.755,0.84
13/09/2019 11:00,0.813,0.763,0.8,0.813
13/09/2019 12:00,0.703,0.817,0.797,0.703
13/09/2019 13:00,0.46,0.805,0.748,0.46
13/09/2019 14:00,0.214,0.731,0.645,0.214
13/09/2019 15:00,0.136,0.6,0.493,0.136
13/09/2019 16:00,0.01,0.41,0.29,0.01
13/09/2019 17:00,0.0,0.17,0.064,0.0
13/09/2019 18:00,0.0,0.0,0.0,0.0
13/09/2019 19:00,0.0,0.0,0.0,0.0
13/09/2019 20:00,0.0,0.0,0.0,0.0
13/09/2019 21:00,0.0,0.0,0.0,0.0
13/09/2019 22:00,0.0,0.0,0.0,0.0
13/09/2019 23:00,0.0,0.0,0.0,0.0
14/09/2019 00:00,0.0,0.0,0.0,0.0
14/09/2019 01:00,0.0,0.0,0.0,0.0
14/09/2019 02:00,0.0,0.0,0.0,0.0
14/09/2019 03:00,0.0,0.0,0.0,0.0
14/09/2019 04:00,0.0,0.0,0.0,0.0
14/09/2019 05:00,0.074,0.0,0.0,0.074
14/09/2019 06:00,0.289,0.0,0.055,0.289
14/09/2019 07:00,0.513,0.076,0.284,0.513
14/09/2019 08:00,0.639,0.331,0.494,0.639
14/09/2019 09:00,0.667,0.558,0.648,0.667
14/09/2019 10:00,0.641,0.728,0.745,0.641
14/09/2019 11:00,0.734,0.809,0.787,0.734
14/09/2019 12:00,0.642,0.832,0.783,0.642
14/09/2019 13:00,0.529,0.799,0.732,0.529
14/09/2019 14:00,0.332,0.72,0.632,0.332
14/09/2019 15:00,0.119,0.572,0.48,0.119
14/09/2019 16:00,0.008,0.357,0.277,0.008
14/09/2019 17:00,0.0,0.113,0.058,0.0
14/09/2019 18:00,0.0,0.0,0.0,0.0
14/09/2019 19:00,0.0,0.0,0.0,0.0
14/09/2019 20:00,0.0,0.0,0.0,0.0
14/09/2019 21:00,0.0,0.0,0.0,0.0
14/09/2019 22:00,0.0,0.0,0.0,0.0
14/09/2019 23:00,0.0,0.0,0.0,0.0
15/09/2019 00:00,0.0,0.0,0.0,0.0
15/09/2019 01:00,0.0,0.0,0.0,0.0
15/09/2019 02:00,0.0,0.0,0.0,0.0
15/09/2019 03:00,0.0,0.0,0.0,0.0
15/09/2019 04:00,0.0,0.0,0.0,0.0
15/09/2019 05:00,0.08,0.0,0.0,0.08
15/09/2019 06:00,0.303,0.0,0.047,0.303
15/09/2019 07:00,0.523,0.062,0.262,0.523
15/09/2019 08:00,0.666,0.236,0.469,0.666
15/09/2019 09:00,0.753,0.57,0.62,0.753
15/09/2019 10:00,0.785,0.721,0.72,0.785
15/09/2019 11:00,0.767,0.798,0.773,0.767
15/09/2019 12:00,0.702,0.833,0.763,0.702
15/09/2019 13:00,0.585,0.808,0.7,0.585
15/09/2019 14:00,0.414,0.726,0.586,0.414
15/09/2019 15:00,0.199,0.589,0.437,0.199
15/09/2019 16:00,0.011,0.392,0.251,0.011
15/09/2019 17:00,0.0,0.162,0.047,0.0
15/09/2019 18:00,0.0,0.001,0.0,0.0
15/09/2019 19:00,0.0,0.0,0.0,0.0
15/09/2019 20:00,0.0,0.0,0.0,0.0
15/09/2019 21:00,0.0,0.0,0.0,0.0
15/09/2019 22:00,0.0,0.0,0.0,0.0
15/09/2019 23:00,0.0,0.0,0.0,0.0
16/09/2019 00:00,0.0,0.0,0.0,0.0
16/09/2019 01:00,0.0,0.0,0.0,0.0
16/09/2019 02:00,0.0,0.0,0.0,0.0
16/09/2019 03:00,0.0,0.0,0.0,0.0
16/09/2019 04:00,0.0,0.0,0.0,0.0
16/09/2019 05:00,0.11,0.0,0.0,0.11
16/09/2019 06:00,0.355,0.0,0.025,0.355
16/09/2019 07:00,0.556,0.043,0.179,0.556
16/09/2019 08:00,0.686,0.234,0.406,0.686
16/09/2019 09:00,0.771,0.558,0.606,0.771
16/09/2019 10:00,0.799,0.745,0.702,0.799
16/09/2019 11:00,0.782,0.816,0.741,0.782
16/09/2019 12:00,0.719,0.827,0.736,0.719
16/09/2019 13:00,0.604,0.79,0.682,0.604
16/09/2019 14:00,0.434,0.721,0.584,0.434
16/09/2019 15:00,0.216,0.585,0.429,0.216
16/09/2019 16:00,0.014,0.396,0.229,0.014
16/09/2019 17:00,0.0,0.159,0.042,0.0
16/09/2019 18:00,0.0,0.001,0.0,0.0
16/09/2019 19:00,0.0,0.0,0.0,0.0
16/09/2019 20:00,0.0,0.0,0.0,0.0
16/09/2019 21:00,0.0,0.0,0.0,0.0
16/09/2019 22:00,0.0,0.0,0.0,0.0
16/09/2019 23:00,0.0,0.0,0.0,0.0
17/09/2019 00:00,0.0,0.0,0.0,0.0
17/09/2019 01:00,0.0,0.0,0.0,0.0
17/09/2019 02:00,0.0,0.0,0.0,0.0
17/09/2019 03:00,0.0,0.0,0.0,0.0
17/09/2019 04:00,0.0,0.0,0.0,0.0
17/09/2019 05:00,0.092,0.0,0.0,0.092
17/09/2019 06:00,0.32,0.0,0.034,0.32
17/09/2019 07:00,0.507,0.051,0.218,0.507
17/09/2019 08:00,0.635,0.208,0.421,0.635
17/09/2019 09:00,0.726,0.504,0.579,0.726
17/09/2019 10:00,0.746,0.726,0.681,0.746
17/09/2019 11:00,0.696,0.805,0.72,0.696
17/09/2019 12:00,0.605,0.822,0.715,0.605
17/09/2019 13:00,0.525,0.79,0.654,0.525
17/09/2019 14:00,0.397,0.706,0.536,0.397
17/09/2019 15:00,0.191,0.572,0.383,0.191
17/09/2019 16:00,0.012,0.383,0.194,0.012
17/09/2019 17:00,0.0,0.154,0.034,0.0
17/09/2019 18:00,0.0,0.001,0.0,0.0
17/09/2019 19:00,0.0,0.0,0.0,0.0
17/09/2019 20:00,0.0,0.0,0.0,0.0
17/09/2019 21:00,0.0,0.0,0.0,0.0
17/09/2019 22:00,0.0,0.0,0.0,0.0
17/09/2019 23:00,0.0,0.0,0.0,0.0
18/09/2019 00:00,0.0,0.0,0.0,0.0
18/09/2019 01:00,0.0,0.0,0.0,0.0
18/09/2019 02:00,0.0,0.0,0.0,0.0
18/09/2019 03:00,0.0,0.0,0.0,0.0
18/09/2019 04:00,0.0,0.0,0.0,0.0
18/09/2019 05:00,0.04,0.0,0.0,0.04
18/09/2019 06:00,0.147,0.002,0.027,0.147
18/09/2019 07:00,0.282,0.168,0.168,0.282
18/09/2019 08:00,0.417,0.4,0.29,0.417
18/09/2019 09:00,0.527,0.583,0.343,0.527
18/09/2019 10:00,0.59,0.715,0.446,0.59
18/09/2019 11:00,0.614,0.786,0.597,0.614
18/09/2019 12:00,0.593,0.796,0.649,0.593
18/09/2019 13:00,0.507,0.76,0.606,0.507
18/09/2019 14:00,0.352,0.694,0.518,0.352
18/09/2019 15:00,0.156,0.571,0.376,0.156
18/09/2019 16:00,0.01,0.388,0.2,0.01
18/09/2019 17:00,0.0,0.162,0.038,0.0
18/09/2019 18:00,0.0,0.001,0.0,0.0
18/09/2019 19:00,0.0,0.0,0.0,0.0
18/09/2019 20:00,0.0,0.0,0.0,0.0
18/09/2019 21:00,0.0,0.0,0.0,0.0
18/09/2019 22:00,0.0,0.0,0.0,0.0
18/09/2019 23:00,0.0,0.0,0.0,0.0
19/09/2019 00:00,0.0,0.0,0.0,0.0
19/09/2019 01:00,0.0,0.0,0.0,0.0
19/09/2019 02:00,0.0,0.0,0.0,0.0
19/09/2019 03:00,0.0,0.0,0.0,0.0
19/09/2019 04:00,0.0,0.0,0.0,0.0
19/09/2019 05:00,0.06,0.0,0.0,0.06
19/09/2019 06:00,0.241,0.0,0.041,0.241
19/09/2019 07:00,0.439,0.083,0.24,0.439
19/09/2019 08:00,0.586,0.314,0.443,0.586
19/09/2019 09:00,0.677,0.552,0.595,0.677
19/09/2019 10:00,0.713,0.737,0.694,0.713
19/09/2019 11:00,0.692,0.802,0.737,0.692
19/09/2019 12:00,0.608,0.817,0.736,0.608
19/09/2019 13:00,0.485,0.784,0.686,0.485
19/09/2019 14:00,0.319,0.702,0.578,0.319
19/09/2019 15:00,0.14,0.568,0.424,0.14
19/09/2019 16:00,0.01,0.33,0.221,0.01
19/09/2019 17:00,0.0,0.125,0.043,0.0
19/09/2019 18:00,0.0,0.002,0.0,0.0
19/09/2019 19:00,0.0,0.0,0.0,0.0
19/09/2019 20:00,0.0,0.0,0.0,0.0
19/09/2019 21:00,0.0,0.0,0.0,0.0
19/09/2019 22:00,0.0,0.0,0.0,0.0
19/09/2019 23:00,0.0,0.0,0.0,0.0
20/09/2019 00:00,0.0,0.0,0.0,0.0
20/09/2019 01:00,0.0,0.0,0.0,0.0
20/09/2019 02:00,0.0,0.0,0.0,0.0
20/09/2019 03:00,0.0,0.0,0.0,0.0
20/09/2019 04:00,0.0,0.0,0.0,0.0
20/09/2019 05:00,0.078,0.0,0.0,0.078
20/09/2019 06:00,0.292,0.0,0.035,0.292
20/09/2019 07:00,0.499,0.054,0.214,0.499
20/09/2019 08:00,0.638,0.203,0.437,0.638
20/09/2019 09:00,0.717,0.337,0.591,0.717
20/09/2019 10:00,0.752,0.391,0.685,0.752
20/09/2019 11:00,0.738,0.379,0.731,0.738
20/09/2019 12:00,0.674,0.476,0.728,0.674
20/09/2019 13:00,0.557,0.651,0.676,0.557
20/09/2019 14:00,0.385,0.692,0.585,0.385
20/09/2019 15:00,0.172,0.585,0.429,0.172
20/09/2019 16:00,0.011,0.387,0.235,0.011
20/09/2019 17:00,0.0,0.131,0.05,0.0
20/09/2019 18:00,0.0,0.001,0.0,0.0
20/09/2019 19:00,0.0,0.0,0.0,0.0
20/09/2019 20:00,0.0,0.0,0.0,0.0
20/09/2019 21:00,0.0,0.0,0.0,0.0
20/09/2019 22:00,0.0,0.0,0.0,0.0
20/09/2019 23:00,0.0,0.0,0.0,0.0
21/09/2019 00:00,0.0,0.0,0.0,0.0
21/09/2019 01:00,0.0,0.0,0.0,0.0
21/09/2019 02:00,0.0,0.0,0.0,0.0
21/09/2019 03:00,0.0,0.0,0.0,0.0
21/09/2019 04:00,0.0,0.0,0.0,0.0
21/09/2019 05:00,0.065,0.0,0.0,0.065
21/09/2019 06:00,0.235,0.001,0.035,0.235
21/09/2019 07:00,0.41,0.082,0.191,0.41
21/09/2019 08:00,0.54,0.285,0.375,0.54
21/09/2019 09:00,0.599,0.476,0.499,0.599
21/09/2019 10:00,0.62,0.663,0.587,0.62
21/09/2019 11:00,0.577,0.791,0.627,0.577
21/09/2019 12:00,0.504,0.848,0.643,0.504
21/09/2019 13:00,0.353,0.831,0.61,0.353
21/09/2019 14:00,0.179,0.751,0.494,0.179
21/09/2019 15:00,0.061,0.615,0.334,0.061
21/09/2019 16:00,0.004,0.422,0.175,0.004
21/09/2019 17:00,0.0,0.182,0.034,0.0
21/09/2019 18:00,0.0,0.003,0.0,0.0
21/09/2019 19:00,0.0,0.0,0.0,0.0
21/09/2019 20:00,0.0,0.0,0.0,0.0
21/09/2019 21:00,0.0,0.0,0.0,0.0
21/09/2019 22:00,0.0,0.0,0.0,0.0
21/09/2019 23:00,0.0,0.0,0.0,0.0
22/09/2019 00:00,0.0,0.0,0.0,0.0
22/09/2019 01:00,0.0,0.0,0.0,0.0
22/09/2019 02:00,0.0,0.0,0.0,0.0
22/09/2019 03:00,0.0,0.0,0.0,0.0
22/09/2019 04:00,0.0,0.0,0.0,0.0
22/09/2019 05:00,0.078,0.0,0.0,0.078
22/09/2019 06:00,0.364,0.006,0.03,0.364
22/09/2019 07:00,0.597,0.203,0.213,0.597
22/09/2019 08:00,0.74,0.451,0.408,0.74
22/09/2019 09:00,0.819,0.638,0.592,0.819
22/09/2019 10:00,0.85,0.762,0.709,0.85
22/09/2019 11:00,0.832,0.827,0.763,0.832
22/09/2019 12:00,0.766,0.839,0.755,0.766
22/09/2019 13:00,0.647,0.807,0.706,0.647
22/09/2019 14:00,0.472,0.728,0.582,0.472
22/09/2019 15:00,0.245,0.596,0.419,0.245
22/09/2019 16:00,0.021,0.411,0.218,0.021
22/09/2019 17:00,0.0,0.181,0.037,0.0
22/09/2019 18:00,0.0,0.003,0.0,0.0
22/09/2019 19:00,0.0,0.0,0.0,0.0
22/09/2019 20:00,0.0,0.0,0.0,0.0
22/09/2019 21:00,0.0,0.0,0.0,0.0
22/09/2019 22:00,0.0,0.0,0.0,0.0
22/09/2019 23:00,0.0,0.0,0.0,0.0
23/09/2019 00:00,0.0,0.0,0.0,0.0
23/09/2019 01:00,0.0,0.0,0.0,0.0
23/09/2019 02:00,0.0,0.0,0.0,0.0
23/09/2019 03:00,0.0,0.0,0.0,0.0
23/09/2019 04:00,0.0,0.0,0.0,0.0
23/09/2019 05:00,0.137,0.0,0.0,0.137
23/09/2019 06:00,0.39,0.004,0.035,0.39
23/09/2019 07:00,0.596,0.171,0.227,0.596
23/09/2019 08:00,0.739,0.417,0.451,0.739
23/09/2019 09:00,0.821,0.562,0.605,0.821
23/09/2019 10:00,0.848,0.668,0.707,0.848
23/09/2019 11:00,0.826,0.776,0.756,0.826
23/09/2019 12:00,0.755,0.806,0.752,0.755
23/09/2019 13:00,0.634,0.776,0.67,0.634
23/09/2019 14:00,0.459,0.698,0.562,0.459
23/09/2019 15:00,0.235,0.57,0.402,0.235
23/09/2019 16:00,0.021,0.388,0.218,0.021
23/09/2019 17:00,0.0,0.166,0.046,0.0
23/09/2019 18:00,0.0,0.003,0.0,0.0
23/09/2019 19:00,0.0,0.0,0.0,0.0
23/09/2019 20:00,0.0,0.0,0.0,0.0
23/09/2019 21:00,0.0,0.0,0.0,0.0
23/09/2019 22:00,0.0,0.0,0.0,0.0
23/09/2019 23:00,0.0,0.0,0.0,0.0
24/09/2019 00:00,0.0,0.0,0.0,0.0
24/09/2019 01:00,0.0,0.0,0.0,0.0
24/09/2019 02:00,0.0,0.0,0.0,0.0
24/09/2019 03:00,0.0,0.0,0.0,0.0
24/09/2019 04:00,0.0,0.0,0.0,0.0
24/09/2019 05:00,0.131,0.0,0.0,0.131
24/09/2019 06:00,0.375,0.006,0.053,0.375
24/09/2019 07:00,0.571,0.187,0.269,0.571
24/09/2019 08:00,0.71,0.421,0.475,0.71
24/09/2019 09:00,0.788,0.596,0.629,0.788
24/09/2019 10:00,0.819,0.707,0.726,0.819
24/09/2019 11:00,0.801,0.767,0.775,0.801
24/09/2019 12:00,0.733,0.779,0.772,0.733
24/09/2019 13:00,0.618,0.746,0.721,0.618
24/09/2019 14:00,0.449,0.664,0.622,0.449
24/09/2019 15:00,0.233,0.532,0.472,0.233
24/09/2019 16:00,0.021,0.351,0.273,0.021
24/09/2019 17:00,0.0,0.13,0.064,0.0
24/09/2019 18:00,0.0,0.002,0.0,0.0
24/09/2019 19:00,0.0,0.0,0.0,0.0
24/09/2019 20:00,0.0,0.0,0.0,0.0
24/09/2019 21:00,0.0,0.0,0.0,0.0
24/09/2019 22:00,0.0,0.0,0.0,0.0
24/09/2019 23:00,0.0,0.0,0.0,0.0
25/09/2019 00:00,0.0,0.0,0.0,0.0
25/09/2019 01:00,0.0,0.0,0.0,0.0
25/09/2019 02:00,0.0,0.0,0.0,0.0
25/09/2019 03:00,0.0,0.0,0.0,0.0
25/09/2019 04:00,0.0,0.0,0.0,0.0
25/09/2019 05:00,0.139,0.0,0.0,0.139
25/09/2019 06:00,0.386,0.008,0.056,0.386
25/09/2019 07:00,0.587,0.198,0.269,0.587
25/09/2019 08:00,0.725,0.437,0.47,0.725
25/09/2019 09:00,0.806,0.608,0.618,0.806
25/09/2019 10:00,0.835,0.748,0.711,0.835
25/09/2019 11:00,0.816,0.806,0.746,0.816
25/09/2019 12:00,0.751,0.787,0.743,0.751
25/09/2019 13:00,0.635,0.796,0.692,0.635
25/09/2019 14:00,0.464,0.709,0.59,0.464
25/09/2019 15:00,0.243,0.503,0.442,0.243
25/09/2019 16:00,0.023,0.293,0.248,0.023
25/09/2019 17:00,0.0,0.113,0.055,0.0
25/09/2019 18:00,0.0,0.002,0.0,0.0
25/09/2019 19:00,0.0,0.0,0.0,0.0
25/09/2019 20:00,0.0,0.0,0.0,0.0
25/09/2019 21:00,0.0,0.0,0.0,0.0
25/09/2019 22:00,0.0,0.0,0.0,0.0
25/09/2019 23:00,0.0,0.0,0.0,0.0
26/09/2019 00:00,0.0,0.0,0.0,0.0
26/09/2019 01:00,0.0,0.0,0.0,0.0
26/09/2019 02:00,0.0,0.0,0.0,0.0
26/09/2019 03:00,0.0,0.0,0.0,0.0
26/09/2019 04:00,0.0,0.0,0.0,0.0
26/09/2019 05:00,0.128,0.0,0.0,0.128
26/09/2019 06:00,0.361,0.006,0.047,0.361
26/09/2019 07:00,0.554,0.158,0.245,0.554
26/09/2019 08:00,0.69,0.401,0.44,0.69
26/09/2019 09:00,0.762,0.561,0.582,0.762
26/09/2019 10:00,0.794,0.651,0.672,0.794
26/09/2019 11:00,0.778,0.727,0.715,0.778
26/09/2019 12:00,0.721,0.767,0.715,0.721
26/09/2019 13:00,0.608,0.761,0.666,0.608
26/09/2019 14:00,0.442,0.681,0.557,0.442
26/09/2019 15:00,0.227,0.554,0.39,0.227
26/09/2019 16:00,0.021,0.368,0.211,0.021
26/09/2019 17:00,0.0,0.14,0.051,0.0
26/09/2019 18:00,0.0,0.004,0.0,0.0
26/09/2019 19:00,0.0,0.0,0.0,0.0
26/09/2019 20:00,0.0,0.0,0.0,0.0
26/09/2019 21:00,0.0,0.0,0.0,0.0
26/09/2019 22:00,0.0,0.0,0.0,0.0
26/09/2019 23:00,0.0,0.0,0.0,0.0
27/09/2019 00:00,0.0,0.0,0.0,0.0
27/09/2019 01:00,0.0,0.0,0.0,0.0
27/09/2019 02:00,0.0,0.0,0.0,0.0
27/09/2019 03:00,0.0,0.0,0.0,0.0
27/09/2019 04:00,0.0,0.0,0.0,0.0
27/09/2019 05:00,0.137,0.0,0.0,0.137
27/09/2019 06:00,0.376,0.008,0.042,0.376
27/09/2019 07:00,0.554,0.189,0.242,0.554
27/09/2019 08:00,0.668,0.429,0.469,0.668
27/09/2019 09:00,0.75,0.634,0.624,0.75
27/09/2019 10:00,0.798,0.77,0.724,0.798
27/09/2019 11:00,0.792,0.843,0.76,0.792
27/09/2019 12:00,0.731,0.865,0.756,0.731
27/09/2019 13:00,0.611,0.836,0.704,0.611
27/09/2019 14:00,0.418,0.755,0.613,0.418
27/09/2019 15:00,0.181,0.615,0.462,0.181
27/09/2019 16:00,0.017,0.423,0.264,0.017
27/09/2019 17:00,0.0,0.186,0.061,0.0
27/09/2019 18:00,0.0,0.005,0.0,0.0
27/09/2019 19:00,0.0,0.0,0.0,0.0
27/09/2019 20:00,0.0,0.0,0.0,0.0
27/09/2019 21:00,0.0,0.0,0.0,0.0
27/09/2019 22:00,0.0,0.0,0.0,0.0
27/09/2019 23:00,0.0,0.0,0.0,0.0
28/09/2019 00:00,0.0,0.0,0.0,0.0
28/09/2019 01:00,0.0,0.0,0.0,0.0
28/09/2019 02:00,0.0,0.0,0.0,0.0
28/09/2019 03:00,0.0,0.0,0.0,0.0
28/09/2019 04:00,0.0,0.0,0.0,0.0
28/09/2019 05:00,0.115,0.0,0.0,0.115
28/09/2019 06:00,0.313,0.006,0.041,0.313
28/09/2019 07:00,0.452,0.113,0.251,0.452
28/09/2019 08:00,0.534,0.409,0.474,0.534
28/09/2019 09:00,0.579,0.642,0.626,0.579
28/09/2019 10:00,0.61,0.772,0.729,0.61
28/09/2019 11:00,0.657,0.843,0.77,0.657
28/09/2019 12:00,0.672,0.861,0.765,0.672
28/09/2019 13:00,0.583,0.83,0.711,0.583
28/09/2019 14:00,0.399,0.749,0.611,0.399
28/09/2019 15:00,0.162,0.615,0.458,0.162
28/09/2019 16:00,0.014,0.424,0.257,0.014
28/09/2019 17:00,0.0,0.187,0.057,0.0
28/09/2019 18:00,0.0,0.005,0.0,0.0
28/09/2019 19:00,0.0,0.0,0.0,0.0
28/09/2019 20:00,0.0,0.0,0.0,0.0
28/09/2019 21:00,0.0,0.0,0.0,0.0
28/09/2019 22:00,0.0,0.0,0.0,0.0
28/09/2019 23:00,0.0,0.0,0.0,0.0
29/09/2019 00:00,0.0,0.0,0.0,0.0
29/09/2019 01:00,0.0,0.0,0.0,0.0
29/09/2019 02:00,0.0,0.0,0.0,0.0
29/09/2019 03:00,0.0,0.0,0.0,0.0
29/09/2019 04:00,0.0,0.0,0.0,0.0
29/09/2019 05:00,0.095,0.0,0.0,0.095
29/09/2019 06:00,0.313,0.005,0.041,0.313
29/09/2019 07:00,0.533,0.117,0.217,0.533
29/09/2019 08:00,0.692,0.378,0.443,0.692
29/09/2019 09:00,0.792,0.591,0.569,0.792
29/09/2019 10:00,0.822,0.728,0.652,0.822
29/09/2019 11:00,0.801,0.824,0.663,0.801
29/09/2019 12:00,0.723,0.858,0.642,0.723
29/09/2019 13:00,0.589,0.832,0.591,0.589
29/09/2019 14:00,0.42,0.751,0.471,0.42
29/09/2019 15:00,0.216,0.616,0.34,0.216
29/09/2019 16:00,0.023,0.425,0.188,0.023
29/09/2019 17:00,0.0,0.189,0.04,0.0
29/09/2019 18:00,0.0,0.006,0.0,0.0
29/09/2019 19:00,0.0,0.0,0.0,0.0
29/09/2019 20:00,0.0,0.0,0.0,0.0
29/09/2019 21:00,0.0,0.0,0.0,0.0
29/09/2019 22:00,0.0,0.0,0.0,0.0
29/09/2019 23:00,0.0,0.0,0.0,0.0
30/09/2019 00:00,0.0,0.0,0.0,0.0
30/09/2019 01:00,0.0,0.0,0.0,0.0
30/09/2019 02:00,0.0,0.0,0.0,0.0
30/09/2019 03:00,0.0,0.0,0.0,0.0
30/09/2019 04:00,0.0,0.0,0.0,0.0
30/09/2019 05:00,0.118,0.0,0.0,0.118
30/09/2019 06:00,0.393,0.008,0.038,0.393
30/09/2019 07:00,0.598,0.182,0.189,0.598
30/09/2019 08:00,0.741,0.453,0.391,0.741
30/09/2019 09:00,0.824,0.637,0.534,0.824
30/09/2019 10:00,0.854,0.762,0.665,0.854
30/09/2019 11:00,0.835,0.829,0.726,0.835
30/09/2019 12:00,0.767,0.847,0.715,0.767
30/09/2019 13:00,0.648,0.817,0.56,0.648
30/09/2019 14:00,0.432,0.737,0.384,0.432
30/09/2019 15:00,0.166,0.606,0.254,0.166
30/09/2019 16:00,0.02,0.419,0.153,0.02
30/09/2019 17:00,0.0,0.173,0.041,0.0
30/09/2019 18:00,0.0,0.006,0.0,0.0
30/09/2019 19:00,0.0,0.0,0.0,0.0
30/09/2019 20:00,0.0,0.0,0.0,0.0
30/09/2019 21:00,0.0,0.0,0.0,0.0
30/09/2019 22:00,0.0,0.0,0.0,0.0
30/09/2019 23:00,0.0,0.0,0.0,0.0
01/10/2019 00:00,0.0,0.0,0.0,0.0
01/10/2019 01:00,0.0,0.0,0.0,0.0
01/10/2019 02:00,0.0,0.0,0.0,0.0
01/10/2019 03:00,0.0,0.0,0.0,0.0
01/10/2019 04:00,0.0,0.0,0.0,0.0
01/10/2019 05:00,0.147,0.0,0.0,0.147
01/10/2019 06:00,0.388,0.001,0.037,0.388
01/10/2019 07:00,0.584,0.033,0.183,0.584
01/10/2019 08:00,0.723,0.085,0.342,0.723
01/10/2019 09:00,0.804,0.15,0.521,0.804
01/10/2019 10:00,0.835,0.29,0.654,0.835
01/10/2019 11:00,0.817,0.461,0.718,0.817
01/10/2019 12:00,0.751,0.538,0.714,0.751
01/10/2019 13:00,0.634,0.558,0.657,0.634
01/10/2019 14:00,0.463,0.496,0.556,0.463
01/10/2019 15:00,0.242,0.367,0.41,0.242
01/10/2019 16:00,0.024,0.181,0.229,0.024
01/10/2019 17:00,0.0,0.061,0.054,0.0
01/10/2019 18:00,0.0,0.002,0.0,0.0
01/10/2019 19:00,0.0,0.0,0.0,0.0
01/10/2019 20:00,0.0,0.0,0.0,0.0
01/10/2019 21:00,0.0,0.0,0.0,0.0
01/10/2019 22:00,0.0,0.0,0.0,0.0
01/10/2019 23:00,0.0,0.0,0.0,0.0
02/10/2019 00:00,0.0,0.0,0.0,0.0
02/10/2019 01:00,0.0,0.0,0.0,0.0
02/10/2019 02:00,0.0,0.0,0.0,0.0
02/10/2019 03:00,0.0,0.0,0.0,0.0
02/10/2019 04:00,0.0,0.0,0.0,0.0
02/10/2019 05:00,0.139,0.0,0.0,0.139
02/10/2019 06:00,0.375,0.003,0.022,0.375
02/10/2019 07:00,0.574,0.06,0.106,0.574
02/10/2019 08:00,0.706,0.126,0.174,0.706
02/10/2019 09:00,0.786,0.22,0.448,0.786
02/10/2019 10:00,0.816,0.265,0.492,0.816
02/10/2019 11:00,0.798,0.297,0.338,0.798
02/10/2019 12:00,0.734,0.342,0.183,0.734
02/10/2019 13:00,0.621,0.367,0.144,0.621
02/10/2019 14:00,0.454,0.363,0.199,0.454
02/10/2019 15:00,0.239,0.293,0.222,0.239
02/10/2019 16:00,0.024,0.176,0.137,0.024
02/10/2019 17:00,0.0,0.058,0.03,0.0
02/10/2019 18:00,0.0,0.001,0.0,0.0
02/10/2019 19:00,0.0,0.0,0.0,0.0
02/10/2019 20:00,0.0,0.0,0.0,0.0
02/10/2019 21:00,0.0,0.0,0.0,0.0
02/10/2019 22:00,0.0,0.0,0.0,0.0
02/10/2019 23:00,0.0,0.0,0.0,0.0
03/10/2019 00:00,0.0,0.0,0.0,0.0
03/10/2019 01:00,0.0,0.0,0.0,0.0
03/10/2019 02:00,0.0,0.0,0.0,0.0
03/10/2019 03:00,0.0,0.0,0.0,0.0
03/10/2019 04:00,0.001,0.0,0.0,0.001
03/10/2019 05:00,0.102,0.0,0.0,0.102
03/10/2019 06:00,0.39,0.004,0.039,0.39
03/10/2019 07:00,0.589,0.087,0.198,0.589
03/10/2019 08:00,0.725,0.196,0.375,0.725
03/10/2019 09:00,0.793,0.276,0.517,0.793
03/10/2019 10:00,0.818,0.291,0.628,0.818
03/10/2019 11:00,0.799,0.29,0.709,0.799
03/10/2019 12:00,0.736,0.293,0.694,0.736
03/10/2019 13:00,0.623,0.314,0.666,0.623
03/10/2019 14:00,0.456,0.333,0.537,0.456
03/10/2019 15:00,0.24,0.283,0.397,0.24
03/10/2019 16:00,0.024,0.189,0.206,0.024
03/10/2019 17:00,0.0,0.075,0.047,0.0
03/10/2019 18:00,0.0,0.005,0.0,0.0
03/10/2019 19:00,0.0,0.0,0.0,0.0
03/10/2019 20:00,0.0,0.0,0.0,0.0
03/10/2019 21:00,0.0,0.0,0.0,0.0
03/10/2019 22:00,0.0,0.0,0.0,0.0
03/10/2019 23:00,0.0,0.0,0.0,0.0
04/10/2019 00:00,0.0,0.0,0.0,0.0
04/10/2019 01:00,0.0,0.0,0.0,0.0
04/10/2019 02:00,0.0,0.0,0.0,0.0
04/10/2019 03:00,0.0,0.0,0.0,0.0
04/10/2019 04:00,0.001,0.0,0.0,0.001
04/10/2019 05:00,0.15,0.0,0.0,0.15
04/10/2019 06:00,0.403,0.006,0.038,0.403
04/10/2019 07:00,0.599,0.094,0.204,0.599
04/10/2019 08:00,0.73,0.241,0.424,0.73
04/10/2019 09:00,0.81,0.489,0.582,0.81
04/10/2019 10:00,0.838,0.731,0.688,0.838
04/10/2019 11:00,0.817,0.802,0.73,0.817
04/10/2019 12:00,0.749,0.82,0.723,0.749
04/10/2019 13:00,0.631,0.789,0.634,0.631
04/10/2019 14:00,0.46,0.711,0.506,0.46
04/10/2019 15:00,0.24,0.581,0.342,0.24
04/10/2019 16:00,0.024,0.399,0.183,0.024
04/10/2019 17:00,0.0,0.178,0.042,0.0
04/10/2019 18:00,0.0,0.007,0.0,0.0
04/10/2019 19:00,0.0,0.0,0.0,0.0
04/10/2019 20:00,0.0,0.0,0.0,0.0
04/10/2019 21:00,0.0,0.0,0.0,0.0
04/10/2019 22:00,0.0,0.0,0.0,0.0
04/10/2019 23:00,0.0,0.0,0.0,0.0
05/10/2019 00:00,0.0,0.0,0.0,0.0
05/10/2019 01:00,0.0,0.0,0.0,0.0
05/10/2019 02:00,0.0,0.0,0.0,0.0
05/10/2019 03:00,0.0,0.0,0.0,0.0
05/10/2019 04:00,0.001,0.0,0.0,0.001
05/10/2019 05:00,0.146,0.0,0.0,0.146
05/10/2019 06:00,0.379,0.015,0.038,0.379
05/10/2019 07:00,0.569,0.208,0.177,0.569
05/10/2019 08:00,0.698,0.433,0.334,0.698
05/10/2019 09:00,0.768,0.607,0.447,0.768
05/10/2019 10:00,0.795,0.728,0.625,0.795
05/10/2019 11:00,0.775,0.794,0.637,0.775
05/10/2019 12:00,0.71,0.812,0.603,0.71
05/10/2019 13:00,0.6,0.783,0.472,0.6
05/10/2019 14:00,0.437,0.704,0.335,0.437
05/10/2019 15:00,0.225,0.576,0.156,0.225
05/10/2019 16:00,0.023,0.396,0.055,0.023
05/10/2019 17:00,0.0,0.175,0.008,0.0
05/10/2019 18:00,0.0,0.007,0.0,0.0
05/10/2019 19:00,0.0,0.0,0.0,0.0
05/10/2019 20:00,0.0,0.0,0.0,0.0
05/10/2019 21:00,0.0,0.0,0.0,0.0
05/10/2019 22:00,0.0,0.0,0.0,0.0
05/10/2019 23:00,0.0,0.0,0.0,0.0
06/10/2019 00:00,0.0,0.0,0.0,0.0
06/10/2019 01:00,0.0,0.0,0.0,0.0
06/10/2019 02:00,0.0,0.0,0.0,0.0
06/10/2019 03:00,0.0,0.0,0.0,0.0
06/10/2019 04:00,0.001,0.0,0.0,0.001
06/10/2019 05:00,0.13,0.0,0.0,0.13
06/10/2019 06:00,0.381,0.014,0.007,0.381
06/10/2019 07:00,0.578,0.177,0.049,0.578
06/10/2019 08:00,0.713,0.409,0.088,0.713
06/10/2019 09:00,0.786,0.602,0.195,0.786
06/10/2019 10:00,0.811,0.724,0.277,0.811
06/10/2019 11:00,0.792,0.794,0.353,0.792
06/10/2019 12:00,0.728,0.812,0.378,0.728
06/10/2019 13:00,0.612,0.782,0.347,0.612
06/10/2019 14:00,0.445,0.705,0.294,0.445
06/10/2019 15:00,0.23,0.577,0.248,0.23
06/10/2019 16:00,0.024,0.397,0.165,0.024
06/10/2019 17:00,0.0,0.177,0.051,0.0
06/10/2019 18:00,0.0,0.007,0.0,0.0
06/10/2019 19:00,0.0,0.0,0.0,0.0
06/10/2019 20:00,0.0,0.0,0.0,0.0
06/10/2019 21:00,0.0,0.0,0.0,0.0
06/10/2019 22:00,0.0,0.0,0.0,0.0
06/10/2019 23:00,0.0,0.0,0.0,0.0
07/10/2019 00:00,0.0,0.0,0.0,0.0
07/10/2019 01:00,0.0,0.0,0.0,0.0
07/10/2019 02:00,0.0,0.0,0.0,0.0
07/10/2019 03:00,0.0,0.0,0.0,0.0
07/10/2019 04:00,0.002,0.0,0.0,0.002
07/10/2019 05:00,0.119,0.0,0.0,0.119
07/10/2019 06:00,0.383,0.014,0.043,0.383
07/10/2019 07:00,0.592,0.195,0.192,0.592
07/10/2019 08:00,0.733,0.425,0.424,0.733
07/10/2019 09:00,0.814,0.595,0.6,0.814
07/10/2019 10:00,0.843,0.708,0.705,0.843
07/10/2019 11:00,0.822,0.768,0.657,0.822
07/10/2019 12:00,0.753,0.784,0.646,0.753
07/10/2019 13:00,0.632,0.755,0.606,0.632
07/10/2019 14:00,0.461,0.678,0.525,0.461
07/10/2019 15:00,0.23,0.552,0.38,0.23
07/10/2019 16:00,0.024,0.376,0.219,0.024
07/10/2019 17:00,0.0,0.165,0.056,0.0
07/10/2019 18:00,0.0,0.008,0.0,0.0
07/10/2019 19:00,0.0,0.0,0.0,0.0
07/10/2019 20:00,0.0,0.0,0.0,0.0
07/10/2019 21:00,0.0,0.0,0.0,0.0
07/10/2019 22:00,0.0,0.0,0.0,0.0
07/10/2019 23:00,0.0,0.0,0.0,0.0
08/10/2019 00:00,0.0,0.0,0.0,0.0
08/10/2019 01:00,0.0,0.0,0.0,0.0
08/10/2019 02:00,0.0,0.0,0.0,0.0
08/10/2019 03:00,0.0,0.0,0.0,0.0
08/10/2019 04:00,0.002,0.0,0.0,0.002
08/10/2019 05:00,0.149,0.0,0.0,0.149
08/10/2019 06:00,0.38,0.011,0.031,0.38
08/10/2019 07:00,0.566,0.131,0.166,0.566
08/10/2019 08:00,0.699,0.349,0.419,0.699
08/10/2019 09:00,0.777,0.483,0.519,0.777
08/10/2019 10:00,0.806,0.602,0.622,0.806
08/10/2019 11:00,0.788,0.683,0.702,0.788
08/10/2019 12:00,0.723,0.713,0.622,0.723
08/10/2019 13:00,0.61,0.705,0.456,0.61
08/10/2019 14:00,0.444,0.561,0.351,0.444
08/10/2019 15:00,0.232,0.376,0.251,0.232
08/10/2019 16:00,0.023,0.225,0.166,0.023
08/10/2019 17:00,0.0,0.093,0.049,0.0
08/10/2019 18:00,0.0,0.006,0.0,0.0
08/10/2019 19:00,0.0,0.0,0.0,0.0
08/10/2019 20:00,0.0,0.0,0.0,0.0
08/10/2019 21:00,0.0,0.0,0.0,0.0
08/10/2019 22:00,0.0,0.0,0.0,0.0
08/10/2019 23:00,0.0,0.0,0.0,0.0
09/10/2019 00:00,0.0,0.0,0.0,0.0
09/10/2019 01:00,0.0,0.0,0.0,0.0
09/10/2019 02:00,0.0,0.0,0.0,0.0
09/10/2019 03:00,0.0,0.0,0.0,0.0
09/10/2019 04:00,0.002,0.0,0.0,0.002
09/10/2019 05:00,0.095,0.0,0.0,0.095
09/10/2019 06:00,0.335,0.006,0.066,0.335
09/10/2019 07:00,0.547,0.088,0.235,0.547
09/10/2019 08:00,0.702,0.165,0.43,0.702
09/10/2019 09:00,0.79,0.293,0.6,0.79
09/10/2019 10:00,0.827,0.408,0.705,0.827
09/10/2019 11:00,0.815,0.439,0.742,0.815
09/10/2019 12:00,0.755,0.431,0.709,0.755
09/10/2019 13:00,0.641,0.361,0.624,0.641
09/10/2019 14:00,0.471,0.297,0.501,0.471
09/10/2019 15:00,0.25,0.212,0.378,0.25
09/10/2019 16:00,0.024,0.153,0.215,0.024
09/10/2019 17:00,0.0,0.052,0.049,0.0
09/10/2019 18:00,0.0,0.002,0.0,0.0
09/10/2019 19:00,0.0,0.0,0.0,0.0
09/10/2019 20:00,0.0,0.0,0.0,0.0
09/10/2019 21:00,0.0,0.0,0.0,0.0
09/10/2019 22:00,0.0,0.0,0.0,0.0
09/10/2019 23:00,0.0,0.0,0.0,0.0
10/10/2019 00:00,0.0,0.0,0.0,0.0
10/10/2019 01:00,0.0,0.0,0.0,0.0
10/10/2019 02:00,0.0,0.0,0.0,0.0
10/10/2019 03:00,0.0,0.0,0.0,0.0
10/10/2019 04:00,0.001,0.0,0.0,0.001
10/10/2019 05:00,0.094,0.0,0.0,0.094
10/10/2019 06:00,0.285,0.003,0.074,0.285
10/10/2019 07:00,0.478,0.106,0.281,0.478
10/10/2019 08:00,0.611,0.219,0.475,0.611
10/10/2019 09:00,0.691,0.371,0.621,0.691
10/10/2019 10:00,0.742,0.53,0.715,0.742
10/10/2019 11:00,0.77,0.62,0.762,0.77
10/10/2019 12:00,0.752,0.686,0.758,0.752
10/10/2019 13:00,0.643,0.698,0.71,0.643
10/10/2019 14:00,0.474,0.647,0.612,0.474
10/10/2019 15:00,0.252,0.539,0.455,0.252
10/10/2019 16:00,0.022,0.375,0.262,0.022
10/10/2019 17:00,0.0,0.168,0.051,0.0
10/10/2019 18:00,0.0,0.013,0.0,0.0
10/10/2019 19:00,0.0,0.0,0.0,0.0
10/10/2019 20:00,0.0,0.0,0.0,0.0
10/10/2019 21:00,0.0,0.0,0.0,0.0
10/10/2019 22:00,0.0,0.0,0.0,0.0
10/10/2019 23:00,0.0,0.0,0.0,0.0
11/10/2019 00:00,0.0,0.0,0.0,0.0
11/10/2019 01:00,0.0,0.0,0.0,0.0
11/10/2019 02:00,0.0,0.0,0.0,0.0
11/10/2019 03:00,0.0,0.0,0.0,0.0
11/10/2019 04:00,0.002,0.0,0.0,0.002
11/10/2019 05:00,0.165,0.0,0.0,0.165
11/10/2019 06:00,0.401,0.008,0.053,0.401
11/10/2019 07:00,0.588,0.092,0.212,0.588
11/10/2019 08:00,0.715,0.353,0.388,0.715
11/10/2019 09:00,0.79,0.56,0.539,0.79
11/10/2019 10:00,0.815,0.732,0.649,0.815
11/10/2019 11:00,0.795,0.843,0.691,0.795
11/10/2019 12:00,0.73,0.868,0.621,0.73
11/10/2019 13:00,0.615,0.836,0.459,0.615
11/10/2019 14:00,0.447,0.755,0.293,0.447
11/10/2019 15:00,0.231,0.619,0.259,0.231
11/10/2019 16:00,0.021,0.429,0.145,0.021
11/10/2019 17:00,0.0,0.193,0.033,0.0
11/10/2019 18:00,0.0,0.009,0.0,0.0
11/10/2019 19:00,0.0,0.0,0.0,0.0
11/10/2019 20:00,0.0,0.0,0.0,0.0
11/10/2019 21:00,0.0,0.0,0.0,0.0
11/10/2019 22:00,0.0,0.0,0.0,0.0
11/10/2019 23:00,0.0,0.0,0.0,0.0
12/10/2019 00:00,0.0,0.0,0.0,0.0
12/10/2019 01:00,0.0,0.0,0.0,0.0
12/10/2019 02:00,0.0,0.0,0.0,0.0
12/10/2019 03:00,0.0,0.0,0.0,0.0
12/10/2019 04:00,0.003,0.0,0.0,0.003
12/10/2019 05:00,0.149,0.0,0.0,0.149
12/10/2019 06:00,0.373,0.023,0.042,0.373
12/10/2019 07:00,0.556,0.218,0.14,0.556
12/10/2019 08:00,0.681,0.387,0.238,0.681
12/10/2019 09:00,0.757,0.597,0.367,0.757
12/10/2019 10:00,0.786,0.739,0.45,0.786
12/10/2019 11:00,0.77,0.803,0.495,0.77
12/10/2019 12:00,0.709,0.802,0.511,0.709
12/10/2019 13:00,0.599,0.771,0.465,0.599
12/10/2019 14:00,0.437,0.711,0.388,0.437
12/10/2019 15:00,0.229,0.585,0.288,0.229
12/10/2019 16:00,0.021,0.404,0.202,0.021
12/10/2019 17:00,0.0,0.169,0.049,0.0
12/10/2019 18:00,0.0,0.011,0.0,0.0
12/10/2019 19:00,0.0,0.0,0.0,0.0
12/10/2019 20:00,0.0,0.0,0.0,0.0
12/10/2019 21:00,0.0,0.0,0.0,0.0
12/10/2019 22:00,0.0,0.0,0.0,0.0
12/10/2019 23:00,0.0,0.0,0.0,0.0
13/10/2019 00:00,0.0,0.0,0.0,0.0
13/10/2019 01:00,0.0,0.0,0.0,0.0
13/10/2019 02:00,0.0,0.0,0.0,0.0
13/10/2019 03:00,0.0,0.0,0.0,0.0
13/10/2019 04:00,0.002,0.0,0.0,0.002
13/10/2019 05:00,0.164,0.0,0.0,0.164
13/10/2019 06:00,0.398,0.022,0.058,0.398
13/10/2019 07:00,0.584,0.172,0.255,0.584
13/10/2019 08:00,0.709,0.272,0.51,0.709
13/10/2019 09:00,0.785,0.369,0.661,0.785
13/10/2019 10:00,0.812,0.524,0.755,0.812
13/10/2019 11:00,0.794,0.715,0.795,0.794
13/10/2019 12:00,0.73,0.806,0.79,0.73
13/10/2019 13:00,0.616,0.775,0.738,0.616
13/10/2019 14:00,0.45,0.702,0.636,0.45
13/10/2019 15:00,0.235,0.591,0.485,0.235
13/10/2019 16:00,0.018,0.419,0.285,0.018
13/10/2019 17:00,0.0,0.193,0.065,0.0
13/10/2019 18:00,0.0,0.01,0.0,0.0
13/10/2019 19:00,0.0,0.0,0.0,0.0
13/10/2019 20:00,0.0,0.0,0.0,0.0
13/10/2019 21:00,0.0,0.0,0.0,0.0
13/10/2019 22:00,0.0,0.0,0.0,0.0
13/10/2019 23:00,0.0,0.0,0.0,0.0
14/10/2019 00:00,0.0,0.0,0.0,0.0
14/10/2019 01:00,0.0,0.0,0.0,0.0
14/10/2019 02:00,0.0,0.0,0.0,0.0
14/10/2019 03:00,0.0,0.0,0.0,0.0
14/10/2019 04:00,0.003,0.0,0.0,0.003
14/10/2019 05:00,0.153,0.0,0.0,0.153
14/10/2019 06:00,0.375,0.019,0.077,0.375
14/10/2019 07:00,0.554,0.175,0.288,0.554
14/10/2019 08:00,0.679,0.457,0.486,0.679
14/10/2019 09:00,0.756,0.639,0.631,0.756
14/10/2019 10:00,0.786,0.731,0.731,0.786
14/10/2019 11:00,0.774,0.771,0.774,0.774
14/10/2019 12:00,0.714,0.814,0.767,0.714
14/10/2019 13:00,0.604,0.8,0.716,0.604
14/10/2019 14:00,0.441,0.719,0.626,0.441
14/10/2019 15:00,0.23,0.588,0.476,0.23
14/10/2019 16:00,0.02,0.405,0.28,0.02
14/10/2019 17:00,0.0,0.182,0.066,0.0
14/10/2019 18:00,0.0,0.01,0.0,0.0
14/10/2019 19:00,0.0,0.0,0.0,0.0
14/10/2019 20:00,0.0,0.0,0.0,0.0
14/10/2019 21:00,0.0,0.0,0.0,0.0
14/10/2019 22:00,0.0,0.0,0.0,0.0
14/10/2019 23:00,0.0,0.0,0.0,0.0
15/10/2019 00:00,0.0,0.0,0.0,0.0
15/10/2019 01:00,0.0,0.0,0.0,0.0
15/10/2019 02:00,0.0,0.0,0.0,0.0
15/10/2019 03:00,0.0,0.0,0.0,0.0
15/10/2019 04:00,0.003,0.0,0.0,0.003
15/10/2019 05:00,0.164,0.0,0.0,0.164
15/10/2019 06:00,0.396,0.024,0.069,0.396
15/10/2019 07:00,0.579,0.216,0.279,0.579
15/10/2019 08:00,0.704,0.43,0.485,0.704
15/10/2019 09:00,0.779,0.598,0.644,0.779
15/10/2019 10:00,0.806,0.718,0.735,0.806
15/10/2019 11:00,0.787,0.788,0.776,0.787
15/10/2019 12:00,0.723,0.806,0.77,0.723
15/10/2019 13:00,0.61,0.779,0.719,0.61
15/10/2019 14:00,0.445,0.704,0.621,0.445
15/10/2019 15:00,0.233,0.579,0.472,0.233
15/10/2019 16:00,0.016,0.402,0.276,0.016
15/10/2019 17:00,0.0,0.181,0.063,0.0
15/10/2019 18:00,0.0,0.012,0.0,0.0
15/10/2019 19:00,0.0,0.0,0.0,0.0
15/10/2019 20:00,0.0,0.0,0.0,0.0
15/10/2019 21:00,0.0,0.0,0.0,0.0
15/10/2019 22:00,0.0,0.0,0.0,0.0
15/10/2019 23:00,0.0,0.0,0.0,0.0
16/10/2019 00:00,0.0,0.0,0.0,0.0
16/10/2019 01:00,0.0,0.0,0.0,0.0
16/10/2019 02:00,0.0,0.0,0.0,0.0
16/10/2019 03:00,0.0,0.0,0.0,0.0
16/10/2019 04:00,0.004,0.0,0.0,0.004
16/10/2019 05:00,0.15,0.0,0.0,0.15
16/10/2019 06:00,0.364,0.02,0.081,0.364
16/10/2019 07:00,0.538,0.183,0.29,0.538
16/10/2019 08:00,0.66,0.43,0.482,0.66
16/10/2019 09:00,0.733,0.61,0.626,0.733
16/10/2019 10:00,0.758,0.732,0.719,0.758
16/10/2019 11:00,0.74,0.795,0.762,0.74
16/10/2019 12:00,0.679,0.806,0.758,0.679
16/10/2019 13:00,0.571,0.762,0.709,0.571
16/10/2019 14:00,0.406,0.676,0.611,0.406
16/10/2019 15:00,0.203,0.558,0.463,0.203
16/10/2019 16:00,0.024,0.393,0.268,0.024
16/10/2019 17:00,0.0,0.176,0.062,0.0
16/10/2019 18:00,0.0,0.012,0.0,0.0
16/10/2019 19:00,0.0,0.0,0.0,0.0
16/10/2019 20:00,0.0,0.0,0.0,0.0
16/10/2019 21:00,0.0,0.0,0.0,0.0
16/10/2019 22:00,0.0,0.0,0.0,0.0
16/10/2019 23:00,0.0,0.0,0.0,0.0
17/10/2019 00:00,0.0,0.0,0.0,0.0
17/10/2019 01:00,0.0,0.0,0.0,0.0
17/10/2019 02:00,0.0,0.0,0.0,0.0
17/10/2019 03:00,0.0,0.0,0.0,0.0
17/10/2019 04:00,0.0,0.0,0.0,0.0
17/10/2019 05:00,0.023,0.0,0.0,0.023
17/10/2019 06:00,0.08,0.026,0.062,0.08
17/10/2019 07:00,0.231,0.218,0.272,0.231
17/10/2019 08:00,0.427,0.433,0.484,0.427
17/10/2019 09:00,0.531,0.602,0.633,0.531
17/10/2019 10:00,0.66,0.706,0.726,0.66
17/10/2019 11:00,0.701,0.775,0.766,0.701
17/10/2019 12:00,0.634,0.795,0.761,0.634
17/10/2019 13:00,0.416,0.773,0.71,0.416
17/10/2019 14:00,0.233,0.699,0.61,0.233
17/10/2019 15:00,0.091,0.573,0.463,0.091
17/10/2019 16:00,0.017,0.393,0.269,0.017
17/10/2019 17:00,0.0,0.177,0.061,0.0
17/10/2019 18:00,0.0,0.012,0.0,0.0
17/10/2019 19:00,0.0,0.0,0.0,0.0
17/10/2019 20:00,0.0,0.0,0.0,0.0
17/10/2019 21:00,0.0,0.0,0.0,0.0
17/10/2019 22:00,0.0,0.0,0.0,0.0
17/10/2019 23:00,0.0,0.0,0.0,0.0
18/10/2019 00:00,0.0,0.0,0.0,0.0
18/10/2019 01:00,0.0,0.0,0.0,0.0
18/10/2019 02:00,0.0,0.0,0.0,0.0
18/10/2019 03:00,0.0,0.0,0.0,0.0
18/10/2019 04:00,0.004,0.0,0.0,0.004
18/10/2019 05:00,0.12,0.0,0.0,0.12
18/10/2019 06:00,0.318,0.019,0.079,0.318
18/10/2019 07:00,0.457,0.132,0.28,0.457
18/10/2019 08:00,0.574,0.312,0.468,0.574
18/10/2019 09:00,0.683,0.511,0.608,0.683
18/10/2019 10:00,0.731,0.707,0.699,0.731
18/10/2019 11:00,0.713,0.788,0.74,0.713
18/10/2019 12:00,0.655,0.794,0.737,0.655
18/10/2019 13:00,0.552,0.757,0.689,0.552
18/10/2019 14:00,0.4,0.689,0.594,0.4
18/10/2019 15:00,0.208,0.556,0.45,0.208
18/10/2019 16:00,0.026,0.353,0.262,0.026
18/10/2019 17:00,0.0,0.181,0.06,0.0
18/10/2019 18:00,0.0,0.015,0.0,0.0
18/10/2019 19:00,0.0,0.0,0.0,0.0
18/10/2019 20:00,0.0,0.0,0.0,0.0
18/10/2019 21:00,0.0,0.0,0.0,0.0
18/10/2019 22:00,0.0,0.0,0.0,0.0
18/10/2019 23:00,0.0,0.0,0.0,0.0
19/10/2019 00:00,0.0,0.0,0.0,0.0
19/10/2019 01:00,0.0,0.0,0.0,0.0
19/10/2019 02:00,0.0,0.0,0.0,0.0
19/10/2019 03:00,0.0,0.0,0.0,0.0
19/10/2019 04:00,0.005,0.0,0.0,0.005
19/10/2019 05:00,0.151,0.0,0.0,0.151
19/10/2019 06:00,0.364,0.023,0.079,0.364
19/10/2019 07:00,0.54,0.183,0.273,0.54
19/10/2019 08:00,0.666,0.427,0.458,0.666
19/10/2019 09:00,0.742,0.597,0.588,0.742
19/10/2019 10:00,0.769,0.702,0.682,0.769
19/10/2019 11:00,0.751,0.776,0.728,0.751
19/10/2019 12:00,0.687,0.76,0.722,0.687
19/10/2019 13:00,0.576,0.669,0.662,0.576
19/10/2019 14:00,0.416,0.584,0.524,0.416
19/10/2019 15:00,0.215,0.495,0.348,0.215
19/10/2019 16:00,0.022,0.361,0.192,0.022
19/10/2019 17:00,0.0,0.167,0.057,0.0
19/10/2019 18:00,0.0,0.019,0.0,0.0
19/10/2019 19:00,0.0,0.0,0.0,0.0
19/10/2019 20:00,0.0,0.0,0.0,0.0
19/10/2019 21:00,0.0,0.0,0.0,0.0
19/10/2019 22:00,0.0,0.0,0.0,0.0
19/10/2019 23:00,0.0,0.0,0.0,0.0
20/10/2019 00:00,0.0,0.0,0.0,0.0
20/10/2019 01:00,0.0,0.0,0.0,0.0
20/10/2019 02:00,0.0,0.0,0.0,0.0
20/10/2019 03:00,0.0,0.0,0.0,0.0
20/10/2019 04:00,0.005,0.0,0.0,0.005
20/10/2019 05:00,0.157,0.0,0.0,0.157
20/10/2019 06:00,0.375,0.02,0.079,0.375
20/10/2019 07:00,0.554,0.161,0.275,0.554
20/10/2019 08:00,0.681,0.42,0.461,0.681
20/10/2019 09:00,0.757,0.614,0.598,0.757
20/10/2019 10:00,0.785,0.735,0.687,0.785
20/10/2019 11:00,0.769,0.818,0.73,0.769
20/10/2019 12:00,0.709,0.849,0.728,0.709
20/10/2019 13:00,0.599,0.819,0.679,0.599
20/10/2019 14:00,0.438,0.74,0.556,0.438
20/10/2019 15:00,0.228,0.608,0.396,0.228
20/10/2019 16:00,0.019,0.422,0.228,0.019
20/10/2019 17:00,0.0,0.191,0.061,0.0
20/10/2019 18:00,0.0,0.014,0.0,0.0
20/10/2019 19:00,0.0,0.0,0.0,0.0
20/10/2019 20:00,0.0,0.0,0.0,0.0
20/10/2019 21:00,0.0,0.0,0.0,0.0
20/10/2019 22:00,0.0,0.0,0.0,0.0
20/10/2019 23:00,0.0,0.0,0.0,0.0
21/10/2019 00:00,0.0,0.0,0.0,0.0
21/10/2019 01:00,0.0,0.0,0.0,0.0
21/10/2019 02:00,0.0,0.0,0.0,0.0
21/10/2019 03:00,0.0,0.0,0.0,0.0
21/10/2019 04:00,0.006,0.0,0.0,0.006
21/10/2019 05:00,0.15,0.0,0.0,0.15
21/10/2019 06:00,0.385,0.034,0.065,0.385
21/10/2019 07:00,0.582,0.237,0.231,0.582
21/10/2019 08:00,0.717,0.467,0.432,0.717
21/10/2019 09:00,0.793,0.641,0.612,0.793
21/10/2019 10:00,0.82,0.758,0.719,0.82
21/10/2019 11:00,0.8,0.818,0.773,0.8
21/10/2019 12:00,0.734,0.833,0.769,0.734
21/10/2019 13:00,0.618,0.802,0.717,0.618
21/10/2019 14:00,0.45,0.72,0.614,0.45
21/10/2019 15:00,0.235,0.59,0.463,0.235
21/10/2019 16:00,0.019,0.408,0.267,0.019
21/10/2019 17:00,0.0,0.184,0.064,0.0
21/10/2019 18:00,0.0,0.014,0.0,0.0
21/10/2019 19:00,0.0,0.0,0.0,0.0
21/10/2019 20:00,0.0,0.0,0.0,0.0
21/10/2019 21:00,0.0,0.0,0.0,0.0
21/10/2019 22:00,0.0,0.0,0.0,0.0
21/10/2019 23:00,0.0,0.0,0.0,0.0
22/10/2019 00:00,0.0,0.0,0.0,0.0
22/10/2019 01:00,0.0,0.0,0.0,0.0
22/10/2019 02:00,0.0,0.0,0.0,0.0
22/10/2019 03:00,0.0,0.0,0.0,0.0
22/10/2019 04:00,0.005,0.0,0.0,0.005
22/10/2019 05:00,0.168,0.0,0.0,0.168
22/10/2019 06:00,0.393,0.035,0.069,0.393
22/10/2019 07:00,0.575,0.239,0.28,0.575
22/10/2019 08:00,0.705,0.457,0.48,0.705
22/10/2019 09:00,0.782,0.62,0.63,0.782
22/10/2019 10:00,0.806,0.73,0.721,0.806
22/10/2019 11:00,0.785,0.791,0.757,0.785
22/10/2019 12:00,0.713,0.806,0.751,0.713
22/10/2019 13:00,0.602,0.776,0.699,0.602
22/10/2019 14:00,0.425,0.7,0.603,0.425
22/10/2019 15:00,0.225,0.576,0.456,0.225
22/10/2019 16:00,0.021,0.398,0.263,0.021
22/10/2019 17:00,0.0,0.178,0.061,0.0
22/10/2019 18:00,0.0,0.016,0.0,0.0
22/10/2019 19:00,0.0,0.0,0.0,0.0
22/10/2019 20:00,0.0,0.0,0.0,0.0
22/10/2019 21:00,0.0,0.0,0.0,0.0
22/10/2019 22:00,0.0,0.0,0.0,0.0
22/10/2019 23:00,0.0,0.0,0.0,0.0
23/10/2019 00:00,0.0,0.0,0.0,0.0
23/10/2019 01:00,0.0,0.0,0.0,0.0
23/10/2019 02:00,0.0,0.0,0.0,0.0
23/10/2019 03:00,0.0,0.0,0.0,0.0
23/10/2019 04:00,0.008,0.0,0.0,0.008
23/10/2019 05:00,0.14,0.0,0.0,0.14
23/10/2019 06:00,0.38,0.019,0.071,0.38
23/10/2019 07:00,0.582,0.124,0.265,0.582
23/10/2019 08:00,0.71,0.266,0.467,0.71
23/10/2019 09:00,0.785,0.433,0.61,0.785
23/10/2019 10:00,0.821,0.53,0.702,0.821
23/10/2019 11:00,0.713,0.607,0.746,0.713
23/10/2019 12:00,0.483,0.668,0.742,0.483
23/10/2019 13:00,0.281,0.637,0.693,0.281
23/10/2019 14:00,0.339,0.585,0.594,0.339
23/10/2019 15:00,0.227,0.464,0.441,0.227
23/10/2019 16:00,0.026,0.316,0.233,0.026
23/10/2019 17:00,0.0,0.151,0.063,0.0
23/10/2019 18:00,0.0,0.024,0.0,0.0
23/10/2019 19:00,0.0,0.0,0.0,0.0
23/10/2019 20:00,0.0,0.0,0.0,0.0
23/10/2019 21:00,0.0,0.0,0.0,0.0
23/10/2019 22:00,0.0,0.0,0.0,0.0
23/10/2019 23:00,0.0,0.0,0.0,0.0
24/10/2019 00:00,0.0,0.0,0.0,0.0
24/10/2019 01:00,0.0,0.0,0.0,0.0
24/10/2019 02:00,0.0,0.0,0.0,0.0
24/10/2019 03:00,0.0,0.0,0.0,0.0
24/10/2019 04:00,0.009,0.0,0.0,0.009
24/10/2019 05:00,0.064,0.0,0.0,0.064
24/10/2019 06:00,0.181,0.027,0.074,0.181
24/10/2019 07:00,0.51,0.142,0.255,0.51
24/10/2019 08:00,0.606,0.345,0.461,0.606
24/10/2019 09:00,0.732,0.561,0.608,0.732
24/10/2019 10:00,0.781,0.678,0.702,0.781
24/10/2019 11:00,0.758,0.746,0.747,0.758
24/10/2019 12:00,0.688,0.767,0.743,0.688
24/10/2019 13:00,0.57,0.74,0.694,0.57
24/10/2019 14:00,0.39,0.665,0.593,0.39
24/10/2019 15:00,0.185,0.542,0.446,0.185
24/10/2019 16:00,0.039,0.372,0.256,0.039
24/10/2019 17:00,0.0,0.169,0.06,0.0
24/10/2019 18:00,0.0,0.022,0.0,0.0
24/10/2019 19:00,0.0,0.0,0.0,0.0
24/10/2019 20:00,0.0,0.0,0.0,0.0
24/10/2019 21:00,0.0,0.0,0.0,0.0
24/10/2019 22:00,0.0,0.0,0.0,0.0
24/10/2019 23:00,0.0,0.0,0.0,0.0
25/10/2019 00:00,0.0,0.0,0.0,0.0
25/10/2019 01:00,0.0,0.0,0.0,0.0
25/10/2019 02:00,0.0,0.0,0.0,0.0
25/10/2019 03:00,0.0,0.0,0.0,0.0
25/10/2019 04:00,0.009,0.0,0.0,0.009
25/10/2019 05:00,0.106,0.0,0.0,0.106
25/10/2019 06:00,0.22,0.034,0.084,0.22
25/10/2019 07:00,0.309,0.19,0.284,0.309
25/10/2019 08:00,0.39,0.397,0.476,0.39
25/10/2019 09:00,0.446,0.561,0.62,0.446
25/10/2019 10:00,0.493,0.684,0.71,0.493
25/10/2019 11:00,0.507,0.728,0.751,0.507
25/10/2019 12:00,0.461,0.755,0.746,0.461
25/10/2019 13:00,0.407,0.72,0.695,0.407
25/10/2019 14:00,0.316,0.663,0.598,0.316
25/10/2019 15:00,0.193,0.543,0.452,0.193
25/10/2019 16:00,0.045,0.363,0.26,0.045
25/10/2019 17:00,0.0,0.162,0.056,0.0
25/10/2019 18:00,0.0,0.025,0.0,0.0
25/10/2019 19:00,0.0,0.0,0.0,0.0
25/10/2019 20:00,0.0,0.0,0.0,0.0
25/10/2019 21:00,0.0,0.0,0.0,0.0
25/10/2019 22:00,0.0,0.0,0.0,0.0
25/10/2019 23:00,0.0,0.0,0.0,0.0
26/10/2019 00:00,0.0,0.0,0.0,0.0
26/10/2019 01:00,0.0,0.0,0.0,0.0
26/10/2019 02:00,0.0,0.0,0.0,0.0
26/10/2019 03:00,0.0,0.0,0.0,0.0
26/10/2019 04:00,0.009,0.0,0.0,0.009
26/10/2019 05:00,0.134,0.0,0.0,0.134
26/10/2019 06:00,0.385,0.034,0.083,0.385
26/10/2019 07:00,0.579,0.184,0.277,0.579
26/10/2019 08:00,0.721,0.389,0.467,0.721
26/10/2019 09:00,0.799,0.59,0.611,0.799
26/10/2019 10:00,0.817,0.708,0.706,0.817
26/10/2019 11:00,0.787,0.769,0.752,0.787
26/10/2019 12:00,0.735,0.784,0.747,0.735
26/10/2019 13:00,0.619,0.754,0.698,0.619
26/10/2019 14:00,0.443,0.679,0.599,0.443
26/10/2019 15:00,0.224,0.555,0.451,0.224
26/10/2019 16:00,0.028,0.382,0.26,0.028
26/10/2019 17:00,0.0,0.174,0.058,0.0
26/10/2019 18:00,0.0,0.023,0.001,0.0
26/10/2019 19:00,0.0,0.0,0.0,0.0
26/10/2019 20:00,0.0,0.0,0.0,0.0
26/10/2019 21:00,0.0,0.0,0.0,0.0
26/10/2019 22:00,0.0,0.0,0.0,0.0
26/10/2019 23:00,0.0,0.0,0.0,0.0
27/10/2019 00:00,0.0,0.0,0.0,0.0
27/10/2019 01:00,0.0,0.0,0.0,0.0
27/10/2019 02:00,0.0,0.0,0.0,0.0
27/10/2019 03:00,0.0,0.0,0.0,0.0
27/10/2019 04:00,0.009,0.0,0.0,0.009
27/10/2019 05:00,0.174,0.0,0.0,0.174
27/10/2019 06:00,0.412,0.04,0.079,0.412
27/10/2019 07:00,0.604,0.222,0.276,0.604
27/10/2019 08:00,0.738,0.421,0.464,0.738
27/10/2019 09:00,0.816,0.561,0.609,0.816
27/10/2019 10:00,0.842,0.626,0.7,0.842
27/10/2019 11:00,0.822,0.659,0.741,0.822
27/10/2019 12:00,0.757,0.766,0.735,0.757
27/10/2019 13:00,0.639,0.738,0.678,0.639
27/10/2019 14:00,0.467,0.672,0.568,0.467
27/10/2019 15:00,0.242,0.55,0.411,0.242
27/10/2019 16:00,0.025,0.322,0.212,0.025
27/10/2019 17:00,0.0,0.155,0.062,0.0
27/10/2019 18:00,0.0,0.024,0.0,0.0
27/10/2019 19:00,0.0,0.0,0.0,0.0
27/10/2019 20:00,0.0,0.0,0.0,0.0
27/10/2019 21:00,0.0,0.0,0.0,0.0
27/10/2019 22:00,0.0,0.0,0.0,0.0
27/10/2019 23:00,0.0,0.0,0.0,0.0
28/10/2019 00:00,0.0,0.0,0.0,0.0
28/10/2019 01:00,0.0,0.0,0.0,0.0
28/10/2019 02:00,0.0,0.0,0.0,0.0
28/10/2019 03:00,0.0,0.0,0.0,0.0
28/10/2019 04:00,0.009,0.0,0.0,0.009
28/10/2019 05:00,0.105,0.0,0.0,0.105
28/10/2019 06:00,0.27,0.041,0.082,0.27
28/10/2019 07:00,0.513,0.233,0.27,0.513
28/10/2019 08:00,0.707,0.445,0.453,0.707
28/10/2019 09:00,0.809,0.613,0.601,0.809
28/10/2019 10:00,0.85,0.726,0.698,0.85
28/10/2019 11:00,0.836,0.785,0.745,0.836
28/10/2019 12:00,0.77,0.796,0.743,0.77
28/10/2019 13:00,0.65,0.763,0.694,0.65
28/10/2019 14:00,0.476,0.685,0.593,0.476
28/10/2019 15:00,0.248,0.56,0.448,0.248
28/10/2019 16:00,0.026,0.386,0.259,0.026
28/10/2019 17:00,0.009,0.174,0.055,0.009
28/10/2019 18:00,0.0,0.023,0.001,0.0
28/10/2019 19:00,0.0,0.0,0.0,0.0
28/10/2019 20:00,0.0,0.0,0.0,0.0
28/10/2019 21:00,0.0,0.0,0.0,0.0
28/10/2019 22:00,0.0,0.0,0.0,0.0
28/10/2019 23:00,0.0,0.0,0.0,0.0
29/10/2019 00:00,0.0,0.0,0.0,0.0
29/10/2019 01:00,0.0,0.0,0.0,0.0
29/10/2019 02:00,0.0,0.0,0.0,0.0
29/10/2019 03:00,0.0,0.0,0.0,0.0
29/10/2019 04:00,0.009,0.0,0.0,0.009
29/10/2019 05:00,0.157,0.0,0.0,0.157
29/10/2019 06:00,0.419,0.017,0.087,0.419
29/10/2019 07:00,0.619,0.062,0.292,0.619
29/10/2019 08:00,0.757,0.135,0.485,0.757
29/10/2019 09:00,0.836,0.242,0.632,0.836
29/10/2019 10:00,0.861,0.35,0.726,0.861
29/10/2019 11:00,0.839,0.473,0.769,0.839
29/10/2019 12:00,0.769,0.628,0.767,0.769
29/10/2019 13:00,0.648,0.625,0.718,0.648
29/10/2019 14:00,0.472,0.469,0.62,0.472
29/10/2019 15:00,0.244,0.449,0.47,0.244
29/10/2019 16:00,0.02,0.35,0.271,0.02
29/10/2019 17:00,0.0,0.171,0.047,0.0
29/10/2019 18:00,0.0,0.034,0.001,0.0
29/10/2019 19:00,0.0,0.0,0.0,0.0
29/10/2019 20:00,0.0,0.0,0.0,0.0
29/10/2019 21:00,0.0,0.0,0.0,0.0
29/10/2019 22:00,0.0,0.0,0.0,0.0
29/10/2019 23:00,0.0,0.0,0.0,0.0
30/10/2019 00:00,0.0,0.0,0.0,0.0
30/10/2019 01:00,0.0,0.0,0.0,0.0
30/10/2019 02:00,0.0,0.0,0.0,0.0
30/10/2019 03:00,0.0,0.0,0.0,0.0
30/10/2019 04:00,0.007,0.0,0.0,0.007
30/10/2019 05:00,0.179,0.0,0.0,0.179
30/10/2019 06:00,0.408,0.039,0.087,0.408
30/10/2019 07:00,0.594,0.176,0.29,0.594
30/10/2019 08:00,0.726,0.376,0.48,0.726
30/10/2019 09:00,0.805,0.58,0.624,0.805
30/10/2019 10:00,0.833,0.756,0.716,0.833
30/10/2019 11:00,0.815,0.834,0.758,0.815
30/10/2019 12:00,0.748,0.849,0.753,0.748
30/10/2019 13:00,0.631,0.816,0.702,0.631
30/10/2019 14:00,0.459,0.735,0.605,0.459
30/10/2019 15:00,0.237,0.604,0.458,0.237
30/10/2019 16:00,0.021,0.42,0.263,0.021
30/10/2019 17:00,0.0,0.191,0.05,0.0
30/10/2019 18:00,0.0,0.02,0.001,0.0
30/10/2019 19:00,0.0,0.0,0.0,0.0
30/10/2019 20:00,0.0,0.0,0.0,0.0
30/10/2019 21:00,0.0,0.0,0.0,0.0
30/10/2019 22:00,0.0,0.0,0.0,0.0
30/10/2019 23:00,0.0,0.0,0.0,0.0
31/10/2019 00:00,0.0,0.0,0.0,0.0
31/10/2019 01:00,0.0,0.0,0.0,0.0
31/10/2019 02:00,0.0,0.0,0.0,0.0
31/10/2019 03:00,0.0,0.0,0.0,0.0
31/10/2019 04:00,0.007,0.0,0.0,0.007
31/10/2019 05:00,0.175,0.0,0.0,0.175
31/10/2019 06:00,0.398,0.039,0.08,0.398
31/10/2019 07:00,0.576,0.195,0.246,0.576
31/10/2019 08:00,0.704,0.453,0.465,0.704
31/10/2019 09:00,0.781,0.64,0.596,0.781
31/10/2019 10:00,0.81,0.756,0.713,0.81
31/10/2019 11:00,0.792,0.82,0.76,0.792
31/10/2019 12:00,0.728,0.834,0.75,0.728
31/10/2019 13:00,0.614,0.803,0.703,0.614
31/10/2019 14:00,0.447,0.725,0.598,0.447
31/10/2019 15:00,0.23,0.596,0.452,0.23
31/10/2019 16:00,0.021,0.415,0.259,0.021
31/10/2019 17:00,0.0,0.188,0.062,0.0
31/10/2019 18:00,0.0,0.019,0.001,0.0
31/10/2019 19:00,0.0,0.0,0.0,0.0
31/10/2019 20:00,0.0,0.0,0.0,0.0
31/10/2019 21:00,0.0,0.0,0.0,0.0
31/10/2019 22:00,0.0,0.0,0.0,0.0
31/10/2019 23:00,0.0,0.0,0.0,0.0
01/11/2019 00:00,0.0,0.0,0.0,0.0
01/11/2019 01:00,0.0,0.0,0.0,0.0
01/11/2019 02:00,0.0,0.0,0.0,0.0
01/11/2019 03:00,0.0,0.0,0.0,0.0
01/11/2019 04:00,0.013,0.0,0.0,0.013
01/11/2019 05:00,0.111,0.0,0.0,0.111
01/11/2019 06:00,0.198,0.038,0.035,0.198
01/11/2019 07:00,0.236,0.195,0.071,0.236
01/11/2019 08:00,0.257,0.453,0.095,0.257
01/11/2019 09:00,0.325,0.62,0.149,0.325
01/11/2019 10:00,0.333,0.735,0.203,0.333
01/11/2019 11:00,0.3,0.794,0.243,0.3
01/11/2019 12:00,0.25,0.809,0.275,0.25
01/11/2019 13:00,0.179,0.78,0.429,0.179
01/11/2019 14:00,0.124,0.702,0.495,0.124
01/11/2019 15:00,0.117,0.575,0.397,0.117
01/11/2019 16:00,0.057,0.399,0.233,0.057
01/11/2019 17:00,0.0,0.182,0.075,0.0
01/11/2019 18:00,0.0,0.022,0.002,0.0
01/11/2019 19:00,0.0,0.0,0.0,0.0
01/11/2019 20:00,0.0,0.0,0.0,0.0
01/11/2019 21:00,0.0,0.0,0.0,0.0
01/11/2019 22:00,0.0,0.0,0.0,0.0
01/11/2019 23:00,0.0,0.0,0.0,0.0
02/11/2019 00:00,0.0,0.0,0.0,0.0
02/11/2019 01:00,0.0,0.0,0.0,0.0
02/11/2019 02:00,0.0,0.0,0.0,0.0
02/11/2019 03:00,0.0,0.0,0.0,0.0
02/11/2019 04:00,0.008,0.0,0.0,0.008
02/11/2019 05:00,0.17,0.0,0.0,0.17
02/11/2019 06:00,0.386,0.044,0.037,0.386
02/11/2019 07:00,0.562,0.237,0.212,0.562
02/11/2019 08:00,0.69,0.443,0.453,0.69
02/11/2019 09:00,0.765,0.605,0.524,0.765
02/11/2019 10:00,0.793,0.718,0.533,0.793
02/11/2019 11:00,0.775,0.778,0.576,0.775
02/11/2019 12:00,0.712,0.792,0.572,0.712
02/11/2019 13:00,0.6,0.761,0.578,0.6
02/11/2019 14:00,0.436,0.686,0.472,0.436
02/11/2019 15:00,0.224,0.563,0.332,0.224
02/11/2019 16:00,0.025,0.39,0.194,0.025
02/11/2019 17:00,0.0,0.178,0.061,0.0
02/11/2019 18:00,0.0,0.022,0.001,0.0
02/11/2019 19:00,0.0,0.0,0.0,0.0
02/11/2019 20:00,0.0,0.0,0.0,0.0
02/11/2019 21:00,0.0,0.0,0.0,0.0
02/11/2019 22:00,0.0,0.0,0.0,0.0
02/11/2019 23:00,0.0,0.0,0.0,0.0
03/11/2019 00:00,0.0,0.0,0.0,0.0
03/11/2019 01:00,0.0,0.0,0.0,0.0
03/11/2019 02:00,0.0,0.0,0.0,0.0
03/11/2019 03:00,0.0,0.0,0.0,0.0
03/11/2019 04:00,0.008,0.0,0.0,0.008
03/11/2019 05:00,0.175,0.0,0.001,0.175
03/11/2019 06:00,0.395,0.046,0.089,0.395
03/11/2019 07:00,0.571,0.228,0.271,0.571
03/11/2019 08:00,0.698,0.426,0.441,0.698
03/11/2019 09:00,0.773,0.582,0.536,0.773
03/11/2019 10:00,0.799,0.689,0.567,0.799
03/11/2019 11:00,0.78,0.749,0.616,0.78
03/11/2019 12:00,0.716,0.763,0.6,0.716
03/11/2019 13:00,0.602,0.733,0.483,0.602
03/11/2019 14:00,0.436,0.657,0.302,0.436
03/11/2019 15:00,0.223,0.531,0.155,0.223
03/11/2019 16:00,0.026,0.349,0.072,0.026
03/11/2019 17:00,0.0,0.16,0.023,0.0
03/11/2019 18:00,0.0,0.031,0.0,0.0
03/11/2019 19:00,0.0,0.0,0.0,0.0
03/11/2019 20:00,0.0,0.0,0.0,0.0
03/11/2019 21:00,0.0,0.0,0.0,0.0
03/11/2019 22:00,0.0,0.0,0.0,0.0
03/11/2019 23:00,0.0,0.0,0.0,0.0
04/11/2019 00:00,0.0,0.0,0.0,0.0
04/11/2019 01:00,0.0,0.0,0.0,0.0
04/11/2019 02:00,0.0,0.0,0.0,0.0
04/11/2019 03:00,0.0,0.0,0.0,0.0
04/11/2019 04:00,0.008,0.0,0.0,0.008
04/11/2019 05:00,0.171,0.0,0.0,0.171
04/11/2019 06:00,0.385,0.035,0.061,0.385
04/11/2019 07:00,0.554,0.158,0.224,0.554
04/11/2019 08:00,0.674,0.323,0.412,0.674
04/11/2019 09:00,0.746,0.487,0.536,0.746
04/11/2019 10:00,0.771,0.606,0.643,0.771
04/11/2019 11:00,0.753,0.63,0.662,0.753
04/11/2019 12:00,0.69,0.567,0.644,0.69
04/11/2019 13:00,0.58,0.425,0.523,0.58
04/11/2019 14:00,0.42,0.304,0.386,0.42
04/11/2019 15:00,0.215,0.258,0.27,0.215
04/11/2019 16:00,0.028,0.208,0.09,0.028
04/11/2019 17:00,0.0,0.108,0.025,0.0
04/11/2019 18:00,0.0,0.019,0.0,0.0
04/11/2019 19:00,0.0,0.0,0.0,0.0
04/11/2019 20:00,0.0,0.0,0.0,0.0
04/11/2019 21:00,0.0,0.0,0.0,0.0
04/11/2019 22:00,0.0,0.0,0.0,0.0
04/11/2019 23:00,0.0,0.0,0.0,0.0
05/11/2019 00:00,0.0,0.0,0.0,0.0
05/11/2019 01:00,0.0,0.0,0.0,0.0
05/11/2019 02:00,0.0,0.0,0.0,0.0
05/11/2019 03:00,0.0,0.0,0.0,0.0
05/11/2019 04:00,0.013,0.0,0.0,0.013
05/11/2019 05:00,0.161,0.0,0.001,0.161
05/11/2019 06:00,0.361,0.013,0.077,0.361
05/11/2019 07:00,0.527,0.06,0.234,0.527
05/11/2019 08:00,0.646,0.116,0.348,0.646
05/11/2019 09:00,0.72,0.172,0.384,0.72
05/11/2019 10:00,0.752,0.202,0.383,0.752
05/11/2019 11:00,0.729,0.228,0.352,0.729
05/11/2019 12:00,0.651,0.206,0.305,0.651
05/11/2019 13:00,0.525,0.199,0.227,0.525
05/11/2019 14:00,0.38,0.193,0.18,0.38
05/11/2019 15:00,0.201,0.188,0.142,0.201
05/11/2019 16:00,0.041,0.209,0.099,0.041
05/11/2019 17:00,0.0,0.163,0.039,0.0
05/11/2019 18:00,0.0,0.048,0.0,0.0
05/11/2019 19:00,0.0,0.0,0.0,0.0
05/11/2019 20:00,0.0,0.0,0.0,0.0
05/11/2019 21:00,0.0,0.0,0.0,0.0
05/11/2019 22:00,0.0,0.0,0.0,0.0
05/11/2019 23:00,0.0,0.0,0.0,0.0
06/11/2019 00:00,0.0,0.0,0.0,0.0
06/11/2019 01:00,0.0,0.0,0.0,0.0
06/11/2019 02:00,0.0,0.0,0.0,0.0
06/11/2019 03:00,0.0,0.0,0.0,0.0
06/11/2019 04:00,0.014,0.0,0.0,0.014
06/11/2019 05:00,0.135,0.0,0.001,0.135
06/11/2019 06:00,0.341,0.059,0.087,0.341
06/11/2019 07:00,0.504,0.212,0.275,0.504
06/11/2019 08:00,0.65,0.273,0.447,0.65
06/11/2019 09:00,0.748,0.259,0.574,0.748
06/11/2019 10:00,0.776,0.398,0.658,0.776
06/11/2019 11:00,0.764,0.49,0.712,0.764
06/11/2019 12:00,0.71,0.435,0.713,0.71
06/11/2019 13:00,0.603,0.315,0.671,0.603
06/11/2019 14:00,0.44,0.242,0.582,0.44
06/11/2019 15:00,0.229,0.186,0.44,0.229
06/11/2019 16:00,0.031,0.125,0.252,0.031
06/11/2019 17:00,0.0,0.058,0.049,0.0
06/11/2019 18:00,0.0,0.012,0.003,0.0
06/11/2019 19:00,0.0,0.0,0.0,0.0
06/11/2019 20:00,0.0,0.0,0.0,0.0
06/11/2019 21:00,0.0,0.0,0.0,0.0
06/11/2019 22:00,0.0,0.0,0.0,0.0
06/11/2019 23:00,0.0,0.0,0.0,0.0
07/11/2019 00:00,0.0,0.0,0.0,0.0
07/11/2019 01:00,0.0,0.0,0.0,0.0
07/11/2019 02:00,0.0,0.0,0.0,0.0
07/11/2019 03:00,0.0,0.0,0.0,0.0
07/11/2019 04:00,0.015,0.0,0.0,0.015
07/11/2019 05:00,0.166,0.0,0.001,0.166
07/11/2019 06:00,0.404,0.05,0.086,0.404
07/11/2019 07:00,0.592,0.221,0.275,0.592
07/11/2019 08:00,0.723,0.427,0.453,0.723
07/11/2019 09:00,0.788,0.598,0.59,0.788
07/11/2019 10:00,0.768,0.716,0.677,0.768
07/11/2019 11:00,0.774,0.782,0.718,0.774
07/11/2019 12:00,0.729,0.801,0.712,0.729
07/11/2019 13:00,0.612,0.773,0.663,0.612
07/11/2019 14:00,0.443,0.7,0.567,0.443
07/11/2019 15:00,0.228,0.576,0.421,0.228
07/11/2019 16:00,0.027,0.401,0.221,0.027
07/11/2019 17:00,0.0,0.184,0.065,0.0
07/11/2019 18:00,0.0,0.028,0.002,0.0
07/11/2019 19:00,0.0,0.0,0.0,0.0
07/11/2019 20:00,0.0,0.0,0.0,0.0
07/11/2019 21:00,0.0,0.0,0.0,0.0
07/11/2019 22:00,0.0,0.0,0.0,0.0
07/11/2019 23:00,0.0,0.0,0.0,0.0
08/11/2019 00:00,0.0,0.0,0.0,0.0
08/11/2019 01:00,0.0,0.0,0.0,0.0
08/11/2019 02:00,0.0,0.0,0.0,0.0
08/11/2019 03:00,0.0,0.0,0.0,0.0
08/11/2019 04:00,0.017,0.0,0.0,0.017
08/11/2019 05:00,0.128,0.0,0.001,0.128
08/11/2019 06:00,0.29,0.049,0.085,0.29
08/11/2019 07:00,0.445,0.242,0.265,0.445
08/11/2019 08:00,0.589,0.451,0.439,0.589
08/11/2019 09:00,0.672,0.62,0.574,0.672
08/11/2019 10:00,0.781,0.737,0.661,0.781
08/11/2019 11:00,0.775,0.799,0.702,0.775
08/11/2019 12:00,0.709,0.813,0.698,0.709
08/11/2019 13:00,0.57,0.783,0.652,0.57
08/11/2019 14:00,0.333,0.705,0.559,0.333
08/11/2019 15:00,0.149,0.58,0.419,0.149
08/11/2019 16:00,0.052,0.4,0.239,0.052
08/11/2019 17:00,0.0,0.183,0.053,0.0
08/11/2019 18:00,0.0,0.033,0.003,0.0
08/11/2019 19:00,0.0,0.016,0.0,0.0
08/11/2019 20:00,0.0,0.0,0.0,0.0
08/11/2019 21:00,0.0,0.0,0.0,0.0
08/11/2019 22:00,0.0,0.0,0.0,0.0
08/11/2019 23:00,0.0,0.0,0.0,0.0
09/11/2019 00:00,0.0,0.0,0.0,0.0
09/11/2019 01:00,0.0,0.0,0.0,0.0
09/11/2019 02:00,0.0,0.0,0.0,0.0
09/11/2019 03:00,0.0,0.0,0.0,0.0
09/11/2019 04:00,0.017,0.0,0.0,0.017
09/11/2019 05:00,0.089,0.0,0.002,0.089
09/11/2019 06:00,0.154,0.034,0.086,0.154
09/11/2019 07:00,0.296,0.167,0.261,0.296
09/11/2019 08:00,0.503,0.322,0.441,0.503
09/11/2019 09:00,0.716,0.496,0.578,0.716
09/11/2019 10:00,0.77,0.701,0.667,0.77
09/11/2019 11:00,0.739,0.812,0.714,0.739
09/11/2019 12:00,0.636,0.844,0.71,0.636
09/11/2019 13:00,0.471,0.817,0.662,0.471
09/11/2019 14:00,0.259,0.737,0.567,0.259
09/11/2019 15:00,0.088,0.608,0.426,0.088
09/11/2019 16:00,0.022,0.425,0.239,0.022
09/11/2019 17:00,0.0,0.196,0.058,0.0
09/11/2019 18:00,0.0,0.029,0.003,0.0
09/11/2019 19:00,0.0,0.0,0.0,0.0
09/11/2019 20:00,0.0,0.0,0.0,0.0
09/11/2019 21:00,0.0,0.0,0.0,0.0
09/11/2019 22:00,0.0,0.0,0.0,0.0
09/11/2019 23:00,0.0,0.0,0.0,0.0
10/11/2019 00:00,0.0,0.0,0.0,0.0
10/11/2019 01:00,0.0,0.0,0.0,0.0
10/11/2019 02:00,0.0,0.0,0.0,0.0
10/11/2019 03:00,0.0,0.0,0.0,0.0
10/11/2019 04:00,0.013,0.0,0.0,0.013
10/11/2019 05:00,0.1,0.0,0.001,0.1
10/11/2019 06:00,0.242,0.045,0.087,0.242
10/11/2019 07:00,0.383,0.185,0.263,0.383
10/11/2019 08:00,0.53,0.442,0.423,0.53
10/11/2019 09:00,0.663,0.643,0.582,0.663
10/11/2019 10:00,0.742,0.765,0.682,0.742
10/11/2019 11:00,0.74,0.825,0.722,0.74
10/11/2019 12:00,0.679,0.822,0.713,0.679
10/11/2019 13:00,0.497,0.758,0.642,0.497
10/11/2019 14:00,0.24,0.675,0.529,0.24
10/11/2019 15:00,0.104,0.572,0.369,0.104
10/11/2019 16:00,0.03,0.404,0.18,0.03
10/11/2019 17:00,0.0,0.189,0.053,0.0
10/11/2019 18:00,0.0,0.031,0.001,0.0
10/11/2019 19:00,0.0,0.0,0.0,0.0
10/11/2019 20:00,0.0,0.0,0.0,0.0
10/11/2019 21:00,0.0,0.0,0.0,0.0
10/11/2019 22:00,0.0,0.0,0.0,0.0
10/11/2019 23:00,0.0,0.0,0.0,0.0
11/11/2019 00:00,0.0,0.0,0.0,0.0
11/11/2019 01:00,0.0,0.0,0.0,0.0
11/11/2019 02:00,0.0,0.0,0.0,0.0
11/11/2019 03:00,0.0,0.0,0.0,0.0
11/11/2019 04:00,0.015,0.0,0.0,0.015
11/11/2019 05:00,0.173,0.0,0.002,0.173
11/11/2019 06:00,0.394,0.041,0.087,0.394
11/11/2019 07:00,0.578,0.179,0.263,0.578
11/11/2019 08:00,0.707,0.425,0.456,0.707
11/11/2019 09:00,0.782,0.631,0.539,0.782
11/11/2019 10:00,0.809,0.746,0.647,0.809
11/11/2019 11:00,0.79,0.806,0.646,0.79
11/11/2019 12:00,0.723,0.819,0.636,0.723
11/11/2019 13:00,0.607,0.787,0.559,0.607
11/11/2019 14:00,0.44,0.702,0.49,0.44
11/11/2019 15:00,0.226,0.544,0.326,0.226
11/11/2019 16:00,0.029,0.343,0.197,0.029
11/11/2019 17:00,0.0,0.163,0.066,0.0
11/11/2019 18:00,0.0,0.043,0.002,0.0
11/11/2019 19:00,0.0,0.0,0.0,0.0
11/11/2019 20:00,0.0,0.0,0.0,0.0
11/11/2019 21:00,0.0,0.0,0.0,0.0
11/11/2019 22:00,0.0,0.0,0.0,0.0
11/11/2019 23:00,0.0,0.0,0.0,0.0
12/11/2019 00:00,0.0,0.0,0.0,0.0
12/11/2019 01:00,0.0,0.0,0.0,0.0
12/11/2019 02:00,0.0,0.0,0.0,0.0
12/11/2019 03:00,0.0,0.0,0.0,0.0
12/11/2019 04:00,0.017,0.0,0.0,0.017
12/11/2019 05:00,0.167,0.0,0.002,0.167
12/11/2019 06:00,0.396,0.054,0.085,0.396
12/11/2019 07:00,0.58,0.244,0.283,0.58
12/11/2019 08:00,0.709,0.446,0.473,0.709
12/11/2019 09:00,0.783,0.604,0.619,0.783
12/11/2019 10:00,0.807,0.711,0.711,0.807
12/11/2019 11:00,0.786,0.771,0.725,0.786
12/11/2019 12:00,0.72,0.784,0.714,0.72
12/11/2019 13:00,0.605,0.747,0.684,0.605
12/11/2019 14:00,0.439,0.638,0.574,0.439
12/11/2019 15:00,0.225,0.473,0.445,0.225
12/11/2019 16:00,0.026,0.312,0.25,0.026
12/11/2019 17:00,0.0,0.159,0.053,0.0
12/11/2019 18:00,0.0,0.042,0.004,0.0
12/11/2019 19:00,0.0,0.0,0.0,0.0
12/11/2019 20:00,0.0,0.0,0.0,0.0
12/11/2019 21:00,0.0,0.0,0.0,0.0
12/11/2019 22:00,0.0,0.0,0.0,0.0
12/11/2019 23:00,0.0,0.0,0.0,0.0
13/11/2019 00:00,0.0,0.0,0.0,0.0
13/11/2019 01:00,0.0,0.0,0.0,0.0
13/11/2019 02:00,0.0,0.0,0.0,0.0
13/11/2019 03:00,0.0,0.0,0.0,0.0
13/11/2019 04:00,0.014,0.0,0.0,0.014
13/11/2019 05:00,0.171,0.0,0.002,0.171
13/11/2019 06:00,0.379,0.049,0.088,0.379
13/11/2019 07:00,0.555,0.238,0.285,0.555
13/11/2019 08:00,0.681,0.437,0.471,0.681
13/11/2019 09:00,0.756,0.591,0.614,0.756
13/11/2019 10:00,0.783,0.697,0.707,0.783
13/11/2019 11:00,0.765,0.756,0.752,0.765
13/11/2019 12:00,0.701,0.77,0.748,0.701
13/11/2019 13:00,0.59,0.741,0.698,0.59
13/11/2019 14:00,0.428,0.668,0.6,0.428
13/11/2019 15:00,0.221,0.548,0.452,0.221
13/11/2019 16:00,0.026,0.38,0.258,0.026
13/11/2019 17:00,0.001,0.174,0.044,0.001
13/11/2019 18:00,0.0,0.029,0.004,0.0
13/11/2019 19:00,0.0,0.0,0.0,0.0
13/11/2019 20:00,0.0,0.0,0.0,0.0
13/11/2019 21:00,0.0,0.0,0.0,0.0
13/11/2019 22:00,0.0,0.0,0.0,0.0
13/11/2019 23:00,0.0,0.0,0.0,0.0
14/11/2019 00:00,0.0,0.0,0.0,0.0
14/11/2019 01:00,0.0,0.0,0.0,0.0
14/11/2019 02:00,0.0,0.0,0.0,0.0
14/11/2019 03:00,0.0,0.0,0.0,0.0
14/11/2019 04:00,0.016,0.0,0.0,0.016
14/11/2019 05:00,0.173,0.0,0.002,0.173
14/11/2019 06:00,0.384,0.053,0.087,0.384
14/11/2019 07:00,0.561,0.21,0.285,0.561
14/11/2019 08:00,0.688,0.402,0.471,0.688
14/11/2019 09:00,0.763,0.569,0.612,0.763
14/11/2019 10:00,0.788,0.679,0.702,0.788
14/11/2019 11:00,0.769,0.733,0.743,0.769
14/11/2019 12:00,0.705,0.754,0.739,0.705
14/11/2019 13:00,0.593,0.731,0.689,0.593
14/11/2019 14:00,0.431,0.661,0.594,0.431
14/11/2019 15:00,0.222,0.552,0.447,0.222
14/11/2019 16:00,0.026,0.389,0.254,0.026
14/11/2019 17:00,0.001,0.18,0.04,0.001
14/11/2019 18:00,0.0,0.045,0.004,0.0
14/11/2019 19:00,0.0,0.0,0.0,0.0
14/11/2019 20:00,0.0,0.0,0.0,0.0
14/11/2019 21:00,0.0,0.0,0.0,0.0
14/11/2019 22:00,0.0,0.0,0.0,0.0
14/11/2019 23:00,0.0,0.0,0.0,0.0
15/11/2019 00:00,0.0,0.0,0.0,0.0
15/11/2019 01:00,0.0,0.0,0.0,0.0
15/11/2019 02:00,0.0,0.0,0.0,0.0
15/11/2019 03:00,0.0,0.0,0.0,0.0
15/11/2019 04:00,0.016,0.0,0.0,0.016
15/11/2019 05:00,0.172,0.0,0.003,0.172
15/11/2019 06:00,0.379,0.04,0.087,0.379
15/11/2019 07:00,0.552,0.143,0.279,0.552
15/11/2019 08:00,0.677,0.278,0.462,0.677
15/11/2019 09:00,0.751,0.434,0.601,0.751
15/11/2019 10:00,0.778,0.585,0.689,0.778
15/11/2019 11:00,0.759,0.691,0.732,0.759
15/11/2019 12:00,0.695,0.692,0.728,0.695
15/11/2019 13:00,0.584,0.627,0.678,0.584
15/11/2019 14:00,0.424,0.57,0.571,0.424
15/11/2019 15:00,0.218,0.529,0.428,0.218
15/11/2019 16:00,0.027,0.362,0.242,0.027
15/11/2019 17:00,0.001,0.186,0.057,0.001
15/11/2019 18:00,0.0,0.049,0.005,0.0
15/11/2019 19:00,0.0,0.0,0.0,0.0
15/11/2019 20:00,0.0,0.0,0.0,0.0
15/11/2019 21:00,0.0,0.0,0.0,0.0
15/11/2019 22:00,0.0,0.0,0.0,0.0
15/11/2019 23:00,0.0,0.0,0.0,0.0
16/11/2019 00:00,0.0,0.0,0.0,0.0
16/11/2019 01:00,0.0,0.0,0.0,0.0
16/11/2019 02:00,0.0,0.0,0.0,0.0
16/11/2019 03:00,0.0,0.0,0.0,0.0
16/11/2019 04:00,0.019,0.0,0.0,0.019
16/11/2019 05:00,0.161,0.0,0.003,0.161
16/11/2019 06:00,0.342,0.043,0.09,0.342
16/11/2019 07:00,0.527,0.171,0.261,0.527
16/11/2019 08:00,0.65,0.311,0.401,0.65
16/11/2019 09:00,0.724,0.478,0.504,0.724
16/11/2019 10:00,0.749,0.654,0.617,0.749
16/11/2019 11:00,0.741,0.763,0.692,0.741
16/11/2019 12:00,0.681,0.793,0.713,0.681
16/11/2019 13:00,0.573,0.763,0.67,0.573
16/11/2019 14:00,0.415,0.686,0.574,0.415
16/11/2019 15:00,0.216,0.565,0.426,0.216
16/11/2019 16:00,0.033,0.395,0.225,0.033
16/11/2019 17:00,0.001,0.186,0.068,0.001
16/11/2019 18:00,0.0,0.044,0.003,0.0
16/11/2019 19:00,0.0,0.0,0.0,0.0
16/11/2019 20:00,0.0,0.0,0.0,0.0
16/11/2019 21:00,0.0,0.0,0.0,0.0
16/11/2019 22:00,0.0,0.0,0.0,0.0
16/11/2019 23:00,0.0,0.0,0.0,0.0
17/11/2019 00:00,0.0,0.0,0.0,0.0
17/11/2019 01:00,0.0,0.0,0.0,0.0
17/11/2019 02:00,0.0,0.0,0.0,0.0
17/11/2019 03:00,0.0,0.0,0.0,0.0
17/11/2019 04:00,0.022,0.0,0.0,0.022
17/11/2019 05:00,0.174,0.0,0.004,0.174
17/11/2019 06:00,0.394,0.057,0.091,0.394
17/11/2019 07:00,0.577,0.19,0.265,0.577
17/11/2019 08:00,0.706,0.377,0.426,0.706
17/11/2019 09:00,0.781,0.552,0.556,0.781
17/11/2019 10:00,0.805,0.647,0.644,0.805
17/11/2019 11:00,0.786,0.663,0.658,0.786
17/11/2019 12:00,0.719,0.657,0.639,0.719
17/11/2019 13:00,0.605,0.635,0.514,0.605
17/11/2019 14:00,0.44,0.569,0.404,0.44
17/11/2019 15:00,0.227,0.383,0.291,0.227
17/11/2019 16:00,0.027,0.215,0.181,0.027
17/11/2019 17:00,0.001,0.139,0.068,0.001
17/11/2019 18:00,0.0,0.047,0.004,0.0
17/11/2019 19:00,0.0,0.0,0.0,0.0
17/11/2019 20:00,0.0,0.0,0.0,0.0
17/11/2019 21:00,0.0,0.0,0.0,0.0
17/11/2019 22:00,0.0,0.0,0.0,0.0
17/11/2019 23:00,0.0,0.0,0.0,0.0
18/11/2019 00:00,0.0,0.0,0.0,0.0
18/11/2019 01:00,0.0,0.0,0.0,0.0
18/11/2019 02:00,0.0,0.0,0.0,0.0
18/11/2019 03:00,0.0,0.0,0.0,0.0
18/11/2019 04:00,0.023,0.0,0.0,0.023
18/11/2019 05:00,0.162,0.0,0.004,0.162
18/11/2019 06:00,0.365,0.029,0.091,0.365
18/11/2019 07:00,0.546,0.106,0.266,0.546
18/11/2019 08:00,0.67,0.26,0.441,0.67
18/11/2019 09:00,0.752,0.383,0.577,0.752
18/11/2019 10:00,0.781,0.491,0.656,0.781
18/11/2019 11:00,0.764,0.51,0.598,0.764
18/11/2019 12:00,0.698,0.494,0.463,0.698
18/11/2019 13:00,0.585,0.359,0.384,0.585
18/11/2019 14:00,0.43,0.236,0.362,0.43
18/11/2019 15:00,0.219,0.185,0.316,0.219
18/11/2019 16:00,0.037,0.193,0.211,0.037
18/11/2019 17:00,0.002,0.137,0.077,0.002
18/11/2019 18:00,0.0,0.041,0.005,0.0
18/11/2019 19:00,0.0,0.0,0.0,0.0
18/11/2019 20:00,0.0,0.0,0.0,0.0
18/11/2019 21:00,0.0,0.0,0.0,0.0
18/11/2019 22:00,0.0,0.0,0.0,0.0
18/11/2019 23:00,0.0,0.0,0.0,0.0
19/11/2019 00:00,0.0,0.0,0.0,0.0
19/11/2019 01:00,0.0,0.0,0.0,0.0
19/11/2019 02:00,0.0,0.0,0.0,0.0
19/11/2019 03:00,0.0,0.0,0.0,0.0
19/11/2019 04:00,0.016,0.0,0.0,0.016
19/11/2019 05:00,0.18,0.0,0.004,0.18
19/11/2019 06:00,0.401,0.054,0.091,0.401
19/11/2019 07:00,0.583,0.203,0.267,0.583
19/11/2019 08:00,0.707,0.395,0.439,0.707
19/11/2019 09:00,0.778,0.586,0.569,0.778
19/11/2019 10:00,0.801,0.679,0.627,0.801
19/11/2019 11:00,0.78,0.713,0.625,0.78
19/11/2019 12:00,0.715,0.724,0.581,0.715
19/11/2019 13:00,0.601,0.728,0.425,0.601
19/11/2019 14:00,0.435,0.67,0.286,0.435
19/11/2019 15:00,0.224,0.566,0.208,0.224
19/11/2019 16:00,0.026,0.398,0.133,0.026
19/11/2019 17:00,0.001,0.191,0.06,0.001
19/11/2019 18:00,0.0,0.034,0.005,0.0
19/11/2019 19:00,0.0,0.0,0.0,0.0
19/11/2019 20:00,0.0,0.0,0.0,0.0
19/11/2019 21:00,0.0,0.0,0.0,0.0
19/11/2019 22:00,0.0,0.0,0.0,0.0
19/11/2019 23:00,0.0,0.0,0.0,0.0
20/11/2019 00:00,0.0,0.0,0.0,0.0
20/11/2019 01:00,0.0,0.0,0.0,0.0
20/11/2019 02:00,0.0,0.0,0.0,0.0
20/11/2019 03:00,0.0,0.0,0.0,0.0
20/11/2019 04:00,0.023,0.0,0.0,0.023
20/11/2019 05:00,0.162,0.0,0.002,0.162
20/11/2019 06:00,0.35,0.056,0.067,0.35
20/11/2019 07:00,0.53,0.253,0.181,0.53
20/11/2019 08:00,0.648,0.467,0.329,0.648
20/11/2019 09:00,0.708,0.633,0.482,0.708
20/11/2019 10:00,0.75,0.745,0.602,0.75
20/11/2019 11:00,0.733,0.802,0.688,0.733
20/11/2019 12:00,0.678,0.813,0.701,0.678
20/11/2019 13:00,0.571,0.781,0.636,0.571
20/11/2019 14:00,0.413,0.702,0.545,0.413
20/11/2019 15:00,0.215,0.577,0.39,0.215
20/11/2019 16:00,0.037,0.402,0.207,0.037
20/11/2019 17:00,0.002,0.185,0.058,0.002
20/11/2019 18:00,0.0,0.027,0.003,0.0
20/11/2019 19:00,0.0,0.0,0.0,0.0
20/11/2019 20:00,0.0,0.0,0.0,0.0
20/11/2019 21:00,0.0,0.0,0.0,0.0
20/11/2019 22:00,0.0,0.0,0.0,0.0
20/11/2019 23:00,0.0,0.0,0.0,0.0
21/11/2019 00:00,0.0,0.0,0.0,0.0
21/11/2019 01:00,0.0,0.0,0.0,0.0
21/11/2019 02:00,0.0,0.0,0.0,0.0
21/11/2019 03:00,0.0,0.0,0.0,0.0
21/11/2019 04:00,0.018,0.0,0.0,0.018
21/11/2019 05:00,0.176,0.0,0.004,0.176
21/11/2019 06:00,0.391,0.053,0.082,0.391
21/11/2019 07:00,0.564,0.234,0.217,0.564
21/11/2019 08:00,0.686,0.428,0.28,0.686
21/11/2019 09:00,0.758,0.581,0.328,0.758
21/11/2019 10:00,0.783,0.689,0.361,0.783
21/11/2019 11:00,0.764,0.746,0.373,0.764
21/11/2019 12:00,0.701,0.742,0.406,0.701
21/11/2019 13:00,0.59,0.708,0.502,0.59
21/11/2019 14:00,0.429,0.629,0.497,0.429
21/11/2019 15:00,0.221,0.509,0.386,0.221
21/11/2019 16:00,0.026,0.336,0.168,0.026
21/11/2019 17:00,0.002,0.169,0.043,0.002
21/11/2019 18:00,0.0,0.05,0.002,0.0
21/11/2019 19:00,0.0,0.0,0.0,0.0
21/11/2019 20:00,0.0,0.0,0.0,0.0
21/11/2019 21:00,0.0,0.0,0.0,0.0
21/11/2019 22:00,0.0,0.0,0.0,0.0
21/11/2019 23:00,0.0,0.0,0.0,0.0
22/11/2019 00:00,0.0,0.0,0.0,0.0
22/11/2019 01:00,0.0,0.0,0.0,0.0
22/11/2019 02:00,0.0,0.0,0.0,0.0
22/11/2019 03:00,0.0,0.0,0.0,0.0
22/11/2019 04:00,0.018,0.0,0.0,0.018
22/11/2019 05:00,0.174,0.0,0.001,0.174
22/11/2019 06:00,0.386,0.041,0.081,0.386
22/11/2019 07:00,0.558,0.17,0.228,0.558
22/11/2019 08:00,0.678,0.296,0.374,0.678
22/11/2019 09:00,0.751,0.432,0.486,0.751
22/11/2019 10:00,0.778,0.538,0.547,0.778
22/11/2019 11:00,0.761,0.565,0.487,0.761
22/11/2019 12:00,0.698,0.646,0.398,0.698
22/11/2019 13:00,0.587,0.652,0.409,0.587
22/11/2019 14:00,0.427,0.585,0.367,0.427
22/11/2019 15:00,0.222,0.385,0.286,0.222
22/11/2019 16:00,0.028,0.221,0.184,0.028
22/11/2019 17:00,0.002,0.12,0.078,0.002
22/11/2019 18:00,0.0,0.044,0.006,0.0
22/11/2019 19:00,0.0,0.0,0.0,0.0
22/11/2019 20:00,0.0,0.0,0.0,0.0
22/11/2019 21:00,0.0,0.0,0.0,0.0
22/11/2019 22:00,0.0,0.0,0.0,0.0
22/11/2019 23:00,0.0,0.0,0.0,0.0
23/11/2019 00:00,0.0,0.0,0.0,0.0
23/11/2019 01:00,0.0,0.0,0.0,0.0
23/11/2019 02:00,0.0,0.0,0.0,0.0
23/11/2019 03:00,0.0,0.0,0.0,0.0
23/11/2019 04:00,0.026,0.0,0.0,0.026
23/11/2019 05:00,0.169,0.001,0.0,0.169
23/11/2019 06:00,0.391,0.06,0.051,0.391
23/11/2019 07:00,0.572,0.234,0.182,0.572
23/11/2019 08:00,0.698,0.433,0.333,0.698
23/11/2019 09:00,0.778,0.568,0.451,0.778
23/11/2019 10:00,0.801,0.646,0.531,0.801
23/11/2019 11:00,0.777,0.547,0.558,0.777
23/11/2019 12:00,0.708,0.648,0.547,0.708
23/11/2019 13:00,0.594,0.755,0.447,0.594
23/11/2019 14:00,0.431,0.696,0.358,0.431
23/11/2019 15:00,0.223,0.572,0.243,0.223
23/11/2019 16:00,0.029,0.399,0.144,0.029
23/11/2019 17:00,0.002,0.19,0.059,0.002
23/11/2019 18:00,0.0,0.05,0.003,0.0
23/11/2019 19:00,0.0,0.0,0.0,0.0
23/11/2019 20:00,0.0,0.0,0.0,0.0
23/11/2019 21:00,0.0,0.0,0.0,0.0
23/11/2019 22:00,0.0,0.0,0.0,0.0
23/11/2019 23:00,0.0,0.0,0.0,0.0
24/11/2019 00:00,0.0,0.0,0.0,0.0
24/11/2019 01:00,0.0,0.0,0.0,0.0
24/11/2019 02:00,0.0,0.0,0.0,0.0
24/11/2019 03:00,0.0,0.0,0.0,0.0
24/11/2019 04:00,0.019,0.0,0.0,0.019
24/11/2019 05:00,0.177,0.001,0.004,0.177
24/11/2019 06:00,0.396,0.058,0.084,0.396
24/11/2019 07:00,0.576,0.241,0.266,0.576
24/11/2019 08:00,0.696,0.46,0.442,0.696
24/11/2019 09:00,0.766,0.628,0.571,0.766
24/11/2019 10:00,0.792,0.744,0.651,0.792
24/11/2019 11:00,0.772,0.807,0.687,0.772
24/11/2019 12:00,0.708,0.822,0.683,0.708
24/11/2019 13:00,0.595,0.79,0.636,0.595
24/11/2019 14:00,0.432,0.712,0.55,0.432
24/11/2019 15:00,0.223,0.582,0.418,0.223
24/11/2019 16:00,0.026,0.389,0.239,0.026
24/11/2019 17:00,0.002,0.181,0.072,0.002
24/11/2019 18:00,0.0,0.052,0.005,0.0
24/11/2019 19:00,0.0,0.0,0.0,0.0
24/11/2019 20:00,0.0,0.0,0.0,0.0
24/11/2019 21:00,0.0,0.0,0.0,0.0
24/11/2019 22:00,0.0,0.0,0.0,0.0
24/11/2019 23:00,0.0,0.0,0.0,0.0
25/11/2019 00:00,0.0,0.0,0.0,0.0
25/11/2019 01:00,0.0,0.0,0.0,0.0
25/11/2019 02:00,0.0,0.0,0.0,0.0
25/11/2019 03:00,0.0,0.0,0.0,0.0
25/11/2019 04:00,0.018,0.0,0.0,0.018
25/11/2019 05:00,0.172,0.0,0.003,0.172
25/11/2019 06:00,0.382,0.05,0.065,0.382
25/11/2019 07:00,0.553,0.166,0.194,0.553
25/11/2019 08:00,0.677,0.352,0.39,0.677
25/11/2019 09:00,0.751,0.527,0.497,0.751
25/11/2019 10:00,0.778,0.74,0.569,0.778
25/11/2019 11:00,0.759,0.809,0.588,0.759
25/11/2019 12:00,0.696,0.824,0.539,0.696
25/11/2019 13:00,0.585,0.793,0.409,0.585
25/11/2019 14:00,0.425,0.716,0.255,0.425
25/11/2019 15:00,0.22,0.59,0.155,0.22
25/11/2019 16:00,0.025,0.414,0.101,0.025
25/11/2019 17:00,0.002,0.197,0.052,0.002
25/11/2019 18:00,0.0,0.032,0.003,0.0
25/11/2019 19:00,0.0,0.001,0.0,0.0
25/11/2019 20:00,0.0,0.0,0.0,0.0
25/11/2019 21:00,0.0,0.0,0.0,0.0
25/11/2019 22:00,0.0,0.0,0.0,0.0
25/11/2019 23:00,0.0,0.0,0.0,0.0
26/11/2019 00:00,0.0,0.0,0.0,0.0
26/11/2019 01:00,0.0,0.0,0.0,0.0
26/11/2019 02:00,0.0,0.0,0.0,0.0
26/11/2019 03:00,0.0,0.0,0.0,0.0
26/11/2019 04:00,0.016,0.0,0.0,0.016
26/11/2019 05:00,0.172,0.001,0.002,0.172
26/11/2019 06:00,0.383,0.06,0.07,0.383
26/11/2019 07:00,0.552,0.221,0.197,0.552
26/11/2019 08:00,0.673,0.402,0.346,0.673
26/11/2019 09:00,0.744,0.586,0.46,0.744
26/11/2019 10:00,0.769,0.723,0.488,0.769
26/11/2019 11:00,0.75,0.788,0.48,0.75
26/11/2019 12:00,0.688,0.792,0.471,0.688
26/11/2019 13:00,0.58,0.768,0.457,0.58
26/11/2019 14:00,0.423,0.704,0.38,0.423
26/11/2019 15:00,0.219,0.576,0.26,0.219
26/11/2019 16:00,0.023,0.401,0.173,0.023
26/11/2019 17:00,0.002,0.195,0.069,0.002
26/11/2019 18:00,0.0,0.035,0.005,0.0
26/11/2019 19:00,0.0,0.001,0.0,0.0
26/11/2019 20:00,0.0,0.0,0.0,0.0
26/11/2019 21:00,0.0,0.0,0.0,0.0
26/11/2019 22:00,0.0,0.0,0.0,0.0
26/11/2019 23:00,0.0,0.0,0.0,0.0
27/11/2019 00:00,0.0,0.0,0.0,0.0
27/11/2019 01:00,0.0,0.0,0.0,0.0
27/11/2019 02:00,0.0,0.0,0.0,0.0
27/11/2019 03:00,0.0,0.0,0.0,0.0
27/11/2019 04:00,0.018,0.0,0.0,0.018
27/11/2019 05:00,0.164,0.001,0.005,0.164
27/11/2019 06:00,0.367,0.061,0.084,0.367
27/11/2019 07:00,0.53,0.215,0.265,0.53
27/11/2019 08:00,0.648,0.447,0.421,0.648
27/11/2019 09:00,0.72,0.621,0.546,0.72
27/11/2019 10:00,0.747,0.731,0.622,0.747
27/11/2019 11:00,0.731,0.789,0.673,0.731
27/11/2019 12:00,0.672,0.8,0.68,0.672
27/11/2019 13:00,0.567,0.767,0.641,0.567
27/11/2019 14:00,0.413,0.688,0.552,0.413
27/11/2019 15:00,0.214,0.563,0.406,0.214
27/11/2019 16:00,0.026,0.391,0.236,0.026
27/11/2019 17:00,0.003,0.186,0.066,0.003
27/11/2019 18:00,0.0,0.039,0.008,0.0
27/11/2019 19:00,0.0,0.001,0.0,0.0
27/11/2019 20:00,0.0,0.0,0.0,0.0
27/11/2019 21:00,0.0,0.0,0.0,0.0
27/11/2019 22:00,0.0,0.0,0.0,0.0
27/11/2019 23:00,0.0,0.0,0.0,0.0
28/11/2019 00:00,0.0,0.0,0.0,0.0
28/11/2019 01:00,0.0,0.0,0.0,0.0
28/11/2019 02:00,0.0,0.0,0.0,0.0
28/11/2019 03:00,0.0,0.0,0.0,0.0
28/11/2019 04:00,0.021,0.0,0.0,0.021
28/11/2019 05:00,0.163,0.002,0.005,0.163
28/11/2019 06:00,0.361,0.06,0.088,0.361
28/11/2019 07:00,0.521,0.231,0.248,0.521
28/11/2019 08:00,0.636,0.428,0.424,0.636
28/11/2019 09:00,0.706,0.58,0.59,0.706
28/11/2019 10:00,0.73,0.697,0.656,0.73
28/11/2019 11:00,0.711,0.753,0.692,0.711
28/11/2019 12:00,0.65,0.764,0.672,0.65
28/11/2019 13:00,0.543,0.734,0.644,0.543
28/11/2019 14:00,0.381,0.663,0.554,0.381
28/11/2019 15:00,0.193,0.557,0.404,0.193
28/11/2019 16:00,0.054,0.398,0.231,0.054
28/11/2019 17:00,0.003,0.194,0.08,0.003
28/11/2019 18:00,0.0,0.037,0.005,0.0
28/11/2019 19:00,0.0,0.001,0.0,0.0
28/11/2019 20:00,0.0,0.0,0.0,0.0
28/11/2019 21:00,0.0,0.0,0.0,0.0
28/11/2019 22:00,0.0,0.0,0.0,0.0
28/11/2019 23:00,0.0,0.0,0.0,0.0
29/11/2019 00:00,0.0,0.0,0.0,0.0
29/11/2019 01:00,0.0,0.0,0.0,0.0
29/11/2019 02:00,0.0,0.0,0.0,0.0
29/11/2019 03:00,0.0,0.0,0.0,0.0
29/11/2019 04:00,0.027,0.0,0.0,0.027
29/11/2019 05:00,0.158,0.001,0.007,0.158
29/11/2019 06:00,0.342,0.061,0.092,0.342
29/11/2019 07:00,0.488,0.221,0.269,0.488
29/11/2019 08:00,0.6,0.448,0.426,0.6
29/11/2019 09:00,0.679,0.625,0.539,0.679
29/11/2019 10:00,0.717,0.736,0.616,0.717
29/11/2019 11:00,0.704,0.794,0.638,0.704
29/11/2019 12:00,0.645,0.807,0.583,0.645
29/11/2019 13:00,0.518,0.775,0.407,0.518
29/11/2019 14:00,0.36,0.699,0.271,0.36
29/11/2019 15:00,0.199,0.575,0.18,0.199
29/11/2019 16:00,0.048,0.403,0.097,0.048
29/11/2019 17:00,0.004,0.192,0.027,0.004
29/11/2019 18:00,0.0,0.031,0.0,0.0
29/11/2019 19:00,0.0,0.001,0.0,0.0
29/11/2019 20:00,0.0,0.0,0.0,0.0
29/11/2019 21:00,0.0,0.0,0.0,0.0
29/11/2019 22:00,0.0,0.0,0.0,0.0
29/11/2019 23:00,0.0,0.0,0.0,0.0
30/11/2019 00:00,0.0,0.0,0.0,0.0
30/11/2019 01:00,0.0,0.0,0.0,0.0
30/11/2019 02:00,0.0,0.0,0.0,0.0
30/11/2019 03:00,0.0,0.0,0.0,0.0
30/11/2019 04:00,0.025,0.0,0.0,0.025
30/11/2019 05:00,0.171,0.002,0.002,0.171
30/11/2019 06:00,0.381,0.048,0.048,0.381
30/11/2019 07:00,0.557,0.243,0.129,0.557
30/11/2019 08:00,0.673,0.445,0.232,0.673
30/11/2019 09:00,0.703,0.606,0.331,0.703
30/11/2019 10:00,0.687,0.717,0.411,0.687
30/11/2019 11:00,0.589,0.781,0.516,0.589
30/11/2019 12:00,0.402,0.798,0.55,0.402
30/11/2019 13:00,0.335,0.77,0.551,0.335
30/11/2019 14:00,0.368,0.696,0.446,0.368
30/11/2019 15:00,0.226,0.574,0.349,0.226
30/11/2019 16:00,0.04,0.403,0.212,0.04
30/11/2019 17:00,0.004,0.193,0.081,0.004
30/11/2019 18:00,0.0,0.032,0.008,0.0
30/11/2019 19:00,0.0,0.001,0.0,0.0
30/11/2019 20:00,0.0,0.0,0.0,0.0
30/11/2019 21:00,0.0,0.0,0.0,0.0
30/11/2019 22:00,0.0,0.0,0.0,0.0
30/11/2019 23:00,0.0,0.0,0.0,0.0
01/12/2019 00:00,0.0,0.0,0.0,0.0
01/12/2019 01:00,0.0,0.0,0.0,0.0
01/12/2019 02:00,0.0,0.0,0.0,0.0
01/12/2019 03:00,0.0,0.0,0.0,0.0
01/12/2019 04:00,0.026,0.0,0.0,0.026
01/12/2019 05:00,0.164,0.001,0.006,0.164
01/12/2019 06:00,0.376,0.061,0.083,0.376
01/12/2019 07:00,0.549,0.207,0.264,0.549
01/12/2019 08:00,0.67,0.391,0.44,0.67
01/12/2019 09:00,0.744,0.557,0.577,0.744
01/12/2019 10:00,0.77,0.703,0.666,0.77
01/12/2019 11:00,0.752,0.783,0.707,0.752
01/12/2019 12:00,0.688,0.799,0.699,0.688
01/12/2019 13:00,0.574,0.767,0.589,0.574
01/12/2019 14:00,0.417,0.677,0.495,0.417
01/12/2019 15:00,0.222,0.555,0.377,0.222
01/12/2019 16:00,0.029,0.395,0.203,0.029
01/12/2019 17:00,0.003,0.196,0.073,0.003
01/12/2019 18:00,0.0,0.053,0.006,0.0
01/12/2019 19:00,0.0,0.001,0.0,0.0
01/12/2019 20:00,0.0,0.0,0.0,0.0
01/12/2019 21:00,0.0,0.0,0.0,0.0
01/12/2019 22:00,0.0,0.0,0.0,0.0
01/12/2019 23:00,0.0,0.0,0.0,0.0
02/12/2019 00:00,0.0,0.0,0.0,0.0
02/12/2019 01:00,0.0,0.0,0.0,0.0
02/12/2019 02:00,0.0,0.0,0.0,0.0
02/12/2019 03:00,0.0,0.0,0.0,0.0
02/12/2019 04:00,0.027,0.0,0.0,0.027
02/12/2019 05:00,0.162,0.0,0.006,0.162
02/12/2019 06:00,0.37,0.052,0.085,0.37
02/12/2019 07:00,0.538,0.158,0.263,0.538
02/12/2019 08:00,0.656,0.368,0.436,0.656
02/12/2019 09:00,0.726,0.574,0.569,0.726
02/12/2019 10:00,0.741,0.719,0.659,0.741
02/12/2019 11:00,0.657,0.806,0.702,0.657
02/12/2019 12:00,0.571,0.823,0.67,0.571
02/12/2019 13:00,0.542,0.791,0.604,0.542
02/12/2019 14:00,0.41,0.713,0.464,0.41
02/12/2019 15:00,0.218,0.587,0.324,0.218
02/12/2019 16:00,0.053,0.413,0.203,0.053
02/12/2019 17:00,0.004,0.2,0.083,0.004
02/12/2019 18:00,0.0,0.034,0.008,0.0
02/12/2019 19:00,0.0,0.002,0.0,0.0
02/12/2019 20:00,0.0,0.0,0.0,0.0
02/12/2019 21:00,0.0,0.0,0.0,0.0
02/12/2019 22:00,0.0,0.0,0.0,0.0
02/12/2019 23:00,0.0,0.0,0.0,0.0
03/12/2019 00:00,0.0,0.0,0.0,0.0
03/12/2019 01:00,0.0,0.0,0.0,0.0
03/12/2019 02:00,0.0,0.0,0.0,0.0
03/12/2019 03:00,0.0,0.0,0.0,0.0
03/12/2019 04:00,0.032,0.0,0.0,0.032
03/12/2019 05:00,0.162,0.002,0.006,0.162
03/12/2019 06:00,0.371,0.056,0.089,0.371
03/12/2019 07:00,0.555,0.239,0.255,0.555
03/12/2019 08:00,0.682,0.459,0.442,0.682
03/12/2019 09:00,0.756,0.622,0.576,0.756
03/12/2019 10:00,0.784,0.733,0.68,0.784
03/12/2019 11:00,0.766,0.794,0.713,0.766
03/12/2019 12:00,0.704,0.81,0.712,0.704
03/12/2019 13:00,0.592,0.782,0.667,0.592
03/12/2019 14:00,0.432,0.707,0.556,0.432
03/12/2019 15:00,0.23,0.585,0.43,0.23
03/12/2019 16:00,0.028,0.413,0.237,0.028
03/12/2019 17:00,0.004,0.199,0.072,0.004
03/12/2019 18:00,0.0,0.03,0.008,0.0
03/12/2019 19:00,0.0,0.002,0.0,0.0
03/12/2019 20:00,0.0,0.0,0.0,0.0
03/12/2019 21:00,0.0,0.0,0.0,0.0
03/12/2019 22:00,0.0,0.0,0.0,0.0
03/12/2019 23:00,0.0,0.0,0.0,0.0
04/12/2019 00:00,0.0,0.0,0.0,0.0
04/12/2019 01:00,0.0,0.0,0.0,0.0
04/12/2019 02:00,0.0,0.0,0.0,0.0
04/12/2019 03:00,0.0,0.0,0.0,0.0
04/12/2019 04:00,0.018,0.0,0.0,0.018
04/12/2019 05:00,0.168,0.0,0.007,0.168
04/12/2019 06:00,0.383,0.042,0.085,0.383
04/12/2019 07:00,0.56,0.151,0.271,0.56
04/12/2019 08:00,0.686,0.265,0.451,0.686
04/12/2019 09:00,0.762,0.468,0.586,0.762
04/12/2019 10:00,0.791,0.644,0.666,0.791
04/12/2019 11:00,0.775,0.728,0.696,0.775
04/12/2019 12:00,0.713,0.784,0.686,0.713
04/12/2019 13:00,0.603,0.744,0.581,0.603
04/12/2019 14:00,0.442,0.696,0.477,0.442
04/12/2019 15:00,0.233,0.568,0.333,0.233
04/12/2019 16:00,0.022,0.4,0.209,0.022
04/12/2019 17:00,0.003,0.199,0.083,0.003
04/12/2019 18:00,0.0,0.041,0.009,0.0
04/12/2019 19:00,0.0,0.002,0.0,0.0
04/12/2019 20:00,0.0,0.0,0.0,0.0
04/12/2019 21:00,0.0,0.0,0.0,0.0
04/12/2019 22:00,0.0,0.0,0.0,0.0
04/12/2019 23:00,0.0,0.0,0.0,0.0
05/12/2019 00:00,0.0,0.0,0.0,0.0
05/12/2019 01:00,0.0,0.0,0.0,0.0
05/12/2019 02:00,0.0,0.0,0.0,0.0
05/12/2019 03:00,0.0,0.0,0.0,0.0
05/12/2019 04:00,0.02,0.0,0.0,0.02
05/12/2019 05:00,0.163,0.002,0.002,0.163
05/12/2019 06:00,0.364,0.059,0.068,0.364
05/12/2019 07:00,0.529,0.239,0.189,0.529
05/12/2019 08:00,0.65,0.445,0.341,0.65
05/12/2019 09:00,0.722,0.604,0.467,0.722
05/12/2019 10:00,0.749,0.712,0.518,0.749
05/12/2019 11:00,0.731,0.771,0.589,0.731
05/12/2019 12:00,0.663,0.785,0.677,0.663
05/12/2019 13:00,0.549,0.756,0.657,0.549
05/12/2019 14:00,0.384,0.685,0.562,0.384
05/12/2019 15:00,0.213,0.563,0.427,0.213
05/12/2019 16:00,0.036,0.394,0.254,0.036
05/12/2019 17:00,0.004,0.193,0.075,0.004
05/12/2019 18:00,0.0,0.035,0.011,0.0
05/12/2019 19:00,0.0,0.002,0.0,0.0
05/12/2019 20:00,0.0,0.0,0.0,0.0
05/12/2019 21:00,0.0,0.0,0.0,0.0
05/12/2019 22:00,0.0,0.0,0.0,0.0
05/12/2019 23:00,0.0,0.0,0.0,0.0
06/12/2019 00:00,0.0,0.0,0.0,0.0
06/12/2019 01:00,0.0,0.0,0.0,0.0
06/12/2019 02:00,0.0,0.0,0.0,0.0
06/12/2019 03:00,0.0,0.0,0.0,0.0
06/12/2019 04:00,0.027,0.0,0.0,0.027
06/12/2019 05:00,0.156,0.003,0.006,0.156
06/12/2019 06:00,0.348,0.06,0.088,0.348
06/12/2019 07:00,0.512,0.221,0.246,0.512
06/12/2019 08:00,0.633,0.413,0.44,0.633
06/12/2019 09:00,0.706,0.571,0.578,0.706
06/12/2019 10:00,0.728,0.686,0.667,0.728
06/12/2019 11:00,0.708,0.751,0.705,0.708
06/12/2019 12:00,0.654,0.766,0.678,0.654
06/12/2019 13:00,0.541,0.737,0.596,0.541
06/12/2019 14:00,0.393,0.665,0.502,0.393
06/12/2019 15:00,0.207,0.548,0.38,0.207
06/12/2019 16:00,0.053,0.386,0.224,0.053
06/12/2019 17:00,0.005,0.191,0.081,0.005
06/12/2019 18:00,0.0,0.044,0.01,0.0
06/12/2019 19:00,0.0,0.002,0.0,0.0
06/12/2019 20:00,0.0,0.0,0.0,0.0
06/12/2019 21:00,0.0,0.0,0.0,0.0
06/12/2019 22:00,0.0,0.0,0.0,0.0
06/12/2019 23:00,0.0,0.0,0.0,0.0
07/12/2019 00:00,0.0,0.0,0.0,0.0
07/12/2019 01:00,0.0,0.0,0.0,0.0
07/12/2019 02:00,0.0,0.0,0.0,0.0
07/12/2019 03:00,0.0,0.0,0.0,0.0
07/12/2019 04:00,0.026,0.0,0.0,0.026
07/12/2019 05:00,0.156,0.002,0.007,0.156
07/12/2019 06:00,0.352,0.063,0.085,0.352
07/12/2019 07:00,0.521,0.19,0.25,0.521
07/12/2019 08:00,0.644,0.337,0.431,0.644
07/12/2019 09:00,0.717,0.517,0.582,0.717
07/12/2019 10:00,0.744,0.673,0.668,0.744
07/12/2019 11:00,0.728,0.744,0.699,0.728
07/12/2019 12:00,0.669,0.762,0.697,0.669
07/12/2019 13:00,0.554,0.734,0.654,0.554
07/12/2019 14:00,0.412,0.664,0.548,0.412
07/12/2019 15:00,0.218,0.55,0.408,0.218
07/12/2019 16:00,0.036,0.39,0.241,0.036
07/12/2019 17:00,0.005,0.193,0.07,0.005
07/12/2019 18:00,0.0,0.035,0.01,0.0
07/12/2019 19:00,0.0,0.002,0.0,0.0
07/12/2019 20:00,0.0,0.0,0.0,0.0
07/12/2019 21:00,0.0,0.0,0.0,0.0
07/12/2019 22:00,0.0,0.0,0.0,0.0
07/12/2019 23:00,0.0,0.0,0.0,0.0
08/12/2019 00:00,0.0,0.0,0.0,0.0
08/12/2019 01:00,0.0,0.0,0.0,0.0
08/12/2019 02:00,0.0,0.0,0.0,0.0
08/12/2019 03:00,0.0,0.0,0.0,0.0
08/12/2019 04:00,0.029,0.0,0.0,0.029
08/12/2019 05:00,0.16,0.0,0.007,0.16
08/12/2019 06:00,0.358,0.034,0.087,0.358
08/12/2019 07:00,0.528,0.107,0.243,0.528
08/12/2019 08:00,0.651,0.278,0.412,0.651
08/12/2019 09:00,0.725,0.511,0.572,0.725
08/12/2019 10:00,0.753,0.641,0.66,0.753
08/12/2019 11:00,0.736,0.615,0.695,0.736
08/12/2019 12:00,0.675,0.503,0.668,0.675
08/12/2019 13:00,0.561,0.352,0.621,0.561
08/12/2019 14:00,0.364,0.249,0.521,0.364
08/12/2019 15:00,0.167,0.179,0.402,0.167
08/12/2019 16:00,0.046,0.122,0.236,0.046
08/12/2019 17:00,0.001,0.104,0.078,0.001
08/12/2019 18:00,0.0,0.057,0.01,0.0
08/12/2019 19:00,0.0,0.002,0.0,0.0
08/12/2019 20:00,0.0,0.0,0.0,0.0
08/12/2019 21:00,0.0,0.0,0.0,0.0
08/12/2019 22:00,0.0,0.0,0.0,0.0
08/12/2019 23:00,0.0,0.0,0.0,0.0
09/12/2019 00:00,0.0,0.0,0.0,0.0
09/12/2019 01:00,0.0,0.0,0.0,0.0
09/12/2019 02:00,0.0,0.0,0.0,0.0
09/12/2019 03:00,0.0,0.0,0.0,0.0
09/12/2019 04:00,0.013,0.0,0.0,0.013
09/12/2019 05:00,0.055,0.003,0.007,0.055
09/12/2019 06:00,0.115,0.059,0.087,0.115
09/12/2019 07:00,0.187,0.229,0.241,0.187
09/12/2019 08:00,0.28,0.428,0.427,0.28
09/12/2019 09:00,0.408,0.589,0.571,0.408
09/12/2019 10:00,0.578,0.687,0.674,0.578
09/12/2019 11:00,0.658,0.757,0.663,0.658
09/12/2019 12:00,0.598,0.767,0.63,0.598
09/12/2019 13:00,0.456,0.71,0.609,0.456
09/12/2019 14:00,0.317,0.627,0.524,0.317
09/12/2019 15:00,0.199,0.479,0.406,0.199
09/12/2019 16:00,0.079,0.308,0.242,0.079
09/12/2019 17:00,0.006,0.16,0.08,0.006
09/12/2019 18:00,0.0,0.051,0.01,0.0
09/12/2019 19:00,0.0,0.001,0.0,0.0
09/12/2019 20:00,0.0,0.0,0.0,0.0
09/12/2019 21:00,0.0,0.0,0.0,0.0
09/12/2019 22:00,0.0,0.0,0.0,0.0
09/12/2019 23:00,0.0,0.0,0.0,0.0
10/12/2019 00:00,0.0,0.0,0.0,0.0
10/12/2019 01:00,0.0,0.0,0.0,0.0
10/12/2019 02:00,0.0,0.0,0.0,0.0
10/12/2019 03:00,0.0,0.0,0.0,0.0
10/12/2019 04:00,0.029,0.0,0.0,0.029
10/12/2019 05:00,0.156,0.002,0.006,0.156
10/12/2019 06:00,0.352,0.065,0.074,0.352
10/12/2019 07:00,0.522,0.21,0.26,0.522
10/12/2019 08:00,0.645,0.38,0.437,0.645
10/12/2019 09:00,0.721,0.537,0.572,0.721
10/12/2019 10:00,0.749,0.634,0.626,0.749
10/12/2019 11:00,0.732,0.708,0.642,0.732
10/12/2019 12:00,0.672,0.703,0.63,0.672
10/12/2019 13:00,0.564,0.681,0.627,0.564
10/12/2019 14:00,0.414,0.614,0.538,0.414
10/12/2019 15:00,0.223,0.482,0.408,0.223
10/12/2019 16:00,0.038,0.344,0.241,0.038
10/12/2019 17:00,0.005,0.188,0.077,0.005
10/12/2019 18:00,0.0,0.055,0.008,0.0
10/12/2019 19:00,0.0,0.003,0.0,0.0
10/12/2019 20:00,0.0,0.0,0.0,0.0
10/12/2019 21:00,0.0,0.0,0.0,0.0
10/12/2019 22:00,0.0,0.0,0.0,0.0
10/12/2019 23:00,0.0,0.0,0.0,0.0
11/12/2019 00:00,0.0,0.0,0.0,0.0
11/12/2019 01:00,0.0,0.0,0.0,0.0
11/12/2019 02:00,0.0,0.0,0.0,0.0
11/12/2019 03:00,0.0,0.0,0.0,0.0
11/12/2019 04:00,0.025,0.0,0.0,0.025
11/12/2019 05:00,0.158,0.003,0.008,0.158
11/12/2019 06:00,0.362,0.056,0.08,0.362
11/12/2019 07:00,0.532,0.126,0.256,0.532
11/12/2019 08:00,0.656,0.228,0.425,0.656
11/12/2019 09:00,0.73,0.396,0.53,0.73
11/12/2019 10:00,0.758,0.522,0.558,0.758
11/12/2019 11:00,0.742,0.642,0.556,0.742
11/12/2019 12:00,0.682,0.627,0.5,0.682
11/12/2019 13:00,0.576,0.597,0.499,0.576
11/12/2019 14:00,0.422,0.577,0.43,0.422
11/12/2019 15:00,0.227,0.5,0.308,0.227
11/12/2019 16:00,0.038,0.368,0.189,0.038
11/12/2019 17:00,0.005,0.195,0.083,0.005
11/12/2019 18:00,0.0,0.064,0.009,0.0
11/12/2019 19:00,0.0,0.003,0.0,0.0
11/12/2019 20:00,0.0,0.0,0.0,0.0
11/12/2019 21:00,0.0,0.0,0.0,0.0
11/12/2019 22:00,0.0,0.0,0.0,0.0
11/12/2019 23:00,0.0,0.0,0.0,0.0
12/12/2019 00:00,0.0,0.0,0.0,0.0
12/12/2019 01:00,0.0,0.0,0.0,0.0
12/12/2019 02:00,0.0,0.0,0.0,0.0
12/12/2019 03:00,0.0,0.0,0.0,0.0
12/12/2019 04:00,0.025,0.0,0.0,0.025
12/12/2019 05:00,0.158,0.002,0.007,0.158
12/12/2019 06:00,0.365,0.066,0.078,0.365
12/12/2019 07:00,0.535,0.198,0.24,0.535
12/12/2019 08:00,0.658,0.349,0.424,0.658
12/12/2019 09:00,0.732,0.502,0.557,0.732
12/12/2019 10:00,0.759,0.597,0.644,0.759
12/12/2019 11:00,0.742,0.674,0.687,0.742
12/12/2019 12:00,0.682,0.69,0.688,0.682
12/12/2019 13:00,0.576,0.674,0.647,0.576
12/12/2019 14:00,0.419,0.6,0.555,0.419
12/12/2019 15:00,0.219,0.492,0.417,0.219
12/12/2019 16:00,0.032,0.345,0.243,0.032
12/12/2019 17:00,0.005,0.175,0.061,0.005
12/12/2019 18:00,0.0,0.064,0.009,0.0
12/12/2019 19:00,0.0,0.002,0.0,0.0
12/12/2019 20:00,0.0,0.0,0.0,0.0
12/12/2019 21:00,0.0,0.0,0.0,0.0
12/12/2019 22:00,0.0,0.0,0.0,0.0
12/12/2019 23:00,0.0,0.0,0.0,0.0
13/12/2019 00:00,0.0,0.0,0.0,0.0
13/12/2019 01:00,0.0,0.0,0.0,0.0
13/12/2019 02:00,0.0,0.0,0.0,0.0
13/12/2019 03:00,0.0,0.0,0.0,0.0
13/12/2019 04:00,0.027,0.0,0.0,0.027
13/12/2019 05:00,0.157,0.003,0.008,0.157
13/12/2019 06:00,0.36,0.047,0.084,0.36
13/12/2019 07:00,0.528,0.232,0.247,0.528
13/12/2019 08:00,0.65,0.437,0.427,0.65
13/12/2019 09:00,0.725,0.598,0.544,0.725
13/12/2019 10:00,0.752,0.709,0.605,0.752
13/12/2019 11:00,0.736,0.77,0.639,0.736
13/12/2019 12:00,0.676,0.785,0.626,0.676
13/12/2019 13:00,0.571,0.756,0.58,0.571
13/12/2019 14:00,0.419,0.683,0.509,0.419
13/12/2019 15:00,0.226,0.565,0.392,0.226
13/12/2019 16:00,0.033,0.401,0.236,0.033
13/12/2019 17:00,0.005,0.199,0.08,0.005
13/12/2019 18:00,0.0,0.028,0.011,0.0
13/12/2019 19:00,0.0,0.003,0.0,0.0
13/12/2019 20:00,0.0,0.0,0.0,0.0
13/12/2019 21:00,0.0,0.0,0.0,0.0
13/12/2019 22:00,0.0,0.0,0.0,0.0
13/12/2019 23:00,0.0,0.0,0.0,0.0
14/12/2019 00:00,0.0,0.0,0.0,0.0
14/12/2019 01:00,0.0,0.0,0.0,0.0
14/12/2019 02:00,0.0,0.0,0.0,0.0
14/12/2019 03:00,0.0,0.0,0.0,0.0
14/12/2019 04:00,0.03,0.0,0.0,0.03
14/12/2019 05:00,0.158,0.004,0.009,0.158
14/12/2019 06:00,0.367,0.049,0.093,0.367
14/12/2019 07:00,0.542,0.224,0.256,0.542
14/12/2019 08:00,0.666,0.411,0.414,0.666
14/12/2019 09:00,0.739,0.572,0.533,0.739
14/12/2019 10:00,0.766,0.691,0.57,0.766
14/12/2019 11:00,0.748,0.753,0.566,0.748
14/12/2019 12:00,0.687,0.775,0.513,0.687
14/12/2019 13:00,0.58,0.75,0.444,0.58
14/12/2019 14:00,0.426,0.681,0.316,0.426
14/12/2019 15:00,0.232,0.566,0.201,0.232
14/12/2019 16:00,0.037,0.404,0.104,0.037
14/12/2019 17:00,0.006,0.202,0.031,0.006
14/12/2019 18:00,0.0,0.043,0.0,0.0
14/12/2019 19:00,0.0,0.003,0.0,0.0
14/12/2019 20:00,0.0,0.0,0.0,0.0
14/12/2019 21:00,0.0,0.0,0.0,0.0
14/12/2019 22:00,0.0,0.0,0.0,0.0
14/12/2019 23:00,0.0,0.0,0.0,0.0
15/12/2019 00:00,0.0,0.0,0.0,0.0
15/12/2019 01:00,0.0,0.0,0.0,0.0
15/12/2019 02:00,0.0,0.0,0.0,0.0
15/12/2019 03:00,0.0,0.0,0.0,0.0
15/12/2019 04:00,0.032,0.0,0.0,0.032
15/12/2019 05:00,0.157,0.003,0.004,0.157
15/12/2019 06:00,0.382,0.061,0.066,0.382
15/12/2019 07:00,0.569,0.203,0.156,0.569
15/12/2019 08:00,0.702,0.396,0.213,0.702
15/12/2019 09:00,0.78,0.571,0.242,0.78
15/12/2019 10:00,0.807,0.697,0.253,0.807
15/12/2019 11:00,0.788,0.752,0.25,0.788
15/12/2019 12:00,0.723,0.779,0.251,0.723
15/12/2019 13:00,0.61,0.757,0.231,0.61
15/12/2019 14:00,0.447,0.687,0.197,0.447
15/12/2019 15:00,0.241,0.569,0.157,0.241
15/12/2019 16:00,0.027,0.406,0.117,0.027
15/12/2019 17:00,0.004,0.205,0.062,0.004
15/12/2019 18:00,0.0,0.036,0.007,0.0
15/12/2019 19:00,0.0,0.003,0.0,0.0
15/12/2019 20:00,0.0,0.0,0.0,0.0
15/12/2019 21:00,0.0,0.0,0.0,0.0
15/12/2019 22:00,0.0,0.0,0.0,0.0
15/12/2019 23:00,0.0,0.0,0.0,0.0
16/12/2019 00:00,0.0,0.0,0.0,0.0
16/12/2019 01:00,0.0,0.0,0.0,0.0
16/12/2019 02:00,0.0,0.0,0.0,0.0
16/12/2019 03:00,0.0,0.0,0.0,0.0
16/12/2019 04:00,0.019,0.0,0.0,0.019
16/12/2019 05:00,0.158,0.004,0.0,0.158
16/12/2019 06:00,0.373,0.041,0.025,0.373
16/12/2019 07:00,0.55,0.233,0.11,0.55
16/12/2019 08:00,0.676,0.436,0.221,0.676
16/12/2019 09:00,0.75,0.595,0.3,0.75
16/12/2019 10:00,0.776,0.702,0.338,0.776
16/12/2019 11:00,0.758,0.762,0.364,0.758
16/12/2019 12:00,0.695,0.776,0.355,0.695
16/12/2019 13:00,0.586,0.748,0.331,0.586
16/12/2019 14:00,0.43,0.677,0.319,0.43
16/12/2019 15:00,0.231,0.556,0.264,0.231
16/12/2019 16:00,0.027,0.375,0.187,0.027
16/12/2019 17:00,0.004,0.189,0.08,0.004
16/12/2019 18:00,0.0,0.054,0.007,0.0
16/12/2019 19:00,0.0,0.003,0.0,0.0
16/12/2019 20:00,0.0,0.0,0.0,0.0
16/12/2019 21:00,0.0,0.0,0.0,0.0
16/12/2019 22:00,0.0,0.0,0.0,0.0
16/12/2019 23:00,0.0,0.0,0.0,0.0
17/12/2019 00:00,0.0,0.0,0.0,0.0
17/12/2019 01:00,0.0,0.0,0.0,0.0
17/12/2019 02:00,0.0,0.0,0.0,0.0
17/12/2019 03:00,0.0,0.0,0.0,0.0
17/12/2019 04:00,0.022,0.0,0.0,0.022
17/12/2019 05:00,0.153,0.004,0.003,0.153
17/12/2019 06:00,0.359,0.052,0.053,0.359
17/12/2019 07:00,0.531,0.231,0.135,0.531
17/12/2019 08:00,0.651,0.436,0.245,0.651
17/12/2019 09:00,0.724,0.589,0.395,0.724
17/12/2019 10:00,0.753,0.681,0.511,0.753
17/12/2019 11:00,0.737,0.731,0.566,0.737
17/12/2019 12:00,0.673,0.75,0.586,0.673
17/12/2019 13:00,0.568,0.702,0.552,0.568
17/12/2019 14:00,0.421,0.588,0.44,0.421
17/12/2019 15:00,0.231,0.448,0.301,0.231
17/12/2019 16:00,0.036,0.3,0.186,0.036
17/12/2019 17:00,0.005,0.164,0.075,0.005
17/12/2019 18:00,0.0,0.059,0.006,0.0
17/12/2019 19:00,0.0,0.004,0.0,0.0
17/12/2019 20:00,0.0,0.0,0.0,0.0
17/12/2019 21:00,0.0,0.0,0.0,0.0
17/12/2019 22:00,0.0,0.0,0.0,0.0
17/12/2019 23:00,0.0,0.0,0.0,0.0
18/12/2019 00:00,0.0,0.0,0.0,0.0
18/12/2019 01:00,0.0,0.0,0.0,0.0
18/12/2019 02:00,0.0,0.0,0.0,0.0
18/12/2019 03:00,0.0,0.0,0.0,0.0
18/12/2019 04:00,0.036,0.0,0.0,0.036
18/12/2019 05:00,0.148,0.004,0.002,0.148
18/12/2019 06:00,0.251,0.059,0.048,0.251
18/12/2019 07:00,0.451,0.207,0.144,0.451
18/12/2019 08:00,0.668,0.426,0.217,0.668
18/12/2019 09:00,0.753,0.59,0.324,0.753
18/12/2019 10:00,0.781,0.698,0.439,0.781
18/12/2019 11:00,0.764,0.755,0.513,0.764
18/12/2019 12:00,0.703,0.768,0.557,0.703
18/12/2019 13:00,0.596,0.74,0.539,0.596
18/12/2019 14:00,0.44,0.669,0.466,0.44
18/12/2019 15:00,0.241,0.554,0.35,0.241
18/12/2019 16:00,0.069,0.395,0.222,0.069
18/12/2019 17:00,0.006,0.201,0.093,0.006
18/12/2019 18:00,0.0,0.033,0.011,0.0
18/12/2019 19:00,0.0,0.003,0.0,0.0
18/12/2019 20:00,0.0,0.0,0.0,0.0
18/12/2019 21:00,0.0,0.0,0.0,0.0
18/12/2019 22:00,0.0,0.0,0.0,0.0
18/12/2019 23:00,0.0,0.0,0.0,0.0
19/12/2019 00:00,0.0,0.0,0.0,0.0
19/12/2019 01:00,0.0,0.0,0.0,0.0
19/12/2019 02:00,0.0,0.0,0.0,0.0
19/12/2019 03:00,0.0,0.0,0.0,0.0
19/12/2019 04:00,0.022,0.0,0.0,0.022
19/12/2019 05:00,0.157,0.004,0.004,0.157
19/12/2019 06:00,0.376,0.045,0.044,0.376
19/12/2019 07:00,0.557,0.221,0.092,0.557
19/12/2019 08:00,0.685,0.418,0.186,0.685
19/12/2019 09:00,0.759,0.57,0.333,0.759
19/12/2019 10:00,0.784,0.674,0.532,0.784
19/12/2019 11:00,0.764,0.732,0.586,0.764
19/12/2019 12:00,0.7,0.748,0.564,0.7
19/12/2019 13:00,0.59,0.722,0.474,0.59
19/12/2019 14:00,0.435,0.656,0.293,0.435
19/12/2019 15:00,0.238,0.545,0.186,0.238
19/12/2019 16:00,0.034,0.391,0.091,0.034
19/12/2019 17:00,0.005,0.201,0.029,0.005
19/12/2019 18:00,0.0,0.038,0.001,0.0
19/12/2019 19:00,0.0,0.003,0.0,0.0
19/12/2019 20:00,0.0,0.0,0.0,0.0
19/12/2019 21:00,0.0,0.0,0.0,0.0
19/12/2019 22:00,0.0,0.0,0.0,0.0
19/12/2019 23:00,0.0,0.0,0.0,0.0
20/12/2019 00:00,0.0,0.0,0.0,0.0
20/12/2019 01:00,0.0,0.0,0.0,0.0
20/12/2019 02:00,0.0,0.0,0.0,0.0
20/12/2019 03:00,0.0,0.0,0.0,0.0
20/12/2019 04:00,0.022,0.0,0.0,0.022
20/12/2019 05:00,0.152,0.004,0.007,0.152
20/12/2019 06:00,0.358,0.055,0.082,0.358
20/12/2019 07:00,0.529,0.211,0.236,0.529
20/12/2019 08:00,0.654,0.415,0.389,0.654
20/12/2019 09:00,0.73,0.574,0.538,0.73
20/12/2019 10:00,0.757,0.68,0.611,0.757
20/12/2019 11:00,0.74,0.738,0.647,0.74
20/12/2019 12:00,0.68,0.751,0.651,0.68
20/12/2019 13:00,0.574,0.723,0.616,0.574
20/12/2019 14:00,0.422,0.654,0.542,0.422
20/12/2019 15:00,0.231,0.541,0.414,0.231
20/12/2019 16:00,0.038,0.385,0.25,0.038
20/12/2019 17:00,0.005,0.198,0.077,0.005
20/12/2019 18:00,0.0,0.038,0.011,0.0
20/12/2019 19:00,0.0,0.003,0.0,0.0
20/12/2019 20:00,0.0,0.0,0.0,0.0
20/12/2019 21:00,0.0,0.0,0.0,0.0
20/12/2019 22:00,0.0,0.0,0.0,0.0
20/12/2019 23:00,0.0,0.0,0.0,0.0
21/12/2019 00:00,0.0,0.0,0.0,0.0
21/12/2019 01:00,0.0,0.0,0.0,0.0
21/12/2019 02:00,0.0,0.0,0.0,0.0
21/12/2019 03:00,0.0,0.0,0.0,0.0
21/12/2019 04:00,0.026,0.0,0.0,0.026
21/12/2019 05:00,0.152,0.004,0.01,0.152
21/12/2019 06:00,0.364,0.069,0.09,0.364
21/12/2019 07:00,0.54,0.204,0.251,0.54
21/12/2019 08:00,0.663,0.364,0.421,0.663
21/12/2019 09:00,0.735,0.487,0.538,0.735
21/12/2019 10:00,0.76,0.498,0.579,0.76
21/12/2019 11:00,0.742,0.414,0.567,0.742
21/12/2019 12:00,0.683,0.431,0.501,0.683
21/12/2019 13:00,0.578,0.422,0.4,0.578
21/12/2019 14:00,0.426,0.357,0.297,0.426
21/12/2019 15:00,0.234,0.273,0.184,0.234
21/12/2019 16:00,0.039,0.205,0.102,0.039
21/12/2019 17:00,0.005,0.12,0.038,0.005
21/12/2019 18:00,0.0,0.044,0.003,0.0
21/12/2019 19:00,0.0,0.001,0.0,0.0
21/12/2019 20:00,0.0,0.0,0.0,0.0
21/12/2019 21:00,0.0,0.0,0.0,0.0
21/12/2019 22:00,0.0,0.0,0.0,0.0
21/12/2019 23:00,0.0,0.0,0.0,0.0
22/12/2019 00:00,0.0,0.0,0.0,0.0
22/12/2019 01:00,0.0,0.0,0.0,0.0
22/12/2019 02:00,0.0,0.0,0.0,0.0
22/12/2019 03:00,0.0,0.0,0.0,0.0
22/12/2019 04:00,0.022,0.0,0.0,0.022
22/12/2019 05:00,0.15,0.002,0.0,0.15
22/12/2019 06:00,0.358,0.06,0.033,0.358
22/12/2019 07:00,0.524,0.191,0.096,0.524
22/12/2019 08:00,0.641,0.367,0.177,0.641
22/12/2019 09:00,0.711,0.533,0.287,0.711
22/12/2019 10:00,0.736,0.649,0.287,0.736
22/12/2019 11:00,0.719,0.706,0.223,0.719
22/12/2019 12:00,0.661,0.691,0.188,0.661
22/12/2019 13:00,0.558,0.66,0.19,0.558
22/12/2019 14:00,0.412,0.585,0.198,0.412
22/12/2019 15:00,0.227,0.481,0.183,0.227
22/12/2019 16:00,0.042,0.308,0.129,0.042
22/12/2019 17:00,0.005,0.145,0.063,0.005
22/12/2019 18:00,0.0,0.049,0.007,0.0
22/12/2019 19:00,0.0,0.002,0.0,0.0
22/12/2019 20:00,0.0,0.0,0.0,0.0
22/12/2019 21:00,0.0,0.0,0.0,0.0
22/12/2019 22:00,0.0,0.0,0.0,0.0
22/12/2019 23:00,0.0,0.0,0.0,0.0
23/12/2019 00:00,0.0,0.0,0.0,0.0
23/12/2019 01:00,0.0,0.0,0.0,0.0
23/12/2019 02:00,0.0,0.0,0.0,0.0
23/12/2019 03:00,0.0,0.0,0.0,0.0
23/12/2019 04:00,0.026,0.0,0.0,0.026
23/12/2019 05:00,0.144,0.003,0.009,0.144
23/12/2019 06:00,0.343,0.058,0.091,0.343
23/12/2019 07:00,0.512,0.208,0.242,0.512
23/12/2019 08:00,0.63,0.407,0.362,0.63
23/12/2019 09:00,0.701,0.564,0.454,0.701
23/12/2019 10:00,0.727,0.677,0.501,0.727
23/12/2019 11:00,0.711,0.733,0.493,0.711
23/12/2019 12:00,0.654,0.758,0.475,0.654
23/12/2019 13:00,0.554,0.735,0.389,0.554
23/12/2019 14:00,0.41,0.672,0.32,0.41
23/12/2019 15:00,0.228,0.56,0.226,0.228
23/12/2019 16:00,0.043,0.402,0.132,0.043
23/12/2019 17:00,0.005,0.209,0.051,0.005
23/12/2019 18:00,0.0,0.042,0.004,0.0
23/12/2019 19:00,0.0,0.003,0.0,0.0
23/12/2019 20:00,0.0,0.0,0.0,0.0
23/12/2019 21:00,0.0,0.0,0.0,0.0
23/12/2019 22:00,0.0,0.0,0.0,0.0
23/12/2019 23:00,0.0,0.0,0.0,0.0
24/12/2019 00:00,0.0,0.0,0.0,0.0
24/12/2019 01:00,0.0,0.0,0.0,0.0
24/12/2019 02:00,0.0,0.0,0.0,0.0
24/12/2019 03:00,0.0,0.0,0.0,0.0
24/12/2019 04:00,0.026,0.0,0.0,0.026
24/12/2019 05:00,0.146,0.003,0.005,0.146
24/12/2019 06:00,0.356,0.063,0.072,0.356
24/12/2019 07:00,0.528,0.196,0.163,0.528
24/12/2019 08:00,0.648,0.329,0.202,0.648
24/12/2019 09:00,0.716,0.502,0.268,0.716
24/12/2019 10:00,0.741,0.607,0.318,0.741
24/12/2019 11:00,0.733,0.694,0.406,0.733
24/12/2019 12:00,0.675,0.739,0.426,0.675
24/12/2019 13:00,0.568,0.749,0.373,0.568
24/12/2019 14:00,0.417,0.687,0.322,0.417
24/12/2019 15:00,0.235,0.571,0.242,0.235
24/12/2019 16:00,0.043,0.409,0.174,0.043
24/12/2019 17:00,0.005,0.213,0.075,0.005
24/12/2019 18:00,0.0,0.037,0.006,0.0
24/12/2019 19:00,0.0,0.003,0.0,0.0
24/12/2019 20:00,0.0,0.0,0.0,0.0
24/12/2019 21:00,0.0,0.0,0.0,0.0
24/12/2019 22:00,0.0,0.0,0.0,0.0
24/12/2019 23:00,0.0,0.0,0.0,0.0
25/12/2019 00:00,0.0,0.0,0.0,0.0
25/12/2019 01:00,0.0,0.0,0.0,0.0
25/12/2019 02:00,0.0,0.0,0.0,0.0
25/12/2019 03:00,0.0,0.0,0.0,0.0
25/12/2019 04:00,0.022,0.0,0.0,0.022
25/12/2019 05:00,0.149,0.003,0.005,0.149
25/12/2019 06:00,0.366,0.033,0.075,0.366
25/12/2019 07:00,0.547,0.219,0.249,0.547
25/12/2019 08:00,0.674,0.42,0.432,0.674
25/12/2019 09:00,0.75,0.58,0.576,0.75
25/12/2019 10:00,0.777,0.69,0.67,0.777
25/12/2019 11:00,0.759,0.75,0.711,0.759
25/12/2019 12:00,0.698,0.766,0.713,0.698
25/12/2019 13:00,0.59,0.74,0.66,0.59
25/12/2019 14:00,0.435,0.672,0.567,0.435
25/12/2019 15:00,0.241,0.559,0.421,0.241
25/12/2019 16:00,0.044,0.4,0.255,0.044
25/12/2019 17:00,0.005,0.205,0.089,0.005
25/12/2019 18:00,0.0,0.039,0.011,0.0
25/12/2019 19:00,0.0,0.003,0.0,0.0
25/12/2019 20:00,0.0,0.0,0.0,0.0
25/12/2019 21:00,0.0,0.0,0.0,0.0
25/12/2019 22:00,0.0,0.0,0.0,0.0
25/12/2019 23:00,0.0,0.0,0.0,0.0
26/12/2019 00:00,0.0,0.0,0.0,0.0
26/12/2019 01:00,0.0,0.0,0.0,0.0
26/12/2019 02:00,0.0,0.0,0.0,0.0
26/12/2019 03:00,0.0,0.0,0.0,0.0
26/12/2019 04:00,0.026,0.0,0.0,0.026
26/12/2019 05:00,0.15,0.004,0.008,0.15
26/12/2019 06:00,0.373,0.043,0.079,0.373
26/12/2019 07:00,0.558,0.217,0.243,0.558
26/12/2019 08:00,0.688,0.419,0.432,0.688
26/12/2019 09:00,0.763,0.576,0.563,0.763
26/12/2019 10:00,0.788,0.683,0.632,0.788
26/12/2019 11:00,0.769,0.742,0.673,0.769
26/12/2019 12:00,0.706,0.757,0.676,0.706
26/12/2019 13:00,0.597,0.73,0.638,0.597
26/12/2019 14:00,0.442,0.661,0.554,0.442
26/12/2019 15:00,0.246,0.547,0.423,0.246
26/12/2019 16:00,0.046,0.391,0.256,0.046
26/12/2019 17:00,0.005,0.203,0.079,0.005
26/12/2019 18:00,0.0,0.033,0.011,0.0
26/12/2019 19:00,0.0,0.003,0.0,0.0
26/12/2019 20:00,0.0,0.0,0.0,0.0
26/12/2019 21:00,0.0,0.0,0.0,0.0
26/12/2019 22:00,0.0,0.0,0.0,0.0
26/12/2019 23:00,0.0,0.0,0.0,0.0
27/12/2019 00:00,0.0,0.0,0.0,0.0
27/12/2019 01:00,0.0,0.0,0.0,0.0
27/12/2019 02:00,0.0,0.0,0.0,0.0
27/12/2019 03:00,0.0,0.0,0.0,0.0
27/12/2019 04:00,0.036,0.0,0.0,0.036
27/12/2019 05:00,0.149,0.004,0.008,0.149
27/12/2019 06:00,0.362,0.046,0.077,0.362
27/12/2019 07:00,0.548,0.219,0.236,0.548
27/12/2019 08:00,0.677,0.421,0.416,0.677
27/12/2019 09:00,0.755,0.582,0.554,0.755
27/12/2019 10:00,0.781,0.69,0.631,0.781
27/12/2019 11:00,0.76,0.748,0.679,0.76
27/12/2019 12:00,0.696,0.767,0.669,0.696
27/12/2019 13:00,0.587,0.743,0.635,0.587
27/12/2019 14:00,0.433,0.671,0.548,0.433
27/12/2019 15:00,0.24,0.548,0.42,0.24
27/12/2019 16:00,0.047,0.386,0.254,0.047
27/12/2019 17:00,0.005,0.203,0.079,0.005
27/12/2019 18:00,0.0,0.05,0.011,0.0
27/12/2019 19:00,0.0,0.003,0.0,0.0
27/12/2019 20:00,0.0,0.0,0.0,0.0
27/12/2019 21:00,0.0,0.0,0.0,0.0
27/12/2019 22:00,0.0,0.0,0.0,0.0
27/12/2019 23:00,0.0,0.0,0.0,0.0
28/12/2019 00:00,0.0,0.0,0.0,0.0
28/12/2019 01:00,0.0,0.0,0.0,0.0
28/12/2019 02:00,0.0,0.0,0.0,0.0
28/12/2019 03:00,0.0,0.0,0.0,0.0
28/12/2019 04:00,0.026,0.0,0.0,0.026
28/12/2019 05:00,0.142,0.004,0.006,0.142
28/12/2019 06:00,0.327,0.046,0.078,0.327
28/12/2019 07:00,0.494,0.213,0.234,0.494
28/12/2019 08:00,0.615,0.427,0.416,0.615
28/12/2019 09:00,0.687,0.595,0.544,0.687
28/12/2019 10:00,0.712,0.704,0.626,0.712
28/12/2019 11:00,0.692,0.76,0.673,0.692
28/12/2019 12:00,0.62,0.773,0.673,0.62
28/12/2019 13:00,0.494,0.743,0.638,0.494
28/12/2019 14:00,0.364,0.673,0.554,0.364
28/12/2019 15:00,0.205,0.56,0.426,0.205
28/12/2019 16:00,0.07,0.403,0.259,0.07
28/12/2019 17:00,0.006,0.21,0.08,0.006
28/12/2019 18:00,0.0,0.028,0.01,0.0
28/12/2019 19:00,0.0,0.003,0.0,0.0
28/12/2019 20:00,0.0,0.0,0.0,0.0
28/12/2019 21:00,0.0,0.0,0.0,0.0
28/12/2019 22:00,0.0,0.0,0.0,0.0
28/12/2019 23:00,0.0,0.0,0.0,0.0
29/12/2019 00:00,0.0,0.0,0.0,0.0
29/12/2019 01:00,0.0,0.0,0.0,0.0
29/12/2019 02:00,0.0,0.0,0.0,0.0
29/12/2019 03:00,0.0,0.0,0.0,0.0
29/12/2019 04:00,0.027,0.0,0.0,0.027
29/12/2019 05:00,0.139,0.003,0.008,0.139
29/12/2019 06:00,0.339,0.04,0.072,0.339
29/12/2019 07:00,0.508,0.221,0.24,0.508
29/12/2019 08:00,0.631,0.426,0.43,0.631
29/12/2019 09:00,0.707,0.585,0.571,0.707
29/12/2019 10:00,0.736,0.693,0.653,0.736
29/12/2019 11:00,0.721,0.752,0.69,0.721
29/12/2019 12:00,0.664,0.767,0.702,0.664
29/12/2019 13:00,0.562,0.741,0.648,0.562
29/12/2019 14:00,0.415,0.673,0.563,0.415
29/12/2019 15:00,0.232,0.562,0.433,0.232
29/12/2019 16:00,0.051,0.405,0.26,0.051
29/12/2019 17:00,0.005,0.211,0.075,0.005
29/12/2019 18:00,0.0,0.034,0.009,0.0
29/12/2019 19:00,0.0,0.003,0.0,0.0
29/12/2019 20:00,0.0,0.0,0.0,0.0
29/12/2019 21:00,0.0,0.0,0.0,0.0
29/12/2019 22:00,0.0,0.0,0.0,0.0
29/12/2019 23:00,0.0,0.0,0.0,0.0
30/12/2019 00:00,0.0,0.0,0.0,0.0
30/12/2019 01:00,0.0,0.0,0.0,0.0
30/12/2019 02:00,0.0,0.0,0.0,0.0
30/12/2019 03:00,0.0,0.0,0.0,0.0
30/12/2019 04:00,0.028,0.0,0.0,0.028
30/12/2019 05:00,0.14,0.003,0.007,0.14
30/12/2019 06:00,0.339,0.046,0.061,0.339
30/12/2019 07:00,0.512,0.218,0.243,0.512
30/12/2019 08:00,0.633,0.424,0.424,0.633
30/12/2019 09:00,0.708,0.586,0.555,0.708
30/12/2019 10:00,0.738,0.705,0.651,0.738
30/12/2019 11:00,0.725,0.766,0.687,0.725
30/12/2019 12:00,0.671,0.781,0.688,0.671
30/12/2019 13:00,0.572,0.753,0.653,0.572
30/12/2019 14:00,0.426,0.683,0.572,0.426
30/12/2019 15:00,0.24,0.569,0.438,0.24
30/12/2019 16:00,0.048,0.409,0.263,0.048
30/12/2019 17:00,0.005,0.214,0.074,0.005
30/12/2019 18:00,0.0,0.03,0.008,0.0
30/12/2019 19:00,0.0,0.003,0.0,0.0
30/12/2019 20:00,0.0,0.0,0.0,0.0
30/12/2019 21:00,0.0,0.0,0.0,0.0
30/12/2019 22:00,0.0,0.0,0.0,0.0
30/12/2019 23:00,0.0,0.0,0.0,0.0
31/12/2019 00:00,0.0,0.0,0.0,0.0
31/12/2019 01:00,0.0,0.0,0.0,0.0
31/12/2019 02:00,0.0,0.0,0.0,0.0
31/12/2019 03:00,0.0,0.0,0.0,0.0
31/12/2019 04:00,0.022,0.0,0.0,0.022
31/12/2019 05:00,0.141,0.003,0.001,0.141
31/12/2019 06:00,0.353,0.047,0.043,0.353
31/12/2019 07:00,0.527,0.211,0.14,0.527
31/12/2019 08:00,0.651,0.428,0.236,0.651
31/12/2019 09:00,0.727,0.591,0.356,0.727
31/12/2019 10:00,0.756,0.701,0.48,0.756
31/12/2019 11:00,0.741,0.763,0.538,0.741
31/12/2019 12:00,0.683,0.78,0.57,0.683
31/12/2019 13:00,0.581,0.755,0.538,0.581
31/12/2019 14:00,0.431,0.686,0.437,0.431
31/12/2019 15:00,0.24,0.572,0.327,0.24
31/12/2019 16:00,0.061,0.412,0.211,0.061
31/12/2019 17:00,0.006,0.216,0.088,0.006
31/12/2019 18:00,0.0,0.033,0.008,0.0
31/12/2019 19:00,0.0,0.003,0.0,0.0
31/12/2019 20:00,0.0,0.0,0.0,0.0
31/12/2019 21:00,0.0,0.0,0.0,0.0
31/12/2019 22:00,0.0,0.0,0.0,0.0
31/12/2019 23:00,0.0,0.0,0.0,0.0
