,EGY_UE,EGY_CN
01/01/2019 00:00,0.0,0.0
01/01/2019 01:00,0.0,0.0
01/01/2019 02:00,0.0,0.0
01/01/2019 03:00,0.0,0.0
01/01/2019 04:00,0.0,0.0
01/01/2019 05:00,0.0,0.0
01/01/2019 06:00,0.004,0.0
01/01/2019 07:00,0.154,0.092
01/01/2019 08:00,0.401,0.251
01/01/2019 09:00,0.419,0.425
01/01/2019 10:00,0.529,0.568
01/01/2019 11:00,0.534,0.562
01/01/2019 12:00,0.737,0.347
01/01/2019 13:00,0.64,0.209
01/01/2019 14:00,0.365,0.139
01/01/2019 15:00,0.148,0.065
01/01/2019 16:00,0.036,0.012
01/01/2019 17:00,0.0,0.0
01/01/2019 18:00,0.0,0.0
01/01/2019 19:00,0.0,0.0
01/01/2019 20:00,0.0,0.0
01/01/2019 21:00,0.0,0.0
01/01/2019 22:00,0.0,0.0
01/01/2019 23:00,0.0,0.0
02/01/2019 00:00,0.0,0.0
02/01/2019 01:00,0.0,0.0
02/01/2019 02:00,0.0,0.0
02/01/2019 03:00,0.0,0.0
02/01/2019 04:00,0.0,0.0
02/01/2019 05:00,0.0,0.0
02/01/2019 06:00,0.002,0.001
02/01/2019 07:00,0.069,0.209
02/01/2019 08:00,0.167,0.487
02/01/2019 09:00,0.278,0.68
02/01/2019 10:00,0.308,0.776
02/01/2019 11:00,0.31,0.809
02/01/2019 12:00,0.31,0.794
02/01/2019 13:00,0.305,0.72
02/01/2019 14:00,0.291,0.59
02/01/2019 15:00,0.187,0.375
02/01/2019 16:00,0.042,0.095
02/01/2019 17:00,0.0,0.0
02/01/2019 18:00,0.0,0.0
02/01/2019 19:00,0.0,0.0
02/01/2019 20:00,0.0,0.0
02/01/2019 21:00,0.0,0.0
02/01/2019 22:00,0.0,0.0
02/01/2019 23:00,0.0,0.0
03/01/2019 00:00,0.0,0.0
03/01/2019 01:00,0.0,0.0
03/01/2019 02:00,0.0,0.0
03/01/2019 03:00,0.0,0.0
03/01/2019 04:00,0.0,0.0
03/01/2019 05:00,0.0,0.0
03/01/2019 06:00,0.006,0.0
03/01/2019 07:00,0.239,0.205
03/01/2019 08:00,0.491,0.481
03/01/2019 09:00,0.658,0.679
03/01/2019 10:00,0.756,0.784
03/01/2019 11:00,0.782,0.823
03/01/2019 12:00,0.767,0.808
03/01/2019 13:00,0.697,0.737
03/01/2019 14:00,0.587,0.608
03/01/2019 15:00,0.385,0.403
03/01/2019 16:00,0.105,0.119
03/01/2019 17:00,0.0,0.0
03/01/2019 18:00,0.0,0.0
03/01/2019 19:00,0.0,0.0
03/01/2019 20:00,0.0,0.0
03/01/2019 21:00,0.0,0.0
03/01/2019 22:00,0.0,0.0
03/01/2019 23:00,0.0,0.0
04/01/2019 00:00,0.0,0.0
04/01/2019 01:00,0.0,0.0
04/01/2019 02:00,0.0,0.0
04/01/2019 03:00,0.0,0.0
04/01/2019 04:00,0.0,0.0
04/01/2019 05:00,0.0,0.0
04/01/2019 06:00,0.008,0.002
04/01/2019 07:00,0.258,0.278
04/01/2019 08:00,0.4,0.533
04/01/2019 09:00,0.512,0.697
04/01/2019 10:00,0.608,0.794
04/01/2019 11:00,0.752,0.829
04/01/2019 12:00,0.696,0.815
04/01/2019 13:00,0.682,0.746
04/01/2019 14:00,0.573,0.618
04/01/2019 15:00,0.366,0.417
04/01/2019 16:00,0.104,0.129
04/01/2019 17:00,0.0,0.0
04/01/2019 18:00,0.0,0.0
04/01/2019 19:00,0.0,0.0
04/01/2019 20:00,0.0,0.0
04/01/2019 21:00,0.0,0.0
04/01/2019 22:00,0.0,0.0
04/01/2019 23:00,0.0,0.0
05/01/2019 00:00,0.0,0.0
05/01/2019 01:00,0.0,0.0
05/01/2019 02:00,0.0,0.0
05/01/2019 03:00,0.0,0.0
05/01/2019 04:00,0.0,0.0
05/01/2019 05:00,0.0,0.0
05/01/2019 06:00,0.005,0.001
05/01/2019 07:00,0.213,0.247
05/01/2019 08:00,0.463,0.502
05/01/2019 09:00,0.633,0.672
05/01/2019 10:00,0.722,0.772
05/01/2019 11:00,0.752,0.805
05/01/2019 12:00,0.738,0.775
05/01/2019 13:00,0.677,0.707
05/01/2019 14:00,0.569,0.598
05/01/2019 15:00,0.371,0.403
05/01/2019 16:00,0.11,0.119
05/01/2019 17:00,0.0,0.0
05/01/2019 18:00,0.0,0.0
05/01/2019 19:00,0.0,0.0
05/01/2019 20:00,0.0,0.0
05/01/2019 21:00,0.0,0.0
05/01/2019 22:00,0.0,0.0
05/01/2019 23:00,0.0,0.0
06/01/2019 00:00,0.0,0.0
06/01/2019 01:00,0.0,0.0
06/01/2019 02:00,0.0,0.0
06/01/2019 03:00,0.0,0.0
06/01/2019 04:00,0.0,0.0
06/01/2019 05:00,0.0,0.0
06/01/2019 06:00,0.006,0.001
06/01/2019 07:00,0.241,0.185
06/01/2019 08:00,0.493,0.4
06/01/2019 09:00,0.659,0.534
06/01/2019 10:00,0.752,0.713
06/01/2019 11:00,0.696,0.775
06/01/2019 12:00,0.512,0.785
06/01/2019 13:00,0.363,0.703
06/01/2019 14:00,0.365,0.566
06/01/2019 15:00,0.316,0.324
06/01/2019 16:00,0.069,0.07
06/01/2019 17:00,0.0,0.0
06/01/2019 18:00,0.0,0.0
06/01/2019 19:00,0.0,0.0
06/01/2019 20:00,0.0,0.0
06/01/2019 21:00,0.0,0.0
06/01/2019 22:00,0.0,0.0
06/01/2019 23:00,0.0,0.0
07/01/2019 00:00,0.0,0.0
07/01/2019 01:00,0.0,0.0
07/01/2019 02:00,0.0,0.0
07/01/2019 03:00,0.0,0.0
07/01/2019 04:00,0.0,0.0
07/01/2019 05:00,0.0,0.0
07/01/2019 06:00,0.003,0.002
07/01/2019 07:00,0.122,0.263
07/01/2019 08:00,0.338,0.533
07/01/2019 09:00,0.559,0.703
07/01/2019 10:00,0.719,0.802
07/01/2019 11:00,0.804,0.838
07/01/2019 12:00,0.82,0.811
07/01/2019 13:00,0.749,0.704
07/01/2019 14:00,0.617,0.548
07/01/2019 15:00,0.41,0.316
07/01/2019 16:00,0.127,0.059
07/01/2019 17:00,0.0,0.0
07/01/2019 18:00,0.0,0.0
07/01/2019 19:00,0.0,0.0
07/01/2019 20:00,0.0,0.0
07/01/2019 21:00,0.0,0.0
07/01/2019 22:00,0.0,0.0
07/01/2019 23:00,0.0,0.0
08/01/2019 00:00,0.0,0.0
08/01/2019 01:00,0.0,0.0
08/01/2019 02:00,0.0,0.0
08/01/2019 03:00,0.0,0.0
08/01/2019 04:00,0.0,0.0
08/01/2019 05:00,0.0,0.0
08/01/2019 06:00,0.009,0.002
08/01/2019 07:00,0.237,0.267
08/01/2019 08:00,0.532,0.52
08/01/2019 09:00,0.699,0.682
08/01/2019 10:00,0.79,0.78
08/01/2019 11:00,0.827,0.82
08/01/2019 12:00,0.811,0.806
08/01/2019 13:00,0.744,0.738
08/01/2019 14:00,0.613,0.613
08/01/2019 15:00,0.419,0.409
08/01/2019 16:00,0.146,0.123
08/01/2019 17:00,0.0,0.0
08/01/2019 18:00,0.0,0.0
08/01/2019 19:00,0.0,0.0
08/01/2019 20:00,0.0,0.0
08/01/2019 21:00,0.0,0.0
08/01/2019 22:00,0.0,0.0
08/01/2019 23:00,0.0,0.0
09/01/2019 00:00,0.0,0.0
09/01/2019 01:00,0.0,0.0
09/01/2019 02:00,0.0,0.0
09/01/2019 03:00,0.0,0.0
09/01/2019 04:00,0.0,0.0
09/01/2019 05:00,0.0,0.0
09/01/2019 06:00,0.009,0.002
09/01/2019 07:00,0.289,0.246
09/01/2019 08:00,0.537,0.533
09/01/2019 09:00,0.697,0.704
09/01/2019 10:00,0.79,0.622
09/01/2019 11:00,0.823,0.834
09/01/2019 12:00,0.797,0.823
09/01/2019 13:00,0.685,0.751
09/01/2019 14:00,0.556,0.594
09/01/2019 15:00,0.346,0.385
09/01/2019 16:00,0.114,0.099
09/01/2019 17:00,0.0,0.0
09/01/2019 18:00,0.0,0.0
09/01/2019 19:00,0.0,0.0
09/01/2019 20:00,0.0,0.0
09/01/2019 21:00,0.0,0.0
09/01/2019 22:00,0.0,0.0
09/01/2019 23:00,0.0,0.0
10/01/2019 00:00,0.0,0.0
10/01/2019 01:00,0.0,0.0
10/01/2019 02:00,0.0,0.0
10/01/2019 03:00,0.0,0.0
10/01/2019 04:00,0.0,0.0
10/01/2019 05:00,0.0,0.0
10/01/2019 06:00,0.001,0.001
10/01/2019 07:00,0.208,0.152
10/01/2019 08:00,0.543,0.31
10/01/2019 09:00,0.697,0.339
10/01/2019 10:00,0.784,0.325
10/01/2019 11:00,0.819,0.348
10/01/2019 12:00,0.796,0.389
10/01/2019 13:00,0.732,0.503
10/01/2019 14:00,0.607,0.504
10/01/2019 15:00,0.394,0.387
10/01/2019 16:00,0.125,0.132
10/01/2019 17:00,0.0,0.0
10/01/2019 18:00,0.0,0.0
10/01/2019 19:00,0.0,0.0
10/01/2019 20:00,0.0,0.0
10/01/2019 21:00,0.0,0.0
10/01/2019 22:00,0.0,0.0
10/01/2019 23:00,0.0,0.0
11/01/2019 00:00,0.0,0.0
11/01/2019 01:00,0.0,0.0
11/01/2019 02:00,0.0,0.0
11/01/2019 03:00,0.0,0.0
11/01/2019 04:00,0.0,0.0
11/01/2019 05:00,0.0,0.0
11/01/2019 06:00,0.004,0.002
11/01/2019 07:00,0.112,0.233
11/01/2019 08:00,0.293,0.476
11/01/2019 09:00,0.503,0.652
11/01/2019 10:00,0.608,0.686
11/01/2019 11:00,0.549,0.658
11/01/2019 12:00,0.421,0.75
11/01/2019 13:00,0.402,0.318
11/01/2019 14:00,0.344,0.138
11/01/2019 15:00,0.162,0.061
11/01/2019 16:00,0.033,0.04
11/01/2019 17:00,0.0,0.0
11/01/2019 18:00,0.0,0.0
11/01/2019 19:00,0.0,0.0
11/01/2019 20:00,0.0,0.0
11/01/2019 21:00,0.0,0.0
11/01/2019 22:00,0.0,0.0
11/01/2019 23:00,0.0,0.0
12/01/2019 00:00,0.0,0.0
12/01/2019 01:00,0.0,0.0
12/01/2019 02:00,0.0,0.0
12/01/2019 03:00,0.0,0.0
12/01/2019 04:00,0.0,0.0
12/01/2019 05:00,0.0,0.0
12/01/2019 06:00,0.007,0.0
12/01/2019 07:00,0.241,0.099
12/01/2019 08:00,0.502,0.289
12/01/2019 09:00,0.678,0.473
12/01/2019 10:00,0.77,0.567
12/01/2019 11:00,0.799,0.586
12/01/2019 12:00,0.781,0.585
12/01/2019 13:00,0.715,0.541
12/01/2019 14:00,0.574,0.412
12/01/2019 15:00,0.378,0.25
12/01/2019 16:00,0.098,0.048
12/01/2019 17:00,0.0,0.0
12/01/2019 18:00,0.0,0.0
12/01/2019 19:00,0.0,0.0
12/01/2019 20:00,0.0,0.0
12/01/2019 21:00,0.0,0.0
12/01/2019 22:00,0.0,0.0
12/01/2019 23:00,0.0,0.0
13/01/2019 00:00,0.0,0.0
13/01/2019 01:00,0.0,0.0
13/01/2019 02:00,0.0,0.0
13/01/2019 03:00,0.0,0.0
13/01/2019 04:00,0.0,0.0
13/01/2019 05:00,0.0,0.0
13/01/2019 06:00,0.002,0.0
13/01/2019 07:00,0.088,0.06
13/01/2019 08:00,0.283,0.165
13/01/2019 09:00,0.434,0.279
13/01/2019 10:00,0.468,0.289
13/01/2019 11:00,0.506,0.266
13/01/2019 12:00,0.463,0.235
13/01/2019 13:00,0.423,0.199
13/01/2019 14:00,0.303,0.134
13/01/2019 15:00,0.165,0.092
13/01/2019 16:00,0.022,0.036
13/01/2019 17:00,0.0,0.0
13/01/2019 18:00,0.0,0.0
13/01/2019 19:00,0.0,0.0
13/01/2019 20:00,0.0,0.0
13/01/2019 21:00,0.0,0.0
13/01/2019 22:00,0.0,0.0
13/01/2019 23:00,0.0,0.0
14/01/2019 00:00,0.0,0.0
14/01/2019 01:00,0.0,0.0
14/01/2019 02:00,0.0,0.0
14/01/2019 03:00,0.0,0.0
14/01/2019 04:00,0.0,0.0
14/01/2019 05:00,0.0,0.0
14/01/2019 06:00,0.008,0.001
14/01/2019 07:00,0.228,0.123
14/01/2019 08:00,0.466,0.313
14/01/2019 09:00,0.649,0.57
14/01/2019 10:00,0.763,0.774
14/01/2019 11:00,0.793,0.805
14/01/2019 12:00,0.778,0.785
14/01/2019 13:00,0.707,0.713
14/01/2019 14:00,0.574,0.579
14/01/2019 15:00,0.37,0.371
14/01/2019 16:00,0.108,0.101
14/01/2019 17:00,0.0,0.0
14/01/2019 18:00,0.0,0.0
14/01/2019 19:00,0.0,0.0
14/01/2019 20:00,0.0,0.0
14/01/2019 21:00,0.0,0.0
14/01/2019 22:00,0.0,0.0
14/01/2019 23:00,0.0,0.0
15/01/2019 00:00,0.0,0.0
15/01/2019 01:00,0.0,0.0
15/01/2019 02:00,0.0,0.0
15/01/2019 03:00,0.0,0.0
15/01/2019 04:00,0.0,0.0
15/01/2019 05:00,0.0,0.0
15/01/2019 06:00,0.012,0.005
15/01/2019 07:00,0.293,0.3
15/01/2019 08:00,0.539,0.549
15/01/2019 09:00,0.699,0.711
15/01/2019 10:00,0.794,0.808
15/01/2019 11:00,0.828,0.848
15/01/2019 12:00,0.814,0.834
15/01/2019 13:00,0.747,0.765
15/01/2019 14:00,0.603,0.64
15/01/2019 15:00,0.403,0.437
15/01/2019 16:00,0.133,0.146
15/01/2019 17:00,0.0,0.0
15/01/2019 18:00,0.0,0.0
15/01/2019 19:00,0.0,0.0
15/01/2019 20:00,0.0,0.0
15/01/2019 21:00,0.0,0.0
15/01/2019 22:00,0.0,0.0
15/01/2019 23:00,0.0,0.0
16/01/2019 00:00,0.0,0.0
16/01/2019 01:00,0.0,0.0
16/01/2019 02:00,0.0,0.0
16/01/2019 03:00,0.0,0.0
16/01/2019 04:00,0.0,0.0
16/01/2019 05:00,0.0,0.0
16/01/2019 06:00,0.02,0.003
16/01/2019 07:00,0.352,0.239
16/01/2019 08:00,0.579,0.497
16/01/2019 09:00,0.726,0.67
16/01/2019 10:00,0.809,0.773
16/01/2019 11:00,0.836,0.822
16/01/2019 12:00,0.813,0.807
16/01/2019 13:00,0.737,0.739
16/01/2019 14:00,0.6,0.609
16/01/2019 15:00,0.391,0.396
16/01/2019 16:00,0.118,0.105
16/01/2019 17:00,0.0,0.0
16/01/2019 18:00,0.0,0.0
16/01/2019 19:00,0.0,0.0
16/01/2019 20:00,0.0,0.0
16/01/2019 21:00,0.0,0.0
16/01/2019 22:00,0.0,0.0
16/01/2019 23:00,0.0,0.0
17/01/2019 00:00,0.0,0.0
17/01/2019 01:00,0.0,0.0
17/01/2019 02:00,0.0,0.0
17/01/2019 03:00,0.0,0.0
17/01/2019 04:00,0.0,0.0
17/01/2019 05:00,0.0,0.0
17/01/2019 06:00,0.013,0.008
17/01/2019 07:00,0.32,0.325
17/01/2019 08:00,0.57,0.587
17/01/2019 09:00,0.733,0.743
17/01/2019 10:00,0.829,0.835
17/01/2019 11:00,0.866,0.866
17/01/2019 12:00,0.849,0.849
17/01/2019 13:00,0.778,0.778
17/01/2019 14:00,0.633,0.636
17/01/2019 15:00,0.43,0.426
17/01/2019 16:00,0.149,0.091
17/01/2019 17:00,0.0,0.0
17/01/2019 18:00,0.0,0.0
17/01/2019 19:00,0.0,0.0
17/01/2019 20:00,0.0,0.0
17/01/2019 21:00,0.0,0.0
17/01/2019 22:00,0.0,0.0
17/01/2019 23:00,0.0,0.0
18/01/2019 00:00,0.0,0.0
18/01/2019 01:00,0.0,0.0
18/01/2019 02:00,0.0,0.0
18/01/2019 03:00,0.0,0.0
18/01/2019 04:00,0.0,0.0
18/01/2019 05:00,0.0,0.0
18/01/2019 06:00,0.017,0.005
18/01/2019 07:00,0.334,0.241
18/01/2019 08:00,0.572,0.501
18/01/2019 09:00,0.725,0.716
18/01/2019 10:00,0.811,0.808
18/01/2019 11:00,0.83,0.835
18/01/2019 12:00,0.814,0.819
18/01/2019 13:00,0.746,0.749
18/01/2019 14:00,0.613,0.622
18/01/2019 15:00,0.416,0.423
18/01/2019 16:00,0.144,0.141
18/01/2019 17:00,0.0,0.0
18/01/2019 18:00,0.0,0.0
18/01/2019 19:00,0.0,0.0
18/01/2019 20:00,0.0,0.0
18/01/2019 21:00,0.0,0.0
18/01/2019 22:00,0.0,0.0
18/01/2019 23:00,0.0,0.0
19/01/2019 00:00,0.0,0.0
19/01/2019 01:00,0.0,0.0
19/01/2019 02:00,0.0,0.0
19/01/2019 03:00,0.0,0.0
19/01/2019 04:00,0.0,0.0
19/01/2019 05:00,0.0,0.0
19/01/2019 06:00,0.016,0.008
19/01/2019 07:00,0.318,0.319
19/01/2019 08:00,0.556,0.556
19/01/2019 09:00,0.711,0.708
19/01/2019 10:00,0.798,0.796
19/01/2019 11:00,0.828,0.817
19/01/2019 12:00,0.812,0.797
19/01/2019 13:00,0.746,0.718
19/01/2019 14:00,0.61,0.528
19/01/2019 15:00,0.418,0.246
19/01/2019 16:00,0.147,0.055
19/01/2019 17:00,0.0,0.0
19/01/2019 18:00,0.0,0.0
19/01/2019 19:00,0.0,0.0
19/01/2019 20:00,0.0,0.0
19/01/2019 21:00,0.0,0.0
19/01/2019 22:00,0.0,0.0
19/01/2019 23:00,0.0,0.0
20/01/2019 00:00,0.0,0.0
20/01/2019 01:00,0.0,0.0
20/01/2019 02:00,0.0,0.0
20/01/2019 03:00,0.0,0.0
20/01/2019 04:00,0.0,0.0
20/01/2019 05:00,0.0,0.0
20/01/2019 06:00,0.015,0.003
20/01/2019 07:00,0.296,0.162
20/01/2019 08:00,0.529,0.367
20/01/2019 09:00,0.682,0.502
20/01/2019 10:00,0.768,0.518
20/01/2019 11:00,0.792,0.557
20/01/2019 12:00,0.765,0.551
20/01/2019 13:00,0.657,0.392
20/01/2019 14:00,0.54,0.231
20/01/2019 15:00,0.397,0.116
20/01/2019 16:00,0.14,0.03
20/01/2019 17:00,0.0,0.0
20/01/2019 18:00,0.0,0.0
20/01/2019 19:00,0.0,0.0
20/01/2019 20:00,0.0,0.0
20/01/2019 21:00,0.0,0.0
20/01/2019 22:00,0.0,0.0
20/01/2019 23:00,0.0,0.0
21/01/2019 00:00,0.0,0.0
21/01/2019 01:00,0.0,0.0
21/01/2019 02:00,0.0,0.0
21/01/2019 03:00,0.0,0.0
21/01/2019 04:00,0.0,0.0
21/01/2019 05:00,0.0,0.0
21/01/2019 06:00,0.015,0.0
21/01/2019 07:00,0.293,0.076
21/01/2019 08:00,0.53,0.23
21/01/2019 09:00,0.681,0.394
21/01/2019 10:00,0.767,0.563
21/01/2019 11:00,0.802,0.688
21/01/2019 12:00,0.79,0.648
21/01/2019 13:00,0.719,0.481
21/01/2019 14:00,0.585,0.313
21/01/2019 15:00,0.398,0.189
21/01/2019 16:00,0.143,0.062
21/01/2019 17:00,0.0,0.0
21/01/2019 18:00,0.0,0.0
21/01/2019 19:00,0.0,0.0
21/01/2019 20:00,0.0,0.0
21/01/2019 21:00,0.0,0.0
21/01/2019 22:00,0.0,0.0
21/01/2019 23:00,0.0,0.0
22/01/2019 00:00,0.0,0.0
22/01/2019 01:00,0.0,0.0
22/01/2019 02:00,0.0,0.0
22/01/2019 03:00,0.0,0.0
22/01/2019 04:00,0.0,0.0
22/01/2019 05:00,0.0,0.0
22/01/2019 06:00,0.02,0.008
22/01/2019 07:00,0.326,0.298
22/01/2019 08:00,0.55,0.539
22/01/2019 09:00,0.7,0.7
22/01/2019 10:00,0.782,0.791
22/01/2019 11:00,0.806,0.822
22/01/2019 12:00,0.79,0.807
22/01/2019 13:00,0.722,0.742
22/01/2019 14:00,0.583,0.625
22/01/2019 15:00,0.388,0.426
22/01/2019 16:00,0.128,0.145
22/01/2019 17:00,0.0,0.0
22/01/2019 18:00,0.0,0.0
22/01/2019 19:00,0.0,0.0
22/01/2019 20:00,0.0,0.0
22/01/2019 21:00,0.0,0.0
22/01/2019 22:00,0.0,0.0
22/01/2019 23:00,0.0,0.0
23/01/2019 00:00,0.0,0.0
23/01/2019 01:00,0.0,0.0
23/01/2019 02:00,0.0,0.0
23/01/2019 03:00,0.0,0.0
23/01/2019 04:00,0.0,0.0
23/01/2019 05:00,0.0,0.0
23/01/2019 06:00,0.017,0.003
23/01/2019 07:00,0.303,0.144
23/01/2019 08:00,0.543,0.418
23/01/2019 09:00,0.7,0.689
23/01/2019 10:00,0.787,0.783
23/01/2019 11:00,0.809,0.808
23/01/2019 12:00,0.788,0.792
23/01/2019 13:00,0.719,0.719
23/01/2019 14:00,0.594,0.558
23/01/2019 15:00,0.402,0.277
23/01/2019 16:00,0.141,0.064
23/01/2019 17:00,0.0,0.0
23/01/2019 18:00,0.0,0.0
23/01/2019 19:00,0.0,0.0
23/01/2019 20:00,0.0,0.0
23/01/2019 21:00,0.0,0.0
23/01/2019 22:00,0.0,0.0
23/01/2019 23:00,0.0,0.0
24/01/2019 00:00,0.0,0.0
24/01/2019 01:00,0.0,0.0
24/01/2019 02:00,0.0,0.0
24/01/2019 03:00,0.0,0.0
24/01/2019 04:00,0.0,0.0
24/01/2019 05:00,0.0,0.0
24/01/2019 06:00,0.014,0.002
24/01/2019 07:00,0.256,0.108
24/01/2019 08:00,0.485,0.294
24/01/2019 09:00,0.639,0.445
24/01/2019 10:00,0.72,0.486
24/01/2019 11:00,0.75,0.519
24/01/2019 12:00,0.732,0.521
24/01/2019 13:00,0.667,0.46
24/01/2019 14:00,0.455,0.334
24/01/2019 15:00,0.245,0.193
24/01/2019 16:00,0.077,0.052
24/01/2019 17:00,0.0,0.0
24/01/2019 18:00,0.0,0.0
24/01/2019 19:00,0.0,0.0
24/01/2019 20:00,0.0,0.0
24/01/2019 21:00,0.0,0.0
24/01/2019 22:00,0.0,0.0
24/01/2019 23:00,0.0,0.0
25/01/2019 00:00,0.0,0.0
25/01/2019 01:00,0.0,0.0
25/01/2019 02:00,0.0,0.0
25/01/2019 03:00,0.0,0.0
25/01/2019 04:00,0.0,0.0
25/01/2019 05:00,0.0,0.0
25/01/2019 06:00,0.007,0.007
25/01/2019 07:00,0.142,0.278
25/01/2019 08:00,0.384,0.522
25/01/2019 09:00,0.608,0.681
25/01/2019 10:00,0.703,0.772
25/01/2019 11:00,0.706,0.799
25/01/2019 12:00,0.728,0.775
25/01/2019 13:00,0.658,0.574
25/01/2019 14:00,0.533,0.397
25/01/2019 15:00,0.346,0.166
25/01/2019 16:00,0.105,0.037
25/01/2019 17:00,0.0,0.0
25/01/2019 18:00,0.0,0.0
25/01/2019 19:00,0.0,0.0
25/01/2019 20:00,0.0,0.0
25/01/2019 21:00,0.0,0.0
25/01/2019 22:00,0.0,0.0
25/01/2019 23:00,0.0,0.0
26/01/2019 00:00,0.0,0.0
26/01/2019 01:00,0.0,0.0
26/01/2019 02:00,0.0,0.0
26/01/2019 03:00,0.0,0.0
26/01/2019 04:00,0.0,0.0
26/01/2019 05:00,0.0,0.0
26/01/2019 06:00,0.007,0.005
26/01/2019 07:00,0.15,0.216
26/01/2019 08:00,0.305,0.435
26/01/2019 09:00,0.381,0.544
26/01/2019 10:00,0.47,0.637
26/01/2019 11:00,0.412,0.643
26/01/2019 12:00,0.27,0.605
26/01/2019 13:00,0.195,0.541
26/01/2019 14:00,0.19,0.427
26/01/2019 15:00,0.155,0.236
26/01/2019 16:00,0.052,0.058
26/01/2019 17:00,0.0,0.0
26/01/2019 18:00,0.0,0.0
26/01/2019 19:00,0.0,0.0
26/01/2019 20:00,0.0,0.0
26/01/2019 21:00,0.0,0.0
26/01/2019 22:00,0.0,0.0
26/01/2019 23:00,0.0,0.0
27/01/2019 00:00,0.0,0.0
27/01/2019 01:00,0.0,0.0
27/01/2019 02:00,0.0,0.0
27/01/2019 03:00,0.0,0.0
27/01/2019 04:00,0.0,0.0
27/01/2019 05:00,0.0,0.0
27/01/2019 06:00,0.001,0.001
27/01/2019 07:00,0.079,0.052
27/01/2019 08:00,0.225,0.118
27/01/2019 09:00,0.386,0.21
27/01/2019 10:00,0.467,0.327
27/01/2019 11:00,0.492,0.307
27/01/2019 12:00,0.349,0.265
27/01/2019 13:00,0.182,0.214
27/01/2019 14:00,0.098,0.135
27/01/2019 15:00,0.049,0.08
27/01/2019 16:00,0.011,0.033
27/01/2019 17:00,0.0,0.0
27/01/2019 18:00,0.0,0.0
27/01/2019 19:00,0.0,0.0
27/01/2019 20:00,0.0,0.0
27/01/2019 21:00,0.0,0.0
27/01/2019 22:00,0.0,0.0
27/01/2019 23:00,0.0,0.0
28/01/2019 00:00,0.0,0.0
28/01/2019 01:00,0.0,0.0
28/01/2019 02:00,0.0,0.0
28/01/2019 03:00,0.0,0.0
28/01/2019 04:00,0.0,0.0
28/01/2019 05:00,0.0,0.0
28/01/2019 06:00,0.022,0.011
28/01/2019 07:00,0.326,0.303
28/01/2019 08:00,0.566,0.547
28/01/2019 09:00,0.723,0.709
28/01/2019 10:00,0.815,0.806
28/01/2019 11:00,0.85,0.845
28/01/2019 12:00,0.835,0.829
28/01/2019 13:00,0.767,0.76
28/01/2019 14:00,0.639,0.637
28/01/2019 15:00,0.448,0.441
28/01/2019 16:00,0.181,0.166
28/01/2019 17:00,0.0,0.0
28/01/2019 18:00,0.0,0.0
28/01/2019 19:00,0.0,0.0
28/01/2019 20:00,0.0,0.0
28/01/2019 21:00,0.0,0.0
28/01/2019 22:00,0.0,0.0
28/01/2019 23:00,0.0,0.0
29/01/2019 00:00,0.0,0.0
29/01/2019 01:00,0.0,0.0
29/01/2019 02:00,0.0,0.0
29/01/2019 03:00,0.0,0.0
29/01/2019 04:00,0.0,0.0
29/01/2019 05:00,0.0,0.0
29/01/2019 06:00,0.033,0.017
29/01/2019 07:00,0.355,0.342
29/01/2019 08:00,0.566,0.568
29/01/2019 09:00,0.708,0.697
29/01/2019 10:00,0.792,0.768
29/01/2019 11:00,0.818,0.761
29/01/2019 12:00,0.79,0.741
29/01/2019 13:00,0.671,0.609
29/01/2019 14:00,0.534,0.399
29/01/2019 15:00,0.373,0.207
29/01/2019 16:00,0.117,0.056
29/01/2019 17:00,0.0,0.0
29/01/2019 18:00,0.0,0.0
29/01/2019 19:00,0.0,0.0
29/01/2019 20:00,0.0,0.0
29/01/2019 21:00,0.0,0.0
29/01/2019 22:00,0.0,0.0
29/01/2019 23:00,0.0,0.0
30/01/2019 00:00,0.0,0.0
30/01/2019 01:00,0.0,0.0
30/01/2019 02:00,0.0,0.0
30/01/2019 03:00,0.0,0.0
30/01/2019 04:00,0.0,0.0
30/01/2019 05:00,0.0,0.0
30/01/2019 06:00,0.022,0.015
30/01/2019 07:00,0.31,0.32
30/01/2019 08:00,0.542,0.554
30/01/2019 09:00,0.695,0.71
30/01/2019 10:00,0.783,0.802
30/01/2019 11:00,0.823,0.839
30/01/2019 12:00,0.808,0.823
30/01/2019 13:00,0.745,0.756
30/01/2019 14:00,0.618,0.631
30/01/2019 15:00,0.422,0.433
30/01/2019 16:00,0.154,0.158
30/01/2019 17:00,0.0,0.0
30/01/2019 18:00,0.0,0.0
30/01/2019 19:00,0.0,0.0
30/01/2019 20:00,0.0,0.0
30/01/2019 21:00,0.0,0.0
30/01/2019 22:00,0.0,0.0
30/01/2019 23:00,0.0,0.0
31/01/2019 00:00,0.0,0.0
31/01/2019 01:00,0.0,0.0
31/01/2019 02:00,0.0,0.0
31/01/2019 03:00,0.0,0.0
31/01/2019 04:00,0.0,0.0
31/01/2019 05:00,0.0,0.0
31/01/2019 06:00,0.029,0.016
31/01/2019 07:00,0.339,0.322
31/01/2019 08:00,0.566,0.548
31/01/2019 09:00,0.715,0.687
31/01/2019 10:00,0.801,0.798
31/01/2019 11:00,0.834,0.834
31/01/2019 12:00,0.818,0.816
31/01/2019 13:00,0.752,0.757
31/01/2019 14:00,0.619,0.629
31/01/2019 15:00,0.429,0.426
31/01/2019 16:00,0.168,0.152
31/01/2019 17:00,0.0,0.0
31/01/2019 18:00,0.0,0.0
31/01/2019 19:00,0.0,0.0
31/01/2019 20:00,0.0,0.0
31/01/2019 21:00,0.0,0.0
31/01/2019 22:00,0.0,0.0
31/01/2019 23:00,0.0,0.0
01/02/2019 00:00,0.0,0.0
01/02/2019 01:00,0.0,0.0
01/02/2019 02:00,0.0,0.0
01/02/2019 03:00,0.0,0.0
01/02/2019 04:00,0.0,0.0
01/02/2019 05:00,0.0,0.0
01/02/2019 06:00,0.033,0.017
01/02/2019 07:00,0.353,0.32
01/02/2019 08:00,0.579,0.546
01/02/2019 09:00,0.726,0.697
01/02/2019 10:00,0.81,0.788
01/02/2019 11:00,0.833,0.805
01/02/2019 12:00,0.816,0.786
01/02/2019 13:00,0.747,0.719
01/02/2019 14:00,0.622,0.593
01/02/2019 15:00,0.432,0.39
01/02/2019 16:00,0.172,0.12
01/02/2019 17:00,0.0,0.0
01/02/2019 18:00,0.0,0.0
01/02/2019 19:00,0.0,0.0
01/02/2019 20:00,0.0,0.0
01/02/2019 21:00,0.0,0.0
01/02/2019 22:00,0.0,0.0
01/02/2019 23:00,0.0,0.0
02/02/2019 00:00,0.0,0.0
02/02/2019 01:00,0.0,0.0
02/02/2019 02:00,0.0,0.0
02/02/2019 03:00,0.0,0.0
02/02/2019 04:00,0.0,0.0
02/02/2019 05:00,0.0,0.0
02/02/2019 06:00,0.014,0.018
02/02/2019 07:00,0.242,0.318
02/02/2019 08:00,0.532,0.545
02/02/2019 09:00,0.682,0.699
02/02/2019 10:00,0.726,0.792
02/02/2019 11:00,0.737,0.825
02/02/2019 12:00,0.753,0.806
02/02/2019 13:00,0.718,0.727
02/02/2019 14:00,0.602,0.54
02/02/2019 15:00,0.42,0.337
02/02/2019 16:00,0.165,0.12
02/02/2019 17:00,0.0,0.0
02/02/2019 18:00,0.0,0.0
02/02/2019 19:00,0.0,0.0
02/02/2019 20:00,0.0,0.0
02/02/2019 21:00,0.0,0.0
02/02/2019 22:00,0.0,0.0
02/02/2019 23:00,0.0,0.0
03/02/2019 00:00,0.0,0.0
03/02/2019 01:00,0.0,0.0
03/02/2019 02:00,0.0,0.0
03/02/2019 03:00,0.0,0.0
03/02/2019 04:00,0.0,0.0
03/02/2019 05:00,0.0,0.0
03/02/2019 06:00,0.035,0.019
03/02/2019 07:00,0.348,0.318
03/02/2019 08:00,0.569,0.543
03/02/2019 09:00,0.717,0.693
03/02/2019 10:00,0.799,0.781
03/02/2019 11:00,0.823,0.808
03/02/2019 12:00,0.806,0.791
03/02/2019 13:00,0.74,0.72
03/02/2019 14:00,0.623,0.596
03/02/2019 15:00,0.439,0.412
03/02/2019 16:00,0.184,0.162
03/02/2019 17:00,0.0,0.0
03/02/2019 18:00,0.0,0.0
03/02/2019 19:00,0.0,0.0
03/02/2019 20:00,0.0,0.0
03/02/2019 21:00,0.0,0.0
03/02/2019 22:00,0.0,0.0
03/02/2019 23:00,0.0,0.0
04/02/2019 00:00,0.0,0.0
04/02/2019 01:00,0.0,0.0
04/02/2019 02:00,0.0,0.0
04/02/2019 03:00,0.0,0.0
04/02/2019 04:00,0.0,0.0
04/02/2019 05:00,0.0,0.0
04/02/2019 06:00,0.03,0.022
04/02/2019 07:00,0.3,0.321
04/02/2019 08:00,0.518,0.54
04/02/2019 09:00,0.675,0.685
04/02/2019 10:00,0.766,0.77
04/02/2019 11:00,0.796,0.799
04/02/2019 12:00,0.758,0.781
04/02/2019 13:00,0.633,0.642
04/02/2019 14:00,0.446,0.569
04/02/2019 15:00,0.241,0.42
04/02/2019 16:00,0.065,0.166
04/02/2019 17:00,0.0,0.0
04/02/2019 18:00,0.0,0.0
04/02/2019 19:00,0.0,0.0
04/02/2019 20:00,0.0,0.0
04/02/2019 21:00,0.0,0.0
04/02/2019 22:00,0.0,0.0
04/02/2019 23:00,0.0,0.0
05/02/2019 00:00,0.0,0.0
05/02/2019 01:00,0.0,0.0
05/02/2019 02:00,0.0,0.0
05/02/2019 03:00,0.0,0.0
05/02/2019 04:00,0.0,0.0
05/02/2019 05:00,0.0,0.0
05/02/2019 06:00,0.018,0.014
05/02/2019 07:00,0.248,0.256
05/02/2019 08:00,0.489,0.48
05/02/2019 09:00,0.637,0.608
05/02/2019 10:00,0.719,0.673
05/02/2019 11:00,0.722,0.46
05/02/2019 12:00,0.708,0.22
05/02/2019 13:00,0.639,0.145
05/02/2019 14:00,0.456,0.087
05/02/2019 15:00,0.236,0.084
05/02/2019 16:00,0.074,0.078
05/02/2019 17:00,0.0,0.0
05/02/2019 18:00,0.0,0.0
05/02/2019 19:00,0.0,0.0
05/02/2019 20:00,0.0,0.0
05/02/2019 21:00,0.0,0.0
05/02/2019 22:00,0.0,0.0
05/02/2019 23:00,0.0,0.0
06/02/2019 00:00,0.0,0.0
06/02/2019 01:00,0.0,0.0
06/02/2019 02:00,0.0,0.0
06/02/2019 03:00,0.0,0.0
06/02/2019 04:00,0.0,0.0
06/02/2019 05:00,0.0,0.0
06/02/2019 06:00,0.017,0.008
06/02/2019 07:00,0.204,0.163
06/02/2019 08:00,0.391,0.4
06/02/2019 09:00,0.526,0.579
06/02/2019 10:00,0.619,0.683
06/02/2019 11:00,0.665,0.714
06/02/2019 12:00,0.699,0.701
06/02/2019 13:00,0.64,0.568
06/02/2019 14:00,0.513,0.406
06/02/2019 15:00,0.326,0.036
06/02/2019 16:00,0.109,0.018
06/02/2019 17:00,0.0,0.0
06/02/2019 18:00,0.0,0.0
06/02/2019 19:00,0.0,0.0
06/02/2019 20:00,0.0,0.0
06/02/2019 21:00,0.0,0.0
06/02/2019 22:00,0.0,0.0
06/02/2019 23:00,0.0,0.0
07/02/2019 00:00,0.0,0.0
07/02/2019 01:00,0.0,0.0
07/02/2019 02:00,0.0,0.0
07/02/2019 03:00,0.0,0.0
07/02/2019 04:00,0.0,0.0
07/02/2019 05:00,0.0,0.0
07/02/2019 06:00,0.016,0.012
07/02/2019 07:00,0.215,0.242
07/02/2019 08:00,0.447,0.528
07/02/2019 09:00,0.614,0.698
07/02/2019 10:00,0.715,0.802
07/02/2019 11:00,0.748,0.837
07/02/2019 12:00,0.736,0.824
07/02/2019 13:00,0.657,0.755
07/02/2019 14:00,0.519,0.628
07/02/2019 15:00,0.333,0.419
07/02/2019 16:00,0.126,0.147
07/02/2019 17:00,0.0,0.0
07/02/2019 18:00,0.0,0.0
07/02/2019 19:00,0.0,0.0
07/02/2019 20:00,0.0,0.0
07/02/2019 21:00,0.0,0.0
07/02/2019 22:00,0.0,0.0
07/02/2019 23:00,0.0,0.0
08/02/2019 00:00,0.0,0.0
08/02/2019 01:00,0.0,0.0
08/02/2019 02:00,0.0,0.0
08/02/2019 03:00,0.0,0.0
08/02/2019 04:00,0.0,0.0
08/02/2019 05:00,0.0,0.0
08/02/2019 06:00,0.023,0.018
08/02/2019 07:00,0.264,0.282
08/02/2019 08:00,0.497,0.519
08/02/2019 09:00,0.659,0.682
08/02/2019 10:00,0.76,0.78
08/02/2019 11:00,0.809,0.825
08/02/2019 12:00,0.794,0.812
08/02/2019 13:00,0.726,0.744
08/02/2019 14:00,0.602,0.617
08/02/2019 15:00,0.414,0.421
08/02/2019 16:00,0.164,0.159
08/02/2019 17:00,0.001,0.0
08/02/2019 18:00,0.0,0.0
08/02/2019 19:00,0.0,0.0
08/02/2019 20:00,0.0,0.0
08/02/2019 21:00,0.0,0.0
08/02/2019 22:00,0.0,0.0
08/02/2019 23:00,0.0,0.0
09/02/2019 00:00,0.0,0.0
09/02/2019 01:00,0.0,0.0
09/02/2019 02:00,0.0,0.0
09/02/2019 03:00,0.0,0.0
09/02/2019 04:00,0.0,0.0
09/02/2019 05:00,0.0,0.0
09/02/2019 06:00,0.038,0.025
09/02/2019 07:00,0.332,0.318
09/02/2019 08:00,0.555,0.549
09/02/2019 09:00,0.702,0.709
09/02/2019 10:00,0.793,0.807
09/02/2019 11:00,0.835,0.849
09/02/2019 12:00,0.82,0.835
09/02/2019 13:00,0.753,0.768
09/02/2019 14:00,0.618,0.643
09/02/2019 15:00,0.429,0.451
09/02/2019 16:00,0.175,0.189
09/02/2019 17:00,0.001,0.001
09/02/2019 18:00,0.0,0.0
09/02/2019 19:00,0.0,0.0
09/02/2019 20:00,0.0,0.0
09/02/2019 21:00,0.0,0.0
09/02/2019 22:00,0.0,0.0
09/02/2019 23:00,0.0,0.0
10/02/2019 00:00,0.0,0.0
10/02/2019 01:00,0.0,0.0
10/02/2019 02:00,0.0,0.0
10/02/2019 03:00,0.0,0.0
10/02/2019 04:00,0.0,0.0
10/02/2019 05:00,0.0,0.0
10/02/2019 06:00,0.045,0.031
10/02/2019 07:00,0.349,0.338
10/02/2019 08:00,0.568,0.563
10/02/2019 09:00,0.714,0.718
10/02/2019 10:00,0.804,0.812
10/02/2019 11:00,0.833,0.843
10/02/2019 12:00,0.818,0.827
10/02/2019 13:00,0.752,0.759
10/02/2019 14:00,0.628,0.636
10/02/2019 15:00,0.439,0.44
10/02/2019 16:00,0.184,0.179
10/02/2019 17:00,0.002,0.001
10/02/2019 18:00,0.0,0.0
10/02/2019 19:00,0.0,0.0
10/02/2019 20:00,0.0,0.0
10/02/2019 21:00,0.0,0.0
10/02/2019 22:00,0.0,0.0
10/02/2019 23:00,0.0,0.0
11/02/2019 00:00,0.0,0.0
11/02/2019 01:00,0.0,0.0
11/02/2019 02:00,0.0,0.0
11/02/2019 03:00,0.0,0.0
11/02/2019 04:00,0.0,0.0
11/02/2019 05:00,0.0,0.0
11/02/2019 06:00,0.05,0.036
11/02/2019 07:00,0.356,0.343
11/02/2019 08:00,0.571,0.577
11/02/2019 09:00,0.717,0.733
11/02/2019 10:00,0.807,0.827
11/02/2019 11:00,0.841,0.864
11/02/2019 12:00,0.828,0.851
11/02/2019 13:00,0.763,0.784
11/02/2019 14:00,0.633,0.658
11/02/2019 15:00,0.448,0.469
11/02/2019 16:00,0.195,0.21
11/02/2019 17:00,0.003,0.002
11/02/2019 18:00,0.0,0.0
11/02/2019 19:00,0.0,0.0
11/02/2019 20:00,0.0,0.0
11/02/2019 21:00,0.0,0.0
11/02/2019 22:00,0.0,0.0
11/02/2019 23:00,0.0,0.0
12/02/2019 00:00,0.0,0.0
12/02/2019 01:00,0.0,0.0
12/02/2019 02:00,0.0,0.0
12/02/2019 03:00,0.0,0.0
12/02/2019 04:00,0.0,0.0
12/02/2019 05:00,0.0,0.0
12/02/2019 06:00,0.058,0.041
12/02/2019 07:00,0.372,0.334
12/02/2019 08:00,0.584,0.472
12/02/2019 09:00,0.726,0.67
12/02/2019 10:00,0.811,0.808
12/02/2019 11:00,0.84,0.846
12/02/2019 12:00,0.824,0.829
12/02/2019 13:00,0.757,0.761
12/02/2019 14:00,0.631,0.635
12/02/2019 15:00,0.448,0.447
12/02/2019 16:00,0.2,0.191
12/02/2019 17:00,0.003,0.002
12/02/2019 18:00,0.0,0.0
12/02/2019 19:00,0.0,0.0
12/02/2019 20:00,0.0,0.0
12/02/2019 21:00,0.0,0.0
12/02/2019 22:00,0.0,0.0
12/02/2019 23:00,0.0,0.0
13/02/2019 00:00,0.0,0.0
13/02/2019 01:00,0.0,0.0
13/02/2019 02:00,0.0,0.0
13/02/2019 03:00,0.0,0.0
13/02/2019 04:00,0.0,0.0
13/02/2019 05:00,0.0,0.0
13/02/2019 06:00,0.046,0.031
13/02/2019 07:00,0.336,0.297
13/02/2019 08:00,0.552,0.522
13/02/2019 09:00,0.658,0.689
13/02/2019 10:00,0.729,0.785
13/02/2019 11:00,0.76,0.817
13/02/2019 12:00,0.722,0.803
13/02/2019 13:00,0.602,0.736
13/02/2019 14:00,0.481,0.622
13/02/2019 15:00,0.354,0.429
13/02/2019 16:00,0.15,0.17
13/02/2019 17:00,0.002,0.001
13/02/2019 18:00,0.0,0.0
13/02/2019 19:00,0.0,0.0
13/02/2019 20:00,0.0,0.0
13/02/2019 21:00,0.0,0.0
13/02/2019 22:00,0.0,0.0
13/02/2019 23:00,0.0,0.0
14/02/2019 00:00,0.0,0.0
14/02/2019 01:00,0.0,0.0
14/02/2019 02:00,0.0,0.0
14/02/2019 03:00,0.0,0.0
14/02/2019 04:00,0.0,0.0
14/02/2019 05:00,0.0,0.0
14/02/2019 06:00,0.04,0.024
14/02/2019 07:00,0.305,0.296
14/02/2019 08:00,0.526,0.551
14/02/2019 09:00,0.683,0.725
14/02/2019 10:00,0.778,0.826
14/02/2019 11:00,0.813,0.864
14/02/2019 12:00,0.8,0.848
14/02/2019 13:00,0.737,0.778
14/02/2019 14:00,0.625,0.655
14/02/2019 15:00,0.438,0.458
14/02/2019 16:00,0.186,0.191
14/02/2019 17:00,0.003,0.002
14/02/2019 18:00,0.0,0.0
14/02/2019 19:00,0.0,0.0
14/02/2019 20:00,0.0,0.0
14/02/2019 21:00,0.0,0.0
14/02/2019 22:00,0.0,0.0
14/02/2019 23:00,0.0,0.0
15/02/2019 00:00,0.0,0.0
15/02/2019 01:00,0.0,0.0
15/02/2019 02:00,0.0,0.0
15/02/2019 03:00,0.0,0.0
15/02/2019 04:00,0.0,0.0
15/02/2019 05:00,0.0,0.0
15/02/2019 06:00,0.042,0.018
15/02/2019 07:00,0.315,0.228
15/02/2019 08:00,0.54,0.454
15/02/2019 09:00,0.698,0.652
15/02/2019 10:00,0.793,0.762
15/02/2019 11:00,0.835,0.795
15/02/2019 12:00,0.817,0.762
15/02/2019 13:00,0.746,0.705
15/02/2019 14:00,0.616,0.579
15/02/2019 15:00,0.423,0.39
15/02/2019 16:00,0.172,0.118
15/02/2019 17:00,0.003,0.0
15/02/2019 18:00,0.0,0.0
15/02/2019 19:00,0.0,0.0
15/02/2019 20:00,0.0,0.0
15/02/2019 21:00,0.0,0.0
15/02/2019 22:00,0.0,0.0
15/02/2019 23:00,0.0,0.0
16/02/2019 00:00,0.0,0.0
16/02/2019 01:00,0.0,0.0
16/02/2019 02:00,0.0,0.0
16/02/2019 03:00,0.0,0.0
16/02/2019 04:00,0.0,0.0
16/02/2019 05:00,0.0,0.0
16/02/2019 06:00,0.038,0.019
16/02/2019 07:00,0.305,0.224
16/02/2019 08:00,0.536,0.513
16/02/2019 09:00,0.694,0.686
16/02/2019 10:00,0.792,0.795
16/02/2019 11:00,0.834,0.855
16/02/2019 12:00,0.82,0.842
16/02/2019 13:00,0.752,0.775
16/02/2019 14:00,0.609,0.646
16/02/2019 15:00,0.417,0.456
16/02/2019 16:00,0.169,0.198
16/02/2019 17:00,0.003,0.003
16/02/2019 18:00,0.0,0.0
16/02/2019 19:00,0.0,0.0
16/02/2019 20:00,0.0,0.0
16/02/2019 21:00,0.0,0.0
16/02/2019 22:00,0.0,0.0
16/02/2019 23:00,0.0,0.0
17/02/2019 00:00,0.0,0.0
17/02/2019 01:00,0.0,0.0
17/02/2019 02:00,0.0,0.0
17/02/2019 03:00,0.0,0.0
17/02/2019 04:00,0.0,0.0
17/02/2019 05:00,0.0,0.0
17/02/2019 06:00,0.057,0.046
17/02/2019 07:00,0.354,0.351
17/02/2019 08:00,0.573,0.573
17/02/2019 09:00,0.721,0.728
17/02/2019 10:00,0.812,0.823
17/02/2019 11:00,0.842,0.86
17/02/2019 12:00,0.828,0.846
17/02/2019 13:00,0.761,0.779
17/02/2019 14:00,0.639,0.655
17/02/2019 15:00,0.455,0.465
17/02/2019 16:00,0.206,0.207
17/02/2019 17:00,0.006,0.004
17/02/2019 18:00,0.0,0.0
17/02/2019 19:00,0.0,0.0
17/02/2019 20:00,0.0,0.0
17/02/2019 21:00,0.0,0.0
17/02/2019 22:00,0.0,0.0
17/02/2019 23:00,0.0,0.0
18/02/2019 00:00,0.0,0.0
18/02/2019 01:00,0.0,0.0
18/02/2019 02:00,0.0,0.0
18/02/2019 03:00,0.0,0.0
18/02/2019 04:00,0.0,0.0
18/02/2019 05:00,0.0,0.0
18/02/2019 06:00,0.058,0.037
18/02/2019 07:00,0.347,0.317
18/02/2019 08:00,0.565,0.547
18/02/2019 09:00,0.712,0.7
18/02/2019 10:00,0.804,0.795
18/02/2019 11:00,0.847,0.851
18/02/2019 12:00,0.833,0.845
18/02/2019 13:00,0.768,0.781
18/02/2019 14:00,0.643,0.655
18/02/2019 15:00,0.457,0.465
18/02/2019 16:00,0.206,0.208
18/02/2019 17:00,0.006,0.005
18/02/2019 18:00,0.0,0.0
18/02/2019 19:00,0.0,0.0
18/02/2019 20:00,0.0,0.0
18/02/2019 21:00,0.0,0.0
18/02/2019 22:00,0.0,0.0
18/02/2019 23:00,0.0,0.0
19/02/2019 00:00,0.0,0.0
19/02/2019 01:00,0.0,0.0
19/02/2019 02:00,0.0,0.0
19/02/2019 03:00,0.0,0.0
19/02/2019 04:00,0.0,0.0
19/02/2019 05:00,0.0,0.0
19/02/2019 06:00,0.07,0.048
19/02/2019 07:00,0.373,0.283
19/02/2019 08:00,0.587,0.583
19/02/2019 09:00,0.732,0.737
19/02/2019 10:00,0.82,0.829
19/02/2019 11:00,0.85,0.859
19/02/2019 12:00,0.834,0.845
19/02/2019 13:00,0.767,0.777
19/02/2019 14:00,0.637,0.651
19/02/2019 15:00,0.451,0.461
19/02/2019 16:00,0.202,0.205
19/02/2019 17:00,0.006,0.005
19/02/2019 18:00,0.0,0.0
19/02/2019 19:00,0.0,0.0
19/02/2019 20:00,0.0,0.0
19/02/2019 21:00,0.0,0.0
19/02/2019 22:00,0.0,0.0
19/02/2019 23:00,0.0,0.0
20/02/2019 00:00,0.0,0.0
20/02/2019 01:00,0.0,0.0
20/02/2019 02:00,0.0,0.0
20/02/2019 03:00,0.0,0.0
20/02/2019 04:00,0.0,0.0
20/02/2019 05:00,0.0,0.0
20/02/2019 06:00,0.064,0.047
20/02/2019 07:00,0.354,0.336
20/02/2019 08:00,0.571,0.557
20/02/2019 09:00,0.717,0.709
20/02/2019 10:00,0.805,0.805
20/02/2019 11:00,0.839,0.845
20/02/2019 12:00,0.825,0.832
20/02/2019 13:00,0.76,0.766
20/02/2019 14:00,0.638,0.642
20/02/2019 15:00,0.458,0.453
20/02/2019 16:00,0.216,0.201
20/02/2019 17:00,0.008,0.005
20/02/2019 18:00,0.0,0.0
20/02/2019 19:00,0.0,0.0
20/02/2019 20:00,0.0,0.0
20/02/2019 21:00,0.0,0.0
20/02/2019 22:00,0.0,0.0
20/02/2019 23:00,0.0,0.0
21/02/2019 00:00,0.0,0.0
21/02/2019 01:00,0.0,0.0
21/02/2019 02:00,0.0,0.0
21/02/2019 03:00,0.0,0.0
21/02/2019 04:00,0.0,0.0
21/02/2019 05:00,0.0,0.0
21/02/2019 06:00,0.032,0.044
21/02/2019 07:00,0.26,0.321
21/02/2019 08:00,0.529,0.549
21/02/2019 09:00,0.643,0.706
21/02/2019 10:00,0.742,0.802
21/02/2019 11:00,0.81,0.812
21/02/2019 12:00,0.803,0.795
21/02/2019 13:00,0.716,0.728
21/02/2019 14:00,0.557,0.631
21/02/2019 15:00,0.381,0.438
21/02/2019 16:00,0.186,0.185
21/02/2019 17:00,0.008,0.005
21/02/2019 18:00,0.0,0.0
21/02/2019 19:00,0.0,0.0
21/02/2019 20:00,0.0,0.0
21/02/2019 21:00,0.0,0.0
21/02/2019 22:00,0.0,0.0
21/02/2019 23:00,0.0,0.0
22/02/2019 00:00,0.0,0.0
22/02/2019 01:00,0.0,0.0
22/02/2019 02:00,0.0,0.0
22/02/2019 03:00,0.0,0.0
22/02/2019 04:00,0.0,0.0
22/02/2019 05:00,0.0,0.0
22/02/2019 06:00,0.05,0.041
22/02/2019 07:00,0.31,0.313
22/02/2019 08:00,0.532,0.543
22/02/2019 09:00,0.684,0.704
22/02/2019 10:00,0.778,0.802
22/02/2019 11:00,0.817,0.835
22/02/2019 12:00,0.8,0.816
22/02/2019 13:00,0.73,0.741
22/02/2019 14:00,0.619,0.61
22/02/2019 15:00,0.434,0.409
22/02/2019 16:00,0.19,0.162
22/02/2019 17:00,0.007,0.004
22/02/2019 18:00,0.0,0.0
22/02/2019 19:00,0.0,0.0
22/02/2019 20:00,0.0,0.0
22/02/2019 21:00,0.0,0.0
22/02/2019 22:00,0.0,0.0
22/02/2019 23:00,0.0,0.0
23/02/2019 00:00,0.0,0.0
23/02/2019 01:00,0.0,0.0
23/02/2019 02:00,0.0,0.0
23/02/2019 03:00,0.0,0.0
23/02/2019 04:00,0.0,0.0
23/02/2019 05:00,0.0,0.0
23/02/2019 06:00,0.041,0.044
23/02/2019 07:00,0.297,0.309
23/02/2019 08:00,0.526,0.537
23/02/2019 09:00,0.683,0.697
23/02/2019 10:00,0.778,0.794
23/02/2019 11:00,0.774,0.815
23/02/2019 12:00,0.765,0.792
23/02/2019 13:00,0.703,0.718
23/02/2019 14:00,0.598,0.588
23/02/2019 15:00,0.415,0.388
23/02/2019 16:00,0.179,0.152
23/02/2019 17:00,0.006,0.004
23/02/2019 18:00,0.0,0.0
23/02/2019 19:00,0.0,0.0
23/02/2019 20:00,0.0,0.0
23/02/2019 21:00,0.0,0.0
23/02/2019 22:00,0.0,0.0
23/02/2019 23:00,0.0,0.0
24/02/2019 00:00,0.0,0.0
24/02/2019 01:00,0.0,0.0
24/02/2019 02:00,0.0,0.0
24/02/2019 03:00,0.0,0.0
24/02/2019 04:00,0.0,0.0
24/02/2019 05:00,0.0,0.0
24/02/2019 06:00,0.027,0.032
24/02/2019 07:00,0.167,0.249
24/02/2019 08:00,0.341,0.454
24/02/2019 09:00,0.477,0.632
24/02/2019 10:00,0.578,0.747
24/02/2019 11:00,0.649,0.751
24/02/2019 12:00,0.694,0.727
24/02/2019 13:00,0.592,0.662
24/02/2019 14:00,0.458,0.544
24/02/2019 15:00,0.295,0.358
24/02/2019 16:00,0.122,0.136
24/02/2019 17:00,0.005,0.004
24/02/2019 18:00,0.0,0.0
24/02/2019 19:00,0.0,0.0
24/02/2019 20:00,0.0,0.0
24/02/2019 21:00,0.0,0.0
24/02/2019 22:00,0.0,0.0
24/02/2019 23:00,0.0,0.0
25/02/2019 00:00,0.0,0.0
25/02/2019 01:00,0.0,0.0
25/02/2019 02:00,0.0,0.0
25/02/2019 03:00,0.0,0.0
25/02/2019 04:00,0.0,0.0
25/02/2019 05:00,0.0,0.0
25/02/2019 06:00,0.042,0.038
25/02/2019 07:00,0.261,0.275
25/02/2019 08:00,0.479,0.493
25/02/2019 09:00,0.63,0.64
25/02/2019 10:00,0.716,0.728
25/02/2019 11:00,0.746,0.769
25/02/2019 12:00,0.726,0.756
25/02/2019 13:00,0.659,0.69
25/02/2019 14:00,0.517,0.581
25/02/2019 15:00,0.342,0.4
25/02/2019 16:00,0.132,0.168
25/02/2019 17:00,0.005,0.006
25/02/2019 18:00,0.0,0.0
25/02/2019 19:00,0.0,0.0
25/02/2019 20:00,0.0,0.0
25/02/2019 21:00,0.0,0.0
25/02/2019 22:00,0.0,0.0
25/02/2019 23:00,0.0,0.0
26/02/2019 00:00,0.0,0.0
26/02/2019 01:00,0.0,0.0
26/02/2019 02:00,0.0,0.0
26/02/2019 03:00,0.0,0.0
26/02/2019 04:00,0.0,0.0
26/02/2019 05:00,0.0,0.0
26/02/2019 06:00,0.024,0.024
26/02/2019 07:00,0.161,0.154
26/02/2019 08:00,0.358,0.241
26/02/2019 09:00,0.522,0.46
26/02/2019 10:00,0.634,0.53
26/02/2019 11:00,0.702,0.731
26/02/2019 12:00,0.713,0.436
26/02/2019 13:00,0.665,0.308
26/02/2019 14:00,0.516,0.208
26/02/2019 15:00,0.24,0.132
26/02/2019 16:00,0.082,0.053
26/02/2019 17:00,0.002,0.001
26/02/2019 18:00,0.0,0.0
26/02/2019 19:00,0.0,0.0
26/02/2019 20:00,0.0,0.0
26/02/2019 21:00,0.0,0.0
26/02/2019 22:00,0.0,0.0
26/02/2019 23:00,0.0,0.0
27/02/2019 00:00,0.0,0.0
27/02/2019 01:00,0.0,0.0
27/02/2019 02:00,0.0,0.0
27/02/2019 03:00,0.0,0.0
27/02/2019 04:00,0.0,0.0
27/02/2019 05:00,0.0,0.0
27/02/2019 06:00,0.016,0.011
27/02/2019 07:00,0.124,0.088
27/02/2019 08:00,0.263,0.226
27/02/2019 09:00,0.511,0.311
27/02/2019 10:00,0.647,0.399
27/02/2019 11:00,0.687,0.416
27/02/2019 12:00,0.497,0.408
27/02/2019 13:00,0.54,0.324
27/02/2019 14:00,0.538,0.235
27/02/2019 15:00,0.348,0.238
27/02/2019 16:00,0.137,0.075
27/02/2019 17:00,0.003,0.001
27/02/2019 18:00,0.0,0.0
27/02/2019 19:00,0.0,0.0
27/02/2019 20:00,0.0,0.0
27/02/2019 21:00,0.0,0.0
27/02/2019 22:00,0.0,0.0
27/02/2019 23:00,0.0,0.0
28/02/2019 00:00,0.0,0.0
28/02/2019 01:00,0.0,0.0
28/02/2019 02:00,0.0,0.0
28/02/2019 03:00,0.0,0.0
28/02/2019 04:00,0.0,0.0
28/02/2019 05:00,0.0,0.0
28/02/2019 06:00,0.06,0.053
28/02/2019 07:00,0.329,0.322
28/02/2019 08:00,0.552,0.552
28/02/2019 09:00,0.711,0.712
28/02/2019 10:00,0.806,0.811
28/02/2019 11:00,0.843,0.841
28/02/2019 12:00,0.827,0.816
28/02/2019 13:00,0.758,0.739
28/02/2019 14:00,0.641,0.591
28/02/2019 15:00,0.451,0.375
28/02/2019 16:00,0.199,0.145
28/02/2019 17:00,0.009,0.006
28/02/2019 18:00,0.0,0.0
28/02/2019 19:00,0.0,0.0
28/02/2019 20:00,0.0,0.0
28/02/2019 21:00,0.0,0.0
28/02/2019 22:00,0.0,0.0
28/02/2019 23:00,0.0,0.0
01/03/2019 00:00,0.0,0.0
01/03/2019 01:00,0.0,0.0
01/03/2019 02:00,0.0,0.0
01/03/2019 03:00,0.0,0.0
01/03/2019 04:00,0.0,0.0
01/03/2019 05:00,0.0,0.0
01/03/2019 06:00,0.058,0.034
01/03/2019 07:00,0.317,0.214
01/03/2019 08:00,0.553,0.543
01/03/2019 09:00,0.718,0.745
01/03/2019 10:00,0.815,0.843
01/03/2019 11:00,0.854,0.881
01/03/2019 12:00,0.84,0.866
01/03/2019 13:00,0.775,0.799
01/03/2019 14:00,0.646,0.674
01/03/2019 15:00,0.442,0.488
01/03/2019 16:00,0.199,0.24
01/03/2019 17:00,0.013,0.014
01/03/2019 18:00,0.0,0.0
01/03/2019 19:00,0.0,0.0
01/03/2019 20:00,0.0,0.0
01/03/2019 21:00,0.0,0.0
01/03/2019 22:00,0.0,0.0
01/03/2019 23:00,0.0,0.0
02/03/2019 00:00,0.0,0.0
02/03/2019 01:00,0.0,0.0
02/03/2019 02:00,0.0,0.0
02/03/2019 03:00,0.0,0.0
02/03/2019 04:00,0.0,0.0
02/03/2019 05:00,0.0,0.0
02/03/2019 06:00,0.082,0.039
02/03/2019 07:00,0.351,0.279
02/03/2019 08:00,0.572,0.567
02/03/2019 09:00,0.724,0.725
02/03/2019 10:00,0.81,0.819
02/03/2019 11:00,0.84,0.841
02/03/2019 12:00,0.826,0.824
02/03/2019 13:00,0.758,0.757
02/03/2019 14:00,0.62,0.648
02/03/2019 15:00,0.405,0.461
02/03/2019 16:00,0.169,0.22
02/03/2019 17:00,0.01,0.014
02/03/2019 18:00,0.0,0.0
02/03/2019 19:00,0.0,0.0
02/03/2019 20:00,0.0,0.0
02/03/2019 21:00,0.0,0.0
02/03/2019 22:00,0.0,0.0
02/03/2019 23:00,0.0,0.0
03/03/2019 00:00,0.0,0.0
03/03/2019 01:00,0.0,0.0
03/03/2019 02:00,0.0,0.0
03/03/2019 03:00,0.0,0.0
03/03/2019 04:00,0.0,0.0
03/03/2019 05:00,0.0,0.0
03/03/2019 06:00,0.057,0.074
03/03/2019 07:00,0.296,0.351
03/03/2019 08:00,0.518,0.573
03/03/2019 09:00,0.673,0.727
03/03/2019 10:00,0.768,0.821
03/03/2019 11:00,0.794,0.861
03/03/2019 12:00,0.779,0.845
03/03/2019 13:00,0.711,0.778
03/03/2019 14:00,0.59,0.654
03/03/2019 15:00,0.411,0.469
03/03/2019 16:00,0.184,0.223
03/03/2019 17:00,0.011,0.013
03/03/2019 18:00,0.0,0.0
03/03/2019 19:00,0.0,0.0
03/03/2019 20:00,0.0,0.0
03/03/2019 21:00,0.0,0.0
03/03/2019 22:00,0.0,0.0
03/03/2019 23:00,0.0,0.0
04/03/2019 00:00,0.0,0.0
04/03/2019 01:00,0.0,0.0
04/03/2019 02:00,0.0,0.0
04/03/2019 03:00,0.0,0.0
04/03/2019 04:00,0.0,0.0
04/03/2019 05:00,0.0,0.0
04/03/2019 06:00,0.079,0.061
04/03/2019 07:00,0.345,0.321
04/03/2019 08:00,0.564,0.547
04/03/2019 09:00,0.714,0.708
04/03/2019 10:00,0.805,0.805
04/03/2019 11:00,0.842,0.842
04/03/2019 12:00,0.827,0.829
04/03/2019 13:00,0.762,0.763
04/03/2019 14:00,0.634,0.65
04/03/2019 15:00,0.454,0.469
04/03/2019 16:00,0.219,0.229
04/03/2019 17:00,0.016,0.016
04/03/2019 18:00,0.0,0.0
04/03/2019 19:00,0.0,0.0
04/03/2019 20:00,0.0,0.0
04/03/2019 21:00,0.0,0.0
04/03/2019 22:00,0.0,0.0
04/03/2019 23:00,0.0,0.0
05/03/2019 00:00,0.0,0.0
05/03/2019 01:00,0.0,0.0
05/03/2019 02:00,0.0,0.0
05/03/2019 03:00,0.0,0.0
05/03/2019 04:00,0.0,0.0
05/03/2019 05:00,0.0,0.0
05/03/2019 06:00,0.07,0.059
05/03/2019 07:00,0.316,0.301
05/03/2019 08:00,0.53,0.502
05/03/2019 09:00,0.679,0.628
05/03/2019 10:00,0.772,0.684
05/03/2019 11:00,0.818,0.657
05/03/2019 12:00,0.806,0.658
05/03/2019 13:00,0.744,0.65
05/03/2019 14:00,0.628,0.583
05/03/2019 15:00,0.454,0.429
05/03/2019 16:00,0.224,0.199
05/03/2019 17:00,0.018,0.012
05/03/2019 18:00,0.0,0.0
05/03/2019 19:00,0.0,0.0
05/03/2019 20:00,0.0,0.0
05/03/2019 21:00,0.0,0.0
05/03/2019 22:00,0.0,0.0
05/03/2019 23:00,0.0,0.0
06/03/2019 00:00,0.0,0.0
06/03/2019 01:00,0.0,0.0
06/03/2019 02:00,0.0,0.0
06/03/2019 03:00,0.0,0.0
06/03/2019 04:00,0.0,0.0
06/03/2019 05:00,0.0,0.0
06/03/2019 06:00,0.084,0.058
06/03/2019 07:00,0.341,0.233
06/03/2019 08:00,0.554,0.571
06/03/2019 09:00,0.704,0.728
06/03/2019 10:00,0.797,0.82
06/03/2019 11:00,0.835,0.855
06/03/2019 12:00,0.823,0.842
06/03/2019 13:00,0.76,0.778
06/03/2019 14:00,0.642,0.655
06/03/2019 15:00,0.467,0.476
06/03/2019 16:00,0.235,0.24
06/03/2019 17:00,0.021,0.021
06/03/2019 18:00,0.0,0.0
06/03/2019 19:00,0.0,0.0
06/03/2019 20:00,0.0,0.0
06/03/2019 21:00,0.0,0.0
06/03/2019 22:00,0.0,0.0
06/03/2019 23:00,0.0,0.0
07/03/2019 00:00,0.0,0.0
07/03/2019 01:00,0.0,0.0
07/03/2019 02:00,0.0,0.0
07/03/2019 03:00,0.0,0.0
07/03/2019 04:00,0.0,0.0
07/03/2019 05:00,0.0,0.0
07/03/2019 06:00,0.093,0.093
07/03/2019 07:00,0.353,0.362
07/03/2019 08:00,0.565,0.573
07/03/2019 09:00,0.71,0.717
07/03/2019 10:00,0.799,0.807
07/03/2019 11:00,0.828,0.838
07/03/2019 12:00,0.814,0.826
07/03/2019 13:00,0.75,0.764
07/03/2019 14:00,0.625,0.648
07/03/2019 15:00,0.448,0.473
07/03/2019 16:00,0.217,0.238
07/03/2019 17:00,0.017,0.021
07/03/2019 18:00,0.0,0.0
07/03/2019 19:00,0.0,0.0
07/03/2019 20:00,0.0,0.0
07/03/2019 21:00,0.0,0.0
07/03/2019 22:00,0.0,0.0
07/03/2019 23:00,0.0,0.0
08/03/2019 00:00,0.0,0.0
08/03/2019 01:00,0.0,0.0
08/03/2019 02:00,0.0,0.0
08/03/2019 03:00,0.0,0.0
08/03/2019 04:00,0.0,0.0
08/03/2019 05:00,0.0,0.0
08/03/2019 06:00,0.096,0.061
08/03/2019 07:00,0.353,0.375
08/03/2019 08:00,0.565,0.594
08/03/2019 09:00,0.709,0.742
08/03/2019 10:00,0.793,0.828
08/03/2019 11:00,0.819,0.858
08/03/2019 12:00,0.804,0.842
08/03/2019 13:00,0.741,0.78
08/03/2019 14:00,0.63,0.663
08/03/2019 15:00,0.458,0.49
08/03/2019 16:00,0.232,0.258
08/03/2019 17:00,0.022,0.028
08/03/2019 18:00,0.0,0.0
08/03/2019 19:00,0.0,0.0
08/03/2019 20:00,0.0,0.0
08/03/2019 21:00,0.0,0.0
08/03/2019 22:00,0.0,0.0
08/03/2019 23:00,0.0,0.0
09/03/2019 00:00,0.0,0.0
09/03/2019 01:00,0.0,0.0
09/03/2019 02:00,0.0,0.0
09/03/2019 03:00,0.0,0.0
09/03/2019 04:00,0.0,0.0
09/03/2019 05:00,0.0,0.0
09/03/2019 06:00,0.108,0.103
09/03/2019 07:00,0.365,0.372
09/03/2019 08:00,0.57,0.586
09/03/2019 09:00,0.708,0.732
09/03/2019 10:00,0.79,0.82
09/03/2019 11:00,0.816,0.851
09/03/2019 12:00,0.8,0.838
09/03/2019 13:00,0.736,0.777
09/03/2019 14:00,0.618,0.662
09/03/2019 15:00,0.446,0.489
09/03/2019 16:00,0.223,0.26
09/03/2019 17:00,0.021,0.03
09/03/2019 18:00,0.0,0.0
09/03/2019 19:00,0.0,0.0
09/03/2019 20:00,0.0,0.0
09/03/2019 21:00,0.0,0.0
09/03/2019 22:00,0.0,0.0
09/03/2019 23:00,0.0,0.0
10/03/2019 00:00,0.0,0.0
10/03/2019 01:00,0.0,0.0
10/03/2019 02:00,0.0,0.0
10/03/2019 03:00,0.0,0.0
10/03/2019 04:00,0.0,0.0
10/03/2019 05:00,0.0,0.0
10/03/2019 06:00,0.106,0.107
10/03/2019 07:00,0.352,0.375
10/03/2019 08:00,0.576,0.587
10/03/2019 09:00,0.72,0.726
10/03/2019 10:00,0.8,0.811
10/03/2019 11:00,0.829,0.844
10/03/2019 12:00,0.815,0.831
10/03/2019 13:00,0.753,0.77
10/03/2019 14:00,0.639,0.656
10/03/2019 15:00,0.466,0.485
10/03/2019 16:00,0.238,0.255
10/03/2019 17:00,0.027,0.029
10/03/2019 18:00,0.0,0.0
10/03/2019 19:00,0.0,0.0
10/03/2019 20:00,0.0,0.0
10/03/2019 21:00,0.0,0.0
10/03/2019 22:00,0.0,0.0
10/03/2019 23:00,0.0,0.0
11/03/2019 00:00,0.0,0.0
11/03/2019 01:00,0.0,0.0
11/03/2019 02:00,0.0,0.0
11/03/2019 03:00,0.0,0.0
11/03/2019 04:00,0.0,0.0
11/03/2019 05:00,0.0,0.0
11/03/2019 06:00,0.108,0.112
11/03/2019 07:00,0.363,0.383
11/03/2019 08:00,0.576,0.596
11/03/2019 09:00,0.722,0.739
11/03/2019 10:00,0.805,0.824
11/03/2019 11:00,0.836,0.856
11/03/2019 12:00,0.822,0.843
11/03/2019 13:00,0.761,0.781
11/03/2019 14:00,0.645,0.662
11/03/2019 15:00,0.473,0.483
11/03/2019 16:00,0.236,0.249
11/03/2019 17:00,0.022,0.027
11/03/2019 18:00,0.0,0.0
11/03/2019 19:00,0.0,0.0
11/03/2019 20:00,0.0,0.0
11/03/2019 21:00,0.0,0.0
11/03/2019 22:00,0.0,0.0
11/03/2019 23:00,0.0,0.0
12/03/2019 00:00,0.0,0.0
12/03/2019 01:00,0.0,0.0
12/03/2019 02:00,0.0,0.0
12/03/2019 03:00,0.0,0.0
12/03/2019 04:00,0.0,0.0
12/03/2019 05:00,0.0,0.0
12/03/2019 06:00,0.112,0.045
12/03/2019 07:00,0.353,0.158
12/03/2019 08:00,0.517,0.36
12/03/2019 09:00,0.662,0.507
12/03/2019 10:00,0.792,0.618
12/03/2019 11:00,0.818,0.619
12/03/2019 12:00,0.804,0.723
12/03/2019 13:00,0.742,0.698
12/03/2019 14:00,0.629,0.374
12/03/2019 15:00,0.459,0.369
12/03/2019 16:00,0.239,0.144
12/03/2019 17:00,0.028,0.01
12/03/2019 18:00,0.0,0.0
12/03/2019 19:00,0.0,0.0
12/03/2019 20:00,0.0,0.0
12/03/2019 21:00,0.0,0.0
12/03/2019 22:00,0.0,0.0
12/03/2019 23:00,0.0,0.0
13/03/2019 00:00,0.0,0.0
13/03/2019 01:00,0.0,0.0
13/03/2019 02:00,0.0,0.0
13/03/2019 03:00,0.0,0.0
13/03/2019 04:00,0.0,0.0
13/03/2019 05:00,0.0,0.0
13/03/2019 06:00,0.081,0.077
13/03/2019 07:00,0.283,0.301
13/03/2019 08:00,0.476,0.506
13/03/2019 09:00,0.628,0.656
13/03/2019 10:00,0.733,0.751
13/03/2019 11:00,0.768,0.799
13/03/2019 12:00,0.76,0.78
13/03/2019 13:00,0.696,0.715
13/03/2019 14:00,0.586,0.63
13/03/2019 15:00,0.423,0.444
13/03/2019 16:00,0.213,0.205
13/03/2019 17:00,0.022,0.018
13/03/2019 18:00,0.0,0.0
13/03/2019 19:00,0.0,0.0
13/03/2019 20:00,0.0,0.0
13/03/2019 21:00,0.0,0.0
13/03/2019 22:00,0.0,0.0
13/03/2019 23:00,0.0,0.0
14/03/2019 00:00,0.0,0.0
14/03/2019 01:00,0.0,0.0
14/03/2019 02:00,0.0,0.0
14/03/2019 03:00,0.0,0.0
14/03/2019 04:00,0.0,0.0
14/03/2019 05:00,0.0,0.0
14/03/2019 06:00,0.085,0.085
14/03/2019 07:00,0.326,0.331
14/03/2019 08:00,0.542,0.564
14/03/2019 09:00,0.698,0.726
14/03/2019 10:00,0.792,0.823
14/03/2019 11:00,0.775,0.853
14/03/2019 12:00,0.761,0.847
14/03/2019 13:00,0.697,0.785
14/03/2019 14:00,0.568,0.668
14/03/2019 15:00,0.392,0.492
14/03/2019 16:00,0.182,0.26
14/03/2019 17:00,0.018,0.033
14/03/2019 18:00,0.0,0.0
14/03/2019 19:00,0.0,0.0
14/03/2019 20:00,0.0,0.0
14/03/2019 21:00,0.0,0.0
14/03/2019 22:00,0.0,0.0
14/03/2019 23:00,0.0,0.0
15/03/2019 00:00,0.0,0.0
15/03/2019 01:00,0.0,0.0
15/03/2019 02:00,0.0,0.0
15/03/2019 03:00,0.0,0.0
15/03/2019 04:00,0.0,0.0
15/03/2019 05:00,0.0,0.0
15/03/2019 06:00,0.107,0.101
15/03/2019 07:00,0.357,0.35
15/03/2019 08:00,0.563,0.564
15/03/2019 09:00,0.709,0.717
15/03/2019 10:00,0.797,0.812
15/03/2019 11:00,0.826,0.853
15/03/2019 12:00,0.811,0.841
15/03/2019 13:00,0.747,0.778
15/03/2019 14:00,0.631,0.659
15/03/2019 15:00,0.459,0.485
15/03/2019 16:00,0.236,0.256
15/03/2019 17:00,0.028,0.033
15/03/2019 18:00,0.0,0.0
15/03/2019 19:00,0.0,0.0
15/03/2019 20:00,0.0,0.0
15/03/2019 21:00,0.0,0.0
15/03/2019 22:00,0.0,0.0
15/03/2019 23:00,0.0,0.0
16/03/2019 00:00,0.0,0.0
16/03/2019 01:00,0.0,0.0
16/03/2019 02:00,0.0,0.0
16/03/2019 03:00,0.0,0.0
16/03/2019 04:00,0.0,0.0
16/03/2019 05:00,0.0,0.0
16/03/2019 06:00,0.095,0.081
16/03/2019 07:00,0.332,0.32
16/03/2019 08:00,0.539,0.537
16/03/2019 09:00,0.689,0.695
16/03/2019 10:00,0.783,0.796
16/03/2019 11:00,0.823,0.838
16/03/2019 12:00,0.809,0.824
16/03/2019 13:00,0.742,0.759
16/03/2019 14:00,0.621,0.639
16/03/2019 15:00,0.442,0.459
16/03/2019 16:00,0.215,0.229
16/03/2019 17:00,0.023,0.026
16/03/2019 18:00,0.0,0.0
16/03/2019 19:00,0.0,0.0
16/03/2019 20:00,0.0,0.0
16/03/2019 21:00,0.0,0.0
16/03/2019 22:00,0.0,0.0
16/03/2019 23:00,0.0,0.0
17/03/2019 00:00,0.0,0.0
17/03/2019 01:00,0.0,0.0
17/03/2019 02:00,0.0,0.0
17/03/2019 03:00,0.0,0.0
17/03/2019 04:00,0.0,0.0
17/03/2019 05:00,0.0,0.0
17/03/2019 06:00,0.095,0.104
17/03/2019 07:00,0.341,0.355
17/03/2019 08:00,0.553,0.592
17/03/2019 09:00,0.706,0.744
17/03/2019 10:00,0.799,0.833
17/03/2019 11:00,0.838,0.864
17/03/2019 12:00,0.825,0.849
17/03/2019 13:00,0.761,0.783
17/03/2019 14:00,0.64,0.655
17/03/2019 15:00,0.468,0.478
17/03/2019 16:00,0.245,0.248
17/03/2019 17:00,0.032,0.032
17/03/2019 18:00,0.0,0.0
17/03/2019 19:00,0.0,0.0
17/03/2019 20:00,0.0,0.0
17/03/2019 21:00,0.0,0.0
17/03/2019 22:00,0.0,0.0
17/03/2019 23:00,0.0,0.0
18/03/2019 00:00,0.0,0.0
18/03/2019 01:00,0.0,0.0
18/03/2019 02:00,0.0,0.0
18/03/2019 03:00,0.0,0.0
18/03/2019 04:00,0.0,0.0
18/03/2019 05:00,0.0,0.0
18/03/2019 06:00,0.105,0.107
18/03/2019 07:00,0.356,0.359
18/03/2019 08:00,0.565,0.569
18/03/2019 09:00,0.706,0.716
18/03/2019 10:00,0.791,0.806
18/03/2019 11:00,0.82,0.837
18/03/2019 12:00,0.804,0.823
18/03/2019 13:00,0.738,0.76
18/03/2019 14:00,0.616,0.645
18/03/2019 15:00,0.419,0.474
18/03/2019 16:00,0.154,0.251
18/03/2019 17:00,0.015,0.035
18/03/2019 18:00,0.0,0.0
18/03/2019 19:00,0.0,0.0
18/03/2019 20:00,0.0,0.0
18/03/2019 21:00,0.0,0.0
18/03/2019 22:00,0.0,0.0
18/03/2019 23:00,0.0,0.0
19/03/2019 00:00,0.0,0.0
19/03/2019 01:00,0.0,0.0
19/03/2019 02:00,0.0,0.0
19/03/2019 03:00,0.0,0.0
19/03/2019 04:00,0.0,0.0
19/03/2019 05:00,0.0,0.0
19/03/2019 06:00,0.096,0.105
19/03/2019 07:00,0.328,0.351
19/03/2019 08:00,0.533,0.557
19/03/2019 09:00,0.682,0.695
19/03/2019 10:00,0.765,0.782
19/03/2019 11:00,0.793,0.824
19/03/2019 12:00,0.784,0.808
19/03/2019 13:00,0.716,0.735
19/03/2019 14:00,0.609,0.596
19/03/2019 15:00,0.453,0.411
19/03/2019 16:00,0.23,0.209
19/03/2019 17:00,0.032,0.027
19/03/2019 18:00,0.0,0.0
19/03/2019 19:00,0.0,0.0
19/03/2019 20:00,0.0,0.0
19/03/2019 21:00,0.0,0.0
19/03/2019 22:00,0.0,0.0
19/03/2019 23:00,0.0,0.0
20/03/2019 00:00,0.0,0.0
20/03/2019 01:00,0.0,0.0
20/03/2019 02:00,0.0,0.0
20/03/2019 03:00,0.0,0.0
20/03/2019 04:00,0.0,0.0
20/03/2019 05:00,0.0,0.0
20/03/2019 06:00,0.082,0.075
20/03/2019 07:00,0.307,0.302
20/03/2019 08:00,0.492,0.517
20/03/2019 09:00,0.646,0.666
20/03/2019 10:00,0.731,0.732
20/03/2019 11:00,0.747,0.706
20/03/2019 12:00,0.726,0.705
20/03/2019 13:00,0.699,0.696
20/03/2019 14:00,0.586,0.601
20/03/2019 15:00,0.414,0.406
20/03/2019 16:00,0.2,0.192
20/03/2019 17:00,0.023,0.026
20/03/2019 18:00,0.0,0.0
20/03/2019 19:00,0.0,0.0
20/03/2019 20:00,0.0,0.0
20/03/2019 21:00,0.0,0.0
20/03/2019 22:00,0.0,0.0
20/03/2019 23:00,0.0,0.0
21/03/2019 00:00,0.0,0.0
21/03/2019 01:00,0.0,0.0
21/03/2019 02:00,0.0,0.0
21/03/2019 03:00,0.0,0.0
21/03/2019 04:00,0.0,0.0
21/03/2019 05:00,0.0,0.0
21/03/2019 06:00,0.079,0.055
21/03/2019 07:00,0.301,0.199
21/03/2019 08:00,0.507,0.322
21/03/2019 09:00,0.65,0.445
21/03/2019 10:00,0.735,0.58
21/03/2019 11:00,0.748,0.593
21/03/2019 12:00,0.732,0.735
21/03/2019 13:00,0.669,0.597
21/03/2019 14:00,0.557,0.339
21/03/2019 15:00,0.39,0.298
21/03/2019 16:00,0.185,0.204
21/03/2019 17:00,0.022,0.028
21/03/2019 18:00,0.0,0.0
21/03/2019 19:00,0.0,0.0
21/03/2019 20:00,0.0,0.0
21/03/2019 21:00,0.0,0.0
21/03/2019 22:00,0.0,0.0
21/03/2019 23:00,0.0,0.0
22/03/2019 00:00,0.0,0.0
22/03/2019 01:00,0.0,0.0
22/03/2019 02:00,0.0,0.0
22/03/2019 03:00,0.0,0.0
22/03/2019 04:00,0.0,0.0
22/03/2019 05:00,0.0,0.0
22/03/2019 06:00,0.05,0.028
22/03/2019 07:00,0.221,0.116
22/03/2019 08:00,0.41,0.341
22/03/2019 09:00,0.591,0.575
22/03/2019 10:00,0.682,0.624
22/03/2019 11:00,0.714,0.659
22/03/2019 12:00,0.62,0.657
22/03/2019 13:00,0.575,0.59
22/03/2019 14:00,0.509,0.336
22/03/2019 15:00,0.281,0.223
22/03/2019 16:00,0.099,0.131
22/03/2019 17:00,0.017,0.024
22/03/2019 18:00,0.0,0.0
22/03/2019 19:00,0.0,0.0
22/03/2019 20:00,0.0,0.0
22/03/2019 21:00,0.0,0.0
22/03/2019 22:00,0.0,0.0
22/03/2019 23:00,0.0,0.0
23/03/2019 00:00,0.0,0.0
23/03/2019 01:00,0.0,0.0
23/03/2019 02:00,0.0,0.0
23/03/2019 03:00,0.0,0.0
23/03/2019 04:00,0.0,0.0
23/03/2019 05:00,0.0,0.0
23/03/2019 06:00,0.034,0.059
23/03/2019 07:00,0.189,0.257
23/03/2019 08:00,0.393,0.463
23/03/2019 09:00,0.546,0.611
23/03/2019 10:00,0.653,0.696
23/03/2019 11:00,0.701,0.701
23/03/2019 12:00,0.692,0.677
23/03/2019 13:00,0.625,0.64
23/03/2019 14:00,0.506,0.399
23/03/2019 15:00,0.339,0.176
23/03/2019 16:00,0.161,0.085
23/03/2019 17:00,0.02,0.017
23/03/2019 18:00,0.0,0.0
23/03/2019 19:00,0.0,0.0
23/03/2019 20:00,0.0,0.0
23/03/2019 21:00,0.0,0.0
23/03/2019 22:00,0.0,0.0
23/03/2019 23:00,0.0,0.0
24/03/2019 00:00,0.0,0.0
24/03/2019 01:00,0.0,0.0
24/03/2019 02:00,0.0,0.0
24/03/2019 03:00,0.0,0.0
24/03/2019 04:00,0.0,0.0
24/03/2019 05:00,0.0,0.0
24/03/2019 06:00,0.04,0.079
24/03/2019 07:00,0.189,0.3
24/03/2019 08:00,0.435,0.522
24/03/2019 09:00,0.616,0.677
24/03/2019 10:00,0.7,0.772
24/03/2019 11:00,0.734,0.81
24/03/2019 12:00,0.725,0.803
24/03/2019 13:00,0.643,0.745
24/03/2019 14:00,0.498,0.628
24/03/2019 15:00,0.31,0.457
24/03/2019 16:00,0.129,0.235
24/03/2019 17:00,0.016,0.033
24/03/2019 18:00,0.0,0.0
24/03/2019 19:00,0.0,0.0
24/03/2019 20:00,0.0,0.0
24/03/2019 21:00,0.0,0.0
24/03/2019 22:00,0.0,0.0
24/03/2019 23:00,0.0,0.0
25/03/2019 00:00,0.0,0.0
25/03/2019 01:00,0.0,0.0
25/03/2019 02:00,0.0,0.0
25/03/2019 03:00,0.0,0.0
25/03/2019 04:00,0.0,0.0
25/03/2019 05:00,0.0,0.0
25/03/2019 06:00,0.021,0.092
25/03/2019 07:00,0.11,0.337
25/03/2019 08:00,0.299,0.568
25/03/2019 09:00,0.584,0.728
25/03/2019 10:00,0.742,0.823
25/03/2019 11:00,0.782,0.86
25/03/2019 12:00,0.766,0.845
25/03/2019 13:00,0.707,0.779
25/03/2019 14:00,0.582,0.662
25/03/2019 15:00,0.408,0.484
25/03/2019 16:00,0.198,0.254
25/03/2019 17:00,0.026,0.037
25/03/2019 18:00,0.0,0.0
25/03/2019 19:00,0.0,0.0
25/03/2019 20:00,0.0,0.0
25/03/2019 21:00,0.0,0.0
25/03/2019 22:00,0.0,0.0
25/03/2019 23:00,0.0,0.0
26/03/2019 00:00,0.0,0.0
26/03/2019 01:00,0.0,0.0
26/03/2019 02:00,0.0,0.0
26/03/2019 03:00,0.0,0.0
26/03/2019 04:00,0.0,0.0
26/03/2019 05:00,0.0,0.0
26/03/2019 06:00,0.096,0.097
26/03/2019 07:00,0.333,0.338
26/03/2019 08:00,0.539,0.55
26/03/2019 09:00,0.691,0.705
26/03/2019 10:00,0.784,0.799
26/03/2019 11:00,0.83,0.844
26/03/2019 12:00,0.816,0.831
26/03/2019 13:00,0.753,0.768
26/03/2019 14:00,0.636,0.651
26/03/2019 15:00,0.465,0.477
26/03/2019 16:00,0.246,0.254
26/03/2019 17:00,0.037,0.04
26/03/2019 18:00,0.0,0.0
26/03/2019 19:00,0.0,0.0
26/03/2019 20:00,0.0,0.0
26/03/2019 21:00,0.0,0.0
26/03/2019 22:00,0.0,0.0
26/03/2019 23:00,0.0,0.0
27/03/2019 00:00,0.0,0.0
27/03/2019 01:00,0.0,0.0
27/03/2019 02:00,0.0,0.0
27/03/2019 03:00,0.0,0.0
27/03/2019 04:00,0.0,0.0
27/03/2019 05:00,0.0,0.0
27/03/2019 06:00,0.098,0.102
27/03/2019 07:00,0.33,0.341
27/03/2019 08:00,0.534,0.548
27/03/2019 09:00,0.68,0.698
27/03/2019 10:00,0.772,0.79
27/03/2019 11:00,0.799,0.829
27/03/2019 12:00,0.789,0.816
27/03/2019 13:00,0.73,0.754
27/03/2019 14:00,0.612,0.643
27/03/2019 15:00,0.445,0.473
27/03/2019 16:00,0.233,0.253
27/03/2019 17:00,0.035,0.041
27/03/2019 18:00,0.0,0.0
27/03/2019 19:00,0.0,0.0
27/03/2019 20:00,0.0,0.0
27/03/2019 21:00,0.0,0.0
27/03/2019 22:00,0.0,0.0
27/03/2019 23:00,0.0,0.0
28/03/2019 00:00,0.0,0.0
28/03/2019 01:00,0.0,0.0
28/03/2019 02:00,0.0,0.0
28/03/2019 03:00,0.0,0.0
28/03/2019 04:00,0.0,0.0
28/03/2019 05:00,0.0,0.0
28/03/2019 06:00,0.103,0.07
28/03/2019 07:00,0.336,0.266
28/03/2019 08:00,0.536,0.535
28/03/2019 09:00,0.677,0.689
28/03/2019 10:00,0.765,0.785
28/03/2019 11:00,0.8,0.824
28/03/2019 12:00,0.787,0.812
28/03/2019 13:00,0.725,0.749
28/03/2019 14:00,0.613,0.632
28/03/2019 15:00,0.448,0.464
28/03/2019 16:00,0.237,0.25
28/03/2019 17:00,0.037,0.042
28/03/2019 18:00,0.0,0.0
28/03/2019 19:00,0.0,0.0
28/03/2019 20:00,0.0,0.0
28/03/2019 21:00,0.0,0.0
28/03/2019 22:00,0.0,0.0
28/03/2019 23:00,0.0,0.0
29/03/2019 00:00,0.0,0.0
29/03/2019 01:00,0.0,0.0
29/03/2019 02:00,0.0,0.0
29/03/2019 03:00,0.0,0.0
29/03/2019 04:00,0.0,0.0
29/03/2019 05:00,0.0,0.0
29/03/2019 06:00,0.099,0.088
29/03/2019 07:00,0.325,0.316
29/03/2019 08:00,0.521,0.514
29/03/2019 09:00,0.658,0.642
29/03/2019 10:00,0.741,0.692
29/03/2019 11:00,0.773,0.722
29/03/2019 12:00,0.758,0.724
29/03/2019 13:00,0.696,0.691
29/03/2019 14:00,0.574,0.589
29/03/2019 15:00,0.413,0.422
29/03/2019 16:00,0.213,0.207
29/03/2019 17:00,0.032,0.031
29/03/2019 18:00,0.0,0.0
29/03/2019 19:00,0.0,0.0
29/03/2019 20:00,0.0,0.0
29/03/2019 21:00,0.0,0.0
29/03/2019 22:00,0.0,0.0
29/03/2019 23:00,0.0,0.0
30/03/2019 00:00,0.0,0.0
30/03/2019 01:00,0.0,0.0
30/03/2019 02:00,0.0,0.0
30/03/2019 03:00,0.0,0.0
30/03/2019 04:00,0.0,0.0
30/03/2019 05:00,0.0,0.0
30/03/2019 06:00,0.068,0.08
30/03/2019 07:00,0.243,0.294
30/03/2019 08:00,0.424,0.505
30/03/2019 09:00,0.546,0.666
30/03/2019 10:00,0.646,0.768
30/03/2019 11:00,0.684,0.817
30/03/2019 12:00,0.687,0.81
30/03/2019 13:00,0.654,0.75
30/03/2019 14:00,0.56,0.635
30/03/2019 15:00,0.396,0.461
30/03/2019 16:00,0.197,0.239
30/03/2019 17:00,0.029,0.038
30/03/2019 18:00,0.0,0.0
30/03/2019 19:00,0.0,0.0
30/03/2019 20:00,0.0,0.0
30/03/2019 21:00,0.0,0.0
30/03/2019 22:00,0.0,0.0
30/03/2019 23:00,0.0,0.0
31/03/2019 00:00,0.0,0.0
31/03/2019 01:00,0.0,0.0
31/03/2019 02:00,0.0,0.0
31/03/2019 03:00,0.0,0.0
31/03/2019 04:00,0.0,0.0
31/03/2019 05:00,0.0,0.0
31/03/2019 06:00,0.049,0.087
31/03/2019 07:00,0.188,0.315
31/03/2019 08:00,0.365,0.521
31/03/2019 09:00,0.537,0.697
31/03/2019 10:00,0.668,0.806
31/03/2019 11:00,0.781,0.846
31/03/2019 12:00,0.788,0.833
31/03/2019 13:00,0.736,0.767
31/03/2019 14:00,0.614,0.642
31/03/2019 15:00,0.44,0.46
31/03/2019 16:00,0.222,0.236
31/03/2019 17:00,0.034,0.038
31/03/2019 18:00,0.0,0.0
31/03/2019 19:00,0.0,0.0
31/03/2019 20:00,0.0,0.0
31/03/2019 21:00,0.0,0.0
31/03/2019 22:00,0.0,0.0
31/03/2019 23:00,0.0,0.0
01/04/2019 00:00,0.0,0.0
01/04/2019 01:00,0.0,0.0
01/04/2019 02:00,0.0,0.0
01/04/2019 03:00,0.0,0.0
01/04/2019 04:00,0.0,0.0
01/04/2019 05:00,0.0,0.0
01/04/2019 06:00,0.098,0.095
01/04/2019 07:00,0.325,0.325
01/04/2019 08:00,0.53,0.536
01/04/2019 09:00,0.682,0.693
01/04/2019 10:00,0.775,0.791
01/04/2019 11:00,0.802,0.838
01/04/2019 12:00,0.789,0.823
01/04/2019 13:00,0.725,0.756
01/04/2019 14:00,0.599,0.596
01/04/2019 15:00,0.427,0.366
01/04/2019 16:00,0.222,0.209
01/04/2019 17:00,0.035,0.043
01/04/2019 18:00,0.0,0.0
01/04/2019 19:00,0.0,0.0
01/04/2019 20:00,0.0,0.0
01/04/2019 21:00,0.0,0.0
01/04/2019 22:00,0.0,0.0
01/04/2019 23:00,0.0,0.0
02/04/2019 00:00,0.0,0.0
02/04/2019 01:00,0.0,0.0
02/04/2019 02:00,0.0,0.0
02/04/2019 03:00,0.0,0.0
02/04/2019 04:00,0.0,0.0
02/04/2019 05:00,0.0,0.0
02/04/2019 06:00,0.099,0.106
02/04/2019 07:00,0.324,0.34
02/04/2019 08:00,0.522,0.546
02/04/2019 09:00,0.667,0.697
02/04/2019 10:00,0.757,0.789
02/04/2019 11:00,0.796,0.829
02/04/2019 12:00,0.784,0.817
02/04/2019 13:00,0.723,0.753
02/04/2019 14:00,0.61,0.638
02/04/2019 15:00,0.442,0.466
02/04/2019 16:00,0.231,0.252
02/04/2019 17:00,0.037,0.046
02/04/2019 18:00,0.0,0.0
02/04/2019 19:00,0.0,0.0
02/04/2019 20:00,0.0,0.0
02/04/2019 21:00,0.0,0.0
02/04/2019 22:00,0.0,0.0
02/04/2019 23:00,0.0,0.0
03/04/2019 00:00,0.0,0.0
03/04/2019 01:00,0.0,0.0
03/04/2019 02:00,0.0,0.0
03/04/2019 03:00,0.0,0.0
03/04/2019 04:00,0.0,0.0
03/04/2019 05:00,0.0,0.0
03/04/2019 06:00,0.096,0.092
03/04/2019 07:00,0.308,0.304
03/04/2019 08:00,0.498,0.501
03/04/2019 09:00,0.634,0.65
03/04/2019 10:00,0.719,0.742
03/04/2019 11:00,0.743,0.787
03/04/2019 12:00,0.728,0.773
03/04/2019 13:00,0.665,0.707
03/04/2019 14:00,0.565,0.59
03/04/2019 15:00,0.403,0.408
03/04/2019 16:00,0.206,0.191
03/04/2019 17:00,0.034,0.03
03/04/2019 18:00,0.0,0.0
03/04/2019 19:00,0.0,0.0
03/04/2019 20:00,0.0,0.0
03/04/2019 21:00,0.0,0.0
03/04/2019 22:00,0.0,0.0
03/04/2019 23:00,0.0,0.0
04/04/2019 00:00,0.0,0.0
04/04/2019 01:00,0.0,0.0
04/04/2019 02:00,0.0,0.0
04/04/2019 03:00,0.0,0.0
04/04/2019 04:00,0.0,0.0
04/04/2019 05:00,0.0,0.0
04/04/2019 06:00,0.092,0.073
04/04/2019 07:00,0.308,0.261
04/04/2019 08:00,0.507,0.458
04/04/2019 09:00,0.646,0.59
04/04/2019 10:00,0.732,0.73
04/04/2019 11:00,0.77,0.797
04/04/2019 12:00,0.758,0.788
04/04/2019 13:00,0.699,0.725
04/04/2019 14:00,0.59,0.554
04/04/2019 15:00,0.429,0.33
04/04/2019 16:00,0.226,0.205
04/04/2019 17:00,0.039,0.045
04/04/2019 18:00,0.0,0.0
04/04/2019 19:00,0.0,0.0
04/04/2019 20:00,0.0,0.0
04/04/2019 21:00,0.0,0.0
04/04/2019 22:00,0.0,0.0
04/04/2019 23:00,0.0,0.0
05/04/2019 00:00,0.0,0.0
05/04/2019 01:00,0.0,0.0
05/04/2019 02:00,0.0,0.0
05/04/2019 03:00,0.0,0.0
05/04/2019 04:00,0.0,0.0
05/04/2019 05:00,0.0,0.0
05/04/2019 06:00,0.098,0.105
05/04/2019 07:00,0.297,0.334
05/04/2019 08:00,0.443,0.533
05/04/2019 09:00,0.465,0.673
05/04/2019 10:00,0.428,0.754
05/04/2019 11:00,0.562,0.764
05/04/2019 12:00,0.727,0.751
05/04/2019 13:00,0.674,0.655
05/04/2019 14:00,0.439,0.484
05/04/2019 15:00,0.256,0.272
05/04/2019 16:00,0.184,0.109
05/04/2019 17:00,0.039,0.021
05/04/2019 18:00,0.0,0.0
05/04/2019 19:00,0.0,0.0
05/04/2019 20:00,0.0,0.0
05/04/2019 21:00,0.0,0.0
05/04/2019 22:00,0.0,0.0
05/04/2019 23:00,0.0,0.0
06/04/2019 00:00,0.0,0.0
06/04/2019 01:00,0.0,0.0
06/04/2019 02:00,0.0,0.0
06/04/2019 03:00,0.0,0.0
06/04/2019 04:00,0.0,0.0
06/04/2019 05:00,0.0,0.0
06/04/2019 06:00,0.049,0.03
06/04/2019 07:00,0.233,0.118
06/04/2019 08:00,0.413,0.252
06/04/2019 09:00,0.34,0.511
06/04/2019 10:00,0.403,0.632
06/04/2019 11:00,0.489,0.388
06/04/2019 12:00,0.504,0.401
06/04/2019 13:00,0.508,0.231
06/04/2019 14:00,0.434,0.17
06/04/2019 15:00,0.342,0.126
06/04/2019 16:00,0.189,0.079
06/04/2019 17:00,0.036,0.015
06/04/2019 18:00,0.0,0.0
06/04/2019 19:00,0.0,0.0
06/04/2019 20:00,0.0,0.0
06/04/2019 21:00,0.0,0.0
06/04/2019 22:00,0.0,0.0
06/04/2019 23:00,0.0,0.0
07/04/2019 00:00,0.0,0.0
07/04/2019 01:00,0.0,0.0
07/04/2019 02:00,0.0,0.0
07/04/2019 03:00,0.0,0.0
07/04/2019 04:00,0.0,0.0
07/04/2019 05:00,0.0,0.0
07/04/2019 06:00,0.033,0.054
07/04/2019 07:00,0.141,0.192
07/04/2019 08:00,0.291,0.438
07/04/2019 09:00,0.531,0.628
07/04/2019 10:00,0.624,0.714
07/04/2019 11:00,0.566,0.759
07/04/2019 12:00,0.498,0.75
07/04/2019 13:00,0.554,0.691
07/04/2019 14:00,0.455,0.422
07/04/2019 15:00,0.267,0.219
07/04/2019 16:00,0.124,0.156
07/04/2019 17:00,0.024,0.043
07/04/2019 18:00,0.0,0.0
07/04/2019 19:00,0.0,0.0
07/04/2019 20:00,0.0,0.0
07/04/2019 21:00,0.0,0.0
07/04/2019 22:00,0.0,0.0
07/04/2019 23:00,0.0,0.0
08/04/2019 00:00,0.0,0.0
08/04/2019 01:00,0.0,0.0
08/04/2019 02:00,0.0,0.0
08/04/2019 03:00,0.0,0.0
08/04/2019 04:00,0.0,0.0
08/04/2019 05:00,0.0,0.0
08/04/2019 06:00,0.059,0.023
08/04/2019 07:00,0.218,0.083
08/04/2019 08:00,0.39,0.187
08/04/2019 09:00,0.505,0.216
08/04/2019 10:00,0.56,0.237
08/04/2019 11:00,0.619,0.238
08/04/2019 12:00,0.636,0.258
08/04/2019 13:00,0.595,0.256
08/04/2019 14:00,0.508,0.226
08/04/2019 15:00,0.367,0.141
08/04/2019 16:00,0.183,0.073
08/04/2019 17:00,0.033,0.016
08/04/2019 18:00,0.0,0.0
08/04/2019 19:00,0.0,0.0
08/04/2019 20:00,0.0,0.0
08/04/2019 21:00,0.0,0.0
08/04/2019 22:00,0.0,0.0
08/04/2019 23:00,0.0,0.0
09/04/2019 00:00,0.0,0.0
09/04/2019 01:00,0.0,0.0
09/04/2019 02:00,0.0,0.0
09/04/2019 03:00,0.0,0.0
09/04/2019 04:00,0.0,0.0
09/04/2019 05:00,0.0,0.0
09/04/2019 06:00,0.075,0.094
09/04/2019 07:00,0.24,0.301
09/04/2019 08:00,0.419,0.495
09/04/2019 09:00,0.547,0.64
09/04/2019 10:00,0.613,0.731
09/04/2019 11:00,0.625,0.776
09/04/2019 12:00,0.591,0.762
09/04/2019 13:00,0.54,0.699
09/04/2019 14:00,0.429,0.585
09/04/2019 15:00,0.289,0.421
09/04/2019 16:00,0.147,0.221
09/04/2019 17:00,0.027,0.044
09/04/2019 18:00,0.0,0.0
09/04/2019 19:00,0.0,0.0
09/04/2019 20:00,0.0,0.0
09/04/2019 21:00,0.0,0.0
09/04/2019 22:00,0.0,0.0
09/04/2019 23:00,0.0,0.0
10/04/2019 00:00,0.0,0.0
10/04/2019 01:00,0.0,0.0
10/04/2019 02:00,0.0,0.0
10/04/2019 03:00,0.0,0.0
10/04/2019 04:00,0.0,0.0
10/04/2019 05:00,0.0,0.001
10/04/2019 06:00,0.09,0.115
10/04/2019 07:00,0.283,0.348
10/04/2019 08:00,0.464,0.548
10/04/2019 09:00,0.58,0.693
10/04/2019 10:00,0.636,0.781
10/04/2019 11:00,0.658,0.813
10/04/2019 12:00,0.688,0.8
10/04/2019 13:00,0.657,0.738
10/04/2019 14:00,0.558,0.631
10/04/2019 15:00,0.404,0.464
10/04/2019 16:00,0.214,0.252
10/04/2019 17:00,0.041,0.05
10/04/2019 18:00,0.0,0.0
10/04/2019 19:00,0.0,0.0
10/04/2019 20:00,0.0,0.0
10/04/2019 21:00,0.0,0.0
10/04/2019 22:00,0.0,0.0
10/04/2019 23:00,0.0,0.0
11/04/2019 00:00,0.0,0.0
11/04/2019 01:00,0.0,0.0
11/04/2019 02:00,0.0,0.0
11/04/2019 03:00,0.0,0.0
11/04/2019 04:00,0.0,0.0
11/04/2019 05:00,0.001,0.001
11/04/2019 06:00,0.105,0.112
11/04/2019 07:00,0.321,0.34
11/04/2019 08:00,0.512,0.539
11/04/2019 09:00,0.653,0.685
11/04/2019 10:00,0.74,0.774
11/04/2019 11:00,0.78,0.81
11/04/2019 12:00,0.768,0.798
11/04/2019 13:00,0.709,0.739
11/04/2019 14:00,0.6,0.627
11/04/2019 15:00,0.441,0.464
11/04/2019 16:00,0.239,0.256
11/04/2019 17:00,0.044,0.052
11/04/2019 18:00,0.0,0.0
11/04/2019 19:00,0.0,0.0
11/04/2019 20:00,0.0,0.0
11/04/2019 21:00,0.0,0.0
11/04/2019 22:00,0.0,0.0
11/04/2019 23:00,0.0,0.0
12/04/2019 00:00,0.0,0.0
12/04/2019 01:00,0.0,0.0
12/04/2019 02:00,0.0,0.0
12/04/2019 03:00,0.0,0.0
12/04/2019 04:00,0.0,0.0
12/04/2019 05:00,0.001,0.001
12/04/2019 06:00,0.111,0.118
12/04/2019 07:00,0.336,0.356
12/04/2019 08:00,0.53,0.557
12/04/2019 09:00,0.665,0.696
12/04/2019 10:00,0.749,0.78
12/04/2019 11:00,0.774,0.814
12/04/2019 12:00,0.762,0.802
12/04/2019 13:00,0.703,0.743
12/04/2019 14:00,0.587,0.63
12/04/2019 15:00,0.425,0.468
12/04/2019 16:00,0.226,0.259
12/04/2019 17:00,0.042,0.052
12/04/2019 18:00,0.0,0.0
12/04/2019 19:00,0.0,0.0
12/04/2019 20:00,0.0,0.0
12/04/2019 21:00,0.0,0.0
12/04/2019 22:00,0.0,0.0
12/04/2019 23:00,0.0,0.0
13/04/2019 00:00,0.0,0.0
13/04/2019 01:00,0.0,0.0
13/04/2019 02:00,0.0,0.0
13/04/2019 03:00,0.0,0.0
13/04/2019 04:00,0.0,0.0
13/04/2019 05:00,0.001,0.001
13/04/2019 06:00,0.108,0.111
13/04/2019 07:00,0.323,0.327
13/04/2019 08:00,0.514,0.518
13/04/2019 09:00,0.647,0.653
13/04/2019 10:00,0.727,0.738
13/04/2019 11:00,0.754,0.766
13/04/2019 12:00,0.738,0.752
13/04/2019 13:00,0.674,0.69
13/04/2019 14:00,0.56,0.578
13/04/2019 15:00,0.397,0.414
13/04/2019 16:00,0.202,0.213
13/04/2019 17:00,0.038,0.044
13/04/2019 18:00,0.0,0.0
13/04/2019 19:00,0.0,0.0
13/04/2019 20:00,0.0,0.0
13/04/2019 21:00,0.0,0.0
13/04/2019 22:00,0.0,0.0
13/04/2019 23:00,0.0,0.0
14/04/2019 00:00,0.0,0.0
14/04/2019 01:00,0.0,0.0
14/04/2019 02:00,0.0,0.0
14/04/2019 03:00,0.0,0.0
14/04/2019 04:00,0.0,0.0
14/04/2019 05:00,0.001,0.0
14/04/2019 06:00,0.087,0.051
14/04/2019 07:00,0.255,0.173
14/04/2019 08:00,0.444,0.359
14/04/2019 09:00,0.582,0.561
14/04/2019 10:00,0.664,0.65
14/04/2019 11:00,0.699,0.647
14/04/2019 12:00,0.685,0.644
14/04/2019 13:00,0.622,0.617
14/04/2019 14:00,0.514,0.513
14/04/2019 15:00,0.358,0.353
14/04/2019 16:00,0.178,0.17
14/04/2019 17:00,0.034,0.039
14/04/2019 18:00,0.0,0.0
14/04/2019 19:00,0.0,0.0
14/04/2019 20:00,0.0,0.0
14/04/2019 21:00,0.0,0.0
14/04/2019 22:00,0.0,0.0
14/04/2019 23:00,0.0,0.0
15/04/2019 00:00,0.0,0.0
15/04/2019 01:00,0.0,0.0
15/04/2019 02:00,0.0,0.0
15/04/2019 03:00,0.0,0.0
15/04/2019 04:00,0.0,0.0
15/04/2019 05:00,0.0,0.0
15/04/2019 06:00,0.06,0.037
15/04/2019 07:00,0.169,0.089
15/04/2019 08:00,0.282,0.152
15/04/2019 09:00,0.366,0.32
15/04/2019 10:00,0.399,0.4
15/04/2019 11:00,0.388,0.343
15/04/2019 12:00,0.37,0.296
15/04/2019 13:00,0.33,0.265
15/04/2019 14:00,0.274,0.211
15/04/2019 15:00,0.205,0.118
15/04/2019 16:00,0.098,0.056
15/04/2019 17:00,0.015,0.016
15/04/2019 18:00,0.0,0.0
15/04/2019 19:00,0.0,0.0
15/04/2019 20:00,0.0,0.0
15/04/2019 21:00,0.0,0.0
15/04/2019 22:00,0.0,0.0
15/04/2019 23:00,0.0,0.0
16/04/2019 00:00,0.0,0.0
16/04/2019 01:00,0.0,0.0
16/04/2019 02:00,0.0,0.0
16/04/2019 03:00,0.0,0.0
16/04/2019 04:00,0.0,0.0
16/04/2019 05:00,0.001,0.002
16/04/2019 06:00,0.091,0.092
16/04/2019 07:00,0.273,0.281
16/04/2019 08:00,0.451,0.473
16/04/2019 09:00,0.588,0.624
16/04/2019 10:00,0.674,0.72
16/04/2019 11:00,0.717,0.768
16/04/2019 12:00,0.702,0.763
16/04/2019 13:00,0.641,0.71
16/04/2019 14:00,0.527,0.598
16/04/2019 15:00,0.373,0.442
16/04/2019 16:00,0.192,0.244
16/04/2019 17:00,0.039,0.054
16/04/2019 18:00,0.0,0.0
16/04/2019 19:00,0.0,0.0
16/04/2019 20:00,0.0,0.0
16/04/2019 21:00,0.0,0.0
16/04/2019 22:00,0.0,0.0
16/04/2019 23:00,0.0,0.0
17/04/2019 00:00,0.0,0.0
17/04/2019 01:00,0.0,0.0
17/04/2019 02:00,0.0,0.0
17/04/2019 03:00,0.0,0.0
17/04/2019 04:00,0.0,0.0
17/04/2019 05:00,0.002,0.002
17/04/2019 06:00,0.103,0.111
17/04/2019 07:00,0.309,0.332
17/04/2019 08:00,0.5,0.536
17/04/2019 09:00,0.642,0.687
17/04/2019 10:00,0.729,0.778
17/04/2019 11:00,0.758,0.812
17/04/2019 12:00,0.746,0.799
17/04/2019 13:00,0.686,0.737
17/04/2019 14:00,0.577,0.628
17/04/2019 15:00,0.418,0.446
17/04/2019 16:00,0.221,0.224
17/04/2019 17:00,0.044,0.055
17/04/2019 18:00,0.0,0.0
17/04/2019 19:00,0.0,0.0
17/04/2019 20:00,0.0,0.0
17/04/2019 21:00,0.0,0.0
17/04/2019 22:00,0.0,0.0
17/04/2019 23:00,0.0,0.0
18/04/2019 00:00,0.0,0.0
18/04/2019 01:00,0.0,0.0
18/04/2019 02:00,0.0,0.0
18/04/2019 03:00,0.0,0.0
18/04/2019 04:00,0.0,0.0
18/04/2019 05:00,0.002,0.003
18/04/2019 06:00,0.11,0.116
18/04/2019 07:00,0.325,0.339
18/04/2019 08:00,0.514,0.537
18/04/2019 09:00,0.654,0.683
18/04/2019 10:00,0.74,0.773
18/04/2019 11:00,0.776,0.811
18/04/2019 12:00,0.763,0.801
18/04/2019 13:00,0.703,0.741
18/04/2019 14:00,0.589,0.627
18/04/2019 15:00,0.43,0.461
18/04/2019 16:00,0.23,0.252
18/04/2019 17:00,0.044,0.054
18/04/2019 18:00,0.0,0.0
18/04/2019 19:00,0.0,0.0
18/04/2019 20:00,0.0,0.0
18/04/2019 21:00,0.0,0.0
18/04/2019 22:00,0.0,0.0
18/04/2019 23:00,0.0,0.0
19/04/2019 00:00,0.0,0.0
19/04/2019 01:00,0.0,0.0
19/04/2019 02:00,0.0,0.0
19/04/2019 03:00,0.0,0.0
19/04/2019 04:00,0.0,0.0
19/04/2019 05:00,0.002,0.003
19/04/2019 06:00,0.108,0.116
19/04/2019 07:00,0.318,0.333
19/04/2019 08:00,0.505,0.525
19/04/2019 09:00,0.644,0.666
19/04/2019 10:00,0.729,0.755
19/04/2019 11:00,0.756,0.791
19/04/2019 12:00,0.742,0.778
19/04/2019 13:00,0.68,0.717
19/04/2019 14:00,0.58,0.608
19/04/2019 15:00,0.42,0.443
19/04/2019 16:00,0.223,0.24
19/04/2019 17:00,0.044,0.053
19/04/2019 18:00,0.0,0.0
19/04/2019 19:00,0.0,0.0
19/04/2019 20:00,0.0,0.0
19/04/2019 21:00,0.0,0.0
19/04/2019 22:00,0.0,0.0
19/04/2019 23:00,0.0,0.0
20/04/2019 00:00,0.0,0.0
20/04/2019 01:00,0.0,0.0
20/04/2019 02:00,0.0,0.0
20/04/2019 03:00,0.0,0.0
20/04/2019 04:00,0.0,0.0
20/04/2019 05:00,0.002,0.003
20/04/2019 06:00,0.1,0.118
20/04/2019 07:00,0.294,0.342
20/04/2019 08:00,0.481,0.541
20/04/2019 09:00,0.619,0.688
20/04/2019 10:00,0.701,0.778
20/04/2019 11:00,0.748,0.814
20/04/2019 12:00,0.74,0.804
20/04/2019 13:00,0.681,0.745
20/04/2019 14:00,0.577,0.633
20/04/2019 15:00,0.423,0.455
20/04/2019 16:00,0.227,0.256
20/04/2019 17:00,0.045,0.054
20/04/2019 18:00,0.0,0.0
20/04/2019 19:00,0.0,0.0
20/04/2019 20:00,0.0,0.0
20/04/2019 21:00,0.0,0.0
20/04/2019 22:00,0.0,0.0
20/04/2019 23:00,0.0,0.0
21/04/2019 00:00,0.0,0.0
21/04/2019 01:00,0.0,0.0
21/04/2019 02:00,0.0,0.0
21/04/2019 03:00,0.0,0.0
21/04/2019 04:00,0.0,0.0
21/04/2019 05:00,0.003,0.003
21/04/2019 06:00,0.111,0.12
21/04/2019 07:00,0.323,0.352
21/04/2019 08:00,0.517,0.551
21/04/2019 09:00,0.661,0.696
21/04/2019 10:00,0.75,0.784
21/04/2019 11:00,0.786,0.818
21/04/2019 12:00,0.774,0.803
21/04/2019 13:00,0.713,0.742
21/04/2019 14:00,0.594,0.628
21/04/2019 15:00,0.429,0.458
21/04/2019 16:00,0.225,0.248
21/04/2019 17:00,0.045,0.054
21/04/2019 18:00,0.0,0.0
21/04/2019 19:00,0.0,0.0
21/04/2019 20:00,0.0,0.0
21/04/2019 21:00,0.0,0.0
21/04/2019 22:00,0.0,0.0
21/04/2019 23:00,0.0,0.0
22/04/2019 00:00,0.0,0.0
22/04/2019 01:00,0.0,0.0
22/04/2019 02:00,0.0,0.0
22/04/2019 03:00,0.0,0.0
22/04/2019 04:00,0.0,0.0
22/04/2019 05:00,0.003,0.004
22/04/2019 06:00,0.111,0.119
22/04/2019 07:00,0.324,0.349
22/04/2019 08:00,0.517,0.554
22/04/2019 09:00,0.66,0.694
22/04/2019 10:00,0.746,0.776
22/04/2019 11:00,0.775,0.8
22/04/2019 12:00,0.761,0.788
22/04/2019 13:00,0.698,0.728
22/04/2019 14:00,0.584,0.615
22/04/2019 15:00,0.42,0.452
22/04/2019 16:00,0.221,0.246
22/04/2019 17:00,0.045,0.054
22/04/2019 18:00,0.0,0.0
22/04/2019 19:00,0.0,0.0
22/04/2019 20:00,0.0,0.0
22/04/2019 21:00,0.0,0.0
22/04/2019 22:00,0.0,0.0
22/04/2019 23:00,0.0,0.0
23/04/2019 00:00,0.0,0.0
23/04/2019 01:00,0.0,0.0
23/04/2019 02:00,0.0,0.0
23/04/2019 03:00,0.0,0.0
23/04/2019 04:00,0.0,0.0
23/04/2019 05:00,0.003,0.004
23/04/2019 06:00,0.11,0.118
23/04/2019 07:00,0.319,0.333
23/04/2019 08:00,0.508,0.524
23/04/2019 09:00,0.644,0.66
23/04/2019 10:00,0.727,0.741
23/04/2019 11:00,0.757,0.761
23/04/2019 12:00,0.743,0.748
23/04/2019 13:00,0.682,0.688
23/04/2019 14:00,0.569,0.575
23/04/2019 15:00,0.411,0.417
23/04/2019 16:00,0.218,0.225
23/04/2019 17:00,0.044,0.053
23/04/2019 18:00,0.0,0.0
23/04/2019 19:00,0.0,0.0
23/04/2019 20:00,0.0,0.0
23/04/2019 21:00,0.0,0.0
23/04/2019 22:00,0.0,0.0
23/04/2019 23:00,0.0,0.0
24/04/2019 00:00,0.0,0.0
24/04/2019 01:00,0.0,0.0
24/04/2019 02:00,0.0,0.0
24/04/2019 03:00,0.0,0.0
24/04/2019 04:00,0.0,0.0
24/04/2019 05:00,0.004,0.005
24/04/2019 06:00,0.111,0.115
24/04/2019 07:00,0.322,0.321
24/04/2019 08:00,0.509,0.505
24/04/2019 09:00,0.64,0.634
24/04/2019 10:00,0.715,0.719
24/04/2019 11:00,0.735,0.745
24/04/2019 12:00,0.718,0.734
24/04/2019 13:00,0.656,0.661
24/04/2019 14:00,0.549,0.521
24/04/2019 15:00,0.396,0.327
24/04/2019 16:00,0.209,0.157
24/04/2019 17:00,0.044,0.045
24/04/2019 18:00,0.0,0.0
24/04/2019 19:00,0.0,0.0
24/04/2019 20:00,0.0,0.0
24/04/2019 21:00,0.0,0.0
24/04/2019 22:00,0.0,0.0
24/04/2019 23:00,0.0,0.0
25/04/2019 00:00,0.0,0.0
25/04/2019 01:00,0.0,0.0
25/04/2019 02:00,0.0,0.0
25/04/2019 03:00,0.0,0.0
25/04/2019 04:00,0.0,0.0
25/04/2019 05:00,0.003,0.004
25/04/2019 06:00,0.088,0.084
25/04/2019 07:00,0.203,0.268
25/04/2019 08:00,0.316,0.462
25/04/2019 09:00,0.466,0.603
25/04/2019 10:00,0.674,0.693
25/04/2019 11:00,0.718,0.733
25/04/2019 12:00,0.702,0.726
25/04/2019 13:00,0.642,0.667
25/04/2019 14:00,0.514,0.559
25/04/2019 15:00,0.345,0.405
25/04/2019 16:00,0.192,0.218
25/04/2019 17:00,0.046,0.054
25/04/2019 18:00,0.0,0.0
25/04/2019 19:00,0.0,0.0
25/04/2019 20:00,0.0,0.0
25/04/2019 21:00,0.0,0.0
25/04/2019 22:00,0.0,0.0
25/04/2019 23:00,0.0,0.0
26/04/2019 00:00,0.0,0.0
26/04/2019 01:00,0.0,0.0
26/04/2019 02:00,0.0,0.0
26/04/2019 03:00,0.0,0.0
26/04/2019 04:00,0.0,0.0
26/04/2019 05:00,0.004,0.005
26/04/2019 06:00,0.104,0.105
26/04/2019 07:00,0.296,0.291
26/04/2019 08:00,0.476,0.472
26/04/2019 09:00,0.608,0.611
26/04/2019 10:00,0.686,0.699
26/04/2019 11:00,0.702,0.735
26/04/2019 12:00,0.69,0.724
26/04/2019 13:00,0.632,0.665
26/04/2019 14:00,0.529,0.559
26/04/2019 15:00,0.379,0.406
26/04/2019 16:00,0.199,0.22
26/04/2019 17:00,0.045,0.055
26/04/2019 18:00,0.0,0.0
26/04/2019 19:00,0.0,0.0
26/04/2019 20:00,0.0,0.0
26/04/2019 21:00,0.0,0.0
26/04/2019 22:00,0.0,0.0
26/04/2019 23:00,0.0,0.0
27/04/2019 00:00,0.0,0.0
27/04/2019 01:00,0.0,0.0
27/04/2019 02:00,0.0,0.0
27/04/2019 03:00,0.0,0.0
27/04/2019 04:00,0.0,0.0
27/04/2019 05:00,0.004,0.005
27/04/2019 06:00,0.102,0.112
27/04/2019 07:00,0.287,0.313
27/04/2019 08:00,0.467,0.497
27/04/2019 09:00,0.601,0.634
27/04/2019 10:00,0.683,0.721
27/04/2019 11:00,0.719,0.752
27/04/2019 12:00,0.708,0.741
27/04/2019 13:00,0.651,0.683
27/04/2019 14:00,0.547,0.578
27/04/2019 15:00,0.396,0.425
27/04/2019 16:00,0.211,0.234
27/04/2019 17:00,0.045,0.054
27/04/2019 18:00,0.0,0.0
27/04/2019 19:00,0.0,0.0
27/04/2019 20:00,0.0,0.0
27/04/2019 21:00,0.0,0.0
27/04/2019 22:00,0.0,0.0
27/04/2019 23:00,0.0,0.0
28/04/2019 00:00,0.0,0.0
28/04/2019 01:00,0.0,0.0
28/04/2019 02:00,0.0,0.0
28/04/2019 03:00,0.0,0.0
28/04/2019 04:00,0.0,0.0
28/04/2019 05:00,0.005,0.005
28/04/2019 06:00,0.107,0.12
28/04/2019 07:00,0.304,0.338
28/04/2019 08:00,0.483,0.522
28/04/2019 09:00,0.614,0.651
28/04/2019 10:00,0.696,0.728
28/04/2019 11:00,0.725,0.752
28/04/2019 12:00,0.71,0.738
28/04/2019 13:00,0.658,0.677
28/04/2019 14:00,0.546,0.575
28/04/2019 15:00,0.385,0.417
28/04/2019 16:00,0.207,0.224
28/04/2019 17:00,0.045,0.053
28/04/2019 18:00,0.0,0.0
28/04/2019 19:00,0.0,0.0
28/04/2019 20:00,0.0,0.0
28/04/2019 21:00,0.0,0.0
28/04/2019 22:00,0.0,0.0
28/04/2019 23:00,0.0,0.0
29/04/2019 00:00,0.0,0.0
29/04/2019 01:00,0.0,0.0
29/04/2019 02:00,0.0,0.0
29/04/2019 03:00,0.0,0.0
29/04/2019 04:00,0.0,0.0
29/04/2019 05:00,0.005,0.006
29/04/2019 06:00,0.105,0.102
29/04/2019 07:00,0.293,0.277
29/04/2019 08:00,0.467,0.442
29/04/2019 09:00,0.588,0.583
29/04/2019 10:00,0.658,0.65
29/04/2019 11:00,0.693,0.683
29/04/2019 12:00,0.686,0.678
29/04/2019 13:00,0.629,0.648
29/04/2019 14:00,0.525,0.54
29/04/2019 15:00,0.374,0.34
29/04/2019 16:00,0.196,0.218
29/04/2019 17:00,0.045,0.056
29/04/2019 18:00,0.0,0.0
29/04/2019 19:00,0.0,0.0
29/04/2019 20:00,0.0,0.0
29/04/2019 21:00,0.0,0.0
29/04/2019 22:00,0.0,0.0
29/04/2019 23:00,0.0,0.0
30/04/2019 00:00,0.0,0.0
30/04/2019 01:00,0.0,0.0
30/04/2019 02:00,0.0,0.0
30/04/2019 03:00,0.0,0.0
30/04/2019 04:00,0.0,0.0
30/04/2019 05:00,0.005,0.007
30/04/2019 06:00,0.1,0.109
30/04/2019 07:00,0.26,0.295
30/04/2019 08:00,0.409,0.465
30/04/2019 09:00,0.549,0.59
30/04/2019 10:00,0.65,0.672
30/04/2019 11:00,0.692,0.708
30/04/2019 12:00,0.683,0.697
30/04/2019 13:00,0.627,0.641
30/04/2019 14:00,0.525,0.525
30/04/2019 15:00,0.378,0.376
30/04/2019 16:00,0.2,0.204
30/04/2019 17:00,0.046,0.054
30/04/2019 18:00,0.0,0.0
30/04/2019 19:00,0.0,0.0
30/04/2019 20:00,0.0,0.0
30/04/2019 21:00,0.0,0.0
30/04/2019 22:00,0.0,0.0
30/04/2019 23:00,0.0,0.0
01/05/2019 00:00,0.0,0.0
01/05/2019 01:00,0.0,0.0
01/05/2019 02:00,0.0,0.0
01/05/2019 03:00,0.0,0.0
01/05/2019 04:00,0.0,0.0
01/05/2019 05:00,0.005,0.007
01/05/2019 06:00,0.103,0.106
01/05/2019 07:00,0.284,0.281
01/05/2019 08:00,0.454,0.451
01/05/2019 09:00,0.578,0.578
01/05/2019 10:00,0.653,0.661
01/05/2019 11:00,0.679,0.677
01/05/2019 12:00,0.668,0.664
01/05/2019 13:00,0.613,0.608
01/05/2019 14:00,0.512,0.511
01/05/2019 15:00,0.367,0.363
01/05/2019 16:00,0.194,0.194
01/05/2019 17:00,0.045,0.053
01/05/2019 18:00,0.0,0.0
01/05/2019 19:00,0.0,0.0
01/05/2019 20:00,0.0,0.0
01/05/2019 21:00,0.0,0.0
01/05/2019 22:00,0.0,0.0
01/05/2019 23:00,0.0,0.0
02/05/2019 00:00,0.0,0.0
02/05/2019 01:00,0.0,0.0
02/05/2019 02:00,0.0,0.0
02/05/2019 03:00,0.0,0.0
02/05/2019 04:00,0.0,0.0
02/05/2019 05:00,0.006,0.007
02/05/2019 06:00,0.102,0.105
02/05/2019 07:00,0.283,0.278
02/05/2019 08:00,0.454,0.444
02/05/2019 09:00,0.578,0.57
02/05/2019 10:00,0.656,0.651
02/05/2019 11:00,0.686,0.672
02/05/2019 12:00,0.676,0.656
02/05/2019 13:00,0.622,0.597
02/05/2019 14:00,0.514,0.488
02/05/2019 15:00,0.369,0.342
02/05/2019 16:00,0.195,0.179
02/05/2019 17:00,0.045,0.048
02/05/2019 18:00,0.0,0.0
02/05/2019 19:00,0.0,0.0
02/05/2019 20:00,0.0,0.0
02/05/2019 21:00,0.0,0.0
02/05/2019 22:00,0.0,0.0
02/05/2019 23:00,0.0,0.0
03/05/2019 00:00,0.0,0.0
03/05/2019 01:00,0.0,0.0
03/05/2019 02:00,0.0,0.0
03/05/2019 03:00,0.0,0.0
03/05/2019 04:00,0.0,0.0
03/05/2019 05:00,0.006,0.007
03/05/2019 06:00,0.1,0.092
03/05/2019 07:00,0.272,0.236
03/05/2019 08:00,0.439,0.406
03/05/2019 09:00,0.565,0.55
03/05/2019 10:00,0.642,0.647
03/05/2019 11:00,0.667,0.672
03/05/2019 12:00,0.654,0.66
03/05/2019 13:00,0.597,0.603
03/05/2019 14:00,0.489,0.523
03/05/2019 15:00,0.347,0.379
03/05/2019 16:00,0.182,0.211
03/05/2019 17:00,0.045,0.059
03/05/2019 18:00,0.0,0.0
03/05/2019 19:00,0.0,0.0
03/05/2019 20:00,0.0,0.0
03/05/2019 21:00,0.0,0.0
03/05/2019 22:00,0.0,0.0
03/05/2019 23:00,0.0,0.0
04/05/2019 00:00,0.0,0.0
04/05/2019 01:00,0.0,0.0
04/05/2019 02:00,0.0,0.0
04/05/2019 03:00,0.0,0.0
04/05/2019 04:00,0.0,0.0
04/05/2019 05:00,0.006,0.007
04/05/2019 06:00,0.105,0.12
04/05/2019 07:00,0.297,0.337
04/05/2019 08:00,0.478,0.526
04/05/2019 09:00,0.612,0.658
04/05/2019 10:00,0.693,0.736
04/05/2019 11:00,0.726,0.766
04/05/2019 12:00,0.712,0.752
04/05/2019 13:00,0.652,0.693
04/05/2019 14:00,0.536,0.584
04/05/2019 15:00,0.39,0.424
04/05/2019 16:00,0.211,0.233
04/05/2019 17:00,0.041,0.05
04/05/2019 18:00,0.0,0.0
04/05/2019 19:00,0.0,0.0
04/05/2019 20:00,0.0,0.0
04/05/2019 21:00,0.0,0.0
04/05/2019 22:00,0.0,0.0
04/05/2019 23:00,0.0,0.0
05/05/2019 00:00,0.0,0.0
05/05/2019 01:00,0.0,0.0
05/05/2019 02:00,0.0,0.0
05/05/2019 03:00,0.0,0.0
05/05/2019 04:00,0.0,0.0
05/05/2019 05:00,0.007,0.008
05/05/2019 06:00,0.107,0.113
05/05/2019 07:00,0.303,0.321
05/05/2019 08:00,0.478,0.499
05/05/2019 09:00,0.602,0.629
05/05/2019 10:00,0.679,0.708
05/05/2019 11:00,0.709,0.733
05/05/2019 12:00,0.696,0.715
05/05/2019 13:00,0.639,0.662
05/05/2019 14:00,0.534,0.532
05/05/2019 15:00,0.386,0.322
05/05/2019 16:00,0.205,0.217
05/05/2019 17:00,0.041,0.055
05/05/2019 18:00,0.0,0.0
05/05/2019 19:00,0.0,0.0
05/05/2019 20:00,0.0,0.0
05/05/2019 21:00,0.0,0.0
05/05/2019 22:00,0.0,0.0
05/05/2019 23:00,0.0,0.0
06/05/2019 00:00,0.0,0.0
06/05/2019 01:00,0.0,0.0
06/05/2019 02:00,0.0,0.0
06/05/2019 03:00,0.0,0.0
06/05/2019 04:00,0.0,0.0
06/05/2019 05:00,0.007,0.009
06/05/2019 06:00,0.099,0.114
06/05/2019 07:00,0.256,0.294
06/05/2019 08:00,0.423,0.446
06/05/2019 09:00,0.552,0.542
06/05/2019 10:00,0.628,0.585
06/05/2019 11:00,0.656,0.555
06/05/2019 12:00,0.631,0.549
06/05/2019 13:00,0.595,0.541
06/05/2019 14:00,0.513,0.444
06/05/2019 15:00,0.368,0.309
06/05/2019 16:00,0.198,0.176
06/05/2019 17:00,0.044,0.038
06/05/2019 18:00,0.0,0.0
06/05/2019 19:00,0.0,0.0
06/05/2019 20:00,0.0,0.0
06/05/2019 21:00,0.0,0.0
06/05/2019 22:00,0.0,0.0
06/05/2019 23:00,0.0,0.0
07/05/2019 00:00,0.0,0.0
07/05/2019 01:00,0.0,0.0
07/05/2019 02:00,0.0,0.0
07/05/2019 03:00,0.0,0.0
07/05/2019 04:00,0.0,0.0
07/05/2019 05:00,0.005,0.005
07/05/2019 06:00,0.072,0.056
07/05/2019 07:00,0.215,0.137
07/05/2019 08:00,0.402,0.273
07/05/2019 09:00,0.511,0.41
07/05/2019 10:00,0.488,0.505
07/05/2019 11:00,0.487,0.531
07/05/2019 12:00,0.564,0.589
07/05/2019 13:00,0.593,0.568
07/05/2019 14:00,0.492,0.439
07/05/2019 15:00,0.339,0.243
07/05/2019 16:00,0.158,0.088
07/05/2019 17:00,0.045,0.018
07/05/2019 18:00,0.0,0.0
07/05/2019 19:00,0.0,0.0
07/05/2019 20:00,0.0,0.0
07/05/2019 21:00,0.0,0.0
07/05/2019 22:00,0.0,0.0
07/05/2019 23:00,0.0,0.0
08/05/2019 00:00,0.0,0.0
08/05/2019 01:00,0.0,0.0
08/05/2019 02:00,0.0,0.0
08/05/2019 03:00,0.0,0.0
08/05/2019 04:00,0.0,0.0
08/05/2019 05:00,0.008,0.01
08/05/2019 06:00,0.107,0.123
08/05/2019 07:00,0.253,0.326
08/05/2019 08:00,0.389,0.507
08/05/2019 09:00,0.531,0.64
08/05/2019 10:00,0.593,0.72
08/05/2019 11:00,0.538,0.712
08/05/2019 12:00,0.484,0.653
08/05/2019 13:00,0.433,0.434
08/05/2019 14:00,0.365,0.352
08/05/2019 15:00,0.294,0.306
08/05/2019 16:00,0.191,0.135
08/05/2019 17:00,0.053,0.034
08/05/2019 18:00,0.0,0.0
08/05/2019 19:00,0.0,0.0
08/05/2019 20:00,0.0,0.0
08/05/2019 21:00,0.0,0.0
08/05/2019 22:00,0.0,0.0
08/05/2019 23:00,0.0,0.0
09/05/2019 00:00,0.0,0.0
09/05/2019 01:00,0.0,0.0
09/05/2019 02:00,0.0,0.0
09/05/2019 03:00,0.0,0.0
09/05/2019 04:00,0.0,0.0
09/05/2019 05:00,0.007,0.009
09/05/2019 06:00,0.107,0.119
09/05/2019 07:00,0.305,0.33
09/05/2019 08:00,0.487,0.519
09/05/2019 09:00,0.622,0.658
09/05/2019 10:00,0.705,0.744
09/05/2019 11:00,0.738,0.777
09/05/2019 12:00,0.726,0.766
09/05/2019 13:00,0.667,0.708
09/05/2019 14:00,0.555,0.597
09/05/2019 15:00,0.402,0.439
09/05/2019 16:00,0.213,0.241
09/05/2019 17:00,0.04,0.051
09/05/2019 18:00,0.0,0.001
09/05/2019 19:00,0.0,0.0
09/05/2019 20:00,0.0,0.0
09/05/2019 21:00,0.0,0.0
09/05/2019 22:00,0.0,0.0
09/05/2019 23:00,0.0,0.0
10/05/2019 00:00,0.0,0.0
10/05/2019 01:00,0.0,0.0
10/05/2019 02:00,0.0,0.0
10/05/2019 03:00,0.0,0.0
10/05/2019 04:00,0.0,0.0
10/05/2019 05:00,0.007,0.009
10/05/2019 06:00,0.108,0.119
10/05/2019 07:00,0.31,0.325
10/05/2019 08:00,0.49,0.509
10/05/2019 09:00,0.623,0.646
10/05/2019 10:00,0.705,0.729
10/05/2019 11:00,0.739,0.763
10/05/2019 12:00,0.726,0.75
10/05/2019 13:00,0.667,0.691
10/05/2019 14:00,0.561,0.582
10/05/2019 15:00,0.408,0.427
10/05/2019 16:00,0.216,0.234
10/05/2019 17:00,0.035,0.051
10/05/2019 18:00,0.0,0.001
10/05/2019 19:00,0.0,0.0
10/05/2019 20:00,0.0,0.0
10/05/2019 21:00,0.0,0.0
10/05/2019 22:00,0.0,0.0
10/05/2019 23:00,0.0,0.0
11/05/2019 00:00,0.0,0.0
11/05/2019 01:00,0.0,0.0
11/05/2019 02:00,0.0,0.0
11/05/2019 03:00,0.0,0.0
11/05/2019 04:00,0.0,0.0
11/05/2019 05:00,0.008,0.009
11/05/2019 06:00,0.107,0.117
11/05/2019 07:00,0.301,0.319
11/05/2019 08:00,0.475,0.497
11/05/2019 09:00,0.604,0.629
11/05/2019 10:00,0.684,0.711
11/05/2019 11:00,0.718,0.746
11/05/2019 12:00,0.705,0.733
11/05/2019 13:00,0.647,0.676
11/05/2019 14:00,0.542,0.569
11/05/2019 15:00,0.392,0.418
11/05/2019 16:00,0.208,0.23
11/05/2019 17:00,0.039,0.05
11/05/2019 18:00,0.0,0.001
11/05/2019 19:00,0.0,0.0
11/05/2019 20:00,0.0,0.0
11/05/2019 21:00,0.0,0.0
11/05/2019 22:00,0.0,0.0
11/05/2019 23:00,0.0,0.0
12/05/2019 00:00,0.0,0.0
12/05/2019 01:00,0.0,0.0
12/05/2019 02:00,0.0,0.0
12/05/2019 03:00,0.0,0.0
12/05/2019 04:00,0.0,0.0
12/05/2019 05:00,0.008,0.01
12/05/2019 06:00,0.105,0.114
12/05/2019 07:00,0.298,0.31
12/05/2019 08:00,0.469,0.483
12/05/2019 09:00,0.592,0.612
12/05/2019 10:00,0.67,0.693
12/05/2019 11:00,0.703,0.726
12/05/2019 12:00,0.692,0.715
12/05/2019 13:00,0.636,0.66
12/05/2019 14:00,0.535,0.558
12/05/2019 15:00,0.388,0.411
12/05/2019 16:00,0.206,0.226
12/05/2019 17:00,0.037,0.05
12/05/2019 18:00,0.0,0.001
12/05/2019 19:00,0.0,0.0
12/05/2019 20:00,0.0,0.0
12/05/2019 21:00,0.0,0.0
12/05/2019 22:00,0.0,0.0
12/05/2019 23:00,0.0,0.0
13/05/2019 00:00,0.0,0.0
13/05/2019 01:00,0.0,0.0
13/05/2019 02:00,0.0,0.0
13/05/2019 03:00,0.0,0.0
13/05/2019 04:00,0.0,0.0
13/05/2019 05:00,0.009,0.011
13/05/2019 06:00,0.104,0.113
13/05/2019 07:00,0.288,0.303
13/05/2019 08:00,0.457,0.474
13/05/2019 09:00,0.58,0.603
13/05/2019 10:00,0.658,0.685
13/05/2019 11:00,0.694,0.721
13/05/2019 12:00,0.683,0.711
13/05/2019 13:00,0.628,0.657
13/05/2019 14:00,0.528,0.556
13/05/2019 15:00,0.383,0.409
13/05/2019 16:00,0.203,0.225
13/05/2019 17:00,0.038,0.05
13/05/2019 18:00,0.0,0.002
13/05/2019 19:00,0.0,0.0
13/05/2019 20:00,0.0,0.0
13/05/2019 21:00,0.0,0.0
13/05/2019 22:00,0.0,0.0
13/05/2019 23:00,0.0,0.0
14/05/2019 00:00,0.0,0.0
14/05/2019 01:00,0.0,0.0
14/05/2019 02:00,0.0,0.0
14/05/2019 03:00,0.0,0.0
14/05/2019 04:00,0.0,0.0
14/05/2019 05:00,0.009,0.011
14/05/2019 06:00,0.104,0.113
14/05/2019 07:00,0.286,0.304
14/05/2019 08:00,0.453,0.473
14/05/2019 09:00,0.575,0.6
14/05/2019 10:00,0.652,0.681
14/05/2019 11:00,0.684,0.713
14/05/2019 12:00,0.672,0.703
14/05/2019 13:00,0.617,0.648
14/05/2019 14:00,0.516,0.543
14/05/2019 15:00,0.372,0.396
14/05/2019 16:00,0.198,0.216
14/05/2019 17:00,0.042,0.055
14/05/2019 18:00,0.0,0.002
14/05/2019 19:00,0.0,0.0
14/05/2019 20:00,0.0,0.0
14/05/2019 21:00,0.0,0.0
14/05/2019 22:00,0.0,0.0
14/05/2019 23:00,0.0,0.0
15/05/2019 00:00,0.0,0.0
15/05/2019 01:00,0.0,0.0
15/05/2019 02:00,0.0,0.0
15/05/2019 03:00,0.0,0.0
15/05/2019 04:00,0.0,0.0
15/05/2019 05:00,0.01,0.012
15/05/2019 06:00,0.103,0.112
15/05/2019 07:00,0.279,0.293
15/05/2019 08:00,0.442,0.458
15/05/2019 09:00,0.56,0.584
15/05/2019 10:00,0.641,0.663
15/05/2019 11:00,0.667,0.696
15/05/2019 12:00,0.656,0.687
15/05/2019 13:00,0.603,0.633
15/05/2019 14:00,0.505,0.534
15/05/2019 15:00,0.364,0.391
15/05/2019 16:00,0.194,0.215
15/05/2019 17:00,0.045,0.055
15/05/2019 18:00,0.0,0.002
15/05/2019 19:00,0.0,0.0
15/05/2019 20:00,0.0,0.0
15/05/2019 21:00,0.0,0.0
15/05/2019 22:00,0.0,0.0
15/05/2019 23:00,0.0,0.0
16/05/2019 00:00,0.0,0.0
16/05/2019 01:00,0.0,0.0
16/05/2019 02:00,0.0,0.0
16/05/2019 03:00,0.0,0.0
16/05/2019 04:00,0.0,0.0
16/05/2019 05:00,0.01,0.012
16/05/2019 06:00,0.103,0.111
16/05/2019 07:00,0.269,0.288
16/05/2019 08:00,0.428,0.454
16/05/2019 09:00,0.549,0.578
16/05/2019 10:00,0.627,0.657
16/05/2019 11:00,0.659,0.691
16/05/2019 12:00,0.647,0.679
16/05/2019 13:00,0.592,0.623
16/05/2019 14:00,0.484,0.514
16/05/2019 15:00,0.344,0.371
16/05/2019 16:00,0.183,0.204
16/05/2019 17:00,0.049,0.059
16/05/2019 18:00,0.0,0.002
16/05/2019 19:00,0.0,0.0
16/05/2019 20:00,0.0,0.0
16/05/2019 21:00,0.0,0.0
16/05/2019 22:00,0.0,0.0
16/05/2019 23:00,0.0,0.0
17/05/2019 00:00,0.0,0.0
17/05/2019 01:00,0.0,0.0
17/05/2019 02:00,0.0,0.0
17/05/2019 03:00,0.0,0.0
17/05/2019 04:00,0.0,0.0
17/05/2019 05:00,0.009,0.013
17/05/2019 06:00,0.08,0.109
17/05/2019 07:00,0.19,0.258
17/05/2019 08:00,0.341,0.401
17/05/2019 09:00,0.489,0.534
17/05/2019 10:00,0.546,0.642
17/05/2019 11:00,0.562,0.677
17/05/2019 12:00,0.548,0.672
17/05/2019 13:00,0.524,0.623
17/05/2019 14:00,0.446,0.527
17/05/2019 15:00,0.274,0.382
17/05/2019 16:00,0.09,0.21
17/05/2019 17:00,0.025,0.062
17/05/2019 18:00,0.0,0.002
17/05/2019 19:00,0.0,0.0
17/05/2019 20:00,0.0,0.0
17/05/2019 21:00,0.0,0.0
17/05/2019 22:00,0.0,0.0
17/05/2019 23:00,0.0,0.0
18/05/2019 00:00,0.0,0.0
18/05/2019 01:00,0.0,0.0
18/05/2019 02:00,0.0,0.0
18/05/2019 03:00,0.0,0.0
18/05/2019 04:00,0.0,0.0
18/05/2019 05:00,0.011,0.012
18/05/2019 06:00,0.103,0.114
18/05/2019 07:00,0.268,0.311
18/05/2019 08:00,0.428,0.486
18/05/2019 09:00,0.551,0.619
18/05/2019 10:00,0.629,0.701
18/05/2019 11:00,0.664,0.735
18/05/2019 12:00,0.654,0.726
18/05/2019 13:00,0.6,0.672
18/05/2019 14:00,0.504,0.567
18/05/2019 15:00,0.363,0.417
18/05/2019 16:00,0.194,0.228
18/05/2019 17:00,0.047,0.048
18/05/2019 18:00,0.0,0.002
18/05/2019 19:00,0.0,0.0
18/05/2019 20:00,0.0,0.0
18/05/2019 21:00,0.0,0.0
18/05/2019 22:00,0.0,0.0
18/05/2019 23:00,0.0,0.0
19/05/2019 00:00,0.0,0.0
19/05/2019 01:00,0.0,0.0
19/05/2019 02:00,0.0,0.0
19/05/2019 03:00,0.0,0.0
19/05/2019 04:00,0.0,0.0
19/05/2019 05:00,0.011,0.013
19/05/2019 06:00,0.103,0.113
19/05/2019 07:00,0.285,0.303
19/05/2019 08:00,0.454,0.474
19/05/2019 09:00,0.578,0.605
19/05/2019 10:00,0.658,0.688
19/05/2019 11:00,0.689,0.719
19/05/2019 12:00,0.678,0.711
19/05/2019 13:00,0.622,0.658
19/05/2019 14:00,0.529,0.56
19/05/2019 15:00,0.382,0.413
19/05/2019 16:00,0.201,0.227
19/05/2019 17:00,0.04,0.048
19/05/2019 18:00,0.001,0.003
19/05/2019 19:00,0.0,0.0
19/05/2019 20:00,0.0,0.0
19/05/2019 21:00,0.0,0.0
19/05/2019 22:00,0.0,0.0
19/05/2019 23:00,0.0,0.0
20/05/2019 00:00,0.0,0.0
20/05/2019 01:00,0.0,0.0
20/05/2019 02:00,0.0,0.0
20/05/2019 03:00,0.0,0.0
20/05/2019 04:00,0.0,0.0
20/05/2019 05:00,0.011,0.011
20/05/2019 06:00,0.102,0.114
20/05/2019 07:00,0.284,0.312
20/05/2019 08:00,0.453,0.484
20/05/2019 09:00,0.578,0.609
20/05/2019 10:00,0.656,0.687
20/05/2019 11:00,0.689,0.715
20/05/2019 12:00,0.678,0.703
20/05/2019 13:00,0.623,0.648
20/05/2019 14:00,0.522,0.546
20/05/2019 15:00,0.378,0.4
20/05/2019 16:00,0.2,0.221
20/05/2019 17:00,0.037,0.05
20/05/2019 18:00,0.001,0.003
20/05/2019 19:00,0.0,0.0
20/05/2019 20:00,0.0,0.0
20/05/2019 21:00,0.0,0.0
20/05/2019 22:00,0.0,0.0
20/05/2019 23:00,0.0,0.0
21/05/2019 00:00,0.0,0.0
21/05/2019 01:00,0.0,0.0
21/05/2019 02:00,0.0,0.0
21/05/2019 03:00,0.0,0.0
21/05/2019 04:00,0.0,0.0
21/05/2019 05:00,0.011,0.014
21/05/2019 06:00,0.102,0.112
21/05/2019 07:00,0.286,0.298
21/05/2019 08:00,0.454,0.467
21/05/2019 09:00,0.578,0.591
21/05/2019 10:00,0.655,0.669
21/05/2019 11:00,0.684,0.698
21/05/2019 12:00,0.671,0.687
21/05/2019 13:00,0.615,0.632
21/05/2019 14:00,0.516,0.534
21/05/2019 15:00,0.373,0.391
21/05/2019 16:00,0.197,0.215
21/05/2019 17:00,0.036,0.052
21/05/2019 18:00,0.001,0.003
21/05/2019 19:00,0.0,0.0
21/05/2019 20:00,0.0,0.0
21/05/2019 21:00,0.0,0.0
21/05/2019 22:00,0.0,0.0
21/05/2019 23:00,0.0,0.0
22/05/2019 00:00,0.0,0.0
22/05/2019 01:00,0.0,0.0
22/05/2019 02:00,0.0,0.0
22/05/2019 03:00,0.0,0.0
22/05/2019 04:00,0.0,0.0
22/05/2019 05:00,0.011,0.014
22/05/2019 06:00,0.101,0.11
22/05/2019 07:00,0.278,0.29
22/05/2019 08:00,0.442,0.451
22/05/2019 09:00,0.56,0.573
22/05/2019 10:00,0.632,0.65
22/05/2019 11:00,0.666,0.683
22/05/2019 12:00,0.654,0.674
22/05/2019 13:00,0.6,0.621
22/05/2019 14:00,0.503,0.524
22/05/2019 15:00,0.363,0.383
22/05/2019 16:00,0.193,0.211
22/05/2019 17:00,0.039,0.053
22/05/2019 18:00,0.001,0.003
22/05/2019 19:00,0.0,0.0
22/05/2019 20:00,0.0,0.0
22/05/2019 21:00,0.0,0.0
22/05/2019 22:00,0.0,0.0
22/05/2019 23:00,0.0,0.0
23/05/2019 00:00,0.0,0.0
23/05/2019 01:00,0.0,0.0
23/05/2019 02:00,0.0,0.0
23/05/2019 03:00,0.0,0.0
23/05/2019 04:00,0.0,0.0
23/05/2019 05:00,0.012,0.014
23/05/2019 06:00,0.1,0.109
23/05/2019 07:00,0.275,0.284
23/05/2019 08:00,0.437,0.446
23/05/2019 09:00,0.553,0.568
23/05/2019 10:00,0.625,0.646
23/05/2019 11:00,0.656,0.678
23/05/2019 12:00,0.645,0.668
23/05/2019 13:00,0.591,0.615
23/05/2019 14:00,0.49,0.514
23/05/2019 15:00,0.352,0.375
23/05/2019 16:00,0.187,0.206
23/05/2019 17:00,0.044,0.056
23/05/2019 18:00,0.001,0.003
23/05/2019 19:00,0.0,0.0
23/05/2019 20:00,0.0,0.0
23/05/2019 21:00,0.0,0.0
23/05/2019 22:00,0.0,0.0
23/05/2019 23:00,0.0,0.0
24/05/2019 00:00,0.0,0.0
24/05/2019 01:00,0.0,0.0
24/05/2019 02:00,0.0,0.0
24/05/2019 03:00,0.0,0.0
24/05/2019 04:00,0.0,0.0
24/05/2019 05:00,0.012,0.015
24/05/2019 06:00,0.101,0.108
24/05/2019 07:00,0.267,0.277
24/05/2019 08:00,0.423,0.442
24/05/2019 09:00,0.538,0.564
24/05/2019 10:00,0.611,0.641
24/05/2019 11:00,0.639,0.669
24/05/2019 12:00,0.628,0.656
24/05/2019 13:00,0.575,0.592
24/05/2019 14:00,0.48,0.482
24/05/2019 15:00,0.344,0.345
24/05/2019 16:00,0.183,0.195
24/05/2019 17:00,0.05,0.06
24/05/2019 18:00,0.001,0.003
24/05/2019 19:00,0.0,0.0
24/05/2019 20:00,0.0,0.0
24/05/2019 21:00,0.0,0.0
24/05/2019 22:00,0.0,0.0
24/05/2019 23:00,0.0,0.0
25/05/2019 00:00,0.0,0.0
25/05/2019 01:00,0.0,0.0
25/05/2019 02:00,0.0,0.0
25/05/2019 03:00,0.0,0.0
25/05/2019 04:00,0.0,0.0
25/05/2019 05:00,0.012,0.016
25/05/2019 06:00,0.1,0.111
25/05/2019 07:00,0.265,0.279
25/05/2019 08:00,0.422,0.441
25/05/2019 09:00,0.537,0.556
25/05/2019 10:00,0.611,0.626
25/05/2019 11:00,0.641,0.66
25/05/2019 12:00,0.629,0.655
25/05/2019 13:00,0.575,0.603
25/05/2019 14:00,0.469,0.496
25/05/2019 15:00,0.331,0.354
25/05/2019 16:00,0.179,0.194
25/05/2019 17:00,0.05,0.062
25/05/2019 18:00,0.001,0.003
25/05/2019 19:00,0.0,0.0
25/05/2019 20:00,0.0,0.0
25/05/2019 21:00,0.0,0.0
25/05/2019 22:00,0.0,0.0
25/05/2019 23:00,0.0,0.0
26/05/2019 00:00,0.0,0.0
26/05/2019 01:00,0.0,0.0
26/05/2019 02:00,0.0,0.0
26/05/2019 03:00,0.0,0.0
26/05/2019 04:00,0.0,0.0
26/05/2019 05:00,0.012,0.016
26/05/2019 06:00,0.101,0.112
26/05/2019 07:00,0.255,0.278
26/05/2019 08:00,0.412,0.438
26/05/2019 09:00,0.533,0.56
26/05/2019 10:00,0.608,0.637
26/05/2019 11:00,0.634,0.661
26/05/2019 12:00,0.624,0.65
26/05/2019 13:00,0.572,0.596
26/05/2019 14:00,0.479,0.506
26/05/2019 15:00,0.345,0.368
26/05/2019 16:00,0.185,0.206
26/05/2019 17:00,0.049,0.06
26/05/2019 18:00,0.001,0.004
26/05/2019 19:00,0.0,0.0
26/05/2019 20:00,0.0,0.0
26/05/2019 21:00,0.0,0.0
26/05/2019 22:00,0.0,0.0
26/05/2019 23:00,0.0,0.0
27/05/2019 00:00,0.0,0.0
27/05/2019 01:00,0.0,0.0
27/05/2019 02:00,0.0,0.0
27/05/2019 03:00,0.0,0.0
27/05/2019 04:00,0.0,0.0
27/05/2019 05:00,0.013,0.017
27/05/2019 06:00,0.098,0.114
27/05/2019 07:00,0.233,0.272
27/05/2019 08:00,0.368,0.401
27/05/2019 09:00,0.483,0.522
27/05/2019 10:00,0.57,0.611
27/05/2019 11:00,0.618,0.625
27/05/2019 12:00,0.619,0.616
27/05/2019 13:00,0.57,0.519
27/05/2019 14:00,0.45,0.382
27/05/2019 15:00,0.303,0.272
27/05/2019 16:00,0.16,0.191
27/05/2019 17:00,0.051,0.065
27/05/2019 18:00,0.001,0.002
27/05/2019 19:00,0.0,0.0
27/05/2019 20:00,0.0,0.0
27/05/2019 21:00,0.0,0.0
27/05/2019 22:00,0.0,0.0
27/05/2019 23:00,0.0,0.0
28/05/2019 00:00,0.0,0.0
28/05/2019 01:00,0.0,0.0
28/05/2019 02:00,0.0,0.0
28/05/2019 03:00,0.0,0.0
28/05/2019 04:00,0.0,0.0
28/05/2019 05:00,0.013,0.018
28/05/2019 06:00,0.1,0.114
28/05/2019 07:00,0.248,0.257
28/05/2019 08:00,0.397,0.389
28/05/2019 09:00,0.515,0.492
28/05/2019 10:00,0.591,0.564
28/05/2019 11:00,0.619,0.585
28/05/2019 12:00,0.608,0.575
28/05/2019 13:00,0.552,0.527
28/05/2019 14:00,0.454,0.445
28/05/2019 15:00,0.323,0.32
28/05/2019 16:00,0.178,0.185
28/05/2019 17:00,0.053,0.066
28/05/2019 18:00,0.001,0.004
28/05/2019 19:00,0.0,0.0
28/05/2019 20:00,0.0,0.0
28/05/2019 21:00,0.0,0.0
28/05/2019 22:00,0.0,0.0
28/05/2019 23:00,0.0,0.0
29/05/2019 00:00,0.0,0.0
29/05/2019 01:00,0.0,0.0
29/05/2019 02:00,0.0,0.0
29/05/2019 03:00,0.0,0.0
29/05/2019 04:00,0.0,0.0
29/05/2019 05:00,0.013,0.017
29/05/2019 06:00,0.1,0.112
29/05/2019 07:00,0.265,0.284
29/05/2019 08:00,0.426,0.44
29/05/2019 09:00,0.546,0.547
29/05/2019 10:00,0.621,0.608
29/05/2019 11:00,0.65,0.632
29/05/2019 12:00,0.638,0.619
29/05/2019 13:00,0.584,0.572
29/05/2019 14:00,0.487,0.48
29/05/2019 15:00,0.35,0.349
29/05/2019 16:00,0.187,0.197
29/05/2019 17:00,0.045,0.063
29/05/2019 18:00,0.002,0.004
29/05/2019 19:00,0.0,0.0
29/05/2019 20:00,0.0,0.0
29/05/2019 21:00,0.0,0.0
29/05/2019 22:00,0.0,0.0
29/05/2019 23:00,0.0,0.0
30/05/2019 00:00,0.0,0.0
30/05/2019 01:00,0.0,0.0
30/05/2019 02:00,0.0,0.0
30/05/2019 03:00,0.0,0.0
30/05/2019 04:00,0.0,0.0
30/05/2019 05:00,0.014,0.016
30/05/2019 06:00,0.101,0.108
30/05/2019 07:00,0.26,0.284
30/05/2019 08:00,0.414,0.445
30/05/2019 09:00,0.531,0.565
30/05/2019 10:00,0.604,0.642
30/05/2019 11:00,0.625,0.674
30/05/2019 12:00,0.614,0.663
30/05/2019 13:00,0.561,0.61
30/05/2019 14:00,0.465,0.514
30/05/2019 15:00,0.332,0.376
30/05/2019 16:00,0.18,0.207
30/05/2019 17:00,0.052,0.055
30/05/2019 18:00,0.001,0.004
30/05/2019 19:00,0.0,0.0
30/05/2019 20:00,0.0,0.0
30/05/2019 21:00,0.0,0.0
30/05/2019 22:00,0.0,0.0
30/05/2019 23:00,0.0,0.0
31/05/2019 00:00,0.0,0.0
31/05/2019 01:00,0.0,0.0
31/05/2019 02:00,0.0,0.0
31/05/2019 03:00,0.0,0.0
31/05/2019 04:00,0.0,0.0
31/05/2019 05:00,0.014,0.02
31/05/2019 06:00,0.098,0.11
31/05/2019 07:00,0.26,0.284
31/05/2019 08:00,0.416,0.446
31/05/2019 09:00,0.533,0.566
31/05/2019 10:00,0.608,0.64
31/05/2019 11:00,0.638,0.671
31/05/2019 12:00,0.628,0.66
31/05/2019 13:00,0.575,0.605
31/05/2019 14:00,0.481,0.507
31/05/2019 15:00,0.346,0.367
31/05/2019 16:00,0.185,0.204
31/05/2019 17:00,0.046,0.06
31/05/2019 18:00,0.002,0.005
31/05/2019 19:00,0.0,0.0
31/05/2019 20:00,0.0,0.0
31/05/2019 21:00,0.0,0.0
31/05/2019 22:00,0.0,0.0
31/05/2019 23:00,0.0,0.0
01/06/2019 00:00,0.0,0.0
01/06/2019 01:00,0.0,0.0
01/06/2019 02:00,0.0,0.0
01/06/2019 03:00,0.0,0.0
01/06/2019 04:00,0.0,0.0
01/06/2019 05:00,0.014,0.021
01/06/2019 06:00,0.1,0.112
01/06/2019 07:00,0.257,0.268
01/06/2019 08:00,0.409,0.424
01/06/2019 09:00,0.522,0.547
01/06/2019 10:00,0.589,0.627
01/06/2019 11:00,0.617,0.662
01/06/2019 12:00,0.61,0.652
01/06/2019 13:00,0.562,0.595
01/06/2019 14:00,0.464,0.484
01/06/2019 15:00,0.334,0.339
01/06/2019 16:00,0.181,0.187
01/06/2019 17:00,0.052,0.064
01/06/2019 18:00,0.002,0.004
01/06/2019 19:00,0.0,0.0
01/06/2019 20:00,0.0,0.0
01/06/2019 21:00,0.0,0.0
01/06/2019 22:00,0.0,0.0
01/06/2019 23:00,0.0,0.0
02/06/2019 00:00,0.0,0.0
02/06/2019 01:00,0.0,0.0
02/06/2019 02:00,0.0,0.0
02/06/2019 03:00,0.0,0.0
02/06/2019 04:00,0.0,0.0
02/06/2019 05:00,0.014,0.02
02/06/2019 06:00,0.1,0.11
02/06/2019 07:00,0.252,0.282
02/06/2019 08:00,0.403,0.443
02/06/2019 09:00,0.52,0.563
02/06/2019 10:00,0.595,0.639
02/06/2019 11:00,0.624,0.668
02/06/2019 12:00,0.613,0.657
02/06/2019 13:00,0.561,0.604
02/06/2019 14:00,0.466,0.511
02/06/2019 15:00,0.334,0.373
02/06/2019 16:00,0.181,0.208
02/06/2019 17:00,0.052,0.059
02/06/2019 18:00,0.002,0.005
02/06/2019 19:00,0.0,0.0
02/06/2019 20:00,0.0,0.0
02/06/2019 21:00,0.0,0.0
02/06/2019 22:00,0.0,0.0
02/06/2019 23:00,0.0,0.0
03/06/2019 00:00,0.0,0.0
03/06/2019 01:00,0.0,0.0
03/06/2019 02:00,0.0,0.0
03/06/2019 03:00,0.0,0.0
03/06/2019 04:00,0.0,0.0
03/06/2019 05:00,0.013,0.021
03/06/2019 06:00,0.099,0.11
03/06/2019 07:00,0.24,0.276
03/06/2019 08:00,0.386,0.433
03/06/2019 09:00,0.506,0.553
03/06/2019 10:00,0.59,0.628
03/06/2019 11:00,0.622,0.661
03/06/2019 12:00,0.611,0.65
03/06/2019 13:00,0.56,0.598
03/06/2019 14:00,0.462,0.5
03/06/2019 15:00,0.32,0.365
03/06/2019 16:00,0.173,0.204
03/06/2019 17:00,0.055,0.062
03/06/2019 18:00,0.001,0.005
03/06/2019 19:00,0.0,0.0
03/06/2019 20:00,0.0,0.0
03/06/2019 21:00,0.0,0.0
03/06/2019 22:00,0.0,0.0
03/06/2019 23:00,0.0,0.0
04/06/2019 00:00,0.0,0.0
04/06/2019 01:00,0.0,0.0
04/06/2019 02:00,0.0,0.0
04/06/2019 03:00,0.0,0.0
04/06/2019 04:00,0.0,0.0
04/06/2019 05:00,0.012,0.021
04/06/2019 06:00,0.095,0.11
04/06/2019 07:00,0.219,0.27
04/06/2019 08:00,0.344,0.417
04/06/2019 09:00,0.45,0.535
04/06/2019 10:00,0.538,0.619
04/06/2019 11:00,0.59,0.644
04/06/2019 12:00,0.583,0.627
04/06/2019 13:00,0.543,0.572
04/06/2019 14:00,0.462,0.474
04/06/2019 15:00,0.335,0.345
04/06/2019 16:00,0.182,0.196
04/06/2019 17:00,0.054,0.066
04/06/2019 18:00,0.002,0.004
04/06/2019 19:00,0.0,0.0
04/06/2019 20:00,0.0,0.0
04/06/2019 21:00,0.0,0.0
04/06/2019 22:00,0.0,0.0
04/06/2019 23:00,0.0,0.0
05/06/2019 00:00,0.0,0.0
05/06/2019 01:00,0.0,0.0
05/06/2019 02:00,0.0,0.0
05/06/2019 03:00,0.0,0.0
05/06/2019 04:00,0.0,0.0
05/06/2019 05:00,0.015,0.021
05/06/2019 06:00,0.102,0.111
05/06/2019 07:00,0.246,0.252
05/06/2019 08:00,0.389,0.402
05/06/2019 09:00,0.497,0.527
05/06/2019 10:00,0.558,0.609
05/06/2019 11:00,0.575,0.644
05/06/2019 12:00,0.557,0.633
05/06/2019 13:00,0.492,0.577
05/06/2019 14:00,0.395,0.473
05/06/2019 15:00,0.277,0.34
05/06/2019 16:00,0.156,0.19
05/06/2019 17:00,0.052,0.067
05/06/2019 18:00,0.001,0.004
05/06/2019 19:00,0.0,0.0
05/06/2019 20:00,0.0,0.0
05/06/2019 21:00,0.0,0.0
05/06/2019 22:00,0.0,0.0
05/06/2019 23:00,0.0,0.0
06/06/2019 00:00,0.0,0.0
06/06/2019 01:00,0.0,0.0
06/06/2019 02:00,0.0,0.0
06/06/2019 03:00,0.0,0.0
06/06/2019 04:00,0.0,0.0
06/06/2019 05:00,0.012,0.018
06/06/2019 06:00,0.097,0.107
06/06/2019 07:00,0.236,0.235
06/06/2019 08:00,0.377,0.386
06/06/2019 09:00,0.5,0.508
06/06/2019 10:00,0.574,0.588
06/06/2019 11:00,0.593,0.623
06/06/2019 12:00,0.585,0.617
06/06/2019 13:00,0.536,0.571
06/06/2019 14:00,0.446,0.477
06/06/2019 15:00,0.321,0.348
06/06/2019 16:00,0.178,0.2
06/06/2019 17:00,0.057,0.07
06/06/2019 18:00,0.002,0.005
06/06/2019 19:00,0.0,0.0
06/06/2019 20:00,0.0,0.0
06/06/2019 21:00,0.0,0.0
06/06/2019 22:00,0.0,0.0
06/06/2019 23:00,0.0,0.0
07/06/2019 00:00,0.0,0.0
07/06/2019 01:00,0.0,0.0
07/06/2019 02:00,0.0,0.0
07/06/2019 03:00,0.0,0.0
07/06/2019 04:00,0.0,0.0
07/06/2019 05:00,0.015,0.02
07/06/2019 06:00,0.099,0.108
07/06/2019 07:00,0.253,0.294
07/06/2019 08:00,0.406,0.462
07/06/2019 09:00,0.526,0.586
07/06/2019 10:00,0.603,0.664
07/06/2019 11:00,0.633,0.696
07/06/2019 12:00,0.623,0.684
07/06/2019 13:00,0.571,0.628
07/06/2019 14:00,0.478,0.529
07/06/2019 15:00,0.345,0.387
07/06/2019 16:00,0.187,0.214
07/06/2019 17:00,0.049,0.055
07/06/2019 18:00,0.002,0.006
07/06/2019 19:00,0.0,0.0
07/06/2019 20:00,0.0,0.0
07/06/2019 21:00,0.0,0.0
07/06/2019 22:00,0.0,0.0
07/06/2019 23:00,0.0,0.0
08/06/2019 00:00,0.0,0.0
08/06/2019 01:00,0.0,0.0
08/06/2019 02:00,0.0,0.0
08/06/2019 03:00,0.0,0.0
08/06/2019 04:00,0.0,0.0
08/06/2019 05:00,0.014,0.021
08/06/2019 06:00,0.094,0.109
08/06/2019 07:00,0.27,0.296
08/06/2019 08:00,0.432,0.465
08/06/2019 09:00,0.553,0.592
08/06/2019 10:00,0.629,0.672
08/06/2019 11:00,0.658,0.704
08/06/2019 12:00,0.646,0.688
08/06/2019 13:00,0.592,0.63
08/06/2019 14:00,0.492,0.538
08/06/2019 15:00,0.35,0.399
08/06/2019 16:00,0.189,0.222
08/06/2019 17:00,0.047,0.057
08/06/2019 18:00,0.002,0.006
08/06/2019 19:00,0.0,0.0
08/06/2019 20:00,0.0,0.0
08/06/2019 21:00,0.0,0.0
08/06/2019 22:00,0.0,0.0
08/06/2019 23:00,0.0,0.0
09/06/2019 00:00,0.0,0.0
09/06/2019 01:00,0.0,0.0
09/06/2019 02:00,0.0,0.0
09/06/2019 03:00,0.0,0.0
09/06/2019 04:00,0.0,0.0
09/06/2019 05:00,0.016,0.022
09/06/2019 06:00,0.099,0.11
09/06/2019 07:00,0.256,0.284
09/06/2019 08:00,0.412,0.451
09/06/2019 09:00,0.541,0.579
09/06/2019 10:00,0.62,0.66
09/06/2019 11:00,0.651,0.691
09/06/2019 12:00,0.64,0.681
09/06/2019 13:00,0.586,0.626
09/06/2019 14:00,0.491,0.527
09/06/2019 15:00,0.356,0.387
09/06/2019 16:00,0.192,0.217
09/06/2019 17:00,0.048,0.062
09/06/2019 18:00,0.002,0.006
09/06/2019 19:00,0.0,0.0
09/06/2019 20:00,0.0,0.0
09/06/2019 21:00,0.0,0.0
09/06/2019 22:00,0.0,0.0
09/06/2019 23:00,0.0,0.0
10/06/2019 00:00,0.0,0.0
10/06/2019 01:00,0.0,0.0
10/06/2019 02:00,0.0,0.0
10/06/2019 03:00,0.0,0.0
10/06/2019 04:00,0.0,0.0
10/06/2019 05:00,0.016,0.021
10/06/2019 06:00,0.099,0.107
10/06/2019 07:00,0.257,0.29
10/06/2019 08:00,0.415,0.458
10/06/2019 09:00,0.538,0.585
10/06/2019 10:00,0.617,0.664
10/06/2019 11:00,0.65,0.699
10/06/2019 12:00,0.639,0.689
10/06/2019 13:00,0.584,0.635
10/06/2019 14:00,0.474,0.533
10/06/2019 15:00,0.336,0.392
10/06/2019 16:00,0.185,0.219
10/06/2019 17:00,0.052,0.056
10/06/2019 18:00,0.003,0.006
10/06/2019 19:00,0.0,0.0
10/06/2019 20:00,0.0,0.0
10/06/2019 21:00,0.0,0.0
10/06/2019 22:00,0.0,0.0
10/06/2019 23:00,0.0,0.0
11/06/2019 00:00,0.0,0.0
11/06/2019 01:00,0.0,0.0
11/06/2019 02:00,0.0,0.0
11/06/2019 03:00,0.0,0.0
11/06/2019 04:00,0.0,0.0
11/06/2019 05:00,0.015,0.021
11/06/2019 06:00,0.094,0.105
11/06/2019 07:00,0.26,0.285
11/06/2019 08:00,0.408,0.449
11/06/2019 09:00,0.512,0.574
11/06/2019 10:00,0.58,0.653
11/06/2019 11:00,0.61,0.685
11/06/2019 12:00,0.616,0.675
11/06/2019 13:00,0.58,0.622
11/06/2019 14:00,0.489,0.526
11/06/2019 15:00,0.355,0.386
11/06/2019 16:00,0.191,0.216
11/06/2019 17:00,0.045,0.058
11/06/2019 18:00,0.003,0.006
11/06/2019 19:00,0.0,0.0
11/06/2019 20:00,0.0,0.0
11/06/2019 21:00,0.0,0.0
11/06/2019 22:00,0.0,0.0
11/06/2019 23:00,0.0,0.0
12/06/2019 00:00,0.0,0.0
12/06/2019 01:00,0.0,0.0
12/06/2019 02:00,0.0,0.0
12/06/2019 03:00,0.0,0.0
12/06/2019 04:00,0.0,0.0
12/06/2019 05:00,0.015,0.021
12/06/2019 06:00,0.093,0.105
12/06/2019 07:00,0.264,0.286
12/06/2019 08:00,0.422,0.452
12/06/2019 09:00,0.544,0.578
12/06/2019 10:00,0.621,0.656
12/06/2019 11:00,0.656,0.688
12/06/2019 12:00,0.645,0.678
12/06/2019 13:00,0.592,0.626
12/06/2019 14:00,0.494,0.527
12/06/2019 15:00,0.357,0.389
12/06/2019 16:00,0.192,0.218
12/06/2019 17:00,0.043,0.057
12/06/2019 18:00,0.003,0.006
12/06/2019 19:00,0.0,0.0
12/06/2019 20:00,0.0,0.0
12/06/2019 21:00,0.0,0.0
12/06/2019 22:00,0.0,0.0
12/06/2019 23:00,0.0,0.0
13/06/2019 00:00,0.0,0.0
13/06/2019 01:00,0.0,0.0
13/06/2019 02:00,0.0,0.0
13/06/2019 03:00,0.0,0.0
13/06/2019 04:00,0.0,0.0
13/06/2019 05:00,0.014,0.021
13/06/2019 06:00,0.092,0.105
13/06/2019 07:00,0.265,0.286
13/06/2019 08:00,0.427,0.451
13/06/2019 09:00,0.551,0.575
13/06/2019 10:00,0.629,0.654
13/06/2019 11:00,0.661,0.687
13/06/2019 12:00,0.65,0.677
13/06/2019 13:00,0.597,0.622
13/06/2019 14:00,0.498,0.527
13/06/2019 15:00,0.359,0.386
13/06/2019 16:00,0.192,0.216
13/06/2019 17:00,0.045,0.062
13/06/2019 18:00,0.003,0.006
13/06/2019 19:00,0.0,0.0
13/06/2019 20:00,0.0,0.0
13/06/2019 21:00,0.0,0.0
13/06/2019 22:00,0.0,0.0
13/06/2019 23:00,0.0,0.0
14/06/2019 00:00,0.0,0.0
14/06/2019 01:00,0.0,0.0
14/06/2019 02:00,0.0,0.0
14/06/2019 03:00,0.0,0.0
14/06/2019 04:00,0.0,0.0
14/06/2019 05:00,0.016,0.022
14/06/2019 06:00,0.094,0.106
14/06/2019 07:00,0.26,0.287
14/06/2019 08:00,0.42,0.455
14/06/2019 09:00,0.542,0.581
14/06/2019 10:00,0.62,0.66
14/06/2019 11:00,0.653,0.694
14/06/2019 12:00,0.642,0.685
14/06/2019 13:00,0.589,0.632
14/06/2019 14:00,0.492,0.533
14/06/2019 15:00,0.355,0.393
14/06/2019 16:00,0.191,0.22
14/06/2019 17:00,0.048,0.06
14/06/2019 18:00,0.003,0.006
14/06/2019 19:00,0.0,0.0
14/06/2019 20:00,0.0,0.0
14/06/2019 21:00,0.0,0.0
14/06/2019 22:00,0.0,0.0
14/06/2019 23:00,0.0,0.0
15/06/2019 00:00,0.0,0.0
15/06/2019 01:00,0.0,0.0
15/06/2019 02:00,0.0,0.0
15/06/2019 03:00,0.0,0.0
15/06/2019 04:00,0.0,0.0
15/06/2019 05:00,0.016,0.023
15/06/2019 06:00,0.094,0.106
15/06/2019 07:00,0.259,0.28
15/06/2019 08:00,0.417,0.446
15/06/2019 09:00,0.539,0.571
15/06/2019 10:00,0.615,0.651
15/06/2019 11:00,0.648,0.679
15/06/2019 12:00,0.637,0.67
15/06/2019 13:00,0.583,0.618
15/06/2019 14:00,0.487,0.526
15/06/2019 15:00,0.351,0.387
15/06/2019 16:00,0.19,0.218
15/06/2019 17:00,0.049,0.061
15/06/2019 18:00,0.003,0.007
15/06/2019 19:00,0.0,0.0
15/06/2019 20:00,0.0,0.0
15/06/2019 21:00,0.0,0.0
15/06/2019 22:00,0.0,0.0
15/06/2019 23:00,0.0,0.0
16/06/2019 00:00,0.0,0.0
16/06/2019 01:00,0.0,0.0
16/06/2019 02:00,0.0,0.0
16/06/2019 03:00,0.0,0.0
16/06/2019 04:00,0.0,0.0
16/06/2019 05:00,0.015,0.022
16/06/2019 06:00,0.091,0.105
16/06/2019 07:00,0.261,0.282
16/06/2019 08:00,0.42,0.447
16/06/2019 09:00,0.543,0.573
16/06/2019 10:00,0.62,0.652
16/06/2019 11:00,0.653,0.687
16/06/2019 12:00,0.642,0.678
16/06/2019 13:00,0.589,0.625
16/06/2019 14:00,0.494,0.528
16/06/2019 15:00,0.358,0.387
16/06/2019 16:00,0.192,0.217
16/06/2019 17:00,0.043,0.061
16/06/2019 18:00,0.003,0.006
16/06/2019 19:00,0.0,0.0
16/06/2019 20:00,0.0,0.0
16/06/2019 21:00,0.0,0.0
16/06/2019 22:00,0.0,0.0
16/06/2019 23:00,0.0,0.0
17/06/2019 00:00,0.0,0.0
17/06/2019 01:00,0.0,0.0
17/06/2019 02:00,0.0,0.0
17/06/2019 03:00,0.0,0.0
17/06/2019 04:00,0.0,0.0
17/06/2019 05:00,0.015,0.023
17/06/2019 06:00,0.089,0.104
17/06/2019 07:00,0.261,0.277
17/06/2019 08:00,0.42,0.44
17/06/2019 09:00,0.542,0.564
17/06/2019 10:00,0.619,0.642
17/06/2019 11:00,0.653,0.679
17/06/2019 12:00,0.643,0.67
17/06/2019 13:00,0.59,0.618
17/06/2019 14:00,0.492,0.521
17/06/2019 15:00,0.356,0.384
17/06/2019 16:00,0.191,0.216
17/06/2019 17:00,0.044,0.06
17/06/2019 18:00,0.003,0.006
17/06/2019 19:00,0.0,0.0
17/06/2019 20:00,0.0,0.0
17/06/2019 21:00,0.0,0.0
17/06/2019 22:00,0.0,0.0
17/06/2019 23:00,0.0,0.0
18/06/2019 00:00,0.0,0.0
18/06/2019 01:00,0.0,0.0
18/06/2019 02:00,0.0,0.0
18/06/2019 03:00,0.0,0.0
18/06/2019 04:00,0.0,0.0
18/06/2019 05:00,0.015,0.022
18/06/2019 06:00,0.09,0.103
18/06/2019 07:00,0.259,0.281
18/06/2019 08:00,0.415,0.446
18/06/2019 09:00,0.533,0.572
18/06/2019 10:00,0.609,0.651
18/06/2019 11:00,0.639,0.683
18/06/2019 12:00,0.629,0.674
18/06/2019 13:00,0.577,0.622
18/06/2019 14:00,0.482,0.525
18/06/2019 15:00,0.347,0.386
18/06/2019 16:00,0.188,0.217
18/06/2019 17:00,0.049,0.06
18/06/2019 18:00,0.003,0.006
18/06/2019 19:00,0.0,0.0
18/06/2019 20:00,0.0,0.0
18/06/2019 21:00,0.0,0.0
18/06/2019 22:00,0.0,0.0
18/06/2019 23:00,0.0,0.0
19/06/2019 00:00,0.0,0.0
19/06/2019 01:00,0.0,0.0
19/06/2019 02:00,0.0,0.0
19/06/2019 03:00,0.0,0.0
19/06/2019 04:00,0.0,0.0
19/06/2019 05:00,0.015,0.023
19/06/2019 06:00,0.09,0.105
19/06/2019 07:00,0.26,0.27
19/06/2019 08:00,0.417,0.426
19/06/2019 09:00,0.536,0.546
19/06/2019 10:00,0.61,0.623
19/06/2019 11:00,0.642,0.659
19/06/2019 12:00,0.63,0.65
19/06/2019 13:00,0.577,0.598
19/06/2019 14:00,0.478,0.501
19/06/2019 15:00,0.344,0.366
19/06/2019 16:00,0.186,0.207
19/06/2019 17:00,0.049,0.067
19/06/2019 18:00,0.003,0.006
19/06/2019 19:00,0.0,0.0
19/06/2019 20:00,0.0,0.0
19/06/2019 21:00,0.0,0.0
19/06/2019 22:00,0.0,0.0
19/06/2019 23:00,0.0,0.0
20/06/2019 00:00,0.0,0.0
20/06/2019 01:00,0.0,0.0
20/06/2019 02:00,0.0,0.0
20/06/2019 03:00,0.0,0.0
20/06/2019 04:00,0.0,0.0
20/06/2019 05:00,0.016,0.024
20/06/2019 06:00,0.094,0.105
20/06/2019 07:00,0.247,0.268
20/06/2019 08:00,0.397,0.421
20/06/2019 09:00,0.514,0.541
20/06/2019 10:00,0.589,0.617
20/06/2019 11:00,0.62,0.643
20/06/2019 12:00,0.61,0.632
20/06/2019 13:00,0.558,0.579
20/06/2019 14:00,0.467,0.488
20/06/2019 15:00,0.337,0.355
20/06/2019 16:00,0.184,0.201
20/06/2019 17:00,0.051,0.069
20/06/2019 18:00,0.003,0.006
20/06/2019 19:00,0.0,0.0
20/06/2019 20:00,0.0,0.0
20/06/2019 21:00,0.0,0.0
20/06/2019 22:00,0.0,0.0
20/06/2019 23:00,0.0,0.0
21/06/2019 00:00,0.0,0.0
21/06/2019 01:00,0.0,0.0
21/06/2019 02:00,0.0,0.0
21/06/2019 03:00,0.0,0.0
21/06/2019 04:00,0.0,0.0
21/06/2019 05:00,0.017,0.023
21/06/2019 06:00,0.092,0.108
21/06/2019 07:00,0.251,0.263
21/06/2019 08:00,0.401,0.417
21/06/2019 09:00,0.513,0.538
21/06/2019 10:00,0.584,0.616
21/06/2019 11:00,0.616,0.644
21/06/2019 12:00,0.605,0.637
21/06/2019 13:00,0.552,0.589
21/06/2019 14:00,0.461,0.485
21/06/2019 15:00,0.331,0.358
21/06/2019 16:00,0.181,0.207
21/06/2019 17:00,0.056,0.069
21/06/2019 18:00,0.002,0.006
21/06/2019 19:00,0.0,0.0
21/06/2019 20:00,0.0,0.0
21/06/2019 21:00,0.0,0.0
21/06/2019 22:00,0.0,0.0
21/06/2019 23:00,0.0,0.0
22/06/2019 00:00,0.0,0.0
22/06/2019 01:00,0.0,0.0
22/06/2019 02:00,0.0,0.0
22/06/2019 03:00,0.0,0.0
22/06/2019 04:00,0.0,0.0
22/06/2019 05:00,0.017,0.02
22/06/2019 06:00,0.093,0.1
22/06/2019 07:00,0.255,0.291
22/06/2019 08:00,0.412,0.461
22/06/2019 09:00,0.533,0.586
22/06/2019 10:00,0.61,0.664
22/06/2019 11:00,0.639,0.693
22/06/2019 12:00,0.631,0.683
22/06/2019 13:00,0.581,0.63
22/06/2019 14:00,0.491,0.536
22/06/2019 15:00,0.355,0.396
22/06/2019 16:00,0.193,0.223
22/06/2019 17:00,0.049,0.056
22/06/2019 18:00,0.003,0.006
22/06/2019 19:00,0.0,0.0
22/06/2019 20:00,0.0,0.0
22/06/2019 21:00,0.0,0.0
22/06/2019 22:00,0.0,0.0
22/06/2019 23:00,0.0,0.0
23/06/2019 00:00,0.0,0.0
23/06/2019 01:00,0.0,0.0
23/06/2019 02:00,0.0,0.0
23/06/2019 03:00,0.0,0.0
23/06/2019 04:00,0.0,0.0
23/06/2019 05:00,0.015,0.021
23/06/2019 06:00,0.089,0.101
23/06/2019 07:00,0.263,0.289
23/06/2019 08:00,0.423,0.457
23/06/2019 09:00,0.543,0.582
23/06/2019 10:00,0.62,0.659
23/06/2019 11:00,0.653,0.69
23/06/2019 12:00,0.642,0.679
23/06/2019 13:00,0.589,0.625
23/06/2019 14:00,0.494,0.529
23/06/2019 15:00,0.359,0.39
23/06/2019 16:00,0.195,0.22
23/06/2019 17:00,0.046,0.058
23/06/2019 18:00,0.003,0.006
23/06/2019 19:00,0.0,0.0
23/06/2019 20:00,0.0,0.0
23/06/2019 21:00,0.0,0.0
23/06/2019 22:00,0.0,0.0
23/06/2019 23:00,0.0,0.0
24/06/2019 00:00,0.0,0.0
24/06/2019 01:00,0.0,0.0
24/06/2019 02:00,0.0,0.0
24/06/2019 03:00,0.0,0.0
24/06/2019 04:00,0.0,0.0
24/06/2019 05:00,0.015,0.02
24/06/2019 06:00,0.088,0.1
24/06/2019 07:00,0.26,0.289
24/06/2019 08:00,0.42,0.456
24/06/2019 09:00,0.542,0.577
24/06/2019 10:00,0.618,0.653
24/06/2019 11:00,0.649,0.684
24/06/2019 12:00,0.638,0.673
24/06/2019 13:00,0.585,0.62
24/06/2019 14:00,0.487,0.523
24/06/2019 15:00,0.353,0.386
24/06/2019 16:00,0.191,0.217
24/06/2019 17:00,0.047,0.058
24/06/2019 18:00,0.003,0.006
24/06/2019 19:00,0.0,0.0
24/06/2019 20:00,0.0,0.0
24/06/2019 21:00,0.0,0.0
24/06/2019 22:00,0.0,0.0
24/06/2019 23:00,0.0,0.0
25/06/2019 00:00,0.0,0.0
25/06/2019 01:00,0.0,0.0
25/06/2019 02:00,0.0,0.0
25/06/2019 03:00,0.0,0.0
25/06/2019 04:00,0.0,0.0
25/06/2019 05:00,0.016,0.021
25/06/2019 06:00,0.09,0.1
25/06/2019 07:00,0.256,0.283
25/06/2019 08:00,0.412,0.445
25/06/2019 09:00,0.527,0.565
25/06/2019 10:00,0.601,0.642
25/06/2019 11:00,0.628,0.674
25/06/2019 12:00,0.617,0.664
25/06/2019 13:00,0.565,0.612
25/06/2019 14:00,0.472,0.516
25/06/2019 15:00,0.341,0.381
25/06/2019 16:00,0.186,0.215
25/06/2019 17:00,0.051,0.059
25/06/2019 18:00,0.003,0.006
25/06/2019 19:00,0.0,0.0
25/06/2019 20:00,0.0,0.0
25/06/2019 21:00,0.0,0.0
25/06/2019 22:00,0.0,0.0
25/06/2019 23:00,0.0,0.0
26/06/2019 00:00,0.0,0.0
26/06/2019 01:00,0.0,0.0
26/06/2019 02:00,0.0,0.0
26/06/2019 03:00,0.0,0.0
26/06/2019 04:00,0.0,0.0
26/06/2019 05:00,0.016,0.021
26/06/2019 06:00,0.093,0.098
26/06/2019 07:00,0.247,0.276
26/06/2019 08:00,0.395,0.433
26/06/2019 09:00,0.509,0.553
26/06/2019 10:00,0.582,0.63
26/06/2019 11:00,0.612,0.663
26/06/2019 12:00,0.602,0.654
26/06/2019 13:00,0.551,0.605
26/06/2019 14:00,0.451,0.509
26/06/2019 15:00,0.325,0.377
26/06/2019 16:00,0.179,0.213
26/06/2019 17:00,0.057,0.06
26/06/2019 18:00,0.002,0.006
26/06/2019 19:00,0.0,0.0
26/06/2019 20:00,0.0,0.0
26/06/2019 21:00,0.0,0.0
26/06/2019 22:00,0.0,0.0
26/06/2019 23:00,0.0,0.0
27/06/2019 00:00,0.0,0.0
27/06/2019 01:00,0.0,0.0
27/06/2019 02:00,0.0,0.0
27/06/2019 03:00,0.0,0.0
27/06/2019 04:00,0.0,0.0
27/06/2019 05:00,0.016,0.021
27/06/2019 06:00,0.093,0.097
27/06/2019 07:00,0.243,0.275
27/06/2019 08:00,0.389,0.435
27/06/2019 09:00,0.504,0.557
27/06/2019 10:00,0.578,0.634
27/06/2019 11:00,0.603,0.668
27/06/2019 12:00,0.594,0.659
27/06/2019 13:00,0.544,0.608
27/06/2019 14:00,0.456,0.516
27/06/2019 15:00,0.329,0.381
27/06/2019 16:00,0.182,0.215
27/06/2019 17:00,0.056,0.06
27/06/2019 18:00,0.002,0.006
27/06/2019 19:00,0.0,0.0
27/06/2019 20:00,0.0,0.0
27/06/2019 21:00,0.0,0.0
27/06/2019 22:00,0.0,0.0
27/06/2019 23:00,0.0,0.0
28/06/2019 00:00,0.0,0.0
28/06/2019 01:00,0.0,0.0
28/06/2019 02:00,0.0,0.0
28/06/2019 03:00,0.0,0.0
28/06/2019 04:00,0.0,0.0
28/06/2019 05:00,0.016,0.022
28/06/2019 06:00,0.092,0.1
28/06/2019 07:00,0.245,0.273
28/06/2019 08:00,0.396,0.434
28/06/2019 09:00,0.513,0.558
28/06/2019 10:00,0.588,0.638
28/06/2019 11:00,0.624,0.675
28/06/2019 12:00,0.614,0.667
28/06/2019 13:00,0.564,0.616
28/06/2019 14:00,0.471,0.517
28/06/2019 15:00,0.34,0.38
28/06/2019 16:00,0.187,0.215
28/06/2019 17:00,0.054,0.064
28/06/2019 18:00,0.002,0.006
28/06/2019 19:00,0.0,0.0
28/06/2019 20:00,0.0,0.0
28/06/2019 21:00,0.0,0.0
28/06/2019 22:00,0.0,0.0
28/06/2019 23:00,0.0,0.0
29/06/2019 00:00,0.0,0.0
29/06/2019 01:00,0.0,0.0
29/06/2019 02:00,0.0,0.0
29/06/2019 03:00,0.0,0.0
29/06/2019 04:00,0.0,0.0
29/06/2019 05:00,0.016,0.022
29/06/2019 06:00,0.089,0.099
29/06/2019 07:00,0.253,0.278
29/06/2019 08:00,0.409,0.446
29/06/2019 09:00,0.529,0.573
29/06/2019 10:00,0.604,0.653
29/06/2019 11:00,0.639,0.688
29/06/2019 12:00,0.628,0.68
29/06/2019 13:00,0.576,0.628
29/06/2019 14:00,0.481,0.534
29/06/2019 15:00,0.348,0.395
29/06/2019 16:00,0.19,0.223
29/06/2019 17:00,0.052,0.061
29/06/2019 18:00,0.003,0.006
29/06/2019 19:00,0.0,0.0
29/06/2019 20:00,0.0,0.0
29/06/2019 21:00,0.0,0.0
29/06/2019 22:00,0.0,0.0
29/06/2019 23:00,0.0,0.0
30/06/2019 00:00,0.0,0.0
30/06/2019 01:00,0.0,0.0
30/06/2019 02:00,0.0,0.0
30/06/2019 03:00,0.0,0.0
30/06/2019 04:00,0.0,0.0
30/06/2019 05:00,0.016,0.022
30/06/2019 06:00,0.088,0.1
30/06/2019 07:00,0.253,0.276
30/06/2019 08:00,0.411,0.443
30/06/2019 09:00,0.534,0.571
30/06/2019 10:00,0.611,0.652
30/06/2019 11:00,0.647,0.688
30/06/2019 12:00,0.637,0.68
30/06/2019 13:00,0.585,0.628
30/06/2019 14:00,0.49,0.532
30/06/2019 15:00,0.356,0.394
30/06/2019 16:00,0.194,0.224
30/06/2019 17:00,0.049,0.061
30/06/2019 18:00,0.003,0.006
30/06/2019 19:00,0.0,0.0
30/06/2019 20:00,0.0,0.0
30/06/2019 21:00,0.0,0.0
30/06/2019 22:00,0.0,0.0
30/06/2019 23:00,0.0,0.0
01/07/2019 00:00,0.0,0.0
01/07/2019 01:00,0.0,0.0
01/07/2019 02:00,0.0,0.0
01/07/2019 03:00,0.0,0.0
01/07/2019 04:00,0.0,0.0
01/07/2019 05:00,0.015,0.022
01/07/2019 06:00,0.086,0.099
01/07/2019 07:00,0.26,0.28
01/07/2019 08:00,0.419,0.447
01/07/2019 09:00,0.54,0.573
01/07/2019 10:00,0.616,0.652
01/07/2019 11:00,0.646,0.687
01/07/2019 12:00,0.633,0.679
01/07/2019 13:00,0.579,0.627
01/07/2019 14:00,0.483,0.532
01/07/2019 15:00,0.348,0.391
01/07/2019 16:00,0.19,0.22
01/07/2019 17:00,0.054,0.065
01/07/2019 18:00,0.002,0.006
01/07/2019 19:00,0.0,0.0
01/07/2019 20:00,0.0,0.0
01/07/2019 21:00,0.0,0.0
01/07/2019 22:00,0.0,0.0
01/07/2019 23:00,0.0,0.0
02/07/2019 00:00,0.0,0.0
02/07/2019 01:00,0.0,0.0
02/07/2019 02:00,0.0,0.0
02/07/2019 03:00,0.0,0.0
02/07/2019 04:00,0.0,0.0
02/07/2019 05:00,0.016,0.022
02/07/2019 06:00,0.089,0.099
02/07/2019 07:00,0.25,0.275
02/07/2019 08:00,0.404,0.439
02/07/2019 09:00,0.524,0.563
02/07/2019 10:00,0.599,0.642
02/07/2019 11:00,0.635,0.678
02/07/2019 12:00,0.625,0.669
02/07/2019 13:00,0.573,0.618
02/07/2019 14:00,0.48,0.525
02/07/2019 15:00,0.348,0.389
02/07/2019 16:00,0.19,0.222
02/07/2019 17:00,0.054,0.061
02/07/2019 18:00,0.002,0.006
02/07/2019 19:00,0.0,0.0
02/07/2019 20:00,0.0,0.0
02/07/2019 21:00,0.0,0.0
02/07/2019 22:00,0.0,0.0
02/07/2019 23:00,0.0,0.0
03/07/2019 00:00,0.0,0.0
03/07/2019 01:00,0.0,0.0
03/07/2019 02:00,0.0,0.0
03/07/2019 03:00,0.0,0.0
03/07/2019 04:00,0.0,0.0
03/07/2019 05:00,0.014,0.019
03/07/2019 06:00,0.085,0.096
03/07/2019 07:00,0.26,0.284
03/07/2019 08:00,0.421,0.452
03/07/2019 09:00,0.543,0.578
03/07/2019 10:00,0.619,0.658
03/07/2019 11:00,0.652,0.694
03/07/2019 12:00,0.642,0.687
03/07/2019 13:00,0.59,0.636
03/07/2019 14:00,0.489,0.539
03/07/2019 15:00,0.354,0.4
03/07/2019 16:00,0.193,0.226
03/07/2019 17:00,0.05,0.058
03/07/2019 18:00,0.002,0.006
03/07/2019 19:00,0.0,0.0
03/07/2019 20:00,0.0,0.0
03/07/2019 21:00,0.0,0.0
03/07/2019 22:00,0.0,0.0
03/07/2019 23:00,0.0,0.0
04/07/2019 00:00,0.0,0.0
04/07/2019 01:00,0.0,0.0
04/07/2019 02:00,0.0,0.0
04/07/2019 03:00,0.0,0.0
04/07/2019 04:00,0.0,0.0
04/07/2019 05:00,0.014,0.019
04/07/2019 06:00,0.084,0.096
04/07/2019 07:00,0.263,0.29
04/07/2019 08:00,0.425,0.46
04/07/2019 09:00,0.547,0.585
04/07/2019 10:00,0.624,0.663
04/07/2019 11:00,0.655,0.694
04/07/2019 12:00,0.645,0.685
04/07/2019 13:00,0.592,0.634
04/07/2019 14:00,0.497,0.538
04/07/2019 15:00,0.36,0.4
04/07/2019 16:00,0.196,0.227
04/07/2019 17:00,0.048,0.058
04/07/2019 18:00,0.002,0.006
04/07/2019 19:00,0.0,0.0
04/07/2019 20:00,0.0,0.0
04/07/2019 21:00,0.0,0.0
04/07/2019 22:00,0.0,0.0
04/07/2019 23:00,0.0,0.0
05/07/2019 00:00,0.0,0.0
05/07/2019 01:00,0.0,0.0
05/07/2019 02:00,0.0,0.0
05/07/2019 03:00,0.0,0.0
05/07/2019 04:00,0.0,0.0
05/07/2019 05:00,0.014,0.019
05/07/2019 06:00,0.085,0.096
05/07/2019 07:00,0.263,0.29
05/07/2019 08:00,0.426,0.462
05/07/2019 09:00,0.547,0.59
05/07/2019 10:00,0.623,0.669
05/07/2019 11:00,0.654,0.704
05/07/2019 12:00,0.643,0.695
05/07/2019 13:00,0.589,0.643
05/07/2019 14:00,0.493,0.542
05/07/2019 15:00,0.357,0.402
05/07/2019 16:00,0.195,0.227
05/07/2019 17:00,0.051,0.061
05/07/2019 18:00,0.002,0.006
05/07/2019 19:00,0.0,0.0
05/07/2019 20:00,0.0,0.0
05/07/2019 21:00,0.0,0.0
05/07/2019 22:00,0.0,0.0
05/07/2019 23:00,0.0,0.0
06/07/2019 00:00,0.0,0.0
06/07/2019 01:00,0.0,0.0
06/07/2019 02:00,0.0,0.0
06/07/2019 03:00,0.0,0.0
06/07/2019 04:00,0.0,0.0
06/07/2019 05:00,0.014,0.015
06/07/2019 06:00,0.084,0.096
06/07/2019 07:00,0.264,0.293
06/07/2019 08:00,0.428,0.463
06/07/2019 09:00,0.553,0.588
06/07/2019 10:00,0.631,0.664
06/07/2019 11:00,0.664,0.694
06/07/2019 12:00,0.653,0.685
06/07/2019 13:00,0.599,0.633
06/07/2019 14:00,0.504,0.538
06/07/2019 15:00,0.366,0.398
06/07/2019 16:00,0.199,0.225
06/07/2019 17:00,0.048,0.061
06/07/2019 18:00,0.002,0.006
06/07/2019 19:00,0.0,0.0
06/07/2019 20:00,0.0,0.0
06/07/2019 21:00,0.0,0.0
06/07/2019 22:00,0.0,0.0
06/07/2019 23:00,0.0,0.0
07/07/2019 00:00,0.0,0.0
07/07/2019 01:00,0.0,0.0
07/07/2019 02:00,0.0,0.0
07/07/2019 03:00,0.0,0.0
07/07/2019 04:00,0.0,0.0
07/07/2019 05:00,0.014,0.018
07/07/2019 06:00,0.086,0.098
07/07/2019 07:00,0.26,0.279
07/07/2019 08:00,0.419,0.446
07/07/2019 09:00,0.539,0.574
07/07/2019 10:00,0.615,0.656
07/07/2019 11:00,0.651,0.693
07/07/2019 12:00,0.641,0.686
07/07/2019 13:00,0.589,0.636
07/07/2019 14:00,0.494,0.538
07/07/2019 15:00,0.359,0.399
07/07/2019 16:00,0.196,0.226
07/07/2019 17:00,0.051,0.062
07/07/2019 18:00,0.002,0.005
07/07/2019 19:00,0.0,0.0
07/07/2019 20:00,0.0,0.0
07/07/2019 21:00,0.0,0.0
07/07/2019 22:00,0.0,0.0
07/07/2019 23:00,0.0,0.0
08/07/2019 00:00,0.0,0.0
08/07/2019 01:00,0.0,0.0
08/07/2019 02:00,0.0,0.0
08/07/2019 03:00,0.0,0.0
08/07/2019 04:00,0.0,0.0
08/07/2019 05:00,0.014,0.014
08/07/2019 06:00,0.085,0.095
08/07/2019 07:00,0.26,0.29
08/07/2019 08:00,0.423,0.462
08/07/2019 09:00,0.548,0.588
08/07/2019 10:00,0.626,0.667
08/07/2019 11:00,0.659,0.701
08/07/2019 12:00,0.648,0.691
08/07/2019 13:00,0.594,0.638
08/07/2019 14:00,0.5,0.543
08/07/2019 15:00,0.363,0.403
08/07/2019 16:00,0.198,0.229
08/07/2019 17:00,0.049,0.06
08/07/2019 18:00,0.002,0.005
08/07/2019 19:00,0.0,0.0
08/07/2019 20:00,0.0,0.0
08/07/2019 21:00,0.0,0.0
08/07/2019 22:00,0.0,0.0
08/07/2019 23:00,0.0,0.0
09/07/2019 00:00,0.0,0.0
09/07/2019 01:00,0.0,0.0
09/07/2019 02:00,0.0,0.0
09/07/2019 03:00,0.0,0.0
09/07/2019 04:00,0.0,0.0
09/07/2019 05:00,0.014,0.017
09/07/2019 06:00,0.085,0.097
09/07/2019 07:00,0.258,0.279
09/07/2019 08:00,0.419,0.449
09/07/2019 09:00,0.542,0.577
09/07/2019 10:00,0.621,0.659
09/07/2019 11:00,0.657,0.695
09/07/2019 12:00,0.648,0.686
09/07/2019 13:00,0.597,0.635
09/07/2019 14:00,0.502,0.54
09/07/2019 15:00,0.366,0.402
09/07/2019 16:00,0.2,0.229
09/07/2019 17:00,0.048,0.06
09/07/2019 18:00,0.002,0.005
09/07/2019 19:00,0.0,0.0
09/07/2019 20:00,0.0,0.0
09/07/2019 21:00,0.0,0.0
09/07/2019 22:00,0.0,0.0
09/07/2019 23:00,0.0,0.0
10/07/2019 00:00,0.0,0.0
10/07/2019 01:00,0.0,0.0
10/07/2019 02:00,0.0,0.0
10/07/2019 03:00,0.0,0.0
10/07/2019 04:00,0.0,0.0
10/07/2019 05:00,0.013,0.016
10/07/2019 06:00,0.083,0.096
10/07/2019 07:00,0.263,0.283
10/07/2019 08:00,0.425,0.45
10/07/2019 09:00,0.548,0.576
10/07/2019 10:00,0.625,0.655
10/07/2019 11:00,0.658,0.688
10/07/2019 12:00,0.648,0.678
10/07/2019 13:00,0.596,0.627
10/07/2019 14:00,0.498,0.529
10/07/2019 15:00,0.362,0.392
10/07/2019 16:00,0.197,0.223
10/07/2019 17:00,0.051,0.063
10/07/2019 18:00,0.002,0.005
10/07/2019 19:00,0.0,0.0
10/07/2019 20:00,0.0,0.0
10/07/2019 21:00,0.0,0.0
10/07/2019 22:00,0.0,0.0
10/07/2019 23:00,0.0,0.0
11/07/2019 00:00,0.0,0.0
11/07/2019 01:00,0.0,0.0
11/07/2019 02:00,0.0,0.0
11/07/2019 03:00,0.0,0.0
11/07/2019 04:00,0.0,0.0
11/07/2019 05:00,0.014,0.017
11/07/2019 06:00,0.086,0.097
11/07/2019 07:00,0.258,0.279
11/07/2019 08:00,0.416,0.447
11/07/2019 09:00,0.537,0.575
11/07/2019 10:00,0.615,0.654
11/07/2019 11:00,0.648,0.688
11/07/2019 12:00,0.639,0.678
11/07/2019 13:00,0.587,0.626
11/07/2019 14:00,0.493,0.53
11/07/2019 15:00,0.36,0.393
11/07/2019 16:00,0.197,0.223
11/07/2019 17:00,0.051,0.063
11/07/2019 18:00,0.002,0.005
11/07/2019 19:00,0.0,0.0
11/07/2019 20:00,0.0,0.0
11/07/2019 21:00,0.0,0.0
11/07/2019 22:00,0.0,0.0
11/07/2019 23:00,0.0,0.0
12/07/2019 00:00,0.0,0.0
12/07/2019 01:00,0.0,0.0
12/07/2019 02:00,0.0,0.0
12/07/2019 03:00,0.0,0.0
12/07/2019 04:00,0.0,0.0
12/07/2019 05:00,0.014,0.016
12/07/2019 06:00,0.087,0.096
12/07/2019 07:00,0.255,0.278
12/07/2019 08:00,0.413,0.442
12/07/2019 09:00,0.529,0.565
12/07/2019 10:00,0.605,0.643
12/07/2019 11:00,0.639,0.676
12/07/2019 12:00,0.63,0.666
12/07/2019 13:00,0.58,0.614
12/07/2019 14:00,0.482,0.515
12/07/2019 15:00,0.35,0.379
12/07/2019 16:00,0.192,0.215
12/07/2019 17:00,0.053,0.067
12/07/2019 18:00,0.002,0.005
12/07/2019 19:00,0.0,0.0
12/07/2019 20:00,0.0,0.0
12/07/2019 21:00,0.0,0.0
12/07/2019 22:00,0.0,0.0
12/07/2019 23:00,0.0,0.0
13/07/2019 00:00,0.0,0.0
13/07/2019 01:00,0.0,0.0
13/07/2019 02:00,0.0,0.0
13/07/2019 03:00,0.0,0.0
13/07/2019 04:00,0.0,0.0
13/07/2019 05:00,0.013,0.017
13/07/2019 06:00,0.085,0.097
13/07/2019 07:00,0.254,0.27
13/07/2019 08:00,0.41,0.431
13/07/2019 09:00,0.529,0.555
13/07/2019 10:00,0.605,0.635
13/07/2019 11:00,0.637,0.669
13/07/2019 12:00,0.628,0.661
13/07/2019 13:00,0.577,0.61
13/07/2019 14:00,0.485,0.519
13/07/2019 15:00,0.353,0.385
13/07/2019 16:00,0.194,0.221
13/07/2019 17:00,0.053,0.065
13/07/2019 18:00,0.002,0.005
13/07/2019 19:00,0.0,0.0
13/07/2019 20:00,0.0,0.0
13/07/2019 21:00,0.0,0.0
13/07/2019 22:00,0.0,0.0
13/07/2019 23:00,0.0,0.0
14/07/2019 00:00,0.0,0.0
14/07/2019 01:00,0.0,0.0
14/07/2019 02:00,0.0,0.0
14/07/2019 03:00,0.0,0.0
14/07/2019 04:00,0.0,0.0
14/07/2019 05:00,0.014,0.016
14/07/2019 06:00,0.088,0.096
14/07/2019 07:00,0.251,0.284
14/07/2019 08:00,0.408,0.451
14/07/2019 09:00,0.528,0.577
14/07/2019 10:00,0.604,0.655
14/07/2019 11:00,0.64,0.69
14/07/2019 12:00,0.631,0.681
14/07/2019 13:00,0.581,0.629
14/07/2019 14:00,0.487,0.532
14/07/2019 15:00,0.354,0.396
14/07/2019 16:00,0.195,0.226
14/07/2019 17:00,0.053,0.063
14/07/2019 18:00,0.002,0.005
14/07/2019 19:00,0.0,0.0
14/07/2019 20:00,0.0,0.0
14/07/2019 21:00,0.0,0.0
14/07/2019 22:00,0.0,0.0
14/07/2019 23:00,0.0,0.0
15/07/2019 00:00,0.0,0.0
15/07/2019 01:00,0.0,0.0
15/07/2019 02:00,0.0,0.0
15/07/2019 03:00,0.0,0.0
15/07/2019 04:00,0.0,0.0
15/07/2019 05:00,0.013,0.014
15/07/2019 06:00,0.085,0.094
15/07/2019 07:00,0.259,0.283
15/07/2019 08:00,0.42,0.452
15/07/2019 09:00,0.542,0.578
15/07/2019 10:00,0.618,0.657
15/07/2019 11:00,0.65,0.692
15/07/2019 12:00,0.64,0.683
15/07/2019 13:00,0.588,0.632
15/07/2019 14:00,0.495,0.537
15/07/2019 15:00,0.36,0.399
15/07/2019 16:00,0.198,0.227
15/07/2019 17:00,0.052,0.062
15/07/2019 18:00,0.002,0.004
15/07/2019 19:00,0.0,0.0
15/07/2019 20:00,0.0,0.0
15/07/2019 21:00,0.0,0.0
15/07/2019 22:00,0.0,0.0
15/07/2019 23:00,0.0,0.0
16/07/2019 00:00,0.0,0.0
16/07/2019 01:00,0.0,0.0
16/07/2019 02:00,0.0,0.0
16/07/2019 03:00,0.0,0.0
16/07/2019 04:00,0.0,0.0
16/07/2019 05:00,0.012,0.015
16/07/2019 06:00,0.084,0.096
16/07/2019 07:00,0.261,0.279
16/07/2019 08:00,0.422,0.443
16/07/2019 09:00,0.545,0.565
16/07/2019 10:00,0.623,0.641
16/07/2019 11:00,0.658,0.671
16/07/2019 12:00,0.648,0.659
16/07/2019 13:00,0.596,0.605
16/07/2019 14:00,0.501,0.504
16/07/2019 15:00,0.365,0.37
16/07/2019 16:00,0.2,0.21
16/07/2019 17:00,0.05,0.067
16/07/2019 18:00,0.001,0.004
16/07/2019 19:00,0.0,0.0
16/07/2019 20:00,0.0,0.0
16/07/2019 21:00,0.0,0.0
16/07/2019 22:00,0.0,0.0
16/07/2019 23:00,0.0,0.0
17/07/2019 00:00,0.0,0.0
17/07/2019 01:00,0.0,0.0
17/07/2019 02:00,0.0,0.0
17/07/2019 03:00,0.0,0.0
17/07/2019 04:00,0.0,0.0
17/07/2019 05:00,0.013,0.017
17/07/2019 06:00,0.091,0.1
17/07/2019 07:00,0.249,0.255
17/07/2019 08:00,0.401,0.408
17/07/2019 09:00,0.517,0.531
17/07/2019 10:00,0.592,0.61
17/07/2019 11:00,0.616,0.64
17/07/2019 12:00,0.606,0.625
17/07/2019 13:00,0.555,0.563
17/07/2019 14:00,0.461,0.471
17/07/2019 15:00,0.332,0.343
17/07/2019 16:00,0.183,0.195
17/07/2019 17:00,0.057,0.068
17/07/2019 18:00,0.001,0.003
17/07/2019 19:00,0.0,0.0
17/07/2019 20:00,0.0,0.0
17/07/2019 21:00,0.0,0.0
17/07/2019 22:00,0.0,0.0
17/07/2019 23:00,0.0,0.0
18/07/2019 00:00,0.0,0.0
18/07/2019 01:00,0.0,0.0
18/07/2019 02:00,0.0,0.0
18/07/2019 03:00,0.0,0.0
18/07/2019 04:00,0.0,0.0
18/07/2019 05:00,0.013,0.016
18/07/2019 06:00,0.092,0.099
18/07/2019 07:00,0.238,0.258
18/07/2019 08:00,0.388,0.414
18/07/2019 09:00,0.504,0.536
18/07/2019 10:00,0.579,0.614
18/07/2019 11:00,0.625,0.651
18/07/2019 12:00,0.617,0.644
18/07/2019 13:00,0.566,0.595
18/07/2019 14:00,0.476,0.504
18/07/2019 15:00,0.342,0.373
18/07/2019 16:00,0.189,0.214
18/07/2019 17:00,0.056,0.068
18/07/2019 18:00,0.001,0.004
18/07/2019 19:00,0.0,0.0
18/07/2019 20:00,0.0,0.0
18/07/2019 21:00,0.0,0.0
18/07/2019 22:00,0.0,0.0
18/07/2019 23:00,0.0,0.0
19/07/2019 00:00,0.0,0.0
19/07/2019 01:00,0.0,0.0
19/07/2019 02:00,0.0,0.0
19/07/2019 03:00,0.0,0.0
19/07/2019 04:00,0.0,0.0
19/07/2019 05:00,0.012,0.016
19/07/2019 06:00,0.092,0.098
19/07/2019 07:00,0.242,0.271
19/07/2019 08:00,0.392,0.435
19/07/2019 09:00,0.509,0.559
19/07/2019 10:00,0.584,0.637
19/07/2019 11:00,0.615,0.67
19/07/2019 12:00,0.606,0.661
19/07/2019 13:00,0.554,0.612
19/07/2019 14:00,0.459,0.516
19/07/2019 15:00,0.329,0.382
19/07/2019 16:00,0.182,0.218
19/07/2019 17:00,0.057,0.067
19/07/2019 18:00,0.001,0.003
19/07/2019 19:00,0.0,0.0
19/07/2019 20:00,0.0,0.0
19/07/2019 21:00,0.0,0.0
19/07/2019 22:00,0.0,0.0
19/07/2019 23:00,0.0,0.0
20/07/2019 00:00,0.0,0.0
20/07/2019 01:00,0.0,0.0
20/07/2019 02:00,0.0,0.0
20/07/2019 03:00,0.0,0.0
20/07/2019 04:00,0.0,0.0
20/07/2019 05:00,0.012,0.016
20/07/2019 06:00,0.091,0.099
20/07/2019 07:00,0.248,0.27
20/07/2019 08:00,0.404,0.432
20/07/2019 09:00,0.523,0.555
20/07/2019 10:00,0.598,0.633
20/07/2019 11:00,0.631,0.665
20/07/2019 12:00,0.621,0.657
20/07/2019 13:00,0.57,0.607
20/07/2019 14:00,0.477,0.517
20/07/2019 15:00,0.345,0.382
20/07/2019 16:00,0.19,0.218
20/07/2019 17:00,0.056,0.068
20/07/2019 18:00,0.001,0.003
20/07/2019 19:00,0.0,0.0
20/07/2019 20:00,0.0,0.0
20/07/2019 21:00,0.0,0.0
20/07/2019 22:00,0.0,0.0
20/07/2019 23:00,0.0,0.0
21/07/2019 00:00,0.0,0.0
21/07/2019 01:00,0.0,0.0
21/07/2019 02:00,0.0,0.0
21/07/2019 03:00,0.0,0.0
21/07/2019 04:00,0.0,0.0
21/07/2019 05:00,0.012,0.013
21/07/2019 06:00,0.091,0.096
21/07/2019 07:00,0.251,0.294
21/07/2019 08:00,0.408,0.471
21/07/2019 09:00,0.53,0.601
21/07/2019 10:00,0.606,0.68
21/07/2019 11:00,0.631,0.713
21/07/2019 12:00,0.617,0.704
21/07/2019 13:00,0.562,0.652
21/07/2019 14:00,0.479,0.55
21/07/2019 15:00,0.344,0.408
21/07/2019 16:00,0.188,0.232
21/07/2019 17:00,0.057,0.063
21/07/2019 18:00,0.001,0.003
21/07/2019 19:00,0.0,0.0
21/07/2019 20:00,0.0,0.0
21/07/2019 21:00,0.0,0.0
21/07/2019 22:00,0.0,0.0
21/07/2019 23:00,0.0,0.0
22/07/2019 00:00,0.0,0.0
22/07/2019 01:00,0.0,0.0
22/07/2019 02:00,0.0,0.0
22/07/2019 03:00,0.0,0.0
22/07/2019 04:00,0.0,0.0
22/07/2019 05:00,0.011,0.014
22/07/2019 06:00,0.087,0.097
22/07/2019 07:00,0.266,0.288
22/07/2019 08:00,0.433,0.462
22/07/2019 09:00,0.559,0.591
22/07/2019 10:00,0.637,0.671
22/07/2019 11:00,0.669,0.703
22/07/2019 12:00,0.657,0.692
22/07/2019 13:00,0.603,0.639
22/07/2019 14:00,0.508,0.543
22/07/2019 15:00,0.369,0.402
22/07/2019 16:00,0.202,0.229
22/07/2019 17:00,0.054,0.063
22/07/2019 18:00,0.001,0.003
22/07/2019 19:00,0.0,0.0
22/07/2019 20:00,0.0,0.0
22/07/2019 21:00,0.0,0.0
22/07/2019 22:00,0.0,0.0
22/07/2019 23:00,0.0,0.0
23/07/2019 00:00,0.0,0.0
23/07/2019 01:00,0.0,0.0
23/07/2019 02:00,0.0,0.0
23/07/2019 03:00,0.0,0.0
23/07/2019 04:00,0.0,0.0
23/07/2019 05:00,0.012,0.012
23/07/2019 06:00,0.089,0.096
23/07/2019 07:00,0.263,0.293
23/07/2019 08:00,0.428,0.465
23/07/2019 09:00,0.552,0.591
23/07/2019 10:00,0.631,0.669
23/07/2019 11:00,0.664,0.701
23/07/2019 12:00,0.653,0.691
23/07/2019 13:00,0.599,0.638
23/07/2019 14:00,0.506,0.537
23/07/2019 15:00,0.368,0.397
23/07/2019 16:00,0.202,0.225
23/07/2019 17:00,0.054,0.063
23/07/2019 18:00,0.001,0.003
23/07/2019 19:00,0.0,0.0
23/07/2019 20:00,0.0,0.0
23/07/2019 21:00,0.0,0.0
23/07/2019 22:00,0.0,0.0
23/07/2019 23:00,0.0,0.0
24/07/2019 00:00,0.0,0.0
24/07/2019 01:00,0.0,0.0
24/07/2019 02:00,0.0,0.0
24/07/2019 03:00,0.0,0.0
24/07/2019 04:00,0.0,0.0
24/07/2019 05:00,0.011,0.013
24/07/2019 06:00,0.087,0.097
24/07/2019 07:00,0.264,0.282
24/07/2019 08:00,0.427,0.45
24/07/2019 09:00,0.553,0.577
24/07/2019 10:00,0.632,0.657
24/07/2019 11:00,0.668,0.693
24/07/2019 12:00,0.658,0.684
24/07/2019 13:00,0.605,0.632
24/07/2019 14:00,0.512,0.536
24/07/2019 15:00,0.374,0.398
24/07/2019 16:00,0.206,0.227
24/07/2019 17:00,0.051,0.064
24/07/2019 18:00,0.001,0.003
24/07/2019 19:00,0.0,0.0
24/07/2019 20:00,0.0,0.0
24/07/2019 21:00,0.0,0.0
24/07/2019 22:00,0.0,0.0
24/07/2019 23:00,0.0,0.0
25/07/2019 00:00,0.0,0.0
25/07/2019 01:00,0.0,0.0
25/07/2019 02:00,0.0,0.0
25/07/2019 03:00,0.0,0.0
25/07/2019 04:00,0.0,0.0
25/07/2019 05:00,0.011,0.013
25/07/2019 06:00,0.088,0.096
25/07/2019 07:00,0.264,0.284
25/07/2019 08:00,0.426,0.453
25/07/2019 09:00,0.549,0.581
25/07/2019 10:00,0.626,0.661
25/07/2019 11:00,0.663,0.697
25/07/2019 12:00,0.652,0.689
25/07/2019 13:00,0.599,0.637
25/07/2019 14:00,0.503,0.542
25/07/2019 15:00,0.366,0.403
25/07/2019 16:00,0.201,0.23
25/07/2019 17:00,0.053,0.063
25/07/2019 18:00,0.001,0.003
25/07/2019 19:00,0.0,0.0
25/07/2019 20:00,0.0,0.0
25/07/2019 21:00,0.0,0.0
25/07/2019 22:00,0.0,0.0
25/07/2019 23:00,0.0,0.0
26/07/2019 00:00,0.0,0.0
26/07/2019 01:00,0.0,0.0
26/07/2019 02:00,0.0,0.0
26/07/2019 03:00,0.0,0.0
26/07/2019 04:00,0.0,0.0
26/07/2019 05:00,0.011,0.012
26/07/2019 06:00,0.09,0.097
26/07/2019 07:00,0.262,0.287
26/07/2019 08:00,0.424,0.457
26/07/2019 09:00,0.548,0.583
26/07/2019 10:00,0.625,0.662
26/07/2019 11:00,0.658,0.695
26/07/2019 12:00,0.647,0.686
26/07/2019 13:00,0.594,0.635
26/07/2019 14:00,0.489,0.536
26/07/2019 15:00,0.354,0.397
26/07/2019 16:00,0.195,0.226
26/07/2019 17:00,0.056,0.064
26/07/2019 18:00,0.0,0.002
26/07/2019 19:00,0.0,0.0
26/07/2019 20:00,0.0,0.0
26/07/2019 21:00,0.0,0.0
26/07/2019 22:00,0.0,0.0
26/07/2019 23:00,0.0,0.0
27/07/2019 00:00,0.0,0.0
27/07/2019 01:00,0.0,0.0
27/07/2019 02:00,0.0,0.0
27/07/2019 03:00,0.0,0.0
27/07/2019 04:00,0.0,0.0
27/07/2019 05:00,0.011,0.012
27/07/2019 06:00,0.09,0.097
27/07/2019 07:00,0.26,0.287
27/07/2019 08:00,0.421,0.461
27/07/2019 09:00,0.544,0.591
27/07/2019 10:00,0.621,0.671
27/07/2019 11:00,0.649,0.706
27/07/2019 12:00,0.641,0.697
27/07/2019 13:00,0.591,0.643
27/07/2019 14:00,0.497,0.546
27/07/2019 15:00,0.363,0.404
27/07/2019 16:00,0.201,0.23
27/07/2019 17:00,0.055,0.065
27/07/2019 18:00,0.0,0.002
27/07/2019 19:00,0.0,0.0
27/07/2019 20:00,0.0,0.0
27/07/2019 21:00,0.0,0.0
27/07/2019 22:00,0.0,0.0
27/07/2019 23:00,0.0,0.0
28/07/2019 00:00,0.0,0.0
28/07/2019 01:00,0.0,0.0
28/07/2019 02:00,0.0,0.0
28/07/2019 03:00,0.0,0.0
28/07/2019 04:00,0.0,0.0
28/07/2019 05:00,0.01,0.012
28/07/2019 06:00,0.088,0.097
28/07/2019 07:00,0.265,0.285
28/07/2019 08:00,0.429,0.458
28/07/2019 09:00,0.554,0.588
28/07/2019 10:00,0.634,0.67
28/07/2019 11:00,0.671,0.708
28/07/2019 12:00,0.661,0.699
28/07/2019 13:00,0.608,0.648
28/07/2019 14:00,0.514,0.548
28/07/2019 15:00,0.375,0.408
28/07/2019 16:00,0.206,0.232
28/07/2019 17:00,0.053,0.064
28/07/2019 18:00,0.0,0.002
28/07/2019 19:00,0.0,0.0
28/07/2019 20:00,0.0,0.0
28/07/2019 21:00,0.0,0.0
28/07/2019 22:00,0.0,0.0
28/07/2019 23:00,0.0,0.0
29/07/2019 00:00,0.0,0.0
29/07/2019 01:00,0.0,0.0
29/07/2019 02:00,0.0,0.0
29/07/2019 03:00,0.0,0.0
29/07/2019 04:00,0.0,0.0
29/07/2019 05:00,0.009,0.011
29/07/2019 06:00,0.088,0.097
29/07/2019 07:00,0.271,0.289
29/07/2019 08:00,0.437,0.461
29/07/2019 09:00,0.563,0.589
29/07/2019 10:00,0.643,0.669
29/07/2019 11:00,0.677,0.702
29/07/2019 12:00,0.668,0.693
29/07/2019 13:00,0.616,0.641
29/07/2019 14:00,0.519,0.542
29/07/2019 15:00,0.381,0.402
29/07/2019 16:00,0.21,0.228
29/07/2019 17:00,0.05,0.064
29/07/2019 18:00,0.0,0.002
29/07/2019 19:00,0.0,0.0
29/07/2019 20:00,0.0,0.0
29/07/2019 21:00,0.0,0.0
29/07/2019 22:00,0.0,0.0
29/07/2019 23:00,0.0,0.0
30/07/2019 00:00,0.0,0.0
30/07/2019 01:00,0.0,0.0
30/07/2019 02:00,0.0,0.0
30/07/2019 03:00,0.0,0.0
30/07/2019 04:00,0.0,0.0
30/07/2019 05:00,0.009,0.011
30/07/2019 06:00,0.087,0.097
30/07/2019 07:00,0.271,0.288
30/07/2019 08:00,0.436,0.458
30/07/2019 09:00,0.561,0.586
30/07/2019 10:00,0.64,0.666
30/07/2019 11:00,0.675,0.701
30/07/2019 12:00,0.666,0.692
30/07/2019 13:00,0.613,0.64
30/07/2019 14:00,0.514,0.54
30/07/2019 15:00,0.375,0.401
30/07/2019 16:00,0.206,0.228
30/07/2019 17:00,0.051,0.063
30/07/2019 18:00,0.0,0.002
30/07/2019 19:00,0.0,0.0
30/07/2019 20:00,0.0,0.0
30/07/2019 21:00,0.0,0.0
30/07/2019 22:00,0.0,0.0
30/07/2019 23:00,0.0,0.0
31/07/2019 00:00,0.0,0.0
31/07/2019 01:00,0.0,0.0
31/07/2019 02:00,0.0,0.0
31/07/2019 03:00,0.0,0.0
31/07/2019 04:00,0.0,0.0
31/07/2019 05:00,0.009,0.011
31/07/2019 06:00,0.089,0.097
31/07/2019 07:00,0.267,0.289
31/07/2019 08:00,0.431,0.456
31/07/2019 09:00,0.553,0.582
31/07/2019 10:00,0.633,0.663
31/07/2019 11:00,0.666,0.696
31/07/2019 12:00,0.657,0.687
31/07/2019 13:00,0.604,0.635
31/07/2019 14:00,0.508,0.537
31/07/2019 15:00,0.372,0.397
31/07/2019 16:00,0.205,0.224
31/07/2019 17:00,0.051,0.063
31/07/2019 18:00,0.0,0.001
31/07/2019 19:00,0.0,0.0
31/07/2019 20:00,0.0,0.0
31/07/2019 21:00,0.0,0.0
31/07/2019 22:00,0.0,0.0
31/07/2019 23:00,0.0,0.0
01/08/2019 00:00,0.0,0.0
01/08/2019 01:00,0.0,0.0
01/08/2019 02:00,0.0,0.0
01/08/2019 03:00,0.0,0.0
01/08/2019 04:00,0.0,0.0
01/08/2019 05:00,0.009,0.011
01/08/2019 06:00,0.089,0.097
01/08/2019 07:00,0.269,0.28
01/08/2019 08:00,0.432,0.449
01/08/2019 09:00,0.555,0.577
01/08/2019 10:00,0.632,0.658
01/08/2019 11:00,0.667,0.695
01/08/2019 12:00,0.656,0.685
01/08/2019 13:00,0.603,0.632
01/08/2019 14:00,0.507,0.536
01/08/2019 15:00,0.37,0.397
01/08/2019 16:00,0.203,0.225
01/08/2019 17:00,0.052,0.063
01/08/2019 18:00,0.0,0.001
01/08/2019 19:00,0.0,0.0
01/08/2019 20:00,0.0,0.0
01/08/2019 21:00,0.0,0.0
01/08/2019 22:00,0.0,0.0
01/08/2019 23:00,0.0,0.0
02/08/2019 00:00,0.0,0.0
02/08/2019 01:00,0.0,0.0
02/08/2019 02:00,0.0,0.0
02/08/2019 03:00,0.0,0.0
02/08/2019 04:00,0.0,0.0
02/08/2019 05:00,0.009,0.01
02/08/2019 06:00,0.09,0.097
02/08/2019 07:00,0.262,0.285
02/08/2019 08:00,0.42,0.456
02/08/2019 09:00,0.541,0.585
02/08/2019 10:00,0.617,0.665
02/08/2019 11:00,0.648,0.697
02/08/2019 12:00,0.638,0.685
02/08/2019 13:00,0.586,0.63
02/08/2019 14:00,0.492,0.535
02/08/2019 15:00,0.358,0.393
02/08/2019 16:00,0.197,0.222
02/08/2019 17:00,0.053,0.064
02/08/2019 18:00,0.0,0.001
02/08/2019 19:00,0.0,0.0
02/08/2019 20:00,0.0,0.0
02/08/2019 21:00,0.0,0.0
02/08/2019 22:00,0.0,0.0
02/08/2019 23:00,0.0,0.0
03/08/2019 00:00,0.0,0.0
03/08/2019 01:00,0.0,0.0
03/08/2019 02:00,0.0,0.0
03/08/2019 03:00,0.0,0.0
03/08/2019 04:00,0.0,0.0
03/08/2019 05:00,0.008,0.01
03/08/2019 06:00,0.091,0.098
03/08/2019 07:00,0.26,0.287
03/08/2019 08:00,0.42,0.458
03/08/2019 09:00,0.543,0.586
03/08/2019 10:00,0.62,0.667
03/08/2019 11:00,0.655,0.702
03/08/2019 12:00,0.645,0.693
03/08/2019 13:00,0.593,0.641
03/08/2019 14:00,0.498,0.544
03/08/2019 15:00,0.363,0.403
03/08/2019 16:00,0.199,0.228
03/08/2019 17:00,0.053,0.063
03/08/2019 18:00,0.0,0.001
03/08/2019 19:00,0.0,0.0
03/08/2019 20:00,0.0,0.0
03/08/2019 21:00,0.0,0.0
03/08/2019 22:00,0.0,0.0
03/08/2019 23:00,0.0,0.0
04/08/2019 00:00,0.0,0.0
04/08/2019 01:00,0.0,0.0
04/08/2019 02:00,0.0,0.0
04/08/2019 03:00,0.0,0.0
04/08/2019 04:00,0.0,0.0
04/08/2019 05:00,0.008,0.01
04/08/2019 06:00,0.091,0.098
04/08/2019 07:00,0.263,0.285
04/08/2019 08:00,0.426,0.459
04/08/2019 09:00,0.55,0.59
04/08/2019 10:00,0.628,0.672
04/08/2019 11:00,0.661,0.708
04/08/2019 12:00,0.651,0.7
04/08/2019 13:00,0.598,0.647
04/08/2019 14:00,0.502,0.547
04/08/2019 15:00,0.366,0.404
04/08/2019 16:00,0.202,0.228
04/08/2019 17:00,0.053,0.062
04/08/2019 18:00,0.0,0.001
04/08/2019 19:00,0.0,0.0
04/08/2019 20:00,0.0,0.0
04/08/2019 21:00,0.0,0.0
04/08/2019 22:00,0.0,0.0
04/08/2019 23:00,0.0,0.0
05/08/2019 00:00,0.0,0.0
05/08/2019 01:00,0.0,0.0
05/08/2019 02:00,0.0,0.0
05/08/2019 03:00,0.0,0.0
05/08/2019 04:00,0.0,0.0
05/08/2019 05:00,0.008,0.01
05/08/2019 06:00,0.091,0.099
05/08/2019 07:00,0.273,0.289
05/08/2019 08:00,0.438,0.46
05/08/2019 09:00,0.562,0.59
05/08/2019 10:00,0.64,0.671
05/08/2019 11:00,0.675,0.702
05/08/2019 12:00,0.664,0.692
05/08/2019 13:00,0.611,0.637
05/08/2019 14:00,0.514,0.538
05/08/2019 15:00,0.374,0.393
05/08/2019 16:00,0.204,0.218
05/08/2019 17:00,0.052,0.063
05/08/2019 18:00,0.0,0.001
05/08/2019 19:00,0.0,0.0
05/08/2019 20:00,0.0,0.0
05/08/2019 21:00,0.0,0.0
05/08/2019 22:00,0.0,0.0
05/08/2019 23:00,0.0,0.0
06/08/2019 00:00,0.0,0.0
06/08/2019 01:00,0.0,0.0
06/08/2019 02:00,0.0,0.0
06/08/2019 03:00,0.0,0.0
06/08/2019 04:00,0.0,0.0
06/08/2019 05:00,0.007,0.009
06/08/2019 06:00,0.092,0.099
06/08/2019 07:00,0.263,0.286
06/08/2019 08:00,0.426,0.463
06/08/2019 09:00,0.551,0.596
06/08/2019 10:00,0.632,0.681
06/08/2019 11:00,0.67,0.721
06/08/2019 12:00,0.66,0.712
06/08/2019 13:00,0.607,0.66
06/08/2019 14:00,0.507,0.557
06/08/2019 15:00,0.367,0.413
06/08/2019 16:00,0.2,0.233
06/08/2019 17:00,0.053,0.062
06/08/2019 18:00,0.0,0.001
06/08/2019 19:00,0.0,0.0
06/08/2019 20:00,0.0,0.0
06/08/2019 21:00,0.0,0.0
06/08/2019 22:00,0.0,0.0
06/08/2019 23:00,0.0,0.0
07/08/2019 00:00,0.0,0.0
07/08/2019 01:00,0.0,0.0
07/08/2019 02:00,0.0,0.0
07/08/2019 03:00,0.0,0.0
07/08/2019 04:00,0.0,0.0
07/08/2019 05:00,0.007,0.009
07/08/2019 06:00,0.093,0.1
07/08/2019 07:00,0.266,0.298
07/08/2019 08:00,0.432,0.478
07/08/2019 09:00,0.558,0.612
07/08/2019 10:00,0.637,0.696
07/08/2019 11:00,0.673,0.73
07/08/2019 12:00,0.663,0.721
07/08/2019 13:00,0.61,0.667
07/08/2019 14:00,0.512,0.567
07/08/2019 15:00,0.372,0.42
07/08/2019 16:00,0.204,0.236
07/08/2019 17:00,0.052,0.062
07/08/2019 18:00,0.0,0.0
07/08/2019 19:00,0.0,0.0
07/08/2019 20:00,0.0,0.0
07/08/2019 21:00,0.0,0.0
07/08/2019 22:00,0.0,0.0
07/08/2019 23:00,0.0,0.0
08/08/2019 00:00,0.0,0.0
08/08/2019 01:00,0.0,0.0
08/08/2019 02:00,0.0,0.0
08/08/2019 03:00,0.0,0.0
08/08/2019 04:00,0.0,0.0
08/08/2019 05:00,0.007,0.008
08/08/2019 06:00,0.093,0.101
08/08/2019 07:00,0.273,0.295
08/08/2019 08:00,0.44,0.473
08/08/2019 09:00,0.567,0.605
08/08/2019 10:00,0.646,0.687
08/08/2019 11:00,0.679,0.721
08/08/2019 12:00,0.67,0.71
08/08/2019 13:00,0.618,0.656
08/08/2019 14:00,0.522,0.549
08/08/2019 15:00,0.382,0.403
08/08/2019 16:00,0.209,0.225
08/08/2019 17:00,0.051,0.062
08/08/2019 18:00,0.0,0.0
08/08/2019 19:00,0.0,0.0
08/08/2019 20:00,0.0,0.0
08/08/2019 21:00,0.0,0.0
08/08/2019 22:00,0.0,0.0
08/08/2019 23:00,0.0,0.0
09/08/2019 00:00,0.0,0.0
09/08/2019 01:00,0.0,0.0
09/08/2019 02:00,0.0,0.0
09/08/2019 03:00,0.0,0.0
09/08/2019 04:00,0.0,0.0
09/08/2019 05:00,0.007,0.008
09/08/2019 06:00,0.093,0.1
09/08/2019 07:00,0.276,0.286
09/08/2019 08:00,0.444,0.46
09/08/2019 09:00,0.573,0.593
09/08/2019 10:00,0.654,0.676
09/08/2019 11:00,0.688,0.711
09/08/2019 12:00,0.678,0.702
09/08/2019 13:00,0.624,0.647
09/08/2019 14:00,0.528,0.552
09/08/2019 15:00,0.386,0.409
09/08/2019 16:00,0.211,0.231
09/08/2019 17:00,0.051,0.062
09/08/2019 18:00,0.0,0.0
09/08/2019 19:00,0.0,0.0
09/08/2019 20:00,0.0,0.0
09/08/2019 21:00,0.0,0.0
09/08/2019 22:00,0.0,0.0
09/08/2019 23:00,0.0,0.0
10/08/2019 00:00,0.0,0.0
10/08/2019 01:00,0.0,0.0
10/08/2019 02:00,0.0,0.0
10/08/2019 03:00,0.0,0.0
10/08/2019 04:00,0.0,0.0
10/08/2019 05:00,0.006,0.008
10/08/2019 06:00,0.093,0.101
10/08/2019 07:00,0.266,0.292
10/08/2019 08:00,0.432,0.467
10/08/2019 09:00,0.561,0.598
10/08/2019 10:00,0.642,0.681
10/08/2019 11:00,0.682,0.72
10/08/2019 12:00,0.672,0.71
10/08/2019 13:00,0.62,0.657
10/08/2019 14:00,0.523,0.559
10/08/2019 15:00,0.383,0.416
10/08/2019 16:00,0.211,0.236
10/08/2019 17:00,0.051,0.06
10/08/2019 18:00,0.0,0.0
10/08/2019 19:00,0.0,0.0
10/08/2019 20:00,0.0,0.0
10/08/2019 21:00,0.0,0.0
10/08/2019 22:00,0.0,0.0
10/08/2019 23:00,0.0,0.0
11/08/2019 00:00,0.0,0.0
11/08/2019 01:00,0.0,0.0
11/08/2019 02:00,0.0,0.0
11/08/2019 03:00,0.0,0.0
11/08/2019 04:00,0.0,0.0
11/08/2019 05:00,0.006,0.007
11/08/2019 06:00,0.093,0.1
11/08/2019 07:00,0.281,0.293
11/08/2019 08:00,0.447,0.467
11/08/2019 09:00,0.572,0.597
11/08/2019 10:00,0.651,0.678
11/08/2019 11:00,0.684,0.713
11/08/2019 12:00,0.674,0.703
11/08/2019 13:00,0.622,0.649
11/08/2019 14:00,0.519,0.549
11/08/2019 15:00,0.378,0.406
11/08/2019 16:00,0.207,0.228
11/08/2019 17:00,0.05,0.06
11/08/2019 18:00,0.0,0.0
11/08/2019 19:00,0.0,0.0
11/08/2019 20:00,0.0,0.0
11/08/2019 21:00,0.0,0.0
11/08/2019 22:00,0.0,0.0
11/08/2019 23:00,0.0,0.0
12/08/2019 00:00,0.0,0.0
12/08/2019 01:00,0.0,0.0
12/08/2019 02:00,0.0,0.0
12/08/2019 03:00,0.0,0.0
12/08/2019 04:00,0.0,0.0
12/08/2019 05:00,0.006,0.007
12/08/2019 06:00,0.094,0.1
12/08/2019 07:00,0.279,0.289
12/08/2019 08:00,0.434,0.461
12/08/2019 09:00,0.513,0.591
12/08/2019 10:00,0.612,0.674
12/08/2019 11:00,0.628,0.713
12/08/2019 12:00,0.661,0.705
12/08/2019 13:00,0.615,0.653
12/08/2019 14:00,0.521,0.555
12/08/2019 15:00,0.383,0.412
12/08/2019 16:00,0.211,0.232
12/08/2019 17:00,0.049,0.06
12/08/2019 18:00,0.0,0.0
12/08/2019 19:00,0.0,0.0
12/08/2019 20:00,0.0,0.0
12/08/2019 21:00,0.0,0.0
12/08/2019 22:00,0.0,0.0
12/08/2019 23:00,0.0,0.0
13/08/2019 00:00,0.0,0.0
13/08/2019 01:00,0.0,0.0
13/08/2019 02:00,0.0,0.0
13/08/2019 03:00,0.0,0.0
13/08/2019 04:00,0.0,0.0
13/08/2019 05:00,0.005,0.007
13/08/2019 06:00,0.095,0.101
13/08/2019 07:00,0.282,0.294
13/08/2019 08:00,0.447,0.468
13/08/2019 09:00,0.554,0.599
13/08/2019 10:00,0.607,0.68
13/08/2019 11:00,0.661,0.715
13/08/2019 12:00,0.662,0.707
13/08/2019 13:00,0.612,0.655
13/08/2019 14:00,0.507,0.552
13/08/2019 15:00,0.369,0.407
13/08/2019 16:00,0.202,0.228
13/08/2019 17:00,0.049,0.059
13/08/2019 18:00,0.0,0.0
13/08/2019 19:00,0.0,0.0
13/08/2019 20:00,0.0,0.0
13/08/2019 21:00,0.0,0.0
13/08/2019 22:00,0.0,0.0
13/08/2019 23:00,0.0,0.0
14/08/2019 00:00,0.0,0.0
14/08/2019 01:00,0.0,0.0
14/08/2019 02:00,0.0,0.0
14/08/2019 03:00,0.0,0.0
14/08/2019 04:00,0.0,0.0
14/08/2019 05:00,0.005,0.006
14/08/2019 06:00,0.094,0.102
14/08/2019 07:00,0.276,0.296
14/08/2019 08:00,0.441,0.471
14/08/2019 09:00,0.565,0.6
14/08/2019 10:00,0.643,0.681
14/08/2019 11:00,0.675,0.714
14/08/2019 12:00,0.665,0.705
14/08/2019 13:00,0.613,0.651
14/08/2019 14:00,0.517,0.553
14/08/2019 15:00,0.377,0.407
14/08/2019 16:00,0.205,0.227
14/08/2019 17:00,0.049,0.059
14/08/2019 18:00,0.0,0.0
14/08/2019 19:00,0.0,0.0
14/08/2019 20:00,0.0,0.0
14/08/2019 21:00,0.0,0.0
14/08/2019 22:00,0.0,0.0
14/08/2019 23:00,0.0,0.0
15/08/2019 00:00,0.0,0.0
15/08/2019 01:00,0.0,0.0
15/08/2019 02:00,0.0,0.0
15/08/2019 03:00,0.0,0.0
15/08/2019 04:00,0.0,0.0
15/08/2019 05:00,0.005,0.006
15/08/2019 06:00,0.094,0.1
15/08/2019 07:00,0.269,0.287
15/08/2019 08:00,0.432,0.457
15/08/2019 09:00,0.554,0.586
15/08/2019 10:00,0.631,0.667
15/08/2019 11:00,0.666,0.709
15/08/2019 12:00,0.656,0.7
15/08/2019 13:00,0.604,0.646
15/08/2019 14:00,0.504,0.545
15/08/2019 15:00,0.367,0.401
15/08/2019 16:00,0.199,0.224
15/08/2019 17:00,0.048,0.058
15/08/2019 18:00,0.0,0.0
15/08/2019 19:00,0.0,0.0
15/08/2019 20:00,0.0,0.0
15/08/2019 21:00,0.0,0.0
15/08/2019 22:00,0.0,0.0
15/08/2019 23:00,0.0,0.0
16/08/2019 00:00,0.0,0.0
16/08/2019 01:00,0.0,0.0
16/08/2019 02:00,0.0,0.0
16/08/2019 03:00,0.0,0.0
16/08/2019 04:00,0.0,0.0
16/08/2019 05:00,0.004,0.006
16/08/2019 06:00,0.089,0.1
16/08/2019 07:00,0.233,0.277
16/08/2019 08:00,0.366,0.426
16/08/2019 09:00,0.475,0.531
16/08/2019 10:00,0.543,0.637
16/08/2019 11:00,0.578,0.688
16/08/2019 12:00,0.581,0.677
16/08/2019 13:00,0.534,0.623
16/08/2019 14:00,0.443,0.516
16/08/2019 15:00,0.313,0.374
16/08/2019 16:00,0.17,0.2
16/08/2019 17:00,0.043,0.053
16/08/2019 18:00,0.0,0.0
16/08/2019 19:00,0.0,0.0
16/08/2019 20:00,0.0,0.0
16/08/2019 21:00,0.0,0.0
16/08/2019 22:00,0.0,0.0
16/08/2019 23:00,0.0,0.0
17/08/2019 00:00,0.0,0.0
17/08/2019 01:00,0.0,0.0
17/08/2019 02:00,0.0,0.0
17/08/2019 03:00,0.0,0.0
17/08/2019 04:00,0.0,0.0
17/08/2019 05:00,0.004,0.005
17/08/2019 06:00,0.088,0.1
17/08/2019 07:00,0.246,0.285
17/08/2019 08:00,0.406,0.454
17/08/2019 09:00,0.529,0.582
17/08/2019 10:00,0.606,0.663
17/08/2019 11:00,0.643,0.701
17/08/2019 12:00,0.634,0.692
17/08/2019 13:00,0.583,0.64
17/08/2019 14:00,0.487,0.539
17/08/2019 15:00,0.353,0.396
17/08/2019 16:00,0.193,0.22
17/08/2019 17:00,0.047,0.057
17/08/2019 18:00,0.0,0.0
17/08/2019 19:00,0.0,0.0
17/08/2019 20:00,0.0,0.0
17/08/2019 21:00,0.0,0.0
17/08/2019 22:00,0.0,0.0
17/08/2019 23:00,0.0,0.0
18/08/2019 00:00,0.0,0.0
18/08/2019 01:00,0.0,0.0
18/08/2019 02:00,0.0,0.0
18/08/2019 03:00,0.0,0.0
18/08/2019 04:00,0.0,0.0
18/08/2019 05:00,0.004,0.005
18/08/2019 06:00,0.094,0.103
18/08/2019 07:00,0.272,0.295
18/08/2019 08:00,0.44,0.471
18/08/2019 09:00,0.567,0.603
18/08/2019 10:00,0.645,0.687
18/08/2019 11:00,0.678,0.725
18/08/2019 12:00,0.666,0.716
18/08/2019 13:00,0.611,0.662
18/08/2019 14:00,0.512,0.563
18/08/2019 15:00,0.372,0.414
18/08/2019 16:00,0.201,0.23
18/08/2019 17:00,0.048,0.058
18/08/2019 18:00,0.0,0.0
18/08/2019 19:00,0.0,0.0
18/08/2019 20:00,0.0,0.0
18/08/2019 21:00,0.0,0.0
18/08/2019 22:00,0.0,0.0
18/08/2019 23:00,0.0,0.0
19/08/2019 00:00,0.0,0.0
19/08/2019 01:00,0.0,0.0
19/08/2019 02:00,0.0,0.0
19/08/2019 03:00,0.0,0.0
19/08/2019 04:00,0.0,0.0
19/08/2019 05:00,0.004,0.005
19/08/2019 06:00,0.097,0.103
19/08/2019 07:00,0.284,0.3
19/08/2019 08:00,0.452,0.48
19/08/2019 09:00,0.578,0.615
19/08/2019 10:00,0.645,0.701
19/08/2019 11:00,0.66,0.739
19/08/2019 12:00,0.644,0.732
19/08/2019 13:00,0.586,0.679
19/08/2019 14:00,0.503,0.578
19/08/2019 15:00,0.369,0.429
19/08/2019 16:00,0.201,0.239
19/08/2019 17:00,0.048,0.057
19/08/2019 18:00,0.0,0.0
19/08/2019 19:00,0.0,0.0
19/08/2019 20:00,0.0,0.0
19/08/2019 21:00,0.0,0.0
19/08/2019 22:00,0.0,0.0
19/08/2019 23:00,0.0,0.0
20/08/2019 00:00,0.0,0.0
20/08/2019 01:00,0.0,0.0
20/08/2019 02:00,0.0,0.0
20/08/2019 03:00,0.0,0.0
20/08/2019 04:00,0.0,0.0
20/08/2019 05:00,0.004,0.004
20/08/2019 06:00,0.097,0.105
20/08/2019 07:00,0.284,0.304
20/08/2019 08:00,0.452,0.482
20/08/2019 09:00,0.577,0.615
20/08/2019 10:00,0.654,0.698
20/08/2019 11:00,0.687,0.735
20/08/2019 12:00,0.676,0.725
20/08/2019 13:00,0.622,0.672
20/08/2019 14:00,0.519,0.567
20/08/2019 15:00,0.377,0.419
20/08/2019 16:00,0.203,0.233
20/08/2019 17:00,0.046,0.056
20/08/2019 18:00,0.0,0.0
20/08/2019 19:00,0.0,0.0
20/08/2019 20:00,0.0,0.0
20/08/2019 21:00,0.0,0.0
20/08/2019 22:00,0.0,0.0
20/08/2019 23:00,0.0,0.0
21/08/2019 00:00,0.0,0.0
21/08/2019 01:00,0.0,0.0
21/08/2019 02:00,0.0,0.0
21/08/2019 03:00,0.0,0.0
21/08/2019 04:00,0.0,0.0
21/08/2019 05:00,0.003,0.004
21/08/2019 06:00,0.098,0.105
21/08/2019 07:00,0.291,0.307
21/08/2019 08:00,0.462,0.484
21/08/2019 09:00,0.589,0.616
21/08/2019 10:00,0.666,0.698
21/08/2019 11:00,0.695,0.729
21/08/2019 12:00,0.682,0.718
21/08/2019 13:00,0.626,0.662
21/08/2019 14:00,0.527,0.563
21/08/2019 15:00,0.382,0.416
21/08/2019 16:00,0.205,0.231
21/08/2019 17:00,0.046,0.055
21/08/2019 18:00,0.0,0.0
21/08/2019 19:00,0.0,0.0
21/08/2019 20:00,0.0,0.0
21/08/2019 21:00,0.0,0.0
21/08/2019 22:00,0.0,0.0
21/08/2019 23:00,0.0,0.0
22/08/2019 00:00,0.0,0.0
22/08/2019 01:00,0.0,0.0
22/08/2019 02:00,0.0,0.0
22/08/2019 03:00,0.0,0.0
22/08/2019 04:00,0.0,0.0
22/08/2019 05:00,0.003,0.004
22/08/2019 06:00,0.098,0.107
22/08/2019 07:00,0.288,0.312
22/08/2019 08:00,0.459,0.491
22/08/2019 09:00,0.588,0.621
22/08/2019 10:00,0.668,0.7
22/08/2019 11:00,0.701,0.733
22/08/2019 12:00,0.689,0.722
22/08/2019 13:00,0.634,0.667
22/08/2019 14:00,0.534,0.563
22/08/2019 15:00,0.388,0.417
22/08/2019 16:00,0.209,0.232
22/08/2019 17:00,0.046,0.055
22/08/2019 18:00,0.0,0.0
22/08/2019 19:00,0.0,0.0
22/08/2019 20:00,0.0,0.0
22/08/2019 21:00,0.0,0.0
22/08/2019 22:00,0.0,0.0
22/08/2019 23:00,0.0,0.0
23/08/2019 00:00,0.0,0.0
23/08/2019 01:00,0.0,0.0
23/08/2019 02:00,0.0,0.0
23/08/2019 03:00,0.0,0.0
23/08/2019 04:00,0.0,0.0
23/08/2019 05:00,0.003,0.004
23/08/2019 06:00,0.1,0.107
23/08/2019 07:00,0.294,0.311
23/08/2019 08:00,0.468,0.492
23/08/2019 09:00,0.596,0.622
23/08/2019 10:00,0.676,0.7
23/08/2019 11:00,0.71,0.73
23/08/2019 12:00,0.698,0.719
23/08/2019 13:00,0.642,0.664
23/08/2019 14:00,0.541,0.564
23/08/2019 15:00,0.394,0.416
23/08/2019 16:00,0.212,0.23
23/08/2019 17:00,0.045,0.054
23/08/2019 18:00,0.0,0.0
23/08/2019 19:00,0.0,0.0
23/08/2019 20:00,0.0,0.0
23/08/2019 21:00,0.0,0.0
23/08/2019 22:00,0.0,0.0
23/08/2019 23:00,0.0,0.0
24/08/2019 00:00,0.0,0.0
24/08/2019 01:00,0.0,0.0
24/08/2019 02:00,0.0,0.0
24/08/2019 03:00,0.0,0.0
24/08/2019 04:00,0.0,0.0
24/08/2019 05:00,0.003,0.003
24/08/2019 06:00,0.099,0.104
24/08/2019 07:00,0.294,0.304
24/08/2019 08:00,0.469,0.481
24/08/2019 09:00,0.597,0.612
24/08/2019 10:00,0.678,0.693
24/08/2019 11:00,0.712,0.73
24/08/2019 12:00,0.7,0.719
24/08/2019 13:00,0.644,0.665
24/08/2019 14:00,0.543,0.561
24/08/2019 15:00,0.397,0.413
24/08/2019 16:00,0.215,0.229
24/08/2019 17:00,0.045,0.053
24/08/2019 18:00,0.0,0.0
24/08/2019 19:00,0.0,0.0
24/08/2019 20:00,0.0,0.0
24/08/2019 21:00,0.0,0.0
24/08/2019 22:00,0.0,0.0
24/08/2019 23:00,0.0,0.0
25/08/2019 00:00,0.0,0.0
25/08/2019 01:00,0.0,0.0
25/08/2019 02:00,0.0,0.0
25/08/2019 03:00,0.0,0.0
25/08/2019 04:00,0.0,0.0
25/08/2019 05:00,0.002,0.003
25/08/2019 06:00,0.1,0.104
25/08/2019 07:00,0.295,0.301
25/08/2019 08:00,0.469,0.478
25/08/2019 09:00,0.596,0.61
25/08/2019 10:00,0.675,0.692
25/08/2019 11:00,0.706,0.727
25/08/2019 12:00,0.694,0.716
25/08/2019 13:00,0.639,0.661
25/08/2019 14:00,0.539,0.563
25/08/2019 15:00,0.394,0.415
25/08/2019 16:00,0.213,0.23
25/08/2019 17:00,0.044,0.053
25/08/2019 18:00,0.0,0.0
25/08/2019 19:00,0.0,0.0
25/08/2019 20:00,0.0,0.0
25/08/2019 21:00,0.0,0.0
25/08/2019 22:00,0.0,0.0
25/08/2019 23:00,0.0,0.0
26/08/2019 00:00,0.0,0.0
26/08/2019 01:00,0.0,0.0
26/08/2019 02:00,0.0,0.0
26/08/2019 03:00,0.0,0.0
26/08/2019 04:00,0.0,0.0
26/08/2019 05:00,0.002,0.003
26/08/2019 06:00,0.098,0.102
26/08/2019 07:00,0.29,0.298
26/08/2019 08:00,0.46,0.476
26/08/2019 09:00,0.587,0.609
26/08/2019 10:00,0.667,0.692
26/08/2019 11:00,0.701,0.728
26/08/2019 12:00,0.689,0.718
26/08/2019 13:00,0.634,0.664
26/08/2019 14:00,0.534,0.563
26/08/2019 15:00,0.388,0.416
26/08/2019 16:00,0.208,0.231
26/08/2019 17:00,0.043,0.053
26/08/2019 18:00,0.0,0.0
26/08/2019 19:00,0.0,0.0
26/08/2019 20:00,0.0,0.0
26/08/2019 21:00,0.0,0.0
26/08/2019 22:00,0.0,0.0
26/08/2019 23:00,0.0,0.0
27/08/2019 00:00,0.0,0.0
27/08/2019 01:00,0.0,0.0
27/08/2019 02:00,0.0,0.0
27/08/2019 03:00,0.0,0.0
27/08/2019 04:00,0.0,0.0
27/08/2019 05:00,0.002,0.002
27/08/2019 06:00,0.1,0.106
27/08/2019 07:00,0.293,0.308
27/08/2019 08:00,0.463,0.486
27/08/2019 09:00,0.59,0.619
27/08/2019 10:00,0.668,0.701
27/08/2019 11:00,0.701,0.734
27/08/2019 12:00,0.69,0.724
27/08/2019 13:00,0.635,0.668
27/08/2019 14:00,0.529,0.566
27/08/2019 15:00,0.384,0.415
27/08/2019 16:00,0.205,0.226
27/08/2019 17:00,0.042,0.05
27/08/2019 18:00,0.0,0.0
27/08/2019 19:00,0.0,0.0
27/08/2019 20:00,0.0,0.0
27/08/2019 21:00,0.0,0.0
27/08/2019 22:00,0.0,0.0
27/08/2019 23:00,0.0,0.0
28/08/2019 00:00,0.0,0.0
28/08/2019 01:00,0.0,0.0
28/08/2019 02:00,0.0,0.0
28/08/2019 03:00,0.0,0.0
28/08/2019 04:00,0.0,0.0
28/08/2019 05:00,0.002,0.002
28/08/2019 06:00,0.096,0.102
28/08/2019 07:00,0.284,0.303
28/08/2019 08:00,0.457,0.487
28/08/2019 09:00,0.587,0.622
28/08/2019 10:00,0.668,0.707
28/08/2019 11:00,0.701,0.739
28/08/2019 12:00,0.69,0.728
28/08/2019 13:00,0.635,0.671
28/08/2019 14:00,0.534,0.567
28/08/2019 15:00,0.387,0.415
28/08/2019 16:00,0.207,0.226
28/08/2019 17:00,0.042,0.05
28/08/2019 18:00,0.0,0.0
28/08/2019 19:00,0.0,0.0
28/08/2019 20:00,0.0,0.0
28/08/2019 21:00,0.0,0.0
28/08/2019 22:00,0.0,0.0
28/08/2019 23:00,0.0,0.0
29/08/2019 00:00,0.0,0.0
29/08/2019 01:00,0.0,0.0
29/08/2019 02:00,0.0,0.0
29/08/2019 03:00,0.0,0.0
29/08/2019 04:00,0.0,0.0
29/08/2019 05:00,0.001,0.002
29/08/2019 06:00,0.099,0.105
29/08/2019 07:00,0.29,0.309
29/08/2019 08:00,0.463,0.494
29/08/2019 09:00,0.593,0.63
29/08/2019 10:00,0.673,0.713
29/08/2019 11:00,0.706,0.744
29/08/2019 12:00,0.694,0.732
29/08/2019 13:00,0.638,0.675
29/08/2019 14:00,0.537,0.564
29/08/2019 15:00,0.39,0.411
29/08/2019 16:00,0.207,0.221
29/08/2019 17:00,0.041,0.048
29/08/2019 18:00,0.0,0.0
29/08/2019 19:00,0.0,0.0
29/08/2019 20:00,0.0,0.0
29/08/2019 21:00,0.0,0.0
29/08/2019 22:00,0.0,0.0
29/08/2019 23:00,0.0,0.0
30/08/2019 00:00,0.0,0.0
30/08/2019 01:00,0.0,0.0
30/08/2019 02:00,0.0,0.0
30/08/2019 03:00,0.0,0.0
30/08/2019 04:00,0.0,0.0
30/08/2019 05:00,0.001,0.002
30/08/2019 06:00,0.097,0.105
30/08/2019 07:00,0.289,0.309
30/08/2019 08:00,0.463,0.49
30/08/2019 09:00,0.592,0.623
30/08/2019 10:00,0.673,0.707
30/08/2019 11:00,0.706,0.74
30/08/2019 12:00,0.693,0.729
30/08/2019 13:00,0.636,0.674
30/08/2019 14:00,0.536,0.57
30/08/2019 15:00,0.387,0.419
30/08/2019 16:00,0.205,0.228
30/08/2019 17:00,0.04,0.049
30/08/2019 18:00,0.0,0.0
30/08/2019 19:00,0.0,0.0
30/08/2019 20:00,0.0,0.0
30/08/2019 21:00,0.0,0.0
30/08/2019 22:00,0.0,0.0
30/08/2019 23:00,0.0,0.0
31/08/2019 00:00,0.0,0.0
31/08/2019 01:00,0.0,0.0
31/08/2019 02:00,0.0,0.0
31/08/2019 03:00,0.0,0.0
31/08/2019 04:00,0.0,0.0
31/08/2019 05:00,0.001,0.001
31/08/2019 06:00,0.097,0.108
31/08/2019 07:00,0.288,0.316
31/08/2019 08:00,0.463,0.499
31/08/2019 09:00,0.592,0.631
31/08/2019 10:00,0.672,0.713
31/08/2019 11:00,0.701,0.747
31/08/2019 12:00,0.689,0.737
31/08/2019 13:00,0.632,0.681
31/08/2019 14:00,0.523,0.574
31/08/2019 15:00,0.375,0.422
31/08/2019 16:00,0.196,0.23
31/08/2019 17:00,0.038,0.048
31/08/2019 18:00,0.0,0.0
31/08/2019 19:00,0.0,0.0
31/08/2019 20:00,0.0,0.0
31/08/2019 21:00,0.0,0.0
31/08/2019 22:00,0.0,0.0
31/08/2019 23:00,0.0,0.0
01/09/2019 00:00,0.0,0.0
01/09/2019 01:00,0.0,0.0
01/09/2019 02:00,0.0,0.0
01/09/2019 03:00,0.0,0.0
01/09/2019 04:00,0.0,0.0
01/09/2019 05:00,0.001,0.001
01/09/2019 06:00,0.095,0.104
01/09/2019 07:00,0.287,0.306
01/09/2019 08:00,0.463,0.485
01/09/2019 09:00,0.593,0.619
01/09/2019 10:00,0.673,0.701
01/09/2019 11:00,0.701,0.73
01/09/2019 12:00,0.69,0.718
01/09/2019 13:00,0.634,0.661
01/09/2019 14:00,0.528,0.558
01/09/2019 15:00,0.381,0.406
01/09/2019 16:00,0.2,0.218
01/09/2019 17:00,0.039,0.046
01/09/2019 18:00,0.0,0.0
01/09/2019 19:00,0.0,0.0
01/09/2019 20:00,0.0,0.0
01/09/2019 21:00,0.0,0.0
01/09/2019 22:00,0.0,0.0
01/09/2019 23:00,0.0,0.0
02/09/2019 00:00,0.0,0.0
02/09/2019 01:00,0.0,0.0
02/09/2019 02:00,0.0,0.0
02/09/2019 03:00,0.0,0.0
02/09/2019 04:00,0.0,0.0
02/09/2019 05:00,0.001,0.001
02/09/2019 06:00,0.097,0.102
02/09/2019 07:00,0.292,0.306
02/09/2019 08:00,0.468,0.487
02/09/2019 09:00,0.597,0.619
02/09/2019 10:00,0.678,0.702
02/09/2019 11:00,0.71,0.74
02/09/2019 12:00,0.698,0.73
02/09/2019 13:00,0.642,0.675
02/09/2019 14:00,0.537,0.57
02/09/2019 15:00,0.389,0.419
02/09/2019 16:00,0.206,0.228
02/09/2019 17:00,0.039,0.047
02/09/2019 18:00,0.0,0.0
02/09/2019 19:00,0.0,0.0
02/09/2019 20:00,0.0,0.0
02/09/2019 21:00,0.0,0.0
02/09/2019 22:00,0.0,0.0
02/09/2019 23:00,0.0,0.0
03/09/2019 00:00,0.0,0.0
03/09/2019 01:00,0.0,0.0
03/09/2019 02:00,0.0,0.0
03/09/2019 03:00,0.0,0.0
03/09/2019 04:00,0.0,0.0
03/09/2019 05:00,0.001,0.001
03/09/2019 06:00,0.097,0.105
03/09/2019 07:00,0.292,0.312
03/09/2019 08:00,0.466,0.494
03/09/2019 09:00,0.595,0.628
03/09/2019 10:00,0.674,0.71
03/09/2019 11:00,0.699,0.743
03/09/2019 12:00,0.687,0.732
03/09/2019 13:00,0.632,0.676
03/09/2019 14:00,0.524,0.574
03/09/2019 15:00,0.378,0.422
03/09/2019 16:00,0.198,0.23
03/09/2019 17:00,0.037,0.046
03/09/2019 18:00,0.0,0.0
03/09/2019 19:00,0.0,0.0
03/09/2019 20:00,0.0,0.0
03/09/2019 21:00,0.0,0.0
03/09/2019 22:00,0.0,0.0
03/09/2019 23:00,0.0,0.0
04/09/2019 00:00,0.0,0.0
04/09/2019 01:00,0.0,0.0
04/09/2019 02:00,0.0,0.0
04/09/2019 03:00,0.0,0.0
04/09/2019 04:00,0.0,0.0
04/09/2019 05:00,0.0,0.001
04/09/2019 06:00,0.098,0.105
04/09/2019 07:00,0.296,0.314
04/09/2019 08:00,0.473,0.5
04/09/2019 09:00,0.603,0.637
04/09/2019 10:00,0.682,0.72
04/09/2019 11:00,0.713,0.752
04/09/2019 12:00,0.7,0.741
04/09/2019 13:00,0.644,0.684
04/09/2019 14:00,0.543,0.579
04/09/2019 15:00,0.395,0.425
04/09/2019 16:00,0.211,0.231
04/09/2019 17:00,0.038,0.046
04/09/2019 18:00,0.0,0.0
04/09/2019 19:00,0.0,0.0
04/09/2019 20:00,0.0,0.0
04/09/2019 21:00,0.0,0.0
04/09/2019 22:00,0.0,0.0
04/09/2019 23:00,0.0,0.0
05/09/2019 00:00,0.0,0.0
05/09/2019 01:00,0.0,0.0
05/09/2019 02:00,0.0,0.0
05/09/2019 03:00,0.0,0.0
05/09/2019 04:00,0.0,0.0
05/09/2019 05:00,0.0,0.0
05/09/2019 06:00,0.079,0.109
05/09/2019 07:00,0.258,0.321
05/09/2019 08:00,0.443,0.501
05/09/2019 09:00,0.588,0.633
05/09/2019 10:00,0.679,0.714
05/09/2019 11:00,0.717,0.745
05/09/2019 12:00,0.71,0.728
05/09/2019 13:00,0.656,0.665
05/09/2019 14:00,0.551,0.551
05/09/2019 15:00,0.402,0.399
05/09/2019 16:00,0.213,0.215
05/09/2019 17:00,0.038,0.042
05/09/2019 18:00,0.0,0.0
05/09/2019 19:00,0.0,0.0
05/09/2019 20:00,0.0,0.0
05/09/2019 21:00,0.0,0.0
05/09/2019 22:00,0.0,0.0
05/09/2019 23:00,0.0,0.0
06/09/2019 00:00,0.0,0.0
06/09/2019 01:00,0.0,0.0
06/09/2019 02:00,0.0,0.0
06/09/2019 03:00,0.0,0.0
06/09/2019 04:00,0.0,0.0
06/09/2019 05:00,0.0,0.0
06/09/2019 06:00,0.097,0.101
06/09/2019 07:00,0.295,0.304
06/09/2019 08:00,0.47,0.484
06/09/2019 09:00,0.599,0.617
06/09/2019 10:00,0.679,0.699
06/09/2019 11:00,0.706,0.734
06/09/2019 12:00,0.692,0.723
06/09/2019 13:00,0.633,0.667
06/09/2019 14:00,0.527,0.566
06/09/2019 15:00,0.377,0.414
06/09/2019 16:00,0.195,0.222
06/09/2019 17:00,0.034,0.042
06/09/2019 18:00,0.0,0.0
06/09/2019 19:00,0.0,0.0
06/09/2019 20:00,0.0,0.0
06/09/2019 21:00,0.0,0.0
06/09/2019 22:00,0.0,0.0
06/09/2019 23:00,0.0,0.0
07/09/2019 00:00,0.0,0.0
07/09/2019 01:00,0.0,0.0
07/09/2019 02:00,0.0,0.0
07/09/2019 03:00,0.0,0.0
07/09/2019 04:00,0.0,0.0
07/09/2019 05:00,0.0,0.0
07/09/2019 06:00,0.089,0.095
07/09/2019 07:00,0.278,0.295
07/09/2019 08:00,0.453,0.475
07/09/2019 09:00,0.582,0.61
07/09/2019 10:00,0.664,0.696
07/09/2019 11:00,0.7,0.737
07/09/2019 12:00,0.689,0.727
07/09/2019 13:00,0.633,0.672
07/09/2019 14:00,0.529,0.568
07/09/2019 15:00,0.379,0.415
07/09/2019 16:00,0.195,0.222
07/09/2019 17:00,0.034,0.041
07/09/2019 18:00,0.0,0.0
07/09/2019 19:00,0.0,0.0
07/09/2019 20:00,0.0,0.0
07/09/2019 21:00,0.0,0.0
07/09/2019 22:00,0.0,0.0
07/09/2019 23:00,0.0,0.0
08/09/2019 00:00,0.0,0.0
08/09/2019 01:00,0.0,0.0
08/09/2019 02:00,0.0,0.0
08/09/2019 03:00,0.0,0.0
08/09/2019 04:00,0.0,0.0
08/09/2019 05:00,0.0,0.0
08/09/2019 06:00,0.098,0.106
08/09/2019 07:00,0.299,0.321
08/09/2019 08:00,0.48,0.512
08/09/2019 09:00,0.615,0.651
08/09/2019 10:00,0.699,0.734
08/09/2019 11:00,0.732,0.766
08/09/2019 12:00,0.721,0.754
08/09/2019 13:00,0.664,0.695
08/09/2019 14:00,0.558,0.586
08/09/2019 15:00,0.404,0.427
08/09/2019 16:00,0.211,0.226
08/09/2019 17:00,0.035,0.041
08/09/2019 18:00,0.0,0.0
08/09/2019 19:00,0.0,0.0
08/09/2019 20:00,0.0,0.0
08/09/2019 21:00,0.0,0.0
08/09/2019 22:00,0.0,0.0
08/09/2019 23:00,0.0,0.0
09/09/2019 00:00,0.0,0.0
09/09/2019 01:00,0.0,0.0
09/09/2019 02:00,0.0,0.0
09/09/2019 03:00,0.0,0.0
09/09/2019 04:00,0.0,0.0
09/09/2019 05:00,0.0,0.0
09/09/2019 06:00,0.096,0.106
09/09/2019 07:00,0.298,0.325
09/09/2019 08:00,0.48,0.517
09/09/2019 09:00,0.615,0.653
09/09/2019 10:00,0.697,0.734
09/09/2019 11:00,0.731,0.766
09/09/2019 12:00,0.718,0.754
09/09/2019 13:00,0.66,0.697
09/09/2019 14:00,0.553,0.589
09/09/2019 15:00,0.401,0.434
09/09/2019 16:00,0.21,0.234
09/09/2019 17:00,0.033,0.042
09/09/2019 18:00,0.0,0.0
09/09/2019 19:00,0.0,0.0
09/09/2019 20:00,0.0,0.0
09/09/2019 21:00,0.0,0.0
09/09/2019 22:00,0.0,0.0
09/09/2019 23:00,0.0,0.0
10/09/2019 00:00,0.0,0.0
10/09/2019 01:00,0.0,0.0
10/09/2019 02:00,0.0,0.0
10/09/2019 03:00,0.0,0.0
10/09/2019 04:00,0.0,0.0
10/09/2019 05:00,0.0,0.0
10/09/2019 06:00,0.098,0.11
10/09/2019 07:00,0.303,0.332
10/09/2019 08:00,0.484,0.522
10/09/2019 09:00,0.617,0.659
10/09/2019 10:00,0.7,0.74
10/09/2019 11:00,0.733,0.769
10/09/2019 12:00,0.722,0.756
10/09/2019 13:00,0.666,0.698
10/09/2019 14:00,0.56,0.592
10/09/2019 15:00,0.407,0.434
10/09/2019 16:00,0.214,0.232
10/09/2019 17:00,0.033,0.04
10/09/2019 18:00,0.0,0.0
10/09/2019 19:00,0.0,0.0
10/09/2019 20:00,0.0,0.0
10/09/2019 21:00,0.0,0.0
10/09/2019 22:00,0.0,0.0
10/09/2019 23:00,0.0,0.0
11/09/2019 00:00,0.0,0.0
11/09/2019 01:00,0.0,0.0
11/09/2019 02:00,0.0,0.0
11/09/2019 03:00,0.0,0.0
11/09/2019 04:00,0.0,0.0
11/09/2019 05:00,0.0,0.0
11/09/2019 06:00,0.098,0.105
11/09/2019 07:00,0.307,0.322
11/09/2019 08:00,0.49,0.51
11/09/2019 09:00,0.624,0.647
11/09/2019 10:00,0.706,0.731
11/09/2019 11:00,0.741,0.765
11/09/2019 12:00,0.728,0.753
11/09/2019 13:00,0.67,0.697
11/09/2019 14:00,0.565,0.594
11/09/2019 15:00,0.412,0.44
11/09/2019 16:00,0.219,0.241
11/09/2019 17:00,0.033,0.042
11/09/2019 18:00,0.0,0.0
11/09/2019 19:00,0.0,0.0
11/09/2019 20:00,0.0,0.0
11/09/2019 21:00,0.0,0.0
11/09/2019 22:00,0.0,0.0
11/09/2019 23:00,0.0,0.0
12/09/2019 00:00,0.0,0.0
12/09/2019 01:00,0.0,0.0
12/09/2019 02:00,0.0,0.0
12/09/2019 03:00,0.0,0.0
12/09/2019 04:00,0.0,0.0
12/09/2019 05:00,0.0,0.0
12/09/2019 06:00,0.105,0.109
12/09/2019 07:00,0.317,0.332
12/09/2019 08:00,0.499,0.522
12/09/2019 09:00,0.629,0.653
12/09/2019 10:00,0.71,0.733
12/09/2019 11:00,0.743,0.764
12/09/2019 12:00,0.731,0.752
12/09/2019 13:00,0.673,0.695
12/09/2019 14:00,0.566,0.589
12/09/2019 15:00,0.412,0.433
12/09/2019 16:00,0.218,0.232
12/09/2019 17:00,0.033,0.038
12/09/2019 18:00,0.0,0.0
12/09/2019 19:00,0.0,0.0
12/09/2019 20:00,0.0,0.0
12/09/2019 21:00,0.0,0.0
12/09/2019 22:00,0.0,0.0
12/09/2019 23:00,0.0,0.0
13/09/2019 00:00,0.0,0.0
13/09/2019 01:00,0.0,0.0
13/09/2019 02:00,0.0,0.0
13/09/2019 03:00,0.0,0.0
13/09/2019 04:00,0.0,0.0
13/09/2019 05:00,0.0,0.0
13/09/2019 06:00,0.101,0.108
13/09/2019 07:00,0.313,0.331
13/09/2019 08:00,0.499,0.521
13/09/2019 09:00,0.631,0.654
13/09/2019 10:00,0.708,0.733
13/09/2019 11:00,0.735,0.762
13/09/2019 12:00,0.718,0.75
13/09/2019 13:00,0.651,0.692
13/09/2019 14:00,0.532,0.585
13/09/2019 15:00,0.369,0.428
13/09/2019 16:00,0.184,0.227
13/09/2019 17:00,0.028,0.036
13/09/2019 18:00,0.0,0.0
13/09/2019 19:00,0.0,0.0
13/09/2019 20:00,0.0,0.0
13/09/2019 21:00,0.0,0.0
13/09/2019 22:00,0.0,0.0
13/09/2019 23:00,0.0,0.0
14/09/2019 00:00,0.0,0.0
14/09/2019 01:00,0.0,0.0
14/09/2019 02:00,0.0,0.0
14/09/2019 03:00,0.0,0.0
14/09/2019 04:00,0.0,0.0
14/09/2019 05:00,0.0,0.0
14/09/2019 06:00,0.095,0.099
14/09/2019 07:00,0.302,0.315
14/09/2019 08:00,0.486,0.509
14/09/2019 09:00,0.621,0.651
14/09/2019 10:00,0.703,0.738
14/09/2019 11:00,0.737,0.775
14/09/2019 12:00,0.725,0.764
14/09/2019 13:00,0.668,0.707
14/09/2019 14:00,0.562,0.598
14/09/2019 15:00,0.408,0.439
14/09/2019 16:00,0.213,0.234
14/09/2019 17:00,0.03,0.037
14/09/2019 18:00,0.0,0.0
14/09/2019 19:00,0.0,0.0
14/09/2019 20:00,0.0,0.0
14/09/2019 21:00,0.0,0.0
14/09/2019 22:00,0.0,0.0
14/09/2019 23:00,0.0,0.0
15/09/2019 00:00,0.0,0.0
15/09/2019 01:00,0.0,0.0
15/09/2019 02:00,0.0,0.0
15/09/2019 03:00,0.0,0.0
15/09/2019 04:00,0.0,0.0
15/09/2019 05:00,0.0,0.0
15/09/2019 06:00,0.088,0.099
15/09/2019 07:00,0.295,0.315
15/09/2019 08:00,0.484,0.504
15/09/2019 09:00,0.617,0.642
15/09/2019 10:00,0.688,0.727
15/09/2019 11:00,0.696,0.766
15/09/2019 12:00,0.668,0.754
15/09/2019 13:00,0.609,0.696
15/09/2019 14:00,0.511,0.59
15/09/2019 15:00,0.372,0.432
15/09/2019 16:00,0.193,0.229
15/09/2019 17:00,0.029,0.035
15/09/2019 18:00,0.0,0.0
15/09/2019 19:00,0.0,0.0
15/09/2019 20:00,0.0,0.0
15/09/2019 21:00,0.0,0.0
15/09/2019 22:00,0.0,0.0
15/09/2019 23:00,0.0,0.0
16/09/2019 00:00,0.0,0.0
16/09/2019 01:00,0.0,0.0
16/09/2019 02:00,0.0,0.0
16/09/2019 03:00,0.0,0.0
16/09/2019 04:00,0.0,0.0
16/09/2019 05:00,0.0,0.0
16/09/2019 06:00,0.089,0.095
16/09/2019 07:00,0.293,0.31
16/09/2019 08:00,0.476,0.501
16/09/2019 09:00,0.611,0.643
16/09/2019 10:00,0.694,0.73
16/09/2019 11:00,0.73,0.768
16/09/2019 12:00,0.717,0.757
16/09/2019 13:00,0.658,0.699
16/09/2019 14:00,0.546,0.587
16/09/2019 15:00,0.391,0.429
16/09/2019 16:00,0.198,0.227
16/09/2019 17:00,0.027,0.034
16/09/2019 18:00,0.0,0.0
16/09/2019 19:00,0.0,0.0
16/09/2019 20:00,0.0,0.0
16/09/2019 21:00,0.0,0.0
16/09/2019 22:00,0.0,0.0
16/09/2019 23:00,0.0,0.0
17/09/2019 00:00,0.0,0.0
17/09/2019 01:00,0.0,0.0
17/09/2019 02:00,0.0,0.0
17/09/2019 03:00,0.0,0.0
17/09/2019 04:00,0.0,0.0
17/09/2019 05:00,0.0,0.0
17/09/2019 06:00,0.085,0.099
17/09/2019 07:00,0.288,0.32
17/09/2019 08:00,0.471,0.512
17/09/2019 09:00,0.606,0.65
17/09/2019 10:00,0.691,0.733
17/09/2019 11:00,0.72,0.762
17/09/2019 12:00,0.709,0.75
17/09/2019 13:00,0.651,0.691
17/09/2019 14:00,0.542,0.582
17/09/2019 15:00,0.387,0.422
17/09/2019 16:00,0.194,0.22
17/09/2019 17:00,0.025,0.032
17/09/2019 18:00,0.0,0.0
17/09/2019 19:00,0.0,0.0
17/09/2019 20:00,0.0,0.0
17/09/2019 21:00,0.0,0.0
17/09/2019 22:00,0.0,0.0
17/09/2019 23:00,0.0,0.0
18/09/2019 00:00,0.0,0.0
18/09/2019 01:00,0.0,0.0
18/09/2019 02:00,0.0,0.0
18/09/2019 03:00,0.0,0.0
18/09/2019 04:00,0.0,0.0
18/09/2019 05:00,0.0,0.0
18/09/2019 06:00,0.084,0.091
18/09/2019 07:00,0.286,0.309
18/09/2019 08:00,0.47,0.5
18/09/2019 09:00,0.602,0.635
18/09/2019 10:00,0.677,0.716
18/09/2019 11:00,0.701,0.747
18/09/2019 12:00,0.682,0.733
18/09/2019 13:00,0.613,0.673
18/09/2019 14:00,0.511,0.561
18/09/2019 15:00,0.37,0.403
18/09/2019 16:00,0.189,0.205
18/09/2019 17:00,0.024,0.028
18/09/2019 18:00,0.0,0.0
18/09/2019 19:00,0.0,0.0
18/09/2019 20:00,0.0,0.0
18/09/2019 21:00,0.0,0.0
18/09/2019 22:00,0.0,0.0
18/09/2019 23:00,0.0,0.0
19/09/2019 00:00,0.0,0.0
19/09/2019 01:00,0.0,0.0
19/09/2019 02:00,0.0,0.0
19/09/2019 03:00,0.0,0.0
19/09/2019 04:00,0.0,0.0
19/09/2019 05:00,0.0,0.0
19/09/2019 06:00,0.079,0.082
19/09/2019 07:00,0.277,0.29
19/09/2019 08:00,0.462,0.478
19/09/2019 09:00,0.597,0.612
19/09/2019 10:00,0.679,0.694
19/09/2019 11:00,0.701,0.717
19/09/2019 12:00,0.686,0.705
19/09/2019 13:00,0.627,0.647
19/09/2019 14:00,0.518,0.54
19/09/2019 15:00,0.365,0.384
19/09/2019 16:00,0.178,0.19
19/09/2019 17:00,0.022,0.025
19/09/2019 18:00,0.0,0.0
19/09/2019 19:00,0.0,0.0
19/09/2019 20:00,0.0,0.0
19/09/2019 21:00,0.0,0.0
19/09/2019 22:00,0.0,0.0
19/09/2019 23:00,0.0,0.0
20/09/2019 00:00,0.0,0.0
20/09/2019 01:00,0.0,0.0
20/09/2019 02:00,0.0,0.0
20/09/2019 03:00,0.0,0.0
20/09/2019 04:00,0.0,0.0
20/09/2019 05:00,0.0,0.0
20/09/2019 06:00,0.075,0.078
20/09/2019 07:00,0.27,0.284
20/09/2019 08:00,0.456,0.474
20/09/2019 09:00,0.593,0.613
20/09/2019 10:00,0.674,0.697
20/09/2019 11:00,0.709,0.714
20/09/2019 12:00,0.694,0.699
20/09/2019 13:00,0.633,0.637
20/09/2019 14:00,0.525,0.526
20/09/2019 15:00,0.369,0.364
20/09/2019 16:00,0.179,0.172
20/09/2019 17:00,0.021,0.022
20/09/2019 18:00,0.0,0.0
20/09/2019 19:00,0.0,0.0
20/09/2019 20:00,0.0,0.0
20/09/2019 21:00,0.0,0.0
20/09/2019 22:00,0.0,0.0
20/09/2019 23:00,0.0,0.0
21/09/2019 00:00,0.0,0.0
21/09/2019 01:00,0.0,0.0
21/09/2019 02:00,0.0,0.0
21/09/2019 03:00,0.0,0.0
21/09/2019 04:00,0.0,0.0
21/09/2019 05:00,0.0,0.0
21/09/2019 06:00,0.073,0.078
21/09/2019 07:00,0.27,0.288
21/09/2019 08:00,0.458,0.483
21/09/2019 09:00,0.594,0.623
21/09/2019 10:00,0.676,0.707
21/09/2019 11:00,0.708,0.744
21/09/2019 12:00,0.693,0.732
21/09/2019 13:00,0.633,0.674
21/09/2019 14:00,0.521,0.562
21/09/2019 15:00,0.366,0.404
21/09/2019 16:00,0.177,0.204
21/09/2019 17:00,0.02,0.025
21/09/2019 18:00,0.0,0.0
21/09/2019 19:00,0.0,0.0
21/09/2019 20:00,0.0,0.0
21/09/2019 21:00,0.0,0.0
21/09/2019 22:00,0.0,0.0
21/09/2019 23:00,0.0,0.0
22/09/2019 00:00,0.0,0.0
22/09/2019 01:00,0.0,0.0
22/09/2019 02:00,0.0,0.0
22/09/2019 03:00,0.0,0.0
22/09/2019 04:00,0.0,0.0
22/09/2019 05:00,0.0,0.0
22/09/2019 06:00,0.072,0.086
22/09/2019 07:00,0.27,0.313
22/09/2019 08:00,0.459,0.511
22/09/2019 09:00,0.598,0.652
22/09/2019 10:00,0.68,0.735
22/09/2019 11:00,0.708,0.761
22/09/2019 12:00,0.695,0.747
22/09/2019 13:00,0.634,0.688
22/09/2019 14:00,0.525,0.582
22/09/2019 15:00,0.369,0.422
22/09/2019 16:00,0.178,0.217
22/09/2019 17:00,0.02,0.027
22/09/2019 18:00,0.0,0.0
22/09/2019 19:00,0.0,0.0
22/09/2019 20:00,0.0,0.0
22/09/2019 21:00,0.0,0.0
22/09/2019 22:00,0.0,0.0
22/09/2019 23:00,0.0,0.0
23/09/2019 00:00,0.0,0.0
23/09/2019 01:00,0.0,0.0
23/09/2019 02:00,0.0,0.0
23/09/2019 03:00,0.0,0.0
23/09/2019 04:00,0.0,0.0
23/09/2019 05:00,0.0,0.0
23/09/2019 06:00,0.073,0.08
23/09/2019 07:00,0.273,0.316
23/09/2019 08:00,0.462,0.516
23/09/2019 09:00,0.599,0.657
23/09/2019 10:00,0.682,0.739
23/09/2019 11:00,0.713,0.769
23/09/2019 12:00,0.699,0.756
23/09/2019 13:00,0.639,0.697
23/09/2019 14:00,0.526,0.585
23/09/2019 15:00,0.369,0.424
23/09/2019 16:00,0.177,0.219
23/09/2019 17:00,0.019,0.026
23/09/2019 18:00,0.0,0.0
23/09/2019 19:00,0.0,0.0
23/09/2019 20:00,0.0,0.0
23/09/2019 21:00,0.0,0.0
23/09/2019 22:00,0.0,0.0
23/09/2019 23:00,0.0,0.0
24/09/2019 00:00,0.0,0.0
24/09/2019 01:00,0.0,0.0
24/09/2019 02:00,0.0,0.0
24/09/2019 03:00,0.0,0.0
24/09/2019 04:00,0.0,0.0
24/09/2019 05:00,0.0,0.0
24/09/2019 06:00,0.075,0.083
24/09/2019 07:00,0.282,0.328
24/09/2019 08:00,0.473,0.529
24/09/2019 09:00,0.61,0.667
24/09/2019 10:00,0.694,0.749
24/09/2019 11:00,0.726,0.778
24/09/2019 12:00,0.712,0.764
24/09/2019 13:00,0.653,0.704
24/09/2019 14:00,0.545,0.598
24/09/2019 15:00,0.388,0.437
24/09/2019 16:00,0.191,0.228
24/09/2019 17:00,0.02,0.027
24/09/2019 18:00,0.0,0.0
24/09/2019 19:00,0.0,0.0
24/09/2019 20:00,0.0,0.0
24/09/2019 21:00,0.0,0.0
24/09/2019 22:00,0.0,0.0
24/09/2019 23:00,0.0,0.0
25/09/2019 00:00,0.0,0.0
25/09/2019 01:00,0.0,0.0
25/09/2019 02:00,0.0,0.0
25/09/2019 03:00,0.0,0.0
25/09/2019 04:00,0.0,0.0
25/09/2019 05:00,0.0,0.0
25/09/2019 06:00,0.077,0.092
25/09/2019 07:00,0.289,0.332
25/09/2019 08:00,0.483,0.537
25/09/2019 09:00,0.622,0.675
25/09/2019 10:00,0.707,0.76
25/09/2019 11:00,0.741,0.797
25/09/2019 12:00,0.727,0.786
25/09/2019 13:00,0.667,0.728
25/09/2019 14:00,0.561,0.616
25/09/2019 15:00,0.404,0.454
25/09/2019 16:00,0.203,0.242
25/09/2019 17:00,0.022,0.029
25/09/2019 18:00,0.0,0.0
25/09/2019 19:00,0.0,0.0
25/09/2019 20:00,0.0,0.0
25/09/2019 21:00,0.0,0.0
25/09/2019 22:00,0.0,0.0
25/09/2019 23:00,0.0,0.0
26/09/2019 00:00,0.0,0.0
26/09/2019 01:00,0.0,0.0
26/09/2019 02:00,0.0,0.0
26/09/2019 03:00,0.0,0.0
26/09/2019 04:00,0.0,0.0
26/09/2019 05:00,0.0,0.0
26/09/2019 06:00,0.088,0.092
26/09/2019 07:00,0.313,0.32
26/09/2019 08:00,0.509,0.513
26/09/2019 09:00,0.645,0.647
26/09/2019 10:00,0.723,0.731
26/09/2019 11:00,0.755,0.764
26/09/2019 12:00,0.741,0.751
26/09/2019 13:00,0.682,0.693
26/09/2019 14:00,0.578,0.588
26/09/2019 15:00,0.422,0.428
26/09/2019 16:00,0.22,0.219
26/09/2019 17:00,0.024,0.023
26/09/2019 18:00,0.0,0.0
26/09/2019 19:00,0.0,0.0
26/09/2019 20:00,0.0,0.0
26/09/2019 21:00,0.0,0.0
26/09/2019 22:00,0.0,0.0
26/09/2019 23:00,0.0,0.0
27/09/2019 00:00,0.0,0.0
27/09/2019 01:00,0.0,0.0
27/09/2019 02:00,0.0,0.0
27/09/2019 03:00,0.0,0.0
27/09/2019 04:00,0.0,0.0
27/09/2019 05:00,0.0,0.0
27/09/2019 06:00,0.086,0.079
27/09/2019 07:00,0.307,0.3
27/09/2019 08:00,0.497,0.497
27/09/2019 09:00,0.628,0.637
27/09/2019 10:00,0.706,0.724
27/09/2019 11:00,0.742,0.765
27/09/2019 12:00,0.728,0.754
27/09/2019 13:00,0.67,0.696
27/09/2019 14:00,0.564,0.589
27/09/2019 15:00,0.407,0.429
27/09/2019 16:00,0.207,0.221
27/09/2019 17:00,0.021,0.023
27/09/2019 18:00,0.0,0.0
27/09/2019 19:00,0.0,0.0
27/09/2019 20:00,0.0,0.0
27/09/2019 21:00,0.0,0.0
27/09/2019 22:00,0.0,0.0
27/09/2019 23:00,0.0,0.0
28/09/2019 00:00,0.0,0.0
28/09/2019 01:00,0.0,0.0
28/09/2019 02:00,0.0,0.0
28/09/2019 03:00,0.0,0.0
28/09/2019 04:00,0.0,0.0
28/09/2019 05:00,0.0,0.0
28/09/2019 06:00,0.078,0.084
28/09/2019 07:00,0.293,0.312
28/09/2019 08:00,0.482,0.508
28/09/2019 09:00,0.614,0.647
28/09/2019 10:00,0.695,0.733
28/09/2019 11:00,0.725,0.767
28/09/2019 12:00,0.712,0.756
28/09/2019 13:00,0.654,0.699
28/09/2019 14:00,0.545,0.592
28/09/2019 15:00,0.389,0.432
28/09/2019 16:00,0.192,0.223
28/09/2019 17:00,0.018,0.022
28/09/2019 18:00,0.0,0.0
28/09/2019 19:00,0.0,0.0
28/09/2019 20:00,0.0,0.0
28/09/2019 21:00,0.0,0.0
28/09/2019 22:00,0.0,0.0
28/09/2019 23:00,0.0,0.0
29/09/2019 00:00,0.0,0.0
29/09/2019 01:00,0.0,0.0
29/09/2019 02:00,0.0,0.0
29/09/2019 03:00,0.0,0.0
29/09/2019 04:00,0.0,0.0
29/09/2019 05:00,0.0,0.0
29/09/2019 06:00,0.078,0.083
29/09/2019 07:00,0.298,0.319
29/09/2019 08:00,0.491,0.523
29/09/2019 09:00,0.627,0.663
29/09/2019 10:00,0.71,0.746
29/09/2019 11:00,0.743,0.776
29/09/2019 12:00,0.73,0.764
29/09/2019 13:00,0.673,0.705
29/09/2019 14:00,0.567,0.596
29/09/2019 15:00,0.411,0.435
29/09/2019 16:00,0.21,0.224
29/09/2019 17:00,0.02,0.022
29/09/2019 18:00,0.0,0.0
29/09/2019 19:00,0.0,0.0
29/09/2019 20:00,0.0,0.0
29/09/2019 21:00,0.0,0.0
29/09/2019 22:00,0.0,0.0
29/09/2019 23:00,0.0,0.0
30/09/2019 00:00,0.0,0.0
30/09/2019 01:00,0.0,0.0
30/09/2019 02:00,0.0,0.0
30/09/2019 03:00,0.0,0.0
30/09/2019 04:00,0.0,0.0
30/09/2019 05:00,0.0,0.0
30/09/2019 06:00,0.085,0.079
30/09/2019 07:00,0.311,0.317
30/09/2019 08:00,0.505,0.521
30/09/2019 09:00,0.639,0.66
30/09/2019 10:00,0.717,0.744
30/09/2019 11:00,0.747,0.779
30/09/2019 12:00,0.733,0.768
30/09/2019 13:00,0.673,0.71
30/09/2019 14:00,0.563,0.599
30/09/2019 15:00,0.406,0.438
30/09/2019 16:00,0.204,0.228
30/09/2019 17:00,0.018,0.022
30/09/2019 18:00,0.0,0.0
30/09/2019 19:00,0.0,0.0
30/09/2019 20:00,0.0,0.0
30/09/2019 21:00,0.0,0.0
30/09/2019 22:00,0.0,0.0
30/09/2019 23:00,0.0,0.0
01/10/2019 00:00,0.0,0.0
01/10/2019 01:00,0.0,0.0
01/10/2019 02:00,0.0,0.0
01/10/2019 03:00,0.0,0.0
01/10/2019 04:00,0.0,0.0
01/10/2019 05:00,0.0,0.0
01/10/2019 06:00,0.077,0.083
01/10/2019 07:00,0.3,0.321
01/10/2019 08:00,0.496,0.523
01/10/2019 09:00,0.634,0.666
01/10/2019 10:00,0.717,0.752
01/10/2019 11:00,0.75,0.781
01/10/2019 12:00,0.736,0.769
01/10/2019 13:00,0.676,0.711
01/10/2019 14:00,0.569,0.602
01/10/2019 15:00,0.411,0.44
01/10/2019 16:00,0.208,0.226
01/10/2019 17:00,0.018,0.02
01/10/2019 18:00,0.0,0.0
01/10/2019 19:00,0.0,0.0
01/10/2019 20:00,0.0,0.0
01/10/2019 21:00,0.0,0.0
01/10/2019 22:00,0.0,0.0
01/10/2019 23:00,0.0,0.0
02/10/2019 00:00,0.0,0.0
02/10/2019 01:00,0.0,0.0
02/10/2019 02:00,0.0,0.0
02/10/2019 03:00,0.0,0.0
02/10/2019 04:00,0.0,0.0
02/10/2019 05:00,0.0,0.0
02/10/2019 06:00,0.074,0.082
02/10/2019 07:00,0.294,0.319
02/10/2019 08:00,0.486,0.521
02/10/2019 09:00,0.624,0.665
02/10/2019 10:00,0.707,0.751
02/10/2019 11:00,0.74,0.786
02/10/2019 12:00,0.725,0.774
02/10/2019 13:00,0.665,0.715
02/10/2019 14:00,0.543,0.601
02/10/2019 15:00,0.371,0.437
02/10/2019 16:00,0.16,0.224
02/10/2019 17:00,0.011,0.019
02/10/2019 18:00,0.0,0.0
02/10/2019 19:00,0.0,0.0
02/10/2019 20:00,0.0,0.0
02/10/2019 21:00,0.0,0.0
02/10/2019 22:00,0.0,0.0
02/10/2019 23:00,0.0,0.0
03/10/2019 00:00,0.0,0.0
03/10/2019 01:00,0.0,0.0
03/10/2019 02:00,0.0,0.0
03/10/2019 03:00,0.0,0.0
03/10/2019 04:00,0.0,0.0
03/10/2019 05:00,0.0,0.0
03/10/2019 06:00,0.062,0.069
03/10/2019 07:00,0.272,0.295
03/10/2019 08:00,0.465,0.494
03/10/2019 09:00,0.603,0.636
03/10/2019 10:00,0.688,0.723
03/10/2019 11:00,0.717,0.758
03/10/2019 12:00,0.705,0.745
03/10/2019 13:00,0.647,0.685
03/10/2019 14:00,0.54,0.577
03/10/2019 15:00,0.383,0.414
03/10/2019 16:00,0.183,0.205
03/10/2019 17:00,0.013,0.016
03/10/2019 18:00,0.0,0.0
03/10/2019 19:00,0.0,0.0
03/10/2019 20:00,0.0,0.0
03/10/2019 21:00,0.0,0.0
03/10/2019 22:00,0.0,0.0
03/10/2019 23:00,0.0,0.0
04/10/2019 00:00,0.0,0.0
04/10/2019 01:00,0.0,0.0
04/10/2019 02:00,0.0,0.0
04/10/2019 03:00,0.0,0.0
04/10/2019 04:00,0.0,0.0
04/10/2019 05:00,0.0,0.0
04/10/2019 06:00,0.063,0.064
04/10/2019 07:00,0.276,0.285
04/10/2019 08:00,0.47,0.483
04/10/2019 09:00,0.605,0.622
04/10/2019 10:00,0.687,0.708
04/10/2019 11:00,0.72,0.742
04/10/2019 12:00,0.708,0.73
04/10/2019 13:00,0.649,0.671
04/10/2019 14:00,0.541,0.561
04/10/2019 15:00,0.384,0.4
04/10/2019 16:00,0.182,0.194
04/10/2019 17:00,0.012,0.014
04/10/2019 18:00,0.0,0.0
04/10/2019 19:00,0.0,0.0
04/10/2019 20:00,0.0,0.0
04/10/2019 21:00,0.0,0.0
04/10/2019 22:00,0.0,0.0
04/10/2019 23:00,0.0,0.0
05/10/2019 00:00,0.0,0.0
05/10/2019 01:00,0.0,0.0
05/10/2019 02:00,0.0,0.0
05/10/2019 03:00,0.0,0.0
05/10/2019 04:00,0.0,0.0
05/10/2019 05:00,0.0,0.0
05/10/2019 06:00,0.049,0.056
05/10/2019 07:00,0.227,0.268
05/10/2019 08:00,0.406,0.466
05/10/2019 09:00,0.533,0.6
05/10/2019 10:00,0.612,0.68
05/10/2019 11:00,0.635,0.727
05/10/2019 12:00,0.627,0.719
05/10/2019 13:00,0.581,0.661
05/10/2019 14:00,0.486,0.551
05/10/2019 15:00,0.337,0.379
05/10/2019 16:00,0.156,0.168
05/10/2019 17:00,0.01,0.011
05/10/2019 18:00,0.0,0.0
05/10/2019 19:00,0.0,0.0
05/10/2019 20:00,0.0,0.0
05/10/2019 21:00,0.0,0.0
05/10/2019 22:00,0.0,0.0
05/10/2019 23:00,0.0,0.0
06/10/2019 00:00,0.0,0.0
06/10/2019 01:00,0.0,0.0
06/10/2019 02:00,0.0,0.0
06/10/2019 03:00,0.0,0.0
06/10/2019 04:00,0.0,0.0
06/10/2019 05:00,0.0,0.0
06/10/2019 06:00,0.049,0.067
06/10/2019 07:00,0.23,0.302
06/10/2019 08:00,0.401,0.505
06/10/2019 09:00,0.528,0.648
06/10/2019 10:00,0.609,0.737
06/10/2019 11:00,0.644,0.769
06/10/2019 12:00,0.639,0.759
06/10/2019 13:00,0.584,0.702
06/10/2019 14:00,0.48,0.592
06/10/2019 15:00,0.327,0.428
06/10/2019 16:00,0.148,0.213
06/10/2019 17:00,0.009,0.014
06/10/2019 18:00,0.0,0.0
06/10/2019 19:00,0.0,0.0
06/10/2019 20:00,0.0,0.0
06/10/2019 21:00,0.0,0.0
06/10/2019 22:00,0.0,0.0
06/10/2019 23:00,0.0,0.0
07/10/2019 00:00,0.0,0.0
07/10/2019 01:00,0.0,0.0
07/10/2019 02:00,0.0,0.0
07/10/2019 03:00,0.0,0.0
07/10/2019 04:00,0.0,0.0
07/10/2019 05:00,0.0,0.0
07/10/2019 06:00,0.056,0.064
07/10/2019 07:00,0.267,0.298
07/10/2019 08:00,0.461,0.505
07/10/2019 09:00,0.596,0.645
07/10/2019 10:00,0.681,0.732
07/10/2019 11:00,0.717,0.769
07/10/2019 12:00,0.705,0.759
07/10/2019 13:00,0.647,0.701
07/10/2019 14:00,0.534,0.589
07/10/2019 15:00,0.367,0.425
07/10/2019 16:00,0.155,0.21
07/10/2019 17:00,0.009,0.013
07/10/2019 18:00,0.0,0.0
07/10/2019 19:00,0.0,0.0
07/10/2019 20:00,0.0,0.0
07/10/2019 21:00,0.0,0.0
07/10/2019 22:00,0.0,0.0
07/10/2019 23:00,0.0,0.0
08/10/2019 00:00,0.0,0.0
08/10/2019 01:00,0.0,0.0
08/10/2019 02:00,0.0,0.0
08/10/2019 03:00,0.0,0.0
08/10/2019 04:00,0.0,0.0
08/10/2019 05:00,0.0,0.0
08/10/2019 06:00,0.054,0.053
08/10/2019 07:00,0.265,0.263
08/10/2019 08:00,0.46,0.484
08/10/2019 09:00,0.598,0.628
08/10/2019 10:00,0.681,0.712
08/10/2019 11:00,0.719,0.738
08/10/2019 12:00,0.706,0.726
08/10/2019 13:00,0.648,0.677
08/10/2019 14:00,0.54,0.577
08/10/2019 15:00,0.381,0.413
08/10/2019 16:00,0.181,0.201
08/10/2019 17:00,0.01,0.012
08/10/2019 18:00,0.0,0.0
08/10/2019 19:00,0.0,0.0
08/10/2019 20:00,0.0,0.0
08/10/2019 21:00,0.0,0.0
08/10/2019 22:00,0.0,0.0
08/10/2019 23:00,0.0,0.0
09/10/2019 00:00,0.0,0.0
09/10/2019 01:00,0.0,0.0
09/10/2019 02:00,0.0,0.0
09/10/2019 03:00,0.0,0.0
09/10/2019 04:00,0.0,0.0
09/10/2019 05:00,0.0,0.0
09/10/2019 06:00,0.05,0.058
09/10/2019 07:00,0.254,0.279
09/10/2019 08:00,0.451,0.48
09/10/2019 09:00,0.59,0.618
09/10/2019 10:00,0.673,0.704
09/10/2019 11:00,0.708,0.741
09/10/2019 12:00,0.696,0.731
09/10/2019 13:00,0.637,0.674
09/10/2019 14:00,0.521,0.562
09/10/2019 15:00,0.361,0.402
09/10/2019 16:00,0.15,0.195
09/10/2019 17:00,0.007,0.011
09/10/2019 18:00,0.0,0.0
09/10/2019 19:00,0.0,0.0
09/10/2019 20:00,0.0,0.0
09/10/2019 21:00,0.0,0.0
09/10/2019 22:00,0.0,0.0
09/10/2019 23:00,0.0,0.0
10/10/2019 00:00,0.0,0.0
10/10/2019 01:00,0.0,0.0
10/10/2019 02:00,0.0,0.0
10/10/2019 03:00,0.0,0.0
10/10/2019 04:00,0.0,0.0
10/10/2019 05:00,0.0,0.0
10/10/2019 06:00,0.05,0.052
10/10/2019 07:00,0.255,0.268
10/10/2019 08:00,0.452,0.473
10/10/2019 09:00,0.59,0.612
10/10/2019 10:00,0.671,0.695
10/10/2019 11:00,0.703,0.723
10/10/2019 12:00,0.692,0.713
10/10/2019 13:00,0.633,0.655
10/10/2019 14:00,0.526,0.546
10/10/2019 15:00,0.365,0.383
10/10/2019 16:00,0.154,0.175
10/10/2019 17:00,0.007,0.008
10/10/2019 18:00,0.0,0.0
10/10/2019 19:00,0.0,0.0
10/10/2019 20:00,0.0,0.0
10/10/2019 21:00,0.0,0.0
10/10/2019 22:00,0.0,0.0
10/10/2019 23:00,0.0,0.0
11/10/2019 00:00,0.0,0.0
11/10/2019 01:00,0.0,0.0
11/10/2019 02:00,0.0,0.0
11/10/2019 03:00,0.0,0.0
11/10/2019 04:00,0.0,0.0
11/10/2019 05:00,0.0,0.0
11/10/2019 06:00,0.048,0.05
11/10/2019 07:00,0.253,0.265
11/10/2019 08:00,0.452,0.471
11/10/2019 09:00,0.592,0.609
11/10/2019 10:00,0.677,0.694
11/10/2019 11:00,0.711,0.732
11/10/2019 12:00,0.7,0.723
11/10/2019 13:00,0.642,0.665
11/10/2019 14:00,0.532,0.55
11/10/2019 15:00,0.372,0.388
11/10/2019 16:00,0.169,0.181
11/10/2019 17:00,0.008,0.008
11/10/2019 18:00,0.0,0.0
11/10/2019 19:00,0.0,0.0
11/10/2019 20:00,0.0,0.0
11/10/2019 21:00,0.0,0.0
11/10/2019 22:00,0.0,0.0
11/10/2019 23:00,0.0,0.0
12/10/2019 00:00,0.0,0.0
12/10/2019 01:00,0.0,0.0
12/10/2019 02:00,0.0,0.0
12/10/2019 03:00,0.0,0.0
12/10/2019 04:00,0.0,0.0
12/10/2019 05:00,0.0,0.0
12/10/2019 06:00,0.046,0.061
12/10/2019 07:00,0.25,0.296
12/10/2019 08:00,0.449,0.504
12/10/2019 09:00,0.589,0.646
12/10/2019 10:00,0.672,0.728
12/10/2019 11:00,0.699,0.76
12/10/2019 12:00,0.688,0.749
12/10/2019 13:00,0.63,0.692
12/10/2019 14:00,0.529,0.586
12/10/2019 15:00,0.369,0.425
12/10/2019 16:00,0.163,0.213
12/10/2019 17:00,0.006,0.01
12/10/2019 18:00,0.0,0.0
12/10/2019 19:00,0.0,0.0
12/10/2019 20:00,0.0,0.0
12/10/2019 21:00,0.0,0.0
12/10/2019 22:00,0.0,0.0
12/10/2019 23:00,0.0,0.0
13/10/2019 00:00,0.0,0.0
13/10/2019 01:00,0.0,0.0
13/10/2019 02:00,0.0,0.0
13/10/2019 03:00,0.0,0.0
13/10/2019 04:00,0.0,0.0
13/10/2019 05:00,0.0,0.0
13/10/2019 06:00,0.039,0.06
13/10/2019 07:00,0.218,0.296
13/10/2019 08:00,0.399,0.504
13/10/2019 09:00,0.541,0.647
13/10/2019 10:00,0.634,0.733
13/10/2019 11:00,0.677,0.767
13/10/2019 12:00,0.664,0.755
13/10/2019 13:00,0.594,0.697
13/10/2019 14:00,0.488,0.587
13/10/2019 15:00,0.323,0.423
13/10/2019 16:00,0.138,0.208
13/10/2019 17:00,0.006,0.009
13/10/2019 18:00,0.0,0.0
13/10/2019 19:00,0.0,0.0
13/10/2019 20:00,0.0,0.0
13/10/2019 21:00,0.0,0.0
13/10/2019 22:00,0.0,0.0
13/10/2019 23:00,0.0,0.0
14/10/2019 00:00,0.0,0.0
14/10/2019 01:00,0.0,0.0
14/10/2019 02:00,0.0,0.0
14/10/2019 03:00,0.0,0.0
14/10/2019 04:00,0.0,0.0
14/10/2019 05:00,0.0,0.0
14/10/2019 06:00,0.031,0.047
14/10/2019 07:00,0.175,0.25
14/10/2019 08:00,0.297,0.447
14/10/2019 09:00,0.381,0.571
14/10/2019 10:00,0.41,0.63
14/10/2019 11:00,0.42,0.669
14/10/2019 12:00,0.452,0.712
14/10/2019 13:00,0.43,0.652
14/10/2019 14:00,0.35,0.506
14/10/2019 15:00,0.231,0.294
14/10/2019 16:00,0.092,0.083
14/10/2019 17:00,0.004,0.002
14/10/2019 18:00,0.0,0.0
14/10/2019 19:00,0.0,0.0
14/10/2019 20:00,0.0,0.0
14/10/2019 21:00,0.0,0.0
14/10/2019 22:00,0.0,0.0
14/10/2019 23:00,0.0,0.0
15/10/2019 00:00,0.0,0.0
15/10/2019 01:00,0.0,0.0
15/10/2019 02:00,0.0,0.0
15/10/2019 03:00,0.0,0.0
15/10/2019 04:00,0.0,0.0
15/10/2019 05:00,0.0,0.0
15/10/2019 06:00,0.023,0.024
15/10/2019 07:00,0.146,0.171
15/10/2019 08:00,0.324,0.362
15/10/2019 09:00,0.494,0.51
15/10/2019 10:00,0.597,0.617
15/10/2019 11:00,0.652,0.676
15/10/2019 12:00,0.639,0.7
15/10/2019 13:00,0.566,0.643
15/10/2019 14:00,0.445,0.523
15/10/2019 15:00,0.286,0.343
15/10/2019 16:00,0.115,0.142
15/10/2019 17:00,0.004,0.005
15/10/2019 18:00,0.0,0.0
15/10/2019 19:00,0.0,0.0
15/10/2019 20:00,0.0,0.0
15/10/2019 21:00,0.0,0.0
15/10/2019 22:00,0.0,0.0
15/10/2019 23:00,0.0,0.0
16/10/2019 00:00,0.0,0.0
16/10/2019 01:00,0.0,0.0
16/10/2019 02:00,0.0,0.0
16/10/2019 03:00,0.0,0.0
16/10/2019 04:00,0.0,0.0
16/10/2019 05:00,0.0,0.0
16/10/2019 06:00,0.013,0.044
16/10/2019 07:00,0.102,0.263
16/10/2019 08:00,0.238,0.475
16/10/2019 09:00,0.385,0.624
16/10/2019 10:00,0.498,0.714
16/10/2019 11:00,0.551,0.745
16/10/2019 12:00,0.538,0.724
16/10/2019 13:00,0.471,0.67
16/10/2019 14:00,0.357,0.529
16/10/2019 15:00,0.202,0.371
16/10/2019 16:00,0.071,0.166
16/10/2019 17:00,0.001,0.005
16/10/2019 18:00,0.0,0.0
16/10/2019 19:00,0.0,0.0
16/10/2019 20:00,0.0,0.0
16/10/2019 21:00,0.0,0.0
16/10/2019 22:00,0.0,0.0
16/10/2019 23:00,0.0,0.0
17/10/2019 00:00,0.0,0.0
17/10/2019 01:00,0.0,0.0
17/10/2019 02:00,0.0,0.0
17/10/2019 03:00,0.0,0.0
17/10/2019 04:00,0.0,0.0
17/10/2019 05:00,0.0,0.0
17/10/2019 06:00,0.01,0.041
17/10/2019 07:00,0.089,0.259
17/10/2019 08:00,0.187,0.472
17/10/2019 09:00,0.292,0.619
17/10/2019 10:00,0.359,0.709
17/10/2019 11:00,0.385,0.743
17/10/2019 12:00,0.424,0.734
17/10/2019 13:00,0.41,0.676
17/10/2019 14:00,0.344,0.568
17/10/2019 15:00,0.234,0.404
17/10/2019 16:00,0.097,0.192
17/10/2019 17:00,0.003,0.006
17/10/2019 18:00,0.0,0.0
17/10/2019 19:00,0.0,0.0
17/10/2019 20:00,0.0,0.0
17/10/2019 21:00,0.0,0.0
17/10/2019 22:00,0.0,0.0
17/10/2019 23:00,0.0,0.0
18/10/2019 00:00,0.0,0.0
18/10/2019 01:00,0.0,0.0
18/10/2019 02:00,0.0,0.0
18/10/2019 03:00,0.0,0.0
18/10/2019 04:00,0.0,0.0
18/10/2019 05:00,0.0,0.0
18/10/2019 06:00,0.034,0.047
18/10/2019 07:00,0.211,0.278
18/10/2019 08:00,0.409,0.493
18/10/2019 09:00,0.563,0.639
18/10/2019 10:00,0.661,0.724
18/10/2019 11:00,0.704,0.756
18/10/2019 12:00,0.699,0.747
18/10/2019 13:00,0.643,0.689
18/10/2019 14:00,0.539,0.576
18/10/2019 15:00,0.379,0.411
18/10/2019 16:00,0.17,0.195
18/10/2019 17:00,0.005,0.005
18/10/2019 18:00,0.0,0.0
18/10/2019 19:00,0.0,0.0
18/10/2019 20:00,0.0,0.0
18/10/2019 21:00,0.0,0.0
18/10/2019 22:00,0.0,0.0
18/10/2019 23:00,0.0,0.0
19/10/2019 00:00,0.0,0.0
19/10/2019 01:00,0.0,0.0
19/10/2019 02:00,0.0,0.0
19/10/2019 03:00,0.0,0.0
19/10/2019 04:00,0.0,0.0
19/10/2019 05:00,0.0,0.0
19/10/2019 06:00,0.043,0.05
19/10/2019 07:00,0.254,0.285
19/10/2019 08:00,0.463,0.496
19/10/2019 09:00,0.609,0.638
19/10/2019 10:00,0.695,0.725
19/10/2019 11:00,0.725,0.757
19/10/2019 12:00,0.713,0.748
19/10/2019 13:00,0.654,0.69
19/10/2019 14:00,0.542,0.582
19/10/2019 15:00,0.379,0.417
19/10/2019 16:00,0.17,0.201
19/10/2019 17:00,0.005,0.005
19/10/2019 18:00,0.0,0.0
19/10/2019 19:00,0.0,0.0
19/10/2019 20:00,0.0,0.0
19/10/2019 21:00,0.0,0.0
19/10/2019 22:00,0.0,0.0
19/10/2019 23:00,0.0,0.0
20/10/2019 00:00,0.0,0.0
20/10/2019 01:00,0.0,0.0
20/10/2019 02:00,0.0,0.0
20/10/2019 03:00,0.0,0.0
20/10/2019 04:00,0.0,0.0
20/10/2019 05:00,0.0,0.0
20/10/2019 06:00,0.051,0.049
20/10/2019 07:00,0.28,0.284
20/10/2019 08:00,0.488,0.495
20/10/2019 09:00,0.629,0.64
20/10/2019 10:00,0.713,0.729
20/10/2019 11:00,0.744,0.763
20/10/2019 12:00,0.733,0.751
20/10/2019 13:00,0.675,0.69
20/10/2019 14:00,0.569,0.579
20/10/2019 15:00,0.409,0.41
20/10/2019 16:00,0.2,0.191
20/10/2019 17:00,0.006,0.004
20/10/2019 18:00,0.0,0.0
20/10/2019 19:00,0.0,0.0
20/10/2019 20:00,0.0,0.0
20/10/2019 21:00,0.0,0.0
20/10/2019 22:00,0.0,0.0
20/10/2019 23:00,0.0,0.0
21/10/2019 00:00,0.0,0.0
21/10/2019 01:00,0.0,0.0
21/10/2019 02:00,0.0,0.0
21/10/2019 03:00,0.0,0.0
21/10/2019 04:00,0.0,0.0
21/10/2019 05:00,0.0,0.0
21/10/2019 06:00,0.042,0.034
21/10/2019 07:00,0.232,0.245
21/10/2019 08:00,0.455,0.459
21/10/2019 09:00,0.616,0.607
21/10/2019 10:00,0.703,0.7
21/10/2019 11:00,0.733,0.738
21/10/2019 12:00,0.72,0.727
21/10/2019 13:00,0.658,0.666
21/10/2019 14:00,0.552,0.553
21/10/2019 15:00,0.368,0.383
21/10/2019 16:00,0.159,0.167
21/10/2019 17:00,0.004,0.003
21/10/2019 18:00,0.0,0.0
21/10/2019 19:00,0.0,0.0
21/10/2019 20:00,0.0,0.0
21/10/2019 21:00,0.0,0.0
21/10/2019 22:00,0.0,0.0
21/10/2019 23:00,0.0,0.0
22/10/2019 00:00,0.0,0.0
22/10/2019 01:00,0.0,0.0
22/10/2019 02:00,0.0,0.0
22/10/2019 03:00,0.0,0.0
22/10/2019 04:00,0.0,0.0
22/10/2019 05:00,0.0,0.0
22/10/2019 06:00,0.024,0.019
22/10/2019 07:00,0.169,0.171
22/10/2019 08:00,0.388,0.376
22/10/2019 09:00,0.564,0.535
22/10/2019 10:00,0.676,0.642
22/10/2019 11:00,0.729,0.71
22/10/2019 12:00,0.719,0.72
22/10/2019 13:00,0.66,0.659
22/10/2019 14:00,0.549,0.543
22/10/2019 15:00,0.383,0.37
22/10/2019 16:00,0.169,0.154
22/10/2019 17:00,0.003,0.002
22/10/2019 18:00,0.0,0.0
22/10/2019 19:00,0.0,0.0
22/10/2019 20:00,0.0,0.0
22/10/2019 21:00,0.0,0.0
22/10/2019 22:00,0.0,0.0
22/10/2019 23:00,0.0,0.0
23/10/2019 00:00,0.0,0.0
23/10/2019 01:00,0.0,0.0
23/10/2019 02:00,0.0,0.0
23/10/2019 03:00,0.0,0.0
23/10/2019 04:00,0.0,0.0
23/10/2019 05:00,0.0,0.0
23/10/2019 06:00,0.035,0.037
23/10/2019 07:00,0.24,0.262
23/10/2019 08:00,0.453,0.484
23/10/2019 09:00,0.606,0.639
23/10/2019 10:00,0.699,0.735
23/10/2019 11:00,0.739,0.774
23/10/2019 12:00,0.728,0.765
23/10/2019 13:00,0.668,0.706
23/10/2019 14:00,0.558,0.587
23/10/2019 15:00,0.391,0.411
23/10/2019 16:00,0.175,0.185
23/10/2019 17:00,0.003,0.003
23/10/2019 18:00,0.0,0.0
23/10/2019 19:00,0.0,0.0
23/10/2019 20:00,0.0,0.0
23/10/2019 21:00,0.0,0.0
23/10/2019 22:00,0.0,0.0
23/10/2019 23:00,0.0,0.0
24/10/2019 00:00,0.0,0.0
24/10/2019 01:00,0.0,0.0
24/10/2019 02:00,0.0,0.0
24/10/2019 03:00,0.0,0.0
24/10/2019 04:00,0.0,0.0
24/10/2019 05:00,0.0,0.0
24/10/2019 06:00,0.046,0.044
24/10/2019 07:00,0.28,0.285
24/10/2019 08:00,0.497,0.508
24/10/2019 09:00,0.647,0.665
24/10/2019 10:00,0.739,0.76
24/10/2019 11:00,0.777,0.793
24/10/2019 12:00,0.768,0.783
24/10/2019 13:00,0.712,0.722
24/10/2019 14:00,0.603,0.607
24/10/2019 15:00,0.439,0.433
24/10/2019 16:00,0.221,0.204
24/10/2019 17:00,0.005,0.003
24/10/2019 18:00,0.0,0.0
24/10/2019 19:00,0.0,0.0
24/10/2019 20:00,0.0,0.0
24/10/2019 21:00,0.0,0.0
24/10/2019 22:00,0.0,0.0
24/10/2019 23:00,0.0,0.0
25/10/2019 00:00,0.0,0.0
25/10/2019 01:00,0.0,0.0
25/10/2019 02:00,0.0,0.0
25/10/2019 03:00,0.0,0.0
25/10/2019 04:00,0.0,0.0
25/10/2019 05:00,0.0,0.0
25/10/2019 06:00,0.049,0.037
25/10/2019 07:00,0.288,0.27
25/10/2019 08:00,0.506,0.496
25/10/2019 09:00,0.655,0.652
25/10/2019 10:00,0.746,0.748
25/10/2019 11:00,0.784,0.79
25/10/2019 12:00,0.774,0.779
25/10/2019 13:00,0.714,0.716
25/10/2019 14:00,0.599,0.596
25/10/2019 15:00,0.43,0.422
25/10/2019 16:00,0.209,0.192
25/10/2019 17:00,0.004,0.002
25/10/2019 18:00,0.0,0.0
25/10/2019 19:00,0.0,0.0
25/10/2019 20:00,0.0,0.0
25/10/2019 21:00,0.0,0.0
25/10/2019 22:00,0.0,0.0
25/10/2019 23:00,0.0,0.0
26/10/2019 00:00,0.0,0.0
26/10/2019 01:00,0.0,0.0
26/10/2019 02:00,0.0,0.0
26/10/2019 03:00,0.0,0.0
26/10/2019 04:00,0.0,0.0
26/10/2019 05:00,0.0,0.0
26/10/2019 06:00,0.049,0.028
26/10/2019 07:00,0.289,0.226
26/10/2019 08:00,0.505,0.439
26/10/2019 09:00,0.652,0.631
26/10/2019 10:00,0.743,0.721
26/10/2019 11:00,0.777,0.76
26/10/2019 12:00,0.765,0.746
26/10/2019 13:00,0.705,0.686
26/10/2019 14:00,0.593,0.569
26/10/2019 15:00,0.423,0.388
26/10/2019 16:00,0.199,0.153
26/10/2019 17:00,0.003,0.001
26/10/2019 18:00,0.0,0.0
26/10/2019 19:00,0.0,0.0
26/10/2019 20:00,0.0,0.0
26/10/2019 21:00,0.0,0.0
26/10/2019 22:00,0.0,0.0
26/10/2019 23:00,0.0,0.0
27/10/2019 00:00,0.0,0.0
27/10/2019 01:00,0.0,0.0
27/10/2019 02:00,0.0,0.0
27/10/2019 03:00,0.0,0.0
27/10/2019 04:00,0.0,0.0
27/10/2019 05:00,0.0,0.0
27/10/2019 06:00,0.038,0.031
27/10/2019 07:00,0.262,0.251
27/10/2019 08:00,0.482,0.498
27/10/2019 09:00,0.636,0.654
27/10/2019 10:00,0.73,0.747
27/10/2019 11:00,0.771,0.781
27/10/2019 12:00,0.762,0.769
27/10/2019 13:00,0.704,0.709
27/10/2019 14:00,0.595,0.591
27/10/2019 15:00,0.43,0.417
27/10/2019 16:00,0.212,0.184
27/10/2019 17:00,0.003,0.001
27/10/2019 18:00,0.0,0.0
27/10/2019 19:00,0.0,0.0
27/10/2019 20:00,0.0,0.0
27/10/2019 21:00,0.0,0.0
27/10/2019 22:00,0.0,0.0
27/10/2019 23:00,0.0,0.0
28/10/2019 00:00,0.0,0.0
28/10/2019 01:00,0.0,0.0
28/10/2019 02:00,0.0,0.0
28/10/2019 03:00,0.0,0.0
28/10/2019 04:00,0.0,0.0
28/10/2019 05:00,0.0,0.0
28/10/2019 06:00,0.043,0.037
28/10/2019 07:00,0.273,0.272
28/10/2019 08:00,0.488,0.499
28/10/2019 09:00,0.637,0.658
28/10/2019 10:00,0.727,0.754
28/10/2019 11:00,0.764,0.792
28/10/2019 12:00,0.753,0.783
28/10/2019 13:00,0.694,0.725
28/10/2019 14:00,0.593,0.619
28/10/2019 15:00,0.425,0.452
28/10/2019 16:00,0.203,0.231
28/10/2019 17:00,0.003,0.002
28/10/2019 18:00,0.0,0.0
28/10/2019 19:00,0.0,0.0
28/10/2019 20:00,0.0,0.0
28/10/2019 21:00,0.0,0.0
28/10/2019 22:00,0.0,0.0
28/10/2019 23:00,0.0,0.0
29/10/2019 00:00,0.0,0.0
29/10/2019 01:00,0.0,0.0
29/10/2019 02:00,0.0,0.0
29/10/2019 03:00,0.0,0.0
29/10/2019 04:00,0.0,0.0
29/10/2019 05:00,0.0,0.0
29/10/2019 06:00,0.036,0.016
29/10/2019 07:00,0.272,0.122
29/10/2019 08:00,0.505,0.312
29/10/2019 09:00,0.653,0.409
29/10/2019 10:00,0.744,0.495
29/10/2019 11:00,0.781,0.525
29/10/2019 12:00,0.771,0.549
29/10/2019 13:00,0.713,0.575
29/10/2019 14:00,0.604,0.515
29/10/2019 15:00,0.441,0.399
29/10/2019 16:00,0.225,0.203
29/10/2019 17:00,0.004,0.002
29/10/2019 18:00,0.0,0.0
29/10/2019 19:00,0.0,0.0
29/10/2019 20:00,0.0,0.0
29/10/2019 21:00,0.0,0.0
29/10/2019 22:00,0.0,0.0
29/10/2019 23:00,0.0,0.0
30/10/2019 00:00,0.0,0.0
30/10/2019 01:00,0.0,0.0
30/10/2019 02:00,0.0,0.0
30/10/2019 03:00,0.0,0.0
30/10/2019 04:00,0.0,0.0
30/10/2019 05:00,0.0,0.0
30/10/2019 06:00,0.05,0.024
30/10/2019 07:00,0.301,0.202
30/10/2019 08:00,0.522,0.447
30/10/2019 09:00,0.671,0.64
30/10/2019 10:00,0.761,0.75
30/10/2019 11:00,0.798,0.797
30/10/2019 12:00,0.786,0.791
30/10/2019 13:00,0.726,0.731
30/10/2019 14:00,0.613,0.619
30/10/2019 15:00,0.446,0.449
30/10/2019 16:00,0.224,0.225
30/10/2019 17:00,0.003,0.002
30/10/2019 18:00,0.0,0.0
30/10/2019 19:00,0.0,0.0
30/10/2019 20:00,0.0,0.0
30/10/2019 21:00,0.0,0.0
30/10/2019 22:00,0.0,0.0
30/10/2019 23:00,0.0,0.0
31/10/2019 00:00,0.0,0.0
31/10/2019 01:00,0.0,0.0
31/10/2019 02:00,0.0,0.0
31/10/2019 03:00,0.0,0.0
31/10/2019 04:00,0.0,0.0
31/10/2019 05:00,0.0,0.0
31/10/2019 06:00,0.047,0.022
31/10/2019 07:00,0.293,0.216
31/10/2019 08:00,0.515,0.494
31/10/2019 09:00,0.663,0.653
31/10/2019 10:00,0.752,0.747
31/10/2019 11:00,0.787,0.783
31/10/2019 12:00,0.776,0.771
31/10/2019 13:00,0.716,0.711
31/10/2019 14:00,0.606,0.597
31/10/2019 15:00,0.438,0.425
31/10/2019 16:00,0.217,0.198
31/10/2019 17:00,0.002,0.001
31/10/2019 18:00,0.0,0.0
31/10/2019 19:00,0.0,0.0
31/10/2019 20:00,0.0,0.0
31/10/2019 21:00,0.0,0.0
31/10/2019 22:00,0.0,0.0
31/10/2019 23:00,0.0,0.0
01/11/2019 00:00,0.0,0.0
01/11/2019 01:00,0.0,0.0
01/11/2019 02:00,0.0,0.0
01/11/2019 03:00,0.0,0.0
01/11/2019 04:00,0.0,0.0
01/11/2019 05:00,0.0,0.0
01/11/2019 06:00,0.039,0.018
01/11/2019 07:00,0.274,0.211
01/11/2019 08:00,0.497,0.495
01/11/2019 09:00,0.648,0.657
01/11/2019 10:00,0.738,0.751
01/11/2019 11:00,0.778,0.79
01/11/2019 12:00,0.767,0.776
01/11/2019 13:00,0.709,0.703
01/11/2019 14:00,0.595,0.573
01/11/2019 15:00,0.43,0.411
01/11/2019 16:00,0.209,0.206
01/11/2019 17:00,0.002,0.001
01/11/2019 18:00,0.0,0.0
01/11/2019 19:00,0.0,0.0
01/11/2019 20:00,0.0,0.0
01/11/2019 21:00,0.0,0.0
01/11/2019 22:00,0.0,0.0
01/11/2019 23:00,0.0,0.0
02/11/2019 00:00,0.0,0.0
02/11/2019 01:00,0.0,0.0
02/11/2019 02:00,0.0,0.0
02/11/2019 03:00,0.0,0.0
02/11/2019 04:00,0.0,0.0
02/11/2019 05:00,0.0,0.0
02/11/2019 06:00,0.041,0.029
02/11/2019 07:00,0.282,0.262
02/11/2019 08:00,0.506,0.493
02/11/2019 09:00,0.656,0.646
02/11/2019 10:00,0.742,0.739
02/11/2019 11:00,0.774,0.776
02/11/2019 12:00,0.762,0.767
02/11/2019 13:00,0.703,0.708
02/11/2019 14:00,0.595,0.601
02/11/2019 15:00,0.428,0.43
02/11/2019 16:00,0.208,0.194
02/11/2019 17:00,0.002,0.001
02/11/2019 18:00,0.0,0.0
02/11/2019 19:00,0.0,0.0
02/11/2019 20:00,0.0,0.0
02/11/2019 21:00,0.0,0.0
02/11/2019 22:00,0.0,0.0
02/11/2019 23:00,0.0,0.0
03/11/2019 00:00,0.0,0.0
03/11/2019 01:00,0.0,0.0
03/11/2019 02:00,0.0,0.0
03/11/2019 03:00,0.0,0.0
03/11/2019 04:00,0.0,0.0
03/11/2019 05:00,0.0,0.0
03/11/2019 06:00,0.031,0.025
03/11/2019 07:00,0.255,0.25
03/11/2019 08:00,0.482,0.481
03/11/2019 09:00,0.634,0.635
03/11/2019 10:00,0.721,0.73
03/11/2019 11:00,0.76,0.772
03/11/2019 12:00,0.751,0.764
03/11/2019 13:00,0.693,0.705
03/11/2019 14:00,0.59,0.593
03/11/2019 15:00,0.42,0.421
03/11/2019 16:00,0.183,0.193
03/11/2019 17:00,0.001,0.0
03/11/2019 18:00,0.0,0.0
03/11/2019 19:00,0.0,0.0
03/11/2019 20:00,0.0,0.0
03/11/2019 21:00,0.0,0.0
03/11/2019 22:00,0.0,0.0
03/11/2019 23:00,0.0,0.0
04/11/2019 00:00,0.0,0.0
04/11/2019 01:00,0.0,0.0
04/11/2019 02:00,0.0,0.0
04/11/2019 03:00,0.0,0.0
04/11/2019 04:00,0.0,0.0
04/11/2019 05:00,0.0,0.0
04/11/2019 06:00,0.029,0.029
04/11/2019 07:00,0.27,0.271
04/11/2019 08:00,0.5,0.501
04/11/2019 09:00,0.65,0.652
04/11/2019 10:00,0.738,0.745
04/11/2019 11:00,0.768,0.784
04/11/2019 12:00,0.758,0.776
04/11/2019 13:00,0.7,0.718
04/11/2019 14:00,0.59,0.609
04/11/2019 15:00,0.423,0.443
04/11/2019 16:00,0.2,0.223
04/11/2019 17:00,0.001,0.001
04/11/2019 18:00,0.0,0.0
04/11/2019 19:00,0.0,0.0
04/11/2019 20:00,0.0,0.0
04/11/2019 21:00,0.0,0.0
04/11/2019 22:00,0.0,0.0
04/11/2019 23:00,0.0,0.0
05/11/2019 00:00,0.0,0.0
05/11/2019 01:00,0.0,0.0
05/11/2019 02:00,0.0,0.0
05/11/2019 03:00,0.0,0.0
05/11/2019 04:00,0.0,0.0
05/11/2019 05:00,0.0,0.0
05/11/2019 06:00,0.021,0.013
05/11/2019 07:00,0.194,0.089
05/11/2019 08:00,0.439,0.191
05/11/2019 09:00,0.515,0.318
05/11/2019 10:00,0.508,0.542
05/11/2019 11:00,0.557,0.768
05/11/2019 12:00,0.563,0.759
05/11/2019 13:00,0.514,0.655
05/11/2019 14:00,0.414,0.496
05/11/2019 15:00,0.263,0.339
05/11/2019 16:00,0.097,0.164
05/11/2019 17:00,0.0,0.0
05/11/2019 18:00,0.0,0.0
05/11/2019 19:00,0.0,0.0
05/11/2019 20:00,0.0,0.0
05/11/2019 21:00,0.0,0.0
05/11/2019 22:00,0.0,0.0
05/11/2019 23:00,0.0,0.0
06/11/2019 00:00,0.0,0.0
06/11/2019 01:00,0.0,0.0
06/11/2019 02:00,0.0,0.0
06/11/2019 03:00,0.0,0.0
06/11/2019 04:00,0.0,0.0
06/11/2019 05:00,0.0,0.0
06/11/2019 06:00,0.013,0.017
06/11/2019 07:00,0.138,0.219
06/11/2019 08:00,0.365,0.483
06/11/2019 09:00,0.583,0.643
06/11/2019 10:00,0.698,0.738
06/11/2019 11:00,0.743,0.771
06/11/2019 12:00,0.74,0.762
06/11/2019 13:00,0.68,0.703
06/11/2019 14:00,0.574,0.59
06/11/2019 15:00,0.404,0.414
06/11/2019 16:00,0.182,0.182
06/11/2019 17:00,0.0,0.001
06/11/2019 18:00,0.0,0.0
06/11/2019 19:00,0.0,0.0
06/11/2019 20:00,0.0,0.0
06/11/2019 21:00,0.0,0.0
06/11/2019 22:00,0.0,0.0
06/11/2019 23:00,0.0,0.0
07/11/2019 00:00,0.0,0.0
07/11/2019 01:00,0.0,0.0
07/11/2019 02:00,0.0,0.0
07/11/2019 03:00,0.0,0.0
07/11/2019 04:00,0.0,0.0
07/11/2019 05:00,0.0,0.0
07/11/2019 06:00,0.028,0.016
07/11/2019 07:00,0.252,0.225
07/11/2019 08:00,0.484,0.463
07/11/2019 09:00,0.638,0.623
07/11/2019 10:00,0.727,0.722
07/11/2019 11:00,0.762,0.761
07/11/2019 12:00,0.753,0.751
07/11/2019 13:00,0.696,0.689
07/11/2019 14:00,0.588,0.576
07/11/2019 15:00,0.422,0.396
07/11/2019 16:00,0.2,0.163
07/11/2019 17:00,0.001,0.0
07/11/2019 18:00,0.0,0.0
07/11/2019 19:00,0.0,0.0
07/11/2019 20:00,0.0,0.0
07/11/2019 21:00,0.0,0.0
07/11/2019 22:00,0.0,0.0
07/11/2019 23:00,0.0,0.0
08/11/2019 00:00,0.0,0.0
08/11/2019 01:00,0.0,0.0
08/11/2019 02:00,0.0,0.0
08/11/2019 03:00,0.0,0.0
08/11/2019 04:00,0.0,0.0
08/11/2019 05:00,0.0,0.0
08/11/2019 06:00,0.022,0.008
08/11/2019 07:00,0.207,0.204
08/11/2019 08:00,0.446,0.461
08/11/2019 09:00,0.591,0.603
08/11/2019 10:00,0.678,0.684
08/11/2019 11:00,0.598,0.695
08/11/2019 12:00,0.686,0.68
08/11/2019 13:00,0.68,0.563
08/11/2019 14:00,0.526,0.419
08/11/2019 15:00,0.302,0.25
08/11/2019 16:00,0.077,0.11
08/11/2019 17:00,0.0,0.0
08/11/2019 18:00,0.0,0.0
08/11/2019 19:00,0.0,0.0
08/11/2019 20:00,0.0,0.0
08/11/2019 21:00,0.0,0.0
08/11/2019 22:00,0.0,0.0
08/11/2019 23:00,0.0,0.0
09/11/2019 00:00,0.0,0.0
09/11/2019 01:00,0.0,0.0
09/11/2019 02:00,0.0,0.0
09/11/2019 03:00,0.0,0.0
09/11/2019 04:00,0.0,0.0
09/11/2019 05:00,0.0,0.0
09/11/2019 06:00,0.026,0.014
09/11/2019 07:00,0.247,0.22
09/11/2019 08:00,0.478,0.458
09/11/2019 09:00,0.632,0.618
09/11/2019 10:00,0.724,0.715
09/11/2019 11:00,0.754,0.746
09/11/2019 12:00,0.743,0.736
09/11/2019 13:00,0.682,0.673
09/11/2019 14:00,0.571,0.557
09/11/2019 15:00,0.396,0.376
09/11/2019 16:00,0.168,0.147
09/11/2019 17:00,0.0,0.0
09/11/2019 18:00,0.0,0.0
09/11/2019 19:00,0.0,0.0
09/11/2019 20:00,0.0,0.0
09/11/2019 21:00,0.0,0.0
09/11/2019 22:00,0.0,0.0
09/11/2019 23:00,0.0,0.0
10/11/2019 00:00,0.0,0.0
10/11/2019 01:00,0.0,0.0
10/11/2019 02:00,0.0,0.0
10/11/2019 03:00,0.0,0.0
10/11/2019 04:00,0.0,0.0
10/11/2019 05:00,0.0,0.0
10/11/2019 06:00,0.021,0.011
10/11/2019 07:00,0.228,0.2
10/11/2019 08:00,0.454,0.441
10/11/2019 09:00,0.607,0.602
10/11/2019 10:00,0.697,0.699
10/11/2019 11:00,0.738,0.725
10/11/2019 12:00,0.727,0.702
10/11/2019 13:00,0.667,0.641
10/11/2019 14:00,0.547,0.522
10/11/2019 15:00,0.349,0.289
10/11/2019 16:00,0.097,0.09
10/11/2019 17:00,0.0,0.0
10/11/2019 18:00,0.0,0.0
10/11/2019 19:00,0.0,0.0
10/11/2019 20:00,0.0,0.0
10/11/2019 21:00,0.0,0.0
10/11/2019 22:00,0.0,0.0
10/11/2019 23:00,0.0,0.0
11/11/2019 00:00,0.0,0.0
11/11/2019 01:00,0.0,0.0
11/11/2019 02:00,0.0,0.0
11/11/2019 03:00,0.0,0.0
11/11/2019 04:00,0.0,0.0
11/11/2019 05:00,0.0,0.0
11/11/2019 06:00,0.018,0.012
11/11/2019 07:00,0.216,0.22
11/11/2019 08:00,0.443,0.453
11/11/2019 09:00,0.599,0.606
11/11/2019 10:00,0.693,0.698
11/11/2019 11:00,0.73,0.726
11/11/2019 12:00,0.72,0.718
11/11/2019 13:00,0.654,0.658
11/11/2019 14:00,0.537,0.528
11/11/2019 15:00,0.343,0.346
11/11/2019 16:00,0.136,0.135
11/11/2019 17:00,0.0,0.0
11/11/2019 18:00,0.0,0.0
11/11/2019 19:00,0.0,0.0
11/11/2019 20:00,0.0,0.0
11/11/2019 21:00,0.0,0.0
11/11/2019 22:00,0.0,0.0
11/11/2019 23:00,0.0,0.0
12/11/2019 00:00,0.0,0.0
12/11/2019 01:00,0.0,0.0
12/11/2019 02:00,0.0,0.0
12/11/2019 03:00,0.0,0.0
12/11/2019 04:00,0.0,0.0
12/11/2019 05:00,0.0,0.0
12/11/2019 06:00,0.019,0.012
12/11/2019 07:00,0.222,0.222
12/11/2019 08:00,0.445,0.452
12/11/2019 09:00,0.598,0.608
12/11/2019 10:00,0.69,0.702
12/11/2019 11:00,0.729,0.741
12/11/2019 12:00,0.719,0.733
12/11/2019 13:00,0.659,0.674
12/11/2019 14:00,0.548,0.561
12/11/2019 15:00,0.375,0.386
12/11/2019 16:00,0.135,0.138
12/11/2019 17:00,0.0,0.0
12/11/2019 18:00,0.0,0.0
12/11/2019 19:00,0.0,0.0
12/11/2019 20:00,0.0,0.0
12/11/2019 21:00,0.0,0.0
12/11/2019 22:00,0.0,0.0
12/11/2019 23:00,0.0,0.0
13/11/2019 00:00,0.0,0.0
13/11/2019 01:00,0.0,0.0
13/11/2019 02:00,0.0,0.0
13/11/2019 03:00,0.0,0.0
13/11/2019 04:00,0.0,0.0
13/11/2019 05:00,0.0,0.0
13/11/2019 06:00,0.014,0.011
13/11/2019 07:00,0.199,0.213
13/11/2019 08:00,0.419,0.444
13/11/2019 09:00,0.574,0.6
13/11/2019 10:00,0.662,0.696
13/11/2019 11:00,0.689,0.735
13/11/2019 12:00,0.668,0.723
13/11/2019 13:00,0.618,0.615
13/11/2019 14:00,0.486,0.47
13/11/2019 15:00,0.307,0.296
13/11/2019 16:00,0.083,0.11
13/11/2019 17:00,0.0,0.0
13/11/2019 18:00,0.0,0.0
13/11/2019 19:00,0.0,0.0
13/11/2019 20:00,0.0,0.0
13/11/2019 21:00,0.0,0.0
13/11/2019 22:00,0.0,0.0
13/11/2019 23:00,0.0,0.0
14/11/2019 00:00,0.0,0.0
14/11/2019 01:00,0.0,0.0
14/11/2019 02:00,0.0,0.0
14/11/2019 03:00,0.0,0.0
14/11/2019 04:00,0.0,0.0
14/11/2019 05:00,0.0,0.0
14/11/2019 06:00,0.015,0.009
14/11/2019 07:00,0.202,0.205
14/11/2019 08:00,0.422,0.436
14/11/2019 09:00,0.579,0.593
14/11/2019 10:00,0.674,0.688
14/11/2019 11:00,0.714,0.726
14/11/2019 12:00,0.706,0.711
14/11/2019 13:00,0.649,0.647
14/11/2019 14:00,0.538,0.517
14/11/2019 15:00,0.371,0.336
14/11/2019 16:00,0.153,0.135
14/11/2019 17:00,0.009,0.0
14/11/2019 18:00,0.0,0.0
14/11/2019 19:00,0.0,0.0
14/11/2019 20:00,0.0,0.0
14/11/2019 21:00,0.0,0.0
14/11/2019 22:00,0.0,0.0
14/11/2019 23:00,0.0,0.0
15/11/2019 00:00,0.0,0.0
15/11/2019 01:00,0.0,0.0
15/11/2019 02:00,0.0,0.0
15/11/2019 03:00,0.0,0.0
15/11/2019 04:00,0.0,0.0
15/11/2019 05:00,0.0,0.0
15/11/2019 06:00,0.011,0.006
15/11/2019 07:00,0.183,0.177
15/11/2019 08:00,0.411,0.431
15/11/2019 09:00,0.577,0.609
15/11/2019 10:00,0.673,0.715
15/11/2019 11:00,0.717,0.764
15/11/2019 12:00,0.708,0.747
15/11/2019 13:00,0.647,0.698
15/11/2019 14:00,0.554,0.587
15/11/2019 15:00,0.37,0.408
15/11/2019 16:00,0.128,0.172
15/11/2019 17:00,0.0,0.0
15/11/2019 18:00,0.0,0.0
15/11/2019 19:00,0.0,0.0
15/11/2019 20:00,0.0,0.0
15/11/2019 21:00,0.0,0.0
15/11/2019 22:00,0.0,0.0
15/11/2019 23:00,0.0,0.0
16/11/2019 00:00,0.0,0.0
16/11/2019 01:00,0.0,0.0
16/11/2019 02:00,0.0,0.0
16/11/2019 03:00,0.0,0.0
16/11/2019 04:00,0.0,0.0
16/11/2019 05:00,0.0,0.0
16/11/2019 06:00,0.023,0.011
16/11/2019 07:00,0.264,0.216
16/11/2019 08:00,0.5,0.506
16/11/2019 09:00,0.657,0.668
16/11/2019 10:00,0.75,0.76
16/11/2019 11:00,0.781,0.79
16/11/2019 12:00,0.769,0.777
16/11/2019 13:00,0.71,0.715
16/11/2019 14:00,0.595,0.6
16/11/2019 15:00,0.421,0.425
16/11/2019 16:00,0.188,0.199
16/11/2019 17:00,0.0,0.0
16/11/2019 18:00,0.0,0.0
16/11/2019 19:00,0.0,0.0
16/11/2019 20:00,0.0,0.0
16/11/2019 21:00,0.0,0.0
16/11/2019 22:00,0.0,0.0
16/11/2019 23:00,0.0,0.0
17/11/2019 00:00,0.0,0.0
17/11/2019 01:00,0.0,0.0
17/11/2019 02:00,0.0,0.0
17/11/2019 03:00,0.0,0.0
17/11/2019 04:00,0.0,0.0
17/11/2019 05:00,0.0,0.0
17/11/2019 06:00,0.023,0.009
17/11/2019 07:00,0.265,0.173
17/11/2019 08:00,0.501,0.353
17/11/2019 09:00,0.656,0.541
17/11/2019 10:00,0.75,0.617
17/11/2019 11:00,0.789,0.673
17/11/2019 12:00,0.78,0.743
17/11/2019 13:00,0.721,0.651
17/11/2019 14:00,0.598,0.321
17/11/2019 15:00,0.378,0.129
17/11/2019 16:00,0.126,0.061
17/11/2019 17:00,0.0,0.0
17/11/2019 18:00,0.0,0.0
17/11/2019 19:00,0.0,0.0
17/11/2019 20:00,0.0,0.0
17/11/2019 21:00,0.0,0.0
17/11/2019 22:00,0.0,0.0
17/11/2019 23:00,0.0,0.0
18/11/2019 00:00,0.0,0.0
18/11/2019 01:00,0.0,0.0
18/11/2019 02:00,0.0,0.0
18/11/2019 03:00,0.0,0.0
18/11/2019 04:00,0.0,0.0
18/11/2019 05:00,0.0,0.0
18/11/2019 06:00,0.005,0.006
18/11/2019 07:00,0.09,0.187
18/11/2019 08:00,0.252,0.423
18/11/2019 09:00,0.499,0.6
18/11/2019 10:00,0.702,0.701
18/11/2019 11:00,0.759,0.75
18/11/2019 12:00,0.749,0.74
18/11/2019 13:00,0.689,0.677
18/11/2019 14:00,0.579,0.517
18/11/2019 15:00,0.407,0.339
18/11/2019 16:00,0.179,0.103
18/11/2019 17:00,0.0,0.0
18/11/2019 18:00,0.0,0.0
18/11/2019 19:00,0.0,0.0
18/11/2019 20:00,0.0,0.0
18/11/2019 21:00,0.0,0.0
18/11/2019 22:00,0.0,0.0
18/11/2019 23:00,0.0,0.0
19/11/2019 00:00,0.0,0.0
19/11/2019 01:00,0.0,0.0
19/11/2019 02:00,0.0,0.0
19/11/2019 03:00,0.0,0.0
19/11/2019 04:00,0.0,0.0
19/11/2019 05:00,0.0,0.0
19/11/2019 06:00,0.016,0.007
19/11/2019 07:00,0.235,0.214
19/11/2019 08:00,0.467,0.456
19/11/2019 09:00,0.625,0.621
19/11/2019 10:00,0.719,0.721
19/11/2019 11:00,0.759,0.758
19/11/2019 12:00,0.751,0.749
19/11/2019 13:00,0.693,0.689
19/11/2019 14:00,0.579,0.579
19/11/2019 15:00,0.41,0.402
19/11/2019 16:00,0.185,0.17
19/11/2019 17:00,0.0,0.0
19/11/2019 18:00,0.0,0.0
19/11/2019 19:00,0.0,0.0
19/11/2019 20:00,0.0,0.0
19/11/2019 21:00,0.0,0.0
19/11/2019 22:00,0.0,0.0
19/11/2019 23:00,0.0,0.0
20/11/2019 00:00,0.0,0.0
20/11/2019 01:00,0.0,0.0
20/11/2019 02:00,0.0,0.0
20/11/2019 03:00,0.0,0.0
20/11/2019 04:00,0.0,0.0
20/11/2019 05:00,0.0,0.0
20/11/2019 06:00,0.018,0.008
20/11/2019 07:00,0.247,0.229
20/11/2019 08:00,0.483,0.478
20/11/2019 09:00,0.638,0.642
20/11/2019 10:00,0.73,0.742
20/11/2019 11:00,0.765,0.782
20/11/2019 12:00,0.755,0.774
20/11/2019 13:00,0.695,0.716
20/11/2019 14:00,0.584,0.606
20/11/2019 15:00,0.41,0.433
20/11/2019 16:00,0.178,0.199
20/11/2019 17:00,0.0,0.0
20/11/2019 18:00,0.0,0.0
20/11/2019 19:00,0.0,0.0
20/11/2019 20:00,0.0,0.0
20/11/2019 21:00,0.0,0.0
20/11/2019 22:00,0.0,0.0
20/11/2019 23:00,0.0,0.0
21/11/2019 00:00,0.0,0.0
21/11/2019 01:00,0.0,0.0
21/11/2019 02:00,0.0,0.0
21/11/2019 03:00,0.0,0.0
21/11/2019 04:00,0.0,0.0
21/11/2019 05:00,0.0,0.0
21/11/2019 06:00,0.019,0.01
21/11/2019 07:00,0.266,0.26
21/11/2019 08:00,0.507,0.505
21/11/2019 09:00,0.662,0.663
21/11/2019 10:00,0.755,0.733
21/11/2019 11:00,0.783,0.772
21/11/2019 12:00,0.77,0.708
21/11/2019 13:00,0.644,0.696
21/11/2019 14:00,0.553,0.588
21/11/2019 15:00,0.405,0.359
21/11/2019 16:00,0.195,0.093
21/11/2019 17:00,0.0,0.0
21/11/2019 18:00,0.0,0.0
21/11/2019 19:00,0.0,0.0
21/11/2019 20:00,0.0,0.0
21/11/2019 21:00,0.0,0.0
21/11/2019 22:00,0.0,0.0
21/11/2019 23:00,0.0,0.0
22/11/2019 00:00,0.0,0.0
22/11/2019 01:00,0.0,0.0
22/11/2019 02:00,0.0,0.0
22/11/2019 03:00,0.0,0.0
22/11/2019 04:00,0.0,0.0
22/11/2019 05:00,0.0,0.0
22/11/2019 06:00,0.009,0.005
22/11/2019 07:00,0.15,0.192
22/11/2019 08:00,0.316,0.439
22/11/2019 09:00,0.363,0.63
22/11/2019 10:00,0.635,0.729
22/11/2019 11:00,0.734,0.773
22/11/2019 12:00,0.725,0.765
22/11/2019 13:00,0.68,0.704
22/11/2019 14:00,0.577,0.605
22/11/2019 15:00,0.402,0.427
22/11/2019 16:00,0.169,0.18
22/11/2019 17:00,0.0,0.0
22/11/2019 18:00,0.0,0.0
22/11/2019 19:00,0.0,0.0
22/11/2019 20:00,0.0,0.0
22/11/2019 21:00,0.0,0.0
22/11/2019 22:00,0.0,0.0
22/11/2019 23:00,0.0,0.0
23/11/2019 00:00,0.0,0.0
23/11/2019 01:00,0.0,0.0
23/11/2019 02:00,0.0,0.0
23/11/2019 03:00,0.0,0.0
23/11/2019 04:00,0.0,0.0
23/11/2019 05:00,0.0,0.0
23/11/2019 06:00,0.014,0.007
23/11/2019 07:00,0.241,0.249
23/11/2019 08:00,0.487,0.501
23/11/2019 09:00,0.649,0.661
23/11/2019 10:00,0.741,0.758
23/11/2019 11:00,0.769,0.793
23/11/2019 12:00,0.759,0.746
23/11/2019 13:00,0.697,0.68
23/11/2019 14:00,0.58,0.603
23/11/2019 15:00,0.4,0.423
23/11/2019 16:00,0.161,0.177
23/11/2019 17:00,0.0,0.0
23/11/2019 18:00,0.0,0.0
23/11/2019 19:00,0.0,0.0
23/11/2019 20:00,0.0,0.0
23/11/2019 21:00,0.0,0.0
23/11/2019 22:00,0.0,0.0
23/11/2019 23:00,0.0,0.0
24/11/2019 00:00,0.0,0.0
24/11/2019 01:00,0.0,0.0
24/11/2019 02:00,0.0,0.0
24/11/2019 03:00,0.0,0.0
24/11/2019 04:00,0.0,0.0
24/11/2019 05:00,0.0,0.0
24/11/2019 06:00,0.017,0.006
24/11/2019 07:00,0.262,0.242
24/11/2019 08:00,0.502,0.496
24/11/2019 09:00,0.658,0.659
24/11/2019 10:00,0.748,0.752
24/11/2019 11:00,0.787,0.788
24/11/2019 12:00,0.778,0.774
24/11/2019 13:00,0.719,0.708
24/11/2019 14:00,0.6,0.586
24/11/2019 15:00,0.424,0.394
24/11/2019 16:00,0.187,0.142
24/11/2019 17:00,0.0,0.0
24/11/2019 18:00,0.0,0.0
24/11/2019 19:00,0.0,0.0
24/11/2019 20:00,0.0,0.0
24/11/2019 21:00,0.0,0.0
24/11/2019 22:00,0.0,0.0
24/11/2019 23:00,0.0,0.0
25/11/2019 00:00,0.0,0.0
25/11/2019 01:00,0.0,0.0
25/11/2019 02:00,0.0,0.0
25/11/2019 03:00,0.0,0.0
25/11/2019 04:00,0.0,0.0
25/11/2019 05:00,0.0,0.0
25/11/2019 06:00,0.012,0.004
25/11/2019 07:00,0.231,0.207
25/11/2019 08:00,0.474,0.459
25/11/2019 09:00,0.635,0.625
25/11/2019 10:00,0.722,0.715
25/11/2019 11:00,0.752,0.759
25/11/2019 12:00,0.74,0.743
25/11/2019 13:00,0.679,0.674
25/11/2019 14:00,0.573,0.565
25/11/2019 15:00,0.402,0.373
25/11/2019 16:00,0.172,0.127
25/11/2019 17:00,0.0,0.0
25/11/2019 18:00,0.0,0.0
25/11/2019 19:00,0.0,0.0
25/11/2019 20:00,0.0,0.0
25/11/2019 21:00,0.0,0.0
25/11/2019 22:00,0.0,0.0
25/11/2019 23:00,0.0,0.0
26/11/2019 00:00,0.0,0.0
26/11/2019 01:00,0.0,0.0
26/11/2019 02:00,0.0,0.0
26/11/2019 03:00,0.0,0.0
26/11/2019 04:00,0.0,0.0
26/11/2019 05:00,0.0,0.0
26/11/2019 06:00,0.009,0.002
26/11/2019 07:00,0.203,0.144
26/11/2019 08:00,0.44,0.386
26/11/2019 09:00,0.602,0.566
26/11/2019 10:00,0.691,0.669
26/11/2019 11:00,0.727,0.747
26/11/2019 12:00,0.716,0.735
26/11/2019 13:00,0.659,0.671
26/11/2019 14:00,0.564,0.561
26/11/2019 15:00,0.393,0.381
26/11/2019 16:00,0.163,0.137
26/11/2019 17:00,0.0,0.0
26/11/2019 18:00,0.0,0.0
26/11/2019 19:00,0.0,0.0
26/11/2019 20:00,0.0,0.0
26/11/2019 21:00,0.0,0.0
26/11/2019 22:00,0.0,0.0
26/11/2019 23:00,0.0,0.0
27/11/2019 00:00,0.0,0.0
27/11/2019 01:00,0.0,0.0
27/11/2019 02:00,0.0,0.0
27/11/2019 03:00,0.0,0.0
27/11/2019 04:00,0.0,0.0
27/11/2019 05:00,0.0,0.0
27/11/2019 06:00,0.01,0.001
27/11/2019 07:00,0.215,0.131
27/11/2019 08:00,0.454,0.381
27/11/2019 09:00,0.614,0.566
27/11/2019 10:00,0.704,0.681
27/11/2019 11:00,0.735,0.755
27/11/2019 12:00,0.723,0.749
27/11/2019 13:00,0.663,0.693
27/11/2019 14:00,0.554,0.586
27/11/2019 15:00,0.373,0.402
27/11/2019 16:00,0.135,0.151
27/11/2019 17:00,0.0,0.0
27/11/2019 18:00,0.0,0.0
27/11/2019 19:00,0.0,0.0
27/11/2019 20:00,0.0,0.0
27/11/2019 21:00,0.0,0.0
27/11/2019 22:00,0.0,0.0
27/11/2019 23:00,0.0,0.0
28/11/2019 00:00,0.0,0.0
28/11/2019 01:00,0.0,0.0
28/11/2019 02:00,0.0,0.0
28/11/2019 03:00,0.0,0.0
28/11/2019 04:00,0.0,0.0
28/11/2019 05:00,0.0,0.0
28/11/2019 06:00,0.014,0.005
28/11/2019 07:00,0.262,0.242
28/11/2019 08:00,0.51,0.496
28/11/2019 09:00,0.669,0.66
28/11/2019 10:00,0.761,0.758
28/11/2019 11:00,0.797,0.798
28/11/2019 12:00,0.786,0.788
28/11/2019 13:00,0.725,0.727
28/11/2019 14:00,0.611,0.608
28/11/2019 15:00,0.436,0.427
28/11/2019 16:00,0.197,0.173
28/11/2019 17:00,0.0,0.0
28/11/2019 18:00,0.0,0.0
28/11/2019 19:00,0.0,0.0
28/11/2019 20:00,0.0,0.0
28/11/2019 21:00,0.0,0.0
28/11/2019 22:00,0.0,0.0
28/11/2019 23:00,0.0,0.0
29/11/2019 00:00,0.0,0.0
29/11/2019 01:00,0.0,0.0
29/11/2019 02:00,0.0,0.0
29/11/2019 03:00,0.0,0.0
29/11/2019 04:00,0.0,0.0
29/11/2019 05:00,0.0,0.0
29/11/2019 06:00,0.014,0.004
29/11/2019 07:00,0.265,0.236
29/11/2019 08:00,0.51,0.488
29/11/2019 09:00,0.668,0.652
29/11/2019 10:00,0.758,0.75
29/11/2019 11:00,0.791,0.78
29/11/2019 12:00,0.781,0.77
29/11/2019 13:00,0.722,0.709
29/11/2019 14:00,0.608,0.596
29/11/2019 15:00,0.434,0.414
29/11/2019 16:00,0.196,0.16
29/11/2019 17:00,0.0,0.0
29/11/2019 18:00,0.0,0.0
29/11/2019 19:00,0.0,0.0
29/11/2019 20:00,0.0,0.0
29/11/2019 21:00,0.0,0.0
29/11/2019 22:00,0.0,0.0
29/11/2019 23:00,0.0,0.0
30/11/2019 00:00,0.0,0.0
30/11/2019 01:00,0.0,0.0
30/11/2019 02:00,0.0,0.0
30/11/2019 03:00,0.0,0.0
30/11/2019 04:00,0.0,0.0
30/11/2019 05:00,0.0,0.0
30/11/2019 06:00,0.014,0.004
30/11/2019 07:00,0.264,0.23
30/11/2019 08:00,0.509,0.49
30/11/2019 09:00,0.667,0.655
30/11/2019 10:00,0.757,0.749
30/11/2019 11:00,0.785,0.787
30/11/2019 12:00,0.774,0.778
30/11/2019 13:00,0.714,0.718
30/11/2019 14:00,0.601,0.601
30/11/2019 15:00,0.425,0.421
30/11/2019 16:00,0.186,0.167
30/11/2019 17:00,0.0,0.0
30/11/2019 18:00,0.0,0.0
30/11/2019 19:00,0.0,0.0
30/11/2019 20:00,0.0,0.0
30/11/2019 21:00,0.0,0.0
30/11/2019 22:00,0.0,0.0
30/11/2019 23:00,0.0,0.0
01/12/2019 00:00,0.0,0.0
01/12/2019 01:00,0.0,0.0
01/12/2019 02:00,0.0,0.0
01/12/2019 03:00,0.0,0.0
01/12/2019 04:00,0.0,0.0
01/12/2019 05:00,0.0,0.0
01/12/2019 06:00,0.011,0.002
01/12/2019 07:00,0.251,0.143
01/12/2019 08:00,0.5,0.482
01/12/2019 09:00,0.66,0.654
01/12/2019 10:00,0.752,0.75
01/12/2019 11:00,0.791,0.789
01/12/2019 12:00,0.78,0.778
01/12/2019 13:00,0.719,0.716
01/12/2019 14:00,0.604,0.596
01/12/2019 15:00,0.426,0.412
01/12/2019 16:00,0.181,0.156
01/12/2019 17:00,0.0,0.0
01/12/2019 18:00,0.0,0.0
01/12/2019 19:00,0.0,0.0
01/12/2019 20:00,0.0,0.0
01/12/2019 21:00,0.0,0.0
01/12/2019 22:00,0.0,0.0
01/12/2019 23:00,0.0,0.0
02/12/2019 00:00,0.0,0.0
02/12/2019 01:00,0.0,0.0
02/12/2019 02:00,0.0,0.0
02/12/2019 03:00,0.0,0.0
02/12/2019 04:00,0.0,0.0
02/12/2019 05:00,0.0,0.0
02/12/2019 06:00,0.011,0.003
02/12/2019 07:00,0.247,0.238
02/12/2019 08:00,0.493,0.491
02/12/2019 09:00,0.653,0.656
02/12/2019 10:00,0.745,0.752
02/12/2019 11:00,0.782,0.785
02/12/2019 12:00,0.771,0.773
02/12/2019 13:00,0.711,0.71
02/12/2019 14:00,0.596,0.592
02/12/2019 15:00,0.42,0.409
02/12/2019 16:00,0.178,0.156
02/12/2019 17:00,0.0,0.0
02/12/2019 18:00,0.0,0.0
02/12/2019 19:00,0.0,0.0
02/12/2019 20:00,0.0,0.0
02/12/2019 21:00,0.0,0.0
02/12/2019 22:00,0.0,0.0
02/12/2019 23:00,0.0,0.0
03/12/2019 00:00,0.0,0.0
03/12/2019 01:00,0.0,0.0
03/12/2019 02:00,0.0,0.0
03/12/2019 03:00,0.0,0.0
03/12/2019 04:00,0.0,0.0
03/12/2019 05:00,0.0,0.0
03/12/2019 06:00,0.009,0.003
03/12/2019 07:00,0.243,0.238
03/12/2019 08:00,0.49,0.499
03/12/2019 09:00,0.648,0.667
03/12/2019 10:00,0.744,0.763
03/12/2019 11:00,0.782,0.802
03/12/2019 12:00,0.768,0.793
03/12/2019 13:00,0.703,0.73
03/12/2019 14:00,0.56,0.612
03/12/2019 15:00,0.34,0.428
03/12/2019 16:00,0.136,0.165
03/12/2019 17:00,0.0,0.0
03/12/2019 18:00,0.0,0.0
03/12/2019 19:00,0.0,0.0
03/12/2019 20:00,0.0,0.0
03/12/2019 21:00,0.0,0.0
03/12/2019 22:00,0.0,0.0
03/12/2019 23:00,0.0,0.0
04/12/2019 00:00,0.0,0.0
04/12/2019 01:00,0.0,0.0
04/12/2019 02:00,0.0,0.0
04/12/2019 03:00,0.0,0.0
04/12/2019 04:00,0.0,0.0
04/12/2019 05:00,0.0,0.0
04/12/2019 06:00,0.009,0.003
04/12/2019 07:00,0.213,0.221
04/12/2019 08:00,0.494,0.508
04/12/2019 09:00,0.661,0.675
04/12/2019 10:00,0.752,0.772
04/12/2019 11:00,0.789,0.806
04/12/2019 12:00,0.779,0.795
04/12/2019 13:00,0.719,0.733
04/12/2019 14:00,0.6,0.616
04/12/2019 15:00,0.421,0.435
04/12/2019 16:00,0.173,0.174
04/12/2019 17:00,0.0,0.0
04/12/2019 18:00,0.0,0.0
04/12/2019 19:00,0.0,0.0
04/12/2019 20:00,0.0,0.0
04/12/2019 21:00,0.0,0.0
04/12/2019 22:00,0.0,0.0
04/12/2019 23:00,0.0,0.0
05/12/2019 00:00,0.0,0.0
05/12/2019 01:00,0.0,0.0
05/12/2019 02:00,0.0,0.0
05/12/2019 03:00,0.0,0.0
05/12/2019 04:00,0.0,0.0
05/12/2019 05:00,0.0,0.0
05/12/2019 06:00,0.009,0.003
05/12/2019 07:00,0.249,0.241
05/12/2019 08:00,0.505,0.407
05/12/2019 09:00,0.664,0.582
05/12/2019 10:00,0.753,0.753
05/12/2019 11:00,0.787,0.792
05/12/2019 12:00,0.776,0.78
05/12/2019 13:00,0.716,0.718
05/12/2019 14:00,0.597,0.599
05/12/2019 15:00,0.407,0.419
05/12/2019 16:00,0.17,0.165
05/12/2019 17:00,0.0,0.0
05/12/2019 18:00,0.0,0.0
05/12/2019 19:00,0.0,0.0
05/12/2019 20:00,0.0,0.0
05/12/2019 21:00,0.0,0.0
05/12/2019 22:00,0.0,0.0
05/12/2019 23:00,0.0,0.0
06/12/2019 00:00,0.0,0.0
06/12/2019 01:00,0.0,0.0
06/12/2019 02:00,0.0,0.0
06/12/2019 03:00,0.0,0.0
06/12/2019 04:00,0.0,0.0
06/12/2019 05:00,0.0,0.0
06/12/2019 06:00,0.01,0.001
06/12/2019 07:00,0.254,0.147
06/12/2019 08:00,0.498,0.475
06/12/2019 09:00,0.656,0.652
06/12/2019 10:00,0.747,0.748
06/12/2019 11:00,0.779,0.778
06/12/2019 12:00,0.767,0.766
06/12/2019 13:00,0.706,0.704
06/12/2019 14:00,0.592,0.584
06/12/2019 15:00,0.415,0.397
06/12/2019 16:00,0.168,0.14
06/12/2019 17:00,0.0,0.0
06/12/2019 18:00,0.0,0.0
06/12/2019 19:00,0.0,0.0
06/12/2019 20:00,0.0,0.0
06/12/2019 21:00,0.0,0.0
06/12/2019 22:00,0.0,0.0
06/12/2019 23:00,0.0,0.0
07/12/2019 00:00,0.0,0.0
07/12/2019 01:00,0.0,0.0
07/12/2019 02:00,0.0,0.0
07/12/2019 03:00,0.0,0.0
07/12/2019 04:00,0.0,0.0
07/12/2019 05:00,0.0,0.0
07/12/2019 06:00,0.01,0.001
07/12/2019 07:00,0.258,0.176
07/12/2019 08:00,0.504,0.495
07/12/2019 09:00,0.664,0.666
07/12/2019 10:00,0.758,0.767
07/12/2019 11:00,0.794,0.805
07/12/2019 12:00,0.783,0.794
07/12/2019 13:00,0.721,0.732
07/12/2019 14:00,0.604,0.612
07/12/2019 15:00,0.422,0.426
07/12/2019 16:00,0.168,0.163
07/12/2019 17:00,0.0,0.0
07/12/2019 18:00,0.0,0.0
07/12/2019 19:00,0.0,0.0
07/12/2019 20:00,0.0,0.0
07/12/2019 21:00,0.0,0.0
07/12/2019 22:00,0.0,0.0
07/12/2019 23:00,0.0,0.0
08/12/2019 00:00,0.0,0.0
08/12/2019 01:00,0.0,0.0
08/12/2019 02:00,0.0,0.0
08/12/2019 03:00,0.0,0.0
08/12/2019 04:00,0.0,0.0
08/12/2019 05:00,0.0,0.0
08/12/2019 06:00,0.009,0.001
08/12/2019 07:00,0.256,0.208
08/12/2019 08:00,0.503,0.43
08/12/2019 09:00,0.663,0.651
08/12/2019 10:00,0.755,0.754
08/12/2019 11:00,0.792,0.791
08/12/2019 12:00,0.778,0.783
08/12/2019 13:00,0.713,0.715
08/12/2019 14:00,0.6,0.576
08/12/2019 15:00,0.414,0.398
08/12/2019 16:00,0.157,0.152
08/12/2019 17:00,0.0,0.0
08/12/2019 18:00,0.0,0.0
08/12/2019 19:00,0.0,0.0
08/12/2019 20:00,0.0,0.0
08/12/2019 21:00,0.0,0.0
08/12/2019 22:00,0.0,0.0
08/12/2019 23:00,0.0,0.0
09/12/2019 00:00,0.0,0.0
09/12/2019 01:00,0.0,0.0
09/12/2019 02:00,0.0,0.0
09/12/2019 03:00,0.0,0.0
09/12/2019 04:00,0.0,0.0
09/12/2019 05:00,0.0,0.0
09/12/2019 06:00,0.004,0.001
09/12/2019 07:00,0.141,0.198
09/12/2019 08:00,0.442,0.457
09/12/2019 09:00,0.632,0.626
09/12/2019 10:00,0.736,0.727
09/12/2019 11:00,0.776,0.771
09/12/2019 12:00,0.767,0.759
09/12/2019 13:00,0.704,0.636
09/12/2019 14:00,0.587,0.237
09/12/2019 15:00,0.406,0.111
09/12/2019 16:00,0.158,0.019
09/12/2019 17:00,0.0,0.0
09/12/2019 18:00,0.0,0.0
09/12/2019 19:00,0.0,0.0
09/12/2019 20:00,0.0,0.0
09/12/2019 21:00,0.0,0.0
09/12/2019 22:00,0.0,0.0
09/12/2019 23:00,0.0,0.0
10/12/2019 00:00,0.0,0.0
10/12/2019 01:00,0.0,0.0
10/12/2019 02:00,0.0,0.0
10/12/2019 03:00,0.0,0.0
10/12/2019 04:00,0.0,0.0
10/12/2019 05:00,0.0,0.0
10/12/2019 06:00,0.007,0.0
10/12/2019 07:00,0.21,0.195
10/12/2019 08:00,0.442,0.456
10/12/2019 09:00,0.619,0.623
10/12/2019 10:00,0.726,0.723
10/12/2019 11:00,0.761,0.765
10/12/2019 12:00,0.74,0.754
10/12/2019 13:00,0.667,0.691
10/12/2019 14:00,0.552,0.57
10/12/2019 15:00,0.382,0.379
10/12/2019 16:00,0.154,0.123
10/12/2019 17:00,0.0,0.0
10/12/2019 18:00,0.0,0.0
10/12/2019 19:00,0.0,0.0
10/12/2019 20:00,0.0,0.0
10/12/2019 21:00,0.0,0.0
10/12/2019 22:00,0.0,0.0
10/12/2019 23:00,0.0,0.0
11/12/2019 00:00,0.0,0.0
11/12/2019 01:00,0.0,0.0
11/12/2019 02:00,0.0,0.0
11/12/2019 03:00,0.0,0.0
11/12/2019 04:00,0.0,0.0
11/12/2019 05:00,0.0,0.0
11/12/2019 06:00,0.008,0.0
11/12/2019 07:00,0.241,0.122
11/12/2019 08:00,0.477,0.242
11/12/2019 09:00,0.632,0.356
11/12/2019 10:00,0.731,0.523
11/12/2019 11:00,0.76,0.717
11/12/2019 12:00,0.75,0.702
11/12/2019 13:00,0.689,0.635
11/12/2019 14:00,0.573,0.534
11/12/2019 15:00,0.393,0.337
11/12/2019 16:00,0.146,0.075
11/12/2019 17:00,0.0,0.0
11/12/2019 18:00,0.0,0.0
11/12/2019 19:00,0.0,0.0
11/12/2019 20:00,0.0,0.0
11/12/2019 21:00,0.0,0.0
11/12/2019 22:00,0.0,0.0
11/12/2019 23:00,0.0,0.0
12/12/2019 00:00,0.0,0.0
12/12/2019 01:00,0.0,0.0
12/12/2019 02:00,0.0,0.0
12/12/2019 03:00,0.0,0.0
12/12/2019 04:00,0.0,0.0
12/12/2019 05:00,0.0,0.0
12/12/2019 06:00,0.005,0.0
12/12/2019 07:00,0.185,0.145
12/12/2019 08:00,0.426,0.396
12/12/2019 09:00,0.592,0.575
12/12/2019 10:00,0.693,0.676
12/12/2019 11:00,0.745,0.739
12/12/2019 12:00,0.731,0.731
12/12/2019 13:00,0.666,0.673
12/12/2019 14:00,0.559,0.543
12/12/2019 15:00,0.366,0.327
12/12/2019 16:00,0.112,0.08
12/12/2019 17:00,0.0,0.0
12/12/2019 18:00,0.0,0.0
12/12/2019 19:00,0.0,0.0
12/12/2019 20:00,0.0,0.0
12/12/2019 21:00,0.0,0.0
12/12/2019 22:00,0.0,0.0
12/12/2019 23:00,0.0,0.0
13/12/2019 00:00,0.0,0.0
13/12/2019 01:00,0.0,0.0
13/12/2019 02:00,0.0,0.0
13/12/2019 03:00,0.0,0.0
13/12/2019 04:00,0.0,0.0
13/12/2019 05:00,0.0,0.0
13/12/2019 06:00,0.005,0.0
13/12/2019 07:00,0.217,0.163
13/12/2019 08:00,0.474,0.431
13/12/2019 09:00,0.645,0.616
13/12/2019 10:00,0.748,0.725
13/12/2019 11:00,0.774,0.769
13/12/2019 12:00,0.762,0.752
13/12/2019 13:00,0.695,0.678
13/12/2019 14:00,0.588,0.526
13/12/2019 15:00,0.395,0.295
13/12/2019 16:00,0.134,0.072
13/12/2019 17:00,0.0,0.0
13/12/2019 18:00,0.0,0.0
13/12/2019 19:00,0.0,0.0
13/12/2019 20:00,0.0,0.0
13/12/2019 21:00,0.0,0.0
13/12/2019 22:00,0.0,0.0
13/12/2019 23:00,0.0,0.0
14/12/2019 00:00,0.0,0.0
14/12/2019 01:00,0.0,0.0
14/12/2019 02:00,0.0,0.0
14/12/2019 03:00,0.0,0.0
14/12/2019 04:00,0.0,0.0
14/12/2019 05:00,0.0,0.0
14/12/2019 06:00,0.005,0.0
14/12/2019 07:00,0.214,0.156
14/12/2019 08:00,0.471,0.423
14/12/2019 09:00,0.637,0.61
14/12/2019 10:00,0.736,0.721
14/12/2019 11:00,0.781,0.789
14/12/2019 12:00,0.77,0.777
14/12/2019 13:00,0.706,0.709
14/12/2019 14:00,0.587,0.594
14/12/2019 15:00,0.398,0.395
14/12/2019 16:00,0.123,0.129
14/12/2019 17:00,0.0,0.0
14/12/2019 18:00,0.0,0.0
14/12/2019 19:00,0.0,0.0
14/12/2019 20:00,0.0,0.0
14/12/2019 21:00,0.0,0.0
14/12/2019 22:00,0.0,0.0
14/12/2019 23:00,0.0,0.0
15/12/2019 00:00,0.0,0.0
15/12/2019 01:00,0.0,0.0
15/12/2019 02:00,0.0,0.0
15/12/2019 03:00,0.0,0.0
15/12/2019 04:00,0.0,0.0
15/12/2019 05:00,0.0,0.0
15/12/2019 06:00,0.007,0.0
15/12/2019 07:00,0.253,0.155
15/12/2019 08:00,0.507,0.404
15/12/2019 09:00,0.667,0.582
15/12/2019 10:00,0.758,0.684
15/12/2019 11:00,0.785,0.732
15/12/2019 12:00,0.772,0.688
15/12/2019 13:00,0.705,0.612
15/12/2019 14:00,0.595,0.494
15/12/2019 15:00,0.401,0.302
15/12/2019 16:00,0.132,0.074
15/12/2019 17:00,0.0,0.0
15/12/2019 18:00,0.0,0.0
15/12/2019 19:00,0.0,0.0
15/12/2019 20:00,0.0,0.0
15/12/2019 21:00,0.0,0.0
15/12/2019 22:00,0.0,0.0
15/12/2019 23:00,0.0,0.0
16/12/2019 00:00,0.0,0.0
16/12/2019 01:00,0.0,0.0
16/12/2019 02:00,0.0,0.0
16/12/2019 03:00,0.0,0.0
16/12/2019 04:00,0.0,0.0
16/12/2019 05:00,0.0,0.0
16/12/2019 06:00,0.003,0.0
16/12/2019 07:00,0.195,0.187
16/12/2019 08:00,0.452,0.447
16/12/2019 09:00,0.625,0.624
16/12/2019 10:00,0.727,0.736
16/12/2019 11:00,0.771,0.78
16/12/2019 12:00,0.761,0.769
16/12/2019 13:00,0.697,0.705
16/12/2019 14:00,0.575,0.583
16/12/2019 15:00,0.385,0.392
16/12/2019 16:00,0.128,0.135
16/12/2019 17:00,0.0,0.0
16/12/2019 18:00,0.0,0.0
16/12/2019 19:00,0.0,0.0
16/12/2019 20:00,0.0,0.0
16/12/2019 21:00,0.0,0.0
16/12/2019 22:00,0.0,0.0
16/12/2019 23:00,0.0,0.0
17/12/2019 00:00,0.0,0.0
17/12/2019 01:00,0.0,0.0
17/12/2019 02:00,0.0,0.0
17/12/2019 03:00,0.0,0.0
17/12/2019 04:00,0.0,0.0
17/12/2019 05:00,0.0,0.0
17/12/2019 06:00,0.007,0.0
17/12/2019 07:00,0.251,0.112
17/12/2019 08:00,0.498,0.478
17/12/2019 09:00,0.655,0.661
17/12/2019 10:00,0.743,0.76
17/12/2019 11:00,0.777,0.797
17/12/2019 12:00,0.764,0.786
17/12/2019 13:00,0.7,0.723
17/12/2019 14:00,0.577,0.598
17/12/2019 15:00,0.387,0.409
17/12/2019 16:00,0.128,0.152
17/12/2019 17:00,0.0,0.0
17/12/2019 18:00,0.0,0.0
17/12/2019 19:00,0.0,0.0
17/12/2019 20:00,0.0,0.0
17/12/2019 21:00,0.0,0.0
17/12/2019 22:00,0.0,0.0
17/12/2019 23:00,0.0,0.0
18/12/2019 00:00,0.0,0.0
18/12/2019 01:00,0.0,0.0
18/12/2019 02:00,0.0,0.0
18/12/2019 03:00,0.0,0.0
18/12/2019 04:00,0.0,0.0
18/12/2019 05:00,0.0,0.0
18/12/2019 06:00,0.007,0.0
18/12/2019 07:00,0.262,0.214
18/12/2019 08:00,0.505,0.496
18/12/2019 09:00,0.659,0.661
18/12/2019 10:00,0.751,0.758
18/12/2019 11:00,0.781,0.792
18/12/2019 12:00,0.768,0.781
18/12/2019 13:00,0.705,0.72
18/12/2019 14:00,0.588,0.604
18/12/2019 15:00,0.405,0.419
18/12/2019 16:00,0.15,0.164
18/12/2019 17:00,0.0,0.0
18/12/2019 18:00,0.0,0.0
18/12/2019 19:00,0.0,0.0
18/12/2019 20:00,0.0,0.0
18/12/2019 21:00,0.0,0.0
18/12/2019 22:00,0.0,0.0
18/12/2019 23:00,0.0,0.0
19/12/2019 00:00,0.0,0.0
19/12/2019 01:00,0.0,0.0
19/12/2019 02:00,0.0,0.0
19/12/2019 03:00,0.0,0.0
19/12/2019 04:00,0.0,0.0
19/12/2019 05:00,0.0,0.0
19/12/2019 06:00,0.01,0.001
19/12/2019 07:00,0.283,0.262
19/12/2019 08:00,0.524,0.517
19/12/2019 09:00,0.674,0.678
19/12/2019 10:00,0.759,0.772
19/12/2019 11:00,0.792,0.804
19/12/2019 12:00,0.776,0.789
19/12/2019 13:00,0.71,0.716
19/12/2019 14:00,0.587,0.559
19/12/2019 15:00,0.401,0.336
19/12/2019 16:00,0.142,0.1
19/12/2019 17:00,0.0,0.0
19/12/2019 18:00,0.0,0.0
19/12/2019 19:00,0.0,0.0
19/12/2019 20:00,0.0,0.0
19/12/2019 21:00,0.0,0.0
19/12/2019 22:00,0.0,0.0
19/12/2019 23:00,0.0,0.0
20/12/2019 00:00,0.0,0.0
20/12/2019 01:00,0.0,0.0
20/12/2019 02:00,0.0,0.0
20/12/2019 03:00,0.0,0.0
20/12/2019 04:00,0.0,0.0
20/12/2019 05:00,0.0,0.0
20/12/2019 06:00,0.009,0.001
20/12/2019 07:00,0.275,0.26
20/12/2019 08:00,0.515,0.51
20/12/2019 09:00,0.666,0.669
20/12/2019 10:00,0.75,0.762
20/12/2019 11:00,0.777,0.789
20/12/2019 12:00,0.763,0.777
20/12/2019 13:00,0.698,0.713
20/12/2019 14:00,0.577,0.59
20/12/2019 15:00,0.39,0.399
20/12/2019 16:00,0.131,0.132
20/12/2019 17:00,0.0,0.0
20/12/2019 18:00,0.0,0.0
20/12/2019 19:00,0.0,0.0
20/12/2019 20:00,0.0,0.0
20/12/2019 21:00,0.0,0.0
20/12/2019 22:00,0.0,0.0
20/12/2019 23:00,0.0,0.0
21/12/2019 00:00,0.0,0.0
21/12/2019 01:00,0.0,0.0
21/12/2019 02:00,0.0,0.0
21/12/2019 03:00,0.0,0.0
21/12/2019 04:00,0.0,0.0
21/12/2019 05:00,0.0,0.0
21/12/2019 06:00,0.008,0.001
21/12/2019 07:00,0.281,0.26
21/12/2019 08:00,0.529,0.516
21/12/2019 09:00,0.686,0.679
21/12/2019 10:00,0.774,0.759
21/12/2019 11:00,0.805,0.783
21/12/2019 12:00,0.791,0.741
21/12/2019 13:00,0.728,0.683
21/12/2019 14:00,0.604,0.603
21/12/2019 15:00,0.42,0.402
21/12/2019 16:00,0.156,0.135
21/12/2019 17:00,0.0,0.0
21/12/2019 18:00,0.0,0.0
21/12/2019 19:00,0.0,0.0
21/12/2019 20:00,0.0,0.0
21/12/2019 21:00,0.0,0.0
21/12/2019 22:00,0.0,0.0
21/12/2019 23:00,0.0,0.0
22/12/2019 00:00,0.0,0.0
22/12/2019 01:00,0.0,0.0
22/12/2019 02:00,0.0,0.0
22/12/2019 03:00,0.0,0.0
22/12/2019 04:00,0.0,0.0
22/12/2019 05:00,0.0,0.0
22/12/2019 06:00,0.006,0.0
22/12/2019 07:00,0.224,0.234
22/12/2019 08:00,0.44,0.5
22/12/2019 09:00,0.639,0.671
22/12/2019 10:00,0.758,0.762
22/12/2019 11:00,0.794,0.789
22/12/2019 12:00,0.777,0.776
22/12/2019 13:00,0.713,0.697
22/12/2019 14:00,0.59,0.587
22/12/2019 15:00,0.4,0.391
22/12/2019 16:00,0.137,0.114
22/12/2019 17:00,0.0,0.0
22/12/2019 18:00,0.0,0.0
22/12/2019 19:00,0.0,0.0
22/12/2019 20:00,0.0,0.0
22/12/2019 21:00,0.0,0.0
22/12/2019 22:00,0.0,0.0
22/12/2019 23:00,0.0,0.0
23/12/2019 00:00,0.0,0.0
23/12/2019 01:00,0.0,0.0
23/12/2019 02:00,0.0,0.0
23/12/2019 03:00,0.0,0.0
23/12/2019 04:00,0.0,0.0
23/12/2019 05:00,0.0,0.0
23/12/2019 06:00,0.005,0.0
23/12/2019 07:00,0.247,0.223
23/12/2019 08:00,0.502,0.491
23/12/2019 09:00,0.667,0.664
23/12/2019 10:00,0.759,0.762
23/12/2019 11:00,0.789,0.806
23/12/2019 12:00,0.775,0.788
23/12/2019 13:00,0.711,0.716
23/12/2019 14:00,0.594,0.604
23/12/2019 15:00,0.406,0.405
23/12/2019 16:00,0.141,0.126
23/12/2019 17:00,0.0,0.0
23/12/2019 18:00,0.0,0.0
23/12/2019 19:00,0.0,0.0
23/12/2019 20:00,0.0,0.0
23/12/2019 21:00,0.0,0.0
23/12/2019 22:00,0.0,0.0
23/12/2019 23:00,0.0,0.0
24/12/2019 00:00,0.0,0.0
24/12/2019 01:00,0.0,0.0
24/12/2019 02:00,0.0,0.0
24/12/2019 03:00,0.0,0.0
24/12/2019 04:00,0.0,0.0
24/12/2019 05:00,0.0,0.0
24/12/2019 06:00,0.006,0.0
24/12/2019 07:00,0.25,0.235
24/12/2019 08:00,0.505,0.496
24/12/2019 09:00,0.669,0.662
24/12/2019 10:00,0.762,0.755
24/12/2019 11:00,0.795,0.793
24/12/2019 12:00,0.78,0.776
24/12/2019 13:00,0.714,0.708
24/12/2019 14:00,0.599,0.59
24/12/2019 15:00,0.409,0.39
24/12/2019 16:00,0.141,0.113
24/12/2019 17:00,0.0,0.0
24/12/2019 18:00,0.0,0.0
24/12/2019 19:00,0.0,0.0
24/12/2019 20:00,0.0,0.0
24/12/2019 21:00,0.0,0.0
24/12/2019 22:00,0.0,0.0
24/12/2019 23:00,0.0,0.0
25/12/2019 00:00,0.0,0.0
25/12/2019 01:00,0.0,0.0
25/12/2019 02:00,0.0,0.0
25/12/2019 03:00,0.0,0.0
25/12/2019 04:00,0.0,0.0
25/12/2019 05:00,0.0,0.0
25/12/2019 06:00,0.003,0.0
25/12/2019 07:00,0.202,0.135
25/12/2019 08:00,0.457,0.42
25/12/2019 09:00,0.627,0.624
25/12/2019 10:00,0.728,0.743
25/12/2019 11:00,0.767,0.761
25/12/2019 12:00,0.75,0.752
25/12/2019 13:00,0.679,0.682
25/12/2019 14:00,0.548,0.549
25/12/2019 15:00,0.344,0.337
25/12/2019 16:00,0.093,0.076
25/12/2019 17:00,0.0,0.0
25/12/2019 18:00,0.0,0.0
25/12/2019 19:00,0.0,0.0
25/12/2019 20:00,0.0,0.0
25/12/2019 21:00,0.0,0.0
25/12/2019 22:00,0.0,0.0
25/12/2019 23:00,0.0,0.0
26/12/2019 00:00,0.0,0.0
26/12/2019 01:00,0.0,0.0
26/12/2019 02:00,0.0,0.0
26/12/2019 03:00,0.0,0.0
26/12/2019 04:00,0.0,0.0
26/12/2019 05:00,0.0,0.0
26/12/2019 06:00,0.006,0.0
26/12/2019 07:00,0.256,0.199
26/12/2019 08:00,0.513,0.459
26/12/2019 09:00,0.675,0.622
26/12/2019 10:00,0.771,0.712
26/12/2019 11:00,0.811,0.751
26/12/2019 12:00,0.797,0.754
26/12/2019 13:00,0.731,0.699
26/12/2019 14:00,0.603,0.59
26/12/2019 15:00,0.41,0.387
26/12/2019 16:00,0.137,0.107
26/12/2019 17:00,0.0,0.0
26/12/2019 18:00,0.0,0.0
26/12/2019 19:00,0.0,0.0
26/12/2019 20:00,0.0,0.0
26/12/2019 21:00,0.0,0.0
26/12/2019 22:00,0.0,0.0
26/12/2019 23:00,0.0,0.0
27/12/2019 00:00,0.0,0.0
27/12/2019 01:00,0.0,0.0
27/12/2019 02:00,0.0,0.0
27/12/2019 03:00,0.0,0.0
27/12/2019 04:00,0.0,0.0
27/12/2019 05:00,0.0,0.0
27/12/2019 06:00,0.005,0.0
27/12/2019 07:00,0.229,0.134
27/12/2019 08:00,0.48,0.482
27/12/2019 09:00,0.642,0.667
27/12/2019 10:00,0.738,0.773
27/12/2019 11:00,0.777,0.818
27/12/2019 12:00,0.763,0.806
27/12/2019 13:00,0.695,0.739
27/12/2019 14:00,0.571,0.609
27/12/2019 15:00,0.375,0.405
27/12/2019 16:00,0.113,0.121
27/12/2019 17:00,0.0,0.0
27/12/2019 18:00,0.0,0.0
27/12/2019 19:00,0.0,0.0
27/12/2019 20:00,0.0,0.0
27/12/2019 21:00,0.0,0.0
27/12/2019 22:00,0.0,0.0
27/12/2019 23:00,0.0,0.0
28/12/2019 00:00,0.0,0.0
28/12/2019 01:00,0.0,0.0
28/12/2019 02:00,0.0,0.0
28/12/2019 03:00,0.0,0.0
28/12/2019 04:00,0.0,0.0
28/12/2019 05:00,0.0,0.0
28/12/2019 06:00,0.007,0.001
28/12/2019 07:00,0.27,0.239
28/12/2019 08:00,0.522,0.499
28/12/2019 09:00,0.682,0.666
28/12/2019 10:00,0.774,0.766
28/12/2019 11:00,0.812,0.807
28/12/2019 12:00,0.8,0.795
28/12/2019 13:00,0.735,0.73
28/12/2019 14:00,0.612,0.604
28/12/2019 15:00,0.42,0.405
28/12/2019 16:00,0.149,0.124
28/12/2019 17:00,0.0,0.0
28/12/2019 18:00,0.0,0.0
28/12/2019 19:00,0.0,0.0
28/12/2019 20:00,0.0,0.0
28/12/2019 21:00,0.0,0.0
28/12/2019 22:00,0.0,0.0
28/12/2019 23:00,0.0,0.0
29/12/2019 00:00,0.0,0.0
29/12/2019 01:00,0.0,0.0
29/12/2019 02:00,0.0,0.0
29/12/2019 03:00,0.0,0.0
29/12/2019 04:00,0.0,0.0
29/12/2019 05:00,0.0,0.0
29/12/2019 06:00,0.009,0.001
29/12/2019 07:00,0.298,0.254
29/12/2019 08:00,0.54,0.51
29/12/2019 09:00,0.695,0.674
29/12/2019 10:00,0.784,0.771
29/12/2019 11:00,0.817,0.811
29/12/2019 12:00,0.804,0.799
29/12/2019 13:00,0.74,0.734
29/12/2019 14:00,0.617,0.609
29/12/2019 15:00,0.429,0.412
29/12/2019 16:00,0.158,0.132
29/12/2019 17:00,0.0,0.0
29/12/2019 18:00,0.0,0.0
29/12/2019 19:00,0.0,0.0
29/12/2019 20:00,0.0,0.0
29/12/2019 21:00,0.0,0.0
29/12/2019 22:00,0.0,0.0
29/12/2019 23:00,0.0,0.0
30/12/2019 00:00,0.0,0.0
30/12/2019 01:00,0.0,0.0
30/12/2019 02:00,0.0,0.0
30/12/2019 03:00,0.0,0.0
30/12/2019 04:00,0.0,0.0
30/12/2019 05:00,0.0,0.0
30/12/2019 06:00,0.009,0.0
30/12/2019 07:00,0.28,0.213
30/12/2019 08:00,0.527,0.469
30/12/2019 09:00,0.684,0.638
30/12/2019 10:00,0.76,0.739
30/12/2019 11:00,0.781,0.793
30/12/2019 12:00,0.784,0.778
30/12/2019 13:00,0.729,0.708
30/12/2019 14:00,0.603,0.598
30/12/2019 15:00,0.412,0.377
30/12/2019 16:00,0.141,0.098
30/12/2019 17:00,0.0,0.0
30/12/2019 18:00,0.0,0.0
30/12/2019 19:00,0.0,0.0
30/12/2019 20:00,0.0,0.0
30/12/2019 21:00,0.0,0.0
30/12/2019 22:00,0.0,0.0
30/12/2019 23:00,0.0,0.0
31/12/2019 00:00,0.0,0.0
31/12/2019 01:00,0.0,0.0
31/12/2019 02:00,0.0,0.0
31/12/2019 03:00,0.0,0.0
31/12/2019 04:00,0.0,0.0
31/12/2019 05:00,0.0,0.0
31/12/2019 06:00,0.004,0.0
31/12/2019 07:00,0.193,0.166
31/12/2019 08:00,0.442,0.419
31/12/2019 09:00,0.614,0.611
31/12/2019 10:00,0.716,0.735
31/12/2019 11:00,0.743,0.784
31/12/2019 12:00,0.721,0.773
31/12/2019 13:00,0.638,0.694
31/12/2019 14:00,0.42,0.549
31/12/2019 15:00,0.192,0.337
31/12/2019 16:00,0.047,0.085
31/12/2019 17:00,0.0,0.0
31/12/2019 18:00,0.0,0.0
31/12/2019 19:00,0.0,0.0
31/12/2019 20:00,0.0,0.0
31/12/2019 21:00,0.0,0.0
31/12/2019 22:00,0.0,0.0
31/12/2019 23:00,0.0,0.0
