date,NGA_E,NGA_CNW
01/01/2019 00:00,0.0,0.0
01/01/2019 01:00,0.0,0.0
01/01/2019 02:00,0.0,0.0
01/01/2019 03:00,0.0,0.0
01/01/2019 04:00,0.0,0.0
01/01/2019 05:00,0.0,0.0
01/01/2019 06:00,0.008,0.0
01/01/2019 07:00,0.247,0.14
01/01/2019 08:00,0.489,0.388
01/01/2019 09:00,0.648,0.566
01/01/2019 10:00,0.747,0.645
01/01/2019 11:00,0.79,0.711
01/01/2019 12:00,0.788,0.733
01/01/2019 13:00,0.73,0.702
01/01/2019 14:00,0.633,0.636
01/01/2019 15:00,0.486,0.522
01/01/2019 16:00,0.275,0.351
01/01/2019 17:00,0.045,0.126
01/01/2019 18:00,0.0,0.0
01/01/2019 19:00,0.0,0.0
01/01/2019 20:00,0.0,0.0
01/01/2019 21:00,0.0,0.0
01/01/2019 22:00,0.0,0.0
01/01/2019 23:00,0.0,0.0
02/01/2019 00:00,0.0,0.0
02/01/2019 01:00,0.0,0.0
02/01/2019 02:00,0.0,0.0
02/01/2019 03:00,0.0,0.0
02/01/2019 04:00,0.0,0.0
02/01/2019 05:00,0.0,0.0
02/01/2019 06:00,0.007,0.0
02/01/2019 07:00,0.203,0.156
02/01/2019 08:00,0.436,0.4
02/01/2019 09:00,0.601,0.572
02/01/2019 10:00,0.691,0.66
02/01/2019 11:00,0.743,0.718
02/01/2019 12:00,0.746,0.727
02/01/2019 13:00,0.701,0.681
02/01/2019 14:00,0.606,0.589
02/01/2019 15:00,0.453,0.44
02/01/2019 16:00,0.238,0.256
02/01/2019 17:00,0.033,0.081
02/01/2019 18:00,0.0,0.0
02/01/2019 19:00,0.0,0.0
02/01/2019 20:00,0.0,0.0
02/01/2019 21:00,0.0,0.0
02/01/2019 22:00,0.0,0.0
02/01/2019 23:00,0.0,0.0
03/01/2019 00:00,0.0,0.0
03/01/2019 01:00,0.0,0.0
03/01/2019 02:00,0.0,0.0
03/01/2019 03:00,0.0,0.0
03/01/2019 04:00,0.0,0.0
03/01/2019 05:00,0.0,0.0
03/01/2019 06:00,0.004,0.0
03/01/2019 07:00,0.153,0.121
03/01/2019 08:00,0.383,0.356
03/01/2019 09:00,0.52,0.54
03/01/2019 10:00,0.592,0.655
03/01/2019 11:00,0.65,0.719
03/01/2019 12:00,0.659,0.735
03/01/2019 13:00,0.616,0.698
03/01/2019 14:00,0.549,0.62
03/01/2019 15:00,0.413,0.493
03/01/2019 16:00,0.211,0.315
03/01/2019 17:00,0.03,0.101
03/01/2019 18:00,0.0,0.0
03/01/2019 19:00,0.0,0.0
03/01/2019 20:00,0.0,0.0
03/01/2019 21:00,0.0,0.0
03/01/2019 22:00,0.0,0.0
03/01/2019 23:00,0.0,0.0
04/01/2019 00:00,0.0,0.0
04/01/2019 01:00,0.0,0.0
04/01/2019 02:00,0.0,0.0
04/01/2019 03:00,0.0,0.0
04/01/2019 04:00,0.0,0.0
04/01/2019 05:00,0.0,0.0
04/01/2019 06:00,0.003,0.0
04/01/2019 07:00,0.101,0.092
04/01/2019 08:00,0.255,0.31
04/01/2019 09:00,0.404,0.501
04/01/2019 10:00,0.54,0.618
04/01/2019 11:00,0.612,0.686
04/01/2019 12:00,0.625,0.694
04/01/2019 13:00,0.513,0.624
04/01/2019 14:00,0.345,0.465
04/01/2019 15:00,0.206,0.267
04/01/2019 16:00,0.088,0.127
04/01/2019 17:00,0.011,0.031
04/01/2019 18:00,0.0,0.0
04/01/2019 19:00,0.0,0.0
04/01/2019 20:00,0.0,0.0
04/01/2019 21:00,0.0,0.0
04/01/2019 22:00,0.0,0.0
04/01/2019 23:00,0.0,0.0
05/01/2019 00:00,0.0,0.0
05/01/2019 01:00,0.0,0.0
05/01/2019 02:00,0.0,0.0
05/01/2019 03:00,0.0,0.0
05/01/2019 04:00,0.0,0.0
05/01/2019 05:00,0.0,0.0
05/01/2019 06:00,0.005,0.0
05/01/2019 07:00,0.154,0.096
05/01/2019 08:00,0.366,0.312
05/01/2019 09:00,0.56,0.49
05/01/2019 10:00,0.718,0.61
05/01/2019 11:00,0.771,0.681
05/01/2019 12:00,0.771,0.713
05/01/2019 13:00,0.715,0.699
05/01/2019 14:00,0.62,0.626
05/01/2019 15:00,0.473,0.497
05/01/2019 16:00,0.264,0.31
05/01/2019 17:00,0.041,0.101
05/01/2019 18:00,0.0,0.0
05/01/2019 19:00,0.0,0.0
05/01/2019 20:00,0.0,0.0
05/01/2019 21:00,0.0,0.0
05/01/2019 22:00,0.0,0.0
05/01/2019 23:00,0.0,0.0
06/01/2019 00:00,0.0,0.0
06/01/2019 01:00,0.0,0.0
06/01/2019 02:00,0.0,0.0
06/01/2019 03:00,0.0,0.0
06/01/2019 04:00,0.0,0.0
06/01/2019 05:00,0.0,0.0
06/01/2019 06:00,0.006,0.0
06/01/2019 07:00,0.206,0.158
06/01/2019 08:00,0.463,0.401
06/01/2019 09:00,0.624,0.575
06/01/2019 10:00,0.728,0.676
06/01/2019 11:00,0.774,0.739
06/01/2019 12:00,0.773,0.754
06/01/2019 13:00,0.706,0.718
06/01/2019 14:00,0.605,0.644
06/01/2019 15:00,0.461,0.513
06/01/2019 16:00,0.249,0.313
06/01/2019 17:00,0.037,0.105
06/01/2019 18:00,0.0,0.0
06/01/2019 19:00,0.0,0.0
06/01/2019 20:00,0.0,0.0
06/01/2019 21:00,0.0,0.0
06/01/2019 22:00,0.0,0.0
06/01/2019 23:00,0.0,0.0
07/01/2019 00:00,0.0,0.0
07/01/2019 01:00,0.0,0.0
07/01/2019 02:00,0.0,0.0
07/01/2019 03:00,0.0,0.0
07/01/2019 04:00,0.0,0.0
07/01/2019 05:00,0.0,0.0
07/01/2019 06:00,0.004,0.0
07/01/2019 07:00,0.16,0.109
07/01/2019 08:00,0.409,0.327
07/01/2019 09:00,0.595,0.493
07/01/2019 10:00,0.706,0.603
07/01/2019 11:00,0.757,0.672
07/01/2019 12:00,0.755,0.696
07/01/2019 13:00,0.707,0.668
07/01/2019 14:00,0.611,0.567
07/01/2019 15:00,0.466,0.421
07/01/2019 16:00,0.255,0.252
07/01/2019 17:00,0.041,0.093
07/01/2019 18:00,0.0,0.0
07/01/2019 19:00,0.0,0.0
07/01/2019 20:00,0.0,0.0
07/01/2019 21:00,0.0,0.0
07/01/2019 22:00,0.0,0.0
07/01/2019 23:00,0.0,0.0
08/01/2019 00:00,0.0,0.0
08/01/2019 01:00,0.0,0.0
08/01/2019 02:00,0.0,0.0
08/01/2019 03:00,0.0,0.0
08/01/2019 04:00,0.0,0.0
08/01/2019 05:00,0.0,0.0
08/01/2019 06:00,0.005,0.0
08/01/2019 07:00,0.157,0.079
08/01/2019 08:00,0.38,0.262
08/01/2019 09:00,0.578,0.438
08/01/2019 10:00,0.677,0.487
08/01/2019 11:00,0.739,0.573
08/01/2019 12:00,0.723,0.606
08/01/2019 13:00,0.569,0.604
08/01/2019 14:00,0.399,0.521
08/01/2019 15:00,0.215,0.376
08/01/2019 16:00,0.086,0.18
08/01/2019 17:00,0.01,0.041
08/01/2019 18:00,0.0,0.0
08/01/2019 19:00,0.0,0.0
08/01/2019 20:00,0.0,0.0
08/01/2019 21:00,0.0,0.0
08/01/2019 22:00,0.0,0.0
08/01/2019 23:00,0.0,0.0
09/01/2019 00:00,0.0,0.0
09/01/2019 01:00,0.0,0.0
09/01/2019 02:00,0.0,0.0
09/01/2019 03:00,0.0,0.0
09/01/2019 04:00,0.0,0.0
09/01/2019 05:00,0.0,0.0
09/01/2019 06:00,0.004,0.0
09/01/2019 07:00,0.127,0.078
09/01/2019 08:00,0.316,0.274
09/01/2019 09:00,0.55,0.454
09/01/2019 10:00,0.712,0.576
09/01/2019 11:00,0.776,0.655
09/01/2019 12:00,0.779,0.681
09/01/2019 13:00,0.737,0.61
09/01/2019 14:00,0.644,0.539
09/01/2019 15:00,0.497,0.413
09/01/2019 16:00,0.286,0.242
09/01/2019 17:00,0.053,0.069
09/01/2019 18:00,0.0,0.0
09/01/2019 19:00,0.0,0.0
09/01/2019 20:00,0.0,0.0
09/01/2019 21:00,0.0,0.0
09/01/2019 22:00,0.0,0.0
09/01/2019 23:00,0.0,0.0
10/01/2019 00:00,0.0,0.0
10/01/2019 01:00,0.0,0.0
10/01/2019 02:00,0.0,0.0
10/01/2019 03:00,0.0,0.0
10/01/2019 04:00,0.0,0.0
10/01/2019 05:00,0.0,0.0
10/01/2019 06:00,0.005,0.0
10/01/2019 07:00,0.185,0.094
10/01/2019 08:00,0.425,0.303
10/01/2019 09:00,0.601,0.485
10/01/2019 10:00,0.729,0.568
10/01/2019 11:00,0.773,0.64
10/01/2019 12:00,0.77,0.659
10/01/2019 13:00,0.694,0.649
10/01/2019 14:00,0.601,0.57
10/01/2019 15:00,0.448,0.446
10/01/2019 16:00,0.236,0.271
10/01/2019 17:00,0.036,0.077
10/01/2019 18:00,0.0,0.0
10/01/2019 19:00,0.0,0.0
10/01/2019 20:00,0.0,0.0
10/01/2019 21:00,0.0,0.0
10/01/2019 22:00,0.0,0.0
10/01/2019 23:00,0.0,0.0
11/01/2019 00:00,0.0,0.0
11/01/2019 01:00,0.0,0.0
11/01/2019 02:00,0.0,0.0
11/01/2019 03:00,0.0,0.0
11/01/2019 04:00,0.0,0.0
11/01/2019 05:00,0.0,0.0
11/01/2019 06:00,0.009,0.0
11/01/2019 07:00,0.246,0.114
11/01/2019 08:00,0.479,0.342
11/01/2019 09:00,0.635,0.523
11/01/2019 10:00,0.735,0.59
11/01/2019 11:00,0.777,0.668
11/01/2019 12:00,0.775,0.696
11/01/2019 13:00,0.728,0.645
11/01/2019 14:00,0.637,0.576
11/01/2019 15:00,0.494,0.449
11/01/2019 16:00,0.289,0.267
11/01/2019 17:00,0.056,0.077
11/01/2019 18:00,0.0,0.0
11/01/2019 19:00,0.0,0.0
11/01/2019 20:00,0.0,0.0
11/01/2019 21:00,0.0,0.0
11/01/2019 22:00,0.0,0.0
11/01/2019 23:00,0.0,0.0
12/01/2019 00:00,0.0,0.0
12/01/2019 01:00,0.0,0.0
12/01/2019 02:00,0.0,0.0
12/01/2019 03:00,0.0,0.0
12/01/2019 04:00,0.0,0.0
12/01/2019 05:00,0.0,0.0
12/01/2019 06:00,0.008,0.0
12/01/2019 07:00,0.215,0.134
12/01/2019 08:00,0.465,0.37
12/01/2019 09:00,0.626,0.549
12/01/2019 10:00,0.723,0.663
12/01/2019 11:00,0.766,0.725
12/01/2019 12:00,0.745,0.742
12/01/2019 13:00,0.674,0.702
12/01/2019 14:00,0.608,0.575
12/01/2019 15:00,0.488,0.356
12/01/2019 16:00,0.283,0.185
12/01/2019 17:00,0.055,0.064
12/01/2019 18:00,0.0,0.0
12/01/2019 19:00,0.0,0.0
12/01/2019 20:00,0.0,0.0
12/01/2019 21:00,0.0,0.0
12/01/2019 22:00,0.0,0.0
12/01/2019 23:00,0.0,0.0
13/01/2019 00:00,0.0,0.0
13/01/2019 01:00,0.0,0.0
13/01/2019 02:00,0.0,0.0
13/01/2019 03:00,0.0,0.0
13/01/2019 04:00,0.0,0.0
13/01/2019 05:00,0.0,0.0
13/01/2019 06:00,0.009,0.0
13/01/2019 07:00,0.206,0.136
13/01/2019 08:00,0.438,0.363
13/01/2019 09:00,0.607,0.529
13/01/2019 10:00,0.674,0.622
13/01/2019 11:00,0.729,0.678
13/01/2019 12:00,0.733,0.661
13/01/2019 13:00,0.687,0.595
13/01/2019 14:00,0.581,0.521
13/01/2019 15:00,0.397,0.415
13/01/2019 16:00,0.185,0.269
13/01/2019 17:00,0.029,0.091
13/01/2019 18:00,0.0,0.0
13/01/2019 19:00,0.0,0.0
13/01/2019 20:00,0.0,0.0
13/01/2019 21:00,0.0,0.0
13/01/2019 22:00,0.0,0.0
13/01/2019 23:00,0.0,0.0
14/01/2019 00:00,0.0,0.0
14/01/2019 01:00,0.0,0.0
14/01/2019 02:00,0.0,0.0
14/01/2019 03:00,0.0,0.0
14/01/2019 04:00,0.0,0.0
14/01/2019 05:00,0.0,0.0
14/01/2019 06:00,0.003,0.0
14/01/2019 07:00,0.119,0.106
14/01/2019 08:00,0.273,0.322
14/01/2019 09:00,0.367,0.5
14/01/2019 10:00,0.425,0.62
14/01/2019 11:00,0.528,0.683
14/01/2019 12:00,0.565,0.7
14/01/2019 13:00,0.542,0.658
14/01/2019 14:00,0.477,0.582
14/01/2019 15:00,0.346,0.457
14/01/2019 16:00,0.163,0.253
14/01/2019 17:00,0.021,0.072
14/01/2019 18:00,0.0,0.0
14/01/2019 19:00,0.0,0.0
14/01/2019 20:00,0.0,0.0
14/01/2019 21:00,0.0,0.0
14/01/2019 22:00,0.0,0.0
14/01/2019 23:00,0.0,0.0
15/01/2019 00:00,0.0,0.0
15/01/2019 01:00,0.0,0.0
15/01/2019 02:00,0.0,0.0
15/01/2019 03:00,0.0,0.0
15/01/2019 04:00,0.0,0.0
15/01/2019 05:00,0.0,0.0
15/01/2019 06:00,0.005,0.0
15/01/2019 07:00,0.158,0.086
15/01/2019 08:00,0.391,0.279
15/01/2019 09:00,0.57,0.458
15/01/2019 10:00,0.623,0.566
15/01/2019 11:00,0.689,0.63
15/01/2019 12:00,0.703,0.641
15/01/2019 13:00,0.667,0.621
15/01/2019 14:00,0.572,0.533
15/01/2019 15:00,0.418,0.392
15/01/2019 16:00,0.208,0.22
15/01/2019 17:00,0.03,0.066
15/01/2019 18:00,0.0,0.0
15/01/2019 19:00,0.0,0.0
15/01/2019 20:00,0.0,0.0
15/01/2019 21:00,0.0,0.0
15/01/2019 22:00,0.0,0.0
15/01/2019 23:00,0.0,0.0
16/01/2019 00:00,0.0,0.0
16/01/2019 01:00,0.0,0.0
16/01/2019 02:00,0.0,0.0
16/01/2019 03:00,0.0,0.0
16/01/2019 04:00,0.0,0.0
16/01/2019 05:00,0.0,0.0
16/01/2019 06:00,0.009,0.0
16/01/2019 07:00,0.242,0.087
16/01/2019 08:00,0.484,0.289
16/01/2019 09:00,0.646,0.478
16/01/2019 10:00,0.766,0.601
16/01/2019 11:00,0.811,0.674
16/01/2019 12:00,0.81,0.695
16/01/2019 13:00,0.769,0.599
16/01/2019 14:00,0.677,0.514
16/01/2019 15:00,0.532,0.379
16/01/2019 16:00,0.324,0.209
16/01/2019 17:00,0.075,0.057
16/01/2019 18:00,0.0,0.0
16/01/2019 19:00,0.0,0.0
16/01/2019 20:00,0.0,0.0
16/01/2019 21:00,0.0,0.0
16/01/2019 22:00,0.0,0.0
16/01/2019 23:00,0.0,0.0
17/01/2019 00:00,0.0,0.0
17/01/2019 01:00,0.0,0.0
17/01/2019 02:00,0.0,0.0
17/01/2019 03:00,0.0,0.0
17/01/2019 04:00,0.0,0.0
17/01/2019 05:00,0.0,0.0
17/01/2019 06:00,0.011,0.0
17/01/2019 07:00,0.249,0.087
17/01/2019 08:00,0.495,0.287
17/01/2019 09:00,0.659,0.484
17/01/2019 10:00,0.759,0.586
17/01/2019 11:00,0.801,0.669
17/01/2019 12:00,0.795,0.7
17/01/2019 13:00,0.719,0.679
17/01/2019 14:00,0.594,0.603
17/01/2019 15:00,0.423,0.461
17/01/2019 16:00,0.213,0.266
17/01/2019 17:00,0.035,0.081
17/01/2019 18:00,0.0,0.0
17/01/2019 19:00,0.0,0.0
17/01/2019 20:00,0.0,0.0
17/01/2019 21:00,0.0,0.0
17/01/2019 22:00,0.0,0.0
17/01/2019 23:00,0.0,0.0
18/01/2019 00:00,0.0,0.0
18/01/2019 01:00,0.0,0.0
18/01/2019 02:00,0.0,0.0
18/01/2019 03:00,0.0,0.0
18/01/2019 04:00,0.0,0.0
18/01/2019 05:00,0.0,0.0
18/01/2019 06:00,0.009,0.0
18/01/2019 07:00,0.234,0.179
18/01/2019 08:00,0.479,0.414
18/01/2019 09:00,0.646,0.581
18/01/2019 10:00,0.763,0.667
18/01/2019 11:00,0.806,0.731
18/01/2019 12:00,0.802,0.747
18/01/2019 13:00,0.758,0.689
18/01/2019 14:00,0.666,0.614
18/01/2019 15:00,0.52,0.486
18/01/2019 16:00,0.311,0.3
18/01/2019 17:00,0.065,0.091
18/01/2019 18:00,0.0,0.0
18/01/2019 19:00,0.0,0.0
18/01/2019 20:00,0.0,0.0
18/01/2019 21:00,0.0,0.0
18/01/2019 22:00,0.0,0.0
18/01/2019 23:00,0.0,0.0
19/01/2019 00:00,0.0,0.0
19/01/2019 01:00,0.0,0.0
19/01/2019 02:00,0.0,0.0
19/01/2019 03:00,0.0,0.0
19/01/2019 04:00,0.0,0.0
19/01/2019 05:00,0.0,0.0
19/01/2019 06:00,0.011,0.0
19/01/2019 07:00,0.246,0.118
19/01/2019 08:00,0.47,0.345
19/01/2019 09:00,0.62,0.529
19/01/2019 10:00,0.714,0.644
19/01/2019 11:00,0.758,0.712
19/01/2019 12:00,0.75,0.733
19/01/2019 13:00,0.699,0.698
19/01/2019 14:00,0.599,0.628
19/01/2019 15:00,0.44,0.506
19/01/2019 16:00,0.23,0.327
19/01/2019 17:00,0.04,0.109
19/01/2019 18:00,0.0,0.0
19/01/2019 19:00,0.0,0.0
19/01/2019 20:00,0.0,0.0
19/01/2019 21:00,0.0,0.0
19/01/2019 22:00,0.0,0.0
19/01/2019 23:00,0.0,0.0
20/01/2019 00:00,0.0,0.0
20/01/2019 01:00,0.0,0.0
20/01/2019 02:00,0.0,0.0
20/01/2019 03:00,0.0,0.0
20/01/2019 04:00,0.0,0.0
20/01/2019 05:00,0.0,0.0
20/01/2019 06:00,0.01,0.0
20/01/2019 07:00,0.223,0.085
20/01/2019 08:00,0.458,0.252
20/01/2019 09:00,0.624,0.448
20/01/2019 10:00,0.727,0.563
20/01/2019 11:00,0.767,0.654
20/01/2019 12:00,0.766,0.681
20/01/2019 13:00,0.723,0.631
20/01/2019 14:00,0.627,0.552
20/01/2019 15:00,0.478,0.42
20/01/2019 16:00,0.275,0.243
20/01/2019 17:00,0.055,0.069
20/01/2019 18:00,0.0,0.0
20/01/2019 19:00,0.0,0.0
20/01/2019 20:00,0.0,0.0
20/01/2019 21:00,0.0,0.0
20/01/2019 22:00,0.0,0.0
20/01/2019 23:00,0.0,0.0
21/01/2019 00:00,0.0,0.0
21/01/2019 01:00,0.0,0.0
21/01/2019 02:00,0.0,0.0
21/01/2019 03:00,0.0,0.0
21/01/2019 04:00,0.0,0.0
21/01/2019 05:00,0.0,0.0
21/01/2019 06:00,0.011,0.0
21/01/2019 07:00,0.242,0.103
21/01/2019 08:00,0.47,0.307
21/01/2019 09:00,0.623,0.484
21/01/2019 10:00,0.717,0.604
21/01/2019 11:00,0.76,0.673
21/01/2019 12:00,0.76,0.693
21/01/2019 13:00,0.72,0.681
21/01/2019 14:00,0.631,0.609
21/01/2019 15:00,0.489,0.485
21/01/2019 16:00,0.286,0.298
21/01/2019 17:00,0.056,0.092
21/01/2019 18:00,0.0,0.0
21/01/2019 19:00,0.0,0.0
21/01/2019 20:00,0.0,0.0
21/01/2019 21:00,0.0,0.0
21/01/2019 22:00,0.0,0.0
21/01/2019 23:00,0.0,0.0
22/01/2019 00:00,0.0,0.0
22/01/2019 01:00,0.0,0.0
22/01/2019 02:00,0.0,0.0
22/01/2019 03:00,0.0,0.0
22/01/2019 04:00,0.0,0.0
22/01/2019 05:00,0.0,0.0
22/01/2019 06:00,0.009,0.0
22/01/2019 07:00,0.23,0.111
22/01/2019 08:00,0.461,0.32
22/01/2019 09:00,0.615,0.496
22/01/2019 10:00,0.718,0.611
22/01/2019 11:00,0.762,0.68
22/01/2019 12:00,0.763,0.701
22/01/2019 13:00,0.719,0.665
22/01/2019 14:00,0.629,0.591
22/01/2019 15:00,0.484,0.465
22/01/2019 16:00,0.277,0.286
22/01/2019 17:00,0.05,0.086
22/01/2019 18:00,0.0,0.0
22/01/2019 19:00,0.0,0.0
22/01/2019 20:00,0.0,0.0
22/01/2019 21:00,0.0,0.0
22/01/2019 22:00,0.0,0.0
22/01/2019 23:00,0.0,0.0
23/01/2019 00:00,0.0,0.0
23/01/2019 01:00,0.0,0.0
23/01/2019 02:00,0.0,0.0
23/01/2019 03:00,0.0,0.0
23/01/2019 04:00,0.0,0.0
23/01/2019 05:00,0.0,0.0
23/01/2019 06:00,0.011,0.0
23/01/2019 07:00,0.239,0.076
23/01/2019 08:00,0.468,0.255
23/01/2019 09:00,0.622,0.425
23/01/2019 10:00,0.706,0.537
23/01/2019 11:00,0.75,0.589
23/01/2019 12:00,0.751,0.61
23/01/2019 13:00,0.718,0.564
23/01/2019 14:00,0.631,0.497
23/01/2019 15:00,0.492,0.383
23/01/2019 16:00,0.29,0.214
23/01/2019 17:00,0.059,0.068
23/01/2019 18:00,0.0,0.0
23/01/2019 19:00,0.0,0.0
23/01/2019 20:00,0.0,0.0
23/01/2019 21:00,0.0,0.0
23/01/2019 22:00,0.0,0.0
23/01/2019 23:00,0.0,0.0
24/01/2019 00:00,0.0,0.0
24/01/2019 01:00,0.0,0.0
24/01/2019 02:00,0.0,0.0
24/01/2019 03:00,0.0,0.0
24/01/2019 04:00,0.0,0.0
24/01/2019 05:00,0.0,0.0
24/01/2019 06:00,0.01,0.0
24/01/2019 07:00,0.225,0.083
24/01/2019 08:00,0.457,0.319
24/01/2019 09:00,0.616,0.508
24/01/2019 10:00,0.721,0.627
24/01/2019 11:00,0.765,0.695
24/01/2019 12:00,0.763,0.715
24/01/2019 13:00,0.708,0.682
24/01/2019 14:00,0.616,0.611
24/01/2019 15:00,0.47,0.489
24/01/2019 16:00,0.263,0.313
24/01/2019 17:00,0.046,0.102
24/01/2019 18:00,0.0,0.0
24/01/2019 19:00,0.0,0.0
24/01/2019 20:00,0.0,0.0
24/01/2019 21:00,0.0,0.0
24/01/2019 22:00,0.0,0.0
24/01/2019 23:00,0.0,0.0
25/01/2019 00:00,0.0,0.0
25/01/2019 01:00,0.0,0.0
25/01/2019 02:00,0.0,0.0
25/01/2019 03:00,0.0,0.0
25/01/2019 04:00,0.0,0.0
25/01/2019 05:00,0.0,0.0
25/01/2019 06:00,0.009,0.0
25/01/2019 07:00,0.222,0.136
25/01/2019 08:00,0.452,0.331
25/01/2019 09:00,0.604,0.48
25/01/2019 10:00,0.682,0.565
25/01/2019 11:00,0.737,0.655
25/01/2019 12:00,0.741,0.7
25/01/2019 13:00,0.701,0.685
25/01/2019 14:00,0.608,0.618
25/01/2019 15:00,0.464,0.499
25/01/2019 16:00,0.261,0.324
25/01/2019 17:00,0.044,0.11
25/01/2019 18:00,0.0,0.0
25/01/2019 19:00,0.0,0.0
25/01/2019 20:00,0.0,0.0
25/01/2019 21:00,0.0,0.0
25/01/2019 22:00,0.0,0.0
25/01/2019 23:00,0.0,0.0
26/01/2019 00:00,0.0,0.0
26/01/2019 01:00,0.0,0.0
26/01/2019 02:00,0.0,0.0
26/01/2019 03:00,0.0,0.0
26/01/2019 04:00,0.0,0.0
26/01/2019 05:00,0.0,0.0
26/01/2019 06:00,0.011,0.0
26/01/2019 07:00,0.242,0.123
26/01/2019 08:00,0.469,0.328
26/01/2019 09:00,0.621,0.504
26/01/2019 10:00,0.704,0.616
26/01/2019 11:00,0.748,0.689
26/01/2019 12:00,0.75,0.698
26/01/2019 13:00,0.707,0.662
26/01/2019 14:00,0.616,0.595
26/01/2019 15:00,0.471,0.482
26/01/2019 16:00,0.266,0.307
26/01/2019 17:00,0.047,0.102
26/01/2019 18:00,0.0,0.0
26/01/2019 19:00,0.0,0.0
26/01/2019 20:00,0.0,0.0
26/01/2019 21:00,0.0,0.0
26/01/2019 22:00,0.0,0.0
26/01/2019 23:00,0.0,0.0
27/01/2019 00:00,0.0,0.0
27/01/2019 01:00,0.0,0.0
27/01/2019 02:00,0.0,0.0
27/01/2019 03:00,0.0,0.0
27/01/2019 04:00,0.0,0.0
27/01/2019 05:00,0.0,0.0
27/01/2019 06:00,0.011,0.0
27/01/2019 07:00,0.245,0.145
27/01/2019 08:00,0.471,0.368
27/01/2019 09:00,0.626,0.542
27/01/2019 10:00,0.726,0.638
27/01/2019 11:00,0.767,0.699
27/01/2019 12:00,0.764,0.713
27/01/2019 13:00,0.716,0.67
27/01/2019 14:00,0.62,0.594
27/01/2019 15:00,0.468,0.467
27/01/2019 16:00,0.25,0.283
27/01/2019 17:00,0.039,0.089
27/01/2019 18:00,0.0,0.0
27/01/2019 19:00,0.0,0.0
27/01/2019 20:00,0.0,0.0
27/01/2019 21:00,0.0,0.0
27/01/2019 22:00,0.0,0.0
27/01/2019 23:00,0.0,0.0
28/01/2019 00:00,0.0,0.0
28/01/2019 01:00,0.0,0.0
28/01/2019 02:00,0.0,0.0
28/01/2019 03:00,0.0,0.0
28/01/2019 04:00,0.0,0.0
28/01/2019 05:00,0.0,0.0
28/01/2019 06:00,0.008,0.0
28/01/2019 07:00,0.184,0.062
28/01/2019 08:00,0.385,0.217
28/01/2019 09:00,0.529,0.381
28/01/2019 10:00,0.644,0.465
28/01/2019 11:00,0.697,0.502
28/01/2019 12:00,0.684,0.495
28/01/2019 13:00,0.611,0.448
28/01/2019 14:00,0.487,0.397
28/01/2019 15:00,0.332,0.294
28/01/2019 16:00,0.166,0.151
28/01/2019 17:00,0.03,0.042
28/01/2019 18:00,0.0,0.0
28/01/2019 19:00,0.0,0.0
28/01/2019 20:00,0.0,0.0
28/01/2019 21:00,0.0,0.0
28/01/2019 22:00,0.0,0.0
28/01/2019 23:00,0.0,0.0
29/01/2019 00:00,0.0,0.0
29/01/2019 01:00,0.0,0.0
29/01/2019 02:00,0.0,0.0
29/01/2019 03:00,0.0,0.0
29/01/2019 04:00,0.0,0.0
29/01/2019 05:00,0.0,0.0
29/01/2019 06:00,0.003,0.0
29/01/2019 07:00,0.08,0.084
29/01/2019 08:00,0.239,0.243
29/01/2019 09:00,0.512,0.355
29/01/2019 10:00,0.602,0.442
29/01/2019 11:00,0.661,0.64
29/01/2019 12:00,0.668,0.702
29/01/2019 13:00,0.621,0.663
29/01/2019 14:00,0.519,0.591
29/01/2019 15:00,0.36,0.464
29/01/2019 16:00,0.169,0.28
29/01/2019 17:00,0.024,0.078
29/01/2019 18:00,0.0,0.0
29/01/2019 19:00,0.0,0.0
29/01/2019 20:00,0.0,0.0
29/01/2019 21:00,0.0,0.0
29/01/2019 22:00,0.0,0.0
29/01/2019 23:00,0.0,0.0
30/01/2019 00:00,0.0,0.0
30/01/2019 01:00,0.0,0.0
30/01/2019 02:00,0.0,0.0
30/01/2019 03:00,0.0,0.0
30/01/2019 04:00,0.0,0.0
30/01/2019 05:00,0.0,0.0
30/01/2019 06:00,0.01,0.0
30/01/2019 07:00,0.223,0.091
30/01/2019 08:00,0.46,0.262
30/01/2019 09:00,0.622,0.429
30/01/2019 10:00,0.724,0.552
30/01/2019 11:00,0.772,0.617
30/01/2019 12:00,0.773,0.642
30/01/2019 13:00,0.717,0.631
30/01/2019 14:00,0.623,0.561
30/01/2019 15:00,0.475,0.426
30/01/2019 16:00,0.266,0.246
30/01/2019 17:00,0.048,0.078
30/01/2019 18:00,0.0,0.0
30/01/2019 19:00,0.0,0.0
30/01/2019 20:00,0.0,0.0
30/01/2019 21:00,0.0,0.0
30/01/2019 22:00,0.0,0.0
30/01/2019 23:00,0.0,0.0
31/01/2019 00:00,0.0,0.0
31/01/2019 01:00,0.0,0.0
31/01/2019 02:00,0.0,0.0
31/01/2019 03:00,0.0,0.0
31/01/2019 04:00,0.0,0.0
31/01/2019 05:00,0.0,0.0
31/01/2019 06:00,0.011,0.0
31/01/2019 07:00,0.23,0.102
31/01/2019 08:00,0.435,0.309
31/01/2019 09:00,0.571,0.483
31/01/2019 10:00,0.718,0.531
31/01/2019 11:00,0.775,0.584
31/01/2019 12:00,0.773,0.59
31/01/2019 13:00,0.727,0.555
31/01/2019 14:00,0.632,0.489
31/01/2019 15:00,0.484,0.372
31/01/2019 16:00,0.277,0.212
31/01/2019 17:00,0.052,0.062
31/01/2019 18:00,0.0,0.0
31/01/2019 19:00,0.0,0.0
31/01/2019 20:00,0.0,0.0
31/01/2019 21:00,0.0,0.0
31/01/2019 22:00,0.0,0.0
31/01/2019 23:00,0.0,0.0
01/02/2019 00:00,0.0,0.0
01/02/2019 01:00,0.0,0.0
01/02/2019 02:00,0.0,0.0
01/02/2019 03:00,0.0,0.0
01/02/2019 04:00,0.0,0.0
01/02/2019 05:00,0.0,0.0
01/02/2019 06:00,0.011,0.0
01/02/2019 07:00,0.223,0.097
01/02/2019 08:00,0.442,0.261
01/02/2019 09:00,0.596,0.352
01/02/2019 10:00,0.704,0.361
01/02/2019 11:00,0.749,0.522
01/02/2019 12:00,0.744,0.587
01/02/2019 13:00,0.688,0.553
01/02/2019 14:00,0.582,0.442
01/02/2019 15:00,0.423,0.292
01/02/2019 16:00,0.221,0.151
01/02/2019 17:00,0.039,0.045
01/02/2019 18:00,0.0,0.0
01/02/2019 19:00,0.0,0.0
01/02/2019 20:00,0.0,0.0
01/02/2019 21:00,0.0,0.0
01/02/2019 22:00,0.0,0.0
01/02/2019 23:00,0.0,0.0
02/02/2019 00:00,0.0,0.0
02/02/2019 01:00,0.0,0.0
02/02/2019 02:00,0.0,0.0
02/02/2019 03:00,0.0,0.0
02/02/2019 04:00,0.0,0.0
02/02/2019 05:00,0.0,0.0
02/02/2019 06:00,0.009,0.0
02/02/2019 07:00,0.161,0.046
02/02/2019 08:00,0.356,0.152
02/02/2019 09:00,0.478,0.266
02/02/2019 10:00,0.547,0.362
02/02/2019 11:00,0.703,0.444
02/02/2019 12:00,0.715,0.479
02/02/2019 13:00,0.662,0.454
02/02/2019 14:00,0.579,0.373
02/02/2019 15:00,0.413,0.266
02/02/2019 16:00,0.174,0.155
02/02/2019 17:00,0.024,0.044
02/02/2019 18:00,0.0,0.0
02/02/2019 19:00,0.0,0.0
02/02/2019 20:00,0.0,0.0
02/02/2019 21:00,0.0,0.0
02/02/2019 22:00,0.0,0.0
02/02/2019 23:00,0.0,0.0
03/02/2019 00:00,0.0,0.0
03/02/2019 01:00,0.0,0.0
03/02/2019 02:00,0.0,0.0
03/02/2019 03:00,0.0,0.0
03/02/2019 04:00,0.0,0.0
03/02/2019 05:00,0.0,0.0
03/02/2019 06:00,0.01,0.0
03/02/2019 07:00,0.208,0.117
03/02/2019 08:00,0.444,0.33
03/02/2019 09:00,0.603,0.506
03/02/2019 10:00,0.709,0.553
03/02/2019 11:00,0.753,0.626
03/02/2019 12:00,0.752,0.647
03/02/2019 13:00,0.71,0.669
03/02/2019 14:00,0.621,0.596
03/02/2019 15:00,0.479,0.473
03/02/2019 16:00,0.276,0.299
03/02/2019 17:00,0.054,0.098
03/02/2019 18:00,0.0,0.0
03/02/2019 19:00,0.0,0.0
03/02/2019 20:00,0.0,0.0
03/02/2019 21:00,0.0,0.0
03/02/2019 22:00,0.0,0.0
03/02/2019 23:00,0.0,0.0
04/02/2019 00:00,0.0,0.0
04/02/2019 01:00,0.0,0.0
04/02/2019 02:00,0.0,0.0
04/02/2019 03:00,0.0,0.0
04/02/2019 04:00,0.0,0.0
04/02/2019 05:00,0.0,0.0
04/02/2019 06:00,0.014,0.0
04/02/2019 07:00,0.25,0.12
04/02/2019 08:00,0.471,0.336
04/02/2019 09:00,0.622,0.51
04/02/2019 10:00,0.707,0.62
04/02/2019 11:00,0.751,0.684
04/02/2019 12:00,0.753,0.694
04/02/2019 13:00,0.701,0.653
04/02/2019 14:00,0.615,0.549
04/02/2019 15:00,0.463,0.408
04/02/2019 16:00,0.217,0.238
04/02/2019 17:00,0.041,0.075
04/02/2019 18:00,0.0,0.0
04/02/2019 19:00,0.0,0.0
04/02/2019 20:00,0.0,0.0
04/02/2019 21:00,0.0,0.0
04/02/2019 22:00,0.0,0.0
04/02/2019 23:00,0.0,0.0
05/02/2019 00:00,0.0,0.0
05/02/2019 01:00,0.0,0.0
05/02/2019 02:00,0.0,0.0
05/02/2019 03:00,0.0,0.0
05/02/2019 04:00,0.0,0.0
05/02/2019 05:00,0.0,0.0
05/02/2019 06:00,0.014,0.0
05/02/2019 07:00,0.245,0.118
05/02/2019 08:00,0.467,0.318
05/02/2019 09:00,0.619,0.483
05/02/2019 10:00,0.718,0.574
05/02/2019 11:00,0.758,0.624
05/02/2019 12:00,0.753,0.616
05/02/2019 13:00,0.703,0.541
05/02/2019 14:00,0.602,0.455
05/02/2019 15:00,0.443,0.327
05/02/2019 16:00,0.227,0.174
05/02/2019 17:00,0.036,0.049
05/02/2019 18:00,0.0,0.0
05/02/2019 19:00,0.0,0.0
05/02/2019 20:00,0.0,0.0
05/02/2019 21:00,0.0,0.0
05/02/2019 22:00,0.0,0.0
05/02/2019 23:00,0.0,0.0
06/02/2019 00:00,0.0,0.0
06/02/2019 01:00,0.0,0.0
06/02/2019 02:00,0.0,0.0
06/02/2019 03:00,0.0,0.0
06/02/2019 04:00,0.0,0.0
06/02/2019 05:00,0.0,0.0
06/02/2019 06:00,0.011,0.0
06/02/2019 07:00,0.181,0.063
06/02/2019 08:00,0.401,0.147
06/02/2019 09:00,0.58,0.211
06/02/2019 10:00,0.692,0.3
06/02/2019 11:00,0.733,0.451
06/02/2019 12:00,0.66,0.548
06/02/2019 13:00,0.467,0.543
06/02/2019 14:00,0.328,0.391
06/02/2019 15:00,0.237,0.255
06/02/2019 16:00,0.15,0.144
06/02/2019 17:00,0.036,0.045
06/02/2019 18:00,0.0,0.0
06/02/2019 19:00,0.0,0.0
06/02/2019 20:00,0.0,0.0
06/02/2019 21:00,0.0,0.0
06/02/2019 22:00,0.0,0.0
06/02/2019 23:00,0.0,0.0
07/02/2019 00:00,0.0,0.0
07/02/2019 01:00,0.0,0.0
07/02/2019 02:00,0.0,0.0
07/02/2019 03:00,0.0,0.0
07/02/2019 04:00,0.0,0.0
07/02/2019 05:00,0.0,0.0
07/02/2019 06:00,0.013,0.0
07/02/2019 07:00,0.239,0.14
07/02/2019 08:00,0.474,0.361
07/02/2019 09:00,0.639,0.535
07/02/2019 10:00,0.723,0.598
07/02/2019 11:00,0.771,0.667
07/02/2019 12:00,0.771,0.686
07/02/2019 13:00,0.729,0.65
07/02/2019 14:00,0.631,0.568
07/02/2019 15:00,0.479,0.438
07/02/2019 16:00,0.268,0.267
07/02/2019 17:00,0.05,0.086
07/02/2019 18:00,0.0,0.0
07/02/2019 19:00,0.0,0.0
07/02/2019 20:00,0.0,0.0
07/02/2019 21:00,0.0,0.0
07/02/2019 22:00,0.0,0.0
07/02/2019 23:00,0.0,0.0
08/02/2019 00:00,0.0,0.0
08/02/2019 01:00,0.0,0.0
08/02/2019 02:00,0.0,0.0
08/02/2019 03:00,0.0,0.0
08/02/2019 04:00,0.0,0.0
08/02/2019 05:00,0.0,0.0
08/02/2019 06:00,0.013,0.0
08/02/2019 07:00,0.222,0.118
08/02/2019 08:00,0.459,0.334
08/02/2019 09:00,0.629,0.509
08/02/2019 10:00,0.734,0.624
08/02/2019 11:00,0.783,0.69
08/02/2019 12:00,0.783,0.709
08/02/2019 13:00,0.737,0.661
08/02/2019 14:00,0.644,0.585
08/02/2019 15:00,0.496,0.458
08/02/2019 16:00,0.291,0.262
08/02/2019 17:00,0.061,0.079
08/02/2019 18:00,0.0,0.0
08/02/2019 19:00,0.0,0.0
08/02/2019 20:00,0.0,0.0
08/02/2019 21:00,0.0,0.0
08/02/2019 22:00,0.0,0.0
08/02/2019 23:00,0.0,0.0
09/02/2019 00:00,0.0,0.0
09/02/2019 01:00,0.0,0.0
09/02/2019 02:00,0.0,0.0
09/02/2019 03:00,0.0,0.0
09/02/2019 04:00,0.0,0.0
09/02/2019 05:00,0.0,0.0
09/02/2019 06:00,0.013,0.0
09/02/2019 07:00,0.22,0.103
09/02/2019 08:00,0.451,0.312
09/02/2019 09:00,0.616,0.497
09/02/2019 10:00,0.705,0.6
09/02/2019 11:00,0.758,0.671
09/02/2019 12:00,0.76,0.694
09/02/2019 13:00,0.693,0.66
09/02/2019 14:00,0.594,0.586
09/02/2019 15:00,0.44,0.461
09/02/2019 16:00,0.232,0.285
09/02/2019 17:00,0.039,0.092
09/02/2019 18:00,0.0,0.0
09/02/2019 19:00,0.0,0.0
09/02/2019 20:00,0.0,0.0
09/02/2019 21:00,0.0,0.0
09/02/2019 22:00,0.0,0.0
09/02/2019 23:00,0.0,0.0
10/02/2019 00:00,0.0,0.0
10/02/2019 01:00,0.0,0.0
10/02/2019 02:00,0.0,0.0
10/02/2019 03:00,0.0,0.0
10/02/2019 04:00,0.0,0.0
10/02/2019 05:00,0.0,0.0
10/02/2019 06:00,0.01,0.0
10/02/2019 07:00,0.156,0.102
10/02/2019 08:00,0.322,0.296
10/02/2019 09:00,0.474,0.48
10/02/2019 10:00,0.65,0.606
10/02/2019 11:00,0.725,0.65
10/02/2019 12:00,0.702,0.662
10/02/2019 13:00,0.653,0.624
10/02/2019 14:00,0.568,0.507
10/02/2019 15:00,0.39,0.279
10/02/2019 16:00,0.17,0.204
10/02/2019 17:00,0.03,0.075
10/02/2019 18:00,0.0,0.0
10/02/2019 19:00,0.0,0.0
10/02/2019 20:00,0.0,0.0
10/02/2019 21:00,0.0,0.0
10/02/2019 22:00,0.0,0.0
10/02/2019 23:00,0.0,0.0
11/02/2019 00:00,0.0,0.0
11/02/2019 01:00,0.0,0.0
11/02/2019 02:00,0.0,0.0
11/02/2019 03:00,0.0,0.0
11/02/2019 04:00,0.0,0.0
11/02/2019 05:00,0.0,0.0
11/02/2019 06:00,0.011,0.0
11/02/2019 07:00,0.193,0.115
11/02/2019 08:00,0.424,0.329
11/02/2019 09:00,0.592,0.509
11/02/2019 10:00,0.674,0.632
11/02/2019 11:00,0.729,0.693
11/02/2019 12:00,0.726,0.707
11/02/2019 13:00,0.685,0.643
11/02/2019 14:00,0.581,0.557
11/02/2019 15:00,0.425,0.429
11/02/2019 16:00,0.224,0.253
11/02/2019 17:00,0.041,0.077
11/02/2019 18:00,0.0,0.0
11/02/2019 19:00,0.0,0.0
11/02/2019 20:00,0.0,0.0
11/02/2019 21:00,0.0,0.0
11/02/2019 22:00,0.0,0.0
11/02/2019 23:00,0.0,0.0
12/02/2019 00:00,0.0,0.0
12/02/2019 01:00,0.0,0.0
12/02/2019 02:00,0.0,0.0
12/02/2019 03:00,0.0,0.0
12/02/2019 04:00,0.0,0.0
12/02/2019 05:00,0.0,0.0
12/02/2019 06:00,0.009,0.0
12/02/2019 07:00,0.162,0.086
12/02/2019 08:00,0.388,0.27
12/02/2019 09:00,0.566,0.443
12/02/2019 10:00,0.652,0.474
12/02/2019 11:00,0.707,0.55
12/02/2019 12:00,0.713,0.576
12/02/2019 13:00,0.672,0.501
12/02/2019 14:00,0.576,0.429
12/02/2019 15:00,0.422,0.311
12/02/2019 16:00,0.223,0.17
12/02/2019 17:00,0.041,0.05
12/02/2019 18:00,0.0,0.0
12/02/2019 19:00,0.0,0.0
12/02/2019 20:00,0.0,0.0
12/02/2019 21:00,0.0,0.0
12/02/2019 22:00,0.0,0.0
12/02/2019 23:00,0.0,0.0
13/02/2019 00:00,0.0,0.0
13/02/2019 01:00,0.0,0.0
13/02/2019 02:00,0.0,0.0
13/02/2019 03:00,0.0,0.0
13/02/2019 04:00,0.0,0.0
13/02/2019 05:00,0.0,0.0
13/02/2019 06:00,0.013,0.0
13/02/2019 07:00,0.204,0.068
13/02/2019 08:00,0.428,0.224
13/02/2019 09:00,0.592,0.397
13/02/2019 10:00,0.711,0.532
13/02/2019 11:00,0.76,0.609
13/02/2019 12:00,0.762,0.633
13/02/2019 13:00,0.716,0.641
13/02/2019 14:00,0.624,0.567
13/02/2019 15:00,0.479,0.444
13/02/2019 16:00,0.276,0.263
13/02/2019 17:00,0.056,0.084
13/02/2019 18:00,0.0,0.0
13/02/2019 19:00,0.0,0.0
13/02/2019 20:00,0.0,0.0
13/02/2019 21:00,0.0,0.0
13/02/2019 22:00,0.0,0.0
13/02/2019 23:00,0.0,0.0
14/02/2019 00:00,0.0,0.0
14/02/2019 01:00,0.0,0.0
14/02/2019 02:00,0.0,0.0
14/02/2019 03:00,0.0,0.0
14/02/2019 04:00,0.0,0.0
14/02/2019 05:00,0.0,0.0
14/02/2019 06:00,0.015,0.0
14/02/2019 07:00,0.233,0.134
14/02/2019 08:00,0.458,0.354
14/02/2019 09:00,0.621,0.526
14/02/2019 10:00,0.716,0.558
14/02/2019 11:00,0.761,0.632
14/02/2019 12:00,0.759,0.656
14/02/2019 13:00,0.712,0.624
14/02/2019 14:00,0.615,0.551
14/02/2019 15:00,0.466,0.431
14/02/2019 16:00,0.262,0.263
14/02/2019 17:00,0.052,0.085
14/02/2019 18:00,0.0,0.0
14/02/2019 19:00,0.0,0.0
14/02/2019 20:00,0.0,0.0
14/02/2019 21:00,0.0,0.0
14/02/2019 22:00,0.0,0.0
14/02/2019 23:00,0.0,0.0
15/02/2019 00:00,0.0,0.0
15/02/2019 01:00,0.0,0.0
15/02/2019 02:00,0.0,0.0
15/02/2019 03:00,0.0,0.0
15/02/2019 04:00,0.0,0.0
15/02/2019 05:00,0.0,0.0
15/02/2019 06:00,0.01,0.0
15/02/2019 07:00,0.148,0.059
15/02/2019 08:00,0.35,0.199
15/02/2019 09:00,0.523,0.387
15/02/2019 10:00,0.63,0.553
15/02/2019 11:00,0.668,0.65
15/02/2019 12:00,0.642,0.678
15/02/2019 13:00,0.594,0.659
15/02/2019 14:00,0.515,0.59
15/02/2019 15:00,0.378,0.468
15/02/2019 16:00,0.194,0.253
15/02/2019 17:00,0.039,0.079
15/02/2019 18:00,0.0,0.0
15/02/2019 19:00,0.0,0.0
15/02/2019 20:00,0.0,0.0
15/02/2019 21:00,0.0,0.0
15/02/2019 22:00,0.0,0.0
15/02/2019 23:00,0.0,0.0
16/02/2019 00:00,0.0,0.0
16/02/2019 01:00,0.0,0.0
16/02/2019 02:00,0.0,0.0
16/02/2019 03:00,0.0,0.0
16/02/2019 04:00,0.0,0.0
16/02/2019 05:00,0.0,0.0
16/02/2019 06:00,0.012,0.0
16/02/2019 07:00,0.202,0.107
16/02/2019 08:00,0.44,0.314
16/02/2019 09:00,0.616,0.492
16/02/2019 10:00,0.664,0.543
16/02/2019 11:00,0.714,0.619
16/02/2019 12:00,0.713,0.643
16/02/2019 13:00,0.698,0.606
16/02/2019 14:00,0.6,0.52
16/02/2019 15:00,0.445,0.391
16/02/2019 16:00,0.237,0.207
16/02/2019 17:00,0.042,0.056
16/02/2019 18:00,0.0,0.0
16/02/2019 19:00,0.0,0.0
16/02/2019 20:00,0.0,0.0
16/02/2019 21:00,0.0,0.0
16/02/2019 22:00,0.0,0.0
16/02/2019 23:00,0.0,0.0
17/02/2019 00:00,0.0,0.0
17/02/2019 01:00,0.0,0.0
17/02/2019 02:00,0.0,0.0
17/02/2019 03:00,0.0,0.0
17/02/2019 04:00,0.0,0.0
17/02/2019 05:00,0.0,0.0
17/02/2019 06:00,0.008,0.0
17/02/2019 07:00,0.127,0.085
17/02/2019 08:00,0.323,0.27
17/02/2019 09:00,0.503,0.447
17/02/2019 10:00,0.742,0.564
17/02/2019 11:00,0.788,0.642
17/02/2019 12:00,0.784,0.668
17/02/2019 13:00,0.739,0.589
17/02/2019 14:00,0.644,0.517
17/02/2019 15:00,0.497,0.395
17/02/2019 16:00,0.293,0.234
17/02/2019 17:00,0.065,0.074
17/02/2019 18:00,0.0,0.0
17/02/2019 19:00,0.0,0.0
17/02/2019 20:00,0.0,0.0
17/02/2019 21:00,0.0,0.0
17/02/2019 22:00,0.0,0.0
17/02/2019 23:00,0.0,0.0
18/02/2019 00:00,0.0,0.0
18/02/2019 01:00,0.0,0.0
18/02/2019 02:00,0.0,0.0
18/02/2019 03:00,0.0,0.0
18/02/2019 04:00,0.0,0.0
18/02/2019 05:00,0.0,0.0
18/02/2019 06:00,0.013,0.0
18/02/2019 07:00,0.2,0.089
18/02/2019 08:00,0.425,0.269
18/02/2019 09:00,0.592,0.44
18/02/2019 10:00,0.712,0.53
18/02/2019 11:00,0.76,0.603
18/02/2019 12:00,0.76,0.626
18/02/2019 13:00,0.713,0.622
18/02/2019 14:00,0.619,0.543
18/02/2019 15:00,0.47,0.418
18/02/2019 16:00,0.264,0.255
18/02/2019 17:00,0.052,0.084
18/02/2019 18:00,0.0,0.0
18/02/2019 19:00,0.0,0.0
18/02/2019 20:00,0.0,0.0
18/02/2019 21:00,0.0,0.0
18/02/2019 22:00,0.0,0.0
18/02/2019 23:00,0.0,0.0
19/02/2019 00:00,0.0,0.0
19/02/2019 01:00,0.0,0.0
19/02/2019 02:00,0.0,0.0
19/02/2019 03:00,0.0,0.0
19/02/2019 04:00,0.0,0.0
19/02/2019 05:00,0.0,0.0
19/02/2019 06:00,0.012,0.0
19/02/2019 07:00,0.187,0.096
19/02/2019 08:00,0.407,0.268
19/02/2019 09:00,0.574,0.414
19/02/2019 10:00,0.704,0.45
19/02/2019 11:00,0.75,0.47
19/02/2019 12:00,0.749,0.479
19/02/2019 13:00,0.701,0.459
19/02/2019 14:00,0.602,0.417
19/02/2019 15:00,0.428,0.325
19/02/2019 16:00,0.243,0.227
19/02/2019 17:00,0.049,0.081
19/02/2019 18:00,0.0,0.0
19/02/2019 19:00,0.0,0.0
19/02/2019 20:00,0.0,0.0
19/02/2019 21:00,0.0,0.0
19/02/2019 22:00,0.0,0.0
19/02/2019 23:00,0.0,0.0
20/02/2019 00:00,0.0,0.0
20/02/2019 01:00,0.0,0.0
20/02/2019 02:00,0.0,0.0
20/02/2019 03:00,0.0,0.0
20/02/2019 04:00,0.0,0.0
20/02/2019 05:00,0.0,0.0
20/02/2019 06:00,0.016,0.0
20/02/2019 07:00,0.201,0.078
20/02/2019 08:00,0.431,0.236
20/02/2019 09:00,0.593,0.386
20/02/2019 10:00,0.69,0.515
20/02/2019 11:00,0.736,0.622
20/02/2019 12:00,0.736,0.625
20/02/2019 13:00,0.682,0.573
20/02/2019 14:00,0.589,0.475
20/02/2019 15:00,0.444,0.365
20/02/2019 16:00,0.247,0.222
20/02/2019 17:00,0.048,0.076
20/02/2019 18:00,0.0,0.0
20/02/2019 19:00,0.0,0.0
20/02/2019 20:00,0.0,0.0
20/02/2019 21:00,0.0,0.0
20/02/2019 22:00,0.0,0.0
20/02/2019 23:00,0.0,0.0
21/02/2019 00:00,0.0,0.0
21/02/2019 01:00,0.0,0.0
21/02/2019 02:00,0.0,0.0
21/02/2019 03:00,0.0,0.0
21/02/2019 04:00,0.0,0.0
21/02/2019 05:00,0.0,0.0
21/02/2019 06:00,0.013,0.0
21/02/2019 07:00,0.153,0.064
21/02/2019 08:00,0.303,0.203
21/02/2019 09:00,0.472,0.396
21/02/2019 10:00,0.66,0.521
21/02/2019 11:00,0.727,0.612
21/02/2019 12:00,0.729,0.639
21/02/2019 13:00,0.69,0.597
21/02/2019 14:00,0.563,0.514
21/02/2019 15:00,0.376,0.383
21/02/2019 16:00,0.195,0.207
21/02/2019 17:00,0.044,0.055
21/02/2019 18:00,0.0,0.0
21/02/2019 19:00,0.0,0.0
21/02/2019 20:00,0.0,0.0
21/02/2019 21:00,0.0,0.0
21/02/2019 22:00,0.0,0.0
21/02/2019 23:00,0.0,0.0
22/02/2019 00:00,0.0,0.0
22/02/2019 01:00,0.0,0.0
22/02/2019 02:00,0.0,0.0
22/02/2019 03:00,0.0,0.0
22/02/2019 04:00,0.0,0.0
22/02/2019 05:00,0.0,0.0
22/02/2019 06:00,0.013,0.0
22/02/2019 07:00,0.153,0.049
22/02/2019 08:00,0.355,0.155
22/02/2019 09:00,0.527,0.281
22/02/2019 10:00,0.608,0.416
22/02/2019 11:00,0.66,0.507
22/02/2019 12:00,0.656,0.533
22/02/2019 13:00,0.596,0.513
22/02/2019 14:00,0.491,0.41
22/02/2019 15:00,0.368,0.28
22/02/2019 16:00,0.201,0.149
22/02/2019 17:00,0.045,0.05
22/02/2019 18:00,0.0,0.0
22/02/2019 19:00,0.0,0.0
22/02/2019 20:00,0.0,0.0
22/02/2019 21:00,0.0,0.0
22/02/2019 22:00,0.0,0.0
22/02/2019 23:00,0.0,0.0
23/02/2019 00:00,0.0,0.0
23/02/2019 01:00,0.0,0.0
23/02/2019 02:00,0.0,0.0
23/02/2019 03:00,0.0,0.0
23/02/2019 04:00,0.0,0.0
23/02/2019 05:00,0.0,0.0
23/02/2019 06:00,0.015,0.0
23/02/2019 07:00,0.175,0.052
23/02/2019 08:00,0.379,0.156
23/02/2019 09:00,0.55,0.252
23/02/2019 10:00,0.663,0.317
23/02/2019 11:00,0.709,0.369
23/02/2019 12:00,0.705,0.381
23/02/2019 13:00,0.649,0.36
23/02/2019 14:00,0.546,0.313
23/02/2019 15:00,0.389,0.231
23/02/2019 16:00,0.195,0.141
23/02/2019 17:00,0.037,0.047
23/02/2019 18:00,0.0,0.0
23/02/2019 19:00,0.0,0.0
23/02/2019 20:00,0.0,0.0
23/02/2019 21:00,0.0,0.0
23/02/2019 22:00,0.0,0.0
23/02/2019 23:00,0.0,0.0
24/02/2019 00:00,0.0,0.0
24/02/2019 01:00,0.0,0.0
24/02/2019 02:00,0.0,0.0
24/02/2019 03:00,0.0,0.0
24/02/2019 04:00,0.0,0.0
24/02/2019 05:00,0.0,0.0
24/02/2019 06:00,0.013,0.0
24/02/2019 07:00,0.172,0.058
24/02/2019 08:00,0.377,0.148
24/02/2019 09:00,0.538,0.219
24/02/2019 10:00,0.645,0.26
24/02/2019 11:00,0.689,0.291
24/02/2019 12:00,0.643,0.317
24/02/2019 13:00,0.533,0.329
24/02/2019 14:00,0.455,0.314
24/02/2019 15:00,0.353,0.256
24/02/2019 16:00,0.199,0.154
24/02/2019 17:00,0.041,0.052
24/02/2019 18:00,0.0,0.0
24/02/2019 19:00,0.0,0.0
24/02/2019 20:00,0.0,0.0
24/02/2019 21:00,0.0,0.0
24/02/2019 22:00,0.0,0.0
24/02/2019 23:00,0.0,0.0
25/02/2019 00:00,0.0,0.0
25/02/2019 01:00,0.0,0.0
25/02/2019 02:00,0.0,0.0
25/02/2019 03:00,0.0,0.0
25/02/2019 04:00,0.0,0.0
25/02/2019 05:00,0.0,0.0
25/02/2019 06:00,0.01,0.0
25/02/2019 07:00,0.151,0.088
25/02/2019 08:00,0.364,0.25
25/02/2019 09:00,0.532,0.409
25/02/2019 10:00,0.65,0.507
25/02/2019 11:00,0.708,0.567
25/02/2019 12:00,0.707,0.539
25/02/2019 13:00,0.634,0.46
25/02/2019 14:00,0.526,0.368
25/02/2019 15:00,0.374,0.229
25/02/2019 16:00,0.176,0.129
25/02/2019 17:00,0.032,0.047
25/02/2019 18:00,0.0,0.0
25/02/2019 19:00,0.0,0.0
25/02/2019 20:00,0.0,0.0
25/02/2019 21:00,0.0,0.0
25/02/2019 22:00,0.0,0.0
25/02/2019 23:00,0.0,0.0
26/02/2019 00:00,0.0,0.0
26/02/2019 01:00,0.0,0.0
26/02/2019 02:00,0.0,0.0
26/02/2019 03:00,0.0,0.0
26/02/2019 04:00,0.0,0.0
26/02/2019 05:00,0.0,0.0
26/02/2019 06:00,0.009,0.0
26/02/2019 07:00,0.122,0.051
26/02/2019 08:00,0.266,0.141
26/02/2019 09:00,0.382,0.217
26/02/2019 10:00,0.413,0.282
26/02/2019 11:00,0.402,0.341
26/02/2019 12:00,0.409,0.395
26/02/2019 13:00,0.403,0.418
26/02/2019 14:00,0.35,0.386
26/02/2019 15:00,0.24,0.312
26/02/2019 16:00,0.114,0.194
26/02/2019 17:00,0.019,0.07
26/02/2019 18:00,0.0,0.0
26/02/2019 19:00,0.0,0.0
26/02/2019 20:00,0.0,0.0
26/02/2019 21:00,0.0,0.0
26/02/2019 22:00,0.0,0.0
26/02/2019 23:00,0.0,0.0
27/02/2019 00:00,0.0,0.0
27/02/2019 01:00,0.0,0.0
27/02/2019 02:00,0.0,0.0
27/02/2019 03:00,0.0,0.0
27/02/2019 04:00,0.0,0.0
27/02/2019 05:00,0.0,0.0
27/02/2019 06:00,0.015,0.001
27/02/2019 07:00,0.168,0.088
27/02/2019 08:00,0.34,0.212
27/02/2019 09:00,0.479,0.33
27/02/2019 10:00,0.584,0.424
27/02/2019 11:00,0.631,0.485
27/02/2019 12:00,0.631,0.51
27/02/2019 13:00,0.587,0.512
27/02/2019 14:00,0.504,0.488
27/02/2019 15:00,0.37,0.405
27/02/2019 16:00,0.199,0.241
27/02/2019 17:00,0.041,0.077
27/02/2019 18:00,0.0,0.0
27/02/2019 19:00,0.0,0.0
27/02/2019 20:00,0.0,0.0
27/02/2019 21:00,0.0,0.0
27/02/2019 22:00,0.0,0.0
27/02/2019 23:00,0.0,0.0
28/02/2019 00:00,0.0,0.0
28/02/2019 01:00,0.0,0.0
28/02/2019 02:00,0.0,0.0
28/02/2019 03:00,0.0,0.0
28/02/2019 04:00,0.0,0.0
28/02/2019 05:00,0.0,0.0
28/02/2019 06:00,0.01,0.0
28/02/2019 07:00,0.159,0.094
28/02/2019 08:00,0.397,0.262
28/02/2019 09:00,0.552,0.432
28/02/2019 10:00,0.646,0.558
28/02/2019 11:00,0.69,0.62
28/02/2019 12:00,0.702,0.578
28/02/2019 13:00,0.661,0.447
28/02/2019 14:00,0.564,0.24
28/02/2019 15:00,0.415,0.135
28/02/2019 16:00,0.198,0.057
28/02/2019 17:00,0.034,0.014
28/02/2019 18:00,0.0,0.0
28/02/2019 19:00,0.0,0.0
28/02/2019 20:00,0.0,0.0
28/02/2019 21:00,0.0,0.0
28/02/2019 22:00,0.0,0.0
28/02/2019 23:00,0.0,0.0
01/03/2019 00:00,0.0,0.0
01/03/2019 01:00,0.0,0.0
01/03/2019 02:00,0.0,0.0
01/03/2019 03:00,0.0,0.0
01/03/2019 04:00,0.0,0.0
01/03/2019 05:00,0.0,0.0
01/03/2019 06:00,0.009,0.0
01/03/2019 07:00,0.102,0.046
01/03/2019 08:00,0.276,0.183
01/03/2019 09:00,0.501,0.336
01/03/2019 10:00,0.64,0.447
01/03/2019 11:00,0.683,0.494
01/03/2019 12:00,0.682,0.476
01/03/2019 13:00,0.638,0.366
01/03/2019 14:00,0.522,0.254
01/03/2019 15:00,0.31,0.193
01/03/2019 16:00,0.132,0.117
01/03/2019 17:00,0.023,0.042
01/03/2019 18:00,0.0,0.0
01/03/2019 19:00,0.0,0.0
01/03/2019 20:00,0.0,0.0
01/03/2019 21:00,0.0,0.0
01/03/2019 22:00,0.0,0.0
01/03/2019 23:00,0.0,0.0
02/03/2019 00:00,0.0,0.0
02/03/2019 01:00,0.0,0.0
02/03/2019 02:00,0.0,0.0
02/03/2019 03:00,0.0,0.0
02/03/2019 04:00,0.0,0.0
02/03/2019 05:00,0.0,0.0
02/03/2019 06:00,0.011,0.001
02/03/2019 07:00,0.11,0.121
02/03/2019 08:00,0.256,0.318
02/03/2019 09:00,0.425,0.485
02/03/2019 10:00,0.581,0.608
02/03/2019 11:00,0.656,0.677
02/03/2019 12:00,0.675,0.697
02/03/2019 13:00,0.658,0.646
02/03/2019 14:00,0.574,0.536
02/03/2019 15:00,0.436,0.347
02/03/2019 16:00,0.239,0.197
02/03/2019 17:00,0.051,0.065
02/03/2019 18:00,0.0,0.0
02/03/2019 19:00,0.0,0.0
02/03/2019 20:00,0.0,0.0
02/03/2019 21:00,0.0,0.0
02/03/2019 22:00,0.0,0.0
02/03/2019 23:00,0.0,0.0
03/03/2019 00:00,0.0,0.0
03/03/2019 01:00,0.0,0.0
03/03/2019 02:00,0.0,0.0
03/03/2019 03:00,0.0,0.0
03/03/2019 04:00,0.0,0.0
03/03/2019 05:00,0.0,0.0
03/03/2019 06:00,0.017,0.001
03/03/2019 07:00,0.194,0.114
03/03/2019 08:00,0.4,0.304
03/03/2019 09:00,0.556,0.467
03/03/2019 10:00,0.663,0.581
03/03/2019 11:00,0.71,0.632
03/03/2019 12:00,0.71,0.637
03/03/2019 13:00,0.668,0.625
03/03/2019 14:00,0.574,0.543
03/03/2019 15:00,0.43,0.365
03/03/2019 16:00,0.239,0.199
03/03/2019 17:00,0.052,0.064
03/03/2019 18:00,0.0,0.0
03/03/2019 19:00,0.0,0.0
03/03/2019 20:00,0.0,0.0
03/03/2019 21:00,0.0,0.0
03/03/2019 22:00,0.0,0.0
03/03/2019 23:00,0.0,0.0
04/03/2019 00:00,0.0,0.0
04/03/2019 01:00,0.0,0.0
04/03/2019 02:00,0.0,0.0
04/03/2019 03:00,0.0,0.0
04/03/2019 04:00,0.0,0.0
04/03/2019 05:00,0.0,0.0
04/03/2019 06:00,0.019,0.001
04/03/2019 07:00,0.206,0.119
04/03/2019 08:00,0.412,0.308
04/03/2019 09:00,0.564,0.459
04/03/2019 10:00,0.589,0.54
04/03/2019 11:00,0.568,0.598
04/03/2019 12:00,0.567,0.605
04/03/2019 13:00,0.575,0.584
04/03/2019 14:00,0.517,0.523
04/03/2019 15:00,0.397,0.418
04/03/2019 16:00,0.217,0.254
04/03/2019 17:00,0.049,0.086
04/03/2019 18:00,0.0,0.001
04/03/2019 19:00,0.0,0.0
04/03/2019 20:00,0.0,0.0
04/03/2019 21:00,0.0,0.0
04/03/2019 22:00,0.0,0.0
04/03/2019 23:00,0.0,0.0
05/03/2019 00:00,0.0,0.0
05/03/2019 01:00,0.0,0.0
05/03/2019 02:00,0.0,0.0
05/03/2019 03:00,0.0,0.0
05/03/2019 04:00,0.0,0.0
05/03/2019 05:00,0.0,0.0
05/03/2019 06:00,0.019,0.0
05/03/2019 07:00,0.199,0.084
05/03/2019 08:00,0.394,0.23
05/03/2019 09:00,0.553,0.359
05/03/2019 10:00,0.659,0.463
05/03/2019 11:00,0.714,0.539
05/03/2019 12:00,0.717,0.58
05/03/2019 13:00,0.676,0.56
05/03/2019 14:00,0.586,0.512
05/03/2019 15:00,0.445,0.402
05/03/2019 16:00,0.256,0.233
05/03/2019 17:00,0.059,0.084
05/03/2019 18:00,0.0,0.001
05/03/2019 19:00,0.0,0.0
05/03/2019 20:00,0.0,0.0
05/03/2019 21:00,0.0,0.0
05/03/2019 22:00,0.0,0.0
05/03/2019 23:00,0.0,0.0
06/03/2019 00:00,0.0,0.0
06/03/2019 01:00,0.0,0.0
06/03/2019 02:00,0.0,0.0
06/03/2019 03:00,0.0,0.0
06/03/2019 04:00,0.0,0.0
06/03/2019 05:00,0.0,0.0
06/03/2019 06:00,0.017,0.001
06/03/2019 07:00,0.177,0.094
06/03/2019 08:00,0.36,0.252
06/03/2019 09:00,0.505,0.392
06/03/2019 10:00,0.567,0.496
06/03/2019 11:00,0.604,0.555
06/03/2019 12:00,0.598,0.568
06/03/2019 13:00,0.575,0.525
06/03/2019 14:00,0.474,0.434
06/03/2019 15:00,0.318,0.303
06/03/2019 16:00,0.163,0.144
06/03/2019 17:00,0.035,0.046
06/03/2019 18:00,0.0,0.0
06/03/2019 19:00,0.0,0.0
06/03/2019 20:00,0.0,0.0
06/03/2019 21:00,0.0,0.0
06/03/2019 22:00,0.0,0.0
06/03/2019 23:00,0.0,0.0
07/03/2019 00:00,0.0,0.0
07/03/2019 01:00,0.0,0.0
07/03/2019 02:00,0.0,0.0
07/03/2019 03:00,0.0,0.0
07/03/2019 04:00,0.0,0.0
07/03/2019 05:00,0.0,0.0
07/03/2019 06:00,0.015,0.001
07/03/2019 07:00,0.157,0.096
07/03/2019 08:00,0.356,0.261
07/03/2019 09:00,0.522,0.397
07/03/2019 10:00,0.634,0.477
07/03/2019 11:00,0.69,0.553
07/03/2019 12:00,0.695,0.587
07/03/2019 13:00,0.628,0.553
07/03/2019 14:00,0.535,0.475
07/03/2019 15:00,0.393,0.349
07/03/2019 16:00,0.214,0.192
07/03/2019 17:00,0.046,0.056
07/03/2019 18:00,0.0,0.0
07/03/2019 19:00,0.0,0.0
07/03/2019 20:00,0.0,0.0
07/03/2019 21:00,0.0,0.0
07/03/2019 22:00,0.0,0.0
07/03/2019 23:00,0.0,0.0
08/03/2019 00:00,0.0,0.0
08/03/2019 01:00,0.0,0.0
08/03/2019 02:00,0.0,0.0
08/03/2019 03:00,0.0,0.0
08/03/2019 04:00,0.0,0.0
08/03/2019 05:00,0.0,0.0
08/03/2019 06:00,0.017,0.0
08/03/2019 07:00,0.171,0.057
08/03/2019 08:00,0.335,0.148
08/03/2019 09:00,0.47,0.219
08/03/2019 10:00,0.581,0.288
08/03/2019 11:00,0.684,0.352
08/03/2019 12:00,0.694,0.404
08/03/2019 13:00,0.658,0.433
08/03/2019 14:00,0.568,0.43
08/03/2019 15:00,0.43,0.34
08/03/2019 16:00,0.245,0.199
08/03/2019 17:00,0.057,0.065
08/03/2019 18:00,0.0,0.0
08/03/2019 19:00,0.0,0.0
08/03/2019 20:00,0.0,0.0
08/03/2019 21:00,0.0,0.0
08/03/2019 22:00,0.0,0.0
08/03/2019 23:00,0.0,0.0
09/03/2019 00:00,0.0,0.0
09/03/2019 01:00,0.0,0.0
09/03/2019 02:00,0.0,0.0
09/03/2019 03:00,0.0,0.0
09/03/2019 04:00,0.0,0.0
09/03/2019 05:00,0.0,0.0
09/03/2019 06:00,0.018,0.001
09/03/2019 07:00,0.185,0.1
09/03/2019 08:00,0.386,0.267
09/03/2019 09:00,0.54,0.392
09/03/2019 10:00,0.629,0.446
09/03/2019 11:00,0.685,0.498
09/03/2019 12:00,0.695,0.503
09/03/2019 13:00,0.649,0.46
09/03/2019 14:00,0.563,0.399
09/03/2019 15:00,0.428,0.304
09/03/2019 16:00,0.249,0.181
09/03/2019 17:00,0.06,0.062
09/03/2019 18:00,0.0,0.0
09/03/2019 19:00,0.0,0.0
09/03/2019 20:00,0.0,0.0
09/03/2019 21:00,0.0,0.0
09/03/2019 22:00,0.0,0.0
09/03/2019 23:00,0.0,0.0
10/03/2019 00:00,0.0,0.0
10/03/2019 01:00,0.0,0.0
10/03/2019 02:00,0.0,0.0
10/03/2019 03:00,0.0,0.0
10/03/2019 04:00,0.0,0.0
10/03/2019 05:00,0.0,0.0
10/03/2019 06:00,0.021,0.001
10/03/2019 07:00,0.201,0.092
10/03/2019 08:00,0.406,0.249
10/03/2019 09:00,0.562,0.393
10/03/2019 10:00,0.651,0.507
10/03/2019 11:00,0.698,0.574
10/03/2019 12:00,0.699,0.598
10/03/2019 13:00,0.653,0.557
10/03/2019 14:00,0.544,0.452
10/03/2019 15:00,0.414,0.286
10/03/2019 16:00,0.251,0.136
10/03/2019 17:00,0.059,0.042
10/03/2019 18:00,0.0,0.0
10/03/2019 19:00,0.0,0.0
10/03/2019 20:00,0.0,0.0
10/03/2019 21:00,0.0,0.0
10/03/2019 22:00,0.0,0.0
10/03/2019 23:00,0.0,0.0
11/03/2019 00:00,0.0,0.0
11/03/2019 01:00,0.0,0.0
11/03/2019 02:00,0.0,0.0
11/03/2019 03:00,0.0,0.0
11/03/2019 04:00,0.0,0.0
11/03/2019 05:00,0.0,0.0
11/03/2019 06:00,0.023,0.001
11/03/2019 07:00,0.22,0.083
11/03/2019 08:00,0.43,0.229
11/03/2019 09:00,0.585,0.37
11/03/2019 10:00,0.692,0.505
11/03/2019 11:00,0.735,0.602
11/03/2019 12:00,0.736,0.645
11/03/2019 13:00,0.693,0.63
11/03/2019 14:00,0.604,0.567
11/03/2019 15:00,0.466,0.452
11/03/2019 16:00,0.278,0.289
11/03/2019 17:00,0.071,0.091
11/03/2019 18:00,0.0,0.002
11/03/2019 19:00,0.0,0.0
11/03/2019 20:00,0.0,0.0
11/03/2019 21:00,0.0,0.0
11/03/2019 22:00,0.0,0.0
11/03/2019 23:00,0.0,0.0
12/03/2019 00:00,0.0,0.0
12/03/2019 01:00,0.0,0.0
12/03/2019 02:00,0.0,0.0
12/03/2019 03:00,0.0,0.0
12/03/2019 04:00,0.0,0.0
12/03/2019 05:00,0.0,0.0
12/03/2019 06:00,0.025,0.001
12/03/2019 07:00,0.22,0.084
12/03/2019 08:00,0.431,0.206
12/03/2019 09:00,0.583,0.298
12/03/2019 10:00,0.68,0.358
12/03/2019 11:00,0.726,0.4
12/03/2019 12:00,0.726,0.402
12/03/2019 13:00,0.685,0.373
12/03/2019 14:00,0.596,0.324
12/03/2019 15:00,0.458,0.25
12/03/2019 16:00,0.272,0.15
12/03/2019 17:00,0.071,0.054
12/03/2019 18:00,0.0,0.0
12/03/2019 19:00,0.0,0.0
12/03/2019 20:00,0.0,0.0
12/03/2019 21:00,0.0,0.0
12/03/2019 22:00,0.0,0.0
12/03/2019 23:00,0.0,0.0
13/03/2019 00:00,0.0,0.0
13/03/2019 01:00,0.0,0.0
13/03/2019 02:00,0.0,0.0
13/03/2019 03:00,0.0,0.0
13/03/2019 04:00,0.0,0.0
13/03/2019 05:00,0.0,0.0
13/03/2019 06:00,0.025,0.001
13/03/2019 07:00,0.219,0.08
13/03/2019 08:00,0.405,0.214
13/03/2019 09:00,0.555,0.317
13/03/2019 10:00,0.642,0.4
13/03/2019 11:00,0.684,0.477
13/03/2019 12:00,0.679,0.521
13/03/2019 13:00,0.621,0.519
13/03/2019 14:00,0.429,0.461
13/03/2019 15:00,0.254,0.354
13/03/2019 16:00,0.123,0.212
13/03/2019 17:00,0.028,0.075
13/03/2019 18:00,0.0,0.001
13/03/2019 19:00,0.0,0.0
13/03/2019 20:00,0.0,0.0
13/03/2019 21:00,0.0,0.0
13/03/2019 22:00,0.0,0.0
13/03/2019 23:00,0.0,0.0
14/03/2019 00:00,0.0,0.0
14/03/2019 01:00,0.0,0.0
14/03/2019 02:00,0.0,0.0
14/03/2019 03:00,0.0,0.0
14/03/2019 04:00,0.0,0.0
14/03/2019 05:00,0.0,0.0
14/03/2019 06:00,0.022,0.001
14/03/2019 07:00,0.187,0.079
14/03/2019 08:00,0.378,0.214
14/03/2019 09:00,0.537,0.351
14/03/2019 10:00,0.64,0.468
14/03/2019 11:00,0.686,0.533
14/03/2019 12:00,0.684,0.542
14/03/2019 13:00,0.638,0.506
14/03/2019 14:00,0.54,0.431
14/03/2019 15:00,0.388,0.303
14/03/2019 16:00,0.206,0.156
14/03/2019 17:00,0.046,0.046
14/03/2019 18:00,0.0,0.0
14/03/2019 19:00,0.0,0.0
14/03/2019 20:00,0.0,0.0
14/03/2019 21:00,0.0,0.0
14/03/2019 22:00,0.0,0.0
14/03/2019 23:00,0.0,0.0
15/03/2019 00:00,0.0,0.0
15/03/2019 01:00,0.0,0.0
15/03/2019 02:00,0.0,0.0
15/03/2019 03:00,0.0,0.0
15/03/2019 04:00,0.0,0.0
15/03/2019 05:00,0.0,0.0
15/03/2019 06:00,0.007,0.001
15/03/2019 07:00,0.115,0.067
15/03/2019 08:00,0.327,0.183
15/03/2019 09:00,0.505,0.306
15/03/2019 10:00,0.617,0.413
15/03/2019 11:00,0.668,0.475
15/03/2019 12:00,0.669,0.486
15/03/2019 13:00,0.622,0.455
15/03/2019 14:00,0.534,0.381
15/03/2019 15:00,0.407,0.286
15/03/2019 16:00,0.227,0.169
15/03/2019 17:00,0.051,0.058
15/03/2019 18:00,0.0,0.001
15/03/2019 19:00,0.0,0.0
15/03/2019 20:00,0.0,0.0
15/03/2019 21:00,0.0,0.0
15/03/2019 22:00,0.0,0.0
15/03/2019 23:00,0.0,0.0
16/03/2019 00:00,0.0,0.0
16/03/2019 01:00,0.0,0.0
16/03/2019 02:00,0.0,0.0
16/03/2019 03:00,0.0,0.0
16/03/2019 04:00,0.0,0.0
16/03/2019 05:00,0.0,0.0
16/03/2019 06:00,0.016,0.001
16/03/2019 07:00,0.141,0.082
16/03/2019 08:00,0.31,0.229
16/03/2019 09:00,0.465,0.364
16/03/2019 10:00,0.602,0.418
16/03/2019 11:00,0.678,0.504
16/03/2019 12:00,0.693,0.554
16/03/2019 13:00,0.649,0.558
16/03/2019 14:00,0.548,0.482
16/03/2019 15:00,0.401,0.323
16/03/2019 16:00,0.223,0.17
16/03/2019 17:00,0.052,0.056
16/03/2019 18:00,0.0,0.001
16/03/2019 19:00,0.0,0.0
16/03/2019 20:00,0.0,0.0
16/03/2019 21:00,0.0,0.0
16/03/2019 22:00,0.0,0.0
16/03/2019 23:00,0.0,0.0
17/03/2019 00:00,0.0,0.0
17/03/2019 01:00,0.0,0.0
17/03/2019 02:00,0.0,0.0
17/03/2019 03:00,0.0,0.0
17/03/2019 04:00,0.0,0.0
17/03/2019 05:00,0.0,0.0
17/03/2019 06:00,0.017,0.002
17/03/2019 07:00,0.158,0.094
17/03/2019 08:00,0.353,0.252
17/03/2019 09:00,0.515,0.403
17/03/2019 10:00,0.637,0.513
17/03/2019 11:00,0.689,0.576
17/03/2019 12:00,0.691,0.582
17/03/2019 13:00,0.638,0.57
17/03/2019 14:00,0.55,0.462
17/03/2019 15:00,0.405,0.33
17/03/2019 16:00,0.222,0.189
17/03/2019 17:00,0.054,0.071
17/03/2019 18:00,0.0,0.001
17/03/2019 19:00,0.0,0.0
17/03/2019 20:00,0.0,0.0
17/03/2019 21:00,0.0,0.0
17/03/2019 22:00,0.0,0.0
17/03/2019 23:00,0.0,0.0
18/03/2019 00:00,0.0,0.0
18/03/2019 01:00,0.0,0.0
18/03/2019 02:00,0.0,0.0
18/03/2019 03:00,0.0,0.0
18/03/2019 04:00,0.0,0.0
18/03/2019 05:00,0.0,0.0
18/03/2019 06:00,0.016,0.002
18/03/2019 07:00,0.161,0.089
18/03/2019 08:00,0.342,0.245
18/03/2019 09:00,0.486,0.398
18/03/2019 10:00,0.597,0.484
18/03/2019 11:00,0.647,0.573
18/03/2019 12:00,0.656,0.61
18/03/2019 13:00,0.634,0.602
18/03/2019 14:00,0.565,0.539
18/03/2019 15:00,0.429,0.423
18/03/2019 16:00,0.248,0.265
18/03/2019 17:00,0.062,0.098
18/03/2019 18:00,0.0,0.002
18/03/2019 19:00,0.0,0.0
18/03/2019 20:00,0.0,0.0
18/03/2019 21:00,0.0,0.0
18/03/2019 22:00,0.0,0.0
18/03/2019 23:00,0.0,0.0
19/03/2019 00:00,0.0,0.0
19/03/2019 01:00,0.0,0.0
19/03/2019 02:00,0.0,0.0
19/03/2019 03:00,0.0,0.0
19/03/2019 04:00,0.0,0.0
19/03/2019 05:00,0.0,0.0
19/03/2019 06:00,0.027,0.002
19/03/2019 07:00,0.221,0.113
19/03/2019 08:00,0.421,0.294
19/03/2019 09:00,0.569,0.445
19/03/2019 10:00,0.659,0.557
19/03/2019 11:00,0.704,0.622
19/03/2019 12:00,0.704,0.641
19/03/2019 13:00,0.667,0.633
19/03/2019 14:00,0.579,0.566
19/03/2019 15:00,0.443,0.449
19/03/2019 16:00,0.263,0.274
19/03/2019 17:00,0.072,0.103
19/03/2019 18:00,0.0,0.003
19/03/2019 19:00,0.0,0.0
19/03/2019 20:00,0.0,0.0
19/03/2019 21:00,0.0,0.0
19/03/2019 22:00,0.0,0.0
19/03/2019 23:00,0.0,0.0
20/03/2019 00:00,0.0,0.0
20/03/2019 01:00,0.0,0.0
20/03/2019 02:00,0.0,0.0
20/03/2019 03:00,0.0,0.0
20/03/2019 04:00,0.0,0.0
20/03/2019 05:00,0.0,0.0
20/03/2019 06:00,0.023,0.001
20/03/2019 07:00,0.147,0.083
20/03/2019 08:00,0.247,0.218
20/03/2019 09:00,0.323,0.311
20/03/2019 10:00,0.366,0.408
20/03/2019 11:00,0.48,0.454
20/03/2019 12:00,0.495,0.474
20/03/2019 13:00,0.461,0.445
20/03/2019 14:00,0.426,0.409
20/03/2019 15:00,0.336,0.32
20/03/2019 16:00,0.191,0.193
20/03/2019 17:00,0.05,0.074
20/03/2019 18:00,0.0,0.002
20/03/2019 19:00,0.0,0.0
20/03/2019 20:00,0.0,0.0
20/03/2019 21:00,0.0,0.0
20/03/2019 22:00,0.0,0.0
20/03/2019 23:00,0.0,0.0
21/03/2019 00:00,0.0,0.0
21/03/2019 01:00,0.0,0.0
21/03/2019 02:00,0.0,0.0
21/03/2019 03:00,0.0,0.0
21/03/2019 04:00,0.0,0.0
21/03/2019 05:00,0.0,0.0
21/03/2019 06:00,0.023,0.001
21/03/2019 07:00,0.191,0.08
21/03/2019 08:00,0.393,0.207
21/03/2019 09:00,0.544,0.335
21/03/2019 10:00,0.637,0.438
21/03/2019 11:00,0.684,0.51
21/03/2019 12:00,0.688,0.531
21/03/2019 13:00,0.647,0.486
21/03/2019 14:00,0.562,0.411
21/03/2019 15:00,0.43,0.277
21/03/2019 16:00,0.254,0.162
21/03/2019 17:00,0.069,0.054
21/03/2019 18:00,0.0,0.001
21/03/2019 19:00,0.0,0.0
21/03/2019 20:00,0.0,0.0
21/03/2019 21:00,0.0,0.0
21/03/2019 22:00,0.0,0.0
21/03/2019 23:00,0.0,0.0
22/03/2019 00:00,0.0,0.0
22/03/2019 01:00,0.0,0.0
22/03/2019 02:00,0.0,0.0
22/03/2019 03:00,0.0,0.0
22/03/2019 04:00,0.0,0.0
22/03/2019 05:00,0.0,0.0
22/03/2019 06:00,0.026,0.001
22/03/2019 07:00,0.208,0.068
22/03/2019 08:00,0.406,0.184
22/03/2019 09:00,0.555,0.299
22/03/2019 10:00,0.646,0.375
22/03/2019 11:00,0.689,0.407
22/03/2019 12:00,0.691,0.356
22/03/2019 13:00,0.653,0.337
22/03/2019 14:00,0.565,0.282
22/03/2019 15:00,0.43,0.243
22/03/2019 16:00,0.252,0.159
22/03/2019 17:00,0.069,0.057
22/03/2019 18:00,0.0,0.001
22/03/2019 19:00,0.0,0.0
22/03/2019 20:00,0.0,0.0
22/03/2019 21:00,0.0,0.0
22/03/2019 22:00,0.0,0.0
22/03/2019 23:00,0.0,0.0
23/03/2019 00:00,0.0,0.0
23/03/2019 01:00,0.0,0.0
23/03/2019 02:00,0.0,0.0
23/03/2019 03:00,0.0,0.0
23/03/2019 04:00,0.0,0.0
23/03/2019 05:00,0.0,0.0
23/03/2019 06:00,0.019,0.0
23/03/2019 07:00,0.146,0.04
23/03/2019 08:00,0.344,0.1
23/03/2019 09:00,0.501,0.162
23/03/2019 10:00,0.607,0.23
23/03/2019 11:00,0.668,0.284
23/03/2019 12:00,0.681,0.331
23/03/2019 13:00,0.645,0.354
23/03/2019 14:00,0.56,0.345
23/03/2019 15:00,0.427,0.322
23/03/2019 16:00,0.25,0.227
23/03/2019 17:00,0.066,0.096
23/03/2019 18:00,0.0,0.003
23/03/2019 19:00,0.0,0.0
23/03/2019 20:00,0.0,0.0
23/03/2019 21:00,0.0,0.0
23/03/2019 22:00,0.0,0.0
23/03/2019 23:00,0.0,0.0
24/03/2019 00:00,0.0,0.0
24/03/2019 01:00,0.0,0.0
24/03/2019 02:00,0.0,0.0
24/03/2019 03:00,0.0,0.0
24/03/2019 04:00,0.0,0.0
24/03/2019 05:00,0.0,0.0
24/03/2019 06:00,0.011,0.003
24/03/2019 07:00,0.104,0.087
24/03/2019 08:00,0.231,0.219
24/03/2019 09:00,0.321,0.346
24/03/2019 10:00,0.399,0.412
24/03/2019 11:00,0.501,0.466
24/03/2019 12:00,0.592,0.503
24/03/2019 13:00,0.603,0.517
24/03/2019 14:00,0.52,0.462
24/03/2019 15:00,0.388,0.361
24/03/2019 16:00,0.214,0.224
24/03/2019 17:00,0.053,0.088
24/03/2019 18:00,0.0,0.003
24/03/2019 19:00,0.0,0.0
24/03/2019 20:00,0.0,0.0
24/03/2019 21:00,0.0,0.0
24/03/2019 22:00,0.0,0.0
24/03/2019 23:00,0.0,0.0
25/03/2019 00:00,0.0,0.0
25/03/2019 01:00,0.0,0.0
25/03/2019 02:00,0.0,0.0
25/03/2019 03:00,0.0,0.0
25/03/2019 04:00,0.0,0.0
25/03/2019 05:00,0.0,0.0
25/03/2019 06:00,0.015,0.002
25/03/2019 07:00,0.113,0.088
25/03/2019 08:00,0.28,0.213
25/03/2019 09:00,0.446,0.339
25/03/2019 10:00,0.575,0.459
25/03/2019 11:00,0.596,0.535
25/03/2019 12:00,0.557,0.565
25/03/2019 13:00,0.5,0.518
25/03/2019 14:00,0.414,0.431
25/03/2019 15:00,0.291,0.306
25/03/2019 16:00,0.156,0.171
25/03/2019 17:00,0.041,0.059
25/03/2019 18:00,0.0,0.001
25/03/2019 19:00,0.0,0.0
25/03/2019 20:00,0.0,0.0
25/03/2019 21:00,0.0,0.0
25/03/2019 22:00,0.0,0.0
25/03/2019 23:00,0.0,0.0
26/03/2019 00:00,0.0,0.0
26/03/2019 01:00,0.0,0.0
26/03/2019 02:00,0.0,0.0
26/03/2019 03:00,0.0,0.0
26/03/2019 04:00,0.0,0.0
26/03/2019 05:00,0.0,0.0
26/03/2019 06:00,0.016,0.002
26/03/2019 07:00,0.12,0.078
26/03/2019 08:00,0.241,0.205
26/03/2019 09:00,0.331,0.315
26/03/2019 10:00,0.391,0.409
26/03/2019 11:00,0.436,0.478
26/03/2019 12:00,0.457,0.52
26/03/2019 13:00,0.416,0.53
26/03/2019 14:00,0.355,0.464
26/03/2019 15:00,0.269,0.356
26/03/2019 16:00,0.161,0.226
26/03/2019 17:00,0.044,0.087
26/03/2019 18:00,0.0,0.002
26/03/2019 19:00,0.0,0.0
26/03/2019 20:00,0.0,0.0
26/03/2019 21:00,0.0,0.0
26/03/2019 22:00,0.0,0.0
26/03/2019 23:00,0.0,0.0
27/03/2019 00:00,0.0,0.0
27/03/2019 01:00,0.0,0.0
27/03/2019 02:00,0.0,0.0
27/03/2019 03:00,0.0,0.0
27/03/2019 04:00,0.0,0.0
27/03/2019 05:00,0.0,0.0
27/03/2019 06:00,0.022,0.001
27/03/2019 07:00,0.175,0.07
27/03/2019 08:00,0.36,0.197
27/03/2019 09:00,0.513,0.329
27/03/2019 10:00,0.617,0.391
27/03/2019 11:00,0.666,0.47
27/03/2019 12:00,0.67,0.503
27/03/2019 13:00,0.618,0.543
27/03/2019 14:00,0.527,0.503
27/03/2019 15:00,0.385,0.411
27/03/2019 16:00,0.206,0.266
27/03/2019 17:00,0.052,0.102
27/03/2019 18:00,0.0,0.003
27/03/2019 19:00,0.0,0.0
27/03/2019 20:00,0.0,0.0
27/03/2019 21:00,0.0,0.0
27/03/2019 22:00,0.0,0.0
27/03/2019 23:00,0.0,0.0
28/03/2019 00:00,0.0,0.0
28/03/2019 01:00,0.0,0.0
28/03/2019 02:00,0.0,0.0
28/03/2019 03:00,0.0,0.0
28/03/2019 04:00,0.0,0.0
28/03/2019 05:00,0.0,0.0
28/03/2019 06:00,0.023,0.003
28/03/2019 07:00,0.173,0.096
28/03/2019 08:00,0.352,0.263
28/03/2019 09:00,0.478,0.422
28/03/2019 10:00,0.568,0.541
28/03/2019 11:00,0.631,0.613
28/03/2019 12:00,0.641,0.635
28/03/2019 13:00,0.604,0.625
28/03/2019 14:00,0.52,0.555
28/03/2019 15:00,0.384,0.442
28/03/2019 16:00,0.215,0.274
28/03/2019 17:00,0.055,0.108
28/03/2019 18:00,0.0,0.003
28/03/2019 19:00,0.0,0.0
28/03/2019 20:00,0.0,0.0
28/03/2019 21:00,0.0,0.0
28/03/2019 22:00,0.0,0.0
28/03/2019 23:00,0.0,0.0
29/03/2019 00:00,0.0,0.0
29/03/2019 01:00,0.0,0.0
29/03/2019 02:00,0.0,0.0
29/03/2019 03:00,0.0,0.0
29/03/2019 04:00,0.0,0.0
29/03/2019 05:00,0.0,0.0
29/03/2019 06:00,0.023,0.003
29/03/2019 07:00,0.173,0.092
29/03/2019 08:00,0.36,0.23
29/03/2019 09:00,0.508,0.346
29/03/2019 10:00,0.603,0.445
29/03/2019 11:00,0.655,0.522
29/03/2019 12:00,0.662,0.562
29/03/2019 13:00,0.633,0.57
29/03/2019 14:00,0.547,0.518
29/03/2019 15:00,0.414,0.417
29/03/2019 16:00,0.241,0.273
29/03/2019 17:00,0.066,0.108
29/03/2019 18:00,0.0,0.004
29/03/2019 19:00,0.0,0.0
29/03/2019 20:00,0.0,0.0
29/03/2019 21:00,0.0,0.0
29/03/2019 22:00,0.0,0.0
29/03/2019 23:00,0.0,0.0
30/03/2019 00:00,0.0,0.0
30/03/2019 01:00,0.0,0.0
30/03/2019 02:00,0.0,0.0
30/03/2019 03:00,0.0,0.0
30/03/2019 04:00,0.0,0.0
30/03/2019 05:00,0.0,0.0
30/03/2019 06:00,0.027,0.003
30/03/2019 07:00,0.202,0.088
30/03/2019 08:00,0.393,0.232
30/03/2019 09:00,0.536,0.349
30/03/2019 10:00,0.645,0.433
30/03/2019 11:00,0.692,0.498
30/03/2019 12:00,0.694,0.529
30/03/2019 13:00,0.653,0.493
30/03/2019 14:00,0.568,0.432
30/03/2019 15:00,0.436,0.339
30/03/2019 16:00,0.261,0.214
30/03/2019 17:00,0.074,0.077
30/03/2019 18:00,0.0,0.002
30/03/2019 19:00,0.0,0.0
30/03/2019 20:00,0.0,0.0
30/03/2019 21:00,0.0,0.0
30/03/2019 22:00,0.0,0.0
30/03/2019 23:00,0.0,0.0
31/03/2019 00:00,0.0,0.0
31/03/2019 01:00,0.0,0.0
31/03/2019 02:00,0.0,0.0
31/03/2019 03:00,0.0,0.0
31/03/2019 04:00,0.0,0.0
31/03/2019 05:00,0.0,0.0
31/03/2019 06:00,0.022,0.002
31/03/2019 07:00,0.159,0.077
31/03/2019 08:00,0.334,0.199
31/03/2019 09:00,0.489,0.312
31/03/2019 10:00,0.576,0.4
31/03/2019 11:00,0.638,0.459
31/03/2019 12:00,0.638,0.476
31/03/2019 13:00,0.578,0.466
31/03/2019 14:00,0.499,0.416
31/03/2019 15:00,0.387,0.328
31/03/2019 16:00,0.229,0.207
31/03/2019 17:00,0.063,0.079
31/03/2019 18:00,0.0,0.002
31/03/2019 19:00,0.0,0.0
31/03/2019 20:00,0.0,0.0
31/03/2019 21:00,0.0,0.0
31/03/2019 22:00,0.0,0.0
31/03/2019 23:00,0.0,0.0
01/04/2019 00:00,0.0,0.0
01/04/2019 01:00,0.0,0.0
01/04/2019 02:00,0.0,0.0
01/04/2019 03:00,0.0,0.0
01/04/2019 04:00,0.0,0.0
01/04/2019 05:00,0.0,0.0
01/04/2019 06:00,0.023,0.002
01/04/2019 07:00,0.175,0.073
01/04/2019 08:00,0.362,0.197
01/04/2019 09:00,0.517,0.313
01/04/2019 10:00,0.618,0.393
01/04/2019 11:00,0.667,0.483
01/04/2019 12:00,0.649,0.545
01/04/2019 13:00,0.582,0.573
01/04/2019 14:00,0.478,0.526
01/04/2019 15:00,0.374,0.424
01/04/2019 16:00,0.238,0.277
01/04/2019 17:00,0.072,0.111
01/04/2019 18:00,0.0,0.004
01/04/2019 19:00,0.0,0.0
01/04/2019 20:00,0.0,0.0
01/04/2019 21:00,0.0,0.0
01/04/2019 22:00,0.0,0.0
01/04/2019 23:00,0.0,0.0
02/04/2019 00:00,0.0,0.0
02/04/2019 01:00,0.0,0.0
02/04/2019 02:00,0.0,0.0
02/04/2019 03:00,0.0,0.0
02/04/2019 04:00,0.0,0.0
02/04/2019 05:00,0.0,0.0
02/04/2019 06:00,0.025,0.003
02/04/2019 07:00,0.183,0.106
02/04/2019 08:00,0.364,0.275
02/04/2019 09:00,0.495,0.428
02/04/2019 10:00,0.588,0.539
02/04/2019 11:00,0.643,0.597
02/04/2019 12:00,0.657,0.606
02/04/2019 13:00,0.63,0.583
02/04/2019 14:00,0.547,0.493
02/04/2019 15:00,0.417,0.361
02/04/2019 16:00,0.244,0.245
02/04/2019 17:00,0.068,0.103
02/04/2019 18:00,0.0,0.004
02/04/2019 19:00,0.0,0.0
02/04/2019 20:00,0.0,0.0
02/04/2019 21:00,0.0,0.0
02/04/2019 22:00,0.0,0.0
02/04/2019 23:00,0.0,0.0
03/04/2019 00:00,0.0,0.0
03/04/2019 01:00,0.0,0.0
03/04/2019 02:00,0.0,0.0
03/04/2019 03:00,0.0,0.0
03/04/2019 04:00,0.0,0.0
03/04/2019 05:00,0.0,0.0
03/04/2019 06:00,0.028,0.003
03/04/2019 07:00,0.205,0.097
03/04/2019 08:00,0.394,0.267
03/04/2019 09:00,0.535,0.432
03/04/2019 10:00,0.632,0.55
03/04/2019 11:00,0.678,0.613
03/04/2019 12:00,0.679,0.636
03/04/2019 13:00,0.632,0.611
03/04/2019 14:00,0.546,0.546
03/04/2019 15:00,0.415,0.435
03/04/2019 16:00,0.244,0.283
03/04/2019 17:00,0.069,0.114
03/04/2019 18:00,0.0,0.004
03/04/2019 19:00,0.0,0.0
03/04/2019 20:00,0.0,0.0
03/04/2019 21:00,0.0,0.0
03/04/2019 22:00,0.0,0.0
03/04/2019 23:00,0.0,0.0
04/04/2019 00:00,0.0,0.0
04/04/2019 01:00,0.0,0.0
04/04/2019 02:00,0.0,0.0
04/04/2019 03:00,0.0,0.0
04/04/2019 04:00,0.0,0.0
04/04/2019 05:00,0.0,0.0
04/04/2019 06:00,0.028,0.004
04/04/2019 07:00,0.205,0.117
04/04/2019 08:00,0.394,0.285
04/04/2019 09:00,0.534,0.445
04/04/2019 10:00,0.627,0.56
04/04/2019 11:00,0.674,0.625
04/04/2019 12:00,0.676,0.645
04/04/2019 13:00,0.642,0.633
04/04/2019 14:00,0.556,0.566
04/04/2019 15:00,0.424,0.454
04/04/2019 16:00,0.251,0.294
04/04/2019 17:00,0.072,0.12
04/04/2019 18:00,0.0,0.004
04/04/2019 19:00,0.0,0.0
04/04/2019 20:00,0.0,0.0
04/04/2019 21:00,0.0,0.0
04/04/2019 22:00,0.0,0.0
04/04/2019 23:00,0.0,0.0
05/04/2019 00:00,0.0,0.0
05/04/2019 01:00,0.0,0.0
05/04/2019 02:00,0.0,0.0
05/04/2019 03:00,0.0,0.0
05/04/2019 04:00,0.0,0.0
05/04/2019 05:00,0.0,0.0
05/04/2019 06:00,0.027,0.004
05/04/2019 07:00,0.193,0.115
05/04/2019 08:00,0.378,0.295
05/04/2019 09:00,0.517,0.443
05/04/2019 10:00,0.617,0.556
05/04/2019 11:00,0.663,0.617
05/04/2019 12:00,0.667,0.635
05/04/2019 13:00,0.632,0.609
05/04/2019 14:00,0.547,0.542
05/04/2019 15:00,0.417,0.428
05/04/2019 16:00,0.247,0.248
05/04/2019 17:00,0.071,0.101
05/04/2019 18:00,0.0,0.004
05/04/2019 19:00,0.0,0.0
05/04/2019 20:00,0.0,0.0
05/04/2019 21:00,0.0,0.0
05/04/2019 22:00,0.0,0.0
05/04/2019 23:00,0.0,0.0
06/04/2019 00:00,0.0,0.0
06/04/2019 01:00,0.0,0.0
06/04/2019 02:00,0.0,0.0
06/04/2019 03:00,0.0,0.0
06/04/2019 04:00,0.0,0.0
06/04/2019 05:00,0.0,0.0
06/04/2019 06:00,0.027,0.001
06/04/2019 07:00,0.191,0.057
06/04/2019 08:00,0.372,0.174
06/04/2019 09:00,0.518,0.297
06/04/2019 10:00,0.616,0.408
06/04/2019 11:00,0.663,0.468
06/04/2019 12:00,0.667,0.479
06/04/2019 13:00,0.627,0.463
06/04/2019 14:00,0.543,0.411
06/04/2019 15:00,0.413,0.322
06/04/2019 16:00,0.244,0.214
06/04/2019 17:00,0.07,0.088
06/04/2019 18:00,0.0,0.004
06/04/2019 19:00,0.0,0.0
06/04/2019 20:00,0.0,0.0
06/04/2019 21:00,0.0,0.0
06/04/2019 22:00,0.0,0.0
06/04/2019 23:00,0.0,0.0
07/04/2019 00:00,0.0,0.0
07/04/2019 01:00,0.0,0.0
07/04/2019 02:00,0.0,0.0
07/04/2019 03:00,0.0,0.0
07/04/2019 04:00,0.0,0.0
07/04/2019 05:00,0.0,0.0
07/04/2019 06:00,0.028,0.002
07/04/2019 07:00,0.194,0.069
07/04/2019 08:00,0.377,0.18
07/04/2019 09:00,0.519,0.28
07/04/2019 10:00,0.61,0.381
07/04/2019 11:00,0.656,0.436
07/04/2019 12:00,0.661,0.462
07/04/2019 13:00,0.611,0.454
07/04/2019 14:00,0.527,0.4
07/04/2019 15:00,0.396,0.305
07/04/2019 16:00,0.227,0.187
07/04/2019 17:00,0.062,0.064
07/04/2019 18:00,0.0,0.001
07/04/2019 19:00,0.0,0.0
07/04/2019 20:00,0.0,0.0
07/04/2019 21:00,0.0,0.0
07/04/2019 22:00,0.0,0.0
07/04/2019 23:00,0.0,0.0
08/04/2019 00:00,0.0,0.0
08/04/2019 01:00,0.0,0.0
08/04/2019 02:00,0.0,0.0
08/04/2019 03:00,0.0,0.0
08/04/2019 04:00,0.0,0.0
08/04/2019 05:00,0.0,0.0
08/04/2019 06:00,0.027,0.003
08/04/2019 07:00,0.183,0.093
08/04/2019 08:00,0.364,0.25
08/04/2019 09:00,0.507,0.39
08/04/2019 10:00,0.608,0.5
08/04/2019 11:00,0.654,0.57
08/04/2019 12:00,0.657,0.589
08/04/2019 13:00,0.621,0.563
08/04/2019 14:00,0.537,0.486
08/04/2019 15:00,0.408,0.341
08/04/2019 16:00,0.241,0.17
08/04/2019 17:00,0.071,0.058
08/04/2019 18:00,0.0,0.001
08/04/2019 19:00,0.0,0.0
08/04/2019 20:00,0.0,0.0
08/04/2019 21:00,0.0,0.0
08/04/2019 22:00,0.0,0.0
08/04/2019 23:00,0.0,0.0
09/04/2019 00:00,0.0,0.0
09/04/2019 01:00,0.0,0.0
09/04/2019 02:00,0.0,0.0
09/04/2019 03:00,0.0,0.0
09/04/2019 04:00,0.0,0.0
09/04/2019 05:00,0.0,0.0
09/04/2019 06:00,0.027,0.0
09/04/2019 07:00,0.178,0.021
09/04/2019 08:00,0.353,0.076
09/04/2019 09:00,0.499,0.163
09/04/2019 10:00,0.588,0.239
09/04/2019 11:00,0.637,0.282
09/04/2019 12:00,0.641,0.303
09/04/2019 13:00,0.603,0.289
09/04/2019 14:00,0.514,0.249
09/04/2019 15:00,0.372,0.178
09/04/2019 16:00,0.197,0.106
09/04/2019 17:00,0.052,0.039
09/04/2019 18:00,0.0,0.001
09/04/2019 19:00,0.0,0.0
09/04/2019 20:00,0.0,0.0
09/04/2019 21:00,0.0,0.0
09/04/2019 22:00,0.0,0.0
09/04/2019 23:00,0.0,0.0
10/04/2019 00:00,0.0,0.0
10/04/2019 01:00,0.0,0.0
10/04/2019 02:00,0.0,0.0
10/04/2019 03:00,0.0,0.0
10/04/2019 04:00,0.0,0.0
10/04/2019 05:00,0.0,0.0
10/04/2019 06:00,0.024,0.003
10/04/2019 07:00,0.158,0.098
10/04/2019 08:00,0.327,0.249
10/04/2019 09:00,0.468,0.391
10/04/2019 10:00,0.575,0.507
10/04/2019 11:00,0.623,0.584
10/04/2019 12:00,0.625,0.612
10/04/2019 13:00,0.581,0.574
10/04/2019 14:00,0.493,0.494
10/04/2019 15:00,0.361,0.358
10/04/2019 16:00,0.202,0.202
10/04/2019 17:00,0.055,0.068
10/04/2019 18:00,0.0,0.002
10/04/2019 19:00,0.0,0.0
10/04/2019 20:00,0.0,0.0
10/04/2019 21:00,0.0,0.0
10/04/2019 22:00,0.0,0.0
10/04/2019 23:00,0.0,0.0
11/04/2019 00:00,0.0,0.0
11/04/2019 01:00,0.0,0.0
11/04/2019 02:00,0.0,0.0
11/04/2019 03:00,0.0,0.0
11/04/2019 04:00,0.0,0.0
11/04/2019 05:00,0.0,0.0
11/04/2019 06:00,0.022,0.0
11/04/2019 07:00,0.132,0.044
11/04/2019 08:00,0.27,0.128
11/04/2019 09:00,0.397,0.219
11/04/2019 10:00,0.491,0.301
11/04/2019 11:00,0.53,0.357
11/04/2019 12:00,0.532,0.387
11/04/2019 13:00,0.468,0.389
11/04/2019 14:00,0.408,0.345
11/04/2019 15:00,0.307,0.259
11/04/2019 16:00,0.167,0.156
11/04/2019 17:00,0.044,0.063
11/04/2019 18:00,0.0,0.002
11/04/2019 19:00,0.0,0.0
11/04/2019 20:00,0.0,0.0
11/04/2019 21:00,0.0,0.0
11/04/2019 22:00,0.0,0.0
11/04/2019 23:00,0.0,0.0
12/04/2019 00:00,0.0,0.0
12/04/2019 01:00,0.0,0.0
12/04/2019 02:00,0.0,0.0
12/04/2019 03:00,0.0,0.0
12/04/2019 04:00,0.0,0.0
12/04/2019 05:00,0.0,0.0
12/04/2019 06:00,0.02,0.005
12/04/2019 07:00,0.129,0.11
12/04/2019 08:00,0.278,0.26
12/04/2019 09:00,0.428,0.367
12/04/2019 10:00,0.519,0.438
12/04/2019 11:00,0.584,0.48
12/04/2019 12:00,0.592,0.487
12/04/2019 13:00,0.551,0.468
12/04/2019 14:00,0.469,0.398
12/04/2019 15:00,0.344,0.294
12/04/2019 16:00,0.193,0.176
12/04/2019 17:00,0.053,0.07
12/04/2019 18:00,0.0,0.003
12/04/2019 19:00,0.0,0.0
12/04/2019 20:00,0.0,0.0
12/04/2019 21:00,0.0,0.0
12/04/2019 22:00,0.0,0.0
12/04/2019 23:00,0.0,0.0
13/04/2019 00:00,0.0,0.0
13/04/2019 01:00,0.0,0.0
13/04/2019 02:00,0.0,0.0
13/04/2019 03:00,0.0,0.0
13/04/2019 04:00,0.0,0.0
13/04/2019 05:00,0.0,0.0
13/04/2019 06:00,0.027,0.001
13/04/2019 07:00,0.163,0.048
13/04/2019 08:00,0.332,0.138
13/04/2019 09:00,0.474,0.239
13/04/2019 10:00,0.572,0.325
13/04/2019 11:00,0.623,0.371
13/04/2019 12:00,0.626,0.386
13/04/2019 13:00,0.584,0.359
13/04/2019 14:00,0.495,0.289
13/04/2019 15:00,0.36,0.219
13/04/2019 16:00,0.181,0.13
13/04/2019 17:00,0.05,0.052
13/04/2019 18:00,0.0,0.002
13/04/2019 19:00,0.0,0.0
13/04/2019 20:00,0.0,0.0
13/04/2019 21:00,0.0,0.0
13/04/2019 22:00,0.0,0.0
13/04/2019 23:00,0.0,0.0
14/04/2019 00:00,0.0,0.0
14/04/2019 01:00,0.0,0.0
14/04/2019 02:00,0.0,0.0
14/04/2019 03:00,0.0,0.0
14/04/2019 04:00,0.0,0.0
14/04/2019 05:00,0.0,0.0
14/04/2019 06:00,0.025,0.001
14/04/2019 07:00,0.15,0.056
14/04/2019 08:00,0.244,0.161
14/04/2019 09:00,0.307,0.277
14/04/2019 10:00,0.355,0.388
14/04/2019 11:00,0.45,0.474
14/04/2019 12:00,0.527,0.517
14/04/2019 13:00,0.513,0.514
14/04/2019 14:00,0.431,0.471
14/04/2019 15:00,0.322,0.369
14/04/2019 16:00,0.176,0.214
14/04/2019 17:00,0.049,0.073
14/04/2019 18:00,0.0,0.003
14/04/2019 19:00,0.0,0.0
14/04/2019 20:00,0.0,0.0
14/04/2019 21:00,0.0,0.0
14/04/2019 22:00,0.0,0.0
14/04/2019 23:00,0.0,0.0
15/04/2019 00:00,0.0,0.0
15/04/2019 01:00,0.0,0.0
15/04/2019 02:00,0.0,0.0
15/04/2019 03:00,0.0,0.0
15/04/2019 04:00,0.0,0.0
15/04/2019 05:00,0.0,0.0
15/04/2019 06:00,0.027,0.005
15/04/2019 07:00,0.166,0.109
15/04/2019 08:00,0.335,0.264
15/04/2019 09:00,0.476,0.412
15/04/2019 10:00,0.595,0.542
15/04/2019 11:00,0.643,0.612
15/04/2019 12:00,0.646,0.631
15/04/2019 13:00,0.605,0.6
15/04/2019 14:00,0.521,0.533
15/04/2019 15:00,0.386,0.415
15/04/2019 16:00,0.216,0.265
15/04/2019 17:00,0.064,0.09
15/04/2019 18:00,0.0,0.004
15/04/2019 19:00,0.0,0.0
15/04/2019 20:00,0.0,0.0
15/04/2019 21:00,0.0,0.0
15/04/2019 22:00,0.0,0.0
15/04/2019 23:00,0.0,0.0
16/04/2019 00:00,0.0,0.0
16/04/2019 01:00,0.0,0.0
16/04/2019 02:00,0.0,0.0
16/04/2019 03:00,0.0,0.0
16/04/2019 04:00,0.0,0.0
16/04/2019 05:00,0.0,0.0
16/04/2019 06:00,0.024,0.005
16/04/2019 07:00,0.153,0.103
16/04/2019 08:00,0.313,0.231
16/04/2019 09:00,0.453,0.348
16/04/2019 10:00,0.538,0.454
16/04/2019 11:00,0.589,0.506
16/04/2019 12:00,0.595,0.517
16/04/2019 13:00,0.531,0.495
16/04/2019 14:00,0.448,0.43
16/04/2019 15:00,0.326,0.331
16/04/2019 16:00,0.182,0.204
16/04/2019 17:00,0.051,0.079
16/04/2019 18:00,0.0,0.003
16/04/2019 19:00,0.0,0.0
16/04/2019 20:00,0.0,0.0
16/04/2019 21:00,0.0,0.0
16/04/2019 22:00,0.0,0.0
16/04/2019 23:00,0.0,0.0
17/04/2019 00:00,0.0,0.0
17/04/2019 01:00,0.0,0.0
17/04/2019 02:00,0.0,0.0
17/04/2019 03:00,0.0,0.0
17/04/2019 04:00,0.0,0.0
17/04/2019 05:00,0.0,0.0
17/04/2019 06:00,0.03,0.001
17/04/2019 07:00,0.176,0.051
17/04/2019 08:00,0.345,0.147
17/04/2019 09:00,0.483,0.259
17/04/2019 10:00,0.575,0.341
17/04/2019 11:00,0.623,0.418
17/04/2019 12:00,0.625,0.441
17/04/2019 13:00,0.578,0.408
17/04/2019 14:00,0.491,0.346
17/04/2019 15:00,0.356,0.26
17/04/2019 16:00,0.2,0.157
17/04/2019 17:00,0.057,0.063
17/04/2019 18:00,0.0,0.003
17/04/2019 19:00,0.0,0.0
17/04/2019 20:00,0.0,0.0
17/04/2019 21:00,0.0,0.0
17/04/2019 22:00,0.0,0.0
17/04/2019 23:00,0.0,0.0
18/04/2019 00:00,0.0,0.0
18/04/2019 01:00,0.0,0.0
18/04/2019 02:00,0.0,0.0
18/04/2019 03:00,0.0,0.0
18/04/2019 04:00,0.0,0.0
18/04/2019 05:00,0.0,0.0
18/04/2019 06:00,0.028,0.005
18/04/2019 07:00,0.164,0.094
18/04/2019 08:00,0.324,0.238
18/04/2019 09:00,0.457,0.378
18/04/2019 10:00,0.556,0.49
18/04/2019 11:00,0.602,0.559
18/04/2019 12:00,0.603,0.581
18/04/2019 13:00,0.568,0.545
18/04/2019 14:00,0.481,0.477
18/04/2019 15:00,0.353,0.369
18/04/2019 16:00,0.2,0.233
18/04/2019 17:00,0.057,0.09
18/04/2019 18:00,0.0,0.004
18/04/2019 19:00,0.0,0.0
18/04/2019 20:00,0.0,0.0
18/04/2019 21:00,0.0,0.0
18/04/2019 22:00,0.0,0.0
18/04/2019 23:00,0.0,0.0
19/04/2019 00:00,0.0,0.0
19/04/2019 01:00,0.0,0.0
19/04/2019 02:00,0.0,0.0
19/04/2019 03:00,0.0,0.0
19/04/2019 04:00,0.0,0.0
19/04/2019 05:00,0.0,0.0
19/04/2019 06:00,0.021,0.003
19/04/2019 07:00,0.123,0.074
19/04/2019 08:00,0.263,0.203
19/04/2019 09:00,0.393,0.343
19/04/2019 10:00,0.526,0.415
19/04/2019 11:00,0.578,0.477
19/04/2019 12:00,0.582,0.496
19/04/2019 13:00,0.537,0.48
19/04/2019 14:00,0.43,0.421
19/04/2019 15:00,0.286,0.29
19/04/2019 16:00,0.13,0.166
19/04/2019 17:00,0.033,0.065
19/04/2019 18:00,0.0,0.003
19/04/2019 19:00,0.0,0.0
19/04/2019 20:00,0.0,0.0
19/04/2019 21:00,0.0,0.0
19/04/2019 22:00,0.0,0.0
19/04/2019 23:00,0.0,0.0
20/04/2019 00:00,0.0,0.0
20/04/2019 01:00,0.0,0.0
20/04/2019 02:00,0.0,0.0
20/04/2019 03:00,0.0,0.0
20/04/2019 04:00,0.0,0.0
20/04/2019 05:00,0.0,0.0
20/04/2019 06:00,0.023,0.003
20/04/2019 07:00,0.136,0.071
20/04/2019 08:00,0.284,0.177
20/04/2019 09:00,0.418,0.282
20/04/2019 10:00,0.506,0.371
20/04/2019 11:00,0.548,0.436
20/04/2019 12:00,0.524,0.474
20/04/2019 13:00,0.481,0.49
20/04/2019 14:00,0.388,0.449
20/04/2019 15:00,0.28,0.365
20/04/2019 16:00,0.151,0.236
20/04/2019 17:00,0.044,0.094
20/04/2019 18:00,0.0,0.005
20/04/2019 19:00,0.0,0.0
20/04/2019 20:00,0.0,0.0
20/04/2019 21:00,0.0,0.0
20/04/2019 22:00,0.0,0.0
20/04/2019 23:00,0.0,0.0
21/04/2019 00:00,0.0,0.0
21/04/2019 01:00,0.0,0.0
21/04/2019 02:00,0.0,0.0
21/04/2019 03:00,0.0,0.0
21/04/2019 04:00,0.0,0.0
21/04/2019 05:00,0.0,0.0
21/04/2019 06:00,0.024,0.003
21/04/2019 07:00,0.129,0.07
21/04/2019 08:00,0.266,0.185
21/04/2019 09:00,0.4,0.288
21/04/2019 10:00,0.506,0.343
21/04/2019 11:00,0.564,0.398
21/04/2019 12:00,0.583,0.411
21/04/2019 13:00,0.565,0.417
21/04/2019 14:00,0.482,0.373
21/04/2019 15:00,0.357,0.297
21/04/2019 16:00,0.205,0.188
21/04/2019 17:00,0.061,0.075
21/04/2019 18:00,0.0,0.004
21/04/2019 19:00,0.0,0.0
21/04/2019 20:00,0.0,0.0
21/04/2019 21:00,0.0,0.0
21/04/2019 22:00,0.0,0.0
21/04/2019 23:00,0.0,0.0
22/04/2019 00:00,0.0,0.0
22/04/2019 01:00,0.0,0.0
22/04/2019 02:00,0.0,0.0
22/04/2019 03:00,0.0,0.0
22/04/2019 04:00,0.0,0.0
22/04/2019 05:00,0.0,0.0
22/04/2019 06:00,0.025,0.002
22/04/2019 07:00,0.137,0.059
22/04/2019 08:00,0.281,0.158
22/04/2019 09:00,0.425,0.252
22/04/2019 10:00,0.558,0.314
22/04/2019 11:00,0.61,0.345
22/04/2019 12:00,0.618,0.359
22/04/2019 13:00,0.577,0.327
22/04/2019 14:00,0.493,0.278
22/04/2019 15:00,0.368,0.206
22/04/2019 16:00,0.212,0.126
22/04/2019 17:00,0.063,0.046
22/04/2019 18:00,0.0,0.002
22/04/2019 19:00,0.0,0.0
22/04/2019 20:00,0.0,0.0
22/04/2019 21:00,0.0,0.0
22/04/2019 22:00,0.0,0.0
22/04/2019 23:00,0.0,0.0
23/04/2019 00:00,0.0,0.0
23/04/2019 01:00,0.0,0.0
23/04/2019 02:00,0.0,0.0
23/04/2019 03:00,0.0,0.0
23/04/2019 04:00,0.0,0.0
23/04/2019 05:00,0.0,0.0
23/04/2019 06:00,0.028,0.003
23/04/2019 07:00,0.153,0.065
23/04/2019 08:00,0.327,0.152
23/04/2019 09:00,0.461,0.227
23/04/2019 10:00,0.532,0.277
23/04/2019 11:00,0.58,0.312
23/04/2019 12:00,0.583,0.332
23/04/2019 13:00,0.556,0.345
23/04/2019 14:00,0.472,0.322
23/04/2019 15:00,0.337,0.239
23/04/2019 16:00,0.133,0.13
23/04/2019 17:00,0.032,0.047
23/04/2019 18:00,0.0,0.001
23/04/2019 19:00,0.0,0.0
23/04/2019 20:00,0.0,0.0
23/04/2019 21:00,0.0,0.0
23/04/2019 22:00,0.0,0.0
23/04/2019 23:00,0.0,0.0
24/04/2019 00:00,0.0,0.0
24/04/2019 01:00,0.0,0.0
24/04/2019 02:00,0.0,0.0
24/04/2019 03:00,0.0,0.0
24/04/2019 04:00,0.0,0.0
24/04/2019 05:00,0.0,0.0
24/04/2019 06:00,0.028,0.002
24/04/2019 07:00,0.154,0.058
24/04/2019 08:00,0.295,0.166
24/04/2019 09:00,0.418,0.266
24/04/2019 10:00,0.521,0.332
24/04/2019 11:00,0.57,0.395
24/04/2019 12:00,0.581,0.405
24/04/2019 13:00,0.541,0.395
24/04/2019 14:00,0.467,0.327
24/04/2019 15:00,0.337,0.215
24/04/2019 16:00,0.196,0.108
24/04/2019 17:00,0.061,0.042
24/04/2019 18:00,0.0,0.001
24/04/2019 19:00,0.0,0.0
24/04/2019 20:00,0.0,0.0
24/04/2019 21:00,0.0,0.0
24/04/2019 22:00,0.0,0.0
24/04/2019 23:00,0.0,0.0
25/04/2019 00:00,0.0,0.0
25/04/2019 01:00,0.0,0.0
25/04/2019 02:00,0.0,0.0
25/04/2019 03:00,0.0,0.0
25/04/2019 04:00,0.0,0.0
25/04/2019 05:00,0.0,0.0
25/04/2019 06:00,0.026,0.004
25/04/2019 07:00,0.142,0.078
25/04/2019 08:00,0.293,0.19
25/04/2019 09:00,0.435,0.276
25/04/2019 10:00,0.55,0.34
25/04/2019 11:00,0.604,0.306
25/04/2019 12:00,0.61,0.249
25/04/2019 13:00,0.574,0.184
25/04/2019 14:00,0.489,0.142
25/04/2019 15:00,0.36,0.104
25/04/2019 16:00,0.208,0.068
25/04/2019 17:00,0.063,0.029
25/04/2019 18:00,0.0,0.001
25/04/2019 19:00,0.0,0.0
25/04/2019 20:00,0.0,0.0
25/04/2019 21:00,0.0,0.0
25/04/2019 22:00,0.0,0.0
25/04/2019 23:00,0.0,0.0
26/04/2019 00:00,0.0,0.0
26/04/2019 01:00,0.0,0.0
26/04/2019 02:00,0.0,0.0
26/04/2019 03:00,0.0,0.0
26/04/2019 04:00,0.0,0.0
26/04/2019 05:00,0.0,0.0
26/04/2019 06:00,0.032,0.002
26/04/2019 07:00,0.174,0.065
26/04/2019 08:00,0.342,0.187
26/04/2019 09:00,0.479,0.329
26/04/2019 10:00,0.57,0.44
26/04/2019 11:00,0.615,0.51
26/04/2019 12:00,0.613,0.532
26/04/2019 13:00,0.557,0.521
26/04/2019 14:00,0.463,0.467
26/04/2019 15:00,0.338,0.367
26/04/2019 16:00,0.194,0.233
26/04/2019 17:00,0.059,0.096
26/04/2019 18:00,0.0,0.006
26/04/2019 19:00,0.0,0.0
26/04/2019 20:00,0.0,0.0
26/04/2019 21:00,0.0,0.0
26/04/2019 22:00,0.0,0.0
26/04/2019 23:00,0.0,0.0
27/04/2019 00:00,0.0,0.0
27/04/2019 01:00,0.0,0.0
27/04/2019 02:00,0.0,0.0
27/04/2019 03:00,0.0,0.0
27/04/2019 04:00,0.0,0.0
27/04/2019 05:00,0.0,0.0
27/04/2019 06:00,0.032,0.004
27/04/2019 07:00,0.165,0.085
27/04/2019 08:00,0.313,0.217
27/04/2019 09:00,0.437,0.341
27/04/2019 10:00,0.535,0.449
27/04/2019 11:00,0.609,0.512
27/04/2019 12:00,0.624,0.535
27/04/2019 13:00,0.596,0.52
27/04/2019 14:00,0.511,0.461
27/04/2019 15:00,0.383,0.361
27/04/2019 16:00,0.219,0.225
27/04/2019 17:00,0.062,0.096
27/04/2019 18:00,0.0,0.006
27/04/2019 19:00,0.0,0.0
27/04/2019 20:00,0.0,0.0
27/04/2019 21:00,0.0,0.0
27/04/2019 22:00,0.0,0.0
27/04/2019 23:00,0.0,0.0
28/04/2019 00:00,0.0,0.0
28/04/2019 01:00,0.0,0.0
28/04/2019 02:00,0.0,0.0
28/04/2019 03:00,0.0,0.0
28/04/2019 04:00,0.0,0.0
28/04/2019 05:00,0.0,0.0
28/04/2019 06:00,0.031,0.006
28/04/2019 07:00,0.166,0.094
28/04/2019 08:00,0.33,0.223
28/04/2019 09:00,0.466,0.33
28/04/2019 10:00,0.573,0.415
28/04/2019 11:00,0.621,0.482
28/04/2019 12:00,0.625,0.518
28/04/2019 13:00,0.584,0.512
28/04/2019 14:00,0.5,0.461
28/04/2019 15:00,0.372,0.354
28/04/2019 16:00,0.212,0.207
28/04/2019 17:00,0.062,0.078
28/04/2019 18:00,0.0,0.006
28/04/2019 19:00,0.0,0.0
28/04/2019 20:00,0.0,0.0
28/04/2019 21:00,0.0,0.0
28/04/2019 22:00,0.0,0.0
28/04/2019 23:00,0.0,0.0
29/04/2019 00:00,0.0,0.0
29/04/2019 01:00,0.0,0.0
29/04/2019 02:00,0.0,0.0
29/04/2019 03:00,0.0,0.0
29/04/2019 04:00,0.0,0.0
29/04/2019 05:00,0.0,0.0
29/04/2019 06:00,0.031,0.005
29/04/2019 07:00,0.165,0.086
29/04/2019 08:00,0.324,0.202
29/04/2019 09:00,0.456,0.324
29/04/2019 10:00,0.546,0.416
29/04/2019 11:00,0.593,0.487
29/04/2019 12:00,0.596,0.496
29/04/2019 13:00,0.567,0.482
29/04/2019 14:00,0.482,0.424
29/04/2019 15:00,0.355,0.329
29/04/2019 16:00,0.199,0.205
29/04/2019 17:00,0.06,0.077
29/04/2019 18:00,0.0,0.005
29/04/2019 19:00,0.0,0.0
29/04/2019 20:00,0.0,0.0
29/04/2019 21:00,0.0,0.0
29/04/2019 22:00,0.0,0.0
29/04/2019 23:00,0.0,0.0
30/04/2019 00:00,0.0,0.0
30/04/2019 01:00,0.0,0.0
30/04/2019 02:00,0.0,0.0
30/04/2019 03:00,0.0,0.0
30/04/2019 04:00,0.0,0.0
30/04/2019 05:00,0.0,0.0
30/04/2019 06:00,0.032,0.004
30/04/2019 07:00,0.163,0.08
30/04/2019 08:00,0.317,0.21
30/04/2019 09:00,0.451,0.323
30/04/2019 10:00,0.537,0.394
30/04/2019 11:00,0.582,0.453
30/04/2019 12:00,0.584,0.466
30/04/2019 13:00,0.541,0.46
30/04/2019 14:00,0.445,0.415
30/04/2019 15:00,0.318,0.327
30/04/2019 16:00,0.132,0.18
30/04/2019 17:00,0.039,0.071
30/04/2019 18:00,0.0,0.004
30/04/2019 19:00,0.0,0.0
30/04/2019 20:00,0.0,0.0
30/04/2019 21:00,0.0,0.0
30/04/2019 22:00,0.0,0.0
30/04/2019 23:00,0.0,0.0
01/05/2019 00:00,0.0,0.0
01/05/2019 01:00,0.0,0.0
01/05/2019 02:00,0.0,0.0
01/05/2019 03:00,0.0,0.0
01/05/2019 04:00,0.0,0.0
01/05/2019 05:00,0.0,0.0
01/05/2019 06:00,0.03,0.003
01/05/2019 07:00,0.149,0.064
01/05/2019 08:00,0.292,0.162
01/05/2019 09:00,0.401,0.261
01/05/2019 10:00,0.467,0.314
01/05/2019 11:00,0.485,0.358
01/05/2019 12:00,0.472,0.378
01/05/2019 13:00,0.452,0.375
01/05/2019 14:00,0.395,0.346
01/05/2019 15:00,0.293,0.269
01/05/2019 16:00,0.171,0.152
01/05/2019 17:00,0.055,0.05
01/05/2019 18:00,0.0,0.002
01/05/2019 19:00,0.0,0.0
01/05/2019 20:00,0.0,0.0
01/05/2019 21:00,0.0,0.0
01/05/2019 22:00,0.0,0.0
01/05/2019 23:00,0.0,0.0
02/05/2019 00:00,0.0,0.0
02/05/2019 01:00,0.0,0.0
02/05/2019 02:00,0.0,0.0
02/05/2019 03:00,0.0,0.0
02/05/2019 04:00,0.0,0.0
02/05/2019 05:00,0.0,0.0
02/05/2019 06:00,0.033,0.001
02/05/2019 07:00,0.156,0.047
02/05/2019 08:00,0.291,0.124
02/05/2019 09:00,0.416,0.204
02/05/2019 10:00,0.502,0.266
02/05/2019 11:00,0.575,0.285
02/05/2019 12:00,0.591,0.266
02/05/2019 13:00,0.557,0.235
02/05/2019 14:00,0.478,0.188
02/05/2019 15:00,0.356,0.133
02/05/2019 16:00,0.205,0.081
02/05/2019 17:00,0.061,0.034
02/05/2019 18:00,0.0,0.001
02/05/2019 19:00,0.0,0.0
02/05/2019 20:00,0.0,0.0
02/05/2019 21:00,0.0,0.0
02/05/2019 22:00,0.0,0.0
02/05/2019 23:00,0.0,0.0
03/05/2019 00:00,0.0,0.0
03/05/2019 01:00,0.0,0.0
03/05/2019 02:00,0.0,0.0
03/05/2019 03:00,0.0,0.0
03/05/2019 04:00,0.0,0.0
03/05/2019 05:00,0.0,0.0
03/05/2019 06:00,0.024,0.002
03/05/2019 07:00,0.134,0.058
03/05/2019 08:00,0.27,0.154
03/05/2019 09:00,0.393,0.246
03/05/2019 10:00,0.497,0.285
03/05/2019 11:00,0.52,0.32
03/05/2019 12:00,0.548,0.313
03/05/2019 13:00,0.522,0.296
03/05/2019 14:00,0.448,0.251
03/05/2019 15:00,0.341,0.194
03/05/2019 16:00,0.19,0.121
03/05/2019 17:00,0.057,0.053
03/05/2019 18:00,0.0,0.003
03/05/2019 19:00,0.0,0.0
03/05/2019 20:00,0.0,0.0
03/05/2019 21:00,0.0,0.0
03/05/2019 22:00,0.0,0.0
03/05/2019 23:00,0.0,0.0
04/05/2019 00:00,0.0,0.0
04/05/2019 01:00,0.0,0.0
04/05/2019 02:00,0.0,0.0
04/05/2019 03:00,0.0,0.0
04/05/2019 04:00,0.0,0.0
04/05/2019 05:00,0.0,0.0
04/05/2019 06:00,0.031,0.001
04/05/2019 07:00,0.15,0.037
04/05/2019 08:00,0.306,0.097
04/05/2019 09:00,0.434,0.168
04/05/2019 10:00,0.519,0.243
04/05/2019 11:00,0.566,0.308
04/05/2019 12:00,0.569,0.373
04/05/2019 13:00,0.542,0.4
04/05/2019 14:00,0.46,0.365
04/05/2019 15:00,0.34,0.275
04/05/2019 16:00,0.195,0.147
04/05/2019 17:00,0.06,0.056
04/05/2019 18:00,0.0,0.002
04/05/2019 19:00,0.0,0.0
04/05/2019 20:00,0.0,0.0
04/05/2019 21:00,0.0,0.0
04/05/2019 22:00,0.0,0.0
04/05/2019 23:00,0.0,0.0
05/05/2019 00:00,0.0,0.0
05/05/2019 01:00,0.0,0.0
05/05/2019 02:00,0.0,0.0
05/05/2019 03:00,0.0,0.0
05/05/2019 04:00,0.0,0.0
05/05/2019 05:00,0.0,0.0
05/05/2019 06:00,0.031,0.002
05/05/2019 07:00,0.15,0.053
05/05/2019 08:00,0.296,0.132
05/05/2019 09:00,0.427,0.21
05/05/2019 10:00,0.528,0.262
05/05/2019 11:00,0.578,0.314
05/05/2019 12:00,0.586,0.324
05/05/2019 13:00,0.549,0.304
05/05/2019 14:00,0.47,0.269
05/05/2019 15:00,0.349,0.188
05/05/2019 16:00,0.2,0.109
05/05/2019 17:00,0.059,0.048
05/05/2019 18:00,0.0,0.003
05/05/2019 19:00,0.0,0.0
05/05/2019 20:00,0.0,0.0
05/05/2019 21:00,0.0,0.0
05/05/2019 22:00,0.0,0.0
05/05/2019 23:00,0.0,0.0
06/05/2019 00:00,0.0,0.0
06/05/2019 01:00,0.0,0.0
06/05/2019 02:00,0.0,0.0
06/05/2019 03:00,0.0,0.0
06/05/2019 04:00,0.0,0.0
06/05/2019 05:00,0.0,0.0
06/05/2019 06:00,0.033,0.005
06/05/2019 07:00,0.159,0.082
06/05/2019 08:00,0.308,0.195
06/05/2019 09:00,0.436,0.288
06/05/2019 10:00,0.522,0.364
06/05/2019 11:00,0.569,0.408
06/05/2019 12:00,0.569,0.408
06/05/2019 13:00,0.533,0.385
06/05/2019 14:00,0.454,0.332
06/05/2019 15:00,0.338,0.249
06/05/2019 16:00,0.195,0.154
06/05/2019 17:00,0.059,0.063
06/05/2019 18:00,0.0,0.004
06/05/2019 19:00,0.0,0.0
06/05/2019 20:00,0.0,0.0
06/05/2019 21:00,0.0,0.0
06/05/2019 22:00,0.0,0.0
06/05/2019 23:00,0.0,0.0
07/05/2019 00:00,0.0,0.0
07/05/2019 01:00,0.0,0.0
07/05/2019 02:00,0.0,0.0
07/05/2019 03:00,0.0,0.0
07/05/2019 04:00,0.0,0.0
07/05/2019 05:00,0.0,0.0
07/05/2019 06:00,0.034,0.005
07/05/2019 07:00,0.157,0.08
07/05/2019 08:00,0.301,0.205
07/05/2019 09:00,0.428,0.326
07/05/2019 10:00,0.512,0.395
07/05/2019 11:00,0.554,0.43
07/05/2019 12:00,0.555,0.435
07/05/2019 13:00,0.521,0.396
07/05/2019 14:00,0.44,0.325
07/05/2019 15:00,0.327,0.229
07/05/2019 16:00,0.189,0.139
07/05/2019 17:00,0.059,0.059
07/05/2019 18:00,0.0,0.004
07/05/2019 19:00,0.0,0.0
07/05/2019 20:00,0.0,0.0
07/05/2019 21:00,0.0,0.0
07/05/2019 22:00,0.0,0.0
07/05/2019 23:00,0.0,0.0
08/05/2019 00:00,0.0,0.0
08/05/2019 01:00,0.0,0.0
08/05/2019 02:00,0.0,0.0
08/05/2019 03:00,0.0,0.0
08/05/2019 04:00,0.0,0.0
08/05/2019 05:00,0.0,0.0
08/05/2019 06:00,0.03,0.004
08/05/2019 07:00,0.141,0.079
08/05/2019 08:00,0.278,0.205
08/05/2019 09:00,0.402,0.318
08/05/2019 10:00,0.496,0.392
08/05/2019 11:00,0.543,0.411
08/05/2019 12:00,0.546,0.324
08/05/2019 13:00,0.506,0.275
08/05/2019 14:00,0.422,0.229
08/05/2019 15:00,0.304,0.153
08/05/2019 16:00,0.176,0.088
08/05/2019 17:00,0.059,0.035
08/05/2019 18:00,0.0,0.001
08/05/2019 19:00,0.0,0.0
08/05/2019 20:00,0.0,0.0
08/05/2019 21:00,0.0,0.0
08/05/2019 22:00,0.0,0.0
08/05/2019 23:00,0.0,0.0
09/05/2019 00:00,0.0,0.0
09/05/2019 01:00,0.0,0.0
09/05/2019 02:00,0.0,0.0
09/05/2019 03:00,0.0,0.0
09/05/2019 04:00,0.0,0.0
09/05/2019 05:00,0.0,0.0
09/05/2019 06:00,0.038,0.003
09/05/2019 07:00,0.157,0.059
09/05/2019 08:00,0.267,0.151
09/05/2019 09:00,0.34,0.238
09/05/2019 10:00,0.395,0.31
09/05/2019 11:00,0.423,0.375
09/05/2019 12:00,0.426,0.426
09/05/2019 13:00,0.408,0.442
09/05/2019 14:00,0.365,0.411
09/05/2019 15:00,0.283,0.324
09/05/2019 16:00,0.172,0.208
09/05/2019 17:00,0.057,0.084
09/05/2019 18:00,0.0,0.007
09/05/2019 19:00,0.0,0.0
09/05/2019 20:00,0.0,0.0
09/05/2019 21:00,0.0,0.0
09/05/2019 22:00,0.0,0.0
09/05/2019 23:00,0.0,0.0
10/05/2019 00:00,0.0,0.0
10/05/2019 01:00,0.0,0.0
10/05/2019 02:00,0.0,0.0
10/05/2019 03:00,0.0,0.0
10/05/2019 04:00,0.0,0.0
10/05/2019 05:00,0.0,0.0
10/05/2019 06:00,0.034,0.004
10/05/2019 07:00,0.151,0.072
10/05/2019 08:00,0.277,0.208
10/05/2019 09:00,0.38,0.337
10/05/2019 10:00,0.459,0.421
10/05/2019 11:00,0.49,0.464
10/05/2019 12:00,0.56,0.451
10/05/2019 13:00,0.502,0.416
10/05/2019 14:00,0.436,0.333
10/05/2019 15:00,0.327,0.188
10/05/2019 16:00,0.194,0.109
10/05/2019 17:00,0.061,0.043
10/05/2019 18:00,0.0,0.002
10/05/2019 19:00,0.0,0.0
10/05/2019 20:00,0.0,0.0
10/05/2019 21:00,0.0,0.0
10/05/2019 22:00,0.0,0.0
10/05/2019 23:00,0.0,0.0
11/05/2019 00:00,0.0,0.0
11/05/2019 01:00,0.0,0.0
11/05/2019 02:00,0.0,0.0
11/05/2019 03:00,0.0,0.0
11/05/2019 04:00,0.0,0.0
11/05/2019 05:00,0.0,0.0
11/05/2019 06:00,0.035,0.008
11/05/2019 07:00,0.157,0.099
11/05/2019 08:00,0.3,0.223
11/05/2019 09:00,0.41,0.329
11/05/2019 10:00,0.493,0.412
11/05/2019 11:00,0.548,0.457
11/05/2019 12:00,0.561,0.455
11/05/2019 13:00,0.525,0.377
11/05/2019 14:00,0.447,0.258
11/05/2019 15:00,0.329,0.178
11/05/2019 16:00,0.188,0.096
11/05/2019 17:00,0.059,0.036
11/05/2019 18:00,0.0,0.001
11/05/2019 19:00,0.0,0.0
11/05/2019 20:00,0.0,0.0
11/05/2019 21:00,0.0,0.0
11/05/2019 22:00,0.0,0.0
11/05/2019 23:00,0.0,0.0
12/05/2019 00:00,0.0,0.0
12/05/2019 01:00,0.0,0.0
12/05/2019 02:00,0.0,0.0
12/05/2019 03:00,0.0,0.0
12/05/2019 04:00,0.0,0.0
12/05/2019 05:00,0.0,0.0
12/05/2019 06:00,0.032,0.005
12/05/2019 07:00,0.146,0.072
12/05/2019 08:00,0.271,0.168
12/05/2019 09:00,0.361,0.251
12/05/2019 10:00,0.422,0.306
12/05/2019 11:00,0.485,0.346
12/05/2019 12:00,0.498,0.341
12/05/2019 13:00,0.446,0.309
12/05/2019 14:00,0.361,0.26
12/05/2019 15:00,0.261,0.203
12/05/2019 16:00,0.15,0.123
12/05/2019 17:00,0.053,0.052
12/05/2019 18:00,0.0,0.003
12/05/2019 19:00,0.0,0.0
12/05/2019 20:00,0.0,0.0
12/05/2019 21:00,0.0,0.0
12/05/2019 22:00,0.0,0.0
12/05/2019 23:00,0.0,0.0
13/05/2019 00:00,0.0,0.0
13/05/2019 01:00,0.0,0.0
13/05/2019 02:00,0.0,0.0
13/05/2019 03:00,0.0,0.0
13/05/2019 04:00,0.0,0.0
13/05/2019 05:00,0.0,0.0
13/05/2019 06:00,0.028,0.004
13/05/2019 07:00,0.14,0.063
13/05/2019 08:00,0.279,0.143
13/05/2019 09:00,0.414,0.216
13/05/2019 10:00,0.518,0.267
13/05/2019 11:00,0.568,0.283
13/05/2019 12:00,0.573,0.275
13/05/2019 13:00,0.537,0.257
13/05/2019 14:00,0.456,0.218
13/05/2019 15:00,0.336,0.158
13/05/2019 16:00,0.191,0.083
13/05/2019 17:00,0.059,0.029
13/05/2019 18:00,0.0,0.001
13/05/2019 19:00,0.0,0.0
13/05/2019 20:00,0.0,0.0
13/05/2019 21:00,0.0,0.0
13/05/2019 22:00,0.0,0.0
13/05/2019 23:00,0.0,0.0
14/05/2019 00:00,0.0,0.0
14/05/2019 01:00,0.0,0.0
14/05/2019 02:00,0.0,0.0
14/05/2019 03:00,0.0,0.0
14/05/2019 04:00,0.0,0.0
14/05/2019 05:00,0.0,0.0
14/05/2019 06:00,0.029,0.005
14/05/2019 07:00,0.138,0.082
14/05/2019 08:00,0.281,0.203
14/05/2019 09:00,0.413,0.334
14/05/2019 10:00,0.529,0.435
14/05/2019 11:00,0.576,0.498
14/05/2019 12:00,0.582,0.507
14/05/2019 13:00,0.536,0.476
14/05/2019 14:00,0.455,0.411
14/05/2019 15:00,0.335,0.308
14/05/2019 16:00,0.19,0.192
14/05/2019 17:00,0.059,0.079
14/05/2019 18:00,0.001,0.006
14/05/2019 19:00,0.0,0.0
14/05/2019 20:00,0.0,0.0
14/05/2019 21:00,0.0,0.0
14/05/2019 22:00,0.0,0.0
14/05/2019 23:00,0.0,0.0
15/05/2019 00:00,0.0,0.0
15/05/2019 01:00,0.0,0.0
15/05/2019 02:00,0.0,0.0
15/05/2019 03:00,0.0,0.0
15/05/2019 04:00,0.0,0.0
15/05/2019 05:00,0.0,0.0
15/05/2019 06:00,0.035,0.004
15/05/2019 07:00,0.148,0.064
15/05/2019 08:00,0.278,0.149
15/05/2019 09:00,0.403,0.228
15/05/2019 10:00,0.499,0.306
15/05/2019 11:00,0.557,0.375
15/05/2019 12:00,0.574,0.41
15/05/2019 13:00,0.542,0.396
15/05/2019 14:00,0.463,0.28
15/05/2019 15:00,0.342,0.2
15/05/2019 16:00,0.192,0.116
15/05/2019 17:00,0.054,0.049
15/05/2019 18:00,0.001,0.003
15/05/2019 19:00,0.0,0.0
15/05/2019 20:00,0.0,0.0
15/05/2019 21:00,0.0,0.0
15/05/2019 22:00,0.0,0.0
15/05/2019 23:00,0.0,0.0
16/05/2019 00:00,0.0,0.0
16/05/2019 01:00,0.0,0.0
16/05/2019 02:00,0.0,0.0
16/05/2019 03:00,0.0,0.0
16/05/2019 04:00,0.0,0.0
16/05/2019 05:00,0.0,0.0
16/05/2019 06:00,0.032,0.003
16/05/2019 07:00,0.137,0.059
16/05/2019 08:00,0.272,0.153
16/05/2019 09:00,0.407,0.235
16/05/2019 10:00,0.507,0.298
16/05/2019 11:00,0.559,0.34
16/05/2019 12:00,0.567,0.348
16/05/2019 13:00,0.528,0.315
16/05/2019 14:00,0.449,0.261
16/05/2019 15:00,0.332,0.193
16/05/2019 16:00,0.189,0.12
16/05/2019 17:00,0.058,0.046
16/05/2019 18:00,0.001,0.002
16/05/2019 19:00,0.0,0.0
16/05/2019 20:00,0.0,0.0
16/05/2019 21:00,0.0,0.0
16/05/2019 22:00,0.0,0.0
16/05/2019 23:00,0.0,0.0
17/05/2019 00:00,0.0,0.0
17/05/2019 01:00,0.0,0.0
17/05/2019 02:00,0.0,0.0
17/05/2019 03:00,0.0,0.0
17/05/2019 04:00,0.0,0.0
17/05/2019 05:00,0.0,0.0
17/05/2019 06:00,0.033,0.001
17/05/2019 07:00,0.142,0.042
17/05/2019 08:00,0.273,0.112
17/05/2019 09:00,0.392,0.192
17/05/2019 10:00,0.478,0.279
17/05/2019 11:00,0.504,0.349
17/05/2019 12:00,0.491,0.381
17/05/2019 13:00,0.441,0.369
17/05/2019 14:00,0.352,0.342
17/05/2019 15:00,0.243,0.284
17/05/2019 16:00,0.13,0.194
17/05/2019 17:00,0.042,0.091
17/05/2019 18:00,0.0,0.008
17/05/2019 19:00,0.0,0.0
17/05/2019 20:00,0.0,0.0
17/05/2019 21:00,0.0,0.0
17/05/2019 22:00,0.0,0.0
17/05/2019 23:00,0.0,0.0
18/05/2019 00:00,0.0,0.0
18/05/2019 01:00,0.0,0.0
18/05/2019 02:00,0.0,0.0
18/05/2019 03:00,0.0,0.0
18/05/2019 04:00,0.0,0.0
18/05/2019 05:00,0.0,0.0
18/05/2019 06:00,0.035,0.009
18/05/2019 07:00,0.151,0.1
18/05/2019 08:00,0.293,0.241
18/05/2019 09:00,0.418,0.37
18/05/2019 10:00,0.503,0.465
18/05/2019 11:00,0.55,0.498
18/05/2019 12:00,0.553,0.493
18/05/2019 13:00,0.524,0.438
18/05/2019 14:00,0.444,0.384
18/05/2019 15:00,0.327,0.3
18/05/2019 16:00,0.186,0.192
18/05/2019 17:00,0.058,0.08
18/05/2019 18:00,0.001,0.007
18/05/2019 19:00,0.0,0.0
18/05/2019 20:00,0.0,0.0
18/05/2019 21:00,0.0,0.0
18/05/2019 22:00,0.0,0.0
18/05/2019 23:00,0.0,0.0
19/05/2019 00:00,0.0,0.0
19/05/2019 01:00,0.0,0.0
19/05/2019 02:00,0.0,0.0
19/05/2019 03:00,0.0,0.0
19/05/2019 04:00,0.0,0.0
19/05/2019 05:00,0.0,0.0
19/05/2019 06:00,0.036,0.006
19/05/2019 07:00,0.153,0.068
19/05/2019 08:00,0.295,0.147
19/05/2019 09:00,0.42,0.241
19/05/2019 10:00,0.507,0.335
19/05/2019 11:00,0.552,0.389
19/05/2019 12:00,0.553,0.414
19/05/2019 13:00,0.514,0.384
19/05/2019 14:00,0.435,0.327
19/05/2019 15:00,0.321,0.241
19/05/2019 16:00,0.184,0.136
19/05/2019 17:00,0.058,0.057
19/05/2019 18:00,0.001,0.004
19/05/2019 19:00,0.0,0.0
19/05/2019 20:00,0.0,0.0
19/05/2019 21:00,0.0,0.0
19/05/2019 22:00,0.0,0.0
19/05/2019 23:00,0.0,0.0
20/05/2019 00:00,0.0,0.0
20/05/2019 01:00,0.0,0.0
20/05/2019 02:00,0.0,0.0
20/05/2019 03:00,0.0,0.0
20/05/2019 04:00,0.0,0.0
20/05/2019 05:00,0.0,0.0
20/05/2019 06:00,0.037,0.003
20/05/2019 07:00,0.154,0.061
20/05/2019 08:00,0.296,0.182
20/05/2019 09:00,0.42,0.3
20/05/2019 10:00,0.511,0.406
20/05/2019 11:00,0.557,0.442
20/05/2019 12:00,0.56,0.435
20/05/2019 13:00,0.515,0.349
20/05/2019 14:00,0.435,0.233
20/05/2019 15:00,0.312,0.173
20/05/2019 16:00,0.139,0.107
20/05/2019 17:00,0.042,0.043
20/05/2019 18:00,0.0,0.002
20/05/2019 19:00,0.0,0.0
20/05/2019 20:00,0.0,0.0
20/05/2019 21:00,0.0,0.0
20/05/2019 22:00,0.0,0.0
20/05/2019 23:00,0.0,0.0
21/05/2019 00:00,0.0,0.0
21/05/2019 01:00,0.0,0.0
21/05/2019 02:00,0.0,0.0
21/05/2019 03:00,0.0,0.0
21/05/2019 04:00,0.0,0.0
21/05/2019 05:00,0.0,0.0
21/05/2019 06:00,0.019,0.003
21/05/2019 07:00,0.099,0.06
21/05/2019 08:00,0.203,0.183
21/05/2019 09:00,0.29,0.3
21/05/2019 10:00,0.28,0.365
21/05/2019 11:00,0.26,0.382
21/05/2019 12:00,0.255,0.359
21/05/2019 13:00,0.224,0.325
21/05/2019 14:00,0.181,0.262
21/05/2019 15:00,0.128,0.185
21/05/2019 16:00,0.073,0.104
21/05/2019 17:00,0.023,0.038
21/05/2019 18:00,0.0,0.001
21/05/2019 19:00,0.0,0.0
21/05/2019 20:00,0.0,0.0
21/05/2019 21:00,0.0,0.0
21/05/2019 22:00,0.0,0.0
21/05/2019 23:00,0.0,0.0
22/05/2019 00:00,0.0,0.0
22/05/2019 01:00,0.0,0.0
22/05/2019 02:00,0.0,0.0
22/05/2019 03:00,0.0,0.0
22/05/2019 04:00,0.0,0.0
22/05/2019 05:00,0.0,0.0
22/05/2019 06:00,0.031,0.008
22/05/2019 07:00,0.15,0.094
22/05/2019 08:00,0.276,0.222
22/05/2019 09:00,0.352,0.338
22/05/2019 10:00,0.354,0.423
22/05/2019 11:00,0.347,0.472
22/05/2019 12:00,0.343,0.485
22/05/2019 13:00,0.377,0.474
22/05/2019 14:00,0.386,0.423
22/05/2019 15:00,0.298,0.327
22/05/2019 16:00,0.173,0.2
22/05/2019 17:00,0.059,0.088
22/05/2019 18:00,0.0,0.008
22/05/2019 19:00,0.0,0.0
22/05/2019 20:00,0.0,0.0
22/05/2019 21:00,0.0,0.0
22/05/2019 22:00,0.0,0.0
22/05/2019 23:00,0.0,0.0
23/05/2019 00:00,0.0,0.0
23/05/2019 01:00,0.0,0.0
23/05/2019 02:00,0.0,0.0
23/05/2019 03:00,0.0,0.0
23/05/2019 04:00,0.0,0.0
23/05/2019 05:00,0.0,0.0
23/05/2019 06:00,0.036,0.01
23/05/2019 07:00,0.147,0.097
23/05/2019 08:00,0.277,0.237
23/05/2019 09:00,0.391,0.37
23/05/2019 10:00,0.471,0.454
23/05/2019 11:00,0.533,0.496
23/05/2019 12:00,0.541,0.498
23/05/2019 13:00,0.513,0.465
23/05/2019 14:00,0.436,0.38
23/05/2019 15:00,0.322,0.273
23/05/2019 16:00,0.184,0.169
23/05/2019 17:00,0.059,0.071
23/05/2019 18:00,0.001,0.006
23/05/2019 19:00,0.0,0.0
23/05/2019 20:00,0.0,0.0
23/05/2019 21:00,0.0,0.0
23/05/2019 22:00,0.0,0.0
23/05/2019 23:00,0.0,0.0
24/05/2019 00:00,0.0,0.0
24/05/2019 01:00,0.0,0.0
24/05/2019 02:00,0.0,0.0
24/05/2019 03:00,0.0,0.0
24/05/2019 04:00,0.0,0.0
24/05/2019 05:00,0.0,0.0
24/05/2019 06:00,0.037,0.006
24/05/2019 07:00,0.151,0.087
24/05/2019 08:00,0.298,0.211
24/05/2019 09:00,0.426,0.33
24/05/2019 10:00,0.517,0.423
24/05/2019 11:00,0.563,0.469
24/05/2019 12:00,0.564,0.475
24/05/2019 13:00,0.523,0.441
24/05/2019 14:00,0.442,0.337
24/05/2019 15:00,0.324,0.2
24/05/2019 16:00,0.182,0.089
24/05/2019 17:00,0.052,0.034
24/05/2019 18:00,0.001,0.001
24/05/2019 19:00,0.0,0.0
24/05/2019 20:00,0.0,0.0
24/05/2019 21:00,0.0,0.0
24/05/2019 22:00,0.0,0.0
24/05/2019 23:00,0.0,0.0
25/05/2019 00:00,0.0,0.0
25/05/2019 01:00,0.0,0.0
25/05/2019 02:00,0.0,0.0
25/05/2019 03:00,0.0,0.0
25/05/2019 04:00,0.0,0.0
25/05/2019 05:00,0.0,0.0
25/05/2019 06:00,0.038,0.006
25/05/2019 07:00,0.15,0.084
25/05/2019 08:00,0.29,0.197
25/05/2019 09:00,0.408,0.302
25/05/2019 10:00,0.476,0.381
25/05/2019 11:00,0.505,0.414
25/05/2019 12:00,0.52,0.434
25/05/2019 13:00,0.497,0.405
25/05/2019 14:00,0.43,0.352
25/05/2019 15:00,0.31,0.273
25/05/2019 16:00,0.175,0.154
25/05/2019 17:00,0.059,0.059
25/05/2019 18:00,0.001,0.004
25/05/2019 19:00,0.0,0.0
25/05/2019 20:00,0.0,0.0
25/05/2019 21:00,0.0,0.0
25/05/2019 22:00,0.0,0.0
25/05/2019 23:00,0.0,0.0
26/05/2019 00:00,0.0,0.0
26/05/2019 01:00,0.0,0.0
26/05/2019 02:00,0.0,0.0
26/05/2019 03:00,0.0,0.0
26/05/2019 04:00,0.0,0.0
26/05/2019 05:00,0.0,0.0
26/05/2019 06:00,0.036,0.005
26/05/2019 07:00,0.149,0.073
26/05/2019 08:00,0.298,0.187
26/05/2019 09:00,0.424,0.292
26/05/2019 10:00,0.51,0.358
26/05/2019 11:00,0.555,0.41
26/05/2019 12:00,0.558,0.436
26/05/2019 13:00,0.52,0.398
26/05/2019 14:00,0.44,0.333
26/05/2019 15:00,0.314,0.235
26/05/2019 16:00,0.179,0.138
26/05/2019 17:00,0.054,0.058
26/05/2019 18:00,0.001,0.004
26/05/2019 19:00,0.0,0.0
26/05/2019 20:00,0.0,0.0
26/05/2019 21:00,0.0,0.0
26/05/2019 22:00,0.0,0.0
26/05/2019 23:00,0.0,0.0
27/05/2019 00:00,0.0,0.0
27/05/2019 01:00,0.0,0.0
27/05/2019 02:00,0.0,0.0
27/05/2019 03:00,0.0,0.0
27/05/2019 04:00,0.0,0.0
27/05/2019 05:00,0.0,0.0
27/05/2019 06:00,0.038,0.003
27/05/2019 07:00,0.15,0.06
27/05/2019 08:00,0.288,0.155
27/05/2019 09:00,0.405,0.259
27/05/2019 10:00,0.492,0.351
27/05/2019 11:00,0.54,0.411
27/05/2019 12:00,0.545,0.434
27/05/2019 13:00,0.508,0.413
27/05/2019 14:00,0.431,0.357
27/05/2019 15:00,0.313,0.276
27/05/2019 16:00,0.172,0.174
27/05/2019 17:00,0.051,0.069
27/05/2019 18:00,0.0,0.006
27/05/2019 19:00,0.0,0.0
27/05/2019 20:00,0.0,0.0
27/05/2019 21:00,0.0,0.0
27/05/2019 22:00,0.0,0.0
27/05/2019 23:00,0.0,0.0
28/05/2019 00:00,0.0,0.0
28/05/2019 01:00,0.0,0.0
28/05/2019 02:00,0.0,0.0
28/05/2019 03:00,0.0,0.0
28/05/2019 04:00,0.0,0.0
28/05/2019 05:00,0.0,0.0
28/05/2019 06:00,0.037,0.002
28/05/2019 07:00,0.145,0.043
28/05/2019 08:00,0.271,0.115
28/05/2019 09:00,0.374,0.237
28/05/2019 10:00,0.45,0.345
28/05/2019 11:00,0.484,0.404
28/05/2019 12:00,0.498,0.419
28/05/2019 13:00,0.469,0.4
28/05/2019 14:00,0.393,0.346
28/05/2019 15:00,0.286,0.256
28/05/2019 16:00,0.171,0.147
28/05/2019 17:00,0.058,0.059
28/05/2019 18:00,0.001,0.005
28/05/2019 19:00,0.0,0.0
28/05/2019 20:00,0.0,0.0
28/05/2019 21:00,0.0,0.0
28/05/2019 22:00,0.0,0.0
28/05/2019 23:00,0.0,0.0
29/05/2019 00:00,0.0,0.0
29/05/2019 01:00,0.0,0.0
29/05/2019 02:00,0.0,0.0
29/05/2019 03:00,0.0,0.0
29/05/2019 04:00,0.0,0.0
29/05/2019 05:00,0.0,0.0
29/05/2019 06:00,0.04,0.003
29/05/2019 07:00,0.152,0.064
29/05/2019 08:00,0.278,0.196
29/05/2019 09:00,0.391,0.324
29/05/2019 10:00,0.476,0.416
29/05/2019 11:00,0.509,0.482
29/05/2019 12:00,0.484,0.483
29/05/2019 13:00,0.404,0.452
29/05/2019 14:00,0.284,0.388
29/05/2019 15:00,0.189,0.297
29/05/2019 16:00,0.115,0.187
29/05/2019 17:00,0.041,0.083
29/05/2019 18:00,0.0,0.008
29/05/2019 19:00,0.0,0.0
29/05/2019 20:00,0.0,0.0
29/05/2019 21:00,0.0,0.0
29/05/2019 22:00,0.0,0.0
29/05/2019 23:00,0.0,0.0
30/05/2019 00:00,0.0,0.0
30/05/2019 01:00,0.0,0.0
30/05/2019 02:00,0.0,0.0
30/05/2019 03:00,0.0,0.0
30/05/2019 04:00,0.0,0.0
30/05/2019 05:00,0.0,0.0
30/05/2019 06:00,0.006,0.007
30/05/2019 07:00,0.041,0.066
30/05/2019 08:00,0.094,0.132
30/05/2019 09:00,0.169,0.213
30/05/2019 10:00,0.28,0.284
30/05/2019 11:00,0.336,0.311
30/05/2019 12:00,0.336,0.29
30/05/2019 13:00,0.305,0.262
30/05/2019 14:00,0.258,0.214
30/05/2019 15:00,0.219,0.151
30/05/2019 16:00,0.113,0.089
30/05/2019 17:00,0.04,0.037
30/05/2019 18:00,0.0,0.002
30/05/2019 19:00,0.0,0.0
30/05/2019 20:00,0.0,0.0
30/05/2019 21:00,0.0,0.0
30/05/2019 22:00,0.0,0.0
30/05/2019 23:00,0.0,0.0
31/05/2019 00:00,0.0,0.0
31/05/2019 01:00,0.0,0.0
31/05/2019 02:00,0.0,0.0
31/05/2019 03:00,0.0,0.0
31/05/2019 04:00,0.0,0.0
31/05/2019 05:00,0.0,0.0
31/05/2019 06:00,0.023,0.006
31/05/2019 07:00,0.096,0.082
31/05/2019 08:00,0.184,0.191
31/05/2019 09:00,0.268,0.295
31/05/2019 10:00,0.328,0.374
31/05/2019 11:00,0.355,0.424
31/05/2019 12:00,0.353,0.448
31/05/2019 13:00,0.328,0.389
31/05/2019 14:00,0.278,0.32
31/05/2019 15:00,0.205,0.24
31/05/2019 16:00,0.122,0.157
31/05/2019 17:00,0.042,0.065
31/05/2019 18:00,0.0,0.005
31/05/2019 19:00,0.0,0.0
31/05/2019 20:00,0.0,0.0
31/05/2019 21:00,0.0,0.0
31/05/2019 22:00,0.0,0.0
31/05/2019 23:00,0.0,0.0
01/06/2019 00:00,0.0,0.0
01/06/2019 01:00,0.0,0.0
01/06/2019 02:00,0.0,0.0
01/06/2019 03:00,0.0,0.0
01/06/2019 04:00,0.0,0.0
01/06/2019 05:00,0.0,0.0
01/06/2019 06:00,0.04,0.003
01/06/2019 07:00,0.156,0.053
01/06/2019 08:00,0.276,0.132
01/06/2019 09:00,0.378,0.214
01/06/2019 10:00,0.445,0.309
01/06/2019 11:00,0.478,0.364
01/06/2019 12:00,0.478,0.393
01/06/2019 13:00,0.428,0.384
01/06/2019 14:00,0.339,0.351
01/06/2019 15:00,0.237,0.299
01/06/2019 16:00,0.129,0.193
01/06/2019 17:00,0.041,0.087
01/06/2019 18:00,0.0,0.008
01/06/2019 19:00,0.0,0.0
01/06/2019 20:00,0.0,0.0
01/06/2019 21:00,0.0,0.0
01/06/2019 22:00,0.0,0.0
01/06/2019 23:00,0.0,0.0
02/06/2019 00:00,0.0,0.0
02/06/2019 01:00,0.0,0.0
02/06/2019 02:00,0.0,0.0
02/06/2019 03:00,0.0,0.0
02/06/2019 04:00,0.0,0.0
02/06/2019 05:00,0.0,0.0
02/06/2019 06:00,0.04,0.001
02/06/2019 07:00,0.147,0.03
02/06/2019 08:00,0.279,0.083
02/06/2019 09:00,0.392,0.156
02/06/2019 10:00,0.473,0.25
02/06/2019 11:00,0.515,0.335
02/06/2019 12:00,0.518,0.336
02/06/2019 13:00,0.484,0.309
02/06/2019 14:00,0.411,0.248
02/06/2019 15:00,0.303,0.183
02/06/2019 16:00,0.171,0.111
02/06/2019 17:00,0.061,0.048
02/06/2019 18:00,0.001,0.004
02/06/2019 19:00,0.0,0.0
02/06/2019 20:00,0.0,0.0
02/06/2019 21:00,0.0,0.0
02/06/2019 22:00,0.0,0.0
02/06/2019 23:00,0.0,0.0
03/06/2019 00:00,0.0,0.0
03/06/2019 01:00,0.0,0.0
03/06/2019 02:00,0.0,0.0
03/06/2019 03:00,0.0,0.0
03/06/2019 04:00,0.0,0.0
03/06/2019 05:00,0.0,0.0
03/06/2019 06:00,0.039,0.006
03/06/2019 07:00,0.146,0.074
03/06/2019 08:00,0.288,0.183
03/06/2019 09:00,0.413,0.29
03/06/2019 10:00,0.489,0.374
03/06/2019 11:00,0.535,0.422
03/06/2019 12:00,0.538,0.44
03/06/2019 13:00,0.507,0.417
03/06/2019 14:00,0.428,0.368
03/06/2019 15:00,0.31,0.303
03/06/2019 16:00,0.169,0.208
03/06/2019 17:00,0.059,0.094
03/06/2019 18:00,0.001,0.01
03/06/2019 19:00,0.0,0.0
03/06/2019 20:00,0.0,0.0
03/06/2019 21:00,0.0,0.0
03/06/2019 22:00,0.0,0.0
03/06/2019 23:00,0.0,0.0
04/06/2019 00:00,0.0,0.0
04/06/2019 01:00,0.0,0.0
04/06/2019 02:00,0.0,0.0
04/06/2019 03:00,0.0,0.0
04/06/2019 04:00,0.0,0.0
04/06/2019 05:00,0.0,0.0
04/06/2019 06:00,0.037,0.011
04/06/2019 07:00,0.144,0.1
04/06/2019 08:00,0.279,0.226
04/06/2019 09:00,0.403,0.326
04/06/2019 10:00,0.472,0.381
04/06/2019 11:00,0.518,0.427
04/06/2019 12:00,0.524,0.435
04/06/2019 13:00,0.487,0.395
04/06/2019 14:00,0.412,0.333
04/06/2019 15:00,0.302,0.181
04/06/2019 16:00,0.175,0.111
04/06/2019 17:00,0.06,0.044
04/06/2019 18:00,0.001,0.003
04/06/2019 19:00,0.0,0.0
04/06/2019 20:00,0.0,0.0
04/06/2019 21:00,0.0,0.0
04/06/2019 22:00,0.0,0.0
04/06/2019 23:00,0.0,0.0
05/06/2019 00:00,0.0,0.0
05/06/2019 01:00,0.0,0.0
05/06/2019 02:00,0.0,0.0
05/06/2019 03:00,0.0,0.0
05/06/2019 04:00,0.0,0.0
05/06/2019 05:00,0.0,0.0
05/06/2019 06:00,0.039,0.004
05/06/2019 07:00,0.147,0.061
05/06/2019 08:00,0.266,0.168
05/06/2019 09:00,0.361,0.256
05/06/2019 10:00,0.429,0.296
05/06/2019 11:00,0.513,0.301
05/06/2019 12:00,0.531,0.276
05/06/2019 13:00,0.476,0.246
05/06/2019 14:00,0.366,0.201
05/06/2019 15:00,0.27,0.144
05/06/2019 16:00,0.129,0.086
05/06/2019 17:00,0.045,0.034
05/06/2019 18:00,0.001,0.002
05/06/2019 19:00,0.0,0.0
05/06/2019 20:00,0.0,0.0
05/06/2019 21:00,0.0,0.0
05/06/2019 22:00,0.0,0.0
05/06/2019 23:00,0.0,0.0
06/06/2019 00:00,0.0,0.0
06/06/2019 01:00,0.0,0.0
06/06/2019 02:00,0.0,0.0
06/06/2019 03:00,0.0,0.0
06/06/2019 04:00,0.0,0.0
06/06/2019 05:00,0.0,0.0
06/06/2019 06:00,0.023,0.001
06/06/2019 07:00,0.107,0.037
06/06/2019 08:00,0.212,0.098
06/06/2019 09:00,0.322,0.142
06/06/2019 10:00,0.409,0.186
06/06/2019 11:00,0.462,0.2
06/06/2019 12:00,0.482,0.209
06/06/2019 13:00,0.457,0.201
06/06/2019 14:00,0.396,0.178
06/06/2019 15:00,0.28,0.154
06/06/2019 16:00,0.115,0.107
06/06/2019 17:00,0.027,0.053
06/06/2019 18:00,0.0,0.004
06/06/2019 19:00,0.0,0.0
06/06/2019 20:00,0.0,0.0
06/06/2019 21:00,0.0,0.0
06/06/2019 22:00,0.0,0.0
06/06/2019 23:00,0.0,0.0
07/06/2019 00:00,0.0,0.0
07/06/2019 01:00,0.0,0.0
07/06/2019 02:00,0.0,0.0
07/06/2019 03:00,0.0,0.0
07/06/2019 04:00,0.0,0.0
07/06/2019 05:00,0.0,0.0
07/06/2019 06:00,0.02,0.006
07/06/2019 07:00,0.079,0.078
07/06/2019 08:00,0.158,0.202
07/06/2019 09:00,0.283,0.305
07/06/2019 10:00,0.441,0.389
07/06/2019 11:00,0.546,0.438
07/06/2019 12:00,0.536,0.473
07/06/2019 13:00,0.475,0.467
07/06/2019 14:00,0.39,0.398
07/06/2019 15:00,0.277,0.292
07/06/2019 16:00,0.158,0.169
07/06/2019 17:00,0.051,0.055
07/06/2019 18:00,0.0,0.002
07/06/2019 19:00,0.0,0.0
07/06/2019 20:00,0.0,0.0
07/06/2019 21:00,0.0,0.0
07/06/2019 22:00,0.0,0.0
07/06/2019 23:00,0.0,0.0
08/06/2019 00:00,0.0,0.0
08/06/2019 01:00,0.0,0.0
08/06/2019 02:00,0.0,0.0
08/06/2019 03:00,0.0,0.0
08/06/2019 04:00,0.0,0.0
08/06/2019 05:00,0.0,0.0
08/06/2019 06:00,0.031,0.003
08/06/2019 07:00,0.132,0.051
08/06/2019 08:00,0.228,0.128
08/06/2019 09:00,0.319,0.208
08/06/2019 10:00,0.37,0.268
08/06/2019 11:00,0.376,0.299
08/06/2019 12:00,0.365,0.316
08/06/2019 13:00,0.323,0.298
08/06/2019 14:00,0.277,0.26
08/06/2019 15:00,0.197,0.203
08/06/2019 16:00,0.119,0.123
08/06/2019 17:00,0.043,0.047
08/06/2019 18:00,0.0,0.002
08/06/2019 19:00,0.0,0.0
08/06/2019 20:00,0.0,0.0
08/06/2019 21:00,0.0,0.0
08/06/2019 22:00,0.0,0.0
08/06/2019 23:00,0.0,0.0
09/06/2019 00:00,0.0,0.0
09/06/2019 01:00,0.0,0.0
09/06/2019 02:00,0.0,0.0
09/06/2019 03:00,0.0,0.0
09/06/2019 04:00,0.0,0.0
09/06/2019 05:00,0.0,0.0
09/06/2019 06:00,0.041,0.006
09/06/2019 07:00,0.148,0.079
09/06/2019 08:00,0.286,0.193
09/06/2019 09:00,0.402,0.292
09/06/2019 10:00,0.478,0.37
09/06/2019 11:00,0.514,0.399
09/06/2019 12:00,0.508,0.397
09/06/2019 13:00,0.461,0.385
09/06/2019 14:00,0.384,0.332
09/06/2019 15:00,0.286,0.257
09/06/2019 16:00,0.171,0.159
09/06/2019 17:00,0.058,0.075
09/06/2019 18:00,0.001,0.008
09/06/2019 19:00,0.0,0.0
09/06/2019 20:00,0.0,0.0
09/06/2019 21:00,0.0,0.0
09/06/2019 22:00,0.0,0.0
09/06/2019 23:00,0.0,0.0
10/06/2019 00:00,0.0,0.0
10/06/2019 01:00,0.0,0.0
10/06/2019 02:00,0.0,0.0
10/06/2019 03:00,0.0,0.0
10/06/2019 04:00,0.0,0.0
10/06/2019 05:00,0.0,0.0
10/06/2019 06:00,0.037,0.009
10/06/2019 07:00,0.14,0.09
10/06/2019 08:00,0.26,0.216
10/06/2019 09:00,0.363,0.337
10/06/2019 10:00,0.441,0.422
10/06/2019 11:00,0.492,0.476
10/06/2019 12:00,0.507,0.494
10/06/2019 13:00,0.485,0.474
10/06/2019 14:00,0.416,0.419
10/06/2019 15:00,0.312,0.322
10/06/2019 16:00,0.182,0.21
10/06/2019 17:00,0.061,0.089
10/06/2019 18:00,0.002,0.01
10/06/2019 19:00,0.0,0.0
10/06/2019 20:00,0.0,0.0
10/06/2019 21:00,0.0,0.0
10/06/2019 22:00,0.0,0.0
10/06/2019 23:00,0.0,0.0
11/06/2019 00:00,0.0,0.0
11/06/2019 01:00,0.0,0.0
11/06/2019 02:00,0.0,0.0
11/06/2019 03:00,0.0,0.0
11/06/2019 04:00,0.0,0.0
11/06/2019 05:00,0.0,0.0
11/06/2019 06:00,0.042,0.009
11/06/2019 07:00,0.146,0.087
11/06/2019 08:00,0.286,0.189
11/06/2019 09:00,0.409,0.301
11/06/2019 10:00,0.492,0.407
11/06/2019 11:00,0.538,0.456
11/06/2019 12:00,0.542,0.469
11/06/2019 13:00,0.504,0.422
11/06/2019 14:00,0.359,0.327
11/06/2019 15:00,0.212,0.206
11/06/2019 16:00,0.121,0.116
11/06/2019 17:00,0.043,0.044
11/06/2019 18:00,0.0,0.002
11/06/2019 19:00,0.0,0.0
11/06/2019 20:00,0.0,0.0
11/06/2019 21:00,0.0,0.0
11/06/2019 22:00,0.0,0.0
11/06/2019 23:00,0.0,0.0
12/06/2019 00:00,0.0,0.0
12/06/2019 01:00,0.0,0.0
12/06/2019 02:00,0.0,0.0
12/06/2019 03:00,0.0,0.0
12/06/2019 04:00,0.0,0.0
12/06/2019 05:00,0.0,0.0
12/06/2019 06:00,0.042,0.004
12/06/2019 07:00,0.147,0.054
12/06/2019 08:00,0.285,0.144
12/06/2019 09:00,0.393,0.217
12/06/2019 10:00,0.45,0.25
12/06/2019 11:00,0.46,0.243
12/06/2019 12:00,0.387,0.235
12/06/2019 13:00,0.316,0.214
12/06/2019 14:00,0.309,0.178
12/06/2019 15:00,0.285,0.134
12/06/2019 16:00,0.184,0.087
12/06/2019 17:00,0.065,0.039
12/06/2019 18:00,0.002,0.002
12/06/2019 19:00,0.0,0.0
12/06/2019 20:00,0.0,0.0
12/06/2019 21:00,0.0,0.0
12/06/2019 22:00,0.0,0.0
12/06/2019 23:00,0.0,0.0
13/06/2019 00:00,0.0,0.0
13/06/2019 01:00,0.0,0.0
13/06/2019 02:00,0.0,0.0
13/06/2019 03:00,0.0,0.0
13/06/2019 04:00,0.0,0.0
13/06/2019 05:00,0.0,0.0
13/06/2019 06:00,0.039,0.006
13/06/2019 07:00,0.145,0.074
13/06/2019 08:00,0.274,0.175
13/06/2019 09:00,0.392,0.283
13/06/2019 10:00,0.482,0.371
13/06/2019 11:00,0.52,0.401
13/06/2019 12:00,0.524,0.4
13/06/2019 13:00,0.494,0.374
13/06/2019 14:00,0.423,0.313
13/06/2019 15:00,0.301,0.252
13/06/2019 16:00,0.135,0.18
13/06/2019 17:00,0.039,0.095
13/06/2019 18:00,0.0,0.011
13/06/2019 19:00,0.0,0.0
13/06/2019 20:00,0.0,0.0
13/06/2019 21:00,0.0,0.0
13/06/2019 22:00,0.0,0.0
13/06/2019 23:00,0.0,0.0
14/06/2019 00:00,0.0,0.0
14/06/2019 01:00,0.0,0.0
14/06/2019 02:00,0.0,0.0
14/06/2019 03:00,0.0,0.0
14/06/2019 04:00,0.0,0.0
14/06/2019 05:00,0.0,0.0
14/06/2019 06:00,0.04,0.001
14/06/2019 07:00,0.141,0.057
14/06/2019 08:00,0.28,0.189
14/06/2019 09:00,0.405,0.314
14/06/2019 10:00,0.491,0.395
14/06/2019 11:00,0.535,0.424
14/06/2019 12:00,0.538,0.403
14/06/2019 13:00,0.507,0.386
14/06/2019 14:00,0.428,0.315
14/06/2019 15:00,0.315,0.244
14/06/2019 16:00,0.171,0.154
14/06/2019 17:00,0.059,0.074
14/06/2019 18:00,0.001,0.008
14/06/2019 19:00,0.0,0.0
14/06/2019 20:00,0.0,0.0
14/06/2019 21:00,0.0,0.0
14/06/2019 22:00,0.0,0.0
14/06/2019 23:00,0.0,0.0
15/06/2019 00:00,0.0,0.0
15/06/2019 01:00,0.0,0.0
15/06/2019 02:00,0.0,0.0
15/06/2019 03:00,0.0,0.0
15/06/2019 04:00,0.0,0.0
15/06/2019 05:00,0.0,0.0
15/06/2019 06:00,0.039,0.009
15/06/2019 07:00,0.14,0.09
15/06/2019 08:00,0.281,0.208
15/06/2019 09:00,0.408,0.314
15/06/2019 10:00,0.494,0.391
15/06/2019 11:00,0.543,0.438
15/06/2019 12:00,0.548,0.473
15/06/2019 13:00,0.504,0.471
15/06/2019 14:00,0.427,0.432
15/06/2019 15:00,0.313,0.339
15/06/2019 16:00,0.178,0.209
15/06/2019 17:00,0.059,0.092
15/06/2019 18:00,0.001,0.011
15/06/2019 19:00,0.0,0.0
15/06/2019 20:00,0.0,0.0
15/06/2019 21:00,0.0,0.0
15/06/2019 22:00,0.0,0.0
15/06/2019 23:00,0.0,0.0
16/06/2019 00:00,0.0,0.0
16/06/2019 01:00,0.0,0.0
16/06/2019 02:00,0.0,0.0
16/06/2019 03:00,0.0,0.0
16/06/2019 04:00,0.0,0.0
16/06/2019 05:00,0.0,0.0
16/06/2019 06:00,0.038,0.008
16/06/2019 07:00,0.137,0.086
16/06/2019 08:00,0.283,0.187
16/06/2019 09:00,0.41,0.283
16/06/2019 10:00,0.5,0.354
16/06/2019 11:00,0.547,0.405
16/06/2019 12:00,0.552,0.428
16/06/2019 13:00,0.516,0.434
16/06/2019 14:00,0.437,0.392
16/06/2019 15:00,0.319,0.299
16/06/2019 16:00,0.177,0.198
16/06/2019 17:00,0.052,0.093
16/06/2019 18:00,0.002,0.01
16/06/2019 19:00,0.0,0.0
16/06/2019 20:00,0.0,0.0
16/06/2019 21:00,0.0,0.0
16/06/2019 22:00,0.0,0.0
16/06/2019 23:00,0.0,0.0
17/06/2019 00:00,0.0,0.0
17/06/2019 01:00,0.0,0.0
17/06/2019 02:00,0.0,0.0
17/06/2019 03:00,0.0,0.0
17/06/2019 04:00,0.0,0.0
17/06/2019 05:00,0.0,0.0
17/06/2019 06:00,0.036,0.011
17/06/2019 07:00,0.136,0.076
17/06/2019 08:00,0.286,0.217
17/06/2019 09:00,0.413,0.353
17/06/2019 10:00,0.498,0.452
17/06/2019 11:00,0.544,0.513
17/06/2019 12:00,0.549,0.526
17/06/2019 13:00,0.509,0.493
17/06/2019 14:00,0.43,0.424
17/06/2019 15:00,0.314,0.324
17/06/2019 16:00,0.175,0.194
17/06/2019 17:00,0.053,0.088
17/06/2019 18:00,0.002,0.01
17/06/2019 19:00,0.0,0.0
17/06/2019 20:00,0.0,0.0
17/06/2019 21:00,0.0,0.0
17/06/2019 22:00,0.0,0.0
17/06/2019 23:00,0.0,0.0
18/06/2019 00:00,0.0,0.0
18/06/2019 01:00,0.0,0.0
18/06/2019 02:00,0.0,0.0
18/06/2019 03:00,0.0,0.0
18/06/2019 04:00,0.0,0.0
18/06/2019 05:00,0.0,0.0
18/06/2019 06:00,0.039,0.011
18/06/2019 07:00,0.139,0.081
18/06/2019 08:00,0.268,0.216
18/06/2019 09:00,0.395,0.346
18/06/2019 10:00,0.477,0.44
18/06/2019 11:00,0.535,0.501
18/06/2019 12:00,0.544,0.519
18/06/2019 13:00,0.502,0.487
18/06/2019 14:00,0.424,0.421
18/06/2019 15:00,0.312,0.327
18/06/2019 16:00,0.175,0.204
18/06/2019 17:00,0.06,0.088
18/06/2019 18:00,0.002,0.011
18/06/2019 19:00,0.0,0.0
18/06/2019 20:00,0.0,0.0
18/06/2019 21:00,0.0,0.0
18/06/2019 22:00,0.0,0.0
18/06/2019 23:00,0.0,0.0
19/06/2019 00:00,0.0,0.0
19/06/2019 01:00,0.0,0.0
19/06/2019 02:00,0.0,0.0
19/06/2019 03:00,0.0,0.0
19/06/2019 04:00,0.0,0.0
19/06/2019 05:00,0.0,0.0
19/06/2019 06:00,0.038,0.008
19/06/2019 07:00,0.137,0.092
19/06/2019 08:00,0.283,0.218
19/06/2019 09:00,0.409,0.34
19/06/2019 10:00,0.485,0.43
19/06/2019 11:00,0.532,0.485
19/06/2019 12:00,0.537,0.458
19/06/2019 13:00,0.502,0.39
19/06/2019 14:00,0.424,0.316
19/06/2019 15:00,0.31,0.227
19/06/2019 16:00,0.175,0.152
19/06/2019 17:00,0.056,0.068
19/06/2019 18:00,0.002,0.006
19/06/2019 19:00,0.0,0.0
19/06/2019 20:00,0.0,0.0
19/06/2019 21:00,0.0,0.0
19/06/2019 22:00,0.0,0.0
19/06/2019 23:00,0.0,0.0
20/06/2019 00:00,0.0,0.0
20/06/2019 01:00,0.0,0.0
20/06/2019 02:00,0.0,0.0
20/06/2019 03:00,0.0,0.0
20/06/2019 04:00,0.0,0.0
20/06/2019 05:00,0.0,0.0
20/06/2019 06:00,0.042,0.004
20/06/2019 07:00,0.145,0.054
20/06/2019 08:00,0.276,0.135
20/06/2019 09:00,0.395,0.21
20/06/2019 10:00,0.479,0.244
20/06/2019 11:00,0.523,0.254
20/06/2019 12:00,0.522,0.248
20/06/2019 13:00,0.471,0.23
20/06/2019 14:00,0.367,0.191
20/06/2019 15:00,0.218,0.142
20/06/2019 16:00,0.098,0.081
20/06/2019 17:00,0.03,0.033
20/06/2019 18:00,0.0,0.002
20/06/2019 19:00,0.0,0.0
20/06/2019 20:00,0.0,0.0
20/06/2019 21:00,0.0,0.0
20/06/2019 22:00,0.0,0.0
20/06/2019 23:00,0.0,0.0
21/06/2019 00:00,0.0,0.0
21/06/2019 01:00,0.0,0.0
21/06/2019 02:00,0.0,0.0
21/06/2019 03:00,0.0,0.0
21/06/2019 04:00,0.0,0.0
21/06/2019 05:00,0.0,0.0
21/06/2019 06:00,0.037,0.004
21/06/2019 07:00,0.143,0.057
21/06/2019 08:00,0.275,0.141
21/06/2019 09:00,0.389,0.235
21/06/2019 10:00,0.467,0.298
21/06/2019 11:00,0.508,0.315
21/06/2019 12:00,0.509,0.3
21/06/2019 13:00,0.462,0.261
21/06/2019 14:00,0.387,0.228
21/06/2019 15:00,0.283,0.18
21/06/2019 16:00,0.162,0.114
21/06/2019 17:00,0.053,0.05
21/06/2019 18:00,0.001,0.005
21/06/2019 19:00,0.0,0.0
21/06/2019 20:00,0.0,0.0
21/06/2019 21:00,0.0,0.0
21/06/2019 22:00,0.0,0.0
21/06/2019 23:00,0.0,0.0
22/06/2019 00:00,0.0,0.0
22/06/2019 01:00,0.0,0.0
22/06/2019 02:00,0.0,0.0
22/06/2019 03:00,0.0,0.0
22/06/2019 04:00,0.0,0.0
22/06/2019 05:00,0.0,0.0
22/06/2019 06:00,0.029,0.002
22/06/2019 07:00,0.129,0.035
22/06/2019 08:00,0.245,0.098
22/06/2019 09:00,0.335,0.23
22/06/2019 10:00,0.403,0.326
22/06/2019 11:00,0.438,0.352
22/06/2019 12:00,0.437,0.344
22/06/2019 13:00,0.371,0.31
22/06/2019 14:00,0.302,0.258
22/06/2019 15:00,0.226,0.171
22/06/2019 16:00,0.128,0.104
22/06/2019 17:00,0.044,0.046
22/06/2019 18:00,0.0,0.004
22/06/2019 19:00,0.0,0.0
22/06/2019 20:00,0.0,0.0
22/06/2019 21:00,0.0,0.0
22/06/2019 22:00,0.0,0.0
22/06/2019 23:00,0.0,0.0
23/06/2019 00:00,0.0,0.0
23/06/2019 01:00,0.0,0.0
23/06/2019 02:00,0.0,0.0
23/06/2019 03:00,0.0,0.0
23/06/2019 04:00,0.0,0.0
23/06/2019 05:00,0.0,0.0
23/06/2019 06:00,0.023,0.009
23/06/2019 07:00,0.099,0.094
23/06/2019 08:00,0.192,0.217
23/06/2019 09:00,0.269,0.317
23/06/2019 10:00,0.328,0.366
23/06/2019 11:00,0.341,0.397
23/06/2019 12:00,0.326,0.395
23/06/2019 13:00,0.277,0.365
23/06/2019 14:00,0.214,0.301
23/06/2019 15:00,0.16,0.225
23/06/2019 16:00,0.095,0.135
23/06/2019 17:00,0.034,0.055
23/06/2019 18:00,0.0,0.004
23/06/2019 19:00,0.0,0.0
23/06/2019 20:00,0.0,0.0
23/06/2019 21:00,0.0,0.0
23/06/2019 22:00,0.0,0.0
23/06/2019 23:00,0.0,0.0
24/06/2019 00:00,0.0,0.0
24/06/2019 01:00,0.0,0.0
24/06/2019 02:00,0.0,0.0
24/06/2019 03:00,0.0,0.0
24/06/2019 04:00,0.0,0.0
24/06/2019 05:00,0.0,0.0
24/06/2019 06:00,0.036,0.002
24/06/2019 07:00,0.137,0.04
24/06/2019 08:00,0.235,0.102
24/06/2019 09:00,0.292,0.167
24/06/2019 10:00,0.313,0.22
24/06/2019 11:00,0.401,0.251
24/06/2019 12:00,0.458,0.256
24/06/2019 13:00,0.459,0.239
24/06/2019 14:00,0.404,0.194
24/06/2019 15:00,0.306,0.143
24/06/2019 16:00,0.184,0.089
24/06/2019 17:00,0.066,0.041
24/06/2019 18:00,0.002,0.003
24/06/2019 19:00,0.0,0.0
24/06/2019 20:00,0.0,0.0
24/06/2019 21:00,0.0,0.0
24/06/2019 22:00,0.0,0.0
24/06/2019 23:00,0.0,0.0
25/06/2019 00:00,0.0,0.0
25/06/2019 01:00,0.0,0.0
25/06/2019 02:00,0.0,0.0
25/06/2019 03:00,0.0,0.0
25/06/2019 04:00,0.0,0.0
25/06/2019 05:00,0.0,0.0
25/06/2019 06:00,0.039,0.006
25/06/2019 07:00,0.14,0.076
25/06/2019 08:00,0.275,0.19
25/06/2019 09:00,0.396,0.313
25/06/2019 10:00,0.499,0.425
25/06/2019 11:00,0.544,0.491
25/06/2019 12:00,0.547,0.507
25/06/2019 13:00,0.507,0.484
25/06/2019 14:00,0.429,0.421
25/06/2019 15:00,0.315,0.329
25/06/2019 16:00,0.178,0.217
25/06/2019 17:00,0.059,0.089
25/06/2019 18:00,0.002,0.01
25/06/2019 19:00,0.0,0.0
25/06/2019 20:00,0.0,0.0
25/06/2019 21:00,0.0,0.0
25/06/2019 22:00,0.0,0.0
25/06/2019 23:00,0.0,0.0
26/06/2019 00:00,0.0,0.0
26/06/2019 01:00,0.0,0.0
26/06/2019 02:00,0.0,0.0
26/06/2019 03:00,0.0,0.0
26/06/2019 04:00,0.0,0.0
26/06/2019 05:00,0.0,0.0
26/06/2019 06:00,0.028,0.01
26/06/2019 07:00,0.119,0.088
26/06/2019 08:00,0.238,0.191
26/06/2019 09:00,0.354,0.277
26/06/2019 10:00,0.44,0.333
26/06/2019 11:00,0.461,0.362
26/06/2019 12:00,0.449,0.377
26/06/2019 13:00,0.395,0.352
26/06/2019 14:00,0.333,0.303
26/06/2019 15:00,0.249,0.229
26/06/2019 16:00,0.135,0.133
26/06/2019 17:00,0.048,0.055
26/06/2019 18:00,0.001,0.003
26/06/2019 19:00,0.0,0.0
26/06/2019 20:00,0.0,0.0
26/06/2019 21:00,0.0,0.0
26/06/2019 22:00,0.0,0.0
26/06/2019 23:00,0.0,0.0
27/06/2019 00:00,0.0,0.0
27/06/2019 01:00,0.0,0.0
27/06/2019 02:00,0.0,0.0
27/06/2019 03:00,0.0,0.0
27/06/2019 04:00,0.0,0.0
27/06/2019 05:00,0.0,0.0
27/06/2019 06:00,0.025,0.004
27/06/2019 07:00,0.117,0.055
27/06/2019 08:00,0.24,0.131
27/06/2019 09:00,0.35,0.227
27/06/2019 10:00,0.428,0.301
27/06/2019 11:00,0.461,0.362
27/06/2019 12:00,0.464,0.374
27/06/2019 13:00,0.426,0.354
27/06/2019 14:00,0.361,0.327
27/06/2019 15:00,0.271,0.261
27/06/2019 16:00,0.15,0.172
27/06/2019 17:00,0.053,0.076
27/06/2019 18:00,0.001,0.007
27/06/2019 19:00,0.0,0.0
27/06/2019 20:00,0.0,0.0
27/06/2019 21:00,0.0,0.0
27/06/2019 22:00,0.0,0.0
27/06/2019 23:00,0.0,0.0
28/06/2019 00:00,0.0,0.0
28/06/2019 01:00,0.0,0.0
28/06/2019 02:00,0.0,0.0
28/06/2019 03:00,0.0,0.0
28/06/2019 04:00,0.0,0.0
28/06/2019 05:00,0.0,0.0
28/06/2019 06:00,0.041,0.01
28/06/2019 07:00,0.144,0.092
28/06/2019 08:00,0.275,0.213
28/06/2019 09:00,0.374,0.322
28/06/2019 10:00,0.454,0.391
28/06/2019 11:00,0.548,0.409
28/06/2019 12:00,0.557,0.406
28/06/2019 13:00,0.515,0.37
28/06/2019 14:00,0.423,0.324
28/06/2019 15:00,0.302,0.265
28/06/2019 16:00,0.168,0.174
28/06/2019 17:00,0.057,0.083
28/06/2019 18:00,0.001,0.008
28/06/2019 19:00,0.0,0.0
28/06/2019 20:00,0.0,0.0
28/06/2019 21:00,0.0,0.0
28/06/2019 22:00,0.0,0.0
28/06/2019 23:00,0.0,0.0
29/06/2019 00:00,0.0,0.0
29/06/2019 01:00,0.0,0.0
29/06/2019 02:00,0.0,0.0
29/06/2019 03:00,0.0,0.0
29/06/2019 04:00,0.0,0.0
29/06/2019 05:00,0.0,0.0
29/06/2019 06:00,0.042,0.011
29/06/2019 07:00,0.144,0.083
29/06/2019 08:00,0.283,0.215
29/06/2019 09:00,0.388,0.34
29/06/2019 10:00,0.464,0.427
29/06/2019 11:00,0.497,0.486
29/06/2019 12:00,0.495,0.508
29/06/2019 13:00,0.447,0.486
29/06/2019 14:00,0.374,0.424
29/06/2019 15:00,0.273,0.331
29/06/2019 16:00,0.159,0.217
29/06/2019 17:00,0.057,0.092
29/06/2019 18:00,0.001,0.011
29/06/2019 19:00,0.0,0.0
29/06/2019 20:00,0.0,0.0
29/06/2019 21:00,0.0,0.0
29/06/2019 22:00,0.0,0.0
29/06/2019 23:00,0.0,0.0
30/06/2019 00:00,0.0,0.0
30/06/2019 01:00,0.0,0.0
30/06/2019 02:00,0.0,0.0
30/06/2019 03:00,0.0,0.0
30/06/2019 04:00,0.0,0.0
30/06/2019 05:00,0.0,0.0
30/06/2019 06:00,0.04,0.009
30/06/2019 07:00,0.142,0.086
30/06/2019 08:00,0.264,0.185
30/06/2019 09:00,0.362,0.278
30/06/2019 10:00,0.407,0.355
30/06/2019 11:00,0.445,0.394
30/06/2019 12:00,0.467,0.406
30/06/2019 13:00,0.461,0.393
30/06/2019 14:00,0.407,0.331
30/06/2019 15:00,0.309,0.259
30/06/2019 16:00,0.183,0.178
30/06/2019 17:00,0.063,0.084
30/06/2019 18:00,0.002,0.008
30/06/2019 19:00,0.0,0.0
30/06/2019 20:00,0.0,0.0
30/06/2019 21:00,0.0,0.0
30/06/2019 22:00,0.0,0.0
30/06/2019 23:00,0.0,0.0
01/07/2019 00:00,0.0,0.0
01/07/2019 01:00,0.0,0.0
01/07/2019 02:00,0.0,0.0
01/07/2019 03:00,0.0,0.0
01/07/2019 04:00,0.0,0.0
01/07/2019 05:00,0.0,0.0
01/07/2019 06:00,0.04,0.006
01/07/2019 07:00,0.142,0.073
01/07/2019 08:00,0.273,0.181
01/07/2019 09:00,0.385,0.275
01/07/2019 10:00,0.467,0.346
01/07/2019 11:00,0.513,0.38
01/07/2019 12:00,0.52,0.374
01/07/2019 13:00,0.483,0.312
01/07/2019 14:00,0.403,0.257
01/07/2019 15:00,0.294,0.188
01/07/2019 16:00,0.174,0.118
01/07/2019 17:00,0.061,0.053
01/07/2019 18:00,0.001,0.004
01/07/2019 19:00,0.0,0.0
01/07/2019 20:00,0.0,0.0
01/07/2019 21:00,0.0,0.0
01/07/2019 22:00,0.0,0.0
01/07/2019 23:00,0.0,0.0
02/07/2019 00:00,0.0,0.0
02/07/2019 01:00,0.0,0.0
02/07/2019 02:00,0.0,0.0
02/07/2019 03:00,0.0,0.0
02/07/2019 04:00,0.0,0.0
02/07/2019 05:00,0.0,0.0
02/07/2019 06:00,0.033,0.005
02/07/2019 07:00,0.133,0.064
02/07/2019 08:00,0.245,0.152
02/07/2019 09:00,0.347,0.233
02/07/2019 10:00,0.425,0.297
02/07/2019 11:00,0.46,0.327
02/07/2019 12:00,0.462,0.342
02/07/2019 13:00,0.423,0.344
02/07/2019 14:00,0.333,0.323
02/07/2019 15:00,0.233,0.256
02/07/2019 16:00,0.133,0.164
02/07/2019 17:00,0.046,0.075
02/07/2019 18:00,0.0,0.007
02/07/2019 19:00,0.0,0.0
02/07/2019 20:00,0.0,0.0
02/07/2019 21:00,0.0,0.0
02/07/2019 22:00,0.0,0.0
02/07/2019 23:00,0.0,0.0
03/07/2019 00:00,0.0,0.0
03/07/2019 01:00,0.0,0.0
03/07/2019 02:00,0.0,0.0
03/07/2019 03:00,0.0,0.0
03/07/2019 04:00,0.0,0.0
03/07/2019 05:00,0.0,0.0
03/07/2019 06:00,0.028,0.01
03/07/2019 07:00,0.121,0.09
03/07/2019 08:00,0.237,0.203
03/07/2019 09:00,0.343,0.301
03/07/2019 10:00,0.439,0.379
03/07/2019 11:00,0.49,0.421
03/07/2019 12:00,0.493,0.46
03/07/2019 13:00,0.451,0.443
03/07/2019 14:00,0.381,0.383
03/07/2019 15:00,0.283,0.257
03/07/2019 16:00,0.165,0.158
03/07/2019 17:00,0.057,0.063
03/07/2019 18:00,0.001,0.004
03/07/2019 19:00,0.0,0.0
03/07/2019 20:00,0.0,0.0
03/07/2019 21:00,0.0,0.0
03/07/2019 22:00,0.0,0.0
03/07/2019 23:00,0.0,0.0
04/07/2019 00:00,0.0,0.0
04/07/2019 01:00,0.0,0.0
04/07/2019 02:00,0.0,0.0
04/07/2019 03:00,0.0,0.0
04/07/2019 04:00,0.0,0.0
04/07/2019 05:00,0.0,0.0
04/07/2019 06:00,0.041,0.007
04/07/2019 07:00,0.145,0.072
04/07/2019 08:00,0.275,0.148
04/07/2019 09:00,0.348,0.195
04/07/2019 10:00,0.404,0.224
04/07/2019 11:00,0.45,0.264
04/07/2019 12:00,0.482,0.312
04/07/2019 13:00,0.447,0.34
04/07/2019 14:00,0.38,0.32
04/07/2019 15:00,0.292,0.269
04/07/2019 16:00,0.181,0.176
04/07/2019 17:00,0.066,0.082
04/07/2019 18:00,0.001,0.008
04/07/2019 19:00,0.0,0.0
04/07/2019 20:00,0.0,0.0
04/07/2019 21:00,0.0,0.0
04/07/2019 22:00,0.0,0.0
04/07/2019 23:00,0.0,0.0
05/07/2019 00:00,0.0,0.0
05/07/2019 01:00,0.0,0.0
05/07/2019 02:00,0.0,0.0
05/07/2019 03:00,0.0,0.0
05/07/2019 04:00,0.0,0.0
05/07/2019 05:00,0.0,0.0
05/07/2019 06:00,0.042,0.004
05/07/2019 07:00,0.145,0.061
05/07/2019 08:00,0.284,0.143
05/07/2019 09:00,0.398,0.213
05/07/2019 10:00,0.474,0.279
05/07/2019 11:00,0.509,0.342
05/07/2019 12:00,0.498,0.403
05/07/2019 13:00,0.447,0.41
05/07/2019 14:00,0.362,0.359
05/07/2019 15:00,0.255,0.289
05/07/2019 16:00,0.149,0.188
05/07/2019 17:00,0.057,0.074
05/07/2019 18:00,0.001,0.004
05/07/2019 19:00,0.0,0.0
05/07/2019 20:00,0.0,0.0
05/07/2019 21:00,0.0,0.0
05/07/2019 22:00,0.0,0.0
05/07/2019 23:00,0.0,0.0
06/07/2019 00:00,0.0,0.0
06/07/2019 01:00,0.0,0.0
06/07/2019 02:00,0.0,0.0
06/07/2019 03:00,0.0,0.0
06/07/2019 04:00,0.0,0.0
06/07/2019 05:00,0.0,0.0
06/07/2019 06:00,0.024,0.004
06/07/2019 07:00,0.103,0.058
06/07/2019 08:00,0.198,0.138
06/07/2019 09:00,0.284,0.228
06/07/2019 10:00,0.379,0.319
06/07/2019 11:00,0.42,0.345
06/07/2019 12:00,0.455,0.332
06/07/2019 13:00,0.435,0.302
06/07/2019 14:00,0.398,0.279
06/07/2019 15:00,0.307,0.257
06/07/2019 16:00,0.188,0.172
06/07/2019 17:00,0.069,0.089
06/07/2019 18:00,0.001,0.009
06/07/2019 19:00,0.0,0.0
06/07/2019 20:00,0.0,0.0
06/07/2019 21:00,0.0,0.0
06/07/2019 22:00,0.0,0.0
06/07/2019 23:00,0.0,0.0
07/07/2019 00:00,0.0,0.0
07/07/2019 01:00,0.0,0.0
07/07/2019 02:00,0.0,0.0
07/07/2019 03:00,0.0,0.0
07/07/2019 04:00,0.0,0.0
07/07/2019 05:00,0.0,0.0
07/07/2019 06:00,0.038,0.005
07/07/2019 07:00,0.141,0.073
07/07/2019 08:00,0.272,0.19
07/07/2019 09:00,0.389,0.274
07/07/2019 10:00,0.49,0.345
07/07/2019 11:00,0.536,0.362
07/07/2019 12:00,0.54,0.367
07/07/2019 13:00,0.508,0.343
07/07/2019 14:00,0.43,0.287
07/07/2019 15:00,0.317,0.221
07/07/2019 16:00,0.184,0.142
07/07/2019 17:00,0.063,0.06
07/07/2019 18:00,0.002,0.005
07/07/2019 19:00,0.0,0.0
07/07/2019 20:00,0.0,0.0
07/07/2019 21:00,0.0,0.0
07/07/2019 22:00,0.0,0.0
07/07/2019 23:00,0.0,0.0
08/07/2019 00:00,0.0,0.0
08/07/2019 01:00,0.0,0.0
08/07/2019 02:00,0.0,0.0
08/07/2019 03:00,0.0,0.0
08/07/2019 04:00,0.0,0.0
08/07/2019 05:00,0.0,0.0
08/07/2019 06:00,0.04,0.004
08/07/2019 07:00,0.128,0.055
08/07/2019 08:00,0.219,0.122
08/07/2019 09:00,0.308,0.187
08/07/2019 10:00,0.363,0.251
08/07/2019 11:00,0.379,0.31
08/07/2019 12:00,0.39,0.344
08/07/2019 13:00,0.38,0.333
08/07/2019 14:00,0.333,0.293
08/07/2019 15:00,0.235,0.23
08/07/2019 16:00,0.125,0.147
08/07/2019 17:00,0.036,0.067
08/07/2019 18:00,0.0,0.005
08/07/2019 19:00,0.0,0.0
08/07/2019 20:00,0.0,0.0
08/07/2019 21:00,0.0,0.0
08/07/2019 22:00,0.0,0.0
08/07/2019 23:00,0.0,0.0
09/07/2019 00:00,0.0,0.0
09/07/2019 01:00,0.0,0.0
09/07/2019 02:00,0.0,0.0
09/07/2019 03:00,0.0,0.0
09/07/2019 04:00,0.0,0.0
09/07/2019 05:00,0.0,0.0
09/07/2019 06:00,0.038,0.002
09/07/2019 07:00,0.145,0.045
09/07/2019 08:00,0.26,0.141
09/07/2019 09:00,0.362,0.272
09/07/2019 10:00,0.421,0.364
09/07/2019 11:00,0.412,0.377
09/07/2019 12:00,0.374,0.364
09/07/2019 13:00,0.329,0.331
09/07/2019 14:00,0.268,0.276
09/07/2019 15:00,0.193,0.2
09/07/2019 16:00,0.117,0.116
09/07/2019 17:00,0.051,0.044
09/07/2019 18:00,0.001,0.004
09/07/2019 19:00,0.0,0.0
09/07/2019 20:00,0.0,0.0
09/07/2019 21:00,0.0,0.0
09/07/2019 22:00,0.0,0.0
09/07/2019 23:00,0.0,0.0
10/07/2019 00:00,0.0,0.0
10/07/2019 01:00,0.0,0.0
10/07/2019 02:00,0.0,0.0
10/07/2019 03:00,0.0,0.0
10/07/2019 04:00,0.0,0.0
10/07/2019 05:00,0.0,0.0
10/07/2019 06:00,0.041,0.01
10/07/2019 07:00,0.144,0.082
10/07/2019 08:00,0.292,0.219
10/07/2019 09:00,0.423,0.357
10/07/2019 10:00,0.505,0.463
10/07/2019 11:00,0.552,0.527
10/07/2019 12:00,0.556,0.546
10/07/2019 13:00,0.503,0.514
10/07/2019 14:00,0.416,0.441
10/07/2019 15:00,0.294,0.34
10/07/2019 16:00,0.161,0.21
10/07/2019 17:00,0.053,0.089
10/07/2019 18:00,0.001,0.008
10/07/2019 19:00,0.0,0.0
10/07/2019 20:00,0.0,0.0
10/07/2019 21:00,0.0,0.0
10/07/2019 22:00,0.0,0.0
10/07/2019 23:00,0.0,0.0
11/07/2019 00:00,0.0,0.0
11/07/2019 01:00,0.0,0.0
11/07/2019 02:00,0.0,0.0
11/07/2019 03:00,0.0,0.0
11/07/2019 04:00,0.0,0.0
11/07/2019 05:00,0.0,0.0
11/07/2019 06:00,0.038,0.002
11/07/2019 07:00,0.144,0.046
11/07/2019 08:00,0.275,0.119
11/07/2019 09:00,0.394,0.178
11/07/2019 10:00,0.474,0.216
11/07/2019 11:00,0.497,0.26
11/07/2019 12:00,0.481,0.286
11/07/2019 13:00,0.428,0.286
11/07/2019 14:00,0.343,0.245
11/07/2019 15:00,0.245,0.177
11/07/2019 16:00,0.143,0.104
11/07/2019 17:00,0.05,0.044
11/07/2019 18:00,0.0,0.002
11/07/2019 19:00,0.0,0.0
11/07/2019 20:00,0.0,0.0
11/07/2019 21:00,0.0,0.0
11/07/2019 22:00,0.0,0.0
11/07/2019 23:00,0.0,0.0
12/07/2019 00:00,0.0,0.0
12/07/2019 01:00,0.0,0.0
12/07/2019 02:00,0.0,0.0
12/07/2019 03:00,0.0,0.0
12/07/2019 04:00,0.0,0.0
12/07/2019 05:00,0.0,0.0
12/07/2019 06:00,0.028,0.004
12/07/2019 07:00,0.091,0.075
12/07/2019 08:00,0.161,0.201
12/07/2019 09:00,0.236,0.315
12/07/2019 10:00,0.317,0.404
12/07/2019 11:00,0.392,0.452
12/07/2019 12:00,0.459,0.461
12/07/2019 13:00,0.481,0.417
12/07/2019 14:00,0.421,0.332
12/07/2019 15:00,0.328,0.237
12/07/2019 16:00,0.196,0.135
12/07/2019 17:00,0.069,0.06
12/07/2019 18:00,0.001,0.004
12/07/2019 19:00,0.0,0.0
12/07/2019 20:00,0.0,0.0
12/07/2019 21:00,0.0,0.0
12/07/2019 22:00,0.0,0.0
12/07/2019 23:00,0.0,0.0
13/07/2019 00:00,0.0,0.0
13/07/2019 01:00,0.0,0.0
13/07/2019 02:00,0.0,0.0
13/07/2019 03:00,0.0,0.0
13/07/2019 04:00,0.0,0.0
13/07/2019 05:00,0.0,0.0
13/07/2019 06:00,0.039,0.01
13/07/2019 07:00,0.143,0.092
13/07/2019 08:00,0.281,0.22
13/07/2019 09:00,0.399,0.324
13/07/2019 10:00,0.499,0.394
13/07/2019 11:00,0.552,0.433
13/07/2019 12:00,0.563,0.438
13/07/2019 13:00,0.524,0.438
13/07/2019 14:00,0.448,0.421
13/07/2019 15:00,0.332,0.346
13/07/2019 16:00,0.192,0.226
13/07/2019 17:00,0.063,0.097
13/07/2019 18:00,0.002,0.01
13/07/2019 19:00,0.0,0.0
13/07/2019 20:00,0.0,0.0
13/07/2019 21:00,0.0,0.0
13/07/2019 22:00,0.0,0.0
13/07/2019 23:00,0.0,0.0
14/07/2019 00:00,0.0,0.0
14/07/2019 01:00,0.0,0.0
14/07/2019 02:00,0.0,0.0
14/07/2019 03:00,0.0,0.0
14/07/2019 04:00,0.0,0.0
14/07/2019 05:00,0.0,0.0
14/07/2019 06:00,0.033,0.01
14/07/2019 07:00,0.144,0.088
14/07/2019 08:00,0.286,0.226
14/07/2019 09:00,0.403,0.362
14/07/2019 10:00,0.473,0.457
14/07/2019 11:00,0.5,0.507
14/07/2019 12:00,0.489,0.509
14/07/2019 13:00,0.442,0.475
14/07/2019 14:00,0.373,0.403
14/07/2019 15:00,0.276,0.287
14/07/2019 16:00,0.14,0.176
14/07/2019 17:00,0.052,0.082
14/07/2019 18:00,0.001,0.006
14/07/2019 19:00,0.0,0.0
14/07/2019 20:00,0.0,0.0
14/07/2019 21:00,0.0,0.0
14/07/2019 22:00,0.0,0.0
14/07/2019 23:00,0.0,0.0
15/07/2019 00:00,0.0,0.0
15/07/2019 01:00,0.0,0.0
15/07/2019 02:00,0.0,0.0
15/07/2019 03:00,0.0,0.0
15/07/2019 04:00,0.0,0.0
15/07/2019 05:00,0.0,0.0
15/07/2019 06:00,0.034,0.003
15/07/2019 07:00,0.144,0.066
15/07/2019 08:00,0.27,0.208
15/07/2019 09:00,0.355,0.329
15/07/2019 10:00,0.368,0.427
15/07/2019 11:00,0.311,0.499
15/07/2019 12:00,0.267,0.508
15/07/2019 13:00,0.239,0.47
15/07/2019 14:00,0.199,0.413
15/07/2019 15:00,0.143,0.293
15/07/2019 16:00,0.081,0.184
15/07/2019 17:00,0.026,0.074
15/07/2019 18:00,0.0,0.005
15/07/2019 19:00,0.0,0.0
15/07/2019 20:00,0.0,0.0
15/07/2019 21:00,0.0,0.0
15/07/2019 22:00,0.0,0.0
15/07/2019 23:00,0.0,0.0
16/07/2019 00:00,0.0,0.0
16/07/2019 01:00,0.0,0.0
16/07/2019 02:00,0.0,0.0
16/07/2019 03:00,0.0,0.0
16/07/2019 04:00,0.0,0.0
16/07/2019 05:00,0.0,0.0
16/07/2019 06:00,0.04,0.005
16/07/2019 07:00,0.145,0.075
16/07/2019 08:00,0.27,0.197
16/07/2019 09:00,0.38,0.312
16/07/2019 10:00,0.458,0.389
16/07/2019 11:00,0.501,0.441
16/07/2019 12:00,0.504,0.454
16/07/2019 13:00,0.474,0.427
16/07/2019 14:00,0.414,0.359
16/07/2019 15:00,0.311,0.251
16/07/2019 16:00,0.186,0.154
16/07/2019 17:00,0.067,0.063
16/07/2019 18:00,0.001,0.005
16/07/2019 19:00,0.0,0.0
16/07/2019 20:00,0.0,0.0
16/07/2019 21:00,0.0,0.0
16/07/2019 22:00,0.0,0.0
16/07/2019 23:00,0.0,0.0
17/07/2019 00:00,0.0,0.0
17/07/2019 01:00,0.0,0.0
17/07/2019 02:00,0.0,0.0
17/07/2019 03:00,0.0,0.0
17/07/2019 04:00,0.0,0.0
17/07/2019 05:00,0.0,0.0
17/07/2019 06:00,0.035,0.011
17/07/2019 07:00,0.141,0.092
17/07/2019 08:00,0.265,0.2
17/07/2019 09:00,0.384,0.296
17/07/2019 10:00,0.45,0.383
17/07/2019 11:00,0.512,0.452
17/07/2019 12:00,0.533,0.486
17/07/2019 13:00,0.504,0.491
17/07/2019 14:00,0.429,0.43
17/07/2019 15:00,0.318,0.33
17/07/2019 16:00,0.191,0.212
17/07/2019 17:00,0.066,0.094
17/07/2019 18:00,0.001,0.009
17/07/2019 19:00,0.0,0.0
17/07/2019 20:00,0.0,0.0
17/07/2019 21:00,0.0,0.0
17/07/2019 22:00,0.0,0.0
17/07/2019 23:00,0.0,0.0
18/07/2019 00:00,0.0,0.0
18/07/2019 01:00,0.0,0.0
18/07/2019 02:00,0.0,0.0
18/07/2019 03:00,0.0,0.0
18/07/2019 04:00,0.0,0.0
18/07/2019 05:00,0.0,0.0
18/07/2019 06:00,0.04,0.005
18/07/2019 07:00,0.149,0.074
18/07/2019 08:00,0.293,0.214
18/07/2019 09:00,0.415,0.325
18/07/2019 10:00,0.492,0.365
18/07/2019 11:00,0.523,0.36
18/07/2019 12:00,0.51,0.337
18/07/2019 13:00,0.465,0.281
18/07/2019 14:00,0.385,0.219
18/07/2019 15:00,0.276,0.164
18/07/2019 16:00,0.155,0.097
18/07/2019 17:00,0.045,0.039
18/07/2019 18:00,0.0,0.001
18/07/2019 19:00,0.0,0.0
18/07/2019 20:00,0.0,0.0
18/07/2019 21:00,0.0,0.0
18/07/2019 22:00,0.0,0.0
18/07/2019 23:00,0.0,0.0
19/07/2019 00:00,0.0,0.0
19/07/2019 01:00,0.0,0.0
19/07/2019 02:00,0.0,0.0
19/07/2019 03:00,0.0,0.0
19/07/2019 04:00,0.0,0.0
19/07/2019 05:00,0.0,0.0
19/07/2019 06:00,0.017,0.001
19/07/2019 07:00,0.092,0.033
19/07/2019 08:00,0.178,0.096
19/07/2019 09:00,0.252,0.168
19/07/2019 10:00,0.286,0.221
19/07/2019 11:00,0.287,0.241
19/07/2019 12:00,0.311,0.239
19/07/2019 13:00,0.273,0.218
19/07/2019 14:00,0.226,0.198
19/07/2019 15:00,0.154,0.158
19/07/2019 16:00,0.086,0.103
19/07/2019 17:00,0.027,0.048
19/07/2019 18:00,0.0,0.004
19/07/2019 19:00,0.0,0.0
19/07/2019 20:00,0.0,0.0
19/07/2019 21:00,0.0,0.0
19/07/2019 22:00,0.0,0.0
19/07/2019 23:00,0.0,0.0
20/07/2019 00:00,0.0,0.0
20/07/2019 01:00,0.0,0.0
20/07/2019 02:00,0.0,0.0
20/07/2019 03:00,0.0,0.0
20/07/2019 04:00,0.0,0.0
20/07/2019 05:00,0.0,0.0
20/07/2019 06:00,0.025,0.005
20/07/2019 07:00,0.115,0.067
20/07/2019 08:00,0.23,0.159
20/07/2019 09:00,0.329,0.246
20/07/2019 10:00,0.426,0.318
20/07/2019 11:00,0.49,0.376
20/07/2019 12:00,0.505,0.414
20/07/2019 13:00,0.48,0.437
20/07/2019 14:00,0.408,0.409
20/07/2019 15:00,0.307,0.34
20/07/2019 16:00,0.185,0.219
20/07/2019 17:00,0.065,0.095
20/07/2019 18:00,0.001,0.009
20/07/2019 19:00,0.0,0.0
20/07/2019 20:00,0.0,0.0
20/07/2019 21:00,0.0,0.0
20/07/2019 22:00,0.0,0.0
20/07/2019 23:00,0.0,0.0
21/07/2019 00:00,0.0,0.0
21/07/2019 01:00,0.0,0.0
21/07/2019 02:00,0.0,0.0
21/07/2019 03:00,0.0,0.0
21/07/2019 04:00,0.0,0.0
21/07/2019 05:00,0.0,0.0
21/07/2019 06:00,0.026,0.009
21/07/2019 07:00,0.135,0.092
21/07/2019 08:00,0.254,0.234
21/07/2019 09:00,0.363,0.367
21/07/2019 10:00,0.42,0.452
21/07/2019 11:00,0.445,0.509
21/07/2019 12:00,0.438,0.522
21/07/2019 13:00,0.399,0.497
21/07/2019 14:00,0.311,0.418
21/07/2019 15:00,0.204,0.284
21/07/2019 16:00,0.109,0.153
21/07/2019 17:00,0.038,0.055
21/07/2019 18:00,0.0,0.002
21/07/2019 19:00,0.0,0.0
21/07/2019 20:00,0.0,0.0
21/07/2019 21:00,0.0,0.0
21/07/2019 22:00,0.0,0.0
21/07/2019 23:00,0.0,0.0
22/07/2019 00:00,0.0,0.0
22/07/2019 01:00,0.0,0.0
22/07/2019 02:00,0.0,0.0
22/07/2019 03:00,0.0,0.0
22/07/2019 04:00,0.0,0.0
22/07/2019 05:00,0.0,0.0
22/07/2019 06:00,0.04,0.002
22/07/2019 07:00,0.153,0.038
22/07/2019 08:00,0.293,0.101
22/07/2019 09:00,0.361,0.165
22/07/2019 10:00,0.424,0.213
22/07/2019 11:00,0.523,0.263
22/07/2019 12:00,0.553,0.315
22/07/2019 13:00,0.536,0.329
22/07/2019 14:00,0.46,0.297
22/07/2019 15:00,0.336,0.235
22/07/2019 16:00,0.184,0.159
22/07/2019 17:00,0.05,0.068
22/07/2019 18:00,0.0,0.005
22/07/2019 19:00,0.0,0.0
22/07/2019 20:00,0.0,0.0
22/07/2019 21:00,0.0,0.0
22/07/2019 22:00,0.0,0.0
22/07/2019 23:00,0.0,0.0
23/07/2019 00:00,0.0,0.0
23/07/2019 01:00,0.0,0.0
23/07/2019 02:00,0.0,0.0
23/07/2019 03:00,0.0,0.0
23/07/2019 04:00,0.0,0.0
23/07/2019 05:00,0.0,0.0
23/07/2019 06:00,0.038,0.004
23/07/2019 07:00,0.15,0.067
23/07/2019 08:00,0.284,0.176
23/07/2019 09:00,0.389,0.315
23/07/2019 10:00,0.401,0.448
23/07/2019 11:00,0.454,0.522
23/07/2019 12:00,0.429,0.532
23/07/2019 13:00,0.424,0.502
23/07/2019 14:00,0.38,0.431
23/07/2019 15:00,0.306,0.334
23/07/2019 16:00,0.184,0.211
23/07/2019 17:00,0.064,0.092
23/07/2019 18:00,0.001,0.007
23/07/2019 19:00,0.0,0.0
23/07/2019 20:00,0.0,0.0
23/07/2019 21:00,0.0,0.0
23/07/2019 22:00,0.0,0.0
23/07/2019 23:00,0.0,0.0
24/07/2019 00:00,0.0,0.0
24/07/2019 01:00,0.0,0.0
24/07/2019 02:00,0.0,0.0
24/07/2019 03:00,0.0,0.0
24/07/2019 04:00,0.0,0.0
24/07/2019 05:00,0.0,0.0
24/07/2019 06:00,0.04,0.007
24/07/2019 07:00,0.156,0.089
24/07/2019 08:00,0.289,0.202
24/07/2019 09:00,0.387,0.325
24/07/2019 10:00,0.453,0.367
24/07/2019 11:00,0.492,0.405
24/07/2019 12:00,0.49,0.408
24/07/2019 13:00,0.437,0.394
24/07/2019 14:00,0.333,0.348
24/07/2019 15:00,0.226,0.278
24/07/2019 16:00,0.13,0.186
24/07/2019 17:00,0.046,0.087
24/07/2019 18:00,0.0,0.008
24/07/2019 19:00,0.0,0.0
24/07/2019 20:00,0.0,0.0
24/07/2019 21:00,0.0,0.0
24/07/2019 22:00,0.0,0.0
24/07/2019 23:00,0.0,0.0
25/07/2019 00:00,0.0,0.0
25/07/2019 01:00,0.0,0.0
25/07/2019 02:00,0.0,0.0
25/07/2019 03:00,0.0,0.0
25/07/2019 04:00,0.0,0.0
25/07/2019 05:00,0.0,0.0
25/07/2019 06:00,0.038,0.004
25/07/2019 07:00,0.154,0.073
25/07/2019 08:00,0.284,0.172
25/07/2019 09:00,0.368,0.287
25/07/2019 10:00,0.396,0.374
25/07/2019 11:00,0.409,0.416
25/07/2019 12:00,0.402,0.409
25/07/2019 13:00,0.366,0.393
25/07/2019 14:00,0.282,0.355
25/07/2019 15:00,0.22,0.278
25/07/2019 16:00,0.137,0.179
25/07/2019 17:00,0.053,0.081
25/07/2019 18:00,0.0,0.006
25/07/2019 19:00,0.0,0.0
25/07/2019 20:00,0.0,0.0
25/07/2019 21:00,0.0,0.0
25/07/2019 22:00,0.0,0.0
25/07/2019 23:00,0.0,0.0
26/07/2019 00:00,0.0,0.0
26/07/2019 01:00,0.0,0.0
26/07/2019 02:00,0.0,0.0
26/07/2019 03:00,0.0,0.0
26/07/2019 04:00,0.0,0.0
26/07/2019 05:00,0.0,0.0
26/07/2019 06:00,0.039,0.007
26/07/2019 07:00,0.155,0.087
26/07/2019 08:00,0.293,0.202
26/07/2019 09:00,0.403,0.321
26/07/2019 10:00,0.439,0.39
26/07/2019 11:00,0.451,0.428
26/07/2019 12:00,0.419,0.442
26/07/2019 13:00,0.412,0.424
26/07/2019 14:00,0.362,0.349
26/07/2019 15:00,0.304,0.218
26/07/2019 16:00,0.179,0.111
26/07/2019 17:00,0.06,0.042
26/07/2019 18:00,0.0,0.002
26/07/2019 19:00,0.0,0.0
26/07/2019 20:00,0.0,0.0
26/07/2019 21:00,0.0,0.0
26/07/2019 22:00,0.0,0.0
26/07/2019 23:00,0.0,0.0
27/07/2019 00:00,0.0,0.0
27/07/2019 01:00,0.0,0.0
27/07/2019 02:00,0.0,0.0
27/07/2019 03:00,0.0,0.0
27/07/2019 04:00,0.0,0.0
27/07/2019 05:00,0.0,0.0
27/07/2019 06:00,0.027,0.008
27/07/2019 07:00,0.12,0.09
27/07/2019 08:00,0.235,0.211
27/07/2019 09:00,0.324,0.332
27/07/2019 10:00,0.376,0.442
27/07/2019 11:00,0.394,0.503
27/07/2019 12:00,0.395,0.506
27/07/2019 13:00,0.358,0.467
27/07/2019 14:00,0.313,0.397
27/07/2019 15:00,0.252,0.284
27/07/2019 16:00,0.174,0.143
27/07/2019 17:00,0.067,0.064
27/07/2019 18:00,0.001,0.005
27/07/2019 19:00,0.0,0.0
27/07/2019 20:00,0.0,0.0
27/07/2019 21:00,0.0,0.0
27/07/2019 22:00,0.0,0.0
27/07/2019 23:00,0.0,0.0
28/07/2019 00:00,0.0,0.0
28/07/2019 01:00,0.0,0.0
28/07/2019 02:00,0.0,0.0
28/07/2019 03:00,0.0,0.0
28/07/2019 04:00,0.0,0.0
28/07/2019 05:00,0.0,0.0
28/07/2019 06:00,0.036,0.006
28/07/2019 07:00,0.154,0.079
28/07/2019 08:00,0.302,0.175
28/07/2019 09:00,0.423,0.248
28/07/2019 10:00,0.491,0.285
28/07/2019 11:00,0.533,0.319
28/07/2019 12:00,0.534,0.326
28/07/2019 13:00,0.491,0.299
28/07/2019 14:00,0.399,0.226
28/07/2019 15:00,0.29,0.142
28/07/2019 16:00,0.168,0.079
28/07/2019 17:00,0.056,0.027
28/07/2019 18:00,0.0,0.001
28/07/2019 19:00,0.0,0.0
28/07/2019 20:00,0.0,0.0
28/07/2019 21:00,0.0,0.0
28/07/2019 22:00,0.0,0.0
28/07/2019 23:00,0.0,0.0
29/07/2019 00:00,0.0,0.0
29/07/2019 01:00,0.0,0.0
29/07/2019 02:00,0.0,0.0
29/07/2019 03:00,0.0,0.0
29/07/2019 04:00,0.0,0.0
29/07/2019 05:00,0.0,0.0
29/07/2019 06:00,0.036,0.007
29/07/2019 07:00,0.148,0.091
29/07/2019 08:00,0.286,0.19
29/07/2019 09:00,0.407,0.248
29/07/2019 10:00,0.499,0.306
29/07/2019 11:00,0.543,0.332
29/07/2019 12:00,0.533,0.311
29/07/2019 13:00,0.496,0.28
29/07/2019 14:00,0.412,0.24
29/07/2019 15:00,0.317,0.18
29/07/2019 16:00,0.186,0.11
29/07/2019 17:00,0.06,0.052
29/07/2019 18:00,0.0,0.003
29/07/2019 19:00,0.0,0.0
29/07/2019 20:00,0.0,0.0
29/07/2019 21:00,0.0,0.0
29/07/2019 22:00,0.0,0.0
29/07/2019 23:00,0.0,0.0
30/07/2019 00:00,0.0,0.0
30/07/2019 01:00,0.0,0.0
30/07/2019 02:00,0.0,0.0
30/07/2019 03:00,0.0,0.0
30/07/2019 04:00,0.0,0.0
30/07/2019 05:00,0.0,0.0
30/07/2019 06:00,0.034,0.008
30/07/2019 07:00,0.139,0.092
30/07/2019 08:00,0.274,0.224
30/07/2019 09:00,0.401,0.358
30/07/2019 10:00,0.491,0.462
30/07/2019 11:00,0.526,0.522
30/07/2019 12:00,0.519,0.533
30/07/2019 13:00,0.485,0.495
30/07/2019 14:00,0.411,0.433
30/07/2019 15:00,0.314,0.332
30/07/2019 16:00,0.192,0.207
30/07/2019 17:00,0.068,0.092
30/07/2019 18:00,0.0,0.008
30/07/2019 19:00,0.0,0.0
30/07/2019 20:00,0.0,0.0
30/07/2019 21:00,0.0,0.0
30/07/2019 22:00,0.0,0.0
30/07/2019 23:00,0.0,0.0
31/07/2019 00:00,0.0,0.0
31/07/2019 01:00,0.0,0.0
31/07/2019 02:00,0.0,0.0
31/07/2019 03:00,0.0,0.0
31/07/2019 04:00,0.0,0.0
31/07/2019 05:00,0.0,0.0
31/07/2019 06:00,0.037,0.009
31/07/2019 07:00,0.155,0.097
31/07/2019 08:00,0.298,0.228
31/07/2019 09:00,0.422,0.373
31/07/2019 10:00,0.501,0.453
31/07/2019 11:00,0.526,0.479
31/07/2019 12:00,0.511,0.476
31/07/2019 13:00,0.419,0.434
31/07/2019 14:00,0.331,0.392
31/07/2019 15:00,0.246,0.324
31/07/2019 16:00,0.167,0.208
31/07/2019 17:00,0.06,0.085
31/07/2019 18:00,0.0,0.005
31/07/2019 19:00,0.0,0.0
31/07/2019 20:00,0.0,0.0
31/07/2019 21:00,0.0,0.0
31/07/2019 22:00,0.0,0.0
31/07/2019 23:00,0.0,0.0
01/08/2019 00:00,0.0,0.0
01/08/2019 01:00,0.0,0.0
01/08/2019 02:00,0.0,0.0
01/08/2019 03:00,0.0,0.0
01/08/2019 04:00,0.0,0.0
01/08/2019 05:00,0.0,0.0
01/08/2019 06:00,0.033,0.004
01/08/2019 07:00,0.148,0.069
01/08/2019 08:00,0.274,0.168
01/08/2019 09:00,0.383,0.283
01/08/2019 10:00,0.451,0.369
01/08/2019 11:00,0.476,0.405
01/08/2019 12:00,0.465,0.38
01/08/2019 13:00,0.426,0.321
01/08/2019 14:00,0.325,0.256
01/08/2019 15:00,0.215,0.192
01/08/2019 16:00,0.12,0.119
01/08/2019 17:00,0.043,0.043
01/08/2019 18:00,0.0,0.001
01/08/2019 19:00,0.0,0.0
01/08/2019 20:00,0.0,0.0
01/08/2019 21:00,0.0,0.0
01/08/2019 22:00,0.0,0.0
01/08/2019 23:00,0.0,0.0
02/08/2019 00:00,0.0,0.0
02/08/2019 01:00,0.0,0.0
02/08/2019 02:00,0.0,0.0
02/08/2019 03:00,0.0,0.0
02/08/2019 04:00,0.0,0.0
02/08/2019 05:00,0.0,0.0
02/08/2019 06:00,0.022,0.002
02/08/2019 07:00,0.102,0.052
02/08/2019 08:00,0.213,0.146
02/08/2019 09:00,0.331,0.269
02/08/2019 10:00,0.425,0.389
02/08/2019 11:00,0.484,0.462
02/08/2019 12:00,0.519,0.488
02/08/2019 13:00,0.514,0.466
02/08/2019 14:00,0.453,0.414
02/08/2019 15:00,0.349,0.314
02/08/2019 16:00,0.203,0.18
02/08/2019 17:00,0.068,0.069
02/08/2019 18:00,0.0,0.003
02/08/2019 19:00,0.0,0.0
02/08/2019 20:00,0.0,0.0
02/08/2019 21:00,0.0,0.0
02/08/2019 22:00,0.0,0.0
02/08/2019 23:00,0.0,0.0
03/08/2019 00:00,0.0,0.0
03/08/2019 01:00,0.0,0.0
03/08/2019 02:00,0.0,0.0
03/08/2019 03:00,0.0,0.0
03/08/2019 04:00,0.0,0.0
03/08/2019 05:00,0.0,0.0
03/08/2019 06:00,0.032,0.005
03/08/2019 07:00,0.134,0.085
03/08/2019 08:00,0.236,0.224
03/08/2019 09:00,0.305,0.358
03/08/2019 10:00,0.354,0.466
03/08/2019 11:00,0.356,0.522
03/08/2019 12:00,0.305,0.526
03/08/2019 13:00,0.264,0.489
03/08/2019 14:00,0.223,0.418
03/08/2019 15:00,0.169,0.333
03/08/2019 16:00,0.1,0.211
03/08/2019 17:00,0.034,0.079
03/08/2019 18:00,0.0,0.005
03/08/2019 19:00,0.0,0.0
03/08/2019 20:00,0.0,0.0
03/08/2019 21:00,0.0,0.0
03/08/2019 22:00,0.0,0.0
03/08/2019 23:00,0.0,0.0
04/08/2019 00:00,0.0,0.0
04/08/2019 01:00,0.0,0.0
04/08/2019 02:00,0.0,0.0
04/08/2019 03:00,0.0,0.0
04/08/2019 04:00,0.0,0.0
04/08/2019 05:00,0.0,0.0
04/08/2019 06:00,0.029,0.005
04/08/2019 07:00,0.118,0.07
04/08/2019 08:00,0.203,0.181
04/08/2019 09:00,0.26,0.305
04/08/2019 10:00,0.292,0.427
04/08/2019 11:00,0.301,0.43
04/08/2019 12:00,0.303,0.404
04/08/2019 13:00,0.273,0.404
04/08/2019 14:00,0.217,0.422
04/08/2019 15:00,0.151,0.335
04/08/2019 16:00,0.084,0.211
04/08/2019 17:00,0.026,0.084
04/08/2019 18:00,0.0,0.005
04/08/2019 19:00,0.0,0.0
04/08/2019 20:00,0.0,0.0
04/08/2019 21:00,0.0,0.0
04/08/2019 22:00,0.0,0.0
04/08/2019 23:00,0.0,0.0
05/08/2019 00:00,0.0,0.0
05/08/2019 01:00,0.0,0.0
05/08/2019 02:00,0.0,0.0
05/08/2019 03:00,0.0,0.0
05/08/2019 04:00,0.0,0.0
05/08/2019 05:00,0.0,0.0
05/08/2019 06:00,0.021,0.001
05/08/2019 07:00,0.112,0.029
05/08/2019 08:00,0.229,0.079
05/08/2019 09:00,0.3,0.151
05/08/2019 10:00,0.367,0.214
05/08/2019 11:00,0.396,0.249
05/08/2019 12:00,0.383,0.244
05/08/2019 13:00,0.353,0.226
05/08/2019 14:00,0.323,0.18
05/08/2019 15:00,0.264,0.132
05/08/2019 16:00,0.167,0.089
05/08/2019 17:00,0.057,0.042
05/08/2019 18:00,0.0,0.001
05/08/2019 19:00,0.0,0.0
05/08/2019 20:00,0.0,0.0
05/08/2019 21:00,0.0,0.0
05/08/2019 22:00,0.0,0.0
05/08/2019 23:00,0.0,0.0
06/08/2019 00:00,0.0,0.0
06/08/2019 01:00,0.0,0.0
06/08/2019 02:00,0.0,0.0
06/08/2019 03:00,0.0,0.0
06/08/2019 04:00,0.0,0.0
06/08/2019 05:00,0.0,0.0
06/08/2019 06:00,0.022,0.002
06/08/2019 07:00,0.127,0.051
06/08/2019 08:00,0.254,0.131
06/08/2019 09:00,0.333,0.208
06/08/2019 10:00,0.381,0.261
06/08/2019 11:00,0.398,0.298
06/08/2019 12:00,0.405,0.318
06/08/2019 13:00,0.381,0.307
06/08/2019 14:00,0.324,0.286
06/08/2019 15:00,0.245,0.24
06/08/2019 16:00,0.137,0.165
06/08/2019 17:00,0.043,0.074
06/08/2019 18:00,0.0,0.005
06/08/2019 19:00,0.0,0.0
06/08/2019 20:00,0.0,0.0
06/08/2019 21:00,0.0,0.0
06/08/2019 22:00,0.0,0.0
06/08/2019 23:00,0.0,0.0
07/08/2019 00:00,0.0,0.0
07/08/2019 01:00,0.0,0.0
07/08/2019 02:00,0.0,0.0
07/08/2019 03:00,0.0,0.0
07/08/2019 04:00,0.0,0.0
07/08/2019 05:00,0.0,0.0
07/08/2019 06:00,0.035,0.002
07/08/2019 07:00,0.16,0.046
07/08/2019 08:00,0.293,0.125
07/08/2019 09:00,0.399,0.207
07/08/2019 10:00,0.462,0.271
07/08/2019 11:00,0.483,0.298
07/08/2019 12:00,0.457,0.284
07/08/2019 13:00,0.403,0.274
07/08/2019 14:00,0.311,0.295
07/08/2019 15:00,0.223,0.26
07/08/2019 16:00,0.13,0.176
07/08/2019 17:00,0.05,0.075
07/08/2019 18:00,0.0,0.005
07/08/2019 19:00,0.0,0.0
07/08/2019 20:00,0.0,0.0
07/08/2019 21:00,0.0,0.0
07/08/2019 22:00,0.0,0.0
07/08/2019 23:00,0.0,0.0
08/08/2019 00:00,0.0,0.0
08/08/2019 01:00,0.0,0.0
08/08/2019 02:00,0.0,0.0
08/08/2019 03:00,0.0,0.0
08/08/2019 04:00,0.0,0.0
08/08/2019 05:00,0.0,0.0
08/08/2019 06:00,0.036,0.003
08/08/2019 07:00,0.162,0.05
08/08/2019 08:00,0.31,0.119
08/08/2019 09:00,0.422,0.205
08/08/2019 10:00,0.49,0.305
08/08/2019 11:00,0.528,0.402
08/08/2019 12:00,0.536,0.446
08/08/2019 13:00,0.471,0.452
08/08/2019 14:00,0.379,0.402
08/08/2019 15:00,0.283,0.322
08/08/2019 16:00,0.167,0.2
08/08/2019 17:00,0.054,0.087
08/08/2019 18:00,0.0,0.006
08/08/2019 19:00,0.0,0.0
08/08/2019 20:00,0.0,0.0
08/08/2019 21:00,0.0,0.0
08/08/2019 22:00,0.0,0.0
08/08/2019 23:00,0.0,0.0
09/08/2019 00:00,0.0,0.0
09/08/2019 01:00,0.0,0.0
09/08/2019 02:00,0.0,0.0
09/08/2019 03:00,0.0,0.0
09/08/2019 04:00,0.0,0.0
09/08/2019 05:00,0.0,0.0
09/08/2019 06:00,0.034,0.002
09/08/2019 07:00,0.151,0.056
09/08/2019 08:00,0.275,0.165
09/08/2019 09:00,0.376,0.298
09/08/2019 10:00,0.452,0.404
09/08/2019 11:00,0.496,0.462
09/08/2019 12:00,0.487,0.465
09/08/2019 13:00,0.449,0.436
09/08/2019 14:00,0.393,0.384
09/08/2019 15:00,0.292,0.307
09/08/2019 16:00,0.156,0.198
09/08/2019 17:00,0.045,0.081
09/08/2019 18:00,0.0,0.005
09/08/2019 19:00,0.0,0.0
09/08/2019 20:00,0.0,0.0
09/08/2019 21:00,0.0,0.0
09/08/2019 22:00,0.0,0.0
09/08/2019 23:00,0.0,0.0
10/08/2019 00:00,0.0,0.0
10/08/2019 01:00,0.0,0.0
10/08/2019 02:00,0.0,0.0
10/08/2019 03:00,0.0,0.0
10/08/2019 04:00,0.0,0.0
10/08/2019 05:00,0.0,0.0
10/08/2019 06:00,0.03,0.004
10/08/2019 07:00,0.16,0.074
10/08/2019 08:00,0.301,0.191
10/08/2019 09:00,0.412,0.304
10/08/2019 10:00,0.464,0.386
10/08/2019 11:00,0.467,0.428
10/08/2019 12:00,0.47,0.43
10/08/2019 13:00,0.409,0.401
10/08/2019 14:00,0.325,0.36
10/08/2019 15:00,0.213,0.312
10/08/2019 16:00,0.102,0.229
10/08/2019 17:00,0.029,0.105
10/08/2019 18:00,0.0,0.009
10/08/2019 19:00,0.0,0.0
10/08/2019 20:00,0.0,0.0
10/08/2019 21:00,0.0,0.0
10/08/2019 22:00,0.0,0.0
10/08/2019 23:00,0.0,0.0
11/08/2019 00:00,0.0,0.0
11/08/2019 01:00,0.0,0.0
11/08/2019 02:00,0.0,0.0
11/08/2019 03:00,0.0,0.0
11/08/2019 04:00,0.0,0.0
11/08/2019 05:00,0.0,0.0
11/08/2019 06:00,0.026,0.008
11/08/2019 07:00,0.142,0.103
11/08/2019 08:00,0.283,0.253
11/08/2019 09:00,0.388,0.378
11/08/2019 10:00,0.428,0.467
11/08/2019 11:00,0.418,0.519
11/08/2019 12:00,0.396,0.509
11/08/2019 13:00,0.362,0.466
11/08/2019 14:00,0.312,0.395
11/08/2019 15:00,0.251,0.301
11/08/2019 16:00,0.146,0.182
11/08/2019 17:00,0.053,0.083
11/08/2019 18:00,0.0,0.005
11/08/2019 19:00,0.0,0.0
11/08/2019 20:00,0.0,0.0
11/08/2019 21:00,0.0,0.0
11/08/2019 22:00,0.0,0.0
11/08/2019 23:00,0.0,0.0
12/08/2019 00:00,0.0,0.0
12/08/2019 01:00,0.0,0.0
12/08/2019 02:00,0.0,0.0
12/08/2019 03:00,0.0,0.0
12/08/2019 04:00,0.0,0.0
12/08/2019 05:00,0.0,0.0
12/08/2019 06:00,0.029,0.003
12/08/2019 07:00,0.137,0.059
12/08/2019 08:00,0.26,0.14
12/08/2019 09:00,0.371,0.204
12/08/2019 10:00,0.442,0.259
12/08/2019 11:00,0.478,0.296
12/08/2019 12:00,0.491,0.312
12/08/2019 13:00,0.456,0.297
12/08/2019 14:00,0.4,0.257
12/08/2019 15:00,0.3,0.178
12/08/2019 16:00,0.177,0.111
12/08/2019 17:00,0.061,0.043
12/08/2019 18:00,0.0,0.001
12/08/2019 19:00,0.0,0.0
12/08/2019 20:00,0.0,0.0
12/08/2019 21:00,0.0,0.0
12/08/2019 22:00,0.0,0.0
12/08/2019 23:00,0.0,0.0
13/08/2019 00:00,0.0,0.0
13/08/2019 01:00,0.0,0.0
13/08/2019 02:00,0.0,0.0
13/08/2019 03:00,0.0,0.0
13/08/2019 04:00,0.0,0.0
13/08/2019 05:00,0.0,0.0
13/08/2019 06:00,0.033,0.005
13/08/2019 07:00,0.162,0.086
13/08/2019 08:00,0.32,0.223
13/08/2019 09:00,0.455,0.355
13/08/2019 10:00,0.548,0.462
13/08/2019 11:00,0.594,0.527
13/08/2019 12:00,0.592,0.549
13/08/2019 13:00,0.546,0.537
13/08/2019 14:00,0.44,0.473
13/08/2019 15:00,0.308,0.367
13/08/2019 16:00,0.179,0.238
13/08/2019 17:00,0.062,0.094
13/08/2019 18:00,0.0,0.006
13/08/2019 19:00,0.0,0.0
13/08/2019 20:00,0.0,0.0
13/08/2019 21:00,0.0,0.0
13/08/2019 22:00,0.0,0.0
13/08/2019 23:00,0.0,0.0
14/08/2019 00:00,0.0,0.0
14/08/2019 01:00,0.0,0.0
14/08/2019 02:00,0.0,0.0
14/08/2019 03:00,0.0,0.0
14/08/2019 04:00,0.0,0.0
14/08/2019 05:00,0.0,0.0
14/08/2019 06:00,0.034,0.007
14/08/2019 07:00,0.169,0.1
14/08/2019 08:00,0.327,0.211
14/08/2019 09:00,0.454,0.326
14/08/2019 10:00,0.545,0.408
14/08/2019 11:00,0.581,0.468
14/08/2019 12:00,0.571,0.478
14/08/2019 13:00,0.507,0.456
14/08/2019 14:00,0.438,0.401
14/08/2019 15:00,0.327,0.305
14/08/2019 16:00,0.181,0.19
14/08/2019 17:00,0.059,0.082
14/08/2019 18:00,0.0,0.006
14/08/2019 19:00,0.0,0.0
14/08/2019 20:00,0.0,0.0
14/08/2019 21:00,0.0,0.0
14/08/2019 22:00,0.0,0.0
14/08/2019 23:00,0.0,0.0
15/08/2019 00:00,0.0,0.0
15/08/2019 01:00,0.0,0.0
15/08/2019 02:00,0.0,0.0
15/08/2019 03:00,0.0,0.0
15/08/2019 04:00,0.0,0.0
15/08/2019 05:00,0.0,0.0
15/08/2019 06:00,0.033,0.002
15/08/2019 07:00,0.163,0.057
15/08/2019 08:00,0.305,0.15
15/08/2019 09:00,0.391,0.217
15/08/2019 10:00,0.428,0.245
15/08/2019 11:00,0.421,0.242
15/08/2019 12:00,0.418,0.238
15/08/2019 13:00,0.403,0.211
15/08/2019 14:00,0.364,0.181
15/08/2019 15:00,0.269,0.144
15/08/2019 16:00,0.148,0.091
15/08/2019 17:00,0.045,0.038
15/08/2019 18:00,0.0,0.001
15/08/2019 19:00,0.0,0.0
15/08/2019 20:00,0.0,0.0
15/08/2019 21:00,0.0,0.0
15/08/2019 22:00,0.0,0.0
15/08/2019 23:00,0.0,0.0
16/08/2019 00:00,0.0,0.0
16/08/2019 01:00,0.0,0.0
16/08/2019 02:00,0.0,0.0
16/08/2019 03:00,0.0,0.0
16/08/2019 04:00,0.0,0.0
16/08/2019 05:00,0.0,0.0
16/08/2019 06:00,0.019,0.003
16/08/2019 07:00,0.108,0.067
16/08/2019 08:00,0.228,0.171
16/08/2019 09:00,0.344,0.251
16/08/2019 10:00,0.419,0.321
16/08/2019 11:00,0.459,0.404
16/08/2019 12:00,0.479,0.443
16/08/2019 13:00,0.414,0.433
16/08/2019 14:00,0.343,0.355
16/08/2019 15:00,0.235,0.239
16/08/2019 16:00,0.112,0.137
16/08/2019 17:00,0.033,0.054
16/08/2019 18:00,0.0,0.002
16/08/2019 19:00,0.0,0.0
16/08/2019 20:00,0.0,0.0
16/08/2019 21:00,0.0,0.0
16/08/2019 22:00,0.0,0.0
16/08/2019 23:00,0.0,0.0
17/08/2019 00:00,0.0,0.0
17/08/2019 01:00,0.0,0.0
17/08/2019 02:00,0.0,0.0
17/08/2019 03:00,0.0,0.0
17/08/2019 04:00,0.0,0.0
17/08/2019 05:00,0.0,0.0
17/08/2019 06:00,0.031,0.004
17/08/2019 07:00,0.131,0.061
17/08/2019 08:00,0.224,0.124
17/08/2019 09:00,0.281,0.156
17/08/2019 10:00,0.323,0.192
17/08/2019 11:00,0.345,0.245
17/08/2019 12:00,0.369,0.273
17/08/2019 13:00,0.39,0.263
17/08/2019 14:00,0.397,0.235
17/08/2019 15:00,0.33,0.178
17/08/2019 16:00,0.198,0.117
17/08/2019 17:00,0.06,0.05
17/08/2019 18:00,0.0,0.002
17/08/2019 19:00,0.0,0.0
17/08/2019 20:00,0.0,0.0
17/08/2019 21:00,0.0,0.0
17/08/2019 22:00,0.0,0.0
17/08/2019 23:00,0.0,0.0
18/08/2019 00:00,0.0,0.0
18/08/2019 01:00,0.0,0.0
18/08/2019 02:00,0.0,0.0
18/08/2019 03:00,0.0,0.0
18/08/2019 04:00,0.0,0.0
18/08/2019 05:00,0.0,0.0
18/08/2019 06:00,0.032,0.004
18/08/2019 07:00,0.167,0.078
18/08/2019 08:00,0.323,0.206
18/08/2019 09:00,0.452,0.336
18/08/2019 10:00,0.541,0.428
18/08/2019 11:00,0.552,0.483
18/08/2019 12:00,0.512,0.491
18/08/2019 13:00,0.443,0.457
18/08/2019 14:00,0.322,0.378
18/08/2019 15:00,0.185,0.287
18/08/2019 16:00,0.107,0.171
18/08/2019 17:00,0.037,0.073
18/08/2019 18:00,0.0,0.004
18/08/2019 19:00,0.0,0.0
18/08/2019 20:00,0.0,0.0
18/08/2019 21:00,0.0,0.0
18/08/2019 22:00,0.0,0.0
18/08/2019 23:00,0.0,0.0
19/08/2019 00:00,0.0,0.0
19/08/2019 01:00,0.0,0.0
19/08/2019 02:00,0.0,0.0
19/08/2019 03:00,0.0,0.0
19/08/2019 04:00,0.0,0.0
19/08/2019 05:00,0.0,0.0
19/08/2019 06:00,0.027,0.0
19/08/2019 07:00,0.149,0.035
19/08/2019 08:00,0.289,0.103
19/08/2019 09:00,0.384,0.164
19/08/2019 10:00,0.417,0.194
19/08/2019 11:00,0.378,0.223
19/08/2019 12:00,0.381,0.251
19/08/2019 13:00,0.339,0.26
19/08/2019 14:00,0.285,0.246
19/08/2019 15:00,0.194,0.227
19/08/2019 16:00,0.098,0.193
19/08/2019 17:00,0.028,0.103
19/08/2019 18:00,0.0,0.006
19/08/2019 19:00,0.0,0.0
19/08/2019 20:00,0.0,0.0
19/08/2019 21:00,0.0,0.0
19/08/2019 22:00,0.0,0.0
19/08/2019 23:00,0.0,0.0
20/08/2019 00:00,0.0,0.0
20/08/2019 01:00,0.0,0.0
20/08/2019 02:00,0.0,0.0
20/08/2019 03:00,0.0,0.0
20/08/2019 04:00,0.0,0.0
20/08/2019 05:00,0.0,0.0
20/08/2019 06:00,0.033,0.006
20/08/2019 07:00,0.155,0.109
20/08/2019 08:00,0.288,0.278
20/08/2019 09:00,0.408,0.419
20/08/2019 10:00,0.513,0.525
20/08/2019 11:00,0.544,0.595
20/08/2019 12:00,0.542,0.609
20/08/2019 13:00,0.483,0.563
20/08/2019 14:00,0.38,0.498
20/08/2019 15:00,0.235,0.384
20/08/2019 16:00,0.122,0.262
20/08/2019 17:00,0.033,0.104
20/08/2019 18:00,0.0,0.007
20/08/2019 19:00,0.0,0.0
20/08/2019 20:00,0.0,0.0
20/08/2019 21:00,0.0,0.0
20/08/2019 22:00,0.0,0.0
20/08/2019 23:00,0.0,0.0
21/08/2019 00:00,0.0,0.0
21/08/2019 01:00,0.0,0.0
21/08/2019 02:00,0.0,0.0
21/08/2019 03:00,0.0,0.0
21/08/2019 04:00,0.0,0.0
21/08/2019 05:00,0.0,0.0
21/08/2019 06:00,0.012,0.003
21/08/2019 07:00,0.081,0.078
21/08/2019 08:00,0.183,0.191
21/08/2019 09:00,0.254,0.286
21/08/2019 10:00,0.299,0.382
21/08/2019 11:00,0.343,0.406
21/08/2019 12:00,0.362,0.382
21/08/2019 13:00,0.34,0.351
21/08/2019 14:00,0.298,0.251
21/08/2019 15:00,0.242,0.198
21/08/2019 16:00,0.156,0.127
21/08/2019 17:00,0.053,0.049
21/08/2019 18:00,0.0,0.002
21/08/2019 19:00,0.0,0.0
21/08/2019 20:00,0.0,0.0
21/08/2019 21:00,0.0,0.0
21/08/2019 22:00,0.0,0.0
21/08/2019 23:00,0.0,0.0
22/08/2019 00:00,0.0,0.0
22/08/2019 01:00,0.0,0.0
22/08/2019 02:00,0.0,0.0
22/08/2019 03:00,0.0,0.0
22/08/2019 04:00,0.0,0.0
22/08/2019 05:00,0.0,0.0
22/08/2019 06:00,0.031,0.004
22/08/2019 07:00,0.182,0.08
22/08/2019 08:00,0.354,0.199
22/08/2019 09:00,0.496,0.303
22/08/2019 10:00,0.585,0.414
22/08/2019 11:00,0.623,0.462
22/08/2019 12:00,0.622,0.537
22/08/2019 13:00,0.576,0.527
22/08/2019 14:00,0.505,0.475
22/08/2019 15:00,0.382,0.391
22/08/2019 16:00,0.215,0.263
22/08/2019 17:00,0.067,0.114
22/08/2019 18:00,0.0,0.008
22/08/2019 19:00,0.0,0.0
22/08/2019 20:00,0.0,0.0
22/08/2019 21:00,0.0,0.0
22/08/2019 22:00,0.0,0.0
22/08/2019 23:00,0.0,0.0
23/08/2019 00:00,0.0,0.0
23/08/2019 01:00,0.0,0.0
23/08/2019 02:00,0.0,0.0
23/08/2019 03:00,0.0,0.0
23/08/2019 04:00,0.0,0.0
23/08/2019 05:00,0.0,0.0
23/08/2019 06:00,0.026,0.004
23/08/2019 07:00,0.152,0.082
23/08/2019 08:00,0.297,0.193
23/08/2019 09:00,0.42,0.299
23/08/2019 10:00,0.502,0.372
23/08/2019 11:00,0.51,0.423
23/08/2019 12:00,0.486,0.46
23/08/2019 13:00,0.456,0.469
23/08/2019 14:00,0.381,0.416
23/08/2019 15:00,0.281,0.31
23/08/2019 16:00,0.146,0.182
23/08/2019 17:00,0.04,0.065
23/08/2019 18:00,0.0,0.002
23/08/2019 19:00,0.0,0.0
23/08/2019 20:00,0.0,0.0
23/08/2019 21:00,0.0,0.0
23/08/2019 22:00,0.0,0.0
23/08/2019 23:00,0.0,0.0
24/08/2019 00:00,0.0,0.0
24/08/2019 01:00,0.0,0.0
24/08/2019 02:00,0.0,0.0
24/08/2019 03:00,0.0,0.0
24/08/2019 04:00,0.0,0.0
24/08/2019 05:00,0.0,0.0
24/08/2019 06:00,0.008,0.002
24/08/2019 07:00,0.054,0.056
24/08/2019 08:00,0.114,0.159
24/08/2019 09:00,0.177,0.295
24/08/2019 10:00,0.233,0.397
24/08/2019 11:00,0.265,0.458
24/08/2019 12:00,0.254,0.479
24/08/2019 13:00,0.214,0.457
24/08/2019 14:00,0.155,0.398
24/08/2019 15:00,0.098,0.287
24/08/2019 16:00,0.05,0.156
24/08/2019 17:00,0.013,0.057
24/08/2019 18:00,0.0,0.002
24/08/2019 19:00,0.0,0.0
24/08/2019 20:00,0.0,0.0
24/08/2019 21:00,0.0,0.0
24/08/2019 22:00,0.0,0.0
24/08/2019 23:00,0.0,0.0
25/08/2019 00:00,0.0,0.0
25/08/2019 01:00,0.0,0.0
25/08/2019 02:00,0.0,0.0
25/08/2019 03:00,0.0,0.0
25/08/2019 04:00,0.0,0.0
25/08/2019 05:00,0.0,0.0
25/08/2019 06:00,0.03,0.004
25/08/2019 07:00,0.168,0.084
25/08/2019 08:00,0.332,0.19
25/08/2019 09:00,0.478,0.273
25/08/2019 10:00,0.579,0.34
25/08/2019 11:00,0.63,0.424
25/08/2019 12:00,0.621,0.499
25/08/2019 13:00,0.571,0.509
25/08/2019 14:00,0.466,0.462
25/08/2019 15:00,0.29,0.373
25/08/2019 16:00,0.127,0.247
25/08/2019 17:00,0.028,0.103
25/08/2019 18:00,0.0,0.006
25/08/2019 19:00,0.0,0.0
25/08/2019 20:00,0.0,0.0
25/08/2019 21:00,0.0,0.0
25/08/2019 22:00,0.0,0.0
25/08/2019 23:00,0.0,0.0
26/08/2019 00:00,0.0,0.0
26/08/2019 01:00,0.0,0.0
26/08/2019 02:00,0.0,0.0
26/08/2019 03:00,0.0,0.0
26/08/2019 04:00,0.0,0.0
26/08/2019 05:00,0.0,0.0
26/08/2019 06:00,0.024,0.004
26/08/2019 07:00,0.142,0.096
26/08/2019 08:00,0.285,0.231
26/08/2019 09:00,0.365,0.35
26/08/2019 10:00,0.376,0.378
26/08/2019 11:00,0.377,0.385
26/08/2019 12:00,0.374,0.353
26/08/2019 13:00,0.339,0.318
26/08/2019 14:00,0.289,0.268
26/08/2019 15:00,0.234,0.203
26/08/2019 16:00,0.151,0.141
26/08/2019 17:00,0.051,0.074
26/08/2019 18:00,0.0,0.005
26/08/2019 19:00,0.0,0.0
26/08/2019 20:00,0.0,0.0
26/08/2019 21:00,0.0,0.0
26/08/2019 22:00,0.0,0.0
26/08/2019 23:00,0.0,0.0
27/08/2019 00:00,0.0,0.0
27/08/2019 01:00,0.0,0.0
27/08/2019 02:00,0.0,0.0
27/08/2019 03:00,0.0,0.0
27/08/2019 04:00,0.0,0.0
27/08/2019 05:00,0.0,0.0
27/08/2019 06:00,0.031,0.003
27/08/2019 07:00,0.181,0.086
27/08/2019 08:00,0.351,0.216
27/08/2019 09:00,0.484,0.338
27/08/2019 10:00,0.566,0.452
27/08/2019 11:00,0.588,0.539
27/08/2019 12:00,0.562,0.55
27/08/2019 13:00,0.489,0.514
27/08/2019 14:00,0.424,0.398
27/08/2019 15:00,0.303,0.29
27/08/2019 16:00,0.166,0.173
27/08/2019 17:00,0.048,0.063
27/08/2019 18:00,0.0,0.002
27/08/2019 19:00,0.0,0.0
27/08/2019 20:00,0.0,0.0
27/08/2019 21:00,0.0,0.0
27/08/2019 22:00,0.0,0.0
27/08/2019 23:00,0.0,0.0
28/08/2019 00:00,0.0,0.0
28/08/2019 01:00,0.0,0.0
28/08/2019 02:00,0.0,0.0
28/08/2019 03:00,0.0,0.0
28/08/2019 04:00,0.0,0.0
28/08/2019 05:00,0.0,0.0
28/08/2019 06:00,0.032,0.0
28/08/2019 07:00,0.178,0.022
28/08/2019 08:00,0.327,0.078
28/08/2019 09:00,0.438,0.153
28/08/2019 10:00,0.515,0.226
28/08/2019 11:00,0.534,0.307
28/08/2019 12:00,0.515,0.364
28/08/2019 13:00,0.457,0.407
28/08/2019 14:00,0.374,0.379
28/08/2019 15:00,0.247,0.287
28/08/2019 16:00,0.116,0.165
28/08/2019 17:00,0.03,0.063
28/08/2019 18:00,0.0,0.002
28/08/2019 19:00,0.0,0.0
28/08/2019 20:00,0.0,0.0
28/08/2019 21:00,0.0,0.0
28/08/2019 22:00,0.0,0.0
28/08/2019 23:00,0.0,0.0
29/08/2019 00:00,0.0,0.0
29/08/2019 01:00,0.0,0.0
29/08/2019 02:00,0.0,0.0
29/08/2019 03:00,0.0,0.0
29/08/2019 04:00,0.0,0.0
29/08/2019 05:00,0.0,0.0
29/08/2019 06:00,0.014,0.002
29/08/2019 07:00,0.102,0.063
29/08/2019 08:00,0.223,0.166
29/08/2019 09:00,0.326,0.283
29/08/2019 10:00,0.424,0.385
29/08/2019 11:00,0.486,0.413
29/08/2019 12:00,0.484,0.388
29/08/2019 13:00,0.436,0.333
29/08/2019 14:00,0.323,0.277
29/08/2019 15:00,0.209,0.217
29/08/2019 16:00,0.103,0.142
29/08/2019 17:00,0.025,0.06
29/08/2019 18:00,0.0,0.002
29/08/2019 19:00,0.0,0.0
29/08/2019 20:00,0.0,0.0
29/08/2019 21:00,0.0,0.0
29/08/2019 22:00,0.0,0.0
29/08/2019 23:00,0.0,0.0
30/08/2019 00:00,0.0,0.0
30/08/2019 01:00,0.0,0.0
30/08/2019 02:00,0.0,0.0
30/08/2019 03:00,0.0,0.0
30/08/2019 04:00,0.0,0.0
30/08/2019 05:00,0.0,0.0
30/08/2019 06:00,0.031,0.001
30/08/2019 07:00,0.179,0.078
30/08/2019 08:00,0.346,0.23
30/08/2019 09:00,0.487,0.381
30/08/2019 10:00,0.594,0.496
30/08/2019 11:00,0.628,0.565
30/08/2019 12:00,0.619,0.59
30/08/2019 13:00,0.566,0.553
30/08/2019 14:00,0.47,0.486
30/08/2019 15:00,0.34,0.393
30/08/2019 16:00,0.196,0.228
30/08/2019 17:00,0.059,0.103
30/08/2019 18:00,0.0,0.004
30/08/2019 19:00,0.0,0.0
30/08/2019 20:00,0.0,0.0
30/08/2019 21:00,0.0,0.0
30/08/2019 22:00,0.0,0.0
30/08/2019 23:00,0.0,0.0
31/08/2019 00:00,0.0,0.0
31/08/2019 01:00,0.0,0.0
31/08/2019 02:00,0.0,0.0
31/08/2019 03:00,0.0,0.0
31/08/2019 04:00,0.0,0.0
31/08/2019 05:00,0.0,0.0
31/08/2019 06:00,0.017,0.002
31/08/2019 07:00,0.106,0.077
31/08/2019 08:00,0.219,0.199
31/08/2019 09:00,0.293,0.295
31/08/2019 10:00,0.341,0.38
31/08/2019 11:00,0.379,0.45
31/08/2019 12:00,0.385,0.48
31/08/2019 13:00,0.36,0.456
31/08/2019 14:00,0.304,0.387
31/08/2019 15:00,0.221,0.268
31/08/2019 16:00,0.116,0.144
31/08/2019 17:00,0.031,0.049
31/08/2019 18:00,0.0,0.001
31/08/2019 19:00,0.0,0.0
31/08/2019 20:00,0.0,0.0
31/08/2019 21:00,0.0,0.0
31/08/2019 22:00,0.0,0.0
31/08/2019 23:00,0.0,0.0
01/09/2019 00:00,0.0,0.0
01/09/2019 01:00,0.0,0.0
01/09/2019 02:00,0.0,0.0
01/09/2019 03:00,0.0,0.0
01/09/2019 04:00,0.0,0.0
01/09/2019 05:00,0.0,0.0
01/09/2019 06:00,0.029,0.002
01/09/2019 07:00,0.176,0.073
01/09/2019 08:00,0.334,0.201
01/09/2019 09:00,0.455,0.333
01/09/2019 10:00,0.531,0.426
01/09/2019 11:00,0.576,0.46
01/09/2019 12:00,0.591,0.453
01/09/2019 13:00,0.558,0.393
01/09/2019 14:00,0.474,0.305
01/09/2019 15:00,0.361,0.195
01/09/2019 16:00,0.215,0.102
01/09/2019 17:00,0.063,0.046
01/09/2019 18:00,0.0,0.002
01/09/2019 19:00,0.0,0.0
01/09/2019 20:00,0.0,0.0
01/09/2019 21:00,0.0,0.0
01/09/2019 22:00,0.0,0.0
01/09/2019 23:00,0.0,0.0
02/09/2019 00:00,0.0,0.0
02/09/2019 01:00,0.0,0.0
02/09/2019 02:00,0.0,0.0
02/09/2019 03:00,0.0,0.0
02/09/2019 04:00,0.0,0.0
02/09/2019 05:00,0.0,0.0
02/09/2019 06:00,0.028,0.003
02/09/2019 07:00,0.16,0.088
02/09/2019 08:00,0.309,0.227
02/09/2019 09:00,0.408,0.364
02/09/2019 10:00,0.465,0.467
02/09/2019 11:00,0.502,0.522
02/09/2019 12:00,0.498,0.541
02/09/2019 13:00,0.464,0.523
02/09/2019 14:00,0.393,0.473
02/09/2019 15:00,0.29,0.378
02/09/2019 16:00,0.178,0.248
02/09/2019 17:00,0.043,0.103
02/09/2019 18:00,0.0,0.005
02/09/2019 19:00,0.0,0.0
02/09/2019 20:00,0.0,0.0
02/09/2019 21:00,0.0,0.0
02/09/2019 22:00,0.0,0.0
02/09/2019 23:00,0.0,0.0
03/09/2019 00:00,0.0,0.0
03/09/2019 01:00,0.0,0.0
03/09/2019 02:00,0.0,0.0
03/09/2019 03:00,0.0,0.0
03/09/2019 04:00,0.0,0.0
03/09/2019 05:00,0.0,0.0
03/09/2019 06:00,0.03,0.005
03/09/2019 07:00,0.182,0.119
03/09/2019 08:00,0.347,0.282
03/09/2019 09:00,0.476,0.42
03/09/2019 10:00,0.55,0.513
03/09/2019 11:00,0.592,0.567
03/09/2019 12:00,0.597,0.579
03/09/2019 13:00,0.541,0.534
03/09/2019 14:00,0.46,0.467
03/09/2019 15:00,0.339,0.357
03/09/2019 16:00,0.188,0.21
03/09/2019 17:00,0.053,0.084
03/09/2019 18:00,0.0,0.002
03/09/2019 19:00,0.0,0.0
03/09/2019 20:00,0.0,0.0
03/09/2019 21:00,0.0,0.0
03/09/2019 22:00,0.0,0.0
03/09/2019 23:00,0.0,0.0
04/09/2019 00:00,0.0,0.0
04/09/2019 01:00,0.0,0.0
04/09/2019 02:00,0.0,0.0
04/09/2019 03:00,0.0,0.0
04/09/2019 04:00,0.0,0.0
04/09/2019 05:00,0.0,0.0
04/09/2019 06:00,0.031,0.002
04/09/2019 07:00,0.191,0.074
04/09/2019 08:00,0.365,0.18
04/09/2019 09:00,0.496,0.234
04/09/2019 10:00,0.567,0.253
04/09/2019 11:00,0.61,0.334
04/09/2019 12:00,0.596,0.389
04/09/2019 13:00,0.555,0.358
04/09/2019 14:00,0.472,0.314
04/09/2019 15:00,0.354,0.242
04/09/2019 16:00,0.203,0.142
04/09/2019 17:00,0.056,0.05
04/09/2019 18:00,0.0,0.001
04/09/2019 19:00,0.0,0.0
04/09/2019 20:00,0.0,0.0
04/09/2019 21:00,0.0,0.0
04/09/2019 22:00,0.0,0.0
04/09/2019 23:00,0.0,0.0
05/09/2019 00:00,0.0,0.0
05/09/2019 01:00,0.0,0.0
05/09/2019 02:00,0.0,0.0
05/09/2019 03:00,0.0,0.0
05/09/2019 04:00,0.0,0.0
05/09/2019 05:00,0.0,0.0
05/09/2019 06:00,0.031,0.001
05/09/2019 07:00,0.191,0.05
05/09/2019 08:00,0.372,0.148
05/09/2019 09:00,0.516,0.256
05/09/2019 10:00,0.612,0.348
05/09/2019 11:00,0.658,0.405
05/09/2019 12:00,0.663,0.397
05/09/2019 13:00,0.627,0.378
05/09/2019 14:00,0.538,0.309
05/09/2019 15:00,0.401,0.195
05/09/2019 16:00,0.224,0.106
05/09/2019 17:00,0.063,0.036
05/09/2019 18:00,0.0,0.0
05/09/2019 19:00,0.0,0.0
05/09/2019 20:00,0.0,0.0
05/09/2019 21:00,0.0,0.0
05/09/2019 22:00,0.0,0.0
05/09/2019 23:00,0.0,0.0
06/09/2019 00:00,0.0,0.0
06/09/2019 01:00,0.0,0.0
06/09/2019 02:00,0.0,0.0
06/09/2019 03:00,0.0,0.0
06/09/2019 04:00,0.0,0.0
06/09/2019 05:00,0.0,0.0
06/09/2019 06:00,0.017,0.0
06/09/2019 07:00,0.13,0.044
06/09/2019 08:00,0.31,0.12
06/09/2019 09:00,0.44,0.206
06/09/2019 10:00,0.528,0.287
06/09/2019 11:00,0.569,0.381
06/09/2019 12:00,0.56,0.439
06/09/2019 13:00,0.514,0.469
06/09/2019 14:00,0.436,0.444
06/09/2019 15:00,0.324,0.357
06/09/2019 16:00,0.19,0.222
06/09/2019 17:00,0.056,0.088
06/09/2019 18:00,0.0,0.003
06/09/2019 19:00,0.0,0.0
06/09/2019 20:00,0.0,0.0
06/09/2019 21:00,0.0,0.0
06/09/2019 22:00,0.0,0.0
06/09/2019 23:00,0.0,0.0
07/09/2019 00:00,0.0,0.0
07/09/2019 01:00,0.0,0.0
07/09/2019 02:00,0.0,0.0
07/09/2019 03:00,0.0,0.0
07/09/2019 04:00,0.0,0.0
07/09/2019 05:00,0.0,0.0
07/09/2019 06:00,0.031,0.004
07/09/2019 07:00,0.189,0.113
07/09/2019 08:00,0.349,0.269
07/09/2019 09:00,0.45,0.387
07/09/2019 10:00,0.517,0.474
07/09/2019 11:00,0.507,0.502
07/09/2019 12:00,0.534,0.538
07/09/2019 13:00,0.512,0.499
07/09/2019 14:00,0.402,0.438
07/09/2019 15:00,0.283,0.352
07/09/2019 16:00,0.129,0.224
07/09/2019 17:00,0.03,0.096
07/09/2019 18:00,0.0,0.004
07/09/2019 19:00,0.0,0.0
07/09/2019 20:00,0.0,0.0
07/09/2019 21:00,0.0,0.0
07/09/2019 22:00,0.0,0.0
07/09/2019 23:00,0.0,0.0
08/09/2019 00:00,0.0,0.0
08/09/2019 01:00,0.0,0.0
08/09/2019 02:00,0.0,0.0
08/09/2019 03:00,0.0,0.0
08/09/2019 04:00,0.0,0.0
08/09/2019 05:00,0.0,0.0
08/09/2019 06:00,0.02,0.003
08/09/2019 07:00,0.133,0.098
08/09/2019 08:00,0.271,0.239
08/09/2019 09:00,0.397,0.339
08/09/2019 10:00,0.435,0.376
08/09/2019 11:00,0.438,0.366
08/09/2019 12:00,0.401,0.341
08/09/2019 13:00,0.359,0.315
08/09/2019 14:00,0.291,0.286
08/09/2019 15:00,0.195,0.222
08/09/2019 16:00,0.091,0.12
08/09/2019 17:00,0.019,0.043
08/09/2019 18:00,0.0,0.001
08/09/2019 19:00,0.0,0.0
08/09/2019 20:00,0.0,0.0
08/09/2019 21:00,0.0,0.0
08/09/2019 22:00,0.0,0.0
08/09/2019 23:00,0.0,0.0
09/09/2019 00:00,0.0,0.0
09/09/2019 01:00,0.0,0.0
09/09/2019 02:00,0.0,0.0
09/09/2019 03:00,0.0,0.0
09/09/2019 04:00,0.0,0.0
09/09/2019 05:00,0.0,0.0
09/09/2019 06:00,0.012,0.002
09/09/2019 07:00,0.109,0.066
09/09/2019 08:00,0.244,0.186
09/09/2019 09:00,0.353,0.332
09/09/2019 10:00,0.46,0.488
09/09/2019 11:00,0.535,0.595
09/09/2019 12:00,0.504,0.607
09/09/2019 13:00,0.393,0.539
09/09/2019 14:00,0.351,0.415
09/09/2019 15:00,0.279,0.289
09/09/2019 16:00,0.147,0.172
09/09/2019 17:00,0.041,0.074
09/09/2019 18:00,0.0,0.002
09/09/2019 19:00,0.0,0.0
09/09/2019 20:00,0.0,0.0
09/09/2019 21:00,0.0,0.0
09/09/2019 22:00,0.0,0.0
09/09/2019 23:00,0.0,0.0
10/09/2019 00:00,0.0,0.0
10/09/2019 01:00,0.0,0.0
10/09/2019 02:00,0.0,0.0
10/09/2019 03:00,0.0,0.0
10/09/2019 04:00,0.0,0.0
10/09/2019 05:00,0.0,0.0
10/09/2019 06:00,0.019,0.002
10/09/2019 07:00,0.12,0.104
10/09/2019 08:00,0.231,0.281
10/09/2019 09:00,0.308,0.405
10/09/2019 10:00,0.354,0.496
10/09/2019 11:00,0.468,0.543
10/09/2019 12:00,0.525,0.536
10/09/2019 13:00,0.498,0.522
10/09/2019 14:00,0.418,0.451
10/09/2019 15:00,0.322,0.315
10/09/2019 16:00,0.199,0.189
10/09/2019 17:00,0.057,0.074
10/09/2019 18:00,0.0,0.001
10/09/2019 19:00,0.0,0.0
10/09/2019 20:00,0.0,0.0
10/09/2019 21:00,0.0,0.0
10/09/2019 22:00,0.0,0.0
10/09/2019 23:00,0.0,0.0
11/09/2019 00:00,0.0,0.0
11/09/2019 01:00,0.0,0.0
11/09/2019 02:00,0.0,0.0
11/09/2019 03:00,0.0,0.0
11/09/2019 04:00,0.0,0.0
11/09/2019 05:00,0.0,0.0
11/09/2019 06:00,0.029,0.002
11/09/2019 07:00,0.191,0.066
11/09/2019 08:00,0.369,0.155
11/09/2019 09:00,0.508,0.237
11/09/2019 10:00,0.599,0.307
11/09/2019 11:00,0.639,0.328
11/09/2019 12:00,0.63,0.336
11/09/2019 13:00,0.581,0.319
11/09/2019 14:00,0.478,0.28
11/09/2019 15:00,0.337,0.214
11/09/2019 16:00,0.191,0.132
11/09/2019 17:00,0.047,0.055
11/09/2019 18:00,0.0,0.002
11/09/2019 19:00,0.0,0.0
11/09/2019 20:00,0.0,0.0
11/09/2019 21:00,0.0,0.0
11/09/2019 22:00,0.0,0.0
11/09/2019 23:00,0.0,0.0
12/09/2019 00:00,0.0,0.0
12/09/2019 01:00,0.0,0.0
12/09/2019 02:00,0.0,0.0
12/09/2019 03:00,0.0,0.0
12/09/2019 04:00,0.0,0.0
12/09/2019 05:00,0.0,0.0
12/09/2019 06:00,0.023,0.004
12/09/2019 07:00,0.174,0.127
12/09/2019 08:00,0.333,0.308
12/09/2019 09:00,0.456,0.457
12/09/2019 10:00,0.504,0.56
12/09/2019 11:00,0.514,0.615
12/09/2019 12:00,0.463,0.625
12/09/2019 13:00,0.399,0.585
12/09/2019 14:00,0.327,0.509
12/09/2019 15:00,0.228,0.395
12/09/2019 16:00,0.135,0.256
12/09/2019 17:00,0.041,0.099
12/09/2019 18:00,0.0,0.003
12/09/2019 19:00,0.0,0.0
12/09/2019 20:00,0.0,0.0
12/09/2019 21:00,0.0,0.0
12/09/2019 22:00,0.0,0.0
12/09/2019 23:00,0.0,0.0
13/09/2019 00:00,0.0,0.0
13/09/2019 01:00,0.0,0.0
13/09/2019 02:00,0.0,0.0
13/09/2019 03:00,0.0,0.0
13/09/2019 04:00,0.0,0.0
13/09/2019 05:00,0.0,0.0
13/09/2019 06:00,0.028,0.004
13/09/2019 07:00,0.175,0.09
13/09/2019 08:00,0.323,0.211
13/09/2019 09:00,0.466,0.297
13/09/2019 10:00,0.592,0.351
13/09/2019 11:00,0.653,0.36
13/09/2019 12:00,0.645,0.359
13/09/2019 13:00,0.58,0.285
13/09/2019 14:00,0.467,0.199
13/09/2019 15:00,0.319,0.139
13/09/2019 16:00,0.149,0.099
13/09/2019 17:00,0.032,0.043
13/09/2019 18:00,0.0,0.0
13/09/2019 19:00,0.0,0.0
13/09/2019 20:00,0.0,0.0
13/09/2019 21:00,0.0,0.0
13/09/2019 22:00,0.0,0.0
13/09/2019 23:00,0.0,0.0
14/09/2019 00:00,0.0,0.0
14/09/2019 01:00,0.0,0.0
14/09/2019 02:00,0.0,0.0
14/09/2019 03:00,0.0,0.0
14/09/2019 04:00,0.0,0.0
14/09/2019 05:00,0.0,0.0
14/09/2019 06:00,0.022,0.0
14/09/2019 07:00,0.15,0.045
14/09/2019 08:00,0.281,0.13
14/09/2019 09:00,0.384,0.207
14/09/2019 10:00,0.438,0.259
14/09/2019 11:00,0.474,0.291
14/09/2019 12:00,0.429,0.316
14/09/2019 13:00,0.404,0.313
14/09/2019 14:00,0.309,0.286
14/09/2019 15:00,0.218,0.223
14/09/2019 16:00,0.105,0.135
14/09/2019 17:00,0.026,0.047
14/09/2019 18:00,0.0,0.0
14/09/2019 19:00,0.0,0.0
14/09/2019 20:00,0.0,0.0
14/09/2019 21:00,0.0,0.0
14/09/2019 22:00,0.0,0.0
14/09/2019 23:00,0.0,0.0
15/09/2019 00:00,0.0,0.0
15/09/2019 01:00,0.0,0.0
15/09/2019 02:00,0.0,0.0
15/09/2019 03:00,0.0,0.0
15/09/2019 04:00,0.0,0.0
15/09/2019 05:00,0.0,0.0
15/09/2019 06:00,0.025,0.0
15/09/2019 07:00,0.155,0.043
15/09/2019 08:00,0.285,0.157
15/09/2019 09:00,0.366,0.252
15/09/2019 10:00,0.409,0.339
15/09/2019 11:00,0.385,0.343
15/09/2019 12:00,0.371,0.327
15/09/2019 13:00,0.333,0.315
15/09/2019 14:00,0.257,0.268
15/09/2019 15:00,0.187,0.186
15/09/2019 16:00,0.121,0.109
15/09/2019 17:00,0.039,0.041
15/09/2019 18:00,0.0,0.0
15/09/2019 19:00,0.0,0.0
15/09/2019 20:00,0.0,0.0
15/09/2019 21:00,0.0,0.0
15/09/2019 22:00,0.0,0.0
15/09/2019 23:00,0.0,0.0
16/09/2019 00:00,0.0,0.0
16/09/2019 01:00,0.0,0.0
16/09/2019 02:00,0.0,0.0
16/09/2019 03:00,0.0,0.0
16/09/2019 04:00,0.0,0.0
16/09/2019 05:00,0.0,0.0
16/09/2019 06:00,0.013,0.002
16/09/2019 07:00,0.112,0.081
16/09/2019 08:00,0.24,0.215
16/09/2019 09:00,0.299,0.357
16/09/2019 10:00,0.338,0.493
16/09/2019 11:00,0.391,0.563
16/09/2019 12:00,0.464,0.567
16/09/2019 13:00,0.477,0.53
16/09/2019 14:00,0.417,0.45
16/09/2019 15:00,0.299,0.336
16/09/2019 16:00,0.151,0.203
16/09/2019 17:00,0.032,0.076
16/09/2019 18:00,0.0,0.002
16/09/2019 19:00,0.0,0.0
16/09/2019 20:00,0.0,0.0
16/09/2019 21:00,0.0,0.0
16/09/2019 22:00,0.0,0.0
16/09/2019 23:00,0.0,0.0
17/09/2019 00:00,0.0,0.0
17/09/2019 01:00,0.0,0.0
17/09/2019 02:00,0.0,0.0
17/09/2019 03:00,0.0,0.0
17/09/2019 04:00,0.0,0.0
17/09/2019 05:00,0.0,0.0
17/09/2019 06:00,0.02,0.004
17/09/2019 07:00,0.15,0.134
17/09/2019 08:00,0.32,0.319
17/09/2019 09:00,0.456,0.458
17/09/2019 10:00,0.446,0.516
17/09/2019 11:00,0.504,0.53
17/09/2019 12:00,0.488,0.548
17/09/2019 13:00,0.407,0.524
17/09/2019 14:00,0.331,0.451
17/09/2019 15:00,0.237,0.334
17/09/2019 16:00,0.131,0.204
17/09/2019 17:00,0.032,0.081
17/09/2019 18:00,0.0,0.002
17/09/2019 19:00,0.0,0.0
17/09/2019 20:00,0.0,0.0
17/09/2019 21:00,0.0,0.0
17/09/2019 22:00,0.0,0.0
17/09/2019 23:00,0.0,0.0
18/09/2019 00:00,0.0,0.0
18/09/2019 01:00,0.0,0.0
18/09/2019 02:00,0.0,0.0
18/09/2019 03:00,0.0,0.0
18/09/2019 04:00,0.0,0.0
18/09/2019 05:00,0.0,0.0
18/09/2019 06:00,0.023,0.0
18/09/2019 07:00,0.169,0.031
18/09/2019 08:00,0.335,0.091
18/09/2019 09:00,0.468,0.149
18/09/2019 10:00,0.542,0.205
18/09/2019 11:00,0.559,0.279
18/09/2019 12:00,0.6,0.32
18/09/2019 13:00,0.559,0.31
18/09/2019 14:00,0.474,0.277
18/09/2019 15:00,0.346,0.209
18/09/2019 16:00,0.183,0.123
18/09/2019 17:00,0.045,0.048
18/09/2019 18:00,0.0,0.001
18/09/2019 19:00,0.0,0.0
18/09/2019 20:00,0.0,0.0
18/09/2019 21:00,0.0,0.0
18/09/2019 22:00,0.0,0.0
18/09/2019 23:00,0.0,0.0
19/09/2019 00:00,0.0,0.0
19/09/2019 01:00,0.0,0.0
19/09/2019 02:00,0.0,0.0
19/09/2019 03:00,0.0,0.0
19/09/2019 04:00,0.0,0.0
19/09/2019 05:00,0.0,0.0
19/09/2019 06:00,0.025,0.003
19/09/2019 07:00,0.16,0.11
19/09/2019 08:00,0.319,0.282
19/09/2019 09:00,0.421,0.432
19/09/2019 10:00,0.491,0.549
19/09/2019 11:00,0.507,0.614
19/09/2019 12:00,0.479,0.616
19/09/2019 13:00,0.418,0.56
19/09/2019 14:00,0.346,0.485
19/09/2019 15:00,0.248,0.377
19/09/2019 16:00,0.134,0.201
19/09/2019 17:00,0.038,0.077
19/09/2019 18:00,0.0,0.001
19/09/2019 19:00,0.0,0.0
19/09/2019 20:00,0.0,0.0
19/09/2019 21:00,0.0,0.0
19/09/2019 22:00,0.0,0.0
19/09/2019 23:00,0.0,0.0
20/09/2019 00:00,0.0,0.0
20/09/2019 01:00,0.0,0.0
20/09/2019 02:00,0.0,0.0
20/09/2019 03:00,0.0,0.0
20/09/2019 04:00,0.0,0.0
20/09/2019 05:00,0.0,0.0
20/09/2019 06:00,0.025,0.0
20/09/2019 07:00,0.188,0.036
20/09/2019 08:00,0.377,0.121
20/09/2019 09:00,0.526,0.237
20/09/2019 10:00,0.623,0.338
20/09/2019 11:00,0.667,0.437
20/09/2019 12:00,0.668,0.469
20/09/2019 13:00,0.625,0.451
20/09/2019 14:00,0.535,0.387
20/09/2019 15:00,0.397,0.302
20/09/2019 16:00,0.23,0.19
20/09/2019 17:00,0.062,0.076
20/09/2019 18:00,0.0,0.001
20/09/2019 19:00,0.0,0.0
20/09/2019 20:00,0.0,0.0
20/09/2019 21:00,0.0,0.0
20/09/2019 22:00,0.0,0.0
20/09/2019 23:00,0.0,0.0
21/09/2019 00:00,0.0,0.0
21/09/2019 01:00,0.0,0.0
21/09/2019 02:00,0.0,0.0
21/09/2019 03:00,0.0,0.0
21/09/2019 04:00,0.0,0.0
21/09/2019 05:00,0.0,0.0
21/09/2019 06:00,0.028,0.003
21/09/2019 07:00,0.199,0.108
21/09/2019 08:00,0.388,0.268
21/09/2019 09:00,0.532,0.393
21/09/2019 10:00,0.592,0.46
21/09/2019 11:00,0.642,0.512
21/09/2019 12:00,0.644,0.527
21/09/2019 13:00,0.621,0.495
21/09/2019 14:00,0.53,0.423
21/09/2019 15:00,0.393,0.31
21/09/2019 16:00,0.221,0.189
21/09/2019 17:00,0.056,0.072
21/09/2019 18:00,0.0,0.001
21/09/2019 19:00,0.0,0.0
21/09/2019 20:00,0.0,0.0
21/09/2019 21:00,0.0,0.0
21/09/2019 22:00,0.0,0.0
21/09/2019 23:00,0.0,0.0
22/09/2019 00:00,0.0,0.0
22/09/2019 01:00,0.0,0.0
22/09/2019 02:00,0.0,0.0
22/09/2019 03:00,0.0,0.0
22/09/2019 04:00,0.0,0.0
22/09/2019 05:00,0.0,0.0
22/09/2019 06:00,0.022,0.001
22/09/2019 07:00,0.154,0.072
22/09/2019 08:00,0.284,0.215
22/09/2019 09:00,0.366,0.343
22/09/2019 10:00,0.449,0.439
22/09/2019 11:00,0.53,0.519
22/09/2019 12:00,0.559,0.546
22/09/2019 13:00,0.532,0.493
22/09/2019 14:00,0.447,0.423
22/09/2019 15:00,0.324,0.33
22/09/2019 16:00,0.176,0.205
22/09/2019 17:00,0.042,0.072
22/09/2019 18:00,0.0,0.001
22/09/2019 19:00,0.0,0.0
22/09/2019 20:00,0.0,0.0
22/09/2019 21:00,0.0,0.0
22/09/2019 22:00,0.0,0.0
22/09/2019 23:00,0.0,0.0
23/09/2019 00:00,0.0,0.0
23/09/2019 01:00,0.0,0.0
23/09/2019 02:00,0.0,0.0
23/09/2019 03:00,0.0,0.0
23/09/2019 04:00,0.0,0.0
23/09/2019 05:00,0.0,0.0
23/09/2019 06:00,0.018,0.0
23/09/2019 07:00,0.137,0.061
23/09/2019 08:00,0.292,0.19
23/09/2019 09:00,0.423,0.319
23/09/2019 10:00,0.483,0.43
23/09/2019 11:00,0.558,0.474
23/09/2019 12:00,0.576,0.479
23/09/2019 13:00,0.559,0.441
23/09/2019 14:00,0.487,0.378
23/09/2019 15:00,0.366,0.28
23/09/2019 16:00,0.21,0.17
23/09/2019 17:00,0.054,0.064
23/09/2019 18:00,0.0,0.001
23/09/2019 19:00,0.0,0.0
23/09/2019 20:00,0.0,0.0
23/09/2019 21:00,0.0,0.0
23/09/2019 22:00,0.0,0.0
23/09/2019 23:00,0.0,0.0
24/09/2019 00:00,0.0,0.0
24/09/2019 01:00,0.0,0.0
24/09/2019 02:00,0.0,0.0
24/09/2019 03:00,0.0,0.0
24/09/2019 04:00,0.0,0.0
24/09/2019 05:00,0.0,0.0
24/09/2019 06:00,0.02,0.0
24/09/2019 07:00,0.147,0.032
24/09/2019 08:00,0.299,0.117
24/09/2019 09:00,0.434,0.24
24/09/2019 10:00,0.533,0.321
24/09/2019 11:00,0.567,0.391
24/09/2019 12:00,0.565,0.427
24/09/2019 13:00,0.519,0.427
24/09/2019 14:00,0.449,0.375
24/09/2019 15:00,0.333,0.292
24/09/2019 16:00,0.174,0.182
24/09/2019 17:00,0.046,0.066
24/09/2019 18:00,0.0,0.001
24/09/2019 19:00,0.0,0.0
24/09/2019 20:00,0.0,0.0
24/09/2019 21:00,0.0,0.0
24/09/2019 22:00,0.0,0.0
24/09/2019 23:00,0.0,0.0
25/09/2019 00:00,0.0,0.0
25/09/2019 01:00,0.0,0.0
25/09/2019 02:00,0.0,0.0
25/09/2019 03:00,0.0,0.0
25/09/2019 04:00,0.0,0.0
25/09/2019 05:00,0.0,0.0
25/09/2019 06:00,0.023,0.0
25/09/2019 07:00,0.178,0.041
25/09/2019 08:00,0.361,0.143
25/09/2019 09:00,0.487,0.282
25/09/2019 10:00,0.534,0.389
25/09/2019 11:00,0.601,0.442
25/09/2019 12:00,0.618,0.458
25/09/2019 13:00,0.585,0.433
25/09/2019 14:00,0.498,0.349
25/09/2019 15:00,0.358,0.247
25/09/2019 16:00,0.194,0.12
25/09/2019 17:00,0.046,0.03
25/09/2019 18:00,0.0,0.0
25/09/2019 19:00,0.0,0.0
25/09/2019 20:00,0.0,0.0
25/09/2019 21:00,0.0,0.0
25/09/2019 22:00,0.0,0.0
25/09/2019 23:00,0.0,0.0
26/09/2019 00:00,0.0,0.0
26/09/2019 01:00,0.0,0.0
26/09/2019 02:00,0.0,0.0
26/09/2019 03:00,0.0,0.0
26/09/2019 04:00,0.0,0.0
26/09/2019 05:00,0.0,0.0
26/09/2019 06:00,0.005,0.0
26/09/2019 07:00,0.07,0.028
26/09/2019 08:00,0.237,0.082
26/09/2019 09:00,0.448,0.142
26/09/2019 10:00,0.509,0.213
26/09/2019 11:00,0.512,0.266
26/09/2019 12:00,0.443,0.27
26/09/2019 13:00,0.331,0.25
26/09/2019 14:00,0.237,0.224
26/09/2019 15:00,0.172,0.19
26/09/2019 16:00,0.111,0.124
26/09/2019 17:00,0.03,0.045
26/09/2019 18:00,0.0,0.0
26/09/2019 19:00,0.0,0.0
26/09/2019 20:00,0.0,0.0
26/09/2019 21:00,0.0,0.0
26/09/2019 22:00,0.0,0.0
26/09/2019 23:00,0.0,0.0
27/09/2019 00:00,0.0,0.0
27/09/2019 01:00,0.0,0.0
27/09/2019 02:00,0.0,0.0
27/09/2019 03:00,0.0,0.0
27/09/2019 04:00,0.0,0.0
27/09/2019 05:00,0.0,0.0
27/09/2019 06:00,0.02,0.0
27/09/2019 07:00,0.159,0.037
27/09/2019 08:00,0.332,0.129
27/09/2019 09:00,0.464,0.252
27/09/2019 10:00,0.562,0.361
27/09/2019 11:00,0.591,0.452
27/09/2019 12:00,0.578,0.467
27/09/2019 13:00,0.557,0.443
27/09/2019 14:00,0.468,0.372
27/09/2019 15:00,0.356,0.297
27/09/2019 16:00,0.211,0.186
27/09/2019 17:00,0.056,0.069
27/09/2019 18:00,0.0,0.001
27/09/2019 19:00,0.0,0.0
27/09/2019 20:00,0.0,0.0
27/09/2019 21:00,0.0,0.0
27/09/2019 22:00,0.0,0.0
27/09/2019 23:00,0.0,0.0
28/09/2019 00:00,0.0,0.0
28/09/2019 01:00,0.0,0.0
28/09/2019 02:00,0.0,0.0
28/09/2019 03:00,0.0,0.0
28/09/2019 04:00,0.0,0.0
28/09/2019 05:00,0.0,0.0
28/09/2019 06:00,0.024,0.001
28/09/2019 07:00,0.185,0.08
28/09/2019 08:00,0.373,0.235
28/09/2019 09:00,0.498,0.388
28/09/2019 10:00,0.578,0.472
28/09/2019 11:00,0.63,0.489
28/09/2019 12:00,0.637,0.5
28/09/2019 13:00,0.612,0.486
28/09/2019 14:00,0.533,0.45
28/09/2019 15:00,0.396,0.354
28/09/2019 16:00,0.224,0.229
28/09/2019 17:00,0.054,0.084
28/09/2019 18:00,0.0,0.001
28/09/2019 19:00,0.0,0.0
28/09/2019 20:00,0.0,0.0
28/09/2019 21:00,0.0,0.0
28/09/2019 22:00,0.0,0.0
28/09/2019 23:00,0.0,0.0
29/09/2019 00:00,0.0,0.0
29/09/2019 01:00,0.0,0.0
29/09/2019 02:00,0.0,0.0
29/09/2019 03:00,0.0,0.0
29/09/2019 04:00,0.0,0.0
29/09/2019 05:00,0.0,0.0
29/09/2019 06:00,0.018,0.001
29/09/2019 07:00,0.142,0.08
29/09/2019 08:00,0.274,0.244
29/09/2019 09:00,0.33,0.366
29/09/2019 10:00,0.355,0.443
29/09/2019 11:00,0.438,0.506
29/09/2019 12:00,0.468,0.506
29/09/2019 13:00,0.437,0.464
29/09/2019 14:00,0.348,0.39
29/09/2019 15:00,0.251,0.291
29/09/2019 16:00,0.146,0.132
29/09/2019 17:00,0.032,0.036
29/09/2019 18:00,0.0,0.0
29/09/2019 19:00,0.0,0.0
29/09/2019 20:00,0.0,0.0
29/09/2019 21:00,0.0,0.0
29/09/2019 22:00,0.0,0.0
29/09/2019 23:00,0.0,0.0
30/09/2019 00:00,0.0,0.0
30/09/2019 01:00,0.0,0.0
30/09/2019 02:00,0.0,0.0
30/09/2019 03:00,0.0,0.0
30/09/2019 04:00,0.0,0.0
30/09/2019 05:00,0.0,0.0
30/09/2019 06:00,0.017,0.0
30/09/2019 07:00,0.141,0.054
30/09/2019 08:00,0.317,0.151
30/09/2019 09:00,0.502,0.223
30/09/2019 10:00,0.621,0.312
30/09/2019 11:00,0.661,0.375
30/09/2019 12:00,0.624,0.379
30/09/2019 13:00,0.528,0.348
30/09/2019 14:00,0.42,0.304
30/09/2019 15:00,0.316,0.233
30/09/2019 16:00,0.159,0.165
30/09/2019 17:00,0.034,0.072
30/09/2019 18:00,0.0,0.0
30/09/2019 19:00,0.0,0.0
30/09/2019 20:00,0.0,0.0
30/09/2019 21:00,0.0,0.0
30/09/2019 22:00,0.0,0.0
30/09/2019 23:00,0.0,0.0
01/10/2019 00:00,0.0,0.0
01/10/2019 01:00,0.0,0.0
01/10/2019 02:00,0.0,0.0
01/10/2019 03:00,0.0,0.0
01/10/2019 04:00,0.0,0.0
01/10/2019 05:00,0.0,0.0
01/10/2019 06:00,0.022,0.001
01/10/2019 07:00,0.179,0.071
01/10/2019 08:00,0.342,0.198
01/10/2019 09:00,0.434,0.276
01/10/2019 10:00,0.525,0.335
01/10/2019 11:00,0.589,0.392
01/10/2019 12:00,0.603,0.433
01/10/2019 13:00,0.576,0.429
01/10/2019 14:00,0.494,0.355
01/10/2019 15:00,0.377,0.241
01/10/2019 16:00,0.217,0.15
01/10/2019 17:00,0.055,0.06
01/10/2019 18:00,0.0,0.001
01/10/2019 19:00,0.0,0.0
01/10/2019 20:00,0.0,0.0
01/10/2019 21:00,0.0,0.0
01/10/2019 22:00,0.0,0.0
01/10/2019 23:00,0.0,0.0
02/10/2019 00:00,0.0,0.0
02/10/2019 01:00,0.0,0.0
02/10/2019 02:00,0.0,0.0
02/10/2019 03:00,0.0,0.0
02/10/2019 04:00,0.0,0.0
02/10/2019 05:00,0.0,0.0
02/10/2019 06:00,0.018,0.0
02/10/2019 07:00,0.143,0.069
02/10/2019 08:00,0.282,0.221
02/10/2019 09:00,0.379,0.363
02/10/2019 10:00,0.451,0.439
02/10/2019 11:00,0.498,0.464
02/10/2019 12:00,0.493,0.461
02/10/2019 13:00,0.468,0.416
02/10/2019 14:00,0.38,0.353
02/10/2019 15:00,0.291,0.268
02/10/2019 16:00,0.172,0.165
02/10/2019 17:00,0.047,0.068
02/10/2019 18:00,0.0,0.0
02/10/2019 19:00,0.0,0.0
02/10/2019 20:00,0.0,0.0
02/10/2019 21:00,0.0,0.0
02/10/2019 22:00,0.0,0.0
02/10/2019 23:00,0.0,0.0
03/10/2019 00:00,0.0,0.0
03/10/2019 01:00,0.0,0.0
03/10/2019 02:00,0.0,0.0
03/10/2019 03:00,0.0,0.0
03/10/2019 04:00,0.0,0.0
03/10/2019 05:00,0.0,0.0
03/10/2019 06:00,0.013,0.0
03/10/2019 07:00,0.126,0.05
03/10/2019 08:00,0.277,0.149
03/10/2019 09:00,0.393,0.271
03/10/2019 10:00,0.483,0.364
03/10/2019 11:00,0.528,0.45
03/10/2019 12:00,0.533,0.5
03/10/2019 13:00,0.498,0.509
03/10/2019 14:00,0.433,0.445
03/10/2019 15:00,0.336,0.341
03/10/2019 16:00,0.203,0.204
03/10/2019 17:00,0.052,0.072
03/10/2019 18:00,0.0,0.0
03/10/2019 19:00,0.0,0.0
03/10/2019 20:00,0.0,0.0
03/10/2019 21:00,0.0,0.0
03/10/2019 22:00,0.0,0.0
03/10/2019 23:00,0.0,0.0
04/10/2019 00:00,0.0,0.0
04/10/2019 01:00,0.0,0.0
04/10/2019 02:00,0.0,0.0
04/10/2019 03:00,0.0,0.0
04/10/2019 04:00,0.0,0.0
04/10/2019 05:00,0.0,0.0
04/10/2019 06:00,0.023,0.0
04/10/2019 07:00,0.188,0.023
04/10/2019 08:00,0.386,0.085
04/10/2019 09:00,0.538,0.172
04/10/2019 10:00,0.643,0.259
04/10/2019 11:00,0.692,0.327
04/10/2019 12:00,0.682,0.371
04/10/2019 13:00,0.635,0.383
04/10/2019 14:00,0.541,0.32
04/10/2019 15:00,0.401,0.212
04/10/2019 16:00,0.233,0.11
04/10/2019 17:00,0.062,0.038
04/10/2019 18:00,0.0,0.0
04/10/2019 19:00,0.0,0.0
04/10/2019 20:00,0.0,0.0
04/10/2019 21:00,0.0,0.0
04/10/2019 22:00,0.0,0.0
04/10/2019 23:00,0.0,0.0
05/10/2019 00:00,0.0,0.0
05/10/2019 01:00,0.0,0.0
05/10/2019 02:00,0.0,0.0
05/10/2019 03:00,0.0,0.0
05/10/2019 04:00,0.0,0.0
05/10/2019 05:00,0.0,0.0
05/10/2019 06:00,0.019,0.002
05/10/2019 07:00,0.158,0.121
05/10/2019 08:00,0.311,0.332
05/10/2019 09:00,0.439,0.509
05/10/2019 10:00,0.47,0.635
05/10/2019 11:00,0.469,0.705
05/10/2019 12:00,0.446,0.723
05/10/2019 13:00,0.36,0.691
05/10/2019 14:00,0.267,0.614
05/10/2019 15:00,0.135,0.489
05/10/2019 16:00,0.046,0.313
05/10/2019 17:00,0.006,0.113
05/10/2019 18:00,0.0,0.001
05/10/2019 19:00,0.0,0.0
05/10/2019 20:00,0.0,0.0
05/10/2019 21:00,0.0,0.0
05/10/2019 22:00,0.0,0.0
05/10/2019 23:00,0.0,0.0
06/10/2019 00:00,0.0,0.0
06/10/2019 01:00,0.0,0.0
06/10/2019 02:00,0.0,0.0
06/10/2019 03:00,0.0,0.0
06/10/2019 04:00,0.0,0.0
06/10/2019 05:00,0.0,0.0
06/10/2019 06:00,0.011,0.0
06/10/2019 07:00,0.135,0.033
06/10/2019 08:00,0.339,0.118
06/10/2019 09:00,0.476,0.21
06/10/2019 10:00,0.552,0.279
06/10/2019 11:00,0.577,0.348
06/10/2019 12:00,0.553,0.378
06/10/2019 13:00,0.441,0.372
06/10/2019 14:00,0.339,0.326
06/10/2019 15:00,0.222,0.226
06/10/2019 16:00,0.104,0.13
06/10/2019 17:00,0.022,0.045
06/10/2019 18:00,0.0,0.0
06/10/2019 19:00,0.0,0.0
06/10/2019 20:00,0.0,0.0
06/10/2019 21:00,0.0,0.0
06/10/2019 22:00,0.0,0.0
06/10/2019 23:00,0.0,0.0
07/10/2019 00:00,0.0,0.0
07/10/2019 01:00,0.0,0.0
07/10/2019 02:00,0.0,0.0
07/10/2019 03:00,0.0,0.0
07/10/2019 04:00,0.0,0.0
07/10/2019 05:00,0.0,0.0
07/10/2019 06:00,0.01,0.0
07/10/2019 07:00,0.1,0.021
07/10/2019 08:00,0.222,0.074
07/10/2019 09:00,0.338,0.129
07/10/2019 10:00,0.416,0.188
07/10/2019 11:00,0.472,0.242
07/10/2019 12:00,0.48,0.257
07/10/2019 13:00,0.427,0.223
07/10/2019 14:00,0.361,0.172
07/10/2019 15:00,0.27,0.143
07/10/2019 16:00,0.144,0.09
07/10/2019 17:00,0.033,0.028
07/10/2019 18:00,0.0,0.0
07/10/2019 19:00,0.0,0.0
07/10/2019 20:00,0.0,0.0
07/10/2019 21:00,0.0,0.0
07/10/2019 22:00,0.0,0.0
07/10/2019 23:00,0.0,0.0
08/10/2019 00:00,0.0,0.0
08/10/2019 01:00,0.0,0.0
08/10/2019 02:00,0.0,0.0
08/10/2019 03:00,0.0,0.0
08/10/2019 04:00,0.0,0.0
08/10/2019 05:00,0.0,0.0
08/10/2019 06:00,0.007,0.0
08/10/2019 07:00,0.082,0.019
08/10/2019 08:00,0.202,0.072
08/10/2019 09:00,0.333,0.149
08/10/2019 10:00,0.441,0.262
08/10/2019 11:00,0.503,0.373
08/10/2019 12:00,0.501,0.479
08/10/2019 13:00,0.453,0.543
08/10/2019 14:00,0.377,0.494
08/10/2019 15:00,0.259,0.375
08/10/2019 16:00,0.144,0.232
08/10/2019 17:00,0.035,0.078
08/10/2019 18:00,0.0,0.001
08/10/2019 19:00,0.0,0.0
08/10/2019 20:00,0.0,0.0
08/10/2019 21:00,0.0,0.0
08/10/2019 22:00,0.0,0.0
08/10/2019 23:00,0.0,0.0
09/10/2019 00:00,0.0,0.0
09/10/2019 01:00,0.0,0.0
09/10/2019 02:00,0.0,0.0
09/10/2019 03:00,0.0,0.0
09/10/2019 04:00,0.0,0.0
09/10/2019 05:00,0.0,0.0
09/10/2019 06:00,0.015,0.002
09/10/2019 07:00,0.131,0.117
09/10/2019 08:00,0.265,0.318
09/10/2019 09:00,0.371,0.488
09/10/2019 10:00,0.421,0.562
09/10/2019 11:00,0.375,0.62
09/10/2019 12:00,0.316,0.606
09/10/2019 13:00,0.281,0.554
09/10/2019 14:00,0.23,0.477
09/10/2019 15:00,0.168,0.383
09/10/2019 16:00,0.095,0.257
09/10/2019 17:00,0.021,0.099
09/10/2019 18:00,0.0,0.002
09/10/2019 19:00,0.0,0.0
09/10/2019 20:00,0.0,0.0
09/10/2019 21:00,0.0,0.0
09/10/2019 22:00,0.0,0.0
09/10/2019 23:00,0.0,0.0
10/10/2019 00:00,0.0,0.0
10/10/2019 01:00,0.0,0.0
10/10/2019 02:00,0.0,0.0
10/10/2019 03:00,0.0,0.0
10/10/2019 04:00,0.0,0.0
10/10/2019 05:00,0.0,0.0
10/10/2019 06:00,0.017,0.001
10/10/2019 07:00,0.154,0.093
10/10/2019 08:00,0.301,0.249
10/10/2019 09:00,0.373,0.417
10/10/2019 10:00,0.416,0.518
10/10/2019 11:00,0.511,0.555
10/10/2019 12:00,0.589,0.55
10/10/2019 13:00,0.586,0.52
10/10/2019 14:00,0.467,0.453
10/10/2019 15:00,0.311,0.376
10/10/2019 16:00,0.164,0.233
10/10/2019 17:00,0.039,0.087
10/10/2019 18:00,0.0,0.0
10/10/2019 19:00,0.0,0.0
10/10/2019 20:00,0.0,0.0
10/10/2019 21:00,0.0,0.0
10/10/2019 22:00,0.0,0.0
10/10/2019 23:00,0.0,0.0
11/10/2019 00:00,0.0,0.0
11/10/2019 01:00,0.0,0.0
11/10/2019 02:00,0.0,0.0
11/10/2019 03:00,0.0,0.0
11/10/2019 04:00,0.0,0.0
11/10/2019 05:00,0.0,0.0
11/10/2019 06:00,0.025,0.0
11/10/2019 07:00,0.214,0.028
11/10/2019 08:00,0.418,0.117
11/10/2019 09:00,0.566,0.248
11/10/2019 10:00,0.648,0.404
11/10/2019 11:00,0.666,0.477
11/10/2019 12:00,0.646,0.509
11/10/2019 13:00,0.582,0.486
11/10/2019 14:00,0.473,0.347
11/10/2019 15:00,0.313,0.222
11/10/2019 16:00,0.149,0.121
11/10/2019 17:00,0.026,0.037
11/10/2019 18:00,0.0,0.0
11/10/2019 19:00,0.0,0.0
11/10/2019 20:00,0.0,0.0
11/10/2019 21:00,0.0,0.0
11/10/2019 22:00,0.0,0.0
11/10/2019 23:00,0.0,0.0
12/10/2019 00:00,0.0,0.0
12/10/2019 01:00,0.0,0.0
12/10/2019 02:00,0.0,0.0
12/10/2019 03:00,0.0,0.0
12/10/2019 04:00,0.0,0.0
12/10/2019 05:00,0.0,0.0
12/10/2019 06:00,0.018,0.0
12/10/2019 07:00,0.171,0.032
12/10/2019 08:00,0.342,0.106
12/10/2019 09:00,0.474,0.207
12/10/2019 10:00,0.556,0.34
12/10/2019 11:00,0.573,0.43
12/10/2019 12:00,0.538,0.448
12/10/2019 13:00,0.459,0.405
12/10/2019 14:00,0.36,0.303
12/10/2019 15:00,0.233,0.189
12/10/2019 16:00,0.124,0.101
12/10/2019 17:00,0.027,0.036
12/10/2019 18:00,0.0,0.0
12/10/2019 19:00,0.0,0.0
12/10/2019 20:00,0.0,0.0
12/10/2019 21:00,0.0,0.0
12/10/2019 22:00,0.0,0.0
12/10/2019 23:00,0.0,0.0
13/10/2019 00:00,0.0,0.0
13/10/2019 01:00,0.0,0.0
13/10/2019 02:00,0.0,0.0
13/10/2019 03:00,0.0,0.0
13/10/2019 04:00,0.0,0.0
13/10/2019 05:00,0.0,0.0
13/10/2019 06:00,0.013,0.0
13/10/2019 07:00,0.129,0.05
13/10/2019 08:00,0.254,0.15
13/10/2019 09:00,0.351,0.243
13/10/2019 10:00,0.45,0.331
13/10/2019 11:00,0.467,0.383
13/10/2019 12:00,0.495,0.387
13/10/2019 13:00,0.422,0.365
13/10/2019 14:00,0.356,0.306
13/10/2019 15:00,0.269,0.216
13/10/2019 16:00,0.158,0.124
13/10/2019 17:00,0.04,0.038
13/10/2019 18:00,0.0,0.0
13/10/2019 19:00,0.0,0.0
13/10/2019 20:00,0.0,0.0
13/10/2019 21:00,0.0,0.0
13/10/2019 22:00,0.0,0.0
13/10/2019 23:00,0.0,0.0
14/10/2019 00:00,0.0,0.0
14/10/2019 01:00,0.0,0.0
14/10/2019 02:00,0.0,0.0
14/10/2019 03:00,0.0,0.0
14/10/2019 04:00,0.0,0.0
14/10/2019 05:00,0.0,0.0
14/10/2019 06:00,0.023,0.0
14/10/2019 07:00,0.208,0.085
14/10/2019 08:00,0.414,0.254
14/10/2019 09:00,0.565,0.404
14/10/2019 10:00,0.662,0.477
14/10/2019 11:00,0.715,0.495
14/10/2019 12:00,0.722,0.48
14/10/2019 13:00,0.68,0.44
14/10/2019 14:00,0.595,0.383
14/10/2019 15:00,0.458,0.298
14/10/2019 16:00,0.271,0.161
14/10/2019 17:00,0.063,0.045
14/10/2019 18:00,0.0,0.0
14/10/2019 19:00,0.0,0.0
14/10/2019 20:00,0.0,0.0
14/10/2019 21:00,0.0,0.0
14/10/2019 22:00,0.0,0.0
14/10/2019 23:00,0.0,0.0
15/10/2019 00:00,0.0,0.0
15/10/2019 01:00,0.0,0.0
15/10/2019 02:00,0.0,0.0
15/10/2019 03:00,0.0,0.0
15/10/2019 04:00,0.0,0.0
15/10/2019 05:00,0.0,0.0
15/10/2019 06:00,0.016,0.0
15/10/2019 07:00,0.157,0.059
15/10/2019 08:00,0.298,0.178
15/10/2019 09:00,0.4,0.303
15/10/2019 10:00,0.478,0.377
15/10/2019 11:00,0.521,0.4
15/10/2019 12:00,0.5,0.375
15/10/2019 13:00,0.438,0.313
15/10/2019 14:00,0.346,0.245
15/10/2019 15:00,0.213,0.171
15/10/2019 16:00,0.099,0.09
15/10/2019 17:00,0.019,0.024
15/10/2019 18:00,0.0,0.0
15/10/2019 19:00,0.0,0.0
15/10/2019 20:00,0.0,0.0
15/10/2019 21:00,0.0,0.0
15/10/2019 22:00,0.0,0.0
15/10/2019 23:00,0.0,0.0
16/10/2019 00:00,0.0,0.0
16/10/2019 01:00,0.0,0.0
16/10/2019 02:00,0.0,0.0
16/10/2019 03:00,0.0,0.0
16/10/2019 04:00,0.0,0.0
16/10/2019 05:00,0.0,0.0
16/10/2019 06:00,0.008,0.0
16/10/2019 07:00,0.105,0.046
16/10/2019 08:00,0.236,0.148
16/10/2019 09:00,0.349,0.254
16/10/2019 10:00,0.419,0.323
16/10/2019 11:00,0.469,0.365
16/10/2019 12:00,0.47,0.358
16/10/2019 13:00,0.421,0.324
16/10/2019 14:00,0.346,0.228
16/10/2019 15:00,0.243,0.144
16/10/2019 16:00,0.124,0.076
16/10/2019 17:00,0.025,0.02
16/10/2019 18:00,0.0,0.0
16/10/2019 19:00,0.0,0.0
16/10/2019 20:00,0.0,0.0
16/10/2019 21:00,0.0,0.0
16/10/2019 22:00,0.0,0.0
16/10/2019 23:00,0.0,0.0
17/10/2019 00:00,0.0,0.0
17/10/2019 01:00,0.0,0.0
17/10/2019 02:00,0.0,0.0
17/10/2019 03:00,0.0,0.0
17/10/2019 04:00,0.0,0.0
17/10/2019 05:00,0.0,0.0
17/10/2019 06:00,0.018,0.0
17/10/2019 07:00,0.182,0.053
17/10/2019 08:00,0.384,0.172
17/10/2019 09:00,0.528,0.286
17/10/2019 10:00,0.589,0.361
17/10/2019 11:00,0.634,0.411
17/10/2019 12:00,0.643,0.42
17/10/2019 13:00,0.596,0.399
17/10/2019 14:00,0.486,0.334
17/10/2019 15:00,0.351,0.223
17/10/2019 16:00,0.196,0.116
17/10/2019 17:00,0.047,0.035
17/10/2019 18:00,0.0,0.0
17/10/2019 19:00,0.0,0.0
17/10/2019 20:00,0.0,0.0
17/10/2019 21:00,0.0,0.0
17/10/2019 22:00,0.0,0.0
17/10/2019 23:00,0.0,0.0
18/10/2019 00:00,0.0,0.0
18/10/2019 01:00,0.0,0.0
18/10/2019 02:00,0.0,0.0
18/10/2019 03:00,0.0,0.0
18/10/2019 04:00,0.0,0.0
18/10/2019 05:00,0.0,0.0
18/10/2019 06:00,0.013,0.0
18/10/2019 07:00,0.144,0.07
18/10/2019 08:00,0.309,0.198
18/10/2019 09:00,0.43,0.321
18/10/2019 10:00,0.486,0.393
18/10/2019 11:00,0.486,0.431
18/10/2019 12:00,0.461,0.432
18/10/2019 13:00,0.401,0.384
18/10/2019 14:00,0.313,0.293
18/10/2019 15:00,0.195,0.221
18/10/2019 16:00,0.084,0.13
18/10/2019 17:00,0.013,0.045
18/10/2019 18:00,0.0,0.0
18/10/2019 19:00,0.0,0.0
18/10/2019 20:00,0.0,0.0
18/10/2019 21:00,0.0,0.0
18/10/2019 22:00,0.0,0.0
18/10/2019 23:00,0.0,0.0
19/10/2019 00:00,0.0,0.0
19/10/2019 01:00,0.0,0.0
19/10/2019 02:00,0.0,0.0
19/10/2019 03:00,0.0,0.0
19/10/2019 04:00,0.0,0.0
19/10/2019 05:00,0.0,0.0
19/10/2019 06:00,0.004,0.0
19/10/2019 07:00,0.062,0.068
19/10/2019 08:00,0.148,0.182
19/10/2019 09:00,0.228,0.24
19/10/2019 10:00,0.289,0.282
19/10/2019 11:00,0.323,0.33
19/10/2019 12:00,0.323,0.397
19/10/2019 13:00,0.289,0.414
19/10/2019 14:00,0.217,0.411
19/10/2019 15:00,0.141,0.35
19/10/2019 16:00,0.067,0.254
19/10/2019 17:00,0.014,0.11
19/10/2019 18:00,0.0,0.001
19/10/2019 19:00,0.0,0.0
19/10/2019 20:00,0.0,0.0
19/10/2019 21:00,0.0,0.0
19/10/2019 22:00,0.0,0.0
19/10/2019 23:00,0.0,0.0
20/10/2019 00:00,0.0,0.0
20/10/2019 01:00,0.0,0.0
20/10/2019 02:00,0.0,0.0
20/10/2019 03:00,0.0,0.0
20/10/2019 04:00,0.0,0.0
20/10/2019 05:00,0.0,0.0
20/10/2019 06:00,0.008,0.0
20/10/2019 07:00,0.109,0.04
20/10/2019 08:00,0.216,0.138
20/10/2019 09:00,0.253,0.267
20/10/2019 10:00,0.259,0.366
20/10/2019 11:00,0.278,0.431
20/10/2019 12:00,0.337,0.479
20/10/2019 13:00,0.383,0.48
20/10/2019 14:00,0.372,0.475
20/10/2019 15:00,0.283,0.394
20/10/2019 16:00,0.151,0.255
20/10/2019 17:00,0.029,0.113
20/10/2019 18:00,0.0,0.001
20/10/2019 19:00,0.0,0.0
20/10/2019 20:00,0.0,0.0
20/10/2019 21:00,0.0,0.0
20/10/2019 22:00,0.0,0.0
20/10/2019 23:00,0.0,0.0
21/10/2019 00:00,0.0,0.0
21/10/2019 01:00,0.0,0.0
21/10/2019 02:00,0.0,0.0
21/10/2019 03:00,0.0,0.0
21/10/2019 04:00,0.0,0.0
21/10/2019 05:00,0.0,0.0
21/10/2019 06:00,0.003,0.001
21/10/2019 07:00,0.065,0.101
21/10/2019 08:00,0.176,0.287
21/10/2019 09:00,0.33,0.475
21/10/2019 10:00,0.504,0.597
21/10/2019 11:00,0.6,0.64
21/10/2019 12:00,0.613,0.629
21/10/2019 13:00,0.585,0.589
21/10/2019 14:00,0.487,0.506
21/10/2019 15:00,0.334,0.377
21/10/2019 16:00,0.157,0.223
21/10/2019 17:00,0.029,0.075
21/10/2019 18:00,0.0,0.0
21/10/2019 19:00,0.0,0.0
21/10/2019 20:00,0.0,0.0
21/10/2019 21:00,0.0,0.0
21/10/2019 22:00,0.0,0.0
21/10/2019 23:00,0.0,0.0
22/10/2019 00:00,0.0,0.0
22/10/2019 01:00,0.0,0.0
22/10/2019 02:00,0.0,0.0
22/10/2019 03:00,0.0,0.0
22/10/2019 04:00,0.0,0.0
22/10/2019 05:00,0.0,0.0
22/10/2019 06:00,0.01,0.0
22/10/2019 07:00,0.116,0.093
22/10/2019 08:00,0.286,0.257
22/10/2019 09:00,0.45,0.399
22/10/2019 10:00,0.541,0.514
22/10/2019 11:00,0.578,0.604
22/10/2019 12:00,0.571,0.623
22/10/2019 13:00,0.528,0.615
22/10/2019 14:00,0.422,0.529
22/10/2019 15:00,0.289,0.41
22/10/2019 16:00,0.148,0.233
22/10/2019 17:00,0.031,0.083
22/10/2019 18:00,0.0,0.0
22/10/2019 19:00,0.0,0.0
22/10/2019 20:00,0.0,0.0
22/10/2019 21:00,0.0,0.0
22/10/2019 22:00,0.0,0.0
22/10/2019 23:00,0.0,0.0
23/10/2019 00:00,0.0,0.0
23/10/2019 01:00,0.0,0.0
23/10/2019 02:00,0.0,0.0
23/10/2019 03:00,0.0,0.0
23/10/2019 04:00,0.0,0.0
23/10/2019 05:00,0.0,0.0
23/10/2019 06:00,0.006,0.0
23/10/2019 07:00,0.088,0.098
23/10/2019 08:00,0.223,0.275
23/10/2019 09:00,0.414,0.429
23/10/2019 10:00,0.639,0.519
23/10/2019 11:00,0.702,0.556
23/10/2019 12:00,0.711,0.532
23/10/2019 13:00,0.667,0.468
23/10/2019 14:00,0.573,0.389
23/10/2019 15:00,0.42,0.254
23/10/2019 16:00,0.217,0.132
23/10/2019 17:00,0.041,0.034
23/10/2019 18:00,0.0,0.0
23/10/2019 19:00,0.0,0.0
23/10/2019 20:00,0.0,0.0
23/10/2019 21:00,0.0,0.0
23/10/2019 22:00,0.0,0.0
23/10/2019 23:00,0.0,0.0
24/10/2019 00:00,0.0,0.0
24/10/2019 01:00,0.0,0.0
24/10/2019 02:00,0.0,0.0
24/10/2019 03:00,0.0,0.0
24/10/2019 04:00,0.0,0.0
24/10/2019 05:00,0.0,0.0
24/10/2019 06:00,0.013,0.0
24/10/2019 07:00,0.165,0.023
24/10/2019 08:00,0.384,0.08
24/10/2019 09:00,0.528,0.149
24/10/2019 10:00,0.605,0.218
24/10/2019 11:00,0.663,0.27
24/10/2019 12:00,0.662,0.286
24/10/2019 13:00,0.615,0.283
24/10/2019 14:00,0.517,0.218
24/10/2019 15:00,0.382,0.147
24/10/2019 16:00,0.186,0.082
24/10/2019 17:00,0.036,0.026
24/10/2019 18:00,0.0,0.0
24/10/2019 19:00,0.0,0.0
24/10/2019 20:00,0.0,0.0
24/10/2019 21:00,0.0,0.0
24/10/2019 22:00,0.0,0.0
24/10/2019 23:00,0.0,0.0
25/10/2019 00:00,0.0,0.0
25/10/2019 01:00,0.0,0.0
25/10/2019 02:00,0.0,0.0
25/10/2019 03:00,0.0,0.0
25/10/2019 04:00,0.0,0.0
25/10/2019 05:00,0.0,0.0
25/10/2019 06:00,0.011,0.0
25/10/2019 07:00,0.112,0.098
25/10/2019 08:00,0.249,0.268
25/10/2019 09:00,0.426,0.429
25/10/2019 10:00,0.434,0.533
25/10/2019 11:00,0.464,0.589
25/10/2019 12:00,0.452,0.571
25/10/2019 13:00,0.368,0.475
25/10/2019 14:00,0.236,0.34
25/10/2019 15:00,0.121,0.219
25/10/2019 16:00,0.055,0.11
25/10/2019 17:00,0.01,0.027
25/10/2019 18:00,0.0,0.0
25/10/2019 19:00,0.0,0.0
25/10/2019 20:00,0.0,0.0
25/10/2019 21:00,0.0,0.0
25/10/2019 22:00,0.0,0.0
25/10/2019 23:00,0.0,0.0
26/10/2019 00:00,0.0,0.0
26/10/2019 01:00,0.0,0.0
26/10/2019 02:00,0.0,0.0
26/10/2019 03:00,0.0,0.0
26/10/2019 04:00,0.0,0.0
26/10/2019 05:00,0.0,0.0
26/10/2019 06:00,0.007,0.0
26/10/2019 07:00,0.091,0.055
26/10/2019 08:00,0.199,0.181
26/10/2019 09:00,0.292,0.321
26/10/2019 10:00,0.353,0.411
26/10/2019 11:00,0.354,0.483
26/10/2019 12:00,0.313,0.468
26/10/2019 13:00,0.279,0.395
26/10/2019 14:00,0.248,0.306
26/10/2019 15:00,0.182,0.171
26/10/2019 16:00,0.097,0.084
26/10/2019 17:00,0.017,0.023
26/10/2019 18:00,0.0,0.0
26/10/2019 19:00,0.0,0.0
26/10/2019 20:00,0.0,0.0
26/10/2019 21:00,0.0,0.0
26/10/2019 22:00,0.0,0.0
26/10/2019 23:00,0.0,0.0
27/10/2019 00:00,0.0,0.0
27/10/2019 01:00,0.0,0.0
27/10/2019 02:00,0.0,0.0
27/10/2019 03:00,0.0,0.0
27/10/2019 04:00,0.0,0.0
27/10/2019 05:00,0.0,0.0
27/10/2019 06:00,0.008,0.0
27/10/2019 07:00,0.149,0.016
27/10/2019 08:00,0.33,0.068
27/10/2019 09:00,0.476,0.157
27/10/2019 10:00,0.511,0.284
27/10/2019 11:00,0.532,0.375
27/10/2019 12:00,0.497,0.419
27/10/2019 13:00,0.438,0.397
27/10/2019 14:00,0.35,0.327
27/10/2019 15:00,0.231,0.211
27/10/2019 16:00,0.089,0.115
27/10/2019 17:00,0.012,0.033
27/10/2019 18:00,0.0,0.0
27/10/2019 19:00,0.0,0.0
27/10/2019 20:00,0.0,0.0
27/10/2019 21:00,0.0,0.0
27/10/2019 22:00,0.0,0.0
27/10/2019 23:00,0.0,0.0
28/10/2019 00:00,0.0,0.0
28/10/2019 01:00,0.0,0.0
28/10/2019 02:00,0.0,0.0
28/10/2019 03:00,0.0,0.0
28/10/2019 04:00,0.0,0.0
28/10/2019 05:00,0.0,0.0
28/10/2019 06:00,0.004,0.0
28/10/2019 07:00,0.074,0.048
28/10/2019 08:00,0.181,0.158
28/10/2019 09:00,0.276,0.321
28/10/2019 10:00,0.345,0.448
28/10/2019 11:00,0.377,0.52
28/10/2019 12:00,0.354,0.516
28/10/2019 13:00,0.307,0.49
28/10/2019 14:00,0.242,0.39
28/10/2019 15:00,0.179,0.224
28/10/2019 16:00,0.112,0.111
28/10/2019 17:00,0.026,0.032
28/10/2019 18:00,0.0,0.0
28/10/2019 19:00,0.0,0.0
28/10/2019 20:00,0.0,0.0
28/10/2019 21:00,0.0,0.0
28/10/2019 22:00,0.0,0.0
28/10/2019 23:00,0.0,0.0
29/10/2019 00:00,0.0,0.0
29/10/2019 01:00,0.0,0.0
29/10/2019 02:00,0.0,0.0
29/10/2019 03:00,0.0,0.0
29/10/2019 04:00,0.0,0.0
29/10/2019 05:00,0.0,0.0
29/10/2019 06:00,0.016,0.0
29/10/2019 07:00,0.194,0.034
29/10/2019 08:00,0.409,0.114
29/10/2019 09:00,0.568,0.172
29/10/2019 10:00,0.678,0.178
29/10/2019 11:00,0.732,0.235
29/10/2019 12:00,0.739,0.296
29/10/2019 13:00,0.697,0.314
29/10/2019 14:00,0.612,0.269
29/10/2019 15:00,0.476,0.212
29/10/2019 16:00,0.289,0.13
29/10/2019 17:00,0.061,0.052
29/10/2019 18:00,0.0,0.0
29/10/2019 19:00,0.0,0.0
29/10/2019 20:00,0.0,0.0
29/10/2019 21:00,0.0,0.0
29/10/2019 22:00,0.0,0.0
29/10/2019 23:00,0.0,0.0
30/10/2019 00:00,0.0,0.0
30/10/2019 01:00,0.0,0.0
30/10/2019 02:00,0.0,0.0
30/10/2019 03:00,0.0,0.0
30/10/2019 04:00,0.0,0.0
30/10/2019 05:00,0.0,0.0
30/10/2019 06:00,0.023,0.001
30/10/2019 07:00,0.236,0.139
30/10/2019 08:00,0.456,0.357
30/10/2019 09:00,0.607,0.529
30/10/2019 10:00,0.701,0.643
30/10/2019 11:00,0.75,0.712
30/10/2019 12:00,0.755,0.727
30/10/2019 13:00,0.718,0.699
30/10/2019 14:00,0.636,0.623
30/10/2019 15:00,0.506,0.483
30/10/2019 16:00,0.324,0.303
30/10/2019 17:00,0.079,0.098
30/10/2019 18:00,0.0,0.0
30/10/2019 19:00,0.0,0.0
30/10/2019 20:00,0.0,0.0
30/10/2019 21:00,0.0,0.0
30/10/2019 22:00,0.0,0.0
30/10/2019 23:00,0.0,0.0
31/10/2019 00:00,0.0,0.0
31/10/2019 01:00,0.0,0.0
31/10/2019 02:00,0.0,0.0
31/10/2019 03:00,0.0,0.0
31/10/2019 04:00,0.0,0.0
31/10/2019 05:00,0.0,0.0
31/10/2019 06:00,0.02,0.0
31/10/2019 07:00,0.222,0.083
31/10/2019 08:00,0.444,0.261
31/10/2019 09:00,0.6,0.327
31/10/2019 10:00,0.705,0.374
31/10/2019 11:00,0.752,0.411
31/10/2019 12:00,0.757,0.414
31/10/2019 13:00,0.718,0.379
31/10/2019 14:00,0.636,0.315
31/10/2019 15:00,0.504,0.228
31/10/2019 16:00,0.32,0.12
31/10/2019 17:00,0.078,0.037
31/10/2019 18:00,0.0,0.0
31/10/2019 19:00,0.0,0.0
31/10/2019 20:00,0.0,0.0
31/10/2019 21:00,0.0,0.0
31/10/2019 22:00,0.0,0.0
31/10/2019 23:00,0.0,0.0
01/11/2019 00:00,0.0,0.0
01/11/2019 01:00,0.0,0.0
01/11/2019 02:00,0.0,0.0
01/11/2019 03:00,0.0,0.0
01/11/2019 04:00,0.0,0.0
01/11/2019 05:00,0.0,0.0
01/11/2019 06:00,0.022,0.0
01/11/2019 07:00,0.233,0.085
01/11/2019 08:00,0.46,0.266
01/11/2019 09:00,0.615,0.417
01/11/2019 10:00,0.702,0.523
01/11/2019 11:00,0.753,0.59
01/11/2019 12:00,0.754,0.6
01/11/2019 13:00,0.716,0.585
01/11/2019 14:00,0.63,0.528
01/11/2019 15:00,0.493,0.429
01/11/2019 16:00,0.308,0.255
01/11/2019 17:00,0.072,0.093
01/11/2019 18:00,0.0,0.0
01/11/2019 19:00,0.0,0.0
01/11/2019 20:00,0.0,0.0
01/11/2019 21:00,0.0,0.0
01/11/2019 22:00,0.0,0.0
01/11/2019 23:00,0.0,0.0
02/11/2019 00:00,0.0,0.0
02/11/2019 01:00,0.0,0.0
02/11/2019 02:00,0.0,0.0
02/11/2019 03:00,0.0,0.0
02/11/2019 04:00,0.0,0.0
02/11/2019 05:00,0.0,0.0
02/11/2019 06:00,0.019,0.0
02/11/2019 07:00,0.219,0.056
02/11/2019 08:00,0.436,0.182
02/11/2019 09:00,0.557,0.33
02/11/2019 10:00,0.605,0.407
02/11/2019 11:00,0.701,0.415
02/11/2019 12:00,0.733,0.392
02/11/2019 13:00,0.696,0.352
02/11/2019 14:00,0.604,0.275
02/11/2019 15:00,0.463,0.181
02/11/2019 16:00,0.266,0.098
02/11/2019 17:00,0.059,0.029
02/11/2019 18:00,0.0,0.0
02/11/2019 19:00,0.0,0.0
02/11/2019 20:00,0.0,0.0
02/11/2019 21:00,0.0,0.0
02/11/2019 22:00,0.0,0.0
02/11/2019 23:00,0.0,0.0
03/11/2019 00:00,0.0,0.0
03/11/2019 01:00,0.0,0.0
03/11/2019 02:00,0.0,0.0
03/11/2019 03:00,0.0,0.0
03/11/2019 04:00,0.0,0.0
03/11/2019 05:00,0.0,0.0
03/11/2019 06:00,0.019,0.0
03/11/2019 07:00,0.222,0.058
03/11/2019 08:00,0.446,0.193
03/11/2019 09:00,0.601,0.379
03/11/2019 10:00,0.692,0.564
03/11/2019 11:00,0.744,0.666
03/11/2019 12:00,0.751,0.689
03/11/2019 13:00,0.714,0.634
03/11/2019 14:00,0.63,0.514
03/11/2019 15:00,0.486,0.348
03/11/2019 16:00,0.287,0.186
03/11/2019 17:00,0.057,0.05
03/11/2019 18:00,0.0,0.0
03/11/2019 19:00,0.0,0.0
03/11/2019 20:00,0.0,0.0
03/11/2019 21:00,0.0,0.0
03/11/2019 22:00,0.0,0.0
03/11/2019 23:00,0.0,0.0
04/11/2019 00:00,0.0,0.0
04/11/2019 01:00,0.0,0.0
04/11/2019 02:00,0.0,0.0
04/11/2019 03:00,0.0,0.0
04/11/2019 04:00,0.0,0.0
04/11/2019 05:00,0.0,0.0
04/11/2019 06:00,0.02,0.0
04/11/2019 07:00,0.233,0.091
04/11/2019 08:00,0.462,0.293
04/11/2019 09:00,0.62,0.491
04/11/2019 10:00,0.718,0.63
04/11/2019 11:00,0.763,0.702
04/11/2019 12:00,0.766,0.72
04/11/2019 13:00,0.719,0.693
04/11/2019 14:00,0.635,0.621
04/11/2019 15:00,0.503,0.496
04/11/2019 16:00,0.319,0.316
04/11/2019 17:00,0.072,0.115
04/11/2019 18:00,0.0,0.0
04/11/2019 19:00,0.0,0.0
04/11/2019 20:00,0.0,0.0
04/11/2019 21:00,0.0,0.0
04/11/2019 22:00,0.0,0.0
04/11/2019 23:00,0.0,0.0
05/11/2019 00:00,0.0,0.0
05/11/2019 01:00,0.0,0.0
05/11/2019 02:00,0.0,0.0
05/11/2019 03:00,0.0,0.0
05/11/2019 04:00,0.0,0.0
05/11/2019 05:00,0.0,0.0
05/11/2019 06:00,0.014,0.0
05/11/2019 07:00,0.201,0.154
05/11/2019 08:00,0.431,0.388
05/11/2019 09:00,0.597,0.562
05/11/2019 10:00,0.712,0.675
05/11/2019 11:00,0.758,0.74
05/11/2019 12:00,0.761,0.761
05/11/2019 13:00,0.725,0.738
05/11/2019 14:00,0.643,0.67
05/11/2019 15:00,0.512,0.556
05/11/2019 16:00,0.328,0.382
05/11/2019 17:00,0.075,0.171
05/11/2019 18:00,0.0,0.001
05/11/2019 19:00,0.0,0.0
05/11/2019 20:00,0.0,0.0
05/11/2019 21:00,0.0,0.0
05/11/2019 22:00,0.0,0.0
05/11/2019 23:00,0.0,0.0
06/11/2019 00:00,0.0,0.0
06/11/2019 01:00,0.0,0.0
06/11/2019 02:00,0.0,0.0
06/11/2019 03:00,0.0,0.0
06/11/2019 04:00,0.0,0.0
06/11/2019 05:00,0.0,0.0
06/11/2019 06:00,0.019,0.0
06/11/2019 07:00,0.228,0.147
06/11/2019 08:00,0.457,0.377
06/11/2019 09:00,0.616,0.549
06/11/2019 10:00,0.717,0.663
06/11/2019 11:00,0.761,0.73
06/11/2019 12:00,0.764,0.75
06/11/2019 13:00,0.727,0.723
06/11/2019 14:00,0.645,0.653
06/11/2019 15:00,0.515,0.538
06/11/2019 16:00,0.334,0.37
06/11/2019 17:00,0.08,0.16
06/11/2019 18:00,0.0,0.001
06/11/2019 19:00,0.0,0.0
06/11/2019 20:00,0.0,0.0
06/11/2019 21:00,0.0,0.0
06/11/2019 22:00,0.0,0.0
06/11/2019 23:00,0.0,0.0
07/11/2019 00:00,0.0,0.0
07/11/2019 01:00,0.0,0.0
07/11/2019 02:00,0.0,0.0
07/11/2019 03:00,0.0,0.0
07/11/2019 04:00,0.0,0.0
07/11/2019 05:00,0.0,0.0
07/11/2019 06:00,0.025,0.0
07/11/2019 07:00,0.254,0.147
07/11/2019 08:00,0.48,0.374
07/11/2019 09:00,0.635,0.547
07/11/2019 10:00,0.727,0.663
07/11/2019 11:00,0.769,0.73
07/11/2019 12:00,0.772,0.752
07/11/2019 13:00,0.733,0.731
07/11/2019 14:00,0.651,0.661
07/11/2019 15:00,0.522,0.539
07/11/2019 16:00,0.341,0.359
07/11/2019 17:00,0.085,0.117
07/11/2019 18:00,0.0,0.0
07/11/2019 19:00,0.0,0.0
07/11/2019 20:00,0.0,0.0
07/11/2019 21:00,0.0,0.0
07/11/2019 22:00,0.0,0.0
07/11/2019 23:00,0.0,0.0
08/11/2019 00:00,0.0,0.0
08/11/2019 01:00,0.0,0.0
08/11/2019 02:00,0.0,0.0
08/11/2019 03:00,0.0,0.0
08/11/2019 04:00,0.0,0.0
08/11/2019 05:00,0.0,0.0
08/11/2019 06:00,0.025,0.0
08/11/2019 07:00,0.251,0.147
08/11/2019 08:00,0.471,0.379
08/11/2019 09:00,0.619,0.555
08/11/2019 10:00,0.711,0.669
08/11/2019 11:00,0.758,0.735
08/11/2019 12:00,0.763,0.756
08/11/2019 13:00,0.725,0.733
08/11/2019 14:00,0.643,0.666
08/11/2019 15:00,0.513,0.554
08/11/2019 16:00,0.331,0.393
08/11/2019 17:00,0.076,0.19
08/11/2019 18:00,0.0,0.001
08/11/2019 19:00,0.0,0.0
08/11/2019 20:00,0.0,0.0
08/11/2019 21:00,0.0,0.0
08/11/2019 22:00,0.0,0.0
08/11/2019 23:00,0.0,0.0
09/11/2019 00:00,0.0,0.0
09/11/2019 01:00,0.0,0.0
09/11/2019 02:00,0.0,0.0
09/11/2019 03:00,0.0,0.0
09/11/2019 04:00,0.0,0.0
09/11/2019 05:00,0.0,0.0
09/11/2019 06:00,0.019,0.001
09/11/2019 07:00,0.225,0.167
09/11/2019 08:00,0.445,0.403
09/11/2019 09:00,0.598,0.577
09/11/2019 10:00,0.696,0.678
09/11/2019 11:00,0.746,0.742
09/11/2019 12:00,0.752,0.764
09/11/2019 13:00,0.713,0.736
09/11/2019 14:00,0.63,0.667
09/11/2019 15:00,0.499,0.55
09/11/2019 16:00,0.315,0.365
09/11/2019 17:00,0.068,0.133
09/11/2019 18:00,0.0,0.0
09/11/2019 19:00,0.0,0.0
09/11/2019 20:00,0.0,0.0
09/11/2019 21:00,0.0,0.0
09/11/2019 22:00,0.0,0.0
09/11/2019 23:00,0.0,0.0
10/11/2019 00:00,0.0,0.0
10/11/2019 01:00,0.0,0.0
10/11/2019 02:00,0.0,0.0
10/11/2019 03:00,0.0,0.0
10/11/2019 04:00,0.0,0.0
10/11/2019 05:00,0.0,0.0
10/11/2019 06:00,0.016,0.0
10/11/2019 07:00,0.213,0.047
10/11/2019 08:00,0.429,0.154
10/11/2019 09:00,0.579,0.298
10/11/2019 10:00,0.677,0.429
10/11/2019 11:00,0.727,0.54
10/11/2019 12:00,0.733,0.573
10/11/2019 13:00,0.692,0.54
10/11/2019 14:00,0.607,0.458
10/11/2019 15:00,0.466,0.376
10/11/2019 16:00,0.263,0.261
10/11/2019 17:00,0.038,0.088
10/11/2019 18:00,0.0,0.0
10/11/2019 19:00,0.0,0.0
10/11/2019 20:00,0.0,0.0
10/11/2019 21:00,0.0,0.0
10/11/2019 22:00,0.0,0.0
10/11/2019 23:00,0.0,0.0
11/11/2019 00:00,0.0,0.0
11/11/2019 01:00,0.0,0.0
11/11/2019 02:00,0.0,0.0
11/11/2019 03:00,0.0,0.0
11/11/2019 04:00,0.0,0.0
11/11/2019 05:00,0.0,0.0
11/11/2019 06:00,0.005,0.0
11/11/2019 07:00,0.103,0.108
11/11/2019 08:00,0.254,0.296
11/11/2019 09:00,0.387,0.427
11/11/2019 10:00,0.515,0.528
11/11/2019 11:00,0.606,0.593
11/11/2019 12:00,0.626,0.571
11/11/2019 13:00,0.56,0.513
11/11/2019 14:00,0.464,0.458
11/11/2019 15:00,0.322,0.387
11/11/2019 16:00,0.16,0.255
11/11/2019 17:00,0.03,0.09
11/11/2019 18:00,0.0,0.0
11/11/2019 19:00,0.0,0.0
11/11/2019 20:00,0.0,0.0
11/11/2019 21:00,0.0,0.0
11/11/2019 22:00,0.0,0.0
11/11/2019 23:00,0.0,0.0
12/11/2019 00:00,0.0,0.0
12/11/2019 01:00,0.0,0.0
12/11/2019 02:00,0.0,0.0
12/11/2019 03:00,0.0,0.0
12/11/2019 04:00,0.0,0.0
12/11/2019 05:00,0.0,0.0
12/11/2019 06:00,0.012,0.0
12/11/2019 07:00,0.184,0.078
12/11/2019 08:00,0.385,0.241
12/11/2019 09:00,0.532,0.392
12/11/2019 10:00,0.671,0.508
12/11/2019 11:00,0.728,0.521
12/11/2019 12:00,0.732,0.5
12/11/2019 13:00,0.69,0.476
12/11/2019 14:00,0.602,0.374
12/11/2019 15:00,0.458,0.239
12/11/2019 16:00,0.235,0.124
12/11/2019 17:00,0.026,0.034
12/11/2019 18:00,0.0,0.0
12/11/2019 19:00,0.0,0.0
12/11/2019 20:00,0.0,0.0
12/11/2019 21:00,0.0,0.0
12/11/2019 22:00,0.0,0.0
12/11/2019 23:00,0.0,0.0
13/11/2019 00:00,0.0,0.0
13/11/2019 01:00,0.0,0.0
13/11/2019 02:00,0.0,0.0
13/11/2019 03:00,0.0,0.0
13/11/2019 04:00,0.0,0.0
13/11/2019 05:00,0.0,0.0
13/11/2019 06:00,0.003,0.0
13/11/2019 07:00,0.078,0.046
13/11/2019 08:00,0.23,0.17
13/11/2019 09:00,0.389,0.289
13/11/2019 10:00,0.572,0.393
13/11/2019 11:00,0.659,0.463
13/11/2019 12:00,0.668,0.457
13/11/2019 13:00,0.634,0.405
13/11/2019 14:00,0.547,0.332
13/11/2019 15:00,0.408,0.209
13/11/2019 16:00,0.214,0.097
13/11/2019 17:00,0.034,0.025
13/11/2019 18:00,0.0,0.0
13/11/2019 19:00,0.0,0.0
13/11/2019 20:00,0.0,0.0
13/11/2019 21:00,0.0,0.0
13/11/2019 22:00,0.0,0.0
13/11/2019 23:00,0.0,0.0
14/11/2019 00:00,0.0,0.0
14/11/2019 01:00,0.0,0.0
14/11/2019 02:00,0.0,0.0
14/11/2019 03:00,0.0,0.0
14/11/2019 04:00,0.0,0.0
14/11/2019 05:00,0.0,0.0
14/11/2019 06:00,0.006,0.0
14/11/2019 07:00,0.101,0.067
14/11/2019 08:00,0.239,0.211
14/11/2019 09:00,0.419,0.368
14/11/2019 10:00,0.532,0.513
14/11/2019 11:00,0.531,0.584
14/11/2019 12:00,0.511,0.605
14/11/2019 13:00,0.526,0.58
14/11/2019 14:00,0.472,0.521
14/11/2019 15:00,0.327,0.401
14/11/2019 16:00,0.18,0.249
14/11/2019 17:00,0.033,0.09
14/11/2019 18:00,0.0,0.0
14/11/2019 19:00,0.0,0.0
14/11/2019 20:00,0.0,0.0
14/11/2019 21:00,0.0,0.0
14/11/2019 22:00,0.0,0.0
14/11/2019 23:00,0.0,0.0
15/11/2019 00:00,0.0,0.0
15/11/2019 01:00,0.0,0.0
15/11/2019 02:00,0.0,0.0
15/11/2019 03:00,0.0,0.0
15/11/2019 04:00,0.0,0.0
15/11/2019 05:00,0.0,0.0
15/11/2019 06:00,0.014,0.0
15/11/2019 07:00,0.213,0.117
15/11/2019 08:00,0.438,0.34
15/11/2019 09:00,0.593,0.524
15/11/2019 10:00,0.678,0.636
15/11/2019 11:00,0.731,0.708
15/11/2019 12:00,0.737,0.73
15/11/2019 13:00,0.692,0.7
15/11/2019 14:00,0.605,0.626
15/11/2019 15:00,0.47,0.482
15/11/2019 16:00,0.279,0.251
15/11/2019 17:00,0.054,0.087
15/11/2019 18:00,0.0,0.0
15/11/2019 19:00,0.0,0.0
15/11/2019 20:00,0.0,0.0
15/11/2019 21:00,0.0,0.0
15/11/2019 22:00,0.0,0.0
15/11/2019 23:00,0.0,0.0
16/11/2019 00:00,0.0,0.0
16/11/2019 01:00,0.0,0.0
16/11/2019 02:00,0.0,0.0
16/11/2019 03:00,0.0,0.0
16/11/2019 04:00,0.0,0.0
16/11/2019 05:00,0.0,0.0
16/11/2019 06:00,0.014,0.0
16/11/2019 07:00,0.209,0.084
16/11/2019 08:00,0.44,0.265
16/11/2019 09:00,0.604,0.433
16/11/2019 10:00,0.718,0.572
16/11/2019 11:00,0.762,0.643
16/11/2019 12:00,0.765,0.675
16/11/2019 13:00,0.726,0.671
16/11/2019 14:00,0.645,0.626
16/11/2019 15:00,0.517,0.519
16/11/2019 16:00,0.334,0.349
16/11/2019 17:00,0.072,0.132
16/11/2019 18:00,0.0,0.0
16/11/2019 19:00,0.0,0.0
16/11/2019 20:00,0.0,0.0
16/11/2019 21:00,0.0,0.0
16/11/2019 22:00,0.0,0.0
16/11/2019 23:00,0.0,0.0
17/11/2019 00:00,0.0,0.0
17/11/2019 01:00,0.0,0.0
17/11/2019 02:00,0.0,0.0
17/11/2019 03:00,0.0,0.0
17/11/2019 04:00,0.0,0.0
17/11/2019 05:00,0.0,0.0
17/11/2019 06:00,0.014,0.0
17/11/2019 07:00,0.223,0.123
17/11/2019 08:00,0.455,0.349
17/11/2019 09:00,0.614,0.533
17/11/2019 10:00,0.711,0.644
17/11/2019 11:00,0.756,0.716
17/11/2019 12:00,0.76,0.74
17/11/2019 13:00,0.721,0.714
17/11/2019 14:00,0.638,0.65
17/11/2019 15:00,0.505,0.536
17/11/2019 16:00,0.317,0.369
17/11/2019 17:00,0.062,0.159
17/11/2019 18:00,0.0,0.0
17/11/2019 19:00,0.0,0.0
17/11/2019 20:00,0.0,0.0
17/11/2019 21:00,0.0,0.0
17/11/2019 22:00,0.0,0.0
17/11/2019 23:00,0.0,0.0
18/11/2019 00:00,0.0,0.0
18/11/2019 01:00,0.0,0.0
18/11/2019 02:00,0.0,0.0
18/11/2019 03:00,0.0,0.0
18/11/2019 04:00,0.0,0.0
18/11/2019 05:00,0.0,0.0
18/11/2019 06:00,0.014,0.0
18/11/2019 07:00,0.221,0.119
18/11/2019 08:00,0.448,0.35
18/11/2019 09:00,0.601,0.539
18/11/2019 10:00,0.703,0.671
18/11/2019 11:00,0.749,0.741
18/11/2019 12:00,0.751,0.763
18/11/2019 13:00,0.701,0.741
18/11/2019 14:00,0.614,0.674
18/11/2019 15:00,0.476,0.56
18/11/2019 16:00,0.281,0.395
18/11/2019 17:00,0.047,0.179
18/11/2019 18:00,0.0,0.0
18/11/2019 19:00,0.0,0.0
18/11/2019 20:00,0.0,0.0
18/11/2019 21:00,0.0,0.0
18/11/2019 22:00,0.0,0.0
18/11/2019 23:00,0.0,0.0
19/11/2019 00:00,0.0,0.0
19/11/2019 01:00,0.0,0.0
19/11/2019 02:00,0.0,0.0
19/11/2019 03:00,0.0,0.0
19/11/2019 04:00,0.0,0.0
19/11/2019 05:00,0.0,0.0
19/11/2019 06:00,0.013,0.0
19/11/2019 07:00,0.213,0.132
19/11/2019 08:00,0.438,0.368
19/11/2019 09:00,0.592,0.548
19/11/2019 10:00,0.695,0.665
19/11/2019 11:00,0.744,0.733
19/11/2019 12:00,0.749,0.755
19/11/2019 13:00,0.713,0.73
19/11/2019 14:00,0.632,0.663
19/11/2019 15:00,0.503,0.546
19/11/2019 16:00,0.321,0.375
19/11/2019 17:00,0.066,0.157
19/11/2019 18:00,0.0,0.0
19/11/2019 19:00,0.0,0.0
19/11/2019 20:00,0.0,0.0
19/11/2019 21:00,0.0,0.0
19/11/2019 22:00,0.0,0.0
19/11/2019 23:00,0.0,0.0
20/11/2019 00:00,0.0,0.0
20/11/2019 01:00,0.0,0.0
20/11/2019 02:00,0.0,0.0
20/11/2019 03:00,0.0,0.0
20/11/2019 04:00,0.0,0.0
20/11/2019 05:00,0.0,0.0
20/11/2019 06:00,0.012,0.0
20/11/2019 07:00,0.213,0.099
20/11/2019 08:00,0.44,0.314
20/11/2019 09:00,0.596,0.509
20/11/2019 10:00,0.691,0.632
20/11/2019 11:00,0.739,0.708
20/11/2019 12:00,0.74,0.735
20/11/2019 13:00,0.697,0.716
20/11/2019 14:00,0.604,0.65
20/11/2019 15:00,0.457,0.515
20/11/2019 16:00,0.254,0.258
20/11/2019 17:00,0.042,0.075
20/11/2019 18:00,0.0,0.0
20/11/2019 19:00,0.0,0.0
20/11/2019 20:00,0.0,0.0
20/11/2019 21:00,0.0,0.0
20/11/2019 22:00,0.0,0.0
20/11/2019 23:00,0.0,0.0
21/11/2019 00:00,0.0,0.0
21/11/2019 01:00,0.0,0.0
21/11/2019 02:00,0.0,0.0
21/11/2019 03:00,0.0,0.0
21/11/2019 04:00,0.0,0.0
21/11/2019 05:00,0.0,0.0
21/11/2019 06:00,0.013,0.0
21/11/2019 07:00,0.229,0.091
21/11/2019 08:00,0.463,0.272
21/11/2019 09:00,0.619,0.43
21/11/2019 10:00,0.71,0.527
21/11/2019 11:00,0.752,0.563
21/11/2019 12:00,0.754,0.545
21/11/2019 13:00,0.713,0.481
21/11/2019 14:00,0.628,0.383
21/11/2019 15:00,0.481,0.268
21/11/2019 16:00,0.267,0.149
21/11/2019 17:00,0.041,0.047
21/11/2019 18:00,0.0,0.0
21/11/2019 19:00,0.0,0.0
21/11/2019 20:00,0.0,0.0
21/11/2019 21:00,0.0,0.0
21/11/2019 22:00,0.0,0.0
21/11/2019 23:00,0.0,0.0
22/11/2019 00:00,0.0,0.0
22/11/2019 01:00,0.0,0.0
22/11/2019 02:00,0.0,0.0
22/11/2019 03:00,0.0,0.0
22/11/2019 04:00,0.0,0.0
22/11/2019 05:00,0.0,0.0
22/11/2019 06:00,0.012,0.0
22/11/2019 07:00,0.223,0.08
22/11/2019 08:00,0.458,0.268
22/11/2019 09:00,0.603,0.441
22/11/2019 10:00,0.677,0.54
22/11/2019 11:00,0.736,0.596
22/11/2019 12:00,0.734,0.586
22/11/2019 13:00,0.705,0.519
22/11/2019 14:00,0.624,0.432
22/11/2019 15:00,0.49,0.312
22/11/2019 16:00,0.299,0.177
22/11/2019 17:00,0.051,0.061
22/11/2019 18:00,0.0,0.0
22/11/2019 19:00,0.0,0.0
22/11/2019 20:00,0.0,0.0
22/11/2019 21:00,0.0,0.0
22/11/2019 22:00,0.0,0.0
22/11/2019 23:00,0.0,0.0
23/11/2019 00:00,0.0,0.0
23/11/2019 01:00,0.0,0.0
23/11/2019 02:00,0.0,0.0
23/11/2019 03:00,0.0,0.0
23/11/2019 04:00,0.0,0.0
23/11/2019 05:00,0.0,0.0
23/11/2019 06:00,0.01,0.0
23/11/2019 07:00,0.189,0.087
23/11/2019 08:00,0.425,0.259
23/11/2019 09:00,0.586,0.444
23/11/2019 10:00,0.699,0.6
23/11/2019 11:00,0.756,0.702
23/11/2019 12:00,0.76,0.727
23/11/2019 13:00,0.734,0.711
23/11/2019 14:00,0.652,0.632
23/11/2019 15:00,0.522,0.507
23/11/2019 16:00,0.338,0.335
23/11/2019 17:00,0.07,0.14
23/11/2019 18:00,0.0,0.0
23/11/2019 19:00,0.0,0.0
23/11/2019 20:00,0.0,0.0
23/11/2019 21:00,0.0,0.0
23/11/2019 22:00,0.0,0.0
23/11/2019 23:00,0.0,0.0
24/11/2019 00:00,0.0,0.0
24/11/2019 01:00,0.0,0.0
24/11/2019 02:00,0.0,0.0
24/11/2019 03:00,0.0,0.0
24/11/2019 04:00,0.0,0.0
24/11/2019 05:00,0.0,0.0
24/11/2019 06:00,0.014,0.0
24/11/2019 07:00,0.235,0.155
24/11/2019 08:00,0.465,0.393
24/11/2019 09:00,0.619,0.566
24/11/2019 10:00,0.711,0.68
24/11/2019 11:00,0.756,0.747
24/11/2019 12:00,0.759,0.768
24/11/2019 13:00,0.72,0.747
24/11/2019 14:00,0.64,0.683
24/11/2019 15:00,0.51,0.571
24/11/2019 16:00,0.327,0.409
24/11/2019 17:00,0.066,0.196
24/11/2019 18:00,0.0,0.0
24/11/2019 19:00,0.0,0.0
24/11/2019 20:00,0.0,0.0
24/11/2019 21:00,0.0,0.0
24/11/2019 22:00,0.0,0.0
24/11/2019 23:00,0.0,0.0
25/11/2019 00:00,0.0,0.0
25/11/2019 01:00,0.0,0.0
25/11/2019 02:00,0.0,0.0
25/11/2019 03:00,0.0,0.0
25/11/2019 04:00,0.0,0.0
25/11/2019 05:00,0.0,0.0
25/11/2019 06:00,0.015,0.0
25/11/2019 07:00,0.239,0.15
25/11/2019 08:00,0.47,0.385
25/11/2019 09:00,0.623,0.56
25/11/2019 10:00,0.717,0.674
25/11/2019 11:00,0.763,0.739
25/11/2019 12:00,0.767,0.761
25/11/2019 13:00,0.728,0.74
25/11/2019 14:00,0.645,0.673
25/11/2019 15:00,0.513,0.556
25/11/2019 16:00,0.324,0.381
25/11/2019 17:00,0.063,0.164
25/11/2019 18:00,0.0,0.0
25/11/2019 19:00,0.0,0.0
25/11/2019 20:00,0.0,0.0
25/11/2019 21:00,0.0,0.0
25/11/2019 22:00,0.0,0.0
25/11/2019 23:00,0.0,0.0
26/11/2019 00:00,0.0,0.0
26/11/2019 01:00,0.0,0.0
26/11/2019 02:00,0.0,0.0
26/11/2019 03:00,0.0,0.0
26/11/2019 04:00,0.0,0.0
26/11/2019 05:00,0.0,0.0
26/11/2019 06:00,0.013,0.0
26/11/2019 07:00,0.235,0.139
26/11/2019 08:00,0.476,0.373
26/11/2019 09:00,0.636,0.55
26/11/2019 10:00,0.733,0.665
26/11/2019 11:00,0.776,0.728
26/11/2019 12:00,0.778,0.748
26/11/2019 13:00,0.743,0.725
26/11/2019 14:00,0.659,0.663
26/11/2019 15:00,0.527,0.551
26/11/2019 16:00,0.34,0.379
26/11/2019 17:00,0.069,0.157
26/11/2019 18:00,0.0,0.0
26/11/2019 19:00,0.0,0.0
26/11/2019 20:00,0.0,0.0
26/11/2019 21:00,0.0,0.0
26/11/2019 22:00,0.0,0.0
26/11/2019 23:00,0.0,0.0
27/11/2019 00:00,0.0,0.0
27/11/2019 01:00,0.0,0.0
27/11/2019 02:00,0.0,0.0
27/11/2019 03:00,0.0,0.0
27/11/2019 04:00,0.0,0.0
27/11/2019 05:00,0.0,0.0
27/11/2019 06:00,0.013,0.0
27/11/2019 07:00,0.241,0.149
27/11/2019 08:00,0.481,0.39
27/11/2019 09:00,0.641,0.569
27/11/2019 10:00,0.741,0.688
27/11/2019 11:00,0.784,0.755
27/11/2019 12:00,0.785,0.777
27/11/2019 13:00,0.747,0.756
27/11/2019 14:00,0.662,0.688
27/11/2019 15:00,0.531,0.574
27/11/2019 16:00,0.343,0.407
27/11/2019 17:00,0.069,0.192
27/11/2019 18:00,0.0,0.0
27/11/2019 19:00,0.0,0.0
27/11/2019 20:00,0.0,0.0
27/11/2019 21:00,0.0,0.0
27/11/2019 22:00,0.0,0.0
27/11/2019 23:00,0.0,0.0
28/11/2019 00:00,0.0,0.0
28/11/2019 01:00,0.0,0.0
28/11/2019 02:00,0.0,0.0
28/11/2019 03:00,0.0,0.0
28/11/2019 04:00,0.0,0.0
28/11/2019 05:00,0.0,0.0
28/11/2019 06:00,0.01,0.0
28/11/2019 07:00,0.22,0.165
28/11/2019 08:00,0.461,0.407
28/11/2019 09:00,0.623,0.584
28/11/2019 10:00,0.73,0.695
28/11/2019 11:00,0.772,0.755
28/11/2019 12:00,0.773,0.774
28/11/2019 13:00,0.738,0.749
28/11/2019 14:00,0.654,0.682
28/11/2019 15:00,0.522,0.565
28/11/2019 16:00,0.333,0.391
28/11/2019 17:00,0.064,0.17
28/11/2019 18:00,0.0,0.0
28/11/2019 19:00,0.0,0.0
28/11/2019 20:00,0.0,0.0
28/11/2019 21:00,0.0,0.0
28/11/2019 22:00,0.0,0.0
28/11/2019 23:00,0.0,0.0
29/11/2019 00:00,0.0,0.0
29/11/2019 01:00,0.0,0.0
29/11/2019 02:00,0.0,0.0
29/11/2019 03:00,0.0,0.0
29/11/2019 04:00,0.0,0.0
29/11/2019 05:00,0.0,0.0
29/11/2019 06:00,0.008,0.0
29/11/2019 07:00,0.186,0.154
29/11/2019 08:00,0.422,0.406
29/11/2019 09:00,0.588,0.58
29/11/2019 10:00,0.694,0.689
29/11/2019 11:00,0.739,0.749
29/11/2019 12:00,0.739,0.766
29/11/2019 13:00,0.698,0.742
29/11/2019 14:00,0.613,0.676
29/11/2019 15:00,0.481,0.562
29/11/2019 16:00,0.295,0.395
29/11/2019 17:00,0.053,0.175
29/11/2019 18:00,0.0,0.0
29/11/2019 19:00,0.0,0.0
29/11/2019 20:00,0.0,0.0
29/11/2019 21:00,0.0,0.0
29/11/2019 22:00,0.0,0.0
29/11/2019 23:00,0.0,0.0
30/11/2019 00:00,0.0,0.0
30/11/2019 01:00,0.0,0.0
30/11/2019 02:00,0.0,0.0
30/11/2019 03:00,0.0,0.0
30/11/2019 04:00,0.0,0.0
30/11/2019 05:00,0.0,0.0
30/11/2019 06:00,0.008,0.0
30/11/2019 07:00,0.189,0.149
30/11/2019 08:00,0.432,0.393
30/11/2019 09:00,0.602,0.57
30/11/2019 10:00,0.719,0.681
30/11/2019 11:00,0.767,0.739
30/11/2019 12:00,0.771,0.755
30/11/2019 13:00,0.733,0.739
30/11/2019 14:00,0.65,0.664
30/11/2019 15:00,0.521,0.535
30/11/2019 16:00,0.335,0.357
30/11/2019 17:00,0.066,0.142
30/11/2019 18:00,0.0,0.0
30/11/2019 19:00,0.0,0.0
30/11/2019 20:00,0.0,0.0
30/11/2019 21:00,0.0,0.0
30/11/2019 22:00,0.0,0.0
30/11/2019 23:00,0.0,0.0
01/12/2019 00:00,0.0,0.0
01/12/2019 01:00,0.0,0.0
01/12/2019 02:00,0.0,0.0
01/12/2019 03:00,0.0,0.0
01/12/2019 04:00,0.0,0.0
01/12/2019 05:00,0.0,0.0
01/12/2019 06:00,0.009,0.0
01/12/2019 07:00,0.184,0.141
01/12/2019 08:00,0.418,0.382
01/12/2019 09:00,0.589,0.56
01/12/2019 10:00,0.708,0.673
01/12/2019 11:00,0.755,0.734
01/12/2019 12:00,0.756,0.752
01/12/2019 13:00,0.719,0.729
01/12/2019 14:00,0.635,0.664
01/12/2019 15:00,0.497,0.55
01/12/2019 16:00,0.298,0.38
01/12/2019 17:00,0.054,0.162
01/12/2019 18:00,0.0,0.0
01/12/2019 19:00,0.0,0.0
01/12/2019 20:00,0.0,0.0
01/12/2019 21:00,0.0,0.0
01/12/2019 22:00,0.0,0.0
01/12/2019 23:00,0.0,0.0
02/12/2019 00:00,0.0,0.0
02/12/2019 01:00,0.0,0.0
02/12/2019 02:00,0.0,0.0
02/12/2019 03:00,0.0,0.0
02/12/2019 04:00,0.0,0.0
02/12/2019 05:00,0.0,0.0
02/12/2019 06:00,0.01,0.0
02/12/2019 07:00,0.218,0.082
02/12/2019 08:00,0.472,0.315
02/12/2019 09:00,0.636,0.539
02/12/2019 10:00,0.747,0.673
02/12/2019 11:00,0.788,0.742
02/12/2019 12:00,0.786,0.765
02/12/2019 13:00,0.743,0.735
02/12/2019 14:00,0.648,0.663
02/12/2019 15:00,0.493,0.537
02/12/2019 16:00,0.303,0.351
02/12/2019 17:00,0.059,0.121
02/12/2019 18:00,0.0,0.0
02/12/2019 19:00,0.0,0.0
02/12/2019 20:00,0.0,0.0
02/12/2019 21:00,0.0,0.0
02/12/2019 22:00,0.0,0.0
02/12/2019 23:00,0.0,0.0
03/12/2019 00:00,0.0,0.0
03/12/2019 01:00,0.0,0.0
03/12/2019 02:00,0.0,0.0
03/12/2019 03:00,0.0,0.0
03/12/2019 04:00,0.0,0.0
03/12/2019 05:00,0.0,0.0
03/12/2019 06:00,0.008,0.0
03/12/2019 07:00,0.181,0.042
03/12/2019 08:00,0.431,0.157
03/12/2019 09:00,0.616,0.339
03/12/2019 10:00,0.727,0.535
03/12/2019 11:00,0.78,0.656
03/12/2019 12:00,0.786,0.696
03/12/2019 13:00,0.744,0.682
03/12/2019 14:00,0.657,0.599
03/12/2019 15:00,0.515,0.462
03/12/2019 16:00,0.307,0.261
03/12/2019 17:00,0.05,0.081
03/12/2019 18:00,0.0,0.0
03/12/2019 19:00,0.0,0.0
03/12/2019 20:00,0.0,0.0
03/12/2019 21:00,0.0,0.0
03/12/2019 22:00,0.0,0.0
03/12/2019 23:00,0.0,0.0
04/12/2019 00:00,0.0,0.0
04/12/2019 01:00,0.0,0.0
04/12/2019 02:00,0.0,0.0
04/12/2019 03:00,0.0,0.0
04/12/2019 04:00,0.0,0.0
04/12/2019 05:00,0.0,0.0
04/12/2019 06:00,0.01,0.0
04/12/2019 07:00,0.218,0.117
04/12/2019 08:00,0.453,0.377
04/12/2019 09:00,0.612,0.569
04/12/2019 10:00,0.714,0.681
04/12/2019 11:00,0.75,0.746
04/12/2019 12:00,0.737,0.767
04/12/2019 13:00,0.677,0.735
04/12/2019 14:00,0.577,0.665
04/12/2019 15:00,0.424,0.549
04/12/2019 16:00,0.23,0.376
04/12/2019 17:00,0.037,0.148
04/12/2019 18:00,0.0,0.0
04/12/2019 19:00,0.0,0.0
04/12/2019 20:00,0.0,0.0
04/12/2019 21:00,0.0,0.0
04/12/2019 22:00,0.0,0.0
04/12/2019 23:00,0.0,0.0
05/12/2019 00:00,0.0,0.0
05/12/2019 01:00,0.0,0.0
05/12/2019 02:00,0.0,0.0
05/12/2019 03:00,0.0,0.0
05/12/2019 04:00,0.0,0.0
05/12/2019 05:00,0.0,0.0
05/12/2019 06:00,0.01,0.0
05/12/2019 07:00,0.222,0.113
05/12/2019 08:00,0.467,0.357
05/12/2019 09:00,0.63,0.552
05/12/2019 10:00,0.743,0.667
05/12/2019 11:00,0.79,0.735
05/12/2019 12:00,0.793,0.758
05/12/2019 13:00,0.758,0.73
05/12/2019 14:00,0.677,0.662
05/12/2019 15:00,0.545,0.544
05/12/2019 16:00,0.354,0.367
05/12/2019 17:00,0.073,0.14
05/12/2019 18:00,0.0,0.0
05/12/2019 19:00,0.0,0.0
05/12/2019 20:00,0.0,0.0
05/12/2019 21:00,0.0,0.0
05/12/2019 22:00,0.0,0.0
05/12/2019 23:00,0.0,0.0
06/12/2019 00:00,0.0,0.0
06/12/2019 01:00,0.0,0.0
06/12/2019 02:00,0.0,0.0
06/12/2019 03:00,0.0,0.0
06/12/2019 04:00,0.0,0.0
06/12/2019 05:00,0.0,0.0
06/12/2019 06:00,0.012,0.0
06/12/2019 07:00,0.254,0.16
06/12/2019 08:00,0.497,0.413
06/12/2019 09:00,0.657,0.594
06/12/2019 10:00,0.757,0.701
06/12/2019 11:00,0.801,0.765
06/12/2019 12:00,0.802,0.783
06/12/2019 13:00,0.761,0.75
06/12/2019 14:00,0.677,0.669
06/12/2019 15:00,0.544,0.529
06/12/2019 16:00,0.353,0.343
06/12/2019 17:00,0.073,0.134
06/12/2019 18:00,0.0,0.0
06/12/2019 19:00,0.0,0.0
06/12/2019 20:00,0.0,0.0
06/12/2019 21:00,0.0,0.0
06/12/2019 22:00,0.0,0.0
06/12/2019 23:00,0.0,0.0
07/12/2019 00:00,0.0,0.0
07/12/2019 01:00,0.0,0.0
07/12/2019 02:00,0.0,0.0
07/12/2019 03:00,0.0,0.0
07/12/2019 04:00,0.0,0.0
07/12/2019 05:00,0.0,0.0
07/12/2019 06:00,0.009,0.0
07/12/2019 07:00,0.224,0.18
07/12/2019 08:00,0.472,0.435
07/12/2019 09:00,0.639,0.612
07/12/2019 10:00,0.752,0.721
07/12/2019 11:00,0.794,0.777
07/12/2019 12:00,0.796,0.795
07/12/2019 13:00,0.759,0.771
07/12/2019 14:00,0.676,0.704
07/12/2019 15:00,0.544,0.591
07/12/2019 16:00,0.355,0.411
07/12/2019 17:00,0.076,0.173
07/12/2019 18:00,0.0,0.0
07/12/2019 19:00,0.0,0.0
07/12/2019 20:00,0.0,0.0
07/12/2019 21:00,0.0,0.0
07/12/2019 22:00,0.0,0.0
07/12/2019 23:00,0.0,0.0
08/12/2019 00:00,0.0,0.0
08/12/2019 01:00,0.0,0.0
08/12/2019 02:00,0.0,0.0
08/12/2019 03:00,0.0,0.0
08/12/2019 04:00,0.0,0.0
08/12/2019 05:00,0.0,0.0
08/12/2019 06:00,0.007,0.0
08/12/2019 07:00,0.2,0.133
08/12/2019 08:00,0.45,0.378
08/12/2019 09:00,0.622,0.572
08/12/2019 10:00,0.729,0.69
08/12/2019 11:00,0.777,0.754
08/12/2019 12:00,0.78,0.775
08/12/2019 13:00,0.737,0.752
08/12/2019 14:00,0.654,0.687
08/12/2019 15:00,0.521,0.575
08/12/2019 16:00,0.328,0.411
08/12/2019 17:00,0.061,0.19
08/12/2019 18:00,0.0,0.0
08/12/2019 19:00,0.0,0.0
08/12/2019 20:00,0.0,0.0
08/12/2019 21:00,0.0,0.0
08/12/2019 22:00,0.0,0.0
08/12/2019 23:00,0.0,0.0
09/12/2019 00:00,0.0,0.0
09/12/2019 01:00,0.0,0.0
09/12/2019 02:00,0.0,0.0
09/12/2019 03:00,0.0,0.0
09/12/2019 04:00,0.0,0.0
09/12/2019 05:00,0.0,0.0
09/12/2019 06:00,0.006,0.0
09/12/2019 07:00,0.19,0.145
09/12/2019 08:00,0.439,0.391
09/12/2019 09:00,0.614,0.581
09/12/2019 10:00,0.721,0.699
09/12/2019 11:00,0.767,0.76
09/12/2019 12:00,0.769,0.779
09/12/2019 13:00,0.746,0.759
09/12/2019 14:00,0.661,0.692
09/12/2019 15:00,0.528,0.576
09/12/2019 16:00,0.332,0.383
09/12/2019 17:00,0.063,0.149
09/12/2019 18:00,0.0,0.0
09/12/2019 19:00,0.0,0.0
09/12/2019 20:00,0.0,0.0
09/12/2019 21:00,0.0,0.0
09/12/2019 22:00,0.0,0.0
09/12/2019 23:00,0.0,0.0
10/12/2019 00:00,0.0,0.0
10/12/2019 01:00,0.0,0.0
10/12/2019 02:00,0.0,0.0
10/12/2019 03:00,0.0,0.0
10/12/2019 04:00,0.0,0.0
10/12/2019 05:00,0.0,0.0
10/12/2019 06:00,0.009,0.0
10/12/2019 07:00,0.236,0.153
10/12/2019 08:00,0.485,0.406
10/12/2019 09:00,0.649,0.587
10/12/2019 10:00,0.759,0.688
10/12/2019 11:00,0.802,0.753
10/12/2019 12:00,0.803,0.773
10/12/2019 13:00,0.763,0.745
10/12/2019 14:00,0.68,0.676
10/12/2019 15:00,0.547,0.558
10/12/2019 16:00,0.354,0.381
10/12/2019 17:00,0.071,0.147
10/12/2019 18:00,0.0,0.0
10/12/2019 19:00,0.0,0.0
10/12/2019 20:00,0.0,0.0
10/12/2019 21:00,0.0,0.0
10/12/2019 22:00,0.0,0.0
10/12/2019 23:00,0.0,0.0
11/12/2019 00:00,0.0,0.0
11/12/2019 01:00,0.0,0.0
11/12/2019 02:00,0.0,0.0
11/12/2019 03:00,0.0,0.0
11/12/2019 04:00,0.0,0.0
11/12/2019 05:00,0.0,0.0
11/12/2019 06:00,0.012,0.0
11/12/2019 07:00,0.259,0.155
11/12/2019 08:00,0.5,0.402
11/12/2019 09:00,0.652,0.581
11/12/2019 10:00,0.754,0.69
11/12/2019 11:00,0.793,0.755
11/12/2019 12:00,0.795,0.776
11/12/2019 13:00,0.755,0.747
11/12/2019 14:00,0.665,0.68
11/12/2019 15:00,0.51,0.565
11/12/2019 16:00,0.283,0.393
11/12/2019 17:00,0.043,0.162
11/12/2019 18:00,0.0,0.0
11/12/2019 19:00,0.0,0.0
11/12/2019 20:00,0.0,0.0
11/12/2019 21:00,0.0,0.0
11/12/2019 22:00,0.0,0.0
11/12/2019 23:00,0.0,0.0
12/12/2019 00:00,0.0,0.0
12/12/2019 01:00,0.0,0.0
12/12/2019 02:00,0.0,0.0
12/12/2019 03:00,0.0,0.0
12/12/2019 04:00,0.0,0.0
12/12/2019 05:00,0.0,0.0
12/12/2019 06:00,0.012,0.0
12/12/2019 07:00,0.251,0.11
12/12/2019 08:00,0.485,0.336
12/12/2019 09:00,0.641,0.527
12/12/2019 10:00,0.736,0.649
12/12/2019 11:00,0.781,0.723
12/12/2019 12:00,0.788,0.754
12/12/2019 13:00,0.756,0.733
12/12/2019 14:00,0.673,0.673
12/12/2019 15:00,0.537,0.56
12/12/2019 16:00,0.315,0.389
12/12/2019 17:00,0.049,0.161
12/12/2019 18:00,0.0,0.0
12/12/2019 19:00,0.0,0.0
12/12/2019 20:00,0.0,0.0
12/12/2019 21:00,0.0,0.0
12/12/2019 22:00,0.0,0.0
12/12/2019 23:00,0.0,0.0
13/12/2019 00:00,0.0,0.0
13/12/2019 01:00,0.0,0.0
13/12/2019 02:00,0.0,0.0
13/12/2019 03:00,0.0,0.0
13/12/2019 04:00,0.0,0.0
13/12/2019 05:00,0.0,0.0
13/12/2019 06:00,0.007,0.0
13/12/2019 07:00,0.21,0.174
13/12/2019 08:00,0.455,0.425
13/12/2019 09:00,0.624,0.6
13/12/2019 10:00,0.671,0.704
13/12/2019 11:00,0.705,0.762
13/12/2019 12:00,0.685,0.78
13/12/2019 13:00,0.537,0.755
13/12/2019 14:00,0.432,0.687
13/12/2019 15:00,0.309,0.569
13/12/2019 16:00,0.155,0.394
13/12/2019 17:00,0.02,0.16
13/12/2019 18:00,0.0,0.0
13/12/2019 19:00,0.0,0.0
13/12/2019 20:00,0.0,0.0
13/12/2019 21:00,0.0,0.0
13/12/2019 22:00,0.0,0.0
13/12/2019 23:00,0.0,0.0
14/12/2019 00:00,0.0,0.0
14/12/2019 01:00,0.0,0.0
14/12/2019 02:00,0.0,0.0
14/12/2019 03:00,0.0,0.0
14/12/2019 04:00,0.0,0.0
14/12/2019 05:00,0.0,0.0
14/12/2019 06:00,0.007,0.0
14/12/2019 07:00,0.213,0.131
14/12/2019 08:00,0.464,0.372
14/12/2019 09:00,0.633,0.555
14/12/2019 10:00,0.728,0.664
14/12/2019 11:00,0.774,0.723
14/12/2019 12:00,0.757,0.739
14/12/2019 13:00,0.702,0.732
14/12/2019 14:00,0.599,0.662
14/12/2019 15:00,0.462,0.541
14/12/2019 16:00,0.279,0.356
14/12/2019 17:00,0.046,0.127
14/12/2019 18:00,0.0,0.0
14/12/2019 19:00,0.0,0.0
14/12/2019 20:00,0.0,0.0
14/12/2019 21:00,0.0,0.0
14/12/2019 22:00,0.0,0.0
14/12/2019 23:00,0.0,0.0
15/12/2019 00:00,0.0,0.0
15/12/2019 01:00,0.0,0.0
15/12/2019 02:00,0.0,0.0
15/12/2019 03:00,0.0,0.0
15/12/2019 04:00,0.0,0.0
15/12/2019 05:00,0.0,0.0
15/12/2019 06:00,0.006,0.0
15/12/2019 07:00,0.17,0.098
15/12/2019 08:00,0.413,0.317
15/12/2019 09:00,0.594,0.495
15/12/2019 10:00,0.709,0.57
15/12/2019 11:00,0.76,0.663
15/12/2019 12:00,0.761,0.708
15/12/2019 13:00,0.717,0.69
15/12/2019 14:00,0.613,0.618
15/12/2019 15:00,0.44,0.498
15/12/2019 16:00,0.205,0.323
15/12/2019 17:00,0.029,0.11
15/12/2019 18:00,0.0,0.0
15/12/2019 19:00,0.0,0.0
15/12/2019 20:00,0.0,0.0
15/12/2019 21:00,0.0,0.0
15/12/2019 22:00,0.0,0.0
15/12/2019 23:00,0.0,0.0
16/12/2019 00:00,0.0,0.0
16/12/2019 01:00,0.0,0.0
16/12/2019 02:00,0.0,0.0
16/12/2019 03:00,0.0,0.0
16/12/2019 04:00,0.0,0.0
16/12/2019 05:00,0.0,0.0
16/12/2019 06:00,0.004,0.0
16/12/2019 07:00,0.173,0.136
16/12/2019 08:00,0.418,0.385
16/12/2019 09:00,0.558,0.568
16/12/2019 10:00,0.655,0.681
16/12/2019 11:00,0.73,0.739
16/12/2019 12:00,0.746,0.755
16/12/2019 13:00,0.715,0.733
16/12/2019 14:00,0.629,0.666
16/12/2019 15:00,0.492,0.55
16/12/2019 16:00,0.292,0.372
16/12/2019 17:00,0.047,0.143
16/12/2019 18:00,0.0,0.0
16/12/2019 19:00,0.0,0.0
16/12/2019 20:00,0.0,0.0
16/12/2019 21:00,0.0,0.0
16/12/2019 22:00,0.0,0.0
16/12/2019 23:00,0.0,0.0
17/12/2019 00:00,0.0,0.0
17/12/2019 01:00,0.0,0.0
17/12/2019 02:00,0.0,0.0
17/12/2019 03:00,0.0,0.0
17/12/2019 04:00,0.0,0.0
17/12/2019 05:00,0.0,0.0
17/12/2019 06:00,0.004,0.0
17/12/2019 07:00,0.159,0.134
17/12/2019 08:00,0.403,0.378
17/12/2019 09:00,0.583,0.56
17/12/2019 10:00,0.659,0.672
17/12/2019 11:00,0.728,0.736
17/12/2019 12:00,0.737,0.756
17/12/2019 13:00,0.696,0.73
17/12/2019 14:00,0.606,0.661
17/12/2019 15:00,0.467,0.543
17/12/2019 16:00,0.267,0.366
17/12/2019 17:00,0.042,0.134
17/12/2019 18:00,0.0,0.0
17/12/2019 19:00,0.0,0.0
17/12/2019 20:00,0.0,0.0
17/12/2019 21:00,0.0,0.0
17/12/2019 22:00,0.0,0.0
17/12/2019 23:00,0.0,0.0
18/12/2019 00:00,0.0,0.0
18/12/2019 01:00,0.0,0.0
18/12/2019 02:00,0.0,0.0
18/12/2019 03:00,0.0,0.0
18/12/2019 04:00,0.0,0.0
18/12/2019 05:00,0.0,0.0
18/12/2019 06:00,0.005,0.0
18/12/2019 07:00,0.174,0.12
18/12/2019 08:00,0.417,0.363
18/12/2019 09:00,0.592,0.547
18/12/2019 10:00,0.718,0.643
18/12/2019 11:00,0.767,0.707
18/12/2019 12:00,0.766,0.727
18/12/2019 13:00,0.715,0.69
18/12/2019 14:00,0.63,0.617
18/12/2019 15:00,0.493,0.492
18/12/2019 16:00,0.294,0.311
18/12/2019 17:00,0.05,0.101
18/12/2019 18:00,0.0,0.0
18/12/2019 19:00,0.0,0.0
18/12/2019 20:00,0.0,0.0
18/12/2019 21:00,0.0,0.0
18/12/2019 22:00,0.0,0.0
18/12/2019 23:00,0.0,0.0
19/12/2019 00:00,0.0,0.0
19/12/2019 01:00,0.0,0.0
19/12/2019 02:00,0.0,0.0
19/12/2019 03:00,0.0,0.0
19/12/2019 04:00,0.0,0.0
19/12/2019 05:00,0.0,0.0
19/12/2019 06:00,0.006,0.0
19/12/2019 07:00,0.198,0.128
19/12/2019 08:00,0.446,0.372
19/12/2019 09:00,0.618,0.557
19/12/2019 10:00,0.732,0.633
19/12/2019 11:00,0.779,0.705
19/12/2019 12:00,0.78,0.731
19/12/2019 13:00,0.742,0.712
19/12/2019 14:00,0.655,0.646
19/12/2019 15:00,0.516,0.529
19/12/2019 16:00,0.313,0.357
19/12/2019 17:00,0.056,0.134
19/12/2019 18:00,0.0,0.0
19/12/2019 19:00,0.0,0.0
19/12/2019 20:00,0.0,0.0
19/12/2019 21:00,0.0,0.0
19/12/2019 22:00,0.0,0.0
19/12/2019 23:00,0.0,0.0
20/12/2019 00:00,0.0,0.0
20/12/2019 01:00,0.0,0.0
20/12/2019 02:00,0.0,0.0
20/12/2019 03:00,0.0,0.0
20/12/2019 04:00,0.0,0.0
20/12/2019 05:00,0.0,0.0
20/12/2019 06:00,0.007,0.0
20/12/2019 07:00,0.207,0.155
20/12/2019 08:00,0.458,0.414
20/12/2019 09:00,0.63,0.597
20/12/2019 10:00,0.751,0.699
20/12/2019 11:00,0.799,0.76
20/12/2019 12:00,0.8,0.778
20/12/2019 13:00,0.749,0.744
20/12/2019 14:00,0.662,0.675
20/12/2019 15:00,0.522,0.558
20/12/2019 16:00,0.318,0.382
20/12/2019 17:00,0.058,0.147
20/12/2019 18:00,0.0,0.0
20/12/2019 19:00,0.0,0.0
20/12/2019 20:00,0.0,0.0
20/12/2019 21:00,0.0,0.0
20/12/2019 22:00,0.0,0.0
20/12/2019 23:00,0.0,0.0
21/12/2019 00:00,0.0,0.0
21/12/2019 01:00,0.0,0.0
21/12/2019 02:00,0.0,0.0
21/12/2019 03:00,0.0,0.0
21/12/2019 04:00,0.0,0.0
21/12/2019 05:00,0.0,0.0
21/12/2019 06:00,0.006,0.0
21/12/2019 07:00,0.21,0.144
21/12/2019 08:00,0.46,0.396
21/12/2019 09:00,0.629,0.582
21/12/2019 10:00,0.748,0.697
21/12/2019 11:00,0.795,0.757
21/12/2019 12:00,0.796,0.776
21/12/2019 13:00,0.756,0.743
21/12/2019 14:00,0.669,0.674
21/12/2019 15:00,0.53,0.555
21/12/2019 16:00,0.328,0.377
21/12/2019 17:00,0.064,0.142
21/12/2019 18:00,0.0,0.0
21/12/2019 19:00,0.0,0.0
21/12/2019 20:00,0.0,0.0
21/12/2019 21:00,0.0,0.0
21/12/2019 22:00,0.0,0.0
21/12/2019 23:00,0.0,0.0
22/12/2019 00:00,0.0,0.0
22/12/2019 01:00,0.0,0.0
22/12/2019 02:00,0.0,0.0
22/12/2019 03:00,0.0,0.0
22/12/2019 04:00,0.0,0.0
22/12/2019 05:00,0.0,0.0
22/12/2019 06:00,0.007,0.0
22/12/2019 07:00,0.219,0.178
22/12/2019 08:00,0.47,0.432
22/12/2019 09:00,0.638,0.609
22/12/2019 10:00,0.745,0.715
22/12/2019 11:00,0.794,0.77
22/12/2019 12:00,0.797,0.787
22/12/2019 13:00,0.753,0.764
22/12/2019 14:00,0.666,0.696
22/12/2019 15:00,0.527,0.58
22/12/2019 16:00,0.324,0.407
22/12/2019 17:00,0.062,0.175
22/12/2019 18:00,0.0,0.0
22/12/2019 19:00,0.0,0.0
22/12/2019 20:00,0.0,0.0
22/12/2019 21:00,0.0,0.0
22/12/2019 22:00,0.0,0.0
22/12/2019 23:00,0.0,0.0
23/12/2019 00:00,0.0,0.0
23/12/2019 01:00,0.0,0.0
23/12/2019 02:00,0.0,0.0
23/12/2019 03:00,0.0,0.0
23/12/2019 04:00,0.0,0.0
23/12/2019 05:00,0.0,0.0
23/12/2019 06:00,0.008,0.0
23/12/2019 07:00,0.239,0.174
23/12/2019 08:00,0.484,0.429
23/12/2019 09:00,0.649,0.606
23/12/2019 10:00,0.771,0.71
23/12/2019 11:00,0.815,0.761
23/12/2019 12:00,0.814,0.774
23/12/2019 13:00,0.771,0.759
23/12/2019 14:00,0.686,0.702
23/12/2019 15:00,0.551,0.597
23/12/2019 16:00,0.355,0.419
23/12/2019 17:00,0.08,0.179
23/12/2019 18:00,0.0,0.0
23/12/2019 19:00,0.0,0.0
23/12/2019 20:00,0.0,0.0
23/12/2019 21:00,0.0,0.0
23/12/2019 22:00,0.0,0.0
23/12/2019 23:00,0.0,0.0
24/12/2019 00:00,0.0,0.0
24/12/2019 01:00,0.0,0.0
24/12/2019 02:00,0.0,0.0
24/12/2019 03:00,0.0,0.0
24/12/2019 04:00,0.0,0.0
24/12/2019 05:00,0.0,0.0
24/12/2019 06:00,0.011,0.0
24/12/2019 07:00,0.27,0.198
24/12/2019 08:00,0.51,0.451
24/12/2019 09:00,0.667,0.622
24/12/2019 10:00,0.756,0.716
24/12/2019 11:00,0.798,0.771
24/12/2019 12:00,0.797,0.786
24/12/2019 13:00,0.754,0.761
24/12/2019 14:00,0.666,0.692
24/12/2019 15:00,0.526,0.576
24/12/2019 16:00,0.322,0.403
24/12/2019 17:00,0.061,0.166
24/12/2019 18:00,0.0,0.0
24/12/2019 19:00,0.0,0.0
24/12/2019 20:00,0.0,0.0
24/12/2019 21:00,0.0,0.0
24/12/2019 22:00,0.0,0.0
24/12/2019 23:00,0.0,0.0
25/12/2019 00:00,0.0,0.0
25/12/2019 01:00,0.0,0.0
25/12/2019 02:00,0.0,0.0
25/12/2019 03:00,0.0,0.0
25/12/2019 04:00,0.0,0.0
25/12/2019 05:00,0.0,0.0
25/12/2019 06:00,0.007,0.0
25/12/2019 07:00,0.23,0.181
25/12/2019 08:00,0.48,0.432
25/12/2019 09:00,0.646,0.606
25/12/2019 10:00,0.744,0.712
25/12/2019 11:00,0.788,0.766
25/12/2019 12:00,0.786,0.782
25/12/2019 13:00,0.75,0.754
25/12/2019 14:00,0.661,0.686
25/12/2019 15:00,0.52,0.569
25/12/2019 16:00,0.313,0.384
25/12/2019 17:00,0.057,0.147
25/12/2019 18:00,0.0,0.0
25/12/2019 19:00,0.0,0.0
25/12/2019 20:00,0.0,0.0
25/12/2019 21:00,0.0,0.0
25/12/2019 22:00,0.0,0.0
25/12/2019 23:00,0.0,0.0
26/12/2019 00:00,0.0,0.0
26/12/2019 01:00,0.0,0.0
26/12/2019 02:00,0.0,0.0
26/12/2019 03:00,0.0,0.0
26/12/2019 04:00,0.0,0.0
26/12/2019 05:00,0.0,0.0
26/12/2019 06:00,0.004,0.0
26/12/2019 07:00,0.177,0.158
26/12/2019 08:00,0.433,0.414
26/12/2019 09:00,0.612,0.594
26/12/2019 10:00,0.638,0.698
26/12/2019 11:00,0.721,0.755
26/12/2019 12:00,0.742,0.771
26/12/2019 13:00,0.692,0.741
26/12/2019 14:00,0.612,0.67
26/12/2019 15:00,0.478,0.549
26/12/2019 16:00,0.281,0.368
26/12/2019 17:00,0.05,0.133
26/12/2019 18:00,0.0,0.0
26/12/2019 19:00,0.0,0.0
26/12/2019 20:00,0.0,0.0
26/12/2019 21:00,0.0,0.0
26/12/2019 22:00,0.0,0.0
26/12/2019 23:00,0.0,0.0
27/12/2019 00:00,0.0,0.0
27/12/2019 01:00,0.0,0.0
27/12/2019 02:00,0.0,0.0
27/12/2019 03:00,0.0,0.0
27/12/2019 04:00,0.0,0.0
27/12/2019 05:00,0.0,0.0
27/12/2019 06:00,0.006,0.0
27/12/2019 07:00,0.201,0.081
27/12/2019 08:00,0.458,0.291
27/12/2019 09:00,0.635,0.485
27/12/2019 10:00,0.756,0.619
27/12/2019 11:00,0.803,0.697
27/12/2019 12:00,0.804,0.73
27/12/2019 13:00,0.753,0.693
27/12/2019 14:00,0.664,0.626
27/12/2019 15:00,0.522,0.496
27/12/2019 16:00,0.318,0.306
27/12/2019 17:00,0.061,0.1
27/12/2019 18:00,0.0,0.0
27/12/2019 19:00,0.0,0.0
27/12/2019 20:00,0.0,0.0
27/12/2019 21:00,0.0,0.0
27/12/2019 22:00,0.0,0.0
27/12/2019 23:00,0.0,0.0
28/12/2019 00:00,0.0,0.0
28/12/2019 01:00,0.0,0.0
28/12/2019 02:00,0.0,0.0
28/12/2019 03:00,0.0,0.0
28/12/2019 04:00,0.0,0.0
28/12/2019 05:00,0.0,0.0
28/12/2019 06:00,0.007,0.0
28/12/2019 07:00,0.232,0.134
28/12/2019 08:00,0.491,0.386
28/12/2019 09:00,0.658,0.575
28/12/2019 10:00,0.766,0.693
28/12/2019 11:00,0.809,0.737
28/12/2019 12:00,0.808,0.748
28/12/2019 13:00,0.765,0.742
28/12/2019 14:00,0.675,0.678
28/12/2019 15:00,0.533,0.56
28/12/2019 16:00,0.327,0.383
28/12/2019 17:00,0.061,0.146
28/12/2019 18:00,0.0,0.0
28/12/2019 19:00,0.0,0.0
28/12/2019 20:00,0.0,0.0
28/12/2019 21:00,0.0,0.0
28/12/2019 22:00,0.0,0.0
28/12/2019 23:00,0.0,0.0
29/12/2019 00:00,0.0,0.0
29/12/2019 01:00,0.0,0.0
29/12/2019 02:00,0.0,0.0
29/12/2019 03:00,0.0,0.0
29/12/2019 04:00,0.0,0.0
29/12/2019 05:00,0.0,0.0
29/12/2019 06:00,0.007,0.0
29/12/2019 07:00,0.222,0.161
29/12/2019 08:00,0.474,0.416
29/12/2019 09:00,0.642,0.595
29/12/2019 10:00,0.77,0.698
29/12/2019 11:00,0.814,0.756
29/12/2019 12:00,0.812,0.773
29/12/2019 13:00,0.768,0.743
29/12/2019 14:00,0.677,0.672
29/12/2019 15:00,0.531,0.547
29/12/2019 16:00,0.316,0.365
29/12/2019 17:00,0.059,0.134
29/12/2019 18:00,0.0,0.0
29/12/2019 19:00,0.0,0.0
29/12/2019 20:00,0.0,0.0
29/12/2019 21:00,0.0,0.0
29/12/2019 22:00,0.0,0.0
29/12/2019 23:00,0.0,0.0
30/12/2019 00:00,0.0,0.0
30/12/2019 01:00,0.0,0.0
30/12/2019 02:00,0.0,0.0
30/12/2019 03:00,0.0,0.0
30/12/2019 04:00,0.0,0.0
30/12/2019 05:00,0.0,0.0
30/12/2019 06:00,0.008,0.0
30/12/2019 07:00,0.219,0.147
30/12/2019 08:00,0.45,0.384
30/12/2019 09:00,0.611,0.541
30/12/2019 10:00,0.742,0.64
30/12/2019 11:00,0.793,0.686
30/12/2019 12:00,0.791,0.697
30/12/2019 13:00,0.752,0.668
30/12/2019 14:00,0.662,0.59
30/12/2019 15:00,0.517,0.464
30/12/2019 16:00,0.308,0.294
30/12/2019 17:00,0.059,0.105
30/12/2019 18:00,0.0,0.0
30/12/2019 19:00,0.0,0.0
30/12/2019 20:00,0.0,0.0
30/12/2019 21:00,0.0,0.0
30/12/2019 22:00,0.0,0.0
30/12/2019 23:00,0.0,0.0
31/12/2019 00:00,0.0,0.0
31/12/2019 01:00,0.0,0.0
31/12/2019 02:00,0.0,0.0
31/12/2019 03:00,0.0,0.0
31/12/2019 04:00,0.0,0.0
31/12/2019 05:00,0.0,0.0
31/12/2019 06:00,0.008,0.0
31/12/2019 07:00,0.235,0.167
31/12/2019 08:00,0.465,0.417
31/12/2019 09:00,0.585,0.594
31/12/2019 10:00,0.681,0.697
31/12/2019 11:00,0.736,0.758
31/12/2019 12:00,0.746,0.776
31/12/2019 13:00,0.691,0.748
31/12/2019 14:00,0.607,0.678
31/12/2019 15:00,0.464,0.558
31/12/2019 16:00,0.246,0.381
31/12/2019 17:00,0.034,0.143
31/12/2019 18:00,0.0,0.0
31/12/2019 19:00,0.0,0.0
31/12/2019 20:00,0.0,0.0
31/12/2019 21:00,0.0,0.0
31/12/2019 22:00,0.0,0.0
31/12/2019 23:00,0.0,0.0
