date,SA_CSTR2,SA_CSTR1,SA_WSTR
01/01/2019 00:00,0.681,0.77,0.0
01/01/2019 01:00,0.74,0.0,0.0
01/01/2019 02:00,0.698,0.164,0.0
01/01/2019 03:00,0.622,0.168,0.0
01/01/2019 04:00,0.746,0.174,0.049
01/01/2019 05:00,0.751,0.173,0.18
01/01/2019 06:00,0.636,0.156,0.353
01/01/2019 07:00,0.508,0.132,0.503
01/01/2019 08:00,0.393,0.117,0.62
01/01/2019 09:00,0.297,0.087,0.672
01/01/2019 10:00,0.225,0.089,0.688
01/01/2019 11:00,0.178,0.103,0.666
01/01/2019 12:00,0.154,0.136,0.604
01/01/2019 13:00,0.145,0.209,0.51
01/01/2019 14:00,0.123,0.303,0.365
01/01/2019 15:00,0.084,0.39,0.179
01/01/2019 16:00,0.101,0.431,0.049
01/01/2019 17:00,0.135,0.438,0.0
01/01/2019 18:00,0.109,0.431,0.0
01/01/2019 19:00,0.077,0.407,0.0
01/01/2019 20:00,0.058,0.379,0.0
01/01/2019 21:00,0.038,0.377,0.0
01/01/2019 22:00,0.018,0.369,0.0
01/01/2019 23:00,0.011,0.328,0.0
02/01/2019 00:00,0.019,0.256,0.0
02/01/2019 01:00,0.038,0.208,0.0
02/01/2019 02:00,0.052,0.167,0.0
02/01/2019 03:00,0.07,0.119,0.001
02/01/2019 04:00,0.115,0.089,0.033
02/01/2019 05:00,0.149,0.084,0.187
02/01/2019 06:00,0.115,0.062,0.392
02/01/2019 07:00,0.065,0.028,0.556
02/01/2019 08:00,0.055,0.005,0.667
02/01/2019 09:00,0.09,0.001,0.732
02/01/2019 10:00,0.184,0.008,0.75
02/01/2019 11:00,0.303,0.064,0.725
02/01/2019 12:00,0.44,0.186,0.656
02/01/2019 13:00,0.568,0.264,0.543
02/01/2019 14:00,0.662,0.305,0.388
02/01/2019 15:00,0.693,0.323,0.195
02/01/2019 16:00,0.659,0.315,0.026
02/01/2019 17:00,0.615,0.312,0.001
02/01/2019 18:00,0.601,0.309,0.0
02/01/2019 19:00,0.597,0.279,0.0
02/01/2019 20:00,0.54,0.22,0.0
02/01/2019 21:00,0.49,0.149,0.0
02/01/2019 22:00,0.412,0.092,0.0
02/01/2019 23:00,0.332,0.055,0.0
03/01/2019 00:00,0.262,0.037,0.0
03/01/2019 01:00,0.201,0.024,0.0
03/01/2019 02:00,0.16,0.015,0.0
03/01/2019 03:00,0.148,0.013,0.0
03/01/2019 04:00,0.145,0.014,0.029
03/01/2019 05:00,0.136,0.011,0.189
03/01/2019 06:00,0.152,0.002,0.393
03/01/2019 07:00,0.184,0.0,0.553
03/01/2019 08:00,0.222,0.0,0.663
03/01/2019 09:00,0.241,0.0,0.726
03/01/2019 10:00,0.237,0.006,0.745
03/01/2019 11:00,0.192,0.008,0.72
03/01/2019 12:00,0.121,0.003,0.653
03/01/2019 13:00,0.077,0.005,0.541
03/01/2019 14:00,0.057,0.051,0.385
03/01/2019 15:00,0.068,0.181,0.194
03/01/2019 16:00,0.131,0.282,0.027
03/01/2019 17:00,0.155,0.294,0.0
03/01/2019 18:00,0.112,0.24,0.0
03/01/2019 19:00,0.062,0.162,0.0
03/01/2019 20:00,0.025,0.101,0.0
03/01/2019 21:00,0.007,0.067,0.0
03/01/2019 22:00,0.001,0.047,0.0
03/01/2019 23:00,0.001,0.027,0.0
04/01/2019 00:00,0.006,0.009,0.0
04/01/2019 01:00,0.03,0.002,0.0
04/01/2019 02:00,0.088,0.001,0.0
04/01/2019 03:00,0.198,0.002,0.0
04/01/2019 04:00,0.313,0.004,0.027
04/01/2019 05:00,0.601,0.002,0.185
04/01/2019 06:00,0.613,0.0,0.383
04/01/2019 07:00,0.604,0.0,0.541
04/01/2019 08:00,0.608,0.0,0.651
04/01/2019 09:00,0.613,0.0,0.711
04/01/2019 10:00,0.62,0.0,0.73
04/01/2019 11:00,0.613,0.0,0.706
04/01/2019 12:00,0.584,0.02,0.641
04/01/2019 13:00,0.532,0.059,0.533
04/01/2019 14:00,0.461,0.092,0.381
04/01/2019 15:00,0.336,0.149,0.194
04/01/2019 16:00,0.202,0.246,0.026
04/01/2019 17:00,0.201,0.201,0.0
04/01/2019 18:00,0.192,0.154,0.0
04/01/2019 19:00,0.107,0.133,0.0
04/01/2019 20:00,0.065,0.136,0.0
04/01/2019 21:00,0.079,0.165,0.0
04/01/2019 22:00,0.144,0.216,0.0
04/01/2019 23:00,0.193,0.261,0.0
05/01/2019 00:00,0.179,0.289,0.0
05/01/2019 01:00,0.112,0.264,0.0
05/01/2019 02:00,0.072,0.255,0.0
05/01/2019 03:00,0.046,0.267,0.0
05/01/2019 04:00,0.037,0.247,0.027
05/01/2019 05:00,0.035,0.23,0.188
05/01/2019 06:00,0.043,0.252,0.395
05/01/2019 07:00,0.086,0.305,0.559
05/01/2019 08:00,0.179,0.344,0.672
05/01/2019 09:00,0.316,0.338,0.736
05/01/2019 10:00,0.388,0.349,0.755
05/01/2019 11:00,0.437,0.416,0.731
05/01/2019 12:00,0.484,0.51,0.664
05/01/2019 13:00,0.492,0.624,0.552
05/01/2019 14:00,0.494,0.703,0.394
05/01/2019 15:00,0.513,0.705,0.199
05/01/2019 16:00,0.583,0.604,0.023
05/01/2019 17:00,0.59,0.425,0.0
05/01/2019 18:00,0.449,0.256,0.0
05/01/2019 19:00,0.311,0.152,0.0
05/01/2019 20:00,0.2,0.096,0.0
05/01/2019 21:00,0.098,0.065,0.0
05/01/2019 22:00,0.041,0.035,0.0
05/01/2019 23:00,0.013,0.012,0.0
06/01/2019 00:00,0.003,0.002,0.0
06/01/2019 01:00,0.003,0.0,0.0
06/01/2019 02:00,0.005,0.0,0.0
06/01/2019 03:00,0.013,0.0,0.0
06/01/2019 04:00,0.021,0.0,0.032
06/01/2019 05:00,0.037,0.001,0.188
06/01/2019 06:00,0.038,0.0,0.395
06/01/2019 07:00,0.039,0.0,0.561
06/01/2019 08:00,0.038,0.0,0.674
06/01/2019 09:00,0.043,0.0,0.737
06/01/2019 10:00,0.069,0.003,0.754
06/01/2019 11:00,0.122,0.011,0.724
06/01/2019 12:00,0.198,0.032,0.653
06/01/2019 13:00,0.291,0.075,0.539
06/01/2019 14:00,0.395,0.17,0.385
06/01/2019 15:00,0.464,0.18,0.197
06/01/2019 16:00,0.471,0.177,0.027
06/01/2019 17:00,0.364,0.146,0.0
06/01/2019 18:00,0.263,0.119,0.0
06/01/2019 19:00,0.193,0.094,0.0
06/01/2019 20:00,0.154,0.059,0.0
06/01/2019 21:00,0.148,0.024,0.0
06/01/2019 22:00,0.146,0.023,0.0
06/01/2019 23:00,0.133,0.048,0.0
07/01/2019 00:00,0.118,0.099,0.0
07/01/2019 01:00,0.105,0.105,0.0
07/01/2019 02:00,0.093,0.124,0.0
07/01/2019 03:00,0.073,0.142,0.0
07/01/2019 04:00,0.026,0.159,0.032
07/01/2019 05:00,0.031,0.146,0.181
07/01/2019 06:00,0.058,0.179,0.374
07/01/2019 07:00,0.093,0.28,0.539
07/01/2019 08:00,0.117,0.389,0.657
07/01/2019 09:00,0.103,0.442,0.721
07/01/2019 10:00,0.076,0.439,0.738
07/01/2019 11:00,0.047,0.462,0.713
07/01/2019 12:00,0.026,0.515,0.646
07/01/2019 13:00,0.003,0.509,0.534
07/01/2019 14:00,0.014,0.491,0.354
07/01/2019 15:00,0.014,0.484,0.177
07/01/2019 16:00,0.07,0.695,0.045
07/01/2019 17:00,0.253,0.849,0.0
07/01/2019 18:00,0.331,0.905,0.0
07/01/2019 19:00,0.354,0.917,0.0
07/01/2019 20:00,0.285,0.906,0.0
07/01/2019 21:00,0.244,0.883,0.0
07/01/2019 22:00,0.286,0.862,0.0
07/01/2019 23:00,0.411,0.765,0.0
08/01/2019 00:00,0.523,0.586,0.0
08/01/2019 01:00,0.491,0.404,0.0
08/01/2019 02:00,0.523,0.255,0.0
08/01/2019 03:00,0.502,0.153,0.0
08/01/2019 04:00,0.506,0.099,0.049
08/01/2019 05:00,0.539,0.078,0.163
08/01/2019 06:00,0.407,0.054,0.329
08/01/2019 07:00,0.258,0.027,0.466
08/01/2019 08:00,0.173,0.021,0.6
08/01/2019 09:00,0.133,0.013,0.703
08/01/2019 10:00,0.136,0.013,0.739
08/01/2019 11:00,0.172,0.046,0.715
08/01/2019 12:00,0.17,0.127,0.648
08/01/2019 13:00,0.162,0.271,0.538
08/01/2019 14:00,0.174,0.435,0.384
08/01/2019 15:00,0.204,0.555,0.198
08/01/2019 16:00,0.209,0.604,0.03
08/01/2019 17:00,0.196,0.655,0.0
08/01/2019 18:00,0.163,0.697,0.0
08/01/2019 19:00,0.127,0.711,0.0
08/01/2019 20:00,0.096,0.701,0.0
08/01/2019 21:00,0.068,0.666,0.0
08/01/2019 22:00,0.059,0.61,0.0
08/01/2019 23:00,0.069,0.556,0.0
09/01/2019 00:00,0.093,0.535,0.0
09/01/2019 01:00,0.114,0.535,0.0
09/01/2019 02:00,0.108,0.549,0.0
09/01/2019 03:00,0.102,0.536,0.0
09/01/2019 04:00,0.093,0.516,0.027
09/01/2019 05:00,0.106,0.513,0.183
09/01/2019 06:00,0.169,0.543,0.387
09/01/2019 07:00,0.284,0.604,0.55
09/01/2019 08:00,0.474,0.651,0.663
09/01/2019 09:00,0.624,0.676,0.727
09/01/2019 10:00,0.706,0.682,0.746
09/01/2019 11:00,0.77,0.686,0.721
09/01/2019 12:00,0.821,0.701,0.652
09/01/2019 13:00,0.851,0.722,0.54
09/01/2019 14:00,0.824,0.722,0.386
09/01/2019 15:00,0.65,0.692,0.199
09/01/2019 16:00,0.368,0.643,0.028
09/01/2019 17:00,0.335,0.583,0.0
09/01/2019 18:00,0.179,0.51,0.0
09/01/2019 19:00,0.087,0.426,0.0
09/01/2019 20:00,0.068,0.349,0.0
09/01/2019 21:00,0.026,0.293,0.0
09/01/2019 22:00,0.008,0.234,0.0
09/01/2019 23:00,0.012,0.169,0.0
10/01/2019 00:00,0.02,0.116,0.0
10/01/2019 01:00,0.017,0.084,0.0
10/01/2019 02:00,0.023,0.074,0.0
10/01/2019 03:00,0.057,0.083,0.0
10/01/2019 04:00,0.094,0.11,0.027
10/01/2019 05:00,0.246,0.146,0.186
10/01/2019 06:00,0.4,0.199,0.397
10/01/2019 07:00,0.519,0.278,0.566
10/01/2019 08:00,0.596,0.343,0.677
10/01/2019 09:00,0.61,0.382,0.748
10/01/2019 10:00,0.626,0.416,0.772
10/01/2019 11:00,0.615,0.488,0.748
10/01/2019 12:00,0.557,0.556,0.679
10/01/2019 13:00,0.468,0.614,0.564
10/01/2019 14:00,0.348,0.695,0.403
10/01/2019 15:00,0.248,0.794,0.206
10/01/2019 16:00,0.208,0.872,0.025
10/01/2019 17:00,0.364,0.911,0.0
10/01/2019 18:00,0.264,0.927,0.0
10/01/2019 19:00,0.16,0.915,0.0
10/01/2019 20:00,0.17,0.878,0.0
10/01/2019 21:00,0.156,0.789,0.0
10/01/2019 22:00,0.122,0.688,0.0
10/01/2019 23:00,0.091,0.586,0.0
11/01/2019 00:00,0.061,0.482,0.0
11/01/2019 01:00,0.04,0.358,0.0
11/01/2019 02:00,0.031,0.241,0.0
11/01/2019 03:00,0.047,0.147,0.0
11/01/2019 04:00,0.074,0.079,0.03
11/01/2019 05:00,0.229,0.038,0.181
11/01/2019 06:00,0.655,0.016,0.389
11/01/2019 07:00,0.867,0.006,0.561
11/01/2019 08:00,0.933,0.002,0.68
11/01/2019 09:00,0.952,0.002,0.747
11/01/2019 10:00,0.959,0.005,0.767
11/01/2019 11:00,0.959,0.023,0.743
11/01/2019 12:00,0.961,0.067,0.674
11/01/2019 13:00,0.964,0.133,0.561
11/01/2019 14:00,0.968,0.211,0.401
11/01/2019 15:00,0.969,0.3,0.206
11/01/2019 16:00,0.95,0.367,0.025
11/01/2019 17:00,0.957,0.398,0.0
11/01/2019 18:00,0.962,0.388,0.0
11/01/2019 19:00,0.938,0.323,0.0
11/01/2019 20:00,0.935,0.241,0.0
11/01/2019 21:00,0.876,0.192,0.0
11/01/2019 22:00,0.832,0.172,0.0
11/01/2019 23:00,0.883,0.167,0.0
12/01/2019 00:00,0.662,0.156,0.0
12/01/2019 01:00,0.388,0.133,0.0
12/01/2019 02:00,0.194,0.105,0.0
12/01/2019 03:00,0.079,0.082,0.0
12/01/2019 04:00,0.073,0.061,0.027
12/01/2019 05:00,0.133,0.042,0.189
12/01/2019 06:00,0.187,0.027,0.411
12/01/2019 07:00,0.212,0.015,0.585
12/01/2019 08:00,0.241,0.011,0.702
12/01/2019 09:00,0.313,0.014,0.766
12/01/2019 10:00,0.413,0.023,0.782
12/01/2019 11:00,0.494,0.027,0.754
12/01/2019 12:00,0.55,0.041,0.683
12/01/2019 13:00,0.586,0.075,0.566
12/01/2019 14:00,0.585,0.119,0.404
12/01/2019 15:00,0.497,0.186,0.207
12/01/2019 16:00,0.289,0.242,0.025
12/01/2019 17:00,0.216,0.251,0.0
12/01/2019 18:00,0.18,0.244,0.0
12/01/2019 19:00,0.144,0.228,0.0
12/01/2019 20:00,0.12,0.194,0.0
12/01/2019 21:00,0.145,0.158,0.0
12/01/2019 22:00,0.212,0.117,0.0
12/01/2019 23:00,0.338,0.086,0.0
13/01/2019 00:00,0.444,0.065,0.0
13/01/2019 01:00,0.494,0.058,0.0
13/01/2019 02:00,0.51,0.072,0.0
13/01/2019 03:00,0.482,0.093,0.0
13/01/2019 04:00,0.329,0.124,0.026
13/01/2019 05:00,0.528,0.161,0.187
13/01/2019 06:00,0.643,0.199,0.404
13/01/2019 07:00,0.628,0.212,0.574
13/01/2019 08:00,0.559,0.199,0.69
13/01/2019 09:00,0.491,0.179,0.754
13/01/2019 10:00,0.432,0.169,0.771
13/01/2019 11:00,0.371,0.16,0.744
13/01/2019 12:00,0.305,0.258,0.674
13/01/2019 13:00,0.237,0.427,0.559
13/01/2019 14:00,0.178,0.601,0.399
13/01/2019 15:00,0.206,0.725,0.205
13/01/2019 16:00,0.334,0.777,0.028
13/01/2019 17:00,0.343,0.783,0.0
13/01/2019 18:00,0.251,0.737,0.0
13/01/2019 19:00,0.231,0.618,0.0
13/01/2019 20:00,0.194,0.476,0.0
13/01/2019 21:00,0.142,0.386,0.0
13/01/2019 22:00,0.106,0.332,0.0
13/01/2019 23:00,0.076,0.302,0.0
14/01/2019 00:00,0.048,0.272,0.0
14/01/2019 01:00,0.031,0.253,0.0
14/01/2019 02:00,0.018,0.245,0.0
14/01/2019 03:00,0.014,0.241,0.0
14/01/2019 04:00,0.014,0.259,0.026
14/01/2019 05:00,0.058,0.241,0.183
14/01/2019 06:00,0.313,0.165,0.39
14/01/2019 07:00,0.556,0.119,0.555
14/01/2019 08:00,0.666,0.076,0.669
14/01/2019 09:00,0.714,0.033,0.733
14/01/2019 10:00,0.738,0.032,0.752
14/01/2019 11:00,0.737,0.035,0.729
14/01/2019 12:00,0.707,0.05,0.662
14/01/2019 13:00,0.633,0.127,0.551
14/01/2019 14:00,0.488,0.262,0.395
14/01/2019 15:00,0.379,0.323,0.204
14/01/2019 16:00,0.42,0.355,0.027
14/01/2019 17:00,0.523,0.371,0.0
14/01/2019 18:00,0.414,0.347,0.0
14/01/2019 19:00,0.358,0.278,0.0
14/01/2019 20:00,0.249,0.208,0.0
14/01/2019 21:00,0.174,0.156,0.0
14/01/2019 22:00,0.13,0.118,0.0
14/01/2019 23:00,0.102,0.098,0.0
15/01/2019 00:00,0.08,0.089,0.0
15/01/2019 01:00,0.063,0.075,0.0
15/01/2019 02:00,0.055,0.058,0.0
15/01/2019 03:00,0.046,0.048,0.0
15/01/2019 04:00,0.049,0.047,0.022
15/01/2019 05:00,0.027,0.052,0.185
15/01/2019 06:00,0.022,0.051,0.399
15/01/2019 07:00,0.003,0.053,0.565
15/01/2019 08:00,0.001,0.068,0.679
15/01/2019 09:00,0.005,0.093,0.744
15/01/2019 10:00,0.053,0.089,0.762
15/01/2019 11:00,0.126,0.082,0.737
15/01/2019 12:00,0.229,0.146,0.67
15/01/2019 13:00,0.435,0.289,0.557
15/01/2019 14:00,0.668,0.434,0.4
15/01/2019 15:00,0.806,0.519,0.206
15/01/2019 16:00,0.844,0.536,0.026
15/01/2019 17:00,0.812,0.533,0.0
15/01/2019 18:00,0.76,0.491,0.0
15/01/2019 19:00,0.72,0.401,0.0
15/01/2019 20:00,0.646,0.325,0.0
15/01/2019 21:00,0.574,0.264,0.0
15/01/2019 22:00,0.51,0.206,0.0
15/01/2019 23:00,0.481,0.159,0.0
16/01/2019 00:00,0.413,0.138,0.0
16/01/2019 01:00,0.352,0.124,0.0
16/01/2019 02:00,0.313,0.128,0.0
16/01/2019 03:00,0.311,0.149,0.0
16/01/2019 04:00,0.331,0.184,0.025
16/01/2019 05:00,0.257,0.219,0.182
16/01/2019 06:00,0.165,0.274,0.394
16/01/2019 07:00,0.077,0.3,0.557
16/01/2019 08:00,0.029,0.3,0.671
16/01/2019 09:00,0.01,0.296,0.737
16/01/2019 10:00,0.009,0.256,0.757
16/01/2019 11:00,0.005,0.164,0.734
16/01/2019 12:00,0.076,0.223,0.668
16/01/2019 13:00,0.123,0.346,0.557
16/01/2019 14:00,0.279,0.413,0.4
16/01/2019 15:00,0.455,0.436,0.206
16/01/2019 16:00,0.471,0.435,0.027
16/01/2019 17:00,0.635,0.41,0.0
16/01/2019 18:00,0.686,0.343,0.0
16/01/2019 19:00,0.676,0.264,0.0
16/01/2019 20:00,0.574,0.213,0.0
16/01/2019 21:00,0.468,0.193,0.0
16/01/2019 22:00,0.302,0.192,0.0
16/01/2019 23:00,0.207,0.201,0.0
17/01/2019 00:00,0.176,0.225,0.0
17/01/2019 01:00,0.195,0.241,0.0
17/01/2019 02:00,0.286,0.248,0.0
17/01/2019 03:00,0.411,0.254,0.0
17/01/2019 04:00,0.514,0.234,0.022
17/01/2019 05:00,0.771,0.219,0.184
17/01/2019 06:00,0.809,0.22,0.398
17/01/2019 07:00,0.821,0.21,0.567
17/01/2019 08:00,0.815,0.221,0.684
17/01/2019 09:00,0.78,0.248,0.749
17/01/2019 10:00,0.739,0.286,0.769
17/01/2019 11:00,0.703,0.325,0.745
17/01/2019 12:00,0.647,0.364,0.679
17/01/2019 13:00,0.547,0.434,0.566
17/01/2019 14:00,0.405,0.544,0.407
17/01/2019 15:00,0.277,0.682,0.21
17/01/2019 16:00,0.227,0.804,0.025
17/01/2019 17:00,0.245,0.865,0.0
17/01/2019 18:00,0.147,0.886,0.0
17/01/2019 19:00,0.108,0.879,0.0
17/01/2019 20:00,0.079,0.856,0.0
17/01/2019 21:00,0.04,0.821,0.0
17/01/2019 22:00,0.022,0.793,0.0
17/01/2019 23:00,0.029,0.776,0.0
18/01/2019 00:00,0.072,0.766,0.0
18/01/2019 01:00,0.168,0.758,0.0
18/01/2019 02:00,0.314,0.754,0.0
18/01/2019 03:00,0.506,0.754,0.0
18/01/2019 04:00,0.466,0.763,0.021
18/01/2019 05:00,0.432,0.768,0.187
18/01/2019 06:00,0.689,0.78,0.408
18/01/2019 07:00,0.851,0.786,0.579
18/01/2019 08:00,0.915,0.762,0.696
18/01/2019 09:00,0.93,0.731,0.763
18/01/2019 10:00,0.926,0.713,0.783
18/01/2019 11:00,0.916,0.737,0.76
18/01/2019 12:00,0.906,0.779,0.692
18/01/2019 13:00,0.89,0.814,0.577
18/01/2019 14:00,0.81,0.845,0.413
18/01/2019 15:00,0.559,0.879,0.212
18/01/2019 16:00,0.381,0.896,0.03
18/01/2019 17:00,0.373,0.887,0.0
18/01/2019 18:00,0.437,0.863,0.0
18/01/2019 19:00,0.312,0.833,0.0
18/01/2019 20:00,0.284,0.819,0.0
18/01/2019 21:00,0.258,0.807,0.0
18/01/2019 22:00,0.239,0.796,0.0
18/01/2019 23:00,0.236,0.771,0.0
19/01/2019 00:00,0.237,0.734,0.0
19/01/2019 01:00,0.247,0.71,0.0
19/01/2019 02:00,0.243,0.725,0.0
19/01/2019 03:00,0.212,0.766,0.0
19/01/2019 04:00,0.205,0.812,0.019
19/01/2019 05:00,0.193,0.835,0.192
19/01/2019 06:00,0.14,0.852,0.425
19/01/2019 07:00,0.112,0.894,0.603
19/01/2019 08:00,0.172,0.924,0.722
19/01/2019 09:00,0.296,0.95,0.788
19/01/2019 10:00,0.36,0.973,0.807
19/01/2019 11:00,0.38,0.986,0.781
19/01/2019 12:00,0.429,0.988,0.71
19/01/2019 13:00,0.506,0.989,0.593
19/01/2019 14:00,0.575,0.991,0.427
19/01/2019 15:00,0.605,0.991,0.22
19/01/2019 16:00,0.634,0.991,0.024
19/01/2019 17:00,0.573,0.991,0.0
19/01/2019 18:00,0.525,0.991,0.0
19/01/2019 19:00,0.488,0.991,0.0
19/01/2019 20:00,0.413,0.991,0.0
19/01/2019 21:00,0.309,0.99,0.0
19/01/2019 22:00,0.218,0.988,0.0
19/01/2019 23:00,0.147,0.983,0.0
20/01/2019 00:00,0.094,0.977,0.0
20/01/2019 01:00,0.052,0.97,0.0
20/01/2019 02:00,0.031,0.964,0.0
20/01/2019 03:00,0.053,0.96,0.0
20/01/2019 04:00,0.055,0.959,0.019
20/01/2019 05:00,0.024,0.954,0.19
20/01/2019 06:00,0.005,0.951,0.417
20/01/2019 07:00,0.954,0.0,0.592
20/01/2019 08:00,0.944,0.003,0.71
20/01/2019 09:00,0.929,0.044,0.776
20/01/2019 10:00,0.911,0.1,0.794
20/01/2019 11:00,0.007,0.902,0.769
20/01/2019 12:00,0.031,0.896,0.698
20/01/2019 13:00,0.048,0.894,0.582
20/01/2019 14:00,0.09,0.902,0.417
20/01/2019 15:00,0.158,0.923,0.215
20/01/2019 16:00,0.293,0.943,0.027
20/01/2019 17:00,0.355,0.952,0.0
20/01/2019 18:00,0.299,0.951,0.0
20/01/2019 19:00,0.22,0.943,0.0
20/01/2019 20:00,0.149,0.932,0.0
20/01/2019 21:00,0.123,0.924,0.0
20/01/2019 22:00,0.152,0.912,0.0
20/01/2019 23:00,0.201,0.892,0.0
21/01/2019 00:00,0.27,0.867,0.0
21/01/2019 01:00,0.374,0.84,0.0
21/01/2019 02:00,0.503,0.812,0.0
21/01/2019 03:00,0.661,0.786,0.0
21/01/2019 04:00,0.578,0.77,0.021
21/01/2019 05:00,0.62,0.752,0.182
21/01/2019 06:00,0.695,0.746,0.397
21/01/2019 07:00,0.672,0.791,0.563
21/01/2019 08:00,0.655,0.8,0.679
21/01/2019 09:00,0.642,0.785,0.745
21/01/2019 10:00,0.618,0.759,0.764
21/01/2019 11:00,0.605,0.778,0.74
21/01/2019 12:00,0.598,0.825,0.673
21/01/2019 13:00,0.586,0.867,0.561
21/01/2019 14:00,0.554,0.903,0.403
21/01/2019 15:00,0.5,0.931,0.209
21/01/2019 16:00,0.356,0.947,0.028
21/01/2019 17:00,0.297,0.953,0.0
21/01/2019 18:00,0.278,0.951,0.0
21/01/2019 19:00,0.207,0.944,0.0
21/01/2019 20:00,0.145,0.934,0.0
21/01/2019 21:00,0.102,0.917,0.0
21/01/2019 22:00,0.069,0.887,0.0
21/01/2019 23:00,0.046,0.82,0.0
22/01/2019 00:00,0.045,0.743,0.0
22/01/2019 01:00,0.074,0.679,0.0
22/01/2019 02:00,0.156,0.631,0.0
22/01/2019 03:00,0.295,0.603,0.0
22/01/2019 04:00,0.302,0.586,0.022
22/01/2019 05:00,0.298,0.605,0.184
22/01/2019 06:00,0.431,0.658,0.4
22/01/2019 07:00,0.494,0.711,0.563
22/01/2019 08:00,0.478,0.75,0.677
22/01/2019 09:00,0.414,0.786,0.741
22/01/2019 10:00,0.311,0.806,0.76
22/01/2019 11:00,0.2,0.819,0.736
22/01/2019 12:00,0.118,0.829,0.67
22/01/2019 13:00,0.114,0.836,0.558
22/01/2019 14:00,0.212,0.842,0.4
22/01/2019 15:00,0.32,0.845,0.207
22/01/2019 16:00,0.456,0.847,0.03
22/01/2019 17:00,0.483,0.824,0.0
22/01/2019 18:00,0.432,0.782,0.0
22/01/2019 19:00,0.289,0.72,0.0
22/01/2019 20:00,0.192,0.644,0.0
22/01/2019 21:00,0.118,0.574,0.0
22/01/2019 22:00,0.06,0.506,0.0
22/01/2019 23:00,0.021,0.466,0.0
23/01/2019 00:00,0.012,0.459,0.0
23/01/2019 01:00,0.016,0.449,0.0
23/01/2019 02:00,0.033,0.459,0.0
23/01/2019 03:00,0.071,0.476,0.0
23/01/2019 04:00,0.064,0.491,0.025
23/01/2019 05:00,0.08,0.491,0.179
23/01/2019 06:00,0.149,0.476,0.391
23/01/2019 07:00,0.334,0.504,0.556
23/01/2019 08:00,0.471,0.518,0.67
23/01/2019 09:00,0.539,0.523,0.736
23/01/2019 10:00,0.559,0.532,0.757
23/01/2019 11:00,0.532,0.576,0.734
23/01/2019 12:00,0.469,0.63,0.67
23/01/2019 13:00,0.528,0.672,0.56
23/01/2019 14:00,0.713,0.706,0.404
23/01/2019 15:00,0.744,0.746,0.211
23/01/2019 16:00,0.713,0.788,0.03
23/01/2019 17:00,0.656,0.797,0.0
23/01/2019 18:00,0.615,0.791,0.0
23/01/2019 19:00,0.574,0.77,0.0
23/01/2019 20:00,0.523,0.749,0.0
23/01/2019 21:00,0.455,0.72,0.0
23/01/2019 22:00,0.369,0.674,0.0
23/01/2019 23:00,0.292,0.654,0.0
24/01/2019 00:00,0.243,0.638,0.0
24/01/2019 01:00,0.193,0.597,0.0
24/01/2019 02:00,0.142,0.514,0.0
24/01/2019 03:00,0.119,0.41,0.0
24/01/2019 04:00,0.105,0.294,0.025
24/01/2019 05:00,0.068,0.218,0.182
24/01/2019 06:00,0.031,0.15,0.402
24/01/2019 07:00,0.005,0.101,0.574
24/01/2019 08:00,0.057,0.0,0.689
24/01/2019 09:00,0.045,0.027,0.753
24/01/2019 10:00,0.038,0.211,0.771
24/01/2019 11:00,0.003,0.035,0.746
24/01/2019 12:00,0.101,0.041,0.679
24/01/2019 13:00,0.235,0.069,0.565
24/01/2019 14:00,0.403,0.168,0.406
24/01/2019 15:00,0.558,0.22,0.211
24/01/2019 16:00,0.687,0.203,0.031
24/01/2019 17:00,0.661,0.159,0.0
24/01/2019 18:00,0.618,0.111,0.0
24/01/2019 19:00,0.559,0.062,0.0
24/01/2019 20:00,0.491,0.025,0.0
24/01/2019 21:00,0.391,0.009,0.0
24/01/2019 22:00,0.281,0.003,0.0
24/01/2019 23:00,0.188,0.003,0.0
25/01/2019 00:00,0.117,0.013,0.0
25/01/2019 01:00,0.073,0.054,0.0
25/01/2019 02:00,0.044,0.1,0.0
25/01/2019 03:00,0.029,0.115,0.0
25/01/2019 04:00,0.011,0.105,0.022
25/01/2019 05:00,0.003,0.064,0.184
25/01/2019 06:00,0.027,0.006,0.407
25/01/2019 07:00,0.012,0.045,0.576
25/01/2019 08:00,0.012,0.008,0.691
25/01/2019 09:00,0.041,0.014,0.756
25/01/2019 10:00,0.077,0.033,0.774
25/01/2019 11:00,0.188,0.061,0.749
25/01/2019 12:00,0.317,0.106,0.681
25/01/2019 13:00,0.476,0.169,0.567
25/01/2019 14:00,0.561,0.243,0.408
25/01/2019 15:00,0.623,0.312,0.211
25/01/2019 16:00,0.717,0.343,0.031
25/01/2019 17:00,0.694,0.283,0.0
25/01/2019 18:00,0.656,0.151,0.0
25/01/2019 19:00,0.633,0.075,0.0
25/01/2019 20:00,0.591,0.068,0.0
25/01/2019 21:00,0.55,0.123,0.0
25/01/2019 22:00,0.553,0.251,0.0
25/01/2019 23:00,0.526,0.444,0.0
26/01/2019 00:00,0.497,0.615,0.0
26/01/2019 01:00,0.478,0.729,0.0
26/01/2019 02:00,0.459,0.826,0.0
26/01/2019 03:00,0.41,0.867,0.0
26/01/2019 04:00,0.471,0.884,0.023
26/01/2019 05:00,0.484,0.902,0.183
26/01/2019 06:00,0.44,0.935,0.406
26/01/2019 07:00,0.364,0.966,0.579
26/01/2019 08:00,0.291,0.973,0.698
26/01/2019 09:00,0.262,0.973,0.765
26/01/2019 10:00,0.272,0.968,0.785
26/01/2019 11:00,0.329,0.962,0.76
26/01/2019 12:00,0.429,0.959,0.691
26/01/2019 13:00,0.538,0.956,0.576
26/01/2019 14:00,0.711,0.948,0.414
26/01/2019 15:00,0.817,0.93,0.215
26/01/2019 16:00,0.85,0.895,0.031
26/01/2019 17:00,0.786,0.835,0.0
26/01/2019 18:00,0.682,0.733,0.0
26/01/2019 19:00,0.586,0.578,0.0
26/01/2019 20:00,0.482,0.43,0.0
26/01/2019 21:00,0.358,0.334,0.0
26/01/2019 22:00,0.247,0.269,0.0
26/01/2019 23:00,0.167,0.236,0.0
27/01/2019 00:00,0.105,0.217,0.0
27/01/2019 01:00,0.07,0.2,0.0
27/01/2019 02:00,0.056,0.152,0.0
27/01/2019 03:00,0.069,0.139,0.0
27/01/2019 04:00,0.068,0.141,0.023
27/01/2019 05:00,0.177,0.113,0.182
27/01/2019 06:00,0.202,0.077,0.401
27/01/2019 07:00,0.16,0.053,0.571
27/01/2019 08:00,0.109,0.026,0.688
27/01/2019 09:00,0.056,0.006,0.754
27/01/2019 10:00,0.019,0.001,0.774
27/01/2019 11:00,0.004,0.0,0.749
27/01/2019 12:00,0.001,0.004,0.681
27/01/2019 13:00,0.037,0.014,0.567
27/01/2019 14:00,0.13,0.054,0.407
27/01/2019 15:00,0.306,0.08,0.211
27/01/2019 16:00,0.522,0.083,0.031
27/01/2019 17:00,0.602,0.052,0.0
27/01/2019 18:00,0.536,0.037,0.0
27/01/2019 19:00,0.411,0.052,0.0
27/01/2019 20:00,0.299,0.041,0.0
27/01/2019 21:00,0.225,0.02,0.0
27/01/2019 22:00,0.167,0.011,0.0
27/01/2019 23:00,0.12,0.008,0.0
28/01/2019 00:00,0.091,0.015,0.0
28/01/2019 01:00,0.074,0.054,0.0
28/01/2019 02:00,0.073,0.121,0.0
28/01/2019 03:00,0.09,0.18,0.0
28/01/2019 04:00,0.075,0.228,0.024
28/01/2019 05:00,0.122,0.275,0.181
28/01/2019 06:00,0.198,0.294,0.396
28/01/2019 07:00,0.191,0.291,0.56
28/01/2019 08:00,0.148,0.311,0.672
28/01/2019 09:00,0.089,0.337,0.736
28/01/2019 10:00,0.045,0.352,0.753
28/01/2019 11:00,0.024,0.38,0.728
28/01/2019 12:00,0.004,0.429,0.66
28/01/2019 13:00,0.038,0.495,0.547
28/01/2019 14:00,0.08,0.56,0.39
28/01/2019 15:00,0.084,0.616,0.201
28/01/2019 16:00,0.133,0.644,0.035
28/01/2019 17:00,0.271,0.649,0.0
28/01/2019 18:00,0.287,0.603,0.0
28/01/2019 19:00,0.265,0.464,0.0
28/01/2019 20:00,0.241,0.344,0.0
28/01/2019 21:00,0.213,0.302,0.0
28/01/2019 22:00,0.225,0.305,0.0
28/01/2019 23:00,0.289,0.32,0.0
29/01/2019 00:00,0.374,0.316,0.0
29/01/2019 01:00,0.513,0.272,0.0
29/01/2019 02:00,0.676,0.248,0.0
29/01/2019 03:00,0.685,0.228,0.0
29/01/2019 04:00,0.735,0.231,0.036
29/01/2019 05:00,0.943,0.237,0.169
29/01/2019 06:00,0.956,0.233,0.367
29/01/2019 07:00,0.941,0.231,0.541
29/01/2019 08:00,0.914,0.206,0.656
29/01/2019 09:00,0.872,0.217,0.72
29/01/2019 10:00,0.809,0.284,0.739
29/01/2019 11:00,0.722,0.368,0.714
29/01/2019 12:00,0.612,0.42,0.638
29/01/2019 13:00,0.501,0.436,0.499
29/01/2019 14:00,0.441,0.4,0.338
29/01/2019 15:00,0.282,0.312,0.183
29/01/2019 16:00,0.088,0.242,0.042
29/01/2019 17:00,0.101,0.2,0.0
29/01/2019 18:00,0.162,0.18,0.0
29/01/2019 19:00,0.101,0.17,0.0
29/01/2019 20:00,0.006,0.154,0.0
29/01/2019 21:00,0.013,0.113,0.0
29/01/2019 22:00,0.084,0.078,0.0
29/01/2019 23:00,0.264,0.084,0.0
30/01/2019 00:00,0.396,0.112,0.0
30/01/2019 01:00,0.44,0.147,0.0
30/01/2019 02:00,0.454,0.203,0.0
30/01/2019 03:00,0.464,0.284,0.0
30/01/2019 04:00,0.362,0.377,0.031
30/01/2019 05:00,0.517,0.41,0.176
30/01/2019 06:00,0.472,0.388,0.382
30/01/2019 07:00,0.337,0.444,0.545
30/01/2019 08:00,0.262,0.441,0.654
30/01/2019 09:00,0.237,0.388,0.716
30/01/2019 10:00,0.225,0.343,0.729
30/01/2019 11:00,0.21,0.384,0.685
30/01/2019 12:00,0.191,0.481,0.614
30/01/2019 13:00,0.161,0.507,0.518
30/01/2019 14:00,0.173,0.585,0.387
30/01/2019 15:00,0.222,0.725,0.199
30/01/2019 16:00,0.268,0.803,0.039
30/01/2019 17:00,0.27,0.822,0.0
30/01/2019 18:00,0.187,0.815,0.0
30/01/2019 19:00,0.12,0.773,0.0
30/01/2019 20:00,0.07,0.704,0.0
30/01/2019 21:00,0.036,0.61,0.0
30/01/2019 22:00,0.018,0.476,0.0
30/01/2019 23:00,0.01,0.33,0.0
31/01/2019 00:00,0.004,0.192,0.0
31/01/2019 01:00,0.002,0.136,0.0
31/01/2019 02:00,0.002,0.093,0.0
31/01/2019 03:00,0.002,0.054,0.0
31/01/2019 04:00,0.001,0.029,0.029
31/01/2019 05:00,0.01,0.015,0.181
31/01/2019 06:00,0.087,0.003,0.392
31/01/2019 07:00,0.22,0.0,0.543
31/01/2019 08:00,0.328,0.01,0.629
31/01/2019 09:00,0.338,0.108,0.625
31/01/2019 10:00,0.285,0.273,0.636
31/01/2019 11:00,0.252,0.43,0.632
31/01/2019 12:00,0.308,0.522,0.594
31/01/2019 13:00,0.462,0.545,0.504
31/01/2019 14:00,0.61,0.547,0.387
31/01/2019 15:00,0.653,0.536,0.196
31/01/2019 16:00,0.689,0.506,0.04
31/01/2019 17:00,0.672,0.448,0.0
31/01/2019 18:00,0.695,0.358,0.0
31/01/2019 19:00,0.64,0.233,0.0
31/01/2019 20:00,0.432,0.128,0.0
31/01/2019 21:00,0.294,0.059,0.0
31/01/2019 22:00,0.219,0.016,0.0
31/01/2019 23:00,0.176,0.001,0.0
01/02/2019 00:00,0.157,0.0,0.0
01/02/2019 01:00,0.137,0.0,0.0
01/02/2019 02:00,0.141,0.0,0.0
01/02/2019 03:00,0.157,0.0,0.0
01/02/2019 04:00,0.212,0.001,0.034
01/02/2019 05:00,0.196,0.002,0.178
01/02/2019 06:00,0.126,0.003,0.374
01/02/2019 07:00,0.061,0.007,0.526
01/02/2019 08:00,0.025,0.021,0.627
01/02/2019 09:00,0.001,0.045,0.669
01/02/2019 10:00,0.001,0.064,0.505
01/02/2019 11:00,0.001,0.07,0.425
01/02/2019 12:00,0.031,0.089,0.389
01/02/2019 13:00,0.101,0.176,0.347
01/02/2019 14:00,0.134,0.308,0.287
01/02/2019 15:00,0.208,0.449,0.175
01/02/2019 16:00,0.291,0.562,0.045
01/02/2019 17:00,0.186,0.629,0.0
01/02/2019 18:00,0.241,0.666,0.0
01/02/2019 19:00,0.283,0.606,0.0
01/02/2019 20:00,0.243,0.498,0.0
01/02/2019 21:00,0.179,0.302,0.0
01/02/2019 22:00,0.142,0.343,0.0
01/02/2019 23:00,0.149,0.638,0.0
02/02/2019 00:00,0.142,0.427,0.0
02/02/2019 01:00,0.109,0.094,0.0
02/02/2019 02:00,0.078,0.061,0.0
02/02/2019 03:00,0.08,0.083,0.0
02/02/2019 04:00,0.081,0.133,0.034
02/02/2019 05:00,0.166,0.212,0.173
02/02/2019 06:00,0.251,0.336,0.383
02/02/2019 07:00,0.286,0.481,0.55
02/02/2019 08:00,0.305,0.613,0.663
02/02/2019 09:00,0.361,0.781,0.722
02/02/2019 10:00,0.428,0.763,0.741
02/02/2019 11:00,0.431,0.559,0.727
02/02/2019 12:00,0.38,0.357,0.659
02/02/2019 13:00,0.307,0.223,0.542
02/02/2019 14:00,0.251,0.193,0.384
02/02/2019 15:00,0.241,0.132,0.197
02/02/2019 16:00,0.267,0.101,0.039
02/02/2019 17:00,0.335,0.159,0.0
02/02/2019 18:00,0.368,0.187,0.0
02/02/2019 19:00,0.386,0.133,0.0
02/02/2019 20:00,0.44,0.074,0.0
02/02/2019 21:00,0.463,0.036,0.0
02/02/2019 22:00,0.41,0.014,0.0
02/02/2019 23:00,0.444,0.01,0.0
03/02/2019 00:00,0.532,0.027,0.0
03/02/2019 01:00,0.535,0.028,0.0
03/02/2019 02:00,0.501,0.016,0.0
03/02/2019 03:00,0.529,0.006,0.0
03/02/2019 04:00,0.502,0.003,0.02
03/02/2019 05:00,0.737,0.006,0.183
03/02/2019 06:00,0.894,0.014,0.408
03/02/2019 07:00,0.928,0.014,0.586
03/02/2019 08:00,0.935,0.012,0.708
03/02/2019 09:00,0.923,0.011,0.777
03/02/2019 10:00,0.894,0.014,0.799
03/02/2019 11:00,0.848,0.024,0.775
03/02/2019 12:00,0.777,0.048,0.704
03/02/2019 13:00,0.676,0.1,0.584
03/02/2019 14:00,0.533,0.16,0.417
03/02/2019 15:00,0.287,0.199,0.202
03/02/2019 16:00,0.181,0.194,0.038
03/02/2019 17:00,0.181,0.18,0.0
03/02/2019 18:00,0.132,0.18,0.0
03/02/2019 19:00,0.066,0.172,0.0
03/02/2019 20:00,0.044,0.136,0.0
03/02/2019 21:00,0.034,0.09,0.0
03/02/2019 22:00,0.015,0.053,0.0
03/02/2019 23:00,0.004,0.023,0.0
04/02/2019 00:00,0.002,0.005,0.0
04/02/2019 01:00,0.007,0.001,0.0
04/02/2019 02:00,0.02,0.0,0.0
04/02/2019 03:00,0.039,0.0,0.0
04/02/2019 04:00,0.074,0.0,0.02
04/02/2019 05:00,0.131,0.003,0.181
04/02/2019 06:00,0.133,0.01,0.405
04/02/2019 07:00,0.128,0.018,0.581
04/02/2019 08:00,0.133,0.023,0.703
04/02/2019 09:00,0.155,0.018,0.771
04/02/2019 10:00,0.201,0.007,0.791
04/02/2019 11:00,0.229,0.001,0.765
04/02/2019 12:00,0.255,0.011,0.695
04/02/2019 13:00,0.328,0.07,0.578
04/02/2019 14:00,0.38,0.156,0.414
04/02/2019 15:00,0.401,0.225,0.214
04/02/2019 16:00,0.374,0.264,0.034
04/02/2019 17:00,0.271,0.275,0.0
04/02/2019 18:00,0.192,0.251,0.0
04/02/2019 19:00,0.148,0.155,0.0
04/02/2019 20:00,0.096,0.064,0.0
04/02/2019 21:00,0.054,0.017,0.0
04/02/2019 22:00,0.026,0.001,0.0
04/02/2019 23:00,0.008,0.0,0.0
05/02/2019 00:00,0.005,0.019,0.0
05/02/2019 01:00,0.011,0.058,0.0
05/02/2019 02:00,0.019,0.036,0.0
05/02/2019 03:00,0.019,0.016,0.0
05/02/2019 04:00,0.005,0.014,0.018
05/02/2019 05:00,0.012,0.102,0.181
05/02/2019 06:00,0.002,0.025,0.402
05/02/2019 07:00,0.091,0.034,0.575
05/02/2019 08:00,0.166,0.027,0.694
05/02/2019 09:00,0.235,0.038,0.762
05/02/2019 10:00,0.364,0.09,0.781
05/02/2019 11:00,0.554,0.172,0.757
05/02/2019 12:00,0.001,0.708,0.688
05/02/2019 13:00,0.025,0.809,0.573
05/02/2019 14:00,0.057,0.862,0.411
05/02/2019 15:00,0.118,0.845,0.212
05/02/2019 16:00,0.235,0.812,0.033
05/02/2019 17:00,0.289,0.773,0.0
05/02/2019 18:00,0.221,0.733,0.0
05/02/2019 19:00,0.165,0.722,0.0
05/02/2019 20:00,0.117,0.686,0.0
05/02/2019 21:00,0.071,0.594,0.0
05/02/2019 22:00,0.034,0.522,0.0
05/02/2019 23:00,0.012,0.509,0.0
06/02/2019 00:00,0.003,0.49,0.0
06/02/2019 01:00,0.001,0.438,0.0
06/02/2019 02:00,0.384,0.404,0.0
06/02/2019 03:00,0.322,0.279,0.0
06/02/2019 04:00,0.3,0.179,0.018
06/02/2019 05:00,0.3,0.124,0.18
06/02/2019 06:00,0.314,0.104,0.395
06/02/2019 07:00,0.008,0.328,0.562
06/02/2019 08:00,0.031,0.325,0.677
06/02/2019 09:00,0.063,0.355,0.742
06/02/2019 10:00,0.095,0.386,0.762
06/02/2019 11:00,0.124,0.376,0.738
06/02/2019 12:00,0.155,0.397,0.67
06/02/2019 13:00,0.192,0.46,0.556
06/02/2019 14:00,0.266,0.556,0.397
06/02/2019 15:00,0.398,0.657,0.205
06/02/2019 16:00,0.51,0.72,0.034
06/02/2019 17:00,0.481,0.721,0.0
06/02/2019 18:00,0.395,0.684,0.0
06/02/2019 19:00,0.295,0.634,0.0
06/02/2019 20:00,0.201,0.574,0.0
06/02/2019 21:00,0.155,0.538,0.0
06/02/2019 22:00,0.126,0.506,0.0
06/02/2019 23:00,0.103,0.476,0.0
07/02/2019 00:00,0.092,0.447,0.0
07/02/2019 01:00,0.093,0.466,0.0
07/02/2019 02:00,0.103,0.494,0.0
07/02/2019 03:00,0.111,0.513,0.0
07/02/2019 04:00,0.099,0.546,0.02
07/02/2019 05:00,0.054,0.535,0.177
07/02/2019 06:00,0.015,0.512,0.388
07/02/2019 07:00,0.002,0.552,0.556
07/02/2019 08:00,0.008,0.543,0.671
07/02/2019 09:00,0.021,0.494,0.736
07/02/2019 10:00,0.024,0.43,0.755
07/02/2019 11:00,0.014,0.438,0.73
07/02/2019 12:00,0.006,0.484,0.663
07/02/2019 13:00,0.007,0.501,0.549
07/02/2019 14:00,0.031,0.535,0.387
07/02/2019 15:00,0.036,0.572,0.196
07/02/2019 16:00,0.044,0.622,0.035
07/02/2019 17:00,0.045,0.642,0.0
07/02/2019 18:00,0.052,0.635,0.0
07/02/2019 19:00,0.105,0.599,0.0
07/02/2019 20:00,0.23,0.556,0.0
07/02/2019 21:00,0.392,0.478,0.0
07/02/2019 22:00,0.524,0.413,0.0
07/02/2019 23:00,0.648,0.358,0.0
08/02/2019 00:00,0.755,0.31,0.0
08/02/2019 01:00,0.816,0.256,0.0
08/02/2019 02:00,0.849,0.22,0.0
08/02/2019 03:00,0.863,0.181,0.0
08/02/2019 04:00,0.811,0.152,0.02
08/02/2019 05:00,0.875,0.131,0.11
08/02/2019 06:00,0.93,0.112,0.234
08/02/2019 07:00,0.902,0.1,0.396
08/02/2019 08:00,0.835,0.08,0.495
08/02/2019 09:00,0.737,0.05,0.525
08/02/2019 10:00,0.584,0.035,0.485
08/02/2019 11:00,0.436,0.026,0.406
08/02/2019 12:00,0.325,0.029,0.317
08/02/2019 13:00,0.251,0.045,0.218
08/02/2019 14:00,0.191,0.076,0.114
08/02/2019 15:00,0.127,0.182,0.05
08/02/2019 16:00,0.073,0.343,0.01
08/02/2019 17:00,0.05,0.457,0.0
08/02/2019 18:00,0.038,0.508,0.0
08/02/2019 19:00,0.022,0.438,0.0
08/02/2019 20:00,0.022,0.252,0.0
08/02/2019 21:00,0.026,0.124,0.0
08/02/2019 22:00,0.014,0.093,0.0
08/02/2019 23:00,0.002,0.111,0.0
09/02/2019 00:00,0.001,0.105,0.0
09/02/2019 01:00,0.001,0.073,0.0
09/02/2019 02:00,0.043,0.8,0.0
09/02/2019 03:00,0.028,0.751,0.0
09/02/2019 04:00,0.026,0.662,0.029
09/02/2019 05:00,0.001,0.026,0.127
09/02/2019 06:00,0.006,0.03,0.265
09/02/2019 07:00,0.013,0.045,0.407
09/02/2019 08:00,0.024,0.06,0.522
09/02/2019 09:00,0.039,0.087,0.594
09/02/2019 10:00,0.047,0.129,0.602
09/02/2019 11:00,0.069,0.162,0.564
09/02/2019 12:00,0.116,0.192,0.449
09/02/2019 13:00,0.109,0.238,0.292
09/02/2019 14:00,0.047,0.28,0.188
09/02/2019 15:00,0.008,0.314,0.088
09/02/2019 16:00,0.002,0.323,0.015
09/02/2019 17:00,0.006,0.3,0.0
09/02/2019 18:00,0.043,0.255,0.0
09/02/2019 19:00,0.152,0.196,0.0
09/02/2019 20:00,0.214,0.134,0.0
09/02/2019 21:00,0.212,0.08,0.0
09/02/2019 22:00,0.208,0.046,0.0
09/02/2019 23:00,0.223,0.034,0.0
10/02/2019 00:00,0.251,0.035,0.0
10/02/2019 01:00,0.305,0.035,0.0
10/02/2019 02:00,0.388,0.033,0.0
10/02/2019 03:00,0.454,0.028,0.0
10/02/2019 04:00,0.491,0.021,0.024
10/02/2019 05:00,0.578,0.014,0.178
10/02/2019 06:00,0.762,0.008,0.387
10/02/2019 07:00,0.796,0.004,0.552
10/02/2019 08:00,0.773,0.006,0.66
10/02/2019 09:00,0.734,0.013,0.711
10/02/2019 10:00,0.682,0.028,0.704
10/02/2019 11:00,0.578,0.055,0.693
10/02/2019 12:00,0.457,0.099,0.623
10/02/2019 13:00,0.316,0.169,0.515
10/02/2019 14:00,0.155,0.259,0.372
10/02/2019 15:00,0.032,0.362,0.174
10/02/2019 16:00,0.001,0.432,0.036
10/02/2019 17:00,0.468,0.3,0.0
10/02/2019 18:00,0.001,0.475,0.0
10/02/2019 19:00,0.002,0.45,0.0
10/02/2019 20:00,0.003,0.422,0.0
10/02/2019 21:00,0.003,0.381,0.0
10/02/2019 22:00,0.004,0.355,0.0
10/02/2019 23:00,0.005,0.347,0.0
11/02/2019 00:00,0.008,0.328,0.0
11/02/2019 01:00,0.014,0.305,0.0
11/02/2019 02:00,0.023,0.281,0.0
11/02/2019 03:00,0.032,0.276,0.0
11/02/2019 04:00,0.03,0.255,0.024
11/02/2019 05:00,0.037,0.231,0.174
11/02/2019 06:00,0.036,0.202,0.377
11/02/2019 07:00,0.03,0.165,0.547
11/02/2019 08:00,0.024,0.133,0.656
11/02/2019 09:00,0.019,0.126,0.72
11/02/2019 10:00,0.006,0.118,0.71
11/02/2019 11:00,0.004,0.124,0.66
11/02/2019 12:00,0.007,0.196,0.518
11/02/2019 13:00,0.024,0.336,0.432
11/02/2019 14:00,0.029,0.504,0.306
11/02/2019 15:00,0.043,0.648,0.167
11/02/2019 16:00,0.088,0.73,0.033
11/02/2019 17:00,0.144,0.772,0.0
11/02/2019 18:00,0.169,0.772,0.0
11/02/2019 19:00,0.192,0.728,0.0
11/02/2019 20:00,0.142,0.684,0.0
11/02/2019 21:00,0.106,0.653,0.0
11/02/2019 22:00,0.088,0.603,0.0
11/02/2019 23:00,0.067,0.523,0.0
12/02/2019 00:00,0.056,0.442,0.0
12/02/2019 01:00,0.074,0.375,0.0
12/02/2019 02:00,0.142,0.311,0.0
12/02/2019 03:00,0.231,0.264,0.0
12/02/2019 04:00,0.218,0.234,0.018
12/02/2019 05:00,0.289,0.203,0.182
12/02/2019 06:00,0.329,0.17,0.4
12/02/2019 07:00,0.285,0.125,0.573
12/02/2019 08:00,0.272,0.107,0.692
12/02/2019 09:00,0.285,0.089,0.761
12/02/2019 10:00,0.295,0.076,0.783
12/02/2019 11:00,0.285,0.118,0.76
12/02/2019 12:00,0.245,0.192,0.693
12/02/2019 13:00,0.183,0.33,0.578
12/02/2019 14:00,0.117,0.438,0.414
12/02/2019 15:00,0.089,0.501,0.213
12/02/2019 16:00,0.103,0.523,0.031
12/02/2019 17:00,0.113,0.498,0.0
12/02/2019 18:00,0.103,0.442,0.0
12/02/2019 19:00,0.085,0.348,0.0
12/02/2019 20:00,0.065,0.261,0.0
12/02/2019 21:00,0.048,0.187,0.0
12/02/2019 22:00,0.028,0.12,0.0
12/02/2019 23:00,0.015,0.054,0.0
13/02/2019 00:00,0.008,0.021,0.0
13/02/2019 01:00,0.005,0.006,0.0
13/02/2019 02:00,0.006,0.001,0.0
13/02/2019 03:00,0.012,0.0,0.0
13/02/2019 04:00,0.017,0.0,0.016
13/02/2019 05:00,0.014,0.0,0.185
13/02/2019 06:00,0.005,0.0,0.407
13/02/2019 07:00,0.01,0.021,0.577
13/02/2019 08:00,0.084,0.164,0.695
13/02/2019 09:00,0.176,0.278,0.763
13/02/2019 10:00,0.209,0.339,0.784
13/02/2019 11:00,0.009,0.235,0.76
13/02/2019 12:00,0.038,0.254,0.69
13/02/2019 13:00,0.093,0.259,0.574
13/02/2019 14:00,0.184,0.312,0.41
13/02/2019 15:00,0.338,0.402,0.209
13/02/2019 16:00,0.435,0.442,0.031
13/02/2019 17:00,0.374,0.401,0.0
13/02/2019 18:00,0.305,0.316,0.0
13/02/2019 19:00,0.294,0.203,0.0
13/02/2019 20:00,0.289,0.108,0.0
13/02/2019 21:00,0.259,0.062,0.0
13/02/2019 22:00,0.221,0.037,0.0
13/02/2019 23:00,0.193,0.021,0.0
14/02/2019 00:00,0.176,0.008,0.0
14/02/2019 01:00,0.159,0.001,0.0
14/02/2019 02:00,0.144,0.001,0.0
14/02/2019 03:00,0.139,0.002,0.0
14/02/2019 04:00,0.116,0.002,0.018
14/02/2019 05:00,0.116,0.002,0.18
14/02/2019 06:00,0.067,0.002,0.395
14/02/2019 07:00,0.021,0.001,0.565
14/02/2019 08:00,0.008,0.0,0.684
14/02/2019 09:00,0.002,0.001,0.751
14/02/2019 10:00,0.004,0.007,0.771
14/02/2019 11:00,0.03,0.028,0.742
14/02/2019 12:00,0.08,0.066,0.671
14/02/2019 13:00,0.104,0.139,0.55
14/02/2019 14:00,0.151,0.28,0.377
14/02/2019 15:00,0.235,0.391,0.182
14/02/2019 16:00,0.312,0.41,0.028
14/02/2019 17:00,0.257,0.358,0.0
14/02/2019 18:00,0.159,0.272,0.0
14/02/2019 19:00,0.09,0.187,0.0
14/02/2019 20:00,0.06,0.126,0.0
14/02/2019 21:00,0.05,0.094,0.0
14/02/2019 22:00,0.071,0.071,0.0
14/02/2019 23:00,0.133,0.053,0.0
15/02/2019 00:00,0.245,0.039,0.0
15/02/2019 01:00,0.367,0.027,0.0
15/02/2019 02:00,0.441,0.015,0.0
15/02/2019 03:00,0.484,0.009,0.0
15/02/2019 04:00,0.51,0.008,0.025
15/02/2019 05:00,0.676,0.008,0.168
15/02/2019 06:00,0.71,0.008,0.354
15/02/2019 07:00,0.595,0.01,0.497
15/02/2019 08:00,0.463,0.006,0.593
15/02/2019 09:00,0.343,0.005,0.648
15/02/2019 10:00,0.261,0.007,0.647
15/02/2019 11:00,0.202,0.013,0.608
15/02/2019 12:00,0.16,0.034,0.528
15/02/2019 13:00,0.141,0.076,0.424
15/02/2019 14:00,0.123,0.127,0.267
15/02/2019 15:00,0.095,0.257,0.163
15/02/2019 16:00,0.084,0.386,0.032
15/02/2019 17:00,0.062,0.407,0.0
15/02/2019 18:00,0.045,0.379,0.0
15/02/2019 19:00,0.041,0.278,0.0
15/02/2019 20:00,0.032,0.179,0.0
15/02/2019 21:00,0.018,0.105,0.0
15/02/2019 22:00,0.02,0.054,0.0
15/02/2019 23:00,0.028,0.025,0.0
16/02/2019 00:00,0.038,0.014,0.0
16/02/2019 01:00,0.043,0.021,0.0
16/02/2019 02:00,0.039,0.033,0.0
16/02/2019 03:00,0.042,0.054,0.0
16/02/2019 04:00,0.031,0.086,0.021
16/02/2019 05:00,0.015,0.165,0.172
16/02/2019 06:00,0.022,0.285,0.388
16/02/2019 07:00,0.038,0.287,0.565
16/02/2019 08:00,0.073,0.278,0.684
16/02/2019 09:00,0.124,0.407,0.752
16/02/2019 10:00,0.169,0.407,0.773
16/02/2019 11:00,0.202,0.349,0.749
16/02/2019 12:00,0.225,0.396,0.68
16/02/2019 13:00,0.253,0.481,0.554
16/02/2019 14:00,0.294,0.523,0.388
16/02/2019 15:00,0.348,0.483,0.192
16/02/2019 16:00,0.342,0.421,0.03
16/02/2019 17:00,0.322,0.297,0.0
16/02/2019 18:00,0.241,0.254,0.0
16/02/2019 19:00,0.167,0.296,0.0
16/02/2019 20:00,0.14,0.367,0.0
16/02/2019 21:00,0.098,0.454,0.0
16/02/2019 22:00,0.049,0.544,0.0
16/02/2019 23:00,0.016,0.639,0.0
17/02/2019 00:00,0.002,0.715,0.0
17/02/2019 01:00,0.753,0.199,0.0
17/02/2019 02:00,0.741,0.222,0.0
17/02/2019 03:00,0.727,0.233,0.0
17/02/2019 04:00,0.722,0.223,0.016
17/02/2019 05:00,0.002,0.698,0.181
17/02/2019 06:00,0.051,0.636,0.398
17/02/2019 07:00,0.099,0.59,0.569
17/02/2019 08:00,0.139,0.432,0.687
17/02/2019 09:00,0.197,0.317,0.754
17/02/2019 10:00,0.251,0.259,0.775
17/02/2019 11:00,0.281,0.234,0.751
17/02/2019 12:00,0.302,0.233,0.682
17/02/2019 13:00,0.337,0.249,0.556
17/02/2019 14:00,0.395,0.254,0.382
17/02/2019 15:00,0.459,0.249,0.201
17/02/2019 16:00,0.466,0.225,0.029
17/02/2019 17:00,0.404,0.191,0.0
17/02/2019 18:00,0.294,0.158,0.0
17/02/2019 19:00,0.187,0.14,0.0
17/02/2019 20:00,0.142,0.148,0.0
17/02/2019 21:00,0.12,0.178,0.0
17/02/2019 22:00,0.11,0.218,0.0
17/02/2019 23:00,0.093,0.26,0.0
18/02/2019 00:00,0.079,0.311,0.0
18/02/2019 01:00,0.067,0.383,0.0
18/02/2019 02:00,0.056,0.445,0.0
18/02/2019 03:00,0.044,0.544,0.0
18/02/2019 04:00,0.026,0.611,0.014
18/02/2019 05:00,0.009,0.633,0.184
18/02/2019 06:00,0.004,0.638,0.404
18/02/2019 07:00,0.002,0.648,0.575
18/02/2019 08:00,0.595,0.32,0.692
18/02/2019 09:00,0.503,0.207,0.758
18/02/2019 10:00,0.003,0.427,0.779
18/02/2019 11:00,0.014,0.433,0.755
18/02/2019 12:00,0.037,0.431,0.685
18/02/2019 13:00,0.062,0.53,0.569
18/02/2019 14:00,0.098,0.726,0.404
18/02/2019 15:00,0.194,0.835,0.204
18/02/2019 16:00,0.357,0.887,0.027
18/02/2019 17:00,0.41,0.905,0.0
18/02/2019 18:00,0.347,0.897,0.0
18/02/2019 19:00,0.275,0.874,0.0
18/02/2019 20:00,0.207,0.862,0.0
18/02/2019 21:00,0.146,0.844,0.0
18/02/2019 22:00,0.101,0.8,0.0
18/02/2019 23:00,0.063,0.737,0.0
19/02/2019 00:00,0.036,0.668,0.0
19/02/2019 01:00,0.025,0.627,0.0
19/02/2019 02:00,0.031,0.566,0.0
19/02/2019 03:00,0.055,0.508,0.0
19/02/2019 04:00,0.077,0.489,0.012
19/02/2019 05:00,0.031,0.498,0.182
19/02/2019 06:00,0.012,0.498,0.4
19/02/2019 07:00,0.03,0.448,0.569
19/02/2019 08:00,0.045,0.392,0.687
19/02/2019 09:00,0.05,0.343,0.754
19/02/2019 10:00,0.053,0.247,0.775
19/02/2019 11:00,0.058,0.184,0.751
19/02/2019 12:00,0.063,0.184,0.684
19/02/2019 13:00,0.062,0.233,0.57
19/02/2019 14:00,0.051,0.268,0.408
19/02/2019 15:00,0.047,0.376,0.207
19/02/2019 16:00,0.042,0.443,0.023
19/02/2019 17:00,0.047,0.386,0.0
19/02/2019 18:00,0.096,0.291,0.0
19/02/2019 19:00,0.205,0.194,0.0
19/02/2019 20:00,0.391,0.105,0.0
19/02/2019 21:00,0.56,0.043,0.0
19/02/2019 22:00,0.677,0.018,0.0
19/02/2019 23:00,0.748,0.02,0.0
20/02/2019 00:00,0.771,0.083,0.0
20/02/2019 01:00,0.76,0.125,0.0
20/02/2019 02:00,0.781,0.155,0.0
20/02/2019 03:00,0.812,0.223,0.0
20/02/2019 04:00,0.799,0.272,0.012
20/02/2019 05:00,0.791,0.457,0.183
20/02/2019 06:00,0.822,0.439,0.395
20/02/2019 07:00,0.84,0.359,0.577
20/02/2019 08:00,0.85,0.39,0.678
20/02/2019 09:00,0.827,0.442,0.752
20/02/2019 10:00,0.795,0.481,0.75
20/02/2019 11:00,0.75,0.466,0.675
20/02/2019 12:00,0.685,0.457,0.649
20/02/2019 13:00,0.58,0.466,0.548
20/02/2019 14:00,0.342,0.51,0.383
20/02/2019 15:00,0.212,0.531,0.167
20/02/2019 16:00,0.309,0.464,0.019
20/02/2019 17:00,0.388,0.331,0.0
20/02/2019 18:00,0.332,0.182,0.0
20/02/2019 19:00,0.248,0.074,0.0
20/02/2019 20:00,0.188,0.022,0.0
20/02/2019 21:00,0.155,0.003,0.0
20/02/2019 22:00,0.125,0.0,0.0
20/02/2019 23:00,0.107,0.0,0.0
21/02/2019 00:00,0.076,0.0,0.0
21/02/2019 01:00,0.054,0.001,0.0
21/02/2019 02:00,0.047,0.003,0.0
21/02/2019 03:00,0.053,0.002,0.0
21/02/2019 04:00,0.066,0.001,0.015
21/02/2019 05:00,0.085,0.0,0.167
21/02/2019 06:00,0.078,0.0,0.358
21/02/2019 07:00,0.049,0.0,0.555
21/02/2019 08:00,0.031,0.0,0.691
21/02/2019 09:00,0.027,0.0,0.758
21/02/2019 10:00,0.033,0.0,0.776
21/02/2019 11:00,0.063,0.005,0.751
21/02/2019 12:00,0.11,0.042,0.682
21/02/2019 13:00,0.171,0.139,0.566
21/02/2019 14:00,0.261,0.233,0.4
21/02/2019 15:00,0.384,0.248,0.186
21/02/2019 16:00,0.431,0.184,0.023
21/02/2019 17:00,0.38,0.11,0.0
21/02/2019 18:00,0.332,0.056,0.0
21/02/2019 19:00,0.287,0.023,0.0
21/02/2019 20:00,0.218,0.008,0.0
21/02/2019 21:00,0.189,0.004,0.0
21/02/2019 22:00,0.17,0.004,0.0
21/02/2019 23:00,0.157,0.008,0.0
22/02/2019 00:00,0.143,0.026,0.0
22/02/2019 01:00,0.118,0.068,0.0
22/02/2019 02:00,0.094,0.136,0.0
22/02/2019 03:00,0.08,0.212,0.0
22/02/2019 04:00,0.081,0.289,0.016
22/02/2019 05:00,0.043,0.364,0.127
22/02/2019 06:00,0.051,0.421,0.318
22/02/2019 07:00,0.089,0.476,0.55
22/02/2019 08:00,0.161,0.538,0.679
22/02/2019 09:00,0.257,0.615,0.745
22/02/2019 10:00,0.302,0.693,0.764
22/02/2019 11:00,0.302,0.783,0.738
22/02/2019 12:00,0.251,0.845,0.672
22/02/2019 13:00,0.079,0.867,0.559
22/02/2019 14:00,0.014,0.857,0.396
22/02/2019 15:00,0.017,0.829,0.189
22/02/2019 16:00,0.001,0.772,0.021
22/02/2019 17:00,0.013,0.7,0.0
22/02/2019 18:00,0.158,0.675,0.0
22/02/2019 19:00,0.294,0.724,0.0
22/02/2019 20:00,0.343,0.765,0.0
22/02/2019 21:00,0.291,0.737,0.0
22/02/2019 22:00,0.211,0.631,0.0
22/02/2019 23:00,0.15,0.484,0.0
23/02/2019 00:00,0.11,0.352,0.0
23/02/2019 01:00,0.084,0.294,0.0
23/02/2019 02:00,0.06,0.272,0.0
23/02/2019 03:00,0.051,0.27,0.0
23/02/2019 04:00,0.039,0.261,0.01
23/02/2019 05:00,0.001,0.22,0.188
23/02/2019 06:00,0.001,0.174,0.41
23/02/2019 07:00,0.159,0.887,0.583
23/02/2019 08:00,0.154,0.896,0.702
23/02/2019 09:00,0.007,0.173,0.77
23/02/2019 10:00,0.022,0.22,0.789
23/02/2019 11:00,0.04,0.296,0.764
23/02/2019 12:00,0.058,0.375,0.694
23/02/2019 13:00,0.085,0.42,0.576
23/02/2019 14:00,0.136,0.479,0.41
23/02/2019 15:00,0.208,0.496,0.205
23/02/2019 16:00,0.289,0.502,0.021
23/02/2019 17:00,0.302,0.498,0.0
23/02/2019 18:00,0.214,0.472,0.0
23/02/2019 19:00,0.133,0.428,0.0
23/02/2019 20:00,0.087,0.374,0.0
23/02/2019 21:00,0.072,0.349,0.0
23/02/2019 22:00,0.059,0.315,0.0
23/02/2019 23:00,0.045,0.269,0.0
24/02/2019 00:00,0.037,0.232,0.0
24/02/2019 01:00,0.033,0.212,0.0
24/02/2019 02:00,0.029,0.201,0.0
24/02/2019 03:00,0.032,0.194,0.0
24/02/2019 04:00,0.024,0.186,0.011
24/02/2019 05:00,0.178,0.711,0.184
24/02/2019 06:00,0.161,0.674,0.405
24/02/2019 07:00,0.018,0.125,0.576
24/02/2019 08:00,0.046,0.098,0.693
24/02/2019 09:00,0.095,0.073,0.76
24/02/2019 10:00,0.145,0.071,0.779
24/02/2019 11:00,0.179,0.112,0.755
24/02/2019 12:00,0.201,0.168,0.686
24/02/2019 13:00,0.243,0.251,0.57
24/02/2019 14:00,0.325,0.356,0.404
24/02/2019 15:00,0.453,0.49,0.17
24/02/2019 16:00,0.504,0.549,0.02
24/02/2019 17:00,0.419,0.574,0.0
24/02/2019 18:00,0.277,0.58,0.0
24/02/2019 19:00,0.188,0.556,0.0
24/02/2019 20:00,0.146,0.532,0.0
24/02/2019 21:00,0.122,0.521,0.0
24/02/2019 22:00,0.105,0.488,0.0
24/02/2019 23:00,0.089,0.464,0.0
25/02/2019 00:00,0.074,0.45,0.0
25/02/2019 01:00,0.055,0.442,0.0
25/02/2019 02:00,0.036,0.413,0.0
25/02/2019 03:00,0.025,0.375,0.0
25/02/2019 04:00,0.018,0.358,0.008
25/02/2019 05:00,0.004,0.367,0.192
25/02/2019 06:00,0.001,0.367,0.421
25/02/2019 07:00,0.004,0.279,0.595
25/02/2019 08:00,0.017,0.204,0.715
25/02/2019 09:00,0.033,0.218,0.784
25/02/2019 10:00,0.05,0.178,0.804
25/02/2019 11:00,0.063,0.119,0.78
25/02/2019 12:00,0.069,0.092,0.711
25/02/2019 13:00,0.058,0.091,0.592
25/02/2019 14:00,0.035,0.123,0.423
25/02/2019 15:00,0.036,0.192,0.21
25/02/2019 16:00,0.058,0.277,0.019
25/02/2019 17:00,0.074,0.379,0.0
25/02/2019 18:00,0.114,0.352,0.0
25/02/2019 19:00,0.225,0.138,0.0
25/02/2019 20:00,0.432,0.017,0.0
25/02/2019 21:00,0.619,0.0,0.0
25/02/2019 22:00,0.746,0.0,0.0
25/02/2019 23:00,0.804,0.012,0.0
26/02/2019 00:00,0.818,0.064,0.0
26/02/2019 01:00,0.812,0.134,0.0
26/02/2019 02:00,0.8,0.198,0.0
26/02/2019 03:00,0.759,0.22,0.0
26/02/2019 04:00,0.61,0.219,0.012
26/02/2019 05:00,0.387,0.233,0.184
26/02/2019 06:00,0.53,0.245,0.407
26/02/2019 07:00,0.71,0.294,0.583
26/02/2019 08:00,0.746,0.359,0.705
26/02/2019 09:00,0.77,0.355,0.774
26/02/2019 10:00,0.795,0.343,0.796
26/02/2019 11:00,0.806,0.364,0.773
26/02/2019 12:00,0.795,0.381,0.703
26/02/2019 13:00,0.764,0.407,0.559
26/02/2019 14:00,0.683,0.427,0.371
26/02/2019 15:00,0.481,0.394,0.194
26/02/2019 16:00,0.329,0.344,0.02
26/02/2019 17:00,0.343,0.316,0.0
26/02/2019 18:00,0.265,0.28,0.0
26/02/2019 19:00,0.161,0.216,0.0
26/02/2019 20:00,0.099,0.148,0.0
26/02/2019 21:00,0.049,0.098,0.0
26/02/2019 22:00,0.018,0.078,0.0
26/02/2019 23:00,0.002,0.114,0.0
27/02/2019 00:00,0.182,0.103,0.0
27/02/2019 01:00,0.201,0.076,0.0
27/02/2019 02:00,0.001,0.192,0.0
27/02/2019 03:00,0.002,0.228,0.0
27/02/2019 04:00,0.001,0.275,0.009
27/02/2019 05:00,0.005,0.305,0.191
27/02/2019 06:00,0.028,0.312,0.422
27/02/2019 07:00,0.085,0.337,0.603
27/02/2019 08:00,0.141,0.333,0.726
27/02/2019 09:00,0.217,0.321,0.795
27/02/2019 10:00,0.303,0.332,0.814
27/02/2019 11:00,0.381,0.374,0.788
27/02/2019 12:00,0.401,0.402,0.716
27/02/2019 13:00,0.358,0.439,0.594
27/02/2019 14:00,0.31,0.494,0.421
27/02/2019 15:00,0.254,0.547,0.207
27/02/2019 16:00,0.187,0.566,0.019
27/02/2019 17:00,0.154,0.566,0.0
27/02/2019 18:00,0.087,0.58,0.0
27/02/2019 19:00,0.03,0.602,0.0
27/02/2019 20:00,0.004,0.656,0.0
27/02/2019 21:00,0.005,0.704,0.0
27/02/2019 22:00,0.035,0.731,0.0
27/02/2019 23:00,0.081,0.703,0.0
28/02/2019 00:00,0.136,0.643,0.0
28/02/2019 01:00,0.182,0.59,0.0
28/02/2019 02:00,0.206,0.547,0.0
28/02/2019 03:00,0.191,0.523,0.0
28/02/2019 04:00,0.13,0.519,0.008
28/02/2019 05:00,0.06,0.498,0.193
28/02/2019 06:00,0.109,0.481,0.421
28/02/2019 07:00,0.159,0.508,0.598
28/02/2019 08:00,0.223,0.522,0.718
28/02/2019 09:00,0.319,0.525,0.784
28/02/2019 10:00,0.424,0.54,0.802
28/02/2019 11:00,0.505,0.583,0.774
28/02/2019 12:00,0.556,0.627,0.702
28/02/2019 13:00,0.557,0.663,0.582
28/02/2019 14:00,0.509,0.69,0.412
28/02/2019 15:00,0.38,0.722,0.203
28/02/2019 16:00,0.27,0.765,0.018
28/02/2019 17:00,0.196,0.774,0.0
28/02/2019 18:00,0.126,0.768,0.0
28/02/2019 19:00,0.072,0.77,0.0
28/02/2019 20:00,0.032,0.78,0.0
28/02/2019 21:00,0.01,0.777,0.0
28/02/2019 22:00,0.004,0.767,0.0
28/02/2019 23:00,0.004,0.768,0.0
01/03/2019 00:00,0.003,0.62,0.0
01/03/2019 01:00,0.004,0.535,0.0
01/03/2019 02:00,0.006,0.447,0.0
01/03/2019 03:00,0.005,0.401,0.0
01/03/2019 04:00,0.003,0.354,0.008
01/03/2019 05:00,0.011,0.308,0.194
01/03/2019 06:00,0.028,0.266,0.422
01/03/2019 07:00,0.074,0.193,0.596
01/03/2019 08:00,0.133,0.127,0.712
01/03/2019 09:00,0.205,0.098,0.776
01/03/2019 10:00,0.27,0.119,0.795
01/03/2019 11:00,0.317,0.158,0.769
01/03/2019 12:00,0.344,0.234,0.698
01/03/2019 13:00,0.339,0.307,0.58
01/03/2019 14:00,0.286,0.318,0.411
01/03/2019 15:00,0.191,0.288,0.203
01/03/2019 16:00,0.181,0.264,0.017
01/03/2019 17:00,0.21,0.277,0.0
01/03/2019 18:00,0.21,0.334,0.0
01/03/2019 19:00,0.135,0.343,0.0
01/03/2019 20:00,0.074,0.283,0.0
01/03/2019 21:00,0.027,0.217,0.0
01/03/2019 22:00,0.006,0.143,0.0
01/03/2019 23:00,0.001,0.078,0.0
02/03/2019 00:00,0.003,0.037,0.0
02/03/2019 01:00,0.011,0.025,0.0
02/03/2019 02:00,0.004,0.028,0.0
02/03/2019 03:00,0.001,0.047,0.0
02/03/2019 04:00,0.08,0.041,0.007
02/03/2019 05:00,0.139,0.034,0.194
02/03/2019 06:00,0.212,0.027,0.419
02/03/2019 07:00,0.026,0.272,0.587
02/03/2019 08:00,0.136,0.305,0.708
02/03/2019 09:00,0.271,0.262,0.775
02/03/2019 10:00,0.395,0.208,0.795
02/03/2019 11:00,0.459,0.186,0.77
02/03/2019 12:00,0.415,0.203,0.7
02/03/2019 13:00,0.388,0.218,0.582
02/03/2019 14:00,0.348,0.218,0.411
02/03/2019 15:00,0.405,0.247,0.192
02/03/2019 16:00,0.529,0.311,0.017
02/03/2019 17:00,0.572,0.337,0.0
02/03/2019 18:00,0.507,0.325,0.0
02/03/2019 19:00,0.426,0.294,0.0
02/03/2019 20:00,0.372,0.237,0.0
02/03/2019 21:00,0.305,0.197,0.0
02/03/2019 22:00,0.233,0.204,0.0
02/03/2019 23:00,0.168,0.187,0.0
03/03/2019 00:00,0.133,0.168,0.0
03/03/2019 01:00,0.122,0.16,0.0
03/03/2019 02:00,0.121,0.163,0.0
03/03/2019 03:00,0.115,0.164,0.0
03/03/2019 04:00,0.096,0.152,0.008
03/03/2019 05:00,0.053,0.133,0.189
03/03/2019 06:00,0.008,0.105,0.412
03/03/2019 07:00,0.001,0.085,0.586
03/03/2019 08:00,0.012,0.074,0.706
03/03/2019 09:00,0.036,0.057,0.773
03/03/2019 10:00,0.047,0.072,0.791
03/03/2019 11:00,0.059,0.099,0.764
03/03/2019 12:00,0.077,0.148,0.693
03/03/2019 13:00,0.096,0.219,0.573
03/03/2019 14:00,0.121,0.312,0.405
03/03/2019 15:00,0.146,0.458,0.197
03/03/2019 16:00,0.172,0.582,0.016
03/03/2019 17:00,0.125,0.701,0.0
03/03/2019 18:00,0.071,0.724,0.0
03/03/2019 19:00,0.034,0.588,0.0
03/03/2019 20:00,0.012,0.408,0.0
03/03/2019 21:00,0.002,0.208,0.0
03/03/2019 22:00,0.002,0.072,0.0
03/03/2019 23:00,0.011,0.039,0.0
04/03/2019 00:00,0.035,0.023,0.0
04/03/2019 01:00,0.065,0.011,0.0
04/03/2019 02:00,0.088,0.009,0.0
04/03/2019 03:00,0.093,0.033,0.0
04/03/2019 04:00,0.058,0.103,0.007
04/03/2019 05:00,0.039,0.181,0.191
04/03/2019 06:00,0.033,0.236,0.415
04/03/2019 07:00,0.041,0.226,0.589
04/03/2019 08:00,0.08,0.168,0.709
04/03/2019 09:00,0.112,0.215,0.776
04/03/2019 10:00,0.13,0.298,0.796
04/03/2019 11:00,0.138,0.341,0.769
04/03/2019 12:00,0.142,0.331,0.698
04/03/2019 13:00,0.148,0.312,0.577
04/03/2019 14:00,0.187,0.323,0.407
04/03/2019 15:00,0.315,0.415,0.197
04/03/2019 16:00,0.493,0.464,0.015
04/03/2019 17:00,0.541,0.413,0.0
04/03/2019 18:00,0.471,0.274,0.0
04/03/2019 19:00,0.341,0.137,0.0
04/03/2019 20:00,0.241,0.069,0.0
04/03/2019 21:00,0.167,0.037,0.0
04/03/2019 22:00,0.127,0.024,0.0
04/03/2019 23:00,0.133,0.018,0.0
05/03/2019 00:00,0.118,0.02,0.0
05/03/2019 01:00,0.07,0.033,0.0
05/03/2019 02:00,0.038,0.058,0.0
05/03/2019 03:00,0.032,0.077,0.0
05/03/2019 04:00,0.058,0.072,0.007
05/03/2019 05:00,0.112,0.055,0.189
05/03/2019 06:00,0.111,0.045,0.415
05/03/2019 07:00,0.057,0.039,0.59
05/03/2019 08:00,0.025,0.024,0.704
05/03/2019 09:00,0.013,0.016,0.767
05/03/2019 10:00,0.005,0.018,0.784
05/03/2019 11:00,0.006,0.027,0.758
05/03/2019 12:00,0.005,0.044,0.687
05/03/2019 13:00,0.019,0.077,0.569
05/03/2019 14:00,0.069,0.144,0.402
05/03/2019 15:00,0.105,0.219,0.194
05/03/2019 16:00,0.223,0.271,0.015
05/03/2019 17:00,0.241,0.325,0.0
05/03/2019 18:00,0.201,0.355,0.0
05/03/2019 19:00,0.135,0.346,0.0
05/03/2019 20:00,0.112,0.329,0.0
05/03/2019 21:00,0.136,0.311,0.0
05/03/2019 22:00,0.199,0.328,0.0
05/03/2019 23:00,0.311,0.351,0.0
06/03/2019 00:00,0.459,0.353,0.0
06/03/2019 01:00,0.613,0.352,0.0
06/03/2019 02:00,0.739,0.32,0.0
06/03/2019 03:00,0.779,0.308,0.0
06/03/2019 04:00,0.761,0.327,0.006
06/03/2019 05:00,0.849,0.361,0.189
06/03/2019 06:00,0.926,0.382,0.411
06/03/2019 07:00,0.89,0.4,0.577
06/03/2019 08:00,0.805,0.45,0.692
06/03/2019 09:00,0.702,0.462,0.757
06/03/2019 10:00,0.623,0.447,0.775
06/03/2019 11:00,0.571,0.413,0.75
06/03/2019 12:00,0.532,0.384,0.68
06/03/2019 13:00,0.503,0.352,0.562
06/03/2019 14:00,0.444,0.397,0.395
06/03/2019 15:00,0.314,0.468,0.189
06/03/2019 16:00,0.413,0.531,0.014
06/03/2019 17:00,0.541,0.566,0.0
06/03/2019 18:00,0.619,0.513,0.0
06/03/2019 19:00,0.655,0.365,0.0
06/03/2019 20:00,0.647,0.203,0.0
06/03/2019 21:00,0.603,0.075,0.0
06/03/2019 22:00,0.558,0.008,0.0
06/03/2019 23:00,0.498,0.0,0.0
07/03/2019 00:00,0.426,0.0,0.0
07/03/2019 01:00,0.368,0.0,0.0
07/03/2019 02:00,0.312,0.0,0.0
07/03/2019 03:00,0.27,0.0,0.0
07/03/2019 04:00,0.199,0.002,0.008
07/03/2019 05:00,0.112,0.046,0.173
07/03/2019 06:00,0.066,0.181,0.386
07/03/2019 07:00,0.034,0.245,0.555
07/03/2019 08:00,0.025,0.317,0.671
07/03/2019 09:00,0.025,0.355,0.735
07/03/2019 10:00,0.019,0.348,0.744
07/03/2019 11:00,0.014,0.303,0.717
07/03/2019 12:00,0.013,0.244,0.641
07/03/2019 13:00,0.019,0.265,0.524
07/03/2019 14:00,0.03,0.361,0.379
07/03/2019 15:00,0.075,0.422,0.186
07/03/2019 16:00,0.236,0.382,0.014
07/03/2019 17:00,0.394,0.278,0.0
07/03/2019 18:00,0.414,0.159,0.0
07/03/2019 19:00,0.444,0.082,0.0
07/03/2019 20:00,0.437,0.048,0.0
07/03/2019 21:00,0.344,0.037,0.0
07/03/2019 22:00,0.214,0.024,0.0
07/03/2019 23:00,0.126,0.006,0.0
08/03/2019 00:00,0.084,0.0,0.0
08/03/2019 01:00,0.064,0.0,0.0
08/03/2019 02:00,0.053,0.001,0.0
08/03/2019 03:00,0.054,0.011,0.0
08/03/2019 04:00,0.06,0.061,0.007
08/03/2019 05:00,0.082,0.065,0.185
08/03/2019 06:00,0.081,0.058,0.41
08/03/2019 07:00,0.074,0.098,0.586
08/03/2019 08:00,0.07,0.153,0.703
08/03/2019 09:00,0.084,0.199,0.771
08/03/2019 10:00,0.13,0.271,0.791
08/03/2019 11:00,0.192,0.334,0.767
08/03/2019 12:00,0.215,0.331,0.697
08/03/2019 13:00,0.349,0.313,0.577
08/03/2019 14:00,0.474,0.312,0.405
08/03/2019 15:00,0.565,0.327,0.193
08/03/2019 16:00,0.531,0.364,0.013
08/03/2019 17:00,0.471,0.396,0.0
08/03/2019 18:00,0.407,0.464,0.0
08/03/2019 19:00,0.343,0.481,0.0
08/03/2019 20:00,0.302,0.459,0.0
08/03/2019 21:00,0.31,0.414,0.0
08/03/2019 22:00,0.3,0.367,0.0
08/03/2019 23:00,0.242,0.334,0.0
09/03/2019 00:00,0.179,0.294,0.0
09/03/2019 01:00,0.136,0.243,0.0
09/03/2019 02:00,0.112,0.204,0.0
09/03/2019 03:00,0.106,0.167,0.0
09/03/2019 04:00,0.117,0.15,0.008
09/03/2019 05:00,0.112,0.146,0.159
09/03/2019 06:00,0.208,0.138,0.342
09/03/2019 07:00,0.337,0.135,0.505
09/03/2019 08:00,0.426,0.132,0.632
09/03/2019 09:00,0.444,0.135,0.71
09/03/2019 10:00,0.415,0.154,0.727
09/03/2019 11:00,0.367,0.178,0.71
09/03/2019 12:00,0.3,0.205,0.65
09/03/2019 13:00,0.233,0.275,0.545
09/03/2019 14:00,0.141,0.355,0.394
09/03/2019 15:00,0.147,0.422,0.191
09/03/2019 16:00,0.256,0.457,0.013
09/03/2019 17:00,0.113,0.481,0.0
09/03/2019 18:00,0.047,0.484,0.0
09/03/2019 19:00,0.053,0.484,0.0
09/03/2019 20:00,0.123,0.488,0.0
09/03/2019 21:00,0.121,0.46,0.0
09/03/2019 22:00,0.102,0.433,0.0
09/03/2019 23:00,0.093,0.379,0.0
10/03/2019 00:00,0.081,0.337,0.0
10/03/2019 01:00,0.066,0.312,0.0
10/03/2019 02:00,0.071,0.313,0.0
10/03/2019 03:00,0.108,0.285,0.0
10/03/2019 04:00,0.147,0.254,0.006
10/03/2019 05:00,0.192,0.265,0.19
10/03/2019 06:00,0.167,0.271,0.415
10/03/2019 07:00,0.081,0.298,0.59
10/03/2019 08:00,0.03,0.346,0.71
10/03/2019 09:00,0.019,0.376,0.779
10/03/2019 10:00,0.024,0.376,0.8
10/03/2019 11:00,0.049,0.347,0.776
10/03/2019 12:00,0.068,0.349,0.705
10/03/2019 13:00,0.144,0.41,0.585
10/03/2019 14:00,0.342,0.491,0.413
10/03/2019 15:00,0.6,0.558,0.197
10/03/2019 16:00,0.464,0.604,0.013
10/03/2019 17:00,0.272,0.644,0.0
10/03/2019 18:00,0.298,0.661,0.0
10/03/2019 19:00,0.42,0.638,0.0
10/03/2019 20:00,0.395,0.562,0.0
10/03/2019 21:00,0.3,0.485,0.0
10/03/2019 22:00,0.289,0.464,0.0
10/03/2019 23:00,0.249,0.486,0.0
11/03/2019 00:00,0.285,0.464,0.0
11/03/2019 01:00,0.3,0.488,0.0
11/03/2019 02:00,0.264,0.494,0.0
11/03/2019 03:00,0.261,0.469,0.0
11/03/2019 04:00,0.24,0.444,0.006
11/03/2019 05:00,0.302,0.491,0.199
11/03/2019 06:00,0.601,0.533,0.429
11/03/2019 07:00,0.638,0.635,0.605
11/03/2019 08:00,0.559,0.705,0.725
11/03/2019 09:00,0.469,0.718,0.79
11/03/2019 10:00,0.407,0.708,0.806
11/03/2019 11:00,0.352,0.734,0.759
11/03/2019 12:00,0.252,0.797,0.641
11/03/2019 13:00,0.155,0.852,0.467
11/03/2019 14:00,0.078,0.898,0.279
11/03/2019 15:00,0.035,0.935,0.117
11/03/2019 16:00,0.014,0.965,0.008
11/03/2019 17:00,0.078,0.982,0.0
11/03/2019 18:00,0.317,0.985,0.0
11/03/2019 19:00,0.527,0.982,0.0
11/03/2019 20:00,0.179,0.984,0.0
11/03/2019 21:00,0.054,0.985,0.0
11/03/2019 22:00,0.054,0.98,0.0
11/03/2019 23:00,0.054,0.946,0.0
12/03/2019 00:00,0.116,0.908,0.0
12/03/2019 01:00,0.282,0.866,0.0
12/03/2019 02:00,0.454,0.813,0.0
12/03/2019 03:00,0.546,0.759,0.0
12/03/2019 04:00,0.58,0.685,0.006
12/03/2019 05:00,0.51,0.636,0.198
12/03/2019 06:00,0.734,0.564,0.432
12/03/2019 07:00,0.809,0.531,0.607
12/03/2019 08:00,0.759,0.442,0.722
12/03/2019 09:00,0.725,0.312,0.784
12/03/2019 10:00,0.731,0.232,0.8
12/03/2019 11:00,0.734,0.17,0.768
12/03/2019 12:00,0.727,0.141,0.691
12/03/2019 13:00,0.712,0.169,0.56
12/03/2019 14:00,0.663,0.241,0.4
12/03/2019 15:00,0.523,0.442,0.192
12/03/2019 16:00,0.486,0.573,0.011
12/03/2019 17:00,0.522,0.647,0.0
12/03/2019 18:00,0.575,0.658,0.0
12/03/2019 19:00,0.623,0.55,0.0
12/03/2019 20:00,0.635,0.398,0.0
12/03/2019 21:00,0.653,0.264,0.0
12/03/2019 22:00,0.674,0.148,0.0
12/03/2019 23:00,0.693,0.069,0.0
13/03/2019 00:00,0.751,0.044,0.0
13/03/2019 01:00,0.777,0.026,0.0
13/03/2019 02:00,0.779,0.008,0.0
13/03/2019 03:00,0.781,0.001,0.0
13/03/2019 04:00,0.75,0.002,0.006
13/03/2019 05:00,0.785,0.004,0.203
13/03/2019 06:00,0.932,0.003,0.438
13/03/2019 07:00,0.959,0.006,0.613
13/03/2019 08:00,0.96,0.012,0.732
13/03/2019 09:00,0.949,0.017,0.796
13/03/2019 10:00,0.928,0.029,0.811
13/03/2019 11:00,0.901,0.047,0.774
13/03/2019 12:00,0.87,0.069,0.679
13/03/2019 13:00,0.826,0.112,0.549
13/03/2019 14:00,0.74,0.172,0.369
13/03/2019 15:00,0.519,0.223,0.159
13/03/2019 16:00,0.301,0.228,0.008
13/03/2019 17:00,0.083,0.192,0.0
13/03/2019 18:00,0.002,0.141,0.0
13/03/2019 19:00,0.104,0.481,0.0
13/03/2019 20:00,0.093,0.513,0.0
13/03/2019 21:00,0.103,0.506,0.0
13/03/2019 22:00,0.001,0.146,0.0
13/03/2019 23:00,0.002,0.207,0.0
14/03/2019 00:00,0.003,0.233,0.0
14/03/2019 01:00,0.005,0.202,0.0
14/03/2019 02:00,0.008,0.165,0.0
14/03/2019 03:00,0.021,0.131,0.0
14/03/2019 04:00,0.054,0.106,0.002
14/03/2019 05:00,0.067,0.093,0.089
14/03/2019 06:00,0.048,0.094,0.24
14/03/2019 07:00,0.118,0.108,0.378
14/03/2019 08:00,0.136,0.148,0.487
14/03/2019 09:00,0.114,0.162,0.598
14/03/2019 10:00,0.093,0.159,0.679
14/03/2019 11:00,0.086,0.165,0.713
14/03/2019 12:00,0.092,0.201,0.68
14/03/2019 13:00,0.08,0.286,0.565
14/03/2019 14:00,0.067,0.395,0.395
14/03/2019 15:00,0.122,0.459,0.182
14/03/2019 16:00,0.217,0.455,0.01
14/03/2019 17:00,0.22,0.393,0.0
14/03/2019 18:00,0.179,0.294,0.0
14/03/2019 19:00,0.179,0.212,0.0
14/03/2019 20:00,0.181,0.18,0.0
14/03/2019 21:00,0.177,0.178,0.0
14/03/2019 22:00,0.169,0.195,0.0
14/03/2019 23:00,0.158,0.2,0.0
15/03/2019 00:00,0.139,0.194,0.0
15/03/2019 01:00,0.105,0.175,0.0
15/03/2019 02:00,0.063,0.213,0.0
15/03/2019 03:00,0.046,0.344,0.0
15/03/2019 04:00,0.05,0.462,0.006
15/03/2019 05:00,0.028,0.472,0.173
15/03/2019 06:00,0.034,0.447,0.391
15/03/2019 07:00,0.038,0.456,0.553
15/03/2019 08:00,0.047,0.468,0.634
15/03/2019 09:00,0.065,0.464,0.73
15/03/2019 10:00,0.081,0.455,0.755
15/03/2019 11:00,0.081,0.481,0.74
15/03/2019 12:00,0.067,0.51,0.666
15/03/2019 13:00,0.042,0.529,0.555
15/03/2019 14:00,0.022,0.527,0.385
15/03/2019 15:00,0.019,0.51,0.173
15/03/2019 16:00,0.027,0.491,0.007
15/03/2019 17:00,0.025,0.466,0.0
15/03/2019 18:00,0.014,0.41,0.0
15/03/2019 19:00,0.005,0.352,0.0
15/03/2019 20:00,0.002,0.363,0.0
15/03/2019 21:00,0.002,0.398,0.0
15/03/2019 22:00,0.004,0.472,0.0
15/03/2019 23:00,0.015,0.532,0.0
16/03/2019 00:00,0.037,0.516,0.0
16/03/2019 01:00,0.066,0.499,0.0
16/03/2019 02:00,0.103,0.551,0.0
16/03/2019 03:00,0.156,0.556,0.0
16/03/2019 04:00,0.225,0.552,0.005
16/03/2019 05:00,0.181,0.52,0.146
16/03/2019 06:00,0.206,0.496,0.329
16/03/2019 07:00,0.235,0.568,0.43
16/03/2019 08:00,0.241,0.74,0.473
16/03/2019 09:00,0.241,0.802,0.536
16/03/2019 10:00,0.231,0.803,0.606
16/03/2019 11:00,0.215,0.799,0.658
16/03/2019 12:00,0.192,0.812,0.636
16/03/2019 13:00,0.146,0.836,0.515
16/03/2019 14:00,0.073,0.87,0.32
16/03/2019 15:00,0.055,0.897,0.125
16/03/2019 16:00,0.065,0.923,0.004
16/03/2019 17:00,0.048,0.948,0.0
16/03/2019 18:00,0.008,0.952,0.0
16/03/2019 19:00,0.049,0.951,0.0
16/03/2019 20:00,0.124,0.959,0.0
16/03/2019 21:00,0.289,0.962,0.0
16/03/2019 22:00,0.4,0.948,0.0
16/03/2019 23:00,0.449,0.905,0.0
17/03/2019 00:00,0.466,0.847,0.0
17/03/2019 01:00,0.469,0.777,0.0
17/03/2019 02:00,0.466,0.69,0.0
17/03/2019 03:00,0.478,0.625,0.0
17/03/2019 04:00,0.448,0.555,0.005
17/03/2019 05:00,0.334,0.467,0.166
17/03/2019 06:00,0.432,0.367,0.397
17/03/2019 07:00,0.438,0.241,0.574
17/03/2019 08:00,0.425,0.172,0.685
17/03/2019 09:00,0.442,0.138,0.748
17/03/2019 10:00,0.456,0.074,0.769
17/03/2019 11:00,0.467,0.029,0.724
17/03/2019 12:00,0.466,0.003,0.607
17/03/2019 13:00,0.425,0.024,0.463
17/03/2019 14:00,0.324,0.144,0.325
17/03/2019 15:00,0.14,0.233,0.158
17/03/2019 16:00,0.094,0.264,0.007
17/03/2019 17:00,0.067,0.223,0.0
17/03/2019 18:00,0.041,0.197,0.0
17/03/2019 19:00,0.025,0.163,0.0
17/03/2019 20:00,0.02,0.171,0.0
17/03/2019 21:00,0.015,0.201,0.0
17/03/2019 22:00,0.003,0.243,0.0
17/03/2019 23:00,0.308,0.096,0.0
18/03/2019 00:00,0.341,0.059,0.0
18/03/2019 01:00,0.001,0.368,0.0
18/03/2019 02:00,0.002,0.349,0.0
18/03/2019 03:00,0.002,0.364,0.0
18/03/2019 04:00,0.344,0.014,0.005
18/03/2019 05:00,0.331,0.033,0.189
18/03/2019 06:00,0.362,0.07,0.416
18/03/2019 07:00,0.367,0.148,0.588
18/03/2019 08:00,0.007,0.366,0.704
18/03/2019 09:00,0.027,0.322,0.771
18/03/2019 10:00,0.036,0.289,0.792
18/03/2019 11:00,0.039,0.282,0.767
18/03/2019 12:00,0.035,0.287,0.696
18/03/2019 13:00,0.029,0.311,0.576
18/03/2019 14:00,0.034,0.343,0.403
18/03/2019 15:00,0.041,0.349,0.186
18/03/2019 16:00,0.05,0.32,0.008
18/03/2019 17:00,0.046,0.251,0.0
18/03/2019 18:00,0.051,0.16,0.0
18/03/2019 19:00,0.062,0.081,0.0
18/03/2019 20:00,0.089,0.028,0.0
18/03/2019 21:00,0.133,0.004,0.0
18/03/2019 22:00,0.197,0.0,0.0
18/03/2019 23:00,0.287,0.0,0.0
19/03/2019 00:00,0.374,0.0,0.0
19/03/2019 01:00,0.435,0.0,0.0
19/03/2019 02:00,0.474,0.0,0.0
19/03/2019 03:00,0.479,0.001,0.0
19/03/2019 04:00,0.45,0.001,0.005
19/03/2019 05:00,0.272,0.001,0.195
19/03/2019 06:00,0.347,0.003,0.419
19/03/2019 07:00,0.369,0.007,0.574
19/03/2019 08:00,0.342,0.011,0.63
19/03/2019 09:00,0.302,0.012,0.692
19/03/2019 10:00,0.249,0.017,0.786
19/03/2019 11:00,0.21,0.035,0.781
19/03/2019 12:00,0.213,0.047,0.709
19/03/2019 13:00,0.213,0.088,0.588
19/03/2019 14:00,0.17,0.179,0.411
19/03/2019 15:00,0.087,0.297,0.188
19/03/2019 16:00,0.051,0.311,0.007
19/03/2019 17:00,0.033,0.219,0.0
19/03/2019 18:00,0.026,0.087,0.0
19/03/2019 19:00,0.045,0.017,0.0
19/03/2019 20:00,0.082,0.0,0.0
19/03/2019 21:00,0.113,0.0,0.0
19/03/2019 22:00,0.122,0.001,0.0
19/03/2019 23:00,0.106,0.017,0.0
20/03/2019 00:00,0.069,0.045,0.0
20/03/2019 01:00,0.027,0.073,0.0
20/03/2019 02:00,0.011,0.104,0.0
20/03/2019 03:00,0.002,0.139,0.0
20/03/2019 04:00,0.001,0.183,0.004
20/03/2019 05:00,0.003,0.208,0.156
20/03/2019 06:00,0.005,0.223,0.316
20/03/2019 07:00,0.002,0.237,0.576
20/03/2019 08:00,0.001,0.309,0.706
20/03/2019 09:00,0.004,0.341,0.763
20/03/2019 10:00,0.028,0.349,0.762
20/03/2019 11:00,0.041,0.355,0.738
20/03/2019 12:00,0.054,0.358,0.64
20/03/2019 13:00,0.096,0.364,0.52
20/03/2019 14:00,0.169,0.358,0.315
20/03/2019 15:00,0.264,0.333,0.099
20/03/2019 16:00,0.317,0.298,0.003
20/03/2019 17:00,0.34,0.254,0.0
20/03/2019 18:00,0.309,0.171,0.0
20/03/2019 19:00,0.246,0.082,0.0
20/03/2019 20:00,0.192,0.037,0.0
20/03/2019 21:00,0.144,0.02,0.0
20/03/2019 22:00,0.107,0.024,0.0
20/03/2019 23:00,0.081,0.037,0.0
21/03/2019 00:00,0.058,0.047,0.0
21/03/2019 01:00,0.042,0.047,0.0
21/03/2019 02:00,0.033,0.042,0.0
21/03/2019 03:00,0.032,0.037,0.0
21/03/2019 04:00,0.029,0.035,0.003
21/03/2019 05:00,0.016,0.033,0.16
21/03/2019 06:00,0.004,0.031,0.351
21/03/2019 07:00,0.027,0.033,0.532
21/03/2019 08:00,0.025,0.002,0.698
21/03/2019 09:00,0.016,0.013,0.78
21/03/2019 10:00,0.039,0.003,0.802
21/03/2019 11:00,0.057,0.002,0.775
21/03/2019 12:00,0.077,0.002,0.703
21/03/2019 13:00,0.114,0.009,0.581
21/03/2019 14:00,0.228,0.038,0.406
21/03/2019 15:00,0.45,0.101,0.185
21/03/2019 16:00,0.552,0.178,0.006
21/03/2019 17:00,0.537,0.22,0.0
21/03/2019 18:00,0.495,0.204,0.0
21/03/2019 19:00,0.379,0.146,0.0
21/03/2019 20:00,0.252,0.082,0.0
21/03/2019 21:00,0.155,0.037,0.0
21/03/2019 22:00,0.1,0.016,0.0
21/03/2019 23:00,0.072,0.004,0.0
22/03/2019 00:00,0.057,0.001,0.0
22/03/2019 01:00,0.051,0.0,0.0
22/03/2019 02:00,0.045,0.0,0.0
22/03/2019 03:00,0.053,0.0,0.0
22/03/2019 04:00,0.07,0.0,0.004
22/03/2019 05:00,0.093,0.0,0.192
22/03/2019 06:00,0.09,0.0,0.425
22/03/2019 07:00,0.067,0.0,0.601
22/03/2019 08:00,0.036,0.0,0.711
22/03/2019 09:00,0.013,0.0,0.765
22/03/2019 10:00,0.006,0.0,0.787
22/03/2019 11:00,0.02,0.0,0.748
22/03/2019 12:00,0.027,0.002,0.613
22/03/2019 13:00,0.024,0.037,0.338
22/03/2019 14:00,0.034,0.139,0.146
22/03/2019 15:00,0.049,0.216,0.064
22/03/2019 16:00,0.05,0.213,0.002
22/03/2019 17:00,0.042,0.176,0.0
22/03/2019 18:00,0.041,0.127,0.0
22/03/2019 19:00,0.034,0.076,0.0
22/03/2019 20:00,0.025,0.054,0.0
22/03/2019 21:00,0.022,0.047,0.0
22/03/2019 22:00,0.032,0.03,0.0
22/03/2019 23:00,0.059,0.02,0.0
23/03/2019 00:00,0.114,0.03,0.0
23/03/2019 01:00,0.193,0.043,0.0
23/03/2019 02:00,0.272,0.029,0.0
23/03/2019 03:00,0.327,0.018,0.0
23/03/2019 04:00,0.351,0.014,0.002
23/03/2019 05:00,0.314,0.008,0.106
23/03/2019 06:00,0.54,0.005,0.304
23/03/2019 07:00,0.723,0.003,0.531
23/03/2019 08:00,0.728,0.003,0.685
23/03/2019 09:00,0.69,0.009,0.752
23/03/2019 10:00,0.654,0.029,0.75
23/03/2019 11:00,0.63,0.045,0.688
23/03/2019 12:00,0.61,0.057,0.589
23/03/2019 13:00,0.574,0.076,0.422
23/03/2019 14:00,0.435,0.103,0.167
23/03/2019 15:00,0.329,0.131,0.028
23/03/2019 16:00,0.414,0.136,0.0
23/03/2019 17:00,0.516,0.136,0.0
23/03/2019 18:00,0.581,0.118,0.0
23/03/2019 19:00,0.668,0.068,0.0
23/03/2019 20:00,0.694,0.026,0.0
23/03/2019 21:00,0.682,0.004,0.0
23/03/2019 22:00,0.717,0.0,0.0
23/03/2019 23:00,0.76,0.0,0.0
24/03/2019 00:00,0.786,0.0,0.0
24/03/2019 01:00,0.808,0.002,0.0
24/03/2019 02:00,0.811,0.004,0.0
24/03/2019 03:00,0.788,0.001,0.0
24/03/2019 04:00,0.766,0.0,0.003
24/03/2019 05:00,0.732,0.002,0.167
24/03/2019 06:00,0.801,0.001,0.389
24/03/2019 07:00,0.788,0.006,0.565
24/03/2019 08:00,0.742,0.018,0.686
24/03/2019 09:00,0.691,0.014,0.755
24/03/2019 10:00,0.63,0.015,0.775
24/03/2019 11:00,0.529,0.009,0.751
24/03/2019 12:00,0.407,0.007,0.681
24/03/2019 13:00,0.272,0.006,0.563
24/03/2019 14:00,0.12,0.02,0.393
24/03/2019 15:00,0.133,0.06,0.176
24/03/2019 16:00,0.272,0.063,0.004
24/03/2019 17:00,0.352,0.045,0.0
24/03/2019 18:00,0.348,0.034,0.0
24/03/2019 19:00,0.264,0.025,0.0
24/03/2019 20:00,0.088,0.011,0.0
24/03/2019 21:00,0.025,0.001,0.0
24/03/2019 22:00,0.015,0.0,0.0
24/03/2019 23:00,0.011,0.0,0.0
25/03/2019 00:00,0.007,0.0,0.0
25/03/2019 01:00,0.005,0.007,0.0
25/03/2019 02:00,0.003,0.009,0.0
25/03/2019 03:00,0.003,0.008,0.0
25/03/2019 04:00,0.004,0.01,0.002
25/03/2019 05:00,0.003,0.022,0.169
25/03/2019 06:00,0.005,0.029,0.408
25/03/2019 07:00,0.026,0.03,0.59
25/03/2019 08:00,0.093,0.032,0.707
25/03/2019 09:00,0.128,0.045,0.773
25/03/2019 10:00,0.183,0.071,0.79
25/03/2019 11:00,0.248,0.096,0.763
25/03/2019 12:00,0.289,0.165,0.689
25/03/2019 13:00,0.291,0.343,0.566
25/03/2019 14:00,0.3,0.58,0.38
25/03/2019 15:00,0.29,0.739,0.167
25/03/2019 16:00,0.278,0.835,0.003
25/03/2019 17:00,0.238,0.92,0.0
25/03/2019 18:00,0.224,0.975,0.0
25/03/2019 19:00,0.218,0.991,0.0
25/03/2019 20:00,0.237,0.979,0.0
25/03/2019 21:00,0.228,0.98,0.0
25/03/2019 22:00,0.212,0.983,0.0
25/03/2019 23:00,0.208,0.99,0.0
26/03/2019 00:00,0.206,0.989,0.0
26/03/2019 01:00,0.19,0.975,0.0
26/03/2019 02:00,0.221,0.952,0.0
26/03/2019 03:00,0.24,0.914,0.0
26/03/2019 04:00,0.264,0.868,0.001
26/03/2019 05:00,0.261,0.811,0.133
26/03/2019 06:00,0.177,0.731,0.37
26/03/2019 07:00,0.088,0.663,0.567
26/03/2019 08:00,0.03,0.591,0.704
26/03/2019 09:00,0.011,0.513,0.778
26/03/2019 10:00,0.004,0.454,0.804
26/03/2019 11:00,0.021,0.432,0.779
26/03/2019 12:00,0.054,0.395,0.706
26/03/2019 13:00,0.085,0.364,0.57
26/03/2019 14:00,0.167,0.352,0.33
26/03/2019 15:00,0.254,0.348,0.099
26/03/2019 16:00,0.267,0.328,0.002
26/03/2019 17:00,0.262,0.278,0.0
26/03/2019 18:00,0.261,0.219,0.0
26/03/2019 19:00,0.247,0.165,0.0
26/03/2019 20:00,0.179,0.112,0.0
26/03/2019 21:00,0.128,0.07,0.0
26/03/2019 22:00,0.106,0.045,0.0
26/03/2019 23:00,0.085,0.023,0.0
27/03/2019 00:00,0.073,0.007,0.0
27/03/2019 01:00,0.076,0.001,0.0
27/03/2019 02:00,0.088,0.0,0.0
27/03/2019 03:00,0.102,0.0,0.0
27/03/2019 04:00,0.179,0.0,0.002
27/03/2019 05:00,0.195,0.003,0.182
27/03/2019 06:00,0.274,0.027,0.4
27/03/2019 07:00,0.566,0.045,0.582
27/03/2019 08:00,0.731,0.024,0.701
27/03/2019 09:00,0.758,0.036,0.761
27/03/2019 10:00,0.715,0.047,0.772
27/03/2019 11:00,0.635,0.047,0.731
27/03/2019 12:00,0.548,0.041,0.652
27/03/2019 13:00,0.46,0.047,0.535
27/03/2019 14:00,0.328,0.087,0.374
27/03/2019 15:00,0.158,0.152,0.167
27/03/2019 16:00,0.11,0.296,0.002
27/03/2019 17:00,0.104,0.476,0.0
27/03/2019 18:00,0.125,0.571,0.0
27/03/2019 19:00,0.158,0.558,0.0
27/03/2019 20:00,0.189,0.482,0.0
27/03/2019 21:00,0.211,0.404,0.0
27/03/2019 22:00,0.233,0.346,0.0
27/03/2019 23:00,0.267,0.279,0.0
28/03/2019 00:00,0.302,0.194,0.0
28/03/2019 01:00,0.289,0.142,0.0
28/03/2019 02:00,0.233,0.112,0.0
28/03/2019 03:00,0.164,0.098,0.0
28/03/2019 04:00,0.093,0.103,0.001
28/03/2019 05:00,0.038,0.111,0.181
28/03/2019 06:00,0.017,0.14,0.414
28/03/2019 07:00,0.087,0.205,0.572
28/03/2019 08:00,0.213,0.299,0.648
28/03/2019 09:00,0.318,0.574,0.616
28/03/2019 10:00,0.344,0.684,0.54
28/03/2019 11:00,0.391,0.71,0.505
28/03/2019 12:00,0.395,0.701,0.498
28/03/2019 13:00,0.387,0.696,0.473
28/03/2019 14:00,0.296,0.667,0.372
28/03/2019 15:00,0.183,0.63,0.172
28/03/2019 16:00,0.138,0.601,0.002
28/03/2019 17:00,0.062,0.544,0.0
28/03/2019 18:00,0.024,0.422,0.0
28/03/2019 19:00,0.019,0.281,0.0
28/03/2019 20:00,0.019,0.211,0.0
28/03/2019 21:00,0.013,0.181,0.0
28/03/2019 22:00,0.004,0.161,0.0
28/03/2019 23:00,0.001,0.142,0.0
29/03/2019 00:00,0.001,0.127,0.0
29/03/2019 01:00,0.016,0.112,0.0
29/03/2019 02:00,0.046,0.098,0.0
29/03/2019 03:00,0.03,0.085,0.0
29/03/2019 04:00,0.015,0.082,0.001
29/03/2019 05:00,0.009,0.085,0.168
29/03/2019 06:00,0.027,0.083,0.407
29/03/2019 07:00,0.028,0.057,0.584
29/03/2019 08:00,0.013,0.029,0.704
29/03/2019 09:00,0.006,0.011,0.77
29/03/2019 10:00,0.006,0.008,0.788
29/03/2019 11:00,0.009,0.017,0.76
29/03/2019 12:00,0.013,0.044,0.687
29/03/2019 13:00,0.016,0.086,0.564
29/03/2019 14:00,0.019,0.11,0.389
29/03/2019 15:00,0.046,0.108,0.168
29/03/2019 16:00,0.061,0.107,0.002
29/03/2019 17:00,0.042,0.108,0.0
29/03/2019 18:00,0.037,0.105,0.0
29/03/2019 19:00,0.05,0.083,0.0
29/03/2019 20:00,0.074,0.059,0.0
29/03/2019 21:00,0.114,0.036,0.0
29/03/2019 22:00,0.179,0.015,0.0
29/03/2019 23:00,0.272,0.003,0.0
30/03/2019 00:00,0.365,0.0,0.0
30/03/2019 01:00,0.432,0.0,0.0
30/03/2019 02:00,0.457,0.0,0.0
30/03/2019 03:00,0.438,0.0,0.0
30/03/2019 04:00,0.398,0.001,0.001
30/03/2019 05:00,0.251,0.003,0.183
30/03/2019 06:00,0.132,0.006,0.408
30/03/2019 07:00,0.14,0.008,0.569
30/03/2019 08:00,0.089,0.008,0.669
30/03/2019 09:00,0.059,0.002,0.733
30/03/2019 10:00,0.047,0.0,0.77
30/03/2019 11:00,0.048,0.0,0.739
30/03/2019 12:00,0.055,0.0,0.648
30/03/2019 13:00,0.058,0.02,0.492
30/03/2019 14:00,0.051,0.048,0.169
30/03/2019 15:00,0.043,0.148,0.053
30/03/2019 16:00,0.022,0.227,0.0
30/03/2019 17:00,0.02,0.21,0.0
30/03/2019 18:00,0.03,0.154,0.0
30/03/2019 19:00,0.062,0.091,0.0
30/03/2019 20:00,0.114,0.045,0.0
30/03/2019 21:00,0.163,0.017,0.0
30/03/2019 22:00,0.194,0.011,0.0
30/03/2019 23:00,0.186,0.011,0.0
31/03/2019 00:00,0.157,0.011,0.0
31/03/2019 01:00,0.163,0.01,0.0
31/03/2019 02:00,0.203,0.009,0.0
31/03/2019 03:00,0.277,0.015,0.0
31/03/2019 04:00,0.361,0.025,0.0
31/03/2019 05:00,0.267,0.038,0.151
31/03/2019 06:00,0.201,0.06,0.357
31/03/2019 07:00,0.181,0.078,0.536
31/03/2019 08:00,0.323,0.076,0.66
31/03/2019 09:00,0.481,0.069,0.729
31/03/2019 10:00,0.556,0.085,0.724
31/03/2019 11:00,0.602,0.131,0.664
31/03/2019 12:00,0.601,0.198,0.589
31/03/2019 13:00,0.571,0.264,0.474
31/03/2019 14:00,0.476,0.337,0.299
31/03/2019 15:00,0.36,0.405,0.098
31/03/2019 16:00,0.491,0.438,0.0
31/03/2019 17:00,0.656,0.412,0.0
31/03/2019 18:00,0.72,0.325,0.0
31/03/2019 19:00,0.786,0.245,0.0
31/03/2019 20:00,0.819,0.225,0.0
31/03/2019 21:00,0.816,0.238,0.0
31/03/2019 22:00,0.765,0.271,0.0
31/03/2019 23:00,0.622,0.287,0.0
01/04/2019 00:00,0.59,0.264,0.0
01/04/2019 01:00,0.631,0.243,0.0
01/04/2019 02:00,0.552,0.227,0.0
01/04/2019 03:00,0.397,0.207,0.0
01/04/2019 04:00,0.259,0.193,0.0
01/04/2019 05:00,0.167,0.193,0.092
01/04/2019 06:00,0.191,0.209,0.259
01/04/2019 07:00,0.231,0.225,0.487
01/04/2019 08:00,0.263,0.408,0.709
01/04/2019 09:00,0.328,0.555,0.811
01/04/2019 10:00,0.414,0.64,0.829
01/04/2019 11:00,0.472,0.694,0.789
01/04/2019 12:00,0.465,0.728,0.717
01/04/2019 13:00,0.396,0.759,0.589
01/04/2019 14:00,0.301,0.79,0.374
01/04/2019 15:00,0.239,0.812,0.103
01/04/2019 16:00,0.296,0.832,0.0
01/04/2019 17:00,0.308,0.857,0.0
01/04/2019 18:00,0.277,0.849,0.0
01/04/2019 19:00,0.251,0.831,0.0
01/04/2019 20:00,0.177,0.814,0.0
01/04/2019 21:00,0.093,0.793,0.0
01/04/2019 22:00,0.041,0.772,0.0
01/04/2019 23:00,0.022,0.734,0.0
02/04/2019 00:00,0.028,0.693,0.0
02/04/2019 01:00,0.044,0.663,0.0
02/04/2019 02:00,0.056,0.583,0.0
02/04/2019 03:00,0.06,0.535,0.0
02/04/2019 04:00,0.069,0.528,0.0
02/04/2019 05:00,0.063,0.541,0.193
02/04/2019 06:00,0.047,0.536,0.424
02/04/2019 07:00,0.02,0.467,0.563
02/04/2019 08:00,0.001,0.398,0.661
02/04/2019 09:00,0.003,0.262,0.754
02/04/2019 10:00,0.035,0.157,0.819
02/04/2019 11:00,0.046,0.145,0.801
02/04/2019 12:00,0.008,0.179,0.722
02/04/2019 13:00,0.045,0.252,0.589
02/04/2019 14:00,0.073,0.416,0.401
02/04/2019 15:00,0.172,0.618,0.162
02/04/2019 16:00,0.255,0.746,0.0
02/04/2019 17:00,0.279,0.809,0.0
02/04/2019 18:00,0.31,0.772,0.0
02/04/2019 19:00,0.234,0.703,0.0
02/04/2019 20:00,0.134,0.648,0.0
02/04/2019 21:00,0.097,0.548,0.0
02/04/2019 22:00,0.092,0.355,0.0
02/04/2019 23:00,0.121,0.228,0.0
03/04/2019 00:00,0.202,0.151,0.0
03/04/2019 01:00,0.308,0.105,0.0
03/04/2019 02:00,0.397,0.078,0.0
03/04/2019 03:00,0.444,0.064,0.0
03/04/2019 04:00,0.479,0.069,0.0
03/04/2019 05:00,0.42,0.09,0.165
03/04/2019 06:00,0.571,0.118,0.39
03/04/2019 07:00,0.767,0.132,0.549
03/04/2019 08:00,0.801,0.089,0.631
03/04/2019 09:00,0.786,0.079,0.679
03/04/2019 10:00,0.756,0.058,0.689
03/04/2019 11:00,0.72,0.021,0.611
03/04/2019 12:00,0.674,0.007,0.41
03/04/2019 13:00,0.616,0.005,0.217
03/04/2019 14:00,0.466,0.025,0.111
03/04/2019 15:00,0.337,0.051,0.06
03/04/2019 16:00,0.343,0.178,0.0
03/04/2019 17:00,0.527,0.32,0.0
03/04/2019 18:00,0.773,0.291,0.0
03/04/2019 19:00,0.838,0.174,0.0
03/04/2019 20:00,0.84,0.075,0.0
03/04/2019 21:00,0.8,0.015,0.0
03/04/2019 22:00,0.839,0.0,0.0
03/04/2019 23:00,0.856,0.0,0.0
04/04/2019 00:00,0.87,0.0,0.0
04/04/2019 01:00,0.881,0.0,0.0
04/04/2019 02:00,0.871,0.0,0.0
04/04/2019 03:00,0.868,0.004,0.0
04/04/2019 04:00,0.873,0.017,0.0
04/04/2019 05:00,0.875,0.041,0.136
04/04/2019 06:00,0.968,0.082,0.406
04/04/2019 07:00,0.991,0.14,0.597
04/04/2019 08:00,0.991,0.14,0.716
04/04/2019 09:00,0.989,0.165,0.786
04/04/2019 10:00,0.982,0.245,0.79
04/04/2019 11:00,0.968,0.326,0.59
04/04/2019 12:00,0.943,0.433,0.37
04/04/2019 13:00,0.892,0.578,0.266
04/04/2019 14:00,0.694,0.72,0.15
04/04/2019 15:00,0.241,0.759,0.059
04/04/2019 16:00,0.122,0.685,0.0
04/04/2019 17:00,0.192,0.494,0.0
04/04/2019 18:00,0.243,0.21,0.0
04/04/2019 19:00,0.175,0.066,0.0
04/04/2019 20:00,0.113,0.037,0.0
04/04/2019 21:00,0.073,0.051,0.0
04/04/2019 22:00,0.068,0.087,0.0
04/04/2019 23:00,0.095,0.149,0.0
05/04/2019 00:00,0.147,0.193,0.0
05/04/2019 01:00,0.188,0.168,0.0
05/04/2019 02:00,0.163,0.162,0.0
05/04/2019 03:00,0.171,0.175,0.0
05/04/2019 04:00,0.155,0.155,0.0
05/04/2019 05:00,0.167,0.182,0.119
05/04/2019 06:00,0.305,0.226,0.335
05/04/2019 07:00,0.388,0.265,0.554
05/04/2019 08:00,0.352,0.332,0.678
05/04/2019 09:00,0.314,0.376,0.757
05/04/2019 10:00,0.288,0.488,0.793
05/04/2019 11:00,0.279,0.618,0.771
05/04/2019 12:00,0.311,0.656,0.699
05/04/2019 13:00,0.366,0.73,0.573
05/04/2019 14:00,0.416,0.732,0.391
05/04/2019 15:00,0.395,0.821,0.158
05/04/2019 16:00,0.332,0.863,0.0
05/04/2019 17:00,0.302,0.865,0.0
05/04/2019 18:00,0.223,0.858,0.0
05/04/2019 19:00,0.158,0.808,0.0
05/04/2019 20:00,0.123,0.811,0.0
05/04/2019 21:00,0.133,0.817,0.0
05/04/2019 22:00,0.155,0.813,0.0
05/04/2019 23:00,0.161,0.832,0.0
06/04/2019 00:00,0.147,0.853,0.0
06/04/2019 01:00,0.123,0.839,0.0
06/04/2019 02:00,0.118,0.866,0.0
06/04/2019 03:00,0.093,0.878,0.0
06/04/2019 04:00,0.076,0.875,0.0
06/04/2019 05:00,0.081,0.871,0.163
06/04/2019 06:00,0.08,0.866,0.408
06/04/2019 07:00,0.055,0.885,0.593
06/04/2019 08:00,0.028,0.951,0.717
06/04/2019 09:00,0.022,0.98,0.788
06/04/2019 10:00,0.019,0.988,0.806
06/04/2019 11:00,0.014,0.987,0.743
06/04/2019 12:00,0.008,0.989,0.594
06/04/2019 13:00,0.001,0.99,0.414
06/04/2019 14:00,0.004,0.99,0.238
06/04/2019 15:00,0.006,0.988,0.091
06/04/2019 16:00,0.009,0.98,0.0
06/04/2019 17:00,0.027,0.955,0.0
06/04/2019 18:00,0.037,0.911,0.0
06/04/2019 19:00,0.041,0.881,0.0
06/04/2019 20:00,0.049,0.865,0.0
06/04/2019 21:00,0.061,0.857,0.0
06/04/2019 22:00,0.075,0.874,0.0
06/04/2019 23:00,0.088,0.89,0.0
07/04/2019 00:00,0.109,0.918,0.0
07/04/2019 01:00,0.138,0.949,0.0
07/04/2019 02:00,0.169,0.961,0.0
07/04/2019 03:00,0.213,0.961,0.0
07/04/2019 04:00,0.272,0.955,0.0
07/04/2019 05:00,0.231,0.943,0.04
07/04/2019 06:00,0.149,0.918,0.206
07/04/2019 07:00,0.167,0.871,0.518
07/04/2019 08:00,0.173,0.802,0.603
07/04/2019 09:00,0.179,0.753,0.702
07/04/2019 10:00,0.161,0.724,0.743
07/04/2019 11:00,0.135,0.675,0.679
07/04/2019 12:00,0.123,0.63,0.579
07/04/2019 13:00,0.101,0.593,0.503
07/04/2019 14:00,0.045,0.523,0.363
07/04/2019 15:00,0.007,0.42,0.118
07/04/2019 16:00,0.014,0.316,0.0
07/04/2019 17:00,0.047,0.232,0.0
07/04/2019 18:00,0.105,0.156,0.0
07/04/2019 19:00,0.2,0.099,0.0
07/04/2019 20:00,0.301,0.058,0.0
07/04/2019 21:00,0.343,0.025,0.0
07/04/2019 22:00,0.309,0.006,0.0
07/04/2019 23:00,0.419,0.003,0.0
08/04/2019 00:00,0.625,0.002,0.0
08/04/2019 01:00,0.509,0.001,0.0
08/04/2019 02:00,0.519,0.0,0.0
08/04/2019 03:00,0.355,0.0,0.0
08/04/2019 04:00,0.162,0.001,0.0
08/04/2019 05:00,0.155,0.006,0.151
08/04/2019 06:00,0.32,0.023,0.381
08/04/2019 07:00,0.557,0.045,0.561
08/04/2019 08:00,0.682,0.044,0.687
08/04/2019 09:00,0.739,0.043,0.761
08/04/2019 10:00,0.751,0.054,0.785
08/04/2019 11:00,0.627,0.072,0.763
08/04/2019 12:00,0.233,0.114,0.692
08/04/2019 13:00,0.251,0.221,0.569
08/04/2019 14:00,0.18,0.4,0.389
08/04/2019 15:00,0.081,0.573,0.159
08/04/2019 16:00,0.02,0.679,0.0
08/04/2019 17:00,0.004,0.682,0.0
08/04/2019 18:00,0.039,0.661,0.0
08/04/2019 19:00,0.081,0.675,0.0
08/04/2019 20:00,0.067,0.731,0.0
08/04/2019 21:00,0.044,0.772,0.0
08/04/2019 22:00,0.032,0.796,0.0
08/04/2019 23:00,0.026,0.795,0.0
09/04/2019 00:00,0.021,0.762,0.0
09/04/2019 01:00,0.017,0.693,0.0
09/04/2019 02:00,0.007,0.566,0.0
09/04/2019 03:00,0.003,0.423,0.0
09/04/2019 04:00,0.002,0.331,0.0
09/04/2019 05:00,0.001,0.298,0.141
09/04/2019 06:00,0.308,0.518,0.396
09/04/2019 07:00,0.003,0.308,0.575
09/04/2019 08:00,0.005,0.233,0.699
09/04/2019 09:00,0.01,0.164,0.768
09/04/2019 10:00,0.02,0.101,0.787
09/04/2019 11:00,0.032,0.044,0.758
09/04/2019 12:00,0.045,0.017,0.684
09/04/2019 13:00,0.063,0.006,0.558
09/04/2019 14:00,0.097,0.004,0.376
09/04/2019 15:00,0.188,0.044,0.145
09/04/2019 16:00,0.296,0.123,0.0
09/04/2019 17:00,0.274,0.179,0.0
09/04/2019 18:00,0.241,0.106,0.0
09/04/2019 19:00,0.207,0.023,0.0
09/04/2019 20:00,0.173,0.004,0.0
09/04/2019 21:00,0.147,0.038,0.0
09/04/2019 22:00,0.139,0.144,0.0
09/04/2019 23:00,0.148,0.252,0.0
10/04/2019 00:00,0.155,0.312,0.0
10/04/2019 01:00,0.159,0.342,0.0
10/04/2019 02:00,0.169,0.374,0.0
10/04/2019 03:00,0.184,0.347,0.0
10/04/2019 04:00,0.205,0.25,0.0
10/04/2019 05:00,0.138,0.157,0.069
10/04/2019 06:00,0.079,0.126,0.318
10/04/2019 07:00,0.045,0.119,0.568
10/04/2019 08:00,0.026,0.116,0.693
10/04/2019 09:00,0.038,0.127,0.75
10/04/2019 10:00,0.072,0.138,0.774
10/04/2019 11:00,0.101,0.148,0.743
10/04/2019 12:00,0.091,0.119,0.659
10/04/2019 13:00,0.057,0.087,0.502
10/04/2019 14:00,0.011,0.09,0.269
10/04/2019 15:00,0.009,0.134,0.066
10/04/2019 16:00,0.03,0.192,0.0
10/04/2019 17:00,0.067,0.201,0.0
10/04/2019 18:00,0.134,0.092,0.0
10/04/2019 19:00,0.211,0.008,0.0
10/04/2019 20:00,0.237,0.0,0.0
10/04/2019 21:00,0.219,0.0,0.0
10/04/2019 22:00,0.279,0.001,0.0
10/04/2019 23:00,0.403,0.005,0.0
11/04/2019 00:00,0.488,0.024,0.0
11/04/2019 01:00,0.55,0.05,0.0
11/04/2019 02:00,0.521,0.059,0.0
11/04/2019 03:00,0.494,0.069,0.0
11/04/2019 04:00,0.501,0.077,0.0
11/04/2019 05:00,0.362,0.066,0.139
11/04/2019 06:00,0.352,0.047,0.376
11/04/2019 07:00,0.268,0.062,0.559
11/04/2019 08:00,0.127,0.062,0.681
11/04/2019 09:00,0.039,0.077,0.738
11/04/2019 10:00,0.007,0.144,0.751
11/04/2019 11:00,0.001,0.162,0.72
11/04/2019 12:00,0.156,0.758,0.647
11/04/2019 13:00,0.192,0.774,0.512
11/04/2019 14:00,0.001,0.182,0.336
11/04/2019 15:00,0.001,0.211,0.096
11/04/2019 16:00,0.001,0.264,0.0
11/04/2019 17:00,0.001,0.254,0.0
11/04/2019 18:00,0.002,0.119,0.0
11/04/2019 19:00,0.004,0.019,0.0
11/04/2019 20:00,0.006,0.0,0.0
11/04/2019 21:00,0.012,0.007,0.0
11/04/2019 22:00,0.026,0.073,0.0
11/04/2019 23:00,0.051,0.372,0.0
12/04/2019 00:00,0.087,0.653,0.0
12/04/2019 01:00,0.133,0.69,0.0
12/04/2019 02:00,0.192,0.84,0.0
12/04/2019 03:00,0.24,0.932,0.0
12/04/2019 04:00,0.279,0.962,0.0
12/04/2019 05:00,0.231,0.981,0.144
12/04/2019 06:00,0.14,0.987,0.382
12/04/2019 07:00,0.102,0.989,0.561
12/04/2019 08:00,0.059,0.991,0.683
12/04/2019 09:00,0.036,0.986,0.752
12/04/2019 10:00,0.02,0.977,0.772
12/04/2019 11:00,0.011,0.978,0.746
12/04/2019 12:00,0.007,0.988,0.672
12/04/2019 13:00,0.005,0.991,0.547
12/04/2019 14:00,0.004,0.982,0.366
12/04/2019 15:00,0.004,0.96,0.137
12/04/2019 16:00,0.003,0.916,0.0
12/04/2019 17:00,0.001,0.826,0.0
12/04/2019 18:00,0.001,0.668,0.0
12/04/2019 19:00,0.003,0.476,0.0
12/04/2019 20:00,0.012,0.341,0.0
12/04/2019 21:00,0.025,0.248,0.0
12/04/2019 22:00,0.042,0.176,0.0
12/04/2019 23:00,0.064,0.112,0.0
13/04/2019 00:00,0.089,0.067,0.0
13/04/2019 01:00,0.11,0.048,0.0
13/04/2019 02:00,0.122,0.05,0.0
13/04/2019 03:00,0.141,0.061,0.0
13/04/2019 04:00,0.178,0.069,0.0
13/04/2019 05:00,0.182,0.085,0.144
13/04/2019 06:00,0.095,0.112,0.382
13/04/2019 07:00,0.045,0.122,0.56
13/04/2019 08:00,0.034,0.101,0.682
13/04/2019 09:00,0.033,0.09,0.753
13/04/2019 10:00,0.029,0.1,0.772
13/04/2019 11:00,0.025,0.117,0.745
13/04/2019 12:00,0.018,0.135,0.672
13/04/2019 13:00,0.013,0.163,0.546
13/04/2019 14:00,0.008,0.193,0.366
13/04/2019 15:00,0.007,0.213,0.136
13/04/2019 16:00,0.036,0.21,0.0
13/04/2019 17:00,0.115,0.184,0.0
13/04/2019 18:00,0.228,0.138,0.0
13/04/2019 19:00,0.362,0.108,0.0
13/04/2019 20:00,0.491,0.089,0.0
13/04/2019 21:00,0.577,0.068,0.0
13/04/2019 22:00,0.611,0.044,0.0
13/04/2019 23:00,0.628,0.037,0.0
14/04/2019 00:00,0.644,0.051,0.0
14/04/2019 01:00,0.663,0.076,0.0
14/04/2019 02:00,0.675,0.102,0.0
14/04/2019 03:00,0.692,0.117,0.0
14/04/2019 04:00,0.708,0.118,0.0
14/04/2019 05:00,0.601,0.092,0.092
14/04/2019 06:00,0.663,0.058,0.324
14/04/2019 07:00,0.842,0.037,0.54
14/04/2019 08:00,0.869,0.021,0.684
14/04/2019 09:00,0.835,0.022,0.765
14/04/2019 10:00,0.791,0.024,0.79
14/04/2019 11:00,0.751,0.025,0.764
14/04/2019 12:00,0.67,0.03,0.692
14/04/2019 13:00,0.459,0.042,0.566
14/04/2019 14:00,0.138,0.051,0.382
14/04/2019 15:00,0.035,0.044,0.145
14/04/2019 16:00,0.02,0.025,0.0
14/04/2019 17:00,0.016,0.014,0.0
14/04/2019 18:00,0.012,0.013,0.0
14/04/2019 19:00,0.014,0.013,0.0
14/04/2019 20:00,0.021,0.009,0.0
14/04/2019 21:00,0.015,0.002,0.0
14/04/2019 22:00,0.001,0.0,0.0
14/04/2019 23:00,0.004,0.0,0.0
15/04/2019 00:00,0.018,0.0,0.0
15/04/2019 01:00,0.035,0.001,0.0
15/04/2019 02:00,0.054,0.004,0.0
15/04/2019 03:00,0.053,0.013,0.0
15/04/2019 04:00,0.03,0.045,0.0
15/04/2019 05:00,0.01,0.092,0.177
15/04/2019 06:00,0.003,0.133,0.434
15/04/2019 07:00,0.003,0.147,0.626
15/04/2019 08:00,0.01,0.116,0.755
15/04/2019 09:00,0.042,0.071,0.825
15/04/2019 10:00,0.092,0.034,0.842
15/04/2019 11:00,0.142,0.007,0.812
15/04/2019 12:00,0.18,0.001,0.734
15/04/2019 13:00,0.196,0.007,0.604
15/04/2019 14:00,0.168,0.058,0.416
15/04/2019 15:00,0.093,0.147,0.168
15/04/2019 16:00,0.055,0.188,0.0
15/04/2019 17:00,0.023,0.14,0.0
15/04/2019 18:00,0.007,0.054,0.0
15/04/2019 19:00,0.002,0.007,0.0
15/04/2019 20:00,0.002,0.0,0.0
15/04/2019 21:00,0.004,0.0,0.0
15/04/2019 22:00,0.014,0.009,0.0
15/04/2019 23:00,0.036,0.066,0.0
16/04/2019 00:00,0.055,0.137,0.0
16/04/2019 01:00,0.067,0.167,0.0
16/04/2019 02:00,0.079,0.184,0.0
16/04/2019 03:00,0.093,0.201,0.0
16/04/2019 04:00,0.113,0.209,0.0
16/04/2019 05:00,0.076,0.209,0.172
16/04/2019 06:00,0.058,0.197,0.428
16/04/2019 07:00,0.102,0.193,0.618
16/04/2019 08:00,0.114,0.209,0.742
16/04/2019 09:00,0.133,0.244,0.812
16/04/2019 10:00,0.18,0.231,0.832
16/04/2019 11:00,0.227,0.203,0.803
16/04/2019 12:00,0.227,0.187,0.724
16/04/2019 13:00,0.192,0.207,0.595
16/04/2019 14:00,0.164,0.228,0.407
16/04/2019 15:00,0.192,0.261,0.163
16/04/2019 16:00,0.236,0.304,0.0
16/04/2019 17:00,0.193,0.306,0.0
16/04/2019 18:00,0.123,0.208,0.0
16/04/2019 19:00,0.077,0.088,0.0
16/04/2019 20:00,0.056,0.016,0.0
16/04/2019 21:00,0.051,0.001,0.0
16/04/2019 22:00,0.039,0.001,0.0
16/04/2019 23:00,0.027,0.003,0.0
17/04/2019 00:00,0.019,0.004,0.0
17/04/2019 01:00,0.012,0.003,0.0
17/04/2019 02:00,0.01,0.002,0.0
17/04/2019 03:00,0.012,0.001,0.0
17/04/2019 04:00,0.025,0.0,0.0
17/04/2019 05:00,0.037,0.0,0.037
17/04/2019 06:00,0.038,0.0,0.138
17/04/2019 07:00,0.129,0.0,0.235
17/04/2019 08:00,0.283,0.0,0.287
17/04/2019 09:00,0.367,0.001,0.29
17/04/2019 10:00,0.389,0.008,0.413
17/04/2019 11:00,0.352,0.041,0.386
17/04/2019 12:00,0.262,0.102,0.272
17/04/2019 13:00,0.155,0.187,0.249
17/04/2019 14:00,0.03,0.27,0.269
17/04/2019 15:00,0.006,0.261,0.068
17/04/2019 16:00,0.022,0.223,0.0
17/04/2019 17:00,0.037,0.174,0.0
17/04/2019 18:00,0.059,0.096,0.0
17/04/2019 19:00,0.089,0.045,0.0
17/04/2019 20:00,0.123,0.013,0.0
17/04/2019 21:00,0.143,0.0,0.0
17/04/2019 22:00,0.144,0.0,0.0
17/04/2019 23:00,0.134,0.001,0.0
18/04/2019 00:00,0.127,0.003,0.0
18/04/2019 01:00,0.122,0.011,0.0
18/04/2019 02:00,0.112,0.014,0.0
18/04/2019 03:00,0.123,0.027,0.0
18/04/2019 04:00,0.179,0.057,0.0
18/04/2019 05:00,0.216,0.123,0.086
18/04/2019 06:00,0.124,0.199,0.355
18/04/2019 07:00,0.182,0.232,0.589
18/04/2019 08:00,0.291,0.234,0.695
18/04/2019 09:00,0.328,0.235,0.746
18/04/2019 10:00,0.311,0.201,0.803
18/04/2019 11:00,0.274,0.171,0.785
18/04/2019 12:00,0.22,0.14,0.709
18/04/2019 13:00,0.144,0.12,0.58
18/04/2019 14:00,0.047,0.118,0.395
18/04/2019 15:00,0.009,0.133,0.154
18/04/2019 16:00,0.007,0.223,0.0
18/04/2019 17:00,0.033,0.409,0.0
18/04/2019 18:00,0.088,0.472,0.0
18/04/2019 19:00,0.145,0.432,0.0
18/04/2019 20:00,0.2,0.347,0.0
18/04/2019 21:00,0.212,0.269,0.0
18/04/2019 22:00,0.22,0.211,0.0
18/04/2019 23:00,0.267,0.185,0.0
19/04/2019 00:00,0.369,0.214,0.0
19/04/2019 01:00,0.51,0.319,0.0
19/04/2019 02:00,0.637,0.442,0.0
19/04/2019 03:00,0.732,0.566,0.0
19/04/2019 04:00,0.791,0.69,0.0
19/04/2019 05:00,0.75,0.74,0.152
19/04/2019 06:00,0.59,0.744,0.4
19/04/2019 07:00,0.786,0.716,0.58
19/04/2019 08:00,0.868,0.595,0.676
19/04/2019 09:00,0.906,0.454,0.701
19/04/2019 10:00,0.921,0.485,0.721
19/04/2019 11:00,0.928,0.539,0.692
19/04/2019 12:00,0.928,0.494,0.543
19/04/2019 13:00,0.914,0.486,0.249
19/04/2019 14:00,0.841,0.59,0.121
19/04/2019 15:00,0.783,0.618,0.039
19/04/2019 16:00,0.756,0.507,0.0
19/04/2019 17:00,0.741,0.368,0.0
19/04/2019 18:00,0.777,0.157,0.0
19/04/2019 19:00,0.803,0.018,0.0
19/04/2019 20:00,0.765,0.0,0.0
19/04/2019 21:00,0.731,0.002,0.0
19/04/2019 22:00,0.727,0.01,0.0
19/04/2019 23:00,0.73,0.006,0.0
20/04/2019 00:00,0.733,0.001,0.0
20/04/2019 01:00,0.727,0.003,0.0
20/04/2019 02:00,0.779,0.012,0.0
20/04/2019 03:00,0.798,0.02,0.0
20/04/2019 04:00,0.763,0.025,0.0
20/04/2019 05:00,0.605,0.038,0.143
20/04/2019 06:00,0.604,0.067,0.405
20/04/2019 07:00,0.799,0.113,0.594
20/04/2019 08:00,0.91,0.196,0.714
20/04/2019 09:00,0.906,0.568,0.764
20/04/2019 10:00,0.792,0.791,0.761
20/04/2019 11:00,0.7,0.846,0.73
20/04/2019 12:00,0.599,0.88,0.678
20/04/2019 13:00,0.464,0.909,0.567
20/04/2019 14:00,0.183,0.928,0.383
20/04/2019 15:00,0.015,0.944,0.14
20/04/2019 16:00,0.013,0.94,0.0
20/04/2019 17:00,0.037,0.906,0.0
20/04/2019 18:00,0.055,0.865,0.0
20/04/2019 19:00,0.047,0.816,0.0
20/04/2019 20:00,0.047,0.744,0.0
20/04/2019 21:00,0.033,0.59,0.0
20/04/2019 22:00,0.021,0.43,0.0
20/04/2019 23:00,0.015,0.346,0.0
21/04/2019 00:00,0.012,0.264,0.0
21/04/2019 01:00,0.015,0.179,0.0
21/04/2019 02:00,0.02,0.123,0.0
21/04/2019 03:00,0.02,0.097,0.0
21/04/2019 04:00,0.01,0.089,0.0
21/04/2019 05:00,0.011,0.084,0.042
21/04/2019 06:00,0.015,0.076,0.231
21/04/2019 07:00,0.014,0.061,0.553
21/04/2019 08:00,0.017,0.045,0.686
21/04/2019 09:00,0.024,0.049,0.72
21/04/2019 10:00,0.022,0.076,0.678
21/04/2019 11:00,0.026,0.091,0.531
21/04/2019 12:00,0.032,0.079,0.418
21/04/2019 13:00,0.051,0.06,0.254
21/04/2019 14:00,0.079,0.06,0.119
21/04/2019 15:00,0.038,0.078,0.023
21/04/2019 16:00,0.016,0.1,0.0
21/04/2019 17:00,0.024,0.111,0.0
21/04/2019 18:00,0.048,0.118,0.0
21/04/2019 19:00,0.051,0.108,0.0
21/04/2019 20:00,0.04,0.053,0.0
21/04/2019 21:00,0.047,0.006,0.0
21/04/2019 22:00,0.068,0.0,0.0
21/04/2019 23:00,0.087,0.0,0.0
22/04/2019 00:00,0.097,0.0,0.0
22/04/2019 01:00,0.111,0.001,0.0
22/04/2019 02:00,0.133,0.004,0.0
22/04/2019 03:00,0.131,0.017,0.0
22/04/2019 04:00,0.102,0.037,0.0
22/04/2019 05:00,0.063,0.066,0.032
22/04/2019 06:00,0.086,0.113,0.116
22/04/2019 07:00,0.118,0.167,0.19
22/04/2019 08:00,0.145,0.18,0.316
22/04/2019 09:00,0.208,0.122,0.391
22/04/2019 10:00,0.259,0.057,0.377
22/04/2019 11:00,0.339,0.024,0.289
22/04/2019 12:00,0.435,0.009,0.179
22/04/2019 13:00,0.523,0.01,0.16
22/04/2019 14:00,0.55,0.025,0.101
22/04/2019 15:00,0.47,0.051,0.019
22/04/2019 16:00,0.491,0.063,0.0
22/04/2019 17:00,0.483,0.05,0.0
22/04/2019 18:00,0.464,0.018,0.0
22/04/2019 19:00,0.529,0.001,0.0
22/04/2019 20:00,0.494,0.0,0.0
22/04/2019 21:00,0.498,0.0,0.0
22/04/2019 22:00,0.547,0.001,0.0
22/04/2019 23:00,0.618,0.003,0.0
23/04/2019 00:00,0.614,0.006,0.0
23/04/2019 01:00,0.605,0.004,0.0
23/04/2019 02:00,0.6,0.003,0.0
23/04/2019 03:00,0.556,0.005,0.0
23/04/2019 04:00,0.544,0.007,0.0
23/04/2019 05:00,0.422,0.006,0.049
23/04/2019 06:00,0.474,0.002,0.234
23/04/2019 07:00,0.526,0.0,0.491
23/04/2019 08:00,0.45,0.0,0.646
23/04/2019 09:00,0.355,0.0,0.725
23/04/2019 10:00,0.251,0.0,0.755
23/04/2019 11:00,0.172,0.001,0.743
23/04/2019 12:00,0.122,0.005,0.683
23/04/2019 13:00,0.118,0.014,0.564
23/04/2019 14:00,0.332,0.035,0.376
23/04/2019 15:00,0.335,0.047,0.13
23/04/2019 16:00,0.352,0.074,0.0
23/04/2019 17:00,0.439,0.085,0.0
23/04/2019 18:00,0.503,0.062,0.0
23/04/2019 19:00,0.525,0.031,0.0
23/04/2019 20:00,0.559,0.008,0.0
23/04/2019 21:00,0.547,0.0,0.0
23/04/2019 22:00,0.535,0.0,0.0
23/04/2019 23:00,0.498,0.0,0.0
24/04/2019 00:00,0.39,0.0,0.0
24/04/2019 01:00,0.179,0.0,0.0
24/04/2019 02:00,0.089,0.0,0.0
24/04/2019 03:00,0.111,0.0,0.0
24/04/2019 04:00,0.189,0.0,0.0
24/04/2019 05:00,0.142,0.0,0.126
24/04/2019 06:00,0.182,0.002,0.38
24/04/2019 07:00,0.308,0.002,0.564
24/04/2019 08:00,0.376,0.0,0.684
24/04/2019 09:00,0.432,0.0,0.758
24/04/2019 10:00,0.469,0.0,0.79
24/04/2019 11:00,0.463,0.0,0.768
24/04/2019 12:00,0.445,0.0,0.692
24/04/2019 13:00,0.44,0.001,0.566
24/04/2019 14:00,0.311,0.003,0.376
24/04/2019 15:00,0.135,0.008,0.131
24/04/2019 16:00,0.075,0.02,0.0
24/04/2019 17:00,0.071,0.046,0.0
24/04/2019 18:00,0.101,0.079,0.0
24/04/2019 19:00,0.135,0.085,0.0
24/04/2019 20:00,0.153,0.069,0.0
24/04/2019 21:00,0.168,0.046,0.0
24/04/2019 22:00,0.196,0.025,0.0
24/04/2019 23:00,0.241,0.014,0.0
25/04/2019 00:00,0.284,0.009,0.0
25/04/2019 01:00,0.317,0.007,0.0
25/04/2019 02:00,0.337,0.01,0.0
25/04/2019 03:00,0.362,0.016,0.0
25/04/2019 04:00,0.398,0.021,0.0
25/04/2019 05:00,0.355,0.013,0.133
25/04/2019 06:00,0.259,0.007,0.392
25/04/2019 07:00,0.433,0.01,0.584
25/04/2019 08:00,0.483,0.027,0.712
25/04/2019 09:00,0.498,0.09,0.784
25/04/2019 10:00,0.489,0.14,0.804
25/04/2019 11:00,0.462,0.169,0.776
25/04/2019 12:00,0.433,0.212,0.699
25/04/2019 13:00,0.4,0.272,0.569
25/04/2019 14:00,0.294,0.334,0.381
25/04/2019 15:00,0.21,0.407,0.137
25/04/2019 16:00,0.249,0.5,0.0
25/04/2019 17:00,0.264,0.568,0.0
25/04/2019 18:00,0.182,0.537,0.0
25/04/2019 19:00,0.097,0.532,0.0
25/04/2019 20:00,0.07,0.543,0.0
25/04/2019 21:00,0.119,0.6,0.0
25/04/2019 22:00,0.213,0.593,0.0
25/04/2019 23:00,0.298,0.574,0.0
26/04/2019 00:00,0.35,0.555,0.0
26/04/2019 01:00,0.347,0.552,0.0
26/04/2019 02:00,0.32,0.571,0.0
26/04/2019 03:00,0.284,0.574,0.0
26/04/2019 04:00,0.245,0.524,0.0
26/04/2019 05:00,0.18,0.421,0.138
26/04/2019 06:00,0.073,0.322,0.398
26/04/2019 07:00,0.207,0.255,0.588
26/04/2019 08:00,0.204,0.174,0.71
26/04/2019 09:00,0.19,0.143,0.779
26/04/2019 10:00,0.196,0.107,0.798
26/04/2019 11:00,0.192,0.045,0.769
26/04/2019 12:00,0.164,0.007,0.693
26/04/2019 13:00,0.127,0.001,0.562
26/04/2019 14:00,0.086,0.032,0.374
26/04/2019 15:00,0.076,0.096,0.131
26/04/2019 16:00,0.062,0.167,0.0
26/04/2019 17:00,0.047,0.235,0.0
26/04/2019 18:00,0.042,0.365,0.0
26/04/2019 19:00,0.036,0.55,0.0
26/04/2019 20:00,0.03,0.558,0.0
26/04/2019 21:00,0.027,0.437,0.0
26/04/2019 22:00,0.034,0.294,0.0
26/04/2019 23:00,0.053,0.233,0.0
27/04/2019 00:00,0.092,0.223,0.0
27/04/2019 01:00,0.146,0.28,0.0
27/04/2019 02:00,0.195,0.442,0.0
27/04/2019 03:00,0.231,0.606,0.0
27/04/2019 04:00,0.261,0.647,0.0
27/04/2019 05:00,0.223,0.682,0.135
27/04/2019 06:00,0.093,0.672,0.398
27/04/2019 07:00,0.029,0.578,0.59
27/04/2019 08:00,0.028,0.498,0.709
27/04/2019 09:00,0.035,0.476,0.779
27/04/2019 10:00,0.04,0.459,0.8
27/04/2019 11:00,0.043,0.447,0.773
27/04/2019 12:00,0.039,0.441,0.699
27/04/2019 13:00,0.027,0.404,0.572
27/04/2019 14:00,0.012,0.362,0.388
27/04/2019 15:00,0.009,0.343,0.152
27/04/2019 16:00,0.009,0.329,0.0
27/04/2019 17:00,0.019,0.334,0.0
27/04/2019 18:00,0.053,0.338,0.0
27/04/2019 19:00,0.11,0.353,0.0
27/04/2019 20:00,0.161,0.376,0.0
27/04/2019 21:00,0.188,0.395,0.0
27/04/2019 22:00,0.22,0.41,0.0
27/04/2019 23:00,0.254,0.371,0.0
28/04/2019 00:00,0.269,0.319,0.0
28/04/2019 01:00,0.267,0.305,0.0
28/04/2019 02:00,0.253,0.305,0.0
28/04/2019 03:00,0.242,0.317,0.0
28/04/2019 04:00,0.267,0.345,0.0
28/04/2019 05:00,0.292,0.425,0.142
28/04/2019 06:00,0.177,0.5,0.395
28/04/2019 07:00,0.114,0.503,0.585
28/04/2019 08:00,0.121,0.517,0.7
28/04/2019 09:00,0.139,0.55,0.767
28/04/2019 10:00,0.144,0.471,0.785
28/04/2019 11:00,0.138,0.362,0.757
28/04/2019 12:00,0.126,0.266,0.682
28/04/2019 13:00,0.111,0.219,0.556
28/04/2019 14:00,0.087,0.241,0.373
28/04/2019 15:00,0.084,0.312,0.138
28/04/2019 16:00,0.119,0.433,0.0
28/04/2019 17:00,0.192,0.59,0.0
28/04/2019 18:00,0.265,0.691,0.0
28/04/2019 19:00,0.315,0.685,0.0
28/04/2019 20:00,0.34,0.638,0.0
28/04/2019 21:00,0.375,0.584,0.0
28/04/2019 22:00,0.432,0.535,0.0
28/04/2019 23:00,0.487,0.494,0.0
29/04/2019 00:00,0.527,0.444,0.0
29/04/2019 01:00,0.556,0.37,0.0
29/04/2019 02:00,0.586,0.31,0.0
29/04/2019 03:00,0.585,0.282,0.0
29/04/2019 04:00,0.58,0.312,0.0
29/04/2019 05:00,0.526,0.343,0.132
29/04/2019 06:00,0.302,0.358,0.383
29/04/2019 07:00,0.24,0.374,0.572
29/04/2019 08:00,0.186,0.313,0.687
29/04/2019 09:00,0.141,0.284,0.753
29/04/2019 10:00,0.116,0.227,0.772
29/04/2019 11:00,0.095,0.103,0.745
29/04/2019 12:00,0.072,0.021,0.671
29/04/2019 13:00,0.051,0.001,0.545
29/04/2019 14:00,0.035,0.002,0.362
29/04/2019 15:00,0.054,0.006,0.126
29/04/2019 16:00,0.147,0.022,0.0
29/04/2019 17:00,0.317,0.085,0.0
29/04/2019 18:00,0.51,0.119,0.0
29/04/2019 19:00,0.647,0.1,0.0
29/04/2019 20:00,0.707,0.071,0.0
29/04/2019 21:00,0.734,0.066,0.0
29/04/2019 22:00,0.748,0.068,0.0
29/04/2019 23:00,0.754,0.054,0.0
30/04/2019 00:00,0.756,0.045,0.0
30/04/2019 01:00,0.765,0.053,0.0
30/04/2019 02:00,0.783,0.07,0.0
30/04/2019 03:00,0.806,0.093,0.0
30/04/2019 04:00,0.831,0.112,0.0
30/04/2019 05:00,0.796,0.109,0.117
30/04/2019 06:00,0.765,0.108,0.362
30/04/2019 07:00,0.943,0.149,0.55
30/04/2019 08:00,0.951,0.157,0.672
30/04/2019 09:00,0.944,0.095,0.741
30/04/2019 10:00,0.93,0.055,0.759
30/04/2019 11:00,0.906,0.034,0.731
30/04/2019 12:00,0.87,0.018,0.656
30/04/2019 13:00,0.808,0.01,0.51
30/04/2019 14:00,0.693,0.006,0.25
30/04/2019 15:00,0.673,0.009,0.036
30/04/2019 16:00,0.738,0.024,0.0
30/04/2019 17:00,0.725,0.08,0.0
30/04/2019 18:00,0.7,0.068,0.0
30/04/2019 19:00,0.674,0.02,0.0
30/04/2019 20:00,0.626,0.004,0.0
30/04/2019 21:00,0.593,0.015,0.0
30/04/2019 22:00,0.576,0.028,0.0
30/04/2019 23:00,0.556,0.025,0.0
01/05/2019 00:00,0.556,0.033,0.0
01/05/2019 01:00,0.569,0.047,0.0
01/05/2019 02:00,0.566,0.049,0.0
01/05/2019 03:00,0.583,0.047,0.0
01/05/2019 04:00,0.629,0.058,0.0
01/05/2019 05:00,0.58,0.093,0.117
01/05/2019 06:00,0.41,0.122,0.367
01/05/2019 07:00,0.506,0.131,0.558
01/05/2019 08:00,0.583,0.08,0.678
01/05/2019 09:00,0.57,0.026,0.745
01/05/2019 10:00,0.494,0.019,0.76
01/05/2019 11:00,0.401,0.017,0.708
01/05/2019 12:00,0.289,0.013,0.471
01/05/2019 13:00,0.201,0.012,0.167
01/05/2019 14:00,0.126,0.012,0.085
01/05/2019 15:00,0.174,0.011,0.03
01/05/2019 16:00,0.372,0.022,0.0
01/05/2019 17:00,0.578,0.072,0.0
01/05/2019 18:00,0.711,0.086,0.0
01/05/2019 19:00,0.768,0.071,0.0
01/05/2019 20:00,0.785,0.072,0.0
01/05/2019 21:00,0.766,0.076,0.0
01/05/2019 22:00,0.709,0.068,0.0
01/05/2019 23:00,0.711,0.061,0.0
02/05/2019 00:00,0.734,0.062,0.0
02/05/2019 01:00,0.762,0.07,0.0
02/05/2019 02:00,0.792,0.095,0.0
02/05/2019 03:00,0.819,0.144,0.0
02/05/2019 04:00,0.834,0.245,0.0
02/05/2019 05:00,0.815,0.388,0.106
02/05/2019 06:00,0.743,0.485,0.36
02/05/2019 07:00,0.862,0.566,0.554
02/05/2019 08:00,0.95,0.494,0.68
02/05/2019 09:00,0.955,0.374,0.749
02/05/2019 10:00,0.947,0.463,0.768
02/05/2019 11:00,0.937,0.485,0.741
02/05/2019 12:00,0.918,0.445,0.665
02/05/2019 13:00,0.875,0.439,0.537
02/05/2019 14:00,0.77,0.465,0.354
02/05/2019 15:00,0.73,0.484,0.111
02/05/2019 16:00,0.778,0.498,0.0
02/05/2019 17:00,0.808,0.457,0.0
02/05/2019 18:00,0.811,0.4,0.0
02/05/2019 19:00,0.808,0.309,0.0
02/05/2019 20:00,0.786,0.261,0.0
02/05/2019 21:00,0.777,0.275,0.0
02/05/2019 22:00,0.786,0.39,0.0
02/05/2019 23:00,0.782,0.513,0.0
03/05/2019 00:00,0.792,0.552,0.0
03/05/2019 01:00,0.798,0.483,0.0
03/05/2019 02:00,0.789,0.396,0.0
03/05/2019 03:00,0.781,0.311,0.0
03/05/2019 04:00,0.77,0.253,0.0
03/05/2019 05:00,0.707,0.201,0.114
03/05/2019 06:00,0.544,0.172,0.355
03/05/2019 07:00,0.676,0.175,0.536
03/05/2019 08:00,0.826,0.188,0.66
03/05/2019 09:00,0.886,0.197,0.733
03/05/2019 10:00,0.909,0.211,0.754
03/05/2019 11:00,0.906,0.237,0.728
03/05/2019 12:00,0.879,0.256,0.652
03/05/2019 13:00,0.796,0.259,0.531
03/05/2019 14:00,0.487,0.256,0.353
03/05/2019 15:00,0.194,0.234,0.109
03/05/2019 16:00,0.106,0.193,0.0
03/05/2019 17:00,0.078,0.142,0.0
03/05/2019 18:00,0.053,0.1,0.0
03/05/2019 19:00,0.042,0.061,0.0
03/05/2019 20:00,0.046,0.043,0.0
03/05/2019 21:00,0.052,0.041,0.0
03/05/2019 22:00,0.05,0.055,0.0
03/05/2019 23:00,0.038,0.087,0.0
04/05/2019 00:00,0.025,0.146,0.0
04/05/2019 01:00,0.016,0.209,0.0
04/05/2019 02:00,0.011,0.23,0.0
04/05/2019 03:00,0.003,0.273,0.0
04/05/2019 04:00,0.002,0.312,0.0
04/05/2019 05:00,0.001,0.372,0.115
04/05/2019 06:00,0.001,0.474,0.374
04/05/2019 07:00,0.513,0.289,0.571
04/05/2019 08:00,0.461,0.133,0.698
04/05/2019 09:00,0.021,0.445,0.764
04/05/2019 10:00,0.047,0.367,0.778
04/05/2019 11:00,0.062,0.218,0.745
04/05/2019 12:00,0.053,0.085,0.664
04/05/2019 13:00,0.049,0.032,0.529
04/05/2019 14:00,0.089,0.025,0.332
04/05/2019 15:00,0.18,0.049,0.091
04/05/2019 16:00,0.199,0.148,0.0
04/05/2019 17:00,0.178,0.258,0.0
04/05/2019 18:00,0.182,0.208,0.0
04/05/2019 19:00,0.155,0.094,0.0
04/05/2019 20:00,0.127,0.006,0.0
04/05/2019 21:00,0.097,0.0,0.0
04/05/2019 22:00,0.079,0.016,0.0
04/05/2019 23:00,0.078,0.093,0.0
05/05/2019 00:00,0.119,0.133,0.0
05/05/2019 01:00,0.206,0.182,0.0
05/05/2019 02:00,0.323,0.213,0.0
05/05/2019 03:00,0.405,0.265,0.0
05/05/2019 04:00,0.476,0.233,0.0
05/05/2019 05:00,0.485,0.214,0.081
05/05/2019 06:00,0.374,0.255,0.326
05/05/2019 07:00,0.607,0.251,0.53
05/05/2019 08:00,0.806,0.3,0.647
05/05/2019 09:00,0.9,0.262,0.688
05/05/2019 10:00,0.925,0.215,0.649
05/05/2019 11:00,0.924,0.185,0.598
05/05/2019 12:00,0.911,0.175,0.586
05/05/2019 13:00,0.855,0.223,0.482
05/05/2019 14:00,0.715,0.214,0.256
05/05/2019 15:00,0.661,0.151,0.047
05/05/2019 16:00,0.68,0.111,0.0
05/05/2019 17:00,0.722,0.119,0.0
05/05/2019 18:00,0.74,0.06,0.0
05/05/2019 19:00,0.729,0.02,0.0
05/05/2019 20:00,0.716,0.022,0.0
05/05/2019 21:00,0.692,0.022,0.0
05/05/2019 22:00,0.686,0.016,0.0
05/05/2019 23:00,0.663,0.007,0.0
06/05/2019 00:00,0.652,0.001,0.0
06/05/2019 01:00,0.653,0.001,0.0
06/05/2019 02:00,0.651,0.001,0.0
06/05/2019 03:00,0.644,0.004,0.0
06/05/2019 04:00,0.635,0.004,0.0
06/05/2019 05:00,0.58,0.001,0.033
06/05/2019 06:00,0.383,0.0,0.164
06/05/2019 07:00,0.368,0.001,0.307
06/05/2019 08:00,0.451,0.004,0.47
06/05/2019 09:00,0.447,0.007,0.577
06/05/2019 10:00,0.351,0.01,0.58
06/05/2019 11:00,0.254,0.01,0.522
06/05/2019 12:00,0.176,0.005,0.403
06/05/2019 13:00,0.106,0.007,0.232
06/05/2019 14:00,0.048,0.029,0.118
06/05/2019 15:00,0.054,0.117,0.023
06/05/2019 16:00,0.097,0.27,0.0
06/05/2019 17:00,0.169,0.441,0.0
06/05/2019 18:00,0.259,0.471,0.0
06/05/2019 19:00,0.338,0.438,0.0
06/05/2019 20:00,0.422,0.41,0.0
06/05/2019 21:00,0.459,0.317,0.0
06/05/2019 22:00,0.477,0.232,0.0
06/05/2019 23:00,0.505,0.183,0.0
07/05/2019 00:00,0.557,0.144,0.0
07/05/2019 01:00,0.622,0.122,0.0
07/05/2019 02:00,0.682,0.158,0.0
07/05/2019 03:00,0.73,0.163,0.0
07/05/2019 04:00,0.768,0.123,0.0
07/05/2019 05:00,0.75,0.101,0.07
07/05/2019 06:00,0.702,0.114,0.319
07/05/2019 07:00,0.829,0.143,0.501
07/05/2019 08:00,0.925,0.14,0.611
07/05/2019 09:00,0.94,0.072,0.668
07/05/2019 10:00,0.917,0.01,0.701
07/05/2019 11:00,0.879,0.001,0.691
07/05/2019 12:00,0.815,0.0,0.62
07/05/2019 13:00,0.718,0.0,0.475
07/05/2019 14:00,0.498,0.0,0.258
07/05/2019 15:00,0.38,0.001,0.055
07/05/2019 16:00,0.425,0.004,0.0
07/05/2019 17:00,0.526,0.01,0.0
07/05/2019 18:00,0.63,0.009,0.0
07/05/2019 19:00,0.696,0.015,0.0
07/05/2019 20:00,0.729,0.041,0.0
07/05/2019 21:00,0.75,0.07,0.0
07/05/2019 22:00,0.782,0.069,0.0
07/05/2019 23:00,0.809,0.043,0.0
08/05/2019 00:00,0.875,0.021,0.0
08/05/2019 01:00,0.878,0.008,0.0
08/05/2019 02:00,0.87,0.003,0.0
08/05/2019 03:00,0.845,0.001,0.0
08/05/2019 04:00,0.747,0.0,0.0
08/05/2019 05:00,0.634,0.0,0.049
08/05/2019 06:00,0.56,0.0,0.27
08/05/2019 07:00,0.616,0.0,0.456
08/05/2019 08:00,0.77,0.0,0.5
08/05/2019 09:00,0.845,0.002,0.61
08/05/2019 10:00,0.854,0.012,0.704
08/05/2019 11:00,0.795,0.019,0.743
08/05/2019 12:00,0.817,0.022,0.69
08/05/2019 13:00,0.772,0.024,0.567
08/05/2019 14:00,0.678,0.04,0.378
08/05/2019 15:00,0.642,0.093,0.104
08/05/2019 16:00,0.516,0.162,0.0
08/05/2019 17:00,0.413,0.233,0.0
08/05/2019 18:00,0.386,0.24,0.0
08/05/2019 19:00,0.168,0.201,0.0
08/05/2019 20:00,0.068,0.179,0.0
08/05/2019 21:00,0.063,0.165,0.0
08/05/2019 22:00,0.062,0.143,0.0
08/05/2019 23:00,0.067,0.122,0.0
09/05/2019 00:00,0.09,0.098,0.0
09/05/2019 01:00,0.131,0.055,0.0
09/05/2019 02:00,0.155,0.011,0.0
09/05/2019 03:00,0.108,0.002,0.0
09/05/2019 04:00,0.084,0.005,0.0
09/05/2019 05:00,0.087,0.018,0.095
09/05/2019 06:00,0.156,0.039,0.345
09/05/2019 07:00,0.203,0.051,0.556
09/05/2019 08:00,0.169,0.055,0.708
09/05/2019 09:00,0.133,0.083,0.783
09/05/2019 10:00,0.108,0.108,0.805
09/05/2019 11:00,0.092,0.113,0.777
09/05/2019 12:00,0.068,0.108,0.699
09/05/2019 13:00,0.056,0.103,0.566
09/05/2019 14:00,0.072,0.119,0.374
09/05/2019 15:00,0.114,0.158,0.1
09/05/2019 16:00,0.097,0.254,0.0
09/05/2019 17:00,0.049,0.374,0.0
09/05/2019 18:00,0.026,0.382,0.0
09/05/2019 19:00,0.015,0.319,0.0
09/05/2019 20:00,0.009,0.244,0.0
09/05/2019 21:00,0.01,0.186,0.0
09/05/2019 22:00,0.025,0.156,0.0
09/05/2019 23:00,0.072,0.138,0.0
10/05/2019 00:00,0.119,0.131,0.0
10/05/2019 01:00,0.136,0.145,0.0
10/05/2019 02:00,0.172,0.193,0.0
10/05/2019 03:00,0.224,0.296,0.0
10/05/2019 04:00,0.272,0.421,0.0
10/05/2019 05:00,0.294,0.543,0.105
10/05/2019 06:00,0.15,0.622,0.38
10/05/2019 07:00,0.068,0.647,0.579
10/05/2019 08:00,0.031,0.581,0.704
10/05/2019 09:00,0.016,0.427,0.774
10/05/2019 10:00,0.011,0.27,0.792
10/05/2019 11:00,0.012,0.261,0.763
10/05/2019 12:00,0.017,0.21,0.686
10/05/2019 13:00,0.022,0.144,0.557
10/05/2019 14:00,0.022,0.118,0.369
10/05/2019 15:00,0.015,0.123,0.097
10/05/2019 16:00,0.03,0.156,0.0
10/05/2019 17:00,0.084,0.149,0.0
10/05/2019 18:00,0.159,0.064,0.0
10/05/2019 19:00,0.231,0.012,0.0
10/05/2019 20:00,0.254,0.001,0.0
10/05/2019 21:00,0.274,0.0,0.0
10/05/2019 22:00,0.297,0.0,0.0
10/05/2019 23:00,0.319,0.001,0.0
11/05/2019 00:00,0.352,0.002,0.0
11/05/2019 01:00,0.366,0.002,0.0
11/05/2019 02:00,0.364,0.001,0.0
11/05/2019 03:00,0.332,0.002,0.0
11/05/2019 04:00,0.281,0.006,0.0
11/05/2019 05:00,0.217,0.018,0.102
11/05/2019 06:00,0.093,0.038,0.376
11/05/2019 07:00,0.01,0.058,0.573
11/05/2019 08:00,0.003,0.064,0.694
11/05/2019 09:00,0.001,0.076,0.758
11/05/2019 10:00,0.001,0.101,0.777
11/05/2019 11:00,0.001,0.144,0.75
11/05/2019 12:00,0.001,0.201,0.675
11/05/2019 13:00,0.001,0.233,0.547
11/05/2019 14:00,0.001,0.233,0.361
11/05/2019 15:00,0.001,0.208,0.091
11/05/2019 16:00,0.174,0.041,0.0
11/05/2019 17:00,0.136,0.027,0.0
11/05/2019 18:00,0.008,0.113,0.0
11/05/2019 19:00,0.041,0.088,0.0
11/05/2019 20:00,0.089,0.07,0.0
11/05/2019 21:00,0.154,0.067,0.0
11/05/2019 22:00,0.227,0.084,0.0
11/05/2019 23:00,0.301,0.103,0.0
12/05/2019 00:00,0.364,0.111,0.0
12/05/2019 01:00,0.422,0.102,0.0
12/05/2019 02:00,0.484,0.086,0.0
12/05/2019 03:00,0.541,0.072,0.0
12/05/2019 04:00,0.595,0.064,0.0
12/05/2019 05:00,0.613,0.066,0.088
12/05/2019 06:00,0.445,0.075,0.355
12/05/2019 07:00,0.415,0.076,0.551
12/05/2019 08:00,0.543,0.066,0.67
12/05/2019 09:00,0.502,0.045,0.732
12/05/2019 10:00,0.448,0.017,0.75
12/05/2019 11:00,0.398,0.009,0.722
12/05/2019 12:00,0.331,0.012,0.648
12/05/2019 13:00,0.236,0.031,0.522
12/05/2019 14:00,0.116,0.069,0.337
12/05/2019 15:00,0.094,0.111,0.076
12/05/2019 16:00,0.127,0.167,0.0
12/05/2019 17:00,0.202,0.201,0.0
12/05/2019 18:00,0.295,0.245,0.0
12/05/2019 19:00,0.361,0.333,0.0
12/05/2019 20:00,0.398,0.394,0.0
12/05/2019 21:00,0.422,0.422,0.0
12/05/2019 22:00,0.428,0.466,0.0
12/05/2019 23:00,0.41,0.494,0.0
13/05/2019 00:00,0.368,0.492,0.0
13/05/2019 01:00,0.317,0.48,0.0
13/05/2019 02:00,0.274,0.46,0.0
13/05/2019 03:00,0.236,0.471,0.0
13/05/2019 04:00,0.224,0.53,0.0
13/05/2019 05:00,0.218,0.62,0.079
13/05/2019 06:00,0.137,0.68,0.341
13/05/2019 07:00,0.075,0.704,0.536
13/05/2019 08:00,0.067,0.718,0.656
13/05/2019 09:00,0.073,0.754,0.72
13/05/2019 10:00,0.092,0.822,0.74
13/05/2019 11:00,0.103,0.832,0.714
13/05/2019 12:00,0.097,0.802,0.641
13/05/2019 13:00,0.068,0.772,0.514
13/05/2019 14:00,0.022,0.726,0.325
13/05/2019 15:00,0.005,0.645,0.062
13/05/2019 16:00,0.001,0.547,0.0
13/05/2019 17:00,0.007,0.422,0.0
13/05/2019 18:00,0.035,0.317,0.0
13/05/2019 19:00,0.082,0.234,0.0
13/05/2019 20:00,0.133,0.174,0.0
13/05/2019 21:00,0.187,0.153,0.0
13/05/2019 22:00,0.243,0.164,0.0
13/05/2019 23:00,0.288,0.192,0.0
14/05/2019 00:00,0.309,0.208,0.0
14/05/2019 01:00,0.312,0.2,0.0
14/05/2019 02:00,0.315,0.185,0.0
14/05/2019 03:00,0.281,0.179,0.0
14/05/2019 04:00,0.243,0.179,0.0
14/05/2019 05:00,0.225,0.192,0.032
14/05/2019 06:00,0.147,0.228,0.224
14/05/2019 07:00,0.07,0.259,0.446
14/05/2019 08:00,0.062,0.227,0.616
14/05/2019 09:00,0.057,0.156,0.707
14/05/2019 10:00,0.057,0.118,0.74
14/05/2019 11:00,0.058,0.057,0.721
14/05/2019 12:00,0.058,0.013,0.649
14/05/2019 13:00,0.058,0.001,0.519
14/05/2019 14:00,0.048,0.0,0.328
14/05/2019 15:00,0.076,0.001,0.064
14/05/2019 16:00,0.168,0.039,0.0
14/05/2019 17:00,0.291,0.149,0.0
14/05/2019 18:00,0.425,0.142,0.0
14/05/2019 19:00,0.566,0.069,0.0
14/05/2019 20:00,0.649,0.018,0.0
14/05/2019 21:00,0.676,0.001,0.0
14/05/2019 22:00,0.7,0.0,0.0
14/05/2019 23:00,0.746,0.0,0.0
15/05/2019 00:00,0.787,0.001,0.0
15/05/2019 01:00,0.813,0.018,0.0
15/05/2019 02:00,0.832,0.093,0.0
15/05/2019 03:00,0.829,0.236,0.0
15/05/2019 04:00,0.815,0.341,0.0
15/05/2019 05:00,0.778,0.42,0.06
15/05/2019 06:00,0.615,0.539,0.309
15/05/2019 07:00,0.654,0.675,0.523
15/05/2019 08:00,0.844,0.709,0.659
15/05/2019 09:00,0.82,0.821,0.727
15/05/2019 10:00,0.782,0.913,0.748
15/05/2019 11:00,0.762,0.925,0.722
15/05/2019 12:00,0.718,0.939,0.647
15/05/2019 13:00,0.606,0.929,0.519
15/05/2019 14:00,0.378,0.894,0.329
15/05/2019 15:00,0.294,0.878,0.063
15/05/2019 16:00,0.345,0.802,0.0
15/05/2019 17:00,0.444,0.712,0.0
15/05/2019 18:00,0.55,0.588,0.0
15/05/2019 19:00,0.63,0.358,0.0
15/05/2019 20:00,0.67,0.231,0.0
15/05/2019 21:00,0.681,0.179,0.0
15/05/2019 22:00,0.688,0.185,0.0
15/05/2019 23:00,0.675,0.176,0.0
16/05/2019 00:00,0.663,0.149,0.0
16/05/2019 01:00,0.663,0.124,0.0
16/05/2019 02:00,0.651,0.098,0.0
16/05/2019 03:00,0.625,0.067,0.0
16/05/2019 04:00,0.605,0.064,0.0
16/05/2019 05:00,0.556,0.088,0.053
16/05/2019 06:00,0.341,0.091,0.292
16/05/2019 07:00,0.294,0.119,0.434
16/05/2019 08:00,0.317,0.135,0.566
16/05/2019 09:00,0.358,0.093,0.669
16/05/2019 10:00,0.393,0.043,0.706
16/05/2019 11:00,0.402,0.027,0.68
16/05/2019 12:00,0.387,0.011,0.599
16/05/2019 13:00,0.293,0.005,0.429
16/05/2019 14:00,0.103,0.002,0.235
16/05/2019 15:00,0.042,0.0,0.035
16/05/2019 16:00,0.018,0.001,0.0
16/05/2019 17:00,0.007,0.02,0.0
16/05/2019 18:00,0.004,0.039,0.0
16/05/2019 19:00,0.006,0.028,0.0
16/05/2019 20:00,0.026,0.014,0.0
16/05/2019 21:00,0.085,0.007,0.0
16/05/2019 22:00,0.184,0.005,0.0
16/05/2019 23:00,0.31,0.004,0.0
17/05/2019 00:00,0.432,0.004,0.0
17/05/2019 01:00,0.526,0.008,0.0
17/05/2019 02:00,0.581,0.019,0.0
17/05/2019 03:00,0.608,0.034,0.0
17/05/2019 04:00,0.619,0.049,0.0
17/05/2019 05:00,0.59,0.069,0.035
17/05/2019 06:00,0.364,0.088,0.205
17/05/2019 07:00,0.315,0.113,0.36
17/05/2019 08:00,0.432,0.12,0.463
17/05/2019 09:00,0.462,0.094,0.546
17/05/2019 10:00,0.468,0.088,0.595
17/05/2019 11:00,0.454,0.076,0.557
17/05/2019 12:00,0.406,0.052,0.465
17/05/2019 13:00,0.318,0.048,0.313
17/05/2019 14:00,0.158,0.059,0.133
17/05/2019 15:00,0.112,0.088,0.021
17/05/2019 16:00,0.176,0.13,0.0
17/05/2019 17:00,0.291,0.109,0.0
17/05/2019 18:00,0.428,0.033,0.0
17/05/2019 19:00,0.62,0.001,0.0
17/05/2019 20:00,0.728,0.003,0.0
17/05/2019 21:00,0.722,0.034,0.0
17/05/2019 22:00,0.731,0.082,0.0
17/05/2019 23:00,0.688,0.118,0.0
18/05/2019 00:00,0.603,0.121,0.0
18/05/2019 01:00,0.536,0.097,0.0
18/05/2019 02:00,0.548,0.084,0.0
18/05/2019 03:00,0.601,0.068,0.0
18/05/2019 04:00,0.656,0.049,0.0
18/05/2019 05:00,0.636,0.042,0.055
18/05/2019 06:00,0.461,0.04,0.295
18/05/2019 07:00,0.388,0.037,0.443
18/05/2019 08:00,0.407,0.038,0.588
18/05/2019 09:00,0.389,0.001,0.663
18/05/2019 10:00,0.369,0.0,0.713
18/05/2019 11:00,0.367,0.0,0.717
18/05/2019 12:00,0.345,0.0,0.644
18/05/2019 13:00,0.281,0.001,0.513
18/05/2019 14:00,0.188,0.011,0.31
18/05/2019 15:00,0.2,0.037,0.048
18/05/2019 16:00,0.272,0.112,0.0
18/05/2019 17:00,0.368,0.139,0.0
18/05/2019 18:00,0.484,0.193,0.0
18/05/2019 19:00,0.59,0.156,0.0
18/05/2019 20:00,0.688,0.088,0.0
18/05/2019 21:00,0.731,0.06,0.0
18/05/2019 22:00,0.741,0.089,0.0
18/05/2019 23:00,0.766,0.064,0.0
19/05/2019 00:00,0.78,0.044,0.0
19/05/2019 01:00,0.782,0.006,0.0
19/05/2019 02:00,0.786,0.001,0.0
19/05/2019 03:00,0.797,0.002,0.0
19/05/2019 04:00,0.795,0.005,0.0
19/05/2019 05:00,0.776,0.008,0.057
19/05/2019 06:00,0.635,0.007,0.32
19/05/2019 07:00,0.693,0.004,0.491
19/05/2019 08:00,0.879,0.001,0.557
19/05/2019 09:00,0.881,0.0,0.603
19/05/2019 10:00,0.866,0.0,0.656
19/05/2019 11:00,0.848,0.0,0.648
19/05/2019 12:00,0.808,0.001,0.581
19/05/2019 13:00,0.754,0.002,0.503
19/05/2019 14:00,0.68,0.005,0.314
19/05/2019 15:00,0.698,0.015,0.051
19/05/2019 16:00,0.735,0.052,0.0
19/05/2019 17:00,0.778,0.111,0.0
19/05/2019 18:00,0.816,0.128,0.0
19/05/2019 19:00,0.835,0.114,0.0
19/05/2019 20:00,0.844,0.1,0.0
19/05/2019 21:00,0.845,0.087,0.0
19/05/2019 22:00,0.845,0.072,0.0
19/05/2019 23:00,0.841,0.046,0.0
20/05/2019 00:00,0.839,0.023,0.0
20/05/2019 01:00,0.845,0.013,0.0
20/05/2019 02:00,0.85,0.012,0.0
20/05/2019 03:00,0.847,0.019,0.0
20/05/2019 04:00,0.849,0.035,0.0
20/05/2019 05:00,0.842,0.069,0.045
20/05/2019 06:00,0.752,0.134,0.26
20/05/2019 07:00,0.871,0.225,0.446
20/05/2019 08:00,0.968,0.297,0.534
20/05/2019 09:00,0.98,0.232,0.597
20/05/2019 10:00,0.983,0.172,0.668
20/05/2019 11:00,0.983,0.19,0.665
20/05/2019 12:00,0.978,0.234,0.559
20/05/2019 13:00,0.955,0.228,0.405
20/05/2019 14:00,0.883,0.187,0.267
20/05/2019 15:00,0.806,0.141,0.038
20/05/2019 16:00,0.715,0.118,0.0
20/05/2019 17:00,0.594,0.117,0.0
20/05/2019 18:00,0.407,0.121,0.0
20/05/2019 19:00,0.193,0.155,0.0
20/05/2019 20:00,0.086,0.274,0.0
20/05/2019 21:00,0.047,0.464,0.0
20/05/2019 22:00,0.028,0.719,0.0
20/05/2019 23:00,0.011,0.872,0.0
21/05/2019 00:00,0.005,0.92,0.0
21/05/2019 01:00,0.003,0.927,0.0
21/05/2019 02:00,0.002,0.928,0.0
21/05/2019 03:00,0.002,0.924,0.0
21/05/2019 04:00,0.002,0.928,0.0
21/05/2019 05:00,0.003,0.924,0.072
21/05/2019 06:00,0.003,0.915,0.387
21/05/2019 07:00,0.007,0.901,0.592
21/05/2019 08:00,0.022,0.849,0.728
21/05/2019 09:00,0.046,0.707,0.801
21/05/2019 10:00,0.068,0.581,0.821
21/05/2019 11:00,0.076,0.692,0.79
21/05/2019 12:00,0.069,0.765,0.709
21/05/2019 13:00,0.05,0.808,0.576
21/05/2019 14:00,0.025,0.856,0.376
21/05/2019 15:00,0.013,0.885,0.066
21/05/2019 16:00,0.002,0.922,0.0
21/05/2019 17:00,0.947,0.619,0.0
21/05/2019 18:00,0.92,0.644,0.0
21/05/2019 19:00,0.001,0.77,0.0
21/05/2019 20:00,0.01,0.601,0.0
21/05/2019 21:00,0.046,0.586,0.0
21/05/2019 22:00,0.101,0.538,0.0
21/05/2019 23:00,0.163,0.431,0.0
22/05/2019 00:00,0.241,0.285,0.0
22/05/2019 01:00,0.332,0.159,0.0
22/05/2019 02:00,0.437,0.066,0.0
22/05/2019 03:00,0.538,0.016,0.0
22/05/2019 04:00,0.621,0.002,0.0
22/05/2019 05:00,0.645,0.001,0.063
22/05/2019 06:00,0.438,0.001,0.35
22/05/2019 07:00,0.422,0.005,0.551
22/05/2019 08:00,0.444,0.01,0.671
22/05/2019 09:00,0.454,0.009,0.736
22/05/2019 10:00,0.488,0.01,0.753
22/05/2019 11:00,0.503,0.018,0.723
22/05/2019 12:00,0.484,0.066,0.643
22/05/2019 13:00,0.403,0.169,0.477
22/05/2019 14:00,0.212,0.208,0.254
22/05/2019 15:00,0.195,0.222,0.032
22/05/2019 16:00,0.33,0.253,0.0
22/05/2019 17:00,0.48,0.291,0.0
22/05/2019 18:00,0.556,0.261,0.0
22/05/2019 19:00,0.574,0.176,0.0
22/05/2019 20:00,0.552,0.11,0.0
22/05/2019 21:00,0.491,0.113,0.0
22/05/2019 22:00,0.379,0.184,0.0
22/05/2019 23:00,0.321,0.26,0.0
23/05/2019 00:00,0.327,0.278,0.0
23/05/2019 01:00,0.358,0.28,0.0
23/05/2019 02:00,0.384,0.28,0.0
23/05/2019 03:00,0.38,0.311,0.0
23/05/2019 04:00,0.358,0.337,0.0
23/05/2019 05:00,0.323,0.341,0.042
23/05/2019 06:00,0.174,0.354,0.302
23/05/2019 07:00,0.084,0.405,0.511
23/05/2019 08:00,0.186,0.401,0.638
23/05/2019 09:00,0.243,0.266,0.708
23/05/2019 10:00,0.255,0.276,0.727
23/05/2019 11:00,0.243,0.287,0.699
23/05/2019 12:00,0.194,0.3,0.627
23/05/2019 13:00,0.112,0.314,0.495
23/05/2019 14:00,0.019,0.319,0.3
23/05/2019 15:00,0.001,0.347,0.042
23/05/2019 16:00,0.347,0.096,0.0
23/05/2019 17:00,0.002,0.297,0.0
23/05/2019 18:00,0.02,0.225,0.0
23/05/2019 19:00,0.06,0.137,0.0
23/05/2019 20:00,0.113,0.087,0.0
23/05/2019 21:00,0.166,0.067,0.0
23/05/2019 22:00,0.204,0.08,0.0
23/05/2019 23:00,0.227,0.103,0.0
24/05/2019 00:00,0.239,0.121,0.0
24/05/2019 01:00,0.245,0.138,0.0
24/05/2019 02:00,0.249,0.155,0.0
24/05/2019 03:00,0.233,0.165,0.0
24/05/2019 04:00,0.237,0.167,0.0
24/05/2019 05:00,0.271,0.163,0.021
24/05/2019 06:00,0.212,0.163,0.185
24/05/2019 07:00,0.106,0.174,0.396
24/05/2019 08:00,0.132,0.176,0.576
24/05/2019 09:00,0.205,0.114,0.668
24/05/2019 10:00,0.267,0.107,0.716
24/05/2019 11:00,0.279,0.13,0.692
24/05/2019 12:00,0.249,0.144,0.614
24/05/2019 13:00,0.18,0.156,0.481
24/05/2019 14:00,0.085,0.211,0.282
24/05/2019 15:00,0.027,0.206,0.034
24/05/2019 16:00,0.002,0.141,0.0
24/05/2019 17:00,0.076,0.254,0.0
24/05/2019 18:00,0.013,0.291,0.0
24/05/2019 19:00,0.001,0.0,0.0
24/05/2019 20:00,0.011,0.001,0.0
24/05/2019 21:00,0.039,0.001,0.0
24/05/2019 22:00,0.086,0.0,0.0
24/05/2019 23:00,0.143,0.0,0.0
25/05/2019 00:00,0.204,0.0,0.0
25/05/2019 01:00,0.27,0.001,0.0
25/05/2019 02:00,0.333,0.024,0.0
25/05/2019 03:00,0.362,0.103,0.0
25/05/2019 04:00,0.37,0.28,0.0
25/05/2019 05:00,0.374,0.59,0.032
25/05/2019 06:00,0.251,0.81,0.276
25/05/2019 07:00,0.121,0.93,0.487
25/05/2019 08:00,0.076,0.978,0.619
25/05/2019 09:00,0.079,0.99,0.692
25/05/2019 10:00,0.089,0.965,0.716
25/05/2019 11:00,0.086,0.961,0.69
25/05/2019 12:00,0.073,0.948,0.622
25/05/2019 13:00,0.054,0.897,0.488
25/05/2019 14:00,0.024,0.806,0.275
25/05/2019 15:00,0.002,0.75,0.024
25/05/2019 16:00,0.776,0.952,0.0
25/05/2019 17:00,0.796,0.952,0.0
25/05/2019 18:00,0.001,0.792,0.0
25/05/2019 19:00,0.013,0.785,0.0
25/05/2019 20:00,0.035,0.9,0.0
25/05/2019 21:00,0.054,0.983,0.0
25/05/2019 22:00,0.065,0.991,0.0
25/05/2019 23:00,0.072,0.982,0.0
26/05/2019 00:00,0.079,0.98,0.0
26/05/2019 01:00,0.081,0.977,0.0
26/05/2019 02:00,0.078,0.968,0.0
26/05/2019 03:00,0.077,0.964,0.0
26/05/2019 04:00,0.084,0.967,0.0
26/05/2019 05:00,0.095,0.958,0.009
26/05/2019 06:00,0.095,0.932,0.162
26/05/2019 07:00,0.058,0.887,0.375
26/05/2019 08:00,0.041,0.837,0.535
26/05/2019 09:00,0.03,0.803,0.612
26/05/2019 10:00,0.032,0.814,0.638
26/05/2019 11:00,0.042,0.844,0.668
26/05/2019 12:00,0.052,0.872,0.623
26/05/2019 13:00,0.054,0.903,0.492
26/05/2019 14:00,0.054,0.908,0.296
26/05/2019 15:00,0.068,0.87,0.035
26/05/2019 16:00,0.107,0.799,0.0
26/05/2019 17:00,0.167,0.741,0.0
26/05/2019 18:00,0.233,0.644,0.0
26/05/2019 19:00,0.298,0.544,0.0
26/05/2019 20:00,0.344,0.508,0.0
26/05/2019 21:00,0.369,0.531,0.0
26/05/2019 22:00,0.379,0.547,0.0
26/05/2019 23:00,0.401,0.537,0.0
27/05/2019 00:00,0.43,0.491,0.0
27/05/2019 01:00,0.442,0.457,0.0
27/05/2019 02:00,0.445,0.491,0.0
27/05/2019 03:00,0.435,0.51,0.0
27/05/2019 04:00,0.432,0.503,0.0
27/05/2019 05:00,0.413,0.528,0.0
27/05/2019 06:00,0.274,0.56,0.021
27/05/2019 07:00,0.154,0.587,0.067
27/05/2019 08:00,0.123,0.586,0.13
27/05/2019 09:00,0.1,0.575,0.185
27/05/2019 10:00,0.111,0.614,0.204
27/05/2019 11:00,0.135,0.61,0.163
27/05/2019 12:00,0.149,0.599,0.129
27/05/2019 13:00,0.13,0.605,0.089
27/05/2019 14:00,0.124,0.644,0.038
27/05/2019 15:00,0.098,0.687,0.002
27/05/2019 16:00,0.068,0.703,0.0
27/05/2019 17:00,0.041,0.728,0.0
27/05/2019 18:00,0.021,0.802,0.0
27/05/2019 19:00,0.01,0.866,0.0
27/05/2019 20:00,0.005,0.903,0.0
27/05/2019 21:00,0.003,0.905,0.0
27/05/2019 22:00,0.002,0.897,0.0
27/05/2019 23:00,0.001,0.88,0.0
28/05/2019 00:00,0.001,0.872,0.0
28/05/2019 01:00,0.002,0.874,0.0
28/05/2019 02:00,0.005,0.896,0.0
28/05/2019 03:00,0.009,0.925,0.0
28/05/2019 04:00,0.013,0.91,0.0
28/05/2019 05:00,0.011,0.917,0.018
28/05/2019 06:00,0.008,0.911,0.195
28/05/2019 07:00,0.012,0.946,0.42
28/05/2019 08:00,0.016,0.968,0.563
28/05/2019 09:00,0.016,0.971,0.652
28/05/2019 10:00,0.015,0.985,0.636
28/05/2019 11:00,0.018,0.989,0.541
28/05/2019 12:00,0.02,0.989,0.375
28/05/2019 13:00,0.025,0.989,0.253
28/05/2019 14:00,0.044,0.99,0.163
28/05/2019 15:00,0.062,0.989,0.021
28/05/2019 16:00,0.05,0.979,0.0
28/05/2019 17:00,0.035,0.969,0.0
28/05/2019 18:00,0.022,0.961,0.0
28/05/2019 19:00,0.014,0.958,0.0
28/05/2019 20:00,0.011,0.951,0.0
28/05/2019 21:00,0.01,0.942,0.0
28/05/2019 22:00,0.009,0.909,0.0
28/05/2019 23:00,0.007,0.923,0.0
29/05/2019 00:00,0.004,0.948,0.0
29/05/2019 01:00,0.003,0.951,0.0
29/05/2019 02:00,0.002,0.936,0.0
29/05/2019 03:00,0.001,0.896,0.0
29/05/2019 04:00,0.854,0.005,0.0
29/05/2019 05:00,0.814,0.002,0.036
29/05/2019 06:00,0.777,0.0,0.308
29/05/2019 07:00,0.718,0.0,0.521
29/05/2019 08:00,0.006,0.625,0.649
29/05/2019 09:00,0.031,0.574,0.714
29/05/2019 10:00,0.041,0.571,0.724
29/05/2019 11:00,0.036,0.484,0.685
29/05/2019 12:00,0.025,0.374,0.583
29/05/2019 13:00,0.018,0.304,0.363
29/05/2019 14:00,0.021,0.271,0.113
29/05/2019 15:00,0.044,0.248,0.009
29/05/2019 16:00,0.045,0.184,0.0
29/05/2019 17:00,0.037,0.115,0.0
29/05/2019 18:00,0.041,0.1,0.0
29/05/2019 19:00,0.061,0.102,0.0
29/05/2019 20:00,0.101,0.068,0.0
29/05/2019 21:00,0.163,0.038,0.0
29/05/2019 22:00,0.241,0.021,0.0
29/05/2019 23:00,0.317,0.007,0.0
30/05/2019 00:00,0.367,0.003,0.0
30/05/2019 01:00,0.388,0.003,0.0
30/05/2019 02:00,0.395,0.003,0.0
30/05/2019 03:00,0.381,0.002,0.0
30/05/2019 04:00,0.395,0.001,0.0
30/05/2019 05:00,0.407,0.001,0.037
30/05/2019 06:00,0.305,0.001,0.307
30/05/2019 07:00,0.237,0.001,0.512
30/05/2019 08:00,0.302,0.001,0.637
30/05/2019 09:00,0.272,0.0,0.703
30/05/2019 10:00,0.211,0.0,0.717
30/05/2019 11:00,0.172,0.0,0.665
30/05/2019 12:00,0.147,0.001,0.56
30/05/2019 13:00,0.122,0.005,0.356
30/05/2019 14:00,0.084,0.016,0.119
30/05/2019 15:00,0.071,0.063,0.004
30/05/2019 16:00,0.079,0.18,0.0
30/05/2019 17:00,0.085,0.316,0.0
30/05/2019 18:00,0.091,0.352,0.0
30/05/2019 19:00,0.088,0.321,0.0
30/05/2019 20:00,0.071,0.289,0.0
30/05/2019 21:00,0.061,0.265,0.0
30/05/2019 22:00,0.061,0.253,0.0
30/05/2019 23:00,0.054,0.245,0.0
31/05/2019 00:00,0.041,0.231,0.0
31/05/2019 01:00,0.042,0.213,0.0
31/05/2019 02:00,0.057,0.211,0.0
31/05/2019 03:00,0.067,0.26,0.0
31/05/2019 04:00,0.063,0.367,0.0
31/05/2019 05:00,0.056,0.476,0.004
31/05/2019 06:00,0.032,0.54,0.159
31/05/2019 07:00,0.006,0.576,0.226
31/05/2019 08:00,0.544,0.399,0.221
31/05/2019 09:00,0.407,0.155,0.195
31/05/2019 10:00,0.001,0.269,0.165
31/05/2019 11:00,0.003,0.287,0.157
31/05/2019 12:00,0.004,0.323,0.19
31/05/2019 13:00,0.005,0.237,0.141
31/05/2019 14:00,0.012,0.172,0.037
31/05/2019 15:00,0.041,0.158,0.001
31/05/2019 16:00,0.068,0.184,0.0
31/05/2019 17:00,0.083,0.143,0.0
31/05/2019 18:00,0.085,0.049,0.0
31/05/2019 19:00,0.08,0.003,0.0
31/05/2019 20:00,0.073,0.0,0.0
31/05/2019 21:00,0.092,0.0,0.0
31/05/2019 22:00,0.125,0.0,0.0
31/05/2019 23:00,0.149,0.0,0.0
01/06/2019 00:00,0.167,0.0,0.0
01/06/2019 01:00,0.192,0.0,0.0
01/06/2019 02:00,0.228,0.0,0.0
01/06/2019 03:00,0.254,0.0,0.0
01/06/2019 04:00,0.278,0.004,0.0
01/06/2019 05:00,0.287,0.015,0.031
01/06/2019 06:00,0.179,0.029,0.298
01/06/2019 07:00,0.103,0.042,0.512
01/06/2019 08:00,0.064,0.052,0.643
01/06/2019 09:00,0.02,0.021,0.719
01/06/2019 10:00,0.004,0.003,0.736
01/06/2019 11:00,0.001,0.0,0.712
01/06/2019 12:00,0.0,0.547,0.638
01/06/2019 13:00,0.0,0.532,0.499
01/06/2019 14:00,0.0,0.444,0.29
01/06/2019 15:00,0.001,0.005,0.03
01/06/2019 16:00,0.003,0.078,0.0
01/06/2019 17:00,0.013,0.157,0.0
01/06/2019 18:00,0.036,0.164,0.0
01/06/2019 19:00,0.068,0.173,0.0
01/06/2019 20:00,0.098,0.182,0.0
01/06/2019 21:00,0.119,0.186,0.0
01/06/2019 22:00,0.138,0.21,0.0
01/06/2019 23:00,0.16,0.223,0.0
02/06/2019 00:00,0.184,0.225,0.0
02/06/2019 01:00,0.213,0.245,0.0
02/06/2019 02:00,0.24,0.315,0.0
02/06/2019 03:00,0.243,0.411,0.0
02/06/2019 04:00,0.241,0.466,0.0
02/06/2019 05:00,0.231,0.465,0.011
02/06/2019 06:00,0.142,0.395,0.244
02/06/2019 07:00,0.037,0.277,0.364
02/06/2019 08:00,0.023,0.197,0.398
02/06/2019 09:00,0.059,0.126,0.416
02/06/2019 10:00,0.051,0.094,0.379
02/06/2019 11:00,0.054,0.101,0.445
02/06/2019 12:00,0.041,0.087,0.607
02/06/2019 13:00,0.033,0.054,0.233
02/06/2019 14:00,0.025,0.034,0.274
02/06/2019 15:00,0.026,0.034,0.033
02/06/2019 16:00,0.032,0.033,0.0
02/06/2019 17:00,0.035,0.024,0.0
02/06/2019 18:00,0.033,0.013,0.0
02/06/2019 19:00,0.018,0.009,0.0
02/06/2019 20:00,0.015,0.01,0.0
02/06/2019 21:00,0.024,0.02,0.0
02/06/2019 22:00,0.028,0.052,0.0
02/06/2019 23:00,0.042,0.09,0.0
03/06/2019 00:00,0.062,0.123,0.0
03/06/2019 01:00,0.153,0.155,0.0
03/06/2019 02:00,0.281,0.179,0.0
03/06/2019 03:00,0.374,0.192,0.0
03/06/2019 04:00,0.44,0.228,0.0
03/06/2019 05:00,0.498,0.233,0.035
03/06/2019 06:00,0.359,0.204,0.314
03/06/2019 07:00,0.354,0.166,0.52
03/06/2019 08:00,0.488,0.114,0.646
03/06/2019 09:00,0.484,0.075,0.711
03/06/2019 10:00,0.508,0.068,0.729
03/06/2019 11:00,0.529,0.063,0.696
03/06/2019 12:00,0.526,0.052,0.565
03/06/2019 13:00,0.478,0.054,0.393
03/06/2019 14:00,0.349,0.068,0.241
03/06/2019 15:00,0.289,0.086,0.021
03/06/2019 16:00,0.314,0.109,0.0
03/06/2019 17:00,0.395,0.118,0.0
03/06/2019 18:00,0.491,0.106,0.0
03/06/2019 19:00,0.571,0.084,0.0
03/06/2019 20:00,0.605,0.066,0.0
03/06/2019 21:00,0.618,0.053,0.0
03/06/2019 22:00,0.636,0.053,0.0
03/06/2019 23:00,0.654,0.055,0.0
04/06/2019 00:00,0.666,0.06,0.0
04/06/2019 01:00,0.675,0.076,0.0
04/06/2019 02:00,0.676,0.104,0.0
04/06/2019 03:00,0.682,0.138,0.0
04/06/2019 04:00,0.688,0.175,0.0
04/06/2019 05:00,0.669,0.233,0.033
04/06/2019 06:00,0.557,0.295,0.281
04/06/2019 07:00,0.42,0.321,0.435
04/06/2019 08:00,0.483,0.308,0.553
04/06/2019 09:00,0.545,0.251,0.646
04/06/2019 10:00,0.538,0.207,0.686
04/06/2019 11:00,0.519,0.191,0.641
04/06/2019 12:00,0.523,0.178,0.516
04/06/2019 13:00,0.48,0.155,0.38
04/06/2019 14:00,0.372,0.143,0.201
04/06/2019 15:00,0.488,0.176,0.014
04/06/2019 16:00,0.652,0.313,0.0
04/06/2019 17:00,0.761,0.419,0.0
04/06/2019 18:00,0.83,0.413,0.0
04/06/2019 19:00,0.877,0.361,0.0
04/06/2019 20:00,0.914,0.298,0.0
04/06/2019 21:00,0.938,0.245,0.0
04/06/2019 22:00,0.954,0.208,0.0
04/06/2019 23:00,0.96,0.188,0.0
05/06/2019 00:00,0.959,0.196,0.0
05/06/2019 01:00,0.959,0.238,0.0
05/06/2019 02:00,0.96,0.31,0.0
05/06/2019 03:00,0.949,0.433,0.0
05/06/2019 04:00,0.933,0.557,0.0
05/06/2019 05:00,0.907,0.606,0.006
05/06/2019 06:00,0.875,0.642,0.114
05/06/2019 07:00,0.945,0.665,0.457
05/06/2019 08:00,0.956,0.626,0.659
05/06/2019 09:00,0.957,0.484,0.74
05/06/2019 10:00,0.951,0.324,0.77
05/06/2019 11:00,0.944,0.247,0.751
05/06/2019 12:00,0.929,0.152,0.654
05/06/2019 13:00,0.877,0.056,0.383
05/06/2019 14:00,0.732,0.018,0.146
05/06/2019 15:00,0.616,0.02,0.009
05/06/2019 16:00,0.564,0.081,0.0
05/06/2019 17:00,0.601,0.145,0.0
05/06/2019 18:00,0.645,0.125,0.0
05/06/2019 19:00,0.661,0.064,0.0
05/06/2019 20:00,0.649,0.026,0.0
05/06/2019 21:00,0.637,0.011,0.0
05/06/2019 22:00,0.641,0.004,0.0
05/06/2019 23:00,0.641,0.001,0.0
06/06/2019 00:00,0.624,0.001,0.0
06/06/2019 01:00,0.603,0.006,0.0
06/06/2019 02:00,0.592,0.013,0.0
06/06/2019 03:00,0.586,0.019,0.0
06/06/2019 04:00,0.561,0.02,0.0
06/06/2019 05:00,0.501,0.017,0.038
06/06/2019 06:00,0.405,0.018,0.34
06/06/2019 07:00,0.606,0.025,0.522
06/06/2019 08:00,0.64,0.028,0.636
06/06/2019 09:00,0.642,0.009,0.717
06/06/2019 10:00,0.665,0.001,0.77
06/06/2019 11:00,0.684,0.0,0.746
06/06/2019 12:00,0.676,0.0,0.674
06/06/2019 13:00,0.635,0.0,0.539
06/06/2019 14:00,0.464,0.0,0.337
06/06/2019 15:00,0.27,0.014,0.038
06/06/2019 16:00,0.153,0.056,0.0
06/06/2019 17:00,0.121,0.101,0.0
06/06/2019 18:00,0.032,0.101,0.0
06/06/2019 19:00,0.001,0.063,0.0
06/06/2019 20:00,0.003,0.034,0.0
06/06/2019 21:00,0.002,0.014,0.0
06/06/2019 22:00,0.011,0.004,0.0
06/06/2019 23:00,0.025,0.001,0.0
07/06/2019 00:00,0.069,0.005,0.0
07/06/2019 01:00,0.14,0.012,0.0
07/06/2019 02:00,0.259,0.014,0.0
07/06/2019 03:00,0.397,0.019,0.0
07/06/2019 04:00,0.494,0.028,0.0
07/06/2019 05:00,0.55,0.041,0.041
07/06/2019 06:00,0.506,0.054,0.353
07/06/2019 07:00,0.737,0.07,0.563
07/06/2019 08:00,0.844,0.084,0.69
07/06/2019 09:00,0.889,0.049,0.757
07/06/2019 10:00,0.914,0.008,0.777
07/06/2019 11:00,0.924,0.002,0.748
07/06/2019 12:00,0.919,0.005,0.669
07/06/2019 13:00,0.888,0.016,0.535
07/06/2019 14:00,0.807,0.045,0.334
07/06/2019 15:00,0.789,0.102,0.038
07/06/2019 16:00,0.772,0.191,0.0
07/06/2019 17:00,0.785,0.216,0.0
07/06/2019 18:00,0.795,0.174,0.0
07/06/2019 19:00,0.794,0.118,0.0
07/06/2019 20:00,0.779,0.076,0.0
07/06/2019 21:00,0.741,0.054,0.0
07/06/2019 22:00,0.697,0.048,0.0
07/06/2019 23:00,0.655,0.045,0.0
08/06/2019 00:00,0.598,0.048,0.0
08/06/2019 01:00,0.537,0.068,0.0
08/06/2019 02:00,0.466,0.104,0.0
08/06/2019 03:00,0.35,0.137,0.0
08/06/2019 04:00,0.235,0.17,0.0
08/06/2019 05:00,0.136,0.215,0.04
08/06/2019 06:00,0.034,0.281,0.351
08/06/2019 07:00,0.043,0.328,0.56
08/06/2019 08:00,0.05,0.334,0.689
08/06/2019 09:00,0.035,0.227,0.755
08/06/2019 10:00,0.018,0.152,0.773
08/06/2019 11:00,0.011,0.201,0.745
08/06/2019 12:00,0.009,0.27,0.666
08/06/2019 13:00,0.009,0.179,0.533
08/06/2019 14:00,0.029,0.094,0.334
08/06/2019 15:00,0.093,0.079,0.038
08/06/2019 16:00,0.122,0.08,0.0
08/06/2019 17:00,0.154,0.068,0.0
08/06/2019 18:00,0.195,0.048,0.0
08/06/2019 19:00,0.237,0.038,0.0
08/06/2019 20:00,0.269,0.04,0.0
08/06/2019 21:00,0.292,0.025,0.0
08/06/2019 22:00,0.359,0.006,0.0
08/06/2019 23:00,0.467,0.002,0.0
09/06/2019 00:00,0.563,0.003,0.0
09/06/2019 01:00,0.668,0.028,0.0
09/06/2019 02:00,0.75,0.121,0.0
09/06/2019 03:00,0.8,0.274,0.0
09/06/2019 04:00,0.845,0.458,0.0
09/06/2019 05:00,0.884,0.65,0.039
09/06/2019 06:00,0.867,0.768,0.349
09/06/2019 07:00,0.933,0.834,0.556
09/06/2019 08:00,0.968,0.859,0.681
09/06/2019 09:00,0.975,0.811,0.742
09/06/2019 10:00,0.977,0.762,0.758
09/06/2019 11:00,0.978,0.797,0.729
09/06/2019 12:00,0.975,0.788,0.65
09/06/2019 13:00,0.966,0.71,0.515
09/06/2019 14:00,0.938,0.61,0.311
09/06/2019 15:00,0.938,0.492,0.03
09/06/2019 16:00,0.924,0.41,0.0
09/06/2019 17:00,0.931,0.379,0.0
09/06/2019 18:00,0.936,0.258,0.0
09/06/2019 19:00,0.944,0.099,0.0
09/06/2019 20:00,0.968,0.012,0.0
09/06/2019 21:00,0.96,0.0,0.0
09/06/2019 22:00,0.945,0.001,0.0
09/06/2019 23:00,0.938,0.012,0.0
10/06/2019 00:00,0.935,0.066,0.0
10/06/2019 01:00,0.924,0.176,0.0
10/06/2019 02:00,0.914,0.315,0.0
10/06/2019 03:00,0.887,0.416,0.0
10/06/2019 04:00,0.865,0.501,0.0
10/06/2019 05:00,0.839,0.62,0.035
10/06/2019 06:00,0.75,0.721,0.343
10/06/2019 07:00,0.8,0.784,0.555
10/06/2019 08:00,0.832,0.821,0.686
10/06/2019 09:00,0.854,0.944,0.759
10/06/2019 10:00,0.871,0.987,0.779
10/06/2019 11:00,0.875,0.991,0.75
10/06/2019 12:00,0.84,0.989,0.672
10/06/2019 13:00,0.722,0.99,0.538
10/06/2019 14:00,0.52,0.991,0.336
10/06/2019 15:00,0.488,0.991,0.037
10/06/2019 16:00,0.502,0.991,0.0
10/06/2019 17:00,0.536,0.991,0.0
10/06/2019 18:00,0.564,0.991,0.0
10/06/2019 19:00,0.566,0.99,0.0
10/06/2019 20:00,0.556,0.987,0.0
10/06/2019 21:00,0.595,0.979,0.0
10/06/2019 22:00,0.636,0.956,0.0
10/06/2019 23:00,0.666,0.886,0.0
11/06/2019 00:00,0.693,0.893,0.0
11/06/2019 01:00,0.724,0.978,0.0
11/06/2019 02:00,0.755,0.991,0.0
11/06/2019 03:00,0.771,0.989,0.0
11/06/2019 04:00,0.791,0.964,0.0
11/06/2019 05:00,0.803,0.958,0.036
11/06/2019 06:00,0.711,0.962,0.343
11/06/2019 07:00,0.714,0.926,0.549
11/06/2019 08:00,0.9,0.924,0.672
11/06/2019 09:00,0.925,0.924,0.734
11/06/2019 10:00,0.924,0.918,0.751
11/06/2019 11:00,0.917,0.946,0.722
11/06/2019 12:00,0.913,0.963,0.644
11/06/2019 13:00,0.895,0.966,0.511
11/06/2019 14:00,0.855,0.975,0.31
11/06/2019 15:00,0.895,0.968,0.03
11/06/2019 16:00,0.928,0.955,0.0
11/06/2019 17:00,0.941,0.936,0.0
11/06/2019 18:00,0.926,0.926,0.0
11/06/2019 19:00,0.927,0.904,0.0
11/06/2019 20:00,0.947,0.875,0.0
11/06/2019 21:00,0.943,0.853,0.0
11/06/2019 22:00,0.938,0.838,0.0
11/06/2019 23:00,0.941,0.813,0.0
12/06/2019 00:00,0.935,0.785,0.0
12/06/2019 01:00,0.914,0.748,0.0
12/06/2019 02:00,0.914,0.726,0.0
12/06/2019 03:00,0.899,0.697,0.0
12/06/2019 04:00,0.886,0.677,0.0
12/06/2019 05:00,0.868,0.654,0.027
12/06/2019 06:00,0.778,0.647,0.323
12/06/2019 07:00,0.779,0.682,0.541
12/06/2019 08:00,0.927,0.708,0.677
12/06/2019 09:00,0.935,0.732,0.751
12/06/2019 10:00,0.93,0.78,0.771
12/06/2019 11:00,0.919,0.819,0.742
12/06/2019 12:00,0.896,0.844,0.663
12/06/2019 13:00,0.82,0.84,0.526
12/06/2019 14:00,0.604,0.821,0.32
12/06/2019 15:00,0.433,0.81,0.032
12/06/2019 16:00,0.309,0.786,0.0
12/06/2019 17:00,0.205,0.767,0.0
12/06/2019 18:00,0.153,0.777,0.0
12/06/2019 19:00,0.157,0.789,0.0
12/06/2019 20:00,0.153,0.788,0.0
12/06/2019 21:00,0.159,0.779,0.0
12/06/2019 22:00,0.21,0.786,0.0
12/06/2019 23:00,0.236,0.791,0.0
13/06/2019 00:00,0.231,0.781,0.0
13/06/2019 01:00,0.213,0.786,0.0
13/06/2019 02:00,0.179,0.77,0.0
13/06/2019 03:00,0.135,0.748,0.0
13/06/2019 04:00,0.101,0.72,0.0
13/06/2019 05:00,0.052,0.676,0.011
13/06/2019 06:00,0.025,0.642,0.215
13/06/2019 07:00,0.054,0.616,0.58
13/06/2019 08:00,0.1,0.564,0.722
13/06/2019 09:00,0.105,0.49,0.795
13/06/2019 10:00,0.108,0.45,0.814
13/06/2019 11:00,0.112,0.363,0.781
13/06/2019 12:00,0.114,0.267,0.698
13/06/2019 13:00,0.118,0.197,0.558
13/06/2019 14:00,0.133,0.149,0.349
13/06/2019 15:00,0.194,0.121,0.038
13/06/2019 16:00,0.203,0.107,0.0
13/06/2019 17:00,0.182,0.117,0.0
13/06/2019 18:00,0.153,0.104,0.0
13/06/2019 19:00,0.117,0.093,0.0
13/06/2019 20:00,0.079,0.102,0.0
13/06/2019 21:00,0.066,0.134,0.0
13/06/2019 22:00,0.086,0.184,0.0
13/06/2019 23:00,0.144,0.218,0.0
14/06/2019 00:00,0.241,0.246,0.0
14/06/2019 01:00,0.394,0.3,0.0
14/06/2019 02:00,0.574,0.365,0.0
14/06/2019 03:00,0.68,0.407,0.0
14/06/2019 04:00,0.715,0.475,0.0
14/06/2019 05:00,0.7,0.571,0.039
14/06/2019 06:00,0.482,0.661,0.37
14/06/2019 07:00,0.272,0.723,0.583
14/06/2019 08:00,0.184,0.731,0.713
14/06/2019 09:00,0.083,0.668,0.778
14/06/2019 10:00,0.041,0.696,0.794
14/06/2019 11:00,0.025,0.817,0.762
14/06/2019 12:00,0.018,0.799,0.682
14/06/2019 13:00,0.015,0.766,0.548
14/06/2019 14:00,0.019,0.734,0.348
14/06/2019 15:00,0.03,0.712,0.039
14/06/2019 16:00,0.065,0.66,0.0
14/06/2019 17:00,0.123,0.599,0.0
14/06/2019 18:00,0.202,0.519,0.0
14/06/2019 19:00,0.284,0.379,0.0
14/06/2019 20:00,0.36,0.256,0.0
14/06/2019 21:00,0.454,0.279,0.0
14/06/2019 22:00,0.55,0.211,0.0
14/06/2019 23:00,0.637,0.151,0.0
15/06/2019 00:00,0.704,0.099,0.0
15/06/2019 01:00,0.754,0.043,0.0
15/06/2019 02:00,0.791,0.039,0.0
15/06/2019 03:00,0.809,0.054,0.0
15/06/2019 04:00,0.826,0.059,0.0
15/06/2019 05:00,0.827,0.046,0.041
15/06/2019 06:00,0.728,0.038,0.369
15/06/2019 07:00,0.695,0.038,0.573
15/06/2019 08:00,0.791,0.029,0.698
15/06/2019 09:00,0.83,0.013,0.758
15/06/2019 10:00,0.835,0.004,0.775
15/06/2019 11:00,0.814,0.002,0.745
15/06/2019 12:00,0.775,0.002,0.665
15/06/2019 13:00,0.682,0.002,0.53
15/06/2019 14:00,0.568,0.003,0.33
15/06/2019 15:00,0.589,0.004,0.034
15/06/2019 16:00,0.624,0.007,0.0
15/06/2019 17:00,0.635,0.011,0.0
15/06/2019 18:00,0.633,0.009,0.0
15/06/2019 19:00,0.63,0.005,0.0
15/06/2019 20:00,0.633,0.001,0.0
15/06/2019 21:00,0.657,0.0,0.0
15/06/2019 22:00,0.69,0.0,0.0
15/06/2019 23:00,0.716,0.0,0.0
16/06/2019 00:00,0.731,0.001,0.0
16/06/2019 01:00,0.736,0.007,0.0
16/06/2019 02:00,0.733,0.029,0.0
16/06/2019 03:00,0.717,0.072,0.0
16/06/2019 04:00,0.695,0.131,0.0
16/06/2019 05:00,0.663,0.179,0.027
16/06/2019 06:00,0.493,0.214,0.319
16/06/2019 07:00,0.278,0.241,0.532
16/06/2019 08:00,0.299,0.252,0.662
16/06/2019 09:00,0.264,0.231,0.733
16/06/2019 10:00,0.254,0.176,0.751
16/06/2019 11:00,0.269,0.092,0.72
16/06/2019 12:00,0.272,0.043,0.643
16/06/2019 13:00,0.235,0.039,0.504
16/06/2019 14:00,0.192,0.068,0.302
16/06/2019 15:00,0.203,0.124,0.028
16/06/2019 16:00,0.25,0.217,0.0
16/06/2019 17:00,0.328,0.334,0.0
16/06/2019 18:00,0.424,0.401,0.0
16/06/2019 19:00,0.526,0.413,0.0
16/06/2019 20:00,0.614,0.39,0.0
16/06/2019 21:00,0.68,0.343,0.0
16/06/2019 22:00,0.724,0.294,0.0
16/06/2019 23:00,0.754,0.249,0.0
17/06/2019 00:00,0.774,0.211,0.0
17/06/2019 01:00,0.787,0.194,0.0
17/06/2019 02:00,0.796,0.198,0.0
17/06/2019 03:00,0.798,0.209,0.0
17/06/2019 04:00,0.799,0.248,0.0
17/06/2019 05:00,0.785,0.309,0.022
17/06/2019 06:00,0.637,0.391,0.284
17/06/2019 07:00,0.583,0.479,0.499
17/06/2019 08:00,0.829,0.495,0.636
17/06/2019 09:00,0.889,0.386,0.705
17/06/2019 10:00,0.885,0.345,0.723
17/06/2019 11:00,0.851,0.357,0.687
17/06/2019 12:00,0.793,0.266,0.606
17/06/2019 13:00,0.682,0.147,0.467
17/06/2019 14:00,0.542,0.063,0.258
17/06/2019 15:00,0.523,0.036,0.018
17/06/2019 16:00,0.519,0.075,0.0
17/06/2019 17:00,0.532,0.191,0.0
17/06/2019 18:00,0.544,0.297,0.0
17/06/2019 19:00,0.545,0.329,0.0
17/06/2019 20:00,0.532,0.296,0.0
17/06/2019 21:00,0.488,0.258,0.0
17/06/2019 22:00,0.414,0.266,0.0
17/06/2019 23:00,0.379,0.362,0.0
18/06/2019 00:00,0.368,0.515,0.0
18/06/2019 01:00,0.332,0.621,0.0
18/06/2019 02:00,0.28,0.662,0.0
18/06/2019 03:00,0.194,0.637,0.0
18/06/2019 04:00,0.118,0.574,0.0
18/06/2019 05:00,0.088,0.568,0.023
18/06/2019 06:00,0.062,0.598,0.31
18/06/2019 07:00,0.007,0.61,0.522
18/06/2019 08:00,0.566,0.491,0.653
18/06/2019 09:00,0.001,0.459,0.725
18/06/2019 10:00,0.002,0.449,0.747
18/06/2019 11:00,0.003,0.355,0.719
18/06/2019 12:00,0.003,0.259,0.637
18/06/2019 13:00,0.005,0.155,0.501
18/06/2019 14:00,0.017,0.076,0.295
18/06/2019 15:00,0.038,0.022,0.025
18/06/2019 16:00,0.049,0.017,0.0
18/06/2019 17:00,0.061,0.072,0.0
18/06/2019 18:00,0.08,0.162,0.0
18/06/2019 19:00,0.114,0.251,0.0
18/06/2019 20:00,0.152,0.339,0.0
18/06/2019 21:00,0.193,0.47,0.0
18/06/2019 22:00,0.253,0.6,0.0
18/06/2019 23:00,0.337,0.675,0.0
19/06/2019 00:00,0.42,0.704,0.0
19/06/2019 01:00,0.468,0.71,0.0
19/06/2019 02:00,0.507,0.711,0.0
19/06/2019 03:00,0.55,0.716,0.0
19/06/2019 04:00,0.599,0.73,0.0
19/06/2019 05:00,0.644,0.77,0.021
19/06/2019 06:00,0.517,0.816,0.301
19/06/2019 07:00,0.503,0.81,0.522
19/06/2019 08:00,0.756,0.794,0.655
19/06/2019 09:00,0.731,0.744,0.726
19/06/2019 10:00,0.624,0.703,0.747
19/06/2019 11:00,0.509,0.701,0.718
19/06/2019 12:00,0.398,0.661,0.636
19/06/2019 13:00,0.287,0.543,0.498
19/06/2019 14:00,0.221,0.412,0.287
19/06/2019 15:00,0.243,0.289,0.022
19/06/2019 16:00,0.311,0.27,0.0
19/06/2019 17:00,0.404,0.346,0.0
19/06/2019 18:00,0.507,0.467,0.0
19/06/2019 19:00,0.594,0.529,0.0
19/06/2019 20:00,0.661,0.526,0.0
19/06/2019 21:00,0.707,0.516,0.0
19/06/2019 22:00,0.728,0.494,0.0
19/06/2019 23:00,0.74,0.449,0.0
20/06/2019 00:00,0.746,0.401,0.0
20/06/2019 01:00,0.745,0.366,0.0
20/06/2019 02:00,0.739,0.343,0.0
20/06/2019 03:00,0.73,0.335,0.0
20/06/2019 04:00,0.723,0.326,0.0
20/06/2019 05:00,0.702,0.337,0.025
20/06/2019 06:00,0.519,0.344,0.311
20/06/2019 07:00,0.366,0.334,0.527
20/06/2019 08:00,0.435,0.293,0.657
20/06/2019 09:00,0.415,0.207,0.726
20/06/2019 10:00,0.436,0.196,0.746
20/06/2019 11:00,0.457,0.155,0.717
20/06/2019 12:00,0.448,0.117,0.633
20/06/2019 13:00,0.379,0.09,0.492
20/06/2019 14:00,0.31,0.084,0.281
20/06/2019 15:00,0.324,0.107,0.021
20/06/2019 16:00,0.388,0.147,0.0
20/06/2019 17:00,0.486,0.162,0.0
20/06/2019 18:00,0.59,0.136,0.0
20/06/2019 19:00,0.682,0.136,0.0
20/06/2019 20:00,0.748,0.176,0.0
20/06/2019 21:00,0.791,0.181,0.0
20/06/2019 22:00,0.816,0.148,0.0
20/06/2019 23:00,0.838,0.086,0.0
21/06/2019 00:00,0.86,0.099,0.0
21/06/2019 01:00,0.883,0.169,0.0
21/06/2019 02:00,0.906,0.278,0.0
21/06/2019 03:00,0.923,0.367,0.0
21/06/2019 04:00,0.934,0.422,0.0
21/06/2019 05:00,0.934,0.448,0.027
21/06/2019 06:00,0.895,0.47,0.326
21/06/2019 07:00,0.897,0.51,0.537
21/06/2019 08:00,0.984,0.504,0.664
21/06/2019 09:00,0.99,0.547,0.733
21/06/2019 10:00,0.988,0.712,0.753
21/06/2019 11:00,0.98,0.746,0.722
21/06/2019 12:00,0.965,0.721,0.64
21/06/2019 13:00,0.928,0.644,0.503
21/06/2019 14:00,0.861,0.538,0.295
21/06/2019 15:00,0.841,0.405,0.025
21/06/2019 16:00,0.829,0.26,0.0
21/06/2019 17:00,0.855,0.147,0.0
21/06/2019 18:00,0.876,0.07,0.0
21/06/2019 19:00,0.893,0.03,0.0
21/06/2019 20:00,0.905,0.015,0.0
21/06/2019 21:00,0.917,0.007,0.0
21/06/2019 22:00,0.922,0.003,0.0
21/06/2019 23:00,0.924,0.005,0.0
22/06/2019 00:00,0.921,0.01,0.0
22/06/2019 01:00,0.916,0.028,0.0
22/06/2019 02:00,0.91,0.051,0.0
22/06/2019 03:00,0.909,0.054,0.0
22/06/2019 04:00,0.907,0.041,0.0
22/06/2019 05:00,0.904,0.032,0.002
22/06/2019 06:00,0.889,0.042,0.082
22/06/2019 07:00,0.966,0.083,0.374
22/06/2019 08:00,0.983,0.125,0.542
22/06/2019 09:00,0.984,0.114,0.662
22/06/2019 10:00,0.979,0.137,0.705
22/06/2019 11:00,0.964,0.171,0.735
22/06/2019 12:00,0.933,0.182,0.675
22/06/2019 13:00,0.876,0.19,0.534
22/06/2019 14:00,0.75,0.155,0.32
22/06/2019 15:00,0.711,0.099,0.03
22/06/2019 16:00,0.732,0.085,0.0
22/06/2019 17:00,0.74,0.115,0.0
22/06/2019 18:00,0.739,0.057,0.0
22/06/2019 19:00,0.722,0.01,0.0
22/06/2019 20:00,0.685,0.001,0.0
22/06/2019 21:00,0.619,0.005,0.0
22/06/2019 22:00,0.538,0.01,0.0
22/06/2019 23:00,0.481,0.021,0.0
23/06/2019 00:00,0.421,0.064,0.0
23/06/2019 01:00,0.398,0.106,0.0
23/06/2019 02:00,0.373,0.121,0.0
23/06/2019 03:00,0.362,0.153,0.0
23/06/2019 04:00,0.343,0.194,0.0
23/06/2019 05:00,0.293,0.243,0.006
23/06/2019 06:00,0.304,0.273,0.097
23/06/2019 07:00,0.454,0.281,0.286
23/06/2019 08:00,0.493,0.285,0.673
23/06/2019 09:00,0.488,0.219,0.753
23/06/2019 10:00,0.456,0.153,0.773
23/06/2019 11:00,0.395,0.174,0.744
23/06/2019 12:00,0.3,0.161,0.663
23/06/2019 13:00,0.201,0.112,0.525
23/06/2019 14:00,0.109,0.083,0.317
23/06/2019 15:00,0.067,0.072,0.03
23/06/2019 16:00,0.032,0.083,0.0
23/06/2019 17:00,0.009,0.054,0.0
23/06/2019 18:00,0.004,0.013,0.0
23/06/2019 19:00,0.009,0.003,0.0
23/06/2019 20:00,0.033,0.009,0.0
23/06/2019 21:00,0.079,0.021,0.0
23/06/2019 22:00,0.15,0.035,0.0
23/06/2019 23:00,0.234,0.053,0.0
24/06/2019 00:00,0.32,0.072,0.0
24/06/2019 01:00,0.403,0.092,0.0
24/06/2019 02:00,0.481,0.118,0.0
24/06/2019 03:00,0.529,0.176,0.0
24/06/2019 04:00,0.552,0.266,0.0
24/06/2019 05:00,0.531,0.347,0.031
24/06/2019 06:00,0.35,0.373,0.356
24/06/2019 07:00,0.356,0.444,0.571
24/06/2019 08:00,0.362,0.464,0.697
24/06/2019 09:00,0.334,0.368,0.765
24/06/2019 10:00,0.351,0.264,0.784
24/06/2019 11:00,0.376,0.254,0.754
24/06/2019 12:00,0.38,0.241,0.67
24/06/2019 13:00,0.325,0.159,0.532
24/06/2019 14:00,0.228,0.073,0.324
24/06/2019 15:00,0.176,0.025,0.033
24/06/2019 16:00,0.155,0.014,0.0
24/06/2019 17:00,0.159,0.01,0.0
24/06/2019 18:00,0.158,0.093,0.0
24/06/2019 19:00,0.13,0.332,0.0
24/06/2019 20:00,0.083,0.698,0.0
24/06/2019 21:00,0.043,0.895,0.0
24/06/2019 22:00,0.022,0.945,0.0
24/06/2019 23:00,0.01,0.938,0.0
25/06/2019 00:00,0.004,0.93,0.0
25/06/2019 01:00,0.002,0.925,0.0
25/06/2019 02:00,0.001,0.903,0.0
25/06/2019 03:00,0.002,0.849,0.0
25/06/2019 04:00,0.005,0.711,0.0
25/06/2019 05:00,0.009,0.51,0.018
25/06/2019 06:00,0.008,0.398,0.274
25/06/2019 07:00,0.001,0.364,0.494
25/06/2019 08:00,0.355,0.635,0.625
25/06/2019 09:00,0.297,0.48,0.686
25/06/2019 10:00,0.374,0.813,0.714
25/06/2019 11:00,0.494,0.948,0.71
25/06/2019 12:00,0.002,0.457,0.644
25/06/2019 13:00,0.006,0.401,0.509
25/06/2019 14:00,0.026,0.407,0.3
25/06/2019 15:00,0.094,0.434,0.026
25/06/2019 16:00,0.202,0.417,0.0
25/06/2019 17:00,0.251,0.398,0.0
25/06/2019 18:00,0.257,0.433,0.0
25/06/2019 19:00,0.264,0.516,0.0
25/06/2019 20:00,0.264,0.556,0.0
25/06/2019 21:00,0.286,0.452,0.0
25/06/2019 22:00,0.309,0.334,0.0
25/06/2019 23:00,0.315,0.291,0.0
26/06/2019 00:00,0.316,0.319,0.0
26/06/2019 01:00,0.312,0.391,0.0
26/06/2019 02:00,0.31,0.467,0.0
26/06/2019 03:00,0.278,0.505,0.0
26/06/2019 04:00,0.264,0.476,0.0
26/06/2019 05:00,0.279,0.488,0.019
26/06/2019 06:00,0.249,0.508,0.293
26/06/2019 07:00,0.179,0.54,0.518
26/06/2019 08:00,0.3,0.538,0.661
26/06/2019 09:00,0.349,0.62,0.737
26/06/2019 10:00,0.355,0.717,0.761
26/06/2019 11:00,0.364,0.774,0.737
26/06/2019 12:00,0.361,0.809,0.66
26/06/2019 13:00,0.3,0.829,0.526
26/06/2019 14:00,0.172,0.819,0.32
26/06/2019 15:00,0.184,0.786,0.033
26/06/2019 16:00,0.325,0.686,0.0
26/06/2019 17:00,0.501,0.647,0.0
26/06/2019 18:00,0.623,0.688,0.0
26/06/2019 19:00,0.728,0.575,0.0
26/06/2019 20:00,0.763,0.599,0.0
26/06/2019 21:00,0.799,0.602,0.0
26/06/2019 22:00,0.844,0.619,0.0
26/06/2019 23:00,0.848,0.685,0.0
27/06/2019 00:00,0.806,0.768,0.0
27/06/2019 01:00,0.789,0.824,0.0
27/06/2019 02:00,0.8,0.855,0.0
27/06/2019 03:00,0.809,0.881,0.0
27/06/2019 04:00,0.832,0.896,0.0
27/06/2019 05:00,0.859,0.923,0.033
27/06/2019 06:00,0.869,0.952,0.351
27/06/2019 07:00,0.922,0.978,0.553
27/06/2019 08:00,0.97,0.991,0.676
27/06/2019 09:00,0.987,0.977,0.735
27/06/2019 10:00,0.99,0.935,0.744
27/06/2019 11:00,0.99,0.872,0.71
27/06/2019 12:00,0.986,0.854,0.627
27/06/2019 13:00,0.972,0.936,0.49
27/06/2019 14:00,0.938,0.982,0.284
27/06/2019 15:00,0.934,0.991,0.023
27/06/2019 16:00,0.943,0.991,0.0
27/06/2019 17:00,0.954,0.991,0.0
27/06/2019 18:00,0.969,0.991,0.0
27/06/2019 19:00,0.976,0.991,0.0
27/06/2019 20:00,0.983,0.991,0.0
27/06/2019 21:00,0.99,0.99,0.0
27/06/2019 22:00,0.991,0.988,0.0
27/06/2019 23:00,0.991,0.986,0.0
28/06/2019 00:00,0.991,0.984,0.0
28/06/2019 01:00,0.991,0.981,0.0
28/06/2019 02:00,0.991,0.981,0.0
28/06/2019 03:00,0.988,0.98,0.0
28/06/2019 04:00,0.973,0.975,0.0
28/06/2019 05:00,0.956,0.967,0.017
28/06/2019 06:00,0.931,0.96,0.281
28/06/2019 07:00,0.911,0.946,0.503
28/06/2019 08:00,0.942,0.931,0.644
28/06/2019 09:00,0.962,0.936,0.727
28/06/2019 10:00,0.971,0.948,0.75
28/06/2019 11:00,0.974,0.936,0.721
28/06/2019 12:00,0.966,0.92,0.638
28/06/2019 13:00,0.928,0.909,0.495
28/06/2019 14:00,0.82,0.896,0.278
28/06/2019 15:00,0.786,0.873,0.022
28/06/2019 16:00,0.726,0.819,0.0
28/06/2019 17:00,0.631,0.748,0.0
28/06/2019 18:00,0.592,0.711,0.0
28/06/2019 19:00,0.574,0.685,0.0
28/06/2019 20:00,0.547,0.671,0.0
28/06/2019 21:00,0.538,0.683,0.0
28/06/2019 22:00,0.558,0.739,0.0
28/06/2019 23:00,0.58,0.737,0.0
29/06/2019 00:00,0.593,0.748,0.0
29/06/2019 01:00,0.602,0.763,0.0
29/06/2019 02:00,0.623,0.787,0.0
29/06/2019 03:00,0.658,0.798,0.0
29/06/2019 04:00,0.694,0.809,0.0
29/06/2019 05:00,0.7,0.799,0.019
29/06/2019 06:00,0.534,0.808,0.282
29/06/2019 07:00,0.528,0.813,0.514
29/06/2019 08:00,0.758,0.821,0.646
29/06/2019 09:00,0.872,0.844,0.723
29/06/2019 10:00,0.91,0.908,0.737
29/06/2019 11:00,0.927,0.917,0.702
29/06/2019 12:00,0.929,0.916,0.622
29/06/2019 13:00,0.894,0.894,0.485
29/06/2019 14:00,0.829,0.838,0.276
29/06/2019 15:00,0.858,0.722,0.023
29/06/2019 16:00,0.866,0.544,0.0
29/06/2019 17:00,0.849,0.416,0.0
29/06/2019 18:00,0.839,0.334,0.0
29/06/2019 19:00,0.863,0.229,0.0
29/06/2019 20:00,0.885,0.137,0.0
29/06/2019 21:00,0.891,0.071,0.0
29/06/2019 22:00,0.897,0.03,0.0
29/06/2019 23:00,0.9,0.013,0.0
30/06/2019 00:00,0.89,0.004,0.0
30/06/2019 01:00,0.862,0.0,0.0
30/06/2019 02:00,0.855,0.0,0.0
30/06/2019 03:00,0.856,0.0,0.0
30/06/2019 04:00,0.853,0.002,0.0
30/06/2019 05:00,0.844,0.017,0.017
30/06/2019 06:00,0.758,0.059,0.268
30/06/2019 07:00,0.68,0.118,0.482
30/06/2019 08:00,0.83,0.162,0.616
30/06/2019 09:00,0.927,0.167,0.688
30/06/2019 10:00,0.934,0.211,0.7
30/06/2019 11:00,0.942,0.162,0.67
30/06/2019 12:00,0.951,0.109,0.602
30/06/2019 13:00,0.95,0.075,0.457
30/06/2019 14:00,0.928,0.067,0.241
30/06/2019 15:00,0.926,0.096,0.015
30/06/2019 16:00,0.933,0.229,0.0
30/06/2019 17:00,0.937,0.407,0.0
30/06/2019 18:00,0.931,0.472,0.0
30/06/2019 19:00,0.935,0.459,0.0
30/06/2019 20:00,0.938,0.384,0.0
30/06/2019 21:00,0.92,0.281,0.0
30/06/2019 22:00,0.923,0.19,0.0
30/06/2019 23:00,0.928,0.131,0.0
01/07/2019 00:00,0.93,0.146,0.0
01/07/2019 01:00,0.928,0.231,0.0
01/07/2019 02:00,0.925,0.367,0.0
01/07/2019 03:00,0.912,0.521,0.0
01/07/2019 04:00,0.891,0.627,0.0
01/07/2019 05:00,0.865,0.658,0.002
01/07/2019 06:00,0.863,0.666,0.082
01/07/2019 07:00,0.904,0.674,0.319
01/07/2019 08:00,0.93,0.652,0.526
01/07/2019 09:00,0.959,0.571,0.608
01/07/2019 10:00,0.976,0.466,0.661
01/07/2019 11:00,0.987,0.511,0.669
01/07/2019 12:00,0.99,0.51,0.596
01/07/2019 13:00,0.988,0.443,0.46
01/07/2019 14:00,0.977,0.396,0.254
01/07/2019 15:00,0.954,0.355,0.02
01/07/2019 16:00,0.931,0.295,0.0
01/07/2019 17:00,0.898,0.192,0.0
01/07/2019 18:00,0.863,0.079,0.0
01/07/2019 19:00,0.826,0.011,0.0
01/07/2019 20:00,0.786,0.0,0.0
01/07/2019 21:00,0.756,0.0,0.0
01/07/2019 22:00,0.739,0.001,0.0
01/07/2019 23:00,0.73,0.003,0.0
02/07/2019 00:00,0.695,0.006,0.0
02/07/2019 01:00,0.659,0.011,0.0
02/07/2019 02:00,0.666,0.026,0.0
02/07/2019 03:00,0.716,0.057,0.0
02/07/2019 04:00,0.748,0.106,0.0
02/07/2019 05:00,0.783,0.197,0.003
02/07/2019 06:00,0.833,0.334,0.066
02/07/2019 07:00,0.872,0.473,0.187
02/07/2019 08:00,0.885,0.586,0.481
02/07/2019 09:00,0.881,0.601,0.667
02/07/2019 10:00,0.868,0.695,0.789
02/07/2019 11:00,0.851,0.822,0.757
02/07/2019 12:00,0.864,0.88,0.67
02/07/2019 13:00,0.872,0.915,0.524
02/07/2019 14:00,0.831,0.935,0.308
02/07/2019 15:00,0.799,0.922,0.031
02/07/2019 16:00,0.787,0.876,0.0
02/07/2019 17:00,0.804,0.697,0.0
02/07/2019 18:00,0.798,0.77,0.0
02/07/2019 19:00,0.808,0.831,0.0
02/07/2019 20:00,0.847,0.74,0.0
02/07/2019 21:00,0.863,0.717,0.0
02/07/2019 22:00,0.854,0.626,0.0
02/07/2019 23:00,0.827,0.583,0.0
03/07/2019 00:00,0.762,0.566,0.0
03/07/2019 01:00,0.71,0.433,0.0
03/07/2019 02:00,0.681,0.386,0.0
03/07/2019 03:00,0.672,0.398,0.0
03/07/2019 04:00,0.666,0.356,0.0
03/07/2019 05:00,0.646,0.329,0.035
03/07/2019 06:00,0.501,0.32,0.355
03/07/2019 07:00,0.505,0.302,0.561
03/07/2019 08:00,0.484,0.257,0.689
03/07/2019 09:00,0.432,0.216,0.761
03/07/2019 10:00,0.402,0.172,0.781
03/07/2019 11:00,0.362,0.151,0.751
03/07/2019 12:00,0.312,0.144,0.669
03/07/2019 13:00,0.248,0.133,0.531
03/07/2019 14:00,0.169,0.101,0.324
03/07/2019 15:00,0.158,0.078,0.037
03/07/2019 16:00,0.193,0.057,0.0
03/07/2019 17:00,0.267,0.019,0.0
03/07/2019 18:00,0.372,0.002,0.0
03/07/2019 19:00,0.469,0.001,0.0
03/07/2019 20:00,0.532,0.0,0.0
03/07/2019 21:00,0.585,0.002,0.0
03/07/2019 22:00,0.634,0.029,0.0
03/07/2019 23:00,0.668,0.09,0.0
04/07/2019 00:00,0.684,0.132,0.0
04/07/2019 01:00,0.7,0.144,0.0
04/07/2019 02:00,0.718,0.172,0.0
04/07/2019 03:00,0.732,0.227,0.0
04/07/2019 04:00,0.751,0.332,0.0
04/07/2019 05:00,0.753,0.411,0.039
04/07/2019 06:00,0.642,0.459,0.365
04/07/2019 07:00,0.699,0.493,0.568
04/07/2019 08:00,0.831,0.529,0.693
04/07/2019 09:00,0.866,0.512,0.757
04/07/2019 10:00,0.88,0.58,0.775
04/07/2019 11:00,0.879,0.72,0.745
04/07/2019 12:00,0.863,0.772,0.664
04/07/2019 13:00,0.812,0.763,0.528
04/07/2019 14:00,0.684,0.707,0.322
04/07/2019 15:00,0.679,0.621,0.038
04/07/2019 16:00,0.757,0.462,0.0
04/07/2019 17:00,0.797,0.469,0.0
04/07/2019 18:00,0.796,0.448,0.0
04/07/2019 19:00,0.786,0.357,0.0
04/07/2019 20:00,0.772,0.292,0.0
04/07/2019 21:00,0.763,0.304,0.0
04/07/2019 22:00,0.742,0.361,0.0
04/07/2019 23:00,0.705,0.456,0.0
05/07/2019 00:00,0.644,0.58,0.0
05/07/2019 01:00,0.538,0.695,0.0
05/07/2019 02:00,0.413,0.714,0.0
05/07/2019 03:00,0.259,0.722,0.0
05/07/2019 04:00,0.146,0.756,0.0
05/07/2019 05:00,0.084,0.791,0.034
05/07/2019 06:00,0.045,0.812,0.331
05/07/2019 07:00,0.065,0.825,0.526
05/07/2019 08:00,0.064,0.816,0.677
05/07/2019 09:00,0.045,0.711,0.758
05/07/2019 10:00,0.039,0.815,0.777
05/07/2019 11:00,0.047,0.837,0.747
05/07/2019 12:00,0.052,0.791,0.667
05/07/2019 13:00,0.04,0.726,0.53
05/07/2019 14:00,0.034,0.679,0.323
05/07/2019 15:00,0.041,0.623,0.038
05/07/2019 16:00,0.036,0.536,0.0
05/07/2019 17:00,0.049,0.437,0.0
05/07/2019 18:00,0.088,0.322,0.0
05/07/2019 19:00,0.162,0.176,0.0
05/07/2019 20:00,0.302,0.058,0.0
05/07/2019 21:00,0.502,0.008,0.0
05/07/2019 22:00,0.664,0.001,0.0
05/07/2019 23:00,0.77,0.0,0.0
06/07/2019 00:00,0.8,0.003,0.0
06/07/2019 01:00,0.836,0.014,0.0
06/07/2019 02:00,0.857,0.014,0.0
06/07/2019 03:00,0.846,0.013,0.0
06/07/2019 04:00,0.845,0.03,0.0
06/07/2019 05:00,0.853,0.073,0.041
06/07/2019 06:00,0.806,0.149,0.37
06/07/2019 07:00,0.885,0.262,0.572
06/07/2019 08:00,0.919,0.325,0.696
06/07/2019 09:00,0.943,0.259,0.759
06/07/2019 10:00,0.963,0.18,0.776
06/07/2019 11:00,0.969,0.192,0.744
06/07/2019 12:00,0.97,0.285,0.662
06/07/2019 13:00,0.961,0.326,0.523
06/07/2019 14:00,0.929,0.355,0.315
06/07/2019 15:00,0.944,0.379,0.037
06/07/2019 16:00,0.927,0.344,0.0
06/07/2019 17:00,0.938,0.267,0.0
06/07/2019 18:00,0.953,0.223,0.0
06/07/2019 19:00,0.958,0.233,0.0
06/07/2019 20:00,0.952,0.357,0.0
06/07/2019 21:00,0.952,0.574,0.0
06/07/2019 22:00,0.947,0.741,0.0
06/07/2019 23:00,0.951,0.827,0.0
07/07/2019 00:00,0.949,0.846,0.0
07/07/2019 01:00,0.961,0.882,0.0
07/07/2019 02:00,0.953,0.919,0.0
07/07/2019 03:00,0.931,0.964,0.0
07/07/2019 04:00,0.903,0.975,0.0
07/07/2019 05:00,0.861,0.973,0.006
07/07/2019 06:00,0.8,0.944,0.097
07/07/2019 07:00,0.809,0.881,0.192
07/07/2019 08:00,0.895,0.758,0.359
07/07/2019 09:00,0.923,0.583,0.57
07/07/2019 10:00,0.921,0.419,0.695
07/07/2019 11:00,0.909,0.314,0.706
07/07/2019 12:00,0.872,0.274,0.636
07/07/2019 13:00,0.772,0.196,0.503
07/07/2019 14:00,0.566,0.132,0.295
07/07/2019 15:00,0.413,0.116,0.032
07/07/2019 16:00,0.261,0.116,0.0
07/07/2019 17:00,0.203,0.094,0.0
07/07/2019 18:00,0.152,0.041,0.0
07/07/2019 19:00,0.12,0.008,0.0
07/07/2019 20:00,0.163,0.001,0.0
07/07/2019 21:00,0.267,0.0,0.0
07/07/2019 22:00,0.357,0.0,0.0
07/07/2019 23:00,0.42,0.004,0.0
08/07/2019 00:00,0.469,0.026,0.0
08/07/2019 01:00,0.501,0.073,0.0
08/07/2019 02:00,0.476,0.131,0.0
08/07/2019 03:00,0.455,0.192,0.0
08/07/2019 04:00,0.481,0.268,0.0
08/07/2019 05:00,0.517,0.351,0.001
08/07/2019 06:00,0.374,0.4,0.051
08/07/2019 07:00,0.494,0.404,0.163
08/07/2019 08:00,0.599,0.334,0.475
08/07/2019 09:00,0.653,0.233,0.703
08/07/2019 10:00,0.716,0.203,0.766
08/07/2019 11:00,0.724,0.187,0.732
08/07/2019 12:00,0.73,0.138,0.648
08/07/2019 13:00,0.685,0.072,0.508
08/07/2019 14:00,0.517,0.013,0.3
08/07/2019 15:00,0.336,0.005,0.034
08/07/2019 16:00,0.184,0.073,0.0
08/07/2019 17:00,0.122,0.134,0.0
08/07/2019 18:00,0.112,0.174,0.0
08/07/2019 19:00,0.126,0.265,0.0
08/07/2019 20:00,0.159,0.38,0.0
08/07/2019 21:00,0.227,0.475,0.0
08/07/2019 22:00,0.302,0.519,0.0
08/07/2019 23:00,0.362,0.705,0.0
09/07/2019 00:00,0.403,0.836,0.0
09/07/2019 01:00,0.432,0.903,0.0
09/07/2019 02:00,0.442,0.972,0.0
09/07/2019 03:00,0.433,0.97,0.0
09/07/2019 04:00,0.432,0.936,0.0
09/07/2019 05:00,0.431,0.899,0.04
09/07/2019 06:00,0.285,0.863,0.358
09/07/2019 07:00,0.266,0.806,0.559
09/07/2019 08:00,0.433,0.75,0.683
09/07/2019 09:00,0.464,0.816,0.748
09/07/2019 10:00,0.428,0.983,0.765
09/07/2019 11:00,0.384,0.991,0.734
09/07/2019 12:00,0.332,0.991,0.654
09/07/2019 13:00,0.243,0.991,0.519
09/07/2019 14:00,0.106,0.989,0.318
09/07/2019 15:00,0.071,0.981,0.041
09/07/2019 16:00,0.112,0.969,0.0
09/07/2019 17:00,0.231,0.957,0.0
09/07/2019 18:00,0.406,0.946,0.0
09/07/2019 19:00,0.583,0.923,0.0
09/07/2019 20:00,0.7,0.894,0.0
09/07/2019 21:00,0.758,0.846,0.0
09/07/2019 22:00,0.786,0.788,0.0
09/07/2019 23:00,0.796,0.677,0.0
10/07/2019 00:00,0.8,0.518,0.0
10/07/2019 01:00,0.796,0.341,0.0
10/07/2019 02:00,0.791,0.2,0.0
10/07/2019 03:00,0.777,0.083,0.0
10/07/2019 04:00,0.772,0.018,0.0
10/07/2019 05:00,0.752,0.001,0.043
10/07/2019 06:00,0.606,0.0,0.363
10/07/2019 07:00,0.447,0.006,0.559
10/07/2019 08:00,0.46,0.031,0.681
10/07/2019 09:00,0.398,0.055,0.741
10/07/2019 10:00,0.374,0.078,0.758
10/07/2019 11:00,0.379,0.111,0.728
10/07/2019 12:00,0.379,0.149,0.651
10/07/2019 13:00,0.302,0.207,0.518
10/07/2019 14:00,0.213,0.27,0.319
10/07/2019 15:00,0.272,0.311,0.043
10/07/2019 16:00,0.407,0.369,0.0
10/07/2019 17:00,0.56,0.369,0.0
10/07/2019 18:00,0.677,0.547,0.0
10/07/2019 19:00,0.723,0.795,0.0
10/07/2019 20:00,0.737,0.844,0.0
10/07/2019 21:00,0.74,0.902,0.0
10/07/2019 22:00,0.741,0.899,0.0
10/07/2019 23:00,0.742,0.896,0.0
11/07/2019 00:00,0.744,0.905,0.0
11/07/2019 01:00,0.75,0.928,0.0
11/07/2019 02:00,0.765,0.949,0.0
11/07/2019 03:00,0.785,0.969,0.0
11/07/2019 04:00,0.803,0.984,0.0
11/07/2019 05:00,0.804,0.989,0.044
11/07/2019 06:00,0.692,0.991,0.364
11/07/2019 07:00,0.615,0.989,0.562
11/07/2019 08:00,0.76,0.976,0.684
11/07/2019 09:00,0.839,0.965,0.746
11/07/2019 10:00,0.886,0.964,0.762
11/07/2019 11:00,0.915,0.949,0.733
11/07/2019 12:00,0.917,0.926,0.657
11/07/2019 13:00,0.885,0.898,0.523
11/07/2019 14:00,0.819,0.852,0.322
11/07/2019 15:00,0.814,0.789,0.045
11/07/2019 16:00,0.822,0.68,0.0
11/07/2019 17:00,0.823,0.58,0.0
11/07/2019 18:00,0.812,0.506,0.0
11/07/2019 19:00,0.801,0.442,0.0
11/07/2019 20:00,0.793,0.401,0.0
11/07/2019 21:00,0.809,0.37,0.0
11/07/2019 22:00,0.816,0.372,0.0
11/07/2019 23:00,0.812,0.36,0.0
12/07/2019 00:00,0.8,0.315,0.0
12/07/2019 01:00,0.784,0.26,0.0
12/07/2019 02:00,0.765,0.21,0.0
12/07/2019 03:00,0.726,0.19,0.0
12/07/2019 04:00,0.673,0.199,0.0
12/07/2019 05:00,0.575,0.234,0.041
12/07/2019 06:00,0.281,0.269,0.353
12/07/2019 07:00,0.123,0.317,0.552
12/07/2019 08:00,0.134,0.359,0.678
12/07/2019 09:00,0.111,0.372,0.743
12/07/2019 10:00,0.071,0.47,0.756
12/07/2019 11:00,0.041,0.445,0.724
12/07/2019 12:00,0.021,0.32,0.646
12/07/2019 13:00,0.009,0.195,0.51
12/07/2019 14:00,0.013,0.099,0.308
12/07/2019 15:00,0.03,0.03,0.04
12/07/2019 16:00,0.066,0.002,0.0
12/07/2019 17:00,0.112,0.013,0.0
12/07/2019 18:00,0.144,0.093,0.0
12/07/2019 19:00,0.161,0.291,0.0
12/07/2019 20:00,0.151,0.544,0.0
12/07/2019 21:00,0.167,0.724,0.0
12/07/2019 22:00,0.248,0.8,0.0
12/07/2019 23:00,0.393,0.857,0.0
13/07/2019 00:00,0.557,0.935,0.0
13/07/2019 01:00,0.676,0.98,0.0
13/07/2019 02:00,0.739,0.989,0.0
13/07/2019 03:00,0.77,0.991,0.0
13/07/2019 04:00,0.788,0.989,0.0
13/07/2019 05:00,0.777,0.98,0.037
13/07/2019 06:00,0.618,0.984,0.34
13/07/2019 07:00,0.527,0.962,0.543
13/07/2019 08:00,0.671,0.95,0.67
13/07/2019 09:00,0.638,0.932,0.734
13/07/2019 10:00,0.596,0.87,0.751
13/07/2019 11:00,0.556,0.764,0.722
13/07/2019 12:00,0.486,0.706,0.643
13/07/2019 13:00,0.368,0.679,0.509
13/07/2019 14:00,0.204,0.68,0.307
13/07/2019 15:00,0.144,0.741,0.041
13/07/2019 16:00,0.154,0.835,0.0
13/07/2019 17:00,0.197,0.902,0.0
13/07/2019 18:00,0.266,0.946,0.0
13/07/2019 19:00,0.348,0.971,0.0
13/07/2019 20:00,0.435,0.983,0.0
13/07/2019 21:00,0.523,0.987,0.0
13/07/2019 22:00,0.586,0.989,0.0
13/07/2019 23:00,0.623,0.991,0.0
14/07/2019 00:00,0.644,0.99,0.0
14/07/2019 01:00,0.654,0.986,0.0
14/07/2019 02:00,0.656,0.979,0.0
14/07/2019 03:00,0.668,0.973,0.0
14/07/2019 04:00,0.693,0.962,0.0
14/07/2019 05:00,0.708,0.948,0.036
14/07/2019 06:00,0.578,0.943,0.331
14/07/2019 07:00,0.51,0.936,0.533
14/07/2019 08:00,0.669,0.93,0.658
14/07/2019 09:00,0.7,0.917,0.729
14/07/2019 10:00,0.688,0.899,0.748
14/07/2019 11:00,0.668,0.892,0.718
14/07/2019 12:00,0.633,0.872,0.644
14/07/2019 13:00,0.546,0.819,0.509
14/07/2019 14:00,0.432,0.714,0.305
14/07/2019 15:00,0.456,0.562,0.041
14/07/2019 16:00,0.531,0.401,0.0
14/07/2019 17:00,0.595,0.317,0.0
14/07/2019 18:00,0.63,0.274,0.0
14/07/2019 19:00,0.634,0.225,0.0
14/07/2019 20:00,0.63,0.208,0.0
14/07/2019 21:00,0.658,0.21,0.0
14/07/2019 22:00,0.687,0.199,0.0
14/07/2019 23:00,0.709,0.194,0.0
15/07/2019 00:00,0.724,0.196,0.0
15/07/2019 01:00,0.741,0.219,0.0
15/07/2019 02:00,0.757,0.22,0.0
15/07/2019 03:00,0.764,0.264,0.0
15/07/2019 04:00,0.756,0.314,0.0
15/07/2019 05:00,0.733,0.259,0.037
15/07/2019 06:00,0.574,0.274,0.332
15/07/2019 07:00,0.457,0.272,0.537
15/07/2019 08:00,0.541,0.264,0.665
15/07/2019 09:00,0.593,0.241,0.733
15/07/2019 10:00,0.597,0.272,0.748
15/07/2019 11:00,0.566,0.205,0.717
15/07/2019 12:00,0.501,0.124,0.637
15/07/2019 13:00,0.404,0.098,0.5
15/07/2019 14:00,0.294,0.062,0.297
15/07/2019 15:00,0.273,0.054,0.039
15/07/2019 16:00,0.283,0.042,0.0
15/07/2019 17:00,0.297,0.023,0.0
15/07/2019 18:00,0.325,0.005,0.0
15/07/2019 19:00,0.381,0.0,0.0
15/07/2019 20:00,0.454,0.0,0.0
15/07/2019 21:00,0.524,0.002,0.0
15/07/2019 22:00,0.578,0.002,0.0
15/07/2019 23:00,0.605,0.003,0.0
16/07/2019 00:00,0.609,0.006,0.0
16/07/2019 01:00,0.597,0.018,0.0
16/07/2019 02:00,0.593,0.04,0.0
16/07/2019 03:00,0.602,0.072,0.0
16/07/2019 04:00,0.629,0.112,0.0
16/07/2019 05:00,0.644,0.147,0.039
16/07/2019 06:00,0.498,0.166,0.335
16/07/2019 07:00,0.434,0.191,0.538
16/07/2019 08:00,0.653,0.193,0.662
16/07/2019 09:00,0.703,0.132,0.733
16/07/2019 10:00,0.719,0.069,0.751
16/07/2019 11:00,0.718,0.027,0.722
16/07/2019 12:00,0.697,0.004,0.646
16/07/2019 13:00,0.644,0.001,0.51
16/07/2019 14:00,0.492,0.002,0.306
16/07/2019 15:00,0.489,0.013,0.044
16/07/2019 16:00,0.533,0.093,0.0
16/07/2019 17:00,0.584,0.222,0.0
16/07/2019 18:00,0.643,0.27,0.0
16/07/2019 19:00,0.705,0.253,0.0
16/07/2019 20:00,0.77,0.215,0.0
16/07/2019 21:00,0.801,0.192,0.0
16/07/2019 22:00,0.814,0.181,0.0
16/07/2019 23:00,0.831,0.173,0.0
17/07/2019 00:00,0.847,0.179,0.0
17/07/2019 01:00,0.859,0.203,0.0
17/07/2019 02:00,0.854,0.27,0.0
17/07/2019 03:00,0.811,0.379,0.0
17/07/2019 04:00,0.81,0.467,0.0
17/07/2019 05:00,0.804,0.536,0.041
17/07/2019 06:00,0.685,0.586,0.341
17/07/2019 07:00,0.704,0.62,0.544
17/07/2019 08:00,0.858,0.592,0.671
17/07/2019 09:00,0.857,0.447,0.737
17/07/2019 10:00,0.845,0.284,0.752
17/07/2019 11:00,0.839,0.163,0.72
17/07/2019 12:00,0.835,0.114,0.638
17/07/2019 13:00,0.821,0.07,0.497
17/07/2019 14:00,0.766,0.03,0.289
17/07/2019 15:00,0.755,0.002,0.036
17/07/2019 16:00,0.741,0.0,0.0
17/07/2019 17:00,0.728,0.001,0.0
17/07/2019 18:00,0.748,0.001,0.0
17/07/2019 19:00,0.782,0.007,0.0
17/07/2019 20:00,0.798,0.052,0.0
17/07/2019 21:00,0.821,0.211,0.0
17/07/2019 22:00,0.836,0.467,0.0
17/07/2019 23:00,0.85,0.655,0.0
18/07/2019 00:00,0.856,0.74,0.0
18/07/2019 01:00,0.85,0.749,0.0
18/07/2019 02:00,0.845,0.731,0.0
18/07/2019 03:00,0.84,0.737,0.0
18/07/2019 04:00,0.849,0.73,0.0
18/07/2019 05:00,0.853,0.675,0.047
18/07/2019 06:00,0.768,0.613,0.357
18/07/2019 07:00,0.818,0.583,0.56
18/07/2019 08:00,0.914,0.556,0.684
18/07/2019 09:00,0.935,0.481,0.751
18/07/2019 10:00,0.943,0.373,0.77
18/07/2019 11:00,0.949,0.374,0.733
18/07/2019 12:00,0.945,0.491,0.62
18/07/2019 13:00,0.909,0.529,0.472
18/07/2019 14:00,0.801,0.605,0.312
18/07/2019 15:00,0.791,0.59,0.047
18/07/2019 16:00,0.84,0.513,0.0
18/07/2019 17:00,0.849,0.388,0.0
18/07/2019 18:00,0.841,0.251,0.0
18/07/2019 19:00,0.836,0.118,0.0
18/07/2019 20:00,0.844,0.048,0.0
18/07/2019 21:00,0.835,0.027,0.0
18/07/2019 22:00,0.833,0.028,0.0
18/07/2019 23:00,0.839,0.038,0.0
19/07/2019 00:00,0.852,0.045,0.0
19/07/2019 01:00,0.869,0.038,0.0
19/07/2019 02:00,0.886,0.024,0.0
19/07/2019 03:00,0.893,0.012,0.0
19/07/2019 04:00,0.892,0.005,0.0
19/07/2019 05:00,0.883,0.001,0.012
19/07/2019 06:00,0.829,0.0,0.112
19/07/2019 07:00,0.953,0.003,0.228
19/07/2019 08:00,0.987,0.011,0.325
19/07/2019 09:00,0.989,0.008,0.467
19/07/2019 10:00,0.99,0.014,0.715
19/07/2019 11:00,0.99,0.02,0.714
19/07/2019 12:00,0.988,0.017,0.633
19/07/2019 13:00,0.981,0.013,0.513
19/07/2019 14:00,0.934,0.016,0.307
19/07/2019 15:00,0.792,0.097,0.045
19/07/2019 16:00,0.663,0.313,0.0
19/07/2019 17:00,0.563,0.38,0.0
19/07/2019 18:00,0.545,0.302,0.0
19/07/2019 19:00,0.537,0.202,0.0
19/07/2019 20:00,0.546,0.138,0.0
19/07/2019 21:00,0.608,0.101,0.0
19/07/2019 22:00,0.704,0.071,0.0
19/07/2019 23:00,0.75,0.044,0.0
20/07/2019 00:00,0.821,0.026,0.0
20/07/2019 01:00,0.856,0.019,0.0
20/07/2019 02:00,0.868,0.013,0.0
20/07/2019 03:00,0.814,0.007,0.0
20/07/2019 04:00,0.725,0.003,0.0
20/07/2019 05:00,0.599,0.002,0.053
20/07/2019 06:00,0.674,0.005,0.363
20/07/2019 07:00,0.705,0.011,0.574
20/07/2019 08:00,0.642,0.017,0.715
20/07/2019 09:00,0.608,0.012,0.794
20/07/2019 10:00,0.599,0.006,0.816
20/07/2019 11:00,0.614,0.008,0.785
20/07/2019 12:00,0.615,0.005,0.702
20/07/2019 13:00,0.571,0.003,0.558
20/07/2019 14:00,0.525,0.007,0.343
20/07/2019 15:00,0.389,0.065,0.059
20/07/2019 16:00,0.305,0.226,0.0
20/07/2019 17:00,0.205,0.358,0.0
20/07/2019 18:00,0.136,0.421,0.0
20/07/2019 19:00,0.115,0.454,0.0
20/07/2019 20:00,0.095,0.498,0.0
20/07/2019 21:00,0.075,0.547,0.0
20/07/2019 22:00,0.048,0.585,0.0
20/07/2019 23:00,0.02,0.603,0.0
21/07/2019 00:00,0.002,0.611,0.0
21/07/2019 01:00,0.011,0.607,0.0
21/07/2019 02:00,0.035,0.574,0.0
21/07/2019 03:00,0.069,0.507,0.0
21/07/2019 04:00,0.102,0.429,0.0
21/07/2019 05:00,0.12,0.423,0.064
21/07/2019 06:00,0.078,0.501,0.398
21/07/2019 07:00,0.108,0.54,0.601
21/07/2019 08:00,0.157,0.498,0.73
21/07/2019 09:00,0.181,0.384,0.797
21/07/2019 10:00,0.214,0.264,0.808
21/07/2019 11:00,0.279,0.209,0.773
21/07/2019 12:00,0.364,0.32,0.691
21/07/2019 13:00,0.43,0.423,0.556
21/07/2019 14:00,0.416,0.484,0.35
21/07/2019 15:00,0.556,0.501,0.069
21/07/2019 16:00,0.756,0.433,0.0
21/07/2019 17:00,0.857,0.294,0.0
21/07/2019 18:00,0.905,0.147,0.0
21/07/2019 19:00,0.936,0.058,0.0
21/07/2019 20:00,0.951,0.026,0.0
21/07/2019 21:00,0.953,0.018,0.0
21/07/2019 22:00,0.951,0.014,0.0
21/07/2019 23:00,0.95,0.011,0.0
22/07/2019 00:00,0.951,0.014,0.0
22/07/2019 01:00,0.952,0.025,0.0
22/07/2019 02:00,0.953,0.036,0.0
22/07/2019 03:00,0.956,0.044,0.0
22/07/2019 04:00,0.96,0.046,0.0
22/07/2019 05:00,0.96,0.039,0.062
22/07/2019 06:00,0.942,0.038,0.378
22/07/2019 07:00,0.973,0.058,0.573
22/07/2019 08:00,0.991,0.079,0.694
22/07/2019 09:00,0.991,0.04,0.759
22/07/2019 10:00,0.991,0.008,0.774
22/07/2019 11:00,0.988,0.002,0.744
22/07/2019 12:00,0.985,0.0,0.667
22/07/2019 13:00,0.979,0.0,0.53
22/07/2019 14:00,0.963,0.006,0.324
22/07/2019 15:00,0.958,0.058,0.054
22/07/2019 16:00,0.951,0.195,0.0
22/07/2019 17:00,0.959,0.227,0.0
22/07/2019 18:00,0.97,0.158,0.0
22/07/2019 19:00,0.97,0.076,0.0
22/07/2019 20:00,0.975,0.017,0.0
22/07/2019 21:00,0.98,0.001,0.0
22/07/2019 22:00,0.982,0.0,0.0
22/07/2019 23:00,0.984,0.0,0.0
23/07/2019 00:00,0.984,0.0,0.0
23/07/2019 01:00,0.986,0.0,0.0
23/07/2019 02:00,0.987,0.0,0.0
23/07/2019 03:00,0.988,0.0,0.0
23/07/2019 04:00,0.988,0.001,0.0
23/07/2019 05:00,0.989,0.008,0.03
23/07/2019 06:00,0.988,0.032,0.288
23/07/2019 07:00,0.984,0.075,0.505
23/07/2019 08:00,0.974,0.13,0.647
23/07/2019 09:00,0.944,0.089,0.747
23/07/2019 10:00,0.896,0.019,0.768
23/07/2019 11:00,0.834,0.01,0.743
23/07/2019 12:00,0.782,0.015,0.668
23/07/2019 13:00,0.764,0.017,0.528
23/07/2019 14:00,0.851,0.021,0.309
23/07/2019 15:00,0.955,0.036,0.038
23/07/2019 16:00,0.986,0.107,0.0
23/07/2019 17:00,0.99,0.206,0.0
23/07/2019 18:00,0.989,0.245,0.0
23/07/2019 19:00,0.987,0.249,0.0
23/07/2019 20:00,0.982,0.228,0.0
23/07/2019 21:00,0.977,0.198,0.0
23/07/2019 22:00,0.98,0.176,0.0
23/07/2019 23:00,0.98,0.176,0.0
24/07/2019 00:00,0.972,0.204,0.0
24/07/2019 01:00,0.977,0.259,0.0
24/07/2019 02:00,0.982,0.389,0.0
24/07/2019 03:00,0.988,0.529,0.0
24/07/2019 04:00,0.991,0.626,0.0
24/07/2019 05:00,0.991,0.697,0.004
24/07/2019 06:00,0.991,0.769,0.113
24/07/2019 07:00,0.99,0.813,0.392
24/07/2019 08:00,0.987,0.787,0.653
24/07/2019 09:00,0.976,0.694,0.778
24/07/2019 10:00,0.95,0.599,0.812
24/07/2019 11:00,0.905,0.59,0.782
24/07/2019 12:00,0.827,0.639,0.697
24/07/2019 13:00,0.689,0.58,0.553
24/07/2019 14:00,0.468,0.416,0.341
24/07/2019 15:00,0.355,0.289,0.066
24/07/2019 16:00,0.382,0.339,0.0
24/07/2019 17:00,0.538,0.4,0.0
24/07/2019 18:00,0.675,0.27,0.0
24/07/2019 19:00,0.724,0.08,0.0
24/07/2019 20:00,0.744,0.005,0.0
24/07/2019 21:00,0.764,0.002,0.0
24/07/2019 22:00,0.788,0.049,0.0
24/07/2019 23:00,0.82,0.156,0.0
25/07/2019 00:00,0.851,0.311,0.0
25/07/2019 01:00,0.881,0.489,0.0
25/07/2019 02:00,0.909,0.616,0.0
25/07/2019 03:00,0.919,0.684,0.0
25/07/2019 04:00,0.924,0.728,0.0
25/07/2019 05:00,0.918,0.761,0.072
25/07/2019 06:00,0.888,0.763,0.389
25/07/2019 07:00,0.959,0.758,0.585
25/07/2019 08:00,0.97,0.71,0.707
25/07/2019 09:00,0.976,0.542,0.776
25/07/2019 10:00,0.979,0.372,0.794
25/07/2019 11:00,0.976,0.447,0.763
25/07/2019 12:00,0.964,0.52,0.683
25/07/2019 13:00,0.939,0.574,0.548
25/07/2019 14:00,0.877,0.624,0.348
25/07/2019 15:00,0.827,0.642,0.076
25/07/2019 16:00,0.756,0.599,0.0
25/07/2019 17:00,0.703,0.532,0.0
25/07/2019 18:00,0.647,0.447,0.0
25/07/2019 19:00,0.588,0.349,0.0
25/07/2019 20:00,0.571,0.3,0.0
25/07/2019 21:00,0.594,0.343,0.0
25/07/2019 22:00,0.618,0.386,0.0
25/07/2019 23:00,0.62,0.438,0.0
26/07/2019 00:00,0.606,0.508,0.0
26/07/2019 01:00,0.576,0.594,0.0
26/07/2019 02:00,0.513,0.648,0.0
26/07/2019 03:00,0.421,0.718,0.0
26/07/2019 04:00,0.328,0.737,0.0
26/07/2019 05:00,0.251,0.765,0.065
26/07/2019 06:00,0.114,0.782,0.372
26/07/2019 07:00,0.028,0.748,0.572
26/07/2019 08:00,0.026,0.683,0.694
26/07/2019 09:00,0.025,0.701,0.752
26/07/2019 10:00,0.026,0.676,0.764
26/07/2019 11:00,0.034,0.648,0.731
26/07/2019 12:00,0.04,0.602,0.647
26/07/2019 13:00,0.035,0.522,0.507
26/07/2019 14:00,0.01,0.41,0.3
26/07/2019 15:00,0.002,0.252,0.05
26/07/2019 16:00,0.009,0.124,0.0
26/07/2019 17:00,0.029,0.112,0.0
26/07/2019 18:00,0.076,0.131,0.0
26/07/2019 19:00,0.155,0.088,0.0
26/07/2019 20:00,0.268,0.035,0.0
26/07/2019 21:00,0.398,0.013,0.0
26/07/2019 22:00,0.529,0.005,0.0
26/07/2019 23:00,0.647,0.0,0.0
27/07/2019 00:00,0.739,0.0,0.0
27/07/2019 01:00,0.803,0.0,0.0
27/07/2019 02:00,0.837,0.0,0.0
27/07/2019 03:00,0.851,0.001,0.0
27/07/2019 04:00,0.862,0.006,0.0
27/07/2019 05:00,0.849,0.028,0.061
27/07/2019 06:00,0.708,0.069,0.346
27/07/2019 07:00,0.709,0.121,0.537
27/07/2019 08:00,0.746,0.154,0.655
27/07/2019 09:00,0.668,0.183,0.722
27/07/2019 10:00,0.62,0.182,0.737
27/07/2019 11:00,0.584,0.147,0.706
27/07/2019 12:00,0.546,0.103,0.62
27/07/2019 13:00,0.487,0.062,0.483
27/07/2019 14:00,0.374,0.05,0.282
27/07/2019 15:00,0.416,0.064,0.047
27/07/2019 16:00,0.546,0.169,0.0
27/07/2019 17:00,0.672,0.368,0.0
27/07/2019 18:00,0.753,0.437,0.0
27/07/2019 19:00,0.791,0.412,0.0
27/07/2019 20:00,0.802,0.337,0.0
27/07/2019 21:00,0.795,0.248,0.0
27/07/2019 22:00,0.779,0.161,0.0
27/07/2019 23:00,0.765,0.091,0.0
28/07/2019 00:00,0.765,0.048,0.0
28/07/2019 01:00,0.766,0.024,0.0
28/07/2019 02:00,0.766,0.011,0.0
28/07/2019 03:00,0.77,0.004,0.0
28/07/2019 04:00,0.764,0.002,0.0
28/07/2019 05:00,0.746,0.006,0.028
28/07/2019 06:00,0.61,0.018,0.305
28/07/2019 07:00,0.525,0.029,0.524
28/07/2019 08:00,0.566,0.024,0.65
28/07/2019 09:00,0.464,0.017,0.721
28/07/2019 10:00,0.328,0.024,0.74
28/07/2019 11:00,0.253,0.042,0.714
28/07/2019 12:00,0.235,0.096,0.632
28/07/2019 13:00,0.245,0.179,0.495
28/07/2019 14:00,0.275,0.26,0.291
28/07/2019 15:00,0.362,0.314,0.051
28/07/2019 16:00,0.432,0.32,0.0
28/07/2019 17:00,0.486,0.264,0.0
28/07/2019 18:00,0.54,0.205,0.0
28/07/2019 19:00,0.583,0.161,0.0
28/07/2019 20:00,0.615,0.117,0.0
28/07/2019 21:00,0.637,0.084,0.0
28/07/2019 22:00,0.658,0.064,0.0
28/07/2019 23:00,0.68,0.062,0.0
29/07/2019 00:00,0.699,0.077,0.0
29/07/2019 01:00,0.714,0.101,0.0
29/07/2019 02:00,0.729,0.125,0.0
29/07/2019 03:00,0.732,0.141,0.0
29/07/2019 04:00,0.732,0.161,0.0
29/07/2019 05:00,0.711,0.194,0.065
29/07/2019 06:00,0.548,0.232,0.357
29/07/2019 07:00,0.459,0.282,0.554
29/07/2019 08:00,0.463,0.3,0.675
29/07/2019 09:00,0.404,0.278,0.738
29/07/2019 10:00,0.417,0.264,0.753
29/07/2019 11:00,0.466,0.272,0.723
29/07/2019 12:00,0.519,0.296,0.643
29/07/2019 13:00,0.544,0.328,0.509
29/07/2019 14:00,0.537,0.377,0.311
29/07/2019 15:00,0.608,0.423,0.063
29/07/2019 16:00,0.672,0.425,0.0
29/07/2019 17:00,0.742,0.4,0.0
29/07/2019 18:00,0.804,0.413,0.0
29/07/2019 19:00,0.827,0.539,0.0
29/07/2019 20:00,0.831,0.714,0.0
29/07/2019 21:00,0.841,0.773,0.0
29/07/2019 22:00,0.868,0.779,0.0
29/07/2019 23:00,0.891,0.768,0.0
30/07/2019 00:00,0.907,0.757,0.0
30/07/2019 01:00,0.919,0.74,0.0
30/07/2019 02:00,0.928,0.69,0.0
30/07/2019 03:00,0.932,0.682,0.0
30/07/2019 04:00,0.934,0.681,0.0
30/07/2019 05:00,0.926,0.652,0.016
30/07/2019 06:00,0.884,0.547,0.111
30/07/2019 07:00,0.957,0.488,0.347
30/07/2019 08:00,0.972,0.405,0.6
30/07/2019 09:00,0.98,0.339,0.76
30/07/2019 10:00,0.986,0.326,0.794
30/07/2019 11:00,0.989,0.291,0.772
30/07/2019 12:00,0.989,0.251,0.695
30/07/2019 13:00,0.982,0.212,0.559
30/07/2019 14:00,0.946,0.163,0.354
30/07/2019 15:00,0.873,0.124,0.086
30/07/2019 16:00,0.802,0.106,0.0
30/07/2019 17:00,0.71,0.102,0.0
30/07/2019 18:00,0.651,0.082,0.0
30/07/2019 19:00,0.6,0.044,0.0
30/07/2019 20:00,0.563,0.016,0.0
30/07/2019 21:00,0.552,0.006,0.0
30/07/2019 22:00,0.535,0.017,0.0
30/07/2019 23:00,0.523,0.046,0.0
31/07/2019 00:00,0.511,0.073,0.0
31/07/2019 01:00,0.501,0.092,0.0
31/07/2019 02:00,0.485,0.093,0.0
31/07/2019 03:00,0.447,0.093,0.0
31/07/2019 04:00,0.414,0.093,0.0
31/07/2019 05:00,0.339,0.093,0.011
31/07/2019 06:00,0.234,0.102,0.118
31/07/2019 07:00,0.288,0.114,0.49
31/07/2019 08:00,0.253,0.1,0.707
31/07/2019 09:00,0.243,0.033,0.802
31/07/2019 10:00,0.272,0.007,0.821
31/07/2019 11:00,0.294,0.005,0.788
31/07/2019 12:00,0.249,0.01,0.706
31/07/2019 13:00,0.184,0.022,0.566
31/07/2019 14:00,0.114,0.049,0.361
31/07/2019 15:00,0.034,0.086,0.093
31/07/2019 16:00,0.006,0.115,0.0
31/07/2019 17:00,0.002,0.114,0.0
31/07/2019 18:00,0.004,0.067,0.0
31/07/2019 19:00,0.017,0.019,0.0
31/07/2019 20:00,0.021,0.002,0.0
31/07/2019 21:00,0.018,0.0,0.0
31/07/2019 22:00,0.021,0.003,0.0
31/07/2019 23:00,0.026,0.011,0.0
01/08/2019 00:00,0.034,0.018,0.0
01/08/2019 01:00,0.043,0.02,0.0
01/08/2019 02:00,0.056,0.018,0.0
01/08/2019 03:00,0.076,0.015,0.0
01/08/2019 04:00,0.09,0.013,0.0
01/08/2019 05:00,0.085,0.015,0.096
01/08/2019 06:00,0.047,0.018,0.407
01/08/2019 07:00,0.021,0.02,0.603
01/08/2019 08:00,0.016,0.02,0.725
01/08/2019 09:00,0.025,0.001,0.789
01/08/2019 10:00,0.069,0.0,0.802
01/08/2019 11:00,0.135,0.0,0.767
01/08/2019 12:00,0.188,0.0,0.684
01/08/2019 13:00,0.198,0.0,0.544
01/08/2019 14:00,0.101,0.0,0.338
01/08/2019 15:00,0.071,0.018,0.078
01/08/2019 16:00,0.127,0.146,0.0
01/08/2019 17:00,0.238,0.25,0.0
01/08/2019 18:00,0.4,0.283,0.0
01/08/2019 19:00,0.555,0.27,0.0
01/08/2019 20:00,0.692,0.261,0.0
01/08/2019 21:00,0.767,0.272,0.0
01/08/2019 22:00,0.804,0.283,0.0
01/08/2019 23:00,0.818,0.323,0.0
02/08/2019 00:00,0.833,0.367,0.0
02/08/2019 01:00,0.855,0.401,0.0
02/08/2019 02:00,0.872,0.469,0.0
02/08/2019 03:00,0.899,0.603,0.0
02/08/2019 04:00,0.927,0.759,0.0
02/08/2019 05:00,0.933,0.846,0.04
02/08/2019 06:00,0.925,0.888,0.27
02/08/2019 07:00,0.989,0.88,0.492
02/08/2019 08:00,0.991,0.832,0.632
02/08/2019 09:00,0.991,0.718,0.722
02/08/2019 10:00,0.991,0.591,0.738
02/08/2019 11:00,0.989,0.638,0.705
02/08/2019 12:00,0.983,0.62,0.619
02/08/2019 13:00,0.97,0.567,0.479
02/08/2019 14:00,0.926,0.544,0.278
02/08/2019 15:00,0.887,0.472,0.055
02/08/2019 16:00,0.876,0.364,0.0
02/08/2019 17:00,0.858,0.25,0.0
02/08/2019 18:00,0.85,0.126,0.0
02/08/2019 19:00,0.831,0.039,0.0
02/08/2019 20:00,0.735,0.007,0.0
02/08/2019 21:00,0.638,0.001,0.0
02/08/2019 22:00,0.572,0.001,0.0
02/08/2019 23:00,0.51,0.001,0.0
03/08/2019 00:00,0.471,0.005,0.0
03/08/2019 01:00,0.448,0.021,0.0
03/08/2019 02:00,0.435,0.066,0.0
03/08/2019 03:00,0.425,0.132,0.0
03/08/2019 04:00,0.426,0.192,0.0
03/08/2019 05:00,0.374,0.211,0.069
03/08/2019 06:00,0.28,0.226,0.368
03/08/2019 07:00,0.313,0.258,0.602
03/08/2019 08:00,0.344,0.272,0.73
03/08/2019 09:00,0.376,0.27,0.798
03/08/2019 10:00,0.388,0.484,0.811
03/08/2019 11:00,0.406,0.581,0.78
03/08/2019 12:00,0.395,0.636,0.702
03/08/2019 13:00,0.324,0.693,0.568
03/08/2019 14:00,0.153,0.729,0.369
03/08/2019 15:00,0.067,0.711,0.108
03/08/2019 16:00,0.025,0.69,0.0
03/08/2019 17:00,0.008,0.707,0.0
03/08/2019 18:00,0.005,0.71,0.0
03/08/2019 19:00,0.018,0.702,0.0
03/08/2019 20:00,0.057,0.658,0.0
03/08/2019 21:00,0.121,0.635,0.0
03/08/2019 22:00,0.22,0.687,0.0
03/08/2019 23:00,0.378,0.738,0.0
04/08/2019 00:00,0.552,0.71,0.0
04/08/2019 01:00,0.686,0.703,0.0
04/08/2019 02:00,0.762,0.741,0.0
04/08/2019 03:00,0.799,0.814,0.0
04/08/2019 04:00,0.82,0.845,0.0
04/08/2019 05:00,0.801,0.882,0.049
04/08/2019 06:00,0.647,0.907,0.285
04/08/2019 07:00,0.777,0.923,0.486
04/08/2019 08:00,0.917,0.939,0.616
04/08/2019 09:00,0.933,0.955,0.7
04/08/2019 10:00,0.933,0.949,0.723
04/08/2019 11:00,0.932,0.934,0.693
04/08/2019 12:00,0.913,0.926,0.628
04/08/2019 13:00,0.861,0.913,0.478
04/08/2019 14:00,0.67,0.874,0.261
04/08/2019 15:00,0.522,0.799,0.043
04/08/2019 16:00,0.388,0.685,0.0
04/08/2019 17:00,0.281,0.583,0.0
04/08/2019 18:00,0.2,0.516,0.0
04/08/2019 19:00,0.155,0.431,0.0
04/08/2019 20:00,0.16,0.332,0.0
04/08/2019 21:00,0.242,0.253,0.0
04/08/2019 22:00,0.362,0.204,0.0
04/08/2019 23:00,0.467,0.17,0.0
05/08/2019 00:00,0.541,0.138,0.0
05/08/2019 01:00,0.607,0.111,0.0
05/08/2019 02:00,0.69,0.086,0.0
05/08/2019 03:00,0.774,0.068,0.0
05/08/2019 04:00,0.829,0.056,0.0
05/08/2019 05:00,0.822,0.043,0.084
05/08/2019 06:00,0.679,0.027,0.377
05/08/2019 07:00,0.786,0.017,0.584
05/08/2019 08:00,0.898,0.014,0.715
05/08/2019 09:00,0.929,0.018,0.792
05/08/2019 10:00,0.951,0.016,0.814
05/08/2019 11:00,0.964,0.007,0.787
05/08/2019 12:00,0.966,0.004,0.709
05/08/2019 13:00,0.951,0.006,0.575
05/08/2019 14:00,0.873,0.019,0.375
05/08/2019 15:00,0.779,0.059,0.114
05/08/2019 16:00,0.69,0.104,0.0
05/08/2019 17:00,0.669,0.146,0.0
05/08/2019 18:00,0.657,0.193,0.0
05/08/2019 19:00,0.661,0.241,0.0
05/08/2019 20:00,0.663,0.272,0.0
05/08/2019 21:00,0.633,0.276,0.0
05/08/2019 22:00,0.567,0.279,0.0
05/08/2019 23:00,0.481,0.286,0.0
06/08/2019 00:00,0.413,0.306,0.0
06/08/2019 01:00,0.362,0.325,0.0
06/08/2019 02:00,0.325,0.37,0.0
06/08/2019 03:00,0.328,0.422,0.0
06/08/2019 04:00,0.41,0.473,0.0
06/08/2019 05:00,0.496,0.519,0.102
06/08/2019 06:00,0.395,0.559,0.373
06/08/2019 07:00,0.486,0.578,0.615
06/08/2019 08:00,0.562,0.519,0.741
06/08/2019 09:00,0.613,0.439,0.807
06/08/2019 10:00,0.639,0.388,0.823
06/08/2019 11:00,0.627,0.358,0.792
06/08/2019 12:00,0.59,0.348,0.712
06/08/2019 13:00,0.526,0.376,0.577
06/08/2019 14:00,0.394,0.374,0.379
06/08/2019 15:00,0.367,0.296,0.12
06/08/2019 16:00,0.468,0.22,0.0
06/08/2019 17:00,0.614,0.179,0.0
06/08/2019 18:00,0.72,0.148,0.0
06/08/2019 19:00,0.77,0.122,0.0
06/08/2019 20:00,0.777,0.091,0.0
06/08/2019 21:00,0.783,0.058,0.0
06/08/2019 22:00,0.791,0.057,0.0
06/08/2019 23:00,0.808,0.076,0.0
07/08/2019 00:00,0.829,0.094,0.0
07/08/2019 01:00,0.851,0.083,0.0
07/08/2019 02:00,0.871,0.071,0.0
07/08/2019 03:00,0.892,0.055,0.0
07/08/2019 04:00,0.913,0.052,0.0
07/08/2019 05:00,0.915,0.057,0.108
07/08/2019 06:00,0.868,0.074,0.385
07/08/2019 07:00,0.969,0.122,0.569
07/08/2019 08:00,0.988,0.134,0.683
07/08/2019 09:00,0.97,0.138,0.751
07/08/2019 10:00,0.948,0.14,0.773
07/08/2019 11:00,0.956,0.122,0.754
07/08/2019 12:00,0.978,0.097,0.685
07/08/2019 13:00,0.988,0.077,0.554
07/08/2019 14:00,0.991,0.067,0.358
07/08/2019 15:00,0.979,0.063,0.106
07/08/2019 16:00,0.964,0.067,0.0
07/08/2019 17:00,0.947,0.116,0.0
07/08/2019 18:00,0.894,0.158,0.0
07/08/2019 19:00,0.853,0.179,0.0
07/08/2019 20:00,0.797,0.172,0.0
07/08/2019 21:00,0.726,0.14,0.0
07/08/2019 22:00,0.69,0.096,0.0
07/08/2019 23:00,0.652,0.058,0.0
08/08/2019 00:00,0.599,0.035,0.0
08/08/2019 01:00,0.538,0.031,0.0
08/08/2019 02:00,0.47,0.044,0.0
08/08/2019 03:00,0.383,0.079,0.0
08/08/2019 04:00,0.311,0.145,0.0
08/08/2019 05:00,0.225,0.211,0.036
08/08/2019 06:00,0.196,0.281,0.219
08/08/2019 07:00,0.164,0.353,0.487
08/08/2019 08:00,0.145,0.333,0.737
08/08/2019 09:00,0.17,0.27,0.815
08/08/2019 10:00,0.251,0.355,0.834
08/08/2019 11:00,0.334,0.329,0.802
08/08/2019 12:00,0.388,0.212,0.719
08/08/2019 13:00,0.4,0.1,0.581
08/08/2019 14:00,0.3,0.031,0.378
08/08/2019 15:00,0.167,0.042,0.117
08/08/2019 16:00,0.088,0.111,0.0
08/08/2019 17:00,0.031,0.266,0.0
08/08/2019 18:00,0.012,0.528,0.0
08/08/2019 19:00,0.013,0.773,0.0
08/08/2019 20:00,0.02,0.855,0.0
08/08/2019 21:00,0.018,0.897,0.0
08/08/2019 22:00,0.007,0.866,0.0
08/08/2019 23:00,0.001,0.782,0.0
09/08/2019 00:00,0.737,0.208,0.0
09/08/2019 01:00,0.762,0.233,0.0
09/08/2019 02:00,0.002,0.823,0.0
09/08/2019 03:00,0.004,0.874,0.0
09/08/2019 04:00,0.005,0.894,0.0
09/08/2019 05:00,0.006,0.897,0.131
09/08/2019 06:00,0.001,0.895,0.426
09/08/2019 07:00,0.005,0.881,0.624
09/08/2019 08:00,0.011,0.865,0.754
09/08/2019 09:00,0.014,0.878,0.827
09/08/2019 10:00,0.011,0.904,0.846
09/08/2019 11:00,0.005,0.959,0.814
09/08/2019 12:00,0.002,0.984,0.732
09/08/2019 13:00,0.003,0.991,0.594
09/08/2019 14:00,0.054,0.991,0.392
09/08/2019 15:00,0.218,0.991,0.131
09/08/2019 16:00,0.237,0.991,0.0
09/08/2019 17:00,0.172,0.991,0.0
09/08/2019 18:00,0.127,0.991,0.0
09/08/2019 19:00,0.106,0.989,0.0
09/08/2019 20:00,0.108,0.985,0.0
09/08/2019 21:00,0.13,0.978,0.0
09/08/2019 22:00,0.16,0.969,0.0
09/08/2019 23:00,0.194,0.955,0.0
10/08/2019 00:00,0.254,0.936,0.0
10/08/2019 01:00,0.375,0.91,0.0
10/08/2019 02:00,0.57,0.871,0.0
10/08/2019 03:00,0.78,0.833,0.0
10/08/2019 04:00,0.88,0.779,0.0
10/08/2019 05:00,0.882,0.737,0.129
10/08/2019 06:00,0.871,0.69,0.402
10/08/2019 07:00,0.939,0.63,0.587
10/08/2019 08:00,0.946,0.547,0.702
10/08/2019 09:00,0.926,0.527,0.765
10/08/2019 10:00,0.897,0.491,0.778
10/08/2019 11:00,0.871,0.343,0.743
10/08/2019 12:00,0.852,0.199,0.665
10/08/2019 13:00,0.831,0.101,0.532
10/08/2019 14:00,0.74,0.033,0.337
10/08/2019 15:00,0.732,0.003,0.096
10/08/2019 16:00,0.803,0.0,0.0
10/08/2019 17:00,0.841,0.01,0.0
10/08/2019 18:00,0.839,0.078,0.0
10/08/2019 19:00,0.85,0.126,0.0
10/08/2019 20:00,0.86,0.127,0.0
10/08/2019 21:00,0.87,0.105,0.0
10/08/2019 22:00,0.868,0.083,0.0
10/08/2019 23:00,0.844,0.068,0.0
11/08/2019 00:00,0.865,0.052,0.0
11/08/2019 01:00,0.869,0.056,0.0
11/08/2019 02:00,0.86,0.134,0.0
11/08/2019 03:00,0.86,0.345,0.0
11/08/2019 04:00,0.851,0.537,0.0
11/08/2019 05:00,0.808,0.649,0.11
11/08/2019 06:00,0.882,0.73,0.381
11/08/2019 07:00,0.922,0.812,0.572
11/08/2019 08:00,0.945,0.886,0.697
11/08/2019 09:00,0.959,0.946,0.77
11/08/2019 10:00,0.969,0.953,0.789
11/08/2019 11:00,0.976,0.96,0.761
11/08/2019 12:00,0.979,0.966,0.69
11/08/2019 13:00,0.975,0.968,0.557
11/08/2019 14:00,0.941,0.965,0.363
11/08/2019 15:00,0.845,0.955,0.115
11/08/2019 16:00,0.74,0.94,0.0
11/08/2019 17:00,0.618,0.931,0.0
11/08/2019 18:00,0.61,0.938,0.0
11/08/2019 19:00,0.621,0.936,0.0
11/08/2019 20:00,0.552,0.934,0.0
11/08/2019 21:00,0.444,0.928,0.0
11/08/2019 22:00,0.413,0.916,0.0
11/08/2019 23:00,0.333,0.878,0.0
12/08/2019 00:00,0.309,0.837,0.0
12/08/2019 01:00,0.292,0.827,0.0
12/08/2019 02:00,0.29,0.812,0.0
12/08/2019 03:00,0.278,0.789,0.0
12/08/2019 04:00,0.264,0.756,0.0
12/08/2019 05:00,0.234,0.744,0.019
12/08/2019 06:00,0.265,0.752,0.228
12/08/2019 07:00,0.292,0.771,0.538
12/08/2019 08:00,0.317,0.765,0.73
12/08/2019 09:00,0.457,0.886,0.81
12/08/2019 10:00,0.521,0.935,0.829
12/08/2019 11:00,0.535,0.957,0.797
12/08/2019 12:00,0.501,0.973,0.715
12/08/2019 13:00,0.398,0.986,0.577
12/08/2019 14:00,0.235,0.991,0.376
12/08/2019 15:00,0.088,0.987,0.119
12/08/2019 16:00,0.016,0.98,0.0
12/08/2019 17:00,0.001,0.976,0.0
12/08/2019 18:00,0.968,0.274,0.0
12/08/2019 19:00,0.002,0.957,0.0
12/08/2019 20:00,0.004,0.948,0.0
12/08/2019 21:00,0.006,0.965,0.0
12/08/2019 22:00,0.013,0.982,0.0
12/08/2019 23:00,0.027,0.976,0.0
13/08/2019 00:00,0.038,0.976,0.0
13/08/2019 01:00,0.045,0.983,0.0
13/08/2019 02:00,0.062,0.99,0.0
13/08/2019 03:00,0.095,0.991,0.0
13/08/2019 04:00,0.155,0.98,0.0
13/08/2019 05:00,0.224,0.966,0.139
13/08/2019 06:00,0.198,0.946,0.412
13/08/2019 07:00,0.457,0.902,0.607
13/08/2019 08:00,0.586,0.855,0.729
13/08/2019 09:00,0.626,0.829,0.799
13/08/2019 10:00,0.629,0.772,0.818
13/08/2019 11:00,0.625,0.71,0.788
13/08/2019 12:00,0.608,0.668,0.707
13/08/2019 13:00,0.546,0.624,0.573
13/08/2019 14:00,0.39,0.578,0.377
13/08/2019 15:00,0.244,0.525,0.126
13/08/2019 16:00,0.149,0.47,0.0
13/08/2019 17:00,0.087,0.435,0.0
13/08/2019 18:00,0.058,0.438,0.0
13/08/2019 19:00,0.05,0.474,0.0
13/08/2019 20:00,0.054,0.535,0.0
13/08/2019 21:00,0.056,0.556,0.0
13/08/2019 22:00,0.063,0.523,0.0
13/08/2019 23:00,0.086,0.472,0.0
14/08/2019 00:00,0.132,0.436,0.0
14/08/2019 01:00,0.193,0.399,0.0
14/08/2019 02:00,0.255,0.357,0.0
14/08/2019 03:00,0.314,0.321,0.0
14/08/2019 04:00,0.357,0.311,0.0
14/08/2019 05:00,0.361,0.331,0.148
14/08/2019 06:00,0.197,0.354,0.419
14/08/2019 07:00,0.312,0.364,0.613
14/08/2019 08:00,0.391,0.32,0.735
14/08/2019 09:00,0.326,0.316,0.801
14/08/2019 10:00,0.175,0.413,0.82
14/08/2019 11:00,0.127,0.448,0.79
14/08/2019 12:00,0.124,0.473,0.709
14/08/2019 13:00,0.118,0.511,0.575
14/08/2019 14:00,0.137,0.594,0.38
14/08/2019 15:00,0.261,0.675,0.129
14/08/2019 16:00,0.302,0.704,0.0
14/08/2019 17:00,0.241,0.706,0.0
14/08/2019 18:00,0.202,0.692,0.0
14/08/2019 19:00,0.212,0.649,0.0
14/08/2019 20:00,0.195,0.65,0.0
14/08/2019 21:00,0.179,0.674,0.0
14/08/2019 22:00,0.161,0.712,0.0
14/08/2019 23:00,0.146,0.786,0.0
15/08/2019 00:00,0.151,0.854,0.0
15/08/2019 01:00,0.192,0.902,0.0
15/08/2019 02:00,0.278,0.932,0.0
15/08/2019 03:00,0.402,0.95,0.0
15/08/2019 04:00,0.526,0.972,0.0
15/08/2019 05:00,0.601,0.986,0.15
15/08/2019 06:00,0.479,0.983,0.418
15/08/2019 07:00,0.674,0.986,0.609
15/08/2019 08:00,0.746,0.989,0.722
15/08/2019 09:00,0.728,0.991,0.775
15/08/2019 10:00,0.678,0.991,0.778
15/08/2019 11:00,0.621,0.991,0.744
15/08/2019 12:00,0.568,0.991,0.664
15/08/2019 13:00,0.511,0.989,0.533
15/08/2019 14:00,0.407,0.982,0.343
15/08/2019 15:00,0.386,0.969,0.098
15/08/2019 16:00,0.47,0.944,0.0
15/08/2019 17:00,0.605,0.905,0.0
15/08/2019 18:00,0.718,0.886,0.0
15/08/2019 19:00,0.785,0.871,0.0
15/08/2019 20:00,0.806,0.854,0.0
15/08/2019 21:00,0.793,0.841,0.0
15/08/2019 22:00,0.792,0.841,0.0
15/08/2019 23:00,0.803,0.867,0.0
16/08/2019 00:00,0.814,0.896,0.0
16/08/2019 01:00,0.826,0.906,0.0
16/08/2019 02:00,0.84,0.906,0.0
16/08/2019 03:00,0.845,0.907,0.0
16/08/2019 04:00,0.846,0.915,0.0
16/08/2019 05:00,0.819,0.915,0.105
16/08/2019 06:00,0.707,0.912,0.348
16/08/2019 07:00,0.766,0.904,0.539
16/08/2019 08:00,0.916,0.883,0.656
16/08/2019 09:00,0.956,0.878,0.721
16/08/2019 10:00,0.955,0.875,0.742
16/08/2019 11:00,0.95,0.852,0.715
16/08/2019 12:00,0.939,0.812,0.638
16/08/2019 13:00,0.911,0.75,0.509
16/08/2019 14:00,0.735,0.644,0.32
16/08/2019 15:00,0.485,0.488,0.084
16/08/2019 16:00,0.316,0.304,0.0
16/08/2019 17:00,0.184,0.278,0.0
16/08/2019 18:00,0.102,0.291,0.0
16/08/2019 19:00,0.068,0.264,0.0
16/08/2019 20:00,0.055,0.225,0.0
16/08/2019 21:00,0.037,0.179,0.0
16/08/2019 22:00,0.024,0.107,0.0
16/08/2019 23:00,0.018,0.07,0.0
17/08/2019 00:00,0.012,0.045,0.0
17/08/2019 01:00,0.007,0.041,0.0
17/08/2019 02:00,0.003,0.056,0.0
17/08/2019 03:00,0.002,0.084,0.0
17/08/2019 04:00,0.002,0.12,0.0
17/08/2019 05:00,0.003,0.145,0.105
17/08/2019 06:00,0.005,0.181,0.348
17/08/2019 07:00,0.005,0.226,0.542
17/08/2019 08:00,0.011,0.231,0.666
17/08/2019 09:00,0.001,0.298,0.736
17/08/2019 10:00,0.463,0.227,0.756
17/08/2019 11:00,0.001,0.636,0.729
17/08/2019 12:00,0.002,0.74,0.652
17/08/2019 13:00,0.008,0.827,0.522
17/08/2019 14:00,0.082,0.933,0.331
17/08/2019 15:00,0.198,0.985,0.092
17/08/2019 16:00,0.159,0.991,0.0
17/08/2019 17:00,0.093,0.986,0.0
17/08/2019 18:00,0.06,0.967,0.0
17/08/2019 19:00,0.031,0.98,0.0
17/08/2019 20:00,0.023,0.983,0.0
17/08/2019 21:00,0.057,0.987,0.0
17/08/2019 22:00,0.148,0.988,0.0
17/08/2019 23:00,0.286,0.989,0.0
18/08/2019 00:00,0.435,0.99,0.0
18/08/2019 01:00,0.566,0.99,0.0
18/08/2019 02:00,0.648,0.989,0.0
18/08/2019 03:00,0.703,0.99,0.0
18/08/2019 04:00,0.739,0.99,0.0
18/08/2019 05:00,0.71,0.99,0.117
18/08/2019 06:00,0.591,0.991,0.358
18/08/2019 07:00,0.684,0.991,0.548
18/08/2019 08:00,0.853,0.988,0.666
18/08/2019 09:00,0.904,0.985,0.736
18/08/2019 10:00,0.93,0.984,0.759
18/08/2019 11:00,0.945,0.983,0.733
18/08/2019 12:00,0.951,0.983,0.657
18/08/2019 13:00,0.949,0.983,0.526
18/08/2019 14:00,0.902,0.981,0.335
18/08/2019 15:00,0.868,0.976,0.094
18/08/2019 16:00,0.878,0.964,0.0
18/08/2019 17:00,0.866,0.937,0.0
18/08/2019 18:00,0.866,0.893,0.0
18/08/2019 19:00,0.872,0.85,0.0
18/08/2019 20:00,0.865,0.811,0.0
18/08/2019 21:00,0.84,0.772,0.0
18/08/2019 22:00,0.806,0.729,0.0
18/08/2019 23:00,0.744,0.682,0.0
19/08/2019 00:00,0.656,0.655,0.0
19/08/2019 01:00,0.595,0.61,0.0
19/08/2019 02:00,0.563,0.529,0.0
19/08/2019 03:00,0.46,0.464,0.0
19/08/2019 04:00,0.308,0.432,0.0
19/08/2019 05:00,0.174,0.352,0.095
19/08/2019 06:00,0.155,0.261,0.36
19/08/2019 07:00,0.146,0.259,0.572
19/08/2019 08:00,0.225,0.277,0.696
19/08/2019 09:00,0.435,0.293,0.766
19/08/2019 10:00,0.613,0.291,0.81
19/08/2019 11:00,0.69,0.281,0.787
19/08/2019 12:00,0.715,0.251,0.713
19/08/2019 13:00,0.701,0.213,0.582
19/08/2019 14:00,0.658,0.184,0.39
19/08/2019 15:00,0.544,0.168,0.136
19/08/2019 16:00,0.391,0.164,0.0
19/08/2019 17:00,0.198,0.168,0.0
19/08/2019 18:00,0.096,0.182,0.0
19/08/2019 19:00,0.055,0.196,0.0
19/08/2019 20:00,0.048,0.225,0.0
19/08/2019 21:00,0.039,0.279,0.0
19/08/2019 22:00,0.015,0.38,0.0
19/08/2019 23:00,0.011,0.429,0.0
20/08/2019 00:00,0.019,0.432,0.0
20/08/2019 01:00,0.035,0.44,0.0
20/08/2019 02:00,0.054,0.459,0.0
20/08/2019 03:00,0.056,0.471,0.0
20/08/2019 04:00,0.045,0.494,0.0
20/08/2019 05:00,0.02,0.538,0.149
20/08/2019 06:00,0.008,0.591,0.411
20/08/2019 07:00,0.014,0.654,0.605
20/08/2019 08:00,0.018,0.644,0.731
20/08/2019 09:00,0.017,0.666,0.799
20/08/2019 10:00,0.012,0.718,0.812
20/08/2019 11:00,0.016,0.741,0.779
20/08/2019 12:00,0.036,0.765,0.699
20/08/2019 13:00,0.053,0.777,0.566
20/08/2019 14:00,0.086,0.758,0.373
20/08/2019 15:00,0.203,0.67,0.123
20/08/2019 16:00,0.279,0.514,0.0
20/08/2019 17:00,0.249,0.358,0.0
20/08/2019 18:00,0.193,0.217,0.0
20/08/2019 19:00,0.141,0.122,0.0
20/08/2019 20:00,0.099,0.068,0.0
20/08/2019 21:00,0.064,0.051,0.0
20/08/2019 22:00,0.042,0.045,0.0
20/08/2019 23:00,0.032,0.044,0.0
21/08/2019 00:00,0.028,0.025,0.0
21/08/2019 01:00,0.033,0.009,0.0
21/08/2019 02:00,0.044,0.003,0.0
21/08/2019 03:00,0.067,0.002,0.0
21/08/2019 04:00,0.112,0.001,0.0
21/08/2019 05:00,0.177,0.001,0.147
21/08/2019 06:00,0.121,0.002,0.405
21/08/2019 07:00,0.121,0.015,0.596
21/08/2019 08:00,0.163,0.066,0.715
21/08/2019 09:00,0.167,0.088,0.782
21/08/2019 10:00,0.144,0.061,0.801
21/08/2019 11:00,0.116,0.075,0.772
21/08/2019 12:00,0.086,0.097,0.695
21/08/2019 13:00,0.062,0.064,0.565
21/08/2019 14:00,0.042,0.005,0.376
21/08/2019 15:00,0.032,0.0,0.128
21/08/2019 16:00,0.063,0.006,0.0
21/08/2019 17:00,0.147,0.015,0.0
21/08/2019 18:00,0.273,0.021,0.0
21/08/2019 19:00,0.4,0.025,0.0
21/08/2019 20:00,0.481,0.013,0.0
21/08/2019 21:00,0.527,0.0,0.0
21/08/2019 22:00,0.554,0.0,0.0
21/08/2019 23:00,0.571,0.013,0.0
22/08/2019 00:00,0.59,0.042,0.0
22/08/2019 01:00,0.605,0.068,0.0
22/08/2019 02:00,0.62,0.081,0.0
22/08/2019 03:00,0.619,0.093,0.0
22/08/2019 04:00,0.621,0.125,0.0
22/08/2019 05:00,0.552,0.189,0.114
22/08/2019 06:00,0.314,0.286,0.366
22/08/2019 07:00,0.402,0.334,0.565
22/08/2019 08:00,0.532,0.311,0.685
22/08/2019 09:00,0.527,0.233,0.758
22/08/2019 10:00,0.498,0.323,0.778
22/08/2019 11:00,0.447,0.45,0.75
22/08/2019 12:00,0.367,0.419,0.677
22/08/2019 13:00,0.28,0.388,0.547
22/08/2019 14:00,0.18,0.384,0.357
22/08/2019 15:00,0.101,0.411,0.117
22/08/2019 16:00,0.087,0.428,0.0
22/08/2019 17:00,0.112,0.376,0.0
22/08/2019 18:00,0.153,0.213,0.0
22/08/2019 19:00,0.184,0.085,0.0
22/08/2019 20:00,0.214,0.037,0.0
22/08/2019 21:00,0.28,0.029,0.0
22/08/2019 22:00,0.362,0.059,0.0
22/08/2019 23:00,0.42,0.101,0.0
23/08/2019 00:00,0.457,0.131,0.0
23/08/2019 01:00,0.479,0.151,0.0
23/08/2019 02:00,0.485,0.157,0.0
23/08/2019 03:00,0.479,0.156,0.0
23/08/2019 04:00,0.484,0.16,0.0
23/08/2019 05:00,0.446,0.174,0.138
23/08/2019 06:00,0.281,0.185,0.385
23/08/2019 07:00,0.323,0.186,0.572
23/08/2019 08:00,0.398,0.146,0.69
23/08/2019 09:00,0.379,0.118,0.757
23/08/2019 10:00,0.348,0.136,0.778
23/08/2019 11:00,0.309,0.166,0.752
23/08/2019 12:00,0.259,0.201,0.679
23/08/2019 13:00,0.207,0.255,0.551
23/08/2019 14:00,0.138,0.292,0.364
23/08/2019 15:00,0.065,0.332,0.124
23/08/2019 16:00,0.042,0.382,0.0
23/08/2019 17:00,0.068,0.3,0.0
23/08/2019 18:00,0.149,0.168,0.0
23/08/2019 19:00,0.28,0.102,0.0
23/08/2019 20:00,0.432,0.072,0.0
23/08/2019 21:00,0.556,0.08,0.0
23/08/2019 22:00,0.625,0.104,0.0
23/08/2019 23:00,0.646,0.132,0.0
24/08/2019 00:00,0.639,0.153,0.0
24/08/2019 01:00,0.626,0.174,0.0
24/08/2019 02:00,0.618,0.204,0.0
24/08/2019 03:00,0.615,0.208,0.0
24/08/2019 04:00,0.627,0.18,0.0
24/08/2019 05:00,0.552,0.145,0.149
24/08/2019 06:00,0.369,0.101,0.399
24/08/2019 07:00,0.557,0.061,0.586
24/08/2019 08:00,0.655,0.044,0.705
24/08/2019 09:00,0.672,0.04,0.777
24/08/2019 10:00,0.666,0.042,0.797
24/08/2019 11:00,0.652,0.041,0.77
24/08/2019 12:00,0.636,0.031,0.696
24/08/2019 13:00,0.608,0.048,0.568
24/08/2019 14:00,0.535,0.121,0.382
24/08/2019 15:00,0.508,0.218,0.138
24/08/2019 16:00,0.623,0.295,0.0
24/08/2019 17:00,0.731,0.356,0.0
24/08/2019 18:00,0.806,0.395,0.0
24/08/2019 19:00,0.845,0.414,0.0
24/08/2019 20:00,0.867,0.404,0.0
24/08/2019 21:00,0.881,0.389,0.0
24/08/2019 22:00,0.887,0.411,0.0
24/08/2019 23:00,0.892,0.366,0.0
25/08/2019 00:00,0.874,0.284,0.0
25/08/2019 01:00,0.845,0.241,0.0
25/08/2019 02:00,0.817,0.185,0.0
25/08/2019 03:00,0.803,0.145,0.0
25/08/2019 04:00,0.796,0.118,0.0
25/08/2019 05:00,0.718,0.089,0.152
25/08/2019 06:00,0.578,0.076,0.406
25/08/2019 07:00,0.845,0.101,0.595
25/08/2019 08:00,0.944,0.139,0.714
25/08/2019 09:00,0.949,0.232,0.78
25/08/2019 10:00,0.947,0.403,0.799
25/08/2019 11:00,0.939,0.647,0.772
25/08/2019 12:00,0.917,0.827,0.697
25/08/2019 13:00,0.88,0.897,0.568
25/08/2019 14:00,0.8,0.926,0.38
25/08/2019 15:00,0.704,0.939,0.135
25/08/2019 16:00,0.687,0.937,0.0
25/08/2019 17:00,0.636,0.912,0.0
25/08/2019 18:00,0.574,0.882,0.0
25/08/2019 19:00,0.535,0.835,0.0
25/08/2019 20:00,0.503,0.78,0.0
25/08/2019 21:00,0.464,0.766,0.0
25/08/2019 22:00,0.469,0.796,0.0
25/08/2019 23:00,0.501,0.779,0.0
26/08/2019 00:00,0.529,0.697,0.0
26/08/2019 01:00,0.582,0.559,0.0
26/08/2019 02:00,0.652,0.425,0.0
26/08/2019 03:00,0.705,0.323,0.0
26/08/2019 04:00,0.702,0.236,0.0
26/08/2019 05:00,0.579,0.178,0.148
26/08/2019 06:00,0.407,0.149,0.401
26/08/2019 07:00,0.735,0.119,0.593
26/08/2019 08:00,0.847,0.093,0.714
26/08/2019 09:00,0.868,0.078,0.781
26/08/2019 10:00,0.867,0.074,0.8
26/08/2019 11:00,0.854,0.081,0.772
26/08/2019 12:00,0.831,0.105,0.695
26/08/2019 13:00,0.802,0.155,0.565
26/08/2019 14:00,0.695,0.243,0.377
26/08/2019 15:00,0.4,0.362,0.134
26/08/2019 16:00,0.183,0.481,0.0
26/08/2019 17:00,0.076,0.586,0.0
26/08/2019 18:00,0.02,0.668,0.0
26/08/2019 19:00,0.007,0.739,0.0
26/08/2019 20:00,0.008,0.788,0.0
26/08/2019 21:00,0.012,0.812,0.0
26/08/2019 22:00,0.012,0.815,0.0
26/08/2019 23:00,0.012,0.782,0.0
27/08/2019 00:00,0.013,0.733,0.0
27/08/2019 01:00,0.022,0.687,0.0
27/08/2019 02:00,0.033,0.618,0.0
27/08/2019 03:00,0.041,0.519,0.0
27/08/2019 04:00,0.055,0.4,0.0
27/08/2019 05:00,0.07,0.337,0.147
27/08/2019 06:00,0.054,0.304,0.406
27/08/2019 07:00,0.195,0.252,0.6
27/08/2019 08:00,0.426,0.172,0.724
27/08/2019 09:00,0.591,0.092,0.795
27/08/2019 10:00,0.669,0.032,0.814
27/08/2019 11:00,0.685,0.006,0.786
27/08/2019 12:00,0.668,0.0,0.711
27/08/2019 13:00,0.586,0.0,0.581
27/08/2019 14:00,0.38,0.007,0.393
27/08/2019 15:00,0.233,0.075,0.148
27/08/2019 16:00,0.265,0.135,0.0
27/08/2019 17:00,0.317,0.185,0.0
27/08/2019 18:00,0.285,0.238,0.0
27/08/2019 19:00,0.241,0.302,0.0
27/08/2019 20:00,0.167,0.384,0.0
27/08/2019 21:00,0.108,0.476,0.0
27/08/2019 22:00,0.058,0.591,0.0
27/08/2019 23:00,0.026,0.68,0.0
28/08/2019 00:00,0.014,0.71,0.0
28/08/2019 01:00,0.009,0.718,0.0
28/08/2019 02:00,0.006,0.71,0.0
28/08/2019 03:00,0.004,0.711,0.0
28/08/2019 04:00,0.007,0.714,0.0
28/08/2019 05:00,0.011,0.737,0.172
28/08/2019 06:00,0.009,0.754,0.434
28/08/2019 07:00,0.011,0.733,0.629
28/08/2019 08:00,0.043,0.757,0.758
28/08/2019 09:00,0.104,0.852,0.825
28/08/2019 10:00,0.155,0.889,0.844
28/08/2019 11:00,0.181,0.905,0.814
28/08/2019 12:00,0.186,0.915,0.737
28/08/2019 13:00,0.181,0.923,0.603
28/08/2019 14:00,0.173,0.919,0.41
28/08/2019 15:00,0.252,0.916,0.159
28/08/2019 16:00,0.386,0.901,0.0
28/08/2019 17:00,0.376,0.885,0.0
28/08/2019 18:00,0.33,0.849,0.0
28/08/2019 19:00,0.26,0.774,0.0
28/08/2019 20:00,0.199,0.642,0.0
28/08/2019 21:00,0.14,0.561,0.0
28/08/2019 22:00,0.096,0.635,0.0
28/08/2019 23:00,0.068,0.744,0.0
29/08/2019 00:00,0.056,0.755,0.0
29/08/2019 01:00,0.067,0.753,0.0
29/08/2019 02:00,0.118,0.816,0.0
29/08/2019 03:00,0.201,0.876,0.0
29/08/2019 04:00,0.311,0.903,0.0
29/08/2019 05:00,0.328,0.936,0.168
29/08/2019 06:00,0.434,0.944,0.426
29/08/2019 07:00,0.754,0.945,0.616
29/08/2019 08:00,0.858,0.961,0.739
29/08/2019 09:00,0.885,0.967,0.809
29/08/2019 10:00,0.893,0.957,0.828
29/08/2019 11:00,0.888,0.938,0.799
29/08/2019 12:00,0.871,0.929,0.721
29/08/2019 13:00,0.832,0.922,0.59
29/08/2019 14:00,0.718,0.903,0.401
29/08/2019 15:00,0.457,0.858,0.155
29/08/2019 16:00,0.272,0.77,0.0
29/08/2019 17:00,0.137,0.648,0.0
29/08/2019 18:00,0.053,0.547,0.0
29/08/2019 19:00,0.017,0.472,0.0
29/08/2019 20:00,0.006,0.401,0.0
29/08/2019 21:00,0.002,0.34,0.0
29/08/2019 22:00,0.27,0.447,0.0
29/08/2019 23:00,0.22,0.435,0.0
30/08/2019 00:00,0.171,0.422,0.0
30/08/2019 01:00,0.137,0.38,0.0
30/08/2019 02:00,0.003,0.125,0.0
30/08/2019 03:00,0.009,0.124,0.0
30/08/2019 04:00,0.023,0.14,0.0
30/08/2019 05:00,0.04,0.16,0.164
30/08/2019 06:00,0.053,0.176,0.426
30/08/2019 07:00,0.225,0.185,0.619
30/08/2019 08:00,0.397,0.188,0.741
30/08/2019 09:00,0.495,0.194,0.808
30/08/2019 10:00,0.557,0.201,0.827
30/08/2019 11:00,0.615,0.2,0.797
30/08/2019 12:00,0.653,0.193,0.719
30/08/2019 13:00,0.625,0.192,0.46
30/08/2019 14:00,0.426,0.185,0.181
30/08/2019 15:00,0.186,0.164,0.044
30/08/2019 16:00,0.127,0.14,0.0
30/08/2019 17:00,0.076,0.137,0.0
30/08/2019 18:00,0.055,0.157,0.0
30/08/2019 19:00,0.045,0.153,0.0
30/08/2019 20:00,0.032,0.128,0.0
30/08/2019 21:00,0.016,0.104,0.0
30/08/2019 22:00,0.004,0.094,0.0
30/08/2019 23:00,0.106,0.011,0.0
31/08/2019 00:00,0.148,0.029,0.0
31/08/2019 01:00,0.005,0.208,0.0
31/08/2019 02:00,0.027,0.255,0.0
31/08/2019 03:00,0.063,0.295,0.0
31/08/2019 04:00,0.106,0.334,0.0
31/08/2019 05:00,0.18,0.39,0.071
31/08/2019 06:00,0.264,0.47,0.315
31/08/2019 07:00,0.289,0.528,0.615
31/08/2019 08:00,0.352,0.5,0.761
31/08/2019 09:00,0.432,0.548,0.834
31/08/2019 10:00,0.538,0.487,0.854
31/08/2019 11:00,0.636,0.41,0.823
31/08/2019 12:00,0.677,0.383,0.741
31/08/2019 13:00,0.661,0.408,0.607
31/08/2019 14:00,0.587,0.454,0.413
31/08/2019 15:00,0.42,0.47,0.163
31/08/2019 16:00,0.29,0.403,0.0
31/08/2019 17:00,0.186,0.305,0.0
31/08/2019 18:00,0.118,0.175,0.0
31/08/2019 19:00,0.079,0.06,0.0
31/08/2019 20:00,0.05,0.008,0.0
31/08/2019 21:00,0.05,0.0,0.0
31/08/2019 22:00,0.093,0.002,0.0
31/08/2019 23:00,0.16,0.028,0.0
01/09/2019 00:00,0.234,0.112,0.0
01/09/2019 01:00,0.294,0.245,0.0
01/09/2019 02:00,0.353,0.404,0.0
01/09/2019 03:00,0.415,0.53,0.0
01/09/2019 04:00,0.45,0.587,0.0
01/09/2019 05:00,0.323,0.651,0.169
01/09/2019 06:00,0.374,0.716,0.426
01/09/2019 07:00,0.453,0.752,0.615
01/09/2019 08:00,0.448,0.792,0.741
01/09/2019 09:00,0.447,0.908,0.812
01/09/2019 10:00,0.438,0.952,0.831
01/09/2019 11:00,0.42,0.968,0.8
01/09/2019 12:00,0.391,0.976,0.72
01/09/2019 13:00,0.358,0.981,0.588
01/09/2019 14:00,0.297,0.986,0.4
01/09/2019 15:00,0.157,0.991,0.159
01/09/2019 16:00,0.073,0.991,0.0
01/09/2019 17:00,0.028,0.99,0.0
01/09/2019 18:00,0.014,0.986,0.0
01/09/2019 19:00,0.025,0.973,0.0
01/09/2019 20:00,0.054,0.99,0.0
01/09/2019 21:00,0.111,0.986,0.0
01/09/2019 22:00,0.187,0.987,0.0
01/09/2019 23:00,0.259,0.989,0.0
02/09/2019 00:00,0.315,0.987,0.0
02/09/2019 01:00,0.35,0.985,0.0
02/09/2019 02:00,0.36,0.981,0.0
02/09/2019 03:00,0.347,0.964,0.0
02/09/2019 04:00,0.341,0.935,0.0
02/09/2019 05:00,0.261,0.922,0.169
02/09/2019 06:00,0.133,0.938,0.421
02/09/2019 07:00,0.274,0.927,0.609
02/09/2019 08:00,0.404,0.946,0.728
02/09/2019 09:00,0.43,0.951,0.798
02/09/2019 10:00,0.416,0.952,0.818
02/09/2019 11:00,0.386,0.96,0.791
02/09/2019 12:00,0.341,0.962,0.715
02/09/2019 13:00,0.283,0.957,0.587
02/09/2019 14:00,0.198,0.957,0.401
02/09/2019 15:00,0.126,0.963,0.163
02/09/2019 16:00,0.107,0.97,0.0
02/09/2019 17:00,0.086,0.976,0.0
02/09/2019 18:00,0.051,0.978,0.0
02/09/2019 19:00,0.018,0.977,0.0
02/09/2019 20:00,0.014,0.98,0.0
02/09/2019 21:00,0.034,0.978,0.0
02/09/2019 22:00,0.112,0.973,0.0
02/09/2019 23:00,0.258,0.965,0.0
03/09/2019 00:00,0.439,0.948,0.0
03/09/2019 01:00,0.587,0.927,0.0
03/09/2019 02:00,0.679,0.886,0.0
03/09/2019 03:00,0.717,0.806,0.0
03/09/2019 04:00,0.734,0.695,0.0
03/09/2019 05:00,0.628,0.59,0.176
03/09/2019 06:00,0.434,0.535,0.426
03/09/2019 07:00,0.746,0.479,0.612
03/09/2019 08:00,0.75,0.412,0.728
03/09/2019 09:00,0.704,0.343,0.795
03/09/2019 10:00,0.679,0.218,0.815
03/09/2019 11:00,0.67,0.095,0.788
03/09/2019 12:00,0.663,0.017,0.713
03/09/2019 13:00,0.658,0.0,0.584
03/09/2019 14:00,0.615,0.001,0.399
03/09/2019 15:00,0.513,0.034,0.162
03/09/2019 16:00,0.505,0.249,0.0
03/09/2019 17:00,0.532,0.446,0.0
03/09/2019 18:00,0.619,0.477,0.0
03/09/2019 19:00,0.704,0.452,0.0
03/09/2019 20:00,0.755,0.459,0.0
03/09/2019 21:00,0.774,0.466,0.0
03/09/2019 22:00,0.778,0.491,0.0
03/09/2019 23:00,0.775,0.502,0.0
04/09/2019 00:00,0.76,0.473,0.0
04/09/2019 01:00,0.712,0.408,0.0
04/09/2019 02:00,0.682,0.337,0.0
04/09/2019 03:00,0.642,0.298,0.0
04/09/2019 04:00,0.636,0.318,0.0
04/09/2019 05:00,0.481,0.413,0.154
04/09/2019 06:00,0.272,0.51,0.402
04/09/2019 07:00,0.385,0.541,0.592
04/09/2019 08:00,0.499,0.447,0.712
04/09/2019 09:00,0.519,0.323,0.782
04/09/2019 10:00,0.476,0.394,0.801
04/09/2019 11:00,0.415,0.569,0.773
04/09/2019 12:00,0.332,0.623,0.698
04/09/2019 13:00,0.243,0.698,0.569
04/09/2019 14:00,0.214,0.839,0.384
04/09/2019 15:00,0.318,0.891,0.149
04/09/2019 16:00,0.413,0.911,0.0
04/09/2019 17:00,0.347,0.876,0.0
04/09/2019 18:00,0.28,0.781,0.0
04/09/2019 19:00,0.221,0.616,0.0
04/09/2019 20:00,0.178,0.393,0.0
04/09/2019 21:00,0.141,0.227,0.0
04/09/2019 22:00,0.127,0.141,0.0
04/09/2019 23:00,0.13,0.118,0.0
05/09/2019 00:00,0.144,0.12,0.0
05/09/2019 01:00,0.19,0.146,0.0
05/09/2019 02:00,0.269,0.213,0.0
05/09/2019 03:00,0.315,0.251,0.0
05/09/2019 04:00,0.325,0.27,0.0
05/09/2019 05:00,0.325,0.233,0.034
05/09/2019 06:00,0.343,0.219,0.117
05/09/2019 07:00,0.297,0.222,0.227
05/09/2019 08:00,0.212,0.251,0.48
05/09/2019 09:00,0.138,0.22,0.607
05/09/2019 10:00,0.093,0.173,0.608
05/09/2019 11:00,0.091,0.146,0.559
05/09/2019 12:00,0.147,0.122,0.54
05/09/2019 13:00,0.268,0.101,0.473
05/09/2019 14:00,0.436,0.084,0.307
05/09/2019 15:00,0.577,0.096,0.105
05/09/2019 16:00,0.61,0.163,0.0
05/09/2019 17:00,0.608,0.266,0.0
05/09/2019 18:00,0.592,0.352,0.0
05/09/2019 19:00,0.572,0.369,0.0
05/09/2019 20:00,0.553,0.381,0.0
05/09/2019 21:00,0.525,0.402,0.0
05/09/2019 22:00,0.506,0.425,0.0
05/09/2019 23:00,0.48,0.444,0.0
06/09/2019 00:00,0.43,0.453,0.0
06/09/2019 01:00,0.364,0.447,0.0
06/09/2019 02:00,0.283,0.422,0.0
06/09/2019 03:00,0.223,0.379,0.0
06/09/2019 04:00,0.176,0.352,0.0
06/09/2019 05:00,0.147,0.367,0.156
06/09/2019 06:00,0.095,0.396,0.406
06/09/2019 07:00,0.034,0.403,0.598
06/09/2019 08:00,0.015,0.449,0.723
06/09/2019 09:00,0.001,0.457,0.788
06/09/2019 10:00,0.001,0.413,0.806
06/09/2019 11:00,0.37,0.0,0.777
06/09/2019 12:00,0.343,0.0,0.701
06/09/2019 13:00,0.33,0.0,0.573
06/09/2019 14:00,0.011,0.332,0.39
06/09/2019 15:00,0.042,0.323,0.158
06/09/2019 16:00,0.082,0.284,0.0
06/09/2019 17:00,0.068,0.223,0.0
06/09/2019 18:00,0.058,0.17,0.0
06/09/2019 19:00,0.053,0.148,0.0
06/09/2019 20:00,0.067,0.121,0.0
06/09/2019 21:00,0.118,0.097,0.0
06/09/2019 22:00,0.227,0.079,0.0
06/09/2019 23:00,0.38,0.066,0.0
07/09/2019 00:00,0.532,0.062,0.0
07/09/2019 01:00,0.619,0.053,0.0
07/09/2019 02:00,0.652,0.029,0.0
07/09/2019 03:00,0.664,0.012,0.0
07/09/2019 04:00,0.674,0.007,0.0
07/09/2019 05:00,0.55,0.007,0.138
07/09/2019 06:00,0.538,0.006,0.376
07/09/2019 07:00,0.376,0.008,0.563
07/09/2019 08:00,0.234,0.014,0.687
07/09/2019 09:00,0.136,0.007,0.755
07/09/2019 10:00,0.075,0.024,0.775
07/09/2019 11:00,0.044,0.089,0.747
07/09/2019 12:00,0.031,0.154,0.679
07/09/2019 13:00,0.03,0.173,0.552
07/09/2019 14:00,0.03,0.22,0.371
07/09/2019 15:00,0.019,0.35,0.145
07/09/2019 16:00,0.016,0.501,0.0
07/09/2019 17:00,0.061,0.574,0.0
07/09/2019 18:00,0.155,0.558,0.0
07/09/2019 19:00,0.28,0.519,0.0
07/09/2019 20:00,0.422,0.504,0.0
07/09/2019 21:00,0.535,0.497,0.0
07/09/2019 22:00,0.601,0.51,0.0
07/09/2019 23:00,0.635,0.464,0.0
08/09/2019 00:00,0.638,0.379,0.0
08/09/2019 01:00,0.629,0.352,0.0
08/09/2019 02:00,0.607,0.367,0.0
08/09/2019 03:00,0.591,0.315,0.0
08/09/2019 04:00,0.586,0.255,0.0
08/09/2019 05:00,0.432,0.253,0.166
08/09/2019 06:00,0.334,0.3,0.409
08/09/2019 07:00,0.374,0.362,0.593
08/09/2019 08:00,0.237,0.302,0.719
08/09/2019 09:00,0.137,0.231,0.784
08/09/2019 10:00,0.093,0.174,0.804
08/09/2019 11:00,0.076,0.101,0.777
08/09/2019 12:00,0.066,0.057,0.702
08/09/2019 13:00,0.058,0.051,0.575
08/09/2019 14:00,0.054,0.078,0.393
08/09/2019 15:00,0.06,0.133,0.162
08/09/2019 16:00,0.079,0.176,0.0
08/09/2019 17:00,0.128,0.148,0.0
08/09/2019 18:00,0.219,0.07,0.0
08/09/2019 19:00,0.329,0.017,0.0
08/09/2019 20:00,0.423,0.017,0.0
08/09/2019 21:00,0.472,0.06,0.0
08/09/2019 22:00,0.473,0.089,0.0
08/09/2019 23:00,0.481,0.081,0.0
09/09/2019 00:00,0.491,0.069,0.0
09/09/2019 01:00,0.498,0.066,0.0
09/09/2019 02:00,0.506,0.076,0.0
09/09/2019 03:00,0.528,0.102,0.0
09/09/2019 04:00,0.535,0.119,0.0
09/09/2019 05:00,0.379,0.096,0.173
09/09/2019 06:00,0.208,0.101,0.417
09/09/2019 07:00,0.124,0.13,0.6
09/09/2019 08:00,0.036,0.147,0.722
09/09/2019 09:00,0.014,0.219,0.792
09/09/2019 10:00,0.003,0.341,0.81
09/09/2019 11:00,0.001,0.429,0.78
09/09/2019 12:00,0.41,0.494,0.702
09/09/2019 13:00,0.001,0.361,0.572
09/09/2019 14:00,0.004,0.361,0.387
09/09/2019 15:00,0.025,0.38,0.155
09/09/2019 16:00,0.053,0.376,0.0
09/09/2019 17:00,0.061,0.343,0.0
09/09/2019 18:00,0.061,0.272,0.0
09/09/2019 19:00,0.061,0.232,0.0
09/09/2019 20:00,0.055,0.219,0.0
09/09/2019 21:00,0.054,0.202,0.0
09/09/2019 22:00,0.059,0.211,0.0
09/09/2019 23:00,0.076,0.242,0.0
10/09/2019 00:00,0.101,0.279,0.0
10/09/2019 01:00,0.132,0.334,0.0
10/09/2019 02:00,0.17,0.377,0.0
10/09/2019 03:00,0.22,0.379,0.0
10/09/2019 04:00,0.275,0.395,0.0
10/09/2019 05:00,0.254,0.418,0.167
10/09/2019 06:00,0.112,0.46,0.411
10/09/2019 07:00,0.021,0.508,0.596
10/09/2019 08:00,0.006,0.602,0.712
10/09/2019 09:00,0.001,0.689,0.779
10/09/2019 10:00,0.72,0.0,0.8
10/09/2019 11:00,0.722,0.019,0.774
10/09/2019 12:00,0.715,0.058,0.698
10/09/2019 13:00,0.001,0.724,0.574
10/09/2019 14:00,0.008,0.742,0.396
10/09/2019 15:00,0.04,0.773,0.169
10/09/2019 16:00,0.068,0.797,0.0
10/09/2019 17:00,0.155,0.815,0.0
10/09/2019 18:00,0.315,0.822,0.0
10/09/2019 19:00,0.425,0.832,0.0
10/09/2019 20:00,0.511,0.851,0.0
10/09/2019 21:00,0.538,0.862,0.0
10/09/2019 22:00,0.571,0.866,0.0
10/09/2019 23:00,0.601,0.832,0.0
11/09/2019 00:00,0.63,0.799,0.0
11/09/2019 01:00,0.653,0.781,0.0
11/09/2019 02:00,0.61,0.753,0.0
11/09/2019 03:00,0.607,0.754,0.0
11/09/2019 04:00,0.638,0.781,0.0
11/09/2019 05:00,0.535,0.819,0.158
11/09/2019 06:00,0.37,0.867,0.394
11/09/2019 07:00,0.398,0.888,0.58
11/09/2019 08:00,0.35,0.917,0.7
11/09/2019 09:00,0.291,0.922,0.766
11/09/2019 10:00,0.222,0.918,0.786
11/09/2019 11:00,0.19,0.9,0.76
11/09/2019 12:00,0.208,0.88,0.685
11/09/2019 13:00,0.224,0.876,0.559
11/09/2019 14:00,0.155,0.878,0.378
11/09/2019 15:00,0.067,0.883,0.153
11/09/2019 16:00,0.077,0.885,0.0
11/09/2019 17:00,0.062,0.889,0.0
11/09/2019 18:00,0.09,0.875,0.0
11/09/2019 19:00,0.173,0.847,0.0
11/09/2019 20:00,0.267,0.834,0.0
11/09/2019 21:00,0.32,0.833,0.0
11/09/2019 22:00,0.381,0.86,0.0
11/09/2019 23:00,0.458,0.858,0.0
12/09/2019 00:00,0.548,0.834,0.0
12/09/2019 01:00,0.624,0.785,0.0
12/09/2019 02:00,0.685,0.69,0.0
12/09/2019 03:00,0.721,0.576,0.0
12/09/2019 04:00,0.746,0.491,0.0
12/09/2019 05:00,0.654,0.475,0.137
12/09/2019 06:00,0.603,0.51,0.388
12/09/2019 07:00,0.835,0.492,0.574
12/09/2019 08:00,0.939,0.371,0.703
12/09/2019 09:00,0.954,0.272,0.773
12/09/2019 10:00,0.951,0.265,0.79
12/09/2019 11:00,0.95,0.201,0.755
12/09/2019 12:00,0.951,0.131,0.669
12/09/2019 13:00,0.951,0.241,0.515
12/09/2019 14:00,0.935,0.466,0.268
12/09/2019 15:00,0.877,0.683,0.047
12/09/2019 16:00,0.835,0.84,0.0
12/09/2019 17:00,0.74,0.792,0.0
12/09/2019 18:00,0.61,0.562,0.0
12/09/2019 19:00,0.542,0.361,0.0
12/09/2019 20:00,0.365,0.296,0.0
12/09/2019 21:00,0.152,0.275,0.0
12/09/2019 22:00,0.055,0.259,0.0
12/09/2019 23:00,0.07,0.213,0.0
13/09/2019 00:00,0.179,0.187,0.0
13/09/2019 01:00,0.252,0.197,0.0
13/09/2019 02:00,0.241,0.243,0.0
13/09/2019 03:00,0.211,0.284,0.0
13/09/2019 04:00,0.211,0.265,0.0
13/09/2019 05:00,0.312,0.3,0.154
13/09/2019 06:00,0.552,0.485,0.413
13/09/2019 07:00,0.728,0.794,0.628
13/09/2019 08:00,0.781,0.978,0.751
13/09/2019 09:00,0.788,0.991,0.83
13/09/2019 10:00,0.8,0.989,0.837
13/09/2019 11:00,0.793,0.987,0.732
13/09/2019 12:00,0.772,0.985,0.735
13/09/2019 13:00,0.721,0.983,0.607
13/09/2019 14:00,0.61,0.986,0.415
13/09/2019 15:00,0.421,0.989,0.172
13/09/2019 16:00,0.283,0.99,0.0
13/09/2019 17:00,0.161,0.991,0.0
13/09/2019 18:00,0.076,0.991,0.0
13/09/2019 19:00,0.033,0.991,0.0
13/09/2019 20:00,0.01,0.989,0.0
13/09/2019 21:00,0.038,0.985,0.0
13/09/2019 22:00,0.044,0.975,0.0
13/09/2019 23:00,0.002,0.961,0.0
14/09/2019 00:00,0.001,0.945,0.0
14/09/2019 01:00,0.002,0.927,0.0
14/09/2019 02:00,0.003,0.906,0.0
14/09/2019 03:00,0.003,0.882,0.0
14/09/2019 04:00,0.004,0.871,0.001
14/09/2019 05:00,0.002,0.868,0.134
14/09/2019 06:00,0.01,0.872,0.36
14/09/2019 07:00,0.04,0.876,0.582
14/09/2019 08:00,0.069,0.909,0.703
14/09/2019 09:00,0.099,0.919,0.76
14/09/2019 10:00,0.133,0.916,0.748
14/09/2019 11:00,0.145,0.903,0.639
14/09/2019 12:00,0.163,0.887,0.418
14/09/2019 13:00,0.167,0.879,0.434
14/09/2019 14:00,0.113,0.863,0.356
14/09/2019 15:00,0.042,0.84,0.139
14/09/2019 16:00,0.024,0.808,0.0
14/09/2019 17:00,0.008,0.757,0.0
14/09/2019 18:00,0.006,0.674,0.0
14/09/2019 19:00,0.014,0.578,0.0
14/09/2019 20:00,0.054,0.466,0.0
14/09/2019 21:00,0.123,0.334,0.0
14/09/2019 22:00,0.192,0.219,0.0
14/09/2019 23:00,0.234,0.136,0.0
15/09/2019 00:00,0.278,0.081,0.0
15/09/2019 01:00,0.341,0.036,0.0
15/09/2019 02:00,0.422,0.011,0.0
15/09/2019 03:00,0.488,0.002,0.0
15/09/2019 04:00,0.541,0.0,0.001
15/09/2019 05:00,0.374,0.0,0.137
15/09/2019 06:00,0.345,0.0,0.358
15/09/2019 07:00,0.432,0.0,0.548
15/09/2019 08:00,0.406,0.0,0.659
15/09/2019 09:00,0.432,0.0,0.745
15/09/2019 10:00,0.453,0.0,0.767
15/09/2019 11:00,0.457,0.0,0.748
15/09/2019 12:00,0.517,0.0,0.676
15/09/2019 13:00,0.552,0.0,0.55
15/09/2019 14:00,0.481,0.0,0.37
15/09/2019 15:00,0.271,0.0,0.15
15/09/2019 16:00,0.17,0.057,0.001
15/09/2019 17:00,0.127,0.162,0.0
15/09/2019 18:00,0.123,0.162,0.0
15/09/2019 19:00,0.133,0.105,0.0
15/09/2019 20:00,0.159,0.059,0.0
15/09/2019 21:00,0.192,0.026,0.0
15/09/2019 22:00,0.233,0.008,0.0
15/09/2019 23:00,0.278,0.004,0.0
16/09/2019 00:00,0.323,0.002,0.0
16/09/2019 01:00,0.35,0.011,0.0
16/09/2019 02:00,0.37,0.048,0.0
16/09/2019 03:00,0.416,0.101,0.0
16/09/2019 04:00,0.494,0.144,0.001
16/09/2019 05:00,0.413,0.19,0.163
16/09/2019 06:00,0.324,0.264,0.401
16/09/2019 07:00,0.485,0.332,0.583
16/09/2019 08:00,0.571,0.416,0.698
16/09/2019 09:00,0.605,0.571,0.767
16/09/2019 10:00,0.608,0.691,0.785
16/09/2019 11:00,0.604,0.766,0.757
16/09/2019 12:00,0.599,0.844,0.686
16/09/2019 13:00,0.584,0.888,0.562
16/09/2019 14:00,0.526,0.927,0.383
16/09/2019 15:00,0.297,0.954,0.161
16/09/2019 16:00,0.132,0.957,0.001
16/09/2019 17:00,0.053,0.928,0.0
16/09/2019 18:00,0.024,0.871,0.0
16/09/2019 19:00,0.016,0.812,0.0
16/09/2019 20:00,0.021,0.747,0.0
16/09/2019 21:00,0.042,0.69,0.0
16/09/2019 22:00,0.078,0.622,0.0
16/09/2019 23:00,0.139,0.544,0.0
17/09/2019 00:00,0.228,0.466,0.0
17/09/2019 01:00,0.329,0.379,0.0
17/09/2019 02:00,0.42,0.302,0.0
17/09/2019 03:00,0.479,0.245,0.0
17/09/2019 04:00,0.513,0.196,0.001
17/09/2019 05:00,0.408,0.152,0.15
17/09/2019 06:00,0.245,0.118,0.378
17/09/2019 07:00,0.407,0.095,0.557
17/09/2019 08:00,0.596,0.09,0.672
17/09/2019 09:00,0.697,0.078,0.732
17/09/2019 10:00,0.743,0.061,0.747
17/09/2019 11:00,0.768,0.04,0.718
17/09/2019 12:00,0.78,0.019,0.64
17/09/2019 13:00,0.781,0.009,0.517
17/09/2019 14:00,0.721,0.011,0.331
17/09/2019 15:00,0.444,0.02,0.109
17/09/2019 16:00,0.243,0.045,0.001
17/09/2019 17:00,0.118,0.085,0.0
17/09/2019 18:00,0.048,0.106,0.0
17/09/2019 19:00,0.018,0.076,0.0
17/09/2019 20:00,0.015,0.037,0.0
17/09/2019 21:00,0.039,0.018,0.0
17/09/2019 22:00,0.084,0.019,0.0
17/09/2019 23:00,0.127,0.024,0.0
18/09/2019 00:00,0.179,0.015,0.0
18/09/2019 01:00,0.206,0.004,0.0
18/09/2019 02:00,0.209,0.001,0.0
18/09/2019 03:00,0.148,0.002,0.0
18/09/2019 04:00,0.076,0.003,0.001
18/09/2019 05:00,0.027,0.01,0.109
18/09/2019 06:00,0.011,0.031,0.278
18/09/2019 07:00,0.096,0.064,0.428
18/09/2019 08:00,0.208,0.1,0.54
18/09/2019 09:00,0.259,0.148,0.621
18/09/2019 10:00,0.272,0.193,0.612
18/09/2019 11:00,0.264,0.241,0.516
18/09/2019 12:00,0.224,0.297,0.416
18/09/2019 13:00,0.172,0.367,0.312
18/09/2019 14:00,0.147,0.428,0.185
18/09/2019 15:00,0.192,0.476,0.062
18/09/2019 16:00,0.245,0.556,0.0
18/09/2019 17:00,0.208,0.681,0.0
18/09/2019 18:00,0.156,0.693,0.0
18/09/2019 19:00,0.119,0.532,0.0
18/09/2019 20:00,0.075,0.325,0.0
18/09/2019 21:00,0.028,0.285,0.0
18/09/2019 22:00,0.024,0.294,0.0
18/09/2019 23:00,0.049,0.239,0.0
19/09/2019 00:00,0.094,0.192,0.0
19/09/2019 01:00,0.133,0.146,0.0
19/09/2019 02:00,0.184,0.109,0.0
19/09/2019 03:00,0.238,0.079,0.0
19/09/2019 04:00,0.26,0.073,0.001
19/09/2019 05:00,0.218,0.045,0.135
19/09/2019 06:00,0.101,0.033,0.354
19/09/2019 07:00,0.091,0.03,0.528
19/09/2019 08:00,0.094,0.022,0.64
19/09/2019 09:00,0.155,0.014,0.715
19/09/2019 10:00,0.232,0.005,0.735
19/09/2019 11:00,0.292,0.0,0.709
19/09/2019 12:00,0.332,0.0,0.641
19/09/2019 13:00,0.354,0.001,0.525
19/09/2019 14:00,0.323,0.011,0.355
19/09/2019 15:00,0.141,0.054,0.144
19/09/2019 16:00,0.07,0.094,0.001
19/09/2019 17:00,0.131,0.131,0.0
19/09/2019 18:00,0.279,0.096,0.0
19/09/2019 19:00,0.471,0.044,0.0
19/09/2019 20:00,0.644,0.011,0.0
19/09/2019 21:00,0.795,0.001,0.0
19/09/2019 22:00,0.874,0.0,0.0
19/09/2019 23:00,0.888,0.0,0.0
20/09/2019 00:00,0.835,0.0,0.0
20/09/2019 01:00,0.665,0.003,0.0
20/09/2019 02:00,0.484,0.041,0.0
20/09/2019 03:00,0.541,0.172,0.0
20/09/2019 04:00,0.635,0.328,0.002
20/09/2019 05:00,0.591,0.42,0.131
20/09/2019 06:00,0.666,0.535,0.346
20/09/2019 07:00,0.802,0.696,0.524
20/09/2019 08:00,0.907,0.807,0.647
20/09/2019 09:00,0.921,0.875,0.718
20/09/2019 10:00,0.91,0.917,0.742
20/09/2019 11:00,0.908,0.936,0.716
20/09/2019 12:00,0.906,0.949,0.642
20/09/2019 13:00,0.893,0.965,0.52
20/09/2019 14:00,0.872,0.976,0.349
20/09/2019 15:00,0.791,0.98,0.141
20/09/2019 16:00,0.786,0.977,0.002
20/09/2019 17:00,0.804,0.971,0.0
20/09/2019 18:00,0.841,0.969,0.0
20/09/2019 19:00,0.851,0.972,0.0
20/09/2019 20:00,0.858,0.972,0.0
20/09/2019 21:00,0.865,0.959,0.0
20/09/2019 22:00,0.874,0.935,0.0
20/09/2019 23:00,0.868,0.893,0.0
21/09/2019 00:00,0.852,0.849,0.0
21/09/2019 01:00,0.84,0.796,0.0
21/09/2019 02:00,0.842,0.728,0.0
21/09/2019 03:00,0.847,0.657,0.0
21/09/2019 04:00,0.837,0.586,0.002
21/09/2019 05:00,0.744,0.513,0.115
21/09/2019 06:00,0.758,0.44,0.302
21/09/2019 07:00,0.969,0.351,0.461
21/09/2019 08:00,0.983,0.261,0.565
21/09/2019 09:00,0.983,0.175,0.616
21/09/2019 10:00,0.981,0.16,0.666
21/09/2019 11:00,0.976,0.134,0.654
21/09/2019 12:00,0.968,0.041,0.617
21/09/2019 13:00,0.959,0.001,0.502
21/09/2019 14:00,0.944,0.001,0.341
21/09/2019 15:00,0.856,0.034,0.137
21/09/2019 16:00,0.695,0.042,0.002
21/09/2019 17:00,0.533,0.022,0.0
21/09/2019 18:00,0.413,0.028,0.0
21/09/2019 19:00,0.316,0.038,0.0
21/09/2019 20:00,0.193,0.042,0.0
21/09/2019 21:00,0.09,0.037,0.0
21/09/2019 22:00,0.034,0.035,0.0
21/09/2019 23:00,0.017,0.031,0.0
22/09/2019 00:00,0.013,0.027,0.0
22/09/2019 01:00,0.017,0.028,0.0
22/09/2019 02:00,0.014,0.043,0.0
22/09/2019 03:00,0.01,0.092,0.0
22/09/2019 04:00,0.01,0.18,0.002
22/09/2019 05:00,0.013,0.259,0.146
22/09/2019 06:00,0.035,0.255,0.384
22/09/2019 07:00,0.167,0.145,0.6
22/09/2019 08:00,0.434,0.057,0.736
22/09/2019 09:00,0.651,0.07,0.806
22/09/2019 10:00,0.729,0.055,0.83
22/09/2019 11:00,0.75,0.011,0.804
22/09/2019 12:00,0.752,0.0,0.733
22/09/2019 13:00,0.71,0.0,0.606
22/09/2019 14:00,0.623,0.008,0.423
22/09/2019 15:00,0.611,0.045,0.191
22/09/2019 16:00,0.635,0.2,0.004
22/09/2019 17:00,0.583,0.341,0.0
22/09/2019 18:00,0.474,0.291,0.0
22/09/2019 19:00,0.42,0.178,0.0
22/09/2019 20:00,0.417,0.093,0.0
22/09/2019 21:00,0.422,0.045,0.0
22/09/2019 22:00,0.382,0.018,0.0
22/09/2019 23:00,0.296,0.006,0.0
23/09/2019 00:00,0.236,0.002,0.0
23/09/2019 01:00,0.181,0.001,0.0
23/09/2019 02:00,0.132,0.0,0.0
23/09/2019 03:00,0.094,0.0,0.0
23/09/2019 04:00,0.079,0.0,0.005
23/09/2019 05:00,0.171,0.0,0.198
23/09/2019 06:00,0.264,0.0,0.447
23/09/2019 07:00,0.274,0.001,0.64
23/09/2019 08:00,0.279,0.0,0.768
23/09/2019 09:00,0.274,0.0,0.835
23/09/2019 10:00,0.278,0.003,0.849
23/09/2019 11:00,0.299,0.004,0.814
23/09/2019 12:00,0.352,0.003,0.729
23/09/2019 13:00,0.408,0.009,0.595
23/09/2019 14:00,0.484,0.046,0.408
23/09/2019 15:00,0.583,0.106,0.178
23/09/2019 16:00,0.555,0.115,0.004
23/09/2019 17:00,0.498,0.112,0.0
23/09/2019 18:00,0.408,0.084,0.0
23/09/2019 19:00,0.346,0.045,0.0
23/09/2019 20:00,0.295,0.016,0.0
23/09/2019 21:00,0.247,0.007,0.0
23/09/2019 22:00,0.199,0.006,0.0
23/09/2019 23:00,0.151,0.003,0.0
24/09/2019 00:00,0.108,0.001,0.0
24/09/2019 01:00,0.068,0.0,0.0
24/09/2019 02:00,0.034,0.0,0.0
24/09/2019 03:00,0.014,0.0,0.0
24/09/2019 04:00,0.015,0.0,0.006
24/09/2019 05:00,0.0,0.765,0.192
24/09/2019 06:00,0.015,0.002,0.432
24/09/2019 07:00,0.061,0.002,0.62
24/09/2019 08:00,0.128,0.001,0.746
24/09/2019 09:00,0.16,0.001,0.813
24/09/2019 10:00,0.238,0.003,0.833
24/09/2019 11:00,0.502,0.005,0.804
24/09/2019 12:00,0.622,0.006,0.726
24/09/2019 13:00,0.626,0.015,0.596
24/09/2019 14:00,0.635,0.046,0.413
24/09/2019 15:00,0.687,0.093,0.185
24/09/2019 16:00,0.697,0.155,0.004
24/09/2019 17:00,0.668,0.201,0.0
24/09/2019 18:00,0.603,0.13,0.0
24/09/2019 19:00,0.523,0.029,0.0
24/09/2019 20:00,0.551,0.001,0.0
24/09/2019 21:00,0.566,0.001,0.0
24/09/2019 22:00,0.531,0.015,0.0
24/09/2019 23:00,0.484,0.074,0.0
25/09/2019 00:00,0.459,0.163,0.0
25/09/2019 01:00,0.422,0.256,0.0
25/09/2019 02:00,0.37,0.355,0.0
25/09/2019 03:00,0.355,0.407,0.0
25/09/2019 04:00,0.341,0.509,0.007
25/09/2019 05:00,0.447,0.7,0.206
25/09/2019 06:00,0.494,0.826,0.452
25/09/2019 07:00,0.567,0.905,0.641
25/09/2019 08:00,0.644,0.956,0.766
25/09/2019 09:00,0.655,0.977,0.833
25/09/2019 10:00,0.633,0.986,0.849
25/09/2019 11:00,0.613,0.989,0.818
25/09/2019 12:00,0.613,0.99,0.738
25/09/2019 13:00,0.621,0.99,0.609
25/09/2019 14:00,0.616,0.987,0.424
25/09/2019 15:00,0.544,0.984,0.192
25/09/2019 16:00,0.479,0.975,0.005
25/09/2019 17:00,0.447,0.966,0.0
25/09/2019 18:00,0.37,0.953,0.0
25/09/2019 19:00,0.297,0.936,0.0
25/09/2019 20:00,0.245,0.927,0.0
25/09/2019 21:00,0.218,0.928,0.0
25/09/2019 22:00,0.218,0.937,0.0
25/09/2019 23:00,0.226,0.939,0.0
26/09/2019 00:00,0.245,0.94,0.0
26/09/2019 01:00,0.3,0.948,0.0
26/09/2019 02:00,0.413,0.952,0.0
26/09/2019 03:00,0.58,0.958,0.0
26/09/2019 04:00,0.633,0.961,0.007
26/09/2019 05:00,0.454,0.962,0.193
26/09/2019 06:00,0.347,0.963,0.43
26/09/2019 07:00,0.163,0.966,0.608
26/09/2019 08:00,0.05,0.979,0.729
26/09/2019 09:00,0.014,0.984,0.797
26/09/2019 10:00,0.002,0.984,0.817
26/09/2019 11:00,0.981,0.144,0.789
26/09/2019 12:00,0.974,0.122,0.716
26/09/2019 13:00,0.964,0.126,0.589
26/09/2019 14:00,0.002,0.951,0.408
26/09/2019 15:00,0.008,0.932,0.181
26/09/2019 16:00,0.007,0.903,0.005
26/09/2019 17:00,0.002,0.861,0.0
26/09/2019 18:00,0.014,0.796,0.0
26/09/2019 19:00,0.06,0.724,0.0
26/09/2019 20:00,0.131,0.663,0.0
26/09/2019 21:00,0.204,0.602,0.0
26/09/2019 22:00,0.289,0.556,0.0
26/09/2019 23:00,0.374,0.507,0.0
27/09/2019 00:00,0.441,0.458,0.0
27/09/2019 01:00,0.488,0.425,0.0
27/09/2019 02:00,0.523,0.407,0.0
27/09/2019 03:00,0.556,0.379,0.0
27/09/2019 04:00,0.562,0.347,0.007
27/09/2019 05:00,0.377,0.316,0.197
27/09/2019 06:00,0.184,0.291,0.434
27/09/2019 07:00,0.069,0.249,0.611
27/09/2019 08:00,0.039,0.227,0.73
27/09/2019 09:00,0.037,0.217,0.8
27/09/2019 10:00,0.043,0.213,0.819
27/09/2019 11:00,0.054,0.213,0.793
27/09/2019 12:00,0.068,0.208,0.719
27/09/2019 13:00,0.083,0.209,0.59
27/09/2019 14:00,0.094,0.225,0.399
27/09/2019 15:00,0.096,0.248,0.169
27/09/2019 16:00,0.075,0.254,0.005
27/09/2019 17:00,0.04,0.228,0.0
27/09/2019 18:00,0.014,0.181,0.0
27/09/2019 19:00,0.009,0.125,0.0
27/09/2019 20:00,0.011,0.071,0.0
27/09/2019 21:00,0.011,0.034,0.0
27/09/2019 22:00,0.013,0.013,0.0
27/09/2019 23:00,0.02,0.008,0.0
28/09/2019 00:00,0.035,0.011,0.0
28/09/2019 01:00,0.061,0.029,0.0
28/09/2019 02:00,0.093,0.06,0.0
28/09/2019 03:00,0.121,0.093,0.0
28/09/2019 04:00,0.154,0.14,0.008
28/09/2019 05:00,0.115,0.201,0.194
28/09/2019 06:00,0.035,0.254,0.428
28/09/2019 07:00,0.058,0.257,0.604
28/09/2019 08:00,0.061,0.267,0.724
28/09/2019 09:00,0.094,0.278,0.791
28/09/2019 10:00,0.165,0.29,0.804
28/09/2019 11:00,0.27,0.341,0.755
28/09/2019 12:00,0.38,0.432,0.631
28/09/2019 13:00,0.447,0.55,0.431
28/09/2019 14:00,0.45,0.658,0.233
28/09/2019 15:00,0.274,0.737,0.099
28/09/2019 16:00,0.115,0.778,0.005
28/09/2019 17:00,0.073,0.803,0.0
28/09/2019 18:00,0.139,0.79,0.0
28/09/2019 19:00,0.232,0.759,0.0
28/09/2019 20:00,0.328,0.75,0.0
28/09/2019 21:00,0.421,0.759,0.0
28/09/2019 22:00,0.547,0.77,0.0
28/09/2019 23:00,0.68,0.777,0.0
29/09/2019 00:00,0.739,0.767,0.0
29/09/2019 01:00,0.768,0.756,0.0
29/09/2019 02:00,0.772,0.721,0.0
29/09/2019 03:00,0.766,0.681,0.0
29/09/2019 04:00,0.757,0.628,0.005
29/09/2019 05:00,0.715,0.577,0.137
29/09/2019 06:00,0.857,0.512,0.358
29/09/2019 07:00,0.96,0.422,0.537
29/09/2019 08:00,0.968,0.379,0.66
29/09/2019 09:00,0.967,0.311,0.749
29/09/2019 10:00,0.97,0.238,0.76
29/09/2019 11:00,0.974,0.179,0.721
29/09/2019 12:00,0.971,0.133,0.596
29/09/2019 13:00,0.952,0.106,0.511
29/09/2019 14:00,0.878,0.102,0.344
29/09/2019 15:00,0.511,0.114,0.152
29/09/2019 16:00,0.388,0.133,0.005
29/09/2019 17:00,0.464,0.144,0.0
29/09/2019 18:00,0.523,0.146,0.0
29/09/2019 19:00,0.519,0.126,0.0
29/09/2019 20:00,0.527,0.077,0.0
29/09/2019 21:00,0.571,0.031,0.0
29/09/2019 22:00,0.552,0.004,0.0
29/09/2019 23:00,0.179,0.0,0.0
30/09/2019 00:00,0.088,0.0,0.0
30/09/2019 01:00,0.077,0.0,0.0
30/09/2019 02:00,0.13,0.0,0.0
30/09/2019 03:00,0.256,0.0,0.0
30/09/2019 04:00,0.491,0.002,0.004
30/09/2019 05:00,0.658,0.006,0.128
30/09/2019 06:00,0.618,0.011,0.359
30/09/2019 07:00,0.524,0.013,0.585
30/09/2019 08:00,0.448,0.008,0.741
30/09/2019 09:00,0.393,0.013,0.821
30/09/2019 10:00,0.363,0.049,0.845
30/09/2019 11:00,0.379,0.069,0.818
30/09/2019 12:00,0.422,0.112,0.741
30/09/2019 13:00,0.47,0.237,0.612
30/09/2019 14:00,0.497,0.462,0.427
30/09/2019 15:00,0.476,0.635,0.194
30/09/2019 16:00,0.355,0.676,0.006
30/09/2019 17:00,0.278,0.655,0.0
30/09/2019 18:00,0.234,0.601,0.0
30/09/2019 19:00,0.175,0.523,0.0
30/09/2019 20:00,0.145,0.463,0.0
30/09/2019 21:00,0.149,0.41,0.0
30/09/2019 22:00,0.182,0.347,0.0
30/09/2019 23:00,0.208,0.302,0.0
01/10/2019 00:00,0.172,0.328,0.0
01/10/2019 01:00,0.135,0.44,0.0
01/10/2019 02:00,0.118,0.61,0.0
01/10/2019 03:00,0.085,0.771,0.0
01/10/2019 04:00,0.061,0.864,0.01
01/10/2019 05:00,0.051,0.913,0.202
01/10/2019 06:00,0.038,0.933,0.438
01/10/2019 07:00,0.025,0.941,0.624
01/10/2019 08:00,0.018,0.964,0.751
01/10/2019 09:00,0.009,0.97,0.82
01/10/2019 10:00,0.009,0.97,0.841
01/10/2019 11:00,0.025,0.97,0.813
01/10/2019 12:00,0.077,0.968,0.736
01/10/2019 13:00,0.133,0.97,0.606
01/10/2019 14:00,0.214,0.973,0.422
01/10/2019 15:00,0.358,0.975,0.191
01/10/2019 16:00,0.468,0.973,0.006
01/10/2019 17:00,0.406,0.968,0.0
01/10/2019 18:00,0.34,0.963,0.0
01/10/2019 19:00,0.291,0.967,0.0
01/10/2019 20:00,0.289,0.972,0.0
01/10/2019 21:00,0.243,0.972,0.0
01/10/2019 22:00,0.187,0.96,0.0
01/10/2019 23:00,0.155,0.954,0.0
02/10/2019 00:00,0.17,0.955,0.0
02/10/2019 01:00,0.27,0.954,0.0
02/10/2019 02:00,0.466,0.948,0.0
02/10/2019 03:00,0.599,0.947,0.0
02/10/2019 04:00,0.599,0.946,0.011
02/10/2019 05:00,0.685,0.942,0.207
02/10/2019 06:00,0.824,0.943,0.44
02/10/2019 07:00,0.762,0.949,0.614
02/10/2019 08:00,0.706,0.96,0.736
02/10/2019 09:00,0.69,0.959,0.805
02/10/2019 10:00,0.697,0.946,0.823
02/10/2019 11:00,0.706,0.929,0.794
02/10/2019 12:00,0.697,0.918,0.718
02/10/2019 13:00,0.683,0.914,0.59
02/10/2019 14:00,0.668,0.918,0.41
02/10/2019 15:00,0.619,0.924,0.185
02/10/2019 16:00,0.63,0.933,0.006
02/10/2019 17:00,0.71,0.937,0.0
02/10/2019 18:00,0.758,0.931,0.0
02/10/2019 19:00,0.791,0.925,0.0
02/10/2019 20:00,0.815,0.92,0.0
02/10/2019 21:00,0.804,0.915,0.0
02/10/2019 22:00,0.808,0.899,0.0
02/10/2019 23:00,0.835,0.859,0.0
03/10/2019 00:00,0.859,0.813,0.0
03/10/2019 01:00,0.874,0.777,0.0
03/10/2019 02:00,0.884,0.747,0.0
03/10/2019 03:00,0.87,0.701,0.0
03/10/2019 04:00,0.85,0.653,0.011
03/10/2019 05:00,0.806,0.659,0.203
03/10/2019 06:00,0.92,0.649,0.433
03/10/2019 07:00,0.958,0.653,0.608
03/10/2019 08:00,0.947,0.842,0.726
03/10/2019 09:00,0.936,0.875,0.79
03/10/2019 10:00,0.933,0.887,0.805
03/10/2019 11:00,0.931,0.875,0.776
03/10/2019 12:00,0.926,0.844,0.701
03/10/2019 13:00,0.913,0.818,0.573
03/10/2019 14:00,0.873,0.819,0.392
03/10/2019 15:00,0.712,0.833,0.167
03/10/2019 16:00,0.436,0.824,0.006
03/10/2019 17:00,0.27,0.781,0.0
03/10/2019 18:00,0.135,0.692,0.0
03/10/2019 19:00,0.044,0.635,0.0
03/10/2019 20:00,0.169,0.637,0.0
03/10/2019 21:00,0.379,0.629,0.0
03/10/2019 22:00,0.523,0.595,0.0
03/10/2019 23:00,0.601,0.561,0.0
04/10/2019 00:00,0.633,0.509,0.0
04/10/2019 01:00,0.603,0.427,0.0
04/10/2019 02:00,0.528,0.344,0.0
04/10/2019 03:00,0.461,0.295,0.0
04/10/2019 04:00,0.352,0.261,0.012
04/10/2019 05:00,0.169,0.227,0.214
04/10/2019 06:00,0.269,0.194,0.454
04/10/2019 07:00,0.494,0.134,0.632
04/10/2019 08:00,0.593,0.114,0.754
04/10/2019 09:00,0.619,0.099,0.822
04/10/2019 10:00,0.592,0.086,0.838
04/10/2019 11:00,0.535,0.068,0.806
04/10/2019 12:00,0.469,0.057,0.728
04/10/2019 13:00,0.401,0.07,0.598
04/10/2019 14:00,0.286,0.106,0.415
04/10/2019 15:00,0.096,0.213,0.187
04/10/2019 16:00,0.019,0.334,0.005
04/10/2019 17:00,0.009,0.447,0.0
04/10/2019 18:00,0.01,0.474,0.0
04/10/2019 19:00,0.013,0.355,0.0
04/10/2019 20:00,0.013,0.235,0.0
04/10/2019 21:00,0.017,0.138,0.0
04/10/2019 22:00,0.032,0.06,0.0
04/10/2019 23:00,0.059,0.012,0.0
05/10/2019 00:00,0.096,0.001,0.0
05/10/2019 01:00,0.148,0.0,0.0
05/10/2019 02:00,0.207,0.002,0.0
05/10/2019 03:00,0.277,0.01,0.0
05/10/2019 04:00,0.347,0.017,0.012
05/10/2019 05:00,0.245,0.022,0.207
05/10/2019 06:00,0.218,0.036,0.437
05/10/2019 07:00,0.343,0.04,0.609
05/10/2019 08:00,0.422,0.021,0.725
05/10/2019 09:00,0.471,0.012,0.791
05/10/2019 10:00,0.487,0.008,0.808
05/10/2019 11:00,0.469,0.013,0.778
05/10/2019 12:00,0.444,0.037,0.699
05/10/2019 13:00,0.422,0.073,0.569
05/10/2019 14:00,0.391,0.124,0.389
05/10/2019 15:00,0.284,0.171,0.17
05/10/2019 16:00,0.274,0.183,0.006
05/10/2019 17:00,0.334,0.157,0.0
05/10/2019 18:00,0.428,0.118,0.0
05/10/2019 19:00,0.526,0.08,0.0
05/10/2019 20:00,0.615,0.053,0.0
05/10/2019 21:00,0.657,0.03,0.0
05/10/2019 22:00,0.672,0.019,0.0
05/10/2019 23:00,0.697,0.021,0.0
06/10/2019 00:00,0.713,0.033,0.0
06/10/2019 01:00,0.701,0.055,0.0
06/10/2019 02:00,0.691,0.088,0.0
06/10/2019 03:00,0.729,0.116,0.0
06/10/2019 04:00,0.772,0.1,0.011
06/10/2019 05:00,0.652,0.05,0.162
06/10/2019 06:00,0.705,0.02,0.361
06/10/2019 07:00,0.901,0.004,0.511
06/10/2019 08:00,0.952,0.0,0.615
06/10/2019 09:00,0.964,0.0,0.706
06/10/2019 10:00,0.963,0.0,0.717
06/10/2019 11:00,0.956,0.0,0.692
06/10/2019 12:00,0.938,0.0,0.623
06/10/2019 13:00,0.901,0.017,0.518
06/10/2019 14:00,0.787,0.077,0.341
06/10/2019 15:00,0.472,0.143,0.144
06/10/2019 16:00,0.425,0.185,0.008
06/10/2019 17:00,0.466,0.207,0.0
06/10/2019 18:00,0.24,0.197,0.0
06/10/2019 19:00,0.067,0.155,0.0
06/10/2019 20:00,0.22,0.13,0.0
06/10/2019 21:00,0.466,0.118,0.0
06/10/2019 22:00,0.584,0.099,0.0
06/10/2019 23:00,0.644,0.067,0.0
07/10/2019 00:00,0.7,0.034,0.0
07/10/2019 01:00,0.737,0.015,0.0
07/10/2019 02:00,0.726,0.011,0.0
07/10/2019 03:00,0.718,0.012,0.0
07/10/2019 04:00,0.777,0.018,0.013
07/10/2019 05:00,0.799,0.02,0.191
07/10/2019 06:00,0.922,0.016,0.441
07/10/2019 07:00,0.99,0.004,0.633
07/10/2019 08:00,0.986,0.0,0.759
07/10/2019 09:00,0.986,0.0,0.829
07/10/2019 10:00,0.991,0.0,0.847
07/10/2019 11:00,0.989,0.0,0.816
07/10/2019 12:00,0.983,0.024,0.736
07/10/2019 13:00,0.97,0.089,0.605
07/10/2019 14:00,0.885,0.153,0.416
07/10/2019 15:00,0.745,0.178,0.156
07/10/2019 16:00,0.657,0.177,0.007
07/10/2019 17:00,0.441,0.167,0.0
07/10/2019 18:00,0.247,0.157,0.0
07/10/2019 19:00,0.114,0.141,0.0
07/10/2019 20:00,0.052,0.118,0.0
07/10/2019 21:00,0.025,0.08,0.0
07/10/2019 22:00,0.009,0.041,0.0
07/10/2019 23:00,0.005,0.018,0.0
08/10/2019 00:00,0.004,0.019,0.0
08/10/2019 01:00,0.004,0.061,0.0
08/10/2019 02:00,0.011,0.123,0.0
08/10/2019 03:00,0.023,0.155,0.0
08/10/2019 04:00,0.028,0.149,0.014
08/10/2019 05:00,0.116,0.195,0.203
08/10/2019 06:00,0.089,0.253,0.424
08/10/2019 07:00,0.075,0.302,0.599
08/10/2019 08:00,0.064,0.685,0.72
08/10/2019 09:00,0.049,0.657,0.786
08/10/2019 10:00,0.062,0.578,0.803
08/10/2019 11:00,0.093,0.55,0.774
08/10/2019 12:00,0.13,0.519,0.7
08/10/2019 13:00,0.012,0.193,0.575
08/10/2019 14:00,0.026,0.343,0.397
08/10/2019 15:00,0.036,0.477,0.178
08/10/2019 16:00,0.042,0.476,0.007
08/10/2019 17:00,0.026,0.442,0.0
08/10/2019 18:00,0.046,0.432,0.0
08/10/2019 19:00,0.128,0.394,0.0
08/10/2019 20:00,0.266,0.367,0.0
08/10/2019 21:00,0.4,0.349,0.0
08/10/2019 22:00,0.459,0.34,0.0
08/10/2019 23:00,0.472,0.334,0.0
09/10/2019 00:00,0.378,0.321,0.0
09/10/2019 01:00,0.192,0.325,0.0
09/10/2019 02:00,0.072,0.362,0.0
09/10/2019 03:00,0.022,0.404,0.0
09/10/2019 04:00,0.009,0.45,0.015
09/10/2019 05:00,0.004,0.519,0.205
09/10/2019 06:00,0.005,0.599,0.428
09/10/2019 07:00,0.682,0.592,0.603
09/10/2019 08:00,0.725,0.529,0.719
09/10/2019 09:00,0.746,0.481,0.786
09/10/2019 10:00,0.001,0.763,0.805
09/10/2019 11:00,0.035,0.789,0.765
09/10/2019 12:00,0.237,0.84,0.651
09/10/2019 13:00,0.425,0.892,0.496
09/10/2019 14:00,0.6,0.915,0.331
09/10/2019 15:00,0.686,0.906,0.154
09/10/2019 16:00,0.774,0.873,0.009
09/10/2019 17:00,0.785,0.827,0.0
09/10/2019 18:00,0.789,0.788,0.0
09/10/2019 19:00,0.753,0.771,0.0
09/10/2019 20:00,0.69,0.751,0.0
09/10/2019 21:00,0.626,0.727,0.0
09/10/2019 22:00,0.561,0.691,0.0
09/10/2019 23:00,0.51,0.652,0.0
10/10/2019 00:00,0.442,0.639,0.0
10/10/2019 01:00,0.382,0.66,0.0
10/10/2019 02:00,0.329,0.689,0.0
10/10/2019 03:00,0.292,0.702,0.0
10/10/2019 04:00,0.328,0.707,0.014
10/10/2019 05:00,0.425,0.72,0.143
10/10/2019 06:00,0.469,0.737,0.33
10/10/2019 07:00,0.466,0.758,0.548
10/10/2019 08:00,0.403,0.795,0.721
10/10/2019 09:00,0.313,0.795,0.826
10/10/2019 10:00,0.249,0.77,0.849
10/10/2019 11:00,0.209,0.726,0.817
10/10/2019 12:00,0.177,0.674,0.731
10/10/2019 13:00,0.169,0.622,0.594
10/10/2019 14:00,0.252,0.589,0.402
10/10/2019 15:00,0.425,0.574,0.183
10/10/2019 16:00,0.488,0.578,0.006
10/10/2019 17:00,0.379,0.595,0.0
10/10/2019 18:00,0.261,0.599,0.0
10/10/2019 19:00,0.19,0.595,0.0
10/10/2019 20:00,0.139,0.587,0.0
10/10/2019 21:00,0.093,0.55,0.0
10/10/2019 22:00,0.054,0.494,0.0
10/10/2019 23:00,0.069,0.414,0.0
11/10/2019 00:00,0.147,0.351,0.0
11/10/2019 01:00,0.285,0.319,0.0
11/10/2019 02:00,0.464,0.297,0.0
11/10/2019 03:00,0.624,0.287,0.0
11/10/2019 04:00,0.639,0.294,0.016
11/10/2019 05:00,0.521,0.3,0.223
11/10/2019 06:00,0.63,0.297,0.448
11/10/2019 07:00,0.644,0.291,0.615
11/10/2019 08:00,0.619,0.341,0.727
11/10/2019 09:00,0.562,0.369,0.789
11/10/2019 10:00,0.476,0.379,0.802
11/10/2019 11:00,0.386,0.383,0.77
11/10/2019 12:00,0.308,0.426,0.694
11/10/2019 13:00,0.239,0.458,0.567
11/10/2019 14:00,0.179,0.471,0.39
11/10/2019 15:00,0.1,0.501,0.172
11/10/2019 16:00,0.03,0.547,0.008
11/10/2019 17:00,0.01,0.65,0.0
11/10/2019 18:00,0.032,0.708,0.0
11/10/2019 19:00,0.091,0.723,0.0
11/10/2019 20:00,0.19,0.741,0.0
11/10/2019 21:00,0.327,0.707,0.0
11/10/2019 22:00,0.488,0.675,0.0
11/10/2019 23:00,0.63,0.582,0.0
12/10/2019 00:00,0.732,0.431,0.0
12/10/2019 01:00,0.795,0.362,0.0
12/10/2019 02:00,0.809,0.319,0.0
12/10/2019 03:00,0.812,0.302,0.0
12/10/2019 04:00,0.789,0.245,0.016
12/10/2019 05:00,0.748,0.261,0.202
12/10/2019 06:00,0.924,0.305,0.418
12/10/2019 07:00,0.946,0.272,0.584
12/10/2019 08:00,0.952,0.156,0.698
12/10/2019 09:00,0.943,0.121,0.762
12/10/2019 10:00,0.925,0.072,0.781
12/10/2019 11:00,0.887,0.044,0.755
12/10/2019 12:00,0.809,0.014,0.684
12/10/2019 13:00,0.695,0.005,0.562
12/10/2019 14:00,0.563,0.04,0.388
12/10/2019 15:00,0.533,0.145,0.173
12/10/2019 16:00,0.529,0.246,0.008
12/10/2019 17:00,0.435,0.27,0.0
12/10/2019 18:00,0.369,0.278,0.0
12/10/2019 19:00,0.267,0.22,0.0
12/10/2019 20:00,0.193,0.149,0.0
12/10/2019 21:00,0.145,0.115,0.0
12/10/2019 22:00,0.107,0.13,0.0
12/10/2019 23:00,0.08,0.198,0.0
13/10/2019 00:00,0.069,0.3,0.0
13/10/2019 01:00,0.065,0.513,0.0
13/10/2019 02:00,0.067,0.757,0.0
13/10/2019 03:00,0.074,0.812,0.0
13/10/2019 04:00,0.089,0.828,0.017
13/10/2019 05:00,0.084,0.844,0.214
13/10/2019 06:00,0.062,0.89,0.44
13/10/2019 07:00,0.059,0.906,0.616
13/10/2019 08:00,0.035,0.88,0.73
13/10/2019 09:00,0.019,0.829,0.793
13/10/2019 10:00,0.027,0.696,0.809
13/10/2019 11:00,0.064,0.534,0.78
13/10/2019 12:00,0.161,0.422,0.705
13/10/2019 13:00,0.223,0.324,0.581
13/10/2019 14:00,0.337,0.307,0.404
13/10/2019 15:00,0.522,0.334,0.181
13/10/2019 16:00,0.619,0.318,0.007
13/10/2019 17:00,0.592,0.264,0.0
13/10/2019 18:00,0.532,0.201,0.0
13/10/2019 19:00,0.469,0.129,0.0
13/10/2019 20:00,0.422,0.08,0.0
13/10/2019 21:00,0.38,0.049,0.0
13/10/2019 22:00,0.364,0.016,0.0
13/10/2019 23:00,0.346,0.002,0.0
14/10/2019 00:00,0.352,0.0,0.0
14/10/2019 01:00,0.356,0.0,0.0
14/10/2019 02:00,0.398,0.0,0.0
14/10/2019 03:00,0.488,0.0,0.0
14/10/2019 04:00,0.544,0.001,0.017
14/10/2019 05:00,0.444,0.01,0.205
14/10/2019 06:00,0.645,0.036,0.42
14/10/2019 07:00,0.769,0.07,0.58
14/10/2019 08:00,0.803,0.102,0.692
14/10/2019 09:00,0.829,0.105,0.754
14/10/2019 10:00,0.847,0.074,0.77
14/10/2019 11:00,0.86,0.068,0.742
14/10/2019 12:00,0.872,0.103,0.662
14/10/2019 13:00,0.88,0.145,0.523
14/10/2019 14:00,0.876,0.16,0.359
14/10/2019 15:00,0.793,0.187,0.164
14/10/2019 16:00,0.664,0.281,0.01
14/10/2019 17:00,0.663,0.418,0.0
14/10/2019 18:00,0.718,0.54,0.0
14/10/2019 19:00,0.588,0.525,0.0
14/10/2019 20:00,0.351,0.413,0.0
14/10/2019 21:00,0.312,0.267,0.0
14/10/2019 22:00,0.262,0.122,0.0
14/10/2019 23:00,0.154,0.028,0.0
15/10/2019 00:00,0.055,0.003,0.0
15/10/2019 01:00,0.03,0.001,0.0
15/10/2019 02:00,0.02,0.002,0.0
15/10/2019 03:00,0.084,0.011,0.0
15/10/2019 04:00,0.281,0.035,0.015
15/10/2019 05:00,0.272,0.069,0.149
15/10/2019 06:00,0.118,0.107,0.359
15/10/2019 07:00,0.039,0.123,0.568
15/10/2019 08:00,0.018,0.159,0.71
15/10/2019 09:00,0.025,0.214,0.781
15/10/2019 10:00,0.063,0.264,0.799
15/10/2019 11:00,0.088,0.32,0.769
15/10/2019 12:00,0.084,0.357,0.694
15/10/2019 13:00,0.075,0.367,0.57
15/10/2019 14:00,0.096,0.355,0.394
15/10/2019 15:00,0.199,0.318,0.176
15/10/2019 16:00,0.425,0.253,0.009
15/10/2019 17:00,0.481,0.184,0.0
15/10/2019 18:00,0.365,0.128,0.0
15/10/2019 19:00,0.251,0.092,0.0
15/10/2019 20:00,0.196,0.058,0.0
15/10/2019 21:00,0.163,0.035,0.0
15/10/2019 22:00,0.124,0.026,0.0
15/10/2019 23:00,0.099,0.025,0.0
16/10/2019 00:00,0.083,0.033,0.0
16/10/2019 01:00,0.076,0.047,0.0
16/10/2019 02:00,0.079,0.068,0.0
16/10/2019 03:00,0.102,0.101,0.0
16/10/2019 04:00,0.142,0.151,0.019
16/10/2019 05:00,0.084,0.22,0.208
16/10/2019 06:00,0.017,0.289,0.421
16/10/2019 07:00,0.026,0.333,0.585
16/10/2019 08:00,0.037,0.532,0.691
16/10/2019 09:00,0.039,0.635,0.753
16/10/2019 10:00,0.038,0.623,0.768
16/10/2019 11:00,0.035,0.6,0.739
16/10/2019 12:00,0.031,0.566,0.667
16/10/2019 13:00,0.023,0.52,0.546
16/10/2019 14:00,0.017,0.467,0.375
16/10/2019 15:00,0.032,0.458,0.166
16/10/2019 16:00,0.108,0.56,0.01
16/10/2019 17:00,0.186,0.69,0.0
16/10/2019 18:00,0.233,0.697,0.0
16/10/2019 19:00,0.251,0.579,0.0
16/10/2019 20:00,0.245,0.41,0.0
16/10/2019 21:00,0.25,0.241,0.0
16/10/2019 22:00,0.275,0.116,0.0
16/10/2019 23:00,0.338,0.044,0.0
17/10/2019 00:00,0.444,0.011,0.0
17/10/2019 01:00,0.558,0.001,0.0
17/10/2019 02:00,0.651,0.001,0.0
17/10/2019 03:00,0.697,0.004,0.0
17/10/2019 04:00,0.657,0.021,0.019
17/10/2019 05:00,0.426,0.044,0.163
17/10/2019 06:00,0.379,0.045,0.351
17/10/2019 07:00,0.352,0.032,0.541
17/10/2019 08:00,0.339,0.021,0.667
17/10/2019 09:00,0.348,0.017,0.731
17/10/2019 10:00,0.355,0.017,0.749
17/10/2019 11:00,0.348,0.028,0.718
17/10/2019 12:00,0.34,0.057,0.639
17/10/2019 13:00,0.331,0.062,0.476
17/10/2019 14:00,0.325,0.103,0.283
17/10/2019 15:00,0.312,0.168,0.108
17/10/2019 16:00,0.325,0.187,0.013
17/10/2019 17:00,0.311,0.175,0.0
17/10/2019 18:00,0.173,0.157,0.0
17/10/2019 19:00,0.155,0.101,0.0
17/10/2019 20:00,0.137,0.045,0.0
17/10/2019 21:00,0.084,0.023,0.0
17/10/2019 22:00,0.026,0.03,0.0
17/10/2019 23:00,0.006,0.073,0.0
18/10/2019 00:00,0.004,0.137,0.0
18/10/2019 01:00,0.008,0.18,0.0
18/10/2019 02:00,0.02,0.21,0.0
18/10/2019 03:00,0.041,0.285,0.0
18/10/2019 04:00,0.054,0.358,0.011
18/10/2019 05:00,0.048,0.378,0.085
18/10/2019 06:00,0.12,0.425,0.186
18/10/2019 07:00,0.192,0.367,0.274
18/10/2019 08:00,0.308,0.323,0.371
18/10/2019 09:00,0.413,0.289,0.539
18/10/2019 10:00,0.468,0.264,0.589
18/10/2019 11:00,0.49,0.241,0.621
18/10/2019 12:00,0.481,0.217,0.457
18/10/2019 13:00,0.415,0.155,0.311
18/10/2019 14:00,0.294,0.096,0.206
18/10/2019 15:00,0.265,0.076,0.089
18/10/2019 16:00,0.347,0.102,0.01
18/10/2019 17:00,0.305,0.114,0.0
18/10/2019 18:00,0.155,0.125,0.0
18/10/2019 19:00,0.068,0.103,0.0
18/10/2019 20:00,0.017,0.073,0.0
18/10/2019 21:00,0.005,0.034,0.0
18/10/2019 22:00,0.003,0.018,0.0
18/10/2019 23:00,0.004,0.009,0.0
19/10/2019 00:00,0.002,0.003,0.0
19/10/2019 01:00,0.003,0.003,0.0
19/10/2019 02:00,0.029,0.003,0.0
19/10/2019 03:00,0.122,0.002,0.0
19/10/2019 04:00,0.207,0.001,0.02
19/10/2019 05:00,0.227,0.0,0.198
19/10/2019 06:00,0.337,0.0,0.402
19/10/2019 07:00,0.444,0.0,0.566
19/10/2019 08:00,0.541,0.0,0.681
19/10/2019 09:00,0.635,0.001,0.747
19/10/2019 10:00,0.708,0.017,0.767
19/10/2019 11:00,0.706,0.076,0.743
19/10/2019 12:00,0.657,0.172,0.673
19/10/2019 13:00,0.586,0.334,0.553
19/10/2019 14:00,0.435,0.506,0.382
19/10/2019 15:00,0.266,0.618,0.169
19/10/2019 16:00,0.205,0.672,0.012
19/10/2019 17:00,0.208,0.706,0.0
19/10/2019 18:00,0.144,0.696,0.0
19/10/2019 19:00,0.049,0.635,0.0
19/10/2019 20:00,0.013,0.601,0.0
19/10/2019 21:00,0.01,0.628,0.0
19/10/2019 22:00,0.044,0.677,0.0
19/10/2019 23:00,0.16,0.727,0.0
20/10/2019 00:00,0.367,0.765,0.0
20/10/2019 01:00,0.556,0.798,0.0
20/10/2019 02:00,0.621,0.839,0.0
20/10/2019 03:00,0.568,0.867,0.0
20/10/2019 04:00,0.425,0.865,0.021
20/10/2019 05:00,0.305,0.824,0.189
20/10/2019 06:00,0.599,0.772,0.391
20/10/2019 07:00,0.762,0.774,0.566
20/10/2019 08:00,0.864,0.847,0.69
20/10/2019 09:00,0.92,0.877,0.76
20/10/2019 10:00,0.947,0.869,0.777
20/10/2019 11:00,0.961,0.822,0.752
20/10/2019 12:00,0.97,0.763,0.682
20/10/2019 13:00,0.973,0.744,0.562
20/10/2019 14:00,0.967,0.717,0.389
20/10/2019 15:00,0.926,0.638,0.173
20/10/2019 16:00,0.737,0.514,0.011
20/10/2019 17:00,0.523,0.357,0.0
20/10/2019 18:00,0.338,0.243,0.0
20/10/2019 19:00,0.259,0.196,0.0
20/10/2019 20:00,0.136,0.158,0.0
20/10/2019 21:00,0.047,0.128,0.0
20/10/2019 22:00,0.045,0.077,0.0
20/10/2019 23:00,0.072,0.019,0.0
21/10/2019 00:00,0.112,0.004,0.0
21/10/2019 01:00,0.156,0.004,0.0
21/10/2019 02:00,0.157,0.006,0.0
21/10/2019 03:00,0.104,0.008,0.0
21/10/2019 04:00,0.08,0.009,0.022
21/10/2019 05:00,0.231,0.008,0.222
21/10/2019 06:00,0.499,0.005,0.441
21/10/2019 07:00,0.677,0.001,0.615
21/10/2019 08:00,0.764,0.002,0.734
21/10/2019 09:00,0.823,0.001,0.799
21/10/2019 10:00,0.872,0.0,0.816
21/10/2019 11:00,0.896,0.0,0.786
21/10/2019 12:00,0.901,0.0,0.71
21/10/2019 13:00,0.906,0.001,0.584
21/10/2019 14:00,0.897,0.012,0.404
21/10/2019 15:00,0.866,0.041,0.18
21/10/2019 16:00,0.788,0.121,0.01
21/10/2019 17:00,0.672,0.211,0.0
21/10/2019 18:00,0.513,0.221,0.0
21/10/2019 19:00,0.37,0.171,0.0
21/10/2019 20:00,0.274,0.115,0.0
21/10/2019 21:00,0.201,0.076,0.0
21/10/2019 22:00,0.127,0.04,0.0
21/10/2019 23:00,0.079,0.022,0.0
22/10/2019 00:00,0.064,0.02,0.0
22/10/2019 01:00,0.07,0.016,0.0
22/10/2019 02:00,0.08,0.008,0.0
22/10/2019 03:00,0.08,0.003,0.0
22/10/2019 04:00,0.072,0.001,0.024
22/10/2019 05:00,0.04,0.001,0.223
22/10/2019 06:00,0.013,0.001,0.445
22/10/2019 07:00,0.001,0.476,0.619
22/10/2019 08:00,0.009,0.003,0.733
22/10/2019 09:00,0.099,0.012,0.796
22/10/2019 10:00,0.168,0.033,0.812
22/10/2019 11:00,0.225,0.051,0.78
22/10/2019 12:00,0.228,0.064,0.699
22/10/2019 13:00,0.195,0.066,0.568
22/10/2019 14:00,0.117,0.103,0.364
22/10/2019 15:00,0.16,0.201,0.16
22/10/2019 16:00,0.126,0.381,0.017
22/10/2019 17:00,0.072,0.484,0.0
22/10/2019 18:00,0.014,0.441,0.0
22/10/2019 19:00,0.016,0.291,0.0
22/10/2019 20:00,0.039,0.214,0.0
22/10/2019 21:00,0.082,0.213,0.0
22/10/2019 22:00,0.167,0.208,0.0
22/10/2019 23:00,0.313,0.172,0.0
23/10/2019 00:00,0.494,0.137,0.0
23/10/2019 01:00,0.635,0.131,0.0
23/10/2019 02:00,0.732,0.155,0.0
23/10/2019 03:00,0.75,0.162,0.0
23/10/2019 04:00,0.642,0.137,0.025
23/10/2019 05:00,0.826,0.121,0.22
23/10/2019 06:00,0.894,0.105,0.445
23/10/2019 07:00,0.878,0.069,0.592
23/10/2019 08:00,0.871,0.036,0.685
23/10/2019 09:00,0.858,0.041,0.801
23/10/2019 10:00,0.849,0.051,0.82
23/10/2019 11:00,0.824,0.075,0.766
23/10/2019 12:00,0.774,0.109,0.662
23/10/2019 13:00,0.724,0.148,0.548
23/10/2019 14:00,0.622,0.169,0.257
23/10/2019 15:00,0.457,0.164,0.068
23/10/2019 16:00,0.272,0.154,0.013
23/10/2019 17:00,0.144,0.145,0.0
23/10/2019 18:00,0.062,0.139,0.0
23/10/2019 19:00,0.064,0.118,0.0
23/10/2019 20:00,0.086,0.085,0.0
23/10/2019 21:00,0.079,0.063,0.0
23/10/2019 22:00,0.046,0.05,0.0
23/10/2019 23:00,0.017,0.044,0.0
24/10/2019 00:00,0.005,0.046,0.0
24/10/2019 01:00,0.004,0.054,0.0
24/10/2019 02:00,0.021,0.058,0.0
24/10/2019 03:00,0.095,0.059,0.0
24/10/2019 04:00,0.162,0.054,0.028
24/10/2019 05:00,0.339,0.041,0.187
24/10/2019 06:00,0.664,0.02,0.329
24/10/2019 07:00,0.75,0.001,0.372
24/10/2019 08:00,0.777,0.0,0.317
24/10/2019 09:00,0.815,0.0,0.708
24/10/2019 10:00,0.837,0.0,0.795
24/10/2019 11:00,0.865,0.0,0.666
24/10/2019 12:00,0.897,0.0,0.594
24/10/2019 13:00,0.919,0.012,0.479
24/10/2019 14:00,0.942,0.114,0.376
24/10/2019 15:00,0.939,0.218,0.176
24/10/2019 16:00,0.868,0.256,0.02
24/10/2019 17:00,0.826,0.21,0.0
24/10/2019 18:00,0.836,0.127,0.0
24/10/2019 19:00,0.855,0.053,0.0
24/10/2019 20:00,0.831,0.01,0.0
24/10/2019 21:00,0.779,0.0,0.0
24/10/2019 22:00,0.704,0.0,0.0
24/10/2019 23:00,0.658,0.0,0.0
25/10/2019 00:00,0.644,0.0,0.0
25/10/2019 01:00,0.649,0.014,0.0
25/10/2019 02:00,0.672,0.09,0.0
25/10/2019 03:00,0.666,0.181,0.0
25/10/2019 04:00,0.568,0.261,0.026
25/10/2019 05:00,0.654,0.339,0.177
25/10/2019 06:00,0.8,0.441,0.368
25/10/2019 07:00,0.857,0.539,0.516
25/10/2019 08:00,0.909,0.525,0.567
25/10/2019 09:00,0.912,0.464,0.595
25/10/2019 10:00,0.919,0.391,0.593
25/10/2019 11:00,0.941,0.35,0.552
25/10/2019 12:00,0.93,0.325,0.457
25/10/2019 13:00,0.91,0.328,0.376
25/10/2019 14:00,0.898,0.358,0.251
25/10/2019 15:00,0.865,0.376,0.119
25/10/2019 16:00,0.731,0.355,0.022
25/10/2019 17:00,0.575,0.321,0.0
25/10/2019 18:00,0.51,0.303,0.0
25/10/2019 19:00,0.51,0.305,0.0
25/10/2019 20:00,0.464,0.32,0.0
25/10/2019 21:00,0.361,0.325,0.0
25/10/2019 22:00,0.278,0.296,0.0
25/10/2019 23:00,0.231,0.325,0.0
26/10/2019 00:00,0.2,0.482,0.0
26/10/2019 01:00,0.169,0.54,0.0
26/10/2019 02:00,0.142,0.547,0.0
26/10/2019 03:00,0.114,0.583,0.0
26/10/2019 04:00,0.071,0.607,0.027
26/10/2019 05:00,0.059,0.648,0.219
26/10/2019 06:00,0.256,0.679,0.436
26/10/2019 07:00,0.494,0.73,0.612
26/10/2019 08:00,0.644,0.757,0.733
26/10/2019 09:00,0.734,0.776,0.799
26/10/2019 10:00,0.774,0.805,0.817
26/10/2019 11:00,0.78,0.823,0.787
26/10/2019 12:00,0.765,0.856,0.705
26/10/2019 13:00,0.722,0.89,0.546
26/10/2019 14:00,0.618,0.91,0.381
26/10/2019 15:00,0.387,0.917,0.171
26/10/2019 16:00,0.184,0.924,0.019
26/10/2019 17:00,0.079,0.952,0.0
26/10/2019 18:00,0.032,0.958,0.0
26/10/2019 19:00,0.012,0.916,0.0
26/10/2019 20:00,0.002,0.856,0.0
26/10/2019 21:00,0.008,0.82,0.0
26/10/2019 22:00,0.05,0.744,0.0
26/10/2019 23:00,0.165,0.645,0.0
27/10/2019 00:00,0.335,0.539,0.0
27/10/2019 01:00,0.491,0.343,0.0
27/10/2019 02:00,0.618,0.172,0.0
27/10/2019 03:00,0.715,0.096,0.0
27/10/2019 04:00,0.655,0.043,0.031
27/10/2019 05:00,0.772,0.024,0.193
27/10/2019 06:00,0.924,0.022,0.431
27/10/2019 07:00,0.955,0.029,0.609
27/10/2019 08:00,0.973,0.07,0.727
27/10/2019 09:00,0.984,0.121,0.795
27/10/2019 10:00,0.989,0.186,0.815
27/10/2019 11:00,0.99,0.265,0.789
27/10/2019 12:00,0.99,0.345,0.716
27/10/2019 13:00,0.988,0.402,0.592
27/10/2019 14:00,0.981,0.361,0.413
27/10/2019 15:00,0.968,0.358,0.183
27/10/2019 16:00,0.935,0.468,0.013
27/10/2019 17:00,0.862,0.511,0.0
27/10/2019 18:00,0.695,0.498,0.0
27/10/2019 19:00,0.552,0.346,0.0
27/10/2019 20:00,0.488,0.132,0.0
27/10/2019 21:00,0.405,0.035,0.0
27/10/2019 22:00,0.334,0.008,0.0
27/10/2019 23:00,0.285,0.002,0.0
28/10/2019 00:00,0.259,0.003,0.0
28/10/2019 01:00,0.296,0.017,0.0
28/10/2019 02:00,0.348,0.028,0.0
28/10/2019 03:00,0.38,0.034,0.0
28/10/2019 04:00,0.391,0.05,0.032
28/10/2019 05:00,0.668,0.054,0.154
28/10/2019 06:00,0.789,0.045,0.305
28/10/2019 07:00,0.86,0.075,0.529
28/10/2019 08:00,0.914,0.122,0.721
28/10/2019 09:00,0.948,0.148,0.807
28/10/2019 10:00,0.969,0.164,0.834
28/10/2019 11:00,0.981,0.171,0.809
28/10/2019 12:00,0.986,0.207,0.738
28/10/2019 13:00,0.988,0.342,0.609
28/10/2019 14:00,0.987,0.495,0.423
28/10/2019 15:00,0.979,0.505,0.188
28/10/2019 16:00,0.944,0.421,0.016
28/10/2019 17:00,0.869,0.336,0.0
28/10/2019 18:00,0.832,0.245,0.0
28/10/2019 19:00,0.75,0.126,0.0
28/10/2019 20:00,0.633,0.035,0.0
28/10/2019 21:00,0.621,0.0,0.0
28/10/2019 22:00,0.638,0.002,0.0
28/10/2019 23:00,0.633,0.021,0.0
29/10/2019 00:00,0.642,0.022,0.0
29/10/2019 01:00,0.642,0.034,0.0
29/10/2019 02:00,0.59,0.066,0.0
29/10/2019 03:00,0.472,0.118,0.0
29/10/2019 04:00,0.441,0.213,0.032
29/10/2019 05:00,0.401,0.277,0.242
29/10/2019 06:00,0.319,0.349,0.475
29/10/2019 07:00,0.299,0.635,0.658
29/10/2019 08:00,0.334,0.816,0.781
29/10/2019 09:00,0.433,0.851,0.846
29/10/2019 10:00,0.52,0.871,0.862
29/10/2019 11:00,0.574,0.881,0.831
29/10/2019 12:00,0.608,0.894,0.75
29/10/2019 13:00,0.619,0.911,0.618
29/10/2019 14:00,0.596,0.931,0.429
29/10/2019 15:00,0.524,0.956,0.188
29/10/2019 16:00,0.314,0.968,0.012
29/10/2019 17:00,0.149,0.972,0.0
29/10/2019 18:00,0.115,0.967,0.0
29/10/2019 19:00,0.124,0.962,0.0
29/10/2019 20:00,0.09,0.945,0.0
29/10/2019 21:00,0.053,0.893,0.0
29/10/2019 22:00,0.019,0.781,0.0
29/10/2019 23:00,0.003,0.616,0.0
30/10/2019 00:00,0.46,0.538,0.0
30/10/2019 01:00,0.356,0.484,0.0
30/10/2019 02:00,0.277,0.437,0.0
30/10/2019 03:00,0.222,0.38,0.0
30/10/2019 04:00,0.001,0.174,0.032
30/10/2019 05:00,0.041,0.122,0.238
30/10/2019 06:00,0.225,0.074,0.459
30/10/2019 07:00,0.388,0.043,0.634
30/10/2019 08:00,0.498,0.025,0.755
30/10/2019 09:00,0.562,0.013,0.821
30/10/2019 10:00,0.589,0.008,0.839
30/10/2019 11:00,0.587,0.005,0.809
30/10/2019 12:00,0.558,0.003,0.732
30/10/2019 13:00,0.488,0.006,0.603
30/10/2019 14:00,0.377,0.036,0.42
30/10/2019 15:00,0.261,0.103,0.184
30/10/2019 16:00,0.255,0.199,0.012
30/10/2019 17:00,0.442,0.214,0.0
30/10/2019 18:00,0.481,0.158,0.0
30/10/2019 19:00,0.366,0.075,0.0
30/10/2019 20:00,0.232,0.034,0.0
30/10/2019 21:00,0.167,0.022,0.0
30/10/2019 22:00,0.128,0.022,0.0
30/10/2019 23:00,0.108,0.022,0.0
31/10/2019 00:00,0.09,0.021,0.0
31/10/2019 01:00,0.077,0.014,0.0
31/10/2019 02:00,0.073,0.007,0.0
31/10/2019 03:00,0.079,0.003,0.0
31/10/2019 04:00,0.065,0.002,0.033
31/10/2019 05:00,0.042,0.004,0.232
31/10/2019 06:00,0.003,0.007,0.455
31/10/2019 07:00,0.013,0.795,0.626
31/10/2019 08:00,0.014,0.798,0.737
31/10/2019 09:00,0.003,0.01,0.802
31/10/2019 10:00,0.014,0.007,0.82
31/10/2019 11:00,0.008,0.007,0.792
31/10/2019 12:00,0.009,0.036,0.717
31/10/2019 13:00,0.046,0.139,0.589
31/10/2019 14:00,0.126,0.233,0.408
31/10/2019 15:00,0.233,0.277,0.179
31/10/2019 16:00,0.384,0.302,0.013
31/10/2019 17:00,0.441,0.335,0.0
31/10/2019 18:00,0.434,0.379,0.0
31/10/2019 19:00,0.433,0.4,0.0
31/10/2019 20:00,0.404,0.421,0.0
31/10/2019 21:00,0.346,0.433,0.0
31/10/2019 22:00,0.271,0.407,0.0
31/10/2019 23:00,0.213,0.343,0.0
01/11/2019 00:00,0.16,0.272,0.0
01/11/2019 01:00,0.146,0.223,0.0
01/11/2019 02:00,0.139,0.194,0.0
01/11/2019 03:00,0.106,0.179,0.0
01/11/2019 04:00,0.063,0.163,0.035
01/11/2019 05:00,0.02,0.148,0.156
01/11/2019 06:00,0.015,0.141,0.28
01/11/2019 07:00,0.081,0.16,0.37
01/11/2019 08:00,0.121,0.256,0.459
01/11/2019 09:00,0.142,0.352,0.469
01/11/2019 10:00,0.18,0.41,0.451
01/11/2019 11:00,0.225,0.424,0.427
01/11/2019 12:00,0.221,0.432,0.428
01/11/2019 13:00,0.204,0.468,0.356
01/11/2019 14:00,0.217,0.521,0.27
01/11/2019 15:00,0.178,0.57,0.139
01/11/2019 16:00,0.067,0.618,0.023
01/11/2019 17:00,0.045,0.675,0.0
01/11/2019 18:00,0.107,0.707,0.0
01/11/2019 19:00,0.434,0.657,0.0
01/11/2019 20:00,0.726,0.657,0.0
01/11/2019 21:00,0.565,0.661,0.0
01/11/2019 22:00,0.388,0.651,0.0
01/11/2019 23:00,0.446,0.593,0.0
02/11/2019 00:00,0.59,0.556,0.0
02/11/2019 01:00,0.683,0.536,0.0
02/11/2019 02:00,0.709,0.519,0.0
02/11/2019 03:00,0.714,0.494,0.0
02/11/2019 04:00,0.62,0.45,0.034
02/11/2019 05:00,0.744,0.422,0.22
02/11/2019 06:00,0.8,0.382,0.426
02/11/2019 07:00,0.84,0.327,0.591
02/11/2019 08:00,0.867,0.283,0.707
02/11/2019 09:00,0.862,0.272,0.772
02/11/2019 10:00,0.845,0.285,0.791
02/11/2019 11:00,0.832,0.264,0.764
02/11/2019 12:00,0.821,0.264,0.69
02/11/2019 13:00,0.793,0.358,0.565
02/11/2019 14:00,0.748,0.492,0.389
02/11/2019 15:00,0.689,0.578,0.172
02/11/2019 16:00,0.557,0.615,0.016
02/11/2019 17:00,0.465,0.637,0.0
02/11/2019 18:00,0.356,0.635,0.0
02/11/2019 19:00,0.272,0.566,0.0
02/11/2019 20:00,0.227,0.501,0.0
02/11/2019 21:00,0.183,0.46,0.0
02/11/2019 22:00,0.146,0.414,0.0
02/11/2019 23:00,0.131,0.376,0.0
03/11/2019 00:00,0.13,0.34,0.0
03/11/2019 01:00,0.134,0.292,0.0
03/11/2019 02:00,0.133,0.243,0.0
03/11/2019 03:00,0.128,0.21,0.0
03/11/2019 04:00,0.122,0.186,0.034
03/11/2019 05:00,0.175,0.167,0.225
03/11/2019 06:00,0.532,0.138,0.433
03/11/2019 07:00,0.695,0.087,0.599
03/11/2019 08:00,0.727,0.064,0.715
03/11/2019 09:00,0.713,0.071,0.779
03/11/2019 10:00,0.674,0.08,0.796
03/11/2019 11:00,0.622,0.099,0.768
03/11/2019 12:00,0.562,0.228,0.691
03/11/2019 13:00,0.494,0.337,0.564
03/11/2019 14:00,0.437,0.278,0.386
03/11/2019 15:00,0.515,0.174,0.168
03/11/2019 16:00,0.637,0.113,0.019
03/11/2019 17:00,0.651,0.114,0.0
03/11/2019 18:00,0.529,0.171,0.0
03/11/2019 19:00,0.36,0.253,0.0
03/11/2019 20:00,0.245,0.28,0.0
03/11/2019 21:00,0.179,0.248,0.0
03/11/2019 22:00,0.134,0.202,0.0
03/11/2019 23:00,0.106,0.184,0.0
04/11/2019 00:00,0.095,0.194,0.0
04/11/2019 01:00,0.091,0.185,0.0
04/11/2019 02:00,0.08,0.175,0.0
04/11/2019 03:00,0.07,0.156,0.0
04/11/2019 04:00,0.049,0.065,0.035
04/11/2019 05:00,0.025,0.058,0.223
04/11/2019 06:00,0.011,0.125,0.431
04/11/2019 07:00,0.217,0.089,0.594
04/11/2019 08:00,0.3,0.137,0.699
04/11/2019 09:00,0.342,0.341,0.758
04/11/2019 10:00,0.001,0.409,0.773
04/11/2019 11:00,0.007,0.494,0.745
04/11/2019 12:00,0.047,0.55,0.672
04/11/2019 13:00,0.134,0.628,0.551
04/11/2019 14:00,0.199,0.72,0.38
04/11/2019 15:00,0.305,0.791,0.167
04/11/2019 16:00,0.46,0.812,0.017
04/11/2019 17:00,0.546,0.785,0.0
04/11/2019 18:00,0.487,0.731,0.0
04/11/2019 19:00,0.388,0.69,0.0
04/11/2019 20:00,0.281,0.656,0.0
04/11/2019 21:00,0.196,0.648,0.0
04/11/2019 22:00,0.123,0.768,0.0
04/11/2019 23:00,0.076,0.822,0.0
05/11/2019 00:00,0.055,0.733,0.0
05/11/2019 01:00,0.053,0.627,0.0
05/11/2019 02:00,0.074,0.51,0.0
05/11/2019 03:00,0.157,0.429,0.0
05/11/2019 04:00,0.275,0.413,0.039
05/11/2019 05:00,0.412,0.368,0.191
05/11/2019 06:00,0.763,0.34,0.364
05/11/2019 07:00,0.863,0.328,0.508
05/11/2019 08:00,0.884,0.198,0.636
05/11/2019 09:00,0.872,0.089,0.713
05/11/2019 10:00,0.855,0.054,0.713
05/11/2019 11:00,0.826,0.042,0.686
05/11/2019 12:00,0.788,0.039,0.614
05/11/2019 13:00,0.755,0.035,0.482
05/11/2019 14:00,0.704,0.037,0.312
05/11/2019 15:00,0.666,0.047,0.146
05/11/2019 16:00,0.59,0.045,0.028
05/11/2019 17:00,0.555,0.043,0.0
05/11/2019 18:00,0.491,0.051,0.0
05/11/2019 19:00,0.275,0.064,0.0
05/11/2019 20:00,0.03,0.018,0.0
05/11/2019 21:00,0.011,0.001,0.0
05/11/2019 22:00,0.16,0.279,0.0
05/11/2019 23:00,0.379,0.798,0.0
06/11/2019 00:00,0.546,0.851,0.0
06/11/2019 01:00,0.652,0.791,0.0
06/11/2019 02:00,0.706,0.692,0.0
06/11/2019 03:00,0.73,0.644,0.0
06/11/2019 04:00,0.695,0.609,0.039
06/11/2019 05:00,0.893,0.618,0.186
06/11/2019 06:00,0.946,0.666,0.351
06/11/2019 07:00,0.98,0.777,0.494
06/11/2019 08:00,0.988,0.84,0.59
06/11/2019 09:00,0.985,0.874,0.634
06/11/2019 10:00,0.981,0.91,0.667
06/11/2019 11:00,0.974,0.941,0.688
06/11/2019 12:00,0.97,0.939,0.649
06/11/2019 13:00,0.967,0.936,0.533
06/11/2019 14:00,0.971,0.913,0.362
06/11/2019 15:00,0.928,0.867,0.163
06/11/2019 16:00,0.808,0.786,0.028
06/11/2019 17:00,0.823,0.653,0.0
06/11/2019 18:00,0.672,0.544,0.0
06/11/2019 19:00,0.436,0.436,0.0
06/11/2019 20:00,0.332,0.334,0.0
06/11/2019 21:00,0.214,0.281,0.0
06/11/2019 22:00,0.157,0.259,0.0
06/11/2019 23:00,0.147,0.251,0.0
07/11/2019 00:00,0.175,0.226,0.0
07/11/2019 01:00,0.244,0.191,0.0
07/11/2019 02:00,0.314,0.174,0.0
07/11/2019 03:00,0.341,0.147,0.0
07/11/2019 04:00,0.339,0.144,0.036
07/11/2019 05:00,0.644,0.174,0.233
07/11/2019 06:00,0.827,0.227,0.451
07/11/2019 07:00,0.891,0.337,0.626
07/11/2019 08:00,0.923,0.547,0.743
07/11/2019 09:00,0.941,0.716,0.806
07/11/2019 10:00,0.947,0.809,0.819
07/11/2019 11:00,0.948,0.873,0.787
07/11/2019 12:00,0.943,0.926,0.706
07/11/2019 13:00,0.923,0.961,0.576
07/11/2019 14:00,0.84,0.978,0.399
07/11/2019 15:00,0.635,0.985,0.175
07/11/2019 16:00,0.505,0.987,0.017
07/11/2019 17:00,0.552,0.989,0.0
07/11/2019 18:00,0.488,0.989,0.0
07/11/2019 19:00,0.447,0.979,0.0
07/11/2019 20:00,0.329,0.949,0.0
07/11/2019 21:00,0.191,0.9,0.0
07/11/2019 22:00,0.148,0.865,0.0
07/11/2019 23:00,0.152,0.822,0.0
08/11/2019 00:00,0.153,0.741,0.0
08/11/2019 01:00,0.153,0.662,0.0
08/11/2019 02:00,0.136,0.603,0.0
08/11/2019 03:00,0.098,0.583,0.0
08/11/2019 04:00,0.076,0.568,0.042
08/11/2019 05:00,0.061,0.58,0.212
08/11/2019 06:00,0.046,0.586,0.418
08/11/2019 07:00,0.037,0.712,0.583
08/11/2019 08:00,0.021,0.796,0.674
08/11/2019 09:00,0.019,0.818,0.705
08/11/2019 10:00,0.036,0.821,0.692
08/11/2019 11:00,0.083,0.795,0.648
08/11/2019 12:00,0.127,0.772,0.551
08/11/2019 13:00,0.183,0.766,0.378
08/11/2019 14:00,0.251,0.777,0.306
08/11/2019 15:00,0.378,0.786,0.173
08/11/2019 16:00,0.579,0.794,0.021
08/11/2019 17:00,0.649,0.82,0.0
08/11/2019 18:00,0.672,0.841,0.0
08/11/2019 19:00,0.536,0.843,0.0
08/11/2019 20:00,0.418,0.837,0.0
08/11/2019 21:00,0.355,0.82,0.0
08/11/2019 22:00,0.317,0.795,0.0
08/11/2019 23:00,0.233,0.778,0.0
09/11/2019 00:00,0.19,0.772,0.0
09/11/2019 01:00,0.2,0.767,0.0
09/11/2019 02:00,0.22,0.746,0.0
09/11/2019 03:00,0.168,0.706,0.0
09/11/2019 04:00,0.082,0.677,0.045
09/11/2019 05:00,0.023,0.666,0.215
09/11/2019 06:00,0.004,0.655,0.387
09/11/2019 07:00,0.003,0.65,0.47
09/11/2019 08:00,0.019,0.586,0.458
09/11/2019 09:00,0.039,0.485,0.393
09/11/2019 10:00,0.043,0.391,0.447
09/11/2019 11:00,0.025,0.344,0.566
09/11/2019 12:00,0.01,0.328,0.602
09/11/2019 13:00,0.086,0.337,0.468
09/11/2019 14:00,0.133,0.355,0.252
09/11/2019 15:00,0.137,0.346,0.089
09/11/2019 16:00,0.245,0.316,0.017
09/11/2019 17:00,0.325,0.264,0.0
09/11/2019 18:00,0.336,0.21,0.0
09/11/2019 19:00,0.278,0.164,0.0
09/11/2019 20:00,0.2,0.117,0.0
09/11/2019 21:00,0.201,0.068,0.0
09/11/2019 22:00,0.227,0.027,0.0
09/11/2019 23:00,0.154,0.009,0.0
10/11/2019 00:00,0.08,0.002,0.0
10/11/2019 01:00,0.059,0.0,0.0
10/11/2019 02:00,0.064,0.0,0.0
10/11/2019 03:00,0.051,0.0,0.0
10/11/2019 04:00,0.061,0.0,0.033
10/11/2019 05:00,0.294,0.0,0.143
10/11/2019 06:00,0.523,0.0,0.27
10/11/2019 07:00,0.578,0.0,0.393
10/11/2019 08:00,0.575,0.0,0.572
10/11/2019 09:00,0.578,0.0,0.695
10/11/2019 10:00,0.553,0.0,0.678
10/11/2019 11:00,0.455,0.0,0.566
10/11/2019 12:00,0.349,0.0,0.46
10/11/2019 13:00,0.343,0.0,0.376
10/11/2019 14:00,0.466,0.013,0.276
10/11/2019 15:00,0.58,0.055,0.154
10/11/2019 16:00,0.681,0.106,0.037
10/11/2019 17:00,0.73,0.147,0.0
10/11/2019 18:00,0.715,0.152,0.0
10/11/2019 19:00,0.679,0.135,0.0
10/11/2019 20:00,0.621,0.122,0.0
10/11/2019 21:00,0.532,0.111,0.0
10/11/2019 22:00,0.425,0.095,0.0
10/11/2019 23:00,0.329,0.082,0.0
11/11/2019 00:00,0.267,0.065,0.0
11/11/2019 01:00,0.202,0.059,0.0
11/11/2019 02:00,0.167,0.062,0.0
11/11/2019 03:00,0.137,0.061,0.0
11/11/2019 04:00,0.131,0.071,0.038
11/11/2019 05:00,0.167,0.089,0.216
11/11/2019 06:00,0.205,0.107,0.411
11/11/2019 07:00,0.263,0.154,0.568
11/11/2019 08:00,0.339,0.171,0.673
11/11/2019 09:00,0.382,0.151,0.723
11/11/2019 10:00,0.424,0.133,0.742
11/11/2019 11:00,0.422,0.163,0.725
11/11/2019 12:00,0.344,0.233,0.661
11/11/2019 13:00,0.245,0.323,0.547
11/11/2019 14:00,0.225,0.407,0.379
11/11/2019 15:00,0.377,0.467,0.168
11/11/2019 16:00,0.303,0.539,0.025
11/11/2019 17:00,0.449,0.618,0.0
11/11/2019 18:00,0.387,0.683,0.0
11/11/2019 19:00,0.333,0.71,0.0
11/11/2019 20:00,0.324,0.72,0.0
11/11/2019 21:00,0.362,0.722,0.0
11/11/2019 22:00,0.343,0.698,0.0
11/11/2019 23:00,0.299,0.615,0.0
12/11/2019 00:00,0.27,0.542,0.0
12/11/2019 01:00,0.26,0.516,0.0
12/11/2019 02:00,0.252,0.495,0.0
12/11/2019 03:00,0.237,0.445,0.0
12/11/2019 04:00,0.156,0.382,0.036
12/11/2019 05:00,0.182,0.37,0.227
12/11/2019 06:00,0.389,0.368,0.433
12/11/2019 07:00,0.619,0.34,0.599
12/11/2019 08:00,0.786,0.327,0.714
12/11/2019 09:00,0.854,0.301,0.778
12/11/2019 10:00,0.88,0.278,0.795
12/11/2019 11:00,0.893,0.256,0.767
12/11/2019 12:00,0.887,0.252,0.693
12/11/2019 13:00,0.855,0.27,0.569
12/11/2019 14:00,0.758,0.374,0.393
12/11/2019 15:00,0.558,0.567,0.172
12/11/2019 16:00,0.629,0.666,0.021
12/11/2019 17:00,0.607,0.758,0.0
12/11/2019 18:00,0.549,0.754,0.0
12/11/2019 19:00,0.376,0.621,0.0
12/11/2019 20:00,0.278,0.482,0.0
12/11/2019 21:00,0.199,0.374,0.0
12/11/2019 22:00,0.131,0.282,0.0
12/11/2019 23:00,0.086,0.188,0.0
13/11/2019 00:00,0.056,0.121,0.0
13/11/2019 01:00,0.031,0.083,0.0
13/11/2019 02:00,0.012,0.071,0.0
13/11/2019 03:00,0.005,0.101,0.0
13/11/2019 04:00,0.004,0.169,0.038
13/11/2019 05:00,0.008,0.264,0.222
13/11/2019 06:00,0.019,0.348,0.426
13/11/2019 07:00,0.045,0.308,0.59
13/11/2019 08:00,0.072,0.18,0.703
13/11/2019 09:00,0.071,0.192,0.767
13/11/2019 10:00,0.039,0.336,0.783
13/11/2019 11:00,0.005,0.609,0.754
13/11/2019 12:00,0.056,0.765,0.679
13/11/2019 13:00,0.151,0.758,0.557
13/11/2019 14:00,0.249,0.69,0.384
13/11/2019 15:00,0.38,0.69,0.17
13/11/2019 16:00,0.466,0.735,0.027
13/11/2019 17:00,0.474,0.669,0.0
13/11/2019 18:00,0.523,0.413,0.0
13/11/2019 19:00,0.529,0.158,0.0
13/11/2019 20:00,0.43,0.092,0.0
13/11/2019 21:00,0.3,0.107,0.0
13/11/2019 22:00,0.183,0.132,0.0
13/11/2019 23:00,0.134,0.141,0.0
14/11/2019 00:00,0.114,0.178,0.0
14/11/2019 01:00,0.089,0.234,0.0
14/11/2019 02:00,0.057,0.302,0.0
14/11/2019 03:00,0.033,0.376,0.0
14/11/2019 04:00,0.031,0.415,0.037
14/11/2019 05:00,0.049,0.453,0.224
14/11/2019 06:00,0.047,0.481,0.43
14/11/2019 07:00,0.061,0.459,0.596
14/11/2019 08:00,0.076,0.433,0.711
14/11/2019 09:00,0.099,0.422,0.776
14/11/2019 10:00,0.146,0.405,0.793
14/11/2019 11:00,0.2,0.429,0.764
14/11/2019 12:00,0.248,0.498,0.689
14/11/2019 13:00,0.297,0.599,0.565
14/11/2019 14:00,0.379,0.686,0.39
14/11/2019 15:00,0.457,0.718,0.171
14/11/2019 16:00,0.457,0.668,0.022
14/11/2019 17:00,0.344,0.569,0.003
14/11/2019 18:00,0.274,0.432,0.0
14/11/2019 19:00,0.197,0.31,0.0
14/11/2019 20:00,0.131,0.214,0.0
14/11/2019 21:00,0.081,0.144,0.0
14/11/2019 22:00,0.059,0.093,0.0
14/11/2019 23:00,0.052,0.067,0.0
15/11/2019 00:00,0.059,0.063,0.0
15/11/2019 01:00,0.066,0.065,0.0
15/11/2019 02:00,0.075,0.07,0.0
15/11/2019 03:00,0.09,0.081,0.0
15/11/2019 04:00,0.121,0.092,0.036
15/11/2019 05:00,0.2,0.096,0.225
15/11/2019 06:00,0.237,0.094,0.431
15/11/2019 07:00,0.221,0.079,0.597
15/11/2019 08:00,0.206,0.06,0.711
15/11/2019 09:00,0.206,0.047,0.773
15/11/2019 10:00,0.206,0.034,0.788
15/11/2019 11:00,0.191,0.011,0.758
15/11/2019 12:00,0.174,0.005,0.683
15/11/2019 13:00,0.171,0.015,0.559
15/11/2019 14:00,0.192,0.073,0.385
15/11/2019 15:00,0.233,0.163,0.169
15/11/2019 16:00,0.302,0.218,0.022
15/11/2019 17:00,0.323,0.201,0.0
15/11/2019 18:00,0.238,0.145,0.0
15/11/2019 19:00,0.163,0.09,0.0
15/11/2019 20:00,0.113,0.05,0.0
15/11/2019 21:00,0.076,0.021,0.0
15/11/2019 22:00,0.037,0.006,0.0
15/11/2019 23:00,0.011,0.001,0.0
16/11/2019 00:00,0.002,0.001,0.0
16/11/2019 01:00,0.001,0.0,0.0
16/11/2019 02:00,0.001,0.0,0.0
16/11/2019 03:00,0.001,0.001,0.0
16/11/2019 04:00,0.002,0.284,0.038
16/11/2019 05:00,0.009,0.006,0.221
16/11/2019 06:00,0.027,0.011,0.419
16/11/2019 07:00,0.035,0.02,0.578
16/11/2019 08:00,0.043,0.024,0.688
16/11/2019 09:00,0.057,0.023,0.746
16/11/2019 10:00,0.075,0.016,0.745
16/11/2019 11:00,0.093,0.002,0.697
16/11/2019 12:00,0.108,0.007,0.634
16/11/2019 13:00,0.123,0.017,0.513
16/11/2019 14:00,0.156,0.154,0.311
16/11/2019 15:00,0.227,0.301,0.15
16/11/2019 16:00,0.369,0.372,0.036
16/11/2019 17:00,0.444,0.396,0.0
16/11/2019 18:00,0.36,0.386,0.0
16/11/2019 19:00,0.259,0.344,0.0
16/11/2019 20:00,0.172,0.33,0.0
16/11/2019 21:00,0.084,0.3,0.0
16/11/2019 22:00,0.033,0.273,0.0
16/11/2019 23:00,0.013,0.238,0.0
17/11/2019 00:00,0.002,0.213,0.0
17/11/2019 01:00,0.002,0.193,0.0
17/11/2019 02:00,0.011,0.153,0.0
17/11/2019 03:00,0.017,0.146,0.0
17/11/2019 04:00,0.019,0.167,0.037
17/11/2019 05:00,0.014,0.192,0.22
17/11/2019 06:00,0.003,0.228,0.423
17/11/2019 07:00,0.037,0.301,0.586
17/11/2019 08:00,0.142,0.354,0.699
17/11/2019 09:00,0.229,0.352,0.763
17/11/2019 10:00,0.273,0.326,0.78
17/11/2019 11:00,0.331,0.325,0.753
17/11/2019 12:00,0.404,0.355,0.679
17/11/2019 13:00,0.456,0.416,0.557
17/11/2019 14:00,0.501,0.494,0.385
17/11/2019 15:00,0.523,0.571,0.17
17/11/2019 16:00,0.526,0.659,0.024
17/11/2019 17:00,0.479,0.717,0.0
17/11/2019 18:00,0.412,0.741,0.0
17/11/2019 19:00,0.312,0.734,0.0
17/11/2019 20:00,0.219,0.733,0.0
17/11/2019 21:00,0.163,0.746,0.0
17/11/2019 22:00,0.124,0.736,0.0
17/11/2019 23:00,0.103,0.728,0.0
18/11/2019 00:00,0.096,0.733,0.0
18/11/2019 01:00,0.089,0.736,0.0
18/11/2019 02:00,0.077,0.749,0.0
18/11/2019 03:00,0.066,0.757,0.0
18/11/2019 04:00,0.047,0.766,0.036
18/11/2019 05:00,0.029,0.767,0.229
18/11/2019 06:00,0.02,0.765,0.428
18/11/2019 07:00,0.073,0.766,0.579
18/11/2019 08:00,0.277,0.74,0.691
18/11/2019 09:00,0.466,0.686,0.767
18/11/2019 10:00,0.619,0.642,0.777
18/11/2019 11:00,0.717,0.613,0.753
18/11/2019 12:00,0.777,0.601,0.684
18/11/2019 13:00,0.799,0.588,0.559
18/11/2019 14:00,0.775,0.574,0.384
18/11/2019 15:00,0.652,0.568,0.168
18/11/2019 16:00,0.408,0.586,0.026
18/11/2019 17:00,0.344,0.567,0.0
18/11/2019 18:00,0.347,0.506,0.0
18/11/2019 19:00,0.209,0.391,0.0
18/11/2019 20:00,0.102,0.317,0.0
18/11/2019 21:00,0.046,0.268,0.0
18/11/2019 22:00,0.013,0.231,0.0
18/11/2019 23:00,0.002,0.201,0.0
19/11/2019 00:00,0.187,0.644,0.0
19/11/2019 01:00,0.185,0.591,0.0
19/11/2019 02:00,0.185,0.539,0.0
19/11/2019 03:00,0.186,0.498,0.0
19/11/2019 04:00,0.186,0.476,0.036
19/11/2019 05:00,0.003,0.171,0.229
19/11/2019 06:00,0.1,0.14,0.437
19/11/2019 07:00,0.452,0.129,0.6
19/11/2019 08:00,0.785,0.118,0.713
19/11/2019 09:00,0.894,0.113,0.776
19/11/2019 10:00,0.911,0.115,0.792
19/11/2019 11:00,0.896,0.125,0.762
19/11/2019 12:00,0.862,0.157,0.686
19/11/2019 13:00,0.82,0.207,0.561
19/11/2019 14:00,0.737,0.264,0.386
19/11/2019 15:00,0.613,0.319,0.169
19/11/2019 16:00,0.504,0.371,0.025
19/11/2019 17:00,0.464,0.422,0.0
19/11/2019 18:00,0.367,0.461,0.0
19/11/2019 19:00,0.251,0.457,0.0
19/11/2019 20:00,0.137,0.451,0.0
19/11/2019 21:00,0.065,0.466,0.0
19/11/2019 22:00,0.022,0.479,0.0
19/11/2019 23:00,0.007,0.449,0.0
20/11/2019 00:00,0.004,0.399,0.0
20/11/2019 01:00,0.002,0.368,0.0
20/11/2019 02:00,0.001,0.367,0.0
20/11/2019 03:00,0.001,0.37,0.0
20/11/2019 04:00,0.37,0.883,0.049
20/11/2019 05:00,0.388,0.86,0.19
20/11/2019 06:00,0.007,0.383,0.347
20/11/2019 07:00,0.094,0.439,0.469
20/11/2019 08:00,0.219,0.437,0.536
20/11/2019 09:00,0.379,0.407,0.594
20/11/2019 10:00,0.551,0.392,0.59
20/11/2019 11:00,0.663,0.416,0.655
20/11/2019 12:00,0.663,0.481,0.438
20/11/2019 13:00,0.542,0.562,0.394
20/11/2019 14:00,0.434,0.629,0.349
20/11/2019 15:00,0.286,0.686,0.17
20/11/2019 16:00,0.182,0.746,0.034
20/11/2019 17:00,0.051,0.809,0.0
20/11/2019 18:00,0.001,0.839,0.0
20/11/2019 19:00,0.803,0.023,0.0
20/11/2019 20:00,0.002,0.744,0.0
20/11/2019 21:00,0.038,0.657,0.0
20/11/2019 22:00,0.16,0.519,0.0
20/11/2019 23:00,0.306,0.372,0.0
21/11/2019 00:00,0.388,0.263,0.0
21/11/2019 01:00,0.413,0.184,0.0
21/11/2019 02:00,0.42,0.124,0.0
21/11/2019 03:00,0.416,0.082,0.0
21/11/2019 04:00,0.334,0.054,0.037
21/11/2019 05:00,0.459,0.039,0.217
21/11/2019 06:00,0.563,0.033,0.412
21/11/2019 07:00,0.634,0.017,0.573
21/11/2019 08:00,0.677,0.003,0.686
21/11/2019 09:00,0.673,0.001,0.749
21/11/2019 10:00,0.623,0.006,0.765
21/11/2019 11:00,0.56,0.063,0.737
21/11/2019 12:00,0.497,0.206,0.665
21/11/2019 13:00,0.432,0.396,0.545
21/11/2019 14:00,0.348,0.624,0.376
21/11/2019 15:00,0.331,0.812,0.167
21/11/2019 16:00,0.41,0.886,0.026
21/11/2019 17:00,0.367,0.891,0.0
21/11/2019 18:00,0.256,0.836,0.0
21/11/2019 19:00,0.144,0.688,0.0
21/11/2019 20:00,0.063,0.525,0.0
21/11/2019 21:00,0.024,0.427,0.0
21/11/2019 22:00,0.004,0.379,0.0
21/11/2019 23:00,0.401,0.201,0.0
22/11/2019 00:00,0.433,0.184,0.0
22/11/2019 01:00,0.001,0.436,0.0
22/11/2019 02:00,0.001,0.439,0.0
22/11/2019 03:00,0.428,0.27,0.0
22/11/2019 04:00,0.407,0.27,0.034
22/11/2019 05:00,0.333,0.27,0.224
22/11/2019 06:00,0.023,0.264,0.425
22/11/2019 07:00,0.128,0.227,0.581
22/11/2019 08:00,0.208,0.175,0.69
22/11/2019 09:00,0.255,0.125,0.752
22/11/2019 10:00,0.291,0.093,0.769
22/11/2019 11:00,0.311,0.064,0.741
22/11/2019 12:00,0.304,0.03,0.67
22/11/2019 13:00,0.245,0.017,0.55
22/11/2019 14:00,0.167,0.026,0.381
22/11/2019 15:00,0.205,0.045,0.168
22/11/2019 16:00,0.218,0.05,0.022
22/11/2019 17:00,0.269,0.038,0.0
22/11/2019 18:00,0.199,0.03,0.0
22/11/2019 19:00,0.125,0.023,0.0
22/11/2019 20:00,0.066,0.014,0.0
22/11/2019 21:00,0.021,0.005,0.0
22/11/2019 22:00,0.011,0.001,0.0
22/11/2019 23:00,0.129,0.0,0.0
23/11/2019 00:00,0.348,0.0,0.0
23/11/2019 01:00,0.495,0.0,0.0
23/11/2019 02:00,0.554,0.0,0.0
23/11/2019 03:00,0.498,0.003,0.0
23/11/2019 04:00,0.254,0.021,0.036
23/11/2019 05:00,0.217,0.064,0.221
23/11/2019 06:00,0.425,0.096,0.43
23/11/2019 07:00,0.479,0.121,0.595
23/11/2019 08:00,0.479,0.152,0.707
23/11/2019 09:00,0.468,0.223,0.768
23/11/2019 10:00,0.435,0.369,0.783
23/11/2019 11:00,0.367,0.449,0.756
23/11/2019 12:00,0.283,0.513,0.683
23/11/2019 13:00,0.218,0.595,0.562
23/11/2019 14:00,0.227,0.663,0.389
23/11/2019 15:00,0.358,0.744,0.172
23/11/2019 16:00,0.51,0.787,0.021
23/11/2019 17:00,0.615,0.761,0.0
23/11/2019 18:00,0.639,0.73,0.0
23/11/2019 19:00,0.559,0.689,0.0
23/11/2019 20:00,0.484,0.69,0.0
23/11/2019 21:00,0.394,0.733,0.0
23/11/2019 22:00,0.282,0.772,0.0
23/11/2019 23:00,0.171,0.804,0.0
24/11/2019 00:00,0.097,0.84,0.0
24/11/2019 01:00,0.056,0.846,0.0
24/11/2019 02:00,0.025,0.849,0.0
24/11/2019 03:00,0.002,0.839,0.0
24/11/2019 04:00,0.82,0.379,0.032
24/11/2019 05:00,0.808,0.31,0.225
24/11/2019 06:00,0.044,0.809,0.43
24/11/2019 07:00,0.133,0.884,0.595
24/11/2019 08:00,0.191,0.922,0.708
24/11/2019 09:00,0.223,0.939,0.77
24/11/2019 10:00,0.256,0.953,0.786
24/11/2019 11:00,0.3,0.971,0.759
24/11/2019 12:00,0.348,0.982,0.686
24/11/2019 13:00,0.386,0.987,0.565
24/11/2019 14:00,0.404,0.985,0.391
24/11/2019 15:00,0.525,0.973,0.172
24/11/2019 16:00,0.635,0.953,0.02
24/11/2019 17:00,0.615,0.927,0.0
24/11/2019 18:00,0.531,0.891,0.0
24/11/2019 19:00,0.433,0.841,0.0
24/11/2019 20:00,0.398,0.781,0.0
24/11/2019 21:00,0.347,0.718,0.0
24/11/2019 22:00,0.235,0.658,0.0
24/11/2019 23:00,0.133,0.613,0.0
25/11/2019 00:00,0.072,0.59,0.0
25/11/2019 01:00,0.057,0.583,0.0
25/11/2019 02:00,0.03,0.58,0.0
25/11/2019 03:00,0.003,0.574,0.0
25/11/2019 04:00,0.001,0.574,0.034
25/11/2019 05:00,0.003,0.552,0.221
25/11/2019 06:00,0.048,0.515,0.422
25/11/2019 07:00,0.175,0.511,0.584
25/11/2019 08:00,0.266,0.464,0.696
25/11/2019 09:00,0.316,0.413,0.758
25/11/2019 10:00,0.383,0.374,0.774
25/11/2019 11:00,0.471,0.354,0.746
25/11/2019 12:00,0.516,0.35,0.673
25/11/2019 13:00,0.509,0.376,0.553
25/11/2019 14:00,0.51,0.407,0.383
25/11/2019 15:00,0.528,0.411,0.17
25/11/2019 16:00,0.464,0.404,0.022
25/11/2019 17:00,0.377,0.42,0.0
25/11/2019 18:00,0.254,0.415,0.0
25/11/2019 19:00,0.136,0.351,0.0
25/11/2019 20:00,0.059,0.266,0.0
25/11/2019 21:00,0.018,0.235,0.0
25/11/2019 22:00,0.003,0.254,0.0
25/11/2019 23:00,0.317,0.627,0.0
26/11/2019 00:00,0.398,0.586,0.0
26/11/2019 01:00,0.464,0.51,0.0
26/11/2019 02:00,0.464,0.433,0.0
26/11/2019 03:00,0.006,0.467,0.0
26/11/2019 04:00,0.004,0.493,0.031
26/11/2019 05:00,0.005,0.516,0.224
26/11/2019 06:00,0.052,0.545,0.426
26/11/2019 07:00,0.114,0.57,0.584
26/11/2019 08:00,0.183,0.571,0.694
26/11/2019 09:00,0.241,0.55,0.755
26/11/2019 10:00,0.274,0.494,0.771
26/11/2019 11:00,0.289,0.432,0.744
26/11/2019 12:00,0.298,0.367,0.672
26/11/2019 13:00,0.296,0.334,0.553
26/11/2019 14:00,0.283,0.337,0.383
26/11/2019 15:00,0.291,0.367,0.17
26/11/2019 16:00,0.343,0.407,0.019
26/11/2019 17:00,0.387,0.414,0.0
26/11/2019 18:00,0.265,0.405,0.0
26/11/2019 19:00,0.179,0.379,0.0
26/11/2019 20:00,0.119,0.34,0.0
26/11/2019 21:00,0.065,0.288,0.0
26/11/2019 22:00,0.03,0.249,0.0
26/11/2019 23:00,0.013,0.209,0.0
27/11/2019 00:00,0.005,0.184,0.0
27/11/2019 01:00,0.002,0.179,0.0
27/11/2019 02:00,0.001,0.187,0.0
27/11/2019 03:00,0.001,0.221,0.0
27/11/2019 04:00,0.002,0.27,0.029
27/11/2019 05:00,0.005,0.348,0.221
27/11/2019 06:00,0.126,0.425,0.423
27/11/2019 07:00,0.353,0.516,0.577
27/11/2019 08:00,0.547,0.556,0.681
27/11/2019 09:00,0.674,0.574,0.74
27/11/2019 10:00,0.734,0.586,0.754
27/11/2019 11:00,0.731,0.59,0.726
27/11/2019 12:00,0.682,0.613,0.655
27/11/2019 13:00,0.589,0.672,0.538
27/11/2019 14:00,0.444,0.773,0.372
27/11/2019 15:00,0.393,0.863,0.166
27/11/2019 16:00,0.482,0.922,0.022
27/11/2019 17:00,0.428,0.949,0.0
27/11/2019 18:00,0.269,0.958,0.0
27/11/2019 19:00,0.184,0.952,0.0
27/11/2019 20:00,0.144,0.94,0.0
27/11/2019 21:00,0.13,0.933,0.0
27/11/2019 22:00,0.121,0.921,0.0
27/11/2019 23:00,0.102,0.874,0.0
28/11/2019 00:00,0.068,0.788,0.0
28/11/2019 01:00,0.039,0.677,0.0
28/11/2019 02:00,0.029,0.574,0.0
28/11/2019 03:00,0.039,0.493,0.0
28/11/2019 04:00,0.042,0.442,0.032
28/11/2019 05:00,0.028,0.396,0.214
28/11/2019 06:00,0.074,0.332,0.408
28/11/2019 07:00,0.162,0.27,0.557
28/11/2019 08:00,0.231,0.193,0.663
28/11/2019 09:00,0.278,0.132,0.723
28/11/2019 10:00,0.313,0.101,0.739
28/11/2019 11:00,0.31,0.14,0.713
28/11/2019 12:00,0.265,0.24,0.644
28/11/2019 13:00,0.196,0.283,0.527
28/11/2019 14:00,0.114,0.278,0.364
28/11/2019 15:00,0.078,0.243,0.163
28/11/2019 16:00,0.103,0.174,0.027
28/11/2019 17:00,0.119,0.134,0.0
28/11/2019 18:00,0.096,0.132,0.0
28/11/2019 19:00,0.124,0.124,0.0
28/11/2019 20:00,0.258,0.094,0.0
28/11/2019 21:00,0.471,0.07,0.0
28/11/2019 22:00,0.669,0.049,0.0
28/11/2019 23:00,0.791,0.03,0.0
29/11/2019 00:00,0.858,0.027,0.0
29/11/2019 01:00,0.88,0.036,0.0
29/11/2019 02:00,0.872,0.027,0.0
29/11/2019 03:00,0.885,0.013,0.0
29/11/2019 04:00,0.859,0.013,0.054
29/11/2019 05:00,0.983,0.015,0.151
29/11/2019 06:00,0.991,0.009,0.209
29/11/2019 07:00,0.991,0.003,0.28
29/11/2019 08:00,0.982,0.001,0.381
29/11/2019 09:00,0.966,0.0,0.523
29/11/2019 10:00,0.948,0.0,0.595
29/11/2019 11:00,0.921,0.0,0.594
29/11/2019 12:00,0.86,0.0,0.554
29/11/2019 13:00,0.759,0.0,0.446
29/11/2019 14:00,0.682,0.008,0.291
29/11/2019 15:00,0.583,0.063,0.151
29/11/2019 16:00,0.328,0.155,0.044
29/11/2019 17:00,0.152,0.188,0.0
29/11/2019 18:00,0.58,0.156,0.0
29/11/2019 19:00,0.825,0.113,0.0
29/11/2019 20:00,0.672,0.073,0.0
29/11/2019 21:00,0.628,0.049,0.0
29/11/2019 22:00,0.532,0.024,0.0
29/11/2019 23:00,0.431,0.005,0.0
30/11/2019 00:00,0.409,0.0,0.0
30/11/2019 01:00,0.422,0.0,0.0
30/11/2019 02:00,0.459,0.0,0.0
30/11/2019 03:00,0.491,0.013,0.0
30/11/2019 04:00,0.382,0.069,0.053
30/11/2019 05:00,0.8,0.161,0.191
30/11/2019 06:00,0.949,0.223,0.365
30/11/2019 07:00,0.985,0.326,0.522
30/11/2019 08:00,0.99,0.523,0.613
30/11/2019 09:00,0.989,0.699,0.67
30/11/2019 10:00,0.986,0.766,0.694
30/11/2019 11:00,0.98,0.772,0.668
30/11/2019 12:00,0.949,0.751,0.538
30/11/2019 13:00,0.806,0.731,0.352
30/11/2019 14:00,0.7,0.731,0.213
30/11/2019 15:00,0.682,0.754,0.092
30/11/2019 16:00,0.563,0.788,0.029
30/11/2019 17:00,0.454,0.82,0.0
30/11/2019 18:00,0.4,0.839,0.0
30/11/2019 19:00,0.346,0.821,0.0
30/11/2019 20:00,0.327,0.797,0.0
30/11/2019 21:00,0.32,0.801,0.0
30/11/2019 22:00,0.323,0.808,0.0
30/11/2019 23:00,0.337,0.823,0.0
01/12/2019 00:00,0.329,0.839,0.0
01/12/2019 01:00,0.32,0.863,0.0
01/12/2019 02:00,0.312,0.882,0.0
01/12/2019 03:00,0.302,0.885,0.0
01/12/2019 04:00,0.278,0.884,0.049
01/12/2019 05:00,0.208,0.887,0.193
01/12/2019 06:00,0.136,0.904,0.385
01/12/2019 07:00,0.145,0.931,0.549
01/12/2019 08:00,0.271,0.942,0.664
01/12/2019 09:00,0.394,0.944,0.731
01/12/2019 10:00,0.51,0.954,0.748
01/12/2019 11:00,0.61,0.966,0.721
01/12/2019 12:00,0.612,0.972,0.651
01/12/2019 13:00,0.56,0.972,0.526
01/12/2019 14:00,0.501,0.968,0.34
01/12/2019 15:00,0.48,0.966,0.16
01/12/2019 16:00,0.465,0.961,0.047
01/12/2019 17:00,0.351,0.935,0.0
01/12/2019 18:00,0.258,0.866,0.0
01/12/2019 19:00,0.153,0.773,0.0
01/12/2019 20:00,0.075,0.701,0.0
01/12/2019 21:00,0.047,0.624,0.0
01/12/2019 22:00,0.038,0.54,0.0
01/12/2019 23:00,0.026,0.457,0.0
02/12/2019 00:00,0.021,0.376,0.0
02/12/2019 01:00,0.04,0.289,0.0
02/12/2019 02:00,0.096,0.218,0.0
02/12/2019 03:00,0.167,0.156,0.0
02/12/2019 04:00,0.139,0.11,0.049
02/12/2019 05:00,0.261,0.076,0.199
02/12/2019 06:00,0.55,0.054,0.377
02/12/2019 07:00,0.72,0.042,0.527
02/12/2019 08:00,0.827,0.023,0.621
02/12/2019 09:00,0.889,0.007,0.647
02/12/2019 10:00,0.921,0.002,0.617
02/12/2019 11:00,0.936,0.001,0.494
02/12/2019 12:00,0.949,0.001,0.424
02/12/2019 13:00,0.964,0.004,0.327
02/12/2019 14:00,0.97,0.012,0.184
02/12/2019 15:00,0.957,0.031,0.097
02/12/2019 16:00,0.846,0.06,0.036
02/12/2019 17:00,0.562,0.1,0.0
02/12/2019 18:00,0.85,0.118,0.0
02/12/2019 19:00,0.942,0.095,0.0
02/12/2019 20:00,0.686,0.071,0.0
02/12/2019 21:00,0.311,0.049,0.0
02/12/2019 22:00,0.202,0.028,0.0
02/12/2019 23:00,0.124,0.013,0.0
03/12/2019 00:00,0.133,0.004,0.0
03/12/2019 01:00,0.14,0.001,0.0
03/12/2019 02:00,0.219,0.0,0.0
03/12/2019 03:00,0.315,0.0,0.0
03/12/2019 04:00,0.456,0.0,0.053
03/12/2019 05:00,0.54,0.0,0.186
03/12/2019 06:00,0.701,0.0,0.296
03/12/2019 07:00,0.626,0.0,0.325
03/12/2019 08:00,0.51,0.0,0.43
03/12/2019 09:00,0.414,0.0,0.544
03/12/2019 10:00,0.294,0.0,0.67
03/12/2019 11:00,0.207,0.002,0.691
03/12/2019 12:00,0.199,0.029,0.626
03/12/2019 13:00,0.28,0.118,0.504
03/12/2019 14:00,0.442,0.197,0.318
03/12/2019 15:00,0.603,0.255,0.158
03/12/2019 16:00,0.676,0.283,0.05
03/12/2019 17:00,0.739,0.309,0.001
03/12/2019 18:00,0.639,0.311,0.0
03/12/2019 19:00,0.531,0.287,0.0
03/12/2019 20:00,0.552,0.286,0.0
03/12/2019 21:00,0.55,0.294,0.0
03/12/2019 22:00,0.502,0.287,0.0
03/12/2019 23:00,0.402,0.3,0.0
04/12/2019 00:00,0.292,0.333,0.0
04/12/2019 01:00,0.259,0.367,0.0
04/12/2019 02:00,0.257,0.398,0.0
04/12/2019 03:00,0.231,0.43,0.0
04/12/2019 04:00,0.233,0.466,0.027
04/12/2019 05:00,0.213,0.488,0.224
04/12/2019 06:00,0.195,0.522,0.437
04/12/2019 07:00,0.192,0.562,0.608
04/12/2019 08:00,0.205,0.567,0.725
04/12/2019 09:00,0.249,0.56,0.791
04/12/2019 10:00,0.284,0.561,0.809
04/12/2019 11:00,0.323,0.555,0.78
04/12/2019 12:00,0.368,0.557,0.704
04/12/2019 13:00,0.43,0.594,0.578
04/12/2019 14:00,0.502,0.668,0.401
04/12/2019 15:00,0.568,0.727,0.181
04/12/2019 16:00,0.61,0.77,0.02
04/12/2019 17:00,0.539,0.823,0.0
04/12/2019 18:00,0.452,0.866,0.0
04/12/2019 19:00,0.363,0.881,0.0
04/12/2019 20:00,0.255,0.888,0.0
04/12/2019 21:00,0.193,0.901,0.0
04/12/2019 22:00,0.15,0.902,0.0
04/12/2019 23:00,0.115,0.872,0.0
05/12/2019 00:00,0.091,0.814,0.0
05/12/2019 01:00,0.078,0.75,0.0
05/12/2019 02:00,0.069,0.689,0.0
05/12/2019 03:00,0.063,0.606,0.0
05/12/2019 04:00,0.03,0.52,0.043
05/12/2019 05:00,0.011,0.485,0.219
05/12/2019 06:00,0.004,0.45,0.405
05/12/2019 07:00,0.002,0.428,0.546
05/12/2019 08:00,0.002,0.398,0.603
05/12/2019 09:00,0.004,0.413,0.602
05/12/2019 10:00,0.005,0.456,0.533
05/12/2019 11:00,0.005,0.388,0.485
05/12/2019 12:00,0.005,0.309,0.399
05/12/2019 13:00,0.016,0.343,0.313
05/12/2019 14:00,0.029,0.451,0.211
05/12/2019 15:00,0.049,0.597,0.104
05/12/2019 16:00,0.078,0.688,0.032
05/12/2019 17:00,0.125,0.748,0.0
05/12/2019 18:00,0.236,0.765,0.0
05/12/2019 19:00,0.43,0.741,0.0
05/12/2019 20:00,0.503,0.692,0.0
05/12/2019 21:00,0.523,0.656,0.0
05/12/2019 22:00,0.535,0.61,0.0
05/12/2019 23:00,0.55,0.589,0.0
06/12/2019 00:00,0.547,0.571,0.0
06/12/2019 01:00,0.544,0.519,0.0
06/12/2019 02:00,0.525,0.51,0.0
06/12/2019 03:00,0.498,0.516,0.0
06/12/2019 04:00,0.591,0.537,0.044
06/12/2019 05:00,0.578,0.59,0.152
06/12/2019 06:00,0.448,0.663,0.322
06/12/2019 07:00,0.306,0.782,0.509
06/12/2019 08:00,0.2,0.846,0.627
06/12/2019 09:00,0.147,0.88,0.676
06/12/2019 10:00,0.127,0.9,0.674
06/12/2019 11:00,0.131,0.911,0.622
06/12/2019 12:00,0.136,0.93,0.584
06/12/2019 13:00,0.133,0.955,0.485
06/12/2019 14:00,0.117,0.975,0.349
06/12/2019 15:00,0.101,0.987,0.176
06/12/2019 16:00,0.082,0.991,0.044
06/12/2019 17:00,0.071,0.991,0.0
06/12/2019 18:00,0.062,0.99,0.0
06/12/2019 19:00,0.083,0.985,0.0
06/12/2019 20:00,0.089,0.979,0.0
06/12/2019 21:00,0.059,0.973,0.0
06/12/2019 22:00,0.039,0.959,0.0
06/12/2019 23:00,0.054,0.935,0.0
07/12/2019 00:00,0.101,0.911,0.0
07/12/2019 01:00,0.151,0.893,0.0
07/12/2019 02:00,0.184,0.89,0.0
07/12/2019 03:00,0.184,0.89,0.0
07/12/2019 04:00,0.135,0.883,0.04
07/12/2019 05:00,0.15,0.889,0.205
07/12/2019 06:00,0.149,0.906,0.394
07/12/2019 07:00,0.152,0.926,0.545
07/12/2019 08:00,0.142,0.909,0.655
07/12/2019 09:00,0.126,0.871,0.717
07/12/2019 10:00,0.107,0.806,0.723
07/12/2019 11:00,0.086,0.74,0.677
07/12/2019 12:00,0.054,0.66,0.587
07/12/2019 13:00,0.05,0.695,0.455
07/12/2019 14:00,0.113,0.772,0.323
07/12/2019 15:00,0.221,0.758,0.168
07/12/2019 16:00,0.328,0.708,0.045
07/12/2019 17:00,0.345,0.618,0.0
07/12/2019 18:00,0.322,0.525,0.0
07/12/2019 19:00,0.261,0.407,0.0
07/12/2019 20:00,0.183,0.292,0.0
07/12/2019 21:00,0.124,0.185,0.0
07/12/2019 22:00,0.083,0.08,0.0
07/12/2019 23:00,0.055,0.021,0.0
08/12/2019 00:00,0.045,0.004,0.0
08/12/2019 01:00,0.038,0.0,0.0
08/12/2019 02:00,0.024,0.001,0.0
08/12/2019 03:00,0.007,0.034,0.0
08/12/2019 04:00,0.002,0.08,0.035
08/12/2019 05:00,0.104,0.074,0.201
08/12/2019 06:00,0.138,0.09,0.39
08/12/2019 07:00,0.274,0.163,0.55
08/12/2019 08:00,0.009,0.444,0.659
08/12/2019 09:00,0.045,0.557,0.722
08/12/2019 10:00,0.08,0.613,0.74
08/12/2019 11:00,0.118,0.583,0.713
08/12/2019 12:00,0.161,0.578,0.644
08/12/2019 13:00,0.245,0.651,0.527
08/12/2019 14:00,0.368,0.722,0.355
08/12/2019 15:00,0.502,0.759,0.17
08/12/2019 16:00,0.583,0.772,0.043
08/12/2019 17:00,0.585,0.715,0.0
08/12/2019 18:00,0.582,0.583,0.0
08/12/2019 19:00,0.573,0.443,0.0
08/12/2019 20:00,0.539,0.289,0.0
08/12/2019 21:00,0.481,0.115,0.0
08/12/2019 22:00,0.417,0.093,0.0
08/12/2019 23:00,0.337,0.238,0.0
09/12/2019 00:00,0.275,0.413,0.0
09/12/2019 01:00,0.215,0.548,0.0
09/12/2019 02:00,0.185,0.602,0.0
09/12/2019 03:00,0.162,0.633,0.0
09/12/2019 04:00,0.144,0.643,0.053
09/12/2019 05:00,0.103,0.623,0.199
09/12/2019 06:00,0.057,0.613,0.385
09/12/2019 07:00,0.046,0.655,0.548
09/12/2019 08:00,0.058,0.638,0.65
09/12/2019 09:00,0.06,0.591,0.69
09/12/2019 10:00,0.058,0.55,0.687
09/12/2019 11:00,0.068,0.512,0.658
09/12/2019 12:00,0.118,0.457,0.542
09/12/2019 13:00,0.235,0.398,0.41
09/12/2019 14:00,0.38,0.361,0.256
09/12/2019 15:00,0.482,0.346,0.13
09/12/2019 16:00,0.508,0.349,0.04
09/12/2019 17:00,0.464,0.297,0.0
09/12/2019 18:00,0.41,0.233,0.0
09/12/2019 19:00,0.349,0.169,0.0
09/12/2019 20:00,0.249,0.086,0.0
09/12/2019 21:00,0.167,0.038,0.0
09/12/2019 22:00,0.134,0.011,0.0
09/12/2019 23:00,0.089,0.003,0.0
10/12/2019 00:00,0.049,0.001,0.0
10/12/2019 01:00,0.044,0.001,0.0
10/12/2019 02:00,0.036,0.0,0.0
10/12/2019 03:00,0.019,0.0,0.001
10/12/2019 04:00,0.016,0.0,0.044
10/12/2019 05:00,0.014,0.0,0.206
10/12/2019 06:00,0.006,0.0,0.376
10/12/2019 07:00,0.003,0.0,0.504
10/12/2019 08:00,0.005,0.0,0.508
10/12/2019 09:00,0.007,0.0,0.409
10/12/2019 10:00,0.006,0.0,0.438
10/12/2019 11:00,0.003,0.005,0.454
10/12/2019 12:00,0.03,0.362,0.466
10/12/2019 13:00,0.001,0.088,0.38
10/12/2019 14:00,0.002,0.153,0.295
10/12/2019 15:00,0.004,0.218,0.156
10/12/2019 16:00,0.002,0.219,0.054
10/12/2019 17:00,0.001,0.176,0.001
10/12/2019 18:00,0.002,0.118,0.0
10/12/2019 19:00,0.004,0.061,0.0
10/12/2019 20:00,0.008,0.04,0.0
10/12/2019 21:00,0.017,0.035,0.0
10/12/2019 22:00,0.039,0.009,0.0
10/12/2019 23:00,0.067,0.0,0.0
11/12/2019 00:00,0.09,0.0,0.0
11/12/2019 01:00,0.096,0.0,0.0
11/12/2019 02:00,0.108,0.0,0.0
11/12/2019 03:00,0.123,0.005,0.0
11/12/2019 04:00,0.09,0.025,0.03
11/12/2019 05:00,0.082,0.016,0.206
11/12/2019 06:00,0.069,0.008,0.403
11/12/2019 07:00,0.063,0.02,0.565
11/12/2019 08:00,0.057,0.065,0.677
11/12/2019 09:00,0.053,0.112,0.736
11/12/2019 10:00,0.078,0.146,0.759
11/12/2019 11:00,0.111,0.185,0.732
11/12/2019 12:00,0.137,0.223,0.66
11/12/2019 13:00,0.183,0.274,0.542
11/12/2019 14:00,0.257,0.316,0.378
11/12/2019 15:00,0.352,0.379,0.178
11/12/2019 16:00,0.407,0.444,0.029
11/12/2019 17:00,0.358,0.459,0.001
11/12/2019 18:00,0.253,0.394,0.0
11/12/2019 19:00,0.173,0.292,0.0
11/12/2019 20:00,0.101,0.206,0.0
11/12/2019 21:00,0.07,0.137,0.0
11/12/2019 22:00,0.055,0.084,0.0
11/12/2019 23:00,0.044,0.061,0.0
12/12/2019 00:00,0.038,0.07,0.0
12/12/2019 01:00,0.037,0.1,0.0
12/12/2019 02:00,0.036,0.14,0.0
12/12/2019 03:00,0.036,0.175,0.0
12/12/2019 04:00,0.029,0.193,0.029
12/12/2019 05:00,0.009,0.202,0.204
12/12/2019 06:00,0.004,0.184,0.401
12/12/2019 07:00,0.139,0.541,0.559
12/12/2019 08:00,0.001,0.095,0.669
12/12/2019 09:00,0.004,0.062,0.731
12/12/2019 10:00,0.008,0.044,0.748
12/12/2019 11:00,0.029,0.022,0.722
12/12/2019 12:00,0.045,0.006,0.652
12/12/2019 13:00,0.079,0.007,0.536
12/12/2019 14:00,0.141,0.019,0.375
12/12/2019 15:00,0.279,0.035,0.177
12/12/2019 16:00,0.457,0.057,0.028
12/12/2019 17:00,0.494,0.113,0.001
12/12/2019 18:00,0.432,0.139,0.0
12/12/2019 19:00,0.349,0.119,0.0
12/12/2019 20:00,0.265,0.088,0.0
12/12/2019 21:00,0.221,0.054,0.0
12/12/2019 22:00,0.172,0.02,0.0
12/12/2019 23:00,0.149,0.011,0.0
13/12/2019 00:00,0.149,0.014,0.0
13/12/2019 01:00,0.143,0.019,0.0
13/12/2019 02:00,0.123,0.03,0.0
13/12/2019 03:00,0.097,0.037,0.001
13/12/2019 04:00,0.058,0.04,0.034
13/12/2019 05:00,0.073,0.043,0.201
13/12/2019 06:00,0.103,0.051,0.393
13/12/2019 07:00,0.076,0.086,0.556
13/12/2019 08:00,0.063,0.087,0.667
13/12/2019 09:00,0.036,0.07,0.731
13/12/2019 10:00,0.016,0.041,0.748
13/12/2019 11:00,0.008,0.02,0.723
13/12/2019 12:00,0.007,0.017,0.654
13/12/2019 13:00,0.031,0.043,0.538
13/12/2019 14:00,0.001,0.095,0.376
13/12/2019 15:00,0.011,0.178,0.178
13/12/2019 16:00,0.12,0.3,0.03
13/12/2019 17:00,0.336,0.373,0.001
13/12/2019 18:00,0.384,0.285,0.0
13/12/2019 19:00,0.376,0.129,0.0
13/12/2019 20:00,0.353,0.067,0.0
13/12/2019 21:00,0.303,0.064,0.0
13/12/2019 22:00,0.28,0.073,0.0
13/12/2019 23:00,0.333,0.079,0.0
14/12/2019 00:00,0.454,0.072,0.0
14/12/2019 01:00,0.627,0.067,0.0
14/12/2019 02:00,0.744,0.105,0.0
14/12/2019 03:00,0.78,0.167,0.001
14/12/2019 04:00,0.734,0.182,0.03
14/12/2019 05:00,0.794,0.183,0.203
14/12/2019 06:00,0.858,0.169,0.4
14/12/2019 07:00,0.883,0.147,0.56
14/12/2019 08:00,0.896,0.138,0.672
14/12/2019 09:00,0.916,0.141,0.738
14/12/2019 10:00,0.935,0.166,0.758
14/12/2019 11:00,0.943,0.208,0.735
14/12/2019 12:00,0.942,0.27,0.666
14/12/2019 13:00,0.931,0.36,0.549
14/12/2019 14:00,0.895,0.46,0.385
14/12/2019 15:00,0.76,0.521,0.183
14/12/2019 16:00,0.374,0.494,0.027
14/12/2019 17:00,0.223,0.422,0.001
14/12/2019 18:00,0.175,0.346,0.0
14/12/2019 19:00,0.118,0.254,0.0
14/12/2019 20:00,0.051,0.173,0.0
14/12/2019 21:00,0.017,0.113,0.0
14/12/2019 22:00,0.007,0.068,0.0
14/12/2019 23:00,0.012,0.038,0.0
15/12/2019 00:00,0.05,0.027,0.0
15/12/2019 01:00,0.107,0.03,0.0
15/12/2019 02:00,0.144,0.038,0.0
15/12/2019 03:00,0.116,0.041,0.001
15/12/2019 04:00,0.107,0.045,0.026
15/12/2019 05:00,0.336,0.063,0.211
15/12/2019 06:00,0.61,0.064,0.426
15/12/2019 07:00,0.734,0.045,0.599
15/12/2019 08:00,0.808,0.03,0.719
15/12/2019 09:00,0.857,0.026,0.787
15/12/2019 10:00,0.903,0.023,0.807
15/12/2019 11:00,0.932,0.053,0.78
15/12/2019 12:00,0.937,0.181,0.706
15/12/2019 13:00,0.909,0.308,0.582
15/12/2019 14:00,0.855,0.341,0.408
15/12/2019 15:00,0.732,0.309,0.192
15/12/2019 16:00,0.518,0.328,0.021
15/12/2019 17:00,0.258,0.318,0.001
15/12/2019 18:00,0.121,0.234,0.0
15/12/2019 19:00,0.076,0.171,0.0
15/12/2019 20:00,0.058,0.112,0.0
15/12/2019 21:00,0.051,0.061,0.0
15/12/2019 22:00,0.028,0.038,0.0
15/12/2019 23:00,0.015,0.022,0.0
16/12/2019 00:00,0.015,0.016,0.0
16/12/2019 01:00,0.018,0.013,0.0
16/12/2019 02:00,0.024,0.004,0.0
16/12/2019 03:00,0.016,0.0,0.0
16/12/2019 04:00,0.005,0.0,0.022
16/12/2019 05:00,0.002,0.001,0.214
16/12/2019 06:00,0.007,0.752,0.425
16/12/2019 07:00,0.009,0.678,0.592
16/12/2019 08:00,0.003,0.692,0.706
16/12/2019 09:00,0.0,0.538,0.769
16/12/2019 10:00,0.0,0.273,0.785
16/12/2019 11:00,0.0,0.098,0.756
16/12/2019 12:00,0.001,0.009,0.682
16/12/2019 13:00,0.004,0.046,0.562
16/12/2019 14:00,0.002,0.147,0.394
16/12/2019 15:00,0.02,0.181,0.186
16/12/2019 16:00,0.056,0.179,0.021
16/12/2019 17:00,0.094,0.158,0.001
16/12/2019 18:00,0.103,0.119,0.0
16/12/2019 19:00,0.082,0.076,0.0
16/12/2019 20:00,0.056,0.054,0.0
16/12/2019 21:00,0.046,0.06,0.0
16/12/2019 22:00,0.065,0.068,0.0
16/12/2019 23:00,0.127,0.07,0.0
17/12/2019 00:00,0.236,0.083,0.0
17/12/2019 01:00,0.366,0.097,0.0
17/12/2019 02:00,0.488,0.09,0.0
17/12/2019 03:00,0.568,0.077,0.001
17/12/2019 04:00,0.458,0.061,0.023
17/12/2019 05:00,0.413,0.035,0.204
17/12/2019 06:00,0.697,0.017,0.4
17/12/2019 07:00,0.778,0.007,0.553
17/12/2019 08:00,0.785,0.004,0.66
17/12/2019 09:00,0.761,0.002,0.718
17/12/2019 10:00,0.723,0.001,0.733
17/12/2019 11:00,0.686,0.004,0.706
17/12/2019 12:00,0.661,0.033,0.632
17/12/2019 13:00,0.649,0.09,0.52
17/12/2019 14:00,0.646,0.13,0.353
17/12/2019 15:00,0.586,0.145,0.172
17/12/2019 16:00,0.481,0.154,0.038
17/12/2019 17:00,0.599,0.176,0.001
17/12/2019 18:00,0.782,0.213,0.0
17/12/2019 19:00,0.881,0.232,0.0
17/12/2019 20:00,0.924,0.212,0.0
17/12/2019 21:00,0.93,0.204,0.0
17/12/2019 22:00,0.887,0.201,0.0
17/12/2019 23:00,0.835,0.192,0.0
18/12/2019 00:00,0.826,0.173,0.0
18/12/2019 01:00,0.886,0.158,0.0
18/12/2019 02:00,0.874,0.163,0.0
18/12/2019 03:00,0.839,0.18,0.001
18/12/2019 04:00,0.82,0.189,0.046
18/12/2019 05:00,0.949,0.188,0.169
18/12/2019 06:00,0.973,0.182,0.311
18/12/2019 07:00,0.984,0.167,0.448
18/12/2019 08:00,0.983,0.138,0.571
18/12/2019 09:00,0.979,0.108,0.658
18/12/2019 10:00,0.972,0.108,0.747
18/12/2019 11:00,0.963,0.126,0.742
18/12/2019 12:00,0.941,0.162,0.669
18/12/2019 13:00,0.906,0.264,0.552
18/12/2019 14:00,0.89,0.442,0.387
18/12/2019 15:00,0.872,0.58,0.189
18/12/2019 16:00,0.675,0.61,0.034
18/12/2019 17:00,0.434,0.601,0.001
18/12/2019 18:00,0.325,0.573,0.0
18/12/2019 19:00,0.266,0.527,0.0
18/12/2019 20:00,0.173,0.466,0.0
18/12/2019 21:00,0.1,0.413,0.0
18/12/2019 22:00,0.041,0.362,0.0
18/12/2019 23:00,0.011,0.31,0.0
19/12/2019 00:00,0.002,0.259,0.0
19/12/2019 01:00,0.215,0.528,0.0
19/12/2019 02:00,0.178,0.498,0.0
19/12/2019 03:00,0.149,0.44,0.001
19/12/2019 04:00,0.003,0.133,0.027
19/12/2019 05:00,0.101,0.106,0.21
19/12/2019 06:00,0.367,0.068,0.422
19/12/2019 07:00,0.624,0.034,0.588
19/12/2019 08:00,0.782,0.012,0.7
19/12/2019 09:00,0.871,0.004,0.762
19/12/2019 10:00,0.908,0.004,0.778
19/12/2019 11:00,0.908,0.014,0.75
19/12/2019 12:00,0.889,0.079,0.678
19/12/2019 13:00,0.861,0.227,0.559
19/12/2019 14:00,0.819,0.323,0.393
19/12/2019 15:00,0.727,0.345,0.188
19/12/2019 16:00,0.462,0.312,0.025
19/12/2019 17:00,0.246,0.258,0.001
19/12/2019 18:00,0.139,0.223,0.0
19/12/2019 19:00,0.163,0.201,0.0
19/12/2019 20:00,0.191,0.165,0.0
19/12/2019 21:00,0.185,0.12,0.0
19/12/2019 22:00,0.17,0.082,0.0
19/12/2019 23:00,0.15,0.062,0.0
20/12/2019 00:00,0.118,0.057,0.0
20/12/2019 01:00,0.084,0.06,0.0
20/12/2019 02:00,0.051,0.072,0.0
20/12/2019 03:00,0.023,0.098,0.001
20/12/2019 04:00,0.007,0.133,0.025
20/12/2019 05:00,0.019,0.167,0.204
20/12/2019 06:00,0.082,0.228,0.405
20/12/2019 07:00,0.127,0.327,0.566
20/12/2019 08:00,0.161,0.377,0.677
20/12/2019 09:00,0.186,0.425,0.738
20/12/2019 10:00,0.196,0.492,0.753
20/12/2019 11:00,0.18,0.516,0.727
20/12/2019 12:00,0.148,0.482,0.657
20/12/2019 13:00,0.106,0.49,0.542
20/12/2019 14:00,0.053,0.596,0.381
20/12/2019 15:00,0.011,0.661,0.184
20/12/2019 16:00,0.041,0.685,0.026
20/12/2019 17:00,0.06,0.681,0.001
20/12/2019 18:00,0.083,0.659,0.0
20/12/2019 19:00,0.13,0.604,0.0
20/12/2019 20:00,0.199,0.532,0.0
20/12/2019 21:00,0.294,0.491,0.0
20/12/2019 22:00,0.353,0.445,0.0
20/12/2019 23:00,0.434,0.364,0.0
21/12/2019 00:00,0.52,0.285,0.0
21/12/2019 01:00,0.613,0.234,0.0
21/12/2019 02:00,0.654,0.211,0.0
21/12/2019 03:00,0.615,0.208,0.001
21/12/2019 04:00,0.371,0.22,0.03
21/12/2019 05:00,0.502,0.248,0.202
21/12/2019 06:00,0.816,0.306,0.399
21/12/2019 07:00,0.877,0.341,0.557
21/12/2019 08:00,0.887,0.341,0.667
21/12/2019 09:00,0.876,0.334,0.73
21/12/2019 10:00,0.849,0.312,0.747
21/12/2019 11:00,0.793,0.301,0.722
21/12/2019 12:00,0.682,0.353,0.652
21/12/2019 13:00,0.505,0.471,0.515
21/12/2019 14:00,0.387,0.585,0.317
21/12/2019 15:00,0.459,0.635,0.16
21/12/2019 16:00,0.512,0.656,0.051
21/12/2019 17:00,0.454,0.663,0.001
21/12/2019 18:00,0.475,0.674,0.0
21/12/2019 19:00,0.435,0.676,0.0
21/12/2019 20:00,0.348,0.666,0.0
21/12/2019 21:00,0.3,0.65,0.0
21/12/2019 22:00,0.276,0.613,0.0
21/12/2019 23:00,0.261,0.525,0.0
22/12/2019 00:00,0.269,0.479,0.0
22/12/2019 01:00,0.251,0.488,0.0
22/12/2019 02:00,0.236,0.525,0.0
22/12/2019 03:00,0.243,0.568,0.001
22/12/2019 04:00,0.237,0.599,0.033
22/12/2019 05:00,0.212,0.622,0.199
22/12/2019 06:00,0.151,0.687,0.394
22/12/2019 07:00,0.058,0.675,0.551
22/12/2019 08:00,0.013,0.548,0.659
22/12/2019 09:00,0.379,0.317,0.719
22/12/2019 10:00,0.219,0.28,0.735
22/12/2019 11:00,0.132,0.294,0.706
22/12/2019 12:00,0.001,0.152,0.623
22/12/2019 13:00,0.017,0.212,0.49
22/12/2019 14:00,0.033,0.364,0.335
22/12/2019 15:00,0.104,0.519,0.171
22/12/2019 16:00,0.171,0.496,0.049
22/12/2019 17:00,0.21,0.461,0.001
22/12/2019 18:00,0.251,0.415,0.0
22/12/2019 19:00,0.272,0.334,0.0
22/12/2019 20:00,0.355,0.248,0.0
22/12/2019 21:00,0.385,0.185,0.0
22/12/2019 22:00,0.387,0.129,0.0
22/12/2019 23:00,0.428,0.068,0.0
23/12/2019 00:00,0.46,0.037,0.0
23/12/2019 01:00,0.479,0.039,0.0
23/12/2019 02:00,0.459,0.069,0.0
23/12/2019 03:00,0.464,0.113,0.001
23/12/2019 04:00,0.538,0.152,0.03
23/12/2019 05:00,0.571,0.189,0.193
23/12/2019 06:00,0.466,0.296,0.385
23/12/2019 07:00,0.401,0.474,0.541
23/12/2019 08:00,0.344,0.633,0.65
23/12/2019 09:00,0.291,0.737,0.711
23/12/2019 10:00,0.253,0.772,0.728
23/12/2019 11:00,0.233,0.779,0.702
23/12/2019 12:00,0.222,0.819,0.634
23/12/2019 13:00,0.212,0.898,0.522
23/12/2019 14:00,0.208,0.95,0.367
23/12/2019 15:00,0.205,0.972,0.181
23/12/2019 16:00,0.201,0.977,0.033
23/12/2019 17:00,0.276,0.977,0.001
23/12/2019 18:00,0.422,0.971,0.0
23/12/2019 19:00,0.552,0.965,0.0
23/12/2019 20:00,0.627,0.945,0.0
23/12/2019 21:00,0.692,0.896,0.0
23/12/2019 22:00,0.792,0.788,0.0
23/12/2019 23:00,0.823,0.646,0.0
24/12/2019 00:00,0.777,0.54,0.0
24/12/2019 01:00,0.756,0.452,0.0
24/12/2019 02:00,0.802,0.367,0.0
24/12/2019 03:00,0.793,0.3,0.001
24/12/2019 04:00,0.831,0.246,0.031
24/12/2019 05:00,0.93,0.194,0.193
24/12/2019 06:00,0.962,0.151,0.385
24/12/2019 07:00,0.971,0.121,0.542
24/12/2019 08:00,0.968,0.132,0.65
24/12/2019 09:00,0.958,0.184,0.712
24/12/2019 10:00,0.936,0.224,0.728
24/12/2019 11:00,0.901,0.213,0.698
24/12/2019 12:00,0.858,0.182,0.629
24/12/2019 13:00,0.817,0.152,0.498
24/12/2019 14:00,0.72,0.133,0.346
24/12/2019 15:00,0.407,0.11,0.177
24/12/2019 16:00,0.182,0.093,0.033
24/12/2019 17:00,0.163,0.084,0.001
24/12/2019 18:00,0.094,0.062,0.0
24/12/2019 19:00,0.075,0.038,0.0
24/12/2019 20:00,0.118,0.012,0.0
24/12/2019 21:00,0.161,0.001,0.0
24/12/2019 22:00,0.166,0.0,0.0
24/12/2019 23:00,0.147,0.0,0.0
25/12/2019 00:00,0.159,0.0,0.0
25/12/2019 01:00,0.225,0.003,0.0
25/12/2019 02:00,0.329,0.031,0.0
25/12/2019 03:00,0.41,0.088,0.001
25/12/2019 04:00,0.521,0.159,0.03
25/12/2019 05:00,0.92,0.245,0.196
25/12/2019 06:00,0.966,0.311,0.398
25/12/2019 07:00,0.974,0.413,0.561
25/12/2019 08:00,0.977,0.509,0.674
25/12/2019 09:00,0.978,0.566,0.739
25/12/2019 10:00,0.977,0.627,0.756
25/12/2019 11:00,0.976,0.659,0.731
25/12/2019 12:00,0.975,0.678,0.661
25/12/2019 13:00,0.974,0.697,0.543
25/12/2019 14:00,0.964,0.708,0.381
25/12/2019 15:00,0.936,0.697,0.188
25/12/2019 16:00,0.835,0.637,0.03
25/12/2019 17:00,0.626,0.523,0.001
25/12/2019 18:00,0.42,0.394,0.0
25/12/2019 19:00,0.266,0.273,0.0
25/12/2019 20:00,0.175,0.168,0.0
25/12/2019 21:00,0.169,0.099,0.0
25/12/2019 22:00,0.223,0.052,0.0
25/12/2019 23:00,0.239,0.027,0.0
26/12/2019 00:00,0.227,0.018,0.0
26/12/2019 01:00,0.3,0.016,0.0
26/12/2019 02:00,0.354,0.015,0.0
26/12/2019 03:00,0.377,0.01,0.001
26/12/2019 04:00,0.362,0.003,0.025
26/12/2019 05:00,0.745,0.0,0.204
26/12/2019 06:00,0.916,0.0,0.418
26/12/2019 07:00,0.959,0.001,0.588
26/12/2019 08:00,0.973,0.001,0.703
26/12/2019 09:00,0.979,0.0,0.766
26/12/2019 10:00,0.983,0.0,0.781
26/12/2019 11:00,0.986,0.0,0.751
26/12/2019 12:00,0.989,0.0,0.678
26/12/2019 13:00,0.989,0.041,0.561
26/12/2019 14:00,0.989,0.138,0.394
26/12/2019 15:00,0.987,0.233,0.192
26/12/2019 16:00,0.969,0.302,0.029
26/12/2019 17:00,0.922,0.347,0.001
26/12/2019 18:00,0.871,0.355,0.0
26/12/2019 19:00,0.79,0.333,0.0
26/12/2019 20:00,0.555,0.291,0.0
26/12/2019 21:00,0.332,0.239,0.0
26/12/2019 22:00,0.162,0.206,0.0
26/12/2019 23:00,0.085,0.237,0.0
27/12/2019 00:00,0.052,0.325,0.0
27/12/2019 01:00,0.028,0.38,0.0
27/12/2019 02:00,0.02,0.402,0.0
27/12/2019 03:00,0.017,0.449,0.0
27/12/2019 04:00,0.014,0.464,0.037
27/12/2019 05:00,0.047,0.467,0.124
27/12/2019 06:00,0.111,0.523,0.251
27/12/2019 07:00,0.182,0.544,0.449
27/12/2019 08:00,0.241,0.564,0.517
27/12/2019 09:00,0.266,0.593,0.642
27/12/2019 10:00,0.245,0.624,0.732
27/12/2019 11:00,0.204,0.668,0.711
27/12/2019 12:00,0.163,0.712,0.649
27/12/2019 13:00,0.155,0.737,0.545
27/12/2019 14:00,0.201,0.75,0.389
27/12/2019 15:00,0.341,0.744,0.196
27/12/2019 16:00,0.562,0.678,0.036
27/12/2019 17:00,0.69,0.556,0.001
27/12/2019 18:00,0.67,0.438,0.0
27/12/2019 19:00,0.577,0.358,0.0
27/12/2019 20:00,0.491,0.295,0.0
27/12/2019 21:00,0.448,0.225,0.0
27/12/2019 22:00,0.442,0.141,0.0
27/12/2019 23:00,0.42,0.063,0.0
28/12/2019 00:00,0.379,0.018,0.0
28/12/2019 01:00,0.332,0.004,0.0
28/12/2019 02:00,0.295,0.002,0.0
28/12/2019 03:00,0.236,0.003,0.001
28/12/2019 04:00,0.156,0.01,0.031
28/12/2019 05:00,0.1,0.043,0.195
28/12/2019 06:00,0.12,0.101,0.39
28/12/2019 07:00,0.183,0.125,0.538
28/12/2019 08:00,0.306,0.115,0.643
28/12/2019 09:00,0.413,0.085,0.705
28/12/2019 10:00,0.479,0.046,0.721
28/12/2019 11:00,0.47,0.027,0.689
28/12/2019 12:00,0.395,0.045,0.617
28/12/2019 13:00,0.31,0.101,0.52
28/12/2019 14:00,0.199,0.176,0.367
28/12/2019 15:00,0.13,0.38,0.179
28/12/2019 16:00,0.105,0.403,0.043
28/12/2019 17:00,0.167,0.281,0.001
28/12/2019 18:00,0.164,0.19,0.0
28/12/2019 19:00,0.106,0.099,0.0
28/12/2019 20:00,0.071,0.042,0.0
28/12/2019 21:00,0.103,0.032,0.0
28/12/2019 22:00,0.137,0.045,0.0
28/12/2019 23:00,0.17,0.066,0.0
29/12/2019 00:00,0.218,0.083,0.0
29/12/2019 01:00,0.344,0.099,0.0
29/12/2019 02:00,0.624,0.101,0.0
29/12/2019 03:00,0.794,0.077,0.0
29/12/2019 04:00,0.631,0.07,0.05
29/12/2019 05:00,0.459,0.077,0.178
29/12/2019 06:00,0.459,0.086,0.362
29/12/2019 07:00,0.556,0.103,0.524
29/12/2019 08:00,0.636,0.133,0.654
29/12/2019 09:00,0.583,0.18,0.722
29/12/2019 10:00,0.494,0.236,0.74
29/12/2019 11:00,0.367,0.291,0.713
29/12/2019 12:00,0.296,0.359,0.633
29/12/2019 13:00,0.291,0.481,0.505
29/12/2019 14:00,0.26,0.609,0.334
29/12/2019 15:00,0.199,0.685,0.174
29/12/2019 16:00,0.144,0.707,0.051
29/12/2019 17:00,0.228,0.676,0.001
29/12/2019 18:00,0.372,0.594,0.0
29/12/2019 19:00,0.454,0.476,0.0
29/12/2019 20:00,0.479,0.363,0.0
29/12/2019 21:00,0.447,0.289,0.0
29/12/2019 22:00,0.413,0.259,0.0
29/12/2019 23:00,0.408,0.25,0.0
30/12/2019 00:00,0.425,0.249,0.0
30/12/2019 01:00,0.437,0.265,0.0
30/12/2019 02:00,0.459,0.281,0.0
30/12/2019 03:00,0.47,0.276,0.001
30/12/2019 04:00,0.386,0.253,0.055
30/12/2019 05:00,0.457,0.239,0.152
30/12/2019 06:00,0.43,0.237,0.293
30/12/2019 07:00,0.467,0.243,0.466
30/12/2019 08:00,0.519,0.217,0.63
30/12/2019 09:00,0.535,0.201,0.673
30/12/2019 10:00,0.494,0.218,0.691
30/12/2019 11:00,0.439,0.222,0.617
30/12/2019 12:00,0.418,0.243,0.56
30/12/2019 13:00,0.408,0.306,0.468
30/12/2019 14:00,0.341,0.364,0.345
30/12/2019 15:00,0.19,0.384,0.182
30/12/2019 16:00,0.063,0.376,0.051
30/12/2019 17:00,0.109,0.355,0.001
30/12/2019 18:00,0.155,0.311,0.0
30/12/2019 19:00,0.162,0.272,0.0
30/12/2019 20:00,0.165,0.249,0.0
30/12/2019 21:00,0.157,0.233,0.0
30/12/2019 22:00,0.141,0.223,0.0
30/12/2019 23:00,0.126,0.205,0.0
31/12/2019 00:00,0.111,0.188,0.0
31/12/2019 01:00,0.111,0.178,0.0
31/12/2019 02:00,0.113,0.177,0.0
31/12/2019 03:00,0.116,0.171,0.001
31/12/2019 04:00,0.1,0.17,0.029
31/12/2019 05:00,0.064,0.169,0.189
31/12/2019 06:00,0.024,0.17,0.388
31/12/2019 07:00,0.006,0.176,0.545
31/12/2019 08:00,0.008,0.188,0.656
31/12/2019 09:00,0.02,0.22,0.719
31/12/2019 10:00,0.017,0.278,0.737
31/12/2019 11:00,0.013,0.382,0.713
31/12/2019 12:00,0.044,0.519,0.647
31/12/2019 13:00,0.045,0.648,0.537
31/12/2019 14:00,0.083,0.748,0.382
31/12/2019 15:00,0.181,0.806,0.192
31/12/2019 16:00,0.399,0.848,0.026
31/12/2019 17:00,0.535,0.87,0.001
31/12/2019 18:00,0.491,0.869,0.0
31/12/2019 19:00,0.389,0.863,0.0
31/12/2019 20:00,0.294,0.877,0.0
31/12/2019 21:00,0.223,0.862,0.0
31/12/2019 22:00,0.164,0.822,0.0
31/12/2019 23:00,0.111,0.795,0.0
