Unnamed: 0,ETH1,ETH2,ETH3,ETH4,KEN_MTKR1,KEN_NBOR1,KEN_NBOR2,KEN_NBOR3
01/01/2019 00:00,0.125,0.125,0.023,0.03,0.306,0.21,0.2,0.476
01/01/2019 01:00,0.113,0.113,0.018,0.025,0.295,0.2,0.192,0.457
01/01/2019 02:00,0.103,0.103,0.019,0.026,0.266,0.217,0.207,0.486
01/01/2019 03:00,0.089,0.089,0.027,0.034,0.215,0.185,0.175,0.425
01/01/2019 04:00,0.087,0.087,0.029,0.036,0.234,0.168,0.162,0.379
01/01/2019 05:00,0.213,0.213,0.053,0.063,0.642,0.28,0.275,0.575
01/01/2019 06:00,0.268,0.268,0.121,0.142,0.684,0.287,0.282,0.585
01/01/2019 07:00,0.302,0.302,0.153,0.181,0.647,0.268,0.262,0.553
01/01/2019 08:00,0.33,0.33,0.178,0.21,0.615,0.248,0.243,0.52
01/01/2019 09:00,0.339,0.339,0.213,0.252,0.566,0.219,0.215,0.47
01/01/2019 10:00,0.348,0.348,0.244,0.288,0.503,0.188,0.185,0.417
01/01/2019 11:00,0.368,0.368,0.265,0.312,0.459,0.169,0.164,0.379
01/01/2019 12:00,0.403,0.403,0.277,0.325,0.437,0.17,0.165,0.386
01/01/2019 13:00,0.436,0.436,0.281,0.331,0.431,0.197,0.192,0.442
01/01/2019 14:00,0.447,0.447,0.259,0.305,0.43,0.236,0.23,0.523
01/01/2019 15:00,0.479,0.479,0.229,0.27,0.395,0.279,0.268,0.617
01/01/2019 16:00,0.473,0.473,0.191,0.226,0.393,0.36,0.348,0.724
01/01/2019 17:00,0.411,0.411,0.151,0.178,0.39,0.386,0.374,0.749
01/01/2019 18:00,0.321,0.321,0.12,0.142,0.369,0.38,0.368,0.743
01/01/2019 19:00,0.229,0.229,0.097,0.114,0.335,0.314,0.302,0.663
01/01/2019 20:00,0.172,0.172,0.081,0.095,0.322,0.249,0.237,0.567
01/01/2019 21:00,0.138,0.138,0.069,0.081,0.31,0.23,0.218,0.532
01/01/2019 22:00,0.113,0.113,0.054,0.064,0.289,0.223,0.211,0.52
01/01/2019 23:00,0.086,0.086,0.04,0.048,0.277,0.225,0.213,0.517
02/01/2019 00:00,0.065,0.065,0.031,0.038,0.28,0.235,0.223,0.527
02/01/2019 01:00,0.05,0.05,0.03,0.038,0.277,0.24,0.229,0.527
02/01/2019 02:00,0.035,0.035,0.03,0.038,0.264,0.228,0.218,0.504
02/01/2019 03:00,0.022,0.022,0.035,0.043,0.236,0.191,0.181,0.434
02/01/2019 04:00,0.015,0.015,0.039,0.047,0.196,0.189,0.183,0.422
02/01/2019 05:00,0.085,0.085,0.079,0.093,0.521,0.29,0.285,0.595
02/01/2019 06:00,0.155,0.155,0.199,0.235,0.605,0.245,0.24,0.528
02/01/2019 07:00,0.158,0.158,0.22,0.26,0.568,0.179,0.174,0.407
02/01/2019 08:00,0.15,0.15,0.205,0.243,0.535,0.143,0.14,0.331
02/01/2019 09:00,0.155,0.155,0.179,0.212,0.487,0.135,0.131,0.311
02/01/2019 10:00,0.169,0.169,0.155,0.183,0.413,0.14,0.135,0.322
02/01/2019 11:00,0.193,0.193,0.137,0.162,0.344,0.152,0.148,0.352
02/01/2019 12:00,0.227,0.227,0.126,0.148,0.298,0.18,0.176,0.41
02/01/2019 13:00,0.273,0.273,0.128,0.151,0.28,0.225,0.22,0.5
02/01/2019 14:00,0.322,0.322,0.159,0.188,0.275,0.281,0.275,0.595
02/01/2019 15:00,0.403,0.403,0.19,0.225,0.262,0.344,0.333,0.702
02/01/2019 16:00,0.439,0.439,0.156,0.185,0.323,0.44,0.427,0.803
02/01/2019 17:00,0.388,0.388,0.128,0.15,0.377,0.445,0.435,0.809
02/01/2019 18:00,0.314,0.314,0.108,0.127,0.41,0.418,0.407,0.786
02/01/2019 19:00,0.221,0.221,0.093,0.109,0.426,0.38,0.368,0.751
02/01/2019 20:00,0.146,0.146,0.074,0.087,0.409,0.325,0.314,0.69
02/01/2019 21:00,0.103,0.103,0.047,0.056,0.373,0.283,0.27,0.628
02/01/2019 22:00,0.078,0.078,0.02,0.027,0.332,0.273,0.26,0.61
02/01/2019 23:00,0.067,0.067,0.007,0.012,0.287,0.28,0.268,0.62
03/01/2019 00:00,0.062,0.062,0.003,0.007,0.249,0.298,0.285,0.643
03/01/2019 01:00,0.057,0.057,0.002,0.005,0.221,0.314,0.3,0.661
03/01/2019 02:00,0.052,0.052,0.003,0.007,0.204,0.318,0.305,0.666
03/01/2019 03:00,0.052,0.052,0.006,0.011,0.211,0.296,0.283,0.632
03/01/2019 04:00,0.055,0.055,0.012,0.017,0.277,0.219,0.212,0.48
03/01/2019 05:00,0.164,0.164,0.03,0.037,0.656,0.412,0.407,0.751
03/01/2019 06:00,0.225,0.225,0.093,0.109,0.68,0.388,0.383,0.721
03/01/2019 07:00,0.259,0.259,0.115,0.135,0.631,0.329,0.324,0.648
03/01/2019 08:00,0.308,0.308,0.137,0.162,0.58,0.29,0.285,0.592
03/01/2019 09:00,0.377,0.377,0.175,0.206,0.544,0.294,0.29,0.596
03/01/2019 10:00,0.469,0.469,0.22,0.26,0.539,0.323,0.319,0.636
03/01/2019 11:00,0.583,0.583,0.257,0.303,0.555,0.354,0.352,0.679
03/01/2019 12:00,0.705,0.705,0.291,0.341,0.576,0.385,0.382,0.718
03/01/2019 13:00,0.794,0.794,0.326,0.381,0.578,0.409,0.405,0.745
03/01/2019 14:00,0.826,0.826,0.322,0.377,0.542,0.434,0.43,0.774
03/01/2019 15:00,0.767,0.767,0.222,0.263,0.452,0.398,0.39,0.749
03/01/2019 16:00,0.692,0.692,0.181,0.214,0.42,0.349,0.338,0.695
03/01/2019 17:00,0.609,0.609,0.181,0.213,0.42,0.298,0.288,0.63
03/01/2019 18:00,0.571,0.571,0.145,0.171,0.403,0.228,0.22,0.523
03/01/2019 19:00,0.577,0.577,0.115,0.135,0.379,0.176,0.167,0.427
03/01/2019 20:00,0.487,0.487,0.111,0.13,0.36,0.143,0.136,0.358
03/01/2019 21:00,0.417,0.417,0.095,0.112,0.348,0.132,0.124,0.332
03/01/2019 22:00,0.365,0.365,0.061,0.072,0.335,0.13,0.123,0.332
03/01/2019 23:00,0.335,0.335,0.039,0.047,0.322,0.143,0.135,0.365
04/01/2019 00:00,0.299,0.299,0.042,0.05,0.324,0.145,0.137,0.368
04/01/2019 01:00,0.3,0.3,0.052,0.062,0.364,0.142,0.133,0.364
04/01/2019 02:00,0.305,0.305,0.065,0.076,0.464,0.161,0.152,0.399
04/01/2019 03:00,0.297,0.297,0.073,0.086,0.553,0.162,0.153,0.392
04/01/2019 04:00,0.299,0.299,0.054,0.064,0.673,0.115,0.11,0.285
04/01/2019 05:00,0.577,0.577,0.097,0.114,0.791,0.231,0.224,0.52
04/01/2019 06:00,0.748,0.748,0.25,0.295,0.794,0.53,0.527,0.846
04/01/2019 07:00,0.812,0.812,0.32,0.374,0.824,0.763,0.767,0.955
04/01/2019 08:00,0.842,0.842,0.374,0.435,0.835,0.824,0.83,0.973
04/01/2019 09:00,0.85,0.85,0.431,0.496,0.828,0.8,0.805,0.967
04/01/2019 10:00,0.837,0.837,0.472,0.538,0.818,0.739,0.742,0.947
04/01/2019 11:00,0.813,0.813,0.489,0.556,0.806,0.695,0.698,0.931
04/01/2019 12:00,0.791,0.791,0.489,0.556,0.796,0.678,0.68,0.926
04/01/2019 13:00,0.775,0.775,0.46,0.526,0.79,0.648,0.649,0.913
04/01/2019 14:00,0.713,0.713,0.347,0.405,0.771,0.599,0.598,0.89
04/01/2019 15:00,0.662,0.662,0.206,0.244,0.697,0.464,0.458,0.802
04/01/2019 16:00,0.63,0.63,0.121,0.142,0.638,0.372,0.363,0.713
04/01/2019 17:00,0.556,0.556,0.079,0.093,0.591,0.361,0.352,0.698
04/01/2019 18:00,0.473,0.473,0.068,0.08,0.552,0.35,0.34,0.682
04/01/2019 19:00,0.392,0.392,0.067,0.079,0.491,0.326,0.316,0.656
04/01/2019 20:00,0.332,0.332,0.068,0.08,0.518,0.317,0.306,0.653
04/01/2019 21:00,0.27,0.27,0.064,0.075,0.47,0.287,0.276,0.606
04/01/2019 22:00,0.225,0.225,0.054,0.064,0.401,0.236,0.226,0.52
04/01/2019 23:00,0.199,0.199,0.05,0.059,0.276,0.199,0.19,0.455
05/01/2019 00:00,0.183,0.183,0.056,0.066,0.26,0.196,0.186,0.447
05/01/2019 01:00,0.174,0.174,0.068,0.08,0.277,0.215,0.205,0.483
05/01/2019 02:00,0.174,0.174,0.081,0.095,0.3,0.241,0.23,0.523
05/01/2019 03:00,0.192,0.192,0.089,0.105,0.318,0.246,0.236,0.524
05/01/2019 04:00,0.213,0.213,0.084,0.098,0.367,0.321,0.314,0.635
05/01/2019 05:00,0.502,0.502,0.204,0.241,0.596,0.597,0.596,0.886
05/01/2019 06:00,0.597,0.597,0.509,0.577,0.704,0.67,0.671,0.921
05/01/2019 07:00,0.658,0.658,0.62,0.687,0.73,0.651,0.654,0.912
05/01/2019 08:00,0.702,0.702,0.636,0.702,0.709,0.613,0.614,0.891
05/01/2019 09:00,0.713,0.713,0.611,0.678,0.674,0.581,0.582,0.873
05/01/2019 10:00,0.691,0.691,0.564,0.633,0.637,0.567,0.568,0.865
05/01/2019 11:00,0.646,0.646,0.512,0.58,0.607,0.56,0.559,0.86
05/01/2019 12:00,0.605,0.605,0.465,0.532,0.604,0.553,0.553,0.859
05/01/2019 13:00,0.581,0.581,0.413,0.476,0.626,0.554,0.553,0.863
05/01/2019 14:00,0.546,0.546,0.297,0.348,0.645,0.56,0.557,0.87
05/01/2019 15:00,0.583,0.583,0.208,0.245,0.603,0.466,0.459,0.811
05/01/2019 16:00,0.617,0.617,0.178,0.211,0.621,0.396,0.387,0.752
05/01/2019 17:00,0.568,0.568,0.177,0.209,0.645,0.37,0.36,0.726
05/01/2019 18:00,0.499,0.499,0.175,0.206,0.654,0.354,0.346,0.707
05/01/2019 19:00,0.423,0.423,0.176,0.208,0.636,0.331,0.322,0.673
05/01/2019 20:00,0.349,0.349,0.172,0.203,0.607,0.27,0.261,0.59
05/01/2019 21:00,0.297,0.297,0.164,0.193,0.56,0.203,0.195,0.48
05/01/2019 22:00,0.222,0.222,0.152,0.18,0.436,0.158,0.149,0.38
05/01/2019 23:00,0.169,0.169,0.147,0.174,0.305,0.134,0.126,0.33
06/01/2019 00:00,0.148,0.148,0.151,0.179,0.252,0.123,0.116,0.302
06/01/2019 01:00,0.136,0.136,0.16,0.19,0.239,0.149,0.141,0.351
06/01/2019 02:00,0.125,0.125,0.183,0.216,0.219,0.18,0.169,0.41
06/01/2019 03:00,0.113,0.113,0.197,0.233,0.196,0.202,0.192,0.457
06/01/2019 04:00,0.097,0.097,0.191,0.226,0.157,0.233,0.225,0.512
06/01/2019 05:00,0.232,0.232,0.32,0.374,0.491,0.401,0.396,0.742
06/01/2019 06:00,0.322,0.322,0.603,0.671,0.701,0.384,0.38,0.718
06/01/2019 07:00,0.387,0.387,0.629,0.695,0.727,0.344,0.34,0.668
06/01/2019 08:00,0.457,0.457,0.598,0.666,0.695,0.315,0.31,0.628
06/01/2019 09:00,0.523,0.523,0.546,0.614,0.634,0.293,0.288,0.592
06/01/2019 10:00,0.565,0.565,0.465,0.532,0.562,0.287,0.282,0.57
06/01/2019 11:00,0.577,0.577,0.36,0.419,0.501,0.292,0.288,0.569
06/01/2019 12:00,0.57,0.57,0.268,0.316,0.47,0.307,0.302,0.592
06/01/2019 13:00,0.558,0.558,0.198,0.234,0.468,0.333,0.327,0.637
06/01/2019 14:00,0.515,0.515,0.154,0.182,0.453,0.358,0.352,0.682
06/01/2019 15:00,0.494,0.494,0.133,0.157,0.39,0.298,0.288,0.626
06/01/2019 16:00,0.446,0.446,0.103,0.121,0.433,0.242,0.232,0.549
06/01/2019 17:00,0.354,0.354,0.083,0.097,0.448,0.209,0.199,0.487
06/01/2019 18:00,0.274,0.274,0.073,0.086,0.427,0.164,0.155,0.398
06/01/2019 19:00,0.222,0.222,0.068,0.08,0.406,0.148,0.14,0.358
06/01/2019 20:00,0.185,0.185,0.058,0.068,0.385,0.148,0.14,0.352
06/01/2019 21:00,0.159,0.159,0.043,0.052,0.34,0.165,0.155,0.39
06/01/2019 22:00,0.133,0.133,0.028,0.036,0.293,0.188,0.178,0.448
06/01/2019 23:00,0.106,0.106,0.018,0.025,0.25,0.2,0.189,0.475
07/01/2019 00:00,0.089,0.089,0.015,0.021,0.219,0.219,0.207,0.508
07/01/2019 01:00,0.075,0.075,0.017,0.023,0.183,0.243,0.231,0.546
07/01/2019 02:00,0.064,0.064,0.024,0.031,0.15,0.274,0.261,0.593
07/01/2019 03:00,0.056,0.056,0.035,0.043,0.134,0.29,0.276,0.613
07/01/2019 04:00,0.042,0.042,0.045,0.054,0.106,0.218,0.211,0.468
07/01/2019 05:00,0.078,0.078,0.061,0.072,0.336,0.395,0.389,0.736
07/01/2019 06:00,0.117,0.117,0.159,0.187,0.568,0.404,0.401,0.742
07/01/2019 07:00,0.155,0.155,0.186,0.22,0.622,0.339,0.335,0.661
07/01/2019 08:00,0.212,0.212,0.214,0.253,0.615,0.289,0.284,0.59
07/01/2019 09:00,0.293,0.293,0.245,0.288,0.592,0.278,0.273,0.575
07/01/2019 10:00,0.395,0.395,0.267,0.314,0.574,0.3,0.297,0.608
07/01/2019 11:00,0.499,0.499,0.271,0.319,0.553,0.329,0.325,0.65
07/01/2019 12:00,0.591,0.591,0.271,0.319,0.532,0.353,0.351,0.682
07/01/2019 13:00,0.666,0.666,0.269,0.317,0.5,0.374,0.37,0.709
07/01/2019 14:00,0.677,0.677,0.229,0.27,0.442,0.389,0.382,0.732
07/01/2019 15:00,0.657,0.657,0.176,0.208,0.35,0.42,0.409,0.78
07/01/2019 16:00,0.615,0.615,0.127,0.15,0.382,0.474,0.463,0.828
07/01/2019 17:00,0.516,0.516,0.106,0.125,0.465,0.444,0.435,0.804
07/01/2019 18:00,0.38,0.38,0.092,0.108,0.543,0.394,0.383,0.753
07/01/2019 19:00,0.245,0.245,0.087,0.102,0.584,0.327,0.316,0.667
07/01/2019 20:00,0.167,0.167,0.077,0.09,0.604,0.315,0.304,0.647
07/01/2019 21:00,0.117,0.117,0.06,0.071,0.578,0.298,0.288,0.623
07/01/2019 22:00,0.084,0.084,0.045,0.053,0.423,0.331,0.32,0.665
07/01/2019 23:00,0.06,0.06,0.041,0.05,0.38,0.339,0.327,0.673
08/01/2019 00:00,0.045,0.045,0.05,0.059,0.344,0.363,0.352,0.703
08/01/2019 01:00,0.038,0.038,0.067,0.079,0.31,0.352,0.341,0.687
08/01/2019 02:00,0.038,0.038,0.089,0.104,0.28,0.323,0.311,0.651
08/01/2019 03:00,0.043,0.043,0.111,0.131,0.239,0.279,0.269,0.586
08/01/2019 04:00,0.035,0.035,0.113,0.133,0.168,0.269,0.262,0.572
08/01/2019 05:00,0.073,0.073,0.046,0.055,0.451,0.407,0.401,0.752
08/01/2019 06:00,0.147,0.147,0.186,0.22,0.604,0.36,0.355,0.697
08/01/2019 07:00,0.225,0.225,0.251,0.296,0.63,0.28,0.275,0.585
08/01/2019 08:00,0.306,0.306,0.279,0.328,0.618,0.21,0.204,0.461
08/01/2019 09:00,0.389,0.389,0.285,0.335,0.56,0.163,0.158,0.365
08/01/2019 10:00,0.467,0.467,0.279,0.329,0.47,0.141,0.136,0.316
08/01/2019 11:00,0.525,0.525,0.27,0.318,0.407,0.144,0.141,0.324
08/01/2019 12:00,0.568,0.568,0.258,0.304,0.366,0.174,0.169,0.383
08/01/2019 13:00,0.609,0.609,0.241,0.285,0.344,0.221,0.216,0.474
08/01/2019 14:00,0.59,0.59,0.201,0.238,0.325,0.268,0.262,0.56
08/01/2019 15:00,0.562,0.562,0.159,0.187,0.339,0.268,0.255,0.592
08/01/2019 16:00,0.526,0.526,0.108,0.126,0.483,0.293,0.28,0.637
08/01/2019 17:00,0.442,0.442,0.068,0.079,0.579,0.282,0.27,0.615
08/01/2019 18:00,0.333,0.333,0.047,0.056,0.565,0.234,0.223,0.538
08/01/2019 19:00,0.223,0.223,0.059,0.069,0.518,0.215,0.204,0.499
08/01/2019 20:00,0.148,0.148,0.077,0.09,0.479,0.202,0.192,0.482
08/01/2019 21:00,0.111,0.111,0.087,0.102,0.417,0.195,0.184,0.47
08/01/2019 22:00,0.09,0.09,0.088,0.103,0.336,0.179,0.168,0.429
08/01/2019 23:00,0.085,0.085,0.076,0.09,0.266,0.175,0.164,0.417
09/01/2019 00:00,0.086,0.086,0.059,0.069,0.22,0.168,0.158,0.399
09/01/2019 01:00,0.102,0.102,0.045,0.053,0.199,0.146,0.137,0.353
09/01/2019 02:00,0.115,0.115,0.036,0.044,0.192,0.132,0.122,0.324
09/01/2019 03:00,0.127,0.127,0.038,0.047,0.191,0.124,0.115,0.306
09/01/2019 04:00,0.12,0.12,0.04,0.049,0.25,0.101,0.096,0.231
09/01/2019 05:00,0.241,0.241,0.051,0.06,0.638,0.208,0.201,0.453
09/01/2019 06:00,0.299,0.299,0.189,0.223,0.721,0.295,0.29,0.603
09/01/2019 07:00,0.335,0.335,0.254,0.299,0.719,0.302,0.297,0.606
09/01/2019 08:00,0.369,0.369,0.296,0.347,0.694,0.297,0.293,0.596
09/01/2019 09:00,0.392,0.392,0.326,0.381,0.658,0.312,0.307,0.617
09/01/2019 10:00,0.429,0.429,0.321,0.375,0.607,0.339,0.335,0.654
09/01/2019 11:00,0.467,0.467,0.279,0.328,0.57,0.358,0.354,0.682
09/01/2019 12:00,0.499,0.499,0.241,0.285,0.568,0.385,0.382,0.717
09/01/2019 13:00,0.523,0.523,0.225,0.266,0.582,0.423,0.418,0.759
09/01/2019 14:00,0.527,0.527,0.205,0.242,0.588,0.461,0.457,0.8
09/01/2019 15:00,0.556,0.556,0.157,0.185,0.532,0.45,0.44,0.798
09/01/2019 16:00,0.548,0.548,0.118,0.139,0.528,0.446,0.436,0.799
09/01/2019 17:00,0.479,0.479,0.093,0.109,0.546,0.425,0.415,0.784
09/01/2019 18:00,0.406,0.406,0.07,0.082,0.559,0.377,0.365,0.738
09/01/2019 19:00,0.343,0.343,0.049,0.059,0.542,0.355,0.344,0.712
09/01/2019 20:00,0.291,0.291,0.061,0.072,0.496,0.329,0.318,0.674
09/01/2019 21:00,0.256,0.256,0.075,0.088,0.432,0.321,0.308,0.655
09/01/2019 22:00,0.225,0.225,0.084,0.098,0.351,0.3,0.288,0.627
09/01/2019 23:00,0.191,0.191,0.089,0.104,0.291,0.315,0.304,0.653
10/01/2019 00:00,0.164,0.164,0.08,0.093,0.257,0.309,0.298,0.646
10/01/2019 01:00,0.144,0.144,0.06,0.071,0.239,0.315,0.304,0.654
10/01/2019 02:00,0.137,0.137,0.05,0.059,0.244,0.289,0.278,0.609
10/01/2019 03:00,0.134,0.134,0.056,0.066,0.287,0.265,0.254,0.565
10/01/2019 04:00,0.13,0.13,0.048,0.058,0.411,0.293,0.285,0.603
10/01/2019 05:00,0.297,0.297,0.066,0.078,0.747,0.481,0.478,0.812
10/01/2019 06:00,0.374,0.374,0.16,0.189,0.786,0.495,0.494,0.824
10/01/2019 07:00,0.383,0.383,0.191,0.226,0.763,0.439,0.436,0.775
10/01/2019 08:00,0.37,0.37,0.191,0.226,0.714,0.383,0.38,0.72
10/01/2019 09:00,0.345,0.345,0.186,0.22,0.648,0.334,0.33,0.661
10/01/2019 10:00,0.338,0.338,0.18,0.213,0.578,0.295,0.291,0.608
10/01/2019 11:00,0.367,0.367,0.188,0.222,0.531,0.277,0.272,0.585
10/01/2019 12:00,0.429,0.429,0.202,0.239,0.517,0.277,0.272,0.589
10/01/2019 13:00,0.51,0.51,0.204,0.241,0.529,0.294,0.288,0.618
10/01/2019 14:00,0.574,0.574,0.184,0.218,0.544,0.315,0.308,0.653
10/01/2019 15:00,0.622,0.622,0.161,0.19,0.502,0.305,0.296,0.656
10/01/2019 16:00,0.63,0.63,0.135,0.16,0.489,0.313,0.301,0.669
10/01/2019 17:00,0.509,0.509,0.115,0.135,0.5,0.286,0.275,0.627
10/01/2019 18:00,0.372,0.372,0.091,0.107,0.509,0.252,0.243,0.567
10/01/2019 19:00,0.259,0.259,0.073,0.086,0.507,0.219,0.209,0.511
10/01/2019 20:00,0.195,0.195,0.067,0.078,0.507,0.183,0.174,0.446
10/01/2019 21:00,0.157,0.157,0.055,0.065,0.503,0.151,0.142,0.376
10/01/2019 22:00,0.129,0.129,0.041,0.049,0.476,0.152,0.142,0.374
10/01/2019 23:00,0.115,0.115,0.031,0.039,0.451,0.185,0.175,0.452
11/01/2019 00:00,0.113,0.113,0.028,0.036,0.392,0.214,0.202,0.508
11/01/2019 01:00,0.103,0.103,0.038,0.046,0.349,0.225,0.214,0.523
11/01/2019 02:00,0.091,0.091,0.057,0.067,0.321,0.241,0.229,0.543
11/01/2019 03:00,0.117,0.117,0.078,0.092,0.318,0.255,0.245,0.554
11/01/2019 04:00,0.124,0.124,0.08,0.094,0.438,0.258,0.251,0.552
11/01/2019 05:00,0.345,0.345,0.137,0.162,0.777,0.562,0.56,0.873
11/01/2019 06:00,0.539,0.539,0.356,0.414,0.851,0.612,0.613,0.899
11/01/2019 07:00,0.63,0.63,0.45,0.516,0.831,0.583,0.583,0.882
11/01/2019 08:00,0.696,0.696,0.484,0.551,0.772,0.543,0.543,0.857
11/01/2019 09:00,0.733,0.733,0.499,0.567,0.693,0.517,0.516,0.838
11/01/2019 10:00,0.745,0.745,0.489,0.556,0.605,0.509,0.507,0.832
11/01/2019 11:00,0.745,0.745,0.46,0.526,0.541,0.517,0.516,0.839
11/01/2019 12:00,0.749,0.749,0.417,0.48,0.506,0.525,0.524,0.848
11/01/2019 13:00,0.752,0.752,0.379,0.44,0.506,0.528,0.526,0.853
11/01/2019 14:00,0.726,0.726,0.309,0.362,0.514,0.525,0.522,0.854
11/01/2019 15:00,0.682,0.682,0.236,0.278,0.48,0.479,0.47,0.826
11/01/2019 16:00,0.664,0.664,0.191,0.226,0.541,0.456,0.447,0.805
11/01/2019 17:00,0.583,0.583,0.168,0.199,0.609,0.418,0.409,0.766
11/01/2019 18:00,0.452,0.452,0.161,0.19,0.655,0.406,0.396,0.759
11/01/2019 19:00,0.443,0.443,0.17,0.201,0.682,0.372,0.363,0.727
11/01/2019 20:00,0.392,0.392,0.179,0.212,0.678,0.329,0.318,0.666
11/01/2019 21:00,0.314,0.314,0.17,0.201,0.548,0.335,0.325,0.673
11/01/2019 22:00,0.185,0.185,0.135,0.159,0.459,0.333,0.322,0.666
11/01/2019 23:00,0.112,0.112,0.109,0.128,0.425,0.336,0.325,0.666
12/01/2019 00:00,0.079,0.079,0.099,0.116,0.407,0.321,0.308,0.644
12/01/2019 01:00,0.062,0.062,0.099,0.116,0.385,0.311,0.299,0.626
12/01/2019 02:00,0.054,0.054,0.11,0.129,0.358,0.308,0.298,0.619
12/01/2019 03:00,0.052,0.052,0.127,0.15,0.336,0.3,0.29,0.605
12/01/2019 04:00,0.051,0.051,0.131,0.154,0.25,0.305,0.298,0.613
12/01/2019 05:00,0.181,0.181,0.249,0.294,0.712,0.61,0.61,0.893
12/01/2019 06:00,0.334,0.334,0.552,0.62,0.881,0.663,0.665,0.922
12/01/2019 07:00,0.439,0.439,0.635,0.701,0.886,0.615,0.616,0.898
12/01/2019 08:00,0.525,0.525,0.678,0.742,0.861,0.564,0.564,0.868
12/01/2019 09:00,0.557,0.557,0.697,0.759,0.823,0.527,0.526,0.842
12/01/2019 10:00,0.551,0.551,0.685,0.748,0.781,0.497,0.495,0.82
12/01/2019 11:00,0.526,0.526,0.635,0.702,0.743,0.464,0.462,0.793
12/01/2019 12:00,0.512,0.512,0.568,0.636,0.718,0.429,0.425,0.759
12/01/2019 13:00,0.509,0.509,0.499,0.567,0.707,0.398,0.394,0.731
12/01/2019 14:00,0.454,0.454,0.369,0.429,0.698,0.376,0.37,0.709
12/01/2019 15:00,0.447,0.447,0.29,0.34,0.622,0.37,0.357,0.723
12/01/2019 16:00,0.417,0.417,0.254,0.299,0.598,0.431,0.417,0.788
12/01/2019 17:00,0.364,0.364,0.213,0.252,0.564,0.425,0.413,0.781
12/01/2019 18:00,0.302,0.302,0.194,0.229,0.501,0.393,0.382,0.749
12/01/2019 19:00,0.251,0.251,0.189,0.224,0.475,0.409,0.398,0.761
12/01/2019 20:00,0.205,0.205,0.185,0.219,0.443,0.382,0.372,0.73
12/01/2019 21:00,0.156,0.156,0.166,0.196,0.398,0.335,0.325,0.676
12/01/2019 22:00,0.119,0.119,0.127,0.149,0.349,0.315,0.303,0.653
12/01/2019 23:00,0.099,0.099,0.112,0.132,0.31,0.323,0.311,0.664
13/01/2019 00:00,0.091,0.091,0.097,0.114,0.287,0.341,0.329,0.686
13/01/2019 01:00,0.083,0.083,0.074,0.087,0.28,0.345,0.333,0.688
13/01/2019 02:00,0.07,0.07,0.063,0.074,0.3,0.337,0.325,0.679
13/01/2019 03:00,0.053,0.053,0.076,0.089,0.333,0.31,0.298,0.638
13/01/2019 04:00,0.036,0.036,0.1,0.117,0.427,0.273,0.265,0.565
13/01/2019 05:00,0.079,0.079,0.201,0.238,0.737,0.459,0.455,0.793
13/01/2019 06:00,0.142,0.142,0.443,0.509,0.773,0.465,0.463,0.8
13/01/2019 07:00,0.196,0.196,0.475,0.542,0.737,0.389,0.385,0.726
13/01/2019 08:00,0.266,0.266,0.448,0.513,0.657,0.321,0.318,0.646
13/01/2019 09:00,0.331,0.331,0.405,0.467,0.581,0.302,0.298,0.62
13/01/2019 10:00,0.365,0.365,0.337,0.394,0.528,0.305,0.301,0.626
13/01/2019 11:00,0.375,0.375,0.26,0.307,0.5,0.307,0.304,0.627
13/01/2019 12:00,0.381,0.381,0.213,0.252,0.492,0.31,0.306,0.629
13/01/2019 13:00,0.394,0.394,0.213,0.252,0.501,0.325,0.321,0.653
13/01/2019 14:00,0.383,0.383,0.243,0.286,0.511,0.373,0.368,0.719
13/01/2019 15:00,0.397,0.397,0.275,0.323,0.446,0.399,0.39,0.754
13/01/2019 16:00,0.366,0.366,0.229,0.27,0.461,0.395,0.386,0.749
13/01/2019 17:00,0.324,0.324,0.148,0.175,0.503,0.315,0.306,0.647
13/01/2019 18:00,0.279,0.279,0.105,0.124,0.517,0.254,0.246,0.549
13/01/2019 19:00,0.225,0.225,0.087,0.102,0.453,0.232,0.223,0.512
13/01/2019 20:00,0.174,0.174,0.076,0.09,0.417,0.21,0.201,0.476
13/01/2019 21:00,0.125,0.125,0.071,0.083,0.388,0.182,0.174,0.417
13/01/2019 22:00,0.082,0.082,0.068,0.08,0.332,0.154,0.146,0.368
13/01/2019 23:00,0.043,0.043,0.063,0.074,0.29,0.147,0.14,0.353
14/01/2019 00:00,0.024,0.024,0.055,0.065,0.274,0.152,0.144,0.364
14/01/2019 01:00,0.014,0.014,0.049,0.059,0.244,0.16,0.152,0.381
14/01/2019 02:00,0.009,0.009,0.05,0.059,0.21,0.166,0.158,0.394
14/01/2019 03:00,0.006,0.006,0.051,0.06,0.189,0.159,0.15,0.373
14/01/2019 04:00,0.005,0.005,0.047,0.056,0.151,0.144,0.139,0.331
14/01/2019 05:00,0.042,0.042,0.027,0.035,0.47,0.28,0.275,0.589
14/01/2019 06:00,0.067,0.067,0.059,0.069,0.539,0.253,0.249,0.542
14/01/2019 07:00,0.053,0.053,0.062,0.073,0.464,0.216,0.211,0.474
14/01/2019 08:00,0.048,0.048,0.062,0.073,0.383,0.206,0.202,0.453
14/01/2019 09:00,0.049,0.049,0.072,0.084,0.313,0.21,0.206,0.459
14/01/2019 10:00,0.055,0.055,0.087,0.102,0.256,0.219,0.215,0.474
14/01/2019 11:00,0.068,0.068,0.107,0.126,0.216,0.228,0.223,0.492
14/01/2019 12:00,0.091,0.091,0.134,0.158,0.196,0.234,0.229,0.503
14/01/2019 13:00,0.138,0.138,0.172,0.203,0.199,0.246,0.24,0.526
14/01/2019 14:00,0.218,0.218,0.213,0.252,0.221,0.272,0.265,0.579
14/01/2019 15:00,0.342,0.342,0.22,0.26,0.235,0.311,0.301,0.653
14/01/2019 16:00,0.37,0.37,0.179,0.212,0.305,0.376,0.365,0.733
14/01/2019 17:00,0.336,0.336,0.14,0.166,0.373,0.387,0.376,0.745
14/01/2019 18:00,0.283,0.283,0.101,0.118,0.43,0.38,0.37,0.738
14/01/2019 19:00,0.234,0.234,0.065,0.077,0.459,0.356,0.346,0.709
14/01/2019 20:00,0.193,0.193,0.041,0.049,0.436,0.333,0.323,0.681
14/01/2019 21:00,0.156,0.156,0.026,0.033,0.36,0.267,0.256,0.59
14/01/2019 22:00,0.12,0.12,0.015,0.022,0.302,0.171,0.161,0.421
14/01/2019 23:00,0.078,0.078,0.007,0.013,0.249,0.133,0.125,0.343
15/01/2019 00:00,0.044,0.044,0.004,0.008,0.201,0.115,0.107,0.302
15/01/2019 01:00,0.024,0.024,0.002,0.006,0.163,0.098,0.091,0.261
15/01/2019 02:00,0.011,0.011,0.003,0.007,0.14,0.088,0.081,0.234
15/01/2019 03:00,0.006,0.006,0.005,0.01,0.142,0.088,0.081,0.227
15/01/2019 04:00,0.005,0.005,0.006,0.011,0.241,0.092,0.087,0.218
15/01/2019 05:00,0.028,0.028,0.007,0.013,0.614,0.147,0.142,0.341
15/01/2019 06:00,0.053,0.053,0.045,0.053,0.688,0.162,0.158,0.373
15/01/2019 07:00,0.059,0.059,0.037,0.045,0.672,0.173,0.168,0.395
15/01/2019 08:00,0.066,0.066,0.043,0.052,0.621,0.193,0.188,0.436
15/01/2019 09:00,0.081,0.081,0.054,0.063,0.542,0.224,0.22,0.493
15/01/2019 10:00,0.106,0.106,0.075,0.088,0.465,0.262,0.258,0.559
15/01/2019 11:00,0.145,0.145,0.102,0.12,0.42,0.296,0.293,0.614
15/01/2019 12:00,0.203,0.203,0.114,0.133,0.407,0.296,0.292,0.617
15/01/2019 13:00,0.285,0.285,0.118,0.139,0.417,0.275,0.27,0.589
15/01/2019 14:00,0.395,0.395,0.147,0.173,0.445,0.265,0.258,0.578
15/01/2019 15:00,0.553,0.553,0.172,0.203,0.453,0.222,0.213,0.52
15/01/2019 16:00,0.625,0.625,0.117,0.138,0.475,0.208,0.198,0.5
15/01/2019 17:00,0.603,0.603,0.069,0.081,0.498,0.187,0.179,0.462
15/01/2019 18:00,0.523,0.523,0.053,0.062,0.445,0.164,0.157,0.417
15/01/2019 19:00,0.416,0.416,0.053,0.063,0.398,0.147,0.14,0.378
15/01/2019 20:00,0.332,0.332,0.058,0.069,0.348,0.14,0.132,0.358
15/01/2019 21:00,0.257,0.257,0.058,0.068,0.315,0.136,0.129,0.343
15/01/2019 22:00,0.183,0.183,0.049,0.059,0.273,0.127,0.121,0.317
15/01/2019 23:00,0.119,0.119,0.04,0.048,0.223,0.122,0.115,0.302
16/01/2019 00:00,0.086,0.086,0.031,0.039,0.18,0.124,0.116,0.308
16/01/2019 01:00,0.063,0.063,0.026,0.033,0.134,0.122,0.114,0.299
16/01/2019 02:00,0.043,0.043,0.025,0.032,0.098,0.114,0.107,0.279
16/01/2019 03:00,0.031,0.031,0.026,0.033,0.078,0.101,0.094,0.249
16/01/2019 04:00,0.024,0.024,0.026,0.034,0.111,0.099,0.094,0.243
16/01/2019 05:00,0.083,0.083,0.022,0.029,0.315,0.159,0.154,0.375
16/01/2019 06:00,0.126,0.126,0.098,0.115,0.392,0.183,0.178,0.404
16/01/2019 07:00,0.129,0.129,0.114,0.134,0.43,0.187,0.183,0.408
16/01/2019 08:00,0.123,0.123,0.102,0.119,0.462,0.195,0.19,0.421
16/01/2019 09:00,0.121,0.121,0.082,0.096,0.459,0.204,0.2,0.44
16/01/2019 10:00,0.127,0.127,0.053,0.062,0.424,0.213,0.209,0.46
16/01/2019 11:00,0.147,0.147,0.048,0.057,0.381,0.209,0.204,0.459
16/01/2019 12:00,0.184,0.184,0.057,0.067,0.339,0.187,0.182,0.42
16/01/2019 13:00,0.247,0.247,0.074,0.087,0.299,0.164,0.159,0.379
16/01/2019 14:00,0.342,0.342,0.152,0.18,0.26,0.147,0.141,0.356
16/01/2019 15:00,0.478,0.478,0.212,0.251,0.22,0.16,0.151,0.406
16/01/2019 16:00,0.533,0.533,0.133,0.157,0.243,0.217,0.205,0.52
16/01/2019 17:00,0.479,0.479,0.057,0.068,0.291,0.248,0.236,0.567
16/01/2019 18:00,0.387,0.387,0.065,0.077,0.316,0.256,0.245,0.581
16/01/2019 19:00,0.275,0.275,0.071,0.083,0.295,0.246,0.234,0.56
16/01/2019 20:00,0.163,0.163,0.045,0.053,0.251,0.221,0.209,0.52
16/01/2019 21:00,0.09,0.09,0.015,0.021,0.198,0.205,0.194,0.487
16/01/2019 22:00,0.051,0.051,0.004,0.009,0.147,0.183,0.173,0.441
16/01/2019 23:00,0.03,0.03,0.002,0.005,0.106,0.142,0.133,0.358
17/01/2019 00:00,0.022,0.022,0.001,0.004,0.077,0.106,0.098,0.279
17/01/2019 01:00,0.021,0.021,0.002,0.006,0.06,0.082,0.076,0.223
17/01/2019 02:00,0.022,0.022,0.004,0.008,0.053,0.07,0.064,0.191
17/01/2019 03:00,0.025,0.025,0.007,0.013,0.055,0.062,0.056,0.165
17/01/2019 04:00,0.029,0.029,0.013,0.019,0.067,0.042,0.038,0.096
17/01/2019 05:00,0.165,0.165,0.028,0.035,0.373,0.079,0.076,0.184
17/01/2019 06:00,0.285,0.285,0.035,0.043,0.473,0.094,0.091,0.216
17/01/2019 07:00,0.302,0.302,0.016,0.022,0.434,0.103,0.099,0.23
17/01/2019 08:00,0.303,0.303,0.01,0.015,0.392,0.119,0.114,0.262
17/01/2019 09:00,0.308,0.308,0.008,0.013,0.344,0.129,0.125,0.286
17/01/2019 10:00,0.322,0.322,0.011,0.017,0.294,0.129,0.124,0.286
17/01/2019 11:00,0.345,0.345,0.018,0.024,0.249,0.124,0.121,0.277
17/01/2019 12:00,0.385,0.385,0.039,0.047,0.221,0.127,0.122,0.284
17/01/2019 13:00,0.454,0.454,0.103,0.121,0.211,0.145,0.141,0.324
17/01/2019 14:00,0.539,0.539,0.167,0.197,0.221,0.185,0.177,0.412
17/01/2019 15:00,0.615,0.615,0.224,0.265,0.221,0.266,0.253,0.589
17/01/2019 16:00,0.645,0.645,0.185,0.218,0.275,0.363,0.351,0.733
17/01/2019 17:00,0.589,0.589,0.123,0.145,0.35,0.36,0.347,0.735
17/01/2019 18:00,0.502,0.502,0.071,0.083,0.39,0.31,0.297,0.682
17/01/2019 19:00,0.423,0.423,0.046,0.055,0.39,0.257,0.244,0.607
17/01/2019 20:00,0.311,0.311,0.03,0.038,0.373,0.221,0.209,0.545
17/01/2019 21:00,0.216,0.216,0.02,0.027,0.344,0.189,0.178,0.48
17/01/2019 22:00,0.169,0.169,0.011,0.017,0.277,0.159,0.147,0.406
17/01/2019 23:00,0.143,0.143,0.008,0.014,0.233,0.143,0.133,0.364
18/01/2019 00:00,0.114,0.114,0.009,0.014,0.19,0.136,0.126,0.343
18/01/2019 01:00,0.099,0.099,0.012,0.018,0.154,0.134,0.124,0.337
18/01/2019 02:00,0.086,0.086,0.015,0.021,0.135,0.138,0.127,0.345
18/01/2019 03:00,0.076,0.076,0.017,0.023,0.129,0.142,0.132,0.354
18/01/2019 04:00,0.092,0.092,0.012,0.018,0.165,0.099,0.094,0.237
18/01/2019 05:00,0.285,0.285,0.003,0.007,0.492,0.144,0.139,0.34
18/01/2019 06:00,0.292,0.292,0.004,0.008,0.543,0.127,0.123,0.301
18/01/2019 07:00,0.268,0.268,0.002,0.005,0.492,0.095,0.091,0.223
18/01/2019 08:00,0.252,0.252,0.001,0.004,0.438,0.086,0.082,0.199
18/01/2019 09:00,0.232,0.232,0.001,0.004,0.39,0.092,0.088,0.212
18/01/2019 10:00,0.215,0.215,0.002,0.006,0.345,0.106,0.103,0.246
18/01/2019 11:00,0.22,0.22,0.01,0.015,0.309,0.123,0.119,0.288
18/01/2019 12:00,0.25,0.25,0.034,0.042,0.289,0.141,0.137,0.33
18/01/2019 13:00,0.308,0.308,0.085,0.099,0.285,0.16,0.156,0.378
18/01/2019 14:00,0.393,0.393,0.145,0.172,0.298,0.198,0.192,0.459
18/01/2019 15:00,0.499,0.499,0.178,0.21,0.322,0.263,0.252,0.597
18/01/2019 16:00,0.521,0.521,0.125,0.147,0.341,0.327,0.315,0.691
18/01/2019 17:00,0.436,0.436,0.105,0.123,0.371,0.3,0.29,0.652
18/01/2019 18:00,0.313,0.313,0.108,0.127,0.384,0.247,0.236,0.568
18/01/2019 19:00,0.195,0.195,0.087,0.102,0.373,0.201,0.192,0.489
18/01/2019 20:00,0.108,0.108,0.054,0.064,0.35,0.17,0.161,0.431
18/01/2019 21:00,0.076,0.076,0.028,0.035,0.305,0.148,0.141,0.382
18/01/2019 22:00,0.056,0.056,0.011,0.016,0.239,0.135,0.126,0.352
18/01/2019 23:00,0.051,0.051,0.004,0.009,0.17,0.123,0.115,0.328
19/01/2019 00:00,0.061,0.061,0.003,0.007,0.123,0.131,0.121,0.349
19/01/2019 01:00,0.081,0.081,0.006,0.011,0.1,0.144,0.134,0.378
19/01/2019 02:00,0.11,0.11,0.011,0.017,0.093,0.141,0.131,0.372
19/01/2019 03:00,0.129,0.129,0.016,0.022,0.091,0.132,0.123,0.346
19/01/2019 04:00,0.142,0.142,0.01,0.016,0.112,0.12,0.114,0.29
19/01/2019 05:00,0.351,0.351,0.012,0.018,0.442,0.333,0.327,0.67
19/01/2019 06:00,0.381,0.381,0.014,0.02,0.582,0.358,0.354,0.698
19/01/2019 07:00,0.331,0.331,0.004,0.008,0.58,0.311,0.307,0.636
19/01/2019 08:00,0.271,0.271,0.001,0.003,0.548,0.262,0.258,0.559
19/01/2019 09:00,0.23,0.23,0.001,0.004,0.489,0.211,0.207,0.472
19/01/2019 10:00,0.203,0.203,0.005,0.009,0.409,0.171,0.166,0.397
19/01/2019 11:00,0.193,0.193,0.018,0.024,0.329,0.149,0.145,0.354
19/01/2019 12:00,0.208,0.208,0.085,0.099,0.265,0.147,0.143,0.353
19/01/2019 13:00,0.253,0.253,0.133,0.157,0.226,0.166,0.161,0.395
19/01/2019 14:00,0.332,0.332,0.224,0.265,0.209,0.211,0.205,0.486
19/01/2019 15:00,0.443,0.443,0.259,0.305,0.194,0.295,0.283,0.646
19/01/2019 16:00,0.486,0.486,0.208,0.246,0.241,0.395,0.385,0.769
19/01/2019 17:00,0.457,0.457,0.143,0.169,0.326,0.366,0.356,0.741
19/01/2019 18:00,0.4,0.4,0.125,0.147,0.401,0.285,0.274,0.641
19/01/2019 19:00,0.326,0.326,0.103,0.121,0.454,0.207,0.198,0.516
19/01/2019 20:00,0.259,0.259,0.068,0.079,0.462,0.177,0.168,0.467
19/01/2019 21:00,0.212,0.212,0.042,0.05,0.433,0.123,0.116,0.348
19/01/2019 22:00,0.182,0.182,0.023,0.03,0.423,0.106,0.1,0.3
19/01/2019 23:00,0.159,0.159,0.016,0.023,0.39,0.093,0.087,0.263
20/01/2019 00:00,0.144,0.144,0.013,0.02,0.35,0.075,0.07,0.216
20/01/2019 01:00,0.132,0.132,0.013,0.02,0.3,0.066,0.061,0.188
20/01/2019 02:00,0.121,0.121,0.013,0.019,0.25,0.065,0.059,0.176
20/01/2019 03:00,0.105,0.105,0.01,0.016,0.2,0.06,0.054,0.154
20/01/2019 04:00,0.087,0.087,0.005,0.01,0.184,0.066,0.062,0.166
20/01/2019 05:00,0.184,0.184,0.001,0.003,0.469,0.131,0.126,0.328
20/01/2019 06:00,0.247,0.247,0.002,0.005,0.515,0.131,0.126,0.324
20/01/2019 07:00,0.268,0.268,0.002,0.004,0.451,0.103,0.098,0.251
20/01/2019 08:00,0.268,0.268,0.008,0.013,0.382,0.076,0.072,0.183
20/01/2019 09:00,0.275,0.275,0.025,0.032,0.305,0.06,0.058,0.144
20/01/2019 10:00,0.302,0.302,0.05,0.06,0.228,0.054,0.052,0.128
20/01/2019 11:00,0.349,0.349,0.093,0.109,0.173,0.059,0.056,0.141
20/01/2019 12:00,0.413,0.413,0.117,0.138,0.143,0.075,0.072,0.184
20/01/2019 13:00,0.499,0.499,0.14,0.165,0.135,0.108,0.104,0.266
20/01/2019 14:00,0.58,0.58,0.202,0.239,0.136,0.153,0.148,0.374
20/01/2019 15:00,0.598,0.598,0.219,0.258,0.127,0.171,0.163,0.417
20/01/2019 16:00,0.594,0.594,0.165,0.196,0.151,0.165,0.157,0.397
20/01/2019 17:00,0.524,0.524,0.112,0.132,0.201,0.112,0.106,0.279
20/01/2019 18:00,0.42,0.42,0.083,0.097,0.268,0.058,0.054,0.148
20/01/2019 19:00,0.309,0.309,0.067,0.079,0.331,0.039,0.036,0.105
20/01/2019 20:00,0.222,0.222,0.063,0.075,0.363,0.029,0.026,0.081
20/01/2019 21:00,0.157,0.157,0.047,0.056,0.379,0.022,0.019,0.06
20/01/2019 22:00,0.121,0.121,0.027,0.035,0.397,0.02,0.017,0.052
20/01/2019 23:00,0.104,0.104,0.02,0.027,0.408,0.026,0.023,0.066
21/01/2019 00:00,0.082,0.082,0.011,0.016,0.385,0.05,0.045,0.127
21/01/2019 01:00,0.056,0.056,0.006,0.011,0.292,0.091,0.084,0.231
21/01/2019 02:00,0.033,0.033,0.012,0.017,0.222,0.127,0.119,0.315
21/01/2019 03:00,0.018,0.018,0.021,0.028,0.177,0.131,0.121,0.321
21/01/2019 04:00,0.01,0.01,0.021,0.028,0.13,0.069,0.065,0.165
21/01/2019 05:00,0.025,0.025,0.056,0.067,0.413,0.058,0.055,0.144
21/01/2019 06:00,0.03,0.03,0.047,0.055,0.547,0.032,0.03,0.082
21/01/2019 07:00,0.026,0.026,0.006,0.012,0.509,0.019,0.018,0.05
21/01/2019 08:00,0.036,0.036,0.0,0.001,0.448,0.018,0.017,0.046
21/01/2019 09:00,0.054,0.054,0.0,0.0,0.368,0.026,0.024,0.062
21/01/2019 10:00,0.086,0.086,0.0,0.001,0.278,0.027,0.025,0.063
21/01/2019 11:00,0.132,0.132,0.002,0.005,0.21,0.023,0.021,0.054
21/01/2019 12:00,0.214,0.214,0.012,0.018,0.171,0.029,0.027,0.068
21/01/2019 13:00,0.348,0.348,0.031,0.039,0.161,0.044,0.042,0.107
21/01/2019 14:00,0.499,0.499,0.103,0.121,0.17,0.066,0.062,0.158
21/01/2019 15:00,0.591,0.591,0.16,0.188,0.177,0.102,0.095,0.256
21/01/2019 16:00,0.613,0.613,0.126,0.148,0.242,0.135,0.127,0.339
21/01/2019 17:00,0.525,0.525,0.078,0.092,0.33,0.129,0.121,0.326
21/01/2019 18:00,0.426,0.426,0.056,0.066,0.407,0.108,0.102,0.278
21/01/2019 19:00,0.319,0.319,0.042,0.05,0.446,0.078,0.072,0.198
21/01/2019 20:00,0.214,0.214,0.027,0.035,0.455,0.063,0.058,0.161
21/01/2019 21:00,0.135,0.135,0.015,0.021,0.445,0.058,0.054,0.153
21/01/2019 22:00,0.072,0.072,0.007,0.013,0.386,0.057,0.053,0.161
21/01/2019 23:00,0.041,0.041,0.004,0.008,0.293,0.059,0.054,0.166
22/01/2019 00:00,0.026,0.026,0.002,0.006,0.252,0.05,0.046,0.141
22/01/2019 01:00,0.017,0.017,0.002,0.006,0.234,0.033,0.029,0.088
22/01/2019 02:00,0.011,0.011,0.003,0.007,0.262,0.028,0.025,0.075
22/01/2019 03:00,0.008,0.008,0.003,0.007,0.312,0.048,0.044,0.128
22/01/2019 04:00,0.005,0.005,0.002,0.006,0.298,0.053,0.05,0.132
22/01/2019 05:00,0.032,0.032,0.006,0.011,0.547,0.123,0.119,0.291
22/01/2019 06:00,0.07,0.07,0.002,0.005,0.608,0.132,0.128,0.322
22/01/2019 07:00,0.101,0.101,0.0,0.001,0.533,0.116,0.112,0.289
22/01/2019 08:00,0.127,0.127,0.0,0.0,0.442,0.097,0.093,0.238
22/01/2019 09:00,0.15,0.15,0.0,0.0,0.346,0.082,0.078,0.197
22/01/2019 10:00,0.175,0.175,0.0,0.001,0.26,0.076,0.073,0.183
22/01/2019 11:00,0.208,0.208,0.001,0.003,0.2,0.08,0.077,0.191
22/01/2019 12:00,0.252,0.252,0.007,0.012,0.171,0.092,0.089,0.22
22/01/2019 13:00,0.319,0.319,0.028,0.035,0.174,0.117,0.113,0.282
22/01/2019 14:00,0.396,0.396,0.096,0.113,0.198,0.162,0.157,0.384
22/01/2019 15:00,0.514,0.514,0.152,0.179,0.23,0.215,0.204,0.505
22/01/2019 16:00,0.566,0.566,0.122,0.143,0.325,0.252,0.243,0.579
22/01/2019 17:00,0.534,0.534,0.076,0.09,0.437,0.235,0.225,0.552
22/01/2019 18:00,0.466,0.466,0.065,0.076,0.504,0.191,0.183,0.459
22/01/2019 19:00,0.39,0.39,0.06,0.07,0.482,0.152,0.145,0.37
22/01/2019 20:00,0.318,0.318,0.045,0.054,0.429,0.102,0.095,0.259
22/01/2019 21:00,0.241,0.241,0.051,0.061,0.355,0.075,0.071,0.203
22/01/2019 22:00,0.167,0.167,0.044,0.053,0.274,0.071,0.066,0.19
22/01/2019 23:00,0.101,0.101,0.024,0.031,0.214,0.066,0.061,0.176
23/01/2019 00:00,0.06,0.06,0.009,0.014,0.173,0.092,0.086,0.249
23/01/2019 01:00,0.045,0.045,0.007,0.012,0.153,0.114,0.107,0.301
23/01/2019 02:00,0.033,0.033,0.015,0.021,0.177,0.122,0.114,0.314
23/01/2019 03:00,0.024,0.024,0.024,0.031,0.233,0.126,0.12,0.316
23/01/2019 04:00,0.019,0.019,0.023,0.03,0.483,0.153,0.148,0.361
23/01/2019 05:00,0.067,0.067,0.043,0.052,0.709,0.249,0.243,0.535
23/01/2019 06:00,0.073,0.073,0.087,0.102,0.718,0.27,0.264,0.569
23/01/2019 07:00,0.071,0.071,0.103,0.121,0.668,0.215,0.211,0.476
23/01/2019 08:00,0.071,0.071,0.109,0.129,0.601,0.146,0.141,0.338
23/01/2019 09:00,0.081,0.081,0.098,0.115,0.52,0.101,0.097,0.238
23/01/2019 10:00,0.103,0.103,0.078,0.091,0.435,0.073,0.071,0.173
23/01/2019 11:00,0.12,0.12,0.066,0.077,0.364,0.057,0.054,0.133
23/01/2019 12:00,0.136,0.136,0.043,0.052,0.32,0.05,0.048,0.116
23/01/2019 13:00,0.16,0.16,0.039,0.048,0.313,0.061,0.059,0.142
23/01/2019 14:00,0.205,0.205,0.172,0.203,0.335,0.105,0.102,0.25
23/01/2019 15:00,0.288,0.288,0.244,0.287,0.341,0.166,0.158,0.399
23/01/2019 16:00,0.332,0.332,0.184,0.218,0.371,0.232,0.222,0.528
23/01/2019 17:00,0.335,0.335,0.102,0.12,0.379,0.279,0.27,0.607
23/01/2019 18:00,0.305,0.305,0.06,0.07,0.411,0.307,0.298,0.652
23/01/2019 19:00,0.265,0.265,0.042,0.051,0.399,0.272,0.262,0.595
23/01/2019 20:00,0.229,0.229,0.049,0.059,0.377,0.242,0.232,0.557
23/01/2019 21:00,0.184,0.184,0.044,0.052,0.339,0.197,0.187,0.477
23/01/2019 22:00,0.154,0.154,0.027,0.034,0.305,0.193,0.183,0.464
23/01/2019 23:00,0.124,0.124,0.016,0.022,0.268,0.212,0.201,0.494
24/01/2019 00:00,0.095,0.095,0.01,0.016,0.228,0.216,0.205,0.497
24/01/2019 01:00,0.065,0.065,0.01,0.016,0.197,0.215,0.203,0.489
24/01/2019 02:00,0.05,0.05,0.013,0.019,0.195,0.212,0.201,0.482
24/01/2019 03:00,0.036,0.036,0.014,0.02,0.234,0.193,0.183,0.437
24/01/2019 04:00,0.028,0.028,0.011,0.017,0.475,0.239,0.232,0.515
24/01/2019 05:00,0.083,0.083,0.026,0.033,0.8,0.35,0.345,0.686
24/01/2019 06:00,0.076,0.076,0.045,0.053,0.809,0.325,0.322,0.656
24/01/2019 07:00,0.057,0.057,0.039,0.048,0.766,0.293,0.288,0.606
24/01/2019 08:00,0.061,0.061,0.021,0.028,0.698,0.306,0.302,0.621
24/01/2019 09:00,0.084,0.084,0.022,0.029,0.607,0.338,0.335,0.663
24/01/2019 10:00,0.128,0.128,0.028,0.036,0.52,0.369,0.366,0.702
24/01/2019 11:00,0.175,0.175,0.036,0.044,0.459,0.405,0.402,0.743
24/01/2019 12:00,0.232,0.232,0.045,0.054,0.429,0.443,0.44,0.78
24/01/2019 13:00,0.308,0.308,0.168,0.199,0.423,0.459,0.457,0.796
24/01/2019 14:00,0.391,0.391,0.273,0.321,0.427,0.459,0.453,0.797
24/01/2019 15:00,0.482,0.482,0.284,0.334,0.39,0.419,0.408,0.774
24/01/2019 16:00,0.513,0.513,0.213,0.252,0.385,0.431,0.418,0.793
24/01/2019 17:00,0.468,0.468,0.115,0.136,0.369,0.409,0.397,0.767
24/01/2019 18:00,0.4,0.4,0.063,0.074,0.388,0.382,0.37,0.737
24/01/2019 19:00,0.333,0.333,0.033,0.04,0.403,0.355,0.344,0.704
24/01/2019 20:00,0.276,0.276,0.017,0.023,0.39,0.329,0.316,0.665
24/01/2019 21:00,0.227,0.227,0.008,0.014,0.366,0.288,0.276,0.606
24/01/2019 22:00,0.199,0.199,0.003,0.007,0.345,0.246,0.234,0.534
24/01/2019 23:00,0.169,0.169,0.001,0.004,0.331,0.224,0.212,0.507
25/01/2019 00:00,0.126,0.126,0.001,0.004,0.324,0.219,0.207,0.5
25/01/2019 01:00,0.106,0.106,0.003,0.007,0.327,0.223,0.211,0.507
25/01/2019 02:00,0.101,0.101,0.008,0.013,0.344,0.242,0.229,0.536
25/01/2019 03:00,0.097,0.097,0.015,0.021,0.373,0.249,0.236,0.549
25/01/2019 04:00,0.083,0.083,0.018,0.025,0.366,0.203,0.197,0.442
25/01/2019 05:00,0.202,0.202,0.05,0.059,0.735,0.39,0.385,0.723
25/01/2019 06:00,0.282,0.282,0.097,0.114,0.841,0.434,0.432,0.771
25/01/2019 07:00,0.318,0.318,0.098,0.115,0.82,0.418,0.414,0.75
25/01/2019 08:00,0.318,0.318,0.068,0.079,0.779,0.392,0.389,0.721
25/01/2019 09:00,0.298,0.298,0.058,0.069,0.717,0.358,0.355,0.679
25/01/2019 10:00,0.287,0.287,0.073,0.086,0.642,0.333,0.33,0.646
25/01/2019 11:00,0.285,0.285,0.106,0.124,0.573,0.324,0.321,0.636
25/01/2019 12:00,0.3,0.3,0.126,0.149,0.52,0.323,0.319,0.637
25/01/2019 13:00,0.353,0.353,0.176,0.208,0.492,0.337,0.333,0.661
25/01/2019 14:00,0.429,0.429,0.252,0.297,0.483,0.378,0.373,0.717
25/01/2019 15:00,0.559,0.559,0.237,0.28,0.45,0.409,0.399,0.762
25/01/2019 16:00,0.611,0.611,0.166,0.196,0.472,0.453,0.443,0.8
25/01/2019 17:00,0.558,0.558,0.102,0.119,0.486,0.473,0.463,0.815
25/01/2019 18:00,0.476,0.476,0.066,0.078,0.459,0.452,0.442,0.8
25/01/2019 19:00,0.383,0.383,0.052,0.062,0.388,0.358,0.348,0.709
25/01/2019 20:00,0.314,0.314,0.044,0.052,0.36,0.309,0.298,0.64
25/01/2019 21:00,0.272,0.272,0.042,0.05,0.346,0.276,0.265,0.589
25/01/2019 22:00,0.233,0.233,0.038,0.047,0.332,0.246,0.235,0.538
25/01/2019 23:00,0.185,0.185,0.034,0.042,0.323,0.219,0.209,0.487
26/01/2019 00:00,0.143,0.143,0.034,0.041,0.313,0.176,0.166,0.41
26/01/2019 01:00,0.113,0.113,0.035,0.043,0.305,0.141,0.132,0.337
26/01/2019 02:00,0.097,0.097,0.046,0.054,0.329,0.144,0.135,0.346
26/01/2019 03:00,0.087,0.087,0.06,0.071,0.379,0.134,0.126,0.31
26/01/2019 04:00,0.094,0.094,0.068,0.08,0.617,0.146,0.141,0.328
26/01/2019 05:00,0.232,0.232,0.181,0.214,0.819,0.23,0.223,0.488
26/01/2019 06:00,0.264,0.264,0.203,0.24,0.829,0.285,0.28,0.578
26/01/2019 07:00,0.246,0.246,0.178,0.211,0.797,0.298,0.294,0.595
26/01/2019 08:00,0.231,0.231,0.15,0.177,0.751,0.315,0.311,0.619
26/01/2019 09:00,0.227,0.227,0.135,0.159,0.693,0.336,0.333,0.65
26/01/2019 10:00,0.242,0.242,0.135,0.159,0.637,0.339,0.335,0.653
26/01/2019 11:00,0.278,0.278,0.143,0.169,0.607,0.339,0.335,0.651
26/01/2019 12:00,0.345,0.345,0.174,0.206,0.599,0.339,0.335,0.652
26/01/2019 13:00,0.447,0.447,0.246,0.29,0.605,0.339,0.334,0.653
26/01/2019 14:00,0.556,0.556,0.348,0.405,0.606,0.349,0.343,0.671
26/01/2019 15:00,0.585,0.585,0.347,0.405,0.548,0.342,0.333,0.682
26/01/2019 16:00,0.584,0.584,0.269,0.316,0.501,0.35,0.338,0.695
26/01/2019 17:00,0.549,0.549,0.197,0.232,0.413,0.365,0.354,0.714
26/01/2019 18:00,0.476,0.476,0.146,0.172,0.38,0.377,0.365,0.723
26/01/2019 19:00,0.375,0.375,0.159,0.188,0.378,0.313,0.303,0.644
26/01/2019 20:00,0.288,0.288,0.158,0.187,0.381,0.289,0.278,0.613
26/01/2019 21:00,0.244,0.244,0.117,0.138,0.38,0.3,0.29,0.636
26/01/2019 22:00,0.224,0.224,0.077,0.09,0.363,0.276,0.265,0.595
26/01/2019 23:00,0.212,0.212,0.057,0.067,0.331,0.249,0.239,0.541
27/01/2019 00:00,0.201,0.201,0.061,0.072,0.303,0.244,0.233,0.529
27/01/2019 01:00,0.184,0.184,0.077,0.091,0.287,0.234,0.223,0.515
27/01/2019 02:00,0.162,0.162,0.097,0.114,0.285,0.219,0.208,0.486
27/01/2019 03:00,0.132,0.132,0.116,0.136,0.285,0.194,0.185,0.44
27/01/2019 04:00,0.111,0.111,0.121,0.142,0.479,0.253,0.248,0.541
27/01/2019 05:00,0.197,0.197,0.263,0.31,0.743,0.393,0.388,0.733
27/01/2019 06:00,0.226,0.226,0.293,0.344,0.743,0.392,0.388,0.732
27/01/2019 07:00,0.21,0.21,0.244,0.287,0.694,0.374,0.37,0.71
27/01/2019 08:00,0.195,0.195,0.234,0.276,0.634,0.364,0.361,0.696
27/01/2019 09:00,0.2,0.2,0.236,0.279,0.564,0.36,0.356,0.688
27/01/2019 10:00,0.229,0.229,0.246,0.291,0.486,0.352,0.35,0.682
27/01/2019 11:00,0.285,0.285,0.289,0.339,0.417,0.344,0.341,0.673
27/01/2019 12:00,0.372,0.372,0.348,0.406,0.365,0.337,0.333,0.666
27/01/2019 13:00,0.472,0.472,0.414,0.477,0.344,0.338,0.334,0.673
27/01/2019 14:00,0.546,0.546,0.496,0.563,0.348,0.354,0.349,0.698
27/01/2019 15:00,0.558,0.558,0.484,0.551,0.343,0.373,0.365,0.73
27/01/2019 16:00,0.581,0.581,0.405,0.467,0.41,0.393,0.384,0.745
27/01/2019 17:00,0.567,0.567,0.356,0.415,0.5,0.412,0.403,0.762
27/01/2019 18:00,0.519,0.519,0.364,0.423,0.553,0.407,0.398,0.757
27/01/2019 19:00,0.43,0.43,0.337,0.394,0.532,0.352,0.343,0.698
27/01/2019 20:00,0.375,0.375,0.279,0.328,0.441,0.333,0.323,0.67
27/01/2019 21:00,0.336,0.336,0.229,0.271,0.388,0.3,0.29,0.623
27/01/2019 22:00,0.278,0.278,0.187,0.221,0.375,0.256,0.245,0.549
27/01/2019 23:00,0.212,0.212,0.157,0.186,0.37,0.228,0.219,0.503
28/01/2019 00:00,0.158,0.158,0.139,0.164,0.363,0.219,0.209,0.492
28/01/2019 01:00,0.134,0.134,0.125,0.148,0.359,0.203,0.193,0.467
28/01/2019 02:00,0.114,0.114,0.107,0.125,0.347,0.2,0.19,0.46
28/01/2019 03:00,0.099,0.099,0.096,0.113,0.313,0.219,0.208,0.488
28/01/2019 04:00,0.083,0.083,0.086,0.101,0.373,0.297,0.291,0.607
28/01/2019 05:00,0.148,0.148,0.125,0.147,0.793,0.465,0.462,0.804
28/01/2019 06:00,0.172,0.172,0.172,0.203,0.8,0.448,0.445,0.791
28/01/2019 07:00,0.175,0.175,0.147,0.174,0.732,0.396,0.393,0.738
28/01/2019 08:00,0.197,0.197,0.143,0.169,0.663,0.35,0.348,0.683
28/01/2019 09:00,0.232,0.232,0.151,0.178,0.594,0.344,0.339,0.673
28/01/2019 10:00,0.28,0.28,0.161,0.19,0.531,0.36,0.356,0.691
28/01/2019 11:00,0.339,0.339,0.151,0.179,0.494,0.363,0.36,0.698
28/01/2019 12:00,0.406,0.406,0.206,0.244,0.483,0.361,0.357,0.696
28/01/2019 13:00,0.479,0.479,0.285,0.335,0.496,0.373,0.369,0.712
28/01/2019 14:00,0.509,0.509,0.345,0.402,0.521,0.416,0.411,0.76
28/01/2019 15:00,0.52,0.52,0.311,0.364,0.509,0.449,0.442,0.795
28/01/2019 16:00,0.533,0.533,0.195,0.231,0.516,0.451,0.442,0.796
28/01/2019 17:00,0.542,0.542,0.103,0.121,0.574,0.451,0.442,0.794
28/01/2019 18:00,0.548,0.548,0.077,0.09,0.611,0.437,0.428,0.782
28/01/2019 19:00,0.469,0.469,0.052,0.062,0.585,0.366,0.357,0.712
28/01/2019 20:00,0.406,0.406,0.038,0.047,0.524,0.303,0.293,0.633
28/01/2019 21:00,0.332,0.332,0.022,0.029,0.546,0.239,0.229,0.534
28/01/2019 22:00,0.247,0.247,0.013,0.019,0.49,0.208,0.2,0.476
28/01/2019 23:00,0.186,0.186,0.013,0.02,0.459,0.191,0.181,0.442
29/01/2019 00:00,0.157,0.157,0.024,0.031,0.44,0.185,0.176,0.432
29/01/2019 01:00,0.161,0.161,0.035,0.043,0.453,0.164,0.156,0.39
29/01/2019 02:00,0.181,0.181,0.049,0.058,0.47,0.146,0.138,0.348
29/01/2019 03:00,0.217,0.217,0.063,0.074,0.475,0.14,0.132,0.328
29/01/2019 04:00,0.221,0.221,0.067,0.079,0.623,0.191,0.185,0.429
29/01/2019 05:00,0.332,0.332,0.145,0.172,0.793,0.311,0.306,0.627
29/01/2019 06:00,0.351,0.351,0.232,0.273,0.804,0.276,0.272,0.577
29/01/2019 07:00,0.361,0.361,0.261,0.307,0.772,0.223,0.22,0.484
29/01/2019 08:00,0.384,0.384,0.285,0.335,0.729,0.191,0.187,0.422
29/01/2019 09:00,0.409,0.409,0.309,0.362,0.672,0.18,0.175,0.399
29/01/2019 10:00,0.43,0.43,0.34,0.397,0.608,0.185,0.181,0.41
29/01/2019 11:00,0.452,0.452,0.363,0.422,0.559,0.205,0.2,0.447
29/01/2019 12:00,0.475,0.475,0.368,0.427,0.528,0.239,0.234,0.511
29/01/2019 13:00,0.499,0.499,0.363,0.422,0.519,0.282,0.278,0.584
29/01/2019 14:00,0.502,0.502,0.328,0.384,0.528,0.333,0.327,0.659
29/01/2019 15:00,0.52,0.52,0.226,0.267,0.5,0.388,0.378,0.736
29/01/2019 16:00,0.546,0.546,0.163,0.193,0.503,0.435,0.425,0.784
29/01/2019 17:00,0.525,0.525,0.151,0.179,0.544,0.434,0.425,0.779
29/01/2019 18:00,0.475,0.475,0.152,0.18,0.571,0.415,0.407,0.764
29/01/2019 19:00,0.359,0.359,0.141,0.166,0.582,0.34,0.33,0.686
29/01/2019 20:00,0.257,0.257,0.129,0.152,0.576,0.277,0.268,0.603
29/01/2019 21:00,0.18,0.18,0.104,0.122,0.557,0.243,0.233,0.548
29/01/2019 22:00,0.134,0.134,0.082,0.097,0.509,0.21,0.2,0.489
29/01/2019 23:00,0.111,0.111,0.065,0.076,0.412,0.196,0.185,0.461
30/01/2019 00:00,0.099,0.099,0.058,0.069,0.369,0.195,0.183,0.453
30/01/2019 01:00,0.097,0.097,0.058,0.068,0.314,0.198,0.186,0.459
30/01/2019 02:00,0.105,0.105,0.06,0.07,0.283,0.199,0.188,0.459
30/01/2019 03:00,0.108,0.108,0.058,0.068,0.278,0.208,0.198,0.47
30/01/2019 04:00,0.111,0.111,0.053,0.062,0.297,0.247,0.24,0.523
30/01/2019 05:00,0.248,0.248,0.1,0.118,0.68,0.414,0.41,0.747
30/01/2019 06:00,0.285,0.285,0.243,0.287,0.775,0.395,0.391,0.723
30/01/2019 07:00,0.322,0.322,0.253,0.298,0.747,0.344,0.34,0.66
30/01/2019 08:00,0.373,0.373,0.256,0.301,0.707,0.309,0.306,0.607
30/01/2019 09:00,0.424,0.424,0.271,0.319,0.648,0.283,0.278,0.567
30/01/2019 10:00,0.479,0.479,0.289,0.339,0.587,0.271,0.268,0.552
30/01/2019 11:00,0.528,0.528,0.309,0.362,0.545,0.275,0.27,0.56
30/01/2019 12:00,0.568,0.568,0.328,0.383,0.52,0.287,0.282,0.586
30/01/2019 13:00,0.6,0.6,0.34,0.396,0.511,0.307,0.303,0.62
30/01/2019 14:00,0.606,0.606,0.32,0.375,0.497,0.333,0.327,0.663
30/01/2019 15:00,0.633,0.633,0.251,0.296,0.441,0.36,0.351,0.715
30/01/2019 16:00,0.683,0.683,0.174,0.206,0.429,0.406,0.393,0.763
30/01/2019 17:00,0.676,0.676,0.139,0.164,0.416,0.394,0.382,0.745
30/01/2019 18:00,0.606,0.606,0.13,0.153,0.422,0.334,0.323,0.677
30/01/2019 19:00,0.527,0.527,0.116,0.136,0.413,0.292,0.28,0.623
30/01/2019 20:00,0.434,0.434,0.113,0.133,0.398,0.263,0.252,0.581
30/01/2019 21:00,0.361,0.361,0.092,0.108,0.377,0.255,0.243,0.565
30/01/2019 22:00,0.302,0.302,0.066,0.077,0.331,0.244,0.233,0.546
30/01/2019 23:00,0.208,0.208,0.047,0.056,0.287,0.256,0.244,0.569
31/01/2019 00:00,0.134,0.134,0.033,0.04,0.252,0.254,0.243,0.569
31/01/2019 01:00,0.086,0.086,0.027,0.034,0.222,0.241,0.229,0.545
31/01/2019 02:00,0.063,0.063,0.033,0.04,0.203,0.229,0.218,0.522
31/01/2019 03:00,0.066,0.066,0.044,0.052,0.201,0.204,0.193,0.474
31/01/2019 04:00,0.097,0.097,0.04,0.049,0.253,0.191,0.185,0.425
31/01/2019 05:00,0.263,0.263,0.067,0.079,0.55,0.275,0.27,0.578
31/01/2019 06:00,0.323,0.323,0.198,0.234,0.65,0.238,0.234,0.515
31/01/2019 07:00,0.342,0.342,0.253,0.298,0.642,0.203,0.198,0.448
31/01/2019 08:00,0.367,0.367,0.29,0.34,0.599,0.187,0.183,0.414
31/01/2019 09:00,0.403,0.403,0.315,0.369,0.527,0.185,0.181,0.408
31/01/2019 10:00,0.449,0.449,0.318,0.372,0.451,0.195,0.191,0.429
31/01/2019 11:00,0.499,0.499,0.295,0.346,0.401,0.219,0.215,0.473
31/01/2019 12:00,0.551,0.551,0.258,0.303,0.375,0.258,0.253,0.541
31/01/2019 13:00,0.619,0.619,0.228,0.269,0.373,0.313,0.308,0.627
31/01/2019 14:00,0.683,0.683,0.195,0.23,0.389,0.383,0.379,0.721
31/01/2019 15:00,0.671,0.671,0.138,0.163,0.384,0.459,0.45,0.804
31/01/2019 16:00,0.642,0.642,0.096,0.112,0.44,0.518,0.51,0.848
31/01/2019 17:00,0.606,0.606,0.077,0.09,0.495,0.468,0.458,0.804
31/01/2019 18:00,0.526,0.526,0.082,0.096,0.5,0.411,0.401,0.752
31/01/2019 19:00,0.424,0.424,0.094,0.11,0.468,0.371,0.36,0.709
31/01/2019 20:00,0.348,0.348,0.096,0.113,0.417,0.306,0.296,0.632
31/01/2019 21:00,0.301,0.301,0.076,0.089,0.383,0.258,0.248,0.569
31/01/2019 22:00,0.257,0.257,0.055,0.065,0.356,0.244,0.234,0.549
31/01/2019 23:00,0.208,0.208,0.044,0.052,0.333,0.232,0.222,0.523
01/02/2019 00:00,0.158,0.158,0.038,0.046,0.311,0.221,0.211,0.503
01/02/2019 01:00,0.117,0.117,0.035,0.043,0.295,0.222,0.211,0.5
01/02/2019 02:00,0.089,0.089,0.04,0.049,0.288,0.203,0.193,0.465
01/02/2019 03:00,0.072,0.072,0.055,0.065,0.294,0.188,0.178,0.435
01/02/2019 04:00,0.075,0.075,0.056,0.066,0.418,0.223,0.216,0.482
01/02/2019 05:00,0.249,0.249,0.061,0.072,0.785,0.368,0.363,0.698
01/02/2019 06:00,0.369,0.369,0.279,0.328,0.826,0.355,0.352,0.682
01/02/2019 07:00,0.42,0.42,0.365,0.424,0.81,0.331,0.327,0.649
01/02/2019 08:00,0.432,0.432,0.405,0.467,0.777,0.31,0.306,0.617
01/02/2019 09:00,0.43,0.43,0.411,0.474,0.727,0.297,0.293,0.597
01/02/2019 10:00,0.439,0.439,0.398,0.461,0.663,0.29,0.286,0.587
01/02/2019 11:00,0.448,0.448,0.398,0.461,0.607,0.289,0.285,0.589
01/02/2019 12:00,0.464,0.464,0.41,0.474,0.567,0.293,0.29,0.597
01/02/2019 13:00,0.503,0.503,0.405,0.467,0.548,0.315,0.311,0.632
01/02/2019 14:00,0.529,0.529,0.333,0.389,0.541,0.363,0.358,0.698
01/02/2019 15:00,0.523,0.523,0.213,0.252,0.5,0.406,0.398,0.755
01/02/2019 16:00,0.524,0.524,0.126,0.149,0.494,0.442,0.432,0.784
01/02/2019 17:00,0.524,0.524,0.105,0.124,0.523,0.431,0.421,0.77
01/02/2019 18:00,0.565,0.565,0.094,0.11,0.551,0.389,0.379,0.732
01/02/2019 19:00,0.558,0.558,0.102,0.12,0.581,0.377,0.365,0.725
01/02/2019 20:00,0.491,0.491,0.115,0.135,0.586,0.355,0.345,0.701
01/02/2019 21:00,0.429,0.429,0.098,0.115,0.565,0.325,0.314,0.661
01/02/2019 22:00,0.319,0.319,0.071,0.083,0.557,0.3,0.29,0.625
01/02/2019 23:00,0.201,0.201,0.051,0.06,0.472,0.305,0.293,0.63
02/02/2019 00:00,0.125,0.125,0.038,0.046,0.401,0.313,0.301,0.641
02/02/2019 01:00,0.086,0.086,0.037,0.045,0.363,0.31,0.298,0.637
02/02/2019 02:00,0.072,0.072,0.047,0.056,0.333,0.303,0.29,0.629
02/02/2019 03:00,0.076,0.076,0.053,0.063,0.315,0.275,0.264,0.588
02/02/2019 04:00,0.086,0.086,0.044,0.052,0.234,0.237,0.231,0.508
02/02/2019 05:00,0.229,0.229,0.159,0.188,0.673,0.45,0.445,0.784
02/02/2019 06:00,0.285,0.285,0.317,0.371,0.78,0.371,0.366,0.707
02/02/2019 07:00,0.262,0.262,0.3,0.352,0.735,0.276,0.272,0.586
02/02/2019 08:00,0.23,0.23,0.246,0.29,0.665,0.219,0.216,0.488
02/02/2019 09:00,0.206,0.206,0.203,0.24,0.57,0.201,0.198,0.453
02/02/2019 10:00,0.198,0.198,0.176,0.208,0.478,0.207,0.202,0.46
02/02/2019 11:00,0.213,0.213,0.171,0.202,0.41,0.22,0.216,0.485
02/02/2019 12:00,0.252,0.252,0.186,0.22,0.36,0.236,0.232,0.516
02/02/2019 13:00,0.313,0.313,0.244,0.287,0.324,0.261,0.257,0.562
02/02/2019 14:00,0.395,0.395,0.322,0.377,0.294,0.31,0.304,0.637
02/02/2019 15:00,0.515,0.515,0.311,0.364,0.24,0.397,0.386,0.757
02/02/2019 16:00,0.564,0.564,0.201,0.237,0.267,0.518,0.509,0.857
02/02/2019 17:00,0.533,0.533,0.104,0.122,0.339,0.536,0.529,0.865
02/02/2019 18:00,0.448,0.448,0.055,0.065,0.431,0.526,0.519,0.857
02/02/2019 19:00,0.356,0.356,0.039,0.047,0.507,0.458,0.45,0.799
02/02/2019 20:00,0.281,0.281,0.029,0.037,0.557,0.382,0.373,0.723
02/02/2019 21:00,0.225,0.225,0.021,0.028,0.582,0.343,0.333,0.676
02/02/2019 22:00,0.195,0.195,0.022,0.029,0.586,0.317,0.306,0.641
02/02/2019 23:00,0.165,0.165,0.023,0.03,0.581,0.31,0.298,0.63
03/02/2019 00:00,0.128,0.128,0.02,0.026,0.56,0.331,0.321,0.663
03/02/2019 01:00,0.094,0.094,0.016,0.023,0.536,0.335,0.324,0.67
03/02/2019 02:00,0.073,0.073,0.026,0.033,0.475,0.327,0.315,0.661
03/02/2019 03:00,0.061,0.061,0.043,0.052,0.409,0.296,0.284,0.619
03/02/2019 04:00,0.057,0.057,0.045,0.054,0.324,0.253,0.248,0.545
03/02/2019 05:00,0.159,0.159,0.128,0.15,0.672,0.44,0.436,0.789
03/02/2019 06:00,0.188,0.188,0.156,0.184,0.672,0.339,0.335,0.68
03/02/2019 07:00,0.179,0.179,0.124,0.146,0.586,0.246,0.241,0.541
03/02/2019 08:00,0.164,0.164,0.111,0.13,0.528,0.199,0.195,0.452
03/02/2019 09:00,0.146,0.146,0.108,0.127,0.488,0.175,0.171,0.401
03/02/2019 10:00,0.157,0.157,0.114,0.134,0.437,0.153,0.149,0.357
03/02/2019 11:00,0.177,0.177,0.138,0.162,0.369,0.141,0.137,0.331
03/02/2019 12:00,0.208,0.208,0.165,0.194,0.3,0.144,0.141,0.342
03/02/2019 13:00,0.281,0.281,0.21,0.248,0.256,0.175,0.171,0.414
03/02/2019 14:00,0.377,0.377,0.311,0.364,0.241,0.226,0.22,0.516
03/02/2019 15:00,0.479,0.479,0.302,0.354,0.249,0.289,0.278,0.634
03/02/2019 16:00,0.548,0.548,0.195,0.23,0.337,0.318,0.308,0.679
03/02/2019 17:00,0.511,0.511,0.112,0.132,0.431,0.275,0.265,0.625
03/02/2019 18:00,0.42,0.42,0.074,0.087,0.506,0.221,0.212,0.541
03/02/2019 19:00,0.321,0.321,0.058,0.069,0.545,0.189,0.181,0.474
03/02/2019 20:00,0.289,0.289,0.042,0.051,0.553,0.173,0.163,0.435
03/02/2019 21:00,0.254,0.254,0.022,0.029,0.528,0.15,0.141,0.378
03/02/2019 22:00,0.188,0.188,0.008,0.014,0.44,0.132,0.124,0.331
03/02/2019 23:00,0.114,0.114,0.005,0.009,0.392,0.143,0.135,0.36
04/02/2019 00:00,0.067,0.067,0.005,0.01,0.351,0.2,0.189,0.499
04/02/2019 01:00,0.042,0.042,0.011,0.017,0.323,0.185,0.174,0.468
04/02/2019 02:00,0.029,0.029,0.022,0.029,0.3,0.18,0.168,0.452
04/02/2019 03:00,0.021,0.021,0.033,0.041,0.262,0.183,0.172,0.45
04/02/2019 04:00,0.021,0.021,0.03,0.038,0.399,0.18,0.174,0.416
04/02/2019 05:00,0.096,0.096,0.062,0.073,0.753,0.3,0.294,0.622
04/02/2019 06:00,0.136,0.136,0.093,0.109,0.783,0.277,0.273,0.592
04/02/2019 07:00,0.14,0.14,0.098,0.115,0.749,0.212,0.209,0.482
04/02/2019 08:00,0.146,0.146,0.105,0.123,0.706,0.17,0.166,0.399
04/02/2019 09:00,0.161,0.161,0.125,0.147,0.671,0.17,0.166,0.399
04/02/2019 10:00,0.186,0.186,0.133,0.157,0.635,0.195,0.192,0.448
04/02/2019 11:00,0.21,0.21,0.139,0.164,0.603,0.232,0.228,0.515
04/02/2019 12:00,0.251,0.251,0.172,0.203,0.582,0.293,0.288,0.609
04/02/2019 13:00,0.322,0.322,0.279,0.328,0.575,0.392,0.389,0.735
04/02/2019 14:00,0.426,0.426,0.407,0.47,0.579,0.525,0.523,0.852
04/02/2019 15:00,0.541,0.541,0.356,0.414,0.53,0.586,0.582,0.892
04/02/2019 16:00,0.639,0.639,0.218,0.257,0.514,0.555,0.551,0.876
04/02/2019 17:00,0.596,0.596,0.202,0.238,0.524,0.524,0.518,0.857
04/02/2019 18:00,0.535,0.535,0.179,0.212,0.56,0.455,0.449,0.801
04/02/2019 19:00,0.509,0.509,0.178,0.211,0.594,0.395,0.386,0.743
04/02/2019 20:00,0.538,0.538,0.153,0.181,0.603,0.377,0.368,0.718
04/02/2019 21:00,0.489,0.489,0.122,0.144,0.567,0.308,0.299,0.64
04/02/2019 22:00,0.357,0.357,0.097,0.114,0.486,0.242,0.234,0.535
04/02/2019 23:00,0.268,0.268,0.094,0.11,0.44,0.185,0.177,0.425
05/02/2019 00:00,0.244,0.244,0.1,0.118,0.401,0.169,0.161,0.396
05/02/2019 01:00,0.259,0.259,0.094,0.11,0.385,0.203,0.195,0.447
05/02/2019 02:00,0.262,0.262,0.092,0.108,0.434,0.201,0.193,0.435
05/02/2019 03:00,0.221,0.221,0.09,0.106,0.514,0.228,0.221,0.487
05/02/2019 04:00,0.221,0.221,0.081,0.095,0.78,0.355,0.349,0.686
05/02/2019 05:00,0.336,0.336,0.3,0.352,0.893,0.52,0.518,0.837
05/02/2019 06:00,0.403,0.403,0.45,0.516,0.909,0.582,0.582,0.88
05/02/2019 07:00,0.46,0.46,0.495,0.563,0.908,0.58,0.581,0.879
05/02/2019 08:00,0.483,0.483,0.494,0.562,0.896,0.55,0.551,0.86
05/02/2019 09:00,0.466,0.466,0.475,0.542,0.875,0.535,0.535,0.851
05/02/2019 10:00,0.452,0.452,0.431,0.496,0.842,0.529,0.528,0.847
05/02/2019 11:00,0.449,0.449,0.387,0.448,0.797,0.523,0.523,0.845
05/02/2019 12:00,0.473,0.473,0.383,0.444,0.75,0.522,0.521,0.844
05/02/2019 13:00,0.538,0.538,0.431,0.496,0.708,0.538,0.536,0.857
05/02/2019 14:00,0.632,0.632,0.499,0.567,0.677,0.572,0.572,0.88
05/02/2019 15:00,0.674,0.674,0.481,0.549,0.599,0.578,0.575,0.888
05/02/2019 16:00,0.651,0.651,0.431,0.496,0.566,0.53,0.526,0.859
05/02/2019 17:00,0.609,0.609,0.435,0.5,0.581,0.498,0.492,0.835
05/02/2019 18:00,0.537,0.537,0.405,0.467,0.615,0.398,0.39,0.745
05/02/2019 19:00,0.49,0.49,0.349,0.406,0.631,0.317,0.308,0.643
05/02/2019 20:00,0.446,0.446,0.274,0.323,0.66,0.248,0.239,0.545
05/02/2019 21:00,0.391,0.391,0.249,0.293,0.638,0.191,0.183,0.445
05/02/2019 22:00,0.319,0.319,0.218,0.258,0.519,0.177,0.169,0.414
05/02/2019 23:00,0.211,0.211,0.176,0.208,0.453,0.193,0.184,0.444
06/02/2019 00:00,0.15,0.15,0.159,0.187,0.392,0.222,0.212,0.497
06/02/2019 01:00,0.128,0.128,0.151,0.178,0.392,0.215,0.205,0.481
06/02/2019 02:00,0.121,0.121,0.154,0.181,0.44,0.194,0.185,0.437
06/02/2019 03:00,0.109,0.109,0.166,0.196,0.516,0.183,0.174,0.41
06/02/2019 04:00,0.138,0.138,0.166,0.196,0.764,0.307,0.3,0.622
06/02/2019 05:00,0.229,0.229,0.506,0.574,0.865,0.547,0.545,0.862
06/02/2019 06:00,0.253,0.253,0.622,0.689,0.878,0.571,0.571,0.878
06/02/2019 07:00,0.259,0.259,0.603,0.67,0.872,0.525,0.526,0.847
06/02/2019 08:00,0.268,0.268,0.538,0.607,0.846,0.468,0.467,0.801
06/02/2019 09:00,0.27,0.27,0.46,0.526,0.799,0.414,0.412,0.749
06/02/2019 10:00,0.273,0.273,0.392,0.453,0.735,0.365,0.363,0.698
06/02/2019 11:00,0.281,0.281,0.349,0.407,0.665,0.325,0.322,0.651
06/02/2019 12:00,0.318,0.318,0.342,0.399,0.602,0.298,0.295,0.618
06/02/2019 13:00,0.373,0.373,0.385,0.447,0.55,0.295,0.29,0.617
06/02/2019 14:00,0.444,0.444,0.471,0.538,0.511,0.325,0.32,0.663
06/02/2019 15:00,0.493,0.493,0.472,0.539,0.442,0.366,0.358,0.722
06/02/2019 16:00,0.499,0.499,0.365,0.424,0.41,0.36,0.351,0.709
06/02/2019 17:00,0.426,0.426,0.279,0.328,0.448,0.333,0.325,0.679
06/02/2019 18:00,0.354,0.354,0.21,0.248,0.481,0.357,0.348,0.703
06/02/2019 19:00,0.278,0.278,0.166,0.197,0.486,0.323,0.315,0.655
06/02/2019 20:00,0.212,0.212,0.126,0.148,0.469,0.26,0.251,0.552
06/02/2019 21:00,0.204,0.204,0.105,0.123,0.472,0.219,0.211,0.482
06/02/2019 22:00,0.198,0.198,0.069,0.081,0.441,0.18,0.174,0.407
06/02/2019 23:00,0.155,0.155,0.051,0.06,0.364,0.15,0.143,0.341
07/02/2019 00:00,0.115,0.115,0.045,0.054,0.31,0.129,0.122,0.291
07/02/2019 01:00,0.089,0.089,0.044,0.052,0.3,0.132,0.124,0.302
07/02/2019 02:00,0.076,0.076,0.047,0.056,0.277,0.155,0.147,0.364
07/02/2019 03:00,0.064,0.064,0.059,0.069,0.27,0.2,0.192,0.459
07/02/2019 04:00,0.073,0.073,0.077,0.091,0.407,0.334,0.328,0.663
07/02/2019 05:00,0.121,0.121,0.151,0.178,0.821,0.489,0.486,0.818
07/02/2019 06:00,0.124,0.124,0.115,0.135,0.828,0.446,0.444,0.785
07/02/2019 07:00,0.128,0.128,0.063,0.074,0.779,0.35,0.346,0.684
07/02/2019 08:00,0.149,0.149,0.071,0.083,0.722,0.268,0.263,0.568
07/02/2019 09:00,0.184,0.184,0.083,0.098,0.644,0.219,0.214,0.483
07/02/2019 10:00,0.23,0.23,0.092,0.108,0.552,0.183,0.179,0.417
07/02/2019 11:00,0.279,0.279,0.093,0.109,0.483,0.161,0.158,0.372
07/02/2019 12:00,0.348,0.348,0.096,0.113,0.445,0.152,0.148,0.352
07/02/2019 13:00,0.432,0.432,0.283,0.333,0.442,0.163,0.159,0.378
07/02/2019 14:00,0.521,0.521,0.448,0.513,0.461,0.228,0.223,0.509
07/02/2019 15:00,0.539,0.539,0.498,0.566,0.45,0.307,0.299,0.644
07/02/2019 16:00,0.515,0.515,0.349,0.407,0.442,0.368,0.36,0.727
07/02/2019 17:00,0.436,0.436,0.234,0.276,0.482,0.39,0.384,0.75
07/02/2019 18:00,0.355,0.355,0.175,0.206,0.491,0.356,0.348,0.711
07/02/2019 19:00,0.318,0.318,0.155,0.183,0.431,0.295,0.287,0.626
07/02/2019 20:00,0.317,0.317,0.143,0.169,0.401,0.279,0.271,0.609
07/02/2019 21:00,0.28,0.28,0.119,0.14,0.352,0.283,0.274,0.62
07/02/2019 22:00,0.195,0.195,0.088,0.103,0.325,0.241,0.233,0.552
07/02/2019 23:00,0.134,0.134,0.065,0.076,0.303,0.209,0.201,0.488
08/02/2019 00:00,0.114,0.114,0.052,0.062,0.258,0.183,0.177,0.437
08/02/2019 01:00,0.126,0.126,0.05,0.059,0.225,0.142,0.136,0.346
08/02/2019 02:00,0.131,0.131,0.054,0.064,0.239,0.127,0.121,0.312
08/02/2019 03:00,0.118,0.118,0.063,0.074,0.285,0.14,0.133,0.337
08/02/2019 04:00,0.12,0.12,0.077,0.09,0.568,0.287,0.28,0.607
08/02/2019 05:00,0.206,0.206,0.145,0.171,0.804,0.478,0.473,0.809
08/02/2019 06:00,0.211,0.211,0.101,0.119,0.811,0.52,0.518,0.841
08/02/2019 07:00,0.201,0.201,0.074,0.087,0.772,0.5,0.498,0.826
08/02/2019 08:00,0.218,0.218,0.085,0.1,0.71,0.454,0.451,0.788
08/02/2019 09:00,0.234,0.234,0.084,0.099,0.619,0.388,0.385,0.724
08/02/2019 10:00,0.247,0.247,0.072,0.084,0.515,0.315,0.31,0.633
08/02/2019 11:00,0.254,0.254,0.056,0.066,0.43,0.262,0.258,0.556
08/02/2019 12:00,0.262,0.262,0.046,0.055,0.369,0.225,0.221,0.497
08/02/2019 13:00,0.286,0.286,0.061,0.071,0.339,0.192,0.186,0.437
08/02/2019 14:00,0.314,0.314,0.184,0.217,0.321,0.169,0.164,0.399
08/02/2019 15:00,0.346,0.346,0.251,0.296,0.289,0.153,0.146,0.378
08/02/2019 16:00,0.39,0.39,0.196,0.232,0.339,0.151,0.142,0.382
08/02/2019 17:00,0.402,0.402,0.12,0.142,0.423,0.161,0.153,0.403
08/02/2019 18:00,0.401,0.401,0.075,0.088,0.495,0.162,0.153,0.395
08/02/2019 19:00,0.364,0.364,0.066,0.078,0.528,0.157,0.148,0.378
08/02/2019 20:00,0.316,0.316,0.083,0.097,0.525,0.147,0.14,0.358
08/02/2019 21:00,0.253,0.253,0.083,0.098,0.483,0.134,0.127,0.324
08/02/2019 22:00,0.221,0.221,0.076,0.089,0.351,0.128,0.121,0.3
08/02/2019 23:00,0.179,0.179,0.059,0.07,0.387,0.116,0.109,0.262
09/02/2019 00:00,0.167,0.167,0.048,0.057,0.336,0.096,0.089,0.213
09/02/2019 01:00,0.176,0.176,0.042,0.05,0.322,0.079,0.074,0.173
09/02/2019 02:00,0.169,0.169,0.033,0.041,0.352,0.068,0.064,0.151
09/02/2019 03:00,0.145,0.145,0.024,0.031,0.481,0.069,0.065,0.151
09/02/2019 04:00,0.154,0.154,0.024,0.031,0.749,0.14,0.134,0.313
09/02/2019 05:00,0.243,0.243,0.071,0.083,0.866,0.286,0.28,0.578
09/02/2019 06:00,0.268,0.268,0.115,0.135,0.875,0.364,0.36,0.693
09/02/2019 07:00,0.305,0.305,0.135,0.159,0.854,0.38,0.376,0.715
09/02/2019 08:00,0.351,0.351,0.156,0.185,0.813,0.36,0.357,0.691
09/02/2019 09:00,0.404,0.404,0.184,0.218,0.749,0.326,0.322,0.646
09/02/2019 10:00,0.463,0.463,0.206,0.243,0.661,0.298,0.295,0.607
09/02/2019 11:00,0.52,0.52,0.21,0.248,0.573,0.299,0.296,0.609
09/02/2019 12:00,0.584,0.584,0.214,0.253,0.514,0.316,0.311,0.637
09/02/2019 13:00,0.654,0.654,0.261,0.307,0.491,0.355,0.351,0.691
09/02/2019 14:00,0.703,0.703,0.356,0.415,0.501,0.421,0.416,0.764
09/02/2019 15:00,0.68,0.68,0.355,0.413,0.498,0.474,0.467,0.817
09/02/2019 16:00,0.635,0.635,0.261,0.307,0.507,0.483,0.476,0.828
09/02/2019 17:00,0.639,0.639,0.222,0.263,0.541,0.498,0.492,0.842
09/02/2019 18:00,0.594,0.594,0.195,0.231,0.555,0.481,0.474,0.828
09/02/2019 19:00,0.609,0.609,0.145,0.171,0.535,0.459,0.452,0.809
09/02/2019 20:00,0.548,0.548,0.119,0.14,0.558,0.395,0.386,0.743
09/02/2019 21:00,0.455,0.455,0.095,0.111,0.49,0.35,0.341,0.687
09/02/2019 22:00,0.36,0.36,0.071,0.083,0.546,0.303,0.293,0.627
09/02/2019 23:00,0.291,0.291,0.054,0.064,0.544,0.275,0.265,0.588
10/02/2019 00:00,0.25,0.25,0.049,0.058,0.491,0.26,0.25,0.561
10/02/2019 01:00,0.234,0.234,0.05,0.06,0.517,0.234,0.224,0.516
10/02/2019 02:00,0.191,0.191,0.058,0.069,0.597,0.208,0.199,0.471
10/02/2019 03:00,0.161,0.161,0.065,0.077,0.647,0.233,0.224,0.523
10/02/2019 04:00,0.174,0.174,0.059,0.069,0.822,0.412,0.406,0.756
10/02/2019 05:00,0.239,0.239,0.158,0.186,0.863,0.57,0.569,0.877
10/02/2019 06:00,0.222,0.222,0.201,0.238,0.842,0.571,0.571,0.877
10/02/2019 07:00,0.224,0.224,0.187,0.221,0.797,0.508,0.507,0.832
10/02/2019 08:00,0.25,0.25,0.166,0.196,0.737,0.456,0.455,0.789
10/02/2019 09:00,0.283,0.283,0.146,0.173,0.658,0.41,0.41,0.748
10/02/2019 10:00,0.307,0.307,0.125,0.147,0.572,0.371,0.368,0.704
10/02/2019 11:00,0.318,0.318,0.107,0.126,0.509,0.355,0.353,0.686
10/02/2019 12:00,0.33,0.33,0.098,0.115,0.477,0.359,0.356,0.691
10/02/2019 13:00,0.357,0.357,0.107,0.126,0.475,0.378,0.375,0.718
10/02/2019 14:00,0.389,0.389,0.186,0.22,0.48,0.423,0.418,0.766
10/02/2019 15:00,0.433,0.433,0.269,0.316,0.446,0.463,0.456,0.807
10/02/2019 16:00,0.487,0.487,0.185,0.219,0.444,0.431,0.421,0.779
10/02/2019 17:00,0.48,0.48,0.082,0.096,0.481,0.39,0.379,0.745
10/02/2019 18:00,0.416,0.416,0.038,0.046,0.52,0.367,0.357,0.73
10/02/2019 19:00,0.328,0.328,0.038,0.046,0.532,0.326,0.316,0.682
10/02/2019 20:00,0.238,0.238,0.033,0.04,0.533,0.274,0.264,0.606
10/02/2019 21:00,0.155,0.155,0.026,0.033,0.526,0.274,0.264,0.603
10/02/2019 22:00,0.094,0.094,0.018,0.025,0.509,0.262,0.252,0.584
10/02/2019 23:00,0.052,0.052,0.008,0.014,0.462,0.245,0.234,0.556
11/02/2019 00:00,0.031,0.031,0.002,0.005,0.415,0.245,0.234,0.56
11/02/2019 01:00,0.022,0.022,0.0,0.002,0.407,0.226,0.216,0.525
11/02/2019 02:00,0.018,0.018,0.0,0.002,0.443,0.237,0.226,0.541
11/02/2019 03:00,0.017,0.017,0.0,0.002,0.499,0.268,0.257,0.581
11/02/2019 04:00,0.016,0.016,0.0,0.001,0.532,0.349,0.342,0.682
11/02/2019 05:00,0.067,0.067,0.0,0.002,0.733,0.428,0.425,0.773
11/02/2019 06:00,0.096,0.096,0.0,0.001,0.753,0.334,0.33,0.668
11/02/2019 07:00,0.122,0.122,0.0,0.0,0.725,0.277,0.273,0.586
11/02/2019 08:00,0.157,0.157,0.0,0.0,0.678,0.249,0.245,0.537
11/02/2019 09:00,0.181,0.181,0.0,0.0,0.611,0.237,0.234,0.518
11/02/2019 10:00,0.188,0.188,0.0,0.0,0.54,0.242,0.238,0.525
11/02/2019 11:00,0.194,0.194,0.0,0.0,0.481,0.253,0.25,0.546
11/02/2019 12:00,0.215,0.215,0.007,0.012,0.451,0.278,0.275,0.586
11/02/2019 13:00,0.263,0.263,0.057,0.067,0.439,0.329,0.324,0.656
11/02/2019 14:00,0.339,0.339,0.212,0.251,0.443,0.408,0.404,0.75
11/02/2019 15:00,0.46,0.46,0.242,0.286,0.412,0.475,0.467,0.819
11/02/2019 16:00,0.549,0.549,0.189,0.223,0.437,0.516,0.508,0.85
11/02/2019 17:00,0.55,0.55,0.165,0.195,0.475,0.491,0.483,0.833
11/02/2019 18:00,0.516,0.516,0.16,0.189,0.514,0.451,0.441,0.804
11/02/2019 19:00,0.448,0.448,0.133,0.157,0.541,0.407,0.398,0.767
11/02/2019 20:00,0.362,0.362,0.09,0.106,0.547,0.36,0.349,0.715
11/02/2019 21:00,0.294,0.294,0.058,0.068,0.539,0.327,0.316,0.669
11/02/2019 22:00,0.251,0.251,0.038,0.046,0.511,0.308,0.298,0.643
11/02/2019 23:00,0.247,0.247,0.027,0.034,0.492,0.287,0.277,0.611
12/02/2019 00:00,0.252,0.252,0.023,0.029,0.451,0.262,0.252,0.57
12/02/2019 01:00,0.263,0.263,0.02,0.026,0.44,0.224,0.214,0.503
12/02/2019 02:00,0.268,0.268,0.019,0.025,0.44,0.217,0.207,0.486
12/02/2019 03:00,0.286,0.286,0.017,0.024,0.44,0.219,0.209,0.484
12/02/2019 04:00,0.37,0.37,0.017,0.023,0.541,0.305,0.298,0.62
12/02/2019 05:00,0.44,0.44,0.012,0.018,0.838,0.466,0.463,0.803
12/02/2019 06:00,0.411,0.411,0.004,0.009,0.883,0.475,0.473,0.809
12/02/2019 07:00,0.397,0.397,0.005,0.01,0.893,0.469,0.467,0.799
12/02/2019 08:00,0.39,0.39,0.005,0.01,0.896,0.487,0.487,0.811
12/02/2019 09:00,0.405,0.405,0.004,0.008,0.888,0.5,0.499,0.819
12/02/2019 10:00,0.429,0.429,0.007,0.012,0.871,0.498,0.498,0.817
12/02/2019 11:00,0.445,0.445,0.027,0.035,0.856,0.498,0.497,0.816
12/02/2019 12:00,0.466,0.466,0.068,0.08,0.846,0.502,0.501,0.821
12/02/2019 13:00,0.499,0.499,0.131,0.155,0.841,0.517,0.516,0.836
12/02/2019 14:00,0.533,0.533,0.189,0.223,0.829,0.541,0.538,0.856
12/02/2019 15:00,0.532,0.532,0.144,0.17,0.768,0.519,0.512,0.851
12/02/2019 16:00,0.538,0.538,0.072,0.084,0.704,0.486,0.476,0.827
12/02/2019 17:00,0.487,0.487,0.047,0.056,0.674,0.46,0.45,0.804
12/02/2019 18:00,0.392,0.392,0.05,0.06,0.639,0.44,0.43,0.786
12/02/2019 19:00,0.314,0.314,0.042,0.051,0.586,0.423,0.411,0.769
12/02/2019 20:00,0.261,0.261,0.025,0.032,0.543,0.394,0.382,0.741
12/02/2019 21:00,0.246,0.246,0.02,0.027,0.49,0.388,0.376,0.735
12/02/2019 22:00,0.227,0.227,0.021,0.028,0.444,0.383,0.373,0.728
12/02/2019 23:00,0.218,0.218,0.017,0.023,0.444,0.347,0.335,0.683
13/02/2019 00:00,0.206,0.206,0.013,0.019,0.452,0.297,0.287,0.622
13/02/2019 01:00,0.184,0.184,0.016,0.022,0.482,0.26,0.25,0.567
13/02/2019 02:00,0.165,0.165,0.027,0.034,0.488,0.217,0.207,0.489
13/02/2019 03:00,0.152,0.152,0.049,0.058,0.406,0.18,0.172,0.411
13/02/2019 04:00,0.202,0.202,0.12,0.141,0.575,0.221,0.216,0.482
13/02/2019 05:00,0.491,0.491,0.253,0.298,0.771,0.392,0.386,0.721
13/02/2019 06:00,0.587,0.587,0.336,0.392,0.794,0.445,0.442,0.774
13/02/2019 07:00,0.588,0.588,0.374,0.435,0.796,0.44,0.438,0.767
13/02/2019 08:00,0.574,0.574,0.378,0.438,0.807,0.443,0.441,0.767
13/02/2019 09:00,0.568,0.568,0.363,0.422,0.821,0.448,0.445,0.77
13/02/2019 10:00,0.574,0.574,0.34,0.396,0.829,0.45,0.448,0.773
13/02/2019 11:00,0.594,0.594,0.315,0.368,0.811,0.459,0.456,0.781
13/02/2019 12:00,0.621,0.621,0.29,0.341,0.775,0.479,0.476,0.8
13/02/2019 13:00,0.651,0.651,0.271,0.319,0.747,0.508,0.507,0.826
13/02/2019 14:00,0.664,0.664,0.242,0.286,0.727,0.544,0.543,0.857
13/02/2019 15:00,0.611,0.611,0.172,0.204,0.665,0.538,0.532,0.859
13/02/2019 16:00,0.572,0.572,0.12,0.141,0.616,0.521,0.515,0.848
13/02/2019 17:00,0.548,0.548,0.083,0.098,0.614,0.502,0.495,0.838
13/02/2019 18:00,0.513,0.513,0.072,0.084,0.599,0.463,0.456,0.813
13/02/2019 19:00,0.447,0.447,0.061,0.072,0.565,0.409,0.401,0.77
13/02/2019 20:00,0.348,0.348,0.056,0.066,0.495,0.333,0.324,0.682
13/02/2019 21:00,0.304,0.304,0.05,0.059,0.405,0.355,0.346,0.708
13/02/2019 22:00,0.253,0.253,0.042,0.05,0.354,0.325,0.316,0.664
13/02/2019 23:00,0.208,0.208,0.037,0.046,0.343,0.283,0.273,0.6
14/02/2019 00:00,0.184,0.184,0.038,0.046,0.348,0.267,0.255,0.571
14/02/2019 01:00,0.16,0.16,0.042,0.05,0.323,0.262,0.25,0.57
14/02/2019 02:00,0.126,0.126,0.045,0.054,0.323,0.24,0.228,0.541
14/02/2019 03:00,0.094,0.094,0.045,0.054,0.334,0.211,0.2,0.493
14/02/2019 04:00,0.096,0.096,0.042,0.051,0.562,0.215,0.209,0.474
14/02/2019 05:00,0.201,0.201,0.118,0.139,0.801,0.409,0.405,0.741
14/02/2019 06:00,0.257,0.257,0.233,0.275,0.81,0.475,0.472,0.8
14/02/2019 07:00,0.25,0.25,0.259,0.305,0.789,0.47,0.467,0.796
14/02/2019 08:00,0.228,0.228,0.267,0.314,0.765,0.44,0.438,0.767
14/02/2019 09:00,0.226,0.226,0.271,0.319,0.733,0.403,0.401,0.729
14/02/2019 10:00,0.24,0.24,0.264,0.311,0.702,0.393,0.39,0.717
14/02/2019 11:00,0.266,0.266,0.236,0.278,0.67,0.399,0.396,0.722
14/02/2019 12:00,0.305,0.305,0.208,0.246,0.64,0.415,0.413,0.742
14/02/2019 13:00,0.367,0.367,0.17,0.201,0.619,0.442,0.439,0.771
14/02/2019 14:00,0.446,0.446,0.11,0.129,0.597,0.471,0.467,0.801
14/02/2019 15:00,0.52,0.52,0.072,0.085,0.525,0.455,0.449,0.798
14/02/2019 16:00,0.594,0.594,0.081,0.095,0.465,0.415,0.405,0.76
14/02/2019 17:00,0.578,0.578,0.093,0.109,0.465,0.374,0.365,0.714
14/02/2019 18:00,0.503,0.503,0.078,0.091,0.458,0.35,0.339,0.686
14/02/2019 19:00,0.397,0.397,0.056,0.066,0.411,0.306,0.296,0.636
14/02/2019 20:00,0.276,0.276,0.042,0.05,0.324,0.258,0.246,0.567
14/02/2019 21:00,0.167,0.167,0.028,0.036,0.275,0.234,0.223,0.53
14/02/2019 22:00,0.102,0.102,0.022,0.028,0.25,0.223,0.211,0.513
14/02/2019 23:00,0.074,0.074,0.015,0.021,0.234,0.217,0.205,0.502
15/02/2019 00:00,0.072,0.072,0.012,0.019,0.219,0.21,0.198,0.489
15/02/2019 01:00,0.086,0.086,0.012,0.018,0.202,0.202,0.191,0.479
15/02/2019 02:00,0.104,0.104,0.014,0.02,0.189,0.191,0.18,0.454
15/02/2019 03:00,0.11,0.11,0.017,0.024,0.18,0.174,0.163,0.413
15/02/2019 04:00,0.097,0.097,0.022,0.029,0.312,0.161,0.155,0.368
15/02/2019 05:00,0.14,0.14,0.088,0.103,0.612,0.202,0.198,0.45
15/02/2019 06:00,0.158,0.158,0.16,0.189,0.625,0.206,0.201,0.452
15/02/2019 07:00,0.166,0.166,0.19,0.224,0.588,0.215,0.211,0.463
15/02/2019 08:00,0.172,0.172,0.195,0.231,0.538,0.215,0.21,0.46
15/02/2019 09:00,0.195,0.195,0.189,0.223,0.478,0.216,0.211,0.463
15/02/2019 10:00,0.236,0.236,0.16,0.189,0.425,0.227,0.223,0.486
15/02/2019 11:00,0.29,0.29,0.125,0.147,0.398,0.244,0.24,0.516
15/02/2019 12:00,0.354,0.354,0.09,0.105,0.399,0.266,0.262,0.555
15/02/2019 13:00,0.421,0.421,0.06,0.071,0.429,0.296,0.293,0.607
15/02/2019 14:00,0.489,0.489,0.032,0.04,0.474,0.369,0.363,0.707
15/02/2019 15:00,0.515,0.515,0.008,0.013,0.488,0.426,0.419,0.777
15/02/2019 16:00,0.525,0.525,0.001,0.003,0.486,0.448,0.44,0.798
15/02/2019 17:00,0.509,0.509,0.0,0.002,0.489,0.448,0.44,0.797
15/02/2019 18:00,0.432,0.432,0.002,0.005,0.474,0.426,0.417,0.774
15/02/2019 19:00,0.342,0.342,0.001,0.002,0.418,0.365,0.356,0.707
15/02/2019 20:00,0.249,0.249,0.002,0.006,0.34,0.319,0.309,0.652
15/02/2019 21:00,0.172,0.172,0.008,0.014,0.3,0.284,0.274,0.606
15/02/2019 22:00,0.128,0.128,0.014,0.02,0.282,0.244,0.234,0.549
15/02/2019 23:00,0.097,0.097,0.015,0.021,0.258,0.245,0.235,0.559
16/02/2019 00:00,0.081,0.081,0.01,0.016,0.233,0.215,0.206,0.508
16/02/2019 01:00,0.081,0.081,0.004,0.008,0.205,0.198,0.188,0.478
16/02/2019 02:00,0.104,0.104,0.0,0.001,0.183,0.169,0.16,0.42
16/02/2019 03:00,0.133,0.133,0.0,0.001,0.169,0.153,0.145,0.384
16/02/2019 04:00,0.178,0.178,0.006,0.011,0.316,0.17,0.163,0.399
16/02/2019 05:00,0.301,0.301,0.027,0.034,0.626,0.3,0.293,0.625
16/02/2019 06:00,0.331,0.331,0.026,0.033,0.639,0.324,0.321,0.656
16/02/2019 07:00,0.319,0.319,0.004,0.009,0.607,0.307,0.303,0.629
16/02/2019 08:00,0.302,0.302,0.0,0.0,0.556,0.293,0.288,0.603
16/02/2019 09:00,0.301,0.301,0.0,0.0,0.501,0.279,0.275,0.578
16/02/2019 10:00,0.32,0.32,0.0,0.0,0.459,0.303,0.299,0.608
16/02/2019 11:00,0.359,0.359,0.0,0.001,0.44,0.371,0.367,0.699
16/02/2019 12:00,0.423,0.423,0.003,0.007,0.443,0.422,0.418,0.759
16/02/2019 13:00,0.523,0.523,0.029,0.036,0.472,0.453,0.45,0.79
16/02/2019 14:00,0.63,0.63,0.066,0.078,0.511,0.47,0.466,0.804
16/02/2019 15:00,0.649,0.649,0.098,0.115,0.49,0.441,0.435,0.786
16/02/2019 16:00,0.593,0.593,0.092,0.108,0.459,0.384,0.376,0.733
16/02/2019 17:00,0.548,0.548,0.08,0.094,0.472,0.349,0.339,0.688
16/02/2019 18:00,0.49,0.49,0.066,0.077,0.473,0.3,0.291,0.62
16/02/2019 19:00,0.382,0.382,0.047,0.056,0.472,0.252,0.243,0.546
16/02/2019 20:00,0.383,0.383,0.025,0.032,0.448,0.211,0.202,0.47
16/02/2019 21:00,0.376,0.376,0.013,0.019,0.395,0.187,0.179,0.423
16/02/2019 22:00,0.349,0.349,0.006,0.011,0.366,0.17,0.162,0.39
16/02/2019 23:00,0.342,0.342,0.003,0.007,0.344,0.159,0.152,0.364
17/02/2019 00:00,0.35,0.35,0.002,0.005,0.307,0.196,0.187,0.444
17/02/2019 01:00,0.362,0.362,0.002,0.005,0.291,0.197,0.188,0.439
17/02/2019 02:00,0.358,0.358,0.003,0.006,0.325,0.182,0.174,0.414
17/02/2019 03:00,0.333,0.333,0.003,0.007,0.361,0.155,0.147,0.357
17/02/2019 04:00,0.409,0.409,0.007,0.012,0.686,0.234,0.227,0.515
17/02/2019 05:00,0.52,0.52,0.009,0.014,0.803,0.381,0.377,0.712
17/02/2019 06:00,0.471,0.471,0.001,0.004,0.775,0.44,0.436,0.771
17/02/2019 07:00,0.423,0.423,0.0,0.002,0.717,0.442,0.438,0.774
17/02/2019 08:00,0.395,0.395,0.0,0.0,0.651,0.429,0.426,0.759
17/02/2019 09:00,0.389,0.389,0.0,0.0,0.582,0.429,0.427,0.759
17/02/2019 10:00,0.399,0.399,0.0,0.0,0.517,0.437,0.436,0.764
17/02/2019 11:00,0.422,0.422,0.0,0.0,0.47,0.444,0.442,0.771
17/02/2019 12:00,0.457,0.457,0.0,0.0,0.44,0.455,0.452,0.783
17/02/2019 13:00,0.509,0.509,0.024,0.031,0.429,0.469,0.467,0.798
17/02/2019 14:00,0.565,0.565,0.06,0.071,0.431,0.484,0.481,0.814
17/02/2019 15:00,0.554,0.554,0.101,0.118,0.397,0.47,0.463,0.812
17/02/2019 16:00,0.476,0.476,0.086,0.101,0.396,0.448,0.438,0.79
17/02/2019 17:00,0.399,0.399,0.058,0.069,0.429,0.434,0.425,0.781
17/02/2019 18:00,0.313,0.313,0.036,0.043,0.459,0.404,0.394,0.755
17/02/2019 19:00,0.237,0.237,0.019,0.025,0.455,0.363,0.353,0.718
17/02/2019 20:00,0.171,0.171,0.008,0.014,0.41,0.321,0.309,0.672
17/02/2019 21:00,0.128,0.128,0.003,0.007,0.393,0.278,0.266,0.609
17/02/2019 22:00,0.107,0.107,0.001,0.003,0.371,0.239,0.227,0.546
17/02/2019 23:00,0.096,0.096,0.0,0.001,0.346,0.221,0.209,0.512
18/02/2019 00:00,0.092,0.092,0.0,0.001,0.32,0.208,0.196,0.489
18/02/2019 01:00,0.092,0.092,0.0,0.001,0.291,0.206,0.194,0.486
18/02/2019 02:00,0.1,0.1,0.0,0.001,0.27,0.21,0.198,0.496
18/02/2019 03:00,0.102,0.102,0.0,0.002,0.24,0.204,0.193,0.482
18/02/2019 04:00,0.14,0.14,0.001,0.002,0.192,0.163,0.158,0.375
18/02/2019 05:00,0.107,0.107,0.001,0.004,0.454,0.186,0.181,0.425
18/02/2019 06:00,0.064,0.064,0.0,0.002,0.551,0.131,0.127,0.31
18/02/2019 07:00,0.031,0.031,0.0,0.001,0.509,0.1,0.096,0.235
18/02/2019 08:00,0.007,0.007,0.0,0.0,0.455,0.104,0.101,0.238
18/02/2019 09:00,0.003,0.003,0.0,0.0,0.401,0.124,0.121,0.279
18/02/2019 10:00,0.006,0.006,0.0,0.0,0.355,0.143,0.14,0.322
18/02/2019 11:00,0.03,0.03,0.0,0.0,0.314,0.159,0.155,0.356
18/02/2019 12:00,0.063,0.063,0.0,0.0,0.285,0.174,0.169,0.387
18/02/2019 13:00,0.101,0.101,0.002,0.006,0.272,0.197,0.192,0.437
18/02/2019 14:00,0.169,0.169,0.038,0.046,0.273,0.246,0.239,0.529
18/02/2019 15:00,0.314,0.314,0.082,0.096,0.256,0.336,0.325,0.687
18/02/2019 16:00,0.39,0.39,0.072,0.084,0.275,0.459,0.447,0.811
18/02/2019 17:00,0.351,0.351,0.045,0.053,0.3,0.465,0.456,0.813
18/02/2019 18:00,0.295,0.295,0.02,0.026,0.296,0.42,0.41,0.774
18/02/2019 19:00,0.234,0.234,0.015,0.021,0.273,0.287,0.276,0.612
18/02/2019 20:00,0.187,0.187,0.022,0.028,0.241,0.164,0.155,0.401
18/02/2019 21:00,0.17,0.17,0.033,0.041,0.208,0.104,0.096,0.272
18/02/2019 22:00,0.165,0.165,0.039,0.047,0.187,0.081,0.075,0.222
18/02/2019 23:00,0.18,0.18,0.032,0.04,0.134,0.088,0.081,0.236
19/02/2019 00:00,0.201,0.201,0.019,0.025,0.121,0.096,0.088,0.252
19/02/2019 01:00,0.236,0.236,0.005,0.009,0.097,0.08,0.073,0.212
19/02/2019 02:00,0.242,0.242,0.0,0.001,0.066,0.056,0.051,0.15
19/02/2019 03:00,0.269,0.269,0.0,0.0,0.038,0.041,0.037,0.108
19/02/2019 04:00,0.356,0.356,0.002,0.006,0.084,0.032,0.03,0.074
19/02/2019 05:00,0.377,0.377,0.007,0.012,0.257,0.054,0.052,0.131
19/02/2019 06:00,0.302,0.302,0.0,0.001,0.287,0.081,0.078,0.191
19/02/2019 07:00,0.231,0.231,0.0,0.001,0.3,0.138,0.134,0.31
19/02/2019 08:00,0.187,0.187,0.0,0.001,0.331,0.222,0.218,0.469
19/02/2019 09:00,0.178,0.178,0.0,0.001,0.35,0.284,0.279,0.57
19/02/2019 10:00,0.188,0.188,0.003,0.007,0.356,0.321,0.316,0.627
19/02/2019 11:00,0.208,0.208,0.013,0.02,0.358,0.35,0.347,0.667
19/02/2019 12:00,0.234,0.234,0.019,0.026,0.357,0.381,0.378,0.707
19/02/2019 13:00,0.273,0.273,0.025,0.032,0.369,0.401,0.396,0.732
19/02/2019 14:00,0.342,0.342,0.138,0.163,0.395,0.404,0.399,0.741
19/02/2019 15:00,0.398,0.398,0.189,0.223,0.38,0.379,0.368,0.728
19/02/2019 16:00,0.41,0.41,0.14,0.165,0.392,0.377,0.365,0.73
19/02/2019 17:00,0.373,0.373,0.091,0.107,0.409,0.386,0.376,0.74
19/02/2019 18:00,0.33,0.33,0.048,0.057,0.37,0.395,0.385,0.746
19/02/2019 19:00,0.33,0.33,0.019,0.026,0.323,0.385,0.376,0.737
19/02/2019 20:00,0.317,0.317,0.007,0.012,0.289,0.323,0.311,0.661
19/02/2019 21:00,0.271,0.271,0.004,0.009,0.262,0.25,0.24,0.555
19/02/2019 22:00,0.288,0.288,0.003,0.007,0.237,0.199,0.188,0.46
19/02/2019 23:00,0.268,0.268,0.003,0.007,0.217,0.163,0.153,0.387
20/02/2019 00:00,0.237,0.237,0.004,0.008,0.213,0.142,0.134,0.343
20/02/2019 01:00,0.215,0.215,0.004,0.008,0.287,0.152,0.143,0.358
20/02/2019 02:00,0.194,0.194,0.004,0.008,0.486,0.168,0.16,0.394
20/02/2019 03:00,0.179,0.179,0.004,0.009,0.597,0.152,0.145,0.364
20/02/2019 04:00,0.196,0.196,0.008,0.014,0.807,0.24,0.234,0.523
20/02/2019 05:00,0.203,0.203,0.008,0.014,0.873,0.335,0.33,0.647
20/02/2019 06:00,0.21,0.21,0.009,0.015,0.875,0.391,0.387,0.714
20/02/2019 07:00,0.218,0.218,0.006,0.011,0.861,0.423,0.42,0.749
20/02/2019 08:00,0.21,0.21,0.002,0.005,0.838,0.432,0.43,0.757
20/02/2019 09:00,0.208,0.208,0.001,0.003,0.802,0.439,0.437,0.762
20/02/2019 10:00,0.214,0.214,0.0,0.002,0.758,0.47,0.467,0.791
20/02/2019 11:00,0.236,0.236,0.0,0.002,0.721,0.508,0.507,0.825
20/02/2019 12:00,0.285,0.285,0.015,0.022,0.697,0.543,0.543,0.854
20/02/2019 13:00,0.367,0.367,0.124,0.146,0.689,0.571,0.571,0.874
20/02/2019 14:00,0.463,0.463,0.206,0.244,0.698,0.58,0.579,0.88
20/02/2019 15:00,0.538,0.538,0.186,0.22,0.684,0.557,0.554,0.871
20/02/2019 16:00,0.551,0.551,0.145,0.171,0.673,0.492,0.485,0.829
20/02/2019 17:00,0.466,0.466,0.109,0.128,0.696,0.463,0.456,0.807
20/02/2019 18:00,0.411,0.411,0.074,0.087,0.711,0.44,0.432,0.786
20/02/2019 19:00,0.348,0.348,0.036,0.043,0.714,0.401,0.391,0.753
20/02/2019 20:00,0.284,0.284,0.014,0.02,0.7,0.381,0.373,0.734
20/02/2019 21:00,0.255,0.255,0.013,0.019,0.682,0.392,0.385,0.745
20/02/2019 22:00,0.225,0.225,0.013,0.019,0.648,0.388,0.38,0.735
20/02/2019 23:00,0.183,0.183,0.02,0.027,0.619,0.318,0.309,0.645
21/02/2019 00:00,0.17,0.17,0.022,0.029,0.557,0.282,0.274,0.594
21/02/2019 01:00,0.176,0.176,0.017,0.023,0.71,0.291,0.284,0.61
21/02/2019 02:00,0.199,0.199,0.019,0.026,0.888,0.366,0.358,0.715
21/02/2019 03:00,0.185,0.185,0.031,0.039,0.894,0.354,0.347,0.707
21/02/2019 04:00,0.218,0.218,0.083,0.097,0.94,0.411,0.407,0.759
21/02/2019 05:00,0.318,0.318,0.184,0.218,0.963,0.472,0.468,0.803
21/02/2019 06:00,0.359,0.359,0.228,0.27,0.965,0.538,0.536,0.849
21/02/2019 07:00,0.358,0.358,0.186,0.22,0.953,0.564,0.563,0.863
21/02/2019 08:00,0.41,0.41,0.129,0.152,0.93,0.568,0.569,0.865
21/02/2019 09:00,0.546,0.546,0.093,0.109,0.899,0.564,0.565,0.861
21/02/2019 10:00,0.65,0.65,0.048,0.057,0.855,0.562,0.561,0.86
21/02/2019 11:00,0.63,0.63,0.027,0.035,0.787,0.561,0.561,0.86
21/02/2019 12:00,0.529,0.529,0.026,0.033,0.717,0.566,0.566,0.865
21/02/2019 13:00,0.438,0.438,0.093,0.109,0.669,0.581,0.582,0.876
21/02/2019 14:00,0.357,0.357,0.179,0.212,0.667,0.597,0.596,0.889
21/02/2019 15:00,0.237,0.237,0.197,0.233,0.621,0.578,0.576,0.884
21/02/2019 16:00,0.172,0.172,0.136,0.161,0.57,0.536,0.53,0.86
21/02/2019 17:00,0.117,0.117,0.082,0.096,0.56,0.494,0.487,0.831
21/02/2019 18:00,0.071,0.071,0.051,0.061,0.533,0.449,0.44,0.795
21/02/2019 19:00,0.051,0.051,0.049,0.058,0.515,0.377,0.368,0.726
21/02/2019 20:00,0.034,0.034,0.064,0.075,0.481,0.319,0.308,0.653
21/02/2019 21:00,0.023,0.023,0.075,0.088,0.448,0.315,0.305,0.651
21/02/2019 22:00,0.016,0.016,0.066,0.078,0.429,0.275,0.264,0.589
21/02/2019 23:00,0.024,0.024,0.049,0.058,0.407,0.235,0.225,0.523
22/02/2019 00:00,0.025,0.025,0.04,0.048,0.367,0.185,0.175,0.425
22/02/2019 01:00,0.009,0.009,0.047,0.057,0.324,0.152,0.143,0.361
22/02/2019 02:00,0.01,0.01,0.062,0.073,0.273,0.121,0.113,0.294
22/02/2019 03:00,0.003,0.003,0.064,0.075,0.234,0.102,0.095,0.246
22/02/2019 04:00,0.002,0.002,0.095,0.112,0.475,0.168,0.162,0.376
22/02/2019 05:00,0.019,0.019,0.147,0.173,0.682,0.32,0.314,0.627
22/02/2019 06:00,0.036,0.036,0.166,0.196,0.668,0.411,0.408,0.734
22/02/2019 07:00,0.059,0.059,0.17,0.201,0.607,0.464,0.463,0.786
22/02/2019 08:00,0.09,0.09,0.115,0.135,0.542,0.49,0.49,0.807
22/02/2019 09:00,0.108,0.108,0.047,0.056,0.483,0.464,0.463,0.786
22/02/2019 10:00,0.119,0.119,0.041,0.05,0.442,0.433,0.432,0.757
22/02/2019 11:00,0.123,0.123,0.031,0.039,0.42,0.42,0.417,0.745
22/02/2019 12:00,0.12,0.12,0.026,0.033,0.409,0.418,0.416,0.748
22/02/2019 13:00,0.105,0.105,0.03,0.037,0.409,0.402,0.398,0.734
22/02/2019 14:00,0.079,0.079,0.118,0.139,0.41,0.382,0.377,0.719
22/02/2019 15:00,0.062,0.062,0.149,0.176,0.38,0.369,0.36,0.718
22/02/2019 16:00,0.042,0.042,0.074,0.087,0.375,0.384,0.374,0.741
22/02/2019 17:00,0.037,0.037,0.014,0.02,0.348,0.404,0.393,0.76
22/02/2019 18:00,0.034,0.034,0.026,0.034,0.258,0.411,0.401,0.766
22/02/2019 19:00,0.029,0.029,0.045,0.053,0.217,0.418,0.407,0.769
22/02/2019 20:00,0.028,0.028,0.019,0.026,0.197,0.378,0.368,0.722
22/02/2019 21:00,0.044,0.044,0.003,0.007,0.179,0.3,0.29,0.627
22/02/2019 22:00,0.076,0.076,0.007,0.012,0.16,0.18,0.172,0.418
22/02/2019 23:00,0.095,0.095,0.01,0.015,0.143,0.113,0.106,0.28
23/02/2019 00:00,0.097,0.097,0.004,0.008,0.141,0.093,0.087,0.236
23/02/2019 01:00,0.1,0.1,0.0,0.002,0.145,0.097,0.091,0.245
23/02/2019 02:00,0.104,0.104,0.0,0.001,0.152,0.112,0.105,0.283
23/02/2019 03:00,0.104,0.104,0.0,0.001,0.159,0.12,0.113,0.299
23/02/2019 04:00,0.126,0.126,0.0,0.002,0.425,0.152,0.147,0.355
23/02/2019 05:00,0.262,0.262,0.004,0.008,0.679,0.273,0.268,0.564
23/02/2019 06:00,0.311,0.311,0.001,0.003,0.681,0.311,0.306,0.62
23/02/2019 07:00,0.299,0.299,0.0,0.0,0.639,0.302,0.298,0.604
23/02/2019 08:00,0.276,0.276,0.0,0.0,0.582,0.31,0.306,0.611
23/02/2019 09:00,0.285,0.285,0.0,0.0,0.518,0.332,0.328,0.637
23/02/2019 10:00,0.317,0.317,0.0,0.0,0.446,0.363,0.359,0.679
23/02/2019 11:00,0.351,0.351,0.002,0.006,0.372,0.391,0.387,0.718
23/02/2019 12:00,0.402,0.402,0.026,0.033,0.306,0.373,0.369,0.707
23/02/2019 13:00,0.465,0.465,0.051,0.06,0.256,0.328,0.322,0.658
23/02/2019 14:00,0.52,0.52,0.071,0.083,0.232,0.307,0.301,0.641
23/02/2019 15:00,0.502,0.502,0.083,0.097,0.211,0.254,0.246,0.578
23/02/2019 16:00,0.455,0.455,0.081,0.095,0.251,0.22,0.211,0.529
23/02/2019 17:00,0.373,0.373,0.078,0.092,0.335,0.182,0.174,0.461
23/02/2019 18:00,0.272,0.272,0.068,0.08,0.395,0.166,0.158,0.399
23/02/2019 19:00,0.213,0.213,0.051,0.06,0.408,0.209,0.2,0.475
23/02/2019 20:00,0.151,0.151,0.037,0.045,0.38,0.303,0.293,0.632
23/02/2019 21:00,0.123,0.123,0.032,0.039,0.354,0.314,0.305,0.657
23/02/2019 22:00,0.106,0.106,0.037,0.045,0.345,0.255,0.245,0.567
23/02/2019 23:00,0.11,0.11,0.039,0.047,0.324,0.168,0.16,0.41
24/02/2019 00:00,0.116,0.116,0.038,0.046,0.283,0.104,0.097,0.258
24/02/2019 01:00,0.11,0.11,0.033,0.041,0.241,0.06,0.055,0.152
24/02/2019 02:00,0.097,0.097,0.029,0.036,0.217,0.045,0.041,0.116
24/02/2019 03:00,0.087,0.087,0.022,0.029,0.224,0.029,0.026,0.073
24/02/2019 04:00,0.088,0.088,0.014,0.02,0.531,0.036,0.034,0.091
24/02/2019 05:00,0.171,0.171,0.02,0.027,0.695,0.071,0.067,0.166
24/02/2019 06:00,0.19,0.19,0.011,0.017,0.643,0.084,0.081,0.195
24/02/2019 07:00,0.217,0.217,0.01,0.016,0.593,0.068,0.065,0.155
24/02/2019 08:00,0.313,0.313,0.014,0.02,0.548,0.051,0.048,0.115
24/02/2019 09:00,0.419,0.419,0.042,0.05,0.495,0.062,0.059,0.143
24/02/2019 10:00,0.507,0.507,0.099,0.116,0.442,0.078,0.075,0.175
24/02/2019 11:00,0.564,0.564,0.127,0.149,0.401,0.09,0.087,0.2
24/02/2019 12:00,0.625,0.625,0.14,0.165,0.388,0.12,0.115,0.268
24/02/2019 13:00,0.686,0.686,0.146,0.172,0.401,0.16,0.155,0.358
24/02/2019 14:00,0.678,0.678,0.161,0.19,0.441,0.199,0.193,0.44
24/02/2019 15:00,0.548,0.548,0.125,0.147,0.47,0.21,0.202,0.479
24/02/2019 16:00,0.433,0.433,0.066,0.078,0.489,0.22,0.211,0.501
24/02/2019 17:00,0.42,0.42,0.036,0.044,0.502,0.237,0.227,0.531
24/02/2019 18:00,0.366,0.366,0.02,0.026,0.493,0.226,0.217,0.516
24/02/2019 19:00,0.247,0.247,0.024,0.031,0.409,0.241,0.231,0.542
24/02/2019 20:00,0.192,0.192,0.036,0.044,0.3,0.279,0.27,0.6
24/02/2019 21:00,0.161,0.161,0.036,0.044,0.236,0.263,0.253,0.575
24/02/2019 22:00,0.141,0.141,0.028,0.035,0.196,0.23,0.22,0.531
24/02/2019 23:00,0.142,0.142,0.028,0.035,0.195,0.208,0.198,0.497
25/02/2019 00:00,0.176,0.176,0.035,0.043,0.227,0.166,0.158,0.406
25/02/2019 01:00,0.216,0.216,0.03,0.037,0.3,0.139,0.131,0.337
25/02/2019 02:00,0.253,0.253,0.016,0.023,0.351,0.121,0.113,0.298
25/02/2019 03:00,0.239,0.239,0.015,0.021,0.285,0.078,0.072,0.194
25/02/2019 04:00,0.275,0.275,0.007,0.013,0.512,0.053,0.049,0.122
25/02/2019 05:00,0.391,0.391,0.045,0.053,0.615,0.05,0.047,0.113
25/02/2019 06:00,0.472,0.472,0.158,0.186,0.523,0.046,0.044,0.106
25/02/2019 07:00,0.552,0.552,0.258,0.303,0.459,0.054,0.052,0.125
25/02/2019 08:00,0.618,0.618,0.315,0.369,0.424,0.066,0.064,0.156
25/02/2019 09:00,0.66,0.66,0.327,0.382,0.401,0.082,0.079,0.197
25/02/2019 10:00,0.677,0.677,0.3,0.352,0.382,0.089,0.086,0.209
25/02/2019 11:00,0.68,0.68,0.256,0.302,0.358,0.092,0.089,0.215
25/02/2019 12:00,0.682,0.682,0.22,0.259,0.344,0.118,0.114,0.272
25/02/2019 13:00,0.678,0.678,0.189,0.223,0.351,0.167,0.161,0.38
25/02/2019 14:00,0.648,0.648,0.153,0.181,0.369,0.236,0.229,0.523
25/02/2019 15:00,0.569,0.569,0.114,0.134,0.35,0.288,0.279,0.623
25/02/2019 16:00,0.538,0.538,0.075,0.088,0.346,0.318,0.308,0.661
25/02/2019 17:00,0.476,0.476,0.046,0.055,0.393,0.299,0.29,0.624
25/02/2019 18:00,0.369,0.369,0.031,0.039,0.445,0.294,0.284,0.61
25/02/2019 19:00,0.244,0.244,0.037,0.045,0.479,0.29,0.279,0.605
25/02/2019 20:00,0.195,0.195,0.051,0.06,0.511,0.315,0.304,0.643
25/02/2019 21:00,0.166,0.166,0.058,0.069,0.517,0.341,0.33,0.688
25/02/2019 22:00,0.133,0.133,0.061,0.071,0.479,0.295,0.282,0.634
25/02/2019 23:00,0.116,0.116,0.056,0.066,0.443,0.27,0.258,0.599
26/02/2019 00:00,0.103,0.103,0.05,0.059,0.372,0.241,0.229,0.545
26/02/2019 01:00,0.086,0.086,0.049,0.058,0.308,0.227,0.216,0.515
26/02/2019 02:00,0.072,0.072,0.054,0.063,0.244,0.212,0.2,0.482
26/02/2019 03:00,0.058,0.058,0.063,0.074,0.217,0.191,0.18,0.436
26/02/2019 04:00,0.063,0.063,0.054,0.064,0.19,0.139,0.133,0.302
26/02/2019 05:00,0.232,0.232,0.183,0.216,0.523,0.27,0.264,0.549
26/02/2019 06:00,0.288,0.288,0.362,0.421,0.615,0.278,0.272,0.555
26/02/2019 07:00,0.326,0.326,0.423,0.487,0.617,0.245,0.239,0.503
26/02/2019 08:00,0.387,0.387,0.444,0.51,0.606,0.262,0.257,0.535
26/02/2019 09:00,0.448,0.448,0.448,0.513,0.563,0.29,0.285,0.581
26/02/2019 10:00,0.504,0.504,0.431,0.496,0.507,0.323,0.321,0.633
26/02/2019 11:00,0.558,0.558,0.395,0.457,0.472,0.371,0.368,0.696
26/02/2019 12:00,0.602,0.602,0.352,0.41,0.468,0.429,0.426,0.761
26/02/2019 13:00,0.637,0.637,0.323,0.378,0.481,0.476,0.474,0.808
26/02/2019 14:00,0.65,0.65,0.285,0.334,0.5,0.511,0.508,0.839
26/02/2019 15:00,0.647,0.647,0.206,0.244,0.472,0.491,0.483,0.833
26/02/2019 16:00,0.66,0.66,0.157,0.186,0.501,0.464,0.453,0.809
26/02/2019 17:00,0.603,0.603,0.14,0.165,0.568,0.447,0.436,0.791
26/02/2019 18:00,0.508,0.508,0.143,0.169,0.604,0.44,0.43,0.786
26/02/2019 19:00,0.417,0.417,0.145,0.171,0.625,0.442,0.432,0.789
26/02/2019 20:00,0.3,0.3,0.141,0.166,0.621,0.423,0.413,0.776
26/02/2019 21:00,0.207,0.207,0.124,0.146,0.603,0.362,0.351,0.715
26/02/2019 22:00,0.151,0.151,0.112,0.132,0.518,0.282,0.27,0.603
26/02/2019 23:00,0.104,0.104,0.107,0.126,0.448,0.232,0.223,0.52
27/02/2019 00:00,0.072,0.072,0.111,0.131,0.431,0.206,0.195,0.471
27/02/2019 01:00,0.055,0.055,0.125,0.147,0.407,0.197,0.185,0.451
27/02/2019 02:00,0.047,0.047,0.146,0.172,0.418,0.189,0.179,0.441
27/02/2019 03:00,0.045,0.045,0.175,0.206,0.489,0.172,0.161,0.4
27/02/2019 04:00,0.055,0.055,0.16,0.189,0.727,0.179,0.173,0.393
27/02/2019 05:00,0.282,0.282,0.399,0.461,0.837,0.352,0.348,0.673
27/02/2019 06:00,0.333,0.333,0.544,0.612,0.832,0.457,0.454,0.79
27/02/2019 07:00,0.275,0.275,0.504,0.572,0.804,0.455,0.452,0.79
27/02/2019 08:00,0.233,0.233,0.435,0.5,0.768,0.417,0.414,0.753
27/02/2019 09:00,0.225,0.225,0.351,0.409,0.717,0.384,0.382,0.717
27/02/2019 10:00,0.242,0.242,0.268,0.315,0.661,0.371,0.368,0.699
27/02/2019 11:00,0.275,0.275,0.199,0.235,0.617,0.382,0.379,0.712
27/02/2019 12:00,0.31,0.31,0.158,0.186,0.593,0.409,0.407,0.74
27/02/2019 13:00,0.348,0.348,0.145,0.171,0.583,0.44,0.437,0.771
27/02/2019 14:00,0.387,0.387,0.176,0.208,0.593,0.468,0.466,0.799
27/02/2019 15:00,0.46,0.46,0.227,0.269,0.561,0.47,0.461,0.808
27/02/2019 16:00,0.515,0.515,0.194,0.229,0.522,0.451,0.44,0.795
27/02/2019 17:00,0.499,0.499,0.126,0.149,0.519,0.404,0.393,0.755
27/02/2019 18:00,0.458,0.458,0.074,0.087,0.519,0.379,0.368,0.735
27/02/2019 19:00,0.4,0.4,0.033,0.04,0.519,0.366,0.355,0.725
27/02/2019 20:00,0.333,0.333,0.007,0.012,0.502,0.355,0.344,0.713
27/02/2019 21:00,0.221,0.221,0.012,0.018,0.466,0.295,0.283,0.633
27/02/2019 22:00,0.102,0.102,0.029,0.037,0.42,0.254,0.243,0.569
27/02/2019 23:00,0.045,0.045,0.02,0.026,0.407,0.229,0.218,0.524
28/02/2019 00:00,0.025,0.025,0.008,0.013,0.38,0.225,0.213,0.516
28/02/2019 01:00,0.022,0.022,0.004,0.009,0.367,0.235,0.223,0.531
28/02/2019 02:00,0.025,0.025,0.003,0.007,0.367,0.255,0.242,0.56
28/02/2019 03:00,0.03,0.03,0.002,0.006,0.347,0.277,0.264,0.592
28/02/2019 04:00,0.032,0.032,0.001,0.003,0.313,0.231,0.224,0.494
28/02/2019 05:00,0.125,0.125,0.005,0.01,0.552,0.326,0.322,0.653
28/02/2019 06:00,0.121,0.121,0.009,0.014,0.551,0.262,0.258,0.56
28/02/2019 07:00,0.124,0.124,0.019,0.026,0.503,0.212,0.207,0.47
28/02/2019 08:00,0.157,0.157,0.028,0.035,0.462,0.198,0.193,0.437
28/02/2019 09:00,0.186,0.186,0.033,0.041,0.429,0.216,0.211,0.47
28/02/2019 10:00,0.209,0.209,0.022,0.029,0.409,0.249,0.245,0.525
28/02/2019 11:00,0.237,0.237,0.019,0.026,0.401,0.281,0.278,0.578
28/02/2019 12:00,0.268,0.268,0.033,0.041,0.402,0.317,0.314,0.627
28/02/2019 13:00,0.301,0.301,0.068,0.08,0.409,0.36,0.355,0.684
28/02/2019 14:00,0.323,0.323,0.118,0.139,0.406,0.418,0.414,0.753
28/02/2019 15:00,0.365,0.365,0.195,0.23,0.337,0.459,0.45,0.801
28/02/2019 16:00,0.377,0.377,0.198,0.234,0.328,0.465,0.456,0.809
28/02/2019 17:00,0.347,0.347,0.13,0.153,0.373,0.39,0.379,0.737
28/02/2019 18:00,0.288,0.288,0.05,0.059,0.42,0.329,0.319,0.667
28/02/2019 19:00,0.203,0.203,0.015,0.022,0.453,0.29,0.278,0.614
28/02/2019 20:00,0.125,0.125,0.009,0.014,0.463,0.246,0.234,0.546
28/02/2019 21:00,0.079,0.079,0.007,0.013,0.448,0.203,0.192,0.478
28/02/2019 22:00,0.058,0.058,0.006,0.01,0.418,0.163,0.152,0.406
28/02/2019 23:00,0.051,0.051,0.003,0.007,0.387,0.138,0.127,0.35
01/03/2019 00:00,0.057,0.057,0.002,0.005,0.354,0.121,0.112,0.308
01/03/2019 01:00,0.059,0.059,0.001,0.003,0.315,0.104,0.096,0.263
01/03/2019 02:00,0.063,0.063,0.0,0.001,0.297,0.082,0.076,0.209
01/03/2019 03:00,0.094,0.094,0.0,0.0,0.293,0.066,0.061,0.17
01/03/2019 04:00,0.169,0.169,0.0,0.001,0.313,0.037,0.035,0.087
01/03/2019 05:00,0.377,0.377,0.0,0.0,0.432,0.024,0.021,0.057
01/03/2019 06:00,0.371,0.371,0.0,0.0,0.341,0.008,0.007,0.02
01/03/2019 07:00,0.343,0.343,0.0,0.0,0.274,0.002,0.002,0.005
01/03/2019 08:00,0.309,0.309,0.0,0.0,0.249,0.006,0.004,0.01
01/03/2019 09:00,0.288,0.288,0.0,0.0,0.234,0.024,0.022,0.046
01/03/2019 10:00,0.281,0.281,0.0,0.0,0.226,0.061,0.059,0.129
01/03/2019 11:00,0.294,0.294,0.0,0.0,0.215,0.088,0.085,0.191
01/03/2019 12:00,0.328,0.328,0.0,0.001,0.197,0.105,0.102,0.232
01/03/2019 13:00,0.39,0.39,0.082,0.096,0.175,0.112,0.108,0.254
01/03/2019 14:00,0.476,0.476,0.121,0.143,0.152,0.124,0.12,0.29
01/03/2019 15:00,0.487,0.487,0.141,0.166,0.113,0.147,0.139,0.361
01/03/2019 16:00,0.439,0.439,0.109,0.129,0.115,0.168,0.159,0.413
01/03/2019 17:00,0.347,0.347,0.062,0.073,0.157,0.14,0.131,0.353
01/03/2019 18:00,0.244,0.244,0.029,0.037,0.213,0.096,0.09,0.251
01/03/2019 19:00,0.164,0.164,0.013,0.019,0.265,0.064,0.059,0.174
01/03/2019 20:00,0.107,0.107,0.005,0.009,0.295,0.068,0.063,0.201
01/03/2019 21:00,0.084,0.084,0.001,0.004,0.265,0.05,0.045,0.149
01/03/2019 22:00,0.088,0.088,0.0,0.002,0.221,0.037,0.034,0.11
01/03/2019 23:00,0.104,0.104,0.0,0.001,0.164,0.033,0.029,0.097
02/03/2019 00:00,0.133,0.133,0.0,0.0,0.095,0.035,0.031,0.102
02/03/2019 01:00,0.17,0.17,0.0,0.0,0.033,0.042,0.038,0.128
02/03/2019 02:00,0.24,0.24,0.0,0.0,0.022,0.042,0.037,0.13
02/03/2019 03:00,0.235,0.235,0.0,0.0,0.017,0.032,0.028,0.101
02/03/2019 04:00,0.236,0.236,0.0,0.0,0.014,0.012,0.01,0.035
02/03/2019 05:00,0.218,0.218,0.0,0.0,0.024,0.005,0.004,0.014
02/03/2019 06:00,0.199,0.199,0.0,0.0,0.017,0.002,0.001,0.005
02/03/2019 07:00,0.19,0.19,0.0,0.0,0.014,0.001,0.001,0.002
02/03/2019 08:00,0.182,0.182,0.0,0.0,0.016,0.006,0.005,0.012
02/03/2019 09:00,0.165,0.165,0.0,0.0,0.021,0.023,0.022,0.048
02/03/2019 10:00,0.152,0.152,0.0,0.0,0.027,0.049,0.047,0.103
02/03/2019 11:00,0.152,0.152,0.0,0.0,0.032,0.082,0.079,0.18
02/03/2019 12:00,0.17,0.17,0.0,0.0,0.036,0.122,0.118,0.272
02/03/2019 13:00,0.213,0.213,0.012,0.018,0.036,0.154,0.15,0.351
02/03/2019 14:00,0.299,0.299,0.055,0.065,0.036,0.169,0.164,0.391
02/03/2019 15:00,0.423,0.423,0.078,0.091,0.034,0.143,0.135,0.353
02/03/2019 16:00,0.476,0.476,0.053,0.062,0.042,0.092,0.086,0.241
02/03/2019 17:00,0.409,0.409,0.021,0.028,0.068,0.036,0.032,0.098
02/03/2019 18:00,0.293,0.293,0.004,0.008,0.109,0.003,0.002,0.008
02/03/2019 19:00,0.219,0.219,0.005,0.01,0.152,0.0,0.0,0.0
02/03/2019 20:00,0.156,0.156,0.004,0.009,0.184,0.0,0.0,0.0
02/03/2019 21:00,0.116,0.116,0.002,0.006,0.201,0.0,0.0,0.0
02/03/2019 22:00,0.093,0.093,0.001,0.003,0.19,0.0,0.0,0.0
02/03/2019 23:00,0.082,0.082,0.0,0.001,0.168,0.0,0.0,0.0
03/03/2019 00:00,0.111,0.111,0.0,0.0,0.148,0.001,0.001,0.004
03/03/2019 01:00,0.154,0.154,0.0,0.0,0.134,0.006,0.005,0.015
03/03/2019 02:00,0.219,0.219,0.0,0.0,0.123,0.004,0.003,0.011
03/03/2019 03:00,0.262,0.262,0.0,0.0,0.132,0.002,0.002,0.006
03/03/2019 04:00,0.297,0.297,0.0,0.002,0.206,0.001,0.0,0.001
03/03/2019 05:00,0.281,0.281,0.0,0.001,0.301,0.0,0.0,0.0
03/03/2019 06:00,0.242,0.242,0.0,0.0,0.226,0.002,0.001,0.002
03/03/2019 07:00,0.223,0.223,0.0,0.0,0.172,0.006,0.005,0.009
03/03/2019 08:00,0.198,0.198,0.0,0.0,0.141,0.011,0.01,0.018
03/03/2019 09:00,0.183,0.183,0.0,0.0,0.118,0.018,0.017,0.03
03/03/2019 10:00,0.18,0.18,0.0,0.0,0.09,0.037,0.035,0.069
03/03/2019 11:00,0.191,0.191,0.0,0.0,0.07,0.064,0.061,0.129
03/03/2019 12:00,0.223,0.223,0.002,0.006,0.061,0.104,0.101,0.221
03/03/2019 13:00,0.288,0.288,0.103,0.121,0.062,0.14,0.136,0.306
03/03/2019 14:00,0.387,0.387,0.14,0.165,0.072,0.144,0.139,0.318
03/03/2019 15:00,0.486,0.486,0.168,0.199,0.079,0.107,0.101,0.245
03/03/2019 16:00,0.528,0.528,0.133,0.157,0.1,0.069,0.065,0.164
03/03/2019 17:00,0.447,0.447,0.078,0.091,0.151,0.039,0.036,0.095
03/03/2019 18:00,0.374,0.374,0.037,0.045,0.203,0.014,0.012,0.032
03/03/2019 19:00,0.296,0.296,0.015,0.022,0.248,0.003,0.002,0.007
03/03/2019 20:00,0.263,0.263,0.008,0.013,0.291,0.001,0.0,0.001
03/03/2019 21:00,0.288,0.288,0.005,0.01,0.315,0.0,0.0,0.0
03/03/2019 22:00,0.231,0.231,0.005,0.01,0.296,0.0,0.0,0.0
03/03/2019 23:00,0.233,0.233,0.007,0.012,0.248,0.0,0.0,0.0
04/03/2019 00:00,0.289,0.289,0.007,0.012,0.229,0.0,0.0,0.0
04/03/2019 01:00,0.288,0.288,0.006,0.012,0.225,0.0,0.0,0.0
04/03/2019 02:00,0.251,0.251,0.006,0.011,0.215,0.0,0.0,0.0
04/03/2019 03:00,0.214,0.214,0.006,0.012,0.225,0.0,0.0,0.0
04/03/2019 04:00,0.233,0.233,0.004,0.009,0.354,0.0,0.0,0.0
04/03/2019 05:00,0.211,0.211,0.003,0.007,0.449,0.001,0.0,0.001
04/03/2019 06:00,0.184,0.184,0.003,0.007,0.39,0.009,0.008,0.014
04/03/2019 07:00,0.179,0.179,0.002,0.005,0.315,0.012,0.011,0.02
04/03/2019 08:00,0.207,0.207,0.0,0.002,0.273,0.016,0.014,0.026
04/03/2019 09:00,0.27,0.27,0.0,0.0,0.27,0.036,0.034,0.068
04/03/2019 10:00,0.349,0.349,0.001,0.002,0.278,0.068,0.066,0.138
04/03/2019 11:00,0.4,0.4,0.019,0.025,0.28,0.107,0.104,0.223
04/03/2019 12:00,0.423,0.423,0.068,0.08,0.27,0.154,0.151,0.326
04/03/2019 13:00,0.44,0.44,0.133,0.157,0.249,0.2,0.195,0.423
04/03/2019 14:00,0.454,0.454,0.151,0.178,0.216,0.238,0.232,0.5
04/03/2019 15:00,0.423,0.423,0.154,0.181,0.146,0.219,0.21,0.486
04/03/2019 16:00,0.342,0.342,0.111,0.13,0.112,0.179,0.17,0.425
04/03/2019 17:00,0.254,0.254,0.054,0.064,0.11,0.138,0.131,0.337
04/03/2019 18:00,0.193,0.193,0.026,0.034,0.115,0.107,0.101,0.267
04/03/2019 19:00,0.145,0.145,0.014,0.02,0.127,0.093,0.088,0.235
04/03/2019 20:00,0.087,0.087,0.007,0.012,0.148,0.087,0.081,0.216
04/03/2019 21:00,0.058,0.058,0.004,0.008,0.171,0.084,0.078,0.204
04/03/2019 22:00,0.042,0.042,0.002,0.006,0.186,0.097,0.091,0.229
04/03/2019 23:00,0.045,0.045,0.001,0.004,0.177,0.108,0.103,0.254
05/03/2019 00:00,0.067,0.067,0.001,0.003,0.162,0.107,0.101,0.251
05/03/2019 01:00,0.122,0.122,0.002,0.005,0.159,0.09,0.084,0.217
05/03/2019 02:00,0.214,0.214,0.005,0.01,0.193,0.055,0.051,0.131
05/03/2019 03:00,0.276,0.276,0.009,0.015,0.323,0.028,0.025,0.065
05/03/2019 04:00,0.285,0.285,0.006,0.011,0.467,0.02,0.017,0.044
05/03/2019 05:00,0.318,0.318,0.013,0.019,0.642,0.038,0.035,0.082
05/03/2019 06:00,0.276,0.276,0.001,0.003,0.648,0.053,0.05,0.116
05/03/2019 07:00,0.243,0.243,0.0,0.0,0.621,0.058,0.055,0.129
05/03/2019 08:00,0.224,0.224,0.0,0.0,0.587,0.058,0.056,0.129
05/03/2019 09:00,0.212,0.212,0.0,0.0,0.539,0.075,0.073,0.167
05/03/2019 10:00,0.195,0.195,0.0,0.0,0.474,0.104,0.1,0.227
05/03/2019 11:00,0.17,0.17,0.03,0.038,0.425,0.132,0.128,0.29
05/03/2019 12:00,0.157,0.157,0.099,0.116,0.39,0.162,0.159,0.355
05/03/2019 13:00,0.162,0.162,0.126,0.149,0.363,0.195,0.189,0.424
05/03/2019 14:00,0.169,0.169,0.136,0.16,0.339,0.231,0.224,0.498
05/03/2019 15:00,0.167,0.167,0.139,0.163,0.278,0.229,0.22,0.509
05/03/2019 16:00,0.147,0.147,0.099,0.116,0.275,0.23,0.22,0.52
05/03/2019 17:00,0.11,0.11,0.04,0.049,0.311,0.223,0.213,0.508
05/03/2019 18:00,0.075,0.075,0.01,0.016,0.318,0.21,0.2,0.491
05/03/2019 19:00,0.049,0.049,0.003,0.007,0.265,0.179,0.169,0.432
05/03/2019 20:00,0.041,0.041,0.002,0.005,0.156,0.132,0.123,0.327
05/03/2019 21:00,0.042,0.042,0.001,0.004,0.055,0.083,0.078,0.214
05/03/2019 22:00,0.043,0.043,0.001,0.004,0.011,0.054,0.049,0.145
05/03/2019 23:00,0.05,0.05,0.001,0.004,0.005,0.041,0.036,0.114
06/03/2019 00:00,0.075,0.075,0.002,0.006,0.006,0.029,0.026,0.081
06/03/2019 01:00,0.112,0.112,0.004,0.008,0.006,0.02,0.017,0.053
06/03/2019 02:00,0.182,0.182,0.004,0.008,0.019,0.014,0.012,0.036
06/03/2019 03:00,0.243,0.243,0.002,0.005,0.04,0.013,0.011,0.033
06/03/2019 04:00,0.373,0.373,0.004,0.009,0.074,0.011,0.01,0.028
06/03/2019 05:00,0.46,0.46,0.004,0.008,0.163,0.031,0.028,0.068
06/03/2019 06:00,0.442,0.442,0.002,0.005,0.192,0.035,0.033,0.076
06/03/2019 07:00,0.438,0.438,0.0,0.001,0.174,0.032,0.03,0.067
06/03/2019 08:00,0.418,0.418,0.0,0.0,0.132,0.036,0.034,0.074
06/03/2019 09:00,0.355,0.355,0.0,0.0,0.099,0.053,0.051,0.109
06/03/2019 10:00,0.277,0.277,0.0,0.0,0.078,0.079,0.076,0.167
06/03/2019 11:00,0.22,0.22,0.0,0.0,0.058,0.124,0.121,0.267
06/03/2019 12:00,0.187,0.187,0.015,0.021,0.047,0.18,0.177,0.389
06/03/2019 13:00,0.179,0.179,0.103,0.121,0.043,0.244,0.238,0.511
06/03/2019 14:00,0.184,0.184,0.139,0.164,0.041,0.319,0.314,0.634
06/03/2019 15:00,0.212,0.212,0.172,0.204,0.027,0.351,0.341,0.699
06/03/2019 16:00,0.207,0.207,0.163,0.192,0.021,0.341,0.33,0.701
06/03/2019 17:00,0.164,0.164,0.101,0.118,0.024,0.283,0.272,0.629
06/03/2019 18:00,0.129,0.129,0.051,0.06,0.021,0.206,0.197,0.498
06/03/2019 19:00,0.105,0.105,0.024,0.031,0.009,0.141,0.134,0.369
06/03/2019 20:00,0.095,0.095,0.012,0.018,0.003,0.079,0.074,0.214
06/03/2019 21:00,0.08,0.08,0.007,0.012,0.002,0.045,0.041,0.125
06/03/2019 22:00,0.082,0.082,0.005,0.01,0.001,0.028,0.026,0.078
06/03/2019 23:00,0.098,0.098,0.004,0.008,0.0,0.024,0.021,0.065
07/03/2019 00:00,0.128,0.128,0.002,0.005,0.0,0.019,0.016,0.044
07/03/2019 01:00,0.199,0.199,0.001,0.003,0.0,0.013,0.011,0.027
07/03/2019 02:00,0.244,0.244,0.0,0.001,0.001,0.013,0.011,0.025
07/03/2019 03:00,0.241,0.241,0.001,0.003,0.014,0.022,0.019,0.046
07/03/2019 04:00,0.237,0.237,0.0,0.001,0.059,0.016,0.014,0.031
07/03/2019 05:00,0.227,0.227,0.0,0.002,0.187,0.017,0.015,0.032
07/03/2019 06:00,0.209,0.209,0.0,0.001,0.224,0.037,0.034,0.071
07/03/2019 07:00,0.16,0.16,0.0,0.0,0.21,0.053,0.051,0.102
07/03/2019 08:00,0.107,0.107,0.0,0.0,0.182,0.072,0.068,0.139
07/03/2019 09:00,0.062,0.062,0.0,0.0,0.153,0.094,0.091,0.192
07/03/2019 10:00,0.036,0.036,0.0,0.0,0.12,0.125,0.121,0.262
07/03/2019 11:00,0.025,0.025,0.0,0.0,0.089,0.164,0.16,0.351
07/03/2019 12:00,0.022,0.022,0.0,0.001,0.067,0.217,0.211,0.458
07/03/2019 13:00,0.026,0.026,0.001,0.003,0.052,0.293,0.288,0.595
07/03/2019 14:00,0.039,0.039,0.027,0.035,0.04,0.382,0.377,0.727
07/03/2019 15:00,0.073,0.073,0.039,0.048,0.029,0.404,0.396,0.768
07/03/2019 16:00,0.096,0.096,0.023,0.03,0.026,0.383,0.374,0.752
07/03/2019 17:00,0.086,0.086,0.003,0.007,0.027,0.328,0.319,0.688
07/03/2019 18:00,0.062,0.062,0.003,0.007,0.024,0.258,0.249,0.586
07/03/2019 19:00,0.041,0.041,0.005,0.009,0.017,0.219,0.21,0.516
07/03/2019 20:00,0.029,0.029,0.004,0.009,0.01,0.172,0.163,0.418
07/03/2019 21:00,0.025,0.025,0.003,0.006,0.006,0.135,0.127,0.335
07/03/2019 22:00,0.026,0.026,0.001,0.004,0.003,0.103,0.095,0.259
07/03/2019 23:00,0.037,0.037,0.0,0.002,0.002,0.075,0.069,0.194
08/03/2019 00:00,0.056,0.056,0.0,0.001,0.002,0.052,0.047,0.133
08/03/2019 01:00,0.07,0.07,0.0,0.001,0.005,0.042,0.037,0.102
08/03/2019 02:00,0.072,0.072,0.0,0.0,0.037,0.037,0.033,0.088
08/03/2019 03:00,0.075,0.075,0.0,0.0,0.132,0.042,0.037,0.098
08/03/2019 04:00,0.125,0.125,0.0,0.001,0.346,0.034,0.031,0.078
08/03/2019 05:00,0.175,0.175,0.008,0.013,0.504,0.074,0.071,0.172
08/03/2019 06:00,0.187,0.187,0.012,0.018,0.483,0.104,0.099,0.231
08/03/2019 07:00,0.152,0.152,0.018,0.025,0.41,0.115,0.111,0.253
08/03/2019 08:00,0.12,0.12,0.027,0.034,0.337,0.133,0.129,0.29
08/03/2019 09:00,0.11,0.11,0.008,0.013,0.283,0.167,0.163,0.361
08/03/2019 10:00,0.123,0.123,0.001,0.004,0.238,0.228,0.224,0.479
08/03/2019 11:00,0.145,0.145,0.002,0.006,0.198,0.303,0.298,0.6
08/03/2019 12:00,0.181,0.181,0.024,0.031,0.17,0.389,0.385,0.717
08/03/2019 13:00,0.221,0.221,0.117,0.137,0.154,0.481,0.479,0.811
08/03/2019 14:00,0.255,0.255,0.189,0.223,0.143,0.547,0.545,0.865
08/03/2019 15:00,0.328,0.328,0.205,0.242,0.117,0.536,0.53,0.867
08/03/2019 16:00,0.365,0.365,0.203,0.24,0.113,0.475,0.466,0.828
08/03/2019 17:00,0.318,0.318,0.17,0.201,0.125,0.39,0.379,0.757
08/03/2019 18:00,0.281,0.281,0.107,0.125,0.144,0.31,0.3,0.661
08/03/2019 19:00,0.257,0.257,0.05,0.06,0.152,0.246,0.236,0.56
08/03/2019 20:00,0.233,0.233,0.028,0.035,0.141,0.175,0.166,0.426
08/03/2019 21:00,0.231,0.231,0.017,0.023,0.112,0.133,0.125,0.332
08/03/2019 22:00,0.211,0.211,0.011,0.017,0.076,0.124,0.116,0.315
08/03/2019 23:00,0.165,0.165,0.006,0.012,0.059,0.125,0.117,0.317
09/03/2019 00:00,0.122,0.122,0.004,0.008,0.062,0.121,0.112,0.3
09/03/2019 01:00,0.104,0.104,0.002,0.006,0.088,0.122,0.113,0.302
09/03/2019 02:00,0.102,0.102,0.003,0.006,0.198,0.124,0.115,0.306
09/03/2019 03:00,0.108,0.108,0.005,0.009,0.511,0.121,0.112,0.296
09/03/2019 04:00,0.174,0.174,0.007,0.012,0.689,0.09,0.087,0.201
09/03/2019 05:00,0.39,0.39,0.023,0.03,0.791,0.229,0.223,0.474
09/03/2019 06:00,0.466,0.466,0.034,0.042,0.817,0.353,0.35,0.667
09/03/2019 07:00,0.485,0.485,0.034,0.042,0.809,0.415,0.413,0.743
09/03/2019 08:00,0.493,0.493,0.033,0.041,0.781,0.456,0.454,0.784
09/03/2019 09:00,0.496,0.496,0.04,0.048,0.728,0.487,0.487,0.811
09/03/2019 10:00,0.5,0.5,0.059,0.069,0.66,0.51,0.51,0.83
09/03/2019 11:00,0.509,0.509,0.106,0.125,0.593,0.539,0.538,0.852
09/03/2019 12:00,0.517,0.517,0.135,0.159,0.545,0.568,0.569,0.873
09/03/2019 13:00,0.523,0.523,0.177,0.209,0.517,0.593,0.593,0.889
09/03/2019 14:00,0.493,0.493,0.231,0.273,0.503,0.611,0.611,0.901
09/03/2019 15:00,0.478,0.478,0.224,0.265,0.443,0.589,0.584,0.895
09/03/2019 16:00,0.499,0.499,0.189,0.223,0.438,0.561,0.554,0.882
09/03/2019 17:00,0.487,0.487,0.168,0.199,0.461,0.534,0.527,0.87
09/03/2019 18:00,0.459,0.459,0.137,0.161,0.469,0.516,0.509,0.859
09/03/2019 19:00,0.419,0.419,0.093,0.109,0.479,0.498,0.49,0.848
09/03/2019 20:00,0.381,0.381,0.054,0.063,0.469,0.485,0.476,0.839
09/03/2019 21:00,0.361,0.361,0.027,0.034,0.448,0.426,0.416,0.79
09/03/2019 22:00,0.317,0.317,0.013,0.02,0.423,0.384,0.374,0.749
09/03/2019 23:00,0.257,0.257,0.017,0.023,0.364,0.355,0.343,0.709
10/03/2019 00:00,0.196,0.196,0.027,0.035,0.367,0.333,0.322,0.679
10/03/2019 01:00,0.163,0.163,0.039,0.047,0.442,0.313,0.3,0.651
10/03/2019 02:00,0.153,0.153,0.049,0.058,0.491,0.277,0.265,0.599
10/03/2019 03:00,0.134,0.134,0.049,0.058,0.544,0.249,0.238,0.549
10/03/2019 04:00,0.136,0.136,0.1,0.117,0.737,0.224,0.218,0.488
10/03/2019 05:00,0.207,0.207,0.176,0.208,0.831,0.313,0.308,0.617
10/03/2019 06:00,0.24,0.24,0.21,0.248,0.812,0.363,0.358,0.682
10/03/2019 07:00,0.222,0.222,0.216,0.255,0.768,0.339,0.335,0.652
10/03/2019 08:00,0.199,0.199,0.192,0.227,0.71,0.333,0.329,0.644
10/03/2019 09:00,0.195,0.195,0.152,0.179,0.636,0.339,0.336,0.651
10/03/2019 10:00,0.208,0.208,0.119,0.141,0.56,0.35,0.347,0.665
10/03/2019 11:00,0.224,0.224,0.099,0.117,0.509,0.39,0.388,0.718
10/03/2019 12:00,0.244,0.244,0.084,0.099,0.481,0.434,0.432,0.764
10/03/2019 13:00,0.269,0.269,0.065,0.076,0.468,0.489,0.487,0.813
10/03/2019 14:00,0.285,0.285,0.045,0.053,0.469,0.555,0.553,0.86
10/03/2019 15:00,0.339,0.339,0.042,0.051,0.448,0.57,0.564,0.874
10/03/2019 16:00,0.373,0.373,0.04,0.048,0.464,0.534,0.526,0.856
10/03/2019 17:00,0.377,0.377,0.033,0.041,0.508,0.491,0.483,0.831
10/03/2019 18:00,0.38,0.38,0.032,0.039,0.524,0.444,0.436,0.795
10/03/2019 19:00,0.357,0.357,0.039,0.048,0.52,0.388,0.378,0.742
10/03/2019 20:00,0.313,0.313,0.037,0.045,0.514,0.34,0.329,0.691
10/03/2019 21:00,0.24,0.24,0.024,0.031,0.51,0.258,0.248,0.578
10/03/2019 22:00,0.165,0.165,0.013,0.02,0.505,0.226,0.216,0.526
10/03/2019 23:00,0.105,0.105,0.008,0.014,0.452,0.198,0.187,0.47
11/03/2019 00:00,0.069,0.069,0.005,0.01,0.401,0.165,0.156,0.4
11/03/2019 01:00,0.055,0.055,0.002,0.006,0.363,0.148,0.14,0.361
11/03/2019 02:00,0.048,0.048,0.001,0.003,0.382,0.137,0.128,0.336
11/03/2019 03:00,0.041,0.041,0.002,0.005,0.405,0.129,0.121,0.322
11/03/2019 04:00,0.035,0.035,0.005,0.01,0.717,0.128,0.122,0.296
11/03/2019 05:00,0.113,0.113,0.048,0.057,0.81,0.23,0.223,0.503
11/03/2019 06:00,0.095,0.095,0.089,0.104,0.809,0.271,0.267,0.569
11/03/2019 07:00,0.05,0.05,0.106,0.125,0.781,0.281,0.278,0.581
11/03/2019 08:00,0.032,0.032,0.098,0.115,0.734,0.278,0.275,0.572
11/03/2019 09:00,0.033,0.033,0.08,0.094,0.663,0.279,0.275,0.568
11/03/2019 10:00,0.05,0.05,0.057,0.068,0.574,0.274,0.27,0.557
11/03/2019 11:00,0.081,0.081,0.036,0.044,0.495,0.268,0.264,0.547
11/03/2019 12:00,0.126,0.126,0.006,0.011,0.428,0.279,0.275,0.567
11/03/2019 13:00,0.183,0.183,0.004,0.008,0.374,0.315,0.311,0.625
11/03/2019 14:00,0.253,0.253,0.038,0.046,0.346,0.382,0.379,0.712
11/03/2019 15:00,0.351,0.351,0.089,0.105,0.313,0.465,0.458,0.803
11/03/2019 16:00,0.367,0.367,0.161,0.191,0.331,0.475,0.467,0.814
11/03/2019 17:00,0.317,0.317,0.155,0.184,0.386,0.452,0.442,0.799
11/03/2019 18:00,0.293,0.293,0.067,0.078,0.432,0.425,0.416,0.782
11/03/2019 19:00,0.301,0.301,0.027,0.034,0.465,0.37,0.359,0.727
11/03/2019 20:00,0.267,0.267,0.021,0.028,0.429,0.31,0.298,0.653
11/03/2019 21:00,0.207,0.207,0.016,0.023,0.401,0.256,0.245,0.572
11/03/2019 22:00,0.176,0.176,0.01,0.016,0.369,0.217,0.205,0.503
11/03/2019 23:00,0.132,0.132,0.006,0.01,0.318,0.217,0.205,0.512
12/03/2019 00:00,0.095,0.095,0.005,0.01,0.297,0.198,0.187,0.477
12/03/2019 01:00,0.064,0.064,0.009,0.014,0.305,0.197,0.185,0.474
12/03/2019 02:00,0.041,0.041,0.015,0.022,0.353,0.2,0.189,0.48
12/03/2019 03:00,0.035,0.035,0.022,0.028,0.352,0.205,0.194,0.482
12/03/2019 04:00,0.037,0.037,0.023,0.03,0.598,0.233,0.226,0.51
12/03/2019 05:00,0.113,0.113,0.023,0.03,0.796,0.368,0.363,0.707
12/03/2019 06:00,0.181,0.181,0.033,0.041,0.815,0.338,0.334,0.667
12/03/2019 07:00,0.197,0.197,0.051,0.06,0.79,0.295,0.29,0.602
12/03/2019 08:00,0.193,0.193,0.063,0.074,0.747,0.275,0.271,0.567
12/03/2019 09:00,0.189,0.189,0.052,0.062,0.68,0.283,0.278,0.578
12/03/2019 10:00,0.187,0.187,0.041,0.049,0.597,0.313,0.309,0.62
12/03/2019 11:00,0.184,0.184,0.023,0.03,0.528,0.352,0.349,0.671
12/03/2019 12:00,0.19,0.19,0.018,0.025,0.491,0.398,0.395,0.722
12/03/2019 13:00,0.207,0.207,0.066,0.077,0.486,0.445,0.444,0.771
12/03/2019 14:00,0.229,0.229,0.128,0.151,0.497,0.501,0.498,0.821
12/03/2019 15:00,0.279,0.279,0.156,0.185,0.47,0.535,0.528,0.856
12/03/2019 16:00,0.324,0.324,0.143,0.169,0.491,0.552,0.544,0.87
12/03/2019 17:00,0.353,0.353,0.123,0.144,0.554,0.492,0.483,0.829
12/03/2019 18:00,0.391,0.391,0.077,0.09,0.596,0.451,0.439,0.797
12/03/2019 19:00,0.4,0.4,0.026,0.033,0.542,0.409,0.398,0.761
12/03/2019 20:00,0.342,0.342,0.003,0.008,0.489,0.377,0.365,0.727
12/03/2019 21:00,0.273,0.273,0.009,0.015,0.443,0.352,0.341,0.695
12/03/2019 22:00,0.202,0.202,0.01,0.015,0.405,0.322,0.31,0.656
12/03/2019 23:00,0.139,0.139,0.011,0.017,0.346,0.279,0.268,0.594
13/03/2019 00:00,0.099,0.099,0.021,0.028,0.319,0.244,0.232,0.543
13/03/2019 01:00,0.075,0.075,0.033,0.041,0.333,0.2,0.189,0.468
13/03/2019 02:00,0.065,0.065,0.036,0.044,0.379,0.177,0.166,0.422
13/03/2019 03:00,0.059,0.059,0.039,0.047,0.441,0.17,0.16,0.407
13/03/2019 04:00,0.053,0.053,0.07,0.082,0.782,0.162,0.157,0.365
13/03/2019 05:00,0.118,0.118,0.104,0.122,0.846,0.265,0.26,0.554
13/03/2019 06:00,0.099,0.099,0.147,0.174,0.829,0.287,0.283,0.591
13/03/2019 07:00,0.076,0.076,0.176,0.208,0.803,0.278,0.275,0.572
13/03/2019 08:00,0.079,0.079,0.172,0.204,0.77,0.294,0.29,0.59
13/03/2019 09:00,0.104,0.104,0.09,0.106,0.725,0.333,0.329,0.642
13/03/2019 10:00,0.148,0.148,0.049,0.058,0.673,0.382,0.379,0.703
13/03/2019 11:00,0.213,0.213,0.041,0.049,0.623,0.431,0.43,0.757
13/03/2019 12:00,0.302,0.302,0.039,0.047,0.586,0.486,0.483,0.809
13/03/2019 13:00,0.396,0.396,0.045,0.054,0.572,0.541,0.541,0.854
13/03/2019 14:00,0.458,0.458,0.163,0.193,0.582,0.593,0.592,0.886
13/03/2019 15:00,0.457,0.457,0.215,0.254,0.556,0.6,0.598,0.893
13/03/2019 16:00,0.467,0.467,0.151,0.178,0.544,0.552,0.546,0.862
13/03/2019 17:00,0.453,0.453,0.083,0.097,0.555,0.489,0.482,0.822
13/03/2019 18:00,0.406,0.406,0.043,0.051,0.542,0.49,0.483,0.825
13/03/2019 19:00,0.352,0.352,0.022,0.029,0.491,0.443,0.435,0.788
13/03/2019 20:00,0.299,0.299,0.009,0.014,0.455,0.401,0.39,0.742
13/03/2019 21:00,0.222,0.222,0.008,0.013,0.407,0.327,0.316,0.661
13/03/2019 22:00,0.14,0.14,0.013,0.019,0.35,0.241,0.229,0.541
13/03/2019 23:00,0.087,0.087,0.015,0.021,0.303,0.214,0.203,0.494
14/03/2019 00:00,0.059,0.059,0.012,0.018,0.27,0.205,0.195,0.468
14/03/2019 01:00,0.05,0.05,0.008,0.013,0.306,0.191,0.181,0.439
14/03/2019 02:00,0.048,0.048,0.004,0.008,0.343,0.169,0.16,0.399
14/03/2019 03:00,0.056,0.056,0.002,0.005,0.409,0.138,0.131,0.327
14/03/2019 04:00,0.066,0.066,0.002,0.006,0.795,0.191,0.185,0.427
14/03/2019 05:00,0.13,0.13,0.013,0.019,0.878,0.321,0.315,0.637
14/03/2019 06:00,0.151,0.151,0.023,0.03,0.87,0.335,0.332,0.656
14/03/2019 07:00,0.18,0.18,0.03,0.037,0.846,0.31,0.306,0.618
14/03/2019 08:00,0.225,0.225,0.031,0.038,0.811,0.292,0.288,0.589
14/03/2019 09:00,0.275,0.275,0.028,0.035,0.764,0.283,0.278,0.572
14/03/2019 10:00,0.324,0.324,0.029,0.036,0.714,0.289,0.285,0.581
14/03/2019 11:00,0.368,0.368,0.027,0.034,0.677,0.312,0.308,0.614
14/03/2019 12:00,0.4,0.4,0.024,0.031,0.665,0.355,0.353,0.671
14/03/2019 13:00,0.429,0.429,0.065,0.077,0.67,0.414,0.411,0.74
14/03/2019 14:00,0.447,0.447,0.145,0.171,0.683,0.486,0.483,0.811
14/03/2019 15:00,0.425,0.425,0.188,0.223,0.654,0.545,0.542,0.861
14/03/2019 16:00,0.439,0.439,0.151,0.178,0.611,0.564,0.558,0.874
14/03/2019 17:00,0.456,0.456,0.122,0.144,0.609,0.552,0.546,0.865
14/03/2019 18:00,0.468,0.468,0.088,0.103,0.601,0.461,0.453,0.793
14/03/2019 19:00,0.423,0.423,0.059,0.07,0.595,0.413,0.405,0.75
14/03/2019 20:00,0.33,0.33,0.07,0.082,0.578,0.331,0.321,0.663
14/03/2019 21:00,0.244,0.244,0.083,0.098,0.565,0.283,0.272,0.603
14/03/2019 22:00,0.187,0.187,0.078,0.091,0.545,0.244,0.232,0.546
14/03/2019 23:00,0.152,0.152,0.061,0.072,0.5,0.215,0.204,0.497
15/03/2019 00:00,0.125,0.125,0.034,0.042,0.448,0.195,0.185,0.452
15/03/2019 01:00,0.108,0.108,0.018,0.024,0.403,0.17,0.161,0.398
15/03/2019 02:00,0.11,0.11,0.016,0.023,0.305,0.148,0.14,0.353
15/03/2019 03:00,0.115,0.115,0.027,0.034,0.305,0.137,0.129,0.327
15/03/2019 04:00,0.113,0.113,0.073,0.086,0.646,0.159,0.153,0.357
15/03/2019 05:00,0.223,0.223,0.117,0.138,0.819,0.29,0.285,0.589
15/03/2019 06:00,0.29,0.29,0.158,0.187,0.821,0.342,0.338,0.657
15/03/2019 07:00,0.351,0.351,0.177,0.21,0.801,0.353,0.351,0.666
15/03/2019 08:00,0.416,0.416,0.166,0.197,0.77,0.358,0.354,0.667
15/03/2019 09:00,0.489,0.489,0.145,0.171,0.722,0.35,0.346,0.656
15/03/2019 10:00,0.552,0.552,0.12,0.141,0.685,0.35,0.347,0.656
15/03/2019 11:00,0.596,0.596,0.103,0.122,0.663,0.363,0.359,0.675
15/03/2019 12:00,0.625,0.625,0.109,0.128,0.65,0.385,0.382,0.703
15/03/2019 13:00,0.645,0.645,0.12,0.141,0.646,0.409,0.405,0.733
15/03/2019 14:00,0.641,0.641,0.116,0.137,0.643,0.437,0.432,0.767
15/03/2019 15:00,0.593,0.593,0.064,0.076,0.606,0.443,0.436,0.786
15/03/2019 16:00,0.577,0.577,0.041,0.049,0.558,0.436,0.427,0.781
15/03/2019 17:00,0.528,0.528,0.037,0.045,0.533,0.454,0.446,0.799
15/03/2019 18:00,0.473,0.473,0.029,0.037,0.509,0.425,0.416,0.773
15/03/2019 19:00,0.41,0.41,0.02,0.027,0.451,0.375,0.365,0.719
15/03/2019 20:00,0.36,0.36,0.016,0.023,0.423,0.348,0.336,0.682
15/03/2019 21:00,0.302,0.302,0.017,0.024,0.384,0.313,0.301,0.637
15/03/2019 22:00,0.274,0.274,0.011,0.017,0.333,0.276,0.266,0.586
15/03/2019 23:00,0.257,0.257,0.006,0.01,0.3,0.242,0.232,0.527
16/03/2019 00:00,0.249,0.249,0.003,0.007,0.276,0.208,0.198,0.463
16/03/2019 01:00,0.241,0.241,0.003,0.006,0.262,0.156,0.148,0.358
16/03/2019 02:00,0.242,0.242,0.002,0.005,0.301,0.126,0.12,0.296
16/03/2019 03:00,0.238,0.238,0.001,0.004,0.365,0.113,0.107,0.275
16/03/2019 04:00,0.238,0.238,0.005,0.01,0.707,0.183,0.177,0.407
16/03/2019 05:00,0.276,0.276,0.027,0.035,0.838,0.298,0.293,0.594
16/03/2019 06:00,0.257,0.257,0.05,0.059,0.826,0.307,0.303,0.608
16/03/2019 07:00,0.242,0.242,0.052,0.062,0.783,0.273,0.268,0.554
16/03/2019 08:00,0.245,0.245,0.052,0.062,0.733,0.242,0.238,0.502
16/03/2019 09:00,0.261,0.261,0.059,0.07,0.673,0.226,0.223,0.474
16/03/2019 10:00,0.279,0.279,0.069,0.081,0.612,0.232,0.227,0.482
16/03/2019 11:00,0.302,0.302,0.073,0.086,0.562,0.249,0.245,0.512
16/03/2019 12:00,0.33,0.33,0.061,0.072,0.533,0.275,0.27,0.559
16/03/2019 13:00,0.364,0.364,0.049,0.058,0.53,0.306,0.303,0.614
16/03/2019 14:00,0.392,0.392,0.043,0.052,0.538,0.347,0.34,0.67
16/03/2019 15:00,0.4,0.4,0.041,0.049,0.509,0.375,0.368,0.715
16/03/2019 16:00,0.439,0.439,0.047,0.056,0.486,0.379,0.37,0.721
16/03/2019 17:00,0.437,0.437,0.053,0.062,0.503,0.388,0.378,0.731
16/03/2019 18:00,0.429,0.429,0.049,0.058,0.491,0.364,0.354,0.707
16/03/2019 19:00,0.397,0.397,0.035,0.043,0.435,0.329,0.319,0.663
16/03/2019 20:00,0.309,0.309,0.031,0.039,0.403,0.287,0.277,0.606
16/03/2019 21:00,0.353,0.353,0.035,0.043,0.356,0.252,0.242,0.556
16/03/2019 22:00,0.442,0.442,0.039,0.047,0.323,0.241,0.231,0.544
16/03/2019 23:00,0.486,0.486,0.039,0.047,0.306,0.22,0.21,0.505
17/03/2019 00:00,0.42,0.42,0.036,0.044,0.294,0.189,0.18,0.447
17/03/2019 01:00,0.403,0.403,0.037,0.045,0.276,0.164,0.155,0.399
17/03/2019 02:00,0.394,0.394,0.047,0.056,0.253,0.141,0.131,0.343
17/03/2019 03:00,0.378,0.378,0.058,0.068,0.233,0.112,0.105,0.278
17/03/2019 04:00,0.387,0.387,0.079,0.092,0.302,0.113,0.108,0.26
17/03/2019 05:00,0.493,0.493,0.091,0.106,0.681,0.175,0.169,0.394
17/03/2019 06:00,0.484,0.484,0.098,0.115,0.74,0.179,0.174,0.401
17/03/2019 07:00,0.442,0.442,0.068,0.08,0.725,0.185,0.181,0.41
17/03/2019 08:00,0.387,0.387,0.051,0.061,0.688,0.208,0.204,0.448
17/03/2019 09:00,0.347,0.347,0.037,0.045,0.637,0.241,0.237,0.502
17/03/2019 10:00,0.348,0.348,0.025,0.032,0.589,0.273,0.269,0.552
17/03/2019 11:00,0.38,0.38,0.017,0.023,0.554,0.305,0.301,0.6
17/03/2019 12:00,0.429,0.429,0.012,0.018,0.541,0.33,0.327,0.637
17/03/2019 13:00,0.484,0.484,0.03,0.038,0.547,0.353,0.351,0.672
17/03/2019 14:00,0.522,0.522,0.068,0.08,0.57,0.392,0.388,0.721
17/03/2019 15:00,0.516,0.516,0.083,0.098,0.568,0.423,0.414,0.764
17/03/2019 16:00,0.532,0.532,0.087,0.102,0.556,0.428,0.418,0.773
17/03/2019 17:00,0.506,0.506,0.076,0.089,0.57,0.44,0.432,0.786
17/03/2019 18:00,0.463,0.463,0.061,0.072,0.562,0.407,0.398,0.754
17/03/2019 19:00,0.404,0.404,0.045,0.054,0.554,0.36,0.351,0.698
17/03/2019 20:00,0.453,0.453,0.035,0.043,0.528,0.328,0.318,0.656
17/03/2019 21:00,0.458,0.458,0.035,0.043,0.509,0.285,0.275,0.601
17/03/2019 22:00,0.482,0.482,0.033,0.041,0.483,0.226,0.217,0.513
17/03/2019 23:00,0.481,0.481,0.024,0.031,0.444,0.167,0.159,0.402
18/03/2019 00:00,0.447,0.447,0.014,0.021,0.41,0.129,0.121,0.321
18/03/2019 01:00,0.414,0.414,0.007,0.012,0.38,0.101,0.094,0.255
18/03/2019 02:00,0.383,0.383,0.01,0.015,0.34,0.075,0.069,0.193
18/03/2019 03:00,0.334,0.334,0.017,0.023,0.335,0.06,0.055,0.153
18/03/2019 04:00,0.345,0.345,0.061,0.072,0.61,0.086,0.082,0.201
18/03/2019 05:00,0.391,0.391,0.143,0.168,0.835,0.152,0.146,0.35
18/03/2019 06:00,0.416,0.416,0.201,0.238,0.845,0.213,0.209,0.466
18/03/2019 07:00,0.4,0.4,0.24,0.284,0.825,0.25,0.247,0.526
18/03/2019 08:00,0.346,0.346,0.249,0.294,0.788,0.25,0.246,0.52
18/03/2019 09:00,0.312,0.312,0.229,0.27,0.734,0.241,0.236,0.5
18/03/2019 10:00,0.305,0.305,0.193,0.228,0.68,0.236,0.233,0.486
18/03/2019 11:00,0.313,0.313,0.155,0.183,0.637,0.246,0.241,0.5
18/03/2019 12:00,0.33,0.33,0.124,0.146,0.615,0.281,0.278,0.559
18/03/2019 13:00,0.351,0.351,0.101,0.119,0.607,0.333,0.329,0.64
18/03/2019 14:00,0.369,0.369,0.103,0.121,0.611,0.401,0.397,0.73
18/03/2019 15:00,0.39,0.39,0.122,0.144,0.595,0.452,0.445,0.792
18/03/2019 16:00,0.452,0.452,0.106,0.125,0.572,0.483,0.476,0.819
18/03/2019 17:00,0.484,0.484,0.084,0.098,0.589,0.513,0.506,0.841
18/03/2019 18:00,0.463,0.463,0.098,0.115,0.604,0.514,0.507,0.842
18/03/2019 19:00,0.394,0.394,0.12,0.141,0.596,0.53,0.523,0.86
18/03/2019 20:00,0.403,0.403,0.095,0.112,0.547,0.507,0.499,0.847
18/03/2019 21:00,0.446,0.446,0.061,0.072,0.498,0.423,0.414,0.774
18/03/2019 22:00,0.436,0.436,0.032,0.04,0.437,0.313,0.304,0.644
18/03/2019 23:00,0.465,0.465,0.011,0.017,0.39,0.238,0.228,0.533
19/03/2019 00:00,0.432,0.432,0.007,0.013,0.336,0.183,0.174,0.435
19/03/2019 01:00,0.373,0.373,0.019,0.026,0.268,0.17,0.16,0.406
19/03/2019 02:00,0.319,0.319,0.035,0.043,0.25,0.159,0.15,0.387
19/03/2019 03:00,0.279,0.279,0.042,0.051,0.266,0.149,0.14,0.368
19/03/2019 04:00,0.265,0.265,0.074,0.087,0.536,0.179,0.173,0.406
19/03/2019 05:00,0.433,0.433,0.161,0.19,0.731,0.266,0.261,0.564
19/03/2019 06:00,0.452,0.452,0.235,0.277,0.728,0.305,0.3,0.616
19/03/2019 07:00,0.414,0.414,0.285,0.334,0.715,0.315,0.311,0.626
19/03/2019 08:00,0.387,0.387,0.299,0.351,0.695,0.311,0.308,0.611
19/03/2019 09:00,0.383,0.383,0.29,0.341,0.661,0.298,0.294,0.588
19/03/2019 10:00,0.403,0.403,0.263,0.31,0.61,0.293,0.289,0.577
19/03/2019 11:00,0.43,0.43,0.229,0.271,0.57,0.3,0.298,0.589
19/03/2019 12:00,0.468,0.468,0.201,0.238,0.541,0.327,0.324,0.627
19/03/2019 13:00,0.502,0.502,0.191,0.226,0.526,0.365,0.363,0.682
19/03/2019 14:00,0.516,0.516,0.206,0.243,0.522,0.411,0.407,0.738
19/03/2019 15:00,0.502,0.502,0.209,0.247,0.481,0.451,0.443,0.787
19/03/2019 16:00,0.529,0.529,0.191,0.225,0.464,0.451,0.442,0.791
19/03/2019 17:00,0.538,0.538,0.124,0.146,0.499,0.45,0.44,0.793
19/03/2019 18:00,0.548,0.548,0.088,0.103,0.498,0.418,0.409,0.765
19/03/2019 19:00,0.515,0.515,0.049,0.058,0.5,0.388,0.378,0.736
19/03/2019 20:00,0.46,0.46,0.032,0.04,0.462,0.359,0.348,0.703
19/03/2019 21:00,0.36,0.36,0.015,0.022,0.434,0.36,0.349,0.702
19/03/2019 22:00,0.245,0.245,0.004,0.008,0.405,0.315,0.304,0.641
19/03/2019 23:00,0.163,0.163,0.001,0.004,0.379,0.279,0.27,0.588
20/03/2019 00:00,0.107,0.107,0.001,0.004,0.38,0.233,0.223,0.512
20/03/2019 01:00,0.079,0.079,0.004,0.008,0.396,0.187,0.179,0.428
20/03/2019 02:00,0.085,0.085,0.013,0.019,0.434,0.134,0.127,0.321
20/03/2019 03:00,0.096,0.096,0.028,0.036,0.483,0.129,0.123,0.321
20/03/2019 04:00,0.14,0.14,0.05,0.059,0.815,0.193,0.187,0.432
20/03/2019 05:00,0.249,0.249,0.15,0.178,0.86,0.339,0.333,0.656
20/03/2019 06:00,0.247,0.247,0.21,0.248,0.843,0.373,0.369,0.7
20/03/2019 07:00,0.229,0.229,0.243,0.286,0.813,0.338,0.335,0.655
20/03/2019 08:00,0.23,0.23,0.232,0.273,0.773,0.297,0.293,0.595
20/03/2019 09:00,0.236,0.236,0.191,0.226,0.712,0.265,0.26,0.541
20/03/2019 10:00,0.253,0.253,0.153,0.18,0.633,0.252,0.249,0.52
20/03/2019 11:00,0.273,0.273,0.126,0.149,0.553,0.257,0.253,0.526
20/03/2019 12:00,0.302,0.302,0.117,0.137,0.492,0.279,0.276,0.564
20/03/2019 13:00,0.343,0.343,0.121,0.143,0.454,0.309,0.306,0.611
20/03/2019 14:00,0.38,0.38,0.147,0.173,0.428,0.351,0.346,0.674
20/03/2019 15:00,0.429,0.429,0.145,0.172,0.373,0.398,0.389,0.74
20/03/2019 16:00,0.485,0.485,0.086,0.101,0.369,0.419,0.41,0.768
20/03/2019 17:00,0.467,0.467,0.022,0.029,0.398,0.401,0.391,0.759
20/03/2019 18:00,0.408,0.408,0.004,0.008,0.418,0.353,0.343,0.701
20/03/2019 19:00,0.339,0.339,0.005,0.01,0.415,0.329,0.319,0.676
20/03/2019 20:00,0.27,0.27,0.002,0.005,0.403,0.304,0.293,0.643
20/03/2019 21:00,0.178,0.178,0.001,0.002,0.369,0.251,0.241,0.564
20/03/2019 22:00,0.113,0.113,0.0,0.002,0.345,0.217,0.207,0.505
20/03/2019 23:00,0.079,0.079,0.0,0.001,0.32,0.194,0.184,0.465
21/03/2019 00:00,0.059,0.059,0.0,0.002,0.297,0.179,0.169,0.438
21/03/2019 01:00,0.052,0.052,0.001,0.003,0.296,0.153,0.143,0.384
21/03/2019 02:00,0.056,0.056,0.002,0.006,0.351,0.128,0.12,0.327
21/03/2019 03:00,0.071,0.071,0.004,0.009,0.375,0.114,0.106,0.296
21/03/2019 04:00,0.095,0.095,0.01,0.016,0.631,0.132,0.126,0.311
21/03/2019 05:00,0.208,0.208,0.028,0.036,0.789,0.177,0.172,0.419
21/03/2019 06:00,0.224,0.224,0.046,0.055,0.777,0.132,0.127,0.324
21/03/2019 07:00,0.218,0.218,0.06,0.071,0.741,0.107,0.104,0.259
21/03/2019 08:00,0.212,0.212,0.065,0.076,0.693,0.106,0.103,0.249
21/03/2019 09:00,0.208,0.208,0.053,0.062,0.626,0.119,0.115,0.271
21/03/2019 10:00,0.207,0.207,0.034,0.042,0.547,0.138,0.133,0.308
21/03/2019 11:00,0.224,0.224,0.035,0.043,0.481,0.166,0.162,0.365
21/03/2019 12:00,0.26,0.26,0.066,0.078,0.436,0.215,0.211,0.459
21/03/2019 13:00,0.311,0.311,0.079,0.092,0.413,0.28,0.275,0.571
21/03/2019 14:00,0.372,0.372,0.104,0.122,0.42,0.369,0.365,0.695
21/03/2019 15:00,0.426,0.426,0.123,0.144,0.41,0.436,0.428,0.774
21/03/2019 16:00,0.471,0.471,0.115,0.135,0.431,0.445,0.437,0.787
21/03/2019 17:00,0.475,0.475,0.092,0.108,0.468,0.433,0.425,0.779
21/03/2019 18:00,0.44,0.44,0.065,0.077,0.495,0.382,0.374,0.73
21/03/2019 19:00,0.361,0.361,0.025,0.032,0.47,0.349,0.338,0.693
21/03/2019 20:00,0.256,0.256,0.013,0.019,0.447,0.304,0.295,0.64
21/03/2019 21:00,0.178,0.178,0.014,0.021,0.437,0.246,0.236,0.551
21/03/2019 22:00,0.122,0.122,0.013,0.019,0.414,0.209,0.2,0.5
21/03/2019 23:00,0.082,0.082,0.01,0.016,0.38,0.151,0.142,0.375
22/03/2019 00:00,0.073,0.073,0.008,0.013,0.35,0.12,0.112,0.302
22/03/2019 01:00,0.065,0.065,0.006,0.011,0.323,0.098,0.091,0.252
22/03/2019 02:00,0.059,0.059,0.005,0.009,0.323,0.081,0.074,0.21
22/03/2019 03:00,0.055,0.055,0.003,0.007,0.339,0.074,0.068,0.189
22/03/2019 04:00,0.074,0.074,0.004,0.009,0.56,0.089,0.085,0.205
22/03/2019 05:00,0.212,0.212,0.03,0.037,0.765,0.136,0.131,0.321
22/03/2019 06:00,0.24,0.24,0.035,0.043,0.776,0.149,0.145,0.347
22/03/2019 07:00,0.259,0.259,0.047,0.056,0.745,0.176,0.172,0.39
22/03/2019 08:00,0.288,0.288,0.058,0.069,0.707,0.227,0.223,0.479
22/03/2019 09:00,0.318,0.318,0.061,0.072,0.659,0.278,0.275,0.56
22/03/2019 10:00,0.345,0.345,0.062,0.072,0.61,0.318,0.315,0.617
22/03/2019 11:00,0.367,0.367,0.076,0.089,0.581,0.344,0.341,0.653
22/03/2019 12:00,0.4,0.4,0.083,0.097,0.575,0.364,0.361,0.68
22/03/2019 13:00,0.447,0.447,0.092,0.108,0.586,0.378,0.374,0.698
22/03/2019 14:00,0.489,0.489,0.106,0.124,0.607,0.41,0.407,0.737
22/03/2019 15:00,0.513,0.513,0.107,0.125,0.581,0.451,0.442,0.788
22/03/2019 16:00,0.558,0.558,0.087,0.101,0.568,0.494,0.486,0.827
22/03/2019 17:00,0.568,0.568,0.056,0.066,0.594,0.489,0.481,0.823
22/03/2019 18:00,0.519,0.519,0.046,0.055,0.553,0.425,0.416,0.769
22/03/2019 19:00,0.432,0.432,0.051,0.061,0.521,0.371,0.36,0.712
22/03/2019 20:00,0.311,0.311,0.065,0.077,0.509,0.339,0.328,0.676
22/03/2019 21:00,0.192,0.192,0.069,0.082,0.49,0.286,0.275,0.603
22/03/2019 22:00,0.141,0.141,0.06,0.071,0.475,0.217,0.207,0.488
22/03/2019 23:00,0.123,0.123,0.047,0.057,0.415,0.191,0.181,0.439
23/03/2019 00:00,0.104,0.104,0.03,0.038,0.365,0.187,0.178,0.425
23/03/2019 01:00,0.096,0.096,0.017,0.024,0.329,0.175,0.166,0.401
23/03/2019 02:00,0.093,0.093,0.008,0.014,0.341,0.157,0.149,0.361
23/03/2019 03:00,0.093,0.093,0.019,0.026,0.353,0.135,0.128,0.314
23/03/2019 04:00,0.15,0.15,0.054,0.064,0.647,0.184,0.178,0.407
23/03/2019 05:00,0.353,0.353,0.106,0.124,0.801,0.323,0.317,0.637
23/03/2019 06:00,0.38,0.38,0.139,0.164,0.804,0.35,0.346,0.676
23/03/2019 07:00,0.343,0.343,0.138,0.163,0.78,0.324,0.321,0.637
23/03/2019 08:00,0.304,0.304,0.124,0.145,0.747,0.295,0.292,0.591
23/03/2019 09:00,0.28,0.28,0.105,0.123,0.697,0.276,0.272,0.556
23/03/2019 10:00,0.285,0.285,0.093,0.109,0.646,0.275,0.27,0.553
23/03/2019 11:00,0.317,0.317,0.088,0.103,0.611,0.293,0.29,0.586
23/03/2019 12:00,0.37,0.37,0.076,0.09,0.598,0.333,0.329,0.644
23/03/2019 13:00,0.445,0.445,0.065,0.077,0.602,0.382,0.379,0.711
23/03/2019 14:00,0.528,0.528,0.057,0.067,0.615,0.44,0.436,0.774
23/03/2019 15:00,0.584,0.584,0.036,0.044,0.593,0.481,0.474,0.818
23/03/2019 16:00,0.648,0.648,0.021,0.028,0.582,0.482,0.474,0.819
23/03/2019 17:00,0.611,0.611,0.017,0.023,0.61,0.479,0.47,0.818
23/03/2019 18:00,0.551,0.551,0.036,0.044,0.621,0.429,0.42,0.777
23/03/2019 19:00,0.416,0.416,0.05,0.059,0.625,0.395,0.385,0.738
23/03/2019 20:00,0.281,0.281,0.065,0.076,0.625,0.35,0.34,0.686
23/03/2019 21:00,0.187,0.187,0.066,0.078,0.591,0.338,0.328,0.668
23/03/2019 22:00,0.123,0.123,0.045,0.054,0.569,0.33,0.32,0.654
23/03/2019 23:00,0.086,0.086,0.02,0.027,0.529,0.295,0.285,0.606
24/03/2019 00:00,0.063,0.063,0.009,0.015,0.459,0.246,0.236,0.523
24/03/2019 01:00,0.051,0.051,0.008,0.013,0.403,0.215,0.207,0.464
24/03/2019 02:00,0.046,0.046,0.02,0.027,0.398,0.227,0.218,0.5
24/03/2019 03:00,0.043,0.043,0.043,0.051,0.402,0.199,0.191,0.449
24/03/2019 04:00,0.079,0.079,0.064,0.075,0.634,0.246,0.239,0.519
24/03/2019 05:00,0.25,0.25,0.138,0.163,0.809,0.341,0.337,0.656
24/03/2019 06:00,0.24,0.24,0.156,0.184,0.812,0.35,0.346,0.668
24/03/2019 07:00,0.222,0.222,0.134,0.158,0.799,0.331,0.327,0.64
24/03/2019 08:00,0.227,0.227,0.108,0.127,0.778,0.305,0.3,0.601
24/03/2019 09:00,0.257,0.257,0.058,0.069,0.753,0.29,0.288,0.578
24/03/2019 10:00,0.303,0.303,0.05,0.06,0.731,0.286,0.282,0.569
24/03/2019 11:00,0.357,0.357,0.085,0.099,0.714,0.278,0.274,0.558
24/03/2019 12:00,0.415,0.415,0.179,0.212,0.696,0.27,0.266,0.549
24/03/2019 13:00,0.48,0.48,0.234,0.276,0.677,0.269,0.264,0.552
24/03/2019 14:00,0.547,0.547,0.23,0.272,0.663,0.275,0.27,0.571
24/03/2019 15:00,0.596,0.596,0.176,0.208,0.601,0.313,0.301,0.65
24/03/2019 16:00,0.637,0.637,0.127,0.15,0.545,0.408,0.396,0.764
24/03/2019 17:00,0.558,0.558,0.101,0.119,0.548,0.449,0.438,0.798
24/03/2019 18:00,0.413,0.413,0.094,0.111,0.536,0.456,0.447,0.8
24/03/2019 19:00,0.272,0.272,0.096,0.113,0.509,0.384,0.375,0.731
24/03/2019 20:00,0.163,0.163,0.091,0.107,0.392,0.287,0.276,0.615
24/03/2019 21:00,0.09,0.09,0.089,0.105,0.334,0.227,0.217,0.528
24/03/2019 22:00,0.056,0.056,0.079,0.093,0.285,0.179,0.168,0.437
24/03/2019 23:00,0.04,0.04,0.063,0.074,0.229,0.142,0.132,0.361
25/03/2019 00:00,0.045,0.045,0.057,0.067,0.175,0.109,0.102,0.286
25/03/2019 01:00,0.044,0.044,0.046,0.055,0.141,0.079,0.072,0.209
25/03/2019 02:00,0.035,0.035,0.036,0.044,0.16,0.053,0.048,0.14
25/03/2019 03:00,0.024,0.024,0.029,0.037,0.208,0.041,0.037,0.106
25/03/2019 04:00,0.013,0.013,0.028,0.035,0.579,0.021,0.019,0.048
25/03/2019 05:00,0.042,0.042,0.058,0.069,0.782,0.023,0.021,0.055
25/03/2019 06:00,0.022,0.022,0.056,0.066,0.742,0.035,0.033,0.076
25/03/2019 07:00,0.024,0.024,0.053,0.063,0.676,0.066,0.063,0.138
25/03/2019 08:00,0.036,0.036,0.052,0.062,0.633,0.1,0.097,0.214
25/03/2019 09:00,0.046,0.046,0.039,0.047,0.614,0.122,0.119,0.259
25/03/2019 10:00,0.053,0.053,0.032,0.039,0.597,0.133,0.129,0.285
25/03/2019 11:00,0.064,0.064,0.02,0.026,0.559,0.152,0.147,0.325
25/03/2019 12:00,0.079,0.079,0.006,0.012,0.505,0.188,0.184,0.404
25/03/2019 13:00,0.102,0.102,0.006,0.012,0.459,0.245,0.241,0.515
25/03/2019 14:00,0.146,0.146,0.059,0.07,0.427,0.331,0.327,0.656
25/03/2019 15:00,0.25,0.25,0.074,0.087,0.373,0.42,0.411,0.768
25/03/2019 16:00,0.403,0.403,0.052,0.062,0.35,0.459,0.45,0.799
25/03/2019 17:00,0.52,0.52,0.032,0.04,0.371,0.442,0.432,0.78
25/03/2019 18:00,0.539,0.539,0.015,0.021,0.385,0.412,0.402,0.75
25/03/2019 19:00,0.478,0.478,0.013,0.019,0.367,0.339,0.327,0.673
25/03/2019 20:00,0.359,0.359,0.009,0.014,0.362,0.31,0.299,0.645
25/03/2019 21:00,0.227,0.227,0.01,0.016,0.339,0.253,0.243,0.566
25/03/2019 22:00,0.134,0.134,0.002,0.006,0.308,0.203,0.193,0.482
25/03/2019 23:00,0.083,0.083,0.0,0.001,0.265,0.154,0.145,0.387
26/03/2019 00:00,0.073,0.073,0.0,0.0,0.251,0.114,0.106,0.295
26/03/2019 01:00,0.109,0.109,0.0,0.0,0.265,0.08,0.074,0.213
26/03/2019 02:00,0.142,0.142,0.0,0.002,0.284,0.051,0.046,0.136
26/03/2019 03:00,0.157,0.157,0.005,0.009,0.331,0.047,0.042,0.125
26/03/2019 04:00,0.155,0.155,0.006,0.011,0.632,0.057,0.054,0.134
26/03/2019 05:00,0.272,0.272,0.005,0.009,0.763,0.11,0.106,0.259
26/03/2019 06:00,0.291,0.291,0.005,0.01,0.679,0.121,0.116,0.274
26/03/2019 07:00,0.283,0.283,0.004,0.008,0.57,0.133,0.13,0.296
26/03/2019 08:00,0.287,0.287,0.003,0.007,0.506,0.153,0.149,0.334
26/03/2019 09:00,0.306,0.306,0.0,0.001,0.5,0.168,0.164,0.365
26/03/2019 10:00,0.345,0.345,0.0,0.002,0.53,0.186,0.182,0.403
26/03/2019 11:00,0.387,0.387,0.013,0.019,0.547,0.22,0.216,0.467
26/03/2019 12:00,0.431,0.431,0.031,0.038,0.521,0.272,0.268,0.556
26/03/2019 13:00,0.484,0.484,0.098,0.115,0.498,0.342,0.338,0.661
26/03/2019 14:00,0.538,0.538,0.13,0.153,0.509,0.43,0.426,0.762
26/03/2019 15:00,0.545,0.545,0.159,0.188,0.489,0.491,0.483,0.828
26/03/2019 16:00,0.548,0.548,0.147,0.173,0.429,0.548,0.541,0.87
26/03/2019 17:00,0.545,0.545,0.101,0.119,0.392,0.539,0.532,0.863
26/03/2019 18:00,0.547,0.547,0.064,0.076,0.355,0.46,0.45,0.809
26/03/2019 19:00,0.548,0.548,0.051,0.06,0.326,0.37,0.358,0.728
26/03/2019 20:00,0.503,0.503,0.039,0.047,0.305,0.308,0.297,0.651
26/03/2019 21:00,0.489,0.489,0.022,0.029,0.301,0.265,0.253,0.582
26/03/2019 22:00,0.38,0.38,0.01,0.015,0.296,0.231,0.221,0.52
26/03/2019 23:00,0.319,0.319,0.003,0.007,0.199,0.2,0.192,0.46
27/03/2019 00:00,0.291,0.291,0.002,0.005,0.144,0.183,0.174,0.424
27/03/2019 01:00,0.274,0.274,0.002,0.005,0.136,0.174,0.164,0.401
27/03/2019 02:00,0.323,0.323,0.003,0.007,0.152,0.164,0.155,0.377
27/03/2019 03:00,0.31,0.31,0.003,0.007,0.19,0.153,0.145,0.353
27/03/2019 04:00,0.325,0.325,0.004,0.009,0.447,0.214,0.208,0.464
27/03/2019 05:00,0.461,0.461,0.027,0.034,0.646,0.308,0.303,0.625
27/03/2019 06:00,0.506,0.506,0.05,0.059,0.605,0.276,0.272,0.575
27/03/2019 07:00,0.471,0.471,0.069,0.081,0.541,0.243,0.238,0.512
27/03/2019 08:00,0.377,0.377,0.079,0.093,0.495,0.24,0.236,0.5
27/03/2019 09:00,0.343,0.343,0.075,0.088,0.509,0.239,0.236,0.497
27/03/2019 10:00,0.412,0.412,0.078,0.092,0.619,0.249,0.245,0.515
27/03/2019 11:00,0.425,0.425,0.096,0.113,0.689,0.281,0.278,0.567
27/03/2019 12:00,0.37,0.37,0.136,0.16,0.655,0.339,0.335,0.654
27/03/2019 13:00,0.33,0.33,0.161,0.19,0.545,0.405,0.401,0.738
27/03/2019 14:00,0.3,0.3,0.189,0.224,0.369,0.475,0.47,0.809
27/03/2019 15:00,0.235,0.235,0.191,0.226,0.249,0.519,0.514,0.85
27/03/2019 16:00,0.223,0.223,0.187,0.22,0.191,0.568,0.562,0.881
27/03/2019 17:00,0.242,0.242,0.165,0.194,0.176,0.602,0.599,0.898
27/03/2019 18:00,0.245,0.245,0.13,0.153,0.142,0.589,0.584,0.887
27/03/2019 19:00,0.19,0.19,0.11,0.129,0.081,0.542,0.538,0.861
27/03/2019 20:00,0.129,0.129,0.071,0.083,0.048,0.46,0.453,0.808
27/03/2019 21:00,0.057,0.057,0.047,0.056,0.032,0.388,0.379,0.751
27/03/2019 22:00,0.014,0.014,0.034,0.042,0.021,0.352,0.343,0.718
27/03/2019 23:00,0.008,0.008,0.027,0.034,0.021,0.3,0.291,0.651
28/03/2019 00:00,0.026,0.026,0.021,0.028,0.031,0.244,0.235,0.561
28/03/2019 01:00,0.096,0.096,0.017,0.023,0.056,0.175,0.167,0.428
28/03/2019 02:00,0.211,0.211,0.014,0.02,0.097,0.139,0.131,0.349
28/03/2019 03:00,0.233,0.233,0.011,0.017,0.131,0.128,0.122,0.321
28/03/2019 04:00,0.19,0.19,0.019,0.025,0.395,0.191,0.185,0.436
28/03/2019 05:00,0.235,0.235,0.063,0.074,0.731,0.318,0.312,0.63
28/03/2019 06:00,0.351,0.351,0.103,0.121,0.741,0.354,0.351,0.672
28/03/2019 07:00,0.403,0.403,0.131,0.154,0.704,0.352,0.349,0.665
28/03/2019 08:00,0.386,0.386,0.102,0.119,0.668,0.347,0.343,0.656
28/03/2019 09:00,0.345,0.345,0.057,0.068,0.637,0.321,0.318,0.625
28/03/2019 10:00,0.31,0.31,0.03,0.037,0.607,0.305,0.302,0.606
28/03/2019 11:00,0.285,0.285,0.012,0.018,0.577,0.31,0.306,0.617
28/03/2019 12:00,0.266,0.266,0.02,0.026,0.541,0.326,0.322,0.643
28/03/2019 13:00,0.25,0.25,0.074,0.086,0.49,0.348,0.343,0.676
28/03/2019 14:00,0.211,0.211,0.15,0.177,0.432,0.36,0.355,0.7
28/03/2019 15:00,0.175,0.175,0.181,0.214,0.324,0.348,0.338,0.698
28/03/2019 16:00,0.16,0.16,0.163,0.192,0.239,0.344,0.333,0.698
28/03/2019 17:00,0.14,0.14,0.112,0.132,0.193,0.344,0.333,0.698
28/03/2019 18:00,0.132,0.132,0.053,0.063,0.152,0.331,0.319,0.679
28/03/2019 19:00,0.116,0.116,0.017,0.023,0.145,0.322,0.31,0.665
28/03/2019 20:00,0.088,0.088,0.005,0.01,0.153,0.292,0.28,0.627
28/03/2019 21:00,0.066,0.066,0.005,0.01,0.153,0.272,0.26,0.594
28/03/2019 22:00,0.056,0.056,0.01,0.016,0.153,0.249,0.237,0.556
28/03/2019 23:00,0.055,0.055,0.008,0.014,0.145,0.221,0.21,0.509
29/03/2019 00:00,0.071,0.071,0.005,0.01,0.12,0.199,0.188,0.463
29/03/2019 01:00,0.097,0.097,0.004,0.009,0.094,0.179,0.169,0.42
29/03/2019 02:00,0.132,0.132,0.01,0.016,0.077,0.168,0.159,0.399
29/03/2019 03:00,0.166,0.166,0.016,0.022,0.067,0.154,0.145,0.365
29/03/2019 04:00,0.182,0.182,0.033,0.041,0.057,0.123,0.118,0.284
29/03/2019 05:00,0.328,0.328,0.079,0.092,0.21,0.147,0.142,0.339
29/03/2019 06:00,0.445,0.445,0.105,0.123,0.239,0.104,0.101,0.235
29/03/2019 07:00,0.455,0.455,0.123,0.145,0.237,0.094,0.091,0.204
29/03/2019 08:00,0.391,0.391,0.136,0.16,0.225,0.105,0.102,0.224
29/03/2019 09:00,0.341,0.341,0.136,0.16,0.224,0.134,0.131,0.287
29/03/2019 10:00,0.318,0.318,0.122,0.143,0.241,0.174,0.17,0.369
29/03/2019 11:00,0.319,0.319,0.105,0.123,0.27,0.215,0.211,0.452
29/03/2019 12:00,0.336,0.336,0.094,0.11,0.303,0.255,0.25,0.524
29/03/2019 13:00,0.353,0.353,0.101,0.118,0.328,0.295,0.29,0.592
29/03/2019 14:00,0.348,0.348,0.117,0.138,0.35,0.339,0.334,0.661
29/03/2019 15:00,0.339,0.339,0.109,0.128,0.337,0.36,0.351,0.707
29/03/2019 16:00,0.333,0.333,0.061,0.072,0.36,0.4,0.389,0.757
29/03/2019 17:00,0.301,0.301,0.028,0.035,0.407,0.391,0.382,0.748
29/03/2019 18:00,0.264,0.264,0.026,0.033,0.435,0.334,0.325,0.673
29/03/2019 19:00,0.215,0.215,0.033,0.041,0.418,0.29,0.28,0.609
29/03/2019 20:00,0.147,0.147,0.028,0.035,0.362,0.246,0.236,0.539
29/03/2019 21:00,0.099,0.099,0.014,0.021,0.333,0.21,0.201,0.475
29/03/2019 22:00,0.071,0.071,0.017,0.023,0.311,0.189,0.181,0.44
29/03/2019 23:00,0.05,0.05,0.02,0.027,0.28,0.167,0.159,0.4
30/03/2019 00:00,0.03,0.03,0.024,0.03,0.249,0.136,0.128,0.331
30/03/2019 01:00,0.022,0.022,0.028,0.035,0.213,0.109,0.103,0.267
30/03/2019 02:00,0.024,0.024,0.035,0.042,0.18,0.094,0.088,0.23
30/03/2019 03:00,0.024,0.024,0.038,0.047,0.151,0.088,0.082,0.216
30/03/2019 04:00,0.029,0.029,0.064,0.076,0.185,0.138,0.132,0.319
30/03/2019 05:00,0.104,0.104,0.115,0.136,0.582,0.277,0.272,0.575
30/03/2019 06:00,0.14,0.14,0.111,0.131,0.619,0.312,0.308,0.626
30/03/2019 07:00,0.125,0.125,0.104,0.122,0.565,0.286,0.281,0.586
30/03/2019 08:00,0.118,0.118,0.098,0.115,0.487,0.267,0.262,0.553
30/03/2019 09:00,0.136,0.136,0.092,0.108,0.411,0.249,0.245,0.525
30/03/2019 10:00,0.172,0.172,0.085,0.1,0.351,0.243,0.238,0.512
30/03/2019 11:00,0.224,0.224,0.076,0.089,0.323,0.255,0.25,0.53
30/03/2019 12:00,0.291,0.291,0.067,0.079,0.321,0.289,0.285,0.582
30/03/2019 13:00,0.348,0.348,0.069,0.081,0.337,0.333,0.328,0.644
30/03/2019 14:00,0.386,0.386,0.084,0.099,0.368,0.392,0.387,0.721
30/03/2019 15:00,0.412,0.412,0.083,0.098,0.364,0.44,0.431,0.784
30/03/2019 16:00,0.447,0.447,0.063,0.075,0.377,0.455,0.447,0.799
30/03/2019 17:00,0.419,0.419,0.054,0.063,0.41,0.429,0.419,0.779
30/03/2019 18:00,0.342,0.342,0.06,0.07,0.433,0.388,0.379,0.744
30/03/2019 19:00,0.268,0.268,0.057,0.067,0.423,0.39,0.379,0.736
30/03/2019 20:00,0.21,0.21,0.053,0.062,0.388,0.363,0.353,0.699
30/03/2019 21:00,0.134,0.134,0.042,0.051,0.381,0.312,0.302,0.631
30/03/2019 22:00,0.083,0.083,0.039,0.048,0.379,0.247,0.237,0.531
30/03/2019 23:00,0.051,0.051,0.039,0.047,0.376,0.189,0.181,0.436
31/03/2019 00:00,0.034,0.034,0.034,0.041,0.368,0.143,0.135,0.343
31/03/2019 01:00,0.029,0.029,0.03,0.038,0.345,0.12,0.112,0.297
31/03/2019 02:00,0.028,0.028,0.033,0.041,0.317,0.103,0.096,0.263
31/03/2019 03:00,0.026,0.026,0.041,0.05,0.333,0.089,0.083,0.231
31/03/2019 04:00,0.031,0.031,0.079,0.093,0.551,0.115,0.11,0.278
31/03/2019 05:00,0.096,0.096,0.177,0.21,0.769,0.18,0.175,0.404
31/03/2019 06:00,0.103,0.103,0.153,0.18,0.762,0.191,0.186,0.425
31/03/2019 07:00,0.072,0.072,0.113,0.133,0.712,0.169,0.165,0.381
31/03/2019 08:00,0.058,0.058,0.082,0.096,0.651,0.153,0.149,0.345
31/03/2019 09:00,0.06,0.06,0.057,0.068,0.578,0.148,0.144,0.332
31/03/2019 10:00,0.07,0.07,0.034,0.042,0.507,0.149,0.145,0.333
31/03/2019 11:00,0.091,0.091,0.018,0.024,0.46,0.159,0.155,0.354
31/03/2019 12:00,0.126,0.126,0.008,0.013,0.434,0.183,0.179,0.403
31/03/2019 13:00,0.185,0.185,0.008,0.013,0.427,0.23,0.225,0.49
31/03/2019 14:00,0.276,0.276,0.065,0.076,0.437,0.307,0.302,0.617
31/03/2019 15:00,0.396,0.396,0.119,0.14,0.42,0.396,0.386,0.745
31/03/2019 16:00,0.467,0.467,0.097,0.114,0.418,0.463,0.453,0.81
31/03/2019 17:00,0.435,0.435,0.046,0.055,0.437,0.404,0.393,0.751
31/03/2019 18:00,0.367,0.367,0.01,0.016,0.464,0.338,0.327,0.679
31/03/2019 19:00,0.295,0.295,0.009,0.015,0.486,0.288,0.278,0.614
31/03/2019 20:00,0.224,0.224,0.009,0.015,0.486,0.29,0.279,0.617
31/03/2019 21:00,0.158,0.158,0.002,0.005,0.472,0.279,0.27,0.603
31/03/2019 22:00,0.124,0.124,0.002,0.005,0.457,0.208,0.198,0.482
31/03/2019 23:00,0.097,0.097,0.004,0.008,0.409,0.143,0.135,0.349
01/04/2019 00:00,0.065,0.065,0.004,0.008,0.359,0.095,0.089,0.239
01/04/2019 01:00,0.041,0.041,0.001,0.004,0.323,0.074,0.069,0.193
01/04/2019 02:00,0.024,0.024,0.0,0.002,0.303,0.07,0.065,0.19
01/04/2019 03:00,0.014,0.014,0.001,0.002,0.303,0.073,0.068,0.196
01/04/2019 04:00,0.008,0.008,0.008,0.014,0.459,0.099,0.095,0.246
01/04/2019 05:00,0.043,0.043,0.037,0.045,0.703,0.117,0.113,0.275
01/04/2019 06:00,0.112,0.112,0.052,0.062,0.668,0.097,0.093,0.227
01/04/2019 07:00,0.154,0.154,0.045,0.054,0.599,0.088,0.084,0.2
01/04/2019 08:00,0.17,0.17,0.04,0.049,0.526,0.101,0.097,0.227
01/04/2019 09:00,0.181,0.181,0.037,0.045,0.455,0.132,0.128,0.295
01/04/2019 10:00,0.203,0.203,0.013,0.019,0.396,0.17,0.166,0.375
01/04/2019 11:00,0.239,0.239,0.003,0.007,0.361,0.208,0.203,0.449
01/04/2019 12:00,0.304,0.304,0.027,0.034,0.35,0.248,0.243,0.523
01/04/2019 13:00,0.38,0.38,0.068,0.08,0.352,0.296,0.293,0.603
01/04/2019 14:00,0.433,0.433,0.101,0.119,0.373,0.358,0.354,0.688
01/04/2019 15:00,0.427,0.427,0.114,0.135,0.39,0.424,0.414,0.772
01/04/2019 16:00,0.444,0.444,0.092,0.108,0.395,0.502,0.495,0.837
01/04/2019 17:00,0.416,0.416,0.045,0.054,0.41,0.517,0.51,0.844
01/04/2019 18:00,0.338,0.338,0.015,0.021,0.41,0.493,0.486,0.827
01/04/2019 19:00,0.233,0.233,0.006,0.012,0.35,0.459,0.451,0.801
01/04/2019 20:00,0.13,0.13,0.005,0.01,0.303,0.423,0.414,0.769
01/04/2019 21:00,0.078,0.078,0.005,0.01,0.285,0.353,0.344,0.691
01/04/2019 22:00,0.052,0.052,0.003,0.007,0.269,0.27,0.26,0.57
01/04/2019 23:00,0.033,0.033,0.002,0.005,0.253,0.241,0.232,0.525
02/04/2019 00:00,0.021,0.021,0.001,0.004,0.246,0.217,0.209,0.491
02/04/2019 01:00,0.019,0.019,0.001,0.003,0.239,0.198,0.188,0.463
02/04/2019 02:00,0.023,0.023,0.006,0.01,0.234,0.194,0.185,0.46
02/04/2019 03:00,0.03,0.03,0.012,0.018,0.223,0.174,0.165,0.42
02/04/2019 04:00,0.045,0.045,0.024,0.031,0.36,0.204,0.198,0.457
02/04/2019 05:00,0.097,0.097,0.053,0.063,0.663,0.25,0.245,0.528
02/04/2019 06:00,0.137,0.137,0.062,0.073,0.637,0.275,0.27,0.564
02/04/2019 07:00,0.157,0.157,0.064,0.075,0.583,0.27,0.264,0.552
02/04/2019 08:00,0.157,0.157,0.056,0.066,0.523,0.26,0.255,0.533
02/04/2019 09:00,0.154,0.154,0.035,0.043,0.464,0.262,0.258,0.532
02/04/2019 10:00,0.16,0.16,0.03,0.037,0.42,0.27,0.265,0.542
02/04/2019 11:00,0.166,0.166,0.03,0.037,0.394,0.28,0.278,0.56
02/04/2019 12:00,0.193,0.193,0.051,0.061,0.37,0.3,0.296,0.592
02/04/2019 13:00,0.227,0.227,0.09,0.105,0.355,0.325,0.322,0.632
02/04/2019 14:00,0.262,0.262,0.134,0.158,0.355,0.363,0.358,0.688
02/04/2019 15:00,0.282,0.282,0.14,0.166,0.333,0.407,0.398,0.754
02/04/2019 16:00,0.255,0.255,0.132,0.156,0.334,0.455,0.445,0.797
02/04/2019 17:00,0.151,0.151,0.118,0.139,0.363,0.46,0.451,0.799
02/04/2019 18:00,0.058,0.058,0.082,0.096,0.384,0.383,0.374,0.718
02/04/2019 19:00,0.011,0.011,0.043,0.051,0.394,0.331,0.321,0.653
02/04/2019 20:00,0.001,0.001,0.023,0.03,0.383,0.291,0.28,0.6
02/04/2019 21:00,0.002,0.002,0.018,0.024,0.374,0.234,0.223,0.51
02/04/2019 22:00,0.004,0.004,0.012,0.018,0.349,0.183,0.174,0.417
02/04/2019 23:00,0.008,0.008,0.005,0.009,0.29,0.133,0.125,0.31
03/04/2019 00:00,0.009,0.009,0.001,0.003,0.267,0.107,0.1,0.25
03/04/2019 01:00,0.008,0.008,0.0,0.001,0.255,0.076,0.071,0.174
03/04/2019 02:00,0.007,0.007,0.0,0.0,0.251,0.063,0.058,0.151
03/04/2019 03:00,0.008,0.008,0.0,0.0,0.268,0.054,0.049,0.135
03/04/2019 04:00,0.006,0.006,0.0,0.001,0.36,0.067,0.064,0.164
03/04/2019 05:00,0.019,0.019,0.0,0.002,0.584,0.091,0.087,0.21
03/04/2019 06:00,0.018,0.018,0.0,0.002,0.52,0.089,0.086,0.2
03/04/2019 07:00,0.011,0.011,0.0,0.001,0.433,0.1,0.096,0.218
03/04/2019 08:00,0.004,0.004,0.0,0.001,0.363,0.122,0.119,0.262
03/04/2019 09:00,0.0,0.0,0.0,0.001,0.31,0.162,0.158,0.342
03/04/2019 10:00,0.0,0.0,0.0,0.0,0.279,0.222,0.219,0.459
03/04/2019 11:00,0.0,0.0,0.001,0.004,0.274,0.295,0.291,0.581
03/04/2019 12:00,0.0,0.0,0.005,0.01,0.286,0.371,0.368,0.69
03/04/2019 13:00,0.005,0.005,0.007,0.012,0.315,0.448,0.445,0.776
03/04/2019 14:00,0.007,0.007,0.1,0.118,0.358,0.502,0.5,0.826
03/04/2019 15:00,0.016,0.016,0.103,0.121,0.387,0.516,0.511,0.841
03/04/2019 16:00,0.014,0.014,0.08,0.094,0.42,0.475,0.468,0.809
03/04/2019 17:00,0.006,0.006,0.059,0.069,0.478,0.468,0.461,0.801
03/04/2019 18:00,0.006,0.006,0.023,0.03,0.503,0.44,0.432,0.778
03/04/2019 19:00,0.016,0.016,0.016,0.023,0.463,0.355,0.346,0.69
03/04/2019 20:00,0.028,0.028,0.018,0.024,0.36,0.27,0.261,0.58
03/04/2019 21:00,0.03,0.03,0.009,0.015,0.288,0.186,0.179,0.439
03/04/2019 22:00,0.028,0.028,0.003,0.006,0.267,0.135,0.129,0.335
03/04/2019 23:00,0.02,0.02,0.001,0.003,0.251,0.111,0.105,0.278
04/04/2019 00:00,0.011,0.011,0.001,0.002,0.236,0.098,0.093,0.249
04/04/2019 01:00,0.005,0.005,0.001,0.003,0.23,0.108,0.103,0.271
04/04/2019 02:00,0.003,0.003,0.001,0.003,0.235,0.117,0.111,0.287
04/04/2019 03:00,0.003,0.003,0.001,0.004,0.236,0.119,0.112,0.279
04/04/2019 04:00,0.01,0.01,0.006,0.012,0.564,0.191,0.185,0.425
04/04/2019 05:00,0.028,0.028,0.031,0.038,0.712,0.26,0.254,0.538
04/04/2019 06:00,0.04,0.04,0.032,0.04,0.669,0.279,0.275,0.564
04/04/2019 07:00,0.044,0.044,0.026,0.033,0.612,0.305,0.3,0.599
04/04/2019 08:00,0.045,0.045,0.018,0.025,0.563,0.323,0.319,0.625
04/04/2019 09:00,0.047,0.047,0.014,0.02,0.523,0.338,0.335,0.646
04/04/2019 10:00,0.057,0.057,0.007,0.012,0.505,0.359,0.355,0.676
04/04/2019 11:00,0.076,0.076,0.005,0.01,0.514,0.383,0.38,0.705
04/04/2019 12:00,0.107,0.107,0.011,0.017,0.541,0.41,0.407,0.738
04/04/2019 13:00,0.145,0.145,0.015,0.021,0.584,0.437,0.434,0.767
04/04/2019 14:00,0.183,0.183,0.098,0.115,0.623,0.449,0.445,0.782
04/04/2019 15:00,0.209,0.209,0.117,0.137,0.627,0.433,0.427,0.776
04/04/2019 16:00,0.232,0.232,0.093,0.109,0.607,0.423,0.413,0.765
04/04/2019 17:00,0.219,0.219,0.071,0.084,0.599,0.455,0.447,0.796
04/04/2019 18:00,0.185,0.185,0.043,0.052,0.592,0.407,0.399,0.749
04/04/2019 19:00,0.136,0.136,0.026,0.033,0.542,0.323,0.314,0.651
04/04/2019 20:00,0.092,0.092,0.015,0.021,0.459,0.267,0.258,0.56
04/04/2019 21:00,0.067,0.067,0.015,0.022,0.388,0.227,0.219,0.488
04/04/2019 22:00,0.051,0.051,0.017,0.024,0.338,0.167,0.159,0.384
04/04/2019 23:00,0.032,0.032,0.019,0.025,0.286,0.138,0.13,0.324
05/04/2019 00:00,0.025,0.025,0.018,0.024,0.246,0.141,0.134,0.333
05/04/2019 01:00,0.021,0.021,0.017,0.024,0.18,0.164,0.157,0.376
05/04/2019 02:00,0.021,0.021,0.015,0.021,0.203,0.172,0.164,0.389
05/04/2019 03:00,0.022,0.022,0.012,0.018,0.227,0.168,0.16,0.379
05/04/2019 04:00,0.044,0.044,0.025,0.032,0.509,0.25,0.244,0.529
05/04/2019 05:00,0.109,0.109,0.102,0.12,0.71,0.373,0.368,0.698
05/04/2019 06:00,0.144,0.144,0.103,0.121,0.702,0.432,0.43,0.759
05/04/2019 07:00,0.142,0.142,0.092,0.107,0.672,0.443,0.441,0.769
05/04/2019 08:00,0.154,0.154,0.087,0.102,0.65,0.429,0.427,0.752
05/04/2019 09:00,0.173,0.173,0.084,0.098,0.631,0.425,0.423,0.749
05/04/2019 10:00,0.198,0.198,0.061,0.072,0.613,0.443,0.441,0.766
05/04/2019 11:00,0.23,0.23,0.056,0.066,0.61,0.479,0.476,0.799
05/04/2019 12:00,0.272,0.272,0.087,0.102,0.64,0.52,0.52,0.835
05/04/2019 13:00,0.314,0.314,0.149,0.176,0.679,0.555,0.555,0.861
05/04/2019 14:00,0.335,0.335,0.246,0.29,0.712,0.587,0.586,0.883
05/04/2019 15:00,0.323,0.323,0.27,0.318,0.702,0.583,0.58,0.885
05/04/2019 16:00,0.307,0.307,0.168,0.199,0.651,0.56,0.555,0.873
05/04/2019 17:00,0.265,0.265,0.09,0.105,0.608,0.541,0.536,0.861
05/04/2019 18:00,0.233,0.233,0.052,0.061,0.586,0.508,0.502,0.839
05/04/2019 19:00,0.219,0.219,0.033,0.04,0.571,0.434,0.427,0.777
05/04/2019 20:00,0.18,0.18,0.015,0.022,0.549,0.33,0.322,0.661
05/04/2019 21:00,0.124,0.124,0.02,0.027,0.526,0.272,0.264,0.578
05/04/2019 22:00,0.108,0.108,0.033,0.04,0.479,0.239,0.231,0.523
05/04/2019 23:00,0.098,0.098,0.035,0.043,0.458,0.218,0.21,0.474
06/04/2019 00:00,0.085,0.085,0.034,0.042,0.423,0.217,0.209,0.474
06/04/2019 01:00,0.079,0.079,0.031,0.038,0.437,0.196,0.187,0.44
06/04/2019 02:00,0.077,0.077,0.034,0.042,0.41,0.179,0.171,0.414
06/04/2019 03:00,0.07,0.07,0.037,0.045,0.374,0.191,0.182,0.441
06/04/2019 04:00,0.055,0.055,0.081,0.095,0.69,0.239,0.232,0.51
06/04/2019 05:00,0.109,0.109,0.212,0.25,0.805,0.291,0.286,0.586
06/04/2019 06:00,0.144,0.144,0.269,0.317,0.798,0.321,0.316,0.626
06/04/2019 07:00,0.201,0.201,0.287,0.337,0.77,0.331,0.327,0.637
06/04/2019 08:00,0.287,0.287,0.259,0.305,0.739,0.343,0.339,0.651
06/04/2019 09:00,0.377,0.377,0.211,0.249,0.704,0.366,0.363,0.682
06/04/2019 10:00,0.452,0.452,0.166,0.196,0.679,0.398,0.395,0.718
06/04/2019 11:00,0.509,0.509,0.138,0.163,0.675,0.432,0.43,0.757
06/04/2019 12:00,0.541,0.541,0.137,0.162,0.676,0.469,0.467,0.792
06/04/2019 13:00,0.549,0.549,0.178,0.211,0.675,0.507,0.506,0.826
06/04/2019 14:00,0.515,0.515,0.229,0.271,0.678,0.546,0.544,0.857
06/04/2019 15:00,0.472,0.472,0.192,0.227,0.655,0.547,0.542,0.865
06/04/2019 16:00,0.504,0.504,0.136,0.161,0.636,0.541,0.534,0.862
06/04/2019 17:00,0.515,0.515,0.088,0.103,0.649,0.538,0.531,0.859
06/04/2019 18:00,0.519,0.519,0.051,0.061,0.661,0.522,0.515,0.848
06/04/2019 19:00,0.482,0.482,0.027,0.034,0.668,0.481,0.473,0.818
06/04/2019 20:00,0.389,0.389,0.016,0.023,0.642,0.42,0.41,0.769
06/04/2019 21:00,0.31,0.31,0.013,0.019,0.58,0.354,0.344,0.702
06/04/2019 22:00,0.231,0.231,0.012,0.018,0.528,0.283,0.272,0.607
06/04/2019 23:00,0.151,0.151,0.012,0.018,0.486,0.239,0.228,0.538
07/04/2019 00:00,0.113,0.113,0.016,0.023,0.482,0.199,0.189,0.467
07/04/2019 01:00,0.084,0.084,0.036,0.044,0.451,0.164,0.155,0.39
07/04/2019 02:00,0.071,0.071,0.06,0.071,0.371,0.141,0.133,0.34
07/04/2019 03:00,0.069,0.069,0.066,0.078,0.339,0.138,0.129,0.335
07/04/2019 04:00,0.065,0.065,0.087,0.102,0.615,0.188,0.182,0.419
07/04/2019 05:00,0.165,0.165,0.143,0.169,0.775,0.29,0.284,0.581
07/04/2019 06:00,0.238,0.238,0.198,0.234,0.755,0.326,0.322,0.629
07/04/2019 07:00,0.273,0.273,0.218,0.258,0.725,0.323,0.319,0.624
07/04/2019 08:00,0.302,0.302,0.198,0.234,0.696,0.301,0.298,0.592
07/04/2019 09:00,0.327,0.327,0.159,0.187,0.646,0.294,0.29,0.581
07/04/2019 10:00,0.342,0.342,0.126,0.149,0.589,0.303,0.298,0.594
07/04/2019 11:00,0.338,0.338,0.1,0.117,0.551,0.317,0.313,0.617
07/04/2019 12:00,0.331,0.331,0.075,0.089,0.533,0.366,0.363,0.688
07/04/2019 13:00,0.335,0.335,0.074,0.087,0.529,0.431,0.427,0.761
07/04/2019 14:00,0.348,0.348,0.106,0.125,0.537,0.486,0.483,0.818
07/04/2019 15:00,0.373,0.373,0.153,0.181,0.506,0.505,0.5,0.839
07/04/2019 16:00,0.396,0.396,0.142,0.167,0.463,0.498,0.492,0.833
07/04/2019 17:00,0.354,0.354,0.064,0.075,0.458,0.488,0.481,0.826
07/04/2019 18:00,0.304,0.304,0.025,0.032,0.444,0.413,0.405,0.764
07/04/2019 19:00,0.265,0.265,0.031,0.038,0.373,0.325,0.316,0.664
07/04/2019 20:00,0.222,0.222,0.03,0.037,0.313,0.275,0.265,0.594
07/04/2019 21:00,0.151,0.151,0.02,0.027,0.277,0.261,0.251,0.573
07/04/2019 22:00,0.091,0.091,0.015,0.021,0.266,0.219,0.209,0.502
07/04/2019 23:00,0.056,0.056,0.02,0.026,0.249,0.166,0.159,0.409
08/04/2019 00:00,0.033,0.033,0.015,0.021,0.232,0.115,0.109,0.298
08/04/2019 01:00,0.021,0.021,0.01,0.016,0.234,0.069,0.065,0.183
08/04/2019 02:00,0.013,0.013,0.014,0.021,0.258,0.045,0.041,0.123
08/04/2019 03:00,0.006,0.006,0.02,0.026,0.282,0.032,0.029,0.088
08/04/2019 04:00,0.004,0.004,0.024,0.03,0.573,0.047,0.044,0.113
08/04/2019 05:00,0.032,0.032,0.053,0.063,0.714,0.054,0.052,0.127
08/04/2019 06:00,0.065,0.065,0.07,0.082,0.624,0.066,0.063,0.15
08/04/2019 07:00,0.095,0.095,0.083,0.097,0.51,0.074,0.071,0.166
08/04/2019 08:00,0.119,0.119,0.097,0.114,0.421,0.085,0.082,0.191
08/04/2019 09:00,0.144,0.144,0.101,0.119,0.369,0.093,0.09,0.207
08/04/2019 10:00,0.179,0.179,0.072,0.084,0.336,0.098,0.095,0.22
08/04/2019 11:00,0.216,0.216,0.06,0.07,0.318,0.106,0.103,0.24
08/04/2019 12:00,0.272,0.272,0.081,0.095,0.307,0.121,0.117,0.275
08/04/2019 13:00,0.345,0.345,0.106,0.124,0.31,0.143,0.139,0.33
08/04/2019 14:00,0.4,0.4,0.156,0.184,0.331,0.186,0.181,0.432
08/04/2019 15:00,0.383,0.383,0.204,0.241,0.358,0.278,0.27,0.62
08/04/2019 16:00,0.377,0.377,0.161,0.19,0.393,0.341,0.332,0.707
08/04/2019 17:00,0.318,0.318,0.072,0.085,0.407,0.293,0.285,0.651
08/04/2019 18:00,0.217,0.217,0.034,0.042,0.414,0.342,0.333,0.692
08/04/2019 19:00,0.155,0.155,0.026,0.033,0.387,0.39,0.382,0.741
08/04/2019 20:00,0.102,0.102,0.028,0.035,0.35,0.414,0.408,0.771
08/04/2019 21:00,0.067,0.067,0.031,0.038,0.321,0.305,0.299,0.637
08/04/2019 22:00,0.048,0.048,0.036,0.043,0.335,0.179,0.174,0.42
08/04/2019 23:00,0.03,0.03,0.043,0.052,0.357,0.099,0.094,0.248
09/04/2019 00:00,0.022,0.022,0.062,0.073,0.395,0.061,0.058,0.155
09/04/2019 01:00,0.014,0.014,0.094,0.111,0.445,0.048,0.044,0.12
09/04/2019 02:00,0.008,0.008,0.119,0.14,0.481,0.054,0.051,0.136
09/04/2019 03:00,0.007,0.007,0.114,0.134,0.487,0.08,0.077,0.198
09/04/2019 04:00,0.01,0.01,0.075,0.088,0.675,0.121,0.116,0.282
09/04/2019 05:00,0.024,0.024,0.036,0.044,0.729,0.145,0.141,0.326
09/04/2019 06:00,0.037,0.037,0.002,0.006,0.672,0.129,0.125,0.29
09/04/2019 07:00,0.049,0.049,0.001,0.004,0.581,0.105,0.103,0.232
09/04/2019 08:00,0.062,0.062,0.001,0.004,0.508,0.085,0.082,0.182
09/04/2019 09:00,0.083,0.083,0.001,0.004,0.468,0.086,0.082,0.18
09/04/2019 10:00,0.119,0.119,0.002,0.006,0.44,0.106,0.103,0.224
09/04/2019 11:00,0.16,0.16,0.004,0.009,0.409,0.131,0.127,0.286
09/04/2019 12:00,0.212,0.212,0.006,0.011,0.377,0.154,0.151,0.344
09/04/2019 13:00,0.274,0.274,0.014,0.02,0.348,0.188,0.183,0.421
09/04/2019 14:00,0.326,0.326,0.042,0.051,0.323,0.24,0.234,0.524
09/04/2019 15:00,0.339,0.339,0.069,0.081,0.277,0.264,0.254,0.586
09/04/2019 16:00,0.365,0.365,0.074,0.087,0.226,0.3,0.29,0.648
09/04/2019 17:00,0.364,0.364,0.062,0.073,0.143,0.308,0.298,0.656
09/04/2019 18:00,0.319,0.319,0.057,0.067,0.041,0.369,0.359,0.738
09/04/2019 19:00,0.252,0.252,0.061,0.071,0.01,0.407,0.398,0.774
09/04/2019 20:00,0.191,0.191,0.061,0.072,0.014,0.326,0.318,0.678
09/04/2019 21:00,0.142,0.142,0.054,0.063,0.061,0.224,0.216,0.517
09/04/2019 22:00,0.113,0.113,0.041,0.05,0.122,0.138,0.131,0.342
09/04/2019 23:00,0.104,0.104,0.031,0.038,0.116,0.081,0.076,0.211
10/04/2019 00:00,0.126,0.126,0.025,0.032,0.065,0.052,0.048,0.138
10/04/2019 01:00,0.14,0.14,0.022,0.029,0.036,0.045,0.041,0.127
10/04/2019 02:00,0.145,0.145,0.02,0.027,0.054,0.041,0.037,0.115
10/04/2019 03:00,0.115,0.115,0.02,0.026,0.077,0.044,0.04,0.121
10/04/2019 04:00,0.071,0.071,0.016,0.022,0.1,0.073,0.069,0.184
10/04/2019 05:00,0.107,0.107,0.023,0.03,0.16,0.091,0.087,0.221
10/04/2019 06:00,0.136,0.136,0.004,0.008,0.174,0.083,0.08,0.196
10/04/2019 07:00,0.166,0.166,0.006,0.012,0.141,0.104,0.101,0.235
10/04/2019 08:00,0.205,0.205,0.01,0.016,0.104,0.155,0.151,0.338
10/04/2019 09:00,0.255,0.255,0.017,0.024,0.094,0.189,0.185,0.406
10/04/2019 10:00,0.314,0.314,0.018,0.025,0.098,0.258,0.254,0.532
10/04/2019 11:00,0.367,0.367,0.034,0.042,0.131,0.36,0.356,0.682
10/04/2019 12:00,0.424,0.424,0.069,0.081,0.174,0.449,0.447,0.779
10/04/2019 13:00,0.469,0.469,0.069,0.081,0.217,0.506,0.503,0.828
10/04/2019 14:00,0.467,0.467,0.064,0.075,0.233,0.535,0.532,0.851
10/04/2019 15:00,0.404,0.404,0.061,0.072,0.184,0.5,0.492,0.835
10/04/2019 16:00,0.382,0.382,0.055,0.065,0.139,0.479,0.469,0.825
10/04/2019 17:00,0.33,0.33,0.038,0.046,0.1,0.418,0.41,0.778
10/04/2019 18:00,0.265,0.265,0.02,0.026,0.086,0.292,0.281,0.631
10/04/2019 19:00,0.188,0.188,0.009,0.015,0.085,0.224,0.215,0.517
10/04/2019 20:00,0.104,0.104,0.007,0.013,0.094,0.173,0.163,0.422
10/04/2019 21:00,0.05,0.05,0.014,0.02,0.09,0.13,0.122,0.333
10/04/2019 22:00,0.021,0.021,0.019,0.026,0.09,0.089,0.083,0.235
10/04/2019 23:00,0.009,0.009,0.018,0.025,0.09,0.057,0.053,0.153
11/04/2019 00:00,0.007,0.007,0.012,0.018,0.092,0.043,0.04,0.118
11/04/2019 01:00,0.008,0.008,0.008,0.014,0.095,0.035,0.031,0.093
11/04/2019 02:00,0.004,0.004,0.008,0.014,0.097,0.037,0.034,0.1
11/04/2019 03:00,0.001,0.001,0.009,0.014,0.098,0.04,0.036,0.108
11/04/2019 04:00,0.009,0.009,0.003,0.007,0.267,0.05,0.047,0.12
11/04/2019 05:00,0.069,0.069,0.008,0.013,0.481,0.084,0.08,0.192
11/04/2019 06:00,0.199,0.199,0.006,0.01,0.473,0.092,0.088,0.203
11/04/2019 07:00,0.351,0.351,0.004,0.008,0.468,0.114,0.11,0.247
11/04/2019 08:00,0.376,0.376,0.008,0.014,0.485,0.146,0.142,0.31
11/04/2019 09:00,0.362,0.362,0.013,0.019,0.506,0.195,0.19,0.404
11/04/2019 10:00,0.388,0.388,0.006,0.012,0.541,0.256,0.251,0.513
11/04/2019 11:00,0.429,0.429,0.009,0.014,0.577,0.314,0.309,0.606
11/04/2019 12:00,0.468,0.468,0.031,0.038,0.61,0.36,0.355,0.671
11/04/2019 13:00,0.496,0.496,0.068,0.08,0.639,0.399,0.396,0.724
11/04/2019 14:00,0.488,0.488,0.071,0.083,0.655,0.444,0.44,0.777
11/04/2019 15:00,0.416,0.416,0.05,0.06,0.596,0.466,0.46,0.804
11/04/2019 16:00,0.394,0.394,0.023,0.03,0.531,0.488,0.481,0.822
11/04/2019 17:00,0.339,0.339,0.011,0.016,0.516,0.535,0.529,0.858
11/04/2019 18:00,0.288,0.288,0.011,0.016,0.525,0.542,0.538,0.864
11/04/2019 19:00,0.261,0.261,0.016,0.022,0.546,0.516,0.51,0.844
11/04/2019 20:00,0.19,0.19,0.012,0.018,0.561,0.448,0.44,0.79
11/04/2019 21:00,0.122,0.122,0.008,0.013,0.533,0.325,0.318,0.653
11/04/2019 22:00,0.082,0.082,0.01,0.015,0.453,0.215,0.207,0.471
11/04/2019 23:00,0.052,0.052,0.009,0.015,0.374,0.169,0.161,0.389
12/04/2019 00:00,0.035,0.035,0.006,0.011,0.318,0.151,0.143,0.364
12/04/2019 01:00,0.018,0.018,0.004,0.008,0.306,0.149,0.141,0.359
12/04/2019 02:00,0.004,0.004,0.004,0.008,0.279,0.153,0.145,0.365
12/04/2019 03:00,0.001,0.001,0.004,0.008,0.296,0.144,0.137,0.348
12/04/2019 04:00,0.004,0.004,0.006,0.011,0.633,0.177,0.172,0.403
12/04/2019 05:00,0.037,0.037,0.009,0.015,0.753,0.232,0.226,0.49
12/04/2019 06:00,0.03,0.03,0.0,0.001,0.749,0.249,0.243,0.512
12/04/2019 07:00,0.014,0.014,0.0,0.0,0.74,0.237,0.233,0.486
12/04/2019 08:00,0.017,0.017,0.0,0.0,0.719,0.218,0.213,0.45
12/04/2019 09:00,0.037,0.037,0.0,0.0,0.678,0.21,0.205,0.436
12/04/2019 10:00,0.08,0.08,0.0,0.0,0.636,0.217,0.212,0.448
12/04/2019 11:00,0.137,0.137,0.0,0.0,0.607,0.241,0.237,0.494
12/04/2019 12:00,0.166,0.166,0.0,0.0,0.589,0.276,0.272,0.555
12/04/2019 13:00,0.157,0.157,0.001,0.004,0.578,0.334,0.33,0.646
12/04/2019 14:00,0.137,0.137,0.027,0.034,0.568,0.398,0.393,0.73
12/04/2019 15:00,0.136,0.136,0.05,0.059,0.514,0.42,0.413,0.766
12/04/2019 16:00,0.156,0.156,0.039,0.047,0.489,0.414,0.405,0.761
12/04/2019 17:00,0.168,0.168,0.03,0.038,0.52,0.435,0.426,0.779
12/04/2019 18:00,0.181,0.181,0.016,0.022,0.551,0.453,0.445,0.794
12/04/2019 19:00,0.176,0.176,0.005,0.009,0.575,0.428,0.418,0.768
12/04/2019 20:00,0.157,0.157,0.003,0.007,0.559,0.364,0.354,0.709
12/04/2019 21:00,0.111,0.111,0.007,0.012,0.505,0.279,0.27,0.596
12/04/2019 22:00,0.071,0.071,0.009,0.015,0.465,0.189,0.181,0.438
12/04/2019 23:00,0.049,0.049,0.006,0.011,0.44,0.11,0.104,0.272
13/04/2019 00:00,0.035,0.035,0.002,0.006,0.418,0.077,0.071,0.193
13/04/2019 01:00,0.023,0.023,0.001,0.004,0.401,0.083,0.078,0.21
13/04/2019 02:00,0.019,0.019,0.001,0.002,0.398,0.093,0.087,0.232
13/04/2019 03:00,0.02,0.02,0.0,0.002,0.323,0.094,0.088,0.23
13/04/2019 04:00,0.028,0.028,0.001,0.002,0.501,0.129,0.124,0.298
13/04/2019 05:00,0.102,0.102,0.0,0.0,0.641,0.178,0.173,0.388
13/04/2019 06:00,0.105,0.105,0.0,0.0,0.591,0.201,0.197,0.429
13/04/2019 07:00,0.108,0.108,0.0,0.0,0.525,0.206,0.202,0.436
13/04/2019 08:00,0.124,0.124,0.0,0.0,0.474,0.207,0.202,0.434
13/04/2019 09:00,0.172,0.172,0.0,0.0,0.437,0.215,0.211,0.447
13/04/2019 10:00,0.268,0.268,0.0,0.0,0.42,0.232,0.228,0.482
13/04/2019 11:00,0.39,0.39,0.002,0.005,0.409,0.244,0.24,0.505
13/04/2019 12:00,0.509,0.509,0.006,0.012,0.403,0.258,0.253,0.535
13/04/2019 13:00,0.574,0.574,0.068,0.08,0.408,0.293,0.288,0.592
13/04/2019 14:00,0.52,0.52,0.105,0.123,0.421,0.35,0.345,0.678
13/04/2019 15:00,0.387,0.387,0.105,0.124,0.4,0.392,0.384,0.738
13/04/2019 16:00,0.315,0.315,0.099,0.116,0.415,0.414,0.405,0.764
13/04/2019 17:00,0.234,0.234,0.074,0.087,0.459,0.435,0.427,0.784
13/04/2019 18:00,0.184,0.184,0.044,0.053,0.491,0.44,0.432,0.789
13/04/2019 19:00,0.132,0.132,0.023,0.03,0.504,0.435,0.427,0.787
13/04/2019 20:00,0.104,0.104,0.014,0.02,0.5,0.429,0.42,0.784
13/04/2019 21:00,0.075,0.075,0.008,0.014,0.483,0.355,0.347,0.709
13/04/2019 22:00,0.061,0.061,0.008,0.014,0.453,0.27,0.26,0.588
13/04/2019 23:00,0.058,0.058,0.01,0.016,0.427,0.193,0.185,0.452
14/04/2019 00:00,0.055,0.055,0.01,0.016,0.411,0.135,0.128,0.325
14/04/2019 01:00,0.046,0.046,0.008,0.014,0.422,0.124,0.118,0.305
14/04/2019 02:00,0.043,0.043,0.006,0.011,0.472,0.105,0.098,0.259
14/04/2019 03:00,0.039,0.039,0.005,0.01,0.509,0.076,0.071,0.195
14/04/2019 04:00,0.03,0.03,0.003,0.007,0.571,0.127,0.122,0.298
14/04/2019 05:00,0.093,0.093,0.035,0.042,0.661,0.177,0.173,0.396
14/04/2019 06:00,0.162,0.162,0.057,0.068,0.636,0.21,0.206,0.457
14/04/2019 07:00,0.224,0.224,0.051,0.06,0.589,0.238,0.234,0.5
14/04/2019 08:00,0.268,0.268,0.039,0.048,0.544,0.255,0.25,0.523
14/04/2019 09:00,0.294,0.294,0.022,0.029,0.511,0.287,0.283,0.574
14/04/2019 10:00,0.329,0.329,0.013,0.019,0.489,0.323,0.319,0.625
14/04/2019 11:00,0.373,0.373,0.011,0.017,0.476,0.35,0.347,0.663
14/04/2019 12:00,0.429,0.429,0.018,0.025,0.468,0.377,0.374,0.698
14/04/2019 13:00,0.489,0.489,0.051,0.061,0.472,0.404,0.401,0.733
14/04/2019 14:00,0.525,0.525,0.107,0.125,0.489,0.437,0.434,0.774
14/04/2019 15:00,0.464,0.464,0.154,0.182,0.464,0.448,0.44,0.79
14/04/2019 16:00,0.416,0.416,0.149,0.176,0.462,0.435,0.427,0.781
14/04/2019 17:00,0.344,0.344,0.12,0.141,0.494,0.451,0.441,0.796
14/04/2019 18:00,0.281,0.281,0.082,0.096,0.518,0.407,0.398,0.749
14/04/2019 19:00,0.23,0.23,0.055,0.065,0.523,0.358,0.348,0.698
14/04/2019 20:00,0.159,0.159,0.032,0.04,0.509,0.302,0.291,0.636
14/04/2019 21:00,0.118,0.118,0.018,0.024,0.488,0.232,0.222,0.536
14/04/2019 22:00,0.094,0.094,0.011,0.017,0.464,0.164,0.155,0.414
14/04/2019 23:00,0.071,0.071,0.012,0.018,0.443,0.107,0.1,0.285
15/04/2019 00:00,0.057,0.057,0.014,0.021,0.432,0.069,0.064,0.183
15/04/2019 01:00,0.052,0.052,0.022,0.029,0.443,0.064,0.059,0.175
15/04/2019 02:00,0.051,0.051,0.028,0.036,0.495,0.069,0.065,0.188
15/04/2019 03:00,0.052,0.052,0.04,0.048,0.532,0.082,0.077,0.215
15/04/2019 04:00,0.071,0.071,0.102,0.12,0.612,0.102,0.097,0.241
15/04/2019 05:00,0.152,0.152,0.165,0.195,0.726,0.175,0.17,0.392
15/04/2019 06:00,0.195,0.195,0.192,0.226,0.713,0.208,0.202,0.448
15/04/2019 07:00,0.228,0.228,0.196,0.231,0.658,0.23,0.226,0.484
15/04/2019 08:00,0.271,0.271,0.188,0.223,0.6,0.253,0.25,0.52
15/04/2019 09:00,0.3,0.3,0.163,0.193,0.544,0.28,0.276,0.56
15/04/2019 10:00,0.315,0.315,0.136,0.16,0.498,0.318,0.314,0.617
15/04/2019 11:00,0.333,0.333,0.113,0.133,0.475,0.358,0.354,0.671
15/04/2019 12:00,0.338,0.338,0.096,0.113,0.48,0.397,0.394,0.721
15/04/2019 13:00,0.334,0.334,0.1,0.117,0.509,0.437,0.435,0.767
15/04/2019 14:00,0.317,0.317,0.125,0.147,0.552,0.468,0.466,0.799
15/04/2019 15:00,0.257,0.257,0.113,0.133,0.554,0.468,0.46,0.806
15/04/2019 16:00,0.223,0.223,0.071,0.084,0.572,0.47,0.461,0.808
15/04/2019 17:00,0.178,0.178,0.049,0.058,0.609,0.479,0.471,0.815
15/04/2019 18:00,0.142,0.142,0.042,0.05,0.621,0.452,0.444,0.79
15/04/2019 19:00,0.12,0.12,0.035,0.042,0.613,0.429,0.419,0.773
15/04/2019 20:00,0.09,0.09,0.047,0.056,0.593,0.424,0.416,0.769
15/04/2019 21:00,0.061,0.061,0.058,0.069,0.561,0.351,0.343,0.695
15/04/2019 22:00,0.036,0.036,0.062,0.073,0.5,0.243,0.234,0.537
15/04/2019 23:00,0.02,0.02,0.056,0.066,0.453,0.165,0.159,0.388
16/04/2019 00:00,0.016,0.016,0.042,0.051,0.423,0.115,0.109,0.274
16/04/2019 01:00,0.018,0.018,0.031,0.038,0.349,0.093,0.087,0.224
16/04/2019 02:00,0.021,0.021,0.026,0.033,0.351,0.089,0.083,0.22
16/04/2019 03:00,0.02,0.02,0.024,0.031,0.327,0.075,0.069,0.189
16/04/2019 04:00,0.018,0.018,0.056,0.066,0.581,0.102,0.097,0.242
16/04/2019 05:00,0.04,0.04,0.117,0.138,0.717,0.143,0.139,0.331
16/04/2019 06:00,0.055,0.055,0.114,0.134,0.634,0.159,0.153,0.352
16/04/2019 07:00,0.083,0.083,0.083,0.097,0.54,0.153,0.149,0.332
16/04/2019 08:00,0.14,0.14,0.035,0.042,0.468,0.148,0.144,0.318
16/04/2019 09:00,0.234,0.234,0.018,0.025,0.411,0.153,0.149,0.327
16/04/2019 10:00,0.365,0.365,0.015,0.021,0.371,0.168,0.164,0.359
16/04/2019 11:00,0.5,0.5,0.013,0.02,0.354,0.193,0.189,0.411
16/04/2019 12:00,0.564,0.564,0.033,0.04,0.35,0.231,0.226,0.485
16/04/2019 13:00,0.548,0.548,0.068,0.08,0.36,0.285,0.279,0.58
16/04/2019 14:00,0.459,0.459,0.098,0.115,0.409,0.35,0.345,0.679
16/04/2019 15:00,0.303,0.303,0.122,0.143,0.457,0.412,0.402,0.766
16/04/2019 16:00,0.199,0.199,0.128,0.151,0.512,0.515,0.505,0.849
16/04/2019 17:00,0.112,0.112,0.105,0.124,0.569,0.517,0.509,0.847
16/04/2019 18:00,0.051,0.051,0.087,0.102,0.577,0.454,0.445,0.801
16/04/2019 19:00,0.018,0.018,0.065,0.076,0.519,0.428,0.417,0.783
16/04/2019 20:00,0.004,0.004,0.046,0.055,0.432,0.398,0.388,0.762
16/04/2019 21:00,0.001,0.001,0.034,0.042,0.339,0.351,0.34,0.714
16/04/2019 22:00,0.001,0.001,0.024,0.031,0.271,0.277,0.267,0.613
16/04/2019 23:00,0.002,0.002,0.016,0.023,0.215,0.193,0.183,0.46
17/04/2019 00:00,0.003,0.003,0.014,0.02,0.179,0.119,0.111,0.3
17/04/2019 01:00,0.003,0.003,0.014,0.02,0.17,0.065,0.06,0.173
17/04/2019 02:00,0.003,0.003,0.015,0.021,0.2,0.037,0.034,0.102
17/04/2019 03:00,0.004,0.004,0.015,0.021,0.219,0.036,0.032,0.102
17/04/2019 04:00,0.019,0.019,0.022,0.028,0.427,0.042,0.04,0.105
17/04/2019 05:00,0.087,0.087,0.029,0.036,0.568,0.105,0.102,0.245
17/04/2019 06:00,0.13,0.13,0.017,0.023,0.555,0.128,0.124,0.286
17/04/2019 07:00,0.145,0.145,0.017,0.023,0.523,0.145,0.141,0.313
17/04/2019 08:00,0.175,0.175,0.023,0.03,0.502,0.167,0.163,0.357
17/04/2019 09:00,0.224,0.224,0.029,0.037,0.464,0.198,0.194,0.417
17/04/2019 10:00,0.275,0.275,0.035,0.043,0.422,0.241,0.237,0.497
17/04/2019 11:00,0.317,0.317,0.055,0.065,0.395,0.297,0.293,0.589
17/04/2019 12:00,0.343,0.343,0.094,0.111,0.382,0.352,0.349,0.668
17/04/2019 13:00,0.374,0.374,0.101,0.119,0.377,0.392,0.388,0.721
17/04/2019 14:00,0.377,0.377,0.108,0.127,0.38,0.423,0.419,0.761
17/04/2019 15:00,0.335,0.335,0.101,0.118,0.363,0.436,0.425,0.789
17/04/2019 16:00,0.345,0.345,0.082,0.096,0.368,0.488,0.476,0.833
17/04/2019 17:00,0.318,0.318,0.064,0.075,0.386,0.486,0.476,0.828
17/04/2019 18:00,0.268,0.268,0.054,0.064,0.379,0.479,0.467,0.822
17/04/2019 19:00,0.184,0.184,0.047,0.056,0.341,0.448,0.436,0.798
17/04/2019 20:00,0.131,0.131,0.037,0.045,0.309,0.421,0.41,0.782
17/04/2019 21:00,0.095,0.095,0.028,0.035,0.287,0.373,0.361,0.741
17/04/2019 22:00,0.058,0.058,0.021,0.028,0.27,0.285,0.273,0.63
17/04/2019 23:00,0.034,0.034,0.013,0.02,0.249,0.168,0.159,0.42
18/04/2019 00:00,0.018,0.018,0.008,0.013,0.229,0.095,0.088,0.249
18/04/2019 01:00,0.009,0.009,0.006,0.011,0.221,0.064,0.059,0.169
18/04/2019 02:00,0.006,0.006,0.005,0.01,0.224,0.062,0.057,0.171
18/04/2019 03:00,0.006,0.006,0.005,0.01,0.227,0.04,0.036,0.112
18/04/2019 04:00,0.008,0.008,0.01,0.016,0.44,0.035,0.032,0.086
18/04/2019 05:00,0.03,0.03,0.032,0.039,0.631,0.067,0.064,0.156
18/04/2019 06:00,0.058,0.058,0.043,0.052,0.586,0.084,0.081,0.187
18/04/2019 07:00,0.091,0.091,0.058,0.069,0.497,0.093,0.09,0.202
18/04/2019 08:00,0.136,0.136,0.085,0.1,0.41,0.099,0.096,0.214
18/04/2019 09:00,0.181,0.181,0.098,0.115,0.331,0.103,0.099,0.221
18/04/2019 10:00,0.244,0.244,0.083,0.097,0.269,0.12,0.116,0.256
18/04/2019 11:00,0.333,0.333,0.067,0.079,0.23,0.148,0.144,0.32
18/04/2019 12:00,0.413,0.413,0.055,0.065,0.226,0.184,0.18,0.395
18/04/2019 13:00,0.471,0.471,0.043,0.052,0.297,0.224,0.22,0.477
18/04/2019 14:00,0.484,0.484,0.028,0.035,0.459,0.275,0.27,0.568
18/04/2019 15:00,0.4,0.4,0.019,0.026,0.568,0.349,0.338,0.695
18/04/2019 16:00,0.384,0.384,0.021,0.028,0.58,0.449,0.438,0.798
18/04/2019 17:00,0.355,0.355,0.015,0.021,0.486,0.474,0.465,0.815
18/04/2019 18:00,0.311,0.311,0.006,0.012,0.442,0.46,0.451,0.8
18/04/2019 19:00,0.272,0.272,0.002,0.005,0.486,0.434,0.425,0.777
18/04/2019 20:00,0.194,0.194,0.004,0.008,0.494,0.513,0.505,0.85
18/04/2019 21:00,0.105,0.105,0.003,0.007,0.454,0.384,0.376,0.733
18/04/2019 22:00,0.065,0.065,0.0,0.002,0.341,0.221,0.211,0.504
18/04/2019 23:00,0.04,0.04,0.002,0.005,0.294,0.134,0.127,0.339
19/04/2019 00:00,0.022,0.022,0.01,0.016,0.283,0.09,0.084,0.235
19/04/2019 01:00,0.016,0.016,0.02,0.026,0.248,0.062,0.058,0.165
19/04/2019 02:00,0.018,0.018,0.026,0.033,0.207,0.048,0.044,0.128
19/04/2019 03:00,0.021,0.021,0.026,0.033,0.168,0.048,0.044,0.127
19/04/2019 04:00,0.03,0.03,0.031,0.039,0.369,0.054,0.051,0.126
19/04/2019 05:00,0.046,0.046,0.033,0.041,0.585,0.083,0.079,0.191
19/04/2019 06:00,0.076,0.076,0.027,0.034,0.642,0.105,0.102,0.231
19/04/2019 07:00,0.088,0.088,0.026,0.033,0.629,0.116,0.112,0.25
19/04/2019 08:00,0.083,0.083,0.025,0.032,0.601,0.128,0.124,0.273
19/04/2019 09:00,0.091,0.091,0.018,0.025,0.568,0.135,0.131,0.287
19/04/2019 10:00,0.137,0.137,0.012,0.018,0.525,0.144,0.141,0.305
19/04/2019 11:00,0.209,0.209,0.011,0.016,0.495,0.165,0.161,0.351
19/04/2019 12:00,0.284,0.284,0.016,0.022,0.495,0.198,0.193,0.417
19/04/2019 13:00,0.335,0.335,0.04,0.048,0.523,0.253,0.25,0.526
19/04/2019 14:00,0.345,0.345,0.06,0.071,0.567,0.326,0.322,0.644
19/04/2019 15:00,0.293,0.293,0.086,0.101,0.568,0.403,0.396,0.75
19/04/2019 16:00,0.254,0.254,0.093,0.109,0.55,0.396,0.387,0.741
19/04/2019 17:00,0.227,0.227,0.068,0.079,0.561,0.381,0.373,0.723
19/04/2019 18:00,0.188,0.188,0.043,0.052,0.547,0.448,0.439,0.787
19/04/2019 19:00,0.132,0.132,0.026,0.033,0.509,0.398,0.39,0.739
19/04/2019 20:00,0.076,0.076,0.016,0.022,0.518,0.355,0.347,0.698
19/04/2019 21:00,0.04,0.04,0.011,0.017,0.513,0.188,0.181,0.439
19/04/2019 22:00,0.023,0.023,0.008,0.013,0.48,0.084,0.079,0.209
19/04/2019 23:00,0.019,0.019,0.005,0.009,0.392,0.045,0.041,0.113
20/04/2019 00:00,0.017,0.017,0.002,0.006,0.333,0.032,0.029,0.085
20/04/2019 01:00,0.012,0.012,0.001,0.003,0.287,0.023,0.02,0.061
20/04/2019 02:00,0.008,0.008,0.0,0.002,0.232,0.015,0.012,0.04
20/04/2019 03:00,0.003,0.003,0.0,0.002,0.171,0.009,0.007,0.024
20/04/2019 04:00,0.003,0.003,0.0,0.001,0.305,0.003,0.002,0.007
20/04/2019 05:00,0.013,0.013,0.0,0.001,0.383,0.003,0.003,0.008
20/04/2019 06:00,0.038,0.038,0.0,0.002,0.326,0.005,0.004,0.011
20/04/2019 07:00,0.082,0.082,0.0,0.002,0.267,0.007,0.006,0.013
20/04/2019 08:00,0.121,0.121,0.0,0.002,0.221,0.009,0.008,0.017
20/04/2019 09:00,0.087,0.087,0.001,0.002,0.19,0.014,0.013,0.025
20/04/2019 10:00,0.032,0.032,0.002,0.005,0.175,0.024,0.022,0.044
20/04/2019 11:00,0.005,0.005,0.007,0.013,0.177,0.042,0.04,0.085
20/04/2019 12:00,0.013,0.013,0.018,0.024,0.195,0.071,0.068,0.15
20/04/2019 13:00,0.008,0.008,0.042,0.051,0.222,0.111,0.107,0.247
20/04/2019 14:00,0.014,0.014,0.06,0.07,0.253,0.166,0.161,0.372
20/04/2019 15:00,0.033,0.033,0.066,0.077,0.259,0.215,0.207,0.485
20/04/2019 16:00,0.045,0.045,0.056,0.066,0.249,0.252,0.243,0.559
20/04/2019 17:00,0.045,0.045,0.039,0.047,0.246,0.278,0.27,0.608
20/04/2019 18:00,0.032,0.032,0.024,0.031,0.246,0.341,0.333,0.698
20/04/2019 19:00,0.012,0.012,0.01,0.016,0.208,0.314,0.306,0.653
20/04/2019 20:00,0.002,0.002,0.003,0.008,0.166,0.226,0.218,0.512
20/04/2019 21:00,0.002,0.002,0.002,0.005,0.129,0.141,0.135,0.347
20/04/2019 22:00,0.001,0.001,0.001,0.004,0.092,0.081,0.077,0.208
20/04/2019 23:00,0.0,0.0,0.002,0.005,0.059,0.042,0.039,0.11
21/04/2019 00:00,0.0,0.0,0.001,0.004,0.041,0.02,0.017,0.054
21/04/2019 01:00,0.0,0.0,0.0,0.002,0.033,0.011,0.009,0.031
21/04/2019 02:00,0.0,0.0,0.0,0.0,0.039,0.006,0.005,0.019
21/04/2019 03:00,0.001,0.001,0.0,0.001,0.059,0.003,0.002,0.009
21/04/2019 04:00,0.001,0.001,0.001,0.004,0.136,0.002,0.001,0.004
21/04/2019 05:00,0.003,0.003,0.001,0.004,0.198,0.005,0.004,0.011
21/04/2019 06:00,0.007,0.007,0.001,0.003,0.172,0.007,0.006,0.013
21/04/2019 07:00,0.017,0.017,0.001,0.003,0.141,0.009,0.008,0.016
21/04/2019 08:00,0.038,0.038,0.001,0.002,0.121,0.012,0.011,0.02
21/04/2019 09:00,0.065,0.065,0.0,0.002,0.117,0.018,0.016,0.031
21/04/2019 10:00,0.104,0.104,0.0,0.002,0.137,0.03,0.028,0.055
21/04/2019 11:00,0.147,0.147,0.002,0.006,0.177,0.052,0.049,0.101
21/04/2019 12:00,0.188,0.188,0.008,0.013,0.23,0.074,0.071,0.152
21/04/2019 13:00,0.215,0.215,0.025,0.032,0.275,0.094,0.091,0.199
21/04/2019 14:00,0.205,0.205,0.05,0.059,0.301,0.115,0.11,0.251
21/04/2019 15:00,0.149,0.149,0.079,0.093,0.282,0.121,0.114,0.274
21/04/2019 16:00,0.086,0.086,0.079,0.093,0.252,0.116,0.11,0.272
21/04/2019 17:00,0.037,0.037,0.06,0.071,0.241,0.128,0.121,0.301
21/04/2019 18:00,0.016,0.016,0.037,0.045,0.256,0.138,0.131,0.324
21/04/2019 19:00,0.01,0.01,0.023,0.03,0.27,0.158,0.151,0.366
21/04/2019 20:00,0.008,0.008,0.017,0.024,0.25,0.166,0.159,0.378
21/04/2019 21:00,0.002,0.002,0.013,0.019,0.27,0.152,0.145,0.348
21/04/2019 22:00,0.0,0.0,0.011,0.017,0.331,0.154,0.147,0.352
21/04/2019 23:00,0.001,0.001,0.008,0.014,0.35,0.133,0.126,0.31
22/04/2019 00:00,0.001,0.001,0.003,0.007,0.244,0.076,0.071,0.181
22/04/2019 01:00,0.002,0.002,0.001,0.003,0.183,0.034,0.031,0.085
22/04/2019 02:00,0.002,0.002,0.0,0.002,0.164,0.02,0.017,0.053
22/04/2019 03:00,0.002,0.002,0.0,0.002,0.146,0.012,0.01,0.034
22/04/2019 04:00,0.005,0.005,0.002,0.005,0.242,0.012,0.01,0.028
22/04/2019 05:00,0.026,0.026,0.001,0.004,0.286,0.016,0.014,0.034
22/04/2019 06:00,0.056,0.056,0.002,0.005,0.216,0.018,0.016,0.034
22/04/2019 07:00,0.082,0.082,0.001,0.004,0.148,0.022,0.021,0.042
22/04/2019 08:00,0.096,0.096,0.001,0.003,0.105,0.019,0.018,0.036
22/04/2019 09:00,0.112,0.112,0.0,0.001,0.076,0.015,0.014,0.028
22/04/2019 10:00,0.149,0.149,0.0,0.0,0.072,0.015,0.013,0.027
22/04/2019 11:00,0.214,0.214,0.0,0.001,0.101,0.015,0.014,0.027
22/04/2019 12:00,0.286,0.286,0.002,0.006,0.161,0.02,0.018,0.036
22/04/2019 13:00,0.33,0.33,0.025,0.032,0.241,0.036,0.034,0.072
22/04/2019 14:00,0.348,0.348,0.034,0.041,0.303,0.078,0.074,0.168
22/04/2019 15:00,0.313,0.313,0.049,0.058,0.307,0.152,0.143,0.353
22/04/2019 16:00,0.308,0.308,0.051,0.061,0.242,0.219,0.209,0.494
22/04/2019 17:00,0.221,0.221,0.039,0.048,0.166,0.251,0.242,0.557
22/04/2019 18:00,0.094,0.094,0.03,0.038,0.161,0.277,0.268,0.601
22/04/2019 19:00,0.065,0.065,0.026,0.033,0.174,0.262,0.253,0.575
22/04/2019 20:00,0.039,0.039,0.02,0.027,0.16,0.213,0.205,0.488
22/04/2019 21:00,0.049,0.049,0.011,0.017,0.139,0.15,0.143,0.358
22/04/2019 22:00,0.09,0.09,0.011,0.017,0.151,0.098,0.093,0.234
22/04/2019 23:00,0.09,0.09,0.009,0.015,0.177,0.064,0.059,0.145
23/04/2019 00:00,0.039,0.039,0.004,0.008,0.165,0.029,0.027,0.065
23/04/2019 01:00,0.006,0.006,0.001,0.004,0.137,0.016,0.014,0.034
23/04/2019 02:00,0.018,0.018,0.001,0.003,0.124,0.013,0.011,0.03
23/04/2019 03:00,0.02,0.02,0.0,0.001,0.138,0.01,0.008,0.025
23/04/2019 04:00,0.004,0.004,0.0,0.001,0.255,0.012,0.011,0.026
23/04/2019 05:00,0.0,0.0,0.001,0.003,0.275,0.021,0.019,0.044
23/04/2019 06:00,0.003,0.003,0.003,0.007,0.22,0.013,0.011,0.024
23/04/2019 07:00,0.013,0.013,0.006,0.011,0.155,0.004,0.003,0.006
23/04/2019 08:00,0.05,0.05,0.008,0.014,0.104,0.0,0.0,0.0
23/04/2019 09:00,0.145,0.145,0.01,0.015,0.061,0.0,0.0,0.0
23/04/2019 10:00,0.289,0.289,0.012,0.018,0.028,0.0,0.0,0.0
23/04/2019 11:00,0.41,0.41,0.025,0.032,0.012,0.001,0.001,0.001
23/04/2019 12:00,0.469,0.469,0.039,0.048,0.008,0.009,0.008,0.015
23/04/2019 13:00,0.444,0.444,0.064,0.076,0.009,0.036,0.034,0.077
23/04/2019 14:00,0.342,0.342,0.089,0.105,0.01,0.079,0.075,0.184
23/04/2019 15:00,0.194,0.194,0.102,0.12,0.011,0.095,0.089,0.238
23/04/2019 16:00,0.099,0.099,0.084,0.098,0.011,0.1,0.094,0.255
23/04/2019 17:00,0.048,0.048,0.052,0.062,0.01,0.097,0.091,0.235
23/04/2019 18:00,0.031,0.031,0.027,0.034,0.008,0.083,0.079,0.193
23/04/2019 19:00,0.028,0.028,0.014,0.02,0.007,0.07,0.066,0.15
23/04/2019 20:00,0.02,0.02,0.008,0.014,0.004,0.045,0.042,0.087
23/04/2019 21:00,0.009,0.009,0.005,0.01,0.001,0.023,0.02,0.042
23/04/2019 22:00,0.008,0.008,0.003,0.007,0.0,0.009,0.008,0.017
23/04/2019 23:00,0.006,0.006,0.003,0.006,0.001,0.004,0.003,0.006
24/04/2019 00:00,0.007,0.007,0.002,0.006,0.009,0.004,0.003,0.007
24/04/2019 01:00,0.01,0.01,0.003,0.007,0.021,0.013,0.011,0.026
24/04/2019 02:00,0.013,0.013,0.004,0.009,0.024,0.04,0.036,0.089
24/04/2019 03:00,0.017,0.017,0.006,0.011,0.018,0.081,0.076,0.192
24/04/2019 04:00,0.073,0.073,0.008,0.014,0.012,0.117,0.112,0.278
24/04/2019 05:00,0.409,0.409,0.06,0.071,0.014,0.166,0.161,0.384
24/04/2019 06:00,0.661,0.661,0.109,0.128,0.012,0.158,0.152,0.361
24/04/2019 07:00,0.722,0.722,0.118,0.139,0.012,0.127,0.122,0.299
24/04/2019 08:00,0.724,0.724,0.13,0.153,0.012,0.093,0.089,0.229
24/04/2019 09:00,0.677,0.677,0.141,0.166,0.016,0.054,0.052,0.14
24/04/2019 10:00,0.619,0.619,0.161,0.19,0.024,0.019,0.017,0.055
24/04/2019 11:00,0.568,0.568,0.137,0.162,0.036,0.006,0.005,0.014
24/04/2019 12:00,0.541,0.541,0.105,0.124,0.043,0.001,0.001,0.002
24/04/2019 13:00,0.525,0.525,0.087,0.103,0.046,0.0,0.0,0.0
24/04/2019 14:00,0.517,0.517,0.092,0.108,0.048,0.01,0.008,0.013
24/04/2019 15:00,0.466,0.466,0.09,0.106,0.042,0.058,0.053,0.133
24/04/2019 16:00,0.4,0.4,0.064,0.075,0.043,0.094,0.088,0.24
24/04/2019 17:00,0.285,0.285,0.047,0.056,0.05,0.083,0.078,0.22
24/04/2019 18:00,0.209,0.209,0.039,0.047,0.059,0.074,0.069,0.205
24/04/2019 19:00,0.169,0.169,0.045,0.053,0.059,0.054,0.051,0.157
24/04/2019 20:00,0.156,0.156,0.049,0.058,0.056,0.043,0.04,0.127
24/04/2019 21:00,0.177,0.177,0.051,0.06,0.062,0.034,0.031,0.101
24/04/2019 22:00,0.211,0.211,0.039,0.047,0.083,0.024,0.022,0.077
24/04/2019 23:00,0.238,0.238,0.02,0.027,0.107,0.018,0.015,0.059
25/04/2019 00:00,0.203,0.203,0.018,0.024,0.099,0.012,0.01,0.044
25/04/2019 01:00,0.175,0.175,0.031,0.038,0.071,0.008,0.006,0.032
25/04/2019 02:00,0.117,0.117,0.041,0.05,0.056,0.006,0.004,0.023
25/04/2019 03:00,0.067,0.067,0.051,0.061,0.045,0.004,0.002,0.016
25/04/2019 04:00,0.083,0.083,0.149,0.176,0.045,0.002,0.001,0.005
25/04/2019 05:00,0.215,0.215,0.3,0.352,0.072,0.0,0.0,0.001
25/04/2019 06:00,0.383,0.383,0.384,0.445,0.065,0.0,0.0,0.001
25/04/2019 07:00,0.529,0.529,0.414,0.477,0.06,0.001,0.0,0.001
25/04/2019 08:00,0.639,0.639,0.419,0.483,0.059,0.002,0.002,0.003
25/04/2019 09:00,0.689,0.689,0.4,0.462,0.06,0.007,0.006,0.01
25/04/2019 10:00,0.703,0.703,0.361,0.42,0.064,0.021,0.019,0.034
25/04/2019 11:00,0.703,0.703,0.32,0.374,0.068,0.052,0.049,0.099
25/04/2019 12:00,0.698,0.698,0.285,0.335,0.075,0.088,0.085,0.182
25/04/2019 13:00,0.69,0.69,0.251,0.296,0.088,0.148,0.143,0.314
25/04/2019 14:00,0.633,0.633,0.22,0.259,0.098,0.207,0.2,0.448
25/04/2019 15:00,0.489,0.489,0.173,0.204,0.082,0.198,0.189,0.452
25/04/2019 16:00,0.382,0.382,0.163,0.193,0.087,0.185,0.175,0.432
25/04/2019 17:00,0.288,0.288,0.183,0.216,0.119,0.18,0.172,0.428
25/04/2019 18:00,0.199,0.199,0.203,0.24,0.149,0.179,0.169,0.429
25/04/2019 19:00,0.154,0.154,0.195,0.23,0.173,0.165,0.158,0.414
25/04/2019 20:00,0.135,0.135,0.147,0.173,0.178,0.144,0.137,0.373
25/04/2019 21:00,0.123,0.123,0.132,0.156,0.185,0.122,0.114,0.323
25/04/2019 22:00,0.101,0.101,0.115,0.135,0.159,0.096,0.09,0.264
25/04/2019 23:00,0.062,0.062,0.1,0.117,0.115,0.072,0.067,0.207
26/04/2019 00:00,0.083,0.083,0.075,0.088,0.078,0.042,0.037,0.127
26/04/2019 01:00,0.165,0.165,0.058,0.069,0.066,0.013,0.01,0.044
26/04/2019 02:00,0.145,0.145,0.073,0.085,0.094,0.003,0.002,0.012
26/04/2019 03:00,0.111,0.111,0.101,0.118,0.09,0.002,0.001,0.006
26/04/2019 04:00,0.154,0.154,0.2,0.236,0.12,0.002,0.001,0.005
26/04/2019 05:00,0.272,0.272,0.525,0.593,0.182,0.002,0.001,0.005
26/04/2019 06:00,0.29,0.29,0.616,0.683,0.122,0.002,0.001,0.004
26/04/2019 07:00,0.322,0.322,0.579,0.647,0.072,0.001,0.001,0.002
26/04/2019 08:00,0.4,0.4,0.486,0.554,0.06,0.001,0.0,0.001
26/04/2019 09:00,0.453,0.453,0.398,0.46,0.094,0.001,0.0,0.001
26/04/2019 10:00,0.473,0.473,0.315,0.369,0.133,0.001,0.001,0.002
26/04/2019 11:00,0.477,0.477,0.244,0.288,0.161,0.002,0.002,0.003
26/04/2019 12:00,0.469,0.469,0.214,0.252,0.221,0.007,0.005,0.011
26/04/2019 13:00,0.455,0.455,0.206,0.243,0.331,0.028,0.026,0.057
26/04/2019 14:00,0.433,0.433,0.215,0.254,0.483,0.068,0.064,0.151
26/04/2019 15:00,0.378,0.378,0.221,0.262,0.515,0.092,0.087,0.208
26/04/2019 16:00,0.355,0.355,0.23,0.272,0.448,0.138,0.131,0.3
26/04/2019 17:00,0.302,0.302,0.192,0.226,0.361,0.206,0.198,0.431
26/04/2019 18:00,0.231,0.231,0.134,0.159,0.3,0.183,0.176,0.399
26/04/2019 19:00,0.169,0.169,0.087,0.101,0.242,0.103,0.097,0.248
26/04/2019 20:00,0.123,0.123,0.069,0.081,0.133,0.071,0.067,0.193
26/04/2019 21:00,0.085,0.085,0.042,0.05,0.074,0.067,0.063,0.191
26/04/2019 22:00,0.046,0.046,0.023,0.029,0.04,0.045,0.041,0.135
26/04/2019 23:00,0.027,0.027,0.021,0.028,0.023,0.025,0.022,0.073
27/04/2019 00:00,0.028,0.028,0.034,0.042,0.012,0.015,0.013,0.04
27/04/2019 01:00,0.03,0.03,0.049,0.058,0.008,0.008,0.006,0.022
27/04/2019 02:00,0.03,0.03,0.058,0.068,0.011,0.002,0.001,0.006
27/04/2019 03:00,0.032,0.032,0.064,0.075,0.013,0.002,0.001,0.004
27/04/2019 04:00,0.021,0.021,0.058,0.068,0.023,0.017,0.015,0.044
27/04/2019 05:00,0.03,0.03,0.078,0.091,0.048,0.01,0.009,0.034
27/04/2019 06:00,0.043,0.043,0.061,0.072,0.056,0.001,0.001,0.004
27/04/2019 07:00,0.052,0.052,0.043,0.051,0.064,0.0,0.0,0.001
27/04/2019 08:00,0.064,0.064,0.033,0.041,0.097,0.0,0.0,0.0
27/04/2019 09:00,0.083,0.083,0.027,0.035,0.104,0.0,0.0,0.0
27/04/2019 10:00,0.124,0.124,0.023,0.03,0.088,0.001,0.0,0.0
27/04/2019 11:00,0.192,0.192,0.019,0.025,0.07,0.002,0.001,0.001
27/04/2019 12:00,0.293,0.293,0.013,0.019,0.06,0.006,0.005,0.007
27/04/2019 13:00,0.391,0.391,0.008,0.013,0.042,0.01,0.008,0.013
27/04/2019 14:00,0.446,0.446,0.005,0.01,0.03,0.014,0.012,0.023
27/04/2019 15:00,0.416,0.416,0.009,0.015,0.032,0.019,0.016,0.038
27/04/2019 16:00,0.365,0.365,0.021,0.028,0.047,0.028,0.024,0.058
27/04/2019 17:00,0.244,0.244,0.034,0.042,0.064,0.031,0.027,0.067
27/04/2019 18:00,0.139,0.139,0.046,0.055,0.076,0.032,0.028,0.072
27/04/2019 19:00,0.072,0.072,0.051,0.06,0.08,0.03,0.027,0.072
27/04/2019 20:00,0.041,0.041,0.045,0.053,0.073,0.033,0.03,0.082
27/04/2019 21:00,0.027,0.027,0.036,0.044,0.062,0.034,0.03,0.085
27/04/2019 22:00,0.022,0.022,0.037,0.045,0.039,0.023,0.02,0.058
27/04/2019 23:00,0.026,0.026,0.036,0.044,0.026,0.01,0.008,0.027
28/04/2019 00:00,0.049,0.049,0.033,0.041,0.02,0.005,0.003,0.013
28/04/2019 01:00,0.087,0.087,0.034,0.041,0.019,0.002,0.002,0.007
28/04/2019 02:00,0.105,0.105,0.031,0.039,0.018,0.002,0.001,0.005
28/04/2019 03:00,0.076,0.076,0.021,0.028,0.014,0.002,0.001,0.006
28/04/2019 04:00,0.05,0.05,0.013,0.02,0.015,0.001,0.001,0.003
28/04/2019 05:00,0.079,0.079,0.011,0.017,0.027,0.001,0.001,0.002
28/04/2019 06:00,0.113,0.113,0.019,0.026,0.03,0.0,0.0,0.001
28/04/2019 07:00,0.148,0.148,0.026,0.033,0.026,0.0,0.0,0.0
28/04/2019 08:00,0.204,0.204,0.022,0.029,0.02,0.0,0.0,0.0
28/04/2019 09:00,0.281,0.281,0.02,0.027,0.015,0.001,0.0,0.001
28/04/2019 10:00,0.371,0.371,0.02,0.027,0.01,0.002,0.001,0.002
28/04/2019 11:00,0.438,0.438,0.049,0.059,0.007,0.007,0.006,0.009
28/04/2019 12:00,0.476,0.476,0.061,0.072,0.022,0.019,0.017,0.032
28/04/2019 13:00,0.491,0.491,0.073,0.085,0.099,0.052,0.049,0.1
28/04/2019 14:00,0.476,0.476,0.091,0.107,0.219,0.126,0.121,0.266
28/04/2019 15:00,0.369,0.369,0.106,0.125,0.283,0.197,0.187,0.431
28/04/2019 16:00,0.293,0.293,0.1,0.118,0.303,0.227,0.218,0.495
28/04/2019 17:00,0.217,0.217,0.081,0.095,0.3,0.224,0.216,0.488
28/04/2019 18:00,0.156,0.156,0.068,0.08,0.278,0.215,0.207,0.473
28/04/2019 19:00,0.109,0.109,0.055,0.065,0.212,0.232,0.224,0.5
28/04/2019 20:00,0.078,0.078,0.045,0.053,0.163,0.256,0.248,0.552
28/04/2019 21:00,0.065,0.065,0.036,0.043,0.143,0.293,0.283,0.617
28/04/2019 22:00,0.059,0.059,0.026,0.033,0.132,0.268,0.258,0.572
28/04/2019 23:00,0.045,0.045,0.017,0.024,0.12,0.218,0.21,0.485
29/04/2019 00:00,0.034,0.034,0.012,0.018,0.108,0.159,0.151,0.369
29/04/2019 01:00,0.024,0.024,0.01,0.016,0.095,0.125,0.118,0.31
29/04/2019 02:00,0.016,0.016,0.01,0.015,0.08,0.099,0.092,0.255
29/04/2019 03:00,0.012,0.012,0.008,0.014,0.071,0.105,0.098,0.278
29/04/2019 04:00,0.022,0.022,0.005,0.01,0.147,0.102,0.097,0.257
29/04/2019 05:00,0.098,0.098,0.006,0.011,0.329,0.114,0.11,0.28
29/04/2019 06:00,0.216,0.216,0.008,0.013,0.375,0.111,0.106,0.265
29/04/2019 07:00,0.313,0.313,0.011,0.017,0.359,0.104,0.101,0.247
29/04/2019 08:00,0.392,0.392,0.034,0.042,0.344,0.105,0.102,0.243
29/04/2019 09:00,0.479,0.479,0.084,0.099,0.349,0.119,0.115,0.267
29/04/2019 10:00,0.548,0.548,0.131,0.155,0.371,0.146,0.141,0.324
29/04/2019 11:00,0.585,0.585,0.143,0.169,0.407,0.19,0.185,0.412
29/04/2019 12:00,0.597,0.597,0.143,0.169,0.451,0.247,0.242,0.516
29/04/2019 13:00,0.586,0.586,0.136,0.16,0.504,0.303,0.298,0.609
29/04/2019 14:00,0.544,0.544,0.126,0.148,0.545,0.35,0.344,0.682
29/04/2019 15:00,0.43,0.43,0.098,0.115,0.523,0.347,0.337,0.686
29/04/2019 16:00,0.373,0.373,0.074,0.087,0.464,0.358,0.347,0.7
29/04/2019 17:00,0.314,0.314,0.059,0.07,0.403,0.333,0.324,0.669
29/04/2019 18:00,0.269,0.269,0.04,0.048,0.369,0.35,0.34,0.694
29/04/2019 19:00,0.221,0.221,0.018,0.025,0.373,0.337,0.327,0.676
29/04/2019 20:00,0.178,0.178,0.005,0.01,0.385,0.31,0.301,0.635
29/04/2019 21:00,0.14,0.14,0.001,0.004,0.407,0.258,0.249,0.556
29/04/2019 22:00,0.125,0.125,0.002,0.005,0.418,0.274,0.264,0.584
29/04/2019 23:00,0.128,0.128,0.003,0.007,0.406,0.244,0.234,0.535
30/04/2019 00:00,0.14,0.14,0.005,0.009,0.38,0.203,0.193,0.467
30/04/2019 01:00,0.146,0.146,0.009,0.014,0.371,0.174,0.164,0.409
30/04/2019 02:00,0.155,0.155,0.016,0.023,0.371,0.162,0.153,0.379
30/04/2019 03:00,0.15,0.15,0.025,0.032,0.351,0.154,0.145,0.361
30/04/2019 04:00,0.13,0.13,0.067,0.079,0.479,0.144,0.138,0.327
30/04/2019 05:00,0.3,0.3,0.165,0.195,0.705,0.214,0.208,0.472
30/04/2019 06:00,0.463,0.463,0.21,0.249,0.699,0.237,0.232,0.506
30/04/2019 07:00,0.537,0.537,0.222,0.262,0.667,0.223,0.219,0.476
30/04/2019 08:00,0.577,0.577,0.214,0.252,0.646,0.202,0.198,0.436
30/04/2019 09:00,0.624,0.624,0.195,0.23,0.634,0.2,0.196,0.432
30/04/2019 10:00,0.662,0.662,0.173,0.205,0.633,0.23,0.226,0.488
30/04/2019 11:00,0.688,0.688,0.157,0.186,0.639,0.272,0.268,0.561
30/04/2019 12:00,0.705,0.705,0.146,0.173,0.654,0.317,0.311,0.629
30/04/2019 13:00,0.714,0.714,0.133,0.157,0.672,0.353,0.349,0.682
30/04/2019 14:00,0.697,0.697,0.116,0.137,0.682,0.369,0.363,0.707
30/04/2019 15:00,0.599,0.599,0.077,0.091,0.623,0.331,0.322,0.672
30/04/2019 16:00,0.548,0.548,0.039,0.048,0.554,0.327,0.316,0.665
30/04/2019 17:00,0.499,0.499,0.025,0.032,0.52,0.317,0.306,0.647
30/04/2019 18:00,0.442,0.442,0.027,0.034,0.481,0.283,0.273,0.6
30/04/2019 19:00,0.367,0.367,0.029,0.036,0.419,0.273,0.264,0.59
30/04/2019 20:00,0.271,0.271,0.022,0.029,0.373,0.268,0.258,0.583
30/04/2019 21:00,0.185,0.185,0.01,0.016,0.341,0.236,0.227,0.526
30/04/2019 22:00,0.134,0.134,0.006,0.011,0.333,0.188,0.179,0.438
30/04/2019 23:00,0.095,0.095,0.008,0.014,0.329,0.178,0.169,0.418
01/05/2019 00:00,0.063,0.063,0.014,0.02,0.307,0.172,0.162,0.409
01/05/2019 01:00,0.046,0.046,0.023,0.03,0.279,0.166,0.158,0.397
01/05/2019 02:00,0.032,0.032,0.032,0.04,0.256,0.154,0.145,0.366
01/05/2019 03:00,0.019,0.019,0.037,0.045,0.238,0.165,0.157,0.387
01/05/2019 04:00,0.026,0.026,0.068,0.08,0.36,0.198,0.192,0.437
01/05/2019 05:00,0.173,0.173,0.164,0.194,0.661,0.253,0.249,0.534
01/05/2019 06:00,0.35,0.35,0.185,0.218,0.696,0.262,0.257,0.543
01/05/2019 07:00,0.499,0.499,0.192,0.227,0.677,0.246,0.241,0.514
01/05/2019 08:00,0.591,0.591,0.2,0.237,0.642,0.218,0.213,0.461
01/05/2019 09:00,0.636,0.636,0.198,0.234,0.597,0.206,0.202,0.439
01/05/2019 10:00,0.664,0.664,0.183,0.216,0.56,0.21,0.206,0.447
01/05/2019 11:00,0.683,0.683,0.166,0.196,0.534,0.226,0.222,0.481
01/05/2019 12:00,0.694,0.694,0.152,0.179,0.526,0.249,0.244,0.523
01/05/2019 13:00,0.686,0.686,0.141,0.166,0.535,0.275,0.27,0.569
01/05/2019 14:00,0.65,0.65,0.134,0.158,0.564,0.313,0.306,0.631
01/05/2019 15:00,0.529,0.529,0.112,0.132,0.564,0.304,0.293,0.636
01/05/2019 16:00,0.47,0.47,0.078,0.092,0.554,0.31,0.299,0.651
01/05/2019 17:00,0.425,0.425,0.046,0.055,0.512,0.306,0.296,0.64
01/05/2019 18:00,0.374,0.374,0.03,0.037,0.467,0.285,0.275,0.61
01/05/2019 19:00,0.27,0.27,0.021,0.027,0.375,0.246,0.236,0.548
01/05/2019 20:00,0.172,0.172,0.02,0.027,0.333,0.201,0.192,0.47
01/05/2019 21:00,0.108,0.108,0.021,0.028,0.283,0.157,0.148,0.387
01/05/2019 22:00,0.09,0.09,0.021,0.028,0.257,0.121,0.113,0.299
01/05/2019 23:00,0.082,0.082,0.017,0.024,0.246,0.115,0.109,0.287
02/05/2019 00:00,0.062,0.062,0.014,0.02,0.202,0.115,0.108,0.289
02/05/2019 01:00,0.051,0.051,0.013,0.019,0.134,0.116,0.109,0.289
02/05/2019 02:00,0.052,0.052,0.016,0.022,0.095,0.122,0.114,0.299
02/05/2019 03:00,0.058,0.058,0.018,0.025,0.079,0.118,0.11,0.29
02/05/2019 04:00,0.063,0.063,0.014,0.02,0.179,0.14,0.133,0.324
02/05/2019 05:00,0.234,0.234,0.065,0.076,0.332,0.154,0.15,0.353
02/05/2019 06:00,0.382,0.382,0.063,0.074,0.297,0.11,0.106,0.254
02/05/2019 07:00,0.456,0.456,0.077,0.09,0.282,0.068,0.065,0.153
02/05/2019 08:00,0.509,0.509,0.108,0.127,0.29,0.038,0.036,0.082
02/05/2019 09:00,0.541,0.541,0.145,0.171,0.303,0.026,0.024,0.055
02/05/2019 10:00,0.569,0.569,0.177,0.209,0.324,0.03,0.028,0.063
02/05/2019 11:00,0.594,0.594,0.195,0.23,0.355,0.046,0.044,0.099
02/05/2019 12:00,0.618,0.618,0.2,0.236,0.401,0.068,0.065,0.153
02/05/2019 13:00,0.637,0.637,0.198,0.233,0.455,0.107,0.104,0.248
02/05/2019 14:00,0.617,0.617,0.188,0.222,0.521,0.174,0.167,0.4
02/05/2019 15:00,0.513,0.513,0.145,0.171,0.555,0.256,0.247,0.578
02/05/2019 16:00,0.447,0.447,0.099,0.116,0.525,0.327,0.316,0.679
02/05/2019 17:00,0.345,0.345,0.071,0.083,0.506,0.331,0.321,0.673
02/05/2019 18:00,0.251,0.251,0.063,0.074,0.554,0.303,0.293,0.632
02/05/2019 19:00,0.17,0.17,0.054,0.064,0.557,0.256,0.246,0.558
02/05/2019 20:00,0.106,0.106,0.042,0.051,0.557,0.221,0.213,0.503
02/05/2019 21:00,0.064,0.064,0.042,0.051,0.539,0.161,0.154,0.387
02/05/2019 22:00,0.043,0.043,0.045,0.053,0.483,0.125,0.119,0.293
02/05/2019 23:00,0.036,0.036,0.053,0.062,0.442,0.114,0.108,0.278
03/05/2019 00:00,0.03,0.03,0.078,0.091,0.392,0.087,0.081,0.219
03/05/2019 01:00,0.024,0.024,0.109,0.128,0.331,0.054,0.049,0.142
03/05/2019 02:00,0.022,0.022,0.137,0.161,0.26,0.033,0.03,0.094
03/05/2019 03:00,0.022,0.022,0.143,0.168,0.179,0.028,0.025,0.081
03/05/2019 04:00,0.044,0.044,0.134,0.157,0.242,0.032,0.03,0.087
03/05/2019 05:00,0.182,0.182,0.241,0.285,0.396,0.053,0.051,0.135
03/05/2019 06:00,0.272,0.272,0.164,0.194,0.355,0.068,0.065,0.16
03/05/2019 07:00,0.354,0.354,0.132,0.155,0.318,0.065,0.061,0.143
03/05/2019 08:00,0.436,0.436,0.133,0.157,0.295,0.061,0.059,0.133
03/05/2019 09:00,0.499,0.499,0.138,0.162,0.277,0.065,0.062,0.136
03/05/2019 10:00,0.559,0.559,0.144,0.17,0.273,0.078,0.075,0.164
03/05/2019 11:00,0.615,0.615,0.148,0.174,0.277,0.097,0.094,0.21
03/05/2019 12:00,0.649,0.649,0.147,0.173,0.29,0.127,0.123,0.283
03/05/2019 13:00,0.66,0.66,0.144,0.17,0.318,0.166,0.161,0.372
03/05/2019 14:00,0.609,0.609,0.142,0.167,0.368,0.213,0.207,0.477
03/05/2019 15:00,0.496,0.496,0.11,0.129,0.398,0.229,0.22,0.525
03/05/2019 16:00,0.393,0.393,0.061,0.072,0.415,0.232,0.223,0.541
03/05/2019 17:00,0.262,0.262,0.028,0.035,0.369,0.241,0.232,0.559
03/05/2019 18:00,0.163,0.163,0.019,0.026,0.369,0.241,0.232,0.547
03/05/2019 19:00,0.123,0.123,0.019,0.025,0.392,0.221,0.211,0.505
03/05/2019 20:00,0.09,0.09,0.02,0.027,0.455,0.197,0.188,0.459
03/05/2019 21:00,0.081,0.081,0.028,0.035,0.505,0.159,0.152,0.384
03/05/2019 22:00,0.08,0.08,0.043,0.051,0.544,0.122,0.114,0.301
03/05/2019 23:00,0.08,0.08,0.063,0.075,0.52,0.116,0.109,0.298
04/05/2019 00:00,0.079,0.079,0.09,0.106,0.462,0.108,0.101,0.278
04/05/2019 01:00,0.059,0.059,0.125,0.148,0.46,0.088,0.081,0.23
04/05/2019 02:00,0.032,0.032,0.173,0.205,0.47,0.073,0.067,0.192
04/05/2019 03:00,0.015,0.015,0.172,0.203,0.494,0.071,0.065,0.186
04/05/2019 04:00,0.01,0.01,0.18,0.213,0.626,0.074,0.07,0.177
04/05/2019 05:00,0.055,0.055,0.415,0.478,0.706,0.115,0.11,0.268
04/05/2019 06:00,0.133,0.133,0.426,0.49,0.701,0.149,0.145,0.332
04/05/2019 07:00,0.231,0.231,0.38,0.44,0.65,0.159,0.154,0.344
04/05/2019 08:00,0.342,0.342,0.34,0.397,0.597,0.159,0.155,0.344
04/05/2019 09:00,0.447,0.447,0.317,0.371,0.543,0.152,0.147,0.329
04/05/2019 10:00,0.527,0.527,0.294,0.345,0.516,0.154,0.151,0.337
04/05/2019 11:00,0.583,0.583,0.273,0.321,0.52,0.167,0.163,0.369
04/05/2019 12:00,0.615,0.615,0.253,0.298,0.544,0.186,0.182,0.414
04/05/2019 13:00,0.628,0.628,0.232,0.273,0.586,0.223,0.218,0.49
04/05/2019 14:00,0.626,0.626,0.205,0.242,0.642,0.285,0.278,0.6
04/05/2019 15:00,0.567,0.567,0.141,0.166,0.658,0.324,0.316,0.665
04/05/2019 16:00,0.567,0.567,0.106,0.125,0.658,0.349,0.34,0.694
04/05/2019 17:00,0.525,0.525,0.096,0.113,0.633,0.363,0.354,0.703
04/05/2019 18:00,0.468,0.468,0.109,0.128,0.707,0.313,0.306,0.627
04/05/2019 19:00,0.4,0.4,0.125,0.147,0.731,0.304,0.296,0.61
04/05/2019 20:00,0.333,0.333,0.119,0.14,0.716,0.29,0.281,0.6
04/05/2019 21:00,0.259,0.259,0.108,0.127,0.693,0.275,0.267,0.594
04/05/2019 22:00,0.169,0.169,0.104,0.122,0.657,0.246,0.237,0.552
04/05/2019 23:00,0.087,0.087,0.107,0.125,0.665,0.186,0.179,0.438
05/05/2019 00:00,0.041,0.041,0.109,0.128,0.63,0.146,0.139,0.353
05/05/2019 01:00,0.027,0.027,0.117,0.137,0.596,0.121,0.113,0.302
05/05/2019 02:00,0.024,0.024,0.125,0.147,0.587,0.092,0.085,0.244
05/05/2019 03:00,0.027,0.027,0.127,0.15,0.61,0.069,0.064,0.191
05/05/2019 04:00,0.054,0.054,0.127,0.15,0.753,0.069,0.065,0.18
05/05/2019 05:00,0.229,0.229,0.348,0.406,0.844,0.122,0.116,0.289
05/05/2019 06:00,0.38,0.38,0.39,0.452,0.871,0.174,0.169,0.389
05/05/2019 07:00,0.491,0.491,0.385,0.446,0.865,0.187,0.182,0.401
05/05/2019 08:00,0.571,0.571,0.36,0.419,0.835,0.178,0.174,0.378
05/05/2019 09:00,0.627,0.627,0.336,0.392,0.791,0.169,0.164,0.364
05/05/2019 10:00,0.66,0.66,0.312,0.366,0.755,0.18,0.175,0.393
05/05/2019 11:00,0.673,0.673,0.285,0.335,0.737,0.2,0.195,0.437
05/05/2019 12:00,0.669,0.669,0.254,0.299,0.728,0.221,0.216,0.482
05/05/2019 13:00,0.664,0.664,0.22,0.259,0.699,0.244,0.238,0.527
05/05/2019 14:00,0.647,0.647,0.185,0.219,0.64,0.262,0.256,0.564
05/05/2019 15:00,0.559,0.559,0.121,0.143,0.518,0.221,0.211,0.509
05/05/2019 16:00,0.528,0.528,0.08,0.094,0.394,0.188,0.179,0.452
05/05/2019 17:00,0.497,0.497,0.063,0.074,0.279,0.171,0.162,0.425
05/05/2019 18:00,0.502,0.502,0.067,0.079,0.227,0.196,0.187,0.474
05/05/2019 19:00,0.473,0.473,0.086,0.101,0.203,0.279,0.27,0.62
05/05/2019 20:00,0.392,0.392,0.091,0.107,0.21,0.242,0.234,0.535
05/05/2019 21:00,0.273,0.273,0.084,0.098,0.239,0.109,0.104,0.25
05/05/2019 22:00,0.165,0.165,0.078,0.091,0.254,0.068,0.064,0.179
05/05/2019 23:00,0.104,0.104,0.071,0.084,0.247,0.123,0.117,0.364
06/05/2019 00:00,0.068,0.068,0.066,0.078,0.219,0.193,0.185,0.484
06/05/2019 01:00,0.045,0.045,0.065,0.077,0.185,0.155,0.147,0.334
06/05/2019 02:00,0.04,0.04,0.065,0.076,0.165,0.107,0.101,0.231
06/05/2019 03:00,0.042,0.042,0.068,0.08,0.158,0.072,0.067,0.179
06/05/2019 04:00,0.091,0.091,0.098,0.115,0.398,0.071,0.067,0.185
06/05/2019 05:00,0.271,0.271,0.305,0.357,0.571,0.161,0.155,0.39
06/05/2019 06:00,0.37,0.37,0.306,0.359,0.578,0.235,0.229,0.508
06/05/2019 07:00,0.433,0.433,0.263,0.31,0.56,0.234,0.228,0.489
06/05/2019 08:00,0.479,0.479,0.228,0.269,0.55,0.209,0.204,0.443
06/05/2019 09:00,0.528,0.528,0.208,0.246,0.557,0.196,0.192,0.424
06/05/2019 10:00,0.583,0.583,0.194,0.23,0.572,0.202,0.198,0.438
06/05/2019 11:00,0.625,0.625,0.183,0.216,0.593,0.218,0.212,0.47
06/05/2019 12:00,0.652,0.652,0.172,0.204,0.613,0.238,0.234,0.508
06/05/2019 13:00,0.659,0.659,0.164,0.193,0.622,0.269,0.264,0.564
06/05/2019 14:00,0.639,0.639,0.159,0.188,0.622,0.3,0.293,0.617
06/05/2019 15:00,0.551,0.551,0.131,0.155,0.57,0.326,0.315,0.673
06/05/2019 16:00,0.523,0.523,0.092,0.108,0.508,0.361,0.35,0.71
06/05/2019 17:00,0.486,0.486,0.068,0.08,0.5,0.289,0.278,0.606
06/05/2019 18:00,0.45,0.45,0.063,0.074,0.501,0.193,0.182,0.442
06/05/2019 19:00,0.426,0.426,0.07,0.082,0.5,0.135,0.127,0.336
06/05/2019 20:00,0.41,0.41,0.069,0.082,0.505,0.125,0.118,0.322
06/05/2019 21:00,0.33,0.33,0.058,0.068,0.489,0.142,0.134,0.36
06/05/2019 22:00,0.232,0.232,0.049,0.058,0.483,0.151,0.142,0.369
06/05/2019 23:00,0.158,0.158,0.043,0.052,0.352,0.162,0.153,0.391
07/05/2019 00:00,0.116,0.116,0.037,0.045,0.332,0.196,0.186,0.452
07/05/2019 01:00,0.087,0.087,0.033,0.041,0.369,0.189,0.181,0.436
07/05/2019 02:00,0.066,0.066,0.031,0.039,0.39,0.136,0.128,0.325
07/05/2019 03:00,0.057,0.057,0.033,0.041,0.373,0.108,0.101,0.276
07/05/2019 04:00,0.075,0.075,0.034,0.042,0.519,0.132,0.126,0.318
07/05/2019 05:00,0.242,0.242,0.122,0.144,0.717,0.194,0.188,0.437
07/05/2019 06:00,0.409,0.409,0.15,0.177,0.651,0.213,0.208,0.466
07/05/2019 07:00,0.512,0.512,0.156,0.184,0.508,0.224,0.22,0.478
07/05/2019 08:00,0.552,0.552,0.161,0.19,0.428,0.239,0.234,0.5
07/05/2019 09:00,0.574,0.574,0.161,0.19,0.381,0.229,0.224,0.483
07/05/2019 10:00,0.576,0.576,0.152,0.179,0.342,0.208,0.204,0.446
07/05/2019 11:00,0.567,0.567,0.141,0.167,0.315,0.193,0.187,0.417
07/05/2019 12:00,0.571,0.571,0.135,0.159,0.301,0.175,0.17,0.385
07/05/2019 13:00,0.584,0.584,0.127,0.15,0.307,0.165,0.16,0.369
07/05/2019 14:00,0.589,0.589,0.126,0.148,0.339,0.169,0.163,0.384
07/05/2019 15:00,0.54,0.54,0.115,0.136,0.365,0.202,0.191,0.481
07/05/2019 16:00,0.543,0.543,0.089,0.105,0.409,0.297,0.284,0.645
07/05/2019 17:00,0.503,0.503,0.066,0.078,0.428,0.344,0.331,0.704
07/05/2019 18:00,0.416,0.416,0.056,0.067,0.5,0.276,0.265,0.611
07/05/2019 19:00,0.267,0.267,0.049,0.058,0.593,0.171,0.161,0.423
07/05/2019 20:00,0.147,0.147,0.042,0.05,0.761,0.113,0.106,0.298
07/05/2019 21:00,0.104,0.104,0.04,0.048,0.737,0.075,0.069,0.202
07/05/2019 22:00,0.101,0.101,0.026,0.033,0.658,0.09,0.084,0.239
07/05/2019 23:00,0.093,0.093,0.018,0.025,0.635,0.123,0.116,0.311
08/05/2019 00:00,0.086,0.086,0.018,0.024,0.621,0.135,0.127,0.336
08/05/2019 01:00,0.068,0.068,0.02,0.026,0.601,0.126,0.119,0.312
08/05/2019 02:00,0.045,0.045,0.023,0.03,0.573,0.111,0.104,0.275
08/05/2019 03:00,0.027,0.027,0.027,0.034,0.504,0.078,0.071,0.193
08/05/2019 04:00,0.057,0.057,0.047,0.056,0.471,0.072,0.068,0.164
08/05/2019 05:00,0.174,0.174,0.113,0.133,0.453,0.079,0.076,0.179
08/05/2019 06:00,0.28,0.28,0.104,0.122,0.392,0.078,0.075,0.172
08/05/2019 07:00,0.377,0.377,0.094,0.11,0.292,0.078,0.075,0.17
08/05/2019 08:00,0.443,0.443,0.1,0.118,0.193,0.081,0.078,0.179
08/05/2019 09:00,0.506,0.506,0.115,0.136,0.133,0.082,0.079,0.181
08/05/2019 10:00,0.574,0.574,0.131,0.154,0.11,0.082,0.078,0.179
08/05/2019 11:00,0.623,0.623,0.138,0.163,0.111,0.08,0.078,0.177
08/05/2019 12:00,0.65,0.65,0.143,0.169,0.123,0.08,0.077,0.179
08/05/2019 13:00,0.652,0.652,0.15,0.177,0.151,0.087,0.083,0.202
08/05/2019 14:00,0.625,0.625,0.166,0.196,0.198,0.109,0.104,0.267
08/05/2019 15:00,0.523,0.523,0.152,0.179,0.227,0.162,0.152,0.425
08/05/2019 16:00,0.489,0.489,0.098,0.115,0.279,0.256,0.243,0.606
08/05/2019 17:00,0.454,0.454,0.068,0.079,0.314,0.315,0.304,0.69
08/05/2019 18:00,0.402,0.402,0.063,0.075,0.342,0.262,0.251,0.596
08/05/2019 19:00,0.371,0.371,0.082,0.096,0.417,0.208,0.2,0.482
08/05/2019 20:00,0.36,0.36,0.114,0.134,0.481,0.152,0.145,0.354
08/05/2019 21:00,0.352,0.352,0.183,0.216,0.61,0.092,0.087,0.217
08/05/2019 22:00,0.3,0.3,0.18,0.213,0.69,0.056,0.052,0.133
08/05/2019 23:00,0.215,0.215,0.098,0.114,0.651,0.045,0.041,0.108
09/05/2019 00:00,0.134,0.134,0.089,0.104,0.598,0.039,0.036,0.096
09/05/2019 01:00,0.096,0.096,0.124,0.146,0.56,0.029,0.026,0.067
09/05/2019 02:00,0.072,0.072,0.087,0.102,0.534,0.014,0.012,0.032
09/05/2019 03:00,0.036,0.036,0.058,0.068,0.518,0.004,0.003,0.009
09/05/2019 04:00,0.031,0.031,0.113,0.133,0.604,0.004,0.003,0.008
09/05/2019 05:00,0.105,0.105,0.269,0.316,0.69,0.02,0.018,0.04
09/05/2019 06:00,0.242,0.242,0.28,0.329,0.668,0.034,0.031,0.068
09/05/2019 07:00,0.336,0.336,0.279,0.328,0.56,0.042,0.04,0.085
09/05/2019 08:00,0.383,0.383,0.283,0.332,0.41,0.048,0.045,0.096
09/05/2019 09:00,0.418,0.418,0.263,0.31,0.296,0.048,0.046,0.099
09/05/2019 10:00,0.485,0.485,0.22,0.26,0.252,0.049,0.047,0.103
09/05/2019 11:00,0.561,0.561,0.176,0.208,0.249,0.053,0.05,0.111
09/05/2019 12:00,0.618,0.618,0.143,0.169,0.26,0.057,0.055,0.123
09/05/2019 13:00,0.645,0.645,0.119,0.141,0.283,0.069,0.066,0.153
09/05/2019 14:00,0.625,0.625,0.109,0.128,0.318,0.092,0.087,0.209
09/05/2019 15:00,0.536,0.536,0.118,0.139,0.324,0.129,0.121,0.324
09/05/2019 16:00,0.422,0.422,0.152,0.179,0.334,0.185,0.174,0.452
09/05/2019 17:00,0.288,0.288,0.166,0.196,0.331,0.216,0.205,0.515
09/05/2019 18:00,0.178,0.178,0.151,0.178,0.307,0.212,0.202,0.509
09/05/2019 19:00,0.11,0.11,0.104,0.122,0.285,0.182,0.174,0.447
09/05/2019 20:00,0.079,0.079,0.063,0.074,0.267,0.116,0.109,0.295
09/05/2019 21:00,0.068,0.068,0.042,0.051,0.258,0.069,0.064,0.178
09/05/2019 22:00,0.062,0.062,0.028,0.035,0.324,0.068,0.063,0.184
09/05/2019 23:00,0.058,0.058,0.016,0.023,0.339,0.078,0.071,0.207
10/05/2019 00:00,0.042,0.042,0.006,0.011,0.305,0.106,0.099,0.272
10/05/2019 01:00,0.033,0.033,0.001,0.004,0.268,0.132,0.125,0.324
10/05/2019 02:00,0.033,0.033,0.0,0.002,0.222,0.131,0.124,0.311
10/05/2019 03:00,0.032,0.032,0.001,0.003,0.189,0.138,0.13,0.321
10/05/2019 04:00,0.047,0.047,0.001,0.003,0.33,0.191,0.185,0.432
10/05/2019 05:00,0.136,0.136,0.027,0.034,0.465,0.268,0.261,0.567
10/05/2019 06:00,0.232,0.232,0.058,0.069,0.47,0.29,0.285,0.6
10/05/2019 07:00,0.317,0.317,0.076,0.089,0.445,0.271,0.266,0.565
10/05/2019 08:00,0.367,0.367,0.087,0.102,0.432,0.242,0.237,0.51
10/05/2019 09:00,0.4,0.4,0.077,0.091,0.433,0.215,0.211,0.456
10/05/2019 10:00,0.421,0.421,0.063,0.074,0.428,0.202,0.198,0.429
10/05/2019 11:00,0.445,0.445,0.066,0.077,0.408,0.196,0.191,0.416
10/05/2019 12:00,0.496,0.496,0.098,0.115,0.396,0.198,0.193,0.422
10/05/2019 13:00,0.56,0.56,0.112,0.131,0.401,0.211,0.205,0.452
10/05/2019 14:00,0.606,0.606,0.122,0.144,0.416,0.225,0.219,0.489
10/05/2019 15:00,0.57,0.57,0.126,0.149,0.377,0.229,0.218,0.53
10/05/2019 16:00,0.564,0.564,0.114,0.134,0.328,0.276,0.264,0.62
10/05/2019 17:00,0.495,0.495,0.091,0.107,0.27,0.329,0.316,0.682
10/05/2019 18:00,0.392,0.392,0.077,0.09,0.252,0.344,0.331,0.698
10/05/2019 19:00,0.306,0.306,0.067,0.078,0.249,0.285,0.272,0.614
10/05/2019 20:00,0.224,0.224,0.052,0.061,0.25,0.265,0.252,0.584
10/05/2019 21:00,0.171,0.171,0.033,0.04,0.25,0.246,0.234,0.555
10/05/2019 22:00,0.136,0.136,0.019,0.026,0.23,0.223,0.212,0.516
10/05/2019 23:00,0.086,0.086,0.013,0.019,0.219,0.155,0.146,0.395
11/05/2019 00:00,0.054,0.054,0.009,0.014,0.21,0.086,0.079,0.236
11/05/2019 01:00,0.031,0.031,0.006,0.011,0.203,0.053,0.048,0.147
11/05/2019 02:00,0.013,0.013,0.006,0.011,0.181,0.04,0.036,0.114
11/05/2019 03:00,0.005,0.005,0.007,0.012,0.16,0.034,0.031,0.101
11/05/2019 04:00,0.02,0.02,0.015,0.021,0.27,0.045,0.041,0.109
11/05/2019 05:00,0.106,0.106,0.075,0.088,0.476,0.176,0.17,0.399
11/05/2019 06:00,0.22,0.22,0.116,0.136,0.493,0.216,0.211,0.464
11/05/2019 07:00,0.345,0.345,0.143,0.168,0.504,0.225,0.221,0.474
11/05/2019 08:00,0.461,0.461,0.156,0.184,0.527,0.226,0.222,0.473
11/05/2019 09:00,0.541,0.541,0.168,0.198,0.544,0.22,0.216,0.46
11/05/2019 10:00,0.593,0.593,0.176,0.208,0.556,0.21,0.205,0.445
11/05/2019 11:00,0.63,0.63,0.186,0.22,0.559,0.194,0.189,0.423
11/05/2019 12:00,0.658,0.658,0.196,0.232,0.56,0.172,0.166,0.387
11/05/2019 13:00,0.671,0.671,0.204,0.242,0.564,0.145,0.141,0.342
11/05/2019 14:00,0.66,0.66,0.212,0.251,0.564,0.121,0.114,0.305
11/05/2019 15:00,0.534,0.534,0.164,0.194,0.49,0.119,0.11,0.337
11/05/2019 16:00,0.426,0.426,0.105,0.123,0.422,0.181,0.171,0.5
11/05/2019 17:00,0.311,0.311,0.074,0.087,0.356,0.234,0.223,0.579
11/05/2019 18:00,0.186,0.186,0.056,0.066,0.297,0.217,0.206,0.509
11/05/2019 19:00,0.114,0.114,0.05,0.06,0.257,0.168,0.159,0.398
11/05/2019 20:00,0.097,0.097,0.05,0.059,0.266,0.18,0.172,0.437
11/05/2019 21:00,0.12,0.12,0.049,0.058,0.305,0.201,0.192,0.482
11/05/2019 22:00,0.135,0.135,0.037,0.046,0.388,0.189,0.181,0.447
11/05/2019 23:00,0.085,0.085,0.023,0.03,0.441,0.139,0.131,0.339
12/05/2019 00:00,0.046,0.046,0.013,0.019,0.374,0.079,0.072,0.198
12/05/2019 01:00,0.034,0.034,0.008,0.013,0.306,0.039,0.035,0.109
12/05/2019 02:00,0.019,0.019,0.005,0.01,0.247,0.019,0.016,0.056
12/05/2019 03:00,0.007,0.007,0.004,0.008,0.205,0.009,0.008,0.031
12/05/2019 04:00,0.016,0.016,0.044,0.052,0.293,0.012,0.01,0.033
12/05/2019 05:00,0.062,0.062,0.152,0.179,0.358,0.047,0.044,0.117
12/05/2019 06:00,0.097,0.097,0.188,0.222,0.366,0.069,0.066,0.163
12/05/2019 07:00,0.14,0.14,0.178,0.211,0.348,0.081,0.078,0.182
12/05/2019 08:00,0.2,0.2,0.166,0.197,0.307,0.096,0.093,0.212
12/05/2019 09:00,0.262,0.262,0.147,0.174,0.266,0.111,0.107,0.241
12/05/2019 10:00,0.325,0.325,0.123,0.144,0.239,0.123,0.119,0.267
12/05/2019 11:00,0.41,0.41,0.101,0.119,0.223,0.138,0.133,0.3
12/05/2019 12:00,0.499,0.499,0.087,0.102,0.219,0.154,0.15,0.339
12/05/2019 13:00,0.577,0.577,0.081,0.095,0.232,0.175,0.17,0.39
12/05/2019 14:00,0.633,0.633,0.086,0.1,0.253,0.206,0.2,0.463
12/05/2019 15:00,0.611,0.611,0.102,0.12,0.237,0.232,0.222,0.545
12/05/2019 16:00,0.615,0.615,0.09,0.105,0.263,0.296,0.284,0.646
12/05/2019 17:00,0.58,0.58,0.069,0.081,0.333,0.327,0.315,0.681
12/05/2019 18:00,0.503,0.503,0.064,0.075,0.39,0.275,0.263,0.601
12/05/2019 19:00,0.391,0.391,0.063,0.075,0.382,0.21,0.2,0.497
12/05/2019 20:00,0.252,0.252,0.054,0.064,0.351,0.138,0.129,0.349
12/05/2019 21:00,0.143,0.143,0.042,0.051,0.36,0.089,0.083,0.234
12/05/2019 22:00,0.086,0.086,0.039,0.047,0.355,0.053,0.048,0.143
12/05/2019 23:00,0.067,0.067,0.031,0.039,0.343,0.027,0.024,0.077
13/05/2019 00:00,0.061,0.061,0.02,0.027,0.335,0.021,0.018,0.062
13/05/2019 01:00,0.058,0.058,0.013,0.019,0.307,0.017,0.014,0.045
13/05/2019 02:00,0.047,0.047,0.012,0.018,0.268,0.014,0.012,0.036
13/05/2019 03:00,0.041,0.041,0.015,0.021,0.227,0.009,0.007,0.02
13/05/2019 04:00,0.075,0.075,0.056,0.066,0.303,0.009,0.007,0.017
13/05/2019 05:00,0.178,0.178,0.137,0.161,0.437,0.013,0.011,0.024
13/05/2019 06:00,0.28,0.28,0.174,0.205,0.452,0.024,0.023,0.044
13/05/2019 07:00,0.392,0.392,0.198,0.234,0.414,0.049,0.047,0.093
13/05/2019 08:00,0.499,0.499,0.214,0.253,0.37,0.074,0.071,0.149
13/05/2019 09:00,0.597,0.597,0.214,0.252,0.339,0.096,0.093,0.197
13/05/2019 10:00,0.669,0.669,0.194,0.23,0.31,0.126,0.122,0.262
13/05/2019 11:00,0.713,0.713,0.167,0.197,0.278,0.164,0.16,0.343
13/05/2019 12:00,0.732,0.732,0.142,0.167,0.258,0.208,0.203,0.432
13/05/2019 13:00,0.713,0.713,0.127,0.149,0.267,0.265,0.259,0.538
13/05/2019 14:00,0.646,0.646,0.128,0.151,0.318,0.325,0.319,0.64
13/05/2019 15:00,0.49,0.49,0.125,0.147,0.351,0.3,0.29,0.626
13/05/2019 16:00,0.357,0.357,0.096,0.113,0.418,0.244,0.234,0.546
13/05/2019 17:00,0.273,0.273,0.054,0.064,0.437,0.218,0.209,0.494
13/05/2019 18:00,0.208,0.208,0.022,0.029,0.395,0.18,0.172,0.413
13/05/2019 19:00,0.138,0.138,0.007,0.012,0.413,0.136,0.129,0.315
13/05/2019 20:00,0.089,0.089,0.004,0.009,0.425,0.121,0.114,0.29
13/05/2019 21:00,0.06,0.06,0.005,0.009,0.423,0.223,0.215,0.515
13/05/2019 22:00,0.045,0.045,0.005,0.009,0.433,0.329,0.319,0.67
13/05/2019 23:00,0.029,0.029,0.004,0.008,0.468,0.31,0.3,0.637
14/05/2019 00:00,0.017,0.017,0.003,0.007,0.505,0.227,0.219,0.5
14/05/2019 01:00,0.011,0.011,0.002,0.006,0.483,0.164,0.156,0.375
14/05/2019 02:00,0.009,0.009,0.003,0.007,0.495,0.113,0.106,0.264
14/05/2019 03:00,0.004,0.004,0.005,0.01,0.474,0.103,0.096,0.237
14/05/2019 04:00,0.012,0.012,0.027,0.034,0.639,0.142,0.136,0.313
14/05/2019 05:00,0.055,0.055,0.075,0.087,0.733,0.215,0.209,0.46
14/05/2019 06:00,0.113,0.113,0.093,0.109,0.704,0.239,0.234,0.503
14/05/2019 07:00,0.183,0.183,0.111,0.131,0.593,0.23,0.225,0.485
14/05/2019 08:00,0.278,0.278,0.119,0.14,0.469,0.217,0.212,0.459
14/05/2019 09:00,0.386,0.386,0.117,0.138,0.38,0.2,0.196,0.432
14/05/2019 10:00,0.487,0.487,0.113,0.133,0.355,0.198,0.193,0.428
14/05/2019 11:00,0.571,0.571,0.115,0.135,0.371,0.215,0.211,0.459
14/05/2019 12:00,0.625,0.625,0.125,0.148,0.401,0.251,0.247,0.525
14/05/2019 13:00,0.645,0.645,0.132,0.155,0.437,0.3,0.296,0.606
14/05/2019 14:00,0.639,0.639,0.134,0.158,0.474,0.342,0.336,0.673
14/05/2019 15:00,0.563,0.563,0.135,0.16,0.457,0.383,0.371,0.741
14/05/2019 16:00,0.532,0.532,0.115,0.135,0.414,0.473,0.462,0.819
14/05/2019 17:00,0.474,0.474,0.073,0.086,0.369,0.448,0.437,0.789
14/05/2019 18:00,0.369,0.369,0.045,0.054,0.365,0.354,0.344,0.695
14/05/2019 19:00,0.242,0.242,0.03,0.038,0.394,0.284,0.273,0.614
14/05/2019 20:00,0.124,0.124,0.019,0.025,0.475,0.219,0.209,0.512
14/05/2019 21:00,0.053,0.053,0.007,0.013,0.556,0.189,0.18,0.464
14/05/2019 22:00,0.018,0.018,0.002,0.005,0.593,0.16,0.151,0.395
14/05/2019 23:00,0.002,0.002,0.001,0.003,0.523,0.127,0.12,0.313
15/05/2019 00:00,0.0,0.0,0.002,0.005,0.451,0.105,0.097,0.257
15/05/2019 01:00,0.004,0.004,0.003,0.007,0.388,0.111,0.104,0.274
15/05/2019 02:00,0.011,0.011,0.005,0.01,0.339,0.114,0.106,0.28
15/05/2019 03:00,0.012,0.012,0.005,0.01,0.305,0.096,0.089,0.232
15/05/2019 04:00,0.006,0.006,0.001,0.004,0.489,0.097,0.092,0.223
15/05/2019 05:00,0.055,0.055,0.0,0.001,0.644,0.173,0.167,0.393
15/05/2019 06:00,0.162,0.162,0.0,0.0,0.65,0.221,0.216,0.478
15/05/2019 07:00,0.29,0.29,0.0,0.001,0.597,0.224,0.22,0.479
15/05/2019 08:00,0.449,0.449,0.002,0.006,0.535,0.215,0.211,0.459
15/05/2019 09:00,0.586,0.586,0.016,0.022,0.481,0.206,0.201,0.441
15/05/2019 10:00,0.642,0.642,0.056,0.066,0.448,0.207,0.202,0.444
15/05/2019 11:00,0.637,0.637,0.098,0.115,0.444,0.217,0.212,0.463
15/05/2019 12:00,0.616,0.616,0.109,0.128,0.453,0.235,0.232,0.502
15/05/2019 13:00,0.611,0.611,0.113,0.133,0.479,0.27,0.264,0.564
15/05/2019 14:00,0.595,0.595,0.107,0.126,0.516,0.319,0.313,0.647
15/05/2019 15:00,0.515,0.515,0.093,0.11,0.528,0.344,0.333,0.698
15/05/2019 16:00,0.491,0.491,0.063,0.075,0.541,0.388,0.378,0.748
15/05/2019 17:00,0.472,0.472,0.036,0.044,0.593,0.384,0.374,0.738
15/05/2019 18:00,0.41,0.41,0.015,0.022,0.66,0.329,0.319,0.663
15/05/2019 19:00,0.268,0.268,0.006,0.011,0.733,0.312,0.301,0.646
15/05/2019 20:00,0.13,0.13,0.003,0.007,0.733,0.285,0.275,0.609
15/05/2019 21:00,0.052,0.052,0.001,0.004,0.712,0.24,0.231,0.541
15/05/2019 22:00,0.017,0.017,0.001,0.003,0.661,0.207,0.198,0.485
15/05/2019 23:00,0.006,0.006,0.002,0.006,0.617,0.185,0.176,0.438
16/05/2019 00:00,0.004,0.004,0.005,0.009,0.562,0.176,0.167,0.42
16/05/2019 01:00,0.004,0.004,0.005,0.009,0.461,0.147,0.139,0.363
16/05/2019 02:00,0.004,0.004,0.005,0.01,0.348,0.113,0.105,0.291
16/05/2019 03:00,0.003,0.003,0.008,0.013,0.247,0.084,0.078,0.224
16/05/2019 04:00,0.0,0.0,0.026,0.034,0.329,0.066,0.062,0.162
16/05/2019 05:00,0.018,0.018,0.063,0.074,0.483,0.119,0.114,0.274
16/05/2019 06:00,0.062,0.062,0.082,0.096,0.514,0.166,0.161,0.366
16/05/2019 07:00,0.121,0.121,0.098,0.115,0.481,0.177,0.173,0.382
16/05/2019 08:00,0.209,0.209,0.108,0.127,0.453,0.175,0.171,0.375
16/05/2019 09:00,0.343,0.343,0.116,0.137,0.442,0.158,0.153,0.34
16/05/2019 10:00,0.488,0.488,0.125,0.147,0.443,0.149,0.145,0.325
16/05/2019 11:00,0.603,0.603,0.133,0.157,0.442,0.16,0.157,0.353
16/05/2019 12:00,0.668,0.668,0.137,0.161,0.448,0.185,0.18,0.401
16/05/2019 13:00,0.702,0.702,0.135,0.159,0.483,0.218,0.212,0.47
16/05/2019 14:00,0.699,0.699,0.134,0.158,0.538,0.258,0.251,0.548
16/05/2019 15:00,0.621,0.621,0.126,0.148,0.528,0.287,0.276,0.618
16/05/2019 16:00,0.547,0.547,0.098,0.114,0.514,0.348,0.335,0.7
16/05/2019 17:00,0.429,0.429,0.062,0.073,0.469,0.37,0.358,0.721
16/05/2019 18:00,0.268,0.268,0.043,0.052,0.44,0.341,0.33,0.679
16/05/2019 19:00,0.134,0.134,0.034,0.042,0.42,0.27,0.26,0.576
16/05/2019 20:00,0.057,0.057,0.027,0.034,0.457,0.225,0.216,0.498
16/05/2019 21:00,0.031,0.031,0.012,0.018,0.483,0.191,0.183,0.438
16/05/2019 22:00,0.025,0.025,0.005,0.01,0.515,0.174,0.166,0.415
16/05/2019 23:00,0.019,0.019,0.002,0.005,0.541,0.146,0.138,0.363
17/05/2019 00:00,0.014,0.014,0.001,0.003,0.557,0.11,0.104,0.284
17/05/2019 01:00,0.012,0.012,0.004,0.008,0.511,0.079,0.073,0.209
17/05/2019 02:00,0.011,0.011,0.007,0.012,0.47,0.068,0.062,0.18
17/05/2019 03:00,0.009,0.009,0.006,0.011,0.448,0.07,0.065,0.183
17/05/2019 04:00,0.0,0.0,0.006,0.011,0.53,0.068,0.065,0.165
17/05/2019 05:00,0.0,0.0,0.002,0.004,0.597,0.106,0.103,0.251
17/05/2019 06:00,0.003,0.003,0.0,0.0,0.598,0.165,0.16,0.365
17/05/2019 07:00,0.015,0.015,0.0,0.0,0.549,0.2,0.195,0.428
17/05/2019 08:00,0.037,0.037,0.0,0.0,0.505,0.219,0.213,0.459
17/05/2019 09:00,0.072,0.072,0.0,0.0,0.459,0.219,0.214,0.459
17/05/2019 10:00,0.132,0.132,0.0,0.001,0.42,0.211,0.207,0.45
17/05/2019 11:00,0.224,0.224,0.002,0.005,0.409,0.211,0.207,0.455
17/05/2019 12:00,0.337,0.337,0.017,0.024,0.425,0.217,0.212,0.469
17/05/2019 13:00,0.422,0.422,0.022,0.029,0.473,0.224,0.22,0.487
17/05/2019 14:00,0.449,0.449,0.025,0.032,0.541,0.246,0.238,0.535
17/05/2019 15:00,0.359,0.359,0.026,0.033,0.579,0.276,0.266,0.603
17/05/2019 16:00,0.259,0.259,0.037,0.045,0.572,0.344,0.334,0.691
17/05/2019 17:00,0.145,0.145,0.057,0.067,0.567,0.371,0.362,0.715
17/05/2019 18:00,0.066,0.066,0.061,0.072,0.634,0.369,0.359,0.709
17/05/2019 19:00,0.058,0.058,0.061,0.072,0.712,0.35,0.341,0.691
17/05/2019 20:00,0.049,0.049,0.042,0.05,0.761,0.349,0.339,0.695
17/05/2019 21:00,0.056,0.056,0.019,0.026,0.775,0.295,0.285,0.631
17/05/2019 22:00,0.062,0.062,0.008,0.013,0.753,0.256,0.248,0.575
17/05/2019 23:00,0.079,0.079,0.012,0.018,0.742,0.208,0.2,0.496
18/05/2019 00:00,0.115,0.115,0.013,0.019,0.729,0.189,0.181,0.463
18/05/2019 01:00,0.071,0.071,0.021,0.028,0.694,0.195,0.185,0.47
18/05/2019 02:00,0.037,0.037,0.045,0.054,0.626,0.204,0.195,0.485
18/05/2019 03:00,0.058,0.058,0.081,0.095,0.528,0.206,0.198,0.486
18/05/2019 04:00,0.096,0.096,0.151,0.179,0.629,0.252,0.245,0.547
18/05/2019 05:00,0.165,0.165,0.104,0.122,0.723,0.323,0.317,0.648
18/05/2019 06:00,0.234,0.234,0.037,0.045,0.721,0.321,0.316,0.64
18/05/2019 07:00,0.206,0.206,0.013,0.019,0.657,0.275,0.27,0.564
18/05/2019 08:00,0.076,0.076,0.011,0.017,0.576,0.258,0.252,0.531
18/05/2019 09:00,0.012,0.012,0.008,0.013,0.498,0.234,0.229,0.494
18/05/2019 10:00,0.001,0.001,0.005,0.01,0.446,0.21,0.205,0.459
18/05/2019 11:00,0.001,0.001,0.004,0.008,0.425,0.198,0.193,0.443
18/05/2019 12:00,0.005,0.005,0.004,0.008,0.425,0.195,0.189,0.441
18/05/2019 13:00,0.015,0.015,0.009,0.015,0.425,0.206,0.2,0.467
18/05/2019 14:00,0.037,0.037,0.01,0.016,0.433,0.221,0.213,0.502
18/05/2019 15:00,0.081,0.081,0.018,0.024,0.432,0.21,0.201,0.497
18/05/2019 16:00,0.11,0.11,0.037,0.045,0.43,0.234,0.224,0.525
18/05/2019 17:00,0.096,0.096,0.05,0.059,0.432,0.268,0.258,0.569
18/05/2019 18:00,0.061,0.061,0.051,0.061,0.509,0.278,0.27,0.58
18/05/2019 19:00,0.035,0.035,0.041,0.049,0.614,0.287,0.278,0.6
18/05/2019 20:00,0.022,0.022,0.033,0.041,0.664,0.332,0.323,0.673
18/05/2019 21:00,0.007,0.007,0.038,0.046,0.673,0.283,0.274,0.6
18/05/2019 22:00,0.002,0.002,0.045,0.054,0.648,0.202,0.194,0.455
18/05/2019 23:00,0.004,0.004,0.042,0.051,0.597,0.118,0.111,0.285
19/05/2019 00:00,0.01,0.01,0.038,0.046,0.493,0.074,0.068,0.183
19/05/2019 01:00,0.018,0.018,0.034,0.042,0.399,0.056,0.051,0.144
19/05/2019 02:00,0.023,0.023,0.027,0.034,0.307,0.05,0.045,0.138
19/05/2019 03:00,0.024,0.024,0.015,0.021,0.234,0.045,0.041,0.132
19/05/2019 04:00,0.005,0.005,0.006,0.012,0.303,0.05,0.047,0.136
19/05/2019 05:00,0.0,0.0,0.0,0.0,0.451,0.098,0.094,0.24
19/05/2019 06:00,0.0,0.0,0.0,0.0,0.495,0.161,0.155,0.373
19/05/2019 07:00,0.002,0.002,0.0,0.0,0.418,0.173,0.167,0.39
19/05/2019 08:00,0.008,0.008,0.0,0.0,0.351,0.164,0.159,0.37
19/05/2019 09:00,0.022,0.022,0.0,0.0,0.306,0.148,0.143,0.335
19/05/2019 10:00,0.049,0.049,0.0,0.0,0.283,0.129,0.125,0.294
19/05/2019 11:00,0.095,0.095,0.0,0.001,0.279,0.111,0.107,0.254
19/05/2019 12:00,0.163,0.163,0.0,0.001,0.302,0.096,0.092,0.22
19/05/2019 13:00,0.254,0.254,0.0,0.001,0.347,0.087,0.082,0.199
19/05/2019 14:00,0.326,0.326,0.0,0.001,0.409,0.083,0.079,0.198
19/05/2019 15:00,0.284,0.284,0.003,0.007,0.453,0.081,0.074,0.213
19/05/2019 16:00,0.191,0.191,0.007,0.012,0.459,0.086,0.079,0.234
19/05/2019 17:00,0.101,0.101,0.004,0.009,0.456,0.088,0.081,0.246
19/05/2019 18:00,0.044,0.044,0.004,0.009,0.481,0.094,0.087,0.264
19/05/2019 19:00,0.022,0.022,0.031,0.038,0.597,0.107,0.099,0.296
19/05/2019 20:00,0.011,0.011,0.049,0.058,0.634,0.117,0.109,0.316
19/05/2019 21:00,0.01,0.01,0.055,0.065,0.716,0.081,0.075,0.22
19/05/2019 22:00,0.019,0.019,0.069,0.081,0.711,0.053,0.048,0.146
19/05/2019 23:00,0.049,0.049,0.075,0.088,0.626,0.033,0.029,0.093
20/05/2019 00:00,0.104,0.104,0.062,0.073,0.528,0.02,0.017,0.057
20/05/2019 01:00,0.155,0.155,0.036,0.043,0.446,0.014,0.012,0.043
20/05/2019 02:00,0.145,0.145,0.033,0.041,0.369,0.014,0.011,0.044
20/05/2019 03:00,0.075,0.075,0.076,0.089,0.318,0.015,0.013,0.05
20/05/2019 04:00,0.022,0.022,0.174,0.206,0.418,0.017,0.015,0.047
20/05/2019 05:00,0.005,0.005,0.151,0.178,0.446,0.043,0.041,0.105
20/05/2019 06:00,0.005,0.005,0.061,0.072,0.367,0.075,0.072,0.173
20/05/2019 07:00,0.002,0.002,0.033,0.041,0.249,0.1,0.097,0.225
20/05/2019 08:00,0.0,0.0,0.01,0.016,0.183,0.125,0.121,0.277
20/05/2019 09:00,0.007,0.007,0.001,0.004,0.157,0.154,0.15,0.337
20/05/2019 10:00,0.007,0.007,0.001,0.003,0.159,0.183,0.179,0.398
20/05/2019 11:00,0.006,0.006,0.005,0.01,0.181,0.213,0.209,0.459
20/05/2019 12:00,0.007,0.007,0.023,0.03,0.208,0.249,0.245,0.527
20/05/2019 13:00,0.01,0.01,0.02,0.027,0.225,0.29,0.285,0.596
20/05/2019 14:00,0.01,0.01,0.026,0.033,0.258,0.329,0.322,0.656
20/05/2019 15:00,0.005,0.005,0.039,0.047,0.305,0.29,0.28,0.614
20/05/2019 16:00,0.004,0.004,0.054,0.064,0.38,0.264,0.253,0.575
20/05/2019 17:00,0.004,0.004,0.076,0.089,0.425,0.259,0.249,0.567
20/05/2019 18:00,0.003,0.003,0.102,0.12,0.547,0.251,0.241,0.564
20/05/2019 19:00,0.002,0.002,0.103,0.121,0.714,0.224,0.214,0.527
20/05/2019 20:00,0.001,0.001,0.063,0.074,0.712,0.18,0.17,0.446
20/05/2019 21:00,0.001,0.001,0.024,0.031,0.675,0.121,0.113,0.314
20/05/2019 22:00,0.0,0.0,0.006,0.011,0.593,0.07,0.065,0.193
20/05/2019 23:00,0.0,0.0,0.002,0.005,0.491,0.046,0.042,0.131
21/05/2019 00:00,0.0,0.0,0.001,0.003,0.377,0.032,0.028,0.095
21/05/2019 01:00,0.001,0.001,0.003,0.007,0.28,0.019,0.016,0.06
21/05/2019 02:00,0.003,0.003,0.006,0.011,0.21,0.009,0.007,0.031
21/05/2019 03:00,0.002,0.002,0.007,0.012,0.186,0.006,0.005,0.023
21/05/2019 04:00,0.002,0.002,0.002,0.006,0.227,0.006,0.005,0.014
21/05/2019 05:00,0.011,0.011,0.001,0.003,0.308,0.059,0.055,0.138
21/05/2019 06:00,0.018,0.018,0.001,0.004,0.386,0.126,0.121,0.289
21/05/2019 07:00,0.022,0.022,0.004,0.009,0.407,0.154,0.149,0.341
21/05/2019 08:00,0.027,0.027,0.008,0.014,0.417,0.16,0.157,0.353
21/05/2019 09:00,0.03,0.03,0.011,0.017,0.407,0.156,0.152,0.343
21/05/2019 10:00,0.032,0.032,0.018,0.025,0.393,0.161,0.158,0.356
21/05/2019 11:00,0.038,0.038,0.035,0.043,0.393,0.177,0.173,0.387
21/05/2019 12:00,0.046,0.046,0.03,0.038,0.411,0.199,0.194,0.436
21/05/2019 13:00,0.057,0.057,0.022,0.029,0.443,0.232,0.226,0.5
21/05/2019 14:00,0.068,0.068,0.019,0.025,0.472,0.273,0.267,0.578
21/05/2019 15:00,0.082,0.082,0.026,0.033,0.466,0.309,0.297,0.654
21/05/2019 16:00,0.09,0.09,0.05,0.059,0.464,0.39,0.376,0.754
21/05/2019 17:00,0.074,0.074,0.057,0.068,0.433,0.409,0.398,0.772
21/05/2019 18:00,0.054,0.054,0.032,0.039,0.372,0.351,0.339,0.707
21/05/2019 19:00,0.038,0.038,0.009,0.015,0.382,0.268,0.256,0.599
21/05/2019 20:00,0.028,0.028,0.001,0.004,0.39,0.179,0.169,0.439
21/05/2019 21:00,0.02,0.02,0.0,0.002,0.399,0.106,0.099,0.276
21/05/2019 22:00,0.014,0.014,0.001,0.003,0.459,0.078,0.072,0.213
21/05/2019 23:00,0.009,0.009,0.003,0.007,0.486,0.063,0.058,0.175
22/05/2019 00:00,0.006,0.006,0.009,0.014,0.455,0.045,0.04,0.125
22/05/2019 01:00,0.006,0.006,0.018,0.024,0.418,0.039,0.035,0.111
22/05/2019 02:00,0.006,0.006,0.026,0.033,0.378,0.038,0.034,0.109
22/05/2019 03:00,0.004,0.004,0.039,0.047,0.326,0.036,0.032,0.102
22/05/2019 04:00,0.003,0.003,0.077,0.09,0.507,0.027,0.025,0.067
22/05/2019 05:00,0.015,0.015,0.083,0.097,0.581,0.041,0.038,0.098
22/05/2019 06:00,0.026,0.026,0.064,0.075,0.538,0.064,0.061,0.146
22/05/2019 07:00,0.021,0.021,0.041,0.049,0.46,0.067,0.065,0.15
22/05/2019 08:00,0.022,0.022,0.02,0.026,0.395,0.067,0.065,0.149
22/05/2019 09:00,0.031,0.031,0.007,0.013,0.358,0.072,0.069,0.159
22/05/2019 10:00,0.044,0.044,0.008,0.014,0.336,0.084,0.081,0.186
22/05/2019 11:00,0.055,0.055,0.011,0.017,0.327,0.106,0.103,0.237
22/05/2019 12:00,0.064,0.064,0.014,0.02,0.333,0.14,0.136,0.315
22/05/2019 13:00,0.077,0.077,0.016,0.022,0.361,0.185,0.181,0.414
22/05/2019 14:00,0.09,0.09,0.016,0.023,0.408,0.246,0.239,0.532
22/05/2019 15:00,0.096,0.096,0.022,0.029,0.42,0.258,0.249,0.567
22/05/2019 16:00,0.09,0.09,0.035,0.043,0.428,0.241,0.229,0.538
22/05/2019 17:00,0.081,0.081,0.036,0.044,0.431,0.203,0.193,0.47
22/05/2019 18:00,0.095,0.095,0.03,0.038,0.428,0.171,0.161,0.413
22/05/2019 19:00,0.11,0.11,0.033,0.04,0.541,0.147,0.139,0.366
22/05/2019 20:00,0.097,0.097,0.033,0.041,0.593,0.118,0.111,0.294
22/05/2019 21:00,0.074,0.074,0.026,0.033,0.652,0.105,0.099,0.255
22/05/2019 22:00,0.04,0.04,0.018,0.024,0.639,0.093,0.087,0.217
22/05/2019 23:00,0.035,0.035,0.011,0.017,0.594,0.114,0.107,0.272
23/05/2019 00:00,0.067,0.067,0.009,0.015,0.542,0.141,0.132,0.338
23/05/2019 01:00,0.113,0.113,0.013,0.019,0.486,0.143,0.135,0.347
23/05/2019 02:00,0.104,0.104,0.023,0.03,0.46,0.118,0.111,0.289
23/05/2019 03:00,0.101,0.101,0.029,0.036,0.422,0.085,0.079,0.208
23/05/2019 04:00,0.145,0.145,0.033,0.041,0.511,0.079,0.075,0.193
23/05/2019 05:00,0.183,0.183,0.038,0.047,0.58,0.09,0.086,0.219
23/05/2019 06:00,0.165,0.165,0.039,0.047,0.519,0.089,0.086,0.215
23/05/2019 07:00,0.164,0.164,0.053,0.062,0.425,0.082,0.078,0.192
23/05/2019 08:00,0.201,0.201,0.088,0.103,0.357,0.077,0.074,0.176
23/05/2019 09:00,0.288,0.288,0.12,0.141,0.318,0.072,0.069,0.164
23/05/2019 10:00,0.426,0.426,0.139,0.163,0.294,0.074,0.071,0.169
23/05/2019 11:00,0.571,0.571,0.168,0.198,0.276,0.088,0.085,0.201
23/05/2019 12:00,0.681,0.681,0.201,0.238,0.272,0.112,0.108,0.258
23/05/2019 13:00,0.739,0.739,0.227,0.268,0.283,0.147,0.142,0.338
23/05/2019 14:00,0.731,0.731,0.242,0.285,0.313,0.199,0.193,0.449
23/05/2019 15:00,0.606,0.606,0.217,0.256,0.319,0.227,0.218,0.52
23/05/2019 16:00,0.449,0.449,0.151,0.178,0.331,0.253,0.243,0.562
23/05/2019 17:00,0.356,0.356,0.099,0.116,0.284,0.253,0.244,0.552
23/05/2019 18:00,0.247,0.247,0.079,0.093,0.262,0.256,0.248,0.554
23/05/2019 19:00,0.144,0.144,0.082,0.096,0.32,0.211,0.202,0.477
23/05/2019 20:00,0.068,0.068,0.091,0.107,0.437,0.167,0.159,0.393
23/05/2019 21:00,0.026,0.026,0.089,0.104,0.44,0.149,0.141,0.353
23/05/2019 22:00,0.008,0.008,0.075,0.088,0.508,0.118,0.111,0.292
23/05/2019 23:00,0.004,0.004,0.052,0.062,0.491,0.118,0.11,0.288
24/05/2019 00:00,0.007,0.007,0.035,0.043,0.404,0.111,0.104,0.272
24/05/2019 01:00,0.011,0.011,0.022,0.029,0.313,0.088,0.081,0.215
24/05/2019 02:00,0.016,0.016,0.016,0.023,0.236,0.072,0.066,0.182
24/05/2019 03:00,0.026,0.026,0.013,0.019,0.215,0.056,0.052,0.139
24/05/2019 04:00,0.045,0.045,0.074,0.086,0.26,0.064,0.06,0.141
24/05/2019 05:00,0.137,0.137,0.214,0.252,0.35,0.102,0.097,0.225
24/05/2019 06:00,0.24,0.24,0.277,0.325,0.431,0.14,0.135,0.304
24/05/2019 07:00,0.272,0.272,0.322,0.376,0.48,0.18,0.175,0.38
24/05/2019 08:00,0.286,0.286,0.347,0.404,0.484,0.215,0.21,0.443
24/05/2019 09:00,0.312,0.312,0.337,0.394,0.444,0.222,0.218,0.46
24/05/2019 10:00,0.338,0.338,0.3,0.351,0.401,0.227,0.223,0.473
24/05/2019 11:00,0.379,0.379,0.26,0.306,0.379,0.241,0.236,0.5
24/05/2019 12:00,0.431,0.431,0.23,0.272,0.377,0.251,0.247,0.526
24/05/2019 13:00,0.487,0.487,0.208,0.246,0.403,0.258,0.252,0.546
24/05/2019 14:00,0.491,0.491,0.187,0.221,0.459,0.253,0.247,0.548
24/05/2019 15:00,0.404,0.404,0.15,0.177,0.475,0.243,0.232,0.552
24/05/2019 16:00,0.396,0.396,0.104,0.122,0.423,0.268,0.257,0.595
24/05/2019 17:00,0.369,0.369,0.079,0.092,0.415,0.29,0.279,0.624
24/05/2019 18:00,0.352,0.352,0.068,0.08,0.444,0.287,0.277,0.614
24/05/2019 19:00,0.316,0.316,0.061,0.072,0.462,0.247,0.237,0.547
24/05/2019 20:00,0.253,0.253,0.06,0.07,0.461,0.155,0.148,0.381
24/05/2019 21:00,0.191,0.191,0.052,0.061,0.455,0.125,0.118,0.324
24/05/2019 22:00,0.146,0.146,0.04,0.048,0.418,0.13,0.123,0.343
24/05/2019 23:00,0.129,0.129,0.026,0.033,0.408,0.122,0.115,0.319
25/05/2019 00:00,0.122,0.122,0.015,0.021,0.383,0.129,0.121,0.329
25/05/2019 01:00,0.09,0.09,0.01,0.015,0.347,0.116,0.109,0.29
25/05/2019 02:00,0.073,0.073,0.007,0.012,0.366,0.085,0.079,0.217
25/05/2019 03:00,0.063,0.063,0.005,0.01,0.352,0.063,0.059,0.168
25/05/2019 04:00,0.058,0.058,0.072,0.085,0.425,0.081,0.078,0.203
25/05/2019 05:00,0.114,0.114,0.189,0.223,0.546,0.147,0.141,0.352
25/05/2019 06:00,0.175,0.175,0.268,0.316,0.593,0.173,0.167,0.394
25/05/2019 07:00,0.225,0.225,0.333,0.389,0.55,0.175,0.17,0.387
25/05/2019 08:00,0.246,0.246,0.359,0.417,0.512,0.174,0.169,0.377
25/05/2019 09:00,0.256,0.256,0.324,0.379,0.486,0.159,0.153,0.345
25/05/2019 10:00,0.268,0.268,0.247,0.291,0.468,0.144,0.141,0.319
25/05/2019 11:00,0.285,0.285,0.184,0.218,0.459,0.138,0.133,0.305
25/05/2019 12:00,0.317,0.317,0.144,0.17,0.459,0.136,0.131,0.305
25/05/2019 13:00,0.357,0.357,0.117,0.138,0.471,0.142,0.138,0.324
25/05/2019 14:00,0.39,0.39,0.097,0.114,0.491,0.155,0.149,0.361
25/05/2019 15:00,0.377,0.377,0.074,0.087,0.469,0.185,0.174,0.452
25/05/2019 16:00,0.38,0.38,0.069,0.082,0.401,0.256,0.243,0.586
25/05/2019 17:00,0.316,0.316,0.09,0.105,0.333,0.283,0.271,0.627
25/05/2019 18:00,0.257,0.257,0.122,0.144,0.343,0.253,0.241,0.579
25/05/2019 19:00,0.205,0.205,0.14,0.165,0.377,0.202,0.192,0.488
25/05/2019 20:00,0.182,0.182,0.116,0.136,0.448,0.148,0.14,0.372
25/05/2019 21:00,0.157,0.157,0.074,0.087,0.514,0.092,0.086,0.239
25/05/2019 22:00,0.124,0.124,0.05,0.059,0.513,0.082,0.077,0.223
25/05/2019 23:00,0.095,0.095,0.039,0.047,0.481,0.083,0.077,0.228
26/05/2019 00:00,0.063,0.063,0.028,0.035,0.437,0.092,0.086,0.251
26/05/2019 01:00,0.05,0.05,0.019,0.025,0.381,0.084,0.078,0.232
26/05/2019 02:00,0.051,0.051,0.013,0.019,0.329,0.074,0.068,0.212
26/05/2019 03:00,0.049,0.049,0.008,0.014,0.302,0.064,0.059,0.187
26/05/2019 04:00,0.058,0.058,0.011,0.017,0.427,0.061,0.058,0.162
26/05/2019 05:00,0.155,0.155,0.027,0.034,0.546,0.108,0.104,0.263
26/05/2019 06:00,0.309,0.309,0.04,0.049,0.539,0.138,0.133,0.318
26/05/2019 07:00,0.39,0.39,0.057,0.067,0.489,0.15,0.145,0.334
26/05/2019 08:00,0.405,0.405,0.084,0.099,0.451,0.164,0.16,0.361
26/05/2019 09:00,0.413,0.413,0.101,0.119,0.428,0.185,0.181,0.399
26/05/2019 10:00,0.442,0.442,0.109,0.128,0.42,0.212,0.208,0.453
26/05/2019 11:00,0.479,0.479,0.117,0.137,0.423,0.239,0.235,0.504
26/05/2019 12:00,0.517,0.517,0.123,0.145,0.436,0.258,0.252,0.541
26/05/2019 13:00,0.555,0.555,0.124,0.146,0.468,0.278,0.273,0.583
26/05/2019 14:00,0.574,0.574,0.129,0.152,0.52,0.303,0.297,0.627
26/05/2019 15:00,0.512,0.512,0.124,0.146,0.55,0.273,0.262,0.6
26/05/2019 16:00,0.482,0.482,0.107,0.125,0.551,0.265,0.253,0.593
26/05/2019 17:00,0.399,0.399,0.107,0.126,0.577,0.258,0.248,0.583
26/05/2019 18:00,0.306,0.306,0.121,0.142,0.651,0.208,0.198,0.5
26/05/2019 19:00,0.254,0.254,0.121,0.142,0.648,0.173,0.163,0.432
26/05/2019 20:00,0.215,0.215,0.092,0.108,0.637,0.104,0.097,0.272
26/05/2019 21:00,0.173,0.173,0.06,0.071,0.595,0.068,0.064,0.183
26/05/2019 22:00,0.134,0.134,0.034,0.042,0.533,0.058,0.053,0.156
26/05/2019 23:00,0.091,0.091,0.022,0.029,0.467,0.062,0.057,0.167
27/05/2019 00:00,0.062,0.062,0.016,0.022,0.373,0.052,0.047,0.136
27/05/2019 01:00,0.043,0.043,0.013,0.019,0.3,0.037,0.033,0.098
27/05/2019 02:00,0.024,0.024,0.009,0.014,0.258,0.027,0.023,0.072
27/05/2019 03:00,0.011,0.011,0.005,0.01,0.217,0.02,0.017,0.053
27/05/2019 04:00,0.019,0.019,0.004,0.008,0.39,0.022,0.02,0.051
27/05/2019 05:00,0.087,0.087,0.075,0.089,0.494,0.048,0.045,0.112
27/05/2019 06:00,0.225,0.225,0.147,0.174,0.492,0.066,0.063,0.151
27/05/2019 07:00,0.352,0.352,0.193,0.228,0.443,0.075,0.072,0.168
27/05/2019 08:00,0.426,0.426,0.213,0.252,0.407,0.084,0.081,0.186
27/05/2019 09:00,0.466,0.466,0.199,0.235,0.396,0.088,0.086,0.196
27/05/2019 10:00,0.485,0.485,0.164,0.194,0.417,0.092,0.088,0.203
27/05/2019 11:00,0.515,0.515,0.135,0.159,0.465,0.098,0.094,0.22
27/05/2019 12:00,0.562,0.562,0.119,0.14,0.527,0.108,0.104,0.247
27/05/2019 13:00,0.594,0.594,0.111,0.13,0.59,0.122,0.118,0.285
27/05/2019 14:00,0.588,0.588,0.11,0.129,0.642,0.15,0.144,0.353
27/05/2019 15:00,0.488,0.488,0.117,0.138,0.636,0.196,0.186,0.467
27/05/2019 16:00,0.371,0.371,0.123,0.145,0.556,0.252,0.243,0.563
27/05/2019 17:00,0.245,0.245,0.122,0.144,0.46,0.244,0.234,0.538
27/05/2019 18:00,0.175,0.175,0.108,0.126,0.52,0.22,0.211,0.492
27/05/2019 19:00,0.129,0.129,0.073,0.085,0.626,0.181,0.173,0.419
27/05/2019 20:00,0.103,0.103,0.037,0.045,0.721,0.144,0.137,0.348
27/05/2019 21:00,0.091,0.091,0.016,0.023,0.746,0.13,0.123,0.316
27/05/2019 22:00,0.087,0.087,0.007,0.012,0.691,0.13,0.122,0.324
27/05/2019 23:00,0.083,0.083,0.011,0.017,0.593,0.114,0.107,0.285
28/05/2019 00:00,0.068,0.068,0.015,0.021,0.484,0.088,0.081,0.225
28/05/2019 01:00,0.042,0.042,0.012,0.018,0.407,0.069,0.064,0.187
28/05/2019 02:00,0.02,0.02,0.008,0.014,0.353,0.053,0.048,0.15
28/05/2019 03:00,0.012,0.012,0.006,0.011,0.321,0.039,0.035,0.114
28/05/2019 04:00,0.021,0.021,0.01,0.015,0.448,0.038,0.035,0.099
28/05/2019 05:00,0.077,0.077,0.071,0.083,0.51,0.076,0.072,0.184
28/05/2019 06:00,0.221,0.221,0.112,0.132,0.471,0.105,0.101,0.241
28/05/2019 07:00,0.413,0.413,0.127,0.15,0.363,0.116,0.112,0.261
28/05/2019 08:00,0.571,0.571,0.121,0.142,0.266,0.123,0.119,0.276
28/05/2019 09:00,0.66,0.66,0.098,0.115,0.232,0.127,0.123,0.288
28/05/2019 10:00,0.678,0.678,0.077,0.09,0.244,0.132,0.128,0.299
28/05/2019 11:00,0.652,0.652,0.072,0.085,0.268,0.134,0.13,0.306
28/05/2019 12:00,0.614,0.614,0.091,0.106,0.295,0.132,0.127,0.303
28/05/2019 13:00,0.56,0.56,0.097,0.114,0.334,0.124,0.12,0.294
28/05/2019 14:00,0.479,0.479,0.098,0.115,0.38,0.121,0.115,0.29
28/05/2019 15:00,0.329,0.329,0.1,0.118,0.375,0.123,0.115,0.31
28/05/2019 16:00,0.225,0.225,0.09,0.106,0.386,0.15,0.141,0.372
28/05/2019 17:00,0.144,0.144,0.075,0.088,0.399,0.159,0.15,0.394
28/05/2019 18:00,0.096,0.096,0.064,0.075,0.407,0.141,0.132,0.364
28/05/2019 19:00,0.065,0.065,0.058,0.069,0.547,0.121,0.112,0.323
28/05/2019 20:00,0.03,0.03,0.055,0.065,0.668,0.098,0.091,0.271
28/05/2019 21:00,0.01,0.01,0.05,0.059,0.648,0.092,0.086,0.25
28/05/2019 22:00,0.005,0.005,0.054,0.064,0.593,0.086,0.08,0.23
28/05/2019 23:00,0.003,0.003,0.042,0.051,0.506,0.081,0.076,0.213
29/05/2019 00:00,0.003,0.003,0.015,0.022,0.431,0.08,0.075,0.206
29/05/2019 01:00,0.011,0.011,0.026,0.033,0.355,0.088,0.082,0.226
29/05/2019 02:00,0.034,0.034,0.036,0.044,0.336,0.093,0.087,0.245
29/05/2019 03:00,0.059,0.059,0.033,0.041,0.358,0.077,0.071,0.202
29/05/2019 04:00,0.016,0.016,0.014,0.021,0.428,0.062,0.059,0.152
29/05/2019 05:00,0.003,0.003,0.026,0.033,0.498,0.066,0.063,0.162
29/05/2019 06:00,0.13,0.13,0.05,0.059,0.486,0.072,0.069,0.168
29/05/2019 07:00,0.302,0.302,0.081,0.096,0.403,0.079,0.075,0.176
29/05/2019 08:00,0.418,0.418,0.121,0.142,0.3,0.087,0.083,0.192
29/05/2019 09:00,0.48,0.48,0.127,0.149,0.231,0.085,0.082,0.187
29/05/2019 10:00,0.515,0.515,0.092,0.108,0.212,0.082,0.079,0.183
29/05/2019 11:00,0.536,0.536,0.055,0.066,0.226,0.084,0.081,0.19
29/05/2019 12:00,0.547,0.547,0.033,0.041,0.261,0.088,0.085,0.202
29/05/2019 13:00,0.546,0.546,0.025,0.032,0.315,0.095,0.091,0.224
29/05/2019 14:00,0.525,0.525,0.024,0.03,0.387,0.117,0.112,0.283
29/05/2019 15:00,0.467,0.467,0.028,0.035,0.43,0.164,0.154,0.414
29/05/2019 16:00,0.482,0.482,0.037,0.045,0.443,0.235,0.224,0.549
29/05/2019 17:00,0.447,0.447,0.045,0.053,0.407,0.244,0.234,0.56
29/05/2019 18:00,0.353,0.353,0.039,0.047,0.404,0.198,0.187,0.483
29/05/2019 19:00,0.211,0.211,0.019,0.025,0.516,0.139,0.13,0.372
29/05/2019 20:00,0.102,0.102,0.006,0.012,0.69,0.088,0.08,0.252
29/05/2019 21:00,0.041,0.041,0.003,0.007,0.684,0.063,0.057,0.192
29/05/2019 22:00,0.016,0.016,0.002,0.005,0.671,0.046,0.041,0.148
29/05/2019 23:00,0.007,0.007,0.001,0.004,0.616,0.028,0.025,0.096
30/05/2019 00:00,0.005,0.005,0.002,0.006,0.543,0.015,0.012,0.055
30/05/2019 01:00,0.002,0.002,0.004,0.008,0.49,0.006,0.005,0.027
30/05/2019 02:00,0.001,0.001,0.004,0.009,0.452,0.004,0.002,0.014
30/05/2019 03:00,0.001,0.001,0.004,0.009,0.391,0.002,0.001,0.006
30/05/2019 04:00,0.001,0.001,0.002,0.005,0.429,0.0,0.0,0.0
30/05/2019 05:00,0.014,0.014,0.03,0.037,0.407,0.005,0.004,0.009
30/05/2019 06:00,0.068,0.068,0.085,0.1,0.34,0.015,0.014,0.029
30/05/2019 07:00,0.149,0.149,0.137,0.162,0.273,0.025,0.023,0.048
30/05/2019 08:00,0.257,0.257,0.173,0.204,0.224,0.032,0.031,0.062
30/05/2019 09:00,0.361,0.361,0.186,0.22,0.185,0.035,0.034,0.068
30/05/2019 10:00,0.432,0.432,0.19,0.225,0.158,0.037,0.035,0.073
30/05/2019 11:00,0.463,0.463,0.193,0.229,0.158,0.042,0.04,0.086
30/05/2019 12:00,0.473,0.473,0.197,0.233,0.192,0.052,0.049,0.109
30/05/2019 13:00,0.473,0.473,0.195,0.231,0.262,0.071,0.067,0.157
30/05/2019 14:00,0.442,0.442,0.189,0.223,0.358,0.095,0.091,0.22
30/05/2019 15:00,0.337,0.337,0.164,0.193,0.411,0.134,0.126,0.341
30/05/2019 16:00,0.276,0.276,0.117,0.138,0.384,0.194,0.183,0.47
30/05/2019 17:00,0.2,0.2,0.056,0.066,0.363,0.218,0.207,0.516
30/05/2019 18:00,0.125,0.125,0.013,0.019,0.388,0.224,0.215,0.538
30/05/2019 19:00,0.065,0.065,0.004,0.008,0.576,0.206,0.196,0.512
30/05/2019 20:00,0.027,0.027,0.002,0.006,0.666,0.147,0.14,0.395
30/05/2019 21:00,0.006,0.006,0.002,0.005,0.657,0.08,0.074,0.234
30/05/2019 22:00,0.0,0.0,0.001,0.004,0.611,0.043,0.039,0.132
30/05/2019 23:00,0.0,0.0,0.001,0.004,0.547,0.017,0.015,0.056
31/05/2019 00:00,0.0,0.0,0.001,0.004,0.494,0.006,0.005,0.02
31/05/2019 01:00,0.0,0.0,0.004,0.008,0.429,0.002,0.002,0.007
31/05/2019 02:00,0.0,0.0,0.007,0.013,0.331,0.001,0.001,0.003
31/05/2019 03:00,0.0,0.0,0.01,0.016,0.27,0.001,0.0,0.002
31/05/2019 04:00,0.001,0.001,0.001,0.004,0.363,0.002,0.001,0.004
31/05/2019 05:00,0.001,0.001,0.018,0.024,0.329,0.002,0.002,0.005
31/05/2019 06:00,0.004,0.004,0.058,0.068,0.215,0.002,0.002,0.004
31/05/2019 07:00,0.007,0.007,0.108,0.127,0.114,0.002,0.001,0.004
31/05/2019 08:00,0.01,0.01,0.165,0.195,0.06,0.003,0.002,0.005
31/05/2019 09:00,0.014,0.014,0.184,0.218,0.049,0.004,0.003,0.008
31/05/2019 10:00,0.019,0.019,0.178,0.21,0.051,0.005,0.004,0.01
31/05/2019 11:00,0.023,0.023,0.17,0.201,0.062,0.007,0.006,0.014
31/05/2019 12:00,0.025,0.025,0.159,0.188,0.079,0.01,0.008,0.018
31/05/2019 13:00,0.025,0.025,0.143,0.169,0.106,0.011,0.009,0.02
31/05/2019 14:00,0.022,0.022,0.122,0.143,0.145,0.013,0.012,0.028
31/05/2019 15:00,0.018,0.018,0.102,0.119,0.199,0.024,0.021,0.063
31/05/2019 16:00,0.018,0.018,0.093,0.109,0.289,0.037,0.033,0.104
31/05/2019 17:00,0.02,0.02,0.074,0.086,0.38,0.041,0.037,0.127
31/05/2019 18:00,0.023,0.023,0.049,0.058,0.492,0.045,0.041,0.152
31/05/2019 19:00,0.027,0.027,0.028,0.035,0.547,0.045,0.041,0.151
31/05/2019 20:00,0.031,0.031,0.017,0.023,0.552,0.037,0.034,0.12
31/05/2019 21:00,0.019,0.019,0.01,0.016,0.554,0.027,0.024,0.087
31/05/2019 22:00,0.01,0.01,0.009,0.014,0.57,0.016,0.014,0.054
31/05/2019 23:00,0.01,0.01,0.008,0.014,0.563,0.01,0.009,0.034
01/06/2019 00:00,0.021,0.021,0.008,0.013,0.482,0.009,0.007,0.029
01/06/2019 01:00,0.043,0.043,0.007,0.013,0.373,0.008,0.007,0.027
01/06/2019 02:00,0.058,0.058,0.008,0.014,0.3,0.007,0.005,0.022
01/06/2019 03:00,0.043,0.043,0.008,0.014,0.275,0.005,0.003,0.016
01/06/2019 04:00,0.008,0.008,0.0,0.002,0.385,0.004,0.003,0.011
01/06/2019 05:00,0.0,0.0,0.003,0.007,0.357,0.002,0.001,0.004
01/06/2019 06:00,0.027,0.027,0.026,0.033,0.221,0.0,0.0,0.0
01/06/2019 07:00,0.092,0.092,0.098,0.114,0.123,0.0,0.0,0.0
01/06/2019 08:00,0.157,0.157,0.21,0.248,0.081,0.0,0.0,0.0
01/06/2019 09:00,0.201,0.201,0.26,0.307,0.063,0.0,0.0,0.0
01/06/2019 10:00,0.224,0.224,0.253,0.298,0.053,0.0,0.0,0.0
01/06/2019 11:00,0.234,0.234,0.234,0.276,0.049,0.001,0.0,0.003
01/06/2019 12:00,0.241,0.241,0.22,0.26,0.048,0.002,0.002,0.005
01/06/2019 13:00,0.232,0.232,0.215,0.254,0.048,0.002,0.001,0.004
01/06/2019 14:00,0.183,0.183,0.218,0.257,0.051,0.002,0.001,0.003
01/06/2019 15:00,0.124,0.124,0.216,0.255,0.06,0.002,0.001,0.004
01/06/2019 16:00,0.091,0.091,0.242,0.285,0.083,0.002,0.001,0.006
01/06/2019 17:00,0.052,0.052,0.319,0.374,0.114,0.004,0.003,0.015
01/06/2019 18:00,0.027,0.027,0.426,0.49,0.145,0.009,0.008,0.028
01/06/2019 19:00,0.018,0.018,0.499,0.567,0.152,0.014,0.011,0.037
01/06/2019 20:00,0.014,0.014,0.429,0.493,0.172,0.008,0.007,0.021
01/06/2019 21:00,0.016,0.016,0.3,0.351,0.209,0.002,0.001,0.005
01/06/2019 22:00,0.026,0.026,0.24,0.283,0.22,0.001,0.0,0.002
01/06/2019 23:00,0.042,0.042,0.22,0.26,0.206,0.001,0.0,0.002
02/06/2019 00:00,0.066,0.066,0.163,0.193,0.185,0.001,0.001,0.002
02/06/2019 01:00,0.077,0.077,0.128,0.151,0.152,0.002,0.001,0.003
02/06/2019 02:00,0.099,0.099,0.115,0.136,0.13,0.002,0.001,0.004
02/06/2019 03:00,0.134,0.134,0.107,0.126,0.108,0.002,0.002,0.005
02/06/2019 04:00,0.27,0.27,0.167,0.198,0.146,0.003,0.002,0.006
02/06/2019 05:00,0.495,0.495,0.137,0.162,0.102,0.006,0.005,0.019
02/06/2019 06:00,0.524,0.524,0.081,0.095,0.035,0.016,0.014,0.053
02/06/2019 07:00,0.495,0.495,0.041,0.049,0.011,0.021,0.02,0.075
02/06/2019 08:00,0.458,0.458,0.045,0.053,0.002,0.025,0.023,0.093
02/06/2019 09:00,0.442,0.442,0.078,0.091,0.001,0.029,0.027,0.109
02/06/2019 10:00,0.463,0.463,0.118,0.139,0.002,0.031,0.029,0.117
02/06/2019 11:00,0.505,0.505,0.151,0.178,0.008,0.035,0.032,0.11
02/06/2019 12:00,0.549,0.549,0.178,0.211,0.015,0.028,0.026,0.079
02/06/2019 13:00,0.584,0.584,0.167,0.197,0.025,0.02,0.019,0.054
02/06/2019 14:00,0.57,0.57,0.143,0.169,0.041,0.018,0.016,0.047
02/06/2019 15:00,0.439,0.439,0.107,0.125,0.06,0.014,0.012,0.039
02/06/2019 16:00,0.318,0.318,0.068,0.08,0.085,0.011,0.009,0.033
02/06/2019 17:00,0.177,0.177,0.044,0.053,0.138,0.011,0.009,0.033
02/06/2019 18:00,0.087,0.087,0.034,0.041,0.221,0.021,0.019,0.059
02/06/2019 19:00,0.046,0.046,0.025,0.032,0.398,0.039,0.036,0.105
02/06/2019 20:00,0.015,0.015,0.016,0.022,0.493,0.045,0.041,0.115
02/06/2019 21:00,0.005,0.005,0.017,0.024,0.488,0.057,0.053,0.146
02/06/2019 22:00,0.025,0.025,0.032,0.039,0.42,0.049,0.046,0.128
02/06/2019 23:00,0.073,0.073,0.04,0.048,0.367,0.041,0.037,0.109
03/06/2019 00:00,0.11,0.11,0.034,0.042,0.303,0.034,0.031,0.095
03/06/2019 01:00,0.113,0.113,0.023,0.03,0.248,0.021,0.019,0.063
03/06/2019 02:00,0.096,0.096,0.015,0.021,0.221,0.009,0.007,0.027
03/06/2019 03:00,0.084,0.084,0.009,0.014,0.2,0.002,0.001,0.006
03/06/2019 04:00,0.035,0.035,0.008,0.014,0.21,0.001,0.001,0.004
03/06/2019 05:00,0.007,0.007,0.009,0.014,0.153,0.005,0.004,0.016
03/06/2019 06:00,0.086,0.086,0.023,0.03,0.06,0.013,0.011,0.038
03/06/2019 07:00,0.166,0.166,0.049,0.058,0.013,0.013,0.012,0.041
03/06/2019 08:00,0.221,0.221,0.087,0.102,0.001,0.01,0.009,0.034
03/06/2019 09:00,0.273,0.273,0.136,0.161,0.0,0.007,0.006,0.024
03/06/2019 10:00,0.335,0.335,0.182,0.215,0.0,0.008,0.007,0.023
03/06/2019 11:00,0.404,0.404,0.215,0.254,0.002,0.012,0.011,0.028
03/06/2019 12:00,0.481,0.481,0.234,0.276,0.004,0.016,0.014,0.033
03/06/2019 13:00,0.551,0.551,0.227,0.267,0.005,0.017,0.015,0.034
03/06/2019 14:00,0.589,0.589,0.212,0.25,0.006,0.016,0.014,0.033
03/06/2019 15:00,0.515,0.515,0.162,0.191,0.006,0.014,0.011,0.033
03/06/2019 16:00,0.382,0.382,0.117,0.138,0.007,0.013,0.011,0.035
03/06/2019 17:00,0.222,0.222,0.088,0.103,0.006,0.014,0.012,0.045
03/06/2019 18:00,0.108,0.108,0.057,0.068,0.004,0.019,0.016,0.067
03/06/2019 19:00,0.035,0.035,0.028,0.035,0.002,0.035,0.031,0.121
03/06/2019 20:00,0.008,0.008,0.01,0.016,0.003,0.05,0.047,0.167
03/06/2019 21:00,0.004,0.004,0.002,0.006,0.021,0.053,0.048,0.166
03/06/2019 22:00,0.021,0.021,0.001,0.003,0.056,0.038,0.034,0.115
03/06/2019 23:00,0.044,0.044,0.001,0.003,0.09,0.018,0.016,0.052
04/06/2019 00:00,0.051,0.051,0.001,0.003,0.125,0.011,0.009,0.027
04/06/2019 01:00,0.052,0.052,0.001,0.003,0.143,0.008,0.007,0.019
04/06/2019 02:00,0.048,0.048,0.001,0.004,0.141,0.007,0.005,0.015
04/06/2019 03:00,0.044,0.044,0.002,0.006,0.127,0.004,0.003,0.01
04/06/2019 04:00,0.013,0.013,0.0,0.0,0.14,0.002,0.001,0.003
04/06/2019 05:00,0.03,0.03,0.0,0.0,0.12,0.0,0.0,0.001
04/06/2019 06:00,0.186,0.186,0.004,0.009,0.07,0.001,0.001,0.002
04/06/2019 07:00,0.302,0.302,0.036,0.044,0.021,0.002,0.001,0.005
04/06/2019 08:00,0.38,0.38,0.104,0.122,0.003,0.003,0.002,0.009
04/06/2019 09:00,0.441,0.441,0.197,0.233,0.003,0.007,0.005,0.018
04/06/2019 10:00,0.479,0.479,0.244,0.287,0.007,0.013,0.012,0.034
04/06/2019 11:00,0.503,0.503,0.264,0.311,0.015,0.022,0.02,0.057
04/06/2019 12:00,0.529,0.529,0.272,0.32,0.024,0.029,0.027,0.074
04/06/2019 13:00,0.556,0.556,0.267,0.314,0.028,0.029,0.027,0.073
04/06/2019 14:00,0.546,0.546,0.236,0.278,0.023,0.025,0.023,0.064
04/06/2019 15:00,0.414,0.414,0.164,0.193,0.015,0.013,0.011,0.037
04/06/2019 16:00,0.302,0.302,0.076,0.089,0.009,0.007,0.005,0.021
04/06/2019 17:00,0.196,0.196,0.024,0.031,0.005,0.007,0.005,0.021
04/06/2019 18:00,0.115,0.115,0.008,0.013,0.004,0.008,0.007,0.025
04/06/2019 19:00,0.065,0.065,0.003,0.007,0.004,0.008,0.007,0.022
04/06/2019 20:00,0.039,0.039,0.003,0.007,0.003,0.008,0.006,0.019
04/06/2019 21:00,0.026,0.026,0.006,0.011,0.001,0.009,0.007,0.019
04/06/2019 22:00,0.021,0.021,0.01,0.016,0.002,0.011,0.009,0.023
04/06/2019 23:00,0.025,0.025,0.014,0.02,0.016,0.013,0.011,0.028
05/06/2019 00:00,0.038,0.038,0.02,0.027,0.042,0.014,0.011,0.028
05/06/2019 01:00,0.055,0.055,0.03,0.038,0.062,0.011,0.01,0.024
05/06/2019 02:00,0.065,0.065,0.036,0.044,0.084,0.009,0.008,0.02
05/06/2019 03:00,0.063,0.063,0.037,0.045,0.11,0.009,0.008,0.023
05/06/2019 04:00,0.017,0.017,0.022,0.029,0.152,0.014,0.013,0.037
05/06/2019 05:00,0.0,0.0,0.037,0.045,0.152,0.021,0.02,0.055
05/06/2019 06:00,0.01,0.01,0.085,0.1,0.106,0.021,0.019,0.052
05/06/2019 07:00,0.048,0.048,0.149,0.176,0.05,0.017,0.015,0.041
05/06/2019 08:00,0.081,0.081,0.228,0.269,0.015,0.013,0.011,0.029
05/06/2019 09:00,0.112,0.112,0.303,0.355,0.002,0.011,0.009,0.018
05/06/2019 10:00,0.141,0.141,0.354,0.413,0.001,0.016,0.015,0.029
05/06/2019 11:00,0.183,0.183,0.377,0.437,0.001,0.021,0.019,0.042
05/06/2019 12:00,0.236,0.236,0.377,0.437,0.002,0.029,0.027,0.063
05/06/2019 13:00,0.287,0.287,0.358,0.416,0.003,0.038,0.036,0.088
05/06/2019 14:00,0.32,0.32,0.301,0.353,0.004,0.045,0.041,0.108
05/06/2019 15:00,0.302,0.302,0.183,0.216,0.006,0.037,0.034,0.1
05/06/2019 16:00,0.284,0.284,0.069,0.081,0.011,0.03,0.027,0.085
05/06/2019 17:00,0.232,0.232,0.017,0.023,0.021,0.025,0.022,0.069
05/06/2019 18:00,0.164,0.164,0.004,0.009,0.041,0.018,0.016,0.049
05/06/2019 19:00,0.11,0.11,0.004,0.008,0.063,0.016,0.014,0.042
05/06/2019 20:00,0.08,0.08,0.006,0.011,0.097,0.017,0.015,0.043
05/06/2019 21:00,0.072,0.072,0.007,0.012,0.14,0.024,0.022,0.064
05/06/2019 22:00,0.072,0.072,0.01,0.016,0.186,0.023,0.021,0.059
05/06/2019 23:00,0.075,0.075,0.015,0.021,0.198,0.02,0.017,0.049
06/06/2019 00:00,0.073,0.073,0.021,0.028,0.195,0.013,0.011,0.031
06/06/2019 01:00,0.071,0.071,0.029,0.037,0.194,0.007,0.006,0.017
06/06/2019 02:00,0.068,0.068,0.041,0.05,0.185,0.004,0.003,0.009
06/06/2019 03:00,0.06,0.06,0.051,0.06,0.221,0.003,0.002,0.007
06/06/2019 04:00,0.019,0.019,0.044,0.053,0.256,0.003,0.002,0.006
06/06/2019 05:00,0.004,0.004,0.093,0.109,0.236,0.007,0.006,0.015
06/06/2019 06:00,0.016,0.016,0.217,0.257,0.132,0.014,0.012,0.03
06/06/2019 07:00,0.04,0.04,0.302,0.354,0.065,0.016,0.015,0.039
06/06/2019 08:00,0.068,0.068,0.35,0.407,0.039,0.011,0.01,0.031
06/06/2019 09:00,0.093,0.093,0.379,0.44,0.03,0.008,0.007,0.024
06/06/2019 10:00,0.117,0.117,0.409,0.472,0.028,0.008,0.007,0.023
06/06/2019 11:00,0.142,0.142,0.444,0.51,0.03,0.009,0.008,0.025
06/06/2019 12:00,0.169,0.169,0.465,0.531,0.037,0.013,0.011,0.03
06/06/2019 13:00,0.197,0.197,0.462,0.529,0.048,0.015,0.013,0.032
06/06/2019 14:00,0.216,0.216,0.411,0.475,0.062,0.02,0.018,0.042
06/06/2019 15:00,0.199,0.199,0.248,0.293,0.075,0.026,0.023,0.063
06/06/2019 16:00,0.177,0.177,0.131,0.154,0.114,0.02,0.017,0.051
06/06/2019 17:00,0.137,0.137,0.105,0.123,0.185,0.011,0.008,0.027
06/06/2019 18:00,0.096,0.096,0.143,0.169,0.269,0.012,0.01,0.033
06/06/2019 19:00,0.064,0.064,0.191,0.226,0.305,0.016,0.014,0.049
06/06/2019 20:00,0.047,0.047,0.208,0.246,0.35,0.019,0.016,0.06
06/06/2019 21:00,0.032,0.032,0.198,0.234,0.348,0.02,0.017,0.066
06/06/2019 22:00,0.022,0.022,0.166,0.196,0.326,0.015,0.013,0.049
06/06/2019 23:00,0.023,0.023,0.138,0.162,0.295,0.008,0.006,0.025
07/06/2019 00:00,0.026,0.026,0.122,0.144,0.23,0.004,0.003,0.014
07/06/2019 01:00,0.031,0.031,0.102,0.12,0.191,0.003,0.002,0.01
07/06/2019 02:00,0.05,0.05,0.084,0.098,0.15,0.003,0.002,0.009
07/06/2019 03:00,0.075,0.075,0.066,0.077,0.124,0.003,0.002,0.009
07/06/2019 04:00,0.058,0.058,0.061,0.072,0.18,0.002,0.001,0.005
07/06/2019 05:00,0.024,0.024,0.123,0.145,0.192,0.001,0.001,0.004
07/06/2019 06:00,0.007,0.007,0.184,0.218,0.139,0.001,0.001,0.003
07/06/2019 07:00,0.002,0.002,0.227,0.268,0.092,0.001,0.001,0.003
07/06/2019 08:00,0.002,0.002,0.267,0.314,0.066,0.001,0.001,0.003
07/06/2019 09:00,0.004,0.004,0.288,0.338,0.049,0.001,0.001,0.002
07/06/2019 10:00,0.007,0.007,0.288,0.338,0.038,0.003,0.002,0.004
07/06/2019 11:00,0.008,0.008,0.278,0.327,0.031,0.003,0.003,0.006
07/06/2019 12:00,0.007,0.007,0.273,0.321,0.026,0.004,0.003,0.007
07/06/2019 13:00,0.005,0.005,0.269,0.316,0.027,0.004,0.003,0.008
07/06/2019 14:00,0.005,0.005,0.239,0.282,0.032,0.007,0.006,0.018
07/06/2019 15:00,0.004,0.004,0.154,0.182,0.042,0.019,0.016,0.055
07/06/2019 16:00,0.006,0.006,0.067,0.078,0.067,0.038,0.034,0.11
07/06/2019 17:00,0.015,0.015,0.019,0.026,0.106,0.056,0.051,0.165
07/06/2019 18:00,0.022,0.022,0.003,0.007,0.166,0.069,0.064,0.202
07/06/2019 19:00,0.026,0.026,0.001,0.003,0.249,0.072,0.066,0.209
07/06/2019 20:00,0.034,0.034,0.002,0.005,0.302,0.058,0.054,0.174
07/06/2019 21:00,0.05,0.05,0.005,0.01,0.331,0.052,0.048,0.155
07/06/2019 22:00,0.076,0.076,0.014,0.02,0.429,0.046,0.042,0.132
07/06/2019 23:00,0.113,0.113,0.022,0.029,0.453,0.041,0.037,0.109
08/06/2019 00:00,0.157,0.157,0.023,0.03,0.391,0.039,0.035,0.101
08/06/2019 01:00,0.207,0.207,0.026,0.033,0.306,0.036,0.033,0.092
08/06/2019 02:00,0.261,0.261,0.03,0.037,0.214,0.037,0.034,0.092
08/06/2019 03:00,0.293,0.293,0.027,0.035,0.159,0.033,0.03,0.083
08/06/2019 04:00,0.288,0.288,0.01,0.016,0.198,0.032,0.029,0.077
08/06/2019 05:00,0.266,0.266,0.026,0.033,0.169,0.035,0.033,0.085
08/06/2019 06:00,0.189,0.189,0.04,0.048,0.092,0.026,0.024,0.059
08/06/2019 07:00,0.12,0.12,0.034,0.042,0.045,0.019,0.017,0.039
08/06/2019 08:00,0.061,0.061,0.04,0.048,0.028,0.014,0.013,0.028
08/06/2019 09:00,0.033,0.033,0.056,0.066,0.02,0.014,0.013,0.027
08/06/2019 10:00,0.019,0.019,0.076,0.09,0.018,0.015,0.014,0.029
08/06/2019 11:00,0.006,0.006,0.066,0.078,0.02,0.02,0.019,0.04
08/06/2019 12:00,0.002,0.002,0.074,0.087,0.024,0.029,0.027,0.06
08/06/2019 13:00,0.005,0.005,0.098,0.115,0.036,0.042,0.039,0.088
08/06/2019 14:00,0.015,0.015,0.095,0.112,0.06,0.061,0.058,0.137
08/06/2019 15:00,0.028,0.028,0.076,0.089,0.088,0.089,0.082,0.23
08/06/2019 16:00,0.029,0.029,0.056,0.067,0.145,0.128,0.119,0.336
08/06/2019 17:00,0.017,0.017,0.053,0.063,0.229,0.14,0.131,0.372
08/06/2019 18:00,0.005,0.005,0.054,0.064,0.269,0.116,0.107,0.323
08/06/2019 19:00,0.002,0.002,0.047,0.056,0.339,0.082,0.076,0.241
08/06/2019 20:00,0.003,0.003,0.035,0.043,0.44,0.062,0.057,0.185
08/06/2019 21:00,0.006,0.006,0.024,0.031,0.504,0.035,0.032,0.108
08/06/2019 22:00,0.009,0.009,0.016,0.022,0.496,0.02,0.018,0.06
08/06/2019 23:00,0.014,0.014,0.013,0.02,0.42,0.011,0.01,0.033
09/06/2019 00:00,0.027,0.027,0.016,0.022,0.318,0.005,0.004,0.014
09/06/2019 01:00,0.049,0.049,0.017,0.024,0.233,0.003,0.002,0.007
09/06/2019 02:00,0.084,0.084,0.015,0.021,0.186,0.004,0.003,0.008
09/06/2019 03:00,0.131,0.131,0.009,0.015,0.18,0.01,0.008,0.019
09/06/2019 04:00,0.15,0.15,0.014,0.02,0.208,0.032,0.029,0.064
09/06/2019 05:00,0.241,0.241,0.023,0.03,0.179,0.115,0.11,0.255
09/06/2019 06:00,0.372,0.372,0.028,0.036,0.113,0.15,0.145,0.332
09/06/2019 07:00,0.387,0.387,0.031,0.038,0.053,0.133,0.128,0.298
09/06/2019 08:00,0.355,0.355,0.033,0.041,0.022,0.111,0.107,0.251
09/06/2019 09:00,0.298,0.298,0.013,0.02,0.009,0.102,0.098,0.229
09/06/2019 10:00,0.25,0.25,0.008,0.014,0.006,0.1,0.097,0.225
09/06/2019 11:00,0.222,0.222,0.014,0.02,0.006,0.103,0.098,0.227
09/06/2019 12:00,0.197,0.197,0.017,0.024,0.008,0.108,0.104,0.236
09/06/2019 13:00,0.181,0.181,0.012,0.018,0.014,0.115,0.11,0.249
09/06/2019 14:00,0.163,0.163,0.007,0.012,0.033,0.112,0.107,0.244
09/06/2019 15:00,0.15,0.15,0.007,0.012,0.078,0.068,0.064,0.159
09/06/2019 16:00,0.174,0.174,0.007,0.013,0.15,0.04,0.036,0.098
09/06/2019 17:00,0.181,0.181,0.007,0.013,0.244,0.031,0.028,0.077
09/06/2019 18:00,0.154,0.154,0.008,0.013,0.314,0.029,0.026,0.074
09/06/2019 19:00,0.14,0.14,0.008,0.014,0.353,0.031,0.028,0.081
09/06/2019 20:00,0.135,0.135,0.008,0.014,0.349,0.03,0.027,0.076
09/06/2019 21:00,0.14,0.14,0.008,0.013,0.306,0.031,0.028,0.08
09/06/2019 22:00,0.17,0.17,0.009,0.014,0.227,0.034,0.03,0.085
09/06/2019 23:00,0.169,0.169,0.009,0.015,0.179,0.034,0.031,0.082
10/06/2019 00:00,0.16,0.16,0.006,0.012,0.147,0.038,0.034,0.089
10/06/2019 01:00,0.162,0.162,0.005,0.01,0.122,0.051,0.046,0.121
10/06/2019 02:00,0.158,0.158,0.006,0.01,0.102,0.061,0.056,0.142
10/06/2019 03:00,0.159,0.159,0.015,0.021,0.092,0.066,0.061,0.152
10/06/2019 04:00,0.161,0.161,0.021,0.028,0.104,0.083,0.079,0.178
10/06/2019 05:00,0.174,0.174,0.022,0.029,0.071,0.128,0.123,0.273
10/06/2019 06:00,0.111,0.111,0.017,0.023,0.033,0.141,0.137,0.301
10/06/2019 07:00,0.058,0.058,0.022,0.029,0.013,0.125,0.121,0.271
10/06/2019 08:00,0.028,0.028,0.033,0.041,0.004,0.106,0.103,0.229
10/06/2019 09:00,0.013,0.013,0.042,0.05,0.001,0.085,0.082,0.186
10/06/2019 10:00,0.01,0.01,0.063,0.074,0.001,0.071,0.068,0.156
10/06/2019 11:00,0.004,0.004,0.1,0.117,0.001,0.061,0.059,0.135
10/06/2019 12:00,0.001,0.001,0.129,0.151,0.001,0.052,0.049,0.113
10/06/2019 13:00,0.001,0.001,0.128,0.15,0.001,0.043,0.041,0.092
10/06/2019 14:00,0.001,0.001,0.099,0.116,0.001,0.035,0.033,0.076
10/06/2019 15:00,0.002,0.002,0.052,0.061,0.002,0.037,0.034,0.093
10/06/2019 16:00,0.001,0.001,0.025,0.032,0.003,0.059,0.053,0.161
10/06/2019 17:00,0.0,0.0,0.016,0.022,0.007,0.091,0.084,0.254
10/06/2019 18:00,0.0,0.0,0.011,0.017,0.017,0.126,0.119,0.343
10/06/2019 19:00,0.001,0.001,0.006,0.011,0.03,0.145,0.138,0.387
10/06/2019 20:00,0.008,0.008,0.003,0.007,0.059,0.141,0.133,0.377
10/06/2019 21:00,0.017,0.017,0.001,0.003,0.123,0.113,0.106,0.31
10/06/2019 22:00,0.024,0.024,0.0,0.002,0.22,0.069,0.065,0.194
10/06/2019 23:00,0.032,0.032,0.002,0.005,0.295,0.028,0.025,0.078
11/06/2019 00:00,0.045,0.045,0.004,0.008,0.346,0.009,0.007,0.025
11/06/2019 01:00,0.058,0.058,0.004,0.008,0.358,0.004,0.003,0.012
11/06/2019 02:00,0.071,0.071,0.002,0.006,0.326,0.003,0.002,0.008
11/06/2019 03:00,0.077,0.077,0.002,0.005,0.277,0.002,0.001,0.005
11/06/2019 04:00,0.069,0.069,0.006,0.012,0.298,0.004,0.003,0.008
11/06/2019 05:00,0.041,0.041,0.016,0.022,0.285,0.014,0.013,0.03
11/06/2019 06:00,0.009,0.009,0.012,0.018,0.22,0.024,0.022,0.049
11/06/2019 07:00,0.002,0.002,0.009,0.014,0.145,0.029,0.027,0.058
11/06/2019 08:00,0.001,0.001,0.008,0.013,0.089,0.029,0.027,0.059
11/06/2019 09:00,0.001,0.001,0.014,0.021,0.053,0.025,0.023,0.05
11/06/2019 10:00,0.013,0.013,0.042,0.051,0.031,0.022,0.02,0.043
11/06/2019 11:00,0.041,0.041,0.077,0.09,0.021,0.021,0.02,0.04
11/06/2019 12:00,0.078,0.078,0.103,0.121,0.018,0.02,0.018,0.036
11/06/2019 13:00,0.113,0.113,0.127,0.15,0.02,0.018,0.016,0.033
11/06/2019 14:00,0.143,0.143,0.143,0.169,0.024,0.019,0.017,0.039
11/06/2019 15:00,0.167,0.167,0.12,0.142,0.025,0.026,0.023,0.066
11/06/2019 16:00,0.208,0.208,0.069,0.081,0.036,0.044,0.039,0.121
11/06/2019 17:00,0.217,0.217,0.028,0.035,0.057,0.073,0.067,0.209
11/06/2019 18:00,0.191,0.191,0.008,0.014,0.079,0.12,0.111,0.334
11/06/2019 19:00,0.149,0.149,0.002,0.006,0.099,0.169,0.159,0.446
11/06/2019 20:00,0.096,0.096,0.007,0.012,0.12,0.176,0.166,0.455
11/06/2019 21:00,0.051,0.051,0.011,0.017,0.155,0.138,0.129,0.366
11/06/2019 22:00,0.025,0.025,0.011,0.017,0.194,0.089,0.083,0.251
11/06/2019 23:00,0.012,0.012,0.011,0.017,0.188,0.049,0.045,0.142
12/06/2019 00:00,0.008,0.008,0.016,0.023,0.244,0.024,0.021,0.072
12/06/2019 01:00,0.008,0.008,0.021,0.028,0.306,0.012,0.009,0.034
12/06/2019 02:00,0.016,0.016,0.032,0.04,0.339,0.005,0.004,0.015
12/06/2019 03:00,0.034,0.034,0.054,0.063,0.29,0.004,0.002,0.011
12/06/2019 04:00,0.033,0.033,0.041,0.05,0.418,0.012,0.01,0.029
12/06/2019 05:00,0.013,0.013,0.03,0.037,0.477,0.043,0.041,0.096
12/06/2019 06:00,0.002,0.002,0.074,0.087,0.409,0.057,0.055,0.127
12/06/2019 07:00,0.0,0.0,0.102,0.12,0.261,0.067,0.064,0.148
12/06/2019 08:00,0.0,0.0,0.135,0.159,0.159,0.082,0.079,0.181
12/06/2019 09:00,0.0,0.0,0.173,0.204,0.123,0.072,0.069,0.155
12/06/2019 10:00,0.005,0.005,0.204,0.241,0.119,0.056,0.054,0.125
12/06/2019 11:00,0.013,0.013,0.232,0.273,0.119,0.051,0.049,0.113
12/06/2019 12:00,0.028,0.028,0.249,0.293,0.119,0.049,0.047,0.107
12/06/2019 13:00,0.048,0.048,0.236,0.279,0.128,0.046,0.044,0.097
12/06/2019 14:00,0.077,0.077,0.166,0.196,0.16,0.041,0.038,0.087
12/06/2019 15:00,0.09,0.09,0.056,0.066,0.198,0.03,0.027,0.073
12/06/2019 16:00,0.097,0.097,0.008,0.014,0.276,0.034,0.03,0.093
12/06/2019 17:00,0.083,0.083,0.004,0.008,0.339,0.057,0.052,0.162
12/06/2019 18:00,0.059,0.059,0.04,0.048,0.349,0.094,0.088,0.262
12/06/2019 19:00,0.031,0.031,0.083,0.098,0.401,0.125,0.118,0.335
12/06/2019 20:00,0.025,0.025,0.099,0.116,0.463,0.142,0.134,0.372
12/06/2019 21:00,0.043,0.043,0.099,0.116,0.549,0.104,0.098,0.271
12/06/2019 22:00,0.071,0.071,0.091,0.107,0.575,0.068,0.064,0.18
12/06/2019 23:00,0.104,0.104,0.078,0.091,0.523,0.054,0.049,0.142
13/06/2019 00:00,0.129,0.129,0.071,0.083,0.456,0.045,0.041,0.122
13/06/2019 01:00,0.149,0.149,0.071,0.083,0.384,0.035,0.031,0.096
13/06/2019 02:00,0.166,0.166,0.11,0.129,0.323,0.024,0.021,0.066
13/06/2019 03:00,0.159,0.159,0.156,0.185,0.287,0.011,0.009,0.031
13/06/2019 04:00,0.105,0.105,0.174,0.205,0.411,0.007,0.006,0.018
13/06/2019 05:00,0.058,0.058,0.192,0.227,0.452,0.022,0.02,0.05
13/06/2019 06:00,0.017,0.017,0.192,0.227,0.368,0.035,0.033,0.077
13/06/2019 07:00,0.002,0.002,0.176,0.208,0.258,0.033,0.031,0.069
13/06/2019 08:00,0.001,0.001,0.173,0.204,0.188,0.028,0.026,0.056
13/06/2019 09:00,0.001,0.001,0.196,0.231,0.152,0.023,0.021,0.047
13/06/2019 10:00,0.0,0.0,0.2,0.237,0.132,0.02,0.019,0.042
13/06/2019 11:00,0.001,0.001,0.202,0.239,0.121,0.021,0.02,0.044
13/06/2019 12:00,0.002,0.002,0.225,0.265,0.118,0.029,0.028,0.064
13/06/2019 13:00,0.007,0.007,0.232,0.273,0.151,0.042,0.039,0.093
13/06/2019 14:00,0.013,0.013,0.164,0.193,0.233,0.056,0.052,0.133
13/06/2019 15:00,0.02,0.02,0.057,0.068,0.303,0.075,0.069,0.196
13/06/2019 16:00,0.031,0.031,0.019,0.025,0.341,0.112,0.104,0.292
13/06/2019 17:00,0.04,0.04,0.02,0.027,0.319,0.146,0.137,0.372
13/06/2019 18:00,0.037,0.037,0.03,0.038,0.303,0.159,0.151,0.399
13/06/2019 19:00,0.025,0.025,0.033,0.041,0.279,0.164,0.155,0.409
13/06/2019 20:00,0.01,0.01,0.04,0.049,0.315,0.159,0.15,0.399
13/06/2019 21:00,0.008,0.008,0.057,0.067,0.572,0.126,0.12,0.324
13/06/2019 22:00,0.018,0.018,0.084,0.099,0.672,0.095,0.089,0.249
13/06/2019 23:00,0.027,0.027,0.118,0.139,0.567,0.042,0.038,0.107
14/06/2019 00:00,0.023,0.023,0.144,0.17,0.543,0.019,0.016,0.046
14/06/2019 01:00,0.013,0.013,0.155,0.183,0.554,0.013,0.011,0.032
14/06/2019 02:00,0.007,0.007,0.149,0.176,0.476,0.016,0.013,0.038
14/06/2019 03:00,0.005,0.005,0.124,0.146,0.325,0.02,0.017,0.046
14/06/2019 04:00,0.004,0.004,0.108,0.127,0.363,0.024,0.021,0.048
14/06/2019 05:00,0.001,0.001,0.243,0.287,0.429,0.06,0.058,0.135
14/06/2019 06:00,0.002,0.002,0.32,0.374,0.333,0.087,0.083,0.2
14/06/2019 07:00,0.003,0.003,0.264,0.311,0.153,0.088,0.085,0.203
14/06/2019 08:00,0.002,0.002,0.184,0.218,0.084,0.079,0.076,0.183
14/06/2019 09:00,0.001,0.001,0.126,0.149,0.06,0.068,0.066,0.157
14/06/2019 10:00,0.001,0.001,0.092,0.108,0.039,0.059,0.056,0.13
14/06/2019 11:00,0.001,0.001,0.082,0.096,0.048,0.056,0.054,0.12
14/06/2019 12:00,0.014,0.014,0.097,0.114,0.079,0.059,0.056,0.124
14/06/2019 13:00,0.028,0.028,0.12,0.142,0.129,0.065,0.061,0.14
14/06/2019 14:00,0.057,0.057,0.107,0.125,0.185,0.074,0.07,0.169
14/06/2019 15:00,0.146,0.146,0.04,0.048,0.21,0.08,0.074,0.207
14/06/2019 16:00,0.238,0.238,0.004,0.008,0.221,0.09,0.083,0.242
14/06/2019 17:00,0.234,0.234,0.001,0.004,0.287,0.09,0.084,0.246
14/06/2019 18:00,0.204,0.204,0.01,0.016,0.317,0.1,0.094,0.264
14/06/2019 19:00,0.172,0.172,0.021,0.028,0.305,0.094,0.088,0.246
14/06/2019 20:00,0.149,0.149,0.025,0.032,0.308,0.06,0.055,0.151
14/06/2019 21:00,0.144,0.144,0.032,0.04,0.368,0.042,0.038,0.101
14/06/2019 22:00,0.144,0.144,0.042,0.051,0.485,0.035,0.031,0.082
14/06/2019 23:00,0.154,0.154,0.053,0.062,0.528,0.025,0.022,0.057
15/06/2019 00:00,0.161,0.161,0.065,0.077,0.571,0.017,0.014,0.037
15/06/2019 01:00,0.166,0.166,0.075,0.087,0.545,0.014,0.012,0.031
15/06/2019 02:00,0.173,0.173,0.082,0.096,0.49,0.013,0.01,0.028
15/06/2019 03:00,0.169,0.169,0.082,0.096,0.442,0.014,0.012,0.032
15/06/2019 04:00,0.141,0.141,0.061,0.072,0.515,0.025,0.023,0.054
15/06/2019 05:00,0.123,0.123,0.024,0.031,0.456,0.036,0.034,0.081
15/06/2019 06:00,0.062,0.062,0.002,0.005,0.313,0.042,0.04,0.095
15/06/2019 07:00,0.017,0.017,0.002,0.005,0.196,0.043,0.041,0.098
15/06/2019 08:00,0.005,0.005,0.013,0.02,0.139,0.038,0.036,0.086
15/06/2019 09:00,0.002,0.002,0.052,0.062,0.099,0.025,0.024,0.057
15/06/2019 10:00,0.002,0.002,0.102,0.12,0.065,0.014,0.013,0.032
15/06/2019 11:00,0.001,0.001,0.145,0.171,0.052,0.015,0.013,0.03
15/06/2019 12:00,0.001,0.001,0.177,0.209,0.046,0.018,0.017,0.039
15/06/2019 13:00,0.0,0.0,0.189,0.223,0.041,0.025,0.023,0.058
15/06/2019 14:00,0.0,0.0,0.177,0.209,0.044,0.034,0.032,0.085
15/06/2019 15:00,0.004,0.004,0.117,0.138,0.063,0.039,0.035,0.109
15/06/2019 16:00,0.02,0.02,0.04,0.048,0.124,0.034,0.031,0.098
15/06/2019 17:00,0.035,0.035,0.006,0.011,0.205,0.023,0.02,0.069
15/06/2019 18:00,0.041,0.041,0.005,0.01,0.336,0.015,0.013,0.046
15/06/2019 19:00,0.046,0.046,0.013,0.019,0.509,0.009,0.007,0.028
15/06/2019 20:00,0.054,0.054,0.023,0.03,0.56,0.008,0.006,0.023
15/06/2019 21:00,0.055,0.055,0.03,0.038,0.533,0.009,0.008,0.025
15/06/2019 22:00,0.068,0.068,0.036,0.044,0.533,0.011,0.009,0.028
15/06/2019 23:00,0.079,0.079,0.05,0.06,0.584,0.011,0.01,0.028
16/06/2019 00:00,0.08,0.08,0.066,0.078,0.596,0.01,0.008,0.023
16/06/2019 01:00,0.078,0.078,0.074,0.087,0.564,0.008,0.006,0.017
16/06/2019 02:00,0.079,0.079,0.073,0.086,0.516,0.008,0.006,0.018
16/06/2019 03:00,0.057,0.057,0.059,0.069,0.485,0.015,0.013,0.034
16/06/2019 04:00,0.022,0.022,0.029,0.036,0.511,0.032,0.029,0.072
16/06/2019 05:00,0.004,0.004,0.008,0.013,0.449,0.06,0.057,0.143
16/06/2019 06:00,0.003,0.003,0.013,0.02,0.3,0.068,0.065,0.166
16/06/2019 07:00,0.001,0.001,0.03,0.038,0.178,0.056,0.053,0.137
16/06/2019 08:00,0.009,0.009,0.06,0.071,0.112,0.036,0.034,0.097
16/06/2019 09:00,0.025,0.025,0.097,0.114,0.092,0.022,0.02,0.063
16/06/2019 10:00,0.038,0.038,0.124,0.146,0.079,0.015,0.013,0.043
16/06/2019 11:00,0.044,0.044,0.13,0.153,0.069,0.01,0.009,0.031
16/06/2019 12:00,0.043,0.043,0.124,0.146,0.066,0.011,0.009,0.027
16/06/2019 13:00,0.045,0.045,0.107,0.126,0.073,0.013,0.011,0.031
16/06/2019 14:00,0.049,0.049,0.079,0.093,0.093,0.026,0.024,0.066
16/06/2019 15:00,0.042,0.042,0.043,0.052,0.117,0.048,0.043,0.137
16/06/2019 16:00,0.039,0.039,0.021,0.028,0.159,0.066,0.061,0.194
16/06/2019 17:00,0.044,0.044,0.009,0.014,0.219,0.068,0.063,0.192
16/06/2019 18:00,0.052,0.052,0.002,0.006,0.273,0.067,0.063,0.175
16/06/2019 19:00,0.047,0.047,0.004,0.008,0.367,0.057,0.053,0.141
16/06/2019 20:00,0.033,0.033,0.014,0.02,0.552,0.044,0.04,0.107
16/06/2019 21:00,0.024,0.024,0.036,0.044,0.688,0.028,0.024,0.066
16/06/2019 22:00,0.031,0.031,0.064,0.075,0.756,0.015,0.013,0.035
16/06/2019 23:00,0.066,0.066,0.078,0.091,0.686,0.011,0.009,0.024
17/06/2019 00:00,0.128,0.128,0.071,0.083,0.568,0.012,0.01,0.027
17/06/2019 01:00,0.214,0.214,0.062,0.073,0.46,0.026,0.023,0.06
17/06/2019 02:00,0.297,0.297,0.047,0.056,0.409,0.056,0.052,0.135
17/06/2019 03:00,0.368,0.368,0.021,0.028,0.359,0.071,0.066,0.171
17/06/2019 04:00,0.35,0.35,0.004,0.008,0.414,0.068,0.065,0.158
17/06/2019 05:00,0.385,0.385,0.005,0.01,0.451,0.057,0.054,0.133
17/06/2019 06:00,0.198,0.198,0.021,0.027,0.423,0.04,0.037,0.092
17/06/2019 07:00,0.061,0.061,0.073,0.086,0.333,0.028,0.026,0.062
17/06/2019 08:00,0.019,0.019,0.118,0.139,0.241,0.018,0.016,0.039
17/06/2019 09:00,0.012,0.012,0.108,0.127,0.181,0.009,0.008,0.019
17/06/2019 10:00,0.008,0.008,0.087,0.102,0.158,0.005,0.004,0.01
17/06/2019 11:00,0.003,0.003,0.094,0.11,0.152,0.005,0.004,0.009
17/06/2019 12:00,0.0,0.0,0.118,0.138,0.157,0.009,0.007,0.016
17/06/2019 13:00,0.002,0.002,0.151,0.178,0.183,0.018,0.016,0.035
17/06/2019 14:00,0.006,0.006,0.159,0.188,0.237,0.033,0.031,0.072
17/06/2019 15:00,0.005,0.005,0.102,0.12,0.308,0.056,0.052,0.15
17/06/2019 16:00,0.002,0.002,0.047,0.056,0.345,0.094,0.087,0.26
17/06/2019 17:00,0.005,0.005,0.017,0.023,0.385,0.126,0.119,0.349
17/06/2019 18:00,0.018,0.018,0.013,0.02,0.442,0.151,0.142,0.406
17/06/2019 19:00,0.03,0.03,0.023,0.03,0.516,0.168,0.159,0.436
17/06/2019 20:00,0.035,0.035,0.019,0.025,0.529,0.16,0.152,0.414
17/06/2019 21:00,0.028,0.028,0.016,0.022,0.564,0.121,0.113,0.318
17/06/2019 22:00,0.018,0.018,0.01,0.016,0.75,0.098,0.092,0.266
17/06/2019 23:00,0.01,0.01,0.012,0.019,0.77,0.065,0.06,0.181
18/06/2019 00:00,0.007,0.007,0.017,0.024,0.705,0.033,0.029,0.093
18/06/2019 01:00,0.008,0.008,0.018,0.025,0.612,0.02,0.017,0.058
18/06/2019 02:00,0.016,0.016,0.022,0.029,0.515,0.02,0.017,0.056
18/06/2019 03:00,0.024,0.024,0.031,0.038,0.409,0.02,0.017,0.056
18/06/2019 04:00,0.02,0.02,0.031,0.038,0.476,0.018,0.016,0.044
18/06/2019 05:00,0.013,0.013,0.051,0.06,0.498,0.024,0.022,0.055
18/06/2019 06:00,0.002,0.002,0.082,0.096,0.412,0.027,0.025,0.056
18/06/2019 07:00,0.0,0.0,0.104,0.122,0.268,0.024,0.023,0.048
18/06/2019 08:00,0.001,0.001,0.114,0.133,0.154,0.019,0.017,0.037
18/06/2019 09:00,0.002,0.002,0.11,0.129,0.098,0.011,0.009,0.02
18/06/2019 10:00,0.002,0.002,0.105,0.123,0.08,0.006,0.005,0.009
18/06/2019 11:00,0.002,0.002,0.112,0.132,0.08,0.004,0.003,0.006
18/06/2019 12:00,0.003,0.003,0.13,0.153,0.088,0.005,0.004,0.008
18/06/2019 13:00,0.005,0.005,0.157,0.185,0.104,0.009,0.007,0.015
18/06/2019 14:00,0.008,0.008,0.184,0.218,0.132,0.021,0.019,0.044
18/06/2019 15:00,0.011,0.011,0.159,0.188,0.171,0.061,0.055,0.164
18/06/2019 16:00,0.012,0.012,0.118,0.139,0.224,0.112,0.104,0.312
18/06/2019 17:00,0.01,0.01,0.114,0.134,0.265,0.121,0.113,0.336
18/06/2019 18:00,0.008,0.008,0.158,0.187,0.307,0.094,0.088,0.27
18/06/2019 19:00,0.009,0.009,0.209,0.247,0.319,0.078,0.072,0.221
18/06/2019 20:00,0.024,0.024,0.243,0.286,0.323,0.084,0.079,0.234
18/06/2019 21:00,0.054,0.054,0.247,0.292,0.37,0.071,0.066,0.193
18/06/2019 22:00,0.104,0.104,0.253,0.298,0.44,0.04,0.037,0.11
18/06/2019 23:00,0.159,0.159,0.213,0.252,0.413,0.02,0.017,0.056
19/06/2019 00:00,0.192,0.192,0.186,0.219,0.431,0.007,0.006,0.022
19/06/2019 01:00,0.185,0.185,0.174,0.206,0.381,0.002,0.002,0.008
19/06/2019 02:00,0.152,0.152,0.182,0.216,0.326,0.001,0.0,0.002
19/06/2019 03:00,0.113,0.113,0.172,0.203,0.27,0.0,0.0,0.0
19/06/2019 04:00,0.058,0.058,0.15,0.177,0.349,0.0,0.0,0.001
19/06/2019 05:00,0.03,0.03,0.147,0.173,0.305,0.002,0.002,0.005
19/06/2019 06:00,0.007,0.007,0.214,0.253,0.177,0.003,0.003,0.008
19/06/2019 07:00,0.012,0.012,0.294,0.345,0.077,0.002,0.002,0.006
19/06/2019 08:00,0.051,0.051,0.364,0.424,0.028,0.002,0.001,0.005
19/06/2019 09:00,0.088,0.088,0.417,0.48,0.016,0.001,0.001,0.004
19/06/2019 10:00,0.105,0.105,0.458,0.524,0.014,0.001,0.0,0.003
19/06/2019 11:00,0.105,0.105,0.491,0.558,0.014,0.001,0.0,0.004
19/06/2019 12:00,0.097,0.097,0.499,0.566,0.014,0.003,0.002,0.009
19/06/2019 13:00,0.089,0.089,0.456,0.523,0.017,0.009,0.008,0.021
19/06/2019 14:00,0.087,0.087,0.313,0.366,0.027,0.019,0.017,0.041
19/06/2019 15:00,0.081,0.081,0.111,0.131,0.049,0.03,0.027,0.074
19/06/2019 16:00,0.077,0.077,0.019,0.026,0.098,0.029,0.026,0.074
19/06/2019 17:00,0.078,0.078,0.0,0.002,0.172,0.025,0.022,0.068
19/06/2019 18:00,0.076,0.076,0.001,0.003,0.234,0.023,0.02,0.068
19/06/2019 19:00,0.065,0.065,0.009,0.015,0.277,0.021,0.018,0.067
19/06/2019 20:00,0.047,0.047,0.02,0.027,0.334,0.019,0.017,0.066
19/06/2019 21:00,0.029,0.029,0.032,0.04,0.429,0.016,0.014,0.056
19/06/2019 22:00,0.022,0.022,0.048,0.057,0.539,0.012,0.01,0.04
19/06/2019 23:00,0.029,0.029,0.064,0.075,0.638,0.008,0.006,0.026
20/06/2019 00:00,0.035,0.035,0.078,0.091,0.645,0.005,0.004,0.016
20/06/2019 01:00,0.038,0.038,0.092,0.108,0.581,0.004,0.002,0.009
20/06/2019 02:00,0.044,0.044,0.102,0.119,0.521,0.002,0.001,0.005
20/06/2019 03:00,0.046,0.046,0.093,0.109,0.436,0.003,0.002,0.005
20/06/2019 04:00,0.016,0.016,0.088,0.103,0.455,0.009,0.008,0.018
20/06/2019 05:00,0.0,0.0,0.132,0.155,0.406,0.027,0.024,0.056
20/06/2019 06:00,0.001,0.001,0.166,0.196,0.276,0.042,0.04,0.093
20/06/2019 07:00,0.01,0.01,0.163,0.193,0.157,0.042,0.04,0.096
20/06/2019 08:00,0.02,0.02,0.16,0.189,0.092,0.028,0.027,0.066
20/06/2019 09:00,0.028,0.028,0.162,0.192,0.079,0.013,0.012,0.033
20/06/2019 10:00,0.04,0.04,0.176,0.208,0.066,0.007,0.006,0.019
20/06/2019 11:00,0.05,0.05,0.201,0.238,0.06,0.007,0.006,0.014
20/06/2019 12:00,0.053,0.053,0.214,0.252,0.061,0.006,0.005,0.011
20/06/2019 13:00,0.053,0.053,0.188,0.223,0.066,0.008,0.007,0.017
20/06/2019 14:00,0.047,0.047,0.114,0.134,0.085,0.02,0.018,0.047
20/06/2019 15:00,0.038,0.038,0.037,0.045,0.121,0.037,0.033,0.105
20/06/2019 16:00,0.027,0.027,0.003,0.007,0.177,0.047,0.043,0.142
20/06/2019 17:00,0.018,0.018,0.0,0.001,0.23,0.045,0.041,0.141
20/06/2019 18:00,0.028,0.028,0.002,0.005,0.242,0.036,0.033,0.116
20/06/2019 19:00,0.085,0.085,0.01,0.016,0.232,0.029,0.026,0.093
20/06/2019 20:00,0.188,0.188,0.03,0.038,0.249,0.023,0.021,0.072
20/06/2019 21:00,0.257,0.257,0.066,0.078,0.302,0.012,0.01,0.038
20/06/2019 22:00,0.271,0.271,0.115,0.135,0.337,0.004,0.003,0.012
20/06/2019 23:00,0.261,0.261,0.166,0.196,0.455,0.004,0.002,0.009
21/06/2019 00:00,0.253,0.253,0.222,0.262,0.481,0.007,0.005,0.017
21/06/2019 01:00,0.261,0.261,0.249,0.293,0.478,0.011,0.009,0.029
21/06/2019 02:00,0.281,0.281,0.241,0.285,0.433,0.015,0.013,0.042
21/06/2019 03:00,0.265,0.265,0.218,0.257,0.407,0.021,0.018,0.056
21/06/2019 04:00,0.244,0.244,0.208,0.246,0.465,0.02,0.018,0.051
21/06/2019 05:00,0.141,0.141,0.29,0.34,0.453,0.018,0.016,0.045
21/06/2019 06:00,0.041,0.041,0.241,0.285,0.353,0.012,0.01,0.033
21/06/2019 07:00,0.009,0.009,0.16,0.188,0.251,0.004,0.003,0.017
21/06/2019 08:00,0.003,0.003,0.17,0.2,0.174,0.002,0.002,0.011
21/06/2019 09:00,0.0,0.0,0.239,0.282,0.121,0.002,0.002,0.012
21/06/2019 10:00,0.004,0.004,0.3,0.352,0.089,0.003,0.002,0.015
21/06/2019 11:00,0.014,0.014,0.309,0.362,0.07,0.008,0.007,0.025
21/06/2019 12:00,0.028,0.028,0.284,0.334,0.065,0.008,0.006,0.019
21/06/2019 13:00,0.05,0.05,0.229,0.271,0.072,0.005,0.004,0.009
21/06/2019 14:00,0.086,0.086,0.158,0.186,0.096,0.005,0.003,0.007
21/06/2019 15:00,0.141,0.141,0.073,0.085,0.133,0.01,0.008,0.022
21/06/2019 16:00,0.181,0.181,0.023,0.03,0.186,0.017,0.015,0.046
21/06/2019 17:00,0.137,0.137,0.005,0.01,0.23,0.025,0.023,0.076
21/06/2019 18:00,0.059,0.059,0.005,0.009,0.239,0.028,0.026,0.09
21/06/2019 19:00,0.017,0.017,0.019,0.025,0.267,0.025,0.022,0.079
21/06/2019 20:00,0.008,0.008,0.048,0.057,0.306,0.023,0.021,0.07
21/06/2019 21:00,0.013,0.013,0.074,0.087,0.35,0.028,0.026,0.077
21/06/2019 22:00,0.023,0.023,0.087,0.102,0.398,0.03,0.027,0.075
21/06/2019 23:00,0.044,0.044,0.1,0.118,0.518,0.025,0.023,0.062
22/06/2019 00:00,0.075,0.075,0.12,0.142,0.546,0.017,0.015,0.042
22/06/2019 01:00,0.111,0.111,0.141,0.167,0.507,0.011,0.009,0.027
22/06/2019 02:00,0.171,0.171,0.159,0.188,0.451,0.006,0.005,0.015
22/06/2019 03:00,0.226,0.226,0.165,0.194,0.39,0.003,0.002,0.008
22/06/2019 04:00,0.178,0.178,0.134,0.158,0.41,0.006,0.005,0.014
22/06/2019 05:00,0.096,0.096,0.151,0.178,0.333,0.016,0.014,0.038
22/06/2019 06:00,0.035,0.035,0.226,0.267,0.172,0.025,0.023,0.06
22/06/2019 07:00,0.005,0.005,0.251,0.296,0.074,0.025,0.023,0.066
22/06/2019 08:00,0.0,0.0,0.279,0.328,0.032,0.015,0.014,0.057
22/06/2019 09:00,0.009,0.009,0.306,0.358,0.012,0.014,0.013,0.06
22/06/2019 10:00,0.018,0.018,0.328,0.384,0.01,0.025,0.023,0.082
22/06/2019 11:00,0.018,0.018,0.328,0.383,0.007,0.025,0.023,0.077
22/06/2019 12:00,0.017,0.017,0.308,0.361,0.005,0.016,0.015,0.045
22/06/2019 13:00,0.022,0.022,0.285,0.335,0.006,0.009,0.008,0.023
22/06/2019 14:00,0.028,0.028,0.256,0.302,0.008,0.008,0.007,0.021
22/06/2019 15:00,0.034,0.034,0.177,0.209,0.01,0.017,0.014,0.046
22/06/2019 16:00,0.045,0.045,0.086,0.101,0.008,0.023,0.02,0.065
22/06/2019 17:00,0.062,0.062,0.024,0.031,0.004,0.015,0.013,0.045
22/06/2019 18:00,0.076,0.076,0.009,0.014,0.004,0.008,0.006,0.023
22/06/2019 19:00,0.075,0.075,0.037,0.045,0.008,0.003,0.002,0.011
22/06/2019 20:00,0.065,0.065,0.096,0.113,0.014,0.002,0.001,0.006
22/06/2019 21:00,0.048,0.048,0.144,0.17,0.015,0.002,0.001,0.006
22/06/2019 22:00,0.05,0.05,0.142,0.168,0.024,0.001,0.001,0.003
22/06/2019 23:00,0.096,0.096,0.118,0.138,0.046,0.0,0.0,0.001
23/06/2019 00:00,0.192,0.192,0.094,0.11,0.069,0.0,0.0,0.0
23/06/2019 01:00,0.319,0.319,0.091,0.107,0.086,0.0,0.0,0.001
23/06/2019 02:00,0.461,0.461,0.105,0.123,0.104,0.001,0.0,0.002
23/06/2019 03:00,0.522,0.522,0.106,0.125,0.117,0.001,0.0,0.002
23/06/2019 04:00,0.627,0.627,0.074,0.087,0.137,0.0,0.0,0.0
23/06/2019 05:00,0.71,0.71,0.111,0.13,0.119,0.0,0.0,0.0
23/06/2019 06:00,0.617,0.617,0.174,0.206,0.073,0.004,0.003,0.008
23/06/2019 07:00,0.479,0.479,0.2,0.236,0.036,0.012,0.011,0.027
23/06/2019 08:00,0.376,0.376,0.227,0.268,0.016,0.024,0.023,0.057
23/06/2019 09:00,0.275,0.275,0.263,0.31,0.017,0.032,0.03,0.078
23/06/2019 10:00,0.203,0.203,0.3,0.352,0.021,0.038,0.036,0.091
23/06/2019 11:00,0.154,0.154,0.328,0.383,0.026,0.042,0.039,0.097
23/06/2019 12:00,0.137,0.137,0.353,0.411,0.031,0.041,0.038,0.094
23/06/2019 13:00,0.135,0.135,0.381,0.442,0.031,0.035,0.033,0.082
23/06/2019 14:00,0.138,0.138,0.381,0.442,0.027,0.028,0.026,0.07
23/06/2019 15:00,0.145,0.145,0.262,0.309,0.028,0.021,0.019,0.062
23/06/2019 16:00,0.144,0.144,0.11,0.13,0.044,0.01,0.008,0.031
23/06/2019 17:00,0.115,0.115,0.034,0.042,0.048,0.003,0.002,0.009
23/06/2019 18:00,0.097,0.097,0.014,0.02,0.035,0.001,0.0,0.002
23/06/2019 19:00,0.097,0.097,0.014,0.02,0.014,0.0,0.0,0.0
23/06/2019 20:00,0.137,0.137,0.024,0.031,0.002,0.002,0.002,0.007
23/06/2019 21:00,0.158,0.158,0.034,0.042,0.003,0.005,0.003,0.015
23/06/2019 22:00,0.146,0.146,0.042,0.051,0.016,0.003,0.002,0.01
23/06/2019 23:00,0.137,0.137,0.05,0.06,0.037,0.004,0.003,0.012
24/06/2019 00:00,0.147,0.147,0.063,0.074,0.048,0.006,0.005,0.018
24/06/2019 01:00,0.161,0.161,0.069,0.081,0.051,0.007,0.005,0.018
24/06/2019 02:00,0.17,0.17,0.061,0.072,0.045,0.005,0.004,0.011
24/06/2019 03:00,0.168,0.168,0.039,0.047,0.033,0.004,0.003,0.008
24/06/2019 04:00,0.129,0.129,0.01,0.016,0.03,0.002,0.002,0.003
24/06/2019 05:00,0.076,0.076,0.079,0.093,0.016,0.002,0.001,0.003
24/06/2019 06:00,0.018,0.018,0.177,0.209,0.005,0.002,0.001,0.004
24/06/2019 07:00,0.005,0.005,0.213,0.251,0.001,0.002,0.001,0.005
24/06/2019 08:00,0.0,0.0,0.213,0.252,0.0,0.002,0.001,0.004
24/06/2019 09:00,0.012,0.012,0.229,0.271,0.0,0.001,0.001,0.002
24/06/2019 10:00,0.036,0.036,0.269,0.316,0.0,0.001,0.0,0.001
24/06/2019 11:00,0.068,0.068,0.306,0.359,0.0,0.0,0.0,0.001
24/06/2019 12:00,0.111,0.111,0.352,0.41,0.0,0.0,0.0,0.0
24/06/2019 13:00,0.162,0.162,0.417,0.48,0.0,0.0,0.0,0.0
24/06/2019 14:00,0.188,0.188,0.452,0.517,0.0,0.0,0.0,0.0
24/06/2019 15:00,0.16,0.16,0.314,0.368,0.0,0.001,0.0,0.001
24/06/2019 16:00,0.121,0.121,0.139,0.164,0.0,0.001,0.0,0.002
24/06/2019 17:00,0.081,0.081,0.042,0.051,0.0,0.001,0.0,0.001
24/06/2019 18:00,0.052,0.052,0.011,0.017,0.0,0.001,0.0,0.001
24/06/2019 19:00,0.042,0.042,0.003,0.007,0.001,0.003,0.002,0.006
24/06/2019 20:00,0.067,0.067,0.002,0.004,0.011,0.008,0.006,0.021
24/06/2019 21:00,0.108,0.108,0.001,0.004,0.042,0.012,0.01,0.033
24/06/2019 22:00,0.137,0.137,0.001,0.003,0.094,0.011,0.009,0.031
24/06/2019 23:00,0.154,0.154,0.002,0.006,0.156,0.011,0.009,0.029
25/06/2019 00:00,0.152,0.152,0.006,0.011,0.174,0.01,0.008,0.025
25/06/2019 01:00,0.133,0.133,0.009,0.014,0.21,0.008,0.006,0.018
25/06/2019 02:00,0.109,0.109,0.008,0.013,0.221,0.007,0.005,0.014
25/06/2019 03:00,0.081,0.081,0.005,0.01,0.226,0.004,0.003,0.008
25/06/2019 04:00,0.03,0.03,0.002,0.005,0.328,0.001,0.001,0.002
25/06/2019 05:00,0.005,0.005,0.016,0.022,0.373,0.0,0.0,0.001
25/06/2019 06:00,0.002,0.002,0.099,0.116,0.283,0.0,0.0,0.0
25/06/2019 07:00,0.011,0.011,0.176,0.208,0.159,0.0,0.0,0.0
25/06/2019 08:00,0.02,0.02,0.23,0.271,0.087,0.001,0.0,0.001
25/06/2019 09:00,0.03,0.03,0.266,0.313,0.062,0.001,0.0,0.001
25/06/2019 10:00,0.046,0.046,0.296,0.347,0.061,0.0,0.0,0.0
25/06/2019 11:00,0.065,0.065,0.332,0.388,0.07,0.0,0.0,0.0
25/06/2019 12:00,0.086,0.086,0.38,0.44,0.092,0.0,0.0,0.0
25/06/2019 13:00,0.116,0.116,0.404,0.467,0.128,0.001,0.0,0.001
25/06/2019 14:00,0.167,0.167,0.357,0.416,0.179,0.004,0.003,0.009
25/06/2019 15:00,0.215,0.215,0.205,0.242,0.217,0.007,0.006,0.021
25/06/2019 16:00,0.261,0.261,0.097,0.114,0.247,0.009,0.007,0.025
25/06/2019 17:00,0.252,0.252,0.048,0.057,0.262,0.01,0.008,0.029
25/06/2019 18:00,0.206,0.206,0.026,0.033,0.268,0.01,0.008,0.029
25/06/2019 19:00,0.14,0.14,0.017,0.023,0.295,0.011,0.009,0.031
25/06/2019 20:00,0.082,0.082,0.012,0.018,0.339,0.011,0.01,0.035
25/06/2019 21:00,0.035,0.035,0.009,0.015,0.395,0.015,0.013,0.045
25/06/2019 22:00,0.016,0.016,0.007,0.012,0.44,0.022,0.02,0.062
25/06/2019 23:00,0.007,0.007,0.005,0.01,0.53,0.034,0.031,0.088
26/06/2019 00:00,0.006,0.006,0.004,0.008,0.596,0.05,0.047,0.128
26/06/2019 01:00,0.008,0.008,0.003,0.007,0.545,0.065,0.06,0.162
26/06/2019 02:00,0.015,0.015,0.002,0.005,0.501,0.068,0.063,0.167
26/06/2019 03:00,0.023,0.023,0.002,0.005,0.442,0.061,0.056,0.15
26/06/2019 04:00,0.014,0.014,0.001,0.004,0.511,0.068,0.065,0.163
26/06/2019 05:00,0.002,0.002,0.028,0.035,0.5,0.098,0.094,0.237
26/06/2019 06:00,0.002,0.002,0.1,0.118,0.411,0.088,0.085,0.217
26/06/2019 07:00,0.016,0.016,0.176,0.208,0.336,0.063,0.06,0.154
26/06/2019 08:00,0.057,0.057,0.232,0.274,0.3,0.046,0.044,0.111
26/06/2019 09:00,0.125,0.125,0.237,0.279,0.27,0.032,0.029,0.074
26/06/2019 10:00,0.226,0.226,0.224,0.265,0.232,0.025,0.023,0.056
26/06/2019 11:00,0.339,0.339,0.208,0.246,0.199,0.025,0.023,0.056
26/06/2019 12:00,0.439,0.439,0.186,0.22,0.179,0.024,0.022,0.053
26/06/2019 13:00,0.509,0.509,0.16,0.189,0.179,0.026,0.024,0.059
26/06/2019 14:00,0.533,0.533,0.128,0.151,0.2,0.036,0.033,0.087
26/06/2019 15:00,0.492,0.492,0.086,0.101,0.226,0.065,0.059,0.181
26/06/2019 16:00,0.486,0.486,0.047,0.056,0.257,0.105,0.097,0.296
26/06/2019 17:00,0.4,0.4,0.021,0.028,0.27,0.125,0.116,0.351
26/06/2019 18:00,0.276,0.276,0.011,0.016,0.268,0.112,0.104,0.321
26/06/2019 19:00,0.145,0.145,0.009,0.015,0.278,0.087,0.08,0.257
26/06/2019 20:00,0.072,0.072,0.009,0.014,0.301,0.067,0.061,0.201
26/06/2019 21:00,0.029,0.029,0.01,0.015,0.349,0.053,0.048,0.154
26/06/2019 22:00,0.01,0.01,0.027,0.034,0.404,0.038,0.035,0.108
26/06/2019 23:00,0.008,0.008,0.048,0.057,0.586,0.029,0.026,0.078
27/06/2019 00:00,0.013,0.013,0.066,0.077,0.615,0.022,0.019,0.058
27/06/2019 01:00,0.04,0.04,0.084,0.098,0.528,0.019,0.017,0.053
27/06/2019 02:00,0.069,0.069,0.111,0.13,0.457,0.018,0.015,0.049
27/06/2019 03:00,0.085,0.085,0.147,0.173,0.432,0.019,0.016,0.051
27/06/2019 04:00,0.055,0.055,0.099,0.116,0.458,0.019,0.017,0.045
27/06/2019 05:00,0.029,0.029,0.033,0.041,0.455,0.033,0.031,0.079
27/06/2019 06:00,0.009,0.009,0.101,0.118,0.339,0.032,0.029,0.074
27/06/2019 07:00,0.004,0.004,0.236,0.278,0.202,0.017,0.015,0.039
27/06/2019 08:00,0.002,0.002,0.387,0.448,0.121,0.007,0.006,0.014
27/06/2019 09:00,0.011,0.011,0.45,0.516,0.082,0.003,0.003,0.006
27/06/2019 10:00,0.018,0.018,0.423,0.487,0.071,0.002,0.002,0.004
27/06/2019 11:00,0.015,0.015,0.369,0.429,0.075,0.003,0.002,0.004
27/06/2019 12:00,0.009,0.009,0.323,0.378,0.087,0.003,0.002,0.004
27/06/2019 13:00,0.003,0.003,0.283,0.333,0.11,0.004,0.003,0.007
27/06/2019 14:00,0.003,0.003,0.202,0.239,0.146,0.016,0.014,0.034
27/06/2019 15:00,0.022,0.022,0.083,0.097,0.179,0.06,0.054,0.156
27/06/2019 16:00,0.058,0.058,0.033,0.041,0.2,0.112,0.104,0.297
27/06/2019 17:00,0.076,0.076,0.027,0.034,0.203,0.13,0.121,0.345
27/06/2019 18:00,0.082,0.082,0.045,0.054,0.187,0.115,0.107,0.31
27/06/2019 19:00,0.086,0.086,0.057,0.067,0.191,0.092,0.086,0.251
27/06/2019 20:00,0.087,0.087,0.052,0.061,0.29,0.068,0.063,0.192
27/06/2019 21:00,0.102,0.102,0.046,0.055,0.467,0.048,0.044,0.136
27/06/2019 22:00,0.158,0.158,0.05,0.059,0.534,0.03,0.027,0.086
27/06/2019 23:00,0.257,0.257,0.067,0.079,0.542,0.02,0.017,0.054
28/06/2019 00:00,0.33,0.33,0.098,0.115,0.493,0.014,0.011,0.035
28/06/2019 01:00,0.348,0.348,0.13,0.153,0.456,0.01,0.008,0.026
28/06/2019 02:00,0.315,0.315,0.17,0.201,0.418,0.009,0.007,0.02
28/06/2019 03:00,0.257,0.257,0.239,0.282,0.389,0.009,0.007,0.02
28/06/2019 04:00,0.169,0.169,0.262,0.308,0.415,0.012,0.011,0.024
28/06/2019 05:00,0.141,0.141,0.289,0.339,0.342,0.024,0.021,0.05
28/06/2019 06:00,0.071,0.071,0.287,0.337,0.233,0.033,0.031,0.074
28/06/2019 07:00,0.026,0.026,0.329,0.384,0.153,0.032,0.03,0.075
28/06/2019 08:00,0.013,0.013,0.499,0.567,0.097,0.021,0.019,0.059
28/06/2019 09:00,0.008,0.008,0.676,0.739,0.062,0.018,0.016,0.052
28/06/2019 10:00,0.006,0.006,0.768,0.821,0.047,0.017,0.015,0.048
28/06/2019 11:00,0.007,0.007,0.805,0.852,0.044,0.022,0.02,0.056
28/06/2019 12:00,0.013,0.013,0.809,0.855,0.045,0.033,0.031,0.076
28/06/2019 13:00,0.021,0.021,0.781,0.832,0.056,0.037,0.035,0.087
28/06/2019 14:00,0.046,0.046,0.685,0.748,0.078,0.035,0.032,0.082
28/06/2019 15:00,0.133,0.133,0.395,0.457,0.104,0.023,0.02,0.062
28/06/2019 16:00,0.26,0.26,0.141,0.167,0.142,0.011,0.009,0.033
28/06/2019 17:00,0.33,0.33,0.085,0.099,0.208,0.007,0.006,0.026
28/06/2019 18:00,0.33,0.33,0.113,0.133,0.255,0.01,0.008,0.041
28/06/2019 19:00,0.293,0.293,0.163,0.193,0.345,0.015,0.013,0.063
28/06/2019 20:00,0.297,0.297,0.231,0.272,0.424,0.017,0.014,0.066
28/06/2019 21:00,0.337,0.337,0.294,0.345,0.481,0.014,0.012,0.056
28/06/2019 22:00,0.405,0.405,0.355,0.413,0.528,0.009,0.007,0.032
28/06/2019 23:00,0.452,0.452,0.418,0.482,0.512,0.008,0.006,0.025
29/06/2019 00:00,0.463,0.463,0.454,0.52,0.451,0.01,0.008,0.032
29/06/2019 01:00,0.445,0.445,0.468,0.535,0.396,0.01,0.008,0.031
29/06/2019 02:00,0.423,0.423,0.451,0.517,0.355,0.007,0.005,0.02
29/06/2019 03:00,0.442,0.442,0.407,0.47,0.313,0.003,0.002,0.008
29/06/2019 04:00,0.4,0.4,0.318,0.372,0.329,0.001,0.001,0.002
29/06/2019 05:00,0.366,0.366,0.193,0.228,0.268,0.012,0.011,0.023
29/06/2019 06:00,0.225,0.225,0.178,0.211,0.149,0.018,0.016,0.038
29/06/2019 07:00,0.133,0.133,0.274,0.322,0.074,0.015,0.013,0.035
29/06/2019 08:00,0.085,0.085,0.406,0.468,0.045,0.009,0.007,0.024
29/06/2019 09:00,0.065,0.065,0.527,0.595,0.033,0.005,0.004,0.014
29/06/2019 10:00,0.063,0.063,0.586,0.654,0.031,0.003,0.002,0.007
29/06/2019 11:00,0.077,0.077,0.614,0.681,0.034,0.002,0.001,0.004
29/06/2019 12:00,0.108,0.108,0.633,0.699,0.036,0.003,0.002,0.005
29/06/2019 13:00,0.185,0.185,0.644,0.71,0.043,0.006,0.005,0.012
29/06/2019 14:00,0.284,0.284,0.615,0.682,0.062,0.018,0.016,0.04
29/06/2019 15:00,0.381,0.381,0.435,0.5,0.094,0.045,0.041,0.122
29/06/2019 16:00,0.427,0.427,0.255,0.301,0.132,0.092,0.085,0.25
29/06/2019 17:00,0.355,0.355,0.187,0.22,0.169,0.141,0.132,0.372
29/06/2019 18:00,0.263,0.263,0.183,0.216,0.18,0.177,0.167,0.452
29/06/2019 19:00,0.186,0.186,0.186,0.22,0.189,0.174,0.165,0.448
29/06/2019 20:00,0.15,0.15,0.165,0.195,0.224,0.162,0.153,0.423
29/06/2019 21:00,0.151,0.151,0.151,0.179,0.262,0.105,0.098,0.299
29/06/2019 22:00,0.158,0.158,0.156,0.184,0.277,0.037,0.033,0.116
29/06/2019 23:00,0.155,0.155,0.14,0.165,0.28,0.005,0.003,0.016
30/06/2019 00:00,0.138,0.138,0.138,0.162,0.338,0.001,0.001,0.003
30/06/2019 01:00,0.116,0.116,0.152,0.179,0.315,0.003,0.002,0.008
30/06/2019 02:00,0.104,0.104,0.158,0.186,0.275,0.012,0.01,0.031
30/06/2019 03:00,0.099,0.099,0.143,0.169,0.26,0.025,0.022,0.068
30/06/2019 04:00,0.125,0.125,0.096,0.112,0.301,0.024,0.021,0.056
30/06/2019 05:00,0.225,0.225,0.055,0.066,0.265,0.019,0.017,0.042
30/06/2019 06:00,0.273,0.273,0.061,0.072,0.172,0.024,0.022,0.049
30/06/2019 07:00,0.252,0.252,0.079,0.092,0.082,0.035,0.033,0.07
30/06/2019 08:00,0.242,0.242,0.109,0.129,0.028,0.044,0.041,0.087
30/06/2019 09:00,0.242,0.242,0.159,0.188,0.014,0.042,0.04,0.085
30/06/2019 10:00,0.285,0.285,0.21,0.248,0.01,0.037,0.035,0.073
30/06/2019 11:00,0.385,0.385,0.237,0.28,0.008,0.033,0.031,0.068
30/06/2019 12:00,0.427,0.427,0.219,0.259,0.007,0.03,0.028,0.063
30/06/2019 13:00,0.426,0.426,0.166,0.196,0.007,0.028,0.026,0.063
30/06/2019 14:00,0.432,0.432,0.101,0.119,0.01,0.027,0.024,0.069
30/06/2019 15:00,0.387,0.387,0.039,0.047,0.015,0.047,0.042,0.138
30/06/2019 16:00,0.38,0.38,0.005,0.01,0.043,0.088,0.081,0.253
30/06/2019 17:00,0.396,0.396,0.0,0.001,0.115,0.135,0.126,0.364
30/06/2019 18:00,0.4,0.4,0.0,0.0,0.162,0.23,0.22,0.553
30/06/2019 19:00,0.375,0.375,0.001,0.003,0.18,0.289,0.278,0.651
30/06/2019 20:00,0.321,0.321,0.011,0.017,0.351,0.249,0.238,0.594
30/06/2019 21:00,0.299,0.299,0.029,0.036,0.401,0.189,0.18,0.482
30/06/2019 22:00,0.302,0.302,0.036,0.044,0.445,0.114,0.106,0.3
30/06/2019 23:00,0.288,0.288,0.036,0.044,0.502,0.064,0.059,0.172
01/07/2019 00:00,0.247,0.247,0.041,0.05,0.459,0.028,0.024,0.074
01/07/2019 01:00,0.267,0.267,0.046,0.055,0.436,0.022,0.019,0.056
01/07/2019 02:00,0.287,0.287,0.052,0.062,0.42,0.028,0.024,0.066
01/07/2019 03:00,0.288,0.288,0.055,0.065,0.366,0.033,0.029,0.077
01/07/2019 04:00,0.252,0.252,0.024,0.031,0.413,0.04,0.037,0.086
01/07/2019 05:00,0.357,0.357,0.002,0.006,0.379,0.064,0.061,0.136
01/07/2019 06:00,0.407,0.407,0.014,0.02,0.273,0.063,0.06,0.136
01/07/2019 07:00,0.37,0.37,0.068,0.08,0.196,0.054,0.052,0.115
01/07/2019 08:00,0.29,0.29,0.172,0.203,0.16,0.05,0.048,0.107
01/07/2019 09:00,0.217,0.217,0.303,0.355,0.143,0.045,0.042,0.093
01/07/2019 10:00,0.153,0.153,0.381,0.442,0.114,0.033,0.031,0.067
01/07/2019 11:00,0.1,0.1,0.389,0.45,0.084,0.022,0.02,0.045
01/07/2019 12:00,0.047,0.047,0.36,0.419,0.068,0.019,0.017,0.041
01/07/2019 13:00,0.024,0.024,0.292,0.343,0.064,0.02,0.018,0.045
01/07/2019 14:00,0.026,0.026,0.182,0.215,0.065,0.018,0.016,0.047
01/07/2019 15:00,0.05,0.05,0.069,0.081,0.066,0.025,0.022,0.079
01/07/2019 16:00,0.09,0.09,0.022,0.029,0.078,0.077,0.071,0.231
01/07/2019 17:00,0.113,0.113,0.017,0.024,0.115,0.17,0.16,0.442
01/07/2019 18:00,0.11,0.11,0.014,0.02,0.153,0.217,0.206,0.523
01/07/2019 19:00,0.097,0.097,0.016,0.023,0.258,0.217,0.207,0.523
01/07/2019 20:00,0.088,0.088,0.033,0.041,0.33,0.194,0.184,0.478
01/07/2019 21:00,0.077,0.077,0.059,0.069,0.449,0.162,0.154,0.4
01/07/2019 22:00,0.076,0.076,0.091,0.106,0.597,0.1,0.094,0.258
01/07/2019 23:00,0.094,0.094,0.122,0.143,0.693,0.06,0.054,0.159
02/07/2019 00:00,0.098,0.098,0.135,0.159,0.667,0.03,0.027,0.081
02/07/2019 01:00,0.081,0.081,0.124,0.146,0.583,0.013,0.011,0.035
02/07/2019 02:00,0.064,0.064,0.09,0.105,0.47,0.005,0.004,0.014
02/07/2019 03:00,0.051,0.051,0.05,0.059,0.348,0.002,0.001,0.005
02/07/2019 04:00,0.039,0.039,0.014,0.02,0.323,0.001,0.001,0.003
02/07/2019 05:00,0.062,0.062,0.04,0.048,0.246,0.004,0.003,0.009
02/07/2019 06:00,0.106,0.106,0.113,0.133,0.141,0.007,0.006,0.014
02/07/2019 07:00,0.126,0.126,0.209,0.247,0.075,0.005,0.004,0.011
02/07/2019 08:00,0.122,0.122,0.277,0.326,0.038,0.003,0.002,0.005
02/07/2019 09:00,0.09,0.09,0.291,0.342,0.024,0.001,0.001,0.003
02/07/2019 10:00,0.051,0.051,0.25,0.294,0.018,0.002,0.001,0.003
02/07/2019 11:00,0.026,0.026,0.189,0.224,0.018,0.004,0.003,0.006
02/07/2019 12:00,0.013,0.013,0.144,0.17,0.023,0.011,0.01,0.021
02/07/2019 13:00,0.007,0.007,0.118,0.139,0.04,0.028,0.026,0.059
02/07/2019 14:00,0.005,0.005,0.091,0.106,0.068,0.053,0.049,0.12
02/07/2019 15:00,0.004,0.004,0.054,0.064,0.097,0.071,0.066,0.181
02/07/2019 16:00,0.003,0.003,0.04,0.049,0.134,0.09,0.083,0.23
02/07/2019 17:00,0.004,0.004,0.037,0.045,0.199,0.113,0.105,0.289
02/07/2019 18:00,0.009,0.009,0.033,0.04,0.247,0.141,0.132,0.358
02/07/2019 19:00,0.018,0.018,0.017,0.024,0.284,0.188,0.179,0.471
02/07/2019 20:00,0.02,0.02,0.006,0.011,0.306,0.215,0.206,0.526
02/07/2019 21:00,0.021,0.021,0.003,0.007,0.305,0.199,0.189,0.49
02/07/2019 22:00,0.038,0.038,0.005,0.01,0.311,0.136,0.129,0.358
02/07/2019 23:00,0.084,0.084,0.015,0.021,0.403,0.068,0.064,0.185
03/07/2019 00:00,0.168,0.168,0.033,0.04,0.502,0.029,0.026,0.079
03/07/2019 01:00,0.271,0.271,0.048,0.057,0.518,0.011,0.009,0.029
03/07/2019 02:00,0.381,0.381,0.068,0.08,0.53,0.005,0.004,0.012
03/07/2019 03:00,0.448,0.448,0.073,0.085,0.502,0.004,0.003,0.008
03/07/2019 04:00,0.429,0.429,0.049,0.058,0.54,0.01,0.009,0.021
03/07/2019 05:00,0.403,0.403,0.105,0.124,0.494,0.02,0.018,0.04
03/07/2019 06:00,0.21,0.21,0.185,0.219,0.347,0.019,0.017,0.037
03/07/2019 07:00,0.094,0.094,0.253,0.298,0.191,0.017,0.016,0.034
03/07/2019 08:00,0.031,0.031,0.296,0.347,0.092,0.014,0.012,0.026
03/07/2019 09:00,0.003,0.003,0.331,0.387,0.045,0.011,0.009,0.02
03/07/2019 10:00,0.0,0.0,0.363,0.422,0.03,0.01,0.008,0.018
03/07/2019 11:00,0.0,0.0,0.372,0.432,0.032,0.011,0.009,0.021
03/07/2019 12:00,0.001,0.001,0.352,0.41,0.043,0.016,0.015,0.034
03/07/2019 13:00,0.002,0.002,0.309,0.362,0.066,0.03,0.028,0.065
03/07/2019 14:00,0.001,0.001,0.244,0.288,0.111,0.052,0.049,0.116
03/07/2019 15:00,0.005,0.005,0.117,0.138,0.166,0.072,0.067,0.181
03/07/2019 16:00,0.021,0.021,0.027,0.035,0.23,0.089,0.083,0.231
03/07/2019 17:00,0.033,0.033,0.003,0.007,0.301,0.099,0.092,0.268
03/07/2019 18:00,0.032,0.032,0.0,0.002,0.374,0.099,0.092,0.289
03/07/2019 19:00,0.032,0.032,0.0,0.001,0.459,0.1,0.093,0.299
03/07/2019 20:00,0.039,0.039,0.002,0.006,0.506,0.098,0.092,0.287
03/07/2019 21:00,0.05,0.05,0.009,0.014,0.575,0.104,0.098,0.286
03/07/2019 22:00,0.057,0.057,0.013,0.019,0.667,0.075,0.07,0.195
03/07/2019 23:00,0.065,0.065,0.018,0.025,0.731,0.037,0.034,0.093
04/07/2019 00:00,0.079,0.079,0.023,0.03,0.683,0.015,0.013,0.035
04/07/2019 01:00,0.1,0.1,0.03,0.038,0.599,0.005,0.004,0.012
04/07/2019 02:00,0.129,0.129,0.045,0.053,0.518,0.002,0.002,0.005
04/07/2019 03:00,0.162,0.162,0.055,0.065,0.456,0.002,0.001,0.004
04/07/2019 04:00,0.153,0.153,0.038,0.047,0.476,0.007,0.006,0.014
04/07/2019 05:00,0.158,0.158,0.017,0.024,0.446,0.023,0.021,0.048
04/07/2019 06:00,0.082,0.082,0.041,0.049,0.339,0.03,0.028,0.065
04/07/2019 07:00,0.029,0.029,0.086,0.101,0.226,0.025,0.023,0.054
04/07/2019 08:00,0.013,0.013,0.145,0.171,0.153,0.015,0.014,0.031
04/07/2019 09:00,0.013,0.013,0.193,0.228,0.107,0.007,0.006,0.014
04/07/2019 10:00,0.013,0.013,0.199,0.236,0.088,0.004,0.003,0.006
04/07/2019 11:00,0.006,0.006,0.184,0.217,0.087,0.004,0.003,0.006
04/07/2019 12:00,0.0,0.0,0.159,0.188,0.097,0.007,0.006,0.013
04/07/2019 13:00,0.001,0.001,0.133,0.157,0.124,0.015,0.013,0.029
04/07/2019 14:00,0.001,0.001,0.094,0.11,0.17,0.029,0.027,0.063
04/07/2019 15:00,0.001,0.001,0.045,0.053,0.223,0.042,0.038,0.11
04/07/2019 16:00,0.001,0.001,0.02,0.027,0.293,0.05,0.045,0.139
04/07/2019 17:00,0.0,0.0,0.01,0.016,0.325,0.054,0.049,0.162
04/07/2019 18:00,0.0,0.0,0.007,0.012,0.39,0.056,0.051,0.176
04/07/2019 19:00,0.003,0.003,0.012,0.018,0.468,0.066,0.061,0.204
04/07/2019 20:00,0.01,0.01,0.023,0.03,0.555,0.091,0.085,0.251
04/07/2019 21:00,0.017,0.017,0.042,0.05,0.628,0.089,0.084,0.242
04/07/2019 22:00,0.025,0.025,0.056,0.066,0.751,0.065,0.06,0.178
04/07/2019 23:00,0.036,0.036,0.062,0.073,0.721,0.041,0.037,0.115
05/07/2019 00:00,0.06,0.06,0.079,0.093,0.641,0.021,0.018,0.061
05/07/2019 01:00,0.113,0.113,0.107,0.125,0.571,0.008,0.006,0.025
05/07/2019 02:00,0.186,0.186,0.133,0.157,0.494,0.002,0.001,0.007
05/07/2019 03:00,0.222,0.222,0.122,0.143,0.426,0.001,0.0,0.003
05/07/2019 04:00,0.162,0.162,0.085,0.099,0.49,0.001,0.001,0.002
05/07/2019 05:00,0.113,0.113,0.019,0.026,0.448,0.003,0.002,0.006
05/07/2019 06:00,0.053,0.053,0.016,0.023,0.313,0.003,0.002,0.005
05/07/2019 07:00,0.017,0.017,0.048,0.058,0.18,0.001,0.001,0.002
05/07/2019 08:00,0.005,0.005,0.095,0.112,0.111,0.0,0.0,0.0
05/07/2019 09:00,0.003,0.003,0.151,0.178,0.091,0.0,0.0,0.0
05/07/2019 10:00,0.002,0.002,0.177,0.209,0.089,0.0,0.0,0.0
05/07/2019 11:00,0.001,0.001,0.17,0.201,0.096,0.001,0.0,0.001
05/07/2019 12:00,0.0,0.0,0.15,0.177,0.104,0.002,0.002,0.003
05/07/2019 13:00,0.0,0.0,0.127,0.15,0.116,0.007,0.006,0.012
05/07/2019 14:00,0.001,0.001,0.104,0.122,0.154,0.022,0.02,0.046
05/07/2019 15:00,0.012,0.012,0.077,0.09,0.232,0.073,0.067,0.184
05/07/2019 16:00,0.063,0.063,0.071,0.083,0.3,0.122,0.113,0.312
05/07/2019 17:00,0.134,0.134,0.062,0.073,0.313,0.147,0.139,0.379
05/07/2019 18:00,0.201,0.201,0.074,0.087,0.377,0.186,0.178,0.459
05/07/2019 19:00,0.254,0.254,0.125,0.147,0.412,0.206,0.198,0.507
05/07/2019 20:00,0.297,0.297,0.17,0.201,0.453,0.175,0.167,0.447
05/07/2019 21:00,0.319,0.319,0.217,0.256,0.501,0.115,0.109,0.307
05/07/2019 22:00,0.336,0.336,0.253,0.298,0.574,0.067,0.063,0.184
05/07/2019 23:00,0.349,0.349,0.3,0.351,0.581,0.033,0.03,0.092
06/07/2019 00:00,0.333,0.333,0.334,0.39,0.591,0.019,0.016,0.05
06/07/2019 01:00,0.343,0.343,0.354,0.413,0.577,0.015,0.013,0.04
06/07/2019 02:00,0.383,0.383,0.372,0.432,0.56,0.014,0.012,0.037
06/07/2019 03:00,0.358,0.358,0.351,0.409,0.539,0.015,0.013,0.039
06/07/2019 04:00,0.374,0.374,0.354,0.412,0.628,0.017,0.015,0.04
06/07/2019 05:00,0.4,0.4,0.2,0.236,0.622,0.016,0.014,0.035
06/07/2019 06:00,0.232,0.232,0.044,0.053,0.544,0.015,0.013,0.031
06/07/2019 07:00,0.082,0.082,0.009,0.014,0.415,0.021,0.02,0.045
06/07/2019 08:00,0.03,0.03,0.007,0.012,0.318,0.035,0.033,0.074
06/07/2019 09:00,0.014,0.014,0.026,0.033,0.278,0.044,0.042,0.093
06/07/2019 10:00,0.015,0.015,0.058,0.069,0.266,0.048,0.045,0.102
06/07/2019 11:00,0.009,0.009,0.094,0.11,0.26,0.049,0.047,0.108
06/07/2019 12:00,0.005,0.005,0.128,0.151,0.256,0.046,0.044,0.101
06/07/2019 13:00,0.004,0.004,0.165,0.195,0.265,0.046,0.044,0.107
06/07/2019 14:00,0.004,0.004,0.174,0.206,0.29,0.061,0.058,0.151
06/07/2019 15:00,0.008,0.008,0.117,0.138,0.306,0.096,0.089,0.257
06/07/2019 16:00,0.016,0.016,0.045,0.053,0.339,0.146,0.137,0.377
06/07/2019 17:00,0.02,0.02,0.015,0.022,0.317,0.191,0.181,0.473
06/07/2019 18:00,0.02,0.02,0.011,0.017,0.346,0.224,0.213,0.531
06/07/2019 19:00,0.02,0.02,0.021,0.028,0.374,0.235,0.224,0.549
06/07/2019 20:00,0.029,0.029,0.047,0.057,0.405,0.234,0.224,0.541
06/07/2019 21:00,0.041,0.041,0.08,0.094,0.432,0.195,0.187,0.464
06/07/2019 22:00,0.058,0.058,0.124,0.146,0.48,0.134,0.128,0.335
06/07/2019 23:00,0.116,0.116,0.158,0.187,0.709,0.072,0.068,0.188
07/07/2019 00:00,0.203,0.203,0.179,0.211,0.71,0.04,0.037,0.109
07/07/2019 01:00,0.254,0.254,0.191,0.226,0.657,0.028,0.025,0.077
07/07/2019 02:00,0.238,0.238,0.198,0.234,0.583,0.023,0.02,0.06
07/07/2019 03:00,0.208,0.208,0.168,0.199,0.516,0.016,0.013,0.041
07/07/2019 04:00,0.217,0.217,0.102,0.119,0.562,0.015,0.014,0.036
07/07/2019 05:00,0.292,0.292,0.011,0.017,0.584,0.021,0.02,0.048
07/07/2019 06:00,0.224,0.224,0.003,0.007,0.53,0.022,0.02,0.047
07/07/2019 07:00,0.123,0.123,0.004,0.008,0.429,0.027,0.025,0.055
07/07/2019 08:00,0.039,0.039,0.022,0.029,0.364,0.041,0.039,0.084
07/07/2019 09:00,0.011,0.011,0.074,0.086,0.341,0.062,0.06,0.131
07/07/2019 10:00,0.003,0.003,0.114,0.134,0.347,0.089,0.087,0.192
07/07/2019 11:00,0.001,0.001,0.139,0.164,0.373,0.116,0.112,0.255
07/07/2019 12:00,0.001,0.001,0.154,0.182,0.403,0.139,0.134,0.31
07/07/2019 13:00,0.002,0.002,0.168,0.199,0.432,0.162,0.158,0.368
07/07/2019 14:00,0.005,0.005,0.159,0.187,0.47,0.193,0.186,0.444
07/07/2019 15:00,0.008,0.008,0.104,0.122,0.47,0.21,0.2,0.5
07/07/2019 16:00,0.013,0.013,0.04,0.048,0.472,0.226,0.215,0.526
07/07/2019 17:00,0.027,0.027,0.014,0.02,0.485,0.229,0.217,0.53
07/07/2019 18:00,0.05,0.05,0.01,0.015,0.408,0.226,0.213,0.525
07/07/2019 19:00,0.075,0.075,0.009,0.014,0.411,0.216,0.203,0.512
07/07/2019 20:00,0.098,0.098,0.009,0.015,0.424,0.2,0.189,0.492
07/07/2019 21:00,0.141,0.141,0.011,0.017,0.425,0.165,0.154,0.425
07/07/2019 22:00,0.214,0.214,0.022,0.029,0.438,0.08,0.073,0.224
07/07/2019 23:00,0.297,0.297,0.045,0.053,0.434,0.024,0.02,0.072
08/07/2019 00:00,0.37,0.37,0.07,0.083,0.407,0.007,0.006,0.027
08/07/2019 01:00,0.43,0.43,0.1,0.117,0.366,0.004,0.003,0.015
08/07/2019 02:00,0.429,0.429,0.136,0.16,0.333,0.003,0.002,0.011
08/07/2019 03:00,0.342,0.342,0.153,0.181,0.367,0.002,0.002,0.01
08/07/2019 04:00,0.342,0.342,0.099,0.116,0.5,0.002,0.001,0.006
08/07/2019 05:00,0.318,0.318,0.026,0.033,0.541,0.012,0.011,0.026
08/07/2019 06:00,0.169,0.169,0.036,0.044,0.501,0.025,0.023,0.049
08/07/2019 07:00,0.062,0.062,0.06,0.071,0.428,0.039,0.036,0.076
08/07/2019 08:00,0.023,0.023,0.115,0.135,0.373,0.055,0.053,0.111
08/07/2019 09:00,0.01,0.01,0.183,0.216,0.338,0.065,0.062,0.133
08/07/2019 10:00,0.008,0.008,0.236,0.278,0.321,0.072,0.069,0.152
08/07/2019 11:00,0.009,0.009,0.274,0.323,0.313,0.08,0.078,0.173
08/07/2019 12:00,0.01,0.01,0.299,0.35,0.321,0.09,0.087,0.198
08/07/2019 13:00,0.012,0.012,0.302,0.354,0.355,0.098,0.094,0.223
08/07/2019 14:00,0.017,0.017,0.244,0.288,0.412,0.116,0.111,0.274
08/07/2019 15:00,0.035,0.035,0.143,0.168,0.451,0.17,0.16,0.422
08/07/2019 16:00,0.065,0.065,0.058,0.068,0.475,0.277,0.265,0.62
08/07/2019 17:00,0.098,0.098,0.026,0.033,0.433,0.351,0.339,0.718
08/07/2019 18:00,0.142,0.142,0.02,0.026,0.459,0.346,0.333,0.71
08/07/2019 19:00,0.18,0.18,0.024,0.031,0.499,0.314,0.301,0.676
08/07/2019 20:00,0.189,0.189,0.037,0.045,0.504,0.293,0.28,0.642
08/07/2019 21:00,0.197,0.197,0.067,0.078,0.522,0.232,0.223,0.542
08/07/2019 22:00,0.227,0.227,0.103,0.121,0.562,0.134,0.126,0.343
08/07/2019 23:00,0.271,0.271,0.151,0.178,0.622,0.084,0.079,0.225
09/07/2019 00:00,0.291,0.291,0.193,0.228,0.581,0.062,0.057,0.169
09/07/2019 01:00,0.27,0.27,0.224,0.265,0.496,0.049,0.045,0.137
09/07/2019 02:00,0.235,0.235,0.253,0.298,0.407,0.035,0.031,0.102
09/07/2019 03:00,0.182,0.182,0.247,0.291,0.357,0.021,0.019,0.065
09/07/2019 04:00,0.127,0.127,0.184,0.217,0.479,0.008,0.007,0.022
09/07/2019 05:00,0.126,0.126,0.186,0.22,0.544,0.008,0.007,0.02
09/07/2019 06:00,0.065,0.065,0.232,0.273,0.489,0.019,0.017,0.039
09/07/2019 07:00,0.023,0.023,0.226,0.267,0.42,0.034,0.032,0.066
09/07/2019 08:00,0.005,0.005,0.196,0.232,0.371,0.055,0.053,0.113
09/07/2019 09:00,0.001,0.001,0.165,0.195,0.316,0.071,0.068,0.15
09/07/2019 10:00,0.0,0.0,0.145,0.171,0.269,0.087,0.083,0.187
09/07/2019 11:00,0.0,0.0,0.133,0.157,0.251,0.104,0.099,0.229
09/07/2019 12:00,0.0,0.0,0.123,0.144,0.264,0.116,0.112,0.263
09/07/2019 13:00,0.001,0.001,0.11,0.129,0.293,0.132,0.127,0.305
09/07/2019 14:00,0.004,0.004,0.102,0.12,0.323,0.152,0.146,0.364
09/07/2019 15:00,0.008,0.008,0.092,0.108,0.337,0.192,0.181,0.478
09/07/2019 16:00,0.013,0.013,0.077,0.09,0.357,0.27,0.258,0.617
09/07/2019 17:00,0.02,0.02,0.054,0.064,0.333,0.313,0.3,0.673
09/07/2019 18:00,0.03,0.03,0.032,0.039,0.298,0.301,0.288,0.661
09/07/2019 19:00,0.038,0.038,0.024,0.031,0.304,0.254,0.241,0.604
09/07/2019 20:00,0.041,0.041,0.03,0.038,0.336,0.18,0.168,0.471
09/07/2019 21:00,0.044,0.044,0.035,0.043,0.377,0.135,0.126,0.372
09/07/2019 22:00,0.051,0.051,0.038,0.046,0.481,0.105,0.097,0.294
09/07/2019 23:00,0.06,0.06,0.039,0.048,0.686,0.064,0.059,0.183
10/07/2019 00:00,0.072,0.072,0.038,0.046,0.672,0.024,0.021,0.074
10/07/2019 01:00,0.087,0.087,0.04,0.048,0.665,0.007,0.005,0.022
10/07/2019 02:00,0.088,0.088,0.042,0.051,0.631,0.002,0.001,0.006
10/07/2019 03:00,0.068,0.068,0.036,0.044,0.575,0.0,0.0,0.001
10/07/2019 04:00,0.034,0.034,0.006,0.012,0.574,0.0,0.0,0.001
10/07/2019 05:00,0.028,0.028,0.0,0.001,0.534,0.01,0.008,0.02
10/07/2019 06:00,0.012,0.012,0.0,0.001,0.446,0.017,0.015,0.033
10/07/2019 07:00,0.005,0.005,0.001,0.004,0.329,0.019,0.017,0.036
10/07/2019 08:00,0.001,0.001,0.018,0.024,0.217,0.022,0.02,0.043
10/07/2019 09:00,0.001,0.001,0.065,0.077,0.146,0.026,0.024,0.05
10/07/2019 10:00,0.001,0.001,0.1,0.118,0.112,0.03,0.028,0.06
10/07/2019 11:00,0.001,0.001,0.101,0.119,0.1,0.038,0.036,0.078
10/07/2019 12:00,0.002,0.002,0.092,0.107,0.107,0.047,0.044,0.1
10/07/2019 13:00,0.0,0.0,0.077,0.09,0.13,0.054,0.051,0.117
10/07/2019 14:00,0.001,0.001,0.062,0.073,0.174,0.061,0.058,0.139
10/07/2019 15:00,0.002,0.002,0.038,0.047,0.227,0.081,0.075,0.208
10/07/2019 16:00,0.008,0.008,0.02,0.027,0.306,0.121,0.113,0.305
10/07/2019 17:00,0.022,0.022,0.009,0.014,0.331,0.152,0.143,0.376
10/07/2019 18:00,0.047,0.047,0.001,0.004,0.321,0.175,0.166,0.431
10/07/2019 19:00,0.067,0.067,0.0,0.002,0.326,0.176,0.167,0.437
10/07/2019 20:00,0.08,0.08,0.001,0.003,0.352,0.142,0.133,0.369
10/07/2019 21:00,0.089,0.089,0.002,0.005,0.45,0.115,0.108,0.292
10/07/2019 22:00,0.091,0.091,0.001,0.004,0.56,0.085,0.079,0.214
10/07/2019 23:00,0.076,0.076,0.0,0.001,0.599,0.07,0.065,0.173
11/07/2019 00:00,0.055,0.055,0.0,0.001,0.595,0.075,0.07,0.188
11/07/2019 01:00,0.07,0.07,0.001,0.003,0.643,0.08,0.074,0.201
11/07/2019 02:00,0.117,0.117,0.004,0.008,0.585,0.083,0.078,0.208
11/07/2019 03:00,0.163,0.163,0.009,0.014,0.5,0.078,0.071,0.194
11/07/2019 04:00,0.181,0.181,0.001,0.004,0.568,0.089,0.085,0.211
11/07/2019 05:00,0.304,0.304,0.002,0.005,0.613,0.122,0.118,0.277
11/07/2019 06:00,0.355,0.355,0.021,0.028,0.604,0.148,0.143,0.323
11/07/2019 07:00,0.307,0.307,0.064,0.075,0.552,0.17,0.166,0.358
11/07/2019 08:00,0.251,0.251,0.107,0.126,0.483,0.21,0.206,0.432
11/07/2019 09:00,0.187,0.187,0.154,0.181,0.458,0.244,0.238,0.495
11/07/2019 10:00,0.121,0.121,0.209,0.246,0.431,0.251,0.248,0.515
11/07/2019 11:00,0.075,0.075,0.251,0.296,0.377,0.247,0.242,0.512
11/07/2019 12:00,0.049,0.049,0.255,0.3,0.339,0.237,0.233,0.503
11/07/2019 13:00,0.03,0.03,0.221,0.261,0.326,0.239,0.234,0.514
11/07/2019 14:00,0.025,0.025,0.199,0.236,0.322,0.246,0.239,0.536
11/07/2019 15:00,0.026,0.026,0.178,0.211,0.297,0.268,0.258,0.594
11/07/2019 16:00,0.031,0.031,0.114,0.134,0.29,0.31,0.299,0.654
11/07/2019 17:00,0.036,0.036,0.056,0.066,0.306,0.318,0.307,0.657
11/07/2019 18:00,0.04,0.04,0.014,0.02,0.247,0.318,0.307,0.657
11/07/2019 19:00,0.067,0.067,0.005,0.01,0.273,0.296,0.286,0.63
11/07/2019 20:00,0.102,0.102,0.01,0.015,0.291,0.221,0.211,0.512
11/07/2019 21:00,0.128,0.128,0.01,0.016,0.3,0.143,0.135,0.358
11/07/2019 22:00,0.159,0.159,0.01,0.016,0.329,0.084,0.078,0.22
11/07/2019 23:00,0.192,0.192,0.011,0.017,0.381,0.048,0.044,0.132
12/07/2019 00:00,0.2,0.2,0.016,0.022,0.373,0.027,0.024,0.076
12/07/2019 01:00,0.222,0.222,0.023,0.03,0.39,0.017,0.014,0.049
12/07/2019 02:00,0.274,0.274,0.029,0.037,0.355,0.013,0.01,0.039
12/07/2019 03:00,0.292,0.292,0.029,0.036,0.305,0.016,0.013,0.048
12/07/2019 04:00,0.225,0.225,0.001,0.004,0.378,0.016,0.014,0.04
12/07/2019 05:00,0.237,0.237,0.0,0.001,0.352,0.023,0.021,0.053
12/07/2019 06:00,0.173,0.173,0.012,0.019,0.279,0.041,0.038,0.087
12/07/2019 07:00,0.105,0.105,0.069,0.081,0.216,0.054,0.052,0.113
12/07/2019 08:00,0.05,0.05,0.143,0.169,0.169,0.062,0.059,0.13
12/07/2019 09:00,0.014,0.014,0.199,0.236,0.14,0.065,0.062,0.136
12/07/2019 10:00,0.007,0.007,0.206,0.244,0.132,0.062,0.059,0.133
12/07/2019 11:00,0.004,0.004,0.189,0.224,0.135,0.061,0.059,0.133
12/07/2019 12:00,0.001,0.001,0.171,0.203,0.152,0.07,0.067,0.155
12/07/2019 13:00,0.002,0.002,0.146,0.172,0.179,0.093,0.09,0.215
12/07/2019 14:00,0.016,0.016,0.107,0.125,0.217,0.134,0.129,0.316
12/07/2019 15:00,0.031,0.031,0.067,0.079,0.242,0.191,0.181,0.452
12/07/2019 16:00,0.04,0.04,0.048,0.057,0.262,0.255,0.245,0.567
12/07/2019 17:00,0.045,0.045,0.04,0.048,0.27,0.306,0.296,0.644
12/07/2019 18:00,0.036,0.036,0.034,0.042,0.303,0.321,0.31,0.665
12/07/2019 19:00,0.019,0.019,0.036,0.044,0.335,0.315,0.304,0.649
12/07/2019 20:00,0.005,0.005,0.046,0.055,0.301,0.297,0.288,0.627
12/07/2019 21:00,0.007,0.007,0.071,0.083,0.29,0.23,0.221,0.52
12/07/2019 22:00,0.014,0.014,0.091,0.107,0.31,0.17,0.162,0.41
12/07/2019 23:00,0.023,0.023,0.083,0.097,0.504,0.111,0.105,0.278
13/07/2019 00:00,0.019,0.019,0.065,0.077,0.533,0.072,0.068,0.183
13/07/2019 01:00,0.006,0.006,0.05,0.059,0.425,0.06,0.056,0.154
13/07/2019 02:00,0.004,0.004,0.043,0.052,0.303,0.046,0.043,0.12
13/07/2019 03:00,0.002,0.002,0.05,0.059,0.183,0.044,0.04,0.118
13/07/2019 04:00,0.001,0.001,0.052,0.061,0.183,0.041,0.038,0.102
13/07/2019 05:00,0.001,0.001,0.047,0.056,0.232,0.066,0.062,0.161
13/07/2019 06:00,0.005,0.005,0.034,0.042,0.159,0.074,0.071,0.173
13/07/2019 07:00,0.007,0.007,0.047,0.056,0.097,0.081,0.078,0.183
13/07/2019 08:00,0.005,0.005,0.115,0.135,0.062,0.101,0.097,0.226
13/07/2019 09:00,0.003,0.003,0.188,0.222,0.054,0.11,0.106,0.248
13/07/2019 10:00,0.006,0.006,0.218,0.258,0.059,0.111,0.107,0.251
13/07/2019 11:00,0.026,0.026,0.237,0.28,0.064,0.098,0.095,0.225
13/07/2019 12:00,0.056,0.056,0.245,0.289,0.071,0.093,0.089,0.217
13/07/2019 13:00,0.088,0.088,0.241,0.284,0.088,0.094,0.091,0.22
13/07/2019 14:00,0.111,0.111,0.199,0.236,0.13,0.095,0.091,0.23
13/07/2019 15:00,0.14,0.14,0.119,0.14,0.174,0.119,0.111,0.307
13/07/2019 16:00,0.156,0.156,0.073,0.085,0.239,0.183,0.173,0.452
13/07/2019 17:00,0.139,0.139,0.058,0.069,0.336,0.249,0.238,0.567
13/07/2019 18:00,0.127,0.127,0.083,0.097,0.414,0.3,0.29,0.643
13/07/2019 19:00,0.122,0.122,0.122,0.143,0.39,0.313,0.302,0.656
13/07/2019 20:00,0.136,0.136,0.158,0.186,0.612,0.296,0.285,0.627
13/07/2019 21:00,0.133,0.133,0.162,0.192,0.747,0.242,0.232,0.545
13/07/2019 22:00,0.131,0.131,0.126,0.149,0.739,0.136,0.128,0.336
13/07/2019 23:00,0.17,0.17,0.078,0.092,0.737,0.073,0.068,0.195
14/07/2019 00:00,0.198,0.198,0.051,0.06,0.71,0.047,0.043,0.136
14/07/2019 01:00,0.19,0.19,0.041,0.049,0.648,0.024,0.021,0.074
14/07/2019 02:00,0.171,0.171,0.05,0.059,0.597,0.01,0.008,0.032
14/07/2019 03:00,0.15,0.15,0.07,0.082,0.534,0.006,0.005,0.018
14/07/2019 04:00,0.122,0.122,0.041,0.05,0.584,0.006,0.005,0.015
14/07/2019 05:00,0.113,0.113,0.0,0.001,0.584,0.02,0.019,0.043
14/07/2019 06:00,0.116,0.116,0.004,0.008,0.525,0.037,0.034,0.075
14/07/2019 07:00,0.1,0.1,0.021,0.028,0.435,0.047,0.045,0.096
14/07/2019 08:00,0.091,0.091,0.05,0.059,0.358,0.056,0.053,0.114
14/07/2019 09:00,0.088,0.088,0.093,0.109,0.318,0.067,0.065,0.139
14/07/2019 10:00,0.072,0.072,0.145,0.171,0.325,0.084,0.081,0.176
14/07/2019 11:00,0.058,0.058,0.198,0.234,0.36,0.106,0.103,0.228
14/07/2019 12:00,0.052,0.052,0.23,0.272,0.396,0.134,0.13,0.292
14/07/2019 13:00,0.05,0.05,0.232,0.273,0.431,0.17,0.165,0.374
14/07/2019 14:00,0.055,0.055,0.189,0.223,0.468,0.21,0.204,0.467
14/07/2019 15:00,0.095,0.095,0.125,0.147,0.476,0.23,0.222,0.529
14/07/2019 16:00,0.134,0.134,0.074,0.087,0.516,0.266,0.255,0.59
14/07/2019 17:00,0.14,0.14,0.045,0.054,0.592,0.309,0.298,0.651
14/07/2019 18:00,0.14,0.14,0.022,0.028,0.57,0.306,0.296,0.65
14/07/2019 19:00,0.142,0.142,0.005,0.01,0.618,0.315,0.304,0.653
14/07/2019 20:00,0.143,0.143,0.002,0.005,0.727,0.324,0.314,0.663
14/07/2019 21:00,0.126,0.126,0.004,0.009,0.863,0.308,0.299,0.631
14/07/2019 22:00,0.116,0.116,0.011,0.017,0.882,0.26,0.251,0.549
14/07/2019 23:00,0.118,0.118,0.023,0.03,0.827,0.195,0.187,0.429
15/07/2019 00:00,0.13,0.13,0.04,0.048,0.784,0.18,0.173,0.4
15/07/2019 01:00,0.133,0.133,0.063,0.074,0.741,0.177,0.169,0.399
15/07/2019 02:00,0.122,0.122,0.098,0.115,0.698,0.199,0.19,0.455
15/07/2019 03:00,0.115,0.115,0.114,0.134,0.646,0.173,0.164,0.412
15/07/2019 04:00,0.09,0.09,0.061,0.072,0.713,0.16,0.154,0.38
15/07/2019 05:00,0.077,0.077,0.01,0.016,0.723,0.162,0.157,0.376
15/07/2019 06:00,0.029,0.029,0.022,0.028,0.718,0.142,0.138,0.323
15/07/2019 07:00,0.008,0.008,0.05,0.059,0.674,0.108,0.105,0.241
15/07/2019 08:00,0.001,0.001,0.087,0.102,0.619,0.072,0.069,0.161
15/07/2019 09:00,0.0,0.0,0.123,0.145,0.578,0.064,0.061,0.138
15/07/2019 10:00,0.0,0.0,0.151,0.178,0.554,0.074,0.071,0.16
15/07/2019 11:00,0.003,0.003,0.181,0.214,0.534,0.087,0.084,0.187
15/07/2019 12:00,0.007,0.007,0.205,0.243,0.517,0.099,0.095,0.217
15/07/2019 13:00,0.015,0.015,0.191,0.226,0.504,0.12,0.116,0.272
15/07/2019 14:00,0.025,0.025,0.156,0.185,0.509,0.177,0.172,0.404
15/07/2019 15:00,0.026,0.026,0.112,0.132,0.502,0.279,0.27,0.606
15/07/2019 16:00,0.032,0.032,0.065,0.077,0.53,0.355,0.346,0.704
15/07/2019 17:00,0.043,0.043,0.036,0.044,0.541,0.351,0.342,0.692
15/07/2019 18:00,0.043,0.043,0.025,0.032,0.538,0.373,0.363,0.718
15/07/2019 19:00,0.047,0.047,0.023,0.03,0.621,0.392,0.384,0.741
15/07/2019 20:00,0.057,0.057,0.033,0.041,0.745,0.326,0.319,0.663
15/07/2019 21:00,0.072,0.072,0.053,0.063,0.818,0.237,0.229,0.528
15/07/2019 22:00,0.089,0.089,0.081,0.095,0.812,0.16,0.153,0.374
15/07/2019 23:00,0.072,0.072,0.115,0.135,0.826,0.1,0.095,0.241
16/07/2019 00:00,0.052,0.052,0.145,0.171,0.777,0.06,0.055,0.141
16/07/2019 01:00,0.044,0.044,0.168,0.198,0.712,0.057,0.053,0.142
16/07/2019 02:00,0.064,0.064,0.16,0.19,0.661,0.065,0.06,0.162
16/07/2019 03:00,0.103,0.103,0.131,0.154,0.599,0.074,0.069,0.186
16/07/2019 04:00,0.116,0.116,0.082,0.096,0.668,0.114,0.109,0.272
16/07/2019 05:00,0.151,0.151,0.035,0.042,0.702,0.139,0.133,0.319
16/07/2019 06:00,0.091,0.091,0.05,0.059,0.663,0.124,0.12,0.279
16/07/2019 07:00,0.02,0.02,0.08,0.094,0.564,0.103,0.099,0.229
16/07/2019 08:00,0.004,0.004,0.12,0.142,0.459,0.088,0.084,0.193
16/07/2019 09:00,0.004,0.004,0.164,0.193,0.384,0.067,0.065,0.15
16/07/2019 10:00,0.004,0.004,0.187,0.221,0.344,0.05,0.048,0.11
16/07/2019 11:00,0.002,0.002,0.179,0.211,0.331,0.042,0.041,0.094
16/07/2019 12:00,0.001,0.001,0.139,0.164,0.34,0.047,0.044,0.104
16/07/2019 13:00,0.001,0.001,0.088,0.103,0.366,0.063,0.06,0.144
16/07/2019 14:00,0.001,0.001,0.051,0.061,0.407,0.09,0.086,0.215
16/07/2019 15:00,0.001,0.001,0.026,0.033,0.431,0.123,0.116,0.313
16/07/2019 16:00,0.001,0.001,0.013,0.019,0.407,0.18,0.172,0.442
16/07/2019 17:00,0.004,0.004,0.01,0.016,0.379,0.24,0.231,0.557
16/07/2019 18:00,0.014,0.014,0.008,0.013,0.414,0.27,0.26,0.606
16/07/2019 19:00,0.026,0.026,0.004,0.008,0.568,0.277,0.268,0.623
16/07/2019 20:00,0.026,0.026,0.001,0.004,0.823,0.222,0.213,0.528
16/07/2019 21:00,0.026,0.026,0.001,0.002,0.862,0.163,0.156,0.414
16/07/2019 22:00,0.04,0.04,0.001,0.003,0.847,0.145,0.138,0.372
16/07/2019 23:00,0.067,0.067,0.003,0.007,0.816,0.115,0.109,0.29
17/07/2019 00:00,0.112,0.112,0.005,0.01,0.757,0.106,0.1,0.262
17/07/2019 01:00,0.185,0.185,0.007,0.012,0.706,0.095,0.09,0.236
17/07/2019 02:00,0.269,0.269,0.009,0.015,0.677,0.092,0.087,0.225
17/07/2019 03:00,0.318,0.318,0.011,0.017,0.665,0.084,0.078,0.203
17/07/2019 04:00,0.306,0.306,0.0,0.001,0.712,0.135,0.13,0.315
17/07/2019 05:00,0.335,0.335,0.001,0.003,0.704,0.165,0.16,0.375
17/07/2019 06:00,0.253,0.253,0.004,0.008,0.615,0.129,0.125,0.293
17/07/2019 07:00,0.181,0.181,0.014,0.021,0.468,0.101,0.097,0.224
17/07/2019 08:00,0.148,0.148,0.039,0.047,0.35,0.093,0.091,0.206
17/07/2019 09:00,0.113,0.113,0.06,0.07,0.283,0.09,0.087,0.199
17/07/2019 10:00,0.089,0.089,0.081,0.095,0.265,0.088,0.085,0.194
17/07/2019 11:00,0.08,0.08,0.096,0.113,0.282,0.088,0.084,0.195
17/07/2019 12:00,0.079,0.079,0.098,0.115,0.329,0.089,0.086,0.202
17/07/2019 13:00,0.083,0.083,0.092,0.108,0.403,0.108,0.104,0.251
17/07/2019 14:00,0.104,0.104,0.085,0.099,0.498,0.15,0.144,0.35
17/07/2019 15:00,0.148,0.148,0.068,0.08,0.56,0.209,0.2,0.489
17/07/2019 16:00,0.212,0.212,0.041,0.049,0.625,0.29,0.279,0.624
17/07/2019 17:00,0.274,0.274,0.026,0.033,0.629,0.363,0.353,0.719
17/07/2019 18:00,0.298,0.298,0.012,0.018,0.624,0.363,0.354,0.716
17/07/2019 19:00,0.279,0.279,0.003,0.006,0.722,0.297,0.29,0.627
17/07/2019 20:00,0.297,0.297,0.0,0.001,0.801,0.217,0.21,0.494
17/07/2019 21:00,0.33,0.33,0.0,0.0,0.835,0.185,0.179,0.429
17/07/2019 22:00,0.388,0.388,0.0,0.002,0.835,0.176,0.169,0.402
17/07/2019 23:00,0.426,0.426,0.005,0.009,0.831,0.175,0.168,0.402
18/07/2019 00:00,0.472,0.472,0.023,0.03,0.785,0.168,0.161,0.389
18/07/2019 01:00,0.491,0.491,0.058,0.069,0.735,0.141,0.135,0.329
18/07/2019 02:00,0.563,0.563,0.109,0.128,0.68,0.12,0.113,0.287
18/07/2019 03:00,0.578,0.578,0.145,0.171,0.64,0.117,0.111,0.29
18/07/2019 04:00,0.558,0.558,0.128,0.151,0.702,0.133,0.128,0.324
18/07/2019 05:00,0.575,0.575,0.049,0.058,0.69,0.136,0.131,0.323
18/07/2019 06:00,0.461,0.461,0.018,0.024,0.597,0.11,0.107,0.254
18/07/2019 07:00,0.312,0.312,0.021,0.028,0.454,0.087,0.084,0.193
18/07/2019 08:00,0.216,0.216,0.031,0.039,0.343,0.079,0.077,0.173
18/07/2019 09:00,0.143,0.143,0.05,0.06,0.281,0.072,0.069,0.155
18/07/2019 10:00,0.065,0.065,0.082,0.096,0.263,0.067,0.065,0.146
18/07/2019 11:00,0.023,0.023,0.115,0.135,0.285,0.069,0.067,0.154
18/07/2019 12:00,0.013,0.013,0.136,0.16,0.335,0.079,0.076,0.178
18/07/2019 13:00,0.022,0.022,0.146,0.172,0.41,0.104,0.101,0.24
18/07/2019 14:00,0.046,0.046,0.138,0.163,0.494,0.156,0.151,0.361
18/07/2019 15:00,0.126,0.126,0.105,0.124,0.53,0.23,0.222,0.523
18/07/2019 16:00,0.257,0.257,0.073,0.086,0.56,0.318,0.308,0.656
18/07/2019 17:00,0.314,0.314,0.063,0.074,0.607,0.371,0.361,0.721
18/07/2019 18:00,0.328,0.328,0.054,0.064,0.639,0.393,0.383,0.745
18/07/2019 19:00,0.311,0.311,0.06,0.071,0.685,0.363,0.354,0.709
18/07/2019 20:00,0.286,0.286,0.086,0.101,0.668,0.324,0.314,0.661
18/07/2019 21:00,0.266,0.266,0.108,0.127,0.665,0.241,0.232,0.529
18/07/2019 22:00,0.265,0.265,0.124,0.146,0.674,0.129,0.122,0.314
18/07/2019 23:00,0.313,0.313,0.125,0.148,0.63,0.076,0.071,0.2
19/07/2019 00:00,0.322,0.322,0.121,0.143,0.57,0.061,0.056,0.164
19/07/2019 01:00,0.325,0.325,0.121,0.142,0.542,0.069,0.064,0.178
19/07/2019 02:00,0.342,0.342,0.116,0.137,0.514,0.079,0.072,0.198
19/07/2019 03:00,0.336,0.336,0.097,0.114,0.497,0.091,0.085,0.229
19/07/2019 04:00,0.298,0.298,0.035,0.043,0.669,0.121,0.115,0.287
19/07/2019 05:00,0.246,0.246,0.003,0.007,0.715,0.133,0.129,0.31
19/07/2019 06:00,0.113,0.113,0.02,0.027,0.663,0.115,0.111,0.263
19/07/2019 07:00,0.041,0.041,0.056,0.066,0.553,0.099,0.095,0.222
19/07/2019 08:00,0.017,0.017,0.092,0.108,0.414,0.084,0.081,0.186
19/07/2019 09:00,0.01,0.01,0.138,0.163,0.291,0.068,0.065,0.151
19/07/2019 10:00,0.006,0.006,0.189,0.223,0.225,0.052,0.049,0.115
19/07/2019 11:00,0.002,0.002,0.22,0.26,0.2,0.038,0.036,0.087
19/07/2019 12:00,0.0,0.0,0.24,0.283,0.188,0.027,0.025,0.059
19/07/2019 13:00,0.0,0.0,0.252,0.297,0.203,0.02,0.019,0.044
19/07/2019 14:00,0.0,0.0,0.248,0.293,0.26,0.024,0.023,0.055
19/07/2019 15:00,0.001,0.001,0.167,0.197,0.333,0.046,0.042,0.119
19/07/2019 16:00,0.014,0.014,0.076,0.09,0.372,0.087,0.08,0.226
19/07/2019 17:00,0.039,0.039,0.04,0.048,0.357,0.122,0.115,0.318
19/07/2019 18:00,0.06,0.06,0.027,0.034,0.358,0.141,0.133,0.367
19/07/2019 19:00,0.075,0.075,0.019,0.026,0.344,0.143,0.137,0.377
19/07/2019 20:00,0.096,0.096,0.017,0.024,0.35,0.122,0.116,0.331
19/07/2019 21:00,0.15,0.15,0.026,0.033,0.377,0.098,0.092,0.272
19/07/2019 22:00,0.208,0.208,0.058,0.068,0.438,0.071,0.067,0.2
19/07/2019 23:00,0.24,0.24,0.102,0.12,0.541,0.047,0.043,0.132
20/07/2019 00:00,0.251,0.251,0.13,0.153,0.629,0.033,0.03,0.093
20/07/2019 01:00,0.237,0.237,0.175,0.207,0.591,0.023,0.021,0.064
20/07/2019 02:00,0.225,0.225,0.21,0.248,0.571,0.019,0.017,0.051
20/07/2019 03:00,0.201,0.201,0.241,0.285,0.539,0.016,0.014,0.043
20/07/2019 04:00,0.169,0.169,0.249,0.293,0.621,0.014,0.013,0.038
20/07/2019 05:00,0.165,0.165,0.314,0.367,0.586,0.009,0.008,0.024
20/07/2019 06:00,0.135,0.135,0.402,0.465,0.414,0.004,0.003,0.011
20/07/2019 07:00,0.094,0.094,0.445,0.51,0.209,0.002,0.002,0.007
20/07/2019 08:00,0.077,0.077,0.474,0.541,0.086,0.003,0.002,0.007
20/07/2019 09:00,0.062,0.062,0.517,0.585,0.043,0.003,0.002,0.006
20/07/2019 10:00,0.05,0.05,0.553,0.622,0.022,0.002,0.002,0.004
20/07/2019 11:00,0.054,0.054,0.593,0.66,0.01,0.004,0.003,0.007
20/07/2019 12:00,0.055,0.055,0.62,0.687,0.004,0.009,0.007,0.017
20/07/2019 13:00,0.051,0.051,0.613,0.68,0.005,0.015,0.013,0.033
20/07/2019 14:00,0.056,0.056,0.525,0.593,0.008,0.021,0.019,0.048
20/07/2019 15:00,0.103,0.103,0.296,0.347,0.029,0.02,0.018,0.05
20/07/2019 16:00,0.18,0.18,0.134,0.158,0.089,0.013,0.011,0.031
20/07/2019 17:00,0.248,0.248,0.117,0.137,0.15,0.008,0.006,0.02
20/07/2019 18:00,0.309,0.309,0.141,0.166,0.209,0.006,0.005,0.021
20/07/2019 19:00,0.326,0.326,0.155,0.183,0.255,0.01,0.008,0.039
20/07/2019 20:00,0.311,0.311,0.157,0.185,0.379,0.023,0.02,0.079
20/07/2019 21:00,0.293,0.293,0.172,0.204,0.446,0.028,0.025,0.088
20/07/2019 22:00,0.29,0.29,0.192,0.227,0.468,0.017,0.015,0.056
20/07/2019 23:00,0.299,0.299,0.176,0.208,0.486,0.006,0.005,0.02
21/07/2019 00:00,0.311,0.311,0.181,0.214,0.489,0.001,0.0,0.002
21/07/2019 01:00,0.309,0.309,0.188,0.222,0.477,0.0,0.0,0.0
21/07/2019 02:00,0.269,0.269,0.225,0.265,0.441,0.0,0.0,0.0
21/07/2019 03:00,0.211,0.211,0.235,0.277,0.395,0.001,0.001,0.002
21/07/2019 04:00,0.181,0.181,0.216,0.255,0.48,0.003,0.002,0.006
21/07/2019 05:00,0.171,0.171,0.273,0.321,0.468,0.015,0.013,0.031
21/07/2019 06:00,0.092,0.092,0.326,0.381,0.318,0.027,0.025,0.06
21/07/2019 07:00,0.035,0.035,0.358,0.417,0.124,0.032,0.03,0.071
21/07/2019 08:00,0.014,0.014,0.414,0.478,0.038,0.036,0.034,0.082
21/07/2019 09:00,0.009,0.009,0.476,0.543,0.016,0.046,0.044,0.104
21/07/2019 10:00,0.007,0.007,0.52,0.588,0.013,0.053,0.051,0.122
21/07/2019 11:00,0.007,0.007,0.552,0.62,0.014,0.057,0.055,0.135
21/07/2019 12:00,0.013,0.013,0.584,0.652,0.021,0.058,0.055,0.138
21/07/2019 13:00,0.017,0.017,0.616,0.683,0.027,0.048,0.045,0.117
21/07/2019 14:00,0.025,0.025,0.597,0.664,0.034,0.032,0.029,0.08
21/07/2019 15:00,0.068,0.068,0.411,0.475,0.059,0.016,0.014,0.052
21/07/2019 16:00,0.155,0.155,0.201,0.238,0.128,0.015,0.013,0.059
21/07/2019 17:00,0.23,0.23,0.094,0.111,0.208,0.031,0.027,0.119
21/07/2019 18:00,0.271,0.271,0.086,0.101,0.265,0.056,0.052,0.201
21/07/2019 19:00,0.274,0.274,0.106,0.125,0.265,0.088,0.083,0.294
21/07/2019 20:00,0.276,0.276,0.117,0.138,0.306,0.105,0.099,0.324
21/07/2019 21:00,0.257,0.257,0.106,0.125,0.408,0.088,0.083,0.259
21/07/2019 22:00,0.227,0.227,0.112,0.132,0.437,0.042,0.039,0.125
21/07/2019 23:00,0.237,0.237,0.079,0.092,0.451,0.013,0.011,0.039
22/07/2019 00:00,0.298,0.298,0.057,0.067,0.419,0.008,0.006,0.022
22/07/2019 01:00,0.403,0.403,0.064,0.075,0.363,0.013,0.011,0.032
22/07/2019 02:00,0.512,0.512,0.093,0.109,0.339,0.022,0.019,0.052
22/07/2019 03:00,0.577,0.577,0.124,0.146,0.325,0.042,0.038,0.102
22/07/2019 04:00,0.6,0.6,0.125,0.147,0.348,0.073,0.07,0.165
22/07/2019 05:00,0.684,0.684,0.109,0.128,0.289,0.136,0.131,0.292
22/07/2019 06:00,0.576,0.576,0.121,0.142,0.164,0.173,0.167,0.364
22/07/2019 07:00,0.396,0.396,0.148,0.175,0.071,0.185,0.181,0.387
22/07/2019 08:00,0.282,0.282,0.173,0.204,0.022,0.183,0.179,0.384
22/07/2019 09:00,0.203,0.203,0.195,0.23,0.006,0.163,0.159,0.35
22/07/2019 10:00,0.188,0.188,0.206,0.244,0.003,0.134,0.131,0.29
22/07/2019 11:00,0.208,0.208,0.213,0.252,0.002,0.108,0.105,0.235
22/07/2019 12:00,0.279,0.279,0.23,0.271,0.001,0.091,0.088,0.197
22/07/2019 13:00,0.318,0.318,0.275,0.323,0.003,0.079,0.075,0.172
22/07/2019 14:00,0.337,0.337,0.342,0.399,0.009,0.064,0.061,0.144
22/07/2019 15:00,0.333,0.333,0.324,0.379,0.018,0.05,0.045,0.127
22/07/2019 16:00,0.357,0.357,0.258,0.304,0.029,0.044,0.039,0.116
22/07/2019 17:00,0.342,0.342,0.238,0.281,0.049,0.04,0.036,0.112
22/07/2019 18:00,0.302,0.302,0.255,0.301,0.082,0.045,0.04,0.138
22/07/2019 19:00,0.286,0.286,0.236,0.278,0.097,0.054,0.049,0.175
22/07/2019 20:00,0.311,0.311,0.228,0.269,0.077,0.06,0.054,0.192
22/07/2019 21:00,0.357,0.357,0.204,0.242,0.05,0.043,0.039,0.153
22/07/2019 22:00,0.379,0.379,0.182,0.215,0.028,0.02,0.017,0.08
22/07/2019 23:00,0.385,0.385,0.166,0.196,0.02,0.011,0.009,0.048
23/07/2019 00:00,0.38,0.38,0.15,0.177,0.031,0.013,0.011,0.044
23/07/2019 01:00,0.355,0.355,0.138,0.163,0.057,0.012,0.01,0.033
23/07/2019 02:00,0.333,0.333,0.114,0.134,0.097,0.012,0.01,0.03
23/07/2019 03:00,0.315,0.315,0.075,0.088,0.139,0.019,0.016,0.045
23/07/2019 04:00,0.268,0.268,0.031,0.039,0.185,0.029,0.027,0.064
23/07/2019 05:00,0.345,0.345,0.006,0.012,0.187,0.05,0.048,0.116
23/07/2019 06:00,0.382,0.382,0.016,0.022,0.135,0.047,0.044,0.111
23/07/2019 07:00,0.311,0.311,0.051,0.061,0.078,0.039,0.037,0.095
23/07/2019 08:00,0.226,0.226,0.102,0.119,0.02,0.036,0.034,0.088
23/07/2019 09:00,0.184,0.184,0.169,0.2,0.003,0.033,0.032,0.087
23/07/2019 10:00,0.16,0.16,0.236,0.278,0.001,0.029,0.027,0.078
23/07/2019 11:00,0.142,0.142,0.285,0.335,0.0,0.022,0.021,0.061
23/07/2019 12:00,0.143,0.143,0.31,0.363,0.0,0.015,0.014,0.043
23/07/2019 13:00,0.14,0.14,0.296,0.347,0.0,0.011,0.01,0.03
23/07/2019 14:00,0.127,0.127,0.233,0.276,0.0,0.009,0.007,0.024
23/07/2019 15:00,0.132,0.132,0.123,0.145,0.002,0.008,0.006,0.027
23/07/2019 16:00,0.173,0.173,0.045,0.053,0.009,0.003,0.002,0.01
23/07/2019 17:00,0.163,0.163,0.013,0.02,0.024,0.0,0.0,0.001
23/07/2019 18:00,0.122,0.122,0.004,0.009,0.042,0.004,0.003,0.015
23/07/2019 19:00,0.102,0.102,0.008,0.014,0.034,0.032,0.029,0.111
23/07/2019 20:00,0.114,0.114,0.038,0.046,0.012,0.055,0.051,0.167
23/07/2019 21:00,0.16,0.16,0.073,0.086,0.001,0.052,0.048,0.152
23/07/2019 22:00,0.234,0.234,0.12,0.141,0.009,0.033,0.03,0.095
23/07/2019 23:00,0.28,0.28,0.173,0.204,0.03,0.013,0.011,0.04
24/07/2019 00:00,0.314,0.314,0.198,0.234,0.059,0.006,0.005,0.02
24/07/2019 01:00,0.312,0.312,0.177,0.209,0.093,0.004,0.003,0.013
24/07/2019 02:00,0.279,0.279,0.154,0.182,0.121,0.006,0.004,0.016
24/07/2019 03:00,0.241,0.241,0.127,0.149,0.141,0.008,0.006,0.016
24/07/2019 04:00,0.144,0.144,0.072,0.085,0.159,0.01,0.008,0.017
24/07/2019 05:00,0.071,0.071,0.053,0.063,0.12,0.042,0.04,0.083
24/07/2019 06:00,0.018,0.018,0.084,0.098,0.044,0.052,0.049,0.109
24/07/2019 07:00,0.008,0.008,0.122,0.143,0.004,0.064,0.061,0.144
24/07/2019 08:00,0.016,0.016,0.172,0.203,0.001,0.077,0.074,0.181
24/07/2019 09:00,0.022,0.022,0.226,0.267,0.0,0.071,0.068,0.173
24/07/2019 10:00,0.027,0.027,0.261,0.307,0.001,0.058,0.056,0.145
24/07/2019 11:00,0.028,0.028,0.274,0.323,0.001,0.046,0.044,0.116
24/07/2019 12:00,0.027,0.027,0.274,0.323,0.0,0.033,0.031,0.084
24/07/2019 13:00,0.023,0.023,0.246,0.29,0.0,0.019,0.017,0.049
24/07/2019 14:00,0.019,0.019,0.189,0.223,0.001,0.009,0.007,0.024
24/07/2019 15:00,0.014,0.014,0.105,0.124,0.019,0.003,0.002,0.014
24/07/2019 16:00,0.005,0.005,0.053,0.063,0.06,0.0,0.0,0.0
24/07/2019 17:00,0.002,0.002,0.028,0.035,0.07,0.003,0.002,0.011
24/07/2019 18:00,0.003,0.003,0.053,0.062,0.061,0.072,0.066,0.217
24/07/2019 19:00,0.007,0.007,0.164,0.194,0.048,0.122,0.115,0.337
24/07/2019 20:00,0.017,0.017,0.252,0.296,0.038,0.13,0.124,0.353
24/07/2019 21:00,0.035,0.035,0.258,0.304,0.052,0.099,0.094,0.282
24/07/2019 22:00,0.072,0.072,0.22,0.26,0.113,0.062,0.059,0.187
24/07/2019 23:00,0.128,0.128,0.199,0.236,0.195,0.049,0.045,0.146
25/07/2019 00:00,0.197,0.197,0.166,0.197,0.226,0.031,0.028,0.093
25/07/2019 01:00,0.262,0.262,0.151,0.179,0.207,0.01,0.008,0.031
25/07/2019 02:00,0.322,0.322,0.156,0.184,0.181,0.001,0.001,0.003
25/07/2019 03:00,0.335,0.335,0.173,0.204,0.19,0.0,0.0,0.0
25/07/2019 04:00,0.236,0.236,0.153,0.181,0.241,0.001,0.0,0.001
25/07/2019 05:00,0.163,0.163,0.088,0.103,0.223,0.015,0.014,0.033
25/07/2019 06:00,0.06,0.06,0.048,0.057,0.141,0.035,0.033,0.079
25/07/2019 07:00,0.015,0.015,0.054,0.064,0.066,0.048,0.045,0.108
25/07/2019 08:00,0.004,0.004,0.078,0.092,0.018,0.053,0.051,0.12
25/07/2019 09:00,0.004,0.004,0.117,0.137,0.004,0.053,0.051,0.119
25/07/2019 10:00,0.005,0.005,0.172,0.203,0.0,0.049,0.047,0.112
25/07/2019 11:00,0.006,0.006,0.229,0.271,0.0,0.048,0.045,0.11
25/07/2019 12:00,0.005,0.005,0.263,0.31,0.0,0.044,0.042,0.105
25/07/2019 13:00,0.008,0.008,0.273,0.321,0.0,0.042,0.04,0.105
25/07/2019 14:00,0.022,0.022,0.253,0.298,0.001,0.038,0.035,0.099
25/07/2019 15:00,0.063,0.063,0.166,0.196,0.024,0.02,0.018,0.065
25/07/2019 16:00,0.132,0.132,0.106,0.125,0.07,0.014,0.011,0.043
25/07/2019 17:00,0.195,0.195,0.079,0.093,0.072,0.001,0.001,0.004
25/07/2019 18:00,0.247,0.247,0.208,0.246,0.043,0.027,0.023,0.072
25/07/2019 19:00,0.274,0.274,0.332,0.388,0.01,0.133,0.124,0.353
25/07/2019 20:00,0.314,0.314,0.337,0.394,0.002,0.178,0.168,0.442
25/07/2019 21:00,0.373,0.373,0.381,0.442,0.006,0.127,0.12,0.328
25/07/2019 22:00,0.377,0.377,0.365,0.424,0.041,0.062,0.057,0.17
25/07/2019 23:00,0.337,0.337,0.328,0.384,0.115,0.018,0.016,0.056
26/07/2019 00:00,0.299,0.299,0.297,0.348,0.172,0.002,0.002,0.011
26/07/2019 01:00,0.281,0.281,0.271,0.319,0.204,0.0,0.0,0.001
26/07/2019 02:00,0.292,0.292,0.256,0.302,0.208,0.0,0.0,0.0
26/07/2019 03:00,0.282,0.282,0.264,0.311,0.206,0.003,0.002,0.004
26/07/2019 04:00,0.309,0.309,0.279,0.328,0.227,0.016,0.014,0.032
26/07/2019 05:00,0.473,0.473,0.276,0.325,0.193,0.056,0.053,0.129
26/07/2019 06:00,0.413,0.413,0.265,0.312,0.116,0.066,0.064,0.161
26/07/2019 07:00,0.276,0.276,0.292,0.342,0.061,0.064,0.061,0.154
26/07/2019 08:00,0.179,0.179,0.329,0.385,0.02,0.058,0.056,0.14
26/07/2019 09:00,0.096,0.096,0.352,0.41,0.004,0.056,0.054,0.136
26/07/2019 10:00,0.068,0.068,0.326,0.381,0.002,0.066,0.064,0.161
26/07/2019 11:00,0.048,0.048,0.261,0.307,0.003,0.063,0.06,0.154
26/07/2019 12:00,0.052,0.052,0.203,0.24,0.002,0.06,0.057,0.147
26/07/2019 13:00,0.087,0.087,0.171,0.202,0.002,0.061,0.059,0.156
26/07/2019 14:00,0.147,0.147,0.153,0.181,0.002,0.065,0.061,0.174
26/07/2019 15:00,0.227,0.227,0.121,0.142,0.002,0.064,0.059,0.201
26/07/2019 16:00,0.314,0.314,0.074,0.087,0.004,0.06,0.055,0.197
26/07/2019 17:00,0.327,0.327,0.052,0.062,0.009,0.079,0.073,0.256
26/07/2019 18:00,0.275,0.275,0.059,0.069,0.027,0.119,0.11,0.355
26/07/2019 19:00,0.222,0.222,0.061,0.072,0.06,0.148,0.141,0.395
26/07/2019 20:00,0.199,0.199,0.067,0.079,0.238,0.179,0.171,0.437
26/07/2019 21:00,0.222,0.222,0.093,0.109,0.424,0.164,0.158,0.406
26/07/2019 22:00,0.246,0.246,0.104,0.122,0.434,0.089,0.085,0.241
26/07/2019 23:00,0.244,0.244,0.102,0.12,0.431,0.039,0.036,0.115
27/07/2019 00:00,0.208,0.208,0.108,0.127,0.442,0.024,0.022,0.074
27/07/2019 01:00,0.151,0.151,0.128,0.151,0.451,0.021,0.019,0.061
27/07/2019 02:00,0.109,0.109,0.161,0.19,0.442,0.015,0.013,0.042
27/07/2019 03:00,0.079,0.079,0.192,0.227,0.425,0.007,0.005,0.018
27/07/2019 04:00,0.061,0.061,0.217,0.256,0.441,0.002,0.001,0.004
27/07/2019 05:00,0.072,0.072,0.222,0.262,0.391,0.007,0.005,0.011
27/07/2019 06:00,0.057,0.057,0.199,0.236,0.256,0.026,0.024,0.056
27/07/2019 07:00,0.032,0.032,0.179,0.211,0.12,0.038,0.036,0.088
27/07/2019 08:00,0.019,0.019,0.193,0.228,0.031,0.049,0.047,0.119
27/07/2019 09:00,0.013,0.013,0.231,0.273,0.002,0.06,0.057,0.144
27/07/2019 10:00,0.012,0.012,0.264,0.311,0.001,0.068,0.066,0.166
27/07/2019 11:00,0.018,0.018,0.284,0.334,0.003,0.072,0.069,0.175
27/07/2019 12:00,0.02,0.02,0.276,0.324,0.009,0.07,0.067,0.174
27/07/2019 13:00,0.02,0.02,0.246,0.29,0.007,0.065,0.062,0.167
27/07/2019 14:00,0.019,0.019,0.219,0.259,0.009,0.053,0.05,0.147
27/07/2019 15:00,0.018,0.018,0.173,0.205,0.021,0.04,0.036,0.133
27/07/2019 16:00,0.016,0.016,0.109,0.128,0.049,0.017,0.015,0.062
27/07/2019 17:00,0.014,0.014,0.055,0.065,0.084,0.029,0.026,0.098
27/07/2019 18:00,0.022,0.022,0.047,0.057,0.126,0.076,0.071,0.224
27/07/2019 19:00,0.046,0.046,0.073,0.085,0.161,0.106,0.101,0.299
27/07/2019 20:00,0.087,0.087,0.118,0.139,0.212,0.098,0.093,0.28
27/07/2019 21:00,0.134,0.134,0.137,0.161,0.25,0.082,0.078,0.229
27/07/2019 22:00,0.183,0.183,0.144,0.169,0.232,0.069,0.065,0.183
27/07/2019 23:00,0.216,0.216,0.141,0.166,0.173,0.049,0.045,0.122
28/07/2019 00:00,0.236,0.236,0.131,0.154,0.095,0.028,0.025,0.064
28/07/2019 01:00,0.235,0.235,0.121,0.142,0.057,0.016,0.014,0.035
28/07/2019 02:00,0.229,0.229,0.125,0.147,0.045,0.017,0.015,0.039
28/07/2019 03:00,0.215,0.215,0.118,0.138,0.042,0.026,0.023,0.062
28/07/2019 04:00,0.157,0.157,0.083,0.098,0.042,0.038,0.035,0.089
28/07/2019 05:00,0.138,0.138,0.063,0.074,0.03,0.047,0.045,0.115
28/07/2019 06:00,0.074,0.074,0.063,0.074,0.014,0.04,0.037,0.097
28/07/2019 07:00,0.028,0.028,0.043,0.052,0.003,0.037,0.035,0.089
28/07/2019 08:00,0.01,0.01,0.027,0.035,0.002,0.045,0.043,0.109
28/07/2019 09:00,0.005,0.005,0.017,0.023,0.005,0.054,0.052,0.135
28/07/2019 10:00,0.005,0.005,0.01,0.015,0.012,0.061,0.059,0.152
28/07/2019 11:00,0.004,0.004,0.007,0.012,0.023,0.059,0.057,0.146
28/07/2019 12:00,0.005,0.005,0.01,0.016,0.029,0.048,0.045,0.12
28/07/2019 13:00,0.005,0.005,0.025,0.032,0.025,0.033,0.031,0.087
28/07/2019 14:00,0.006,0.006,0.059,0.069,0.021,0.022,0.02,0.06
28/07/2019 15:00,0.014,0.014,0.087,0.102,0.027,0.011,0.009,0.035
28/07/2019 16:00,0.035,0.035,0.085,0.099,0.03,0.003,0.002,0.008
28/07/2019 17:00,0.053,0.053,0.075,0.089,0.026,0.007,0.005,0.018
28/07/2019 18:00,0.065,0.065,0.088,0.104,0.014,0.023,0.02,0.068
28/07/2019 19:00,0.067,0.067,0.125,0.147,0.004,0.049,0.045,0.144
28/07/2019 20:00,0.068,0.068,0.16,0.189,0.0,0.064,0.059,0.189
28/07/2019 21:00,0.08,0.08,0.177,0.209,0.001,0.051,0.047,0.161
28/07/2019 22:00,0.112,0.112,0.177,0.209,0.011,0.022,0.019,0.072
28/07/2019 23:00,0.174,0.174,0.173,0.204,0.039,0.005,0.003,0.016
29/07/2019 00:00,0.262,0.262,0.171,0.202,0.066,0.0,0.0,0.001
29/07/2019 01:00,0.32,0.32,0.175,0.206,0.079,0.0,0.0,0.0
29/07/2019 02:00,0.343,0.343,0.179,0.212,0.088,0.001,0.0,0.002
29/07/2019 03:00,0.352,0.352,0.192,0.226,0.105,0.003,0.002,0.006
29/07/2019 04:00,0.337,0.337,0.194,0.229,0.121,0.004,0.003,0.009
29/07/2019 05:00,0.387,0.387,0.16,0.189,0.088,0.011,0.009,0.026
29/07/2019 06:00,0.326,0.326,0.091,0.106,0.029,0.018,0.016,0.044
29/07/2019 07:00,0.223,0.223,0.044,0.053,0.002,0.031,0.029,0.075
29/07/2019 08:00,0.157,0.157,0.023,0.03,0.0,0.053,0.05,0.128
29/07/2019 09:00,0.132,0.132,0.026,0.034,0.0,0.052,0.049,0.129
29/07/2019 10:00,0.113,0.113,0.054,0.064,0.0,0.035,0.034,0.091
29/07/2019 11:00,0.094,0.094,0.092,0.108,0.0,0.022,0.021,0.058
29/07/2019 12:00,0.088,0.088,0.142,0.167,0.001,0.011,0.01,0.029
29/07/2019 13:00,0.092,0.092,0.199,0.235,0.001,0.003,0.002,0.008
29/07/2019 14:00,0.111,0.111,0.234,0.276,0.002,0.001,0.0,0.001
29/07/2019 15:00,0.197,0.197,0.176,0.208,0.004,0.001,0.001,0.002
29/07/2019 16:00,0.34,0.34,0.065,0.076,0.008,0.003,0.002,0.008
29/07/2019 17:00,0.41,0.41,0.02,0.026,0.011,0.008,0.006,0.02
29/07/2019 18:00,0.426,0.426,0.009,0.014,0.011,0.015,0.014,0.04
29/07/2019 19:00,0.351,0.351,0.005,0.009,0.011,0.026,0.024,0.067
29/07/2019 20:00,0.285,0.285,0.005,0.009,0.008,0.03,0.028,0.074
29/07/2019 21:00,0.235,0.235,0.014,0.02,0.003,0.027,0.024,0.062
29/07/2019 22:00,0.22,0.22,0.041,0.05,0.001,0.02,0.019,0.046
29/07/2019 23:00,0.227,0.227,0.072,0.084,0.006,0.015,0.013,0.034
30/07/2019 00:00,0.231,0.231,0.096,0.112,0.033,0.01,0.009,0.023
30/07/2019 01:00,0.26,0.26,0.097,0.113,0.078,0.006,0.005,0.013
30/07/2019 02:00,0.303,0.303,0.078,0.092,0.118,0.004,0.003,0.008
30/07/2019 03:00,0.324,0.324,0.061,0.072,0.132,0.004,0.003,0.009
30/07/2019 04:00,0.333,0.333,0.068,0.08,0.152,0.007,0.006,0.017
30/07/2019 05:00,0.39,0.39,0.088,0.104,0.152,0.01,0.008,0.025
30/07/2019 06:00,0.294,0.294,0.057,0.067,0.122,0.009,0.008,0.022
30/07/2019 07:00,0.187,0.187,0.03,0.038,0.073,0.006,0.005,0.015
30/07/2019 08:00,0.125,0.125,0.017,0.024,0.03,0.007,0.006,0.015
30/07/2019 09:00,0.104,0.104,0.013,0.02,0.006,0.007,0.006,0.014
30/07/2019 10:00,0.095,0.095,0.016,0.022,0.0,0.004,0.003,0.007
30/07/2019 11:00,0.075,0.075,0.021,0.028,0.0,0.001,0.001,0.002
30/07/2019 12:00,0.054,0.054,0.03,0.037,0.0,0.0,0.0,0.0
30/07/2019 13:00,0.038,0.038,0.04,0.048,0.0,0.0,0.0,0.0
30/07/2019 14:00,0.029,0.029,0.049,0.058,0.0,0.0,0.0,0.001
30/07/2019 15:00,0.022,0.022,0.042,0.051,0.002,0.0,0.0,0.001
30/07/2019 16:00,0.017,0.017,0.045,0.054,0.007,0.001,0.0,0.002
30/07/2019 17:00,0.018,0.018,0.039,0.048,0.01,0.002,0.001,0.004
30/07/2019 18:00,0.018,0.018,0.019,0.026,0.011,0.002,0.002,0.007
30/07/2019 19:00,0.019,0.019,0.017,0.024,0.015,0.004,0.003,0.014
30/07/2019 20:00,0.032,0.032,0.048,0.057,0.024,0.007,0.006,0.024
30/07/2019 21:00,0.048,0.048,0.061,0.072,0.066,0.01,0.009,0.032
30/07/2019 22:00,0.05,0.05,0.066,0.077,0.163,0.011,0.009,0.032
30/07/2019 23:00,0.051,0.051,0.079,0.093,0.186,0.009,0.008,0.025
31/07/2019 00:00,0.063,0.063,0.106,0.125,0.167,0.008,0.007,0.02
31/07/2019 01:00,0.086,0.086,0.107,0.126,0.121,0.008,0.006,0.017
31/07/2019 02:00,0.12,0.12,0.104,0.122,0.088,0.006,0.005,0.014
31/07/2019 03:00,0.14,0.14,0.093,0.109,0.083,0.004,0.003,0.009
31/07/2019 04:00,0.125,0.125,0.045,0.053,0.113,0.006,0.005,0.014
31/07/2019 05:00,0.174,0.174,0.003,0.008,0.093,0.014,0.012,0.032
31/07/2019 06:00,0.244,0.244,0.001,0.003,0.03,0.018,0.017,0.041
31/07/2019 07:00,0.285,0.285,0.035,0.043,0.003,0.02,0.019,0.046
31/07/2019 08:00,0.288,0.288,0.087,0.102,0.0,0.019,0.017,0.041
31/07/2019 09:00,0.292,0.292,0.125,0.147,0.0,0.016,0.015,0.034
31/07/2019 10:00,0.285,0.285,0.159,0.188,0.0,0.017,0.015,0.031
31/07/2019 11:00,0.265,0.265,0.18,0.213,0.002,0.021,0.019,0.04
31/07/2019 12:00,0.242,0.242,0.188,0.222,0.007,0.029,0.027,0.059
31/07/2019 13:00,0.219,0.219,0.165,0.194,0.012,0.042,0.04,0.094
31/07/2019 14:00,0.185,0.185,0.114,0.134,0.019,0.064,0.06,0.154
31/07/2019 15:00,0.172,0.172,0.055,0.065,0.018,0.071,0.067,0.189
31/07/2019 16:00,0.211,0.211,0.019,0.026,0.012,0.078,0.073,0.214
31/07/2019 17:00,0.253,0.253,0.009,0.015,0.006,0.104,0.098,0.275
31/07/2019 18:00,0.259,0.259,0.005,0.009,0.003,0.114,0.108,0.292
31/07/2019 19:00,0.233,0.233,0.001,0.004,0.01,0.096,0.091,0.243
31/07/2019 20:00,0.185,0.185,0.0,0.002,0.04,0.076,0.072,0.193
31/07/2019 21:00,0.156,0.156,0.002,0.006,0.096,0.065,0.06,0.164
31/07/2019 22:00,0.113,0.113,0.014,0.021,0.149,0.048,0.044,0.121
31/07/2019 23:00,0.083,0.083,0.039,0.047,0.174,0.03,0.027,0.074
01/08/2019 00:00,0.07,0.07,0.059,0.07,0.166,0.02,0.018,0.05
01/08/2019 01:00,0.065,0.065,0.066,0.078,0.157,0.019,0.017,0.045
01/08/2019 02:00,0.071,0.071,0.051,0.061,0.159,0.024,0.021,0.054
01/08/2019 03:00,0.08,0.08,0.028,0.035,0.145,0.032,0.029,0.072
01/08/2019 04:00,0.111,0.111,0.003,0.006,0.238,0.056,0.053,0.125
01/08/2019 05:00,0.195,0.195,0.0,0.0,0.289,0.089,0.086,0.202
01/08/2019 06:00,0.259,0.259,0.0,0.0,0.275,0.065,0.061,0.147
01/08/2019 07:00,0.288,0.288,0.001,0.003,0.227,0.043,0.041,0.095
01/08/2019 08:00,0.279,0.279,0.016,0.023,0.174,0.036,0.034,0.078
01/08/2019 09:00,0.239,0.239,0.049,0.058,0.133,0.036,0.034,0.077
01/08/2019 10:00,0.203,0.203,0.083,0.098,0.111,0.038,0.036,0.079
01/08/2019 11:00,0.186,0.186,0.112,0.132,0.114,0.042,0.039,0.087
01/08/2019 12:00,0.165,0.165,0.122,0.144,0.141,0.052,0.049,0.113
01/08/2019 13:00,0.133,0.133,0.115,0.135,0.18,0.074,0.071,0.169
01/08/2019 14:00,0.096,0.096,0.082,0.096,0.231,0.105,0.1,0.251
01/08/2019 15:00,0.087,0.087,0.056,0.066,0.263,0.128,0.12,0.335
01/08/2019 16:00,0.097,0.097,0.052,0.061,0.297,0.198,0.186,0.485
01/08/2019 17:00,0.104,0.104,0.064,0.075,0.301,0.265,0.252,0.598
01/08/2019 18:00,0.117,0.117,0.073,0.085,0.313,0.255,0.242,0.581
01/08/2019 19:00,0.132,0.132,0.059,0.07,0.348,0.252,0.239,0.585
01/08/2019 20:00,0.149,0.149,0.036,0.044,0.335,0.262,0.25,0.6
01/08/2019 21:00,0.163,0.163,0.022,0.029,0.311,0.231,0.221,0.535
01/08/2019 22:00,0.172,0.172,0.019,0.026,0.315,0.162,0.153,0.4
01/08/2019 23:00,0.189,0.189,0.021,0.028,0.353,0.119,0.111,0.311
02/08/2019 00:00,0.212,0.212,0.022,0.029,0.401,0.086,0.079,0.236
02/08/2019 01:00,0.246,0.246,0.022,0.029,0.378,0.064,0.058,0.183
02/08/2019 02:00,0.285,0.285,0.026,0.034,0.334,0.061,0.056,0.179
02/08/2019 03:00,0.281,0.281,0.025,0.032,0.35,0.054,0.049,0.157
02/08/2019 04:00,0.239,0.239,0.062,0.073,0.488,0.038,0.035,0.098
02/08/2019 05:00,0.36,0.36,0.143,0.169,0.568,0.087,0.082,0.208
02/08/2019 06:00,0.397,0.397,0.189,0.223,0.601,0.161,0.157,0.361
02/08/2019 07:00,0.39,0.39,0.211,0.25,0.613,0.234,0.23,0.49
02/08/2019 08:00,0.369,0.369,0.226,0.267,0.606,0.285,0.281,0.568
02/08/2019 09:00,0.322,0.322,0.213,0.252,0.573,0.281,0.278,0.56
02/08/2019 10:00,0.262,0.262,0.192,0.227,0.525,0.259,0.254,0.526
02/08/2019 11:00,0.212,0.212,0.172,0.204,0.499,0.252,0.249,0.52
02/08/2019 12:00,0.171,0.171,0.154,0.182,0.509,0.27,0.266,0.553
02/08/2019 13:00,0.159,0.159,0.145,0.171,0.544,0.303,0.299,0.61
02/08/2019 14:00,0.171,0.171,0.135,0.16,0.565,0.333,0.327,0.662
02/08/2019 15:00,0.184,0.184,0.106,0.125,0.535,0.328,0.319,0.67
02/08/2019 16:00,0.212,0.212,0.069,0.081,0.548,0.321,0.311,0.663
02/08/2019 17:00,0.201,0.201,0.042,0.051,0.597,0.315,0.305,0.653
02/08/2019 18:00,0.171,0.171,0.025,0.032,0.587,0.3,0.291,0.628
02/08/2019 19:00,0.133,0.133,0.02,0.026,0.647,0.293,0.283,0.616
02/08/2019 20:00,0.091,0.091,0.024,0.031,0.669,0.254,0.247,0.549
02/08/2019 21:00,0.062,0.062,0.035,0.043,0.668,0.203,0.195,0.462
02/08/2019 22:00,0.06,0.06,0.05,0.059,0.693,0.183,0.176,0.429
02/08/2019 23:00,0.085,0.085,0.054,0.064,0.668,0.175,0.167,0.416
03/08/2019 00:00,0.116,0.116,0.054,0.064,0.661,0.152,0.145,0.373
03/08/2019 01:00,0.151,0.151,0.058,0.069,0.69,0.099,0.093,0.256
03/08/2019 02:00,0.211,0.211,0.063,0.074,0.69,0.057,0.053,0.153
03/08/2019 03:00,0.261,0.261,0.05,0.06,0.682,0.03,0.027,0.087
03/08/2019 04:00,0.246,0.246,0.022,0.029,0.737,0.034,0.032,0.095
03/08/2019 05:00,0.299,0.299,0.057,0.067,0.714,0.063,0.06,0.161
03/08/2019 06:00,0.253,0.253,0.143,0.168,0.631,0.096,0.093,0.22
03/08/2019 07:00,0.188,0.188,0.206,0.244,0.519,0.123,0.12,0.27
03/08/2019 08:00,0.125,0.125,0.279,0.328,0.39,0.141,0.137,0.302
03/08/2019 09:00,0.086,0.086,0.34,0.396,0.288,0.149,0.145,0.321
03/08/2019 10:00,0.062,0.062,0.365,0.424,0.235,0.16,0.157,0.349
03/08/2019 11:00,0.046,0.046,0.372,0.432,0.225,0.181,0.177,0.395
03/08/2019 12:00,0.037,0.037,0.373,0.433,0.25,0.202,0.198,0.442
03/08/2019 13:00,0.036,0.036,0.378,0.438,0.317,0.235,0.231,0.508
03/08/2019 14:00,0.043,0.043,0.35,0.408,0.398,0.279,0.273,0.587
03/08/2019 15:00,0.062,0.062,0.209,0.247,0.451,0.329,0.318,0.677
03/08/2019 16:00,0.091,0.091,0.081,0.095,0.468,0.39,0.379,0.743
03/08/2019 17:00,0.105,0.105,0.027,0.034,0.524,0.369,0.357,0.719
03/08/2019 18:00,0.113,0.113,0.008,0.013,0.534,0.319,0.307,0.667
03/08/2019 19:00,0.113,0.113,0.003,0.008,0.584,0.251,0.241,0.573
03/08/2019 20:00,0.11,0.11,0.002,0.005,0.643,0.181,0.172,0.446
03/08/2019 21:00,0.121,0.121,0.0,0.002,0.649,0.107,0.1,0.292
03/08/2019 22:00,0.148,0.148,0.0,0.002,0.63,0.057,0.052,0.166
03/08/2019 23:00,0.187,0.187,0.005,0.01,0.613,0.028,0.025,0.087
04/08/2019 00:00,0.231,0.231,0.025,0.032,0.582,0.016,0.013,0.05
04/08/2019 01:00,0.262,0.262,0.048,0.057,0.577,0.011,0.009,0.039
04/08/2019 02:00,0.277,0.277,0.063,0.074,0.539,0.012,0.01,0.04
04/08/2019 03:00,0.257,0.257,0.07,0.082,0.517,0.011,0.009,0.036
04/08/2019 04:00,0.256,0.256,0.044,0.053,0.598,0.006,0.005,0.015
04/08/2019 05:00,0.387,0.387,0.067,0.079,0.582,0.05,0.047,0.115
04/08/2019 06:00,0.429,0.429,0.135,0.159,0.523,0.107,0.104,0.235
04/08/2019 07:00,0.344,0.344,0.166,0.196,0.459,0.137,0.132,0.291
04/08/2019 08:00,0.268,0.268,0.173,0.204,0.389,0.152,0.148,0.323
04/08/2019 09:00,0.259,0.259,0.185,0.219,0.334,0.158,0.153,0.335
04/08/2019 10:00,0.268,0.268,0.219,0.259,0.318,0.165,0.161,0.354
04/08/2019 11:00,0.289,0.289,0.269,0.316,0.323,0.175,0.172,0.378
04/08/2019 12:00,0.314,0.314,0.302,0.354,0.328,0.185,0.181,0.402
04/08/2019 13:00,0.358,0.358,0.311,0.365,0.333,0.195,0.19,0.424
04/08/2019 14:00,0.376,0.376,0.269,0.316,0.368,0.219,0.213,0.478
04/08/2019 15:00,0.39,0.39,0.138,0.162,0.418,0.285,0.273,0.616
04/08/2019 16:00,0.466,0.466,0.037,0.045,0.51,0.391,0.379,0.75
04/08/2019 17:00,0.471,0.471,0.014,0.021,0.602,0.43,0.419,0.786
04/08/2019 18:00,0.426,0.426,0.013,0.019,0.546,0.39,0.379,0.749
04/08/2019 19:00,0.377,0.377,0.026,0.033,0.398,0.319,0.308,0.671
04/08/2019 20:00,0.349,0.349,0.061,0.072,0.379,0.224,0.213,0.539
04/08/2019 21:00,0.319,0.319,0.103,0.12,0.384,0.118,0.11,0.323
04/08/2019 22:00,0.302,0.302,0.151,0.178,0.432,0.048,0.044,0.141
04/08/2019 23:00,0.32,0.32,0.172,0.203,0.457,0.015,0.013,0.05
05/08/2019 00:00,0.355,0.355,0.167,0.197,0.511,0.007,0.005,0.023
05/08/2019 01:00,0.37,0.37,0.16,0.189,0.507,0.004,0.003,0.014
05/08/2019 02:00,0.39,0.39,0.156,0.185,0.466,0.003,0.002,0.011
05/08/2019 03:00,0.452,0.452,0.151,0.178,0.483,0.002,0.001,0.005
05/08/2019 04:00,0.375,0.375,0.114,0.134,0.557,0.0,0.0,0.0
05/08/2019 05:00,0.449,0.449,0.049,0.058,0.498,0.001,0.001,0.002
05/08/2019 06:00,0.522,0.522,0.017,0.023,0.336,0.007,0.006,0.012
05/08/2019 07:00,0.515,0.515,0.014,0.02,0.181,0.014,0.013,0.027
05/08/2019 08:00,0.523,0.523,0.016,0.023,0.087,0.021,0.019,0.04
05/08/2019 09:00,0.526,0.526,0.016,0.022,0.049,0.021,0.02,0.04
05/08/2019 10:00,0.516,0.516,0.016,0.023,0.044,0.019,0.017,0.034
05/08/2019 11:00,0.517,0.517,0.023,0.03,0.04,0.018,0.016,0.032
05/08/2019 12:00,0.528,0.528,0.039,0.048,0.033,0.018,0.017,0.034
05/08/2019 13:00,0.546,0.546,0.063,0.074,0.03,0.023,0.021,0.046
05/08/2019 14:00,0.562,0.562,0.089,0.104,0.037,0.032,0.03,0.072
05/08/2019 15:00,0.51,0.51,0.112,0.132,0.059,0.075,0.069,0.194
05/08/2019 16:00,0.509,0.509,0.135,0.159,0.103,0.152,0.144,0.376
05/08/2019 17:00,0.54,0.54,0.136,0.161,0.163,0.191,0.183,0.459
05/08/2019 18:00,0.525,0.525,0.113,0.133,0.23,0.21,0.202,0.499
05/08/2019 19:00,0.491,0.491,0.092,0.108,0.256,0.229,0.22,0.526
05/08/2019 20:00,0.47,0.47,0.089,0.105,0.338,0.191,0.182,0.46
05/08/2019 21:00,0.467,0.467,0.079,0.093,0.388,0.128,0.121,0.334
05/08/2019 22:00,0.455,0.455,0.066,0.078,0.406,0.071,0.065,0.199
05/08/2019 23:00,0.462,0.462,0.069,0.081,0.425,0.038,0.034,0.11
06/08/2019 00:00,0.473,0.473,0.054,0.064,0.409,0.023,0.02,0.068
06/08/2019 01:00,0.46,0.46,0.045,0.054,0.354,0.016,0.013,0.048
06/08/2019 02:00,0.431,0.431,0.043,0.051,0.291,0.01,0.008,0.029
06/08/2019 03:00,0.38,0.38,0.036,0.044,0.268,0.007,0.005,0.018
06/08/2019 04:00,0.268,0.268,0.016,0.022,0.317,0.001,0.0,0.002
06/08/2019 05:00,0.282,0.282,0.002,0.006,0.365,0.003,0.002,0.007
06/08/2019 06:00,0.284,0.284,0.001,0.003,0.279,0.007,0.005,0.013
06/08/2019 07:00,0.24,0.24,0.0,0.002,0.18,0.006,0.005,0.012
06/08/2019 08:00,0.185,0.185,0.0,0.002,0.126,0.004,0.004,0.008
06/08/2019 09:00,0.148,0.148,0.0,0.001,0.093,0.004,0.003,0.007
06/08/2019 10:00,0.128,0.128,0.0,0.0,0.063,0.005,0.004,0.008
06/08/2019 11:00,0.125,0.125,0.0,0.0,0.036,0.007,0.006,0.012
06/08/2019 12:00,0.134,0.134,0.0,0.001,0.022,0.01,0.009,0.02
06/08/2019 13:00,0.139,0.139,0.001,0.004,0.015,0.022,0.02,0.046
06/08/2019 14:00,0.145,0.145,0.008,0.013,0.015,0.048,0.045,0.109
06/08/2019 15:00,0.176,0.176,0.026,0.033,0.016,0.098,0.091,0.254
06/08/2019 16:00,0.208,0.208,0.075,0.088,0.021,0.177,0.167,0.438
06/08/2019 17:00,0.193,0.193,0.171,0.203,0.022,0.208,0.198,0.5
06/08/2019 18:00,0.161,0.161,0.249,0.294,0.024,0.23,0.222,0.546
06/08/2019 19:00,0.126,0.126,0.293,0.344,0.037,0.27,0.261,0.617
06/08/2019 20:00,0.108,0.108,0.269,0.316,0.064,0.212,0.204,0.52
06/08/2019 21:00,0.1,0.1,0.236,0.278,0.089,0.175,0.167,0.444
06/08/2019 22:00,0.084,0.084,0.234,0.276,0.159,0.138,0.131,0.361
06/08/2019 23:00,0.058,0.058,0.213,0.252,0.256,0.107,0.101,0.29
07/08/2019 00:00,0.038,0.038,0.165,0.195,0.396,0.084,0.079,0.229
07/08/2019 01:00,0.027,0.027,0.122,0.143,0.42,0.063,0.059,0.164
07/08/2019 02:00,0.023,0.023,0.085,0.099,0.418,0.066,0.062,0.169
07/08/2019 03:00,0.025,0.025,0.056,0.066,0.403,0.072,0.067,0.184
07/08/2019 04:00,0.02,0.02,0.021,0.028,0.545,0.09,0.087,0.215
07/08/2019 05:00,0.022,0.022,0.002,0.006,0.601,0.087,0.083,0.2
07/08/2019 06:00,0.051,0.051,0.001,0.002,0.53,0.069,0.066,0.156
07/08/2019 07:00,0.106,0.106,0.0,0.001,0.395,0.064,0.061,0.14
07/08/2019 08:00,0.188,0.188,0.0,0.001,0.274,0.072,0.069,0.156
07/08/2019 09:00,0.278,0.278,0.0,0.0,0.201,0.071,0.068,0.154
07/08/2019 10:00,0.355,0.355,0.0,0.0,0.158,0.066,0.064,0.142
07/08/2019 11:00,0.393,0.393,0.0,0.0,0.126,0.064,0.061,0.138
07/08/2019 12:00,0.383,0.383,0.0,0.0,0.12,0.062,0.059,0.137
07/08/2019 13:00,0.33,0.33,0.0,0.002,0.134,0.066,0.063,0.15
07/08/2019 14:00,0.244,0.244,0.003,0.007,0.161,0.082,0.079,0.199
07/08/2019 15:00,0.178,0.178,0.015,0.021,0.159,0.129,0.122,0.334
07/08/2019 16:00,0.165,0.165,0.039,0.048,0.152,0.212,0.203,0.512
07/08/2019 17:00,0.143,0.143,0.058,0.068,0.188,0.296,0.288,0.65
07/08/2019 18:00,0.117,0.117,0.068,0.08,0.264,0.339,0.329,0.7
07/08/2019 19:00,0.102,0.102,0.081,0.095,0.335,0.29,0.281,0.628
07/08/2019 20:00,0.104,0.104,0.089,0.104,0.437,0.202,0.195,0.481
07/08/2019 21:00,0.105,0.105,0.105,0.124,0.595,0.135,0.129,0.334
07/08/2019 22:00,0.099,0.099,0.127,0.15,0.704,0.112,0.106,0.283
07/08/2019 23:00,0.101,0.101,0.141,0.166,0.71,0.103,0.097,0.252
08/08/2019 00:00,0.107,0.107,0.149,0.176,0.672,0.108,0.103,0.263
08/08/2019 01:00,0.121,0.121,0.143,0.169,0.638,0.15,0.142,0.353
08/08/2019 02:00,0.135,0.135,0.133,0.157,0.617,0.18,0.173,0.413
08/08/2019 03:00,0.134,0.134,0.114,0.134,0.591,0.183,0.175,0.419
08/08/2019 04:00,0.102,0.102,0.053,0.062,0.682,0.223,0.218,0.5
08/08/2019 05:00,0.124,0.124,0.006,0.012,0.714,0.212,0.208,0.471
08/08/2019 06:00,0.122,0.122,0.0,0.0,0.654,0.174,0.169,0.387
08/08/2019 07:00,0.123,0.123,0.0,0.0,0.55,0.159,0.155,0.353
08/08/2019 08:00,0.13,0.13,0.0,0.0,0.452,0.159,0.155,0.348
08/08/2019 09:00,0.143,0.143,0.0,0.0,0.388,0.154,0.151,0.334
08/08/2019 10:00,0.16,0.16,0.0,0.0,0.372,0.153,0.149,0.333
08/08/2019 11:00,0.184,0.184,0.0,0.001,0.367,0.162,0.159,0.358
08/08/2019 12:00,0.19,0.19,0.001,0.002,0.349,0.179,0.174,0.398
08/08/2019 13:00,0.171,0.171,0.002,0.005,0.334,0.202,0.198,0.452
08/08/2019 14:00,0.132,0.132,0.006,0.012,0.332,0.229,0.223,0.508
08/08/2019 15:00,0.096,0.096,0.018,0.025,0.293,0.244,0.234,0.551
08/08/2019 16:00,0.076,0.076,0.031,0.039,0.246,0.252,0.243,0.567
08/08/2019 17:00,0.052,0.052,0.04,0.049,0.249,0.236,0.226,0.531
08/08/2019 18:00,0.032,0.032,0.05,0.06,0.379,0.228,0.22,0.516
08/08/2019 19:00,0.02,0.02,0.069,0.081,0.469,0.219,0.211,0.5
08/08/2019 20:00,0.012,0.012,0.088,0.103,0.562,0.195,0.186,0.452
08/08/2019 21:00,0.007,0.007,0.105,0.124,0.538,0.121,0.114,0.303
08/08/2019 22:00,0.008,0.008,0.125,0.147,0.499,0.048,0.045,0.135
08/08/2019 23:00,0.012,0.012,0.15,0.177,0.498,0.015,0.013,0.047
09/08/2019 00:00,0.025,0.025,0.166,0.196,0.561,0.006,0.005,0.023
09/08/2019 01:00,0.044,0.044,0.179,0.211,0.561,0.004,0.003,0.015
09/08/2019 02:00,0.068,0.068,0.193,0.228,0.462,0.003,0.002,0.009
09/08/2019 03:00,0.089,0.089,0.191,0.226,0.431,0.002,0.001,0.006
09/08/2019 04:00,0.107,0.107,0.133,0.157,0.442,0.002,0.001,0.005
09/08/2019 05:00,0.143,0.143,0.082,0.096,0.373,0.014,0.012,0.029
09/08/2019 06:00,0.199,0.199,0.036,0.044,0.248,0.034,0.032,0.068
09/08/2019 07:00,0.233,0.233,0.015,0.021,0.15,0.058,0.055,0.117
09/08/2019 08:00,0.224,0.224,0.007,0.012,0.085,0.083,0.08,0.17
09/08/2019 09:00,0.187,0.187,0.004,0.009,0.038,0.098,0.095,0.204
09/08/2019 10:00,0.14,0.14,0.006,0.011,0.013,0.109,0.106,0.234
09/08/2019 11:00,0.101,0.101,0.009,0.014,0.004,0.12,0.115,0.263
09/08/2019 12:00,0.067,0.067,0.014,0.02,0.001,0.131,0.127,0.299
09/08/2019 13:00,0.036,0.036,0.022,0.028,0.001,0.144,0.14,0.341
09/08/2019 14:00,0.025,0.025,0.027,0.034,0.001,0.162,0.157,0.399
09/08/2019 15:00,0.022,0.022,0.026,0.034,0.0,0.21,0.2,0.518
09/08/2019 16:00,0.027,0.027,0.024,0.031,0.001,0.27,0.261,0.614
09/08/2019 17:00,0.032,0.032,0.023,0.03,0.014,0.309,0.299,0.663
09/08/2019 18:00,0.036,0.036,0.025,0.032,0.046,0.318,0.308,0.668
09/08/2019 19:00,0.039,0.039,0.033,0.041,0.057,0.267,0.258,0.597
09/08/2019 20:00,0.044,0.044,0.052,0.062,0.062,0.199,0.189,0.474
09/08/2019 21:00,0.055,0.055,0.082,0.096,0.078,0.111,0.104,0.289
09/08/2019 22:00,0.069,0.069,0.114,0.134,0.154,0.053,0.048,0.143
09/08/2019 23:00,0.085,0.085,0.144,0.17,0.191,0.027,0.024,0.08
10/08/2019 00:00,0.11,0.11,0.168,0.198,0.185,0.015,0.013,0.045
10/08/2019 01:00,0.142,0.142,0.164,0.194,0.196,0.009,0.007,0.028
10/08/2019 02:00,0.188,0.188,0.144,0.17,0.173,0.007,0.006,0.023
10/08/2019 03:00,0.2,0.2,0.109,0.128,0.152,0.007,0.005,0.022
10/08/2019 04:00,0.14,0.14,0.078,0.092,0.185,0.011,0.009,0.028
10/08/2019 05:00,0.207,0.207,0.049,0.058,0.146,0.025,0.023,0.057
10/08/2019 06:00,0.429,0.429,0.018,0.024,0.075,0.034,0.032,0.072
10/08/2019 07:00,0.599,0.599,0.005,0.01,0.027,0.046,0.044,0.095
10/08/2019 08:00,0.648,0.648,0.001,0.004,0.007,0.061,0.059,0.125
10/08/2019 09:00,0.654,0.654,0.0,0.001,0.001,0.065,0.062,0.133
10/08/2019 10:00,0.639,0.639,0.0,0.002,0.0,0.06,0.058,0.124
10/08/2019 11:00,0.607,0.607,0.0,0.002,0.0,0.058,0.056,0.121
10/08/2019 12:00,0.556,0.556,0.002,0.005,0.002,0.058,0.055,0.123
10/08/2019 13:00,0.468,0.468,0.008,0.013,0.002,0.06,0.057,0.131
10/08/2019 14:00,0.299,0.299,0.019,0.026,0.004,0.066,0.063,0.15
10/08/2019 15:00,0.244,0.244,0.026,0.033,0.009,0.097,0.091,0.25
10/08/2019 16:00,0.257,0.257,0.037,0.046,0.018,0.148,0.141,0.374
10/08/2019 17:00,0.242,0.242,0.043,0.052,0.026,0.166,0.159,0.417
10/08/2019 18:00,0.24,0.24,0.043,0.052,0.028,0.228,0.22,0.546
10/08/2019 19:00,0.276,0.276,0.046,0.055,0.015,0.26,0.252,0.6
10/08/2019 20:00,0.315,0.315,0.043,0.052,0.004,0.247,0.238,0.569
10/08/2019 21:00,0.335,0.335,0.04,0.048,0.005,0.187,0.18,0.45
10/08/2019 22:00,0.326,0.326,0.026,0.034,0.021,0.122,0.115,0.299
10/08/2019 23:00,0.293,0.293,0.012,0.018,0.06,0.081,0.076,0.199
11/08/2019 00:00,0.257,0.257,0.005,0.01,0.122,0.062,0.058,0.151
11/08/2019 01:00,0.231,0.231,0.003,0.007,0.177,0.049,0.045,0.116
11/08/2019 02:00,0.232,0.232,0.003,0.007,0.216,0.046,0.043,0.112
11/08/2019 03:00,0.243,0.243,0.004,0.009,0.27,0.054,0.051,0.134
11/08/2019 04:00,0.202,0.202,0.009,0.014,0.355,0.094,0.09,0.231
11/08/2019 05:00,0.27,0.27,0.033,0.041,0.369,0.097,0.093,0.23
11/08/2019 06:00,0.305,0.305,0.086,0.101,0.311,0.064,0.061,0.145
11/08/2019 07:00,0.27,0.27,0.136,0.16,0.219,0.038,0.036,0.085
11/08/2019 08:00,0.224,0.224,0.121,0.143,0.142,0.032,0.03,0.067
11/08/2019 09:00,0.19,0.19,0.084,0.099,0.088,0.029,0.028,0.062
11/08/2019 10:00,0.176,0.176,0.068,0.08,0.053,0.031,0.029,0.063
11/08/2019 11:00,0.159,0.159,0.068,0.08,0.029,0.033,0.031,0.067
11/08/2019 12:00,0.12,0.12,0.07,0.082,0.018,0.039,0.037,0.079
11/08/2019 13:00,0.072,0.072,0.066,0.077,0.018,0.05,0.048,0.104
11/08/2019 14:00,0.035,0.035,0.059,0.069,0.034,0.069,0.066,0.152
11/08/2019 15:00,0.022,0.022,0.065,0.076,0.052,0.098,0.093,0.235
11/08/2019 16:00,0.04,0.04,0.087,0.102,0.056,0.139,0.132,0.344
11/08/2019 17:00,0.052,0.052,0.12,0.141,0.085,0.179,0.172,0.433
11/08/2019 18:00,0.043,0.043,0.176,0.208,0.136,0.193,0.185,0.459
11/08/2019 19:00,0.032,0.032,0.241,0.285,0.203,0.197,0.188,0.467
11/08/2019 20:00,0.03,0.03,0.285,0.335,0.283,0.188,0.181,0.453
11/08/2019 21:00,0.033,0.033,0.308,0.361,0.314,0.155,0.149,0.384
11/08/2019 22:00,0.033,0.033,0.29,0.341,0.364,0.104,0.098,0.26
11/08/2019 23:00,0.03,0.03,0.298,0.349,0.437,0.062,0.058,0.157
12/08/2019 00:00,0.029,0.029,0.281,0.33,0.481,0.04,0.036,0.101
12/08/2019 01:00,0.049,0.049,0.271,0.319,0.464,0.03,0.028,0.078
12/08/2019 02:00,0.092,0.092,0.266,0.314,0.42,0.027,0.024,0.068
12/08/2019 03:00,0.118,0.118,0.245,0.289,0.39,0.025,0.023,0.063
12/08/2019 04:00,0.113,0.113,0.207,0.245,0.479,0.031,0.029,0.071
12/08/2019 05:00,0.151,0.151,0.159,0.187,0.434,0.039,0.037,0.087
12/08/2019 06:00,0.229,0.229,0.069,0.081,0.326,0.045,0.043,0.101
12/08/2019 07:00,0.239,0.239,0.033,0.041,0.25,0.041,0.039,0.093
12/08/2019 08:00,0.221,0.221,0.018,0.025,0.21,0.031,0.029,0.067
12/08/2019 09:00,0.214,0.214,0.013,0.019,0.173,0.019,0.017,0.037
12/08/2019 10:00,0.211,0.211,0.013,0.019,0.121,0.012,0.011,0.02
12/08/2019 11:00,0.208,0.208,0.019,0.025,0.08,0.009,0.008,0.014
12/08/2019 12:00,0.208,0.208,0.026,0.033,0.055,0.008,0.006,0.012
12/08/2019 13:00,0.197,0.197,0.035,0.042,0.047,0.01,0.009,0.018
12/08/2019 14:00,0.144,0.144,0.041,0.049,0.052,0.012,0.011,0.024
12/08/2019 15:00,0.141,0.141,0.036,0.044,0.07,0.017,0.015,0.044
12/08/2019 16:00,0.19,0.19,0.039,0.047,0.117,0.039,0.035,0.114
12/08/2019 17:00,0.196,0.196,0.048,0.057,0.19,0.079,0.073,0.233
12/08/2019 18:00,0.2,0.2,0.063,0.074,0.234,0.199,0.189,0.504
12/08/2019 19:00,0.22,0.22,0.087,0.102,0.27,0.301,0.293,0.656
12/08/2019 20:00,0.217,0.217,0.105,0.123,0.312,0.275,0.268,0.61
12/08/2019 21:00,0.227,0.227,0.113,0.133,0.371,0.175,0.167,0.429
12/08/2019 22:00,0.222,0.222,0.114,0.134,0.461,0.084,0.079,0.225
12/08/2019 23:00,0.232,0.232,0.107,0.126,0.521,0.035,0.031,0.094
13/08/2019 00:00,0.244,0.244,0.094,0.11,0.572,0.017,0.015,0.047
13/08/2019 01:00,0.259,0.259,0.078,0.092,0.558,0.014,0.011,0.037
13/08/2019 02:00,0.259,0.259,0.061,0.072,0.541,0.015,0.012,0.039
13/08/2019 03:00,0.228,0.228,0.042,0.051,0.49,0.02,0.017,0.051
13/08/2019 04:00,0.136,0.136,0.033,0.041,0.557,0.03,0.028,0.072
13/08/2019 05:00,0.121,0.121,0.027,0.034,0.552,0.023,0.021,0.054
13/08/2019 06:00,0.089,0.089,0.014,0.021,0.442,0.016,0.014,0.034
13/08/2019 07:00,0.059,0.059,0.009,0.014,0.293,0.014,0.013,0.029
13/08/2019 08:00,0.033,0.033,0.006,0.011,0.175,0.014,0.013,0.028
13/08/2019 09:00,0.017,0.017,0.001,0.004,0.098,0.016,0.014,0.031
13/08/2019 10:00,0.008,0.008,0.0,0.002,0.07,0.021,0.02,0.042
13/08/2019 11:00,0.005,0.005,0.001,0.003,0.072,0.028,0.027,0.058
13/08/2019 12:00,0.004,0.004,0.003,0.007,0.079,0.035,0.034,0.076
13/08/2019 13:00,0.004,0.004,0.004,0.008,0.102,0.046,0.044,0.104
13/08/2019 14:00,0.002,0.002,0.004,0.008,0.147,0.072,0.068,0.171
13/08/2019 15:00,0.002,0.002,0.004,0.008,0.21,0.111,0.105,0.287
13/08/2019 16:00,0.002,0.002,0.002,0.005,0.26,0.147,0.141,0.381
13/08/2019 17:00,0.004,0.004,0.003,0.006,0.265,0.229,0.221,0.562
13/08/2019 18:00,0.003,0.003,0.008,0.013,0.286,0.321,0.311,0.691
13/08/2019 19:00,0.001,0.001,0.013,0.019,0.271,0.353,0.346,0.724
13/08/2019 20:00,0.001,0.001,0.016,0.023,0.285,0.276,0.268,0.618
13/08/2019 21:00,0.0,0.0,0.02,0.026,0.333,0.154,0.147,0.39
13/08/2019 22:00,0.001,0.001,0.02,0.026,0.432,0.078,0.073,0.208
13/08/2019 23:00,0.003,0.003,0.015,0.021,0.569,0.039,0.035,0.109
14/08/2019 00:00,0.011,0.011,0.013,0.019,0.653,0.015,0.013,0.044
14/08/2019 01:00,0.026,0.026,0.017,0.023,0.648,0.006,0.005,0.017
14/08/2019 02:00,0.043,0.043,0.025,0.032,0.63,0.003,0.002,0.008
14/08/2019 03:00,0.054,0.054,0.024,0.031,0.603,0.002,0.001,0.005
14/08/2019 04:00,0.05,0.05,0.003,0.008,0.634,0.004,0.003,0.01
14/08/2019 05:00,0.046,0.046,0.0,0.0,0.599,0.014,0.013,0.029
14/08/2019 06:00,0.07,0.07,0.0,0.0,0.466,0.018,0.016,0.038
14/08/2019 07:00,0.088,0.088,0.0,0.0,0.315,0.022,0.02,0.046
14/08/2019 08:00,0.096,0.096,0.0,0.001,0.212,0.02,0.019,0.046
14/08/2019 09:00,0.083,0.083,0.001,0.004,0.152,0.02,0.019,0.045
14/08/2019 10:00,0.069,0.069,0.008,0.013,0.124,0.023,0.021,0.049
14/08/2019 11:00,0.066,0.066,0.014,0.02,0.115,0.022,0.021,0.048
14/08/2019 12:00,0.081,0.081,0.015,0.022,0.124,0.018,0.016,0.037
14/08/2019 13:00,0.112,0.112,0.015,0.021,0.151,0.015,0.013,0.03
14/08/2019 14:00,0.129,0.129,0.012,0.018,0.192,0.02,0.018,0.041
14/08/2019 15:00,0.173,0.173,0.012,0.018,0.249,0.027,0.024,0.066
14/08/2019 16:00,0.226,0.226,0.01,0.016,0.291,0.043,0.04,0.119
14/08/2019 17:00,0.223,0.223,0.008,0.013,0.296,0.073,0.068,0.213
14/08/2019 18:00,0.195,0.195,0.005,0.01,0.326,0.135,0.128,0.371
14/08/2019 19:00,0.195,0.195,0.003,0.007,0.397,0.238,0.229,0.561
14/08/2019 20:00,0.224,0.224,0.001,0.004,0.472,0.279,0.271,0.618
14/08/2019 21:00,0.265,0.265,0.001,0.003,0.533,0.211,0.202,0.497
14/08/2019 22:00,0.285,0.285,0.001,0.004,0.615,0.13,0.123,0.33
14/08/2019 23:00,0.26,0.26,0.001,0.003,0.693,0.066,0.061,0.173
15/08/2019 00:00,0.222,0.222,0.0,0.002,0.717,0.034,0.031,0.092
15/08/2019 01:00,0.192,0.192,0.0,0.001,0.702,0.018,0.015,0.048
15/08/2019 02:00,0.182,0.182,0.0,0.0,0.69,0.009,0.008,0.025
15/08/2019 03:00,0.179,0.179,0.0,0.0,0.686,0.005,0.004,0.014
15/08/2019 04:00,0.133,0.133,0.0,0.0,0.739,0.007,0.006,0.017
15/08/2019 05:00,0.145,0.145,0.0,0.001,0.753,0.021,0.019,0.046
15/08/2019 06:00,0.123,0.123,0.0,0.001,0.706,0.031,0.029,0.066
15/08/2019 07:00,0.093,0.093,0.0,0.001,0.625,0.038,0.036,0.083
15/08/2019 08:00,0.067,0.067,0.0,0.002,0.528,0.044,0.042,0.095
15/08/2019 09:00,0.04,0.04,0.003,0.007,0.431,0.042,0.039,0.089
15/08/2019 10:00,0.019,0.019,0.015,0.022,0.342,0.037,0.035,0.078
15/08/2019 11:00,0.008,0.008,0.036,0.044,0.285,0.036,0.035,0.077
15/08/2019 12:00,0.001,0.001,0.05,0.06,0.26,0.045,0.044,0.098
15/08/2019 13:00,0.0,0.0,0.056,0.066,0.265,0.061,0.059,0.135
15/08/2019 14:00,0.002,0.002,0.056,0.066,0.293,0.081,0.078,0.184
15/08/2019 15:00,0.01,0.01,0.049,0.058,0.325,0.099,0.093,0.247
15/08/2019 16:00,0.024,0.024,0.038,0.046,0.34,0.138,0.129,0.35
15/08/2019 17:00,0.038,0.038,0.024,0.031,0.325,0.201,0.192,0.486
15/08/2019 18:00,0.038,0.038,0.011,0.017,0.306,0.295,0.285,0.641
15/08/2019 19:00,0.033,0.033,0.006,0.012,0.318,0.349,0.338,0.702
15/08/2019 20:00,0.04,0.04,0.009,0.015,0.34,0.365,0.356,0.718
15/08/2019 21:00,0.084,0.084,0.021,0.028,0.367,0.287,0.278,0.609
15/08/2019 22:00,0.156,0.156,0.045,0.054,0.431,0.165,0.157,0.4
15/08/2019 23:00,0.218,0.218,0.076,0.089,0.526,0.088,0.082,0.231
16/08/2019 00:00,0.274,0.274,0.104,0.122,0.671,0.045,0.042,0.124
16/08/2019 01:00,0.295,0.295,0.124,0.146,0.692,0.027,0.024,0.074
16/08/2019 02:00,0.299,0.299,0.14,0.166,0.662,0.014,0.013,0.04
16/08/2019 03:00,0.311,0.311,0.142,0.168,0.676,0.011,0.01,0.03
16/08/2019 04:00,0.259,0.259,0.076,0.089,0.758,0.044,0.041,0.102
16/08/2019 05:00,0.281,0.281,0.018,0.025,0.755,0.105,0.102,0.234
16/08/2019 06:00,0.207,0.207,0.027,0.034,0.641,0.092,0.089,0.202
16/08/2019 07:00,0.105,0.105,0.069,0.081,0.432,0.057,0.054,0.12
16/08/2019 08:00,0.039,0.039,0.137,0.161,0.239,0.038,0.036,0.078
16/08/2019 09:00,0.015,0.015,0.201,0.237,0.12,0.026,0.024,0.053
16/08/2019 10:00,0.008,0.008,0.227,0.268,0.069,0.02,0.019,0.041
16/08/2019 11:00,0.003,0.003,0.224,0.265,0.062,0.02,0.019,0.041
16/08/2019 12:00,0.001,0.001,0.189,0.224,0.068,0.025,0.024,0.054
16/08/2019 13:00,0.0,0.0,0.133,0.157,0.09,0.033,0.031,0.072
16/08/2019 14:00,0.0,0.0,0.076,0.089,0.135,0.041,0.038,0.089
16/08/2019 15:00,0.0,0.0,0.035,0.043,0.189,0.052,0.048,0.125
16/08/2019 16:00,0.001,0.001,0.022,0.029,0.222,0.071,0.066,0.182
16/08/2019 17:00,0.002,0.002,0.011,0.017,0.256,0.102,0.096,0.263
16/08/2019 18:00,0.012,0.012,0.019,0.026,0.29,0.139,0.131,0.358
16/08/2019 19:00,0.034,0.034,0.073,0.085,0.331,0.164,0.156,0.42
16/08/2019 20:00,0.078,0.078,0.138,0.162,0.395,0.164,0.156,0.421
16/08/2019 21:00,0.144,0.144,0.187,0.221,0.41,0.148,0.141,0.385
16/08/2019 22:00,0.214,0.214,0.234,0.276,0.437,0.116,0.11,0.31
16/08/2019 23:00,0.268,0.268,0.262,0.309,0.513,0.081,0.077,0.219
17/08/2019 00:00,0.299,0.299,0.274,0.322,0.65,0.048,0.044,0.129
17/08/2019 01:00,0.329,0.329,0.261,0.307,0.674,0.023,0.021,0.063
17/08/2019 02:00,0.358,0.358,0.244,0.288,0.614,0.01,0.008,0.027
17/08/2019 03:00,0.367,0.367,0.224,0.265,0.524,0.004,0.003,0.011
17/08/2019 04:00,0.294,0.294,0.153,0.18,0.53,0.004,0.003,0.009
17/08/2019 05:00,0.311,0.311,0.083,0.097,0.45,0.011,0.01,0.025
17/08/2019 06:00,0.205,0.205,0.059,0.069,0.27,0.014,0.012,0.031
17/08/2019 07:00,0.102,0.102,0.059,0.069,0.132,0.008,0.006,0.021
17/08/2019 08:00,0.045,0.045,0.079,0.092,0.09,0.007,0.005,0.018
17/08/2019 09:00,0.022,0.022,0.112,0.132,0.074,0.007,0.006,0.018
17/08/2019 10:00,0.009,0.009,0.136,0.161,0.06,0.009,0.008,0.021
17/08/2019 11:00,0.003,0.003,0.151,0.178,0.052,0.015,0.013,0.03
17/08/2019 12:00,0.001,0.001,0.142,0.167,0.049,0.023,0.021,0.046
17/08/2019 13:00,0.001,0.001,0.113,0.133,0.055,0.033,0.031,0.07
17/08/2019 14:00,0.002,0.002,0.074,0.086,0.07,0.049,0.047,0.111
17/08/2019 15:00,0.004,0.004,0.05,0.059,0.093,0.066,0.063,0.168
17/08/2019 16:00,0.004,0.004,0.033,0.041,0.125,0.084,0.079,0.229
17/08/2019 17:00,0.004,0.004,0.012,0.018,0.185,0.107,0.101,0.291
17/08/2019 18:00,0.006,0.006,0.014,0.02,0.263,0.12,0.113,0.324
17/08/2019 19:00,0.009,0.009,0.03,0.038,0.323,0.124,0.119,0.336
17/08/2019 20:00,0.02,0.02,0.045,0.054,0.352,0.114,0.108,0.309
17/08/2019 21:00,0.041,0.041,0.046,0.055,0.428,0.077,0.072,0.206
17/08/2019 22:00,0.071,0.071,0.042,0.051,0.543,0.049,0.045,0.134
17/08/2019 23:00,0.109,0.109,0.043,0.052,0.665,0.03,0.027,0.082
18/08/2019 00:00,0.154,0.154,0.034,0.042,0.71,0.016,0.014,0.043
18/08/2019 01:00,0.213,0.213,0.037,0.045,0.696,0.008,0.007,0.021
18/08/2019 02:00,0.294,0.294,0.056,0.066,0.64,0.004,0.003,0.011
18/08/2019 03:00,0.337,0.337,0.068,0.08,0.588,0.002,0.002,0.005
18/08/2019 04:00,0.257,0.257,0.039,0.047,0.619,0.005,0.004,0.011
18/08/2019 05:00,0.275,0.275,0.012,0.019,0.579,0.02,0.018,0.04
18/08/2019 06:00,0.295,0.295,0.009,0.014,0.436,0.042,0.04,0.09
18/08/2019 07:00,0.213,0.213,0.024,0.031,0.27,0.057,0.055,0.125
18/08/2019 08:00,0.131,0.131,0.047,0.056,0.148,0.058,0.055,0.128
18/08/2019 09:00,0.076,0.076,0.053,0.063,0.104,0.048,0.047,0.111
18/08/2019 10:00,0.046,0.046,0.027,0.034,0.079,0.04,0.038,0.094
18/08/2019 11:00,0.031,0.031,0.004,0.008,0.07,0.043,0.041,0.094
18/08/2019 12:00,0.022,0.022,0.001,0.004,0.073,0.045,0.044,0.098
18/08/2019 13:00,0.015,0.015,0.007,0.012,0.089,0.045,0.044,0.1
18/08/2019 14:00,0.013,0.013,0.023,0.03,0.122,0.05,0.048,0.115
18/08/2019 15:00,0.013,0.013,0.045,0.054,0.159,0.064,0.059,0.167
18/08/2019 16:00,0.015,0.015,0.051,0.061,0.199,0.082,0.077,0.236
18/08/2019 17:00,0.011,0.011,0.035,0.043,0.235,0.106,0.1,0.309
18/08/2019 18:00,0.006,0.006,0.011,0.016,0.256,0.141,0.133,0.384
18/08/2019 19:00,0.007,0.007,0.004,0.009,0.305,0.164,0.158,0.429
18/08/2019 20:00,0.011,0.011,0.012,0.017,0.42,0.135,0.128,0.355
18/08/2019 21:00,0.014,0.014,0.022,0.029,0.543,0.102,0.097,0.272
18/08/2019 22:00,0.013,0.013,0.027,0.034,0.582,0.075,0.071,0.201
18/08/2019 23:00,0.018,0.018,0.033,0.041,0.6,0.058,0.054,0.152
19/08/2019 00:00,0.027,0.027,0.042,0.051,0.586,0.043,0.04,0.109
19/08/2019 01:00,0.04,0.04,0.056,0.066,0.572,0.038,0.036,0.094
19/08/2019 02:00,0.064,0.064,0.068,0.08,0.568,0.039,0.036,0.094
19/08/2019 03:00,0.091,0.091,0.043,0.052,0.586,0.043,0.041,0.104
19/08/2019 04:00,0.109,0.109,0.003,0.007,0.688,0.07,0.067,0.164
19/08/2019 05:00,0.21,0.21,0.002,0.005,0.698,0.082,0.078,0.183
19/08/2019 06:00,0.25,0.25,0.04,0.048,0.615,0.066,0.064,0.141
19/08/2019 07:00,0.154,0.154,0.068,0.08,0.472,0.043,0.041,0.089
19/08/2019 08:00,0.065,0.065,0.085,0.099,0.334,0.025,0.023,0.051
19/08/2019 09:00,0.023,0.023,0.103,0.121,0.231,0.014,0.013,0.029
19/08/2019 10:00,0.003,0.003,0.128,0.15,0.166,0.009,0.008,0.018
19/08/2019 11:00,0.0,0.0,0.152,0.179,0.133,0.008,0.007,0.015
19/08/2019 12:00,0.001,0.001,0.168,0.199,0.129,0.009,0.008,0.016
19/08/2019 13:00,0.005,0.005,0.17,0.201,0.144,0.012,0.01,0.023
19/08/2019 14:00,0.014,0.014,0.153,0.181,0.174,0.02,0.019,0.043
19/08/2019 15:00,0.023,0.023,0.124,0.146,0.215,0.049,0.046,0.125
19/08/2019 16:00,0.026,0.026,0.088,0.103,0.246,0.1,0.094,0.261
19/08/2019 17:00,0.022,0.022,0.05,0.059,0.313,0.141,0.133,0.361
19/08/2019 18:00,0.016,0.016,0.025,0.032,0.329,0.181,0.173,0.452
19/08/2019 19:00,0.008,0.008,0.013,0.02,0.331,0.262,0.254,0.603
19/08/2019 20:00,0.004,0.004,0.009,0.014,0.4,0.261,0.253,0.594
19/08/2019 21:00,0.002,0.002,0.007,0.012,0.513,0.191,0.183,0.467
19/08/2019 22:00,0.002,0.002,0.008,0.013,0.682,0.104,0.099,0.272
19/08/2019 23:00,0.002,0.002,0.013,0.019,0.693,0.04,0.037,0.109
20/08/2019 00:00,0.005,0.005,0.021,0.027,0.619,0.01,0.009,0.029
20/08/2019 01:00,0.009,0.009,0.028,0.035,0.603,0.003,0.002,0.007
20/08/2019 02:00,0.014,0.014,0.037,0.045,0.573,0.002,0.001,0.004
20/08/2019 03:00,0.02,0.02,0.041,0.049,0.549,0.002,0.001,0.005
20/08/2019 04:00,0.009,0.009,0.025,0.033,0.648,0.003,0.002,0.006
20/08/2019 05:00,0.002,0.002,0.081,0.095,0.661,0.004,0.003,0.008
20/08/2019 06:00,0.0,0.0,0.147,0.174,0.571,0.004,0.003,0.007
20/08/2019 07:00,0.0,0.0,0.183,0.216,0.423,0.003,0.002,0.006
20/08/2019 08:00,0.004,0.004,0.229,0.27,0.297,0.003,0.002,0.005
20/08/2019 09:00,0.013,0.013,0.289,0.34,0.215,0.003,0.002,0.004
20/08/2019 10:00,0.033,0.033,0.346,0.403,0.175,0.002,0.002,0.003
20/08/2019 11:00,0.07,0.07,0.391,0.452,0.174,0.006,0.005,0.007
20/08/2019 12:00,0.1,0.1,0.435,0.5,0.188,0.014,0.013,0.024
20/08/2019 13:00,0.108,0.108,0.457,0.523,0.219,0.025,0.024,0.048
20/08/2019 14:00,0.082,0.082,0.416,0.48,0.273,0.049,0.047,0.108
20/08/2019 15:00,0.049,0.049,0.233,0.275,0.326,0.09,0.084,0.229
20/08/2019 16:00,0.028,0.028,0.093,0.11,0.329,0.126,0.12,0.333
20/08/2019 17:00,0.015,0.015,0.052,0.062,0.302,0.125,0.12,0.341
20/08/2019 18:00,0.009,0.009,0.052,0.061,0.303,0.161,0.154,0.417
20/08/2019 19:00,0.006,0.006,0.051,0.06,0.321,0.164,0.158,0.421
20/08/2019 20:00,0.005,0.005,0.052,0.061,0.359,0.142,0.136,0.372
20/08/2019 21:00,0.002,0.002,0.056,0.066,0.415,0.104,0.099,0.283
20/08/2019 22:00,0.001,0.001,0.07,0.082,0.582,0.071,0.066,0.195
20/08/2019 23:00,0.001,0.001,0.09,0.106,0.679,0.045,0.042,0.124
21/08/2019 00:00,0.004,0.004,0.105,0.123,0.702,0.032,0.029,0.084
21/08/2019 01:00,0.007,0.007,0.115,0.135,0.702,0.03,0.027,0.076
21/08/2019 02:00,0.01,0.01,0.105,0.124,0.696,0.03,0.028,0.076
21/08/2019 03:00,0.007,0.007,0.077,0.09,0.677,0.028,0.026,0.072
21/08/2019 04:00,0.002,0.002,0.033,0.041,0.72,0.037,0.035,0.092
21/08/2019 05:00,0.001,0.001,0.096,0.112,0.725,0.045,0.043,0.105
21/08/2019 06:00,0.004,0.004,0.214,0.253,0.623,0.037,0.035,0.079
21/08/2019 07:00,0.009,0.009,0.287,0.338,0.443,0.029,0.027,0.058
21/08/2019 08:00,0.019,0.019,0.36,0.419,0.29,0.026,0.024,0.051
21/08/2019 09:00,0.027,0.027,0.445,0.51,0.212,0.024,0.022,0.048
21/08/2019 10:00,0.03,0.03,0.507,0.575,0.185,0.022,0.021,0.043
21/08/2019 11:00,0.031,0.031,0.533,0.601,0.182,0.024,0.023,0.045
21/08/2019 12:00,0.03,0.03,0.533,0.601,0.203,0.034,0.032,0.067
21/08/2019 13:00,0.03,0.03,0.497,0.565,0.249,0.051,0.049,0.109
21/08/2019 14:00,0.021,0.021,0.386,0.447,0.31,0.075,0.072,0.169
21/08/2019 15:00,0.007,0.007,0.16,0.188,0.341,0.105,0.099,0.258
21/08/2019 16:00,0.0,0.0,0.031,0.039,0.35,0.14,0.132,0.349
21/08/2019 17:00,0.001,0.001,0.004,0.009,0.293,0.183,0.174,0.444
21/08/2019 18:00,0.01,0.01,0.007,0.012,0.288,0.228,0.22,0.538
21/08/2019 19:00,0.029,0.029,0.019,0.025,0.287,0.239,0.232,0.555
21/08/2019 20:00,0.056,0.056,0.033,0.04,0.276,0.206,0.198,0.49
21/08/2019 21:00,0.096,0.096,0.047,0.056,0.301,0.153,0.146,0.38
21/08/2019 22:00,0.151,0.151,0.068,0.08,0.366,0.099,0.094,0.256
21/08/2019 23:00,0.21,0.21,0.092,0.108,0.449,0.066,0.062,0.173
22/08/2019 00:00,0.268,0.268,0.104,0.122,0.541,0.049,0.046,0.125
22/08/2019 01:00,0.311,0.311,0.102,0.12,0.622,0.036,0.033,0.091
22/08/2019 02:00,0.361,0.361,0.091,0.107,0.601,0.029,0.026,0.07
22/08/2019 03:00,0.367,0.367,0.078,0.091,0.532,0.024,0.022,0.056
22/08/2019 04:00,0.256,0.256,0.054,0.064,0.559,0.05,0.047,0.117
22/08/2019 05:00,0.209,0.209,0.058,0.069,0.521,0.068,0.065,0.155
22/08/2019 06:00,0.104,0.104,0.073,0.086,0.423,0.054,0.052,0.118
22/08/2019 07:00,0.03,0.03,0.069,0.081,0.31,0.034,0.032,0.073
22/08/2019 08:00,0.012,0.012,0.068,0.08,0.226,0.022,0.021,0.046
22/08/2019 09:00,0.004,0.004,0.076,0.089,0.183,0.018,0.016,0.034
22/08/2019 10:00,0.001,0.001,0.103,0.121,0.177,0.021,0.019,0.04
22/08/2019 11:00,0.002,0.002,0.151,0.179,0.179,0.03,0.029,0.058
22/08/2019 12:00,0.006,0.006,0.196,0.232,0.186,0.045,0.043,0.089
22/08/2019 13:00,0.013,0.013,0.202,0.238,0.202,0.064,0.061,0.134
22/08/2019 14:00,0.021,0.021,0.153,0.181,0.226,0.09,0.087,0.199
22/08/2019 15:00,0.028,0.028,0.058,0.069,0.251,0.139,0.131,0.333
22/08/2019 16:00,0.028,0.028,0.009,0.014,0.262,0.198,0.189,0.467
22/08/2019 17:00,0.023,0.023,0.001,0.003,0.259,0.283,0.274,0.617
22/08/2019 18:00,0.018,0.018,0.0,0.002,0.274,0.364,0.356,0.727
22/08/2019 19:00,0.012,0.012,0.006,0.01,0.31,0.348,0.338,0.7
22/08/2019 20:00,0.01,0.01,0.02,0.026,0.349,0.244,0.235,0.549
22/08/2019 21:00,0.018,0.018,0.036,0.044,0.374,0.132,0.124,0.33
22/08/2019 22:00,0.036,0.036,0.055,0.065,0.398,0.07,0.065,0.187
22/08/2019 23:00,0.068,0.068,0.076,0.09,0.451,0.041,0.037,0.11
23/08/2019 00:00,0.115,0.115,0.086,0.1,0.455,0.027,0.024,0.069
23/08/2019 01:00,0.158,0.158,0.068,0.08,0.49,0.017,0.015,0.044
23/08/2019 02:00,0.201,0.201,0.051,0.061,0.546,0.015,0.012,0.037
23/08/2019 03:00,0.24,0.24,0.05,0.059,0.528,0.018,0.015,0.044
23/08/2019 04:00,0.215,0.215,0.047,0.056,0.533,0.028,0.026,0.06
23/08/2019 05:00,0.241,0.241,0.035,0.043,0.488,0.041,0.039,0.088
23/08/2019 06:00,0.208,0.208,0.01,0.016,0.398,0.039,0.037,0.085
23/08/2019 07:00,0.132,0.132,0.007,0.012,0.287,0.04,0.038,0.085
23/08/2019 08:00,0.076,0.076,0.037,0.045,0.193,0.046,0.044,0.098
23/08/2019 09:00,0.042,0.042,0.095,0.112,0.126,0.053,0.051,0.112
23/08/2019 10:00,0.024,0.024,0.133,0.157,0.086,0.067,0.065,0.142
23/08/2019 11:00,0.011,0.011,0.135,0.16,0.07,0.088,0.084,0.19
23/08/2019 12:00,0.004,0.004,0.116,0.137,0.066,0.109,0.106,0.241
23/08/2019 13:00,0.002,0.002,0.088,0.103,0.072,0.133,0.129,0.298
23/08/2019 14:00,0.001,0.001,0.058,0.068,0.088,0.161,0.157,0.369
23/08/2019 15:00,0.0,0.0,0.049,0.058,0.105,0.204,0.196,0.479
23/08/2019 16:00,0.0,0.0,0.051,0.061,0.135,0.275,0.264,0.6
23/08/2019 17:00,0.001,0.001,0.046,0.055,0.171,0.34,0.33,0.691
23/08/2019 18:00,0.001,0.001,0.034,0.042,0.217,0.354,0.346,0.713
23/08/2019 19:00,0.002,0.002,0.022,0.029,0.279,0.357,0.347,0.721
23/08/2019 20:00,0.006,0.006,0.014,0.02,0.377,0.324,0.316,0.68
23/08/2019 21:00,0.023,0.023,0.013,0.019,0.515,0.262,0.254,0.581
23/08/2019 22:00,0.061,0.061,0.016,0.023,0.599,0.177,0.17,0.423
23/08/2019 23:00,0.125,0.125,0.026,0.033,0.608,0.119,0.113,0.295
24/08/2019 00:00,0.217,0.217,0.04,0.048,0.558,0.078,0.073,0.197
24/08/2019 01:00,0.317,0.317,0.062,0.073,0.529,0.049,0.046,0.124
24/08/2019 02:00,0.415,0.415,0.098,0.115,0.503,0.032,0.029,0.079
24/08/2019 03:00,0.461,0.461,0.127,0.15,0.531,0.036,0.034,0.091
24/08/2019 04:00,0.356,0.356,0.081,0.095,0.632,0.079,0.075,0.192
24/08/2019 05:00,0.361,0.361,0.01,0.016,0.634,0.126,0.122,0.294
24/08/2019 06:00,0.343,0.343,0.001,0.003,0.553,0.142,0.139,0.316
24/08/2019 07:00,0.276,0.276,0.003,0.006,0.464,0.152,0.148,0.328
24/08/2019 08:00,0.216,0.216,0.013,0.019,0.411,0.164,0.16,0.347
24/08/2019 09:00,0.168,0.168,0.031,0.039,0.38,0.151,0.147,0.317
24/08/2019 10:00,0.116,0.116,0.053,0.062,0.379,0.143,0.14,0.307
24/08/2019 11:00,0.066,0.066,0.064,0.075,0.404,0.17,0.166,0.371
24/08/2019 12:00,0.03,0.03,0.06,0.07,0.435,0.217,0.213,0.467
24/08/2019 13:00,0.012,0.012,0.045,0.053,0.459,0.263,0.26,0.549
24/08/2019 14:00,0.006,0.006,0.029,0.036,0.461,0.307,0.303,0.626
24/08/2019 15:00,0.005,0.005,0.026,0.033,0.401,0.35,0.343,0.694
24/08/2019 16:00,0.008,0.008,0.021,0.028,0.348,0.366,0.359,0.715
24/08/2019 17:00,0.009,0.009,0.016,0.023,0.36,0.361,0.354,0.705
24/08/2019 18:00,0.012,0.012,0.022,0.029,0.363,0.338,0.33,0.678
24/08/2019 19:00,0.014,0.014,0.03,0.037,0.414,0.3,0.293,0.629
24/08/2019 20:00,0.018,0.018,0.031,0.039,0.439,0.263,0.255,0.573
24/08/2019 21:00,0.025,0.025,0.028,0.035,0.475,0.206,0.199,0.473
24/08/2019 22:00,0.033,0.033,0.025,0.032,0.514,0.134,0.128,0.328
24/08/2019 23:00,0.037,0.037,0.029,0.036,0.57,0.081,0.077,0.208
25/08/2019 00:00,0.037,0.037,0.034,0.042,0.58,0.06,0.056,0.158
25/08/2019 01:00,0.032,0.032,0.041,0.05,0.602,0.041,0.038,0.105
25/08/2019 02:00,0.032,0.032,0.046,0.055,0.646,0.025,0.023,0.065
25/08/2019 03:00,0.037,0.037,0.049,0.058,0.637,0.025,0.023,0.067
25/08/2019 04:00,0.034,0.034,0.014,0.021,0.761,0.056,0.053,0.136
25/08/2019 05:00,0.044,0.044,0.004,0.008,0.797,0.113,0.109,0.256
25/08/2019 06:00,0.051,0.051,0.024,0.031,0.751,0.146,0.142,0.319
25/08/2019 07:00,0.054,0.054,0.047,0.056,0.643,0.166,0.162,0.353
25/08/2019 08:00,0.054,0.054,0.085,0.099,0.528,0.18,0.176,0.376
25/08/2019 09:00,0.042,0.042,0.134,0.158,0.443,0.181,0.177,0.379
25/08/2019 10:00,0.02,0.02,0.179,0.212,0.403,0.18,0.177,0.381
25/08/2019 11:00,0.006,0.006,0.211,0.249,0.411,0.195,0.191,0.413
25/08/2019 12:00,0.002,0.002,0.227,0.268,0.457,0.219,0.214,0.46
25/08/2019 13:00,0.002,0.002,0.225,0.265,0.523,0.254,0.25,0.528
25/08/2019 14:00,0.004,0.004,0.189,0.223,0.598,0.296,0.292,0.603
25/08/2019 15:00,0.008,0.008,0.108,0.127,0.615,0.318,0.308,0.653
25/08/2019 16:00,0.007,0.007,0.045,0.054,0.626,0.363,0.353,0.715
25/08/2019 17:00,0.003,0.003,0.018,0.025,0.661,0.391,0.381,0.745
25/08/2019 18:00,0.001,0.001,0.014,0.02,0.58,0.365,0.355,0.715
25/08/2019 19:00,0.001,0.001,0.017,0.023,0.547,0.358,0.348,0.71
25/08/2019 20:00,0.001,0.001,0.024,0.031,0.528,0.276,0.266,0.607
25/08/2019 21:00,0.002,0.002,0.031,0.039,0.535,0.158,0.149,0.39
25/08/2019 22:00,0.005,0.005,0.033,0.04,0.552,0.077,0.072,0.198
25/08/2019 23:00,0.015,0.015,0.033,0.041,0.579,0.031,0.028,0.084
26/08/2019 00:00,0.037,0.037,0.032,0.04,0.606,0.011,0.009,0.034
26/08/2019 01:00,0.067,0.067,0.034,0.042,0.551,0.006,0.004,0.019
26/08/2019 02:00,0.103,0.103,0.051,0.06,0.484,0.005,0.004,0.018
26/08/2019 03:00,0.135,0.135,0.061,0.072,0.494,0.007,0.005,0.023
26/08/2019 04:00,0.104,0.104,0.023,0.03,0.631,0.015,0.013,0.04
26/08/2019 05:00,0.104,0.104,0.0,0.0,0.604,0.037,0.035,0.087
26/08/2019 06:00,0.088,0.088,0.0,0.0,0.46,0.069,0.066,0.152
26/08/2019 07:00,0.074,0.074,0.0,0.001,0.306,0.111,0.107,0.24
26/08/2019 08:00,0.07,0.07,0.005,0.01,0.205,0.143,0.14,0.306
26/08/2019 09:00,0.066,0.066,0.032,0.04,0.164,0.154,0.151,0.332
26/08/2019 10:00,0.066,0.066,0.061,0.072,0.172,0.165,0.162,0.358
26/08/2019 11:00,0.067,0.067,0.08,0.094,0.205,0.18,0.177,0.394
26/08/2019 12:00,0.066,0.066,0.093,0.11,0.253,0.213,0.209,0.461
26/08/2019 13:00,0.064,0.064,0.093,0.109,0.313,0.261,0.257,0.552
26/08/2019 14:00,0.07,0.07,0.071,0.083,0.379,0.318,0.312,0.644
26/08/2019 15:00,0.096,0.096,0.04,0.049,0.404,0.369,0.362,0.719
26/08/2019 16:00,0.14,0.14,0.021,0.028,0.365,0.372,0.363,0.719
26/08/2019 17:00,0.181,0.181,0.025,0.032,0.323,0.313,0.304,0.64
26/08/2019 18:00,0.218,0.218,0.049,0.059,0.361,0.341,0.332,0.686
26/08/2019 19:00,0.246,0.246,0.076,0.089,0.445,0.338,0.328,0.681
26/08/2019 20:00,0.281,0.281,0.102,0.12,0.51,0.267,0.258,0.584
26/08/2019 21:00,0.333,0.333,0.13,0.153,0.539,0.142,0.135,0.35
26/08/2019 22:00,0.387,0.387,0.135,0.159,0.587,0.063,0.059,0.164
26/08/2019 23:00,0.459,0.459,0.14,0.165,0.653,0.029,0.026,0.079
27/08/2019 00:00,0.523,0.523,0.155,0.183,0.67,0.018,0.016,0.055
27/08/2019 01:00,0.556,0.556,0.18,0.212,0.643,0.013,0.011,0.042
27/08/2019 02:00,0.637,0.637,0.208,0.246,0.626,0.011,0.009,0.039
27/08/2019 03:00,0.637,0.637,0.219,0.259,0.586,0.011,0.009,0.037
27/08/2019 04:00,0.512,0.512,0.144,0.17,0.639,0.007,0.006,0.021
27/08/2019 05:00,0.567,0.567,0.042,0.051,0.587,0.013,0.011,0.028
27/08/2019 06:00,0.564,0.564,0.014,0.02,0.443,0.021,0.019,0.042
27/08/2019 07:00,0.429,0.429,0.017,0.023,0.29,0.019,0.018,0.039
27/08/2019 08:00,0.264,0.264,0.026,0.033,0.193,0.015,0.013,0.03
27/08/2019 09:00,0.151,0.151,0.034,0.041,0.132,0.011,0.009,0.022
27/08/2019 10:00,0.092,0.092,0.044,0.052,0.093,0.009,0.007,0.018
27/08/2019 11:00,0.063,0.063,0.056,0.066,0.072,0.008,0.007,0.015
27/08/2019 12:00,0.06,0.06,0.067,0.079,0.064,0.009,0.007,0.016
27/08/2019 13:00,0.073,0.073,0.069,0.081,0.062,0.009,0.008,0.017
27/08/2019 14:00,0.086,0.086,0.057,0.068,0.069,0.012,0.011,0.026
27/08/2019 15:00,0.099,0.099,0.04,0.048,0.089,0.017,0.014,0.047
27/08/2019 16:00,0.134,0.134,0.042,0.051,0.132,0.025,0.023,0.076
27/08/2019 17:00,0.161,0.161,0.074,0.087,0.185,0.035,0.032,0.104
27/08/2019 18:00,0.175,0.175,0.123,0.145,0.197,0.047,0.044,0.136
27/08/2019 19:00,0.182,0.182,0.155,0.183,0.219,0.064,0.06,0.183
27/08/2019 20:00,0.174,0.174,0.155,0.182,0.235,0.064,0.06,0.183
27/08/2019 21:00,0.168,0.168,0.138,0.162,0.258,0.052,0.048,0.15
27/08/2019 22:00,0.165,0.165,0.124,0.146,0.295,0.039,0.036,0.113
27/08/2019 23:00,0.157,0.157,0.103,0.121,0.365,0.028,0.025,0.08
28/08/2019 00:00,0.143,0.143,0.088,0.103,0.364,0.02,0.018,0.058
28/08/2019 01:00,0.14,0.14,0.108,0.127,0.37,0.016,0.014,0.046
28/08/2019 02:00,0.144,0.144,0.148,0.174,0.346,0.01,0.009,0.032
28/08/2019 03:00,0.141,0.141,0.171,0.203,0.287,0.005,0.004,0.017
28/08/2019 04:00,0.083,0.083,0.134,0.158,0.326,0.001,0.0,0.003
28/08/2019 05:00,0.045,0.045,0.087,0.103,0.243,0.0,0.0,0.0
28/08/2019 06:00,0.026,0.026,0.07,0.082,0.088,0.0,0.0,0.001
28/08/2019 07:00,0.011,0.011,0.097,0.113,0.037,0.001,0.0,0.003
28/08/2019 08:00,0.004,0.004,0.122,0.144,0.017,0.002,0.001,0.007
28/08/2019 09:00,0.002,0.002,0.139,0.164,0.012,0.006,0.005,0.017
28/08/2019 10:00,0.002,0.002,0.16,0.189,0.009,0.01,0.009,0.02
28/08/2019 11:00,0.002,0.002,0.196,0.232,0.011,0.01,0.009,0.02
28/08/2019 12:00,0.002,0.002,0.22,0.26,0.012,0.013,0.011,0.027
28/08/2019 13:00,0.003,0.003,0.203,0.24,0.015,0.019,0.017,0.045
28/08/2019 14:00,0.005,0.005,0.146,0.173,0.02,0.024,0.021,0.064
28/08/2019 15:00,0.009,0.009,0.093,0.109,0.025,0.017,0.015,0.054
28/08/2019 16:00,0.017,0.017,0.057,0.067,0.033,0.008,0.006,0.026
28/08/2019 17:00,0.028,0.028,0.036,0.044,0.046,0.01,0.008,0.031
28/08/2019 18:00,0.043,0.043,0.048,0.057,0.06,0.028,0.026,0.079
28/08/2019 19:00,0.062,0.062,0.056,0.066,0.065,0.057,0.053,0.145
28/08/2019 20:00,0.091,0.091,0.063,0.074,0.066,0.069,0.065,0.166
28/08/2019 21:00,0.125,0.125,0.074,0.086,0.128,0.054,0.051,0.128
28/08/2019 22:00,0.152,0.152,0.073,0.086,0.191,0.032,0.03,0.074
28/08/2019 23:00,0.167,0.167,0.077,0.091,0.247,0.016,0.014,0.036
29/08/2019 00:00,0.18,0.18,0.077,0.09,0.282,0.008,0.007,0.018
29/08/2019 01:00,0.222,0.222,0.074,0.087,0.306,0.006,0.005,0.014
29/08/2019 02:00,0.262,0.262,0.066,0.077,0.32,0.007,0.005,0.018
29/08/2019 03:00,0.261,0.261,0.055,0.065,0.321,0.011,0.009,0.03
29/08/2019 04:00,0.178,0.178,0.026,0.033,0.335,0.011,0.009,0.027
29/08/2019 05:00,0.169,0.169,0.006,0.011,0.293,0.003,0.002,0.006
29/08/2019 06:00,0.114,0.114,0.046,0.055,0.219,0.0,0.0,0.001
29/08/2019 07:00,0.062,0.062,0.076,0.089,0.152,0.001,0.0,0.001
29/08/2019 08:00,0.041,0.041,0.09,0.105,0.109,0.001,0.001,0.003
29/08/2019 09:00,0.033,0.033,0.109,0.128,0.076,0.001,0.001,0.003
29/08/2019 10:00,0.026,0.026,0.143,0.169,0.06,0.001,0.0,0.002
29/08/2019 11:00,0.018,0.018,0.191,0.226,0.058,0.001,0.001,0.002
29/08/2019 12:00,0.011,0.011,0.24,0.283,0.059,0.002,0.001,0.003
29/08/2019 13:00,0.006,0.006,0.272,0.32,0.064,0.003,0.003,0.007
29/08/2019 14:00,0.004,0.004,0.234,0.276,0.077,0.007,0.006,0.018
29/08/2019 15:00,0.004,0.004,0.123,0.145,0.097,0.017,0.014,0.057
29/08/2019 16:00,0.006,0.006,0.034,0.041,0.128,0.046,0.042,0.156
29/08/2019 17:00,0.006,0.006,0.004,0.008,0.191,0.101,0.094,0.304
29/08/2019 18:00,0.01,0.01,0.01,0.016,0.23,0.177,0.169,0.47
29/08/2019 19:00,0.019,0.019,0.05,0.059,0.23,0.247,0.237,0.586
29/08/2019 20:00,0.041,0.041,0.095,0.112,0.268,0.287,0.278,0.63
29/08/2019 21:00,0.075,0.075,0.118,0.139,0.383,0.206,0.198,0.488
29/08/2019 22:00,0.12,0.12,0.115,0.135,0.444,0.09,0.086,0.235
29/08/2019 23:00,0.177,0.177,0.105,0.123,0.452,0.035,0.032,0.095
30/08/2019 00:00,0.236,0.236,0.107,0.125,0.442,0.016,0.014,0.046
30/08/2019 01:00,0.294,0.294,0.111,0.13,0.443,0.013,0.011,0.038
30/08/2019 02:00,0.348,0.348,0.113,0.133,0.444,0.014,0.012,0.04
30/08/2019 03:00,0.378,0.378,0.109,0.128,0.483,0.018,0.015,0.048
30/08/2019 04:00,0.282,0.282,0.056,0.066,0.641,0.022,0.021,0.057
30/08/2019 05:00,0.287,0.287,0.009,0.015,0.651,0.015,0.014,0.036
30/08/2019 06:00,0.187,0.187,0.025,0.032,0.548,0.009,0.008,0.019
30/08/2019 07:00,0.083,0.083,0.06,0.071,0.407,0.009,0.008,0.017
30/08/2019 08:00,0.031,0.031,0.102,0.12,0.281,0.012,0.011,0.022
30/08/2019 09:00,0.013,0.013,0.139,0.164,0.198,0.012,0.011,0.022
30/08/2019 10:00,0.009,0.009,0.154,0.182,0.158,0.012,0.01,0.021
30/08/2019 11:00,0.005,0.005,0.14,0.165,0.134,0.012,0.011,0.022
30/08/2019 12:00,0.002,0.002,0.106,0.125,0.116,0.011,0.01,0.021
30/08/2019 13:00,0.001,0.001,0.072,0.085,0.105,0.009,0.008,0.02
30/08/2019 14:00,0.001,0.001,0.04,0.048,0.1,0.01,0.008,0.023
30/08/2019 15:00,0.002,0.002,0.016,0.022,0.094,0.016,0.014,0.048
30/08/2019 16:00,0.011,0.011,0.011,0.017,0.089,0.032,0.029,0.1
30/08/2019 17:00,0.028,0.028,0.013,0.02,0.105,0.052,0.048,0.159
30/08/2019 18:00,0.049,0.049,0.02,0.026,0.137,0.082,0.078,0.241
30/08/2019 19:00,0.068,0.068,0.046,0.055,0.187,0.098,0.094,0.282
30/08/2019 20:00,0.08,0.08,0.074,0.087,0.257,0.089,0.085,0.249
30/08/2019 21:00,0.09,0.09,0.087,0.102,0.29,0.075,0.071,0.205
30/08/2019 22:00,0.093,0.093,0.097,0.114,0.401,0.063,0.059,0.171
30/08/2019 23:00,0.085,0.085,0.088,0.103,0.509,0.059,0.055,0.161
31/08/2019 00:00,0.077,0.077,0.069,0.081,0.589,0.055,0.052,0.147
31/08/2019 01:00,0.087,0.087,0.053,0.063,0.55,0.052,0.048,0.137
31/08/2019 02:00,0.113,0.113,0.055,0.065,0.49,0.048,0.045,0.125
31/08/2019 03:00,0.133,0.133,0.068,0.08,0.422,0.045,0.042,0.117
31/08/2019 04:00,0.104,0.104,0.044,0.053,0.451,0.045,0.042,0.114
31/08/2019 05:00,0.082,0.082,0.005,0.009,0.395,0.027,0.025,0.07
31/08/2019 06:00,0.038,0.038,0.004,0.008,0.248,0.01,0.008,0.024
31/08/2019 07:00,0.007,0.007,0.012,0.018,0.132,0.001,0.001,0.005
31/08/2019 08:00,0.0,0.0,0.034,0.042,0.069,0.0,0.0,0.001
31/08/2019 09:00,0.0,0.0,0.078,0.091,0.04,0.0,0.0,0.001
31/08/2019 10:00,0.0,0.0,0.13,0.153,0.028,0.0,0.0,0.0
31/08/2019 11:00,0.002,0.002,0.177,0.209,0.021,0.0,0.0,0.0
31/08/2019 12:00,0.006,0.006,0.202,0.239,0.017,0.0,0.0,0.0
31/08/2019 13:00,0.011,0.011,0.193,0.229,0.015,0.0,0.0,0.0
31/08/2019 14:00,0.015,0.015,0.155,0.183,0.016,0.002,0.001,0.004
31/08/2019 15:00,0.015,0.015,0.083,0.097,0.019,0.002,0.001,0.006
31/08/2019 16:00,0.007,0.007,0.027,0.034,0.032,0.002,0.001,0.006
31/08/2019 17:00,0.002,0.002,0.011,0.017,0.054,0.001,0.001,0.004
31/08/2019 18:00,0.002,0.002,0.023,0.029,0.075,0.001,0.0,0.003
31/08/2019 19:00,0.004,0.004,0.052,0.062,0.088,0.002,0.002,0.009
31/08/2019 20:00,0.012,0.012,0.087,0.102,0.079,0.008,0.006,0.029
31/08/2019 21:00,0.02,0.02,0.111,0.131,0.081,0.012,0.01,0.045
31/08/2019 22:00,0.026,0.026,0.119,0.14,0.119,0.01,0.008,0.038
31/08/2019 23:00,0.035,0.035,0.109,0.128,0.111,0.006,0.005,0.024
01/09/2019 00:00,0.049,0.049,0.095,0.111,0.107,0.003,0.002,0.014
01/09/2019 01:00,0.057,0.057,0.078,0.092,0.124,0.002,0.001,0.006
01/09/2019 02:00,0.062,0.062,0.066,0.077,0.142,0.001,0.001,0.003
01/09/2019 03:00,0.068,0.068,0.062,0.073,0.166,0.001,0.0,0.001
01/09/2019 04:00,0.059,0.059,0.034,0.042,0.203,0.0,0.0,0.0
01/09/2019 05:00,0.041,0.041,0.005,0.009,0.16,0.003,0.002,0.004
01/09/2019 06:00,0.026,0.026,0.008,0.013,0.087,0.005,0.004,0.009
01/09/2019 07:00,0.018,0.018,0.016,0.022,0.028,0.006,0.005,0.011
01/09/2019 08:00,0.009,0.009,0.035,0.043,0.003,0.007,0.006,0.013
01/09/2019 09:00,0.004,0.004,0.067,0.079,0.001,0.004,0.003,0.009
01/09/2019 10:00,0.002,0.002,0.099,0.116,0.007,0.004,0.003,0.008
01/09/2019 11:00,0.001,0.001,0.132,0.156,0.032,0.004,0.003,0.007
01/09/2019 12:00,0.0,0.0,0.147,0.173,0.082,0.002,0.001,0.004
01/09/2019 13:00,0.001,0.001,0.132,0.155,0.129,0.001,0.001,0.002
01/09/2019 14:00,0.002,0.002,0.09,0.106,0.121,0.001,0.001,0.002
01/09/2019 15:00,0.004,0.004,0.044,0.052,0.103,0.004,0.003,0.009
01/09/2019 16:00,0.006,0.006,0.013,0.019,0.084,0.012,0.01,0.033
01/09/2019 17:00,0.004,0.004,0.004,0.009,0.068,0.019,0.017,0.052
01/09/2019 18:00,0.003,0.003,0.003,0.008,0.053,0.033,0.03,0.088
01/09/2019 19:00,0.013,0.013,0.006,0.01,0.037,0.06,0.055,0.156
01/09/2019 20:00,0.056,0.056,0.007,0.013,0.023,0.072,0.068,0.185
01/09/2019 21:00,0.124,0.124,0.01,0.016,0.012,0.047,0.044,0.119
01/09/2019 22:00,0.202,0.202,0.016,0.022,0.003,0.019,0.017,0.046
01/09/2019 23:00,0.268,0.268,0.02,0.027,0.0,0.007,0.005,0.017
02/09/2019 00:00,0.307,0.307,0.023,0.03,0.001,0.004,0.003,0.01
02/09/2019 01:00,0.325,0.325,0.025,0.032,0.008,0.003,0.002,0.007
02/09/2019 02:00,0.35,0.35,0.029,0.036,0.017,0.002,0.001,0.005
02/09/2019 03:00,0.349,0.349,0.032,0.039,0.03,0.002,0.001,0.006
02/09/2019 04:00,0.255,0.255,0.01,0.015,0.056,0.002,0.001,0.005
02/09/2019 05:00,0.209,0.209,0.006,0.011,0.078,0.001,0.0,0.002
02/09/2019 06:00,0.154,0.154,0.035,0.043,0.068,0.0,0.0,0.0
02/09/2019 07:00,0.103,0.103,0.06,0.071,0.035,0.0,0.0,0.0
02/09/2019 08:00,0.093,0.093,0.093,0.109,0.026,0.0,0.0,0.0
02/09/2019 09:00,0.096,0.096,0.133,0.157,0.022,0.001,0.0,0.001
02/09/2019 10:00,0.088,0.088,0.174,0.206,0.013,0.006,0.005,0.01
02/09/2019 11:00,0.065,0.065,0.191,0.226,0.006,0.018,0.016,0.035
02/09/2019 12:00,0.042,0.042,0.178,0.21,0.005,0.04,0.038,0.087
02/09/2019 13:00,0.025,0.025,0.146,0.173,0.003,0.075,0.072,0.174
02/09/2019 14:00,0.014,0.014,0.1,0.117,0.002,0.122,0.118,0.29
02/09/2019 15:00,0.009,0.009,0.054,0.064,0.001,0.171,0.163,0.421
02/09/2019 16:00,0.006,0.006,0.026,0.033,0.001,0.213,0.204,0.515
02/09/2019 17:00,0.008,0.008,0.011,0.016,0.001,0.237,0.228,0.56
02/09/2019 18:00,0.016,0.016,0.007,0.012,0.001,0.258,0.25,0.589
02/09/2019 19:00,0.03,0.03,0.006,0.012,0.005,0.275,0.267,0.606
02/09/2019 20:00,0.051,0.051,0.008,0.013,0.02,0.244,0.236,0.546
02/09/2019 21:00,0.079,0.079,0.011,0.016,0.058,0.156,0.15,0.372
02/09/2019 22:00,0.11,0.11,0.012,0.018,0.097,0.088,0.083,0.217
02/09/2019 23:00,0.141,0.141,0.009,0.014,0.185,0.049,0.046,0.123
03/09/2019 00:00,0.17,0.17,0.006,0.011,0.29,0.031,0.029,0.079
03/09/2019 01:00,0.196,0.196,0.005,0.01,0.361,0.02,0.018,0.049
03/09/2019 02:00,0.212,0.212,0.006,0.011,0.398,0.014,0.013,0.034
03/09/2019 03:00,0.232,0.232,0.009,0.014,0.395,0.016,0.014,0.036
03/09/2019 04:00,0.192,0.192,0.007,0.013,0.457,0.025,0.023,0.057
03/09/2019 05:00,0.182,0.182,0.025,0.032,0.425,0.035,0.033,0.076
03/09/2019 06:00,0.19,0.19,0.054,0.064,0.324,0.037,0.035,0.08
03/09/2019 07:00,0.15,0.15,0.055,0.065,0.242,0.036,0.035,0.079
03/09/2019 08:00,0.121,0.121,0.062,0.073,0.197,0.035,0.033,0.076
03/09/2019 09:00,0.081,0.081,0.098,0.115,0.166,0.031,0.029,0.068
03/09/2019 10:00,0.088,0.088,0.162,0.191,0.148,0.025,0.024,0.056
03/09/2019 11:00,0.092,0.092,0.224,0.265,0.142,0.021,0.02,0.046
03/09/2019 12:00,0.082,0.082,0.251,0.296,0.151,0.019,0.017,0.04
03/09/2019 13:00,0.072,0.072,0.217,0.256,0.179,0.02,0.018,0.041
03/09/2019 14:00,0.075,0.075,0.128,0.15,0.227,0.024,0.022,0.054
03/09/2019 15:00,0.108,0.108,0.037,0.045,0.275,0.038,0.035,0.098
03/09/2019 16:00,0.157,0.157,0.003,0.006,0.293,0.078,0.072,0.206
03/09/2019 17:00,0.182,0.182,0.0,0.002,0.313,0.128,0.121,0.332
03/09/2019 18:00,0.174,0.174,0.006,0.011,0.353,0.219,0.211,0.516
03/09/2019 19:00,0.161,0.161,0.02,0.026,0.453,0.311,0.302,0.662
03/09/2019 20:00,0.158,0.158,0.03,0.037,0.561,0.33,0.322,0.685
03/09/2019 21:00,0.169,0.169,0.035,0.043,0.61,0.223,0.216,0.52
03/09/2019 22:00,0.191,0.191,0.033,0.041,0.652,0.125,0.12,0.318
03/09/2019 23:00,0.216,0.216,0.026,0.034,0.686,0.072,0.068,0.188
04/09/2019 00:00,0.233,0.233,0.023,0.03,0.722,0.049,0.045,0.122
04/09/2019 01:00,0.234,0.234,0.026,0.033,0.706,0.039,0.036,0.096
04/09/2019 02:00,0.223,0.223,0.034,0.042,0.681,0.033,0.03,0.081
04/09/2019 03:00,0.213,0.213,0.031,0.038,0.647,0.032,0.029,0.082
04/09/2019 04:00,0.159,0.159,0.011,0.017,0.684,0.032,0.03,0.075
04/09/2019 05:00,0.188,0.188,0.0,0.001,0.668,0.027,0.025,0.06
04/09/2019 06:00,0.148,0.148,0.0,0.001,0.551,0.018,0.016,0.037
04/09/2019 07:00,0.086,0.086,0.002,0.005,0.381,0.013,0.012,0.027
04/09/2019 08:00,0.044,0.044,0.017,0.023,0.237,0.011,0.01,0.021
04/09/2019 09:00,0.019,0.019,0.053,0.063,0.155,0.01,0.009,0.02
04/09/2019 10:00,0.016,0.016,0.076,0.089,0.125,0.009,0.008,0.018
04/09/2019 11:00,0.016,0.016,0.087,0.102,0.119,0.012,0.011,0.023
04/09/2019 12:00,0.013,0.013,0.087,0.102,0.126,0.016,0.015,0.032
04/09/2019 13:00,0.012,0.012,0.071,0.084,0.148,0.029,0.027,0.059
04/09/2019 14:00,0.014,0.014,0.04,0.048,0.185,0.053,0.05,0.115
04/09/2019 15:00,0.021,0.021,0.022,0.028,0.223,0.086,0.08,0.216
04/09/2019 16:00,0.03,0.03,0.033,0.04,0.253,0.123,0.116,0.311
04/09/2019 17:00,0.041,0.041,0.039,0.047,0.281,0.129,0.123,0.329
04/09/2019 18:00,0.051,0.051,0.062,0.073,0.295,0.129,0.122,0.337
04/09/2019 19:00,0.059,0.059,0.11,0.129,0.311,0.136,0.13,0.366
04/09/2019 20:00,0.066,0.066,0.156,0.184,0.367,0.151,0.144,0.405
04/09/2019 21:00,0.08,0.08,0.191,0.226,0.481,0.16,0.153,0.421
04/09/2019 22:00,0.106,0.106,0.204,0.241,0.548,0.144,0.139,0.376
04/09/2019 23:00,0.134,0.134,0.189,0.223,0.648,0.108,0.104,0.285
05/09/2019 00:00,0.158,0.158,0.152,0.179,0.65,0.073,0.069,0.193
05/09/2019 01:00,0.175,0.175,0.103,0.121,0.653,0.043,0.04,0.112
05/09/2019 02:00,0.18,0.18,0.074,0.087,0.572,0.021,0.019,0.055
05/09/2019 03:00,0.159,0.159,0.063,0.074,0.517,0.01,0.008,0.025
05/09/2019 04:00,0.095,0.095,0.04,0.048,0.623,0.007,0.006,0.016
05/09/2019 05:00,0.068,0.068,0.009,0.014,0.668,0.01,0.008,0.021
05/09/2019 06:00,0.032,0.032,0.022,0.028,0.56,0.014,0.013,0.03
05/09/2019 07:00,0.01,0.01,0.068,0.08,0.413,0.019,0.018,0.039
05/09/2019 08:00,0.004,0.004,0.132,0.156,0.318,0.027,0.025,0.053
05/09/2019 09:00,0.002,0.002,0.21,0.248,0.272,0.037,0.035,0.075
05/09/2019 10:00,0.001,0.001,0.282,0.332,0.268,0.055,0.053,0.118
05/09/2019 11:00,0.001,0.001,0.32,0.374,0.291,0.08,0.078,0.174
05/09/2019 12:00,0.008,0.008,0.315,0.369,0.358,0.103,0.099,0.229
05/09/2019 13:00,0.025,0.025,0.266,0.314,0.418,0.123,0.119,0.275
05/09/2019 14:00,0.057,0.057,0.184,0.217,0.409,0.148,0.143,0.335
05/09/2019 15:00,0.066,0.066,0.081,0.095,0.364,0.153,0.145,0.37
05/09/2019 16:00,0.044,0.044,0.023,0.03,0.344,0.143,0.135,0.361
05/09/2019 17:00,0.022,0.022,0.005,0.01,0.322,0.119,0.111,0.309
05/09/2019 18:00,0.01,0.01,0.004,0.008,0.268,0.088,0.081,0.236
05/09/2019 19:00,0.008,0.008,0.016,0.022,0.292,0.065,0.06,0.184
05/09/2019 20:00,0.014,0.014,0.04,0.049,0.333,0.061,0.057,0.179
05/09/2019 21:00,0.014,0.014,0.059,0.07,0.369,0.074,0.07,0.215
05/09/2019 22:00,0.015,0.015,0.06,0.07,0.418,0.077,0.072,0.216
05/09/2019 23:00,0.047,0.047,0.053,0.062,0.568,0.054,0.051,0.154
06/09/2019 00:00,0.103,0.103,0.04,0.049,0.695,0.028,0.026,0.082
06/09/2019 01:00,0.197,0.197,0.035,0.043,0.646,0.009,0.008,0.029
06/09/2019 02:00,0.307,0.307,0.043,0.051,0.594,0.002,0.001,0.006
06/09/2019 03:00,0.355,0.355,0.06,0.071,0.522,0.0,0.0,0.001
06/09/2019 04:00,0.271,0.271,0.039,0.048,0.479,0.0,0.0,0.001
06/09/2019 05:00,0.311,0.311,0.008,0.014,0.443,0.003,0.002,0.006
06/09/2019 06:00,0.305,0.305,0.037,0.045,0.369,0.008,0.007,0.016
06/09/2019 07:00,0.208,0.208,0.088,0.103,0.27,0.011,0.009,0.022
06/09/2019 08:00,0.109,0.109,0.151,0.178,0.186,0.011,0.01,0.023
06/09/2019 09:00,0.046,0.046,0.206,0.244,0.135,0.014,0.012,0.028
06/09/2019 10:00,0.016,0.016,0.229,0.27,0.112,0.018,0.017,0.036
06/09/2019 11:00,0.005,0.005,0.208,0.246,0.099,0.021,0.02,0.041
06/09/2019 12:00,0.002,0.002,0.172,0.203,0.081,0.021,0.02,0.042
06/09/2019 13:00,0.001,0.001,0.129,0.152,0.061,0.023,0.021,0.048
06/09/2019 14:00,0.001,0.001,0.073,0.085,0.054,0.031,0.029,0.068
06/09/2019 15:00,0.002,0.002,0.026,0.033,0.054,0.05,0.047,0.134
06/09/2019 16:00,0.006,0.006,0.007,0.012,0.073,0.07,0.065,0.195
06/09/2019 17:00,0.013,0.013,0.005,0.01,0.097,0.072,0.067,0.202
06/09/2019 18:00,0.028,0.028,0.01,0.016,0.115,0.075,0.07,0.216
06/09/2019 19:00,0.042,0.042,0.014,0.02,0.132,0.075,0.071,0.222
06/09/2019 20:00,0.056,0.056,0.018,0.024,0.154,0.065,0.06,0.192
06/09/2019 21:00,0.068,0.068,0.028,0.035,0.181,0.059,0.055,0.171
06/09/2019 22:00,0.079,0.079,0.046,0.054,0.165,0.05,0.047,0.14
06/09/2019 23:00,0.103,0.103,0.056,0.066,0.232,0.034,0.032,0.091
07/09/2019 00:00,0.128,0.128,0.061,0.072,0.503,0.027,0.024,0.066
07/09/2019 01:00,0.134,0.134,0.061,0.072,0.579,0.029,0.027,0.07
07/09/2019 02:00,0.129,0.129,0.059,0.07,0.557,0.036,0.034,0.086
07/09/2019 03:00,0.121,0.121,0.062,0.073,0.521,0.049,0.046,0.115
07/09/2019 04:00,0.083,0.083,0.036,0.044,0.572,0.082,0.078,0.192
07/09/2019 05:00,0.046,0.046,0.01,0.015,0.592,0.122,0.119,0.279
07/09/2019 06:00,0.023,0.023,0.05,0.06,0.541,0.142,0.139,0.318
07/09/2019 07:00,0.01,0.01,0.098,0.115,0.489,0.14,0.135,0.304
07/09/2019 08:00,0.008,0.008,0.148,0.175,0.448,0.119,0.115,0.252
07/09/2019 09:00,0.004,0.004,0.172,0.203,0.407,0.094,0.091,0.193
07/09/2019 10:00,0.001,0.001,0.173,0.204,0.372,0.078,0.074,0.158
07/09/2019 11:00,0.001,0.001,0.162,0.192,0.331,0.071,0.068,0.15
07/09/2019 12:00,0.0,0.0,0.136,0.161,0.29,0.067,0.065,0.146
07/09/2019 13:00,0.0,0.0,0.116,0.136,0.258,0.058,0.055,0.133
07/09/2019 14:00,0.0,0.0,0.082,0.096,0.234,0.046,0.043,0.108
07/09/2019 15:00,0.0,0.0,0.039,0.047,0.207,0.033,0.029,0.09
07/09/2019 16:00,0.004,0.004,0.023,0.03,0.199,0.037,0.034,0.111
07/09/2019 17:00,0.014,0.014,0.014,0.02,0.195,0.06,0.055,0.178
07/09/2019 18:00,0.027,0.027,0.01,0.015,0.226,0.097,0.091,0.278
07/09/2019 19:00,0.058,0.058,0.016,0.023,0.26,0.124,0.118,0.343
07/09/2019 20:00,0.134,0.134,0.025,0.032,0.297,0.152,0.145,0.401
07/09/2019 21:00,0.193,0.193,0.031,0.038,0.37,0.131,0.124,0.334
07/09/2019 22:00,0.189,0.189,0.039,0.047,0.428,0.081,0.077,0.217
07/09/2019 23:00,0.174,0.174,0.049,0.059,0.551,0.043,0.04,0.118
08/09/2019 00:00,0.162,0.162,0.065,0.076,0.668,0.028,0.025,0.076
08/09/2019 01:00,0.161,0.161,0.07,0.083,0.71,0.022,0.019,0.057
08/09/2019 02:00,0.179,0.179,0.085,0.1,0.665,0.023,0.02,0.059
08/09/2019 03:00,0.21,0.21,0.096,0.113,0.612,0.033,0.03,0.085
08/09/2019 04:00,0.169,0.169,0.07,0.082,0.631,0.064,0.061,0.15
08/09/2019 05:00,0.249,0.249,0.031,0.039,0.628,0.109,0.105,0.242
08/09/2019 06:00,0.272,0.272,0.005,0.01,0.57,0.107,0.104,0.234
08/09/2019 07:00,0.158,0.158,0.003,0.008,0.495,0.08,0.078,0.173
08/09/2019 08:00,0.083,0.083,0.006,0.012,0.418,0.062,0.06,0.133
08/09/2019 09:00,0.043,0.043,0.017,0.024,0.329,0.055,0.052,0.115
08/09/2019 10:00,0.022,0.022,0.043,0.051,0.27,0.051,0.049,0.107
08/09/2019 11:00,0.011,0.011,0.073,0.086,0.254,0.053,0.051,0.111
08/09/2019 12:00,0.006,0.006,0.083,0.098,0.273,0.058,0.056,0.125
08/09/2019 13:00,0.005,0.005,0.068,0.08,0.3,0.068,0.065,0.152
08/09/2019 14:00,0.005,0.005,0.051,0.06,0.318,0.087,0.083,0.203
08/09/2019 15:00,0.008,0.008,0.038,0.046,0.303,0.106,0.101,0.265
08/09/2019 16:00,0.018,0.018,0.025,0.032,0.268,0.121,0.113,0.309
08/09/2019 17:00,0.042,0.042,0.011,0.017,0.277,0.149,0.141,0.375
08/09/2019 18:00,0.09,0.09,0.004,0.009,0.311,0.201,0.193,0.483
08/09/2019 19:00,0.167,0.167,0.003,0.008,0.325,0.219,0.211,0.52
08/09/2019 20:00,0.252,0.252,0.009,0.015,0.347,0.187,0.179,0.46
08/09/2019 21:00,0.312,0.312,0.017,0.024,0.383,0.142,0.135,0.359
08/09/2019 22:00,0.336,0.336,0.021,0.028,0.483,0.104,0.098,0.268
08/09/2019 23:00,0.333,0.333,0.02,0.027,0.602,0.084,0.079,0.215
09/09/2019 00:00,0.342,0.342,0.017,0.024,0.661,0.068,0.064,0.172
09/09/2019 01:00,0.382,0.382,0.015,0.021,0.751,0.054,0.051,0.138
09/09/2019 02:00,0.433,0.433,0.017,0.024,0.714,0.042,0.039,0.107
09/09/2019 03:00,0.456,0.456,0.019,0.026,0.642,0.035,0.032,0.092
09/09/2019 04:00,0.359,0.359,0.009,0.014,0.695,0.066,0.062,0.161
09/09/2019 05:00,0.439,0.439,0.0,0.001,0.707,0.133,0.129,0.306
09/09/2019 06:00,0.314,0.314,0.006,0.011,0.656,0.168,0.163,0.365
09/09/2019 07:00,0.171,0.171,0.03,0.038,0.591,0.191,0.187,0.402
09/09/2019 08:00,0.086,0.086,0.07,0.082,0.544,0.212,0.209,0.438
09/09/2019 09:00,0.046,0.046,0.11,0.129,0.494,0.22,0.216,0.455
09/09/2019 10:00,0.025,0.025,0.135,0.159,0.457,0.234,0.229,0.482
09/09/2019 11:00,0.023,0.023,0.151,0.178,0.459,0.258,0.254,0.525
09/09/2019 12:00,0.02,0.02,0.151,0.178,0.498,0.286,0.282,0.575
09/09/2019 13:00,0.02,0.02,0.117,0.137,0.557,0.315,0.311,0.62
09/09/2019 14:00,0.021,0.021,0.063,0.074,0.61,0.346,0.34,0.667
09/09/2019 15:00,0.028,0.028,0.027,0.035,0.61,0.418,0.41,0.761
09/09/2019 16:00,0.044,0.044,0.013,0.019,0.621,0.482,0.476,0.819
09/09/2019 17:00,0.066,0.066,0.004,0.009,0.642,0.508,0.501,0.836
09/09/2019 18:00,0.094,0.094,0.001,0.004,0.637,0.563,0.558,0.875
09/09/2019 19:00,0.122,0.122,0.001,0.002,0.697,0.528,0.523,0.854
09/09/2019 20:00,0.165,0.165,0.001,0.004,0.741,0.393,0.386,0.742
09/09/2019 21:00,0.23,0.23,0.003,0.007,0.74,0.262,0.253,0.576
09/09/2019 22:00,0.295,0.295,0.005,0.01,0.749,0.135,0.129,0.338
09/09/2019 23:00,0.354,0.354,0.007,0.012,0.716,0.059,0.055,0.151
10/09/2019 00:00,0.395,0.395,0.012,0.018,0.68,0.047,0.044,0.125
10/09/2019 01:00,0.439,0.439,0.025,0.032,0.638,0.034,0.031,0.092
10/09/2019 02:00,0.452,0.452,0.038,0.046,0.6,0.027,0.023,0.073
10/09/2019 03:00,0.397,0.397,0.039,0.048,0.576,0.048,0.044,0.125
10/09/2019 04:00,0.256,0.256,0.022,0.029,0.657,0.102,0.097,0.237
10/09/2019 05:00,0.281,0.281,0.002,0.005,0.693,0.28,0.275,0.564
10/09/2019 06:00,0.201,0.201,0.0,0.0,0.668,0.328,0.324,0.62
10/09/2019 07:00,0.115,0.115,0.0,0.001,0.568,0.306,0.304,0.586
10/09/2019 08:00,0.082,0.082,0.003,0.007,0.45,0.271,0.268,0.529
10/09/2019 09:00,0.068,0.068,0.018,0.024,0.366,0.228,0.224,0.46
10/09/2019 10:00,0.06,0.06,0.029,0.037,0.337,0.196,0.192,0.409
10/09/2019 11:00,0.049,0.049,0.033,0.04,0.348,0.18,0.176,0.384
10/09/2019 12:00,0.036,0.036,0.026,0.033,0.377,0.185,0.181,0.4
10/09/2019 13:00,0.026,0.026,0.019,0.026,0.425,0.215,0.211,0.467
10/09/2019 14:00,0.018,0.018,0.014,0.021,0.479,0.258,0.252,0.549
10/09/2019 15:00,0.018,0.018,0.008,0.014,0.504,0.3,0.293,0.632
10/09/2019 16:00,0.024,0.024,0.002,0.005,0.494,0.333,0.325,0.677
10/09/2019 17:00,0.033,0.033,0.002,0.005,0.486,0.331,0.324,0.67
10/09/2019 18:00,0.038,0.038,0.006,0.01,0.5,0.283,0.275,0.603
10/09/2019 19:00,0.041,0.041,0.013,0.02,0.518,0.221,0.213,0.499
10/09/2019 20:00,0.055,0.055,0.021,0.028,0.57,0.159,0.153,0.377
10/09/2019 21:00,0.071,0.071,0.026,0.034,0.621,0.117,0.112,0.278
10/09/2019 22:00,0.084,0.084,0.03,0.038,0.588,0.099,0.093,0.235
10/09/2019 23:00,0.097,0.097,0.035,0.043,0.541,0.102,0.096,0.251
11/09/2019 00:00,0.121,0.121,0.04,0.049,0.504,0.095,0.091,0.236
11/09/2019 01:00,0.149,0.149,0.049,0.058,0.486,0.082,0.078,0.202
11/09/2019 02:00,0.18,0.18,0.071,0.084,0.47,0.077,0.072,0.189
11/09/2019 03:00,0.212,0.212,0.104,0.122,0.451,0.075,0.071,0.186
11/09/2019 04:00,0.183,0.183,0.106,0.124,0.524,0.091,0.087,0.22
11/09/2019 05:00,0.188,0.188,0.153,0.181,0.541,0.09,0.087,0.213
11/09/2019 06:00,0.112,0.112,0.188,0.222,0.472,0.078,0.075,0.174
11/09/2019 07:00,0.049,0.049,0.127,0.15,0.364,0.072,0.07,0.154
11/09/2019 08:00,0.023,0.023,0.111,0.13,0.264,0.072,0.069,0.15
11/09/2019 09:00,0.02,0.02,0.131,0.155,0.191,0.074,0.071,0.153
11/09/2019 10:00,0.013,0.013,0.153,0.18,0.154,0.086,0.083,0.18
11/09/2019 11:00,0.006,0.006,0.142,0.168,0.142,0.109,0.106,0.232
11/09/2019 12:00,0.003,0.003,0.099,0.116,0.145,0.141,0.138,0.305
11/09/2019 13:00,0.001,0.001,0.05,0.06,0.158,0.177,0.173,0.387
11/09/2019 14:00,0.001,0.001,0.019,0.025,0.179,0.232,0.227,0.501
11/09/2019 15:00,0.007,0.007,0.006,0.011,0.198,0.315,0.307,0.656
11/09/2019 16:00,0.019,0.019,0.006,0.011,0.215,0.385,0.377,0.739
11/09/2019 17:00,0.026,0.026,0.011,0.017,0.27,0.362,0.354,0.706
11/09/2019 18:00,0.022,0.022,0.016,0.022,0.378,0.336,0.327,0.679
11/09/2019 19:00,0.016,0.016,0.021,0.028,0.493,0.288,0.279,0.619
11/09/2019 20:00,0.014,0.014,0.027,0.034,0.536,0.221,0.213,0.508
11/09/2019 21:00,0.018,0.018,0.028,0.035,0.506,0.153,0.146,0.379
11/09/2019 22:00,0.012,0.012,0.026,0.034,0.478,0.083,0.078,0.219
11/09/2019 23:00,0.001,0.001,0.023,0.03,0.451,0.045,0.041,0.125
12/09/2019 00:00,0.003,0.003,0.02,0.027,0.423,0.025,0.022,0.072
12/09/2019 01:00,0.014,0.014,0.019,0.026,0.39,0.015,0.013,0.045
12/09/2019 02:00,0.051,0.051,0.028,0.035,0.436,0.009,0.007,0.03
12/09/2019 03:00,0.101,0.101,0.049,0.058,0.472,0.007,0.005,0.022
12/09/2019 04:00,0.062,0.062,0.079,0.092,0.607,0.009,0.008,0.024
12/09/2019 05:00,0.011,0.011,0.119,0.14,0.639,0.017,0.015,0.039
12/09/2019 06:00,0.0,0.0,0.183,0.216,0.591,0.036,0.034,0.075
12/09/2019 07:00,0.004,0.004,0.181,0.214,0.539,0.059,0.056,0.121
12/09/2019 08:00,0.01,0.01,0.105,0.124,0.508,0.089,0.086,0.183
12/09/2019 09:00,0.015,0.015,0.059,0.07,0.445,0.122,0.12,0.253
12/09/2019 10:00,0.018,0.018,0.055,0.065,0.376,0.166,0.162,0.344
12/09/2019 11:00,0.016,0.016,0.074,0.087,0.341,0.211,0.208,0.437
12/09/2019 12:00,0.011,0.011,0.094,0.11,0.315,0.247,0.243,0.505
12/09/2019 13:00,0.004,0.004,0.107,0.125,0.325,0.282,0.278,0.571
12/09/2019 14:00,0.003,0.003,0.094,0.11,0.373,0.32,0.315,0.636
12/09/2019 15:00,0.01,0.01,0.05,0.059,0.418,0.372,0.363,0.718
12/09/2019 16:00,0.036,0.036,0.009,0.015,0.472,0.392,0.385,0.738
12/09/2019 17:00,0.079,0.079,0.0,0.002,0.481,0.383,0.374,0.73
12/09/2019 18:00,0.122,0.122,0.001,0.003,0.493,0.364,0.354,0.718
12/09/2019 19:00,0.139,0.139,0.002,0.005,0.505,0.337,0.327,0.688
12/09/2019 20:00,0.144,0.144,0.003,0.007,0.473,0.315,0.305,0.659
12/09/2019 21:00,0.157,0.157,0.004,0.008,0.444,0.196,0.187,0.47
12/09/2019 22:00,0.169,0.169,0.006,0.01,0.455,0.091,0.086,0.239
12/09/2019 23:00,0.183,0.183,0.008,0.014,0.489,0.049,0.046,0.134
13/09/2019 00:00,0.185,0.185,0.009,0.014,0.545,0.046,0.042,0.125
13/09/2019 01:00,0.181,0.181,0.011,0.017,0.501,0.048,0.044,0.134
13/09/2019 02:00,0.184,0.184,0.016,0.022,0.483,0.039,0.036,0.112
13/09/2019 03:00,0.181,0.181,0.021,0.028,0.443,0.037,0.033,0.105
13/09/2019 04:00,0.128,0.128,0.01,0.015,0.534,0.037,0.035,0.096
13/09/2019 05:00,0.127,0.127,0.0,0.0,0.555,0.031,0.029,0.073
13/09/2019 06:00,0.099,0.099,0.002,0.006,0.465,0.038,0.036,0.081
13/09/2019 07:00,0.054,0.054,0.011,0.017,0.353,0.06,0.057,0.124
13/09/2019 08:00,0.033,0.033,0.03,0.037,0.26,0.084,0.081,0.175
13/09/2019 09:00,0.022,0.022,0.061,0.071,0.197,0.1,0.097,0.212
13/09/2019 10:00,0.016,0.016,0.087,0.102,0.181,0.116,0.113,0.246
13/09/2019 11:00,0.012,0.012,0.098,0.115,0.213,0.139,0.135,0.293
13/09/2019 12:00,0.007,0.007,0.096,0.113,0.295,0.173,0.168,0.365
13/09/2019 13:00,0.004,0.004,0.085,0.1,0.407,0.224,0.221,0.47
13/09/2019 14:00,0.003,0.003,0.07,0.082,0.516,0.305,0.3,0.611
13/09/2019 15:00,0.003,0.003,0.045,0.054,0.557,0.39,0.382,0.74
13/09/2019 16:00,0.002,0.002,0.015,0.021,0.512,0.415,0.407,0.769
13/09/2019 17:00,0.002,0.002,0.001,0.004,0.462,0.39,0.38,0.746
13/09/2019 18:00,0.003,0.003,0.001,0.003,0.517,0.369,0.359,0.726
13/09/2019 19:00,0.008,0.008,0.003,0.007,0.526,0.339,0.33,0.686
13/09/2019 20:00,0.025,0.025,0.005,0.01,0.495,0.295,0.286,0.625
13/09/2019 21:00,0.053,0.053,0.007,0.013,0.465,0.159,0.151,0.378
13/09/2019 22:00,0.087,0.087,0.009,0.014,0.454,0.078,0.073,0.197
13/09/2019 23:00,0.119,0.119,0.007,0.012,0.475,0.048,0.044,0.123
14/09/2019 00:00,0.148,0.148,0.005,0.01,0.473,0.041,0.037,0.104
14/09/2019 01:00,0.18,0.18,0.005,0.01,0.448,0.037,0.034,0.094
14/09/2019 02:00,0.211,0.211,0.007,0.013,0.438,0.035,0.031,0.091
14/09/2019 03:00,0.205,0.205,0.009,0.014,0.44,0.035,0.032,0.092
14/09/2019 04:00,0.132,0.132,0.008,0.013,0.648,0.038,0.036,0.093
14/09/2019 05:00,0.12,0.12,0.03,0.038,0.702,0.03,0.028,0.069
14/09/2019 06:00,0.102,0.102,0.046,0.055,0.646,0.026,0.024,0.055
14/09/2019 07:00,0.058,0.058,0.044,0.052,0.536,0.032,0.031,0.066
14/09/2019 08:00,0.026,0.026,0.047,0.056,0.423,0.042,0.04,0.085
14/09/2019 09:00,0.015,0.015,0.043,0.052,0.335,0.052,0.049,0.108
14/09/2019 10:00,0.013,0.013,0.057,0.068,0.29,0.07,0.067,0.149
14/09/2019 11:00,0.012,0.012,0.071,0.083,0.275,0.096,0.093,0.207
14/09/2019 12:00,0.009,0.009,0.081,0.095,0.287,0.131,0.127,0.285
14/09/2019 13:00,0.006,0.006,0.09,0.106,0.31,0.175,0.172,0.38
14/09/2019 14:00,0.004,0.004,0.1,0.118,0.341,0.241,0.236,0.512
14/09/2019 15:00,0.003,0.003,0.092,0.107,0.349,0.349,0.338,0.698
14/09/2019 16:00,0.002,0.002,0.078,0.092,0.372,0.481,0.471,0.828
14/09/2019 17:00,0.001,0.001,0.071,0.083,0.379,0.487,0.479,0.83
14/09/2019 18:00,0.002,0.002,0.054,0.064,0.366,0.459,0.45,0.811
14/09/2019 19:00,0.003,0.003,0.03,0.037,0.395,0.472,0.463,0.822
14/09/2019 20:00,0.006,0.006,0.011,0.017,0.386,0.483,0.476,0.83
14/09/2019 21:00,0.008,0.008,0.005,0.01,0.371,0.349,0.34,0.691
14/09/2019 22:00,0.008,0.008,0.003,0.007,0.37,0.197,0.189,0.452
14/09/2019 23:00,0.006,0.006,0.002,0.006,0.386,0.127,0.121,0.305
15/09/2019 00:00,0.005,0.005,0.002,0.005,0.423,0.119,0.112,0.287
15/09/2019 01:00,0.005,0.005,0.002,0.005,0.427,0.117,0.11,0.288
15/09/2019 02:00,0.008,0.008,0.002,0.005,0.44,0.097,0.091,0.241
15/09/2019 03:00,0.016,0.016,0.002,0.005,0.401,0.067,0.063,0.171
15/09/2019 04:00,0.007,0.007,0.001,0.003,0.602,0.049,0.046,0.119
15/09/2019 05:00,0.001,0.001,0.006,0.011,0.609,0.023,0.021,0.055
15/09/2019 06:00,0.001,0.001,0.02,0.027,0.504,0.018,0.016,0.039
15/09/2019 07:00,0.001,0.001,0.037,0.045,0.409,0.02,0.019,0.041
15/09/2019 08:00,0.002,0.002,0.053,0.063,0.351,0.024,0.023,0.049
15/09/2019 09:00,0.003,0.003,0.063,0.075,0.332,0.036,0.034,0.072
15/09/2019 10:00,0.003,0.003,0.07,0.082,0.336,0.06,0.057,0.123
15/09/2019 11:00,0.004,0.004,0.076,0.089,0.347,0.096,0.094,0.202
15/09/2019 12:00,0.005,0.005,0.081,0.095,0.366,0.139,0.135,0.292
15/09/2019 13:00,0.01,0.01,0.072,0.084,0.403,0.187,0.183,0.395
15/09/2019 14:00,0.023,0.023,0.049,0.059,0.45,0.25,0.245,0.519
15/09/2019 15:00,0.044,0.044,0.027,0.035,0.475,0.334,0.324,0.672
15/09/2019 16:00,0.061,0.061,0.02,0.027,0.485,0.429,0.418,0.783
15/09/2019 17:00,0.069,0.069,0.019,0.025,0.504,0.429,0.419,0.783
15/09/2019 18:00,0.066,0.066,0.021,0.028,0.481,0.366,0.355,0.721
15/09/2019 19:00,0.063,0.063,0.025,0.033,0.502,0.349,0.338,0.707
15/09/2019 20:00,0.061,0.061,0.028,0.035,0.503,0.346,0.337,0.702
15/09/2019 21:00,0.065,0.065,0.029,0.036,0.493,0.251,0.243,0.564
15/09/2019 22:00,0.079,0.079,0.026,0.033,0.496,0.151,0.144,0.374
15/09/2019 23:00,0.096,0.096,0.018,0.024,0.526,0.087,0.081,0.222
16/09/2019 00:00,0.087,0.087,0.011,0.017,0.565,0.055,0.051,0.141
16/09/2019 01:00,0.058,0.058,0.009,0.014,0.554,0.048,0.045,0.127
16/09/2019 02:00,0.04,0.04,0.007,0.013,0.537,0.049,0.045,0.132
16/09/2019 03:00,0.028,0.028,0.006,0.011,0.528,0.045,0.041,0.118
16/09/2019 04:00,0.022,0.022,0.004,0.008,0.719,0.028,0.026,0.069
16/09/2019 05:00,0.035,0.035,0.027,0.034,0.759,0.02,0.018,0.045
16/09/2019 06:00,0.054,0.054,0.061,0.072,0.727,0.034,0.032,0.07
16/09/2019 07:00,0.075,0.075,0.094,0.11,0.68,0.065,0.063,0.135
16/09/2019 08:00,0.089,0.089,0.131,0.154,0.63,0.102,0.099,0.216
16/09/2019 09:00,0.098,0.098,0.154,0.181,0.577,0.135,0.132,0.289
16/09/2019 10:00,0.109,0.109,0.165,0.195,0.539,0.168,0.164,0.356
16/09/2019 11:00,0.129,0.129,0.169,0.2,0.528,0.204,0.201,0.429
16/09/2019 12:00,0.16,0.16,0.17,0.201,0.541,0.244,0.24,0.5
16/09/2019 13:00,0.192,0.192,0.153,0.18,0.566,0.283,0.278,0.569
16/09/2019 14:00,0.189,0.189,0.118,0.138,0.601,0.332,0.327,0.645
16/09/2019 15:00,0.183,0.183,0.071,0.083,0.61,0.409,0.403,0.75
16/09/2019 16:00,0.163,0.163,0.025,0.032,0.562,0.444,0.438,0.787
16/09/2019 17:00,0.125,0.125,0.003,0.006,0.547,0.459,0.452,0.8
16/09/2019 18:00,0.104,0.104,0.0,0.001,0.601,0.502,0.497,0.837
16/09/2019 19:00,0.082,0.082,0.0,0.002,0.644,0.461,0.456,0.803
16/09/2019 20:00,0.046,0.046,0.0,0.001,0.668,0.367,0.36,0.715
16/09/2019 21:00,0.021,0.021,0.0,0.001,0.686,0.211,0.204,0.489
16/09/2019 22:00,0.004,0.004,0.0,0.001,0.727,0.111,0.106,0.286
16/09/2019 23:00,0.001,0.001,0.0,0.001,0.705,0.061,0.057,0.166
17/09/2019 00:00,0.002,0.002,0.0,0.001,0.696,0.036,0.033,0.103
17/09/2019 01:00,0.013,0.013,0.0,0.001,0.741,0.024,0.022,0.072
17/09/2019 02:00,0.044,0.044,0.0,0.002,0.689,0.019,0.016,0.058
17/09/2019 03:00,0.101,0.101,0.0,0.002,0.632,0.014,0.012,0.048
17/09/2019 04:00,0.129,0.129,0.0,0.002,0.712,0.01,0.008,0.027
17/09/2019 05:00,0.174,0.174,0.001,0.004,0.746,0.037,0.035,0.085
17/09/2019 06:00,0.146,0.146,0.007,0.012,0.71,0.088,0.086,0.191
17/09/2019 07:00,0.059,0.059,0.013,0.02,0.642,0.123,0.121,0.26
17/09/2019 08:00,0.027,0.027,0.028,0.035,0.554,0.146,0.143,0.307
17/09/2019 09:00,0.022,0.022,0.052,0.061,0.468,0.156,0.153,0.326
17/09/2019 10:00,0.01,0.01,0.069,0.081,0.42,0.162,0.159,0.341
17/09/2019 11:00,0.002,0.002,0.074,0.087,0.428,0.179,0.175,0.375
17/09/2019 12:00,0.002,0.002,0.068,0.08,0.475,0.206,0.202,0.433
17/09/2019 13:00,0.008,0.008,0.056,0.066,0.545,0.249,0.245,0.514
17/09/2019 14:00,0.015,0.015,0.044,0.053,0.623,0.313,0.308,0.619
17/09/2019 15:00,0.018,0.018,0.024,0.032,0.632,0.376,0.367,0.721
17/09/2019 16:00,0.016,0.016,0.007,0.013,0.63,0.445,0.436,0.793
17/09/2019 17:00,0.013,0.013,0.005,0.01,0.553,0.442,0.432,0.788
17/09/2019 18:00,0.009,0.009,0.006,0.012,0.486,0.363,0.353,0.712
17/09/2019 19:00,0.012,0.012,0.007,0.012,0.503,0.3,0.29,0.643
17/09/2019 20:00,0.026,0.026,0.006,0.012,0.508,0.248,0.237,0.564
17/09/2019 21:00,0.058,0.058,0.004,0.009,0.509,0.177,0.167,0.426
17/09/2019 22:00,0.104,0.104,0.002,0.005,0.53,0.117,0.111,0.3
17/09/2019 23:00,0.154,0.154,0.001,0.004,0.566,0.065,0.06,0.175
18/09/2019 00:00,0.197,0.197,0.001,0.003,0.544,0.04,0.037,0.114
18/09/2019 01:00,0.234,0.234,0.001,0.002,0.551,0.027,0.024,0.078
18/09/2019 02:00,0.27,0.27,0.0,0.002,0.511,0.021,0.019,0.064
18/09/2019 03:00,0.276,0.276,0.0,0.001,0.486,0.019,0.016,0.056
18/09/2019 04:00,0.207,0.207,0.0,0.001,0.616,0.016,0.015,0.043
18/09/2019 05:00,0.202,0.202,0.0,0.002,0.631,0.013,0.011,0.03
18/09/2019 06:00,0.195,0.195,0.006,0.012,0.56,0.011,0.009,0.022
18/09/2019 07:00,0.137,0.137,0.019,0.025,0.466,0.014,0.013,0.028
18/09/2019 08:00,0.08,0.08,0.027,0.034,0.388,0.024,0.023,0.046
18/09/2019 09:00,0.036,0.036,0.054,0.063,0.323,0.036,0.034,0.072
18/09/2019 10:00,0.008,0.008,0.081,0.095,0.286,0.05,0.048,0.105
18/09/2019 11:00,0.001,0.001,0.105,0.123,0.283,0.07,0.068,0.151
18/09/2019 12:00,0.0,0.0,0.119,0.141,0.308,0.096,0.094,0.213
18/09/2019 13:00,0.001,0.001,0.116,0.136,0.355,0.135,0.132,0.3
18/09/2019 14:00,0.004,0.004,0.088,0.103,0.414,0.206,0.2,0.445
18/09/2019 15:00,0.009,0.009,0.045,0.053,0.445,0.318,0.309,0.645
18/09/2019 16:00,0.007,0.007,0.01,0.016,0.449,0.374,0.365,0.721
18/09/2019 17:00,0.003,0.003,0.001,0.004,0.398,0.351,0.342,0.7
18/09/2019 18:00,0.001,0.001,0.003,0.007,0.401,0.333,0.324,0.682
18/09/2019 19:00,0.0,0.0,0.009,0.015,0.434,0.331,0.322,0.679
18/09/2019 20:00,0.002,0.002,0.011,0.017,0.453,0.344,0.336,0.701
18/09/2019 21:00,0.007,0.007,0.006,0.012,0.453,0.227,0.22,0.523
18/09/2019 22:00,0.01,0.01,0.004,0.009,0.459,0.14,0.133,0.348
18/09/2019 23:00,0.011,0.011,0.004,0.008,0.487,0.087,0.082,0.227
19/09/2019 00:00,0.011,0.011,0.003,0.007,0.548,0.058,0.054,0.16
19/09/2019 01:00,0.012,0.012,0.002,0.005,0.547,0.045,0.042,0.126
19/09/2019 02:00,0.017,0.017,0.002,0.005,0.533,0.035,0.032,0.098
19/09/2019 03:00,0.024,0.024,0.001,0.004,0.525,0.038,0.035,0.106
19/09/2019 04:00,0.015,0.015,0.001,0.003,0.723,0.056,0.053,0.144
19/09/2019 05:00,0.001,0.001,0.032,0.04,0.769,0.073,0.07,0.176
19/09/2019 06:00,0.001,0.001,0.099,0.116,0.745,0.098,0.095,0.221
19/09/2019 07:00,0.008,0.008,0.166,0.196,0.703,0.128,0.124,0.276
19/09/2019 08:00,0.022,0.022,0.226,0.266,0.657,0.159,0.155,0.333
19/09/2019 09:00,0.041,0.041,0.264,0.311,0.619,0.181,0.179,0.376
19/09/2019 10:00,0.071,0.071,0.273,0.321,0.589,0.198,0.194,0.41
19/09/2019 11:00,0.106,0.106,0.264,0.311,0.573,0.216,0.212,0.446
19/09/2019 12:00,0.148,0.148,0.25,0.295,0.574,0.242,0.239,0.499
19/09/2019 13:00,0.196,0.196,0.236,0.278,0.592,0.279,0.276,0.566
19/09/2019 14:00,0.222,0.222,0.214,0.253,0.621,0.334,0.33,0.652
19/09/2019 15:00,0.221,0.221,0.166,0.196,0.597,0.385,0.376,0.734
19/09/2019 16:00,0.213,0.213,0.105,0.123,0.588,0.451,0.44,0.801
19/09/2019 17:00,0.173,0.173,0.033,0.041,0.514,0.452,0.441,0.802
19/09/2019 18:00,0.111,0.111,0.006,0.011,0.472,0.424,0.413,0.777
19/09/2019 19:00,0.067,0.067,0.001,0.004,0.492,0.371,0.359,0.727
19/09/2019 20:00,0.05,0.05,0.001,0.002,0.495,0.318,0.308,0.663
19/09/2019 21:00,0.051,0.051,0.001,0.002,0.531,0.242,0.234,0.544
19/09/2019 22:00,0.051,0.051,0.001,0.003,0.586,0.163,0.155,0.399
19/09/2019 23:00,0.042,0.042,0.001,0.003,0.624,0.111,0.105,0.29
20/09/2019 00:00,0.027,0.027,0.002,0.005,0.681,0.074,0.069,0.196
20/09/2019 01:00,0.02,0.02,0.002,0.005,0.696,0.055,0.052,0.151
20/09/2019 02:00,0.023,0.023,0.003,0.007,0.675,0.046,0.043,0.127
20/09/2019 03:00,0.02,0.02,0.003,0.007,0.66,0.043,0.04,0.117
20/09/2019 04:00,0.005,0.005,0.001,0.003,0.81,0.045,0.043,0.113
20/09/2019 05:00,0.002,0.002,0.008,0.014,0.84,0.062,0.059,0.144
20/09/2019 06:00,0.009,0.009,0.057,0.067,0.803,0.088,0.085,0.193
20/09/2019 07:00,0.019,0.019,0.098,0.115,0.737,0.106,0.103,0.227
20/09/2019 08:00,0.031,0.031,0.133,0.157,0.663,0.124,0.121,0.264
20/09/2019 09:00,0.038,0.038,0.151,0.179,0.607,0.132,0.129,0.279
20/09/2019 10:00,0.047,0.047,0.161,0.191,0.579,0.14,0.137,0.295
20/09/2019 11:00,0.059,0.059,0.168,0.199,0.578,0.164,0.16,0.347
20/09/2019 12:00,0.076,0.076,0.179,0.212,0.602,0.201,0.198,0.423
20/09/2019 13:00,0.097,0.097,0.198,0.234,0.642,0.256,0.252,0.524
20/09/2019 14:00,0.122,0.122,0.204,0.241,0.677,0.32,0.316,0.628
20/09/2019 15:00,0.141,0.141,0.183,0.216,0.652,0.363,0.355,0.701
20/09/2019 16:00,0.152,0.152,0.167,0.197,0.623,0.361,0.352,0.702
20/09/2019 17:00,0.134,0.134,0.121,0.142,0.591,0.326,0.316,0.661
20/09/2019 18:00,0.096,0.096,0.059,0.07,0.522,0.305,0.295,0.643
20/09/2019 19:00,0.066,0.066,0.02,0.026,0.52,0.273,0.263,0.61
20/09/2019 20:00,0.036,0.036,0.005,0.01,0.52,0.212,0.202,0.512
20/09/2019 21:00,0.026,0.026,0.002,0.005,0.521,0.152,0.142,0.38
20/09/2019 22:00,0.024,0.024,0.002,0.006,0.534,0.101,0.094,0.264
20/09/2019 23:00,0.019,0.019,0.004,0.009,0.542,0.066,0.061,0.182
21/09/2019 00:00,0.016,0.016,0.007,0.012,0.539,0.04,0.036,0.116
21/09/2019 01:00,0.013,0.013,0.01,0.015,0.547,0.027,0.023,0.08
21/09/2019 02:00,0.011,0.011,0.01,0.016,0.591,0.019,0.017,0.059
21/09/2019 03:00,0.025,0.025,0.009,0.014,0.627,0.017,0.014,0.052
21/09/2019 04:00,0.043,0.043,0.004,0.008,0.749,0.016,0.015,0.045
21/09/2019 05:00,0.058,0.058,0.038,0.047,0.754,0.044,0.042,0.101
21/09/2019 06:00,0.063,0.063,0.098,0.115,0.672,0.055,0.053,0.119
21/09/2019 07:00,0.059,0.059,0.141,0.166,0.535,0.065,0.063,0.136
21/09/2019 08:00,0.052,0.052,0.172,0.204,0.405,0.073,0.071,0.154
21/09/2019 09:00,0.045,0.045,0.175,0.206,0.318,0.074,0.071,0.16
21/09/2019 10:00,0.039,0.039,0.155,0.183,0.277,0.068,0.066,0.15
21/09/2019 11:00,0.033,0.033,0.139,0.164,0.269,0.066,0.064,0.145
21/09/2019 12:00,0.025,0.025,0.127,0.149,0.281,0.072,0.069,0.162
21/09/2019 13:00,0.014,0.014,0.115,0.135,0.315,0.08,0.077,0.183
21/09/2019 14:00,0.004,0.004,0.098,0.115,0.358,0.092,0.088,0.217
21/09/2019 15:00,0.002,0.002,0.079,0.093,0.389,0.11,0.104,0.283
21/09/2019 16:00,0.007,0.007,0.045,0.054,0.381,0.133,0.126,0.34
21/09/2019 17:00,0.009,0.009,0.012,0.018,0.348,0.189,0.181,0.463
21/09/2019 18:00,0.007,0.007,0.001,0.004,0.35,0.287,0.279,0.638
21/09/2019 19:00,0.003,0.003,0.001,0.003,0.348,0.338,0.33,0.698
21/09/2019 20:00,0.001,0.001,0.003,0.007,0.34,0.314,0.307,0.66
21/09/2019 21:00,0.003,0.003,0.008,0.014,0.335,0.217,0.21,0.506
21/09/2019 22:00,0.007,0.007,0.013,0.019,0.353,0.113,0.108,0.29
21/09/2019 23:00,0.013,0.013,0.011,0.017,0.423,0.055,0.052,0.15
22/09/2019 00:00,0.029,0.029,0.008,0.014,0.521,0.025,0.023,0.072
22/09/2019 01:00,0.062,0.062,0.007,0.012,0.607,0.012,0.01,0.034
22/09/2019 02:00,0.122,0.122,0.007,0.012,0.602,0.006,0.004,0.019
22/09/2019 03:00,0.176,0.176,0.007,0.013,0.57,0.004,0.003,0.015
22/09/2019 04:00,0.176,0.176,0.003,0.007,0.632,0.003,0.002,0.008
22/09/2019 05:00,0.137,0.137,0.013,0.019,0.599,0.003,0.002,0.006
22/09/2019 06:00,0.122,0.122,0.07,0.082,0.458,0.006,0.005,0.011
22/09/2019 07:00,0.073,0.073,0.124,0.146,0.283,0.012,0.011,0.022
22/09/2019 08:00,0.039,0.039,0.186,0.22,0.17,0.016,0.015,0.032
22/09/2019 09:00,0.024,0.024,0.234,0.276,0.119,0.018,0.017,0.036
22/09/2019 10:00,0.01,0.01,0.264,0.311,0.103,0.023,0.021,0.045
22/09/2019 11:00,0.003,0.003,0.284,0.333,0.113,0.029,0.027,0.062
22/09/2019 12:00,0.001,0.001,0.29,0.34,0.145,0.043,0.041,0.099
22/09/2019 13:00,0.0,0.0,0.287,0.337,0.208,0.069,0.066,0.169
22/09/2019 14:00,0.001,0.001,0.259,0.305,0.302,0.114,0.11,0.289
22/09/2019 15:00,0.002,0.002,0.201,0.238,0.388,0.149,0.143,0.384
22/09/2019 16:00,0.001,0.001,0.137,0.162,0.416,0.163,0.157,0.417
22/09/2019 17:00,0.001,0.001,0.064,0.076,0.431,0.178,0.172,0.45
22/09/2019 18:00,0.0,0.0,0.022,0.029,0.442,0.191,0.184,0.474
22/09/2019 19:00,0.0,0.0,0.009,0.014,0.425,0.198,0.192,0.481
22/09/2019 20:00,0.0,0.0,0.004,0.009,0.418,0.198,0.192,0.475
22/09/2019 21:00,0.0,0.0,0.004,0.008,0.42,0.161,0.155,0.397
22/09/2019 22:00,0.0,0.0,0.004,0.009,0.447,0.122,0.118,0.31
22/09/2019 23:00,0.0,0.0,0.005,0.01,0.498,0.096,0.091,0.248
23/09/2019 00:00,0.001,0.001,0.005,0.01,0.534,0.081,0.077,0.211
23/09/2019 01:00,0.002,0.002,0.006,0.011,0.548,0.068,0.065,0.181
23/09/2019 02:00,0.006,0.006,0.009,0.015,0.546,0.055,0.052,0.147
23/09/2019 03:00,0.017,0.017,0.016,0.023,0.56,0.042,0.04,0.112
23/09/2019 04:00,0.019,0.019,0.011,0.017,0.683,0.035,0.033,0.091
23/09/2019 05:00,0.009,0.009,0.009,0.015,0.713,0.027,0.025,0.065
23/09/2019 06:00,0.003,0.003,0.05,0.06,0.652,0.015,0.013,0.031
23/09/2019 07:00,0.0,0.0,0.098,0.115,0.55,0.007,0.006,0.012
23/09/2019 08:00,0.0,0.0,0.145,0.171,0.449,0.004,0.003,0.006
23/09/2019 09:00,0.0,0.0,0.182,0.216,0.37,0.004,0.003,0.005
23/09/2019 10:00,0.002,0.002,0.199,0.236,0.319,0.004,0.003,0.005
23/09/2019 11:00,0.003,0.003,0.214,0.253,0.291,0.004,0.003,0.006
23/09/2019 12:00,0.005,0.005,0.232,0.273,0.287,0.007,0.005,0.011
23/09/2019 13:00,0.009,0.009,0.243,0.287,0.309,0.009,0.007,0.017
23/09/2019 14:00,0.018,0.018,0.236,0.278,0.349,0.009,0.008,0.022
23/09/2019 15:00,0.026,0.026,0.192,0.227,0.374,0.01,0.008,0.032
23/09/2019 16:00,0.027,0.027,0.131,0.154,0.381,0.022,0.019,0.08
23/09/2019 17:00,0.023,0.023,0.056,0.066,0.338,0.06,0.055,0.22
23/09/2019 18:00,0.017,0.017,0.02,0.026,0.327,0.128,0.121,0.405
23/09/2019 19:00,0.01,0.01,0.01,0.015,0.35,0.221,0.212,0.567
23/09/2019 20:00,0.006,0.006,0.013,0.019,0.391,0.218,0.209,0.529
23/09/2019 21:00,0.004,0.004,0.027,0.034,0.429,0.164,0.158,0.405
23/09/2019 22:00,0.001,0.001,0.036,0.044,0.551,0.117,0.111,0.296
23/09/2019 23:00,0.0,0.0,0.036,0.043,0.689,0.087,0.082,0.223
24/09/2019 00:00,0.0,0.0,0.023,0.03,0.665,0.065,0.06,0.168
24/09/2019 01:00,0.0,0.0,0.012,0.018,0.672,0.051,0.047,0.133
24/09/2019 02:00,0.0,0.0,0.007,0.012,0.661,0.048,0.045,0.124
24/09/2019 03:00,0.0,0.0,0.004,0.008,0.665,0.053,0.049,0.136
24/09/2019 04:00,0.003,0.003,0.001,0.003,0.743,0.079,0.075,0.193
24/09/2019 05:00,0.023,0.023,0.004,0.008,0.747,0.057,0.055,0.137
24/09/2019 06:00,0.019,0.019,0.016,0.022,0.677,0.033,0.031,0.073
24/09/2019 07:00,0.011,0.011,0.025,0.032,0.565,0.02,0.019,0.041
24/09/2019 08:00,0.007,0.007,0.034,0.041,0.444,0.014,0.013,0.028
24/09/2019 09:00,0.005,0.005,0.051,0.061,0.333,0.012,0.01,0.024
24/09/2019 10:00,0.003,0.003,0.082,0.096,0.252,0.012,0.011,0.024
24/09/2019 11:00,0.002,0.002,0.103,0.121,0.199,0.011,0.01,0.023
24/09/2019 12:00,0.001,0.001,0.126,0.148,0.165,0.011,0.01,0.023
24/09/2019 13:00,0.001,0.001,0.142,0.168,0.149,0.013,0.012,0.029
24/09/2019 14:00,0.001,0.001,0.151,0.178,0.149,0.02,0.019,0.05
24/09/2019 15:00,0.002,0.002,0.141,0.167,0.167,0.042,0.038,0.121
24/09/2019 16:00,0.002,0.002,0.109,0.128,0.209,0.083,0.078,0.24
24/09/2019 17:00,0.002,0.002,0.057,0.067,0.258,0.117,0.11,0.331
24/09/2019 18:00,0.002,0.002,0.019,0.026,0.297,0.139,0.131,0.384
24/09/2019 19:00,0.002,0.002,0.007,0.012,0.335,0.177,0.169,0.452
24/09/2019 20:00,0.005,0.005,0.004,0.008,0.354,0.209,0.2,0.502
24/09/2019 21:00,0.011,0.011,0.003,0.008,0.368,0.159,0.151,0.399
24/09/2019 22:00,0.018,0.018,0.003,0.007,0.481,0.094,0.089,0.251
24/09/2019 23:00,0.025,0.025,0.003,0.007,0.509,0.057,0.053,0.158
25/09/2019 00:00,0.027,0.027,0.003,0.007,0.477,0.034,0.031,0.097
25/09/2019 01:00,0.028,0.028,0.003,0.008,0.442,0.019,0.017,0.056
25/09/2019 02:00,0.031,0.031,0.003,0.007,0.386,0.01,0.008,0.029
25/09/2019 03:00,0.037,0.037,0.003,0.006,0.36,0.007,0.005,0.019
25/09/2019 04:00,0.029,0.029,0.002,0.005,0.523,0.005,0.004,0.013
25/09/2019 05:00,0.009,0.009,0.006,0.012,0.547,0.011,0.01,0.024
25/09/2019 06:00,0.001,0.001,0.038,0.046,0.432,0.021,0.02,0.044
25/09/2019 07:00,0.0,0.0,0.062,0.072,0.305,0.028,0.026,0.057
25/09/2019 08:00,0.002,0.002,0.079,0.092,0.226,0.029,0.027,0.058
25/09/2019 09:00,0.005,0.005,0.097,0.114,0.183,0.025,0.024,0.05
25/09/2019 10:00,0.01,0.01,0.116,0.137,0.16,0.023,0.021,0.043
25/09/2019 11:00,0.018,0.018,0.133,0.157,0.142,0.021,0.019,0.04
25/09/2019 12:00,0.027,0.027,0.151,0.178,0.131,0.022,0.02,0.042
25/09/2019 13:00,0.04,0.04,0.17,0.201,0.128,0.024,0.021,0.048
25/09/2019 14:00,0.054,0.054,0.18,0.212,0.138,0.023,0.021,0.054
25/09/2019 15:00,0.076,0.076,0.154,0.182,0.141,0.021,0.019,0.067
25/09/2019 16:00,0.091,0.091,0.113,0.133,0.172,0.033,0.03,0.121
25/09/2019 17:00,0.092,0.092,0.061,0.071,0.199,0.07,0.065,0.237
25/09/2019 18:00,0.089,0.089,0.025,0.032,0.217,0.1,0.094,0.305
25/09/2019 19:00,0.076,0.076,0.013,0.02,0.239,0.104,0.098,0.299
25/09/2019 20:00,0.063,0.063,0.01,0.016,0.275,0.097,0.091,0.267
25/09/2019 21:00,0.046,0.046,0.009,0.015,0.354,0.073,0.068,0.199
25/09/2019 22:00,0.039,0.039,0.008,0.013,0.479,0.059,0.055,0.156
25/09/2019 23:00,0.043,0.043,0.007,0.012,0.662,0.062,0.059,0.156
26/09/2019 00:00,0.037,0.037,0.01,0.015,0.756,0.082,0.078,0.198
26/09/2019 01:00,0.034,0.034,0.012,0.018,0.757,0.099,0.094,0.234
26/09/2019 02:00,0.028,0.028,0.017,0.024,0.739,0.143,0.137,0.34
26/09/2019 03:00,0.02,0.02,0.019,0.026,0.721,0.174,0.167,0.409
26/09/2019 04:00,0.019,0.019,0.015,0.021,0.779,0.301,0.296,0.627
26/09/2019 05:00,0.049,0.049,0.047,0.056,0.77,0.351,0.348,0.686
26/09/2019 06:00,0.052,0.052,0.089,0.104,0.696,0.311,0.307,0.627
26/09/2019 07:00,0.055,0.055,0.13,0.153,0.598,0.273,0.269,0.56
26/09/2019 08:00,0.078,0.078,0.172,0.203,0.508,0.255,0.251,0.52
26/09/2019 09:00,0.1,0.1,0.202,0.239,0.431,0.241,0.237,0.491
26/09/2019 10:00,0.123,0.123,0.232,0.273,0.382,0.223,0.22,0.459
26/09/2019 11:00,0.147,0.147,0.252,0.297,0.379,0.199,0.195,0.416
26/09/2019 12:00,0.171,0.171,0.259,0.305,0.409,0.178,0.174,0.377
26/09/2019 13:00,0.197,0.197,0.249,0.293,0.472,0.185,0.181,0.405
26/09/2019 14:00,0.208,0.208,0.217,0.256,0.562,0.224,0.22,0.498
26/09/2019 15:00,0.21,0.21,0.162,0.191,0.624,0.246,0.237,0.557
26/09/2019 16:00,0.19,0.19,0.102,0.12,0.672,0.253,0.245,0.577
26/09/2019 17:00,0.142,0.142,0.035,0.043,0.713,0.271,0.264,0.603
26/09/2019 18:00,0.093,0.093,0.011,0.017,0.752,0.285,0.278,0.617
26/09/2019 19:00,0.051,0.051,0.008,0.014,0.822,0.276,0.27,0.596
26/09/2019 20:00,0.032,0.032,0.005,0.01,0.868,0.267,0.26,0.575
26/09/2019 21:00,0.022,0.022,0.002,0.005,0.861,0.241,0.235,0.529
26/09/2019 22:00,0.017,0.017,0.001,0.003,0.811,0.211,0.204,0.469
26/09/2019 23:00,0.019,0.019,0.001,0.003,0.759,0.185,0.18,0.417
27/09/2019 00:00,0.025,0.025,0.001,0.004,0.714,0.159,0.153,0.36
27/09/2019 01:00,0.029,0.029,0.002,0.005,0.65,0.134,0.129,0.306
27/09/2019 02:00,0.036,0.036,0.002,0.006,0.607,0.114,0.109,0.267
27/09/2019 03:00,0.045,0.045,0.005,0.01,0.621,0.113,0.108,0.27
27/09/2019 04:00,0.021,0.021,0.001,0.003,0.711,0.165,0.16,0.38
27/09/2019 05:00,0.001,0.001,0.026,0.033,0.755,0.189,0.185,0.419
27/09/2019 06:00,0.001,0.001,0.059,0.069,0.763,0.202,0.198,0.434
27/09/2019 07:00,0.01,0.01,0.087,0.102,0.743,0.217,0.213,0.447
27/09/2019 08:00,0.015,0.015,0.101,0.119,0.696,0.232,0.228,0.47
27/09/2019 09:00,0.017,0.017,0.109,0.128,0.628,0.235,0.232,0.478
27/09/2019 10:00,0.021,0.021,0.116,0.136,0.56,0.234,0.231,0.482
27/09/2019 11:00,0.022,0.022,0.118,0.139,0.516,0.224,0.22,0.47
27/09/2019 12:00,0.016,0.016,0.089,0.104,0.486,0.217,0.212,0.46
27/09/2019 13:00,0.012,0.012,0.04,0.048,0.475,0.208,0.203,0.453
27/09/2019 14:00,0.011,0.011,0.005,0.01,0.472,0.206,0.201,0.461
27/09/2019 15:00,0.006,0.006,0.003,0.007,0.415,0.224,0.216,0.517
27/09/2019 16:00,0.002,0.002,0.003,0.007,0.364,0.255,0.245,0.572
27/09/2019 17:00,0.001,0.001,0.003,0.007,0.326,0.248,0.238,0.55
27/09/2019 18:00,0.003,0.003,0.004,0.009,0.259,0.237,0.228,0.528
27/09/2019 19:00,0.004,0.004,0.005,0.01,0.217,0.232,0.223,0.521
27/09/2019 20:00,0.006,0.006,0.005,0.01,0.197,0.199,0.192,0.469
27/09/2019 21:00,0.008,0.008,0.004,0.009,0.201,0.131,0.124,0.328
27/09/2019 22:00,0.014,0.014,0.004,0.008,0.248,0.094,0.088,0.246
27/09/2019 23:00,0.023,0.023,0.004,0.009,0.306,0.07,0.065,0.188
28/09/2019 00:00,0.031,0.031,0.005,0.01,0.33,0.046,0.042,0.125
28/09/2019 01:00,0.043,0.043,0.007,0.013,0.299,0.028,0.025,0.076
28/09/2019 02:00,0.054,0.054,0.009,0.015,0.258,0.014,0.012,0.041
28/09/2019 03:00,0.054,0.054,0.01,0.016,0.235,0.007,0.006,0.02
28/09/2019 04:00,0.04,0.04,0.008,0.013,0.394,0.002,0.001,0.005
28/09/2019 05:00,0.036,0.036,0.056,0.066,0.367,0.003,0.002,0.007
28/09/2019 06:00,0.032,0.032,0.107,0.125,0.262,0.013,0.012,0.025
28/09/2019 07:00,0.019,0.019,0.131,0.155,0.186,0.03,0.028,0.059
28/09/2019 08:00,0.012,0.012,0.144,0.169,0.146,0.048,0.045,0.097
28/09/2019 09:00,0.005,0.005,0.149,0.176,0.12,0.058,0.056,0.119
28/09/2019 10:00,0.001,0.001,0.138,0.162,0.104,0.067,0.065,0.14
28/09/2019 11:00,0.001,0.001,0.108,0.127,0.102,0.082,0.08,0.176
28/09/2019 12:00,0.005,0.005,0.083,0.097,0.113,0.101,0.097,0.219
28/09/2019 13:00,0.028,0.028,0.068,0.08,0.135,0.122,0.118,0.272
28/09/2019 14:00,0.072,0.072,0.06,0.071,0.163,0.149,0.145,0.342
28/09/2019 15:00,0.124,0.124,0.049,0.058,0.199,0.198,0.189,0.468
28/09/2019 16:00,0.172,0.172,0.04,0.049,0.261,0.276,0.267,0.608
28/09/2019 17:00,0.161,0.161,0.031,0.039,0.284,0.338,0.328,0.691
28/09/2019 18:00,0.091,0.091,0.021,0.028,0.287,0.359,0.351,0.718
28/09/2019 19:00,0.054,0.054,0.017,0.024,0.27,0.332,0.322,0.686
28/09/2019 20:00,0.044,0.044,0.024,0.031,0.258,0.321,0.311,0.676
28/09/2019 21:00,0.03,0.03,0.021,0.028,0.232,0.235,0.226,0.541
28/09/2019 22:00,0.018,0.018,0.007,0.012,0.201,0.119,0.112,0.304
28/09/2019 23:00,0.013,0.013,0.003,0.007,0.212,0.053,0.049,0.143
29/09/2019 00:00,0.01,0.01,0.004,0.008,0.269,0.033,0.03,0.088
29/09/2019 01:00,0.008,0.008,0.004,0.008,0.303,0.038,0.034,0.102
29/09/2019 02:00,0.007,0.007,0.002,0.006,0.31,0.042,0.038,0.12
29/09/2019 03:00,0.009,0.009,0.001,0.004,0.283,0.033,0.029,0.098
29/09/2019 04:00,0.004,0.004,0.005,0.01,0.423,0.006,0.005,0.017
29/09/2019 05:00,0.0,0.0,0.03,0.038,0.545,0.007,0.006,0.015
29/09/2019 06:00,0.002,0.002,0.049,0.058,0.526,0.025,0.023,0.051
29/09/2019 07:00,0.031,0.031,0.068,0.08,0.486,0.058,0.055,0.119
29/09/2019 08:00,0.104,0.104,0.091,0.106,0.433,0.104,0.101,0.22
29/09/2019 09:00,0.177,0.177,0.103,0.121,0.373,0.142,0.14,0.309
29/09/2019 10:00,0.189,0.189,0.101,0.118,0.329,0.164,0.16,0.355
29/09/2019 11:00,0.131,0.131,0.083,0.097,0.318,0.184,0.181,0.398
29/09/2019 12:00,0.05,0.05,0.061,0.072,0.324,0.204,0.2,0.439
29/09/2019 13:00,0.006,0.006,0.041,0.05,0.347,0.221,0.216,0.474
29/09/2019 14:00,0.003,0.003,0.026,0.033,0.392,0.255,0.25,0.545
29/09/2019 15:00,0.014,0.014,0.016,0.022,0.416,0.303,0.294,0.64
29/09/2019 16:00,0.033,0.033,0.013,0.02,0.472,0.388,0.379,0.748
29/09/2019 17:00,0.032,0.032,0.015,0.022,0.487,0.419,0.41,0.771
29/09/2019 18:00,0.024,0.024,0.012,0.018,0.409,0.398,0.39,0.745
29/09/2019 19:00,0.017,0.017,0.002,0.006,0.384,0.35,0.342,0.69
29/09/2019 20:00,0.01,0.01,0.001,0.004,0.349,0.278,0.27,0.594
29/09/2019 21:00,0.013,0.013,0.019,0.026,0.318,0.201,0.192,0.467
29/09/2019 22:00,0.018,0.018,0.01,0.016,0.332,0.138,0.13,0.343
29/09/2019 23:00,0.03,0.03,0.022,0.029,0.374,0.097,0.091,0.257
30/09/2019 00:00,0.038,0.038,0.027,0.034,0.411,0.074,0.068,0.206
30/09/2019 01:00,0.044,0.044,0.027,0.035,0.413,0.064,0.059,0.182
30/09/2019 02:00,0.055,0.055,0.028,0.035,0.431,0.063,0.058,0.178
30/09/2019 03:00,0.057,0.057,0.031,0.039,0.411,0.068,0.064,0.19
30/09/2019 04:00,0.044,0.044,0.027,0.034,0.593,0.048,0.045,0.123
30/09/2019 05:00,0.06,0.06,0.048,0.058,0.656,0.036,0.034,0.087
30/09/2019 06:00,0.05,0.05,0.094,0.11,0.565,0.035,0.033,0.075
30/09/2019 07:00,0.029,0.029,0.131,0.155,0.448,0.047,0.045,0.096
30/09/2019 08:00,0.022,0.022,0.157,0.185,0.341,0.07,0.067,0.144
30/09/2019 09:00,0.024,0.024,0.16,0.189,0.282,0.104,0.101,0.216
30/09/2019 10:00,0.031,0.031,0.149,0.176,0.261,0.13,0.127,0.271
30/09/2019 11:00,0.04,0.04,0.125,0.147,0.256,0.153,0.149,0.318
30/09/2019 12:00,0.053,0.053,0.088,0.103,0.269,0.191,0.187,0.395
30/09/2019 13:00,0.074,0.074,0.05,0.059,0.289,0.246,0.242,0.5
30/09/2019 14:00,0.103,0.103,0.027,0.035,0.3,0.315,0.309,0.615
30/09/2019 15:00,0.113,0.113,0.019,0.026,0.258,0.385,0.376,0.722
30/09/2019 16:00,0.112,0.112,0.013,0.019,0.226,0.394,0.385,0.735
30/09/2019 17:00,0.1,0.1,0.009,0.015,0.251,0.371,0.361,0.717
30/09/2019 18:00,0.065,0.065,0.006,0.011,0.299,0.38,0.371,0.732
30/09/2019 19:00,0.03,0.03,0.005,0.009,0.285,0.388,0.379,0.736
30/09/2019 20:00,0.018,0.018,0.004,0.009,0.287,0.314,0.306,0.646
30/09/2019 21:00,0.018,0.018,0.002,0.005,0.275,0.191,0.183,0.449
30/09/2019 22:00,0.016,0.016,0.0,0.002,0.258,0.129,0.123,0.331
30/09/2019 23:00,0.009,0.009,0.0,0.002,0.262,0.112,0.106,0.294
01/10/2019 00:00,0.007,0.007,0.002,0.005,0.263,0.105,0.099,0.272
01/10/2019 01:00,0.009,0.009,0.007,0.012,0.323,0.12,0.112,0.303
01/10/2019 02:00,0.012,0.012,0.012,0.018,0.325,0.132,0.124,0.333
01/10/2019 03:00,0.015,0.015,0.01,0.015,0.265,0.125,0.118,0.31
01/10/2019 04:00,0.015,0.015,0.004,0.008,0.365,0.115,0.11,0.276
01/10/2019 05:00,0.02,0.02,0.002,0.006,0.486,0.093,0.089,0.224
01/10/2019 06:00,0.016,0.016,0.002,0.005,0.464,0.083,0.08,0.192
01/10/2019 07:00,0.007,0.007,0.001,0.004,0.405,0.093,0.09,0.205
01/10/2019 08:00,0.003,0.003,0.001,0.004,0.359,0.12,0.116,0.261
01/10/2019 09:00,0.0,0.0,0.006,0.01,0.329,0.144,0.141,0.314
01/10/2019 10:00,0.004,0.004,0.015,0.021,0.315,0.174,0.17,0.376
01/10/2019 11:00,0.006,0.006,0.024,0.031,0.327,0.21,0.207,0.448
01/10/2019 12:00,0.008,0.008,0.028,0.035,0.35,0.249,0.246,0.52
01/10/2019 13:00,0.012,0.012,0.029,0.036,0.371,0.29,0.287,0.588
01/10/2019 14:00,0.038,0.038,0.021,0.028,0.401,0.341,0.336,0.664
01/10/2019 15:00,0.085,0.085,0.013,0.019,0.423,0.385,0.377,0.728
01/10/2019 16:00,0.139,0.139,0.007,0.012,0.42,0.382,0.374,0.721
01/10/2019 17:00,0.165,0.165,0.021,0.028,0.394,0.324,0.316,0.645
01/10/2019 18:00,0.123,0.123,0.028,0.035,0.313,0.249,0.241,0.544
01/10/2019 19:00,0.079,0.079,0.023,0.03,0.268,0.191,0.184,0.447
01/10/2019 20:00,0.048,0.048,0.019,0.025,0.222,0.129,0.123,0.326
01/10/2019 21:00,0.024,0.024,0.012,0.017,0.198,0.113,0.107,0.3
01/10/2019 22:00,0.013,0.013,0.005,0.009,0.187,0.113,0.107,0.301
01/10/2019 23:00,0.007,0.007,0.002,0.006,0.191,0.119,0.112,0.31
02/10/2019 00:00,0.006,0.006,0.002,0.005,0.215,0.128,0.121,0.329
02/10/2019 01:00,0.012,0.012,0.002,0.006,0.262,0.14,0.132,0.353
02/10/2019 02:00,0.017,0.017,0.003,0.007,0.341,0.149,0.141,0.369
02/10/2019 03:00,0.005,0.005,0.004,0.009,0.392,0.147,0.14,0.359
02/10/2019 04:00,0.0,0.0,0.003,0.007,0.651,0.133,0.128,0.315
02/10/2019 05:00,0.001,0.001,0.011,0.016,0.716,0.134,0.13,0.313
02/10/2019 06:00,0.002,0.002,0.025,0.032,0.658,0.138,0.134,0.313
02/10/2019 07:00,0.004,0.004,0.032,0.04,0.584,0.148,0.144,0.329
02/10/2019 08:00,0.015,0.015,0.043,0.052,0.533,0.165,0.162,0.364
02/10/2019 09:00,0.044,0.044,0.065,0.076,0.509,0.195,0.192,0.423
02/10/2019 10:00,0.11,0.11,0.083,0.097,0.502,0.24,0.236,0.507
02/10/2019 11:00,0.216,0.216,0.096,0.113,0.505,0.295,0.293,0.599
02/10/2019 12:00,0.353,0.353,0.094,0.11,0.516,0.366,0.363,0.695
02/10/2019 13:00,0.451,0.451,0.074,0.087,0.539,0.433,0.431,0.769
02/10/2019 14:00,0.37,0.37,0.043,0.051,0.56,0.481,0.478,0.816
02/10/2019 15:00,0.288,0.288,0.021,0.027,0.55,0.444,0.438,0.793
02/10/2019 16:00,0.265,0.265,0.01,0.016,0.514,0.428,0.418,0.778
02/10/2019 17:00,0.216,0.216,0.006,0.011,0.451,0.453,0.445,0.8
02/10/2019 18:00,0.157,0.157,0.004,0.008,0.371,0.44,0.431,0.784
02/10/2019 19:00,0.099,0.099,0.003,0.007,0.363,0.363,0.354,0.698
02/10/2019 20:00,0.059,0.059,0.003,0.006,0.344,0.307,0.298,0.625
02/10/2019 21:00,0.04,0.04,0.002,0.006,0.3,0.247,0.238,0.538
02/10/2019 22:00,0.039,0.039,0.003,0.007,0.248,0.197,0.189,0.451
02/10/2019 23:00,0.043,0.043,0.004,0.008,0.237,0.213,0.206,0.5
03/10/2019 00:00,0.046,0.046,0.005,0.01,0.305,0.233,0.225,0.539
03/10/2019 01:00,0.046,0.046,0.006,0.012,0.418,0.234,0.226,0.535
03/10/2019 02:00,0.05,0.05,0.01,0.016,0.497,0.212,0.203,0.492
03/10/2019 03:00,0.05,0.05,0.016,0.022,0.508,0.185,0.177,0.44
03/10/2019 04:00,0.037,0.037,0.012,0.018,0.739,0.211,0.205,0.467
03/10/2019 05:00,0.053,0.053,0.006,0.011,0.83,0.302,0.298,0.607
03/10/2019 06:00,0.093,0.093,0.021,0.028,0.844,0.392,0.388,0.718
03/10/2019 07:00,0.142,0.142,0.047,0.056,0.843,0.413,0.412,0.736
03/10/2019 08:00,0.179,0.179,0.082,0.096,0.824,0.401,0.399,0.718
03/10/2019 09:00,0.211,0.211,0.11,0.129,0.788,0.378,0.376,0.69
03/10/2019 10:00,0.24,0.24,0.122,0.144,0.751,0.385,0.385,0.699
03/10/2019 11:00,0.245,0.245,0.114,0.134,0.737,0.423,0.421,0.743
03/10/2019 12:00,0.219,0.219,0.098,0.115,0.746,0.484,0.483,0.802
03/10/2019 13:00,0.18,0.18,0.082,0.097,0.768,0.587,0.588,0.881
03/10/2019 14:00,0.141,0.141,0.065,0.076,0.785,0.68,0.683,0.931
03/10/2019 15:00,0.134,0.134,0.044,0.052,0.78,0.674,0.676,0.93
03/10/2019 16:00,0.142,0.142,0.029,0.036,0.787,0.602,0.601,0.897
03/10/2019 17:00,0.137,0.137,0.023,0.03,0.821,0.522,0.519,0.847
03/10/2019 18:00,0.122,0.122,0.024,0.031,0.839,0.428,0.421,0.767
03/10/2019 19:00,0.095,0.095,0.026,0.033,0.863,0.306,0.299,0.627
03/10/2019 20:00,0.072,0.072,0.027,0.034,0.853,0.21,0.202,0.485
03/10/2019 21:00,0.063,0.063,0.026,0.033,0.846,0.15,0.143,0.378
03/10/2019 22:00,0.077,0.077,0.026,0.034,0.803,0.121,0.114,0.315
03/10/2019 23:00,0.12,0.12,0.028,0.035,0.739,0.111,0.104,0.291
04/10/2019 00:00,0.14,0.14,0.027,0.034,0.669,0.095,0.089,0.247
04/10/2019 01:00,0.126,0.126,0.026,0.033,0.603,0.099,0.092,0.251
04/10/2019 02:00,0.113,0.113,0.019,0.026,0.549,0.112,0.105,0.278
04/10/2019 03:00,0.092,0.092,0.015,0.021,0.541,0.13,0.122,0.322
04/10/2019 04:00,0.081,0.081,0.011,0.017,0.704,0.154,0.149,0.349
04/10/2019 05:00,0.13,0.13,0.066,0.078,0.83,0.202,0.198,0.436
04/10/2019 06:00,0.188,0.188,0.143,0.169,0.854,0.247,0.242,0.508
04/10/2019 07:00,0.216,0.216,0.222,0.262,0.846,0.278,0.275,0.555
04/10/2019 08:00,0.225,0.225,0.255,0.3,0.828,0.319,0.316,0.612
04/10/2019 09:00,0.237,0.237,0.238,0.281,0.8,0.35,0.348,0.653
04/10/2019 10:00,0.266,0.266,0.2,0.237,0.773,0.371,0.369,0.679
04/10/2019 11:00,0.318,0.318,0.151,0.178,0.762,0.379,0.376,0.688
04/10/2019 12:00,0.385,0.385,0.105,0.123,0.768,0.387,0.385,0.699
04/10/2019 13:00,0.456,0.456,0.071,0.083,0.786,0.401,0.398,0.718
04/10/2019 14:00,0.446,0.446,0.045,0.053,0.809,0.41,0.407,0.738
04/10/2019 15:00,0.416,0.416,0.03,0.038,0.811,0.401,0.393,0.745
04/10/2019 16:00,0.377,0.377,0.031,0.038,0.811,0.415,0.406,0.764
04/10/2019 17:00,0.332,0.332,0.032,0.04,0.807,0.414,0.406,0.766
04/10/2019 18:00,0.293,0.293,0.033,0.041,0.81,0.395,0.385,0.745
04/10/2019 19:00,0.232,0.232,0.03,0.037,0.794,0.347,0.337,0.685
04/10/2019 20:00,0.133,0.133,0.024,0.031,0.775,0.318,0.308,0.653
04/10/2019 21:00,0.075,0.075,0.019,0.025,0.747,0.228,0.22,0.51
04/10/2019 22:00,0.047,0.047,0.016,0.022,0.712,0.155,0.147,0.369
04/10/2019 23:00,0.031,0.031,0.014,0.021,0.678,0.122,0.115,0.301
05/10/2019 00:00,0.024,0.024,0.015,0.021,0.642,0.098,0.091,0.249
05/10/2019 01:00,0.03,0.03,0.015,0.021,0.597,0.079,0.074,0.204
05/10/2019 02:00,0.053,0.053,0.013,0.019,0.56,0.066,0.061,0.168
05/10/2019 03:00,0.066,0.066,0.013,0.019,0.54,0.063,0.058,0.156
05/10/2019 04:00,0.057,0.057,0.004,0.009,0.634,0.081,0.078,0.193
05/10/2019 05:00,0.038,0.038,0.025,0.032,0.736,0.179,0.174,0.405
05/10/2019 06:00,0.044,0.044,0.074,0.087,0.764,0.234,0.23,0.494
05/10/2019 07:00,0.091,0.091,0.115,0.135,0.737,0.247,0.243,0.509
05/10/2019 08:00,0.157,0.157,0.139,0.164,0.695,0.243,0.239,0.498
05/10/2019 09:00,0.207,0.207,0.148,0.175,0.624,0.226,0.223,0.472
05/10/2019 10:00,0.225,0.225,0.154,0.182,0.545,0.232,0.228,0.484
05/10/2019 11:00,0.221,0.221,0.151,0.179,0.497,0.258,0.254,0.53
05/10/2019 12:00,0.225,0.225,0.137,0.162,0.483,0.298,0.296,0.598
05/10/2019 13:00,0.238,0.238,0.12,0.142,0.499,0.349,0.346,0.67
05/10/2019 14:00,0.205,0.205,0.096,0.112,0.529,0.412,0.409,0.751
05/10/2019 15:00,0.196,0.196,0.064,0.076,0.539,0.449,0.443,0.795
05/10/2019 16:00,0.205,0.205,0.045,0.054,0.525,0.451,0.445,0.793
05/10/2019 17:00,0.187,0.187,0.037,0.046,0.508,0.42,0.413,0.764
05/10/2019 18:00,0.162,0.162,0.036,0.043,0.487,0.383,0.376,0.724
05/10/2019 19:00,0.142,0.142,0.038,0.046,0.468,0.369,0.362,0.704
05/10/2019 20:00,0.171,0.171,0.04,0.049,0.44,0.328,0.321,0.65
05/10/2019 21:00,0.197,0.197,0.039,0.047,0.429,0.263,0.256,0.567
05/10/2019 22:00,0.194,0.194,0.036,0.044,0.418,0.202,0.195,0.461
05/10/2019 23:00,0.161,0.161,0.035,0.043,0.404,0.152,0.145,0.365
06/10/2019 00:00,0.15,0.15,0.024,0.031,0.379,0.115,0.109,0.287
06/10/2019 01:00,0.105,0.105,0.022,0.029,0.35,0.088,0.083,0.228
06/10/2019 02:00,0.072,0.072,0.021,0.028,0.316,0.063,0.058,0.166
06/10/2019 03:00,0.037,0.037,0.025,0.032,0.303,0.052,0.048,0.138
06/10/2019 04:00,0.019,0.019,0.018,0.025,0.468,0.113,0.108,0.268
06/10/2019 05:00,0.076,0.076,0.062,0.073,0.648,0.237,0.232,0.515
06/10/2019 06:00,0.213,0.213,0.142,0.167,0.67,0.282,0.278,0.577
06/10/2019 07:00,0.387,0.387,0.189,0.223,0.598,0.29,0.287,0.583
06/10/2019 08:00,0.449,0.449,0.213,0.252,0.511,0.295,0.291,0.587
06/10/2019 09:00,0.467,0.467,0.215,0.254,0.429,0.303,0.3,0.603
06/10/2019 10:00,0.463,0.463,0.201,0.238,0.377,0.328,0.325,0.64
06/10/2019 11:00,0.442,0.442,0.177,0.21,0.364,0.363,0.359,0.687
06/10/2019 12:00,0.432,0.432,0.15,0.177,0.388,0.401,0.398,0.732
06/10/2019 13:00,0.422,0.422,0.12,0.141,0.431,0.423,0.419,0.757
06/10/2019 14:00,0.348,0.348,0.085,0.099,0.479,0.411,0.407,0.75
06/10/2019 15:00,0.279,0.279,0.05,0.06,0.489,0.347,0.338,0.688
06/10/2019 16:00,0.259,0.259,0.03,0.037,0.528,0.3,0.29,0.627
06/10/2019 17:00,0.232,0.232,0.021,0.027,0.504,0.306,0.298,0.631
06/10/2019 18:00,0.171,0.171,0.015,0.021,0.562,0.321,0.311,0.648
06/10/2019 19:00,0.088,0.088,0.01,0.015,0.649,0.303,0.295,0.627
06/10/2019 20:00,0.03,0.03,0.009,0.015,0.69,0.207,0.2,0.467
06/10/2019 21:00,0.007,0.007,0.011,0.017,0.644,0.163,0.157,0.396
06/10/2019 22:00,0.002,0.002,0.011,0.017,0.603,0.144,0.138,0.358
06/10/2019 23:00,0.002,0.002,0.011,0.017,0.56,0.118,0.112,0.297
07/10/2019 00:00,0.003,0.003,0.011,0.017,0.477,0.096,0.09,0.248
07/10/2019 01:00,0.004,0.004,0.009,0.015,0.381,0.086,0.079,0.226
07/10/2019 02:00,0.004,0.004,0.009,0.015,0.329,0.067,0.062,0.183
07/10/2019 03:00,0.006,0.006,0.009,0.015,0.289,0.045,0.041,0.125
07/10/2019 04:00,0.013,0.013,0.005,0.01,0.439,0.036,0.034,0.094
07/10/2019 05:00,0.077,0.077,0.022,0.029,0.604,0.072,0.069,0.169
07/10/2019 06:00,0.166,0.166,0.066,0.077,0.621,0.112,0.108,0.247
07/10/2019 07:00,0.238,0.238,0.102,0.119,0.57,0.127,0.123,0.271
07/10/2019 08:00,0.318,0.318,0.115,0.135,0.527,0.137,0.133,0.288
07/10/2019 09:00,0.391,0.391,0.116,0.136,0.507,0.152,0.148,0.316
07/10/2019 10:00,0.458,0.458,0.109,0.128,0.52,0.178,0.174,0.368
07/10/2019 11:00,0.525,0.525,0.098,0.115,0.564,0.21,0.206,0.429
07/10/2019 12:00,0.584,0.584,0.086,0.101,0.627,0.246,0.241,0.495
07/10/2019 13:00,0.616,0.616,0.075,0.088,0.686,0.283,0.278,0.564
07/10/2019 14:00,0.546,0.546,0.059,0.07,0.721,0.321,0.316,0.631
07/10/2019 15:00,0.478,0.478,0.038,0.046,0.686,0.364,0.354,0.709
07/10/2019 16:00,0.454,0.454,0.02,0.026,0.611,0.413,0.404,0.767
07/10/2019 17:00,0.419,0.419,0.011,0.017,0.57,0.403,0.393,0.757
07/10/2019 18:00,0.375,0.375,0.009,0.015,0.534,0.414,0.405,0.778
07/10/2019 19:00,0.27,0.27,0.01,0.016,0.519,0.391,0.382,0.752
07/10/2019 20:00,0.187,0.187,0.011,0.017,0.498,0.35,0.34,0.7
07/10/2019 21:00,0.124,0.124,0.014,0.02,0.471,0.199,0.192,0.467
07/10/2019 22:00,0.062,0.062,0.018,0.025,0.48,0.11,0.105,0.274
07/10/2019 23:00,0.047,0.047,0.027,0.035,0.484,0.101,0.095,0.258
08/10/2019 00:00,0.05,0.05,0.034,0.042,0.47,0.079,0.074,0.204
08/10/2019 01:00,0.054,0.054,0.025,0.032,0.453,0.069,0.065,0.183
08/10/2019 02:00,0.06,0.06,0.011,0.016,0.479,0.078,0.071,0.202
08/10/2019 03:00,0.063,0.063,0.005,0.01,0.451,0.077,0.071,0.199
08/10/2019 04:00,0.07,0.07,0.004,0.009,0.5,0.066,0.064,0.162
08/10/2019 05:00,0.251,0.251,0.046,0.055,0.582,0.122,0.117,0.29
08/10/2019 06:00,0.416,0.416,0.098,0.115,0.609,0.161,0.157,0.361
08/10/2019 07:00,0.52,0.52,0.127,0.15,0.6,0.172,0.167,0.372
08/10/2019 08:00,0.6,0.6,0.137,0.161,0.565,0.177,0.173,0.377
08/10/2019 09:00,0.647,0.647,0.13,0.153,0.517,0.18,0.177,0.383
08/10/2019 10:00,0.671,0.671,0.118,0.139,0.471,0.198,0.194,0.417
08/10/2019 11:00,0.686,0.686,0.111,0.131,0.435,0.232,0.228,0.481
08/10/2019 12:00,0.699,0.699,0.108,0.127,0.416,0.277,0.274,0.556
08/10/2019 13:00,0.688,0.688,0.106,0.124,0.42,0.331,0.327,0.64
08/10/2019 14:00,0.58,0.58,0.089,0.105,0.445,0.388,0.384,0.716
08/10/2019 15:00,0.456,0.456,0.073,0.085,0.438,0.418,0.41,0.759
08/10/2019 16:00,0.383,0.383,0.058,0.068,0.425,0.442,0.432,0.784
08/10/2019 17:00,0.322,0.322,0.036,0.044,0.384,0.418,0.41,0.763
08/10/2019 18:00,0.279,0.279,0.019,0.026,0.33,0.325,0.316,0.651
08/10/2019 19:00,0.353,0.353,0.011,0.017,0.296,0.232,0.224,0.507
08/10/2019 20:00,0.414,0.414,0.015,0.021,0.253,0.225,0.217,0.504
08/10/2019 21:00,0.402,0.402,0.018,0.024,0.23,0.31,0.301,0.651
08/10/2019 22:00,0.283,0.283,0.019,0.025,0.217,0.404,0.398,0.751
08/10/2019 23:00,0.187,0.187,0.021,0.027,0.202,0.445,0.439,0.784
09/10/2019 00:00,0.127,0.127,0.025,0.032,0.204,0.388,0.382,0.724
09/10/2019 01:00,0.089,0.089,0.027,0.034,0.206,0.333,0.325,0.663
09/10/2019 02:00,0.071,0.071,0.03,0.038,0.236,0.246,0.238,0.547
09/10/2019 03:00,0.065,0.065,0.028,0.035,0.234,0.159,0.152,0.39
09/10/2019 04:00,0.083,0.083,0.014,0.02,0.427,0.191,0.185,0.437
09/10/2019 05:00,0.198,0.198,0.022,0.029,0.583,0.183,0.178,0.417
09/10/2019 06:00,0.288,0.288,0.045,0.054,0.544,0.156,0.152,0.357
09/10/2019 07:00,0.361,0.361,0.09,0.106,0.483,0.131,0.127,0.294
09/10/2019 08:00,0.429,0.429,0.131,0.155,0.442,0.113,0.11,0.251
09/10/2019 09:00,0.504,0.504,0.147,0.174,0.421,0.105,0.102,0.23
09/10/2019 10:00,0.594,0.594,0.139,0.164,0.429,0.12,0.116,0.26
09/10/2019 11:00,0.669,0.669,0.12,0.141,0.458,0.159,0.155,0.343
09/10/2019 12:00,0.711,0.711,0.098,0.115,0.492,0.212,0.209,0.449
09/10/2019 13:00,0.71,0.71,0.075,0.088,0.528,0.28,0.276,0.569
09/10/2019 14:00,0.589,0.589,0.057,0.067,0.567,0.366,0.362,0.696
09/10/2019 15:00,0.467,0.467,0.046,0.055,0.573,0.429,0.42,0.777
09/10/2019 16:00,0.39,0.39,0.034,0.042,0.555,0.454,0.447,0.795
09/10/2019 17:00,0.319,0.319,0.027,0.035,0.536,0.418,0.41,0.752
09/10/2019 18:00,0.268,0.268,0.026,0.034,0.509,0.363,0.356,0.699
09/10/2019 19:00,0.189,0.189,0.028,0.035,0.486,0.329,0.322,0.663
09/10/2019 20:00,0.093,0.093,0.03,0.037,0.466,0.297,0.29,0.625
09/10/2019 21:00,0.076,0.076,0.025,0.032,0.445,0.275,0.266,0.578
09/10/2019 22:00,0.093,0.093,0.019,0.025,0.437,0.252,0.245,0.546
09/10/2019 23:00,0.106,0.106,0.016,0.023,0.437,0.241,0.234,0.531
10/10/2019 00:00,0.094,0.094,0.017,0.024,0.428,0.247,0.238,0.54
10/10/2019 01:00,0.077,0.077,0.018,0.025,0.412,0.282,0.273,0.606
10/10/2019 02:00,0.071,0.071,0.019,0.025,0.399,0.329,0.321,0.669
10/10/2019 03:00,0.089,0.089,0.024,0.031,0.404,0.311,0.304,0.642
10/10/2019 04:00,0.127,0.127,0.02,0.027,0.617,0.337,0.332,0.665
10/10/2019 05:00,0.317,0.317,0.069,0.081,0.821,0.362,0.357,0.69
10/10/2019 06:00,0.495,0.495,0.108,0.127,0.877,0.366,0.363,0.691
10/10/2019 07:00,0.563,0.563,0.141,0.166,0.878,0.344,0.34,0.654
10/10/2019 08:00,0.568,0.568,0.158,0.186,0.85,0.318,0.314,0.616
10/10/2019 09:00,0.535,0.535,0.155,0.183,0.795,0.31,0.306,0.605
10/10/2019 10:00,0.479,0.479,0.151,0.179,0.707,0.332,0.329,0.637
10/10/2019 11:00,0.429,0.429,0.145,0.171,0.607,0.384,0.382,0.705
10/10/2019 12:00,0.402,0.402,0.135,0.16,0.522,0.455,0.453,0.779
10/10/2019 13:00,0.399,0.399,0.131,0.155,0.491,0.519,0.518,0.837
10/10/2019 14:00,0.37,0.37,0.125,0.147,0.498,0.566,0.565,0.872
10/10/2019 15:00,0.348,0.348,0.093,0.109,0.48,0.53,0.526,0.855
10/10/2019 16:00,0.37,0.37,0.069,0.081,0.489,0.465,0.458,0.806
10/10/2019 17:00,0.329,0.329,0.048,0.057,0.464,0.444,0.438,0.788
10/10/2019 18:00,0.252,0.252,0.035,0.043,0.431,0.396,0.389,0.734
10/10/2019 19:00,0.199,0.199,0.025,0.032,0.386,0.345,0.338,0.678
10/10/2019 20:00,0.181,0.181,0.016,0.023,0.373,0.321,0.313,0.652
10/10/2019 21:00,0.142,0.142,0.012,0.018,0.389,0.308,0.3,0.632
10/10/2019 22:00,0.083,0.083,0.017,0.023,0.386,0.29,0.282,0.607
10/10/2019 23:00,0.033,0.033,0.021,0.028,0.351,0.249,0.241,0.546
11/10/2019 00:00,0.023,0.023,0.025,0.032,0.333,0.217,0.209,0.489
11/10/2019 01:00,0.066,0.066,0.024,0.031,0.329,0.191,0.183,0.438
11/10/2019 02:00,0.13,0.13,0.025,0.032,0.306,0.167,0.159,0.399
11/10/2019 03:00,0.159,0.159,0.028,0.035,0.26,0.15,0.142,0.359
11/10/2019 04:00,0.127,0.127,0.03,0.037,0.44,0.19,0.184,0.428
11/10/2019 05:00,0.164,0.164,0.102,0.12,0.608,0.29,0.284,0.588
11/10/2019 06:00,0.242,0.242,0.135,0.159,0.589,0.36,0.356,0.679
11/10/2019 07:00,0.33,0.33,0.15,0.177,0.534,0.387,0.384,0.703
11/10/2019 08:00,0.416,0.416,0.15,0.177,0.499,0.394,0.391,0.709
11/10/2019 09:00,0.476,0.476,0.14,0.165,0.48,0.39,0.388,0.705
11/10/2019 10:00,0.529,0.529,0.133,0.157,0.481,0.397,0.395,0.715
11/10/2019 11:00,0.586,0.586,0.124,0.146,0.494,0.418,0.416,0.741
11/10/2019 12:00,0.633,0.633,0.119,0.14,0.524,0.459,0.458,0.784
11/10/2019 13:00,0.659,0.659,0.117,0.138,0.566,0.505,0.503,0.826
11/10/2019 14:00,0.616,0.616,0.109,0.128,0.604,0.533,0.532,0.851
11/10/2019 15:00,0.544,0.544,0.065,0.077,0.601,0.477,0.47,0.817
11/10/2019 16:00,0.492,0.492,0.028,0.035,0.591,0.425,0.417,0.769
11/10/2019 17:00,0.418,0.418,0.012,0.018,0.591,0.354,0.347,0.686
11/10/2019 18:00,0.323,0.323,0.003,0.006,0.598,0.316,0.308,0.634
11/10/2019 19:00,0.253,0.253,0.004,0.008,0.617,0.321,0.312,0.643
11/10/2019 20:00,0.234,0.234,0.007,0.013,0.624,0.318,0.309,0.64
11/10/2019 21:00,0.216,0.216,0.009,0.014,0.607,0.283,0.275,0.592
11/10/2019 22:00,0.174,0.174,0.008,0.013,0.571,0.262,0.254,0.554
11/10/2019 23:00,0.138,0.138,0.008,0.013,0.547,0.218,0.211,0.483
12/10/2019 00:00,0.132,0.132,0.008,0.014,0.546,0.206,0.199,0.468
12/10/2019 01:00,0.141,0.141,0.011,0.017,0.547,0.221,0.214,0.493
12/10/2019 02:00,0.141,0.141,0.015,0.021,0.529,0.191,0.185,0.44
12/10/2019 03:00,0.124,0.124,0.017,0.024,0.479,0.151,0.143,0.361
12/10/2019 04:00,0.098,0.098,0.013,0.019,0.568,0.168,0.162,0.384
12/10/2019 05:00,0.233,0.233,0.036,0.044,0.681,0.221,0.216,0.478
12/10/2019 06:00,0.43,0.43,0.098,0.115,0.678,0.268,0.263,0.553
12/10/2019 07:00,0.52,0.52,0.14,0.165,0.616,0.293,0.288,0.586
12/10/2019 08:00,0.541,0.541,0.155,0.184,0.539,0.304,0.3,0.601
12/10/2019 09:00,0.536,0.536,0.143,0.169,0.451,0.293,0.289,0.585
12/10/2019 10:00,0.523,0.523,0.121,0.142,0.377,0.28,0.277,0.567
12/10/2019 11:00,0.516,0.516,0.098,0.115,0.353,0.286,0.282,0.578
12/10/2019 12:00,0.536,0.536,0.078,0.092,0.379,0.308,0.305,0.614
12/10/2019 13:00,0.575,0.575,0.064,0.076,0.428,0.334,0.33,0.654
12/10/2019 14:00,0.546,0.546,0.059,0.07,0.483,0.363,0.357,0.695
12/10/2019 15:00,0.541,0.541,0.054,0.063,0.511,0.349,0.339,0.691
12/10/2019 16:00,0.524,0.524,0.039,0.048,0.516,0.323,0.314,0.647
12/10/2019 17:00,0.445,0.445,0.027,0.035,0.503,0.283,0.275,0.592
12/10/2019 18:00,0.318,0.318,0.026,0.033,0.506,0.253,0.245,0.546
12/10/2019 19:00,0.227,0.227,0.029,0.036,0.519,0.277,0.269,0.589
12/10/2019 20:00,0.156,0.156,0.028,0.035,0.518,0.321,0.313,0.653
12/10/2019 21:00,0.139,0.139,0.023,0.03,0.527,0.311,0.303,0.636
12/10/2019 22:00,0.107,0.107,0.018,0.025,0.505,0.303,0.294,0.636
12/10/2019 23:00,0.073,0.073,0.016,0.022,0.492,0.273,0.264,0.595
13/10/2019 00:00,0.057,0.057,0.017,0.023,0.486,0.21,0.201,0.485
13/10/2019 01:00,0.047,0.047,0.017,0.023,0.485,0.128,0.121,0.323
13/10/2019 02:00,0.046,0.046,0.019,0.025,0.438,0.102,0.094,0.263
13/10/2019 03:00,0.046,0.046,0.02,0.027,0.373,0.113,0.106,0.288
13/10/2019 04:00,0.038,0.038,0.009,0.015,0.419,0.201,0.195,0.459
13/10/2019 05:00,0.083,0.083,0.045,0.053,0.526,0.29,0.285,0.6
13/10/2019 06:00,0.157,0.157,0.107,0.125,0.555,0.302,0.298,0.61
13/10/2019 07:00,0.282,0.282,0.153,0.181,0.493,0.284,0.279,0.578
13/10/2019 08:00,0.406,0.406,0.166,0.196,0.415,0.256,0.252,0.535
13/10/2019 09:00,0.462,0.462,0.151,0.178,0.363,0.241,0.236,0.508
13/10/2019 10:00,0.451,0.451,0.13,0.153,0.348,0.252,0.249,0.53
13/10/2019 11:00,0.377,0.377,0.11,0.13,0.358,0.279,0.276,0.575
13/10/2019 12:00,0.285,0.285,0.098,0.115,0.384,0.31,0.306,0.62
13/10/2019 13:00,0.222,0.222,0.088,0.103,0.425,0.338,0.334,0.659
13/10/2019 14:00,0.154,0.154,0.076,0.089,0.475,0.352,0.347,0.681
13/10/2019 15:00,0.128,0.128,0.047,0.057,0.483,0.295,0.288,0.62
13/10/2019 16:00,0.155,0.155,0.025,0.032,0.478,0.248,0.238,0.541
13/10/2019 17:00,0.203,0.203,0.016,0.022,0.46,0.21,0.202,0.474
13/10/2019 18:00,0.222,0.222,0.018,0.025,0.426,0.172,0.164,0.399
13/10/2019 19:00,0.19,0.19,0.025,0.032,0.437,0.18,0.173,0.425
13/10/2019 20:00,0.14,0.14,0.029,0.036,0.462,0.168,0.161,0.401
13/10/2019 21:00,0.126,0.126,0.028,0.035,0.53,0.164,0.158,0.403
13/10/2019 22:00,0.125,0.125,0.024,0.031,0.511,0.155,0.148,0.385
13/10/2019 23:00,0.121,0.121,0.02,0.027,0.493,0.138,0.131,0.339
14/10/2019 00:00,0.11,0.11,0.017,0.023,0.446,0.148,0.141,0.361
14/10/2019 01:00,0.094,0.094,0.016,0.023,0.407,0.127,0.121,0.316
14/10/2019 02:00,0.085,0.085,0.02,0.027,0.348,0.117,0.11,0.296
14/10/2019 03:00,0.067,0.067,0.028,0.035,0.285,0.098,0.092,0.251
14/10/2019 04:00,0.071,0.071,0.024,0.031,0.36,0.097,0.093,0.236
14/10/2019 05:00,0.27,0.27,0.05,0.06,0.483,0.108,0.104,0.258
14/10/2019 06:00,0.469,0.469,0.097,0.114,0.514,0.109,0.106,0.25
14/10/2019 07:00,0.574,0.574,0.144,0.17,0.483,0.113,0.11,0.25
14/10/2019 08:00,0.63,0.63,0.178,0.211,0.451,0.122,0.119,0.263
14/10/2019 09:00,0.646,0.646,0.183,0.216,0.439,0.133,0.13,0.288
14/10/2019 10:00,0.644,0.644,0.167,0.197,0.453,0.142,0.139,0.309
14/10/2019 11:00,0.638,0.638,0.144,0.17,0.486,0.162,0.159,0.352
14/10/2019 12:00,0.633,0.633,0.118,0.139,0.516,0.207,0.203,0.442
14/10/2019 13:00,0.619,0.619,0.094,0.111,0.516,0.268,0.264,0.553
14/10/2019 14:00,0.532,0.532,0.068,0.08,0.489,0.327,0.322,0.647
14/10/2019 15:00,0.466,0.466,0.04,0.048,0.419,0.331,0.322,0.665
14/10/2019 16:00,0.432,0.432,0.022,0.029,0.35,0.285,0.276,0.592
14/10/2019 17:00,0.325,0.325,0.019,0.026,0.318,0.224,0.218,0.491
14/10/2019 18:00,0.23,0.23,0.021,0.028,0.311,0.203,0.197,0.454
14/10/2019 19:00,0.161,0.161,0.025,0.032,0.323,0.217,0.209,0.483
14/10/2019 20:00,0.121,0.121,0.031,0.039,0.341,0.242,0.234,0.523
14/10/2019 21:00,0.121,0.121,0.036,0.044,0.335,0.249,0.241,0.527
14/10/2019 22:00,0.098,0.098,0.033,0.041,0.329,0.242,0.235,0.528
14/10/2019 23:00,0.081,0.081,0.027,0.034,0.327,0.174,0.166,0.406
15/10/2019 00:00,0.073,0.073,0.022,0.029,0.323,0.123,0.117,0.299
15/10/2019 01:00,0.067,0.067,0.019,0.025,0.305,0.077,0.071,0.192
15/10/2019 02:00,0.06,0.06,0.015,0.021,0.265,0.049,0.045,0.129
15/10/2019 03:00,0.054,0.054,0.014,0.02,0.246,0.024,0.021,0.069
15/10/2019 04:00,0.063,0.063,0.012,0.018,0.398,0.01,0.008,0.026
15/10/2019 05:00,0.29,0.29,0.033,0.041,0.466,0.028,0.026,0.07
15/10/2019 06:00,0.456,0.456,0.075,0.088,0.39,0.052,0.049,0.118
15/10/2019 07:00,0.558,0.558,0.103,0.121,0.318,0.064,0.061,0.139
15/10/2019 08:00,0.634,0.634,0.118,0.139,0.276,0.085,0.082,0.185
15/10/2019 09:00,0.658,0.658,0.117,0.138,0.276,0.117,0.114,0.259
15/10/2019 10:00,0.648,0.648,0.104,0.122,0.303,0.163,0.159,0.363
15/10/2019 11:00,0.624,0.624,0.087,0.101,0.34,0.208,0.204,0.459
15/10/2019 12:00,0.595,0.595,0.068,0.08,0.385,0.241,0.237,0.523
15/10/2019 13:00,0.562,0.562,0.054,0.064,0.44,0.26,0.256,0.555
15/10/2019 14:00,0.488,0.488,0.046,0.055,0.511,0.279,0.273,0.586
15/10/2019 15:00,0.429,0.429,0.036,0.044,0.534,0.3,0.288,0.638
15/10/2019 16:00,0.374,0.374,0.025,0.032,0.52,0.339,0.325,0.695
15/10/2019 17:00,0.289,0.289,0.015,0.022,0.449,0.331,0.317,0.69
15/10/2019 18:00,0.195,0.195,0.011,0.017,0.392,0.305,0.293,0.657
15/10/2019 19:00,0.126,0.126,0.01,0.015,0.369,0.252,0.241,0.58
15/10/2019 20:00,0.083,0.083,0.01,0.016,0.355,0.181,0.172,0.448
15/10/2019 21:00,0.058,0.058,0.011,0.017,0.423,0.141,0.132,0.364
15/10/2019 22:00,0.045,0.045,0.011,0.017,0.411,0.108,0.102,0.291
15/10/2019 23:00,0.04,0.04,0.013,0.019,0.413,0.094,0.087,0.262
16/10/2019 00:00,0.038,0.038,0.015,0.021,0.453,0.078,0.071,0.223
16/10/2019 01:00,0.035,0.035,0.017,0.024,0.46,0.061,0.056,0.181
16/10/2019 02:00,0.032,0.032,0.019,0.026,0.411,0.048,0.044,0.142
16/10/2019 03:00,0.031,0.031,0.021,0.028,0.323,0.038,0.034,0.113
16/10/2019 04:00,0.041,0.041,0.01,0.015,0.37,0.032,0.029,0.081
16/10/2019 05:00,0.241,0.241,0.039,0.048,0.475,0.131,0.126,0.298
16/10/2019 06:00,0.417,0.417,0.088,0.103,0.435,0.179,0.174,0.387
16/10/2019 07:00,0.489,0.489,0.114,0.134,0.406,0.186,0.183,0.397
16/10/2019 08:00,0.511,0.511,0.124,0.146,0.398,0.18,0.177,0.384
16/10/2019 09:00,0.512,0.512,0.119,0.14,0.398,0.164,0.16,0.353
16/10/2019 10:00,0.509,0.509,0.104,0.123,0.4,0.155,0.151,0.338
16/10/2019 11:00,0.499,0.499,0.084,0.099,0.398,0.164,0.16,0.363
16/10/2019 12:00,0.488,0.488,0.066,0.077,0.41,0.178,0.174,0.395
16/10/2019 13:00,0.487,0.487,0.059,0.07,0.441,0.182,0.177,0.403
16/10/2019 14:00,0.466,0.466,0.057,0.067,0.486,0.189,0.183,0.425
16/10/2019 15:00,0.472,0.472,0.048,0.058,0.491,0.198,0.188,0.467
16/10/2019 16:00,0.483,0.483,0.039,0.047,0.479,0.248,0.236,0.562
16/10/2019 17:00,0.404,0.404,0.028,0.036,0.472,0.256,0.246,0.569
16/10/2019 18:00,0.314,0.314,0.022,0.029,0.426,0.229,0.22,0.521
16/10/2019 19:00,0.247,0.247,0.021,0.028,0.411,0.207,0.198,0.478
16/10/2019 20:00,0.205,0.205,0.019,0.026,0.433,0.214,0.204,0.504
16/10/2019 21:00,0.194,0.194,0.02,0.026,0.444,0.227,0.218,0.526
16/10/2019 22:00,0.183,0.183,0.027,0.034,0.489,0.215,0.207,0.49
16/10/2019 23:00,0.171,0.171,0.034,0.042,0.491,0.243,0.234,0.535
17/10/2019 00:00,0.162,0.162,0.037,0.045,0.489,0.227,0.219,0.504
17/10/2019 01:00,0.151,0.151,0.04,0.048,0.483,0.212,0.204,0.478
17/10/2019 02:00,0.132,0.132,0.046,0.055,0.464,0.153,0.145,0.358
17/10/2019 03:00,0.124,0.124,0.049,0.059,0.432,0.106,0.101,0.256
17/10/2019 04:00,0.12,0.12,0.052,0.061,0.5,0.137,0.131,0.321
17/10/2019 05:00,0.268,0.268,0.165,0.195,0.589,0.165,0.16,0.375
17/10/2019 06:00,0.33,0.33,0.228,0.27,0.557,0.172,0.167,0.376
17/10/2019 07:00,0.331,0.331,0.249,0.293,0.487,0.174,0.171,0.376
17/10/2019 08:00,0.321,0.321,0.242,0.285,0.415,0.177,0.174,0.379
17/10/2019 09:00,0.334,0.334,0.222,0.263,0.344,0.167,0.164,0.361
17/10/2019 10:00,0.363,0.363,0.196,0.231,0.297,0.152,0.148,0.331
17/10/2019 11:00,0.417,0.417,0.161,0.19,0.285,0.146,0.142,0.325
17/10/2019 12:00,0.501,0.501,0.128,0.151,0.293,0.177,0.173,0.396
17/10/2019 13:00,0.585,0.585,0.11,0.129,0.306,0.237,0.233,0.512
17/10/2019 14:00,0.611,0.611,0.097,0.114,0.322,0.283,0.277,0.586
17/10/2019 15:00,0.581,0.581,0.068,0.08,0.318,0.25,0.243,0.543
17/10/2019 16:00,0.502,0.502,0.045,0.053,0.346,0.2,0.193,0.452
17/10/2019 17:00,0.41,0.41,0.035,0.043,0.394,0.182,0.174,0.414
17/10/2019 18:00,0.321,0.321,0.032,0.04,0.406,0.134,0.128,0.314
17/10/2019 19:00,0.232,0.232,0.034,0.042,0.363,0.11,0.104,0.261
17/10/2019 20:00,0.165,0.165,0.037,0.045,0.366,0.122,0.115,0.29
17/10/2019 21:00,0.131,0.131,0.039,0.048,0.382,0.208,0.2,0.479
17/10/2019 22:00,0.115,0.115,0.039,0.047,0.362,0.247,0.238,0.529
17/10/2019 23:00,0.105,0.105,0.034,0.041,0.326,0.29,0.282,0.595
18/10/2019 00:00,0.087,0.087,0.029,0.036,0.299,0.263,0.255,0.549
18/10/2019 01:00,0.066,0.066,0.025,0.032,0.256,0.214,0.207,0.47
18/10/2019 02:00,0.046,0.046,0.023,0.03,0.208,0.187,0.181,0.434
18/10/2019 03:00,0.062,0.062,0.023,0.03,0.159,0.18,0.174,0.425
18/10/2019 04:00,0.093,0.093,0.02,0.026,0.239,0.163,0.158,0.382
18/10/2019 05:00,0.232,0.232,0.108,0.127,0.363,0.153,0.148,0.353
18/10/2019 06:00,0.37,0.37,0.195,0.23,0.352,0.142,0.138,0.322
18/10/2019 07:00,0.489,0.489,0.241,0.285,0.287,0.112,0.108,0.251
18/10/2019 08:00,0.574,0.574,0.267,0.314,0.219,0.082,0.079,0.183
18/10/2019 09:00,0.624,0.624,0.251,0.296,0.164,0.054,0.052,0.12
18/10/2019 10:00,0.648,0.648,0.213,0.252,0.141,0.037,0.035,0.082
18/10/2019 11:00,0.659,0.659,0.181,0.213,0.152,0.034,0.032,0.075
18/10/2019 12:00,0.671,0.671,0.16,0.189,0.2,0.039,0.037,0.087
18/10/2019 13:00,0.678,0.678,0.148,0.175,0.283,0.055,0.053,0.128
18/10/2019 14:00,0.62,0.62,0.135,0.159,0.387,0.093,0.089,0.223
18/10/2019 15:00,0.52,0.52,0.115,0.135,0.443,0.148,0.141,0.364
18/10/2019 16:00,0.402,0.402,0.107,0.125,0.379,0.206,0.198,0.48
18/10/2019 17:00,0.285,0.285,0.094,0.111,0.363,0.219,0.211,0.495
18/10/2019 18:00,0.243,0.243,0.081,0.095,0.401,0.217,0.209,0.481
18/10/2019 19:00,0.317,0.317,0.076,0.089,0.425,0.227,0.22,0.488
18/10/2019 20:00,0.324,0.324,0.069,0.081,0.496,0.278,0.27,0.564
18/10/2019 21:00,0.345,0.345,0.064,0.076,0.597,0.261,0.253,0.546
18/10/2019 22:00,0.377,0.377,0.068,0.08,0.575,0.258,0.25,0.541
18/10/2019 23:00,0.403,0.403,0.058,0.068,0.529,0.253,0.245,0.541
19/10/2019 00:00,0.388,0.388,0.049,0.058,0.453,0.223,0.216,0.504
19/10/2019 01:00,0.387,0.387,0.054,0.064,0.331,0.164,0.158,0.401
19/10/2019 02:00,0.429,0.429,0.075,0.088,0.225,0.123,0.116,0.312
19/10/2019 03:00,0.373,0.373,0.096,0.113,0.198,0.103,0.096,0.262
19/10/2019 04:00,0.317,0.317,0.082,0.096,0.323,0.157,0.151,0.375
19/10/2019 05:00,0.323,0.323,0.133,0.157,0.498,0.171,0.166,0.395
19/10/2019 06:00,0.532,0.532,0.163,0.193,0.549,0.134,0.131,0.307
19/10/2019 07:00,0.62,0.62,0.19,0.224,0.504,0.099,0.096,0.224
19/10/2019 08:00,0.634,0.634,0.254,0.299,0.441,0.084,0.081,0.188
19/10/2019 09:00,0.649,0.649,0.276,0.324,0.392,0.074,0.072,0.166
19/10/2019 10:00,0.687,0.687,0.252,0.297,0.379,0.073,0.071,0.164
19/10/2019 11:00,0.719,0.719,0.22,0.26,0.387,0.092,0.089,0.202
19/10/2019 12:00,0.725,0.725,0.186,0.22,0.401,0.124,0.121,0.271
19/10/2019 13:00,0.705,0.705,0.147,0.174,0.42,0.165,0.16,0.358
19/10/2019 14:00,0.58,0.58,0.103,0.121,0.446,0.206,0.201,0.448
19/10/2019 15:00,0.39,0.39,0.054,0.064,0.451,0.215,0.207,0.485
19/10/2019 16:00,0.344,0.344,0.032,0.04,0.453,0.224,0.216,0.508
19/10/2019 17:00,0.297,0.297,0.027,0.034,0.458,0.258,0.25,0.565
19/10/2019 18:00,0.222,0.222,0.023,0.03,0.542,0.225,0.218,0.512
19/10/2019 19:00,0.241,0.241,0.02,0.027,0.547,0.18,0.174,0.424
19/10/2019 20:00,0.299,0.299,0.019,0.025,0.518,0.147,0.141,0.35
19/10/2019 21:00,0.38,0.38,0.021,0.027,0.524,0.119,0.112,0.285
19/10/2019 22:00,0.429,0.429,0.023,0.03,0.517,0.1,0.095,0.25
19/10/2019 23:00,0.333,0.333,0.026,0.033,0.483,0.104,0.098,0.257
20/10/2019 00:00,0.214,0.214,0.029,0.037,0.411,0.105,0.1,0.263
20/10/2019 01:00,0.19,0.19,0.033,0.041,0.311,0.107,0.102,0.272
20/10/2019 02:00,0.232,0.232,0.037,0.045,0.219,0.115,0.109,0.293
20/10/2019 03:00,0.271,0.271,0.042,0.05,0.179,0.111,0.105,0.284
20/10/2019 04:00,0.269,0.269,0.033,0.041,0.283,0.097,0.092,0.238
20/10/2019 05:00,0.531,0.531,0.088,0.103,0.388,0.086,0.082,0.208
20/10/2019 06:00,0.648,0.648,0.158,0.187,0.393,0.078,0.074,0.185
20/10/2019 07:00,0.664,0.664,0.193,0.228,0.375,0.068,0.066,0.158
20/10/2019 08:00,0.664,0.664,0.209,0.247,0.373,0.066,0.064,0.15
20/10/2019 09:00,0.663,0.663,0.2,0.236,0.369,0.08,0.077,0.182
20/10/2019 10:00,0.665,0.665,0.172,0.203,0.371,0.112,0.108,0.253
20/10/2019 11:00,0.67,0.67,0.136,0.16,0.382,0.153,0.15,0.344
20/10/2019 12:00,0.677,0.677,0.106,0.125,0.407,0.19,0.186,0.417
20/10/2019 13:00,0.679,0.679,0.083,0.098,0.442,0.214,0.209,0.463
20/10/2019 14:00,0.617,0.617,0.068,0.08,0.477,0.235,0.229,0.512
20/10/2019 15:00,0.499,0.499,0.055,0.065,0.479,0.262,0.252,0.579
20/10/2019 16:00,0.392,0.392,0.033,0.041,0.457,0.333,0.322,0.679
20/10/2019 17:00,0.314,0.314,0.015,0.022,0.392,0.355,0.346,0.698
20/10/2019 18:00,0.251,0.251,0.007,0.012,0.374,0.348,0.338,0.686
20/10/2019 19:00,0.23,0.23,0.011,0.016,0.383,0.358,0.349,0.707
20/10/2019 20:00,0.232,0.232,0.017,0.023,0.403,0.275,0.265,0.595
20/10/2019 21:00,0.243,0.243,0.019,0.026,0.395,0.164,0.157,0.4
20/10/2019 22:00,0.247,0.247,0.019,0.026,0.438,0.093,0.088,0.238
20/10/2019 23:00,0.289,0.289,0.019,0.026,0.517,0.066,0.061,0.169
21/10/2019 00:00,0.266,0.266,0.019,0.026,0.453,0.049,0.045,0.129
21/10/2019 01:00,0.17,0.17,0.019,0.026,0.347,0.043,0.039,0.122
21/10/2019 02:00,0.107,0.107,0.019,0.026,0.239,0.039,0.035,0.117
21/10/2019 03:00,0.077,0.077,0.021,0.028,0.16,0.04,0.036,0.121
21/10/2019 04:00,0.106,0.106,0.016,0.022,0.24,0.037,0.035,0.098
21/10/2019 05:00,0.305,0.305,0.026,0.034,0.345,0.041,0.038,0.095
21/10/2019 06:00,0.414,0.414,0.047,0.056,0.337,0.037,0.035,0.083
21/10/2019 07:00,0.455,0.455,0.057,0.067,0.274,0.041,0.039,0.089
21/10/2019 08:00,0.466,0.466,0.059,0.07,0.208,0.046,0.044,0.099
21/10/2019 09:00,0.463,0.463,0.06,0.07,0.175,0.056,0.054,0.123
21/10/2019 10:00,0.466,0.466,0.062,0.073,0.182,0.072,0.069,0.161
21/10/2019 11:00,0.484,0.484,0.063,0.074,0.208,0.092,0.088,0.206
21/10/2019 12:00,0.52,0.52,0.066,0.078,0.246,0.116,0.113,0.264
21/10/2019 13:00,0.561,0.561,0.073,0.086,0.285,0.146,0.142,0.336
21/10/2019 14:00,0.556,0.556,0.085,0.1,0.329,0.192,0.186,0.437
21/10/2019 15:00,0.512,0.512,0.083,0.097,0.334,0.251,0.242,0.564
21/10/2019 16:00,0.474,0.474,0.058,0.068,0.326,0.314,0.304,0.654
21/10/2019 17:00,0.357,0.357,0.035,0.043,0.305,0.348,0.338,0.692
21/10/2019 18:00,0.272,0.272,0.021,0.028,0.265,0.329,0.319,0.665
21/10/2019 19:00,0.212,0.212,0.015,0.021,0.258,0.265,0.258,0.57
21/10/2019 20:00,0.169,0.169,0.014,0.021,0.277,0.177,0.169,0.41
21/10/2019 21:00,0.185,0.185,0.013,0.02,0.293,0.12,0.112,0.29
21/10/2019 22:00,0.234,0.234,0.012,0.018,0.323,0.097,0.091,0.237
21/10/2019 23:00,0.294,0.294,0.011,0.017,0.333,0.088,0.081,0.218
22/10/2019 00:00,0.288,0.288,0.013,0.019,0.329,0.092,0.086,0.231
22/10/2019 01:00,0.182,0.182,0.017,0.023,0.303,0.092,0.085,0.231
22/10/2019 02:00,0.089,0.089,0.024,0.031,0.262,0.079,0.073,0.206
22/10/2019 03:00,0.05,0.05,0.035,0.042,0.217,0.064,0.059,0.17
22/10/2019 04:00,0.05,0.05,0.033,0.041,0.381,0.053,0.05,0.13
22/10/2019 05:00,0.209,0.209,0.082,0.096,0.448,0.054,0.052,0.129
22/10/2019 06:00,0.303,0.303,0.131,0.155,0.367,0.064,0.061,0.147
22/10/2019 07:00,0.355,0.355,0.168,0.199,0.287,0.068,0.065,0.153
22/10/2019 08:00,0.392,0.392,0.191,0.226,0.235,0.071,0.068,0.158
22/10/2019 09:00,0.41,0.41,0.188,0.223,0.21,0.079,0.077,0.179
22/10/2019 10:00,0.423,0.423,0.168,0.199,0.202,0.1,0.097,0.227
22/10/2019 11:00,0.443,0.443,0.144,0.17,0.215,0.135,0.131,0.31
22/10/2019 12:00,0.463,0.463,0.121,0.143,0.244,0.185,0.181,0.417
22/10/2019 13:00,0.476,0.476,0.104,0.122,0.282,0.244,0.238,0.524
22/10/2019 14:00,0.452,0.452,0.098,0.114,0.307,0.293,0.288,0.606
22/10/2019 15:00,0.451,0.451,0.112,0.131,0.29,0.313,0.304,0.651
22/10/2019 16:00,0.426,0.426,0.115,0.135,0.287,0.36,0.348,0.706
22/10/2019 17:00,0.325,0.325,0.103,0.12,0.3,0.392,0.382,0.739
22/10/2019 18:00,0.223,0.223,0.096,0.112,0.303,0.357,0.348,0.691
22/10/2019 19:00,0.155,0.155,0.094,0.11,0.271,0.289,0.28,0.594
22/10/2019 20:00,0.122,0.122,0.091,0.107,0.239,0.223,0.216,0.497
22/10/2019 21:00,0.114,0.114,0.085,0.099,0.257,0.174,0.166,0.412
22/10/2019 22:00,0.107,0.107,0.081,0.095,0.265,0.139,0.131,0.333
22/10/2019 23:00,0.096,0.096,0.076,0.089,0.253,0.132,0.125,0.316
23/10/2019 00:00,0.082,0.082,0.073,0.085,0.227,0.119,0.112,0.287
23/10/2019 01:00,0.061,0.061,0.076,0.089,0.21,0.11,0.104,0.271
23/10/2019 02:00,0.039,0.039,0.08,0.094,0.203,0.117,0.109,0.293
23/10/2019 03:00,0.022,0.022,0.082,0.096,0.193,0.119,0.112,0.298
23/10/2019 04:00,0.018,0.018,0.068,0.08,0.373,0.141,0.135,0.326
23/10/2019 05:00,0.116,0.116,0.155,0.183,0.514,0.177,0.173,0.396
23/10/2019 06:00,0.205,0.205,0.241,0.284,0.491,0.188,0.185,0.417
23/10/2019 07:00,0.28,0.28,0.253,0.298,0.455,0.186,0.183,0.41
23/10/2019 08:00,0.365,0.365,0.246,0.29,0.42,0.202,0.198,0.438
23/10/2019 09:00,0.439,0.439,0.224,0.265,0.391,0.227,0.223,0.483
23/10/2019 10:00,0.488,0.488,0.186,0.22,0.384,0.256,0.251,0.533
23/10/2019 11:00,0.521,0.521,0.151,0.178,0.388,0.297,0.293,0.599
23/10/2019 12:00,0.543,0.543,0.126,0.148,0.391,0.341,0.338,0.661
23/10/2019 13:00,0.541,0.541,0.119,0.14,0.402,0.388,0.385,0.721
23/10/2019 14:00,0.468,0.468,0.141,0.166,0.416,0.425,0.42,0.764
23/10/2019 15:00,0.457,0.457,0.196,0.231,0.397,0.392,0.383,0.742
23/10/2019 16:00,0.449,0.449,0.21,0.248,0.398,0.398,0.388,0.743
23/10/2019 17:00,0.377,0.377,0.194,0.23,0.404,0.363,0.354,0.691
23/10/2019 18:00,0.295,0.295,0.172,0.203,0.43,0.306,0.297,0.609
23/10/2019 19:00,0.236,0.236,0.159,0.188,0.445,0.262,0.253,0.546
23/10/2019 20:00,0.183,0.183,0.141,0.166,0.407,0.224,0.216,0.489
23/10/2019 21:00,0.135,0.135,0.116,0.136,0.36,0.237,0.229,0.521
23/10/2019 22:00,0.101,0.101,0.104,0.122,0.337,0.225,0.217,0.495
23/10/2019 23:00,0.076,0.076,0.107,0.125,0.305,0.187,0.179,0.425
24/10/2019 00:00,0.062,0.062,0.115,0.135,0.329,0.191,0.183,0.441
24/10/2019 01:00,0.054,0.054,0.12,0.141,0.323,0.193,0.184,0.437
24/10/2019 02:00,0.049,0.049,0.134,0.157,0.25,0.183,0.174,0.42
24/10/2019 03:00,0.043,0.043,0.15,0.178,0.239,0.199,0.19,0.449
24/10/2019 04:00,0.031,0.031,0.139,0.164,0.357,0.273,0.265,0.564
24/10/2019 05:00,0.078,0.078,0.213,0.252,0.533,0.435,0.432,0.765
24/10/2019 06:00,0.145,0.145,0.263,0.31,0.567,0.596,0.596,0.888
24/10/2019 07:00,0.155,0.155,0.215,0.254,0.548,0.607,0.608,0.893
24/10/2019 08:00,0.154,0.154,0.176,0.208,0.516,0.534,0.534,0.847
24/10/2019 09:00,0.163,0.163,0.146,0.172,0.479,0.453,0.45,0.781
24/10/2019 10:00,0.181,0.181,0.11,0.13,0.446,0.428,0.425,0.755
24/10/2019 11:00,0.204,0.204,0.083,0.097,0.409,0.439,0.437,0.766
24/10/2019 12:00,0.234,0.234,0.066,0.078,0.378,0.479,0.476,0.804
24/10/2019 13:00,0.276,0.276,0.073,0.086,0.337,0.536,0.535,0.851
24/10/2019 14:00,0.318,0.318,0.121,0.142,0.318,0.574,0.573,0.879
24/10/2019 15:00,0.387,0.387,0.178,0.211,0.305,0.504,0.498,0.837
24/10/2019 16:00,0.37,0.37,0.168,0.199,0.28,0.431,0.421,0.776
24/10/2019 17:00,0.272,0.272,0.134,0.157,0.25,0.345,0.335,0.679
24/10/2019 18:00,0.181,0.181,0.102,0.119,0.227,0.295,0.285,0.607
24/10/2019 19:00,0.116,0.116,0.069,0.081,0.206,0.221,0.211,0.498
24/10/2019 20:00,0.075,0.075,0.043,0.052,0.193,0.166,0.158,0.403
24/10/2019 21:00,0.043,0.043,0.028,0.035,0.188,0.141,0.133,0.358
24/10/2019 22:00,0.028,0.028,0.018,0.025,0.182,0.134,0.126,0.341
24/10/2019 23:00,0.025,0.025,0.014,0.02,0.173,0.125,0.118,0.316
25/10/2019 00:00,0.022,0.022,0.016,0.023,0.185,0.141,0.133,0.358
25/10/2019 01:00,0.02,0.02,0.023,0.03,0.208,0.158,0.149,0.391
25/10/2019 02:00,0.015,0.015,0.029,0.036,0.224,0.162,0.153,0.394
25/10/2019 03:00,0.012,0.012,0.034,0.042,0.224,0.142,0.134,0.35
25/10/2019 04:00,0.012,0.012,0.033,0.041,0.403,0.106,0.102,0.252
25/10/2019 05:00,0.053,0.053,0.06,0.07,0.605,0.129,0.124,0.309
25/10/2019 06:00,0.109,0.109,0.074,0.087,0.536,0.247,0.241,0.532
25/10/2019 07:00,0.137,0.137,0.055,0.065,0.437,0.331,0.327,0.645
25/10/2019 08:00,0.156,0.156,0.049,0.058,0.377,0.365,0.363,0.688
25/10/2019 09:00,0.167,0.167,0.048,0.057,0.335,0.368,0.365,0.691
25/10/2019 10:00,0.182,0.182,0.047,0.056,0.325,0.371,0.368,0.697
25/10/2019 11:00,0.205,0.205,0.046,0.054,0.349,0.389,0.385,0.718
25/10/2019 12:00,0.234,0.234,0.047,0.056,0.395,0.418,0.416,0.753
25/10/2019 13:00,0.275,0.275,0.061,0.071,0.47,0.447,0.445,0.784
25/10/2019 14:00,0.314,0.314,0.105,0.123,0.541,0.448,0.443,0.79
25/10/2019 15:00,0.409,0.409,0.139,0.164,0.541,0.409,0.4,0.761
25/10/2019 16:00,0.429,0.429,0.099,0.116,0.481,0.364,0.354,0.702
25/10/2019 17:00,0.352,0.352,0.058,0.068,0.455,0.313,0.304,0.637
25/10/2019 18:00,0.254,0.254,0.044,0.052,0.431,0.26,0.25,0.556
25/10/2019 19:00,0.195,0.195,0.035,0.043,0.405,0.213,0.205,0.467
25/10/2019 20:00,0.155,0.155,0.027,0.034,0.365,0.185,0.177,0.421
25/10/2019 21:00,0.107,0.107,0.019,0.026,0.303,0.17,0.162,0.398
25/10/2019 22:00,0.069,0.069,0.013,0.019,0.27,0.151,0.143,0.361
25/10/2019 23:00,0.043,0.043,0.009,0.015,0.242,0.139,0.131,0.339
26/10/2019 00:00,0.024,0.024,0.008,0.014,0.221,0.111,0.104,0.279
26/10/2019 01:00,0.014,0.014,0.009,0.015,0.197,0.097,0.091,0.251
26/10/2019 02:00,0.01,0.01,0.013,0.02,0.178,0.094,0.087,0.239
26/10/2019 03:00,0.009,0.009,0.022,0.029,0.166,0.103,0.095,0.253
26/10/2019 04:00,0.01,0.01,0.027,0.034,0.293,0.149,0.143,0.338
26/10/2019 05:00,0.055,0.055,0.051,0.061,0.471,0.235,0.23,0.5
26/10/2019 06:00,0.127,0.127,0.08,0.094,0.437,0.265,0.261,0.541
26/10/2019 07:00,0.162,0.162,0.09,0.105,0.39,0.285,0.279,0.567
26/10/2019 08:00,0.194,0.194,0.096,0.113,0.364,0.29,0.288,0.578
26/10/2019 09:00,0.222,0.222,0.096,0.113,0.341,0.285,0.281,0.574
26/10/2019 10:00,0.247,0.247,0.087,0.102,0.335,0.285,0.281,0.578
26/10/2019 11:00,0.273,0.273,0.076,0.089,0.349,0.3,0.297,0.604
26/10/2019 12:00,0.299,0.299,0.067,0.079,0.375,0.326,0.322,0.643
26/10/2019 13:00,0.332,0.332,0.068,0.08,0.411,0.359,0.355,0.688
26/10/2019 14:00,0.356,0.356,0.098,0.115,0.454,0.382,0.377,0.721
26/10/2019 15:00,0.397,0.397,0.13,0.154,0.462,0.323,0.315,0.657
26/10/2019 16:00,0.382,0.382,0.107,0.125,0.458,0.27,0.261,0.579
26/10/2019 17:00,0.3,0.3,0.073,0.086,0.382,0.219,0.209,0.492
26/10/2019 18:00,0.248,0.248,0.051,0.061,0.315,0.167,0.159,0.402
26/10/2019 19:00,0.182,0.182,0.044,0.053,0.282,0.107,0.101,0.277
26/10/2019 20:00,0.113,0.113,0.044,0.052,0.27,0.089,0.083,0.24
26/10/2019 21:00,0.08,0.08,0.039,0.047,0.261,0.07,0.065,0.192
26/10/2019 22:00,0.061,0.061,0.031,0.038,0.246,0.054,0.05,0.154
26/10/2019 23:00,0.046,0.046,0.026,0.033,0.241,0.06,0.055,0.167
27/10/2019 00:00,0.034,0.034,0.022,0.029,0.221,0.073,0.068,0.201
27/10/2019 01:00,0.028,0.028,0.022,0.028,0.215,0.079,0.073,0.216
27/10/2019 02:00,0.026,0.026,0.025,0.033,0.221,0.084,0.078,0.221
27/10/2019 03:00,0.023,0.023,0.033,0.041,0.211,0.07,0.065,0.183
27/10/2019 04:00,0.02,0.02,0.035,0.043,0.295,0.057,0.053,0.136
27/10/2019 05:00,0.067,0.067,0.074,0.087,0.46,0.112,0.107,0.265
27/10/2019 06:00,0.146,0.146,0.136,0.16,0.389,0.179,0.174,0.402
27/10/2019 07:00,0.169,0.169,0.153,0.181,0.31,0.193,0.189,0.425
27/10/2019 08:00,0.171,0.171,0.157,0.185,0.276,0.197,0.193,0.431
27/10/2019 09:00,0.165,0.165,0.148,0.175,0.275,0.199,0.195,0.437
27/10/2019 10:00,0.161,0.161,0.13,0.153,0.295,0.207,0.203,0.452
27/10/2019 11:00,0.159,0.159,0.1,0.118,0.324,0.23,0.225,0.496
27/10/2019 12:00,0.178,0.178,0.077,0.09,0.362,0.265,0.262,0.559
27/10/2019 13:00,0.216,0.216,0.069,0.081,0.401,0.305,0.301,0.624
27/10/2019 14:00,0.268,0.268,0.083,0.097,0.451,0.342,0.338,0.682
27/10/2019 15:00,0.387,0.387,0.096,0.112,0.461,0.359,0.35,0.713
27/10/2019 16:00,0.417,0.417,0.065,0.076,0.431,0.35,0.34,0.694
27/10/2019 17:00,0.356,0.356,0.037,0.045,0.349,0.31,0.299,0.629
27/10/2019 18:00,0.247,0.247,0.026,0.033,0.339,0.249,0.24,0.546
27/10/2019 19:00,0.154,0.154,0.023,0.03,0.334,0.219,0.211,0.508
27/10/2019 20:00,0.096,0.096,0.021,0.027,0.359,0.179,0.17,0.429
27/10/2019 21:00,0.058,0.058,0.019,0.025,0.385,0.133,0.125,0.329
27/10/2019 22:00,0.04,0.04,0.016,0.022,0.387,0.095,0.089,0.247
27/10/2019 23:00,0.03,0.03,0.013,0.019,0.35,0.072,0.067,0.191
28/10/2019 00:00,0.022,0.022,0.01,0.016,0.289,0.051,0.047,0.14
28/10/2019 01:00,0.02,0.02,0.009,0.014,0.239,0.034,0.031,0.099
28/10/2019 02:00,0.022,0.022,0.009,0.014,0.158,0.028,0.025,0.085
28/10/2019 03:00,0.027,0.027,0.011,0.017,0.093,0.028,0.024,0.083
28/10/2019 04:00,0.028,0.028,0.01,0.016,0.118,0.021,0.019,0.056
28/10/2019 05:00,0.11,0.11,0.018,0.025,0.192,0.027,0.025,0.066
28/10/2019 06:00,0.174,0.174,0.055,0.066,0.161,0.028,0.026,0.061
28/10/2019 07:00,0.198,0.198,0.074,0.086,0.121,0.027,0.026,0.057
28/10/2019 08:00,0.23,0.23,0.082,0.097,0.099,0.027,0.025,0.055
28/10/2019 09:00,0.265,0.265,0.093,0.109,0.092,0.03,0.029,0.062
28/10/2019 10:00,0.298,0.298,0.098,0.115,0.093,0.04,0.038,0.085
28/10/2019 11:00,0.335,0.335,0.092,0.108,0.104,0.053,0.051,0.114
28/10/2019 12:00,0.375,0.375,0.083,0.098,0.124,0.066,0.063,0.146
28/10/2019 13:00,0.416,0.416,0.079,0.093,0.147,0.088,0.085,0.2
28/10/2019 14:00,0.429,0.429,0.092,0.107,0.174,0.126,0.121,0.291
28/10/2019 15:00,0.479,0.479,0.112,0.132,0.188,0.173,0.162,0.414
28/10/2019 16:00,0.55,0.55,0.091,0.106,0.215,0.243,0.232,0.546
28/10/2019 17:00,0.558,0.558,0.054,0.064,0.248,0.268,0.256,0.581
28/10/2019 18:00,0.497,0.497,0.025,0.032,0.261,0.249,0.239,0.552
28/10/2019 19:00,0.367,0.367,0.011,0.017,0.262,0.22,0.211,0.503
28/10/2019 20:00,0.288,0.288,0.008,0.014,0.295,0.186,0.177,0.44
28/10/2019 21:00,0.259,0.259,0.007,0.012,0.305,0.135,0.127,0.331
28/10/2019 22:00,0.315,0.315,0.004,0.008,0.293,0.114,0.107,0.29
28/10/2019 23:00,0.331,0.331,0.003,0.006,0.272,0.092,0.086,0.242
29/10/2019 00:00,0.297,0.297,0.002,0.006,0.224,0.074,0.068,0.198
29/10/2019 01:00,0.251,0.251,0.004,0.008,0.168,0.066,0.061,0.181
29/10/2019 02:00,0.195,0.195,0.006,0.012,0.12,0.067,0.061,0.183
29/10/2019 03:00,0.148,0.148,0.011,0.017,0.085,0.07,0.065,0.191
29/10/2019 04:00,0.128,0.128,0.011,0.017,0.133,0.066,0.063,0.164
29/10/2019 05:00,0.313,0.313,0.027,0.034,0.18,0.057,0.054,0.138
29/10/2019 06:00,0.457,0.457,0.074,0.087,0.161,0.046,0.044,0.108
29/10/2019 07:00,0.507,0.507,0.103,0.121,0.165,0.045,0.043,0.102
29/10/2019 08:00,0.546,0.546,0.121,0.143,0.198,0.052,0.049,0.115
29/10/2019 09:00,0.592,0.592,0.127,0.149,0.217,0.065,0.063,0.145
29/10/2019 10:00,0.631,0.631,0.123,0.144,0.215,0.093,0.089,0.21
29/10/2019 11:00,0.642,0.642,0.118,0.138,0.213,0.132,0.127,0.298
29/10/2019 12:00,0.633,0.633,0.115,0.135,0.214,0.174,0.169,0.388
29/10/2019 13:00,0.615,0.615,0.114,0.134,0.215,0.218,0.212,0.475
29/10/2019 14:00,0.538,0.538,0.111,0.131,0.212,0.248,0.241,0.535
29/10/2019 15:00,0.523,0.523,0.103,0.121,0.179,0.27,0.26,0.589
29/10/2019 16:00,0.498,0.498,0.079,0.093,0.149,0.326,0.316,0.667
29/10/2019 17:00,0.445,0.445,0.055,0.066,0.152,0.323,0.314,0.661
29/10/2019 18:00,0.34,0.34,0.038,0.046,0.155,0.295,0.287,0.623
29/10/2019 19:00,0.231,0.231,0.031,0.038,0.154,0.244,0.234,0.549
29/10/2019 20:00,0.15,0.15,0.026,0.033,0.143,0.185,0.177,0.45
29/10/2019 21:00,0.097,0.097,0.021,0.027,0.136,0.152,0.144,0.383
29/10/2019 22:00,0.074,0.074,0.017,0.023,0.133,0.141,0.131,0.35
29/10/2019 23:00,0.076,0.076,0.012,0.018,0.132,0.142,0.134,0.35
30/10/2019 00:00,0.091,0.091,0.01,0.015,0.134,0.131,0.122,0.324
30/10/2019 01:00,0.108,0.108,0.009,0.015,0.144,0.11,0.103,0.277
30/10/2019 02:00,0.117,0.117,0.01,0.015,0.204,0.098,0.091,0.25
30/10/2019 03:00,0.123,0.123,0.012,0.017,0.224,0.095,0.088,0.238
30/10/2019 04:00,0.104,0.104,0.009,0.014,0.3,0.084,0.079,0.19
30/10/2019 05:00,0.259,0.259,0.03,0.038,0.407,0.142,0.138,0.324
30/10/2019 06:00,0.476,0.476,0.092,0.108,0.418,0.175,0.17,0.387
30/10/2019 07:00,0.559,0.559,0.118,0.139,0.431,0.191,0.186,0.413
30/10/2019 08:00,0.58,0.58,0.117,0.138,0.44,0.204,0.2,0.431
30/10/2019 09:00,0.559,0.559,0.109,0.128,0.392,0.2,0.195,0.419
30/10/2019 10:00,0.515,0.515,0.098,0.116,0.321,0.201,0.197,0.419
30/10/2019 11:00,0.48,0.48,0.089,0.104,0.277,0.208,0.202,0.431
30/10/2019 12:00,0.46,0.46,0.081,0.095,0.27,0.215,0.209,0.444
30/10/2019 13:00,0.442,0.442,0.075,0.088,0.289,0.222,0.218,0.467
30/10/2019 14:00,0.406,0.406,0.084,0.099,0.323,0.227,0.22,0.489
30/10/2019 15:00,0.452,0.452,0.108,0.127,0.339,0.239,0.229,0.532
30/10/2019 16:00,0.471,0.471,0.097,0.114,0.334,0.294,0.283,0.614
30/10/2019 17:00,0.429,0.429,0.063,0.074,0.327,0.303,0.293,0.626
30/10/2019 18:00,0.327,0.327,0.039,0.048,0.35,0.287,0.278,0.6
30/10/2019 19:00,0.207,0.207,0.03,0.037,0.367,0.27,0.26,0.575
30/10/2019 20:00,0.12,0.12,0.026,0.033,0.338,0.234,0.224,0.515
30/10/2019 21:00,0.072,0.072,0.02,0.026,0.29,0.174,0.165,0.403
30/10/2019 22:00,0.047,0.047,0.013,0.019,0.24,0.131,0.123,0.313
30/10/2019 23:00,0.033,0.033,0.008,0.013,0.192,0.123,0.115,0.293
31/10/2019 00:00,0.023,0.023,0.005,0.01,0.159,0.129,0.121,0.31
31/10/2019 01:00,0.019,0.019,0.005,0.01,0.142,0.141,0.131,0.338
31/10/2019 02:00,0.021,0.021,0.005,0.01,0.128,0.132,0.124,0.329
31/10/2019 03:00,0.026,0.026,0.007,0.012,0.105,0.11,0.103,0.282
31/10/2019 04:00,0.022,0.022,0.004,0.009,0.133,0.079,0.075,0.195
31/10/2019 05:00,0.085,0.085,0.017,0.023,0.262,0.069,0.066,0.17
31/10/2019 06:00,0.13,0.13,0.046,0.055,0.358,0.073,0.07,0.17
31/10/2019 07:00,0.119,0.119,0.061,0.071,0.437,0.085,0.082,0.191
31/10/2019 08:00,0.108,0.108,0.061,0.072,0.451,0.1,0.096,0.222
31/10/2019 09:00,0.102,0.102,0.05,0.059,0.411,0.106,0.103,0.234
31/10/2019 10:00,0.105,0.105,0.034,0.042,0.323,0.114,0.111,0.252
31/10/2019 11:00,0.108,0.108,0.026,0.033,0.234,0.125,0.121,0.281
31/10/2019 12:00,0.117,0.117,0.03,0.038,0.188,0.131,0.126,0.295
31/10/2019 13:00,0.135,0.135,0.032,0.04,0.185,0.129,0.125,0.294
31/10/2019 14:00,0.179,0.179,0.058,0.069,0.2,0.139,0.132,0.323
31/10/2019 15:00,0.29,0.29,0.105,0.123,0.198,0.159,0.15,0.394
31/10/2019 16:00,0.333,0.333,0.106,0.125,0.177,0.227,0.215,0.529
31/10/2019 17:00,0.293,0.293,0.094,0.11,0.149,0.284,0.272,0.62
31/10/2019 18:00,0.203,0.203,0.073,0.086,0.128,0.319,0.308,0.668
31/10/2019 19:00,0.118,0.118,0.045,0.054,0.112,0.305,0.293,0.652
31/10/2019 20:00,0.064,0.064,0.022,0.029,0.102,0.248,0.236,0.566
31/10/2019 21:00,0.038,0.038,0.009,0.015,0.102,0.161,0.152,0.41
31/10/2019 22:00,0.024,0.024,0.003,0.008,0.106,0.106,0.099,0.286
31/10/2019 23:00,0.016,0.016,0.001,0.004,0.117,0.08,0.074,0.227
01/11/2019 00:00,0.012,0.012,0.001,0.003,0.137,0.068,0.063,0.201
01/11/2019 01:00,0.01,0.01,0.001,0.003,0.162,0.054,0.049,0.163
01/11/2019 02:00,0.009,0.009,0.001,0.004,0.176,0.04,0.035,0.123
01/11/2019 03:00,0.008,0.008,0.002,0.005,0.167,0.028,0.025,0.089
01/11/2019 04:00,0.009,0.009,0.001,0.004,0.278,0.02,0.018,0.055
01/11/2019 05:00,0.056,0.056,0.0,0.001,0.379,0.031,0.029,0.073
01/11/2019 06:00,0.11,0.11,0.0,0.002,0.296,0.046,0.044,0.104
01/11/2019 07:00,0.122,0.122,0.001,0.004,0.22,0.057,0.055,0.126
01/11/2019 08:00,0.129,0.129,0.005,0.009,0.175,0.068,0.065,0.151
01/11/2019 09:00,0.135,0.135,0.012,0.019,0.142,0.079,0.076,0.178
01/11/2019 10:00,0.151,0.151,0.023,0.03,0.122,0.088,0.086,0.202
01/11/2019 11:00,0.19,0.19,0.042,0.051,0.117,0.096,0.093,0.221
01/11/2019 12:00,0.253,0.253,0.066,0.077,0.125,0.11,0.106,0.253
01/11/2019 13:00,0.339,0.339,0.081,0.095,0.151,0.127,0.123,0.295
01/11/2019 14:00,0.413,0.413,0.106,0.124,0.198,0.147,0.141,0.349
01/11/2019 15:00,0.509,0.509,0.117,0.138,0.23,0.164,0.154,0.417
01/11/2019 16:00,0.52,0.52,0.091,0.106,0.296,0.215,0.202,0.522
01/11/2019 17:00,0.411,0.411,0.058,0.068,0.362,0.241,0.229,0.565
01/11/2019 18:00,0.3,0.3,0.027,0.035,0.402,0.239,0.227,0.565
01/11/2019 19:00,0.208,0.208,0.011,0.017,0.406,0.195,0.185,0.493
01/11/2019 20:00,0.142,0.142,0.005,0.01,0.379,0.149,0.141,0.399
01/11/2019 21:00,0.091,0.091,0.003,0.007,0.389,0.123,0.115,0.334
01/11/2019 22:00,0.058,0.058,0.002,0.005,0.455,0.099,0.092,0.27
01/11/2019 23:00,0.042,0.042,0.001,0.003,0.425,0.083,0.078,0.227
02/11/2019 00:00,0.039,0.039,0.0,0.002,0.393,0.059,0.054,0.164
02/11/2019 01:00,0.04,0.04,0.0,0.002,0.367,0.042,0.038,0.119
02/11/2019 02:00,0.046,0.046,0.001,0.002,0.339,0.029,0.026,0.086
02/11/2019 03:00,0.062,0.062,0.001,0.003,0.292,0.021,0.018,0.063
02/11/2019 04:00,0.065,0.065,0.001,0.003,0.409,0.01,0.009,0.028
02/11/2019 05:00,0.18,0.18,0.011,0.017,0.448,0.011,0.009,0.025
02/11/2019 06:00,0.364,0.364,0.041,0.05,0.348,0.021,0.019,0.042
02/11/2019 07:00,0.442,0.442,0.079,0.093,0.273,0.039,0.037,0.08
02/11/2019 08:00,0.509,0.509,0.113,0.133,0.238,0.063,0.06,0.134
02/11/2019 09:00,0.573,0.573,0.133,0.157,0.227,0.082,0.08,0.18
02/11/2019 10:00,0.625,0.625,0.143,0.169,0.244,0.101,0.097,0.222
02/11/2019 11:00,0.664,0.664,0.143,0.168,0.285,0.123,0.12,0.276
02/11/2019 12:00,0.683,0.683,0.134,0.158,0.349,0.148,0.144,0.332
02/11/2019 13:00,0.678,0.678,0.12,0.142,0.425,0.173,0.167,0.389
02/11/2019 14:00,0.588,0.588,0.096,0.113,0.498,0.203,0.198,0.459
02/11/2019 15:00,0.518,0.518,0.063,0.074,0.486,0.228,0.218,0.531
02/11/2019 16:00,0.453,0.453,0.035,0.043,0.396,0.27,0.258,0.606
02/11/2019 17:00,0.387,0.387,0.023,0.03,0.388,0.277,0.265,0.617
02/11/2019 18:00,0.343,0.343,0.019,0.026,0.41,0.264,0.251,0.603
02/11/2019 19:00,0.289,0.289,0.016,0.023,0.404,0.226,0.215,0.545
02/11/2019 20:00,0.249,0.249,0.013,0.019,0.388,0.187,0.177,0.474
02/11/2019 21:00,0.234,0.234,0.016,0.022,0.352,0.161,0.152,0.414
02/11/2019 22:00,0.231,0.231,0.016,0.023,0.3,0.129,0.121,0.335
02/11/2019 23:00,0.212,0.212,0.014,0.02,0.289,0.11,0.103,0.292
03/11/2019 00:00,0.208,0.208,0.012,0.018,0.307,0.082,0.076,0.219
03/11/2019 01:00,0.204,0.204,0.011,0.016,0.331,0.079,0.072,0.214
03/11/2019 02:00,0.195,0.195,0.011,0.017,0.316,0.091,0.084,0.243
03/11/2019 03:00,0.159,0.159,0.013,0.019,0.265,0.083,0.077,0.217
03/11/2019 04:00,0.093,0.093,0.007,0.012,0.407,0.073,0.069,0.173
03/11/2019 05:00,0.386,0.386,0.025,0.032,0.529,0.054,0.052,0.126
03/11/2019 06:00,0.677,0.677,0.082,0.096,0.44,0.038,0.036,0.086
03/11/2019 07:00,0.777,0.777,0.121,0.143,0.369,0.032,0.03,0.068
03/11/2019 08:00,0.821,0.821,0.14,0.165,0.343,0.031,0.029,0.066
03/11/2019 09:00,0.829,0.829,0.14,0.165,0.344,0.035,0.033,0.074
03/11/2019 10:00,0.823,0.823,0.135,0.159,0.355,0.044,0.042,0.095
03/11/2019 11:00,0.813,0.813,0.135,0.159,0.364,0.06,0.058,0.135
03/11/2019 12:00,0.804,0.804,0.144,0.17,0.379,0.086,0.083,0.193
03/11/2019 13:00,0.8,0.8,0.159,0.187,0.407,0.12,0.116,0.274
03/11/2019 14:00,0.754,0.754,0.161,0.19,0.44,0.171,0.165,0.395
03/11/2019 15:00,0.676,0.676,0.137,0.162,0.443,0.219,0.208,0.514
03/11/2019 16:00,0.584,0.584,0.103,0.121,0.469,0.282,0.27,0.617
03/11/2019 17:00,0.497,0.497,0.075,0.088,0.435,0.305,0.294,0.646
03/11/2019 18:00,0.381,0.381,0.056,0.066,0.369,0.305,0.295,0.647
03/11/2019 19:00,0.27,0.27,0.043,0.052,0.344,0.296,0.285,0.633
03/11/2019 20:00,0.199,0.199,0.033,0.04,0.325,0.271,0.262,0.6
03/11/2019 21:00,0.16,0.16,0.023,0.03,0.305,0.232,0.223,0.538
03/11/2019 22:00,0.12,0.12,0.015,0.022,0.285,0.194,0.185,0.472
03/11/2019 23:00,0.108,0.108,0.01,0.016,0.35,0.201,0.192,0.483
04/11/2019 00:00,0.096,0.096,0.006,0.012,0.369,0.185,0.175,0.448
04/11/2019 01:00,0.077,0.077,0.007,0.012,0.369,0.159,0.151,0.399
04/11/2019 02:00,0.07,0.07,0.009,0.015,0.379,0.144,0.136,0.366
04/11/2019 03:00,0.089,0.089,0.015,0.021,0.348,0.124,0.116,0.317
04/11/2019 04:00,0.132,0.132,0.018,0.024,0.502,0.098,0.094,0.234
04/11/2019 05:00,0.4,0.4,0.107,0.125,0.56,0.079,0.075,0.181
04/11/2019 06:00,0.642,0.642,0.202,0.239,0.478,0.065,0.063,0.145
04/11/2019 07:00,0.694,0.694,0.261,0.308,0.432,0.061,0.059,0.132
04/11/2019 08:00,0.699,0.699,0.286,0.336,0.42,0.062,0.059,0.134
04/11/2019 09:00,0.691,0.691,0.276,0.325,0.414,0.07,0.067,0.151
04/11/2019 10:00,0.682,0.682,0.253,0.298,0.409,0.084,0.081,0.183
04/11/2019 11:00,0.671,0.671,0.228,0.269,0.409,0.104,0.101,0.228
04/11/2019 12:00,0.66,0.66,0.213,0.252,0.42,0.13,0.126,0.29
04/11/2019 13:00,0.654,0.654,0.206,0.244,0.433,0.158,0.153,0.353
04/11/2019 14:00,0.596,0.596,0.193,0.228,0.444,0.193,0.187,0.436
04/11/2019 15:00,0.487,0.487,0.161,0.19,0.418,0.258,0.247,0.58
04/11/2019 16:00,0.356,0.356,0.136,0.16,0.354,0.35,0.337,0.709
04/11/2019 17:00,0.257,0.257,0.118,0.139,0.281,0.369,0.357,0.727
04/11/2019 18:00,0.177,0.177,0.101,0.119,0.26,0.369,0.357,0.722
04/11/2019 19:00,0.124,0.124,0.083,0.097,0.255,0.351,0.34,0.7
04/11/2019 20:00,0.089,0.089,0.067,0.079,0.26,0.287,0.278,0.617
04/11/2019 21:00,0.074,0.074,0.059,0.069,0.262,0.226,0.217,0.523
04/11/2019 22:00,0.072,0.072,0.055,0.065,0.259,0.173,0.163,0.426
04/11/2019 23:00,0.074,0.074,0.052,0.062,0.253,0.153,0.144,0.386
05/11/2019 00:00,0.076,0.076,0.049,0.058,0.247,0.145,0.137,0.365
05/11/2019 01:00,0.08,0.08,0.046,0.055,0.24,0.135,0.126,0.341
05/11/2019 02:00,0.095,0.095,0.046,0.055,0.238,0.119,0.11,0.305
05/11/2019 03:00,0.093,0.093,0.046,0.055,0.24,0.099,0.092,0.262
05/11/2019 04:00,0.102,0.102,0.042,0.051,0.461,0.088,0.083,0.216
05/11/2019 05:00,0.251,0.251,0.138,0.163,0.611,0.078,0.075,0.188
05/11/2019 06:00,0.419,0.419,0.206,0.243,0.526,0.075,0.072,0.173
05/11/2019 07:00,0.538,0.538,0.226,0.267,0.423,0.077,0.074,0.169
05/11/2019 08:00,0.603,0.603,0.229,0.27,0.35,0.079,0.076,0.172
05/11/2019 09:00,0.637,0.637,0.213,0.252,0.291,0.074,0.072,0.165
05/11/2019 10:00,0.652,0.652,0.188,0.222,0.251,0.07,0.068,0.159
05/11/2019 11:00,0.659,0.659,0.162,0.192,0.233,0.075,0.072,0.171
05/11/2019 12:00,0.652,0.652,0.14,0.165,0.237,0.088,0.084,0.203
05/11/2019 13:00,0.626,0.626,0.122,0.144,0.26,0.11,0.106,0.258
05/11/2019 14:00,0.542,0.542,0.108,0.127,0.298,0.149,0.144,0.352
05/11/2019 15:00,0.387,0.387,0.107,0.125,0.321,0.217,0.205,0.508
05/11/2019 16:00,0.285,0.285,0.097,0.114,0.346,0.301,0.289,0.648
05/11/2019 17:00,0.213,0.213,0.086,0.1,0.328,0.318,0.306,0.673
05/11/2019 18:00,0.185,0.185,0.074,0.087,0.277,0.3,0.289,0.656
05/11/2019 19:00,0.2,0.2,0.074,0.087,0.254,0.27,0.26,0.614
05/11/2019 20:00,0.202,0.202,0.084,0.099,0.242,0.204,0.195,0.494
05/11/2019 21:00,0.137,0.137,0.089,0.104,0.239,0.141,0.132,0.358
05/11/2019 22:00,0.108,0.108,0.068,0.08,0.243,0.109,0.103,0.288
05/11/2019 23:00,0.155,0.155,0.056,0.066,0.221,0.09,0.083,0.234
06/11/2019 00:00,0.241,0.241,0.052,0.062,0.211,0.088,0.082,0.226
06/11/2019 01:00,0.21,0.21,0.052,0.061,0.223,0.088,0.081,0.224
06/11/2019 02:00,0.126,0.126,0.054,0.064,0.232,0.083,0.077,0.218
06/11/2019 03:00,0.104,0.104,0.063,0.074,0.244,0.056,0.051,0.147
06/11/2019 04:00,0.111,0.111,0.067,0.078,0.458,0.029,0.027,0.068
06/11/2019 05:00,0.288,0.288,0.185,0.218,0.582,0.035,0.032,0.08
06/11/2019 06:00,0.427,0.427,0.284,0.333,0.498,0.034,0.032,0.074
06/11/2019 07:00,0.476,0.476,0.326,0.381,0.369,0.032,0.031,0.068
06/11/2019 08:00,0.472,0.472,0.344,0.402,0.268,0.032,0.031,0.067
06/11/2019 09:00,0.46,0.46,0.321,0.376,0.206,0.039,0.037,0.081
06/11/2019 10:00,0.46,0.46,0.267,0.314,0.168,0.048,0.046,0.102
06/11/2019 11:00,0.484,0.484,0.202,0.239,0.148,0.055,0.053,0.119
06/11/2019 12:00,0.536,0.536,0.145,0.171,0.145,0.067,0.064,0.146
06/11/2019 13:00,0.597,0.597,0.105,0.123,0.161,0.082,0.079,0.184
06/11/2019 14:00,0.598,0.598,0.083,0.097,0.194,0.104,0.1,0.246
06/11/2019 15:00,0.598,0.598,0.074,0.087,0.21,0.152,0.142,0.384
06/11/2019 16:00,0.62,0.62,0.063,0.074,0.225,0.234,0.223,0.55
06/11/2019 17:00,0.63,0.63,0.056,0.066,0.234,0.297,0.286,0.647
06/11/2019 18:00,0.642,0.642,0.061,0.071,0.23,0.346,0.335,0.705
06/11/2019 19:00,0.492,0.492,0.069,0.081,0.202,0.297,0.288,0.64
06/11/2019 20:00,0.214,0.214,0.071,0.083,0.188,0.258,0.249,0.575
06/11/2019 21:00,0.143,0.143,0.068,0.08,0.232,0.215,0.207,0.503
06/11/2019 22:00,0.132,0.132,0.073,0.086,0.303,0.18,0.172,0.429
06/11/2019 23:00,0.109,0.109,0.096,0.113,0.298,0.156,0.148,0.368
07/11/2019 00:00,0.081,0.081,0.114,0.134,0.289,0.154,0.146,0.365
07/11/2019 01:00,0.036,0.036,0.106,0.125,0.316,0.162,0.154,0.387
07/11/2019 02:00,0.027,0.027,0.087,0.102,0.342,0.146,0.138,0.354
07/11/2019 03:00,0.027,0.027,0.059,0.07,0.373,0.121,0.113,0.3
07/11/2019 04:00,0.049,0.049,0.037,0.045,0.507,0.113,0.108,0.275
07/11/2019 05:00,0.114,0.114,0.112,0.132,0.644,0.114,0.11,0.276
07/11/2019 06:00,0.169,0.169,0.229,0.27,0.637,0.108,0.105,0.252
07/11/2019 07:00,0.164,0.164,0.298,0.35,0.582,0.104,0.101,0.231
07/11/2019 08:00,0.177,0.177,0.321,0.376,0.524,0.108,0.105,0.235
07/11/2019 09:00,0.194,0.194,0.317,0.371,0.472,0.115,0.112,0.25
07/11/2019 10:00,0.204,0.204,0.29,0.341,0.434,0.131,0.127,0.284
07/11/2019 11:00,0.224,0.224,0.252,0.297,0.415,0.152,0.147,0.33
07/11/2019 12:00,0.257,0.257,0.214,0.253,0.415,0.17,0.166,0.373
07/11/2019 13:00,0.31,0.31,0.191,0.226,0.435,0.191,0.185,0.418
07/11/2019 14:00,0.334,0.334,0.173,0.204,0.457,0.212,0.207,0.468
07/11/2019 15:00,0.37,0.37,0.172,0.203,0.425,0.228,0.218,0.52
07/11/2019 16:00,0.41,0.41,0.165,0.195,0.363,0.264,0.253,0.581
07/11/2019 17:00,0.422,0.422,0.144,0.17,0.321,0.263,0.253,0.581
07/11/2019 18:00,0.383,0.383,0.121,0.142,0.275,0.265,0.255,0.589
07/11/2019 19:00,0.302,0.302,0.094,0.11,0.241,0.225,0.216,0.516
07/11/2019 20:00,0.218,0.218,0.078,0.091,0.225,0.203,0.194,0.469
07/11/2019 21:00,0.145,0.145,0.069,0.081,0.203,0.185,0.176,0.429
07/11/2019 22:00,0.1,0.1,0.068,0.079,0.173,0.179,0.17,0.414
07/11/2019 23:00,0.09,0.09,0.064,0.076,0.132,0.168,0.16,0.395
08/11/2019 00:00,0.087,0.087,0.063,0.074,0.133,0.166,0.158,0.384
08/11/2019 01:00,0.082,0.082,0.065,0.076,0.203,0.15,0.142,0.354
08/11/2019 02:00,0.081,0.081,0.071,0.083,0.249,0.127,0.12,0.315
08/11/2019 03:00,0.075,0.075,0.079,0.092,0.277,0.114,0.107,0.287
08/11/2019 04:00,0.076,0.076,0.069,0.081,0.556,0.132,0.126,0.31
08/11/2019 05:00,0.134,0.134,0.102,0.12,0.69,0.124,0.12,0.289
08/11/2019 06:00,0.177,0.177,0.18,0.213,0.648,0.121,0.117,0.274
08/11/2019 07:00,0.196,0.196,0.198,0.234,0.561,0.134,0.131,0.294
08/11/2019 08:00,0.206,0.206,0.189,0.223,0.479,0.159,0.155,0.34
08/11/2019 09:00,0.217,0.217,0.161,0.191,0.399,0.165,0.161,0.353
08/11/2019 10:00,0.245,0.245,0.128,0.15,0.341,0.168,0.165,0.361
08/11/2019 11:00,0.297,0.297,0.099,0.116,0.313,0.18,0.177,0.387
08/11/2019 12:00,0.36,0.36,0.086,0.101,0.305,0.201,0.197,0.429
08/11/2019 13:00,0.429,0.429,0.09,0.106,0.319,0.224,0.22,0.476
08/11/2019 14:00,0.457,0.457,0.115,0.135,0.334,0.248,0.241,0.524
08/11/2019 15:00,0.449,0.449,0.146,0.173,0.331,0.287,0.277,0.609
08/11/2019 16:00,0.479,0.479,0.144,0.17,0.324,0.382,0.37,0.732
08/11/2019 17:00,0.416,0.416,0.108,0.127,0.265,0.429,0.418,0.777
08/11/2019 18:00,0.333,0.333,0.076,0.089,0.247,0.409,0.4,0.752
08/11/2019 19:00,0.3,0.3,0.054,0.064,0.239,0.344,0.334,0.673
08/11/2019 20:00,0.287,0.287,0.041,0.049,0.241,0.275,0.265,0.583
08/11/2019 21:00,0.281,0.281,0.029,0.036,0.21,0.213,0.204,0.484
08/11/2019 22:00,0.247,0.247,0.017,0.024,0.172,0.161,0.153,0.386
08/11/2019 23:00,0.173,0.173,0.011,0.016,0.144,0.126,0.12,0.31
09/11/2019 00:00,0.13,0.13,0.011,0.017,0.132,0.1,0.093,0.254
09/11/2019 01:00,0.103,0.103,0.014,0.02,0.132,0.092,0.085,0.234
09/11/2019 02:00,0.075,0.075,0.018,0.024,0.151,0.086,0.079,0.222
09/11/2019 03:00,0.045,0.045,0.021,0.028,0.206,0.077,0.071,0.2
09/11/2019 04:00,0.028,0.028,0.022,0.029,0.436,0.072,0.068,0.172
09/11/2019 05:00,0.076,0.076,0.07,0.082,0.624,0.106,0.103,0.25
09/11/2019 06:00,0.106,0.106,0.081,0.095,0.581,0.169,0.164,0.372
09/11/2019 07:00,0.128,0.128,0.065,0.077,0.472,0.201,0.197,0.429
09/11/2019 08:00,0.18,0.18,0.058,0.068,0.372,0.21,0.206,0.442
09/11/2019 09:00,0.24,0.24,0.057,0.067,0.3,0.205,0.2,0.435
09/11/2019 10:00,0.291,0.291,0.058,0.068,0.257,0.207,0.202,0.438
09/11/2019 11:00,0.339,0.339,0.064,0.075,0.237,0.219,0.214,0.461
09/11/2019 12:00,0.386,0.386,0.073,0.086,0.238,0.23,0.225,0.482
09/11/2019 13:00,0.441,0.441,0.092,0.107,0.257,0.241,0.236,0.504
09/11/2019 14:00,0.466,0.466,0.126,0.149,0.294,0.239,0.233,0.512
09/11/2019 15:00,0.516,0.516,0.144,0.17,0.312,0.208,0.198,0.474
09/11/2019 16:00,0.515,0.515,0.102,0.12,0.334,0.226,0.216,0.512
09/11/2019 17:00,0.423,0.423,0.057,0.067,0.336,0.227,0.218,0.512
09/11/2019 18:00,0.305,0.305,0.03,0.037,0.29,0.221,0.211,0.503
09/11/2019 19:00,0.178,0.178,0.022,0.029,0.241,0.222,0.212,0.507
09/11/2019 20:00,0.075,0.075,0.015,0.022,0.209,0.205,0.196,0.474
09/11/2019 21:00,0.027,0.027,0.007,0.013,0.187,0.174,0.165,0.416
09/11/2019 22:00,0.015,0.015,0.002,0.005,0.175,0.159,0.15,0.387
09/11/2019 23:00,0.016,0.016,0.001,0.003,0.164,0.164,0.155,0.395
10/11/2019 00:00,0.019,0.019,0.001,0.003,0.159,0.167,0.159,0.402
10/11/2019 01:00,0.018,0.018,0.002,0.005,0.173,0.168,0.159,0.405
10/11/2019 02:00,0.018,0.018,0.005,0.01,0.185,0.168,0.159,0.404
10/11/2019 03:00,0.024,0.024,0.011,0.016,0.191,0.147,0.14,0.353
10/11/2019 04:00,0.029,0.029,0.013,0.019,0.389,0.121,0.116,0.287
10/11/2019 05:00,0.11,0.11,0.036,0.044,0.5,0.133,0.129,0.319
10/11/2019 06:00,0.202,0.202,0.045,0.054,0.437,0.171,0.166,0.39
10/11/2019 07:00,0.245,0.245,0.053,0.063,0.363,0.182,0.177,0.406
10/11/2019 08:00,0.279,0.279,0.068,0.079,0.309,0.174,0.169,0.387
10/11/2019 09:00,0.299,0.299,0.078,0.092,0.28,0.163,0.159,0.366
10/11/2019 10:00,0.321,0.321,0.085,0.099,0.269,0.169,0.164,0.377
10/11/2019 11:00,0.351,0.351,0.089,0.104,0.27,0.185,0.181,0.414
10/11/2019 12:00,0.383,0.383,0.107,0.125,0.274,0.213,0.209,0.47
10/11/2019 13:00,0.426,0.426,0.133,0.156,0.295,0.249,0.245,0.538
10/11/2019 14:00,0.455,0.455,0.156,0.184,0.336,0.306,0.3,0.631
10/11/2019 15:00,0.536,0.536,0.155,0.183,0.35,0.341,0.33,0.689
10/11/2019 16:00,0.52,0.52,0.122,0.144,0.338,0.377,0.368,0.73
10/11/2019 17:00,0.431,0.431,0.083,0.097,0.293,0.374,0.365,0.721
10/11/2019 18:00,0.331,0.331,0.06,0.071,0.275,0.349,0.338,0.683
10/11/2019 19:00,0.23,0.23,0.038,0.046,0.272,0.304,0.295,0.619
10/11/2019 20:00,0.15,0.15,0.026,0.033,0.276,0.36,0.352,0.695
10/11/2019 21:00,0.093,0.093,0.017,0.023,0.279,0.347,0.338,0.676
10/11/2019 22:00,0.059,0.059,0.011,0.017,0.279,0.3,0.291,0.619
10/11/2019 23:00,0.045,0.045,0.009,0.015,0.275,0.252,0.243,0.555
11/11/2019 00:00,0.045,0.045,0.008,0.014,0.265,0.188,0.179,0.45
11/11/2019 01:00,0.055,0.055,0.008,0.014,0.26,0.148,0.14,0.367
11/11/2019 02:00,0.063,0.063,0.011,0.016,0.287,0.127,0.12,0.321
11/11/2019 03:00,0.062,0.062,0.015,0.021,0.289,0.114,0.107,0.286
11/11/2019 04:00,0.065,0.065,0.018,0.025,0.503,0.145,0.14,0.325
11/11/2019 05:00,0.156,0.156,0.094,0.11,0.705,0.24,0.234,0.503
11/11/2019 06:00,0.225,0.225,0.164,0.194,0.716,0.256,0.25,0.527
11/11/2019 07:00,0.27,0.27,0.189,0.223,0.663,0.241,0.236,0.5
11/11/2019 08:00,0.316,0.316,0.205,0.243,0.617,0.238,0.234,0.494
11/11/2019 09:00,0.367,0.367,0.21,0.248,0.6,0.266,0.262,0.541
11/11/2019 10:00,0.425,0.425,0.213,0.252,0.607,0.31,0.306,0.61
11/11/2019 11:00,0.487,0.487,0.216,0.255,0.617,0.352,0.348,0.671
11/11/2019 12:00,0.554,0.554,0.206,0.244,0.609,0.39,0.386,0.718
11/11/2019 13:00,0.609,0.609,0.195,0.23,0.566,0.414,0.41,0.745
11/11/2019 14:00,0.604,0.604,0.191,0.226,0.44,0.385,0.379,0.718
11/11/2019 15:00,0.591,0.591,0.216,0.255,0.297,0.295,0.284,0.618
11/11/2019 16:00,0.573,0.573,0.202,0.239,0.234,0.25,0.238,0.558
11/11/2019 17:00,0.496,0.496,0.157,0.185,0.193,0.217,0.207,0.51
11/11/2019 18:00,0.397,0.397,0.109,0.129,0.155,0.284,0.273,0.615
11/11/2019 19:00,0.322,0.322,0.077,0.09,0.139,0.303,0.293,0.627
11/11/2019 20:00,0.253,0.253,0.058,0.069,0.159,0.252,0.243,0.552
11/11/2019 21:00,0.231,0.231,0.049,0.058,0.213,0.17,0.161,0.423
11/11/2019 22:00,0.24,0.24,0.041,0.05,0.247,0.185,0.176,0.441
11/11/2019 23:00,0.241,0.241,0.033,0.041,0.265,0.179,0.169,0.399
12/11/2019 00:00,0.218,0.218,0.027,0.034,0.249,0.136,0.128,0.305
12/11/2019 01:00,0.174,0.174,0.026,0.034,0.256,0.122,0.114,0.28
12/11/2019 02:00,0.14,0.14,0.034,0.042,0.246,0.121,0.113,0.282
12/11/2019 03:00,0.112,0.112,0.045,0.054,0.249,0.139,0.131,0.315
12/11/2019 04:00,0.11,0.11,0.042,0.051,0.415,0.204,0.198,0.433
12/11/2019 05:00,0.233,0.233,0.126,0.148,0.626,0.308,0.302,0.608
12/11/2019 06:00,0.368,0.368,0.198,0.234,0.663,0.333,0.328,0.643
12/11/2019 07:00,0.455,0.455,0.224,0.265,0.665,0.329,0.325,0.631
12/11/2019 08:00,0.508,0.508,0.229,0.27,0.657,0.333,0.328,0.634
12/11/2019 09:00,0.556,0.556,0.221,0.261,0.635,0.302,0.298,0.592
12/11/2019 10:00,0.601,0.601,0.21,0.248,0.606,0.27,0.264,0.545
12/11/2019 11:00,0.62,0.62,0.198,0.234,0.573,0.254,0.25,0.522
12/11/2019 12:00,0.62,0.62,0.185,0.218,0.541,0.229,0.224,0.481
12/11/2019 13:00,0.615,0.615,0.184,0.218,0.504,0.194,0.188,0.418
12/11/2019 14:00,0.582,0.582,0.213,0.252,0.444,0.168,0.162,0.378
12/11/2019 15:00,0.548,0.548,0.259,0.305,0.357,0.165,0.159,0.387
12/11/2019 16:00,0.541,0.541,0.246,0.29,0.31,0.197,0.188,0.443
12/11/2019 17:00,0.525,0.525,0.185,0.219,0.307,0.223,0.215,0.487
12/11/2019 18:00,0.489,0.489,0.136,0.16,0.318,0.256,0.247,0.544
12/11/2019 19:00,0.454,0.454,0.111,0.13,0.324,0.25,0.242,0.541
12/11/2019 20:00,0.423,0.423,0.087,0.102,0.312,0.185,0.177,0.421
12/11/2019 21:00,0.447,0.447,0.06,0.071,0.274,0.132,0.124,0.316
12/11/2019 22:00,0.398,0.398,0.043,0.051,0.221,0.111,0.104,0.274
12/11/2019 23:00,0.302,0.302,0.035,0.043,0.175,0.091,0.085,0.22
13/11/2019 00:00,0.232,0.232,0.033,0.04,0.125,0.082,0.077,0.202
13/11/2019 01:00,0.171,0.171,0.03,0.038,0.105,0.078,0.072,0.193
13/11/2019 02:00,0.159,0.159,0.031,0.038,0.118,0.078,0.071,0.194
13/11/2019 03:00,0.15,0.15,0.037,0.046,0.122,0.078,0.071,0.194
13/11/2019 04:00,0.119,0.119,0.042,0.05,0.219,0.077,0.073,0.181
13/11/2019 05:00,0.188,0.188,0.137,0.162,0.425,0.096,0.092,0.221
13/11/2019 06:00,0.27,0.27,0.2,0.237,0.479,0.086,0.082,0.196
13/11/2019 07:00,0.33,0.33,0.182,0.215,0.459,0.064,0.061,0.144
13/11/2019 08:00,0.365,0.365,0.153,0.181,0.429,0.048,0.045,0.106
13/11/2019 09:00,0.377,0.377,0.121,0.142,0.385,0.042,0.04,0.093
13/11/2019 10:00,0.38,0.38,0.091,0.107,0.339,0.065,0.063,0.144
13/11/2019 11:00,0.377,0.377,0.071,0.083,0.321,0.148,0.143,0.323
13/11/2019 12:00,0.394,0.394,0.074,0.087,0.333,0.26,0.255,0.538
13/11/2019 13:00,0.436,0.436,0.094,0.11,0.37,0.314,0.308,0.622
13/11/2019 14:00,0.473,0.473,0.137,0.161,0.421,0.255,0.249,0.538
13/11/2019 15:00,0.505,0.505,0.151,0.179,0.45,0.179,0.171,0.413
13/11/2019 16:00,0.512,0.512,0.109,0.128,0.461,0.156,0.149,0.374
13/11/2019 17:00,0.473,0.473,0.082,0.096,0.424,0.131,0.124,0.332
13/11/2019 18:00,0.416,0.416,0.074,0.087,0.429,0.115,0.108,0.312
13/11/2019 19:00,0.355,0.355,0.064,0.075,0.441,0.078,0.072,0.223
13/11/2019 20:00,0.33,0.33,0.06,0.071,0.429,0.058,0.053,0.171
13/11/2019 21:00,0.325,0.325,0.057,0.068,0.382,0.056,0.052,0.163
13/11/2019 22:00,0.308,0.308,0.056,0.066,0.34,0.085,0.08,0.232
13/11/2019 23:00,0.258,0.258,0.051,0.06,0.3,0.098,0.093,0.262
14/11/2019 00:00,0.208,0.208,0.04,0.048,0.274,0.143,0.137,0.352
14/11/2019 01:00,0.158,0.158,0.03,0.037,0.236,0.198,0.189,0.437
14/11/2019 02:00,0.127,0.127,0.027,0.034,0.232,0.135,0.127,0.304
14/11/2019 03:00,0.125,0.125,0.023,0.03,0.218,0.068,0.063,0.161
14/11/2019 04:00,0.14,0.14,0.019,0.026,0.321,0.019,0.017,0.036
14/11/2019 05:00,0.299,0.299,0.086,0.101,0.514,0.011,0.009,0.016
14/11/2019 06:00,0.451,0.451,0.13,0.154,0.539,0.033,0.031,0.053
14/11/2019 07:00,0.499,0.499,0.147,0.174,0.521,0.093,0.089,0.19
14/11/2019 08:00,0.508,0.508,0.16,0.189,0.515,0.143,0.139,0.321
14/11/2019 09:00,0.508,0.508,0.163,0.192,0.502,0.155,0.151,0.349
14/11/2019 10:00,0.507,0.507,0.156,0.185,0.489,0.143,0.139,0.316
14/11/2019 11:00,0.523,0.523,0.145,0.171,0.483,0.122,0.116,0.267
14/11/2019 12:00,0.552,0.552,0.138,0.163,0.479,0.105,0.101,0.234
14/11/2019 13:00,0.581,0.581,0.146,0.172,0.487,0.107,0.103,0.238
14/11/2019 14:00,0.568,0.568,0.169,0.2,0.503,0.107,0.102,0.246
14/11/2019 15:00,0.56,0.56,0.214,0.253,0.486,0.112,0.104,0.273
14/11/2019 16:00,0.562,0.562,0.218,0.258,0.459,0.138,0.13,0.328
14/11/2019 17:00,0.515,0.515,0.176,0.208,0.448,0.15,0.141,0.343
14/11/2019 18:00,0.464,0.464,0.121,0.143,0.357,0.168,0.159,0.38
14/11/2019 19:00,0.4,0.4,0.077,0.091,0.289,0.203,0.193,0.453
14/11/2019 20:00,0.37,0.37,0.056,0.066,0.263,0.195,0.185,0.452
14/11/2019 21:00,0.36,0.36,0.048,0.057,0.246,0.137,0.129,0.337
14/11/2019 22:00,0.312,0.312,0.052,0.062,0.226,0.107,0.1,0.269
14/11/2019 23:00,0.288,0.288,0.07,0.083,0.198,0.111,0.104,0.272
15/11/2019 00:00,0.278,0.278,0.075,0.088,0.176,0.135,0.127,0.324
15/11/2019 01:00,0.273,0.273,0.064,0.075,0.161,0.147,0.139,0.353
15/11/2019 02:00,0.253,0.253,0.053,0.063,0.129,0.15,0.141,0.364
15/11/2019 03:00,0.219,0.219,0.048,0.057,0.11,0.137,0.128,0.338
15/11/2019 04:00,0.169,0.169,0.038,0.046,0.201,0.122,0.116,0.295
15/11/2019 05:00,0.222,0.222,0.102,0.12,0.35,0.193,0.187,0.446
15/11/2019 06:00,0.263,0.263,0.115,0.135,0.346,0.236,0.232,0.514
15/11/2019 07:00,0.272,0.272,0.101,0.118,0.31,0.23,0.225,0.497
15/11/2019 08:00,0.252,0.252,0.09,0.106,0.278,0.201,0.198,0.441
15/11/2019 09:00,0.242,0.242,0.078,0.092,0.247,0.185,0.181,0.405
15/11/2019 10:00,0.253,0.253,0.069,0.081,0.217,0.183,0.179,0.4
15/11/2019 11:00,0.272,0.272,0.071,0.083,0.194,0.187,0.183,0.41
15/11/2019 12:00,0.311,0.311,0.089,0.104,0.18,0.192,0.187,0.422
15/11/2019 13:00,0.373,0.373,0.116,0.137,0.178,0.203,0.198,0.448
15/11/2019 14:00,0.443,0.443,0.152,0.18,0.189,0.223,0.218,0.496
15/11/2019 15:00,0.52,0.52,0.183,0.216,0.198,0.231,0.221,0.531
15/11/2019 16:00,0.546,0.546,0.152,0.179,0.231,0.26,0.249,0.586
15/11/2019 17:00,0.511,0.511,0.115,0.135,0.276,0.256,0.245,0.577
15/11/2019 18:00,0.44,0.44,0.079,0.093,0.256,0.232,0.223,0.538
15/11/2019 19:00,0.348,0.348,0.051,0.061,0.246,0.197,0.187,0.474
15/11/2019 20:00,0.271,0.271,0.033,0.041,0.227,0.181,0.173,0.441
15/11/2019 21:00,0.231,0.231,0.024,0.031,0.204,0.177,0.168,0.433
15/11/2019 22:00,0.18,0.18,0.021,0.028,0.177,0.174,0.165,0.427
15/11/2019 23:00,0.159,0.159,0.02,0.027,0.15,0.188,0.179,0.457
16/11/2019 00:00,0.145,0.145,0.022,0.029,0.151,0.215,0.204,0.514
16/11/2019 01:00,0.127,0.127,0.026,0.033,0.158,0.239,0.228,0.552
16/11/2019 02:00,0.11,0.11,0.03,0.038,0.151,0.242,0.232,0.561
16/11/2019 03:00,0.081,0.081,0.035,0.042,0.13,0.235,0.225,0.549
16/11/2019 04:00,0.062,0.062,0.033,0.04,0.21,0.239,0.233,0.542
16/11/2019 05:00,0.144,0.144,0.083,0.097,0.399,0.295,0.29,0.62
16/11/2019 06:00,0.238,0.238,0.092,0.107,0.417,0.258,0.252,0.557
16/11/2019 07:00,0.278,0.278,0.093,0.109,0.41,0.234,0.23,0.516
16/11/2019 08:00,0.287,0.287,0.109,0.129,0.403,0.232,0.227,0.508
16/11/2019 09:00,0.286,0.286,0.126,0.149,0.381,0.241,0.236,0.522
16/11/2019 10:00,0.293,0.293,0.139,0.164,0.355,0.256,0.251,0.546
16/11/2019 11:00,0.304,0.304,0.152,0.18,0.344,0.28,0.277,0.585
16/11/2019 12:00,0.325,0.325,0.186,0.22,0.348,0.313,0.308,0.629
16/11/2019 13:00,0.37,0.37,0.266,0.314,0.365,0.341,0.337,0.668
16/11/2019 14:00,0.41,0.41,0.324,0.379,0.391,0.36,0.354,0.696
16/11/2019 15:00,0.482,0.482,0.292,0.342,0.395,0.341,0.333,0.686
16/11/2019 16:00,0.503,0.503,0.208,0.246,0.439,0.3,0.291,0.634
16/11/2019 17:00,0.453,0.453,0.127,0.15,0.466,0.287,0.278,0.62
16/11/2019 18:00,0.396,0.396,0.108,0.127,0.468,0.273,0.264,0.6
16/11/2019 19:00,0.311,0.311,0.096,0.113,0.442,0.278,0.27,0.614
16/11/2019 20:00,0.248,0.248,0.088,0.103,0.421,0.28,0.272,0.617
16/11/2019 21:00,0.217,0.217,0.079,0.093,0.398,0.31,0.301,0.65
16/11/2019 22:00,0.196,0.196,0.079,0.092,0.314,0.336,0.327,0.681
16/11/2019 23:00,0.167,0.167,0.081,0.094,0.295,0.35,0.34,0.7
17/11/2019 00:00,0.147,0.147,0.087,0.101,0.289,0.341,0.332,0.695
17/11/2019 01:00,0.133,0.133,0.09,0.105,0.267,0.309,0.298,0.653
17/11/2019 02:00,0.125,0.125,0.097,0.113,0.235,0.268,0.257,0.584
17/11/2019 03:00,0.113,0.113,0.098,0.115,0.191,0.3,0.29,0.629
17/11/2019 04:00,0.077,0.077,0.1,0.117,0.235,0.29,0.282,0.61
17/11/2019 05:00,0.138,0.138,0.234,0.276,0.505,0.39,0.385,0.738
17/11/2019 06:00,0.16,0.16,0.269,0.316,0.552,0.318,0.313,0.655
17/11/2019 07:00,0.136,0.136,0.226,0.267,0.52,0.234,0.229,0.529
17/11/2019 08:00,0.114,0.114,0.186,0.22,0.486,0.19,0.185,0.445
17/11/2019 09:00,0.106,0.106,0.152,0.179,0.446,0.18,0.175,0.42
17/11/2019 10:00,0.109,0.109,0.118,0.139,0.418,0.188,0.184,0.432
17/11/2019 11:00,0.132,0.132,0.088,0.103,0.41,0.201,0.197,0.451
17/11/2019 12:00,0.179,0.179,0.061,0.072,0.423,0.211,0.207,0.468
17/11/2019 13:00,0.257,0.257,0.033,0.041,0.44,0.234,0.229,0.512
17/11/2019 14:00,0.345,0.345,0.093,0.109,0.453,0.276,0.27,0.589
17/11/2019 15:00,0.486,0.486,0.147,0.173,0.437,0.27,0.262,0.594
17/11/2019 16:00,0.557,0.557,0.136,0.161,0.437,0.246,0.236,0.552
17/11/2019 17:00,0.53,0.53,0.1,0.117,0.428,0.235,0.227,0.531
17/11/2019 18:00,0.465,0.465,0.096,0.112,0.35,0.239,0.231,0.535
17/11/2019 19:00,0.383,0.383,0.086,0.1,0.28,0.233,0.224,0.52
17/11/2019 20:00,0.309,0.309,0.081,0.095,0.247,0.252,0.243,0.55
17/11/2019 21:00,0.253,0.253,0.065,0.077,0.219,0.271,0.262,0.58
17/11/2019 22:00,0.21,0.21,0.045,0.054,0.199,0.268,0.258,0.57
17/11/2019 23:00,0.176,0.176,0.03,0.037,0.186,0.239,0.229,0.523
18/11/2019 00:00,0.138,0.138,0.019,0.025,0.178,0.221,0.212,0.496
18/11/2019 01:00,0.106,0.106,0.012,0.018,0.169,0.21,0.2,0.479
18/11/2019 02:00,0.085,0.085,0.009,0.014,0.167,0.197,0.186,0.453
18/11/2019 03:00,0.065,0.065,0.008,0.013,0.147,0.193,0.183,0.449
18/11/2019 04:00,0.04,0.04,0.011,0.017,0.219,0.219,0.211,0.48
18/11/2019 05:00,0.08,0.08,0.03,0.037,0.428,0.303,0.298,0.617
18/11/2019 06:00,0.107,0.107,0.034,0.042,0.467,0.283,0.278,0.589
18/11/2019 07:00,0.104,0.104,0.031,0.038,0.429,0.248,0.243,0.531
18/11/2019 08:00,0.109,0.109,0.024,0.031,0.379,0.227,0.223,0.491
18/11/2019 09:00,0.126,0.126,0.021,0.028,0.338,0.227,0.223,0.485
18/11/2019 10:00,0.156,0.156,0.016,0.022,0.311,0.234,0.229,0.492
18/11/2019 11:00,0.188,0.188,0.016,0.022,0.313,0.246,0.241,0.508
18/11/2019 12:00,0.226,0.226,0.04,0.048,0.344,0.287,0.282,0.579
18/11/2019 13:00,0.281,0.281,0.057,0.068,0.403,0.364,0.359,0.69
18/11/2019 14:00,0.332,0.332,0.078,0.091,0.472,0.418,0.412,0.754
18/11/2019 15:00,0.426,0.426,0.098,0.115,0.489,0.369,0.362,0.718
18/11/2019 16:00,0.473,0.473,0.101,0.119,0.464,0.341,0.334,0.691
18/11/2019 17:00,0.442,0.442,0.097,0.114,0.433,0.307,0.299,0.633
18/11/2019 18:00,0.387,0.387,0.094,0.11,0.509,0.371,0.363,0.712
18/11/2019 19:00,0.333,0.333,0.098,0.115,0.672,0.393,0.385,0.735
18/11/2019 20:00,0.291,0.291,0.091,0.107,0.677,0.409,0.401,0.759
18/11/2019 21:00,0.265,0.265,0.077,0.09,0.665,0.414,0.406,0.759
18/11/2019 22:00,0.259,0.259,0.05,0.059,0.652,0.403,0.394,0.743
18/11/2019 23:00,0.222,0.222,0.035,0.043,0.609,0.371,0.362,0.707
19/11/2019 00:00,0.196,0.196,0.034,0.042,0.588,0.335,0.327,0.666
19/11/2019 01:00,0.199,0.199,0.035,0.043,0.559,0.321,0.311,0.652
19/11/2019 02:00,0.23,0.23,0.036,0.044,0.484,0.339,0.328,0.682
19/11/2019 03:00,0.238,0.238,0.042,0.05,0.396,0.311,0.301,0.646
19/11/2019 04:00,0.157,0.157,0.033,0.041,0.409,0.343,0.336,0.679
19/11/2019 05:00,0.227,0.227,0.084,0.099,0.483,0.429,0.424,0.771
19/11/2019 06:00,0.275,0.275,0.116,0.137,0.52,0.481,0.478,0.811
19/11/2019 07:00,0.26,0.26,0.123,0.144,0.533,0.511,0.509,0.828
19/11/2019 08:00,0.258,0.258,0.113,0.133,0.541,0.524,0.523,0.837
19/11/2019 09:00,0.27,0.27,0.093,0.109,0.539,0.519,0.519,0.833
19/11/2019 10:00,0.294,0.294,0.074,0.086,0.521,0.495,0.494,0.814
19/11/2019 11:00,0.328,0.328,0.045,0.053,0.499,0.47,0.467,0.795
19/11/2019 12:00,0.379,0.379,0.047,0.056,0.482,0.443,0.44,0.773
19/11/2019 13:00,0.433,0.433,0.064,0.076,0.482,0.413,0.41,0.745
19/11/2019 14:00,0.449,0.449,0.107,0.125,0.486,0.398,0.393,0.736
19/11/2019 15:00,0.49,0.49,0.159,0.187,0.463,0.363,0.354,0.707
19/11/2019 16:00,0.517,0.517,0.154,0.182,0.458,0.351,0.342,0.69
19/11/2019 17:00,0.485,0.485,0.116,0.136,0.448,0.326,0.318,0.656
19/11/2019 18:00,0.361,0.361,0.083,0.097,0.407,0.277,0.268,0.583
19/11/2019 19:00,0.241,0.241,0.068,0.08,0.354,0.25,0.242,0.544
19/11/2019 20:00,0.195,0.195,0.052,0.061,0.346,0.254,0.245,0.558
19/11/2019 21:00,0.188,0.188,0.028,0.035,0.349,0.253,0.245,0.56
19/11/2019 22:00,0.147,0.147,0.014,0.02,0.332,0.224,0.216,0.513
19/11/2019 23:00,0.126,0.126,0.009,0.014,0.293,0.199,0.189,0.465
20/11/2019 00:00,0.129,0.129,0.009,0.014,0.251,0.185,0.177,0.437
20/11/2019 01:00,0.139,0.139,0.01,0.015,0.223,0.161,0.152,0.395
20/11/2019 02:00,0.163,0.163,0.009,0.014,0.226,0.138,0.129,0.343
20/11/2019 03:00,0.189,0.189,0.01,0.015,0.234,0.094,0.088,0.247
20/11/2019 04:00,0.163,0.163,0.011,0.016,0.371,0.056,0.052,0.136
20/11/2019 05:00,0.227,0.227,0.036,0.044,0.593,0.054,0.051,0.13
20/11/2019 06:00,0.321,0.321,0.043,0.052,0.57,0.07,0.067,0.167
20/11/2019 07:00,0.383,0.383,0.05,0.059,0.503,0.086,0.082,0.196
20/11/2019 08:00,0.385,0.385,0.049,0.058,0.459,0.099,0.096,0.224
20/11/2019 09:00,0.342,0.342,0.042,0.051,0.395,0.114,0.11,0.257
20/11/2019 10:00,0.307,0.307,0.032,0.039,0.337,0.125,0.121,0.285
20/11/2019 11:00,0.299,0.299,0.013,0.02,0.318,0.138,0.133,0.315
20/11/2019 12:00,0.3,0.3,0.005,0.01,0.328,0.155,0.151,0.358
20/11/2019 13:00,0.299,0.299,0.031,0.038,0.349,0.179,0.174,0.41
20/11/2019 14:00,0.262,0.262,0.054,0.063,0.36,0.197,0.19,0.446
20/11/2019 15:00,0.306,0.306,0.059,0.069,0.318,0.19,0.181,0.438
20/11/2019 16:00,0.348,0.348,0.042,0.051,0.244,0.204,0.195,0.461
20/11/2019 17:00,0.366,0.366,0.026,0.033,0.219,0.198,0.189,0.448
20/11/2019 18:00,0.373,0.373,0.028,0.035,0.202,0.183,0.174,0.429
20/11/2019 19:00,0.311,0.311,0.023,0.03,0.186,0.172,0.163,0.414
20/11/2019 20:00,0.246,0.246,0.009,0.014,0.177,0.154,0.146,0.379
20/11/2019 21:00,0.215,0.215,0.001,0.004,0.167,0.105,0.098,0.272
20/11/2019 22:00,0.188,0.188,0.0,0.001,0.151,0.066,0.06,0.177
20/11/2019 23:00,0.155,0.155,0.001,0.003,0.141,0.044,0.04,0.125
21/11/2019 00:00,0.119,0.119,0.001,0.004,0.136,0.031,0.028,0.091
21/11/2019 01:00,0.076,0.076,0.003,0.007,0.13,0.023,0.02,0.068
21/11/2019 02:00,0.041,0.041,0.006,0.011,0.122,0.018,0.016,0.054
21/11/2019 03:00,0.04,0.04,0.014,0.02,0.115,0.016,0.013,0.045
21/11/2019 04:00,0.047,0.047,0.03,0.038,0.186,0.01,0.009,0.025
21/11/2019 05:00,0.069,0.069,0.053,0.062,0.349,0.006,0.005,0.014
21/11/2019 06:00,0.087,0.087,0.082,0.096,0.31,0.006,0.005,0.012
21/11/2019 07:00,0.087,0.087,0.107,0.125,0.248,0.007,0.006,0.013
21/11/2019 08:00,0.085,0.085,0.112,0.132,0.203,0.009,0.008,0.017
21/11/2019 09:00,0.091,0.091,0.098,0.115,0.173,0.014,0.013,0.028
21/11/2019 10:00,0.112,0.112,0.082,0.096,0.147,0.024,0.023,0.049
21/11/2019 11:00,0.143,0.143,0.073,0.086,0.132,0.043,0.041,0.093
21/11/2019 12:00,0.181,0.181,0.071,0.083,0.127,0.066,0.063,0.145
21/11/2019 13:00,0.222,0.222,0.074,0.087,0.141,0.091,0.087,0.206
21/11/2019 14:00,0.242,0.242,0.083,0.097,0.177,0.13,0.124,0.301
21/11/2019 15:00,0.312,0.312,0.104,0.122,0.198,0.18,0.171,0.432
21/11/2019 16:00,0.381,0.381,0.116,0.136,0.21,0.247,0.236,0.554
21/11/2019 17:00,0.374,0.374,0.112,0.131,0.214,0.277,0.268,0.6
21/11/2019 18:00,0.394,0.394,0.092,0.108,0.206,0.295,0.286,0.627
21/11/2019 19:00,0.377,0.377,0.069,0.082,0.202,0.26,0.251,0.563
21/11/2019 20:00,0.404,0.404,0.047,0.056,0.201,0.209,0.2,0.47
21/11/2019 21:00,0.394,0.394,0.037,0.045,0.185,0.125,0.119,0.302
21/11/2019 22:00,0.322,0.322,0.029,0.036,0.22,0.083,0.078,0.214
21/11/2019 23:00,0.21,0.21,0.022,0.029,0.176,0.066,0.06,0.176
22/11/2019 00:00,0.155,0.155,0.02,0.026,0.159,0.062,0.058,0.171
22/11/2019 01:00,0.126,0.126,0.025,0.032,0.174,0.064,0.058,0.172
22/11/2019 02:00,0.104,0.104,0.039,0.047,0.193,0.063,0.057,0.169
22/11/2019 03:00,0.087,0.087,0.059,0.07,0.174,0.06,0.055,0.162
22/11/2019 04:00,0.063,0.063,0.103,0.121,0.252,0.054,0.051,0.131
22/11/2019 05:00,0.138,0.138,0.246,0.29,0.345,0.056,0.054,0.135
22/11/2019 06:00,0.311,0.311,0.29,0.341,0.337,0.06,0.058,0.139
22/11/2019 07:00,0.396,0.396,0.271,0.319,0.304,0.067,0.065,0.153
22/11/2019 08:00,0.466,0.466,0.225,0.265,0.251,0.071,0.068,0.161
22/11/2019 09:00,0.521,0.521,0.173,0.204,0.212,0.074,0.071,0.168
22/11/2019 10:00,0.538,0.538,0.133,0.156,0.193,0.081,0.078,0.184
22/11/2019 11:00,0.515,0.515,0.104,0.122,0.18,0.088,0.086,0.199
22/11/2019 12:00,0.483,0.483,0.101,0.119,0.195,0.097,0.093,0.217
22/11/2019 13:00,0.426,0.426,0.126,0.148,0.236,0.117,0.113,0.263
22/11/2019 14:00,0.318,0.318,0.135,0.159,0.274,0.157,0.151,0.357
22/11/2019 15:00,0.248,0.248,0.122,0.144,0.257,0.212,0.202,0.492
22/11/2019 16:00,0.225,0.225,0.148,0.174,0.222,0.301,0.29,0.634
22/11/2019 17:00,0.206,0.206,0.198,0.234,0.229,0.323,0.312,0.656
22/11/2019 18:00,0.167,0.167,0.244,0.288,0.285,0.296,0.288,0.624
22/11/2019 19:00,0.141,0.141,0.27,0.318,0.321,0.26,0.25,0.567
22/11/2019 20:00,0.095,0.095,0.259,0.305,0.384,0.226,0.218,0.516
22/11/2019 21:00,0.027,0.027,0.23,0.272,0.448,0.206,0.197,0.481
22/11/2019 22:00,0.019,0.019,0.234,0.276,0.471,0.239,0.229,0.535
22/11/2019 23:00,0.071,0.071,0.232,0.273,0.414,0.241,0.231,0.531
23/11/2019 00:00,0.096,0.096,0.235,0.277,0.315,0.221,0.211,0.5
23/11/2019 01:00,0.067,0.067,0.232,0.273,0.219,0.203,0.193,0.477
23/11/2019 02:00,0.061,0.061,0.215,0.254,0.169,0.217,0.207,0.498
23/11/2019 03:00,0.089,0.089,0.194,0.229,0.155,0.198,0.188,0.462
23/11/2019 04:00,0.099,0.099,0.186,0.22,0.217,0.148,0.142,0.335
23/11/2019 05:00,0.197,0.197,0.278,0.326,0.271,0.184,0.178,0.399
23/11/2019 06:00,0.297,0.297,0.298,0.35,0.265,0.204,0.199,0.442
23/11/2019 07:00,0.334,0.334,0.261,0.307,0.228,0.263,0.258,0.561
23/11/2019 08:00,0.358,0.358,0.219,0.259,0.2,0.352,0.348,0.695
23/11/2019 09:00,0.39,0.39,0.18,0.213,0.177,0.402,0.398,0.746
23/11/2019 10:00,0.431,0.431,0.145,0.171,0.169,0.393,0.389,0.727
23/11/2019 11:00,0.482,0.482,0.118,0.139,0.172,0.341,0.338,0.657
23/11/2019 12:00,0.528,0.528,0.104,0.122,0.162,0.273,0.268,0.559
23/11/2019 13:00,0.556,0.556,0.109,0.129,0.132,0.23,0.224,0.492
23/11/2019 14:00,0.509,0.509,0.139,0.163,0.097,0.195,0.188,0.436
23/11/2019 15:00,0.467,0.467,0.16,0.188,0.065,0.17,0.162,0.402
23/11/2019 16:00,0.42,0.42,0.17,0.201,0.058,0.185,0.177,0.43
23/11/2019 17:00,0.366,0.366,0.171,0.202,0.061,0.179,0.171,0.42
23/11/2019 18:00,0.338,0.338,0.177,0.21,0.065,0.138,0.131,0.34
23/11/2019 19:00,0.267,0.267,0.174,0.206,0.066,0.107,0.1,0.271
23/11/2019 20:00,0.19,0.19,0.158,0.187,0.063,0.094,0.088,0.24
23/11/2019 21:00,0.146,0.146,0.131,0.155,0.053,0.084,0.078,0.217
23/11/2019 22:00,0.128,0.128,0.132,0.155,0.036,0.071,0.065,0.191
23/11/2019 23:00,0.12,0.12,0.131,0.154,0.018,0.062,0.057,0.17
24/11/2019 00:00,0.122,0.122,0.125,0.147,0.008,0.052,0.047,0.141
24/11/2019 01:00,0.125,0.125,0.113,0.133,0.003,0.035,0.031,0.097
24/11/2019 02:00,0.137,0.137,0.11,0.13,0.002,0.023,0.02,0.066
24/11/2019 03:00,0.165,0.165,0.123,0.145,0.001,0.015,0.013,0.043
24/11/2019 04:00,0.191,0.191,0.125,0.147,0.001,0.008,0.007,0.02
24/11/2019 05:00,0.312,0.312,0.202,0.239,0.003,0.011,0.009,0.024
24/11/2019 06:00,0.377,0.377,0.24,0.284,0.008,0.017,0.016,0.035
24/11/2019 07:00,0.416,0.416,0.231,0.273,0.016,0.023,0.021,0.046
24/11/2019 08:00,0.426,0.426,0.215,0.254,0.029,0.035,0.033,0.072
24/11/2019 09:00,0.453,0.453,0.194,0.23,0.035,0.042,0.039,0.087
24/11/2019 10:00,0.504,0.504,0.171,0.203,0.029,0.045,0.044,0.094
24/11/2019 11:00,0.546,0.546,0.145,0.171,0.022,0.058,0.055,0.122
24/11/2019 12:00,0.582,0.582,0.124,0.146,0.016,0.068,0.065,0.142
24/11/2019 13:00,0.611,0.611,0.112,0.132,0.013,0.074,0.071,0.153
24/11/2019 14:00,0.568,0.568,0.107,0.126,0.008,0.078,0.072,0.168
24/11/2019 15:00,0.503,0.503,0.106,0.125,0.006,0.092,0.086,0.223
24/11/2019 16:00,0.452,0.452,0.098,0.115,0.021,0.149,0.141,0.35
24/11/2019 17:00,0.414,0.414,0.086,0.101,0.074,0.175,0.167,0.396
24/11/2019 18:00,0.431,0.431,0.083,0.097,0.139,0.13,0.123,0.296
24/11/2019 19:00,0.383,0.383,0.092,0.108,0.241,0.098,0.092,0.217
24/11/2019 20:00,0.268,0.268,0.116,0.136,0.369,0.07,0.065,0.158
24/11/2019 21:00,0.216,0.216,0.111,0.13,0.307,0.049,0.045,0.126
24/11/2019 22:00,0.205,0.205,0.1,0.117,0.211,0.03,0.027,0.09
24/11/2019 23:00,0.208,0.208,0.107,0.126,0.182,0.036,0.033,0.115
25/11/2019 00:00,0.237,0.237,0.101,0.119,0.166,0.045,0.041,0.139
25/11/2019 01:00,0.311,0.311,0.091,0.107,0.14,0.033,0.029,0.098
25/11/2019 02:00,0.3,0.3,0.074,0.087,0.135,0.018,0.016,0.056
25/11/2019 03:00,0.24,0.24,0.067,0.079,0.12,0.014,0.012,0.041
25/11/2019 04:00,0.198,0.198,0.067,0.079,0.122,0.013,0.011,0.035
25/11/2019 05:00,0.349,0.349,0.106,0.125,0.201,0.02,0.018,0.059
25/11/2019 06:00,0.509,0.509,0.147,0.173,0.217,0.015,0.013,0.05
25/11/2019 07:00,0.581,0.581,0.164,0.194,0.188,0.007,0.006,0.025
25/11/2019 08:00,0.63,0.63,0.165,0.194,0.149,0.003,0.003,0.01
25/11/2019 09:00,0.657,0.657,0.16,0.189,0.113,0.002,0.001,0.004
25/11/2019 10:00,0.669,0.669,0.153,0.18,0.094,0.001,0.001,0.003
25/11/2019 11:00,0.66,0.66,0.14,0.166,0.092,0.001,0.001,0.002
25/11/2019 12:00,0.627,0.627,0.132,0.155,0.101,0.001,0.001,0.002
25/11/2019 13:00,0.577,0.577,0.126,0.149,0.125,0.003,0.002,0.008
25/11/2019 14:00,0.474,0.474,0.131,0.154,0.164,0.01,0.008,0.023
25/11/2019 15:00,0.376,0.376,0.11,0.129,0.173,0.02,0.017,0.052
25/11/2019 16:00,0.317,0.317,0.083,0.098,0.186,0.032,0.029,0.087
25/11/2019 17:00,0.309,0.309,0.056,0.066,0.217,0.047,0.042,0.125
25/11/2019 18:00,0.327,0.327,0.065,0.077,0.262,0.048,0.043,0.125
25/11/2019 19:00,0.363,0.363,0.102,0.12,0.348,0.036,0.032,0.094
25/11/2019 20:00,0.282,0.282,0.136,0.16,0.277,0.02,0.017,0.054
25/11/2019 21:00,0.221,0.221,0.131,0.155,0.194,0.013,0.011,0.035
25/11/2019 22:00,0.222,0.222,0.1,0.117,0.138,0.01,0.008,0.031
25/11/2019 23:00,0.263,0.263,0.087,0.102,0.109,0.009,0.007,0.029
26/11/2019 00:00,0.38,0.38,0.093,0.109,0.103,0.008,0.006,0.026
26/11/2019 01:00,0.403,0.403,0.108,0.127,0.093,0.006,0.004,0.018
26/11/2019 02:00,0.392,0.392,0.124,0.146,0.084,0.002,0.001,0.006
26/11/2019 03:00,0.373,0.373,0.101,0.118,0.088,0.001,0.0,0.002
26/11/2019 04:00,0.358,0.358,0.098,0.115,0.152,0.0,0.0,0.0
26/11/2019 05:00,0.473,0.473,0.133,0.157,0.215,0.0,0.0,0.0
26/11/2019 06:00,0.591,0.591,0.172,0.203,0.197,0.0,0.0,0.0
26/11/2019 07:00,0.619,0.619,0.191,0.226,0.145,0.0,0.0,0.0
26/11/2019 08:00,0.637,0.637,0.215,0.254,0.097,0.0,0.0,0.0
26/11/2019 09:00,0.647,0.647,0.236,0.278,0.069,0.0,0.0,0.0
26/11/2019 10:00,0.665,0.665,0.225,0.266,0.068,0.0,0.0,0.0
26/11/2019 11:00,0.683,0.683,0.186,0.22,0.096,0.001,0.001,0.001
26/11/2019 12:00,0.695,0.695,0.137,0.162,0.163,0.004,0.003,0.008
26/11/2019 13:00,0.69,0.69,0.105,0.123,0.265,0.016,0.014,0.034
26/11/2019 14:00,0.615,0.615,0.087,0.102,0.346,0.038,0.035,0.092
26/11/2019 15:00,0.515,0.515,0.066,0.077,0.337,0.051,0.047,0.133
26/11/2019 16:00,0.469,0.469,0.05,0.059,0.323,0.069,0.064,0.183
26/11/2019 17:00,0.456,0.456,0.041,0.05,0.303,0.089,0.083,0.234
26/11/2019 18:00,0.486,0.486,0.041,0.049,0.256,0.094,0.088,0.251
26/11/2019 19:00,0.475,0.475,0.044,0.052,0.193,0.089,0.083,0.238
26/11/2019 20:00,0.469,0.469,0.044,0.053,0.141,0.078,0.072,0.209
26/11/2019 21:00,0.426,0.426,0.046,0.055,0.11,0.08,0.074,0.215
26/11/2019 22:00,0.318,0.318,0.05,0.059,0.09,0.079,0.073,0.211
26/11/2019 23:00,0.267,0.267,0.056,0.066,0.077,0.094,0.087,0.252
27/11/2019 00:00,0.236,0.236,0.059,0.069,0.066,0.096,0.089,0.259
27/11/2019 01:00,0.208,0.208,0.056,0.066,0.06,0.102,0.095,0.273
27/11/2019 02:00,0.177,0.177,0.054,0.064,0.059,0.1,0.093,0.267
27/11/2019 03:00,0.158,0.158,0.056,0.066,0.055,0.092,0.086,0.242
27/11/2019 04:00,0.156,0.156,0.052,0.062,0.057,0.072,0.068,0.184
27/11/2019 05:00,0.311,0.311,0.159,0.187,0.095,0.074,0.071,0.187
27/11/2019 06:00,0.436,0.436,0.261,0.307,0.174,0.05,0.047,0.118
27/11/2019 07:00,0.524,0.524,0.306,0.359,0.261,0.039,0.037,0.087
27/11/2019 08:00,0.589,0.589,0.319,0.373,0.324,0.045,0.043,0.099
27/11/2019 09:00,0.616,0.616,0.296,0.347,0.373,0.057,0.054,0.126
27/11/2019 10:00,0.603,0.603,0.246,0.29,0.398,0.072,0.07,0.164
27/11/2019 11:00,0.558,0.558,0.196,0.231,0.405,0.092,0.089,0.207
27/11/2019 12:00,0.515,0.515,0.162,0.191,0.412,0.139,0.134,0.314
27/11/2019 13:00,0.505,0.505,0.15,0.177,0.431,0.202,0.197,0.447
27/11/2019 14:00,0.455,0.455,0.156,0.184,0.455,0.26,0.253,0.56
27/11/2019 15:00,0.426,0.426,0.189,0.223,0.431,0.264,0.255,0.578
27/11/2019 16:00,0.364,0.364,0.184,0.217,0.412,0.263,0.254,0.569
27/11/2019 17:00,0.294,0.294,0.171,0.202,0.418,0.249,0.24,0.538
27/11/2019 18:00,0.222,0.222,0.143,0.169,0.396,0.291,0.282,0.608
27/11/2019 19:00,0.141,0.141,0.119,0.14,0.343,0.361,0.353,0.707
27/11/2019 20:00,0.103,0.103,0.122,0.144,0.284,0.473,0.466,0.826
27/11/2019 21:00,0.092,0.092,0.107,0.126,0.222,0.503,0.497,0.85
27/11/2019 22:00,0.087,0.087,0.09,0.105,0.191,0.421,0.413,0.778
27/11/2019 23:00,0.072,0.072,0.075,0.088,0.174,0.355,0.346,0.71
28/11/2019 00:00,0.046,0.046,0.06,0.071,0.164,0.318,0.308,0.667
28/11/2019 01:00,0.028,0.028,0.049,0.059,0.159,0.275,0.265,0.61
28/11/2019 02:00,0.024,0.024,0.041,0.049,0.145,0.22,0.209,0.515
28/11/2019 03:00,0.027,0.027,0.033,0.041,0.118,0.175,0.166,0.425
28/11/2019 04:00,0.036,0.036,0.024,0.031,0.131,0.123,0.119,0.304
28/11/2019 05:00,0.103,0.103,0.103,0.122,0.299,0.117,0.112,0.297
28/11/2019 06:00,0.16,0.16,0.191,0.226,0.354,0.084,0.081,0.221
28/11/2019 07:00,0.19,0.19,0.198,0.234,0.388,0.066,0.063,0.164
28/11/2019 08:00,0.222,0.222,0.191,0.226,0.41,0.061,0.059,0.142
28/11/2019 09:00,0.262,0.262,0.177,0.21,0.395,0.066,0.063,0.147
28/11/2019 10:00,0.299,0.299,0.155,0.183,0.358,0.079,0.076,0.176
28/11/2019 11:00,0.325,0.325,0.133,0.157,0.315,0.098,0.095,0.223
28/11/2019 12:00,0.348,0.348,0.115,0.135,0.275,0.117,0.113,0.267
28/11/2019 13:00,0.383,0.383,0.1,0.117,0.25,0.146,0.141,0.335
28/11/2019 14:00,0.405,0.405,0.102,0.12,0.239,0.192,0.185,0.44
28/11/2019 15:00,0.439,0.439,0.132,0.156,0.219,0.22,0.211,0.515
28/11/2019 16:00,0.402,0.402,0.141,0.166,0.238,0.266,0.255,0.596
28/11/2019 17:00,0.303,0.303,0.137,0.161,0.244,0.284,0.273,0.627
28/11/2019 18:00,0.222,0.222,0.134,0.158,0.255,0.27,0.26,0.603
28/11/2019 19:00,0.161,0.161,0.119,0.14,0.264,0.228,0.22,0.537
28/11/2019 20:00,0.132,0.132,0.097,0.114,0.278,0.234,0.224,0.541
28/11/2019 21:00,0.126,0.126,0.094,0.11,0.275,0.216,0.207,0.505
28/11/2019 22:00,0.113,0.113,0.099,0.116,0.23,0.188,0.18,0.457
28/11/2019 23:00,0.097,0.097,0.105,0.123,0.198,0.172,0.162,0.429
29/11/2019 00:00,0.096,0.096,0.099,0.116,0.169,0.161,0.152,0.42
29/11/2019 01:00,0.088,0.088,0.093,0.109,0.145,0.153,0.144,0.404
29/11/2019 02:00,0.08,0.08,0.081,0.095,0.122,0.139,0.131,0.369
29/11/2019 03:00,0.076,0.076,0.069,0.081,0.099,0.121,0.113,0.324
29/11/2019 04:00,0.059,0.059,0.056,0.066,0.122,0.104,0.098,0.265
29/11/2019 05:00,0.105,0.105,0.122,0.144,0.199,0.079,0.076,0.203
29/11/2019 06:00,0.133,0.133,0.121,0.142,0.149,0.026,0.024,0.066
29/11/2019 07:00,0.154,0.154,0.097,0.114,0.105,0.003,0.002,0.007
29/11/2019 08:00,0.177,0.177,0.085,0.1,0.079,0.001,0.001,0.002
29/11/2019 09:00,0.2,0.2,0.084,0.099,0.064,0.003,0.002,0.005
29/11/2019 10:00,0.228,0.228,0.086,0.101,0.058,0.006,0.005,0.008
29/11/2019 11:00,0.268,0.268,0.087,0.102,0.057,0.013,0.011,0.02
29/11/2019 12:00,0.326,0.326,0.091,0.107,0.061,0.026,0.024,0.048
29/11/2019 13:00,0.409,0.409,0.1,0.118,0.07,0.05,0.048,0.102
29/11/2019 14:00,0.466,0.466,0.133,0.157,0.087,0.081,0.077,0.18
29/11/2019 15:00,0.455,0.455,0.168,0.198,0.104,0.11,0.104,0.274
29/11/2019 16:00,0.429,0.429,0.15,0.177,0.14,0.143,0.136,0.359
29/11/2019 17:00,0.4,0.4,0.109,0.128,0.172,0.155,0.147,0.387
29/11/2019 18:00,0.336,0.336,0.09,0.106,0.181,0.133,0.126,0.34
29/11/2019 19:00,0.285,0.285,0.083,0.098,0.187,0.116,0.109,0.31
29/11/2019 20:00,0.252,0.252,0.083,0.097,0.185,0.084,0.079,0.234
29/11/2019 21:00,0.26,0.26,0.086,0.101,0.197,0.072,0.067,0.203
29/11/2019 22:00,0.233,0.233,0.087,0.102,0.205,0.073,0.068,0.208
29/11/2019 23:00,0.19,0.19,0.084,0.099,0.218,0.073,0.068,0.21
30/11/2019 00:00,0.153,0.153,0.091,0.107,0.25,0.08,0.074,0.225
30/11/2019 01:00,0.106,0.106,0.093,0.109,0.244,0.095,0.089,0.262
30/11/2019 02:00,0.081,0.081,0.097,0.114,0.203,0.096,0.09,0.264
30/11/2019 03:00,0.063,0.063,0.097,0.114,0.164,0.088,0.082,0.241
30/11/2019 04:00,0.068,0.068,0.092,0.108,0.212,0.09,0.085,0.237
30/11/2019 05:00,0.18,0.18,0.165,0.195,0.3,0.123,0.119,0.318
30/11/2019 06:00,0.274,0.274,0.171,0.202,0.248,0.097,0.093,0.252
30/11/2019 07:00,0.308,0.308,0.16,0.189,0.198,0.053,0.051,0.142
30/11/2019 08:00,0.312,0.312,0.138,0.163,0.177,0.024,0.022,0.066
30/11/2019 09:00,0.308,0.308,0.114,0.134,0.165,0.009,0.008,0.026
30/11/2019 10:00,0.305,0.305,0.096,0.113,0.164,0.004,0.003,0.011
30/11/2019 11:00,0.316,0.316,0.087,0.102,0.176,0.008,0.006,0.018
30/11/2019 12:00,0.355,0.355,0.086,0.101,0.203,0.015,0.014,0.036
30/11/2019 13:00,0.43,0.43,0.099,0.116,0.25,0.032,0.029,0.076
30/11/2019 14:00,0.49,0.49,0.15,0.177,0.305,0.065,0.06,0.162
30/11/2019 15:00,0.454,0.454,0.198,0.234,0.312,0.114,0.106,0.303
30/11/2019 16:00,0.453,0.453,0.172,0.204,0.306,0.172,0.162,0.437
30/11/2019 17:00,0.463,0.463,0.143,0.169,0.295,0.205,0.196,0.503
30/11/2019 18:00,0.436,0.436,0.125,0.147,0.273,0.222,0.213,0.533
30/11/2019 19:00,0.374,0.374,0.115,0.135,0.263,0.248,0.238,0.568
30/11/2019 20:00,0.305,0.305,0.121,0.142,0.262,0.294,0.285,0.629
30/11/2019 21:00,0.259,0.259,0.122,0.144,0.27,0.295,0.286,0.63
30/11/2019 22:00,0.214,0.214,0.116,0.136,0.284,0.294,0.284,0.623
30/11/2019 23:00,0.161,0.161,0.102,0.119,0.303,0.283,0.274,0.603
01/12/2019 00:00,0.127,0.127,0.093,0.109,0.305,0.26,0.25,0.569
01/12/2019 01:00,0.11,0.11,0.082,0.097,0.3,0.26,0.251,0.567
01/12/2019 02:00,0.091,0.091,0.073,0.085,0.279,0.251,0.241,0.556
01/12/2019 03:00,0.062,0.062,0.068,0.08,0.236,0.232,0.223,0.522
01/12/2019 04:00,0.052,0.052,0.06,0.07,0.362,0.199,0.193,0.452
01/12/2019 05:00,0.114,0.114,0.166,0.196,0.519,0.222,0.216,0.5
01/12/2019 06:00,0.148,0.148,0.205,0.243,0.488,0.203,0.198,0.462
01/12/2019 07:00,0.162,0.162,0.186,0.22,0.423,0.167,0.163,0.39
01/12/2019 08:00,0.164,0.164,0.158,0.187,0.377,0.138,0.133,0.322
01/12/2019 09:00,0.156,0.156,0.126,0.148,0.341,0.125,0.121,0.29
01/12/2019 10:00,0.156,0.156,0.099,0.116,0.318,0.136,0.132,0.314
01/12/2019 11:00,0.161,0.161,0.077,0.091,0.305,0.16,0.155,0.364
01/12/2019 12:00,0.174,0.174,0.068,0.08,0.3,0.168,0.162,0.379
01/12/2019 13:00,0.211,0.211,0.083,0.097,0.307,0.168,0.162,0.383
01/12/2019 14:00,0.27,0.27,0.151,0.178,0.318,0.155,0.149,0.364
01/12/2019 15:00,0.348,0.348,0.239,0.282,0.293,0.144,0.137,0.358
01/12/2019 16:00,0.367,0.367,0.228,0.269,0.282,0.183,0.174,0.438
01/12/2019 17:00,0.309,0.309,0.163,0.193,0.248,0.215,0.206,0.494
01/12/2019 18:00,0.225,0.225,0.122,0.144,0.23,0.234,0.225,0.516
01/12/2019 19:00,0.156,0.156,0.088,0.104,0.234,0.251,0.242,0.54
01/12/2019 20:00,0.103,0.103,0.061,0.072,0.244,0.26,0.25,0.552
01/12/2019 21:00,0.081,0.081,0.046,0.055,0.253,0.217,0.208,0.482
01/12/2019 22:00,0.092,0.092,0.039,0.047,0.26,0.218,0.209,0.493
01/12/2019 23:00,0.09,0.09,0.033,0.041,0.243,0.197,0.187,0.447
02/12/2019 00:00,0.076,0.076,0.026,0.033,0.206,0.135,0.128,0.335
02/12/2019 01:00,0.064,0.064,0.02,0.027,0.175,0.098,0.092,0.258
02/12/2019 02:00,0.044,0.044,0.019,0.025,0.164,0.066,0.061,0.183
02/12/2019 03:00,0.018,0.018,0.017,0.023,0.164,0.043,0.039,0.123
02/12/2019 04:00,0.007,0.007,0.011,0.016,0.318,0.026,0.024,0.068
02/12/2019 05:00,0.011,0.011,0.008,0.013,0.472,0.02,0.018,0.05
02/12/2019 06:00,0.018,0.018,0.015,0.021,0.428,0.021,0.019,0.054
02/12/2019 07:00,0.016,0.016,0.017,0.024,0.331,0.024,0.022,0.055
02/12/2019 08:00,0.018,0.018,0.003,0.006,0.249,0.025,0.023,0.055
02/12/2019 09:00,0.026,0.026,0.0,0.002,0.202,0.032,0.03,0.071
02/12/2019 10:00,0.04,0.04,0.0,0.001,0.186,0.047,0.044,0.106
02/12/2019 11:00,0.053,0.053,0.008,0.013,0.181,0.066,0.063,0.149
02/12/2019 12:00,0.075,0.075,0.034,0.042,0.179,0.087,0.083,0.198
02/12/2019 13:00,0.106,0.106,0.044,0.053,0.18,0.111,0.107,0.259
02/12/2019 14:00,0.178,0.178,0.06,0.071,0.18,0.144,0.139,0.34
02/12/2019 15:00,0.299,0.299,0.085,0.099,0.174,0.166,0.159,0.409
02/12/2019 16:00,0.323,0.323,0.078,0.091,0.199,0.186,0.177,0.449
02/12/2019 17:00,0.297,0.297,0.053,0.062,0.235,0.196,0.186,0.467
02/12/2019 18:00,0.245,0.245,0.038,0.047,0.265,0.201,0.193,0.482
02/12/2019 19:00,0.195,0.195,0.03,0.037,0.281,0.207,0.198,0.493
02/12/2019 20:00,0.158,0.158,0.02,0.026,0.279,0.206,0.196,0.485
02/12/2019 21:00,0.13,0.13,0.013,0.019,0.265,0.184,0.174,0.445
02/12/2019 22:00,0.129,0.129,0.006,0.011,0.258,0.152,0.143,0.384
02/12/2019 23:00,0.118,0.118,0.002,0.006,0.234,0.119,0.111,0.314
03/12/2019 00:00,0.104,0.104,0.002,0.006,0.202,0.103,0.095,0.275
03/12/2019 01:00,0.088,0.088,0.004,0.009,0.169,0.097,0.089,0.261
03/12/2019 02:00,0.064,0.064,0.008,0.014,0.152,0.107,0.099,0.288
03/12/2019 03:00,0.035,0.035,0.013,0.019,0.132,0.115,0.107,0.303
03/12/2019 04:00,0.018,0.018,0.011,0.017,0.21,0.109,0.104,0.265
03/12/2019 05:00,0.04,0.04,0.003,0.007,0.369,0.129,0.124,0.309
03/12/2019 06:00,0.066,0.066,0.0,0.001,0.323,0.094,0.091,0.225
03/12/2019 07:00,0.082,0.082,0.0,0.001,0.251,0.069,0.066,0.16
03/12/2019 08:00,0.091,0.091,0.0,0.0,0.2,0.054,0.052,0.12
03/12/2019 09:00,0.099,0.099,0.0,0.0,0.163,0.049,0.047,0.105
03/12/2019 10:00,0.107,0.107,0.0,0.0,0.138,0.058,0.055,0.122
03/12/2019 11:00,0.122,0.122,0.0,0.0,0.126,0.072,0.069,0.153
03/12/2019 12:00,0.157,0.157,0.002,0.006,0.13,0.086,0.082,0.186
03/12/2019 13:00,0.218,0.218,0.039,0.047,0.142,0.117,0.112,0.258
03/12/2019 14:00,0.323,0.323,0.088,0.103,0.164,0.153,0.147,0.351
03/12/2019 15:00,0.466,0.466,0.121,0.142,0.165,0.185,0.177,0.434
03/12/2019 16:00,0.499,0.499,0.098,0.115,0.191,0.233,0.223,0.516
03/12/2019 17:00,0.418,0.418,0.092,0.108,0.229,0.247,0.236,0.525
03/12/2019 18:00,0.318,0.318,0.074,0.086,0.246,0.239,0.229,0.504
03/12/2019 19:00,0.264,0.264,0.043,0.051,0.251,0.215,0.205,0.461
03/12/2019 20:00,0.234,0.234,0.019,0.025,0.29,0.183,0.174,0.406
03/12/2019 21:00,0.213,0.213,0.008,0.013,0.295,0.165,0.158,0.378
03/12/2019 22:00,0.195,0.195,0.005,0.009,0.244,0.159,0.151,0.364
03/12/2019 23:00,0.198,0.198,0.003,0.007,0.201,0.142,0.135,0.332
04/12/2019 00:00,0.198,0.198,0.003,0.006,0.186,0.127,0.12,0.307
04/12/2019 01:00,0.181,0.181,0.003,0.007,0.152,0.108,0.102,0.272
04/12/2019 02:00,0.148,0.148,0.005,0.009,0.143,0.091,0.085,0.235
04/12/2019 03:00,0.114,0.114,0.006,0.011,0.146,0.073,0.068,0.192
04/12/2019 04:00,0.069,0.069,0.004,0.009,0.203,0.057,0.054,0.145
04/12/2019 05:00,0.108,0.108,0.013,0.019,0.31,0.062,0.059,0.154
04/12/2019 06:00,0.13,0.13,0.031,0.038,0.263,0.054,0.052,0.132
04/12/2019 07:00,0.13,0.13,0.027,0.034,0.2,0.028,0.027,0.068
04/12/2019 08:00,0.126,0.126,0.017,0.024,0.15,0.008,0.007,0.019
04/12/2019 09:00,0.128,0.128,0.006,0.011,0.112,0.002,0.001,0.003
04/12/2019 10:00,0.133,0.133,0.0,0.001,0.09,0.001,0.0,0.001
04/12/2019 11:00,0.133,0.133,0.0,0.0,0.079,0.005,0.004,0.008
04/12/2019 12:00,0.14,0.14,0.0,0.0,0.074,0.012,0.011,0.022
04/12/2019 13:00,0.168,0.168,0.021,0.027,0.075,0.022,0.02,0.042
04/12/2019 14:00,0.226,0.226,0.074,0.087,0.087,0.034,0.031,0.076
04/12/2019 15:00,0.333,0.333,0.138,0.163,0.091,0.045,0.041,0.115
04/12/2019 16:00,0.393,0.393,0.133,0.157,0.113,0.058,0.053,0.152
04/12/2019 17:00,0.367,0.367,0.123,0.145,0.135,0.067,0.061,0.181
04/12/2019 18:00,0.292,0.292,0.115,0.135,0.151,0.077,0.07,0.206
04/12/2019 19:00,0.247,0.247,0.086,0.101,0.139,0.09,0.083,0.242
04/12/2019 20:00,0.204,0.204,0.051,0.06,0.13,0.101,0.094,0.271
04/12/2019 21:00,0.179,0.179,0.023,0.03,0.134,0.092,0.086,0.252
04/12/2019 22:00,0.172,0.172,0.012,0.018,0.113,0.075,0.069,0.218
04/12/2019 23:00,0.185,0.185,0.012,0.018,0.088,0.06,0.055,0.178
05/12/2019 00:00,0.199,0.199,0.013,0.019,0.054,0.048,0.044,0.145
05/12/2019 01:00,0.165,0.165,0.013,0.019,0.036,0.045,0.041,0.137
05/12/2019 02:00,0.104,0.104,0.013,0.02,0.032,0.045,0.04,0.137
05/12/2019 03:00,0.055,0.055,0.014,0.02,0.03,0.043,0.038,0.131
05/12/2019 04:00,0.033,0.033,0.013,0.02,0.06,0.028,0.026,0.072
05/12/2019 05:00,0.087,0.087,0.033,0.041,0.172,0.015,0.013,0.035
05/12/2019 06:00,0.135,0.135,0.04,0.048,0.21,0.009,0.007,0.018
05/12/2019 07:00,0.169,0.169,0.042,0.051,0.175,0.011,0.009,0.02
05/12/2019 08:00,0.187,0.187,0.042,0.051,0.132,0.016,0.015,0.032
05/12/2019 09:00,0.194,0.194,0.036,0.044,0.094,0.023,0.021,0.048
05/12/2019 10:00,0.202,0.202,0.026,0.033,0.064,0.034,0.032,0.072
05/12/2019 11:00,0.207,0.207,0.023,0.03,0.044,0.048,0.046,0.106
05/12/2019 12:00,0.228,0.228,0.043,0.051,0.031,0.065,0.063,0.145
05/12/2019 13:00,0.276,0.276,0.071,0.084,0.028,0.084,0.08,0.192
05/12/2019 14:00,0.339,0.339,0.127,0.15,0.026,0.1,0.095,0.237
05/12/2019 15:00,0.433,0.433,0.166,0.196,0.022,0.115,0.108,0.292
05/12/2019 16:00,0.471,0.471,0.164,0.194,0.025,0.153,0.143,0.378
05/12/2019 17:00,0.454,0.454,0.142,0.168,0.034,0.196,0.186,0.466
05/12/2019 18:00,0.428,0.428,0.107,0.125,0.041,0.217,0.207,0.498
05/12/2019 19:00,0.395,0.395,0.081,0.095,0.038,0.226,0.218,0.512
05/12/2019 20:00,0.37,0.37,0.055,0.065,0.035,0.24,0.231,0.533
05/12/2019 21:00,0.362,0.362,0.033,0.04,0.03,0.243,0.234,0.528
05/12/2019 22:00,0.348,0.348,0.015,0.021,0.049,0.196,0.186,0.448
05/12/2019 23:00,0.307,0.307,0.012,0.017,0.073,0.129,0.122,0.323
06/12/2019 00:00,0.255,0.255,0.016,0.023,0.075,0.107,0.1,0.278
06/12/2019 01:00,0.235,0.235,0.018,0.025,0.066,0.081,0.074,0.221
06/12/2019 02:00,0.207,0.207,0.02,0.026,0.059,0.072,0.066,0.199
06/12/2019 03:00,0.148,0.148,0.025,0.032,0.045,0.072,0.066,0.198
06/12/2019 04:00,0.126,0.126,0.037,0.045,0.038,0.053,0.051,0.132
06/12/2019 05:00,0.214,0.214,0.084,0.099,0.077,0.041,0.038,0.098
06/12/2019 06:00,0.252,0.252,0.099,0.116,0.089,0.033,0.031,0.077
06/12/2019 07:00,0.248,0.248,0.088,0.103,0.095,0.032,0.03,0.073
06/12/2019 08:00,0.245,0.245,0.083,0.097,0.105,0.028,0.026,0.062
06/12/2019 09:00,0.267,0.267,0.078,0.091,0.106,0.026,0.024,0.057
06/12/2019 10:00,0.309,0.309,0.069,0.081,0.098,0.028,0.027,0.061
06/12/2019 11:00,0.387,0.387,0.064,0.076,0.087,0.043,0.041,0.094
06/12/2019 12:00,0.503,0.503,0.066,0.077,0.08,0.074,0.071,0.164
06/12/2019 13:00,0.606,0.606,0.071,0.083,0.079,0.119,0.113,0.271
06/12/2019 14:00,0.634,0.634,0.092,0.108,0.078,0.154,0.147,0.365
06/12/2019 15:00,0.603,0.603,0.118,0.138,0.062,0.174,0.164,0.425
06/12/2019 16:00,0.558,0.558,0.096,0.112,0.075,0.184,0.174,0.445
06/12/2019 17:00,0.482,0.482,0.06,0.071,0.087,0.181,0.173,0.437
06/12/2019 18:00,0.4,0.4,0.034,0.042,0.089,0.188,0.179,0.441
06/12/2019 19:00,0.33,0.33,0.025,0.032,0.082,0.215,0.205,0.476
06/12/2019 20:00,0.281,0.281,0.029,0.036,0.074,0.238,0.229,0.512
06/12/2019 21:00,0.236,0.236,0.029,0.036,0.059,0.204,0.195,0.455
06/12/2019 22:00,0.18,0.18,0.027,0.034,0.053,0.136,0.128,0.32
06/12/2019 23:00,0.135,0.135,0.028,0.035,0.05,0.109,0.102,0.267
07/12/2019 00:00,0.104,0.104,0.028,0.035,0.047,0.092,0.086,0.234
07/12/2019 01:00,0.087,0.087,0.028,0.036,0.047,0.085,0.079,0.223
07/12/2019 02:00,0.074,0.074,0.03,0.037,0.043,0.108,0.101,0.283
07/12/2019 03:00,0.056,0.056,0.029,0.036,0.045,0.12,0.112,0.303
07/12/2019 04:00,0.042,0.042,0.025,0.032,0.061,0.102,0.096,0.248
07/12/2019 05:00,0.107,0.107,0.041,0.05,0.089,0.121,0.115,0.294
07/12/2019 06:00,0.166,0.166,0.072,0.085,0.079,0.097,0.093,0.243
07/12/2019 07:00,0.221,0.221,0.081,0.095,0.085,0.066,0.063,0.165
07/12/2019 08:00,0.288,0.288,0.097,0.114,0.105,0.043,0.041,0.109
07/12/2019 09:00,0.359,0.359,0.124,0.146,0.113,0.027,0.025,0.067
07/12/2019 10:00,0.41,0.41,0.142,0.168,0.107,0.018,0.017,0.044
07/12/2019 11:00,0.42,0.42,0.137,0.161,0.098,0.014,0.012,0.03
07/12/2019 12:00,0.396,0.396,0.122,0.144,0.094,0.013,0.012,0.027
07/12/2019 13:00,0.367,0.367,0.113,0.133,0.097,0.025,0.023,0.051
07/12/2019 14:00,0.337,0.337,0.115,0.135,0.099,0.056,0.053,0.129
07/12/2019 15:00,0.373,0.373,0.123,0.145,0.087,0.087,0.08,0.216
07/12/2019 16:00,0.358,0.358,0.116,0.137,0.102,0.101,0.094,0.259
07/12/2019 17:00,0.306,0.306,0.11,0.129,0.131,0.104,0.098,0.276
07/12/2019 18:00,0.224,0.224,0.104,0.123,0.147,0.103,0.096,0.276
07/12/2019 19:00,0.161,0.161,0.088,0.103,0.164,0.099,0.093,0.269
07/12/2019 20:00,0.149,0.149,0.066,0.078,0.162,0.096,0.09,0.261
07/12/2019 21:00,0.144,0.144,0.047,0.056,0.14,0.092,0.087,0.252
07/12/2019 22:00,0.121,0.121,0.033,0.041,0.117,0.083,0.078,0.23
07/12/2019 23:00,0.09,0.09,0.026,0.033,0.094,0.06,0.056,0.176
08/12/2019 00:00,0.082,0.082,0.019,0.025,0.079,0.047,0.043,0.141
08/12/2019 01:00,0.085,0.085,0.014,0.02,0.072,0.042,0.038,0.124
08/12/2019 02:00,0.104,0.104,0.011,0.017,0.066,0.037,0.033,0.11
08/12/2019 03:00,0.122,0.122,0.01,0.016,0.056,0.028,0.025,0.083
08/12/2019 04:00,0.105,0.105,0.009,0.015,0.048,0.018,0.016,0.044
08/12/2019 05:00,0.205,0.205,0.046,0.054,0.062,0.02,0.018,0.048
08/12/2019 06:00,0.352,0.352,0.077,0.091,0.082,0.019,0.017,0.045
08/12/2019 07:00,0.391,0.391,0.098,0.115,0.116,0.014,0.012,0.031
08/12/2019 08:00,0.439,0.439,0.103,0.121,0.143,0.01,0.008,0.021
08/12/2019 09:00,0.509,0.509,0.102,0.12,0.141,0.01,0.008,0.02
08/12/2019 10:00,0.561,0.561,0.097,0.114,0.125,0.009,0.008,0.018
08/12/2019 11:00,0.594,0.594,0.086,0.101,0.111,0.007,0.006,0.013
08/12/2019 12:00,0.625,0.625,0.076,0.09,0.098,0.005,0.004,0.008
08/12/2019 13:00,0.65,0.65,0.076,0.089,0.093,0.006,0.005,0.009
08/12/2019 14:00,0.616,0.616,0.1,0.117,0.099,0.021,0.019,0.041
08/12/2019 15:00,0.491,0.491,0.132,0.155,0.104,0.043,0.039,0.102
08/12/2019 16:00,0.394,0.394,0.099,0.117,0.139,0.062,0.057,0.159
08/12/2019 17:00,0.288,0.288,0.073,0.085,0.189,0.067,0.063,0.182
08/12/2019 18:00,0.216,0.216,0.066,0.077,0.204,0.072,0.067,0.197
08/12/2019 19:00,0.172,0.172,0.077,0.09,0.197,0.064,0.059,0.173
08/12/2019 20:00,0.121,0.121,0.079,0.093,0.177,0.046,0.042,0.129
08/12/2019 21:00,0.093,0.093,0.056,0.066,0.182,0.035,0.032,0.103
08/12/2019 22:00,0.089,0.089,0.032,0.039,0.177,0.03,0.027,0.09
08/12/2019 23:00,0.076,0.076,0.017,0.023,0.159,0.029,0.026,0.085
09/12/2019 00:00,0.066,0.066,0.013,0.019,0.148,0.028,0.024,0.082
09/12/2019 01:00,0.071,0.071,0.018,0.025,0.17,0.033,0.029,0.103
09/12/2019 02:00,0.082,0.082,0.026,0.033,0.175,0.045,0.041,0.139
09/12/2019 03:00,0.113,0.113,0.034,0.042,0.175,0.061,0.056,0.178
09/12/2019 04:00,0.136,0.136,0.042,0.05,0.183,0.057,0.053,0.154
09/12/2019 05:00,0.318,0.318,0.119,0.14,0.246,0.067,0.064,0.171
09/12/2019 06:00,0.546,0.546,0.207,0.245,0.23,0.051,0.048,0.125
09/12/2019 07:00,0.645,0.645,0.233,0.275,0.182,0.029,0.027,0.069
09/12/2019 08:00,0.661,0.661,0.23,0.271,0.155,0.013,0.012,0.028
09/12/2019 09:00,0.665,0.665,0.215,0.254,0.14,0.006,0.005,0.01
09/12/2019 10:00,0.681,0.681,0.191,0.226,0.134,0.006,0.005,0.008
09/12/2019 11:00,0.702,0.702,0.165,0.194,0.143,0.009,0.008,0.014
09/12/2019 12:00,0.722,0.722,0.137,0.162,0.162,0.017,0.015,0.028
09/12/2019 13:00,0.729,0.729,0.122,0.144,0.197,0.028,0.026,0.053
09/12/2019 14:00,0.664,0.664,0.098,0.115,0.236,0.035,0.032,0.073
09/12/2019 15:00,0.568,0.568,0.056,0.066,0.284,0.043,0.04,0.101
09/12/2019 16:00,0.508,0.508,0.031,0.038,0.325,0.063,0.059,0.153
09/12/2019 17:00,0.434,0.434,0.027,0.034,0.358,0.076,0.07,0.186
09/12/2019 18:00,0.391,0.391,0.038,0.047,0.363,0.093,0.087,0.231
09/12/2019 19:00,0.352,0.352,0.052,0.062,0.36,0.117,0.11,0.292
09/12/2019 20:00,0.309,0.309,0.062,0.073,0.344,0.135,0.127,0.321
09/12/2019 21:00,0.285,0.285,0.063,0.074,0.291,0.166,0.158,0.369
09/12/2019 22:00,0.293,0.293,0.045,0.054,0.205,0.199,0.189,0.425
09/12/2019 23:00,0.281,0.281,0.038,0.046,0.145,0.212,0.202,0.452
10/12/2019 00:00,0.3,0.3,0.043,0.051,0.122,0.201,0.192,0.445
10/12/2019 01:00,0.338,0.338,0.057,0.067,0.141,0.161,0.152,0.372
10/12/2019 02:00,0.372,0.372,0.061,0.072,0.174,0.142,0.134,0.344
10/12/2019 03:00,0.406,0.406,0.061,0.072,0.153,0.133,0.125,0.325
10/12/2019 04:00,0.367,0.367,0.052,0.062,0.211,0.124,0.119,0.297
10/12/2019 05:00,0.533,0.533,0.125,0.147,0.462,0.199,0.193,0.452
10/12/2019 06:00,0.667,0.667,0.158,0.186,0.517,0.178,0.173,0.403
10/12/2019 07:00,0.664,0.664,0.164,0.193,0.472,0.14,0.135,0.32
10/12/2019 08:00,0.639,0.639,0.152,0.179,0.404,0.099,0.096,0.229
10/12/2019 09:00,0.611,0.611,0.139,0.163,0.355,0.079,0.077,0.183
10/12/2019 10:00,0.577,0.577,0.122,0.144,0.332,0.08,0.077,0.183
10/12/2019 11:00,0.541,0.541,0.099,0.116,0.321,0.085,0.082,0.193
10/12/2019 12:00,0.52,0.52,0.077,0.09,0.334,0.1,0.096,0.227
10/12/2019 13:00,0.512,0.512,0.061,0.072,0.374,0.136,0.131,0.31
10/12/2019 14:00,0.466,0.466,0.053,0.063,0.421,0.166,0.159,0.379
10/12/2019 15:00,0.468,0.468,0.047,0.056,0.378,0.177,0.168,0.417
10/12/2019 16:00,0.453,0.453,0.032,0.04,0.35,0.193,0.183,0.452
10/12/2019 17:00,0.403,0.403,0.026,0.033,0.308,0.202,0.193,0.47
10/12/2019 18:00,0.36,0.36,0.03,0.038,0.286,0.212,0.203,0.485
10/12/2019 19:00,0.311,0.311,0.046,0.054,0.258,0.215,0.205,0.488
10/12/2019 20:00,0.28,0.28,0.057,0.068,0.239,0.224,0.215,0.508
10/12/2019 21:00,0.262,0.262,0.063,0.074,0.232,0.241,0.231,0.538
10/12/2019 22:00,0.257,0.257,0.055,0.065,0.218,0.239,0.229,0.538
10/12/2019 23:00,0.302,0.302,0.042,0.051,0.198,0.198,0.188,0.465
11/12/2019 00:00,0.436,0.436,0.037,0.045,0.174,0.146,0.138,0.362
11/12/2019 01:00,0.584,0.584,0.038,0.046,0.16,0.137,0.128,0.347
11/12/2019 02:00,0.621,0.621,0.044,0.052,0.143,0.13,0.121,0.335
11/12/2019 03:00,0.607,0.607,0.056,0.066,0.109,0.143,0.134,0.366
11/12/2019 04:00,0.618,0.618,0.09,0.105,0.097,0.157,0.151,0.378
11/12/2019 05:00,0.584,0.584,0.184,0.218,0.251,0.204,0.198,0.467
11/12/2019 06:00,0.597,0.597,0.269,0.316,0.339,0.263,0.258,0.56
11/12/2019 07:00,0.647,0.647,0.308,0.361,0.392,0.318,0.314,0.633
11/12/2019 08:00,0.607,0.607,0.313,0.366,0.446,0.336,0.332,0.655
11/12/2019 09:00,0.533,0.533,0.298,0.35,0.489,0.33,0.325,0.646
11/12/2019 10:00,0.513,0.513,0.271,0.319,0.513,0.321,0.316,0.638
11/12/2019 11:00,0.527,0.527,0.24,0.283,0.521,0.32,0.315,0.636
11/12/2019 12:00,0.512,0.512,0.198,0.234,0.521,0.326,0.321,0.645
11/12/2019 13:00,0.46,0.46,0.154,0.181,0.52,0.336,0.33,0.661
11/12/2019 14:00,0.338,0.338,0.103,0.121,0.495,0.308,0.3,0.627
11/12/2019 15:00,0.241,0.241,0.062,0.074,0.407,0.256,0.245,0.568
11/12/2019 16:00,0.185,0.185,0.042,0.051,0.363,0.264,0.253,0.579
11/12/2019 17:00,0.117,0.117,0.035,0.043,0.325,0.234,0.224,0.527
11/12/2019 18:00,0.074,0.074,0.033,0.041,0.256,0.217,0.207,0.503
11/12/2019 19:00,0.051,0.051,0.031,0.038,0.173,0.192,0.183,0.458
11/12/2019 20:00,0.036,0.036,0.027,0.034,0.152,0.158,0.148,0.387
11/12/2019 21:00,0.029,0.029,0.021,0.028,0.146,0.148,0.14,0.37
11/12/2019 22:00,0.025,0.025,0.015,0.021,0.135,0.131,0.122,0.333
11/12/2019 23:00,0.026,0.026,0.012,0.018,0.126,0.113,0.105,0.293
12/12/2019 00:00,0.028,0.028,0.011,0.017,0.121,0.103,0.095,0.271
12/12/2019 01:00,0.028,0.028,0.013,0.019,0.108,0.095,0.088,0.253
12/12/2019 02:00,0.025,0.025,0.015,0.022,0.09,0.095,0.088,0.253
12/12/2019 03:00,0.03,0.03,0.02,0.027,0.071,0.103,0.095,0.267
12/12/2019 04:00,0.036,0.036,0.021,0.027,0.051,0.073,0.069,0.173
12/12/2019 05:00,0.097,0.097,0.025,0.033,0.104,0.103,0.098,0.232
12/12/2019 06:00,0.23,0.23,0.093,0.109,0.155,0.155,0.151,0.338
12/12/2019 07:00,0.342,0.342,0.119,0.14,0.184,0.16,0.156,0.349
12/12/2019 08:00,0.417,0.417,0.131,0.154,0.206,0.152,0.147,0.329
12/12/2019 09:00,0.489,0.489,0.133,0.157,0.225,0.141,0.136,0.31
12/12/2019 10:00,0.552,0.552,0.128,0.15,0.242,0.133,0.129,0.299
12/12/2019 11:00,0.586,0.586,0.114,0.134,0.25,0.145,0.141,0.329
12/12/2019 12:00,0.606,0.606,0.101,0.119,0.256,0.18,0.175,0.408
12/12/2019 13:00,0.618,0.618,0.096,0.112,0.265,0.23,0.224,0.513
12/12/2019 14:00,0.568,0.568,0.094,0.111,0.27,0.265,0.258,0.589
12/12/2019 15:00,0.485,0.485,0.097,0.114,0.23,0.265,0.253,0.602
12/12/2019 16:00,0.377,0.377,0.087,0.102,0.218,0.28,0.27,0.626
12/12/2019 17:00,0.302,0.302,0.075,0.088,0.233,0.251,0.241,0.575
12/12/2019 18:00,0.235,0.235,0.078,0.092,0.232,0.223,0.213,0.523
12/12/2019 19:00,0.202,0.202,0.087,0.102,0.221,0.183,0.174,0.44
12/12/2019 20:00,0.184,0.184,0.085,0.099,0.218,0.157,0.148,0.384
12/12/2019 21:00,0.177,0.177,0.071,0.083,0.212,0.144,0.137,0.353
12/12/2019 22:00,0.166,0.166,0.067,0.078,0.197,0.132,0.124,0.325
12/12/2019 23:00,0.142,0.142,0.063,0.074,0.182,0.136,0.128,0.339
13/12/2019 00:00,0.101,0.101,0.057,0.067,0.176,0.152,0.142,0.38
13/12/2019 01:00,0.06,0.06,0.052,0.062,0.154,0.168,0.158,0.421
13/12/2019 02:00,0.03,0.03,0.052,0.061,0.123,0.166,0.157,0.421
13/12/2019 03:00,0.018,0.018,0.059,0.069,0.094,0.152,0.143,0.388
13/12/2019 04:00,0.019,0.019,0.056,0.066,0.113,0.109,0.104,0.272
13/12/2019 05:00,0.091,0.091,0.148,0.174,0.258,0.11,0.106,0.267
13/12/2019 06:00,0.172,0.172,0.297,0.349,0.269,0.141,0.135,0.329
13/12/2019 07:00,0.233,0.233,0.321,0.376,0.244,0.143,0.139,0.336
13/12/2019 08:00,0.283,0.283,0.306,0.359,0.221,0.126,0.122,0.301
13/12/2019 09:00,0.316,0.316,0.269,0.316,0.21,0.113,0.109,0.272
13/12/2019 10:00,0.348,0.348,0.222,0.263,0.217,0.108,0.105,0.258
13/12/2019 11:00,0.392,0.392,0.176,0.208,0.245,0.113,0.108,0.264
13/12/2019 12:00,0.445,0.445,0.133,0.157,0.295,0.128,0.123,0.297
13/12/2019 13:00,0.499,0.499,0.105,0.124,0.352,0.156,0.151,0.36
13/12/2019 14:00,0.497,0.497,0.096,0.113,0.384,0.189,0.181,0.436
13/12/2019 15:00,0.477,0.477,0.107,0.126,0.351,0.233,0.222,0.535
13/12/2019 16:00,0.449,0.449,0.103,0.121,0.287,0.3,0.288,0.633
13/12/2019 17:00,0.388,0.388,0.099,0.117,0.247,0.292,0.28,0.621
13/12/2019 18:00,0.311,0.311,0.097,0.114,0.235,0.235,0.225,0.524
13/12/2019 19:00,0.265,0.265,0.094,0.111,0.228,0.181,0.173,0.424
13/12/2019 20:00,0.185,0.185,0.088,0.104,0.218,0.15,0.141,0.361
13/12/2019 21:00,0.212,0.212,0.085,0.1,0.199,0.136,0.127,0.333
13/12/2019 22:00,0.259,0.259,0.076,0.089,0.177,0.14,0.131,0.341
13/12/2019 23:00,0.281,0.281,0.066,0.078,0.154,0.128,0.121,0.316
14/12/2019 00:00,0.246,0.246,0.058,0.068,0.138,0.117,0.109,0.29
14/12/2019 01:00,0.196,0.196,0.05,0.06,0.126,0.111,0.104,0.277
14/12/2019 02:00,0.117,0.117,0.044,0.052,0.119,0.11,0.102,0.277
14/12/2019 03:00,0.051,0.051,0.042,0.051,0.113,0.114,0.106,0.29
14/12/2019 04:00,0.028,0.028,0.038,0.046,0.161,0.099,0.094,0.239
14/12/2019 05:00,0.109,0.109,0.084,0.098,0.295,0.132,0.127,0.312
14/12/2019 06:00,0.19,0.19,0.143,0.169,0.339,0.174,0.168,0.392
14/12/2019 07:00,0.276,0.276,0.151,0.179,0.318,0.182,0.177,0.405
14/12/2019 08:00,0.366,0.366,0.148,0.175,0.276,0.163,0.159,0.368
14/12/2019 09:00,0.437,0.437,0.135,0.16,0.228,0.142,0.138,0.325
14/12/2019 10:00,0.464,0.464,0.117,0.137,0.185,0.134,0.131,0.311
14/12/2019 11:00,0.456,0.456,0.101,0.119,0.152,0.134,0.131,0.314
14/12/2019 12:00,0.452,0.452,0.09,0.105,0.124,0.143,0.139,0.337
14/12/2019 13:00,0.451,0.451,0.084,0.099,0.094,0.162,0.157,0.384
14/12/2019 14:00,0.384,0.384,0.091,0.106,0.067,0.178,0.172,0.425
14/12/2019 15:00,0.314,0.314,0.102,0.12,0.068,0.179,0.168,0.451
14/12/2019 16:00,0.292,0.292,0.086,0.101,0.13,0.221,0.208,0.535
14/12/2019 17:00,0.289,0.289,0.068,0.08,0.183,0.232,0.22,0.549
14/12/2019 18:00,0.244,0.244,0.064,0.076,0.189,0.219,0.208,0.516
14/12/2019 19:00,0.186,0.186,0.069,0.081,0.197,0.211,0.201,0.491
14/12/2019 20:00,0.157,0.157,0.068,0.08,0.249,0.222,0.211,0.512
14/12/2019 21:00,0.154,0.154,0.061,0.072,0.293,0.225,0.215,0.523
14/12/2019 22:00,0.146,0.146,0.053,0.063,0.22,0.208,0.198,0.49
14/12/2019 23:00,0.137,0.137,0.044,0.053,0.137,0.185,0.175,0.452
15/12/2019 00:00,0.105,0.105,0.037,0.045,0.109,0.159,0.148,0.395
15/12/2019 01:00,0.077,0.077,0.039,0.047,0.102,0.157,0.147,0.399
15/12/2019 02:00,0.054,0.054,0.042,0.051,0.103,0.15,0.141,0.386
15/12/2019 03:00,0.042,0.042,0.045,0.054,0.097,0.114,0.107,0.296
15/12/2019 04:00,0.036,0.036,0.042,0.051,0.125,0.09,0.086,0.218
15/12/2019 05:00,0.124,0.124,0.081,0.095,0.238,0.127,0.122,0.298
15/12/2019 06:00,0.253,0.253,0.16,0.189,0.262,0.142,0.138,0.331
15/12/2019 07:00,0.317,0.317,0.176,0.208,0.241,0.142,0.138,0.33
15/12/2019 08:00,0.337,0.337,0.167,0.197,0.206,0.126,0.122,0.296
15/12/2019 09:00,0.349,0.349,0.154,0.182,0.173,0.104,0.099,0.248
15/12/2019 10:00,0.358,0.358,0.137,0.162,0.152,0.089,0.086,0.216
15/12/2019 11:00,0.37,0.37,0.114,0.134,0.146,0.092,0.088,0.219
15/12/2019 12:00,0.385,0.385,0.089,0.104,0.158,0.108,0.104,0.255
15/12/2019 13:00,0.4,0.4,0.075,0.088,0.186,0.145,0.141,0.335
15/12/2019 14:00,0.383,0.383,0.081,0.095,0.226,0.185,0.179,0.427
15/12/2019 15:00,0.394,0.394,0.091,0.106,0.221,0.203,0.193,0.482
15/12/2019 16:00,0.338,0.338,0.075,0.088,0.23,0.234,0.223,0.545
15/12/2019 17:00,0.259,0.259,0.061,0.072,0.224,0.227,0.218,0.531
15/12/2019 18:00,0.187,0.187,0.054,0.064,0.221,0.236,0.226,0.541
15/12/2019 19:00,0.132,0.132,0.052,0.062,0.215,0.212,0.202,0.5
15/12/2019 20:00,0.085,0.085,0.051,0.061,0.211,0.189,0.181,0.459
15/12/2019 21:00,0.048,0.048,0.047,0.056,0.201,0.177,0.168,0.444
15/12/2019 22:00,0.022,0.022,0.038,0.046,0.179,0.152,0.143,0.393
15/12/2019 23:00,0.011,0.011,0.026,0.033,0.152,0.126,0.118,0.331
16/12/2019 00:00,0.009,0.009,0.018,0.024,0.128,0.121,0.112,0.322
16/12/2019 01:00,0.008,0.008,0.012,0.017,0.108,0.116,0.108,0.311
16/12/2019 02:00,0.005,0.005,0.008,0.014,0.092,0.11,0.102,0.298
16/12/2019 03:00,0.003,0.003,0.007,0.012,0.078,0.112,0.104,0.309
16/12/2019 04:00,0.001,0.001,0.006,0.012,0.096,0.099,0.095,0.26
16/12/2019 05:00,0.021,0.021,0.01,0.016,0.219,0.112,0.107,0.28
16/12/2019 06:00,0.075,0.075,0.041,0.049,0.239,0.102,0.097,0.247
16/12/2019 07:00,0.108,0.108,0.064,0.075,0.231,0.092,0.088,0.217
16/12/2019 08:00,0.133,0.133,0.08,0.094,0.217,0.092,0.089,0.216
16/12/2019 09:00,0.154,0.154,0.087,0.102,0.198,0.097,0.094,0.225
16/12/2019 10:00,0.172,0.172,0.08,0.094,0.181,0.096,0.092,0.22
16/12/2019 11:00,0.196,0.196,0.069,0.081,0.164,0.095,0.091,0.218
16/12/2019 12:00,0.226,0.226,0.059,0.069,0.153,0.098,0.094,0.226
16/12/2019 13:00,0.268,0.268,0.056,0.066,0.152,0.109,0.105,0.254
16/12/2019 14:00,0.312,0.312,0.088,0.104,0.162,0.128,0.122,0.305
16/12/2019 15:00,0.371,0.371,0.115,0.135,0.153,0.168,0.159,0.421
16/12/2019 16:00,0.345,0.345,0.077,0.09,0.167,0.238,0.225,0.567
16/12/2019 17:00,0.265,0.265,0.034,0.042,0.184,0.256,0.243,0.6
16/12/2019 18:00,0.191,0.191,0.026,0.033,0.189,0.234,0.223,0.564
16/12/2019 19:00,0.116,0.116,0.035,0.043,0.187,0.189,0.179,0.482
16/12/2019 20:00,0.065,0.065,0.036,0.044,0.175,0.158,0.148,0.412
16/12/2019 21:00,0.038,0.038,0.034,0.041,0.172,0.126,0.118,0.336
16/12/2019 22:00,0.026,0.026,0.038,0.047,0.165,0.121,0.112,0.327
16/12/2019 23:00,0.025,0.025,0.033,0.04,0.161,0.132,0.123,0.353
17/12/2019 00:00,0.024,0.024,0.017,0.023,0.159,0.141,0.132,0.372
17/12/2019 01:00,0.027,0.027,0.006,0.011,0.153,0.153,0.144,0.397
17/12/2019 02:00,0.029,0.029,0.013,0.02,0.141,0.153,0.143,0.395
17/12/2019 03:00,0.028,0.028,0.022,0.028,0.128,0.141,0.131,0.359
17/12/2019 04:00,0.028,0.028,0.019,0.026,0.185,0.119,0.113,0.295
17/12/2019 05:00,0.103,0.103,0.015,0.021,0.339,0.148,0.143,0.36
17/12/2019 06:00,0.195,0.195,0.034,0.041,0.333,0.134,0.129,0.324
17/12/2019 07:00,0.258,0.258,0.044,0.052,0.29,0.097,0.093,0.239
17/12/2019 08:00,0.292,0.292,0.051,0.06,0.249,0.067,0.065,0.168
17/12/2019 09:00,0.314,0.314,0.056,0.066,0.204,0.054,0.052,0.137
17/12/2019 10:00,0.351,0.351,0.061,0.071,0.165,0.048,0.045,0.12
17/12/2019 11:00,0.381,0.381,0.061,0.072,0.138,0.043,0.041,0.109
17/12/2019 12:00,0.41,0.41,0.067,0.079,0.124,0.044,0.041,0.11
17/12/2019 13:00,0.442,0.442,0.088,0.103,0.129,0.056,0.053,0.141
17/12/2019 14:00,0.446,0.446,0.136,0.16,0.143,0.083,0.078,0.213
17/12/2019 15:00,0.462,0.462,0.176,0.208,0.139,0.128,0.119,0.335
17/12/2019 16:00,0.45,0.45,0.151,0.178,0.163,0.174,0.163,0.441
17/12/2019 17:00,0.36,0.36,0.144,0.17,0.203,0.176,0.166,0.443
17/12/2019 18:00,0.281,0.281,0.144,0.17,0.215,0.163,0.153,0.415
17/12/2019 19:00,0.218,0.218,0.131,0.154,0.221,0.144,0.135,0.372
17/12/2019 20:00,0.17,0.17,0.107,0.125,0.251,0.133,0.124,0.345
17/12/2019 21:00,0.135,0.135,0.078,0.091,0.305,0.129,0.121,0.334
17/12/2019 22:00,0.104,0.104,0.058,0.069,0.309,0.133,0.124,0.348
17/12/2019 23:00,0.088,0.088,0.045,0.053,0.277,0.143,0.134,0.372
18/12/2019 00:00,0.085,0.085,0.035,0.043,0.26,0.147,0.139,0.384
18/12/2019 01:00,0.086,0.086,0.027,0.034,0.246,0.131,0.123,0.348
18/12/2019 02:00,0.092,0.092,0.018,0.024,0.227,0.119,0.112,0.319
18/12/2019 03:00,0.091,0.091,0.013,0.019,0.2,0.126,0.119,0.336
18/12/2019 04:00,0.093,0.093,0.015,0.021,0.231,0.128,0.122,0.334
18/12/2019 05:00,0.218,0.218,0.044,0.053,0.415,0.18,0.174,0.446
18/12/2019 06:00,0.29,0.29,0.111,0.131,0.442,0.199,0.194,0.476
18/12/2019 07:00,0.311,0.311,0.143,0.169,0.422,0.164,0.159,0.395
18/12/2019 08:00,0.316,0.316,0.151,0.179,0.407,0.126,0.122,0.304
18/12/2019 09:00,0.324,0.324,0.144,0.169,0.397,0.106,0.103,0.254
18/12/2019 10:00,0.339,0.339,0.126,0.148,0.375,0.1,0.097,0.239
18/12/2019 11:00,0.364,0.364,0.107,0.125,0.347,0.102,0.098,0.242
18/12/2019 12:00,0.406,0.406,0.089,0.105,0.329,0.114,0.109,0.272
18/12/2019 13:00,0.46,0.46,0.089,0.105,0.323,0.139,0.133,0.326
18/12/2019 14:00,0.49,0.49,0.126,0.148,0.314,0.189,0.182,0.436
18/12/2019 15:00,0.537,0.537,0.165,0.195,0.281,0.239,0.229,0.537
18/12/2019 16:00,0.533,0.533,0.115,0.135,0.341,0.256,0.246,0.565
18/12/2019 17:00,0.467,0.467,0.068,0.08,0.413,0.268,0.258,0.585
18/12/2019 18:00,0.39,0.39,0.045,0.054,0.48,0.289,0.278,0.617
18/12/2019 19:00,0.311,0.311,0.044,0.052,0.543,0.305,0.296,0.64
18/12/2019 20:00,0.25,0.25,0.057,0.067,0.6,0.318,0.308,0.664
18/12/2019 21:00,0.225,0.225,0.074,0.086,0.634,0.305,0.295,0.651
18/12/2019 22:00,0.172,0.172,0.074,0.087,0.57,0.293,0.282,0.633
18/12/2019 23:00,0.116,0.116,0.072,0.085,0.472,0.318,0.308,0.661
19/12/2019 00:00,0.08,0.08,0.066,0.078,0.398,0.36,0.35,0.72
19/12/2019 01:00,0.065,0.065,0.053,0.063,0.334,0.413,0.405,0.777
19/12/2019 02:00,0.057,0.057,0.039,0.048,0.253,0.418,0.41,0.781
19/12/2019 03:00,0.058,0.058,0.035,0.042,0.217,0.35,0.341,0.703
19/12/2019 04:00,0.065,0.065,0.033,0.041,0.175,0.321,0.313,0.665
19/12/2019 05:00,0.197,0.197,0.08,0.094,0.419,0.455,0.45,0.803
19/12/2019 06:00,0.297,0.297,0.165,0.194,0.59,0.397,0.393,0.745
19/12/2019 07:00,0.365,0.365,0.198,0.234,0.637,0.306,0.301,0.631
19/12/2019 08:00,0.431,0.431,0.199,0.235,0.62,0.23,0.224,0.508
19/12/2019 09:00,0.474,0.474,0.18,0.212,0.548,0.189,0.184,0.432
19/12/2019 10:00,0.491,0.491,0.152,0.18,0.451,0.168,0.164,0.395
19/12/2019 11:00,0.49,0.49,0.13,0.153,0.359,0.157,0.152,0.372
19/12/2019 12:00,0.491,0.491,0.116,0.136,0.3,0.16,0.156,0.38
19/12/2019 13:00,0.504,0.504,0.118,0.139,0.274,0.186,0.181,0.436
19/12/2019 14:00,0.481,0.481,0.148,0.175,0.262,0.234,0.227,0.529
19/12/2019 15:00,0.504,0.504,0.189,0.224,0.249,0.292,0.279,0.633
19/12/2019 16:00,0.485,0.485,0.152,0.179,0.318,0.35,0.338,0.715
19/12/2019 17:00,0.392,0.392,0.109,0.128,0.371,0.313,0.3,0.669
19/12/2019 18:00,0.284,0.284,0.09,0.105,0.388,0.258,0.247,0.593
19/12/2019 19:00,0.208,0.208,0.087,0.102,0.387,0.224,0.213,0.538
19/12/2019 20:00,0.16,0.16,0.084,0.099,0.395,0.212,0.201,0.51
19/12/2019 21:00,0.135,0.135,0.084,0.098,0.399,0.199,0.189,0.474
19/12/2019 22:00,0.131,0.131,0.094,0.11,0.382,0.187,0.178,0.442
19/12/2019 23:00,0.128,0.128,0.087,0.103,0.35,0.203,0.193,0.466
20/12/2019 00:00,0.116,0.116,0.084,0.098,0.275,0.21,0.2,0.474
20/12/2019 01:00,0.09,0.09,0.09,0.105,0.245,0.232,0.222,0.509
20/12/2019 02:00,0.061,0.061,0.09,0.106,0.215,0.275,0.262,0.577
20/12/2019 03:00,0.043,0.043,0.083,0.097,0.175,0.318,0.306,0.641
20/12/2019 04:00,0.036,0.036,0.066,0.078,0.116,0.215,0.208,0.453
20/12/2019 05:00,0.079,0.079,0.156,0.184,0.145,0.162,0.157,0.391
20/12/2019 06:00,0.112,0.112,0.216,0.256,0.152,0.098,0.094,0.257
20/12/2019 07:00,0.135,0.135,0.2,0.236,0.163,0.058,0.055,0.147
20/12/2019 08:00,0.158,0.158,0.17,0.201,0.179,0.055,0.052,0.132
20/12/2019 09:00,0.19,0.19,0.136,0.16,0.182,0.067,0.065,0.155
20/12/2019 10:00,0.225,0.225,0.103,0.12,0.173,0.07,0.067,0.161
20/12/2019 11:00,0.252,0.252,0.072,0.084,0.159,0.067,0.064,0.157
20/12/2019 12:00,0.276,0.276,0.05,0.059,0.155,0.066,0.064,0.164
20/12/2019 13:00,0.309,0.309,0.046,0.054,0.189,0.079,0.075,0.197
20/12/2019 14:00,0.333,0.333,0.09,0.106,0.262,0.118,0.112,0.298
20/12/2019 15:00,0.338,0.338,0.149,0.176,0.322,0.186,0.177,0.456
20/12/2019 16:00,0.311,0.311,0.124,0.146,0.343,0.221,0.211,0.524
20/12/2019 17:00,0.253,0.253,0.076,0.089,0.333,0.182,0.174,0.455
20/12/2019 18:00,0.195,0.195,0.053,0.063,0.311,0.152,0.144,0.4
20/12/2019 19:00,0.148,0.148,0.044,0.053,0.319,0.157,0.148,0.425
20/12/2019 20:00,0.104,0.104,0.037,0.045,0.299,0.153,0.145,0.411
20/12/2019 21:00,0.096,0.096,0.044,0.052,0.265,0.163,0.155,0.427
20/12/2019 22:00,0.092,0.092,0.048,0.057,0.209,0.188,0.181,0.472
20/12/2019 23:00,0.089,0.089,0.049,0.059,0.174,0.181,0.174,0.457
21/12/2019 00:00,0.093,0.093,0.051,0.06,0.152,0.164,0.156,0.418
21/12/2019 01:00,0.097,0.097,0.05,0.059,0.13,0.148,0.141,0.384
21/12/2019 02:00,0.093,0.093,0.05,0.059,0.099,0.136,0.128,0.353
21/12/2019 03:00,0.057,0.057,0.045,0.054,0.066,0.129,0.121,0.335
21/12/2019 04:00,0.026,0.026,0.033,0.041,0.07,0.12,0.114,0.311
21/12/2019 05:00,0.05,0.05,0.053,0.063,0.156,0.208,0.201,0.503
21/12/2019 06:00,0.069,0.069,0.022,0.028,0.19,0.198,0.192,0.474
21/12/2019 07:00,0.085,0.085,0.01,0.016,0.191,0.14,0.134,0.351
21/12/2019 08:00,0.096,0.096,0.009,0.014,0.168,0.092,0.087,0.235
21/12/2019 09:00,0.103,0.103,0.008,0.013,0.135,0.057,0.054,0.147
21/12/2019 10:00,0.111,0.111,0.009,0.015,0.104,0.044,0.041,0.11
21/12/2019 11:00,0.117,0.117,0.014,0.02,0.079,0.05,0.048,0.127
21/12/2019 12:00,0.137,0.137,0.021,0.028,0.066,0.074,0.071,0.184
21/12/2019 13:00,0.182,0.182,0.033,0.041,0.068,0.106,0.102,0.264
21/12/2019 14:00,0.259,0.259,0.079,0.093,0.081,0.117,0.111,0.297
21/12/2019 15:00,0.365,0.365,0.126,0.148,0.089,0.1,0.094,0.266
21/12/2019 16:00,0.373,0.373,0.096,0.113,0.121,0.084,0.079,0.221
21/12/2019 17:00,0.323,0.323,0.064,0.075,0.148,0.074,0.069,0.188
21/12/2019 18:00,0.238,0.238,0.06,0.07,0.166,0.055,0.052,0.136
21/12/2019 19:00,0.189,0.189,0.069,0.081,0.188,0.037,0.033,0.093
21/12/2019 20:00,0.14,0.14,0.071,0.083,0.208,0.037,0.033,0.104
21/12/2019 21:00,0.093,0.093,0.061,0.072,0.198,0.033,0.029,0.095
21/12/2019 22:00,0.067,0.067,0.051,0.06,0.181,0.033,0.029,0.1
21/12/2019 23:00,0.054,0.054,0.043,0.052,0.153,0.039,0.035,0.118
22/12/2019 00:00,0.044,0.044,0.039,0.047,0.138,0.053,0.048,0.155
22/12/2019 01:00,0.032,0.032,0.034,0.042,0.128,0.078,0.072,0.217
22/12/2019 02:00,0.021,0.021,0.031,0.038,0.141,0.088,0.082,0.234
22/12/2019 03:00,0.013,0.013,0.026,0.033,0.107,0.114,0.107,0.3
22/12/2019 04:00,0.01,0.01,0.019,0.026,0.103,0.086,0.081,0.22
22/12/2019 05:00,0.03,0.03,0.042,0.05,0.234,0.112,0.107,0.289
22/12/2019 06:00,0.072,0.072,0.043,0.051,0.273,0.125,0.121,0.319
22/12/2019 07:00,0.123,0.123,0.035,0.043,0.248,0.094,0.09,0.241
22/12/2019 08:00,0.181,0.181,0.02,0.027,0.21,0.053,0.05,0.136
22/12/2019 09:00,0.211,0.211,0.01,0.016,0.185,0.036,0.034,0.092
22/12/2019 10:00,0.205,0.205,0.011,0.017,0.163,0.037,0.035,0.092
22/12/2019 11:00,0.182,0.182,0.011,0.017,0.149,0.044,0.041,0.102
22/12/2019 12:00,0.19,0.19,0.011,0.017,0.144,0.055,0.052,0.124
22/12/2019 13:00,0.229,0.229,0.014,0.02,0.155,0.073,0.07,0.166
22/12/2019 14:00,0.28,0.28,0.095,0.111,0.191,0.097,0.092,0.227
22/12/2019 15:00,0.339,0.339,0.139,0.164,0.228,0.1,0.094,0.251
22/12/2019 16:00,0.349,0.349,0.102,0.12,0.283,0.113,0.107,0.282
22/12/2019 17:00,0.311,0.311,0.056,0.066,0.303,0.104,0.098,0.254
22/12/2019 18:00,0.254,0.254,0.036,0.044,0.313,0.089,0.083,0.219
22/12/2019 19:00,0.184,0.184,0.032,0.04,0.325,0.085,0.079,0.214
22/12/2019 20:00,0.141,0.141,0.034,0.042,0.318,0.084,0.078,0.216
22/12/2019 21:00,0.109,0.109,0.031,0.039,0.283,0.103,0.096,0.272
22/12/2019 22:00,0.087,0.087,0.021,0.028,0.239,0.108,0.102,0.29
22/12/2019 23:00,0.067,0.067,0.014,0.02,0.193,0.108,0.102,0.288
23/12/2019 00:00,0.051,0.051,0.009,0.015,0.158,0.1,0.094,0.264
23/12/2019 01:00,0.039,0.039,0.008,0.013,0.13,0.092,0.085,0.24
23/12/2019 02:00,0.032,0.032,0.009,0.014,0.11,0.083,0.077,0.219
23/12/2019 03:00,0.03,0.03,0.01,0.015,0.09,0.067,0.063,0.18
23/12/2019 04:00,0.028,0.028,0.01,0.015,0.137,0.057,0.053,0.148
23/12/2019 05:00,0.067,0.067,0.033,0.04,0.262,0.062,0.059,0.157
23/12/2019 06:00,0.106,0.106,0.031,0.039,0.254,0.043,0.041,0.108
23/12/2019 07:00,0.115,0.115,0.026,0.033,0.219,0.02,0.018,0.048
23/12/2019 08:00,0.095,0.095,0.026,0.033,0.187,0.009,0.008,0.022
23/12/2019 09:00,0.08,0.08,0.02,0.027,0.16,0.008,0.007,0.018
23/12/2019 10:00,0.074,0.074,0.009,0.015,0.132,0.009,0.008,0.02
23/12/2019 11:00,0.08,0.08,0.013,0.019,0.107,0.011,0.01,0.024
23/12/2019 12:00,0.104,0.104,0.031,0.038,0.085,0.015,0.014,0.033
23/12/2019 13:00,0.148,0.148,0.043,0.052,0.072,0.022,0.021,0.05
23/12/2019 14:00,0.233,0.233,0.055,0.065,0.066,0.034,0.031,0.077
23/12/2019 15:00,0.364,0.364,0.063,0.074,0.06,0.055,0.05,0.141
23/12/2019 16:00,0.39,0.39,0.04,0.049,0.077,0.077,0.071,0.197
23/12/2019 17:00,0.298,0.298,0.016,0.022,0.108,0.079,0.074,0.195
23/12/2019 18:00,0.217,0.217,0.003,0.007,0.135,0.074,0.069,0.175
23/12/2019 19:00,0.166,0.166,0.006,0.011,0.133,0.081,0.076,0.19
23/12/2019 20:00,0.127,0.127,0.007,0.013,0.14,0.07,0.065,0.162
23/12/2019 21:00,0.094,0.094,0.006,0.011,0.138,0.057,0.052,0.136
23/12/2019 22:00,0.078,0.078,0.005,0.01,0.126,0.058,0.053,0.143
23/12/2019 23:00,0.072,0.072,0.005,0.01,0.103,0.08,0.074,0.206
24/12/2019 00:00,0.07,0.07,0.003,0.007,0.092,0.108,0.101,0.273
24/12/2019 01:00,0.063,0.063,0.003,0.008,0.088,0.13,0.122,0.324
24/12/2019 02:00,0.059,0.059,0.006,0.011,0.09,0.132,0.124,0.338
24/12/2019 03:00,0.049,0.049,0.011,0.017,0.103,0.132,0.124,0.331
24/12/2019 04:00,0.031,0.031,0.013,0.019,0.18,0.121,0.114,0.297
24/12/2019 05:00,0.051,0.051,0.047,0.057,0.331,0.185,0.179,0.442
24/12/2019 06:00,0.072,0.072,0.073,0.085,0.339,0.17,0.165,0.406
24/12/2019 07:00,0.067,0.067,0.061,0.071,0.319,0.111,0.107,0.274
24/12/2019 08:00,0.05,0.05,0.05,0.06,0.297,0.06,0.057,0.146
24/12/2019 09:00,0.04,0.04,0.029,0.037,0.253,0.028,0.027,0.066
24/12/2019 10:00,0.037,0.037,0.019,0.026,0.203,0.02,0.019,0.043
24/12/2019 11:00,0.046,0.046,0.021,0.028,0.162,0.028,0.026,0.055
24/12/2019 12:00,0.062,0.062,0.024,0.031,0.138,0.032,0.029,0.056
24/12/2019 13:00,0.09,0.09,0.015,0.021,0.134,0.031,0.028,0.05
24/12/2019 14:00,0.173,0.173,0.051,0.06,0.145,0.029,0.027,0.049
24/12/2019 15:00,0.324,0.324,0.117,0.138,0.159,0.03,0.027,0.062
24/12/2019 16:00,0.373,0.373,0.101,0.118,0.2,0.037,0.033,0.083
24/12/2019 17:00,0.326,0.326,0.073,0.085,0.24,0.044,0.039,0.1
24/12/2019 18:00,0.239,0.239,0.066,0.078,0.272,0.06,0.055,0.143
24/12/2019 19:00,0.199,0.199,0.057,0.068,0.3,0.074,0.069,0.186
24/12/2019 20:00,0.158,0.158,0.043,0.052,0.287,0.087,0.08,0.221
24/12/2019 21:00,0.144,0.144,0.036,0.044,0.231,0.098,0.091,0.251
24/12/2019 22:00,0.155,0.155,0.018,0.025,0.2,0.123,0.115,0.303
24/12/2019 23:00,0.183,0.183,0.008,0.014,0.179,0.137,0.128,0.342
25/12/2019 00:00,0.182,0.182,0.007,0.012,0.166,0.158,0.149,0.389
25/12/2019 01:00,0.161,0.161,0.01,0.015,0.165,0.148,0.14,0.364
25/12/2019 02:00,0.114,0.114,0.016,0.022,0.164,0.122,0.115,0.307
25/12/2019 03:00,0.069,0.069,0.025,0.032,0.147,0.107,0.1,0.265
25/12/2019 04:00,0.038,0.038,0.031,0.039,0.206,0.102,0.096,0.249
25/12/2019 05:00,0.043,0.043,0.066,0.078,0.35,0.19,0.184,0.448
25/12/2019 06:00,0.049,0.049,0.074,0.087,0.341,0.185,0.179,0.432
25/12/2019 07:00,0.048,0.048,0.056,0.066,0.285,0.128,0.123,0.31
25/12/2019 08:00,0.041,0.041,0.045,0.053,0.226,0.088,0.085,0.215
25/12/2019 09:00,0.035,0.035,0.03,0.038,0.171,0.07,0.067,0.167
25/12/2019 10:00,0.033,0.033,0.01,0.016,0.127,0.061,0.059,0.142
25/12/2019 11:00,0.039,0.039,0.011,0.017,0.097,0.055,0.053,0.123
25/12/2019 12:00,0.05,0.05,0.033,0.04,0.075,0.053,0.05,0.115
25/12/2019 13:00,0.071,0.071,0.05,0.059,0.063,0.061,0.058,0.136
25/12/2019 14:00,0.135,0.135,0.069,0.081,0.055,0.077,0.072,0.181
25/12/2019 15:00,0.273,0.273,0.104,0.123,0.047,0.092,0.086,0.236
25/12/2019 16:00,0.355,0.355,0.084,0.099,0.059,0.096,0.089,0.25
25/12/2019 17:00,0.339,0.339,0.051,0.06,0.079,0.074,0.069,0.192
25/12/2019 18:00,0.279,0.279,0.047,0.056,0.092,0.058,0.053,0.15
25/12/2019 19:00,0.216,0.216,0.045,0.053,0.093,0.057,0.053,0.143
25/12/2019 20:00,0.186,0.186,0.027,0.034,0.086,0.053,0.049,0.133
25/12/2019 21:00,0.212,0.212,0.01,0.015,0.082,0.055,0.051,0.139
25/12/2019 22:00,0.242,0.242,0.003,0.006,0.087,0.057,0.053,0.149
25/12/2019 23:00,0.253,0.253,0.003,0.007,0.104,0.072,0.067,0.192
26/12/2019 00:00,0.236,0.236,0.003,0.007,0.132,0.078,0.072,0.212
26/12/2019 01:00,0.173,0.173,0.003,0.007,0.137,0.067,0.062,0.186
26/12/2019 02:00,0.145,0.145,0.005,0.01,0.132,0.055,0.051,0.158
26/12/2019 03:00,0.104,0.104,0.008,0.014,0.126,0.048,0.044,0.137
26/12/2019 04:00,0.075,0.075,0.007,0.012,0.172,0.045,0.042,0.117
26/12/2019 05:00,0.106,0.106,0.01,0.015,0.273,0.069,0.066,0.173
26/12/2019 06:00,0.141,0.141,0.019,0.025,0.27,0.07,0.066,0.164
26/12/2019 07:00,0.167,0.167,0.009,0.014,0.241,0.045,0.043,0.102
26/12/2019 08:00,0.185,0.185,0.001,0.003,0.215,0.022,0.02,0.048
26/12/2019 09:00,0.194,0.194,0.0,0.0,0.18,0.008,0.006,0.017
26/12/2019 10:00,0.195,0.195,0.0,0.0,0.15,0.003,0.002,0.006
26/12/2019 11:00,0.194,0.194,0.0,0.0,0.126,0.001,0.001,0.003
26/12/2019 12:00,0.209,0.209,0.004,0.008,0.103,0.001,0.0,0.001
26/12/2019 13:00,0.251,0.251,0.052,0.061,0.08,0.001,0.001,0.002
26/12/2019 14:00,0.316,0.316,0.11,0.129,0.059,0.002,0.001,0.004
26/12/2019 15:00,0.378,0.378,0.157,0.186,0.038,0.006,0.004,0.014
26/12/2019 16:00,0.379,0.379,0.168,0.199,0.049,0.012,0.009,0.031
26/12/2019 17:00,0.33,0.33,0.172,0.204,0.079,0.021,0.018,0.059
26/12/2019 18:00,0.259,0.259,0.133,0.157,0.117,0.055,0.051,0.158
26/12/2019 19:00,0.184,0.184,0.082,0.096,0.147,0.08,0.075,0.222
26/12/2019 20:00,0.138,0.138,0.045,0.053,0.154,0.079,0.073,0.217
26/12/2019 21:00,0.12,0.12,0.024,0.031,0.164,0.091,0.085,0.252
26/12/2019 22:00,0.104,0.104,0.013,0.019,0.155,0.102,0.095,0.28
26/12/2019 23:00,0.092,0.092,0.01,0.015,0.146,0.088,0.081,0.243
27/12/2019 00:00,0.091,0.091,0.01,0.016,0.139,0.057,0.052,0.162
27/12/2019 01:00,0.08,0.08,0.01,0.015,0.137,0.032,0.029,0.095
27/12/2019 02:00,0.063,0.063,0.005,0.01,0.132,0.022,0.019,0.069
27/12/2019 03:00,0.045,0.045,0.002,0.005,0.123,0.021,0.019,0.065
27/12/2019 04:00,0.04,0.04,0.0,0.001,0.118,0.021,0.019,0.056
27/12/2019 05:00,0.074,0.074,0.0,0.001,0.219,0.022,0.02,0.057
27/12/2019 06:00,0.077,0.077,0.0,0.0,0.189,0.011,0.01,0.03
27/12/2019 07:00,0.054,0.054,0.0,0.0,0.122,0.004,0.003,0.01
27/12/2019 08:00,0.034,0.034,0.0,0.001,0.075,0.004,0.003,0.01
27/12/2019 09:00,0.022,0.022,0.0,0.002,0.048,0.003,0.002,0.008
27/12/2019 10:00,0.018,0.018,0.0,0.002,0.031,0.004,0.003,0.01
27/12/2019 11:00,0.019,0.019,0.0,0.001,0.019,0.006,0.005,0.013
27/12/2019 12:00,0.03,0.03,0.026,0.033,0.012,0.004,0.003,0.005
27/12/2019 13:00,0.043,0.043,0.03,0.038,0.008,0.001,0.0,0.0
27/12/2019 14:00,0.096,0.096,0.087,0.102,0.006,0.002,0.001,0.002
27/12/2019 15:00,0.218,0.218,0.146,0.173,0.003,0.004,0.003,0.006
27/12/2019 16:00,0.276,0.276,0.116,0.137,0.002,0.005,0.004,0.011
27/12/2019 17:00,0.252,0.252,0.08,0.094,0.002,0.008,0.006,0.021
27/12/2019 18:00,0.204,0.204,0.039,0.048,0.003,0.02,0.017,0.058
27/12/2019 19:00,0.161,0.161,0.013,0.019,0.003,0.037,0.033,0.112
27/12/2019 20:00,0.13,0.13,0.002,0.005,0.002,0.043,0.039,0.137
27/12/2019 21:00,0.109,0.109,0.0,0.002,0.002,0.038,0.034,0.118
27/12/2019 22:00,0.093,0.093,0.0,0.001,0.004,0.023,0.02,0.071
27/12/2019 23:00,0.073,0.073,0.0,0.002,0.011,0.007,0.005,0.022
28/12/2019 00:00,0.059,0.059,0.001,0.003,0.023,0.004,0.003,0.011
28/12/2019 01:00,0.055,0.055,0.003,0.007,0.037,0.004,0.003,0.01
28/12/2019 02:00,0.053,0.053,0.008,0.013,0.049,0.006,0.005,0.015
28/12/2019 03:00,0.051,0.051,0.013,0.019,0.052,0.004,0.003,0.011
28/12/2019 04:00,0.064,0.064,0.013,0.019,0.048,0.004,0.003,0.008
28/12/2019 05:00,0.184,0.184,0.012,0.018,0.042,0.009,0.008,0.022
28/12/2019 06:00,0.184,0.184,0.004,0.008,0.019,0.016,0.014,0.034
28/12/2019 07:00,0.15,0.15,0.0,0.002,0.008,0.018,0.016,0.04
28/12/2019 08:00,0.105,0.105,0.0,0.001,0.005,0.018,0.016,0.04
28/12/2019 09:00,0.082,0.082,0.0,0.001,0.004,0.014,0.012,0.031
28/12/2019 10:00,0.073,0.073,0.0,0.0,0.005,0.008,0.007,0.019
28/12/2019 11:00,0.078,0.078,0.0,0.0,0.007,0.004,0.003,0.008
28/12/2019 12:00,0.098,0.098,0.007,0.012,0.012,0.001,0.001,0.002
28/12/2019 13:00,0.134,0.134,0.023,0.03,0.022,0.003,0.002,0.005
28/12/2019 14:00,0.222,0.222,0.089,0.104,0.035,0.009,0.008,0.018
28/12/2019 15:00,0.336,0.336,0.134,0.158,0.048,0.027,0.023,0.065
28/12/2019 16:00,0.372,0.372,0.104,0.122,0.06,0.04,0.036,0.109
28/12/2019 17:00,0.355,0.355,0.076,0.089,0.069,0.036,0.032,0.107
28/12/2019 18:00,0.306,0.306,0.046,0.055,0.067,0.027,0.024,0.084
28/12/2019 19:00,0.254,0.254,0.022,0.029,0.055,0.02,0.018,0.065
28/12/2019 20:00,0.198,0.198,0.007,0.012,0.046,0.014,0.012,0.044
28/12/2019 21:00,0.179,0.179,0.002,0.005,0.048,0.013,0.011,0.04
28/12/2019 22:00,0.194,0.194,0.0,0.002,0.06,0.015,0.013,0.045
28/12/2019 23:00,0.208,0.208,0.0,0.001,0.07,0.02,0.017,0.061
29/12/2019 00:00,0.195,0.195,0.0,0.001,0.082,0.03,0.027,0.087
29/12/2019 01:00,0.171,0.171,0.0,0.001,0.087,0.045,0.04,0.123
29/12/2019 02:00,0.17,0.17,0.001,0.003,0.075,0.053,0.048,0.139
29/12/2019 03:00,0.154,0.154,0.003,0.006,0.054,0.048,0.044,0.131
29/12/2019 04:00,0.124,0.124,0.005,0.01,0.055,0.033,0.031,0.087
29/12/2019 05:00,0.17,0.17,0.01,0.016,0.096,0.039,0.036,0.104
29/12/2019 06:00,0.207,0.207,0.015,0.021,0.098,0.04,0.037,0.109
29/12/2019 07:00,0.206,0.206,0.012,0.018,0.088,0.031,0.028,0.082
29/12/2019 08:00,0.192,0.192,0.01,0.016,0.089,0.024,0.022,0.061
29/12/2019 09:00,0.177,0.177,0.01,0.015,0.098,0.032,0.03,0.077
29/12/2019 10:00,0.181,0.181,0.015,0.021,0.108,0.046,0.044,0.108
29/12/2019 11:00,0.199,0.199,0.024,0.03,0.122,0.065,0.061,0.145
29/12/2019 12:00,0.233,0.233,0.063,0.074,0.148,0.096,0.092,0.217
29/12/2019 13:00,0.293,0.293,0.115,0.135,0.181,0.134,0.129,0.305
29/12/2019 14:00,0.347,0.347,0.192,0.227,0.206,0.17,0.164,0.397
29/12/2019 15:00,0.356,0.356,0.178,0.21,0.195,0.166,0.159,0.414
29/12/2019 16:00,0.348,0.348,0.151,0.178,0.202,0.137,0.129,0.358
29/12/2019 17:00,0.342,0.342,0.107,0.125,0.219,0.119,0.112,0.311
29/12/2019 18:00,0.303,0.303,0.102,0.12,0.21,0.132,0.124,0.333
29/12/2019 19:00,0.262,0.262,0.09,0.106,0.195,0.177,0.169,0.419
29/12/2019 20:00,0.223,0.223,0.074,0.087,0.189,0.192,0.183,0.453
29/12/2019 21:00,0.193,0.193,0.054,0.064,0.175,0.198,0.189,0.467
29/12/2019 22:00,0.172,0.172,0.031,0.038,0.156,0.191,0.183,0.455
29/12/2019 23:00,0.143,0.143,0.014,0.02,0.144,0.199,0.191,0.462
30/12/2019 00:00,0.137,0.137,0.009,0.015,0.136,0.197,0.187,0.455
30/12/2019 01:00,0.14,0.14,0.017,0.024,0.127,0.183,0.174,0.43
30/12/2019 02:00,0.141,0.141,0.03,0.038,0.121,0.165,0.156,0.384
30/12/2019 03:00,0.125,0.125,0.04,0.048,0.098,0.142,0.134,0.325
30/12/2019 04:00,0.101,0.101,0.033,0.041,0.089,0.132,0.126,0.304
30/12/2019 05:00,0.184,0.184,0.043,0.051,0.275,0.292,0.285,0.61
30/12/2019 06:00,0.236,0.236,0.065,0.077,0.425,0.316,0.31,0.639
30/12/2019 07:00,0.268,0.268,0.079,0.093,0.469,0.215,0.209,0.478
30/12/2019 08:00,0.288,0.288,0.087,0.102,0.473,0.141,0.136,0.329
30/12/2019 09:00,0.309,0.309,0.096,0.112,0.444,0.119,0.114,0.282
30/12/2019 10:00,0.33,0.33,0.097,0.114,0.392,0.125,0.121,0.296
30/12/2019 11:00,0.344,0.344,0.088,0.103,0.348,0.139,0.134,0.325
30/12/2019 12:00,0.342,0.342,0.089,0.104,0.318,0.148,0.143,0.349
30/12/2019 13:00,0.339,0.339,0.109,0.128,0.311,0.161,0.157,0.379
30/12/2019 14:00,0.325,0.325,0.16,0.189,0.313,0.185,0.178,0.434
30/12/2019 15:00,0.343,0.343,0.184,0.218,0.292,0.207,0.197,0.494
30/12/2019 16:00,0.355,0.355,0.134,0.159,0.307,0.254,0.243,0.585
30/12/2019 17:00,0.323,0.323,0.085,0.1,0.293,0.272,0.26,0.615
30/12/2019 18:00,0.25,0.25,0.056,0.066,0.276,0.253,0.242,0.59
30/12/2019 19:00,0.185,0.185,0.038,0.046,0.265,0.234,0.223,0.561
30/12/2019 20:00,0.144,0.144,0.03,0.038,0.257,0.219,0.209,0.527
30/12/2019 21:00,0.124,0.124,0.025,0.032,0.249,0.204,0.194,0.5
30/12/2019 22:00,0.12,0.12,0.023,0.03,0.221,0.207,0.197,0.506
30/12/2019 23:00,0.122,0.122,0.022,0.028,0.208,0.2,0.19,0.494
31/12/2019 00:00,0.119,0.119,0.026,0.033,0.198,0.198,0.187,0.483
31/12/2019 01:00,0.103,0.103,0.03,0.038,0.197,0.193,0.181,0.465
31/12/2019 02:00,0.076,0.076,0.035,0.043,0.175,0.18,0.168,0.431
31/12/2019 03:00,0.048,0.048,0.041,0.049,0.144,0.179,0.168,0.42
31/12/2019 04:00,0.037,0.037,0.036,0.044,0.151,0.152,0.145,0.352
31/12/2019 05:00,0.126,0.126,0.12,0.141,0.39,0.253,0.248,0.56
31/12/2019 06:00,0.213,0.213,0.187,0.221,0.511,0.262,0.256,0.57
31/12/2019 07:00,0.257,0.257,0.195,0.231,0.507,0.195,0.19,0.452
31/12/2019 08:00,0.268,0.268,0.183,0.216,0.475,0.158,0.153,0.37
31/12/2019 09:00,0.268,0.268,0.161,0.19,0.437,0.144,0.141,0.338
31/12/2019 10:00,0.268,0.268,0.133,0.157,0.403,0.143,0.139,0.332
31/12/2019 11:00,0.265,0.265,0.11,0.129,0.388,0.151,0.146,0.348
31/12/2019 12:00,0.273,0.273,0.098,0.115,0.383,0.17,0.165,0.387
31/12/2019 13:00,0.292,0.292,0.099,0.116,0.384,0.21,0.205,0.468
31/12/2019 14:00,0.305,0.305,0.13,0.153,0.379,0.268,0.261,0.576
31/12/2019 15:00,0.348,0.348,0.16,0.189,0.324,0.31,0.298,0.653
31/12/2019 16:00,0.355,0.355,0.116,0.136,0.335,0.35,0.338,0.707
31/12/2019 17:00,0.306,0.306,0.072,0.085,0.351,0.366,0.354,0.727
31/12/2019 18:00,0.233,0.233,0.039,0.047,0.353,0.344,0.333,0.701
31/12/2019 19:00,0.179,0.179,0.026,0.033,0.339,0.331,0.319,0.685
31/12/2019 20:00,0.134,0.134,0.028,0.035,0.308,0.311,0.299,0.657
31/12/2019 21:00,0.122,0.122,0.032,0.04,0.285,0.266,0.254,0.591
31/12/2019 22:00,0.12,0.12,0.03,0.037,0.265,0.223,0.212,0.516
31/12/2019 23:00,0.104,0.104,0.026,0.033,0.222,0.2,0.191,0.471
