date,NGA_E
01/01/2019 00:00,0.773
01/01/2019 01:00,0.737
01/01/2019 02:00,0.734
01/01/2019 03:00,0.747
01/01/2019 04:00,0.747
01/01/2019 05:00,0.746
01/01/2019 06:00,0.75
01/01/2019 07:00,0.737
01/01/2019 08:00,0.836
01/01/2019 09:00,0.791
01/01/2019 10:00,0.755
01/01/2019 11:00,0.743
01/01/2019 12:00,0.737
01/01/2019 13:00,0.728
01/01/2019 14:00,0.724
01/01/2019 15:00,0.711
01/01/2019 16:00,0.675
01/01/2019 17:00,0.613
01/01/2019 18:00,0.647
01/01/2019 19:00,0.707
01/01/2019 20:00,0.742
01/01/2019 21:00,0.763
01/01/2019 22:00,0.785
01/01/2019 23:00,0.796
02/01/2019 00:00,0.809
02/01/2019 01:00,0.809
02/01/2019 02:00,0.799
02/01/2019 03:00,0.788
02/01/2019 04:00,0.787
02/01/2019 05:00,0.786
02/01/2019 06:00,0.785
02/01/2019 07:00,0.78
02/01/2019 08:00,0.901
02/01/2019 09:00,0.889
02/01/2019 10:00,0.84
02/01/2019 11:00,0.781
02/01/2019 12:00,0.701
02/01/2019 13:00,0.603
02/01/2019 14:00,0.519
02/01/2019 15:00,0.479
02/01/2019 16:00,0.47
02/01/2019 17:00,0.48
02/01/2019 18:00,0.601
02/01/2019 19:00,0.683
02/01/2019 20:00,0.695
02/01/2019 21:00,0.712
02/01/2019 22:00,0.729
02/01/2019 23:00,0.741
03/01/2019 00:00,0.751
03/01/2019 01:00,0.759
03/01/2019 02:00,0.75
03/01/2019 03:00,0.746
03/01/2019 04:00,0.731
03/01/2019 05:00,0.72
03/01/2019 06:00,0.705
03/01/2019 07:00,0.645
03/01/2019 08:00,0.754
03/01/2019 09:00,0.669
03/01/2019 10:00,0.561
03/01/2019 11:00,0.474
03/01/2019 12:00,0.4
03/01/2019 13:00,0.344
03/01/2019 14:00,0.312
03/01/2019 15:00,0.306
03/01/2019 16:00,0.316
03/01/2019 17:00,0.367
03/01/2019 18:00,0.518
03/01/2019 19:00,0.604
03/01/2019 20:00,0.619
03/01/2019 21:00,0.586
03/01/2019 22:00,0.578
03/01/2019 23:00,0.586
04/01/2019 00:00,0.599
04/01/2019 01:00,0.598
04/01/2019 02:00,0.599
04/01/2019 03:00,0.603
04/01/2019 04:00,0.582
04/01/2019 05:00,0.547
04/01/2019 06:00,0.539
04/01/2019 07:00,0.488
04/01/2019 08:00,0.605
04/01/2019 09:00,0.685
04/01/2019 10:00,0.642
04/01/2019 11:00,0.583
04/01/2019 12:00,0.532
04/01/2019 13:00,0.515
04/01/2019 14:00,0.514
04/01/2019 15:00,0.525
04/01/2019 16:00,0.539
04/01/2019 17:00,0.531
04/01/2019 18:00,0.558
04/01/2019 19:00,0.59
04/01/2019 20:00,0.608
04/01/2019 21:00,0.628
04/01/2019 22:00,0.644
04/01/2019 23:00,0.676
05/01/2019 00:00,0.707
05/01/2019 01:00,0.713
05/01/2019 02:00,0.713
05/01/2019 03:00,0.73
05/01/2019 04:00,0.741
05/01/2019 05:00,0.741
05/01/2019 06:00,0.737
05/01/2019 07:00,0.679
05/01/2019 08:00,0.846
05/01/2019 09:00,0.839
05/01/2019 10:00,0.785
05/01/2019 11:00,0.741
05/01/2019 12:00,0.703
05/01/2019 13:00,0.679
05/01/2019 14:00,0.672
05/01/2019 15:00,0.682
05/01/2019 16:00,0.682
05/01/2019 17:00,0.642
05/01/2019 18:00,0.639
05/01/2019 19:00,0.642
05/01/2019 20:00,0.635
05/01/2019 21:00,0.638
05/01/2019 22:00,0.676
05/01/2019 23:00,0.746
06/01/2019 00:00,0.799
06/01/2019 01:00,0.832
06/01/2019 02:00,0.845
06/01/2019 03:00,0.847
06/01/2019 04:00,0.845
06/01/2019 05:00,0.845
06/01/2019 06:00,0.837
06/01/2019 07:00,0.808
06/01/2019 08:00,0.876
06/01/2019 09:00,0.815
06/01/2019 10:00,0.714
06/01/2019 11:00,0.615
06/01/2019 12:00,0.558
06/01/2019 13:00,0.556
06/01/2019 14:00,0.585
06/01/2019 15:00,0.608
06/01/2019 16:00,0.617
06/01/2019 17:00,0.608
06/01/2019 18:00,0.682
06/01/2019 19:00,0.735
06/01/2019 20:00,0.741
06/01/2019 21:00,0.741
06/01/2019 22:00,0.773
06/01/2019 23:00,0.791
07/01/2019 00:00,0.793
07/01/2019 01:00,0.806
07/01/2019 02:00,0.814
07/01/2019 03:00,0.816
07/01/2019 04:00,0.807
07/01/2019 05:00,0.799
07/01/2019 06:00,0.788
07/01/2019 07:00,0.778
07/01/2019 08:00,0.844
07/01/2019 09:00,0.77
07/01/2019 10:00,0.674
07/01/2019 11:00,0.601
07/01/2019 12:00,0.521
07/01/2019 13:00,0.472
07/01/2019 14:00,0.45
07/01/2019 15:00,0.455
07/01/2019 16:00,0.471
07/01/2019 17:00,0.488
07/01/2019 18:00,0.571
07/01/2019 19:00,0.626
07/01/2019 20:00,0.658
07/01/2019 21:00,0.694
07/01/2019 22:00,0.721
07/01/2019 23:00,0.737
08/01/2019 00:00,0.746
08/01/2019 01:00,0.753
08/01/2019 02:00,0.743
08/01/2019 03:00,0.705
08/01/2019 04:00,0.696
08/01/2019 05:00,0.696
08/01/2019 06:00,0.68
08/01/2019 07:00,0.736
08/01/2019 08:00,0.834
08/01/2019 09:00,0.792
08/01/2019 10:00,0.737
08/01/2019 11:00,0.699
08/01/2019 12:00,0.663
08/01/2019 13:00,0.639
08/01/2019 14:00,0.624
08/01/2019 15:00,0.612
08/01/2019 16:00,0.596
08/01/2019 17:00,0.558
08/01/2019 18:00,0.617
08/01/2019 19:00,0.66
08/01/2019 20:00,0.672
08/01/2019 21:00,0.687
08/01/2019 22:00,0.704
08/01/2019 23:00,0.718
09/01/2019 00:00,0.729
09/01/2019 01:00,0.738
09/01/2019 02:00,0.747
09/01/2019 03:00,0.763
09/01/2019 04:00,0.776
09/01/2019 05:00,0.77
09/01/2019 06:00,0.747
09/01/2019 07:00,0.705
09/01/2019 08:00,0.797
09/01/2019 09:00,0.715
09/01/2019 10:00,0.607
09/01/2019 11:00,0.513
09/01/2019 12:00,0.422
09/01/2019 13:00,0.379
09/01/2019 14:00,0.383
09/01/2019 15:00,0.407
09/01/2019 16:00,0.426
09/01/2019 17:00,0.435
09/01/2019 18:00,0.519
09/01/2019 19:00,0.537
09/01/2019 20:00,0.492
09/01/2019 21:00,0.44
09/01/2019 22:00,0.402
09/01/2019 23:00,0.4
10/01/2019 00:00,0.459
10/01/2019 01:00,0.541
10/01/2019 02:00,0.586
10/01/2019 03:00,0.601
10/01/2019 04:00,0.578
10/01/2019 05:00,0.538
10/01/2019 06:00,0.499
10/01/2019 07:00,0.348
10/01/2019 08:00,0.253
10/01/2019 09:00,0.193
10/01/2019 10:00,0.135
10/01/2019 11:00,0.112
10/01/2019 12:00,0.115
10/01/2019 13:00,0.137
10/01/2019 14:00,0.158
10/01/2019 15:00,0.159
10/01/2019 16:00,0.16
10/01/2019 17:00,0.187
10/01/2019 18:00,0.225
10/01/2019 19:00,0.236
10/01/2019 20:00,0.279
10/01/2019 21:00,0.365
10/01/2019 22:00,0.466
10/01/2019 23:00,0.552
11/01/2019 00:00,0.615
11/01/2019 01:00,0.653
11/01/2019 02:00,0.668
11/01/2019 03:00,0.646
11/01/2019 04:00,0.586
11/01/2019 05:00,0.529
11/01/2019 06:00,0.495
11/01/2019 07:00,0.337
11/01/2019 08:00,0.22
11/01/2019 09:00,0.284
11/01/2019 10:00,0.32
11/01/2019 11:00,0.376
11/01/2019 12:00,0.414
11/01/2019 13:00,0.434
11/01/2019 14:00,0.451
11/01/2019 15:00,0.475
11/01/2019 16:00,0.486
11/01/2019 17:00,0.457
11/01/2019 18:00,0.466
11/01/2019 19:00,0.422
11/01/2019 20:00,0.36
11/01/2019 21:00,0.328
11/01/2019 22:00,0.341
11/01/2019 23:00,0.396
12/01/2019 00:00,0.476
12/01/2019 01:00,0.565
12/01/2019 02:00,0.634
12/01/2019 03:00,0.663
12/01/2019 04:00,0.673
12/01/2019 05:00,0.674
12/01/2019 06:00,0.661
12/01/2019 07:00,0.499
12/01/2019 08:00,0.491
12/01/2019 09:00,0.554
12/01/2019 10:00,0.505
12/01/2019 11:00,0.459
12/01/2019 12:00,0.422
12/01/2019 13:00,0.389
12/01/2019 14:00,0.364
12/01/2019 15:00,0.346
12/01/2019 16:00,0.323
12/01/2019 17:00,0.294
12/01/2019 18:00,0.325
12/01/2019 19:00,0.373
12/01/2019 20:00,0.435
12/01/2019 21:00,0.494
12/01/2019 22:00,0.556
12/01/2019 23:00,0.574
13/01/2019 00:00,0.586
13/01/2019 01:00,0.593
13/01/2019 02:00,0.595
13/01/2019 03:00,0.585
13/01/2019 04:00,0.568
13/01/2019 05:00,0.552
13/01/2019 06:00,0.54
13/01/2019 07:00,0.391
13/01/2019 08:00,0.418
13/01/2019 09:00,0.536
13/01/2019 10:00,0.434
13/01/2019 11:00,0.337
13/01/2019 12:00,0.296
13/01/2019 13:00,0.274
13/01/2019 14:00,0.244
13/01/2019 15:00,0.229
13/01/2019 16:00,0.237
13/01/2019 17:00,0.272
13/01/2019 18:00,0.337
13/01/2019 19:00,0.32
13/01/2019 20:00,0.297
13/01/2019 21:00,0.36
13/01/2019 22:00,0.508
13/01/2019 23:00,0.615
14/01/2019 00:00,0.657
14/01/2019 01:00,0.671
14/01/2019 02:00,0.668
14/01/2019 03:00,0.665
14/01/2019 04:00,0.638
14/01/2019 05:00,0.551
14/01/2019 06:00,0.451
14/01/2019 07:00,0.337
14/01/2019 08:00,0.31
14/01/2019 09:00,0.195
14/01/2019 10:00,0.08
14/01/2019 11:00,0.031
14/01/2019 12:00,0.012
14/01/2019 13:00,0.005
14/01/2019 14:00,0.007
14/01/2019 15:00,0.035
14/01/2019 16:00,0.076
14/01/2019 17:00,0.192
14/01/2019 18:00,0.302
14/01/2019 19:00,0.231
14/01/2019 20:00,0.157
14/01/2019 21:00,0.196
14/01/2019 22:00,0.343
14/01/2019 23:00,0.496
15/01/2019 00:00,0.621
15/01/2019 01:00,0.722
15/01/2019 02:00,0.759
15/01/2019 03:00,0.726
15/01/2019 04:00,0.642
15/01/2019 05:00,0.56
15/01/2019 06:00,0.496
15/01/2019 07:00,0.343
15/01/2019 08:00,0.31
15/01/2019 09:00,0.268
15/01/2019 10:00,0.227
15/01/2019 11:00,0.195
15/01/2019 12:00,0.172
15/01/2019 13:00,0.154
15/01/2019 14:00,0.141
15/01/2019 15:00,0.145
15/01/2019 16:00,0.177
15/01/2019 17:00,0.279
15/01/2019 18:00,0.446
15/01/2019 19:00,0.502
15/01/2019 20:00,0.504
15/01/2019 21:00,0.532
15/01/2019 22:00,0.578
15/01/2019 23:00,0.623
16/01/2019 00:00,0.664
16/01/2019 01:00,0.683
16/01/2019 02:00,0.684
16/01/2019 03:00,0.672
16/01/2019 04:00,0.647
16/01/2019 05:00,0.618
16/01/2019 06:00,0.599
16/01/2019 07:00,0.505
16/01/2019 08:00,0.637
16/01/2019 09:00,0.619
16/01/2019 10:00,0.494
16/01/2019 11:00,0.367
16/01/2019 12:00,0.295
16/01/2019 13:00,0.261
16/01/2019 14:00,0.245
16/01/2019 15:00,0.24
16/01/2019 16:00,0.271
16/01/2019 17:00,0.366
16/01/2019 18:00,0.562
16/01/2019 19:00,0.678
16/01/2019 20:00,0.722
16/01/2019 21:00,0.71
16/01/2019 22:00,0.703
16/01/2019 23:00,0.701
17/01/2019 00:00,0.704
17/01/2019 01:00,0.695
17/01/2019 02:00,0.683
17/01/2019 03:00,0.677
17/01/2019 04:00,0.69
17/01/2019 05:00,0.711
17/01/2019 06:00,0.726
17/01/2019 07:00,0.63
17/01/2019 08:00,0.722
17/01/2019 09:00,0.718
17/01/2019 10:00,0.618
17/01/2019 11:00,0.491
17/01/2019 12:00,0.386
17/01/2019 13:00,0.316
17/01/2019 14:00,0.281
17/01/2019 15:00,0.288
17/01/2019 16:00,0.335
17/01/2019 17:00,0.414
17/01/2019 18:00,0.579
17/01/2019 19:00,0.663
17/01/2019 20:00,0.682
17/01/2019 21:00,0.677
17/01/2019 22:00,0.658
17/01/2019 23:00,0.655
18/01/2019 00:00,0.688
18/01/2019 01:00,0.674
18/01/2019 02:00,0.657
18/01/2019 03:00,0.647
18/01/2019 04:00,0.65
18/01/2019 05:00,0.656
18/01/2019 06:00,0.659
18/01/2019 07:00,0.531
18/01/2019 08:00,0.506
18/01/2019 09:00,0.513
18/01/2019 10:00,0.382
18/01/2019 11:00,0.276
18/01/2019 12:00,0.218
18/01/2019 13:00,0.194
18/01/2019 14:00,0.195
18/01/2019 15:00,0.214
18/01/2019 16:00,0.259
18/01/2019 17:00,0.334
18/01/2019 18:00,0.459
18/01/2019 19:00,0.533
18/01/2019 20:00,0.579
18/01/2019 21:00,0.603
18/01/2019 22:00,0.615
18/01/2019 23:00,0.607
19/01/2019 00:00,0.575
19/01/2019 01:00,0.522
19/01/2019 02:00,0.445
19/01/2019 03:00,0.369
19/01/2019 04:00,0.3
19/01/2019 05:00,0.264
19/01/2019 06:00,0.272
19/01/2019 07:00,0.227
19/01/2019 08:00,0.142
19/01/2019 09:00,0.13
19/01/2019 10:00,0.135
19/01/2019 11:00,0.146
19/01/2019 12:00,0.167
19/01/2019 13:00,0.17
19/01/2019 14:00,0.157
19/01/2019 15:00,0.134
19/01/2019 16:00,0.1
19/01/2019 17:00,0.082
19/01/2019 18:00,0.062
19/01/2019 19:00,0.021
19/01/2019 20:00,0.001
19/01/2019 21:00,0.0
19/01/2019 22:00,0.003
19/01/2019 23:00,0.048
20/01/2019 00:00,0.116
20/01/2019 01:00,0.15
20/01/2019 02:00,0.131
20/01/2019 03:00,0.085
20/01/2019 04:00,0.042
20/01/2019 05:00,0.012
20/01/2019 06:00,0.002
20/01/2019 07:00,0.001
20/01/2019 08:00,0.001
20/01/2019 09:00,0.0
20/01/2019 10:00,0.0
20/01/2019 11:00,0.0
20/01/2019 12:00,0.0
20/01/2019 13:00,0.0
20/01/2019 14:00,0.009
20/01/2019 15:00,0.027
20/01/2019 16:00,0.047
20/01/2019 17:00,0.113
20/01/2019 18:00,0.218
20/01/2019 19:00,0.226
20/01/2019 20:00,0.176
20/01/2019 21:00,0.105
20/01/2019 22:00,0.058
20/01/2019 23:00,0.085
21/01/2019 00:00,0.162
21/01/2019 01:00,0.22
21/01/2019 02:00,0.219
21/01/2019 03:00,0.172
21/01/2019 04:00,0.108
21/01/2019 05:00,0.05
21/01/2019 06:00,0.015
21/01/2019 07:00,0.001
21/01/2019 08:00,0.0
21/01/2019 09:00,0.002
21/01/2019 10:00,0.002
21/01/2019 11:00,0.001
21/01/2019 12:00,0.003
21/01/2019 13:00,0.008
21/01/2019 14:00,0.015
21/01/2019 15:00,0.022
21/01/2019 16:00,0.035
21/01/2019 17:00,0.065
21/01/2019 18:00,0.118
21/01/2019 19:00,0.121
21/01/2019 20:00,0.099
21/01/2019 21:00,0.076
21/01/2019 22:00,0.066
21/01/2019 23:00,0.078
22/01/2019 00:00,0.12
22/01/2019 01:00,0.176
22/01/2019 02:00,0.215
22/01/2019 03:00,0.223
22/01/2019 04:00,0.193
22/01/2019 05:00,0.147
22/01/2019 06:00,0.117
22/01/2019 07:00,0.077
22/01/2019 08:00,0.053
22/01/2019 09:00,0.078
22/01/2019 10:00,0.072
22/01/2019 11:00,0.066
22/01/2019 12:00,0.06
22/01/2019 13:00,0.052
22/01/2019 14:00,0.038
22/01/2019 15:00,0.028
22/01/2019 16:00,0.029
22/01/2019 17:00,0.052
22/01/2019 18:00,0.087
22/01/2019 19:00,0.076
22/01/2019 20:00,0.036
22/01/2019 21:00,0.003
22/01/2019 22:00,0.0
22/01/2019 23:00,0.002
23/01/2019 00:00,0.037
23/01/2019 01:00,0.084
23/01/2019 02:00,0.101
23/01/2019 03:00,0.094
23/01/2019 04:00,0.069
23/01/2019 05:00,0.036
23/01/2019 06:00,0.016
23/01/2019 07:00,0.005
23/01/2019 08:00,0.0
23/01/2019 09:00,0.0
23/01/2019 10:00,0.0
23/01/2019 11:00,0.0
23/01/2019 12:00,0.0
23/01/2019 13:00,0.003
23/01/2019 14:00,0.011
23/01/2019 15:00,0.018
23/01/2019 16:00,0.026
23/01/2019 17:00,0.056
23/01/2019 18:00,0.133
23/01/2019 19:00,0.172
23/01/2019 20:00,0.179
23/01/2019 21:00,0.173
23/01/2019 22:00,0.175
23/01/2019 23:00,0.174
24/01/2019 00:00,0.158
24/01/2019 01:00,0.14
24/01/2019 02:00,0.12
24/01/2019 03:00,0.112
24/01/2019 04:00,0.112
24/01/2019 05:00,0.123
24/01/2019 06:00,0.117
24/01/2019 07:00,0.093
24/01/2019 08:00,0.096
24/01/2019 09:00,0.058
24/01/2019 10:00,0.012
24/01/2019 11:00,0.0
24/01/2019 12:00,0.0
24/01/2019 13:00,0.0
24/01/2019 14:00,0.002
24/01/2019 15:00,0.025
24/01/2019 16:00,0.046
24/01/2019 17:00,0.077
24/01/2019 18:00,0.128
24/01/2019 19:00,0.113
24/01/2019 20:00,0.061
24/01/2019 21:00,0.019
24/01/2019 22:00,0.003
24/01/2019 23:00,0.0
25/01/2019 00:00,0.0
25/01/2019 01:00,0.027
25/01/2019 02:00,0.091
25/01/2019 03:00,0.138
25/01/2019 04:00,0.114
25/01/2019 05:00,0.08
25/01/2019 06:00,0.09
25/01/2019 07:00,0.076
25/01/2019 08:00,0.12
25/01/2019 09:00,0.14
25/01/2019 10:00,0.134
25/01/2019 11:00,0.112
25/01/2019 12:00,0.089
25/01/2019 13:00,0.07
25/01/2019 14:00,0.054
25/01/2019 15:00,0.041
25/01/2019 16:00,0.037
25/01/2019 17:00,0.067
25/01/2019 18:00,0.15
25/01/2019 19:00,0.174
25/01/2019 20:00,0.122
25/01/2019 21:00,0.084
25/01/2019 22:00,0.121
25/01/2019 23:00,0.201
26/01/2019 00:00,0.24
26/01/2019 01:00,0.207
26/01/2019 02:00,0.157
26/01/2019 03:00,0.118
26/01/2019 04:00,0.061
26/01/2019 05:00,0.021
26/01/2019 06:00,0.004
26/01/2019 07:00,0.002
26/01/2019 08:00,0.015
26/01/2019 09:00,0.031
26/01/2019 10:00,0.029
26/01/2019 11:00,0.019
26/01/2019 12:00,0.015
26/01/2019 13:00,0.022
26/01/2019 14:00,0.032
26/01/2019 15:00,0.042
26/01/2019 16:00,0.058
26/01/2019 17:00,0.099
26/01/2019 18:00,0.201
26/01/2019 19:00,0.238
26/01/2019 20:00,0.199
26/01/2019 21:00,0.112
26/01/2019 22:00,0.063
26/01/2019 23:00,0.066
27/01/2019 00:00,0.091
27/01/2019 01:00,0.1
27/01/2019 02:00,0.067
27/01/2019 03:00,0.023
27/01/2019 04:00,0.003
27/01/2019 05:00,0.002
27/01/2019 06:00,0.005
27/01/2019 07:00,0.006
27/01/2019 08:00,0.009
27/01/2019 09:00,0.011
27/01/2019 10:00,0.004
27/01/2019 11:00,0.0
27/01/2019 12:00,0.0
27/01/2019 13:00,0.0
27/01/2019 14:00,0.0
27/01/2019 15:00,0.001
27/01/2019 16:00,0.009
27/01/2019 17:00,0.029
27/01/2019 18:00,0.086
27/01/2019 19:00,0.097
27/01/2019 20:00,0.069
27/01/2019 21:00,0.03
27/01/2019 22:00,0.004
27/01/2019 23:00,0.004
28/01/2019 00:00,0.064
28/01/2019 01:00,0.136
28/01/2019 02:00,0.155
28/01/2019 03:00,0.114
28/01/2019 04:00,0.07
28/01/2019 05:00,0.05
28/01/2019 06:00,0.048
28/01/2019 07:00,0.028
28/01/2019 08:00,0.002
28/01/2019 09:00,0.0
28/01/2019 10:00,0.0
28/01/2019 11:00,0.0
28/01/2019 12:00,0.001
28/01/2019 13:00,0.001
28/01/2019 14:00,0.002
28/01/2019 15:00,0.018
28/01/2019 16:00,0.039
28/01/2019 17:00,0.065
28/01/2019 18:00,0.131
28/01/2019 19:00,0.146
28/01/2019 20:00,0.114
28/01/2019 21:00,0.075
28/01/2019 22:00,0.056
28/01/2019 23:00,0.044
29/01/2019 00:00,0.039
29/01/2019 01:00,0.038
29/01/2019 02:00,0.032
29/01/2019 03:00,0.028
29/01/2019 04:00,0.043
29/01/2019 05:00,0.116
29/01/2019 06:00,0.252
29/01/2019 07:00,0.348
29/01/2019 08:00,0.461
29/01/2019 09:00,0.42
29/01/2019 10:00,0.302
29/01/2019 11:00,0.227
29/01/2019 12:00,0.18
29/01/2019 13:00,0.153
29/01/2019 14:00,0.143
29/01/2019 15:00,0.141
29/01/2019 16:00,0.159
29/01/2019 17:00,0.249
29/01/2019 18:00,0.463
29/01/2019 19:00,0.506
29/01/2019 20:00,0.395
29/01/2019 21:00,0.238
29/01/2019 22:00,0.123
29/01/2019 23:00,0.081
30/01/2019 00:00,0.12
30/01/2019 01:00,0.184
30/01/2019 02:00,0.269
30/01/2019 03:00,0.401
30/01/2019 04:00,0.51
30/01/2019 05:00,0.566
30/01/2019 06:00,0.598
30/01/2019 07:00,0.487
30/01/2019 08:00,0.576
30/01/2019 09:00,0.494
30/01/2019 10:00,0.33
30/01/2019 11:00,0.237
30/01/2019 12:00,0.176
30/01/2019 13:00,0.139
30/01/2019 14:00,0.127
30/01/2019 15:00,0.124
30/01/2019 16:00,0.131
30/01/2019 17:00,0.172
30/01/2019 18:00,0.285
30/01/2019 19:00,0.391
30/01/2019 20:00,0.476
30/01/2019 21:00,0.544
30/01/2019 22:00,0.607
30/01/2019 23:00,0.642
31/01/2019 00:00,0.667
31/01/2019 01:00,0.68
31/01/2019 02:00,0.683
31/01/2019 03:00,0.68
31/01/2019 04:00,0.677
31/01/2019 05:00,0.664
31/01/2019 06:00,0.635
31/01/2019 07:00,0.538
31/01/2019 08:00,0.68
31/01/2019 09:00,0.646
31/01/2019 10:00,0.468
31/01/2019 11:00,0.305
31/01/2019 12:00,0.226
31/01/2019 13:00,0.204
31/01/2019 14:00,0.202
31/01/2019 15:00,0.225
31/01/2019 16:00,0.301
31/01/2019 17:00,0.388
31/01/2019 18:00,0.495
31/01/2019 19:00,0.545
31/01/2019 20:00,0.583
31/01/2019 21:00,0.627
31/01/2019 22:00,0.651
31/01/2019 23:00,0.657
01/02/2019 00:00,0.666
01/02/2019 01:00,0.657
01/02/2019 02:00,0.651
01/02/2019 03:00,0.647
01/02/2019 04:00,0.628
01/02/2019 05:00,0.604
01/02/2019 06:00,0.58
01/02/2019 07:00,0.419
01/02/2019 08:00,0.418
01/02/2019 09:00,0.439
01/02/2019 10:00,0.372
01/02/2019 11:00,0.323
01/02/2019 12:00,0.3
01/02/2019 13:00,0.306
01/02/2019 14:00,0.313
01/02/2019 15:00,0.311
01/02/2019 16:00,0.289
01/02/2019 17:00,0.302
01/02/2019 18:00,0.45
01/02/2019 19:00,0.599
01/02/2019 20:00,0.682
01/02/2019 21:00,0.705
01/02/2019 22:00,0.674
01/02/2019 23:00,0.601
02/02/2019 00:00,0.523
02/02/2019 01:00,0.458
02/02/2019 02:00,0.388
02/02/2019 03:00,0.278
02/02/2019 04:00,0.155
02/02/2019 05:00,0.068
02/02/2019 06:00,0.027
02/02/2019 07:00,0.006
02/02/2019 08:00,0.0
02/02/2019 09:00,0.0
02/02/2019 10:00,0.002
02/02/2019 11:00,0.008
02/02/2019 12:00,0.015
02/02/2019 13:00,0.019
02/02/2019 14:00,0.014
02/02/2019 15:00,0.009
02/02/2019 16:00,0.008
02/02/2019 17:00,0.018
02/02/2019 18:00,0.035
02/02/2019 19:00,0.029
02/02/2019 20:00,0.008
02/02/2019 21:00,0.0
02/02/2019 22:00,0.0
02/02/2019 23:00,0.0
03/02/2019 00:00,0.008
03/02/2019 01:00,0.035
03/02/2019 02:00,0.061
03/02/2019 03:00,0.067
03/02/2019 04:00,0.041
03/02/2019 05:00,0.018
03/02/2019 06:00,0.015
03/02/2019 07:00,0.018
03/02/2019 08:00,0.0
03/02/2019 09:00,0.0
03/02/2019 10:00,0.0
03/02/2019 11:00,0.001
03/02/2019 12:00,0.006
03/02/2019 13:00,0.012
03/02/2019 14:00,0.016
03/02/2019 15:00,0.022
03/02/2019 16:00,0.033
03/02/2019 17:00,0.068
03/02/2019 18:00,0.093
03/02/2019 19:00,0.052
03/02/2019 20:00,0.009
03/02/2019 21:00,0.001
03/02/2019 22:00,0.0
03/02/2019 23:00,0.0
04/02/2019 00:00,0.001
04/02/2019 01:00,0.007
04/02/2019 02:00,0.011
04/02/2019 03:00,0.009
04/02/2019 04:00,0.006
04/02/2019 05:00,0.008
04/02/2019 06:00,0.012
04/02/2019 07:00,0.012
04/02/2019 08:00,0.002
04/02/2019 09:00,0.0
04/02/2019 10:00,0.0
04/02/2019 11:00,0.0
04/02/2019 12:00,0.001
04/02/2019 13:00,0.001
04/02/2019 14:00,0.0
04/02/2019 15:00,0.0
04/02/2019 16:00,0.001
04/02/2019 17:00,0.012
04/02/2019 18:00,0.053
04/02/2019 19:00,0.059
04/02/2019 20:00,0.026
04/02/2019 21:00,0.002
04/02/2019 22:00,0.006
04/02/2019 23:00,0.076
05/02/2019 00:00,0.167
05/02/2019 01:00,0.183
05/02/2019 02:00,0.137
05/02/2019 03:00,0.086
05/02/2019 04:00,0.047
05/02/2019 05:00,0.027
05/02/2019 06:00,0.018
05/02/2019 07:00,0.01
05/02/2019 08:00,0.002
05/02/2019 09:00,0.0
05/02/2019 10:00,0.0
05/02/2019 11:00,0.0
05/02/2019 12:00,0.0
05/02/2019 13:00,0.0
05/02/2019 14:00,0.0
05/02/2019 15:00,0.0
05/02/2019 16:00,0.003
05/02/2019 17:00,0.026
05/02/2019 18:00,0.115
05/02/2019 19:00,0.155
05/02/2019 20:00,0.116
05/02/2019 21:00,0.049
05/02/2019 22:00,0.003
05/02/2019 23:00,0.001
06/02/2019 00:00,0.066
06/02/2019 01:00,0.172
06/02/2019 02:00,0.261
06/02/2019 03:00,0.376
06/02/2019 04:00,0.468
06/02/2019 05:00,0.498
06/02/2019 06:00,0.488
06/02/2019 07:00,0.488
06/02/2019 08:00,0.519
06/02/2019 09:00,0.437
06/02/2019 10:00,0.334
06/02/2019 11:00,0.278
06/02/2019 12:00,0.234
06/02/2019 13:00,0.212
06/02/2019 14:00,0.205
06/02/2019 15:00,0.21
06/02/2019 16:00,0.278
06/02/2019 17:00,0.39
06/02/2019 18:00,0.568
06/02/2019 19:00,0.677
06/02/2019 20:00,0.725
06/02/2019 21:00,0.747
06/02/2019 22:00,0.751
06/02/2019 23:00,0.755
07/02/2019 00:00,0.763
07/02/2019 01:00,0.768
07/02/2019 02:00,0.776
07/02/2019 03:00,0.778
07/02/2019 04:00,0.763
07/02/2019 05:00,0.733
07/02/2019 06:00,0.7
07/02/2019 07:00,0.664
07/02/2019 08:00,0.748
07/02/2019 09:00,0.624
07/02/2019 10:00,0.515
07/02/2019 11:00,0.411
07/02/2019 12:00,0.326
07/02/2019 13:00,0.282
07/02/2019 14:00,0.26
07/02/2019 15:00,0.269
07/02/2019 16:00,0.32
07/02/2019 17:00,0.454
07/02/2019 18:00,0.679
07/02/2019 19:00,0.77
07/02/2019 20:00,0.784
07/02/2019 21:00,0.781
07/02/2019 22:00,0.786
07/02/2019 23:00,0.777
08/02/2019 00:00,0.791
08/02/2019 01:00,0.801
08/02/2019 02:00,0.811
08/02/2019 03:00,0.819
08/02/2019 04:00,0.814
08/02/2019 05:00,0.804
08/02/2019 06:00,0.794
08/02/2019 07:00,0.77
08/02/2019 08:00,0.869
08/02/2019 09:00,0.789
08/02/2019 10:00,0.679
08/02/2019 11:00,0.593
08/02/2019 12:00,0.526
08/02/2019 13:00,0.471
08/02/2019 14:00,0.433
08/02/2019 15:00,0.416
08/02/2019 16:00,0.43
08/02/2019 17:00,0.466
08/02/2019 18:00,0.615
08/02/2019 19:00,0.724
08/02/2019 20:00,0.757
08/02/2019 21:00,0.765
08/02/2019 22:00,0.773
08/02/2019 23:00,0.773
09/02/2019 00:00,0.799
09/02/2019 01:00,0.802
09/02/2019 02:00,0.813
09/02/2019 03:00,0.821
09/02/2019 04:00,0.836
09/02/2019 05:00,0.843
09/02/2019 06:00,0.836
09/02/2019 07:00,0.827
09/02/2019 08:00,0.908
09/02/2019 09:00,0.866
09/02/2019 10:00,0.782
09/02/2019 11:00,0.701
09/02/2019 12:00,0.618
09/02/2019 13:00,0.538
09/02/2019 14:00,0.494
09/02/2019 15:00,0.51
09/02/2019 16:00,0.588
09/02/2019 17:00,0.65
09/02/2019 18:00,0.737
09/02/2019 19:00,0.78
09/02/2019 20:00,0.808
09/02/2019 21:00,0.829
09/02/2019 22:00,0.832
09/02/2019 23:00,0.834
10/02/2019 00:00,0.841
10/02/2019 01:00,0.85
10/02/2019 02:00,0.864
10/02/2019 03:00,0.872
10/02/2019 04:00,0.875
10/02/2019 05:00,0.873
10/02/2019 06:00,0.857
10/02/2019 07:00,0.877
10/02/2019 08:00,0.954
10/02/2019 09:00,0.935
10/02/2019 10:00,0.9
10/02/2019 11:00,0.863
10/02/2019 12:00,0.821
10/02/2019 13:00,0.765
10/02/2019 14:00,0.718
10/02/2019 15:00,0.701
10/02/2019 16:00,0.701
10/02/2019 17:00,0.692
10/02/2019 18:00,0.721
10/02/2019 19:00,0.749
10/02/2019 20:00,0.787
10/02/2019 21:00,0.833
10/02/2019 22:00,0.863
10/02/2019 23:00,0.87
11/02/2019 00:00,0.866
11/02/2019 01:00,0.861
11/02/2019 02:00,0.853
11/02/2019 03:00,0.841
11/02/2019 04:00,0.839
11/02/2019 05:00,0.848
11/02/2019 06:00,0.855
11/02/2019 07:00,0.891
11/02/2019 08:00,0.933
11/02/2019 09:00,0.893
11/02/2019 10:00,0.82
11/02/2019 11:00,0.735
11/02/2019 12:00,0.645
11/02/2019 13:00,0.571
11/02/2019 14:00,0.525
11/02/2019 15:00,0.505
11/02/2019 16:00,0.522
11/02/2019 17:00,0.529
11/02/2019 18:00,0.635
11/02/2019 19:00,0.72
11/02/2019 20:00,0.774
11/02/2019 21:00,0.809
11/02/2019 22:00,0.815
11/02/2019 23:00,0.796
12/02/2019 00:00,0.796
12/02/2019 01:00,0.806
12/02/2019 02:00,0.812
12/02/2019 03:00,0.812
12/02/2019 04:00,0.803
12/02/2019 05:00,0.791
12/02/2019 06:00,0.777
12/02/2019 07:00,0.793
12/02/2019 08:00,0.857
12/02/2019 09:00,0.777
12/02/2019 10:00,0.66
12/02/2019 11:00,0.558
12/02/2019 12:00,0.479
12/02/2019 13:00,0.436
12/02/2019 14:00,0.416
12/02/2019 15:00,0.422
12/02/2019 16:00,0.432
12/02/2019 17:00,0.432
12/02/2019 18:00,0.49
12/02/2019 19:00,0.547
12/02/2019 20:00,0.593
12/02/2019 21:00,0.663
12/02/2019 22:00,0.714
12/02/2019 23:00,0.745
13/02/2019 00:00,0.756
13/02/2019 01:00,0.762
13/02/2019 02:00,0.74
13/02/2019 03:00,0.707
13/02/2019 04:00,0.682
13/02/2019 05:00,0.661
13/02/2019 06:00,0.659
13/02/2019 07:00,0.653
13/02/2019 08:00,0.808
13/02/2019 09:00,0.73
13/02/2019 10:00,0.617
13/02/2019 11:00,0.532
13/02/2019 12:00,0.491
13/02/2019 13:00,0.459
13/02/2019 14:00,0.422
13/02/2019 15:00,0.395
13/02/2019 16:00,0.408
13/02/2019 17:00,0.444
13/02/2019 18:00,0.573
13/02/2019 19:00,0.695
13/02/2019 20:00,0.78
13/02/2019 21:00,0.829
13/02/2019 22:00,0.849
13/02/2019 23:00,0.854
14/02/2019 00:00,0.819
14/02/2019 01:00,0.806
14/02/2019 02:00,0.822
14/02/2019 03:00,0.855
14/02/2019 04:00,0.857
14/02/2019 05:00,0.856
14/02/2019 06:00,0.849
14/02/2019 07:00,0.913
14/02/2019 08:00,0.923
14/02/2019 09:00,0.827
14/02/2019 10:00,0.674
14/02/2019 11:00,0.552
14/02/2019 12:00,0.47
14/02/2019 13:00,0.422
14/02/2019 14:00,0.395
14/02/2019 15:00,0.386
14/02/2019 16:00,0.41
14/02/2019 17:00,0.46
14/02/2019 18:00,0.601
14/02/2019 19:00,0.7
14/02/2019 20:00,0.748
14/02/2019 21:00,0.77
14/02/2019 22:00,0.763
14/02/2019 23:00,0.785
15/02/2019 00:00,0.821
15/02/2019 01:00,0.845
15/02/2019 02:00,0.85
15/02/2019 03:00,0.845
15/02/2019 04:00,0.839
15/02/2019 05:00,0.831
15/02/2019 06:00,0.818
15/02/2019 07:00,0.911
15/02/2019 08:00,0.935
15/02/2019 09:00,0.889
15/02/2019 10:00,0.808
15/02/2019 11:00,0.701
15/02/2019 12:00,0.6
15/02/2019 13:00,0.529
15/02/2019 14:00,0.498
15/02/2019 15:00,0.498
15/02/2019 16:00,0.561
15/02/2019 17:00,0.648
15/02/2019 18:00,0.726
15/02/2019 19:00,0.793
15/02/2019 20:00,0.825
15/02/2019 21:00,0.848
15/02/2019 22:00,0.848
15/02/2019 23:00,0.835
16/02/2019 00:00,0.818
16/02/2019 01:00,0.808
16/02/2019 02:00,0.804
16/02/2019 03:00,0.793
16/02/2019 04:00,0.791
16/02/2019 05:00,0.791
16/02/2019 06:00,0.789
16/02/2019 07:00,0.88
16/02/2019 08:00,0.922
16/02/2019 09:00,0.88
16/02/2019 10:00,0.795
16/02/2019 11:00,0.695
16/02/2019 12:00,0.608
16/02/2019 13:00,0.538
16/02/2019 14:00,0.477
16/02/2019 15:00,0.452
16/02/2019 16:00,0.51
16/02/2019 17:00,0.601
16/02/2019 18:00,0.721
16/02/2019 19:00,0.748
16/02/2019 20:00,0.75
16/02/2019 21:00,0.762
16/02/2019 22:00,0.759
16/02/2019 23:00,0.768
17/02/2019 00:00,0.774
17/02/2019 01:00,0.768
17/02/2019 02:00,0.753
17/02/2019 03:00,0.734
17/02/2019 04:00,0.739
17/02/2019 05:00,0.755
17/02/2019 06:00,0.772
17/02/2019 07:00,0.827
17/02/2019 08:00,0.783
17/02/2019 09:00,0.65
17/02/2019 10:00,0.471
17/02/2019 11:00,0.34
17/02/2019 12:00,0.287
17/02/2019 13:00,0.27
17/02/2019 14:00,0.265
17/02/2019 15:00,0.283
17/02/2019 16:00,0.341
17/02/2019 17:00,0.434
17/02/2019 18:00,0.581
17/02/2019 19:00,0.646
17/02/2019 20:00,0.655
17/02/2019 21:00,0.642
17/02/2019 22:00,0.622
17/02/2019 23:00,0.637
18/02/2019 00:00,0.659
18/02/2019 01:00,0.666
18/02/2019 02:00,0.666
18/02/2019 03:00,0.671
18/02/2019 04:00,0.672
18/02/2019 05:00,0.667
18/02/2019 06:00,0.657
18/02/2019 07:00,0.596
18/02/2019 08:00,0.698
18/02/2019 09:00,0.61
18/02/2019 10:00,0.46
18/02/2019 11:00,0.358
18/02/2019 12:00,0.299
18/02/2019 13:00,0.271
18/02/2019 14:00,0.264
18/02/2019 15:00,0.281
18/02/2019 16:00,0.334
18/02/2019 17:00,0.413
18/02/2019 18:00,0.548
18/02/2019 19:00,0.649
18/02/2019 20:00,0.697
18/02/2019 21:00,0.724
18/02/2019 22:00,0.719
18/02/2019 23:00,0.703
19/02/2019 00:00,0.719
19/02/2019 01:00,0.718
19/02/2019 02:00,0.685
19/02/2019 03:00,0.624
19/02/2019 04:00,0.519
19/02/2019 05:00,0.406
19/02/2019 06:00,0.334
19/02/2019 07:00,0.192
19/02/2019 08:00,0.209
19/02/2019 09:00,0.176
19/02/2019 10:00,0.15
19/02/2019 11:00,0.171
19/02/2019 12:00,0.213
19/02/2019 13:00,0.249
19/02/2019 14:00,0.256
19/02/2019 15:00,0.246
19/02/2019 16:00,0.26
19/02/2019 17:00,0.281
19/02/2019 18:00,0.323
19/02/2019 19:00,0.332
19/02/2019 20:00,0.352
19/02/2019 21:00,0.448
19/02/2019 22:00,0.561
19/02/2019 23:00,0.653
20/02/2019 00:00,0.7
20/02/2019 01:00,0.7
20/02/2019 02:00,0.7
20/02/2019 03:00,0.668
20/02/2019 04:00,0.66
20/02/2019 05:00,0.654
20/02/2019 06:00,0.613
20/02/2019 07:00,0.459
20/02/2019 08:00,0.538
20/02/2019 09:00,0.464
20/02/2019 10:00,0.381
20/02/2019 11:00,0.352
20/02/2019 12:00,0.343
20/02/2019 13:00,0.343
20/02/2019 14:00,0.33
20/02/2019 15:00,0.305
20/02/2019 16:00,0.297
20/02/2019 17:00,0.306
20/02/2019 18:00,0.381
20/02/2019 19:00,0.463
20/02/2019 20:00,0.541
20/02/2019 21:00,0.586
20/02/2019 22:00,0.55
20/02/2019 23:00,0.475
21/02/2019 00:00,0.408
21/02/2019 01:00,0.347
21/02/2019 02:00,0.263
21/02/2019 03:00,0.176
21/02/2019 04:00,0.113
21/02/2019 05:00,0.071
21/02/2019 06:00,0.047
21/02/2019 07:00,0.026
21/02/2019 08:00,0.052
21/02/2019 09:00,0.075
21/02/2019 10:00,0.078
21/02/2019 11:00,0.079
21/02/2019 12:00,0.076
21/02/2019 13:00,0.07
21/02/2019 14:00,0.062
21/02/2019 15:00,0.054
21/02/2019 16:00,0.046
21/02/2019 17:00,0.058
21/02/2019 18:00,0.128
21/02/2019 19:00,0.161
21/02/2019 20:00,0.131
21/02/2019 21:00,0.104
21/02/2019 22:00,0.12
21/02/2019 23:00,0.158
22/02/2019 00:00,0.185
22/02/2019 01:00,0.178
22/02/2019 02:00,0.131
22/02/2019 03:00,0.083
22/02/2019 04:00,0.05
22/02/2019 05:00,0.026
22/02/2019 06:00,0.013
22/02/2019 07:00,0.005
22/02/2019 08:00,0.0
22/02/2019 09:00,0.0
22/02/2019 10:00,0.0
22/02/2019 11:00,0.0
22/02/2019 12:00,0.0
22/02/2019 13:00,0.0
22/02/2019 14:00,0.002
22/02/2019 15:00,0.014
22/02/2019 16:00,0.029
22/02/2019 17:00,0.077
22/02/2019 18:00,0.221
22/02/2019 19:00,0.337
22/02/2019 20:00,0.379
22/02/2019 21:00,0.378
22/02/2019 22:00,0.34
22/02/2019 23:00,0.311
23/02/2019 00:00,0.311
23/02/2019 01:00,0.313
23/02/2019 02:00,0.297
23/02/2019 03:00,0.288
23/02/2019 04:00,0.283
23/02/2019 05:00,0.281
23/02/2019 06:00,0.278
23/02/2019 07:00,0.423
23/02/2019 08:00,0.546
23/02/2019 09:00,0.481
23/02/2019 10:00,0.394
23/02/2019 11:00,0.347
23/02/2019 12:00,0.358
23/02/2019 13:00,0.395
23/02/2019 14:00,0.447
23/02/2019 15:00,0.516
23/02/2019 16:00,0.579
23/02/2019 17:00,0.619
23/02/2019 18:00,0.597
23/02/2019 19:00,0.54
23/02/2019 20:00,0.46
23/02/2019 21:00,0.395
23/02/2019 22:00,0.346
23/02/2019 23:00,0.312
24/02/2019 00:00,0.27
24/02/2019 01:00,0.229
24/02/2019 02:00,0.2
24/02/2019 03:00,0.178
24/02/2019 04:00,0.176
24/02/2019 05:00,0.179
24/02/2019 06:00,0.182
24/02/2019 07:00,0.213
24/02/2019 08:00,0.314
24/02/2019 09:00,0.27
24/02/2019 10:00,0.191
24/02/2019 11:00,0.155
24/02/2019 12:00,0.164
24/02/2019 13:00,0.199
24/02/2019 14:00,0.252
24/02/2019 15:00,0.319
24/02/2019 16:00,0.369
24/02/2019 17:00,0.394
24/02/2019 18:00,0.374
24/02/2019 19:00,0.338
24/02/2019 20:00,0.301
24/02/2019 21:00,0.271
24/02/2019 22:00,0.249
24/02/2019 23:00,0.231
25/02/2019 00:00,0.212
25/02/2019 01:00,0.188
25/02/2019 02:00,0.148
25/02/2019 03:00,0.093
25/02/2019 04:00,0.051
25/02/2019 05:00,0.03
25/02/2019 06:00,0.016
25/02/2019 07:00,0.008
25/02/2019 08:00,0.003
25/02/2019 09:00,0.0
25/02/2019 10:00,0.0
25/02/2019 11:00,0.0
25/02/2019 12:00,0.0
25/02/2019 13:00,0.0
25/02/2019 14:00,0.0
25/02/2019 15:00,0.002
25/02/2019 16:00,0.006
25/02/2019 17:00,0.013
25/02/2019 18:00,0.044
25/02/2019 19:00,0.057
25/02/2019 20:00,0.041
25/02/2019 21:00,0.025
25/02/2019 22:00,0.019
25/02/2019 23:00,0.019
26/02/2019 00:00,0.017
26/02/2019 01:00,0.009
26/02/2019 02:00,0.008
26/02/2019 03:00,0.007
26/02/2019 04:00,0.009
26/02/2019 05:00,0.029
26/02/2019 06:00,0.022
26/02/2019 07:00,0.003
26/02/2019 08:00,0.003
26/02/2019 09:00,0.004
26/02/2019 10:00,0.004
26/02/2019 11:00,0.004
26/02/2019 12:00,0.01
26/02/2019 13:00,0.022
26/02/2019 14:00,0.022
26/02/2019 15:00,0.016
26/02/2019 16:00,0.014
26/02/2019 17:00,0.013
26/02/2019 18:00,0.011
26/02/2019 19:00,0.008
26/02/2019 20:00,0.008
26/02/2019 21:00,0.015
26/02/2019 22:00,0.025
26/02/2019 23:00,0.029
27/02/2019 00:00,0.025
27/02/2019 01:00,0.015
27/02/2019 02:00,0.007
27/02/2019 03:00,0.004
27/02/2019 04:00,0.009
27/02/2019 05:00,0.014
27/02/2019 06:00,0.008
27/02/2019 07:00,0.001
27/02/2019 08:00,0.0
27/02/2019 09:00,0.0
27/02/2019 10:00,0.002
27/02/2019 11:00,0.001
27/02/2019 12:00,0.0
27/02/2019 13:00,0.0
27/02/2019 14:00,0.0
27/02/2019 15:00,0.0
27/02/2019 16:00,0.0
27/02/2019 17:00,0.0
27/02/2019 18:00,0.002
27/02/2019 19:00,0.016
27/02/2019 20:00,0.045
27/02/2019 21:00,0.091
27/02/2019 22:00,0.144
27/02/2019 23:00,0.192
28/02/2019 00:00,0.227
28/02/2019 01:00,0.243
28/02/2019 02:00,0.235
28/02/2019 03:00,0.201
28/02/2019 04:00,0.135
28/02/2019 05:00,0.069
28/02/2019 06:00,0.019
28/02/2019 07:00,0.0
28/02/2019 08:00,0.004
28/02/2019 09:00,0.028
28/02/2019 10:00,0.04
28/02/2019 11:00,0.037
28/02/2019 12:00,0.031
28/02/2019 13:00,0.025
28/02/2019 14:00,0.018
28/02/2019 15:00,0.008
28/02/2019 16:00,0.001
28/02/2019 17:00,0.0
28/02/2019 18:00,0.001
28/02/2019 19:00,0.007
28/02/2019 20:00,0.021
28/02/2019 21:00,0.036
28/02/2019 22:00,0.056
28/02/2019 23:00,0.084
01/03/2019 00:00,0.121
01/03/2019 01:00,0.142
01/03/2019 02:00,0.132
01/03/2019 03:00,0.118
01/03/2019 04:00,0.096
01/03/2019 05:00,0.076
01/03/2019 06:00,0.065
01/03/2019 07:00,0.073
01/03/2019 08:00,0.087
01/03/2019 09:00,0.082
01/03/2019 10:00,0.13
01/03/2019 11:00,0.172
01/03/2019 12:00,0.152
01/03/2019 13:00,0.107
01/03/2019 14:00,0.085
01/03/2019 15:00,0.075
01/03/2019 16:00,0.049
01/03/2019 17:00,0.012
01/03/2019 18:00,0.005
01/03/2019 19:00,0.006
01/03/2019 20:00,0.015
01/03/2019 21:00,0.06
01/03/2019 22:00,0.145
01/03/2019 23:00,0.231
02/03/2019 00:00,0.286
02/03/2019 01:00,0.298
02/03/2019 02:00,0.264
02/03/2019 03:00,0.2
02/03/2019 04:00,0.145
02/03/2019 05:00,0.108
02/03/2019 06:00,0.077
02/03/2019 07:00,0.03
02/03/2019 08:00,0.058
02/03/2019 09:00,0.118
02/03/2019 10:00,0.155
02/03/2019 11:00,0.164
02/03/2019 12:00,0.156
02/03/2019 13:00,0.139
02/03/2019 14:00,0.12
02/03/2019 15:00,0.103
02/03/2019 16:00,0.094
02/03/2019 17:00,0.09
02/03/2019 18:00,0.095
02/03/2019 19:00,0.076
02/03/2019 20:00,0.036
02/03/2019 21:00,0.009
02/03/2019 22:00,0.005
02/03/2019 23:00,0.021
03/03/2019 00:00,0.047
03/03/2019 01:00,0.063
03/03/2019 02:00,0.057
03/03/2019 03:00,0.031
03/03/2019 04:00,0.014
03/03/2019 05:00,0.005
03/03/2019 06:00,0.003
03/03/2019 07:00,0.0
03/03/2019 08:00,0.001
03/03/2019 09:00,0.011
03/03/2019 10:00,0.045
03/03/2019 11:00,0.074
03/03/2019 12:00,0.083
03/03/2019 13:00,0.075
03/03/2019 14:00,0.062
03/03/2019 15:00,0.054
03/03/2019 16:00,0.055
03/03/2019 17:00,0.072
03/03/2019 18:00,0.162
03/03/2019 19:00,0.223
03/03/2019 20:00,0.186
03/03/2019 21:00,0.103
03/03/2019 22:00,0.035
03/03/2019 23:00,0.008
04/03/2019 00:00,0.01
04/03/2019 01:00,0.025
04/03/2019 02:00,0.037
04/03/2019 03:00,0.036
04/03/2019 04:00,0.03
04/03/2019 05:00,0.022
04/03/2019 06:00,0.017
04/03/2019 07:00,0.016
04/03/2019 08:00,0.008
04/03/2019 09:00,0.0
04/03/2019 10:00,0.0
04/03/2019 11:00,0.0
04/03/2019 12:00,0.0
04/03/2019 13:00,0.0
04/03/2019 14:00,0.0
04/03/2019 15:00,0.0
04/03/2019 16:00,0.0
04/03/2019 17:00,0.014
04/03/2019 18:00,0.097
04/03/2019 19:00,0.144
04/03/2019 20:00,0.113
04/03/2019 21:00,0.075
04/03/2019 22:00,0.074
04/03/2019 23:00,0.115
05/03/2019 00:00,0.195
05/03/2019 01:00,0.279
05/03/2019 02:00,0.334
05/03/2019 03:00,0.362
05/03/2019 04:00,0.315
05/03/2019 05:00,0.245
05/03/2019 06:00,0.192
05/03/2019 07:00,0.136
05/03/2019 08:00,0.127
05/03/2019 09:00,0.099
05/03/2019 10:00,0.095
05/03/2019 11:00,0.09
05/03/2019 12:00,0.085
05/03/2019 13:00,0.082
05/03/2019 14:00,0.08
05/03/2019 15:00,0.079
05/03/2019 16:00,0.079
05/03/2019 17:00,0.076
05/03/2019 18:00,0.077
05/03/2019 19:00,0.049
05/03/2019 20:00,0.015
05/03/2019 21:00,0.005
05/03/2019 22:00,0.022
05/03/2019 23:00,0.097
06/03/2019 00:00,0.214
06/03/2019 01:00,0.323
06/03/2019 02:00,0.367
06/03/2019 03:00,0.36
06/03/2019 04:00,0.316
06/03/2019 05:00,0.256
06/03/2019 06:00,0.2
06/03/2019 07:00,0.126
06/03/2019 08:00,0.176
06/03/2019 09:00,0.267
06/03/2019 10:00,0.287
06/03/2019 11:00,0.241
06/03/2019 12:00,0.179
06/03/2019 13:00,0.122
06/03/2019 14:00,0.077
06/03/2019 15:00,0.044
06/03/2019 16:00,0.025
06/03/2019 17:00,0.025
06/03/2019 18:00,0.069
06/03/2019 19:00,0.12
06/03/2019 20:00,0.14
06/03/2019 21:00,0.144
06/03/2019 22:00,0.151
06/03/2019 23:00,0.169
07/03/2019 00:00,0.181
07/03/2019 01:00,0.175
07/03/2019 02:00,0.142
07/03/2019 03:00,0.099
07/03/2019 04:00,0.064
07/03/2019 05:00,0.052
07/03/2019 06:00,0.066
07/03/2019 07:00,0.05
07/03/2019 08:00,0.022
07/03/2019 09:00,0.049
07/03/2019 10:00,0.09
07/03/2019 11:00,0.118
07/03/2019 12:00,0.122
07/03/2019 13:00,0.103
07/03/2019 14:00,0.074
07/03/2019 15:00,0.047
07/03/2019 16:00,0.031
07/03/2019 17:00,0.031
07/03/2019 18:00,0.081
07/03/2019 19:00,0.144
07/03/2019 20:00,0.158
07/03/2019 21:00,0.163
07/03/2019 22:00,0.184
07/03/2019 23:00,0.214
08/03/2019 00:00,0.249
08/03/2019 01:00,0.268
08/03/2019 02:00,0.229
08/03/2019 03:00,0.162
08/03/2019 04:00,0.109
08/03/2019 05:00,0.068
08/03/2019 06:00,0.052
08/03/2019 07:00,0.037
08/03/2019 08:00,0.07
08/03/2019 09:00,0.152
08/03/2019 10:00,0.223
08/03/2019 11:00,0.253
08/03/2019 12:00,0.246
08/03/2019 13:00,0.221
08/03/2019 14:00,0.191
08/03/2019 15:00,0.158
08/03/2019 16:00,0.134
08/03/2019 17:00,0.098
08/03/2019 18:00,0.093
08/03/2019 19:00,0.084
08/03/2019 20:00,0.064
08/03/2019 21:00,0.056
08/03/2019 22:00,0.076
08/03/2019 23:00,0.128
09/03/2019 00:00,0.19
09/03/2019 01:00,0.22
09/03/2019 02:00,0.213
09/03/2019 03:00,0.186
09/03/2019 04:00,0.145
09/03/2019 05:00,0.094
09/03/2019 06:00,0.042
09/03/2019 07:00,0.007
09/03/2019 08:00,0.0
09/03/2019 09:00,0.002
09/03/2019 10:00,0.017
09/03/2019 11:00,0.059
09/03/2019 12:00,0.102
09/03/2019 13:00,0.127
09/03/2019 14:00,0.138
09/03/2019 15:00,0.139
09/03/2019 16:00,0.134
09/03/2019 17:00,0.152
09/03/2019 18:00,0.233
09/03/2019 19:00,0.299
09/03/2019 20:00,0.289
09/03/2019 21:00,0.252
09/03/2019 22:00,0.249
09/03/2019 23:00,0.264
10/03/2019 00:00,0.274
10/03/2019 01:00,0.274
10/03/2019 02:00,0.269
10/03/2019 03:00,0.278
10/03/2019 04:00,0.278
10/03/2019 05:00,0.266
10/03/2019 06:00,0.249
10/03/2019 07:00,0.233
10/03/2019 08:00,0.131
10/03/2019 09:00,0.015
10/03/2019 10:00,0.0
10/03/2019 11:00,0.005
10/03/2019 12:00,0.079
10/03/2019 13:00,0.121
10/03/2019 14:00,0.127
10/03/2019 15:00,0.121
10/03/2019 16:00,0.101
10/03/2019 17:00,0.093
10/03/2019 18:00,0.163
10/03/2019 19:00,0.265
10/03/2019 20:00,0.296
10/03/2019 21:00,0.31
10/03/2019 22:00,0.335
10/03/2019 23:00,0.349
11/03/2019 00:00,0.351
11/03/2019 01:00,0.341
11/03/2019 02:00,0.315
11/03/2019 03:00,0.267
11/03/2019 04:00,0.212
11/03/2019 05:00,0.143
11/03/2019 06:00,0.082
11/03/2019 07:00,0.038
11/03/2019 08:00,0.014
11/03/2019 09:00,0.003
11/03/2019 10:00,0.002
11/03/2019 11:00,0.015
11/03/2019 12:00,0.044
11/03/2019 13:00,0.072
11/03/2019 14:00,0.093
11/03/2019 15:00,0.097
11/03/2019 16:00,0.093
11/03/2019 17:00,0.083
11/03/2019 18:00,0.092
11/03/2019 19:00,0.086
11/03/2019 20:00,0.063
11/03/2019 21:00,0.047
11/03/2019 22:00,0.056
11/03/2019 23:00,0.085
12/03/2019 00:00,0.118
12/03/2019 01:00,0.136
12/03/2019 02:00,0.137
12/03/2019 03:00,0.121
12/03/2019 04:00,0.088
12/03/2019 05:00,0.057
12/03/2019 06:00,0.031
12/03/2019 07:00,0.019
12/03/2019 08:00,0.006
12/03/2019 09:00,0.007
12/03/2019 10:00,0.0
12/03/2019 11:00,0.0
12/03/2019 12:00,0.0
12/03/2019 13:00,0.0
12/03/2019 14:00,0.0
12/03/2019 15:00,0.0
12/03/2019 16:00,0.001
12/03/2019 17:00,0.019
12/03/2019 18:00,0.109
12/03/2019 19:00,0.217
12/03/2019 20:00,0.263
12/03/2019 21:00,0.291
12/03/2019 22:00,0.31
12/03/2019 23:00,0.323
13/03/2019 00:00,0.328
13/03/2019 01:00,0.317
13/03/2019 02:00,0.277
13/03/2019 03:00,0.22
13/03/2019 04:00,0.159
13/03/2019 05:00,0.119
13/03/2019 06:00,0.092
13/03/2019 07:00,0.061
13/03/2019 08:00,0.009
13/03/2019 09:00,0.003
13/03/2019 10:00,0.009
13/03/2019 11:00,0.028
13/03/2019 12:00,0.044
13/03/2019 13:00,0.049
13/03/2019 14:00,0.05
13/03/2019 15:00,0.049
13/03/2019 16:00,0.045
13/03/2019 17:00,0.049
13/03/2019 18:00,0.109
13/03/2019 19:00,0.153
13/03/2019 20:00,0.144
13/03/2019 21:00,0.104
13/03/2019 22:00,0.072
13/03/2019 23:00,0.06
14/03/2019 00:00,0.055
14/03/2019 01:00,0.058
14/03/2019 02:00,0.068
14/03/2019 03:00,0.075
14/03/2019 04:00,0.078
14/03/2019 05:00,0.082
14/03/2019 06:00,0.101
14/03/2019 07:00,0.086
14/03/2019 08:00,0.064
14/03/2019 09:00,0.1
14/03/2019 10:00,0.191
14/03/2019 11:00,0.278
14/03/2019 12:00,0.299
14/03/2019 13:00,0.277
14/03/2019 14:00,0.238
14/03/2019 15:00,0.199
14/03/2019 16:00,0.169
14/03/2019 17:00,0.138
14/03/2019 18:00,0.159
14/03/2019 19:00,0.182
14/03/2019 20:00,0.167
14/03/2019 21:00,0.117
14/03/2019 22:00,0.111
14/03/2019 23:00,0.173
15/03/2019 00:00,0.264
15/03/2019 01:00,0.334
15/03/2019 02:00,0.328
15/03/2019 03:00,0.29
15/03/2019 04:00,0.255
15/03/2019 05:00,0.25
15/03/2019 06:00,0.312
15/03/2019 07:00,0.374
15/03/2019 08:00,0.679
15/03/2019 09:00,0.837
15/03/2019 10:00,0.834
15/03/2019 11:00,0.783
15/03/2019 12:00,0.701
15/03/2019 13:00,0.61
15/03/2019 14:00,0.538
15/03/2019 15:00,0.479
15/03/2019 16:00,0.385
15/03/2019 17:00,0.237
15/03/2019 18:00,0.131
15/03/2019 19:00,0.067
15/03/2019 20:00,0.06
15/03/2019 21:00,0.129
15/03/2019 22:00,0.272
15/03/2019 23:00,0.422
16/03/2019 00:00,0.492
16/03/2019 01:00,0.476
16/03/2019 02:00,0.438
16/03/2019 03:00,0.421
16/03/2019 04:00,0.409
16/03/2019 05:00,0.392
16/03/2019 06:00,0.381
16/03/2019 07:00,0.294
16/03/2019 08:00,0.573
16/03/2019 09:00,0.749
16/03/2019 10:00,0.768
16/03/2019 11:00,0.745
16/03/2019 12:00,0.697
16/03/2019 13:00,0.626
16/03/2019 14:00,0.539
16/03/2019 15:00,0.447
16/03/2019 16:00,0.353
16/03/2019 17:00,0.209
16/03/2019 18:00,0.09
16/03/2019 19:00,0.019
16/03/2019 20:00,0.004
16/03/2019 21:00,0.039
16/03/2019 22:00,0.211
16/03/2019 23:00,0.432
17/03/2019 00:00,0.557
17/03/2019 01:00,0.589
17/03/2019 02:00,0.593
17/03/2019 03:00,0.604
17/03/2019 04:00,0.612
17/03/2019 05:00,0.599
17/03/2019 06:00,0.556
17/03/2019 07:00,0.407
17/03/2019 08:00,0.739
17/03/2019 09:00,0.816
17/03/2019 10:00,0.787
17/03/2019 11:00,0.741
17/03/2019 12:00,0.678
17/03/2019 13:00,0.599
17/03/2019 14:00,0.512
17/03/2019 15:00,0.44
17/03/2019 16:00,0.36
17/03/2019 17:00,0.236
17/03/2019 18:00,0.121
17/03/2019 19:00,0.062
17/03/2019 20:00,0.084
17/03/2019 21:00,0.185
17/03/2019 22:00,0.32
17/03/2019 23:00,0.429
18/03/2019 00:00,0.501
18/03/2019 01:00,0.559
18/03/2019 02:00,0.618
18/03/2019 03:00,0.682
18/03/2019 04:00,0.7
18/03/2019 05:00,0.722
18/03/2019 06:00,0.702
18/03/2019 07:00,0.525
18/03/2019 08:00,0.78
18/03/2019 09:00,0.836
18/03/2019 10:00,0.849
18/03/2019 11:00,0.842
18/03/2019 12:00,0.802
18/03/2019 13:00,0.746
18/03/2019 14:00,0.69
18/03/2019 15:00,0.637
18/03/2019 16:00,0.538
18/03/2019 17:00,0.352
18/03/2019 18:00,0.174
18/03/2019 19:00,0.059
18/03/2019 20:00,0.008
18/03/2019 21:00,0.004
18/03/2019 22:00,0.05
18/03/2019 23:00,0.168
19/03/2019 00:00,0.311
19/03/2019 01:00,0.42
19/03/2019 02:00,0.466
19/03/2019 03:00,0.47
19/03/2019 04:00,0.467
19/03/2019 05:00,0.47
19/03/2019 06:00,0.469
19/03/2019 07:00,0.328
19/03/2019 08:00,0.432
19/03/2019 09:00,0.518
19/03/2019 10:00,0.498
19/03/2019 11:00,0.436
19/03/2019 12:00,0.36
19/03/2019 13:00,0.291
19/03/2019 14:00,0.234
19/03/2019 15:00,0.186
19/03/2019 16:00,0.153
19/03/2019 17:00,0.144
19/03/2019 18:00,0.243
19/03/2019 19:00,0.352
19/03/2019 20:00,0.414
19/03/2019 21:00,0.443
19/03/2019 22:00,0.47
19/03/2019 23:00,0.501
20/03/2019 00:00,0.488
20/03/2019 01:00,0.45
20/03/2019 02:00,0.429
20/03/2019 03:00,0.393
20/03/2019 04:00,0.325
20/03/2019 05:00,0.274
20/03/2019 06:00,0.232
20/03/2019 07:00,0.248
20/03/2019 08:00,0.189
20/03/2019 09:00,0.075
20/03/2019 10:00,0.033
20/03/2019 11:00,0.003
20/03/2019 12:00,0.002
20/03/2019 13:00,0.015
20/03/2019 14:00,0.079
20/03/2019 15:00,0.172
20/03/2019 16:00,0.28
20/03/2019 17:00,0.422
20/03/2019 18:00,0.497
20/03/2019 19:00,0.411
20/03/2019 20:00,0.289
20/03/2019 21:00,0.201
20/03/2019 22:00,0.178
20/03/2019 23:00,0.208
21/03/2019 00:00,0.248
21/03/2019 01:00,0.283
21/03/2019 02:00,0.316
21/03/2019 03:00,0.334
21/03/2019 04:00,0.324
21/03/2019 05:00,0.289
21/03/2019 06:00,0.246
21/03/2019 07:00,0.322
21/03/2019 08:00,0.337
21/03/2019 09:00,0.247
21/03/2019 10:00,0.145
21/03/2019 11:00,0.109
21/03/2019 12:00,0.084
21/03/2019 13:00,0.063
21/03/2019 14:00,0.084
21/03/2019 15:00,0.103
21/03/2019 16:00,0.138
21/03/2019 17:00,0.212
21/03/2019 18:00,0.32
21/03/2019 19:00,0.337
21/03/2019 20:00,0.289
21/03/2019 21:00,0.249
21/03/2019 22:00,0.22
21/03/2019 23:00,0.206
22/03/2019 00:00,0.205
22/03/2019 01:00,0.221
22/03/2019 02:00,0.239
22/03/2019 03:00,0.252
22/03/2019 04:00,0.267
22/03/2019 05:00,0.254
22/03/2019 06:00,0.214
22/03/2019 07:00,0.264
22/03/2019 08:00,0.226
22/03/2019 09:00,0.106
22/03/2019 10:00,0.03
22/03/2019 11:00,0.001
22/03/2019 12:00,0.0
22/03/2019 13:00,0.0
22/03/2019 14:00,0.002
22/03/2019 15:00,0.035
22/03/2019 16:00,0.066
22/03/2019 17:00,0.132
22/03/2019 18:00,0.27
22/03/2019 19:00,0.352
22/03/2019 20:00,0.355
22/03/2019 21:00,0.338
22/03/2019 22:00,0.329
22/03/2019 23:00,0.328
23/03/2019 00:00,0.344
23/03/2019 01:00,0.376
23/03/2019 02:00,0.363
23/03/2019 03:00,0.337
23/03/2019 04:00,0.329
23/03/2019 05:00,0.352
23/03/2019 06:00,0.358
23/03/2019 07:00,0.51
23/03/2019 08:00,0.592
23/03/2019 09:00,0.583
23/03/2019 10:00,0.544
23/03/2019 11:00,0.466
23/03/2019 12:00,0.379
23/03/2019 13:00,0.308
23/03/2019 14:00,0.223
23/03/2019 15:00,0.129
23/03/2019 16:00,0.097
23/03/2019 17:00,0.172
23/03/2019 18:00,0.332
23/03/2019 19:00,0.395
23/03/2019 20:00,0.343
23/03/2019 21:00,0.28
23/03/2019 22:00,0.254
23/03/2019 23:00,0.269
24/03/2019 00:00,0.316
24/03/2019 01:00,0.352
24/03/2019 02:00,0.344
24/03/2019 03:00,0.311
24/03/2019 04:00,0.243
24/03/2019 05:00,0.157
24/03/2019 06:00,0.084
24/03/2019 07:00,0.046
24/03/2019 08:00,0.022
24/03/2019 09:00,0.011
24/03/2019 10:00,0.006
24/03/2019 11:00,0.003
24/03/2019 12:00,0.002
24/03/2019 13:00,0.001
24/03/2019 14:00,0.001
24/03/2019 15:00,0.008
24/03/2019 16:00,0.026
24/03/2019 17:00,0.063
24/03/2019 18:00,0.194
24/03/2019 19:00,0.278
24/03/2019 20:00,0.264
24/03/2019 21:00,0.233
24/03/2019 22:00,0.201
24/03/2019 23:00,0.195
25/03/2019 00:00,0.219
25/03/2019 01:00,0.258
25/03/2019 02:00,0.291
25/03/2019 03:00,0.305
25/03/2019 04:00,0.274
25/03/2019 05:00,0.224
25/03/2019 06:00,0.186
25/03/2019 07:00,0.11
25/03/2019 08:00,0.053
25/03/2019 09:00,0.062
25/03/2019 10:00,0.093
25/03/2019 11:00,0.139
25/03/2019 12:00,0.174
25/03/2019 13:00,0.185
25/03/2019 14:00,0.181
25/03/2019 15:00,0.164
25/03/2019 16:00,0.139
25/03/2019 17:00,0.1
25/03/2019 18:00,0.053
25/03/2019 19:00,0.017
25/03/2019 20:00,0.008
25/03/2019 21:00,0.01
25/03/2019 22:00,0.028
25/03/2019 23:00,0.059
26/03/2019 00:00,0.086
26/03/2019 01:00,0.101
26/03/2019 02:00,0.099
26/03/2019 03:00,0.09
26/03/2019 04:00,0.087
26/03/2019 05:00,0.086
26/03/2019 06:00,0.072
26/03/2019 07:00,0.039
26/03/2019 08:00,0.003
26/03/2019 09:00,0.002
26/03/2019 10:00,0.022
26/03/2019 11:00,0.073
26/03/2019 12:00,0.125
26/03/2019 13:00,0.167
26/03/2019 14:00,0.199
26/03/2019 15:00,0.22
26/03/2019 16:00,0.234
26/03/2019 17:00,0.238
26/03/2019 18:00,0.236
26/03/2019 19:00,0.225
26/03/2019 20:00,0.201
26/03/2019 21:00,0.262
26/03/2019 22:00,0.364
26/03/2019 23:00,0.409
27/03/2019 00:00,0.429
27/03/2019 01:00,0.422
27/03/2019 02:00,0.411
27/03/2019 03:00,0.407
27/03/2019 04:00,0.397
27/03/2019 05:00,0.388
27/03/2019 06:00,0.358
27/03/2019 07:00,0.251
27/03/2019 08:00,0.554
27/03/2019 09:00,0.648
27/03/2019 10:00,0.631
27/03/2019 11:00,0.595
27/03/2019 12:00,0.55
27/03/2019 13:00,0.51
27/03/2019 14:00,0.482
27/03/2019 15:00,0.473
27/03/2019 16:00,0.452
27/03/2019 17:00,0.387
27/03/2019 18:00,0.328
27/03/2019 19:00,0.32
27/03/2019 20:00,0.358
27/03/2019 21:00,0.445
27/03/2019 22:00,0.544
27/03/2019 23:00,0.627
28/03/2019 00:00,0.679
28/03/2019 01:00,0.704
28/03/2019 02:00,0.71
28/03/2019 03:00,0.697
28/03/2019 04:00,0.666
28/03/2019 05:00,0.624
28/03/2019 06:00,0.558
28/03/2019 07:00,0.3
28/03/2019 08:00,0.391
28/03/2019 09:00,0.488
28/03/2019 10:00,0.51
28/03/2019 11:00,0.523
28/03/2019 12:00,0.512
28/03/2019 13:00,0.465
28/03/2019 14:00,0.399
28/03/2019 15:00,0.341
28/03/2019 16:00,0.291
28/03/2019 17:00,0.231
28/03/2019 18:00,0.154
28/03/2019 19:00,0.084
28/03/2019 20:00,0.056
28/03/2019 21:00,0.086
28/03/2019 22:00,0.199
28/03/2019 23:00,0.325
29/03/2019 00:00,0.36
29/03/2019 01:00,0.285
29/03/2019 02:00,0.147
29/03/2019 03:00,0.055
29/03/2019 04:00,0.04
29/03/2019 05:00,0.039
29/03/2019 06:00,0.033
29/03/2019 07:00,0.019
29/03/2019 08:00,0.003
29/03/2019 09:00,0.008
29/03/2019 10:00,0.047
29/03/2019 11:00,0.1
29/03/2019 12:00,0.132
29/03/2019 13:00,0.138
29/03/2019 14:00,0.13
29/03/2019 15:00,0.117
29/03/2019 16:00,0.109
29/03/2019 17:00,0.093
29/03/2019 18:00,0.099
29/03/2019 19:00,0.134
29/03/2019 20:00,0.157
29/03/2019 21:00,0.17
29/03/2019 22:00,0.189
29/03/2019 23:00,0.233
30/03/2019 00:00,0.27
30/03/2019 01:00,0.27
30/03/2019 02:00,0.253
30/03/2019 03:00,0.227
30/03/2019 04:00,0.198
30/03/2019 05:00,0.175
30/03/2019 06:00,0.137
30/03/2019 07:00,0.096
30/03/2019 08:00,0.021
30/03/2019 09:00,0.003
30/03/2019 10:00,0.001
30/03/2019 11:00,0.004
30/03/2019 12:00,0.011
30/03/2019 13:00,0.029
30/03/2019 14:00,0.042
30/03/2019 15:00,0.045
30/03/2019 16:00,0.044
30/03/2019 17:00,0.045
30/03/2019 18:00,0.121
30/03/2019 19:00,0.228
30/03/2019 20:00,0.239
30/03/2019 21:00,0.234
30/03/2019 22:00,0.277
30/03/2019 23:00,0.337
31/03/2019 00:00,0.341
31/03/2019 01:00,0.28
31/03/2019 02:00,0.209
31/03/2019 03:00,0.162
31/03/2019 04:00,0.131
31/03/2019 05:00,0.093
31/03/2019 06:00,0.061
31/03/2019 07:00,0.035
31/03/2019 08:00,0.053
31/03/2019 09:00,0.135
31/03/2019 10:00,0.188
31/03/2019 11:00,0.205
31/03/2019 12:00,0.201
31/03/2019 13:00,0.18
31/03/2019 14:00,0.151
31/03/2019 15:00,0.114
31/03/2019 16:00,0.084
31/03/2019 17:00,0.085
31/03/2019 18:00,0.177
31/03/2019 19:00,0.243
31/03/2019 20:00,0.227
31/03/2019 21:00,0.201
31/03/2019 22:00,0.21
31/03/2019 23:00,0.216
01/04/2019 00:00,0.206
01/04/2019 01:00,0.196
01/04/2019 02:00,0.177
01/04/2019 03:00,0.17
01/04/2019 04:00,0.162
01/04/2019 05:00,0.156
01/04/2019 06:00,0.163
01/04/2019 07:00,0.116
01/04/2019 08:00,0.168
01/04/2019 09:00,0.278
01/04/2019 10:00,0.341
01/04/2019 11:00,0.376
01/04/2019 12:00,0.403
01/04/2019 13:00,0.425
01/04/2019 14:00,0.435
01/04/2019 15:00,0.436
01/04/2019 16:00,0.43
01/04/2019 17:00,0.376
01/04/2019 18:00,0.305
01/04/2019 19:00,0.233
01/04/2019 20:00,0.137
01/04/2019 21:00,0.054
01/04/2019 22:00,0.007
01/04/2019 23:00,0.0
02/04/2019 00:00,0.032
02/04/2019 01:00,0.194
02/04/2019 02:00,0.401
02/04/2019 03:00,0.501
02/04/2019 04:00,0.46
02/04/2019 05:00,0.379
02/04/2019 06:00,0.302
02/04/2019 07:00,0.149
02/04/2019 08:00,0.203
02/04/2019 09:00,0.289
02/04/2019 10:00,0.302
02/04/2019 11:00,0.303
02/04/2019 12:00,0.293
02/04/2019 13:00,0.276
02/04/2019 14:00,0.259
02/04/2019 15:00,0.24
02/04/2019 16:00,0.21
02/04/2019 17:00,0.155
02/04/2019 18:00,0.077
02/04/2019 19:00,0.018
02/04/2019 20:00,0.001
02/04/2019 21:00,0.0
02/04/2019 22:00,0.009
02/04/2019 23:00,0.046
03/04/2019 00:00,0.083
03/04/2019 01:00,0.085
03/04/2019 02:00,0.082
03/04/2019 03:00,0.083
03/04/2019 04:00,0.079
03/04/2019 05:00,0.071
03/04/2019 06:00,0.063
03/04/2019 07:00,0.043
03/04/2019 08:00,0.005
03/04/2019 09:00,0.009
03/04/2019 10:00,0.055
03/04/2019 11:00,0.112
03/04/2019 12:00,0.159
03/04/2019 13:00,0.191
03/04/2019 14:00,0.206
03/04/2019 15:00,0.208
03/04/2019 16:00,0.179
03/04/2019 17:00,0.115
03/04/2019 18:00,0.047
03/04/2019 19:00,0.031
03/04/2019 20:00,0.027
03/04/2019 21:00,0.021
03/04/2019 22:00,0.028
03/04/2019 23:00,0.08
04/04/2019 00:00,0.144
04/04/2019 01:00,0.171
04/04/2019 02:00,0.177
04/04/2019 03:00,0.17
04/04/2019 04:00,0.14
04/04/2019 05:00,0.107
04/04/2019 06:00,0.079
04/04/2019 07:00,0.021
04/04/2019 08:00,0.002
04/04/2019 09:00,0.009
04/04/2019 10:00,0.031
04/04/2019 11:00,0.057
04/04/2019 12:00,0.076
04/04/2019 13:00,0.085
04/04/2019 14:00,0.089
04/04/2019 15:00,0.094
04/04/2019 16:00,0.095
04/04/2019 17:00,0.094
04/04/2019 18:00,0.095
04/04/2019 19:00,0.071
04/04/2019 20:00,0.043
04/04/2019 21:00,0.034
04/04/2019 22:00,0.054
04/04/2019 23:00,0.121
05/04/2019 00:00,0.241
05/04/2019 01:00,0.344
05/04/2019 02:00,0.364
05/04/2019 03:00,0.325
05/04/2019 04:00,0.251
05/04/2019 05:00,0.201
05/04/2019 06:00,0.192
05/04/2019 07:00,0.243
05/04/2019 08:00,0.135
05/04/2019 09:00,0.059
05/04/2019 10:00,0.013
05/04/2019 11:00,0.001
05/04/2019 12:00,0.001
05/04/2019 13:00,0.001
05/04/2019 14:00,0.004
05/04/2019 15:00,0.037
05/04/2019 16:00,0.083
05/04/2019 17:00,0.154
05/04/2019 18:00,0.293
05/04/2019 19:00,0.371
05/04/2019 20:00,0.453
05/04/2019 21:00,0.467
05/04/2019 22:00,0.535
05/04/2019 23:00,0.643
06/04/2019 00:00,0.673
06/04/2019 01:00,0.656
06/04/2019 02:00,0.623
06/04/2019 03:00,0.563
06/04/2019 04:00,0.494
06/04/2019 05:00,0.453
06/04/2019 06:00,0.461
06/04/2019 07:00,0.587
06/04/2019 08:00,0.579
06/04/2019 09:00,0.448
06/04/2019 10:00,0.291
06/04/2019 11:00,0.159
06/04/2019 12:00,0.102
06/04/2019 13:00,0.079
06/04/2019 14:00,0.077
06/04/2019 15:00,0.087
06/04/2019 16:00,0.118
06/04/2019 17:00,0.207
06/04/2019 18:00,0.343
06/04/2019 19:00,0.45
06/04/2019 20:00,0.479
06/04/2019 21:00,0.471
06/04/2019 22:00,0.457
06/04/2019 23:00,0.42
07/04/2019 00:00,0.422
07/04/2019 01:00,0.498
07/04/2019 02:00,0.523
07/04/2019 03:00,0.479
07/04/2019 04:00,0.432
07/04/2019 05:00,0.358
07/04/2019 06:00,0.346
07/04/2019 07:00,0.457
07/04/2019 08:00,0.484
07/04/2019 09:00,0.391
07/04/2019 10:00,0.261
07/04/2019 11:00,0.156
07/04/2019 12:00,0.11
07/04/2019 13:00,0.121
07/04/2019 14:00,0.178
07/04/2019 15:00,0.249
07/04/2019 16:00,0.366
07/04/2019 17:00,0.472
07/04/2019 18:00,0.52
07/04/2019 19:00,0.491
07/04/2019 20:00,0.451
07/04/2019 21:00,0.392
07/04/2019 22:00,0.38
07/04/2019 23:00,0.391
08/04/2019 00:00,0.429
08/04/2019 01:00,0.382
08/04/2019 02:00,0.341
08/04/2019 03:00,0.278
08/04/2019 04:00,0.242
08/04/2019 05:00,0.241
08/04/2019 06:00,0.268
08/04/2019 07:00,0.466
08/04/2019 08:00,0.447
08/04/2019 09:00,0.297
08/04/2019 10:00,0.151
08/04/2019 11:00,0.068
08/04/2019 12:00,0.012
08/04/2019 13:00,0.001
08/04/2019 14:00,0.001
08/04/2019 15:00,0.026
08/04/2019 16:00,0.101
08/04/2019 17:00,0.179
08/04/2019 18:00,0.27
08/04/2019 19:00,0.3
08/04/2019 20:00,0.313
08/04/2019 21:00,0.286
08/04/2019 22:00,0.321
08/04/2019 23:00,0.504
09/04/2019 00:00,0.601
09/04/2019 01:00,0.618
09/04/2019 02:00,0.618
09/04/2019 03:00,0.623
09/04/2019 04:00,0.624
09/04/2019 05:00,0.622
09/04/2019 06:00,0.614
09/04/2019 07:00,0.685
09/04/2019 08:00,0.704
09/04/2019 09:00,0.662
09/04/2019 10:00,0.561
09/04/2019 11:00,0.425
09/04/2019 12:00,0.32
09/04/2019 13:00,0.255
09/04/2019 14:00,0.228
09/04/2019 15:00,0.244
09/04/2019 16:00,0.29
09/04/2019 17:00,0.326
09/04/2019 18:00,0.343
09/04/2019 19:00,0.341
09/04/2019 20:00,0.307
09/04/2019 21:00,0.274
09/04/2019 22:00,0.256
09/04/2019 23:00,0.255
10/04/2019 00:00,0.264
10/04/2019 01:00,0.28
10/04/2019 02:00,0.3
10/04/2019 03:00,0.316
10/04/2019 04:00,0.315
10/04/2019 05:00,0.287
10/04/2019 06:00,0.251
10/04/2019 07:00,0.379
10/04/2019 08:00,0.458
10/04/2019 09:00,0.3
10/04/2019 10:00,0.15
10/04/2019 11:00,0.07
10/04/2019 12:00,0.046
10/04/2019 13:00,0.118
10/04/2019 14:00,0.188
10/04/2019 15:00,0.241
10/04/2019 16:00,0.251
10/04/2019 17:00,0.243
10/04/2019 18:00,0.243
10/04/2019 19:00,0.237
10/04/2019 20:00,0.231
10/04/2019 21:00,0.26
10/04/2019 22:00,0.294
10/04/2019 23:00,0.323
11/04/2019 00:00,0.376
11/04/2019 01:00,0.426
11/04/2019 02:00,0.441
11/04/2019 03:00,0.423
11/04/2019 04:00,0.366
11/04/2019 05:00,0.313
11/04/2019 06:00,0.284
11/04/2019 07:00,0.325
11/04/2019 08:00,0.364
11/04/2019 09:00,0.31
11/04/2019 10:00,0.242
11/04/2019 11:00,0.178
11/04/2019 12:00,0.114
11/04/2019 13:00,0.068
11/04/2019 14:00,0.054
11/04/2019 15:00,0.082
11/04/2019 16:00,0.17
11/04/2019 17:00,0.333
11/04/2019 18:00,0.433
11/04/2019 19:00,0.393
11/04/2019 20:00,0.321
11/04/2019 21:00,0.282
11/04/2019 22:00,0.292
11/04/2019 23:00,0.289
12/04/2019 00:00,0.283
12/04/2019 01:00,0.294
12/04/2019 02:00,0.27
12/04/2019 03:00,0.249
12/04/2019 04:00,0.237
12/04/2019 05:00,0.231
12/04/2019 06:00,0.22
12/04/2019 07:00,0.377
12/04/2019 08:00,0.362
12/04/2019 09:00,0.233
12/04/2019 10:00,0.13
12/04/2019 11:00,0.065
12/04/2019 12:00,0.035
12/04/2019 13:00,0.042
12/04/2019 14:00,0.108
12/04/2019 15:00,0.169
12/04/2019 16:00,0.255
12/04/2019 17:00,0.364
12/04/2019 18:00,0.442
12/04/2019 19:00,0.448
12/04/2019 20:00,0.402
12/04/2019 21:00,0.376
12/04/2019 22:00,0.364
12/04/2019 23:00,0.372
13/04/2019 00:00,0.407
13/04/2019 01:00,0.434
13/04/2019 02:00,0.435
13/04/2019 03:00,0.464
13/04/2019 04:00,0.494
13/04/2019 05:00,0.498
13/04/2019 06:00,0.505
13/04/2019 07:00,0.766
13/04/2019 08:00,0.804
13/04/2019 09:00,0.741
13/04/2019 10:00,0.661
13/04/2019 11:00,0.574
13/04/2019 12:00,0.488
13/04/2019 13:00,0.446
13/04/2019 14:00,0.451
13/04/2019 15:00,0.457
13/04/2019 16:00,0.43
13/04/2019 17:00,0.348
13/04/2019 18:00,0.258
13/04/2019 19:00,0.17
13/04/2019 20:00,0.112
13/04/2019 21:00,0.088
13/04/2019 22:00,0.099
13/04/2019 23:00,0.14
14/04/2019 00:00,0.217
14/04/2019 01:00,0.311
14/04/2019 02:00,0.388
14/04/2019 03:00,0.389
14/04/2019 04:00,0.273
14/04/2019 05:00,0.156
14/04/2019 06:00,0.112
14/04/2019 07:00,0.129
14/04/2019 08:00,0.136
14/04/2019 09:00,0.112
14/04/2019 10:00,0.078
14/04/2019 11:00,0.038
14/04/2019 12:00,0.008
14/04/2019 13:00,0.0
14/04/2019 14:00,0.006
14/04/2019 15:00,0.069
14/04/2019 16:00,0.121
14/04/2019 17:00,0.192
14/04/2019 18:00,0.22
14/04/2019 19:00,0.175
14/04/2019 20:00,0.123
14/04/2019 21:00,0.109
14/04/2019 22:00,0.125
14/04/2019 23:00,0.14
15/04/2019 00:00,0.142
15/04/2019 01:00,0.125
15/04/2019 02:00,0.104
15/04/2019 03:00,0.093
15/04/2019 04:00,0.093
15/04/2019 05:00,0.094
15/04/2019 06:00,0.085
15/04/2019 07:00,0.1
15/04/2019 08:00,0.069
15/04/2019 09:00,0.034
15/04/2019 10:00,0.0
15/04/2019 11:00,0.0
15/04/2019 12:00,0.0
15/04/2019 13:00,0.0
15/04/2019 14:00,0.0
15/04/2019 15:00,0.008
15/04/2019 16:00,0.029
15/04/2019 17:00,0.05
15/04/2019 18:00,0.105
15/04/2019 19:00,0.135
15/04/2019 20:00,0.101
15/04/2019 21:00,0.061
15/04/2019 22:00,0.043
15/04/2019 23:00,0.051
16/04/2019 00:00,0.079
16/04/2019 01:00,0.101
16/04/2019 02:00,0.088
16/04/2019 03:00,0.049
16/04/2019 04:00,0.015
16/04/2019 05:00,0.003
16/04/2019 06:00,0.001
16/04/2019 07:00,0.001
16/04/2019 08:00,0.0
16/04/2019 09:00,0.0
16/04/2019 10:00,0.002
16/04/2019 11:00,0.025
16/04/2019 12:00,0.043
16/04/2019 13:00,0.053
16/04/2019 14:00,0.051
16/04/2019 15:00,0.046
16/04/2019 16:00,0.042
16/04/2019 17:00,0.036
16/04/2019 18:00,0.025
16/04/2019 19:00,0.014
16/04/2019 20:00,0.005
16/04/2019 21:00,0.002
16/04/2019 22:00,0.014
16/04/2019 23:00,0.083
17/04/2019 00:00,0.195
17/04/2019 01:00,0.307
17/04/2019 02:00,0.385
17/04/2019 03:00,0.413
17/04/2019 04:00,0.407
17/04/2019 05:00,0.367
17/04/2019 06:00,0.307
17/04/2019 07:00,0.264
17/04/2019 08:00,0.574
17/04/2019 09:00,0.701
17/04/2019 10:00,0.706
17/04/2019 11:00,0.644
17/04/2019 12:00,0.534
17/04/2019 13:00,0.41
17/04/2019 14:00,0.297
17/04/2019 15:00,0.212
17/04/2019 16:00,0.159
17/04/2019 17:00,0.128
17/04/2019 18:00,0.14
17/04/2019 19:00,0.163
17/04/2019 20:00,0.143
17/04/2019 21:00,0.101
17/04/2019 22:00,0.064
17/04/2019 23:00,0.051
18/04/2019 00:00,0.054
18/04/2019 01:00,0.055
18/04/2019 02:00,0.043
18/04/2019 03:00,0.023
18/04/2019 04:00,0.011
18/04/2019 05:00,0.005
18/04/2019 06:00,0.003
18/04/2019 07:00,0.005
18/04/2019 08:00,0.005
18/04/2019 09:00,0.001
18/04/2019 10:00,0.001
18/04/2019 11:00,0.001
18/04/2019 12:00,0.001
18/04/2019 13:00,0.001
18/04/2019 14:00,0.0
18/04/2019 15:00,0.004
18/04/2019 16:00,0.043
18/04/2019 17:00,0.091
18/04/2019 18:00,0.212
18/04/2019 19:00,0.256
18/04/2019 20:00,0.209
18/04/2019 21:00,0.202
18/04/2019 22:00,0.218
18/04/2019 23:00,0.265
19/04/2019 00:00,0.292
19/04/2019 01:00,0.279
19/04/2019 02:00,0.236
19/04/2019 03:00,0.192
19/04/2019 04:00,0.162
19/04/2019 05:00,0.145
19/04/2019 06:00,0.121
19/04/2019 07:00,0.1
19/04/2019 08:00,0.036
19/04/2019 09:00,0.005
19/04/2019 10:00,0.001
19/04/2019 11:00,0.001
19/04/2019 12:00,0.001
19/04/2019 13:00,0.0
19/04/2019 14:00,0.001
19/04/2019 15:00,0.02
19/04/2019 16:00,0.047
19/04/2019 17:00,0.093
19/04/2019 18:00,0.201
19/04/2019 19:00,0.223
19/04/2019 20:00,0.167
19/04/2019 21:00,0.117
19/04/2019 22:00,0.09
19/04/2019 23:00,0.078
20/04/2019 00:00,0.088
20/04/2019 01:00,0.121
20/04/2019 02:00,0.16
20/04/2019 03:00,0.202
20/04/2019 04:00,0.205
20/04/2019 05:00,0.182
20/04/2019 06:00,0.151
20/04/2019 07:00,0.168
20/04/2019 08:00,0.085
20/04/2019 09:00,0.015
20/04/2019 10:00,0.0
20/04/2019 11:00,0.0
20/04/2019 12:00,0.001
20/04/2019 13:00,0.004
20/04/2019 14:00,0.028
20/04/2019 15:00,0.069
20/04/2019 16:00,0.1
20/04/2019 17:00,0.154
20/04/2019 18:00,0.228
20/04/2019 19:00,0.249
20/04/2019 20:00,0.212
20/04/2019 21:00,0.174
20/04/2019 22:00,0.14
20/04/2019 23:00,0.135
21/04/2019 00:00,0.153
21/04/2019 01:00,0.19
21/04/2019 02:00,0.252
21/04/2019 03:00,0.237
21/04/2019 04:00,0.182
21/04/2019 05:00,0.139
21/04/2019 06:00,0.124
21/04/2019 07:00,0.202
21/04/2019 08:00,0.213
21/04/2019 09:00,0.137
21/04/2019 10:00,0.066
21/04/2019 11:00,0.042
21/04/2019 12:00,0.046
21/04/2019 13:00,0.069
21/04/2019 14:00,0.1
21/04/2019 15:00,0.126
21/04/2019 16:00,0.142
21/04/2019 17:00,0.157
21/04/2019 18:00,0.192
21/04/2019 19:00,0.217
21/04/2019 20:00,0.217
21/04/2019 21:00,0.221
21/04/2019 22:00,0.246
21/04/2019 23:00,0.3
22/04/2019 00:00,0.364
22/04/2019 01:00,0.41
22/04/2019 02:00,0.401
22/04/2019 03:00,0.389
22/04/2019 04:00,0.347
22/04/2019 05:00,0.312
22/04/2019 06:00,0.274
22/04/2019 07:00,0.403
22/04/2019 08:00,0.459
22/04/2019 09:00,0.374
22/04/2019 10:00,0.297
22/04/2019 11:00,0.233
22/04/2019 12:00,0.197
22/04/2019 13:00,0.202
22/04/2019 14:00,0.243
22/04/2019 15:00,0.285
22/04/2019 16:00,0.317
22/04/2019 17:00,0.341
22/04/2019 18:00,0.346
22/04/2019 19:00,0.304
22/04/2019 20:00,0.241
22/04/2019 21:00,0.181
22/04/2019 22:00,0.138
22/04/2019 23:00,0.115
23/04/2019 00:00,0.095
23/04/2019 01:00,0.074
23/04/2019 02:00,0.047
23/04/2019 03:00,0.038
23/04/2019 04:00,0.041
23/04/2019 05:00,0.056
23/04/2019 06:00,0.068
23/04/2019 07:00,0.092
23/04/2019 08:00,0.084
23/04/2019 09:00,0.035
23/04/2019 10:00,0.023
23/04/2019 11:00,0.048
23/04/2019 12:00,0.069
23/04/2019 13:00,0.074
23/04/2019 14:00,0.08
23/04/2019 15:00,0.106
23/04/2019 16:00,0.119
23/04/2019 17:00,0.134
23/04/2019 18:00,0.181
23/04/2019 19:00,0.219
23/04/2019 20:00,0.202
23/04/2019 21:00,0.167
23/04/2019 22:00,0.161
23/04/2019 23:00,0.179
24/04/2019 00:00,0.192
24/04/2019 01:00,0.192
24/04/2019 02:00,0.17
24/04/2019 03:00,0.144
24/04/2019 04:00,0.108
24/04/2019 05:00,0.076
24/04/2019 06:00,0.045
24/04/2019 07:00,0.028
24/04/2019 08:00,0.002
24/04/2019 09:00,0.006
24/04/2019 10:00,0.022
24/04/2019 11:00,0.026
24/04/2019 12:00,0.019
24/04/2019 13:00,0.018
24/04/2019 14:00,0.031
24/04/2019 15:00,0.035
24/04/2019 16:00,0.035
24/04/2019 17:00,0.033
24/04/2019 18:00,0.042
24/04/2019 19:00,0.039
24/04/2019 20:00,0.02
24/04/2019 21:00,0.006
24/04/2019 22:00,0.004
24/04/2019 23:00,0.014
25/04/2019 00:00,0.054
25/04/2019 01:00,0.11
25/04/2019 02:00,0.16
25/04/2019 03:00,0.186
25/04/2019 04:00,0.178
25/04/2019 05:00,0.141
25/04/2019 06:00,0.083
25/04/2019 07:00,0.042
25/04/2019 08:00,0.032
25/04/2019 09:00,0.055
25/04/2019 10:00,0.043
25/04/2019 11:00,0.011
25/04/2019 12:00,0.003
25/04/2019 13:00,0.025
25/04/2019 14:00,0.06
25/04/2019 15:00,0.076
25/04/2019 16:00,0.093
25/04/2019 17:00,0.132
25/04/2019 18:00,0.204
25/04/2019 19:00,0.257
25/04/2019 20:00,0.265
25/04/2019 21:00,0.248
25/04/2019 22:00,0.217
25/04/2019 23:00,0.185
26/04/2019 00:00,0.175
26/04/2019 01:00,0.179
26/04/2019 02:00,0.177
26/04/2019 03:00,0.17
26/04/2019 04:00,0.163
26/04/2019 05:00,0.159
26/04/2019 06:00,0.147
26/04/2019 07:00,0.128
26/04/2019 08:00,0.095
26/04/2019 09:00,0.041
26/04/2019 10:00,0.005
26/04/2019 11:00,0.002
26/04/2019 12:00,0.013
26/04/2019 13:00,0.057
26/04/2019 14:00,0.07
26/04/2019 15:00,0.072
26/04/2019 16:00,0.055
26/04/2019 17:00,0.044
26/04/2019 18:00,0.046
26/04/2019 19:00,0.028
26/04/2019 20:00,0.008
26/04/2019 21:00,0.002
26/04/2019 22:00,0.009
26/04/2019 23:00,0.085
27/04/2019 00:00,0.244
27/04/2019 01:00,0.366
27/04/2019 02:00,0.407
27/04/2019 03:00,0.374
27/04/2019 04:00,0.308
27/04/2019 05:00,0.253
27/04/2019 06:00,0.201
27/04/2019 07:00,0.257
27/04/2019 08:00,0.177
27/04/2019 09:00,0.071
27/04/2019 10:00,0.021
27/04/2019 11:00,0.001
27/04/2019 12:00,0.0
27/04/2019 13:00,0.0
27/04/2019 14:00,0.0
27/04/2019 15:00,0.007
27/04/2019 16:00,0.019
27/04/2019 17:00,0.045
27/04/2019 18:00,0.114
27/04/2019 19:00,0.148
27/04/2019 20:00,0.13
27/04/2019 21:00,0.108
27/04/2019 22:00,0.119
27/04/2019 23:00,0.179
28/04/2019 00:00,0.278
28/04/2019 01:00,0.377
28/04/2019 02:00,0.404
28/04/2019 03:00,0.395
28/04/2019 04:00,0.379
28/04/2019 05:00,0.358
28/04/2019 06:00,0.313
28/04/2019 07:00,0.312
28/04/2019 08:00,0.254
28/04/2019 09:00,0.127
28/04/2019 10:00,0.053
28/04/2019 11:00,0.008
28/04/2019 12:00,0.0
28/04/2019 13:00,0.0
28/04/2019 14:00,0.001
28/04/2019 15:00,0.02
28/04/2019 16:00,0.047
28/04/2019 17:00,0.112
28/04/2019 18:00,0.284
28/04/2019 19:00,0.38
28/04/2019 20:00,0.343
28/04/2019 21:00,0.274
28/04/2019 22:00,0.217
28/04/2019 23:00,0.227
29/04/2019 00:00,0.265
29/04/2019 01:00,0.3
29/04/2019 02:00,0.315
29/04/2019 03:00,0.316
29/04/2019 04:00,0.278
29/04/2019 05:00,0.238
29/04/2019 06:00,0.201
29/04/2019 07:00,0.291
29/04/2019 08:00,0.321
29/04/2019 09:00,0.243
29/04/2019 10:00,0.179
29/04/2019 11:00,0.137
29/04/2019 12:00,0.122
29/04/2019 13:00,0.132
29/04/2019 14:00,0.155
29/04/2019 15:00,0.201
29/04/2019 16:00,0.31
29/04/2019 17:00,0.38
29/04/2019 18:00,0.387
29/04/2019 19:00,0.32
29/04/2019 20:00,0.253
29/04/2019 21:00,0.23
29/04/2019 22:00,0.231
29/04/2019 23:00,0.271
30/04/2019 00:00,0.357
30/04/2019 01:00,0.487
30/04/2019 02:00,0.578
30/04/2019 03:00,0.529
30/04/2019 04:00,0.454
30/04/2019 05:00,0.358
30/04/2019 06:00,0.323
30/04/2019 07:00,0.485
30/04/2019 08:00,0.475
30/04/2019 09:00,0.3
30/04/2019 10:00,0.153
30/04/2019 11:00,0.068
30/04/2019 12:00,0.035
30/04/2019 13:00,0.018
30/04/2019 14:00,0.066
30/04/2019 15:00,0.128
30/04/2019 16:00,0.194
30/04/2019 17:00,0.251
30/04/2019 18:00,0.269
30/04/2019 19:00,0.22
30/04/2019 20:00,0.176
30/04/2019 21:00,0.157
30/04/2019 22:00,0.178
30/04/2019 23:00,0.235
01/05/2019 00:00,0.281
01/05/2019 01:00,0.311
01/05/2019 02:00,0.322
01/05/2019 03:00,0.334
01/05/2019 04:00,0.315
01/05/2019 05:00,0.299
01/05/2019 06:00,0.311
01/05/2019 07:00,0.45
01/05/2019 08:00,0.464
01/05/2019 09:00,0.367
01/05/2019 10:00,0.248
01/05/2019 11:00,0.158
01/05/2019 12:00,0.102
01/05/2019 13:00,0.082
01/05/2019 14:00,0.084
01/05/2019 15:00,0.103
01/05/2019 16:00,0.111
01/05/2019 17:00,0.118
01/05/2019 18:00,0.126
01/05/2019 19:00,0.11
01/05/2019 20:00,0.088
01/05/2019 21:00,0.076
01/05/2019 22:00,0.076
01/05/2019 23:00,0.094
02/05/2019 00:00,0.121
02/05/2019 01:00,0.144
02/05/2019 02:00,0.155
02/05/2019 03:00,0.154
02/05/2019 04:00,0.13
02/05/2019 05:00,0.103
02/05/2019 06:00,0.081
02/05/2019 07:00,0.04
02/05/2019 08:00,0.042
02/05/2019 09:00,0.073
02/05/2019 10:00,0.089
02/05/2019 11:00,0.103
02/05/2019 12:00,0.119
02/05/2019 13:00,0.128
02/05/2019 14:00,0.124
02/05/2019 15:00,0.104
02/05/2019 16:00,0.09
02/05/2019 17:00,0.085
02/05/2019 18:00,0.098
02/05/2019 19:00,0.108
02/05/2019 20:00,0.119
02/05/2019 21:00,0.144
02/05/2019 22:00,0.191
02/05/2019 23:00,0.238
03/05/2019 00:00,0.27
03/05/2019 01:00,0.279
03/05/2019 02:00,0.274
03/05/2019 03:00,0.262
03/05/2019 04:00,0.224
03/05/2019 05:00,0.184
03/05/2019 06:00,0.138
03/05/2019 07:00,0.099
03/05/2019 08:00,0.088
03/05/2019 09:00,0.07
03/05/2019 10:00,0.063
03/05/2019 11:00,0.06
03/05/2019 12:00,0.058
03/05/2019 13:00,0.065
03/05/2019 14:00,0.072
03/05/2019 15:00,0.082
03/05/2019 16:00,0.083
03/05/2019 17:00,0.078
03/05/2019 18:00,0.086
03/05/2019 19:00,0.095
03/05/2019 20:00,0.115
03/05/2019 21:00,0.152
03/05/2019 22:00,0.2
03/05/2019 23:00,0.251
04/05/2019 00:00,0.284
04/05/2019 01:00,0.284
04/05/2019 02:00,0.262
04/05/2019 03:00,0.238
04/05/2019 04:00,0.222
04/05/2019 05:00,0.228
04/05/2019 06:00,0.245
04/05/2019 07:00,0.168
04/05/2019 08:00,0.095
04/05/2019 09:00,0.013
04/05/2019 10:00,0.002
04/05/2019 11:00,0.028
04/05/2019 12:00,0.077
04/05/2019 13:00,0.108
04/05/2019 14:00,0.124
04/05/2019 15:00,0.134
04/05/2019 16:00,0.156
04/05/2019 17:00,0.212
04/05/2019 18:00,0.302
04/05/2019 19:00,0.311
04/05/2019 20:00,0.257
04/05/2019 21:00,0.225
04/05/2019 22:00,0.254
04/05/2019 23:00,0.311
05/05/2019 00:00,0.358
05/05/2019 01:00,0.347
05/05/2019 02:00,0.323
05/05/2019 03:00,0.289
05/05/2019 04:00,0.249
05/05/2019 05:00,0.225
05/05/2019 06:00,0.17
05/05/2019 07:00,0.168
05/05/2019 08:00,0.167
05/05/2019 09:00,0.107
05/05/2019 10:00,0.059
05/05/2019 11:00,0.027
05/05/2019 12:00,0.014
05/05/2019 13:00,0.012
05/05/2019 14:00,0.011
05/05/2019 15:00,0.025
05/05/2019 16:00,0.048
05/05/2019 17:00,0.109
05/05/2019 18:00,0.225
05/05/2019 19:00,0.286
05/05/2019 20:00,0.28
05/05/2019 21:00,0.276
05/05/2019 22:00,0.294
05/05/2019 23:00,0.327
06/05/2019 00:00,0.352
06/05/2019 01:00,0.345
06/05/2019 02:00,0.303
06/05/2019 03:00,0.261
06/05/2019 04:00,0.227
06/05/2019 05:00,0.204
06/05/2019 06:00,0.159
06/05/2019 07:00,0.161
06/05/2019 08:00,0.139
06/05/2019 09:00,0.054
06/05/2019 10:00,0.026
06/05/2019 11:00,0.013
06/05/2019 12:00,0.026
06/05/2019 13:00,0.041
06/05/2019 14:00,0.043
06/05/2019 15:00,0.042
06/05/2019 16:00,0.058
06/05/2019 17:00,0.111
06/05/2019 18:00,0.218
06/05/2019 19:00,0.257
06/05/2019 20:00,0.23
06/05/2019 21:00,0.21
06/05/2019 22:00,0.211
06/05/2019 23:00,0.228
07/05/2019 00:00,0.243
07/05/2019 01:00,0.264
07/05/2019 02:00,0.28
07/05/2019 03:00,0.289
07/05/2019 04:00,0.274
07/05/2019 05:00,0.25
07/05/2019 06:00,0.223
07/05/2019 07:00,0.294
07/05/2019 08:00,0.308
07/05/2019 09:00,0.22
07/05/2019 10:00,0.154
07/05/2019 11:00,0.131
07/05/2019 12:00,0.126
07/05/2019 13:00,0.135
07/05/2019 14:00,0.157
07/05/2019 15:00,0.196
07/05/2019 16:00,0.23
07/05/2019 17:00,0.26
07/05/2019 18:00,0.26
07/05/2019 19:00,0.225
07/05/2019 20:00,0.192
07/05/2019 21:00,0.179
07/05/2019 22:00,0.184
07/05/2019 23:00,0.208
08/05/2019 00:00,0.238
08/05/2019 01:00,0.264
08/05/2019 02:00,0.281
08/05/2019 03:00,0.283
08/05/2019 04:00,0.234
08/05/2019 05:00,0.163
08/05/2019 06:00,0.102
08/05/2019 07:00,0.12
08/05/2019 08:00,0.179
08/05/2019 09:00,0.2
08/05/2019 10:00,0.231
08/05/2019 11:00,0.235
08/05/2019 12:00,0.191
08/05/2019 13:00,0.149
08/05/2019 14:00,0.137
08/05/2019 15:00,0.156
08/05/2019 16:00,0.206
08/05/2019 17:00,0.251
08/05/2019 18:00,0.284
08/05/2019 19:00,0.326
08/05/2019 20:00,0.32
08/05/2019 21:00,0.3
08/05/2019 22:00,0.261
08/05/2019 23:00,0.242
09/05/2019 00:00,0.241
09/05/2019 01:00,0.248
09/05/2019 02:00,0.259
09/05/2019 03:00,0.263
09/05/2019 04:00,0.238
09/05/2019 05:00,0.201
09/05/2019 06:00,0.157
09/05/2019 07:00,0.147
09/05/2019 08:00,0.186
09/05/2019 09:00,0.18
09/05/2019 10:00,0.209
09/05/2019 11:00,0.248
09/05/2019 12:00,0.259
09/05/2019 13:00,0.243
09/05/2019 14:00,0.208
09/05/2019 15:00,0.167
09/05/2019 16:00,0.139
09/05/2019 17:00,0.123
09/05/2019 18:00,0.119
09/05/2019 19:00,0.12
09/05/2019 20:00,0.118
09/05/2019 21:00,0.123
09/05/2019 22:00,0.145
09/05/2019 23:00,0.178
10/05/2019 00:00,0.219
10/05/2019 01:00,0.254
10/05/2019 02:00,0.256
10/05/2019 03:00,0.231
10/05/2019 04:00,0.183
10/05/2019 05:00,0.133
10/05/2019 06:00,0.086
10/05/2019 07:00,0.046
10/05/2019 08:00,0.046
10/05/2019 09:00,0.042
10/05/2019 10:00,0.038
10/05/2019 11:00,0.029
10/05/2019 12:00,0.03
10/05/2019 13:00,0.039
10/05/2019 14:00,0.054
10/05/2019 15:00,0.068
10/05/2019 16:00,0.071
10/05/2019 17:00,0.081
10/05/2019 18:00,0.111
10/05/2019 19:00,0.145
10/05/2019 20:00,0.167
10/05/2019 21:00,0.175
10/05/2019 22:00,0.164
10/05/2019 23:00,0.16
11/05/2019 00:00,0.173
11/05/2019 01:00,0.183
11/05/2019 02:00,0.179
11/05/2019 03:00,0.167
11/05/2019 04:00,0.161
11/05/2019 05:00,0.157
11/05/2019 06:00,0.114
11/05/2019 07:00,0.057
11/05/2019 08:00,0.102
11/05/2019 09:00,0.157
11/05/2019 10:00,0.105
11/05/2019 11:00,0.057
11/05/2019 12:00,0.02
11/05/2019 13:00,0.03
11/05/2019 14:00,0.086
11/05/2019 15:00,0.126
11/05/2019 16:00,0.149
11/05/2019 17:00,0.171
11/05/2019 18:00,0.213
11/05/2019 19:00,0.203
11/05/2019 20:00,0.15
11/05/2019 21:00,0.114
11/05/2019 22:00,0.112
11/05/2019 23:00,0.143
12/05/2019 00:00,0.185
12/05/2019 01:00,0.219
12/05/2019 02:00,0.228
12/05/2019 03:00,0.206
12/05/2019 04:00,0.162
12/05/2019 05:00,0.106
12/05/2019 06:00,0.045
12/05/2019 07:00,0.019
12/05/2019 08:00,0.025
12/05/2019 09:00,0.043
12/05/2019 10:00,0.035
12/05/2019 11:00,0.018
12/05/2019 12:00,0.015
12/05/2019 13:00,0.011
12/05/2019 14:00,0.008
12/05/2019 15:00,0.009
12/05/2019 16:00,0.013
12/05/2019 17:00,0.02
12/05/2019 18:00,0.037
12/05/2019 19:00,0.041
12/05/2019 20:00,0.028
12/05/2019 21:00,0.019
12/05/2019 22:00,0.034
12/05/2019 23:00,0.09
13/05/2019 00:00,0.153
13/05/2019 01:00,0.179
13/05/2019 02:00,0.163
13/05/2019 03:00,0.125
13/05/2019 04:00,0.113
13/05/2019 05:00,0.118
13/05/2019 06:00,0.12
13/05/2019 07:00,0.161
13/05/2019 08:00,0.235
13/05/2019 09:00,0.232
13/05/2019 10:00,0.165
13/05/2019 11:00,0.094
13/05/2019 12:00,0.058
13/05/2019 13:00,0.034
13/05/2019 14:00,0.014
13/05/2019 15:00,0.003
13/05/2019 16:00,0.0
13/05/2019 17:00,0.001
13/05/2019 18:00,0.005
13/05/2019 19:00,0.058
13/05/2019 20:00,0.137
13/05/2019 21:00,0.203
13/05/2019 22:00,0.247
13/05/2019 23:00,0.258
14/05/2019 00:00,0.249
14/05/2019 01:00,0.227
14/05/2019 02:00,0.202
14/05/2019 03:00,0.172
14/05/2019 04:00,0.121
14/05/2019 05:00,0.067
14/05/2019 06:00,0.021
14/05/2019 07:00,0.011
14/05/2019 08:00,0.077
14/05/2019 09:00,0.115
14/05/2019 10:00,0.115
14/05/2019 11:00,0.101
14/05/2019 12:00,0.084
14/05/2019 13:00,0.069
14/05/2019 14:00,0.06
14/05/2019 15:00,0.057
14/05/2019 16:00,0.057
14/05/2019 17:00,0.078
14/05/2019 18:00,0.164
14/05/2019 19:00,0.241
14/05/2019 20:00,0.249
14/05/2019 21:00,0.235
14/05/2019 22:00,0.223
14/05/2019 23:00,0.218
15/05/2019 00:00,0.218
15/05/2019 01:00,0.226
15/05/2019 02:00,0.233
15/05/2019 03:00,0.227
15/05/2019 04:00,0.217
15/05/2019 05:00,0.219
15/05/2019 06:00,0.211
15/05/2019 07:00,0.241
15/05/2019 08:00,0.259
15/05/2019 09:00,0.179
15/05/2019 10:00,0.074
15/05/2019 11:00,0.023
15/05/2019 12:00,0.005
15/05/2019 13:00,0.001
15/05/2019 14:00,0.015
15/05/2019 15:00,0.07
15/05/2019 16:00,0.137
15/05/2019 17:00,0.183
15/05/2019 18:00,0.191
15/05/2019 19:00,0.176
15/05/2019 20:00,0.167
15/05/2019 21:00,0.179
15/05/2019 22:00,0.226
15/05/2019 23:00,0.288
16/05/2019 00:00,0.327
16/05/2019 01:00,0.323
16/05/2019 02:00,0.289
16/05/2019 03:00,0.233
16/05/2019 04:00,0.169
16/05/2019 05:00,0.132
16/05/2019 06:00,0.112
16/05/2019 07:00,0.094
16/05/2019 08:00,0.112
16/05/2019 09:00,0.096
16/05/2019 10:00,0.087
16/05/2019 11:00,0.085
16/05/2019 12:00,0.098
16/05/2019 13:00,0.132
16/05/2019 14:00,0.188
16/05/2019 15:00,0.258
16/05/2019 16:00,0.285
16/05/2019 17:00,0.262
16/05/2019 18:00,0.203
16/05/2019 19:00,0.137
16/05/2019 20:00,0.106
16/05/2019 21:00,0.109
16/05/2019 22:00,0.15
16/05/2019 23:00,0.207
17/05/2019 00:00,0.255
17/05/2019 01:00,0.289
17/05/2019 02:00,0.3
17/05/2019 03:00,0.281
17/05/2019 04:00,0.24
17/05/2019 05:00,0.28
17/05/2019 06:00,0.275
17/05/2019 07:00,0.388
17/05/2019 08:00,0.481
17/05/2019 09:00,0.361
17/05/2019 10:00,0.099
17/05/2019 11:00,0.001
17/05/2019 12:00,0.003
17/05/2019 13:00,0.018
17/05/2019 14:00,0.029
17/05/2019 15:00,0.041
17/05/2019 16:00,0.074
17/05/2019 17:00,0.13
17/05/2019 18:00,0.187
17/05/2019 19:00,0.196
17/05/2019 20:00,0.161
17/05/2019 21:00,0.134
17/05/2019 22:00,0.128
17/05/2019 23:00,0.153
18/05/2019 00:00,0.189
18/05/2019 01:00,0.208
18/05/2019 02:00,0.217
18/05/2019 03:00,0.227
18/05/2019 04:00,0.242
18/05/2019 05:00,0.256
18/05/2019 06:00,0.241
18/05/2019 07:00,0.302
18/05/2019 08:00,0.329
18/05/2019 09:00,0.223
18/05/2019 10:00,0.141
18/05/2019 11:00,0.101
18/05/2019 12:00,0.094
18/05/2019 13:00,0.104
18/05/2019 14:00,0.126
18/05/2019 15:00,0.175
18/05/2019 16:00,0.285
18/05/2019 17:00,0.441
18/05/2019 18:00,0.557
18/05/2019 19:00,0.544
18/05/2019 20:00,0.476
18/05/2019 21:00,0.42
18/05/2019 22:00,0.397
18/05/2019 23:00,0.355
19/05/2019 00:00,0.311
19/05/2019 01:00,0.259
19/05/2019 02:00,0.185
19/05/2019 03:00,0.128
19/05/2019 04:00,0.1
19/05/2019 05:00,0.085
19/05/2019 06:00,0.08
19/05/2019 07:00,0.155
19/05/2019 08:00,0.203
19/05/2019 09:00,0.244
19/05/2019 10:00,0.278
19/05/2019 11:00,0.274
19/05/2019 12:00,0.246
19/05/2019 13:00,0.227
19/05/2019 14:00,0.236
19/05/2019 15:00,0.249
19/05/2019 16:00,0.278
19/05/2019 17:00,0.334
19/05/2019 18:00,0.365
19/05/2019 19:00,0.325
19/05/2019 20:00,0.289
19/05/2019 21:00,0.274
19/05/2019 22:00,0.274
19/05/2019 23:00,0.275
20/05/2019 00:00,0.267
20/05/2019 01:00,0.249
20/05/2019 02:00,0.22
20/05/2019 03:00,0.205
20/05/2019 04:00,0.21
20/05/2019 05:00,0.23
20/05/2019 06:00,0.233
20/05/2019 07:00,0.341
20/05/2019 08:00,0.484
20/05/2019 09:00,0.473
20/05/2019 10:00,0.415
20/05/2019 11:00,0.36
20/05/2019 12:00,0.295
20/05/2019 13:00,0.242
20/05/2019 14:00,0.199
20/05/2019 15:00,0.163
20/05/2019 16:00,0.16
20/05/2019 17:00,0.196
20/05/2019 18:00,0.283
20/05/2019 19:00,0.351
20/05/2019 20:00,0.367
20/05/2019 21:00,0.365
20/05/2019 22:00,0.354
20/05/2019 23:00,0.346
21/05/2019 00:00,0.358
21/05/2019 01:00,0.367
21/05/2019 02:00,0.332
21/05/2019 03:00,0.289
21/05/2019 04:00,0.207
21/05/2019 05:00,0.129
21/05/2019 06:00,0.093
21/05/2019 07:00,0.055
21/05/2019 08:00,0.075
21/05/2019 09:00,0.062
21/05/2019 10:00,0.053
21/05/2019 11:00,0.028
21/05/2019 12:00,0.009
21/05/2019 13:00,0.001
21/05/2019 14:00,0.0
21/05/2019 15:00,0.001
21/05/2019 16:00,0.002
21/05/2019 17:00,0.009
21/05/2019 18:00,0.024
21/05/2019 19:00,0.039
21/05/2019 20:00,0.037
21/05/2019 21:00,0.02
21/05/2019 22:00,0.008
21/05/2019 23:00,0.004
22/05/2019 00:00,0.004
22/05/2019 01:00,0.016
22/05/2019 02:00,0.043
22/05/2019 03:00,0.068
22/05/2019 04:00,0.061
22/05/2019 05:00,0.025
22/05/2019 06:00,0.002
22/05/2019 07:00,0.0
22/05/2019 08:00,0.017
22/05/2019 09:00,0.028
22/05/2019 10:00,0.006
22/05/2019 11:00,0.0
22/05/2019 12:00,0.001
22/05/2019 13:00,0.012
22/05/2019 14:00,0.031
22/05/2019 15:00,0.046
22/05/2019 16:00,0.059
22/05/2019 17:00,0.076
22/05/2019 18:00,0.118
22/05/2019 19:00,0.12
22/05/2019 20:00,0.07
22/05/2019 21:00,0.026
22/05/2019 22:00,0.014
22/05/2019 23:00,0.016
23/05/2019 00:00,0.024
23/05/2019 01:00,0.032
23/05/2019 02:00,0.036
23/05/2019 03:00,0.035
23/05/2019 04:00,0.031
23/05/2019 05:00,0.026
23/05/2019 06:00,0.025
23/05/2019 07:00,0.028
23/05/2019 08:00,0.038
23/05/2019 09:00,0.025
23/05/2019 10:00,0.023
23/05/2019 11:00,0.038
23/05/2019 12:00,0.074
23/05/2019 13:00,0.12
23/05/2019 14:00,0.159
23/05/2019 15:00,0.175
23/05/2019 16:00,0.154
23/05/2019 17:00,0.119
23/05/2019 18:00,0.102
23/05/2019 19:00,0.094
23/05/2019 20:00,0.075
23/05/2019 21:00,0.062
23/05/2019 22:00,0.076
23/05/2019 23:00,0.118
24/05/2019 00:00,0.164
24/05/2019 01:00,0.193
24/05/2019 02:00,0.209
24/05/2019 03:00,0.224
24/05/2019 04:00,0.237
24/05/2019 05:00,0.255
24/05/2019 06:00,0.254
24/05/2019 07:00,0.211
24/05/2019 08:00,0.179
24/05/2019 09:00,0.108
24/05/2019 10:00,0.066
24/05/2019 11:00,0.051
24/05/2019 12:00,0.061
24/05/2019 13:00,0.081
24/05/2019 14:00,0.106
24/05/2019 15:00,0.135
24/05/2019 16:00,0.173
24/05/2019 17:00,0.246
24/05/2019 18:00,0.355
24/05/2019 19:00,0.386
24/05/2019 20:00,0.337
24/05/2019 21:00,0.315
24/05/2019 22:00,0.325
24/05/2019 23:00,0.344
25/05/2019 00:00,0.345
25/05/2019 01:00,0.336
25/05/2019 02:00,0.32
25/05/2019 03:00,0.292
25/05/2019 04:00,0.262
25/05/2019 05:00,0.236
25/05/2019 06:00,0.184
25/05/2019 07:00,0.097
25/05/2019 08:00,0.074
25/05/2019 09:00,0.058
25/05/2019 10:00,0.066
25/05/2019 11:00,0.085
25/05/2019 12:00,0.112
25/05/2019 13:00,0.133
25/05/2019 14:00,0.144
25/05/2019 15:00,0.148
25/05/2019 16:00,0.14
25/05/2019 17:00,0.142
25/05/2019 18:00,0.162
25/05/2019 19:00,0.17
25/05/2019 20:00,0.156
25/05/2019 21:00,0.152
25/05/2019 22:00,0.174
25/05/2019 23:00,0.201
26/05/2019 00:00,0.209
26/05/2019 01:00,0.207
26/05/2019 02:00,0.193
26/05/2019 03:00,0.179
26/05/2019 04:00,0.16
26/05/2019 05:00,0.136
26/05/2019 06:00,0.093
26/05/2019 07:00,0.046
26/05/2019 08:00,0.031
26/05/2019 09:00,0.053
26/05/2019 10:00,0.068
26/05/2019 11:00,0.046
26/05/2019 12:00,0.03
26/05/2019 13:00,0.023
26/05/2019 14:00,0.022
26/05/2019 15:00,0.019
26/05/2019 16:00,0.019
26/05/2019 17:00,0.047
26/05/2019 18:00,0.15
26/05/2019 19:00,0.233
26/05/2019 20:00,0.224
26/05/2019 21:00,0.197
26/05/2019 22:00,0.175
26/05/2019 23:00,0.16
27/05/2019 00:00,0.174
27/05/2019 01:00,0.203
27/05/2019 02:00,0.251
27/05/2019 03:00,0.291
27/05/2019 04:00,0.309
27/05/2019 05:00,0.314
27/05/2019 06:00,0.259
27/05/2019 07:00,0.365
27/05/2019 08:00,0.335
27/05/2019 09:00,0.227
27/05/2019 10:00,0.159
27/05/2019 11:00,0.128
27/05/2019 12:00,0.123
27/05/2019 13:00,0.147
27/05/2019 14:00,0.185
27/05/2019 15:00,0.245
27/05/2019 16:00,0.294
27/05/2019 17:00,0.337
27/05/2019 18:00,0.311
27/05/2019 19:00,0.278
27/05/2019 20:00,0.267
27/05/2019 21:00,0.261
27/05/2019 22:00,0.253
27/05/2019 23:00,0.246
28/05/2019 00:00,0.295
28/05/2019 01:00,0.313
28/05/2019 02:00,0.311
28/05/2019 03:00,0.27
28/05/2019 04:00,0.251
28/05/2019 05:00,0.249
28/05/2019 06:00,0.273
28/05/2019 07:00,0.513
28/05/2019 08:00,0.515
28/05/2019 09:00,0.435
28/05/2019 10:00,0.338
28/05/2019 11:00,0.243
28/05/2019 12:00,0.16
28/05/2019 13:00,0.104
28/05/2019 14:00,0.072
28/05/2019 15:00,0.061
28/05/2019 16:00,0.065
28/05/2019 17:00,0.104
28/05/2019 18:00,0.201
28/05/2019 19:00,0.294
28/05/2019 20:00,0.323
28/05/2019 21:00,0.304
28/05/2019 22:00,0.262
28/05/2019 23:00,0.214
29/05/2019 00:00,0.178
29/05/2019 01:00,0.147
29/05/2019 02:00,0.141
29/05/2019 03:00,0.155
29/05/2019 04:00,0.155
29/05/2019 05:00,0.154
29/05/2019 06:00,0.145
29/05/2019 07:00,0.164
29/05/2019 08:00,0.204
29/05/2019 09:00,0.164
29/05/2019 10:00,0.142
29/05/2019 11:00,0.119
29/05/2019 12:00,0.088
29/05/2019 13:00,0.059
29/05/2019 14:00,0.043
29/05/2019 15:00,0.035
29/05/2019 16:00,0.05
29/05/2019 17:00,0.096
29/05/2019 18:00,0.202
29/05/2019 19:00,0.248
29/05/2019 20:00,0.215
29/05/2019 21:00,0.187
29/05/2019 22:00,0.177
29/05/2019 23:00,0.173
30/05/2019 00:00,0.177
30/05/2019 01:00,0.183
30/05/2019 02:00,0.204
30/05/2019 03:00,0.219
30/05/2019 04:00,0.2
30/05/2019 05:00,0.172
30/05/2019 06:00,0.138
30/05/2019 07:00,0.13
30/05/2019 08:00,0.142
30/05/2019 09:00,0.118
30/05/2019 10:00,0.083
30/05/2019 11:00,0.046
30/05/2019 12:00,0.018
30/05/2019 13:00,0.006
30/05/2019 14:00,0.001
30/05/2019 15:00,0.0
30/05/2019 16:00,0.0
30/05/2019 17:00,0.002
30/05/2019 18:00,0.008
30/05/2019 19:00,0.022
30/05/2019 20:00,0.038
30/05/2019 21:00,0.051
30/05/2019 22:00,0.051
30/05/2019 23:00,0.05
31/05/2019 00:00,0.066
31/05/2019 01:00,0.087
31/05/2019 02:00,0.103
31/05/2019 03:00,0.118
31/05/2019 04:00,0.101
31/05/2019 05:00,0.082
31/05/2019 06:00,0.058
31/05/2019 07:00,0.059
31/05/2019 08:00,0.09
31/05/2019 09:00,0.091
31/05/2019 10:00,0.079
31/05/2019 11:00,0.061
31/05/2019 12:00,0.044
31/05/2019 13:00,0.041
31/05/2019 14:00,0.047
31/05/2019 15:00,0.054
31/05/2019 16:00,0.057
31/05/2019 17:00,0.059
31/05/2019 18:00,0.069
31/05/2019 19:00,0.082
31/05/2019 20:00,0.084
31/05/2019 21:00,0.087
31/05/2019 22:00,0.088
31/05/2019 23:00,0.094
01/06/2019 00:00,0.117
01/06/2019 01:00,0.183
01/06/2019 02:00,0.283
01/06/2019 03:00,0.328
01/06/2019 04:00,0.299
01/06/2019 05:00,0.252
01/06/2019 06:00,0.187
01/06/2019 07:00,0.271
01/06/2019 08:00,0.302
01/06/2019 09:00,0.219
01/06/2019 10:00,0.158
01/06/2019 11:00,0.12
01/06/2019 12:00,0.094
01/06/2019 13:00,0.077
01/06/2019 14:00,0.081
01/06/2019 15:00,0.083
01/06/2019 16:00,0.077
01/06/2019 17:00,0.058
01/06/2019 18:00,0.04
01/06/2019 19:00,0.029
01/06/2019 20:00,0.026
01/06/2019 21:00,0.034
01/06/2019 22:00,0.053
01/06/2019 23:00,0.111
02/06/2019 00:00,0.167
02/06/2019 01:00,0.189
02/06/2019 02:00,0.188
02/06/2019 03:00,0.17
02/06/2019 04:00,0.162
02/06/2019 05:00,0.174
02/06/2019 06:00,0.178
02/06/2019 07:00,0.142
02/06/2019 08:00,0.127
02/06/2019 09:00,0.035
02/06/2019 10:00,0.003
02/06/2019 11:00,0.0
02/06/2019 12:00,0.0
02/06/2019 13:00,0.008
02/06/2019 14:00,0.029
02/06/2019 15:00,0.056
02/06/2019 16:00,0.076
02/06/2019 17:00,0.111
02/06/2019 18:00,0.18
02/06/2019 19:00,0.22
02/06/2019 20:00,0.206
02/06/2019 21:00,0.201
02/06/2019 22:00,0.201
02/06/2019 23:00,0.209
03/06/2019 00:00,0.203
03/06/2019 01:00,0.195
03/06/2019 02:00,0.181
03/06/2019 03:00,0.17
03/06/2019 04:00,0.148
03/06/2019 05:00,0.129
03/06/2019 06:00,0.099
03/06/2019 07:00,0.096
03/06/2019 08:00,0.059
03/06/2019 09:00,0.049
03/06/2019 10:00,0.05
03/06/2019 11:00,0.037
03/06/2019 12:00,0.026
03/06/2019 13:00,0.026
03/06/2019 14:00,0.041
03/06/2019 15:00,0.065
03/06/2019 16:00,0.097
03/06/2019 17:00,0.155
03/06/2019 18:00,0.259
03/06/2019 19:00,0.347
03/06/2019 20:00,0.371
03/06/2019 21:00,0.367
03/06/2019 22:00,0.323
03/06/2019 23:00,0.289
04/06/2019 00:00,0.285
04/06/2019 01:00,0.302
04/06/2019 02:00,0.314
04/06/2019 03:00,0.315
04/06/2019 04:00,0.293
04/06/2019 05:00,0.251
04/06/2019 06:00,0.203
04/06/2019 07:00,0.295
04/06/2019 08:00,0.284
04/06/2019 09:00,0.195
04/06/2019 10:00,0.141
04/06/2019 11:00,0.113
04/06/2019 12:00,0.093
04/06/2019 13:00,0.086
04/06/2019 14:00,0.112
04/06/2019 15:00,0.176
04/06/2019 16:00,0.282
04/06/2019 17:00,0.395
04/06/2019 18:00,0.441
04/06/2019 19:00,0.41
04/06/2019 20:00,0.374
04/06/2019 21:00,0.358
04/06/2019 22:00,0.343
04/06/2019 23:00,0.327
05/06/2019 00:00,0.34
05/06/2019 01:00,0.317
05/06/2019 02:00,0.31
05/06/2019 03:00,0.3
05/06/2019 04:00,0.289
05/06/2019 05:00,0.286
05/06/2019 06:00,0.272
05/06/2019 07:00,0.491
05/06/2019 08:00,0.604
05/06/2019 09:00,0.547
05/06/2019 10:00,0.469
05/06/2019 11:00,0.381
05/06/2019 12:00,0.317
05/06/2019 13:00,0.294
05/06/2019 14:00,0.316
05/06/2019 15:00,0.427
05/06/2019 16:00,0.544
05/06/2019 17:00,0.571
05/06/2019 18:00,0.491
05/06/2019 19:00,0.415
05/06/2019 20:00,0.35
05/06/2019 21:00,0.291
05/06/2019 22:00,0.262
05/06/2019 23:00,0.24
06/06/2019 00:00,0.236
06/06/2019 01:00,0.192
06/06/2019 02:00,0.144
06/06/2019 03:00,0.074
06/06/2019 04:00,0.025
06/06/2019 05:00,0.011
06/06/2019 06:00,0.013
06/06/2019 07:00,0.021
06/06/2019 08:00,0.043
06/06/2019 09:00,0.04
06/06/2019 10:00,0.028
06/06/2019 11:00,0.027
06/06/2019 12:00,0.03
06/06/2019 13:00,0.042
06/06/2019 14:00,0.077
06/06/2019 15:00,0.141
06/06/2019 16:00,0.172
06/06/2019 17:00,0.123
06/06/2019 18:00,0.102
06/06/2019 19:00,0.13
06/06/2019 20:00,0.147
06/06/2019 21:00,0.149
06/06/2019 22:00,0.14
06/06/2019 23:00,0.136
07/06/2019 00:00,0.145
07/06/2019 01:00,0.21
07/06/2019 02:00,0.293
07/06/2019 03:00,0.352
07/06/2019 04:00,0.29
07/06/2019 05:00,0.209
07/06/2019 06:00,0.162
07/06/2019 07:00,0.174
07/06/2019 08:00,0.167
07/06/2019 09:00,0.121
07/06/2019 10:00,0.085
07/06/2019 11:00,0.062
07/06/2019 12:00,0.051
07/06/2019 13:00,0.039
07/06/2019 14:00,0.032
07/06/2019 15:00,0.025
07/06/2019 16:00,0.021
07/06/2019 17:00,0.028
07/06/2019 18:00,0.055
07/06/2019 19:00,0.09
07/06/2019 20:00,0.113
07/06/2019 21:00,0.122
07/06/2019 22:00,0.122
07/06/2019 23:00,0.12
08/06/2019 00:00,0.119
08/06/2019 01:00,0.127
08/06/2019 02:00,0.133
08/06/2019 03:00,0.135
08/06/2019 04:00,0.144
08/06/2019 05:00,0.168
08/06/2019 06:00,0.179
08/06/2019 07:00,0.194
08/06/2019 08:00,0.275
08/06/2019 09:00,0.29
08/06/2019 10:00,0.235
08/06/2019 11:00,0.17
08/06/2019 12:00,0.124
08/06/2019 13:00,0.105
08/06/2019 14:00,0.096
08/06/2019 15:00,0.093
08/06/2019 16:00,0.101
08/06/2019 17:00,0.113
08/06/2019 18:00,0.156
08/06/2019 19:00,0.209
08/06/2019 20:00,0.201
08/06/2019 21:00,0.172
08/06/2019 22:00,0.155
08/06/2019 23:00,0.133
09/06/2019 00:00,0.113
09/06/2019 01:00,0.093
09/06/2019 02:00,0.08
09/06/2019 03:00,0.069
09/06/2019 04:00,0.059
09/06/2019 05:00,0.045
09/06/2019 06:00,0.024
09/06/2019 07:00,0.017
09/06/2019 08:00,0.009
09/06/2019 09:00,0.008
09/06/2019 10:00,0.017
09/06/2019 11:00,0.034
09/06/2019 12:00,0.058
09/06/2019 13:00,0.079
09/06/2019 14:00,0.088
09/06/2019 15:00,0.092
09/06/2019 16:00,0.089
09/06/2019 17:00,0.095
09/06/2019 18:00,0.128
09/06/2019 19:00,0.156
09/06/2019 20:00,0.152
09/06/2019 21:00,0.14
09/06/2019 22:00,0.131
09/06/2019 23:00,0.124
10/06/2019 00:00,0.123
10/06/2019 01:00,0.119
10/06/2019 02:00,0.113
10/06/2019 03:00,0.108
10/06/2019 04:00,0.106
10/06/2019 05:00,0.101
10/06/2019 06:00,0.08
10/06/2019 07:00,0.07
10/06/2019 08:00,0.054
10/06/2019 09:00,0.047
10/06/2019 10:00,0.054
10/06/2019 11:00,0.062
10/06/2019 12:00,0.064
10/06/2019 13:00,0.059
10/06/2019 14:00,0.049
10/06/2019 15:00,0.041
10/06/2019 16:00,0.037
10/06/2019 17:00,0.039
10/06/2019 18:00,0.071
10/06/2019 19:00,0.104
10/06/2019 20:00,0.099
10/06/2019 21:00,0.093
10/06/2019 22:00,0.097
10/06/2019 23:00,0.113
11/06/2019 00:00,0.143
11/06/2019 01:00,0.167
11/06/2019 02:00,0.181
11/06/2019 03:00,0.208
11/06/2019 04:00,0.201
11/06/2019 05:00,0.192
11/06/2019 06:00,0.17
11/06/2019 07:00,0.202
11/06/2019 08:00,0.163
11/06/2019 09:00,0.057
11/06/2019 10:00,0.009
11/06/2019 11:00,0.0
11/06/2019 12:00,0.0
11/06/2019 13:00,0.0
11/06/2019 14:00,0.009
11/06/2019 15:00,0.016
11/06/2019 16:00,0.024
11/06/2019 17:00,0.042
11/06/2019 18:00,0.089
11/06/2019 19:00,0.124
11/06/2019 20:00,0.118
11/06/2019 21:00,0.099
11/06/2019 22:00,0.083
11/06/2019 23:00,0.079
12/06/2019 00:00,0.093
12/06/2019 01:00,0.121
12/06/2019 02:00,0.144
12/06/2019 03:00,0.162
12/06/2019 04:00,0.178
12/06/2019 05:00,0.186
12/06/2019 06:00,0.167
12/06/2019 07:00,0.163
12/06/2019 08:00,0.161
12/06/2019 09:00,0.076
12/06/2019 10:00,0.045
12/06/2019 11:00,0.031
12/06/2019 12:00,0.024
12/06/2019 13:00,0.019
12/06/2019 14:00,0.015
12/06/2019 15:00,0.011
12/06/2019 16:00,0.01
12/06/2019 17:00,0.019
12/06/2019 18:00,0.064
12/06/2019 19:00,0.122
12/06/2019 20:00,0.147
12/06/2019 21:00,0.155
12/06/2019 22:00,0.151
12/06/2019 23:00,0.142
13/06/2019 00:00,0.128
13/06/2019 01:00,0.102
13/06/2019 02:00,0.088
13/06/2019 03:00,0.093
13/06/2019 04:00,0.098
13/06/2019 05:00,0.107
13/06/2019 06:00,0.101
13/06/2019 07:00,0.061
13/06/2019 08:00,0.014
13/06/2019 09:00,0.0
13/06/2019 10:00,0.008
13/06/2019 11:00,0.052
13/06/2019 12:00,0.106
13/06/2019 13:00,0.146
13/06/2019 14:00,0.18
13/06/2019 15:00,0.21
13/06/2019 16:00,0.191
13/06/2019 17:00,0.141
13/06/2019 18:00,0.106
13/06/2019 19:00,0.076
13/06/2019 20:00,0.038
13/06/2019 21:00,0.017
13/06/2019 22:00,0.021
13/06/2019 23:00,0.046
14/06/2019 00:00,0.084
14/06/2019 01:00,0.111
14/06/2019 02:00,0.105
14/06/2019 03:00,0.081
14/06/2019 04:00,0.09
14/06/2019 05:00,0.101
14/06/2019 06:00,0.094
14/06/2019 07:00,0.081
14/06/2019 08:00,0.064
14/06/2019 09:00,0.035
14/06/2019 10:00,0.041
14/06/2019 11:00,0.068
14/06/2019 12:00,0.104
14/06/2019 13:00,0.131
14/06/2019 14:00,0.141
14/06/2019 15:00,0.112
14/06/2019 16:00,0.046
14/06/2019 17:00,0.005
14/06/2019 18:00,0.0
14/06/2019 19:00,0.0
14/06/2019 20:00,0.001
14/06/2019 21:00,0.004
14/06/2019 22:00,0.005
14/06/2019 23:00,0.005
15/06/2019 00:00,0.008
15/06/2019 01:00,0.012
15/06/2019 02:00,0.015
15/06/2019 03:00,0.02
15/06/2019 04:00,0.035
15/06/2019 05:00,0.059
15/06/2019 06:00,0.078
15/06/2019 07:00,0.072
15/06/2019 08:00,0.036
15/06/2019 09:00,0.001
15/06/2019 10:00,0.011
15/06/2019 11:00,0.058
15/06/2019 12:00,0.104
15/06/2019 13:00,0.133
15/06/2019 14:00,0.149
15/06/2019 15:00,0.154
15/06/2019 16:00,0.134
15/06/2019 17:00,0.095
15/06/2019 18:00,0.073
15/06/2019 19:00,0.054
15/06/2019 20:00,0.024
15/06/2019 21:00,0.006
15/06/2019 22:00,0.002
15/06/2019 23:00,0.005
16/06/2019 00:00,0.021
16/06/2019 01:00,0.058
16/06/2019 02:00,0.102
16/06/2019 03:00,0.13
16/06/2019 04:00,0.12
16/06/2019 05:00,0.093
16/06/2019 06:00,0.056
16/06/2019 07:00,0.035
16/06/2019 08:00,0.005
16/06/2019 09:00,0.0
16/06/2019 10:00,0.007
16/06/2019 11:00,0.021
16/06/2019 12:00,0.035
16/06/2019 13:00,0.042
16/06/2019 14:00,0.048
16/06/2019 15:00,0.052
16/06/2019 16:00,0.057
16/06/2019 17:00,0.061
16/06/2019 18:00,0.09
16/06/2019 19:00,0.125
16/06/2019 20:00,0.115
16/06/2019 21:00,0.074
16/06/2019 22:00,0.045
16/06/2019 23:00,0.047
17/06/2019 00:00,0.076
17/06/2019 01:00,0.117
17/06/2019 02:00,0.153
17/06/2019 03:00,0.181
17/06/2019 04:00,0.204
17/06/2019 05:00,0.223
17/06/2019 06:00,0.2
17/06/2019 07:00,0.188
17/06/2019 08:00,0.138
17/06/2019 09:00,0.053
17/06/2019 10:00,0.017
17/06/2019 11:00,0.008
17/06/2019 12:00,0.022
17/06/2019 13:00,0.035
17/06/2019 14:00,0.049
17/06/2019 15:00,0.062
17/06/2019 16:00,0.063
17/06/2019 17:00,0.066
17/06/2019 18:00,0.124
17/06/2019 19:00,0.196
17/06/2019 20:00,0.211
17/06/2019 21:00,0.201
17/06/2019 22:00,0.208
17/06/2019 23:00,0.248
18/06/2019 00:00,0.284
18/06/2019 01:00,0.311
18/06/2019 02:00,0.317
18/06/2019 03:00,0.292
18/06/2019 04:00,0.267
18/06/2019 05:00,0.255
18/06/2019 06:00,0.222
18/06/2019 07:00,0.308
18/06/2019 08:00,0.228
18/06/2019 09:00,0.093
18/06/2019 10:00,0.039
18/06/2019 11:00,0.021
18/06/2019 12:00,0.025
18/06/2019 13:00,0.045
18/06/2019 14:00,0.053
18/06/2019 15:00,0.063
18/06/2019 16:00,0.077
18/06/2019 17:00,0.111
18/06/2019 18:00,0.191
18/06/2019 19:00,0.233
18/06/2019 20:00,0.184
18/06/2019 21:00,0.119
18/06/2019 22:00,0.066
18/06/2019 23:00,0.034
19/06/2019 00:00,0.024
19/06/2019 01:00,0.032
19/06/2019 02:00,0.058
19/06/2019 03:00,0.096
19/06/2019 04:00,0.118
19/06/2019 05:00,0.113
19/06/2019 06:00,0.079
19/06/2019 07:00,0.037
19/06/2019 08:00,0.016
19/06/2019 09:00,0.017
19/06/2019 10:00,0.03
19/06/2019 11:00,0.037
19/06/2019 12:00,0.038
19/06/2019 13:00,0.046
19/06/2019 14:00,0.063
19/06/2019 15:00,0.091
19/06/2019 16:00,0.123
19/06/2019 17:00,0.168
19/06/2019 18:00,0.248
19/06/2019 19:00,0.281
19/06/2019 20:00,0.206
19/06/2019 21:00,0.126
19/06/2019 22:00,0.075
19/06/2019 23:00,0.063
20/06/2019 00:00,0.078
20/06/2019 01:00,0.108
20/06/2019 02:00,0.132
20/06/2019 03:00,0.143
20/06/2019 04:00,0.123
20/06/2019 05:00,0.091
20/06/2019 06:00,0.061
20/06/2019 07:00,0.035
20/06/2019 08:00,0.045
20/06/2019 09:00,0.049
20/06/2019 10:00,0.049
20/06/2019 11:00,0.053
20/06/2019 12:00,0.055
20/06/2019 13:00,0.055
20/06/2019 14:00,0.051
20/06/2019 15:00,0.05
20/06/2019 16:00,0.052
20/06/2019 17:00,0.058
20/06/2019 18:00,0.078
20/06/2019 19:00,0.094
20/06/2019 20:00,0.087
20/06/2019 21:00,0.08
20/06/2019 22:00,0.079
20/06/2019 23:00,0.093
21/06/2019 00:00,0.139
21/06/2019 01:00,0.203
21/06/2019 02:00,0.27
21/06/2019 03:00,0.328
21/06/2019 04:00,0.313
21/06/2019 05:00,0.304
21/06/2019 06:00,0.291
21/06/2019 07:00,0.364
21/06/2019 08:00,0.395
21/06/2019 09:00,0.235
21/06/2019 10:00,0.103
21/06/2019 11:00,0.07
21/06/2019 12:00,0.064
21/06/2019 13:00,0.077
21/06/2019 14:00,0.088
21/06/2019 15:00,0.095
21/06/2019 16:00,0.101
21/06/2019 17:00,0.118
21/06/2019 18:00,0.145
21/06/2019 19:00,0.153
21/06/2019 20:00,0.139
21/06/2019 21:00,0.142
21/06/2019 22:00,0.159
21/06/2019 23:00,0.187
22/06/2019 00:00,0.218
22/06/2019 01:00,0.231
22/06/2019 02:00,0.225
22/06/2019 03:00,0.208
22/06/2019 04:00,0.187
22/06/2019 05:00,0.176
22/06/2019 06:00,0.161
22/06/2019 07:00,0.118
22/06/2019 08:00,0.178
22/06/2019 09:00,0.171
22/06/2019 10:00,0.115
22/06/2019 11:00,0.083
22/06/2019 12:00,0.06
22/06/2019 13:00,0.041
22/06/2019 14:00,0.032
22/06/2019 15:00,0.028
22/06/2019 16:00,0.038
22/06/2019 17:00,0.074
22/06/2019 18:00,0.138
22/06/2019 19:00,0.183
22/06/2019 20:00,0.201
22/06/2019 21:00,0.218
22/06/2019 22:00,0.217
22/06/2019 23:00,0.207
23/06/2019 00:00,0.192
23/06/2019 01:00,0.19
23/06/2019 02:00,0.192
23/06/2019 03:00,0.186
23/06/2019 04:00,0.176
23/06/2019 05:00,0.163
23/06/2019 06:00,0.152
23/06/2019 07:00,0.153
23/06/2019 08:00,0.27
23/06/2019 09:00,0.241
23/06/2019 10:00,0.18
23/06/2019 11:00,0.147
23/06/2019 12:00,0.135
23/06/2019 13:00,0.137
23/06/2019 14:00,0.136
23/06/2019 15:00,0.134
23/06/2019 16:00,0.13
23/06/2019 17:00,0.131
23/06/2019 18:00,0.138
23/06/2019 19:00,0.125
23/06/2019 20:00,0.095
23/06/2019 21:00,0.07
23/06/2019 22:00,0.061
23/06/2019 23:00,0.082
24/06/2019 00:00,0.137
24/06/2019 01:00,0.212
24/06/2019 02:00,0.266
24/06/2019 03:00,0.272
24/06/2019 04:00,0.227
24/06/2019 05:00,0.187
24/06/2019 06:00,0.144
24/06/2019 07:00,0.074
24/06/2019 08:00,0.096
24/06/2019 09:00,0.07
24/06/2019 10:00,0.029
24/06/2019 11:00,0.014
24/06/2019 12:00,0.009
24/06/2019 13:00,0.009
24/06/2019 14:00,0.012
24/06/2019 15:00,0.017
24/06/2019 16:00,0.019
24/06/2019 17:00,0.018
24/06/2019 18:00,0.019
24/06/2019 19:00,0.022
24/06/2019 20:00,0.026
24/06/2019 21:00,0.041
24/06/2019 22:00,0.069
24/06/2019 23:00,0.112
25/06/2019 00:00,0.154
25/06/2019 01:00,0.175
25/06/2019 02:00,0.18
25/06/2019 03:00,0.182
25/06/2019 04:00,0.182
25/06/2019 05:00,0.206
25/06/2019 06:00,0.231
25/06/2019 07:00,0.418
25/06/2019 08:00,0.514
25/06/2019 09:00,0.478
25/06/2019 10:00,0.401
25/06/2019 11:00,0.323
25/06/2019 12:00,0.238
25/06/2019 13:00,0.168
25/06/2019 14:00,0.118
25/06/2019 15:00,0.095
25/06/2019 16:00,0.102
25/06/2019 17:00,0.14
25/06/2019 18:00,0.264
25/06/2019 19:00,0.38
25/06/2019 20:00,0.415
25/06/2019 21:00,0.422
25/06/2019 22:00,0.41
25/06/2019 23:00,0.409
26/06/2019 00:00,0.411
26/06/2019 01:00,0.379
26/06/2019 02:00,0.358
26/06/2019 03:00,0.345
26/06/2019 04:00,0.334
26/06/2019 05:00,0.303
26/06/2019 06:00,0.243
26/06/2019 07:00,0.183
26/06/2019 08:00,0.192
26/06/2019 09:00,0.148
26/06/2019 10:00,0.102
26/06/2019 11:00,0.08
26/06/2019 12:00,0.06
26/06/2019 13:00,0.038
26/06/2019 14:00,0.021
26/06/2019 15:00,0.013
26/06/2019 16:00,0.01
26/06/2019 17:00,0.017
26/06/2019 18:00,0.037
26/06/2019 19:00,0.07
26/06/2019 20:00,0.089
26/06/2019 21:00,0.084
26/06/2019 22:00,0.072
26/06/2019 23:00,0.065
27/06/2019 00:00,0.061
27/06/2019 01:00,0.067
27/06/2019 02:00,0.079
27/06/2019 03:00,0.095
27/06/2019 04:00,0.108
27/06/2019 05:00,0.111
27/06/2019 06:00,0.101
27/06/2019 07:00,0.079
27/06/2019 08:00,0.076
27/06/2019 09:00,0.041
27/06/2019 10:00,0.017
27/06/2019 11:00,0.008
27/06/2019 12:00,0.005
27/06/2019 13:00,0.003
27/06/2019 14:00,0.003
27/06/2019 15:00,0.005
27/06/2019 16:00,0.011
27/06/2019 17:00,0.017
27/06/2019 18:00,0.027
27/06/2019 19:00,0.035
27/06/2019 20:00,0.031
27/06/2019 21:00,0.022
27/06/2019 22:00,0.014
27/06/2019 23:00,0.008
28/06/2019 00:00,0.003
28/06/2019 01:00,0.001
28/06/2019 02:00,0.0
28/06/2019 03:00,0.0
28/06/2019 04:00,0.0
28/06/2019 05:00,0.0
28/06/2019 06:00,0.0
28/06/2019 07:00,0.0
28/06/2019 08:00,0.0
28/06/2019 09:00,0.002
28/06/2019 10:00,0.005
28/06/2019 11:00,0.008
28/06/2019 12:00,0.007
28/06/2019 13:00,0.005
28/06/2019 14:00,0.004
28/06/2019 15:00,0.004
28/06/2019 16:00,0.005
28/06/2019 17:00,0.009
28/06/2019 18:00,0.026
28/06/2019 19:00,0.046
28/06/2019 20:00,0.045
28/06/2019 21:00,0.035
28/06/2019 22:00,0.03
28/06/2019 23:00,0.044
29/06/2019 00:00,0.076
29/06/2019 01:00,0.113
29/06/2019 02:00,0.137
29/06/2019 03:00,0.138
29/06/2019 04:00,0.129
29/06/2019 05:00,0.115
29/06/2019 06:00,0.091
29/06/2019 07:00,0.05
29/06/2019 08:00,0.076
29/06/2019 09:00,0.083
29/06/2019 10:00,0.073
29/06/2019 11:00,0.062
29/06/2019 12:00,0.053
29/06/2019 13:00,0.051
29/06/2019 14:00,0.05
29/06/2019 15:00,0.047
29/06/2019 16:00,0.041
29/06/2019 17:00,0.045
29/06/2019 18:00,0.089
29/06/2019 19:00,0.117
29/06/2019 20:00,0.087
29/06/2019 21:00,0.048
29/06/2019 22:00,0.019
29/06/2019 23:00,0.011
30/06/2019 00:00,0.021
30/06/2019 01:00,0.037
30/06/2019 02:00,0.056
30/06/2019 03:00,0.07
30/06/2019 04:00,0.072
30/06/2019 05:00,0.066
30/06/2019 06:00,0.053
30/06/2019 07:00,0.037
30/06/2019 08:00,0.03
30/06/2019 09:00,0.015
30/06/2019 10:00,0.003
30/06/2019 11:00,0.006
30/06/2019 12:00,0.02
30/06/2019 13:00,0.028
30/06/2019 14:00,0.03
30/06/2019 15:00,0.033
30/06/2019 16:00,0.045
30/06/2019 17:00,0.089
30/06/2019 18:00,0.206
30/06/2019 19:00,0.28
30/06/2019 20:00,0.25
30/06/2019 21:00,0.225
30/06/2019 22:00,0.201
30/06/2019 23:00,0.192
01/07/2019 00:00,0.185
01/07/2019 01:00,0.185
01/07/2019 02:00,0.186
01/07/2019 03:00,0.191
01/07/2019 04:00,0.185
01/07/2019 05:00,0.183
01/07/2019 06:00,0.17
01/07/2019 07:00,0.127
01/07/2019 08:00,0.193
01/07/2019 09:00,0.182
01/07/2019 10:00,0.156
01/07/2019 11:00,0.148
01/07/2019 12:00,0.155
01/07/2019 13:00,0.171
01/07/2019 14:00,0.192
01/07/2019 15:00,0.209
01/07/2019 16:00,0.221
01/07/2019 17:00,0.228
01/07/2019 18:00,0.227
01/07/2019 19:00,0.24
01/07/2019 20:00,0.217
01/07/2019 21:00,0.193
01/07/2019 22:00,0.178
01/07/2019 23:00,0.178
02/07/2019 00:00,0.185
02/07/2019 01:00,0.196
02/07/2019 02:00,0.205
02/07/2019 03:00,0.207
02/07/2019 04:00,0.214
02/07/2019 05:00,0.22
02/07/2019 06:00,0.214
02/07/2019 07:00,0.205
02/07/2019 08:00,0.382
02/07/2019 09:00,0.376
02/07/2019 10:00,0.24
02/07/2019 11:00,0.133
02/07/2019 12:00,0.078
02/07/2019 13:00,0.054
02/07/2019 14:00,0.045
02/07/2019 15:00,0.042
02/07/2019 16:00,0.038
02/07/2019 17:00,0.032
02/07/2019 18:00,0.041
02/07/2019 19:00,0.052
02/07/2019 20:00,0.052
02/07/2019 21:00,0.054
02/07/2019 22:00,0.068
02/07/2019 23:00,0.076
03/07/2019 00:00,0.063
03/07/2019 01:00,0.04
03/07/2019 02:00,0.02
03/07/2019 03:00,0.009
03/07/2019 04:00,0.004
03/07/2019 05:00,0.002
03/07/2019 06:00,0.001
03/07/2019 07:00,0.002
03/07/2019 08:00,0.003
03/07/2019 09:00,0.0
03/07/2019 10:00,0.002
03/07/2019 11:00,0.01
03/07/2019 12:00,0.016
03/07/2019 13:00,0.016
03/07/2019 14:00,0.017
03/07/2019 15:00,0.019
03/07/2019 16:00,0.021
03/07/2019 17:00,0.021
03/07/2019 18:00,0.037
03/07/2019 19:00,0.066
03/07/2019 20:00,0.072
03/07/2019 21:00,0.047
03/07/2019 22:00,0.012
03/07/2019 23:00,0.001
04/07/2019 00:00,0.0
04/07/2019 01:00,0.013
04/07/2019 02:00,0.082
04/07/2019 03:00,0.133
04/07/2019 04:00,0.126
04/07/2019 05:00,0.111
04/07/2019 06:00,0.096
04/07/2019 07:00,0.097
04/07/2019 08:00,0.113
04/07/2019 09:00,0.092
04/07/2019 10:00,0.057
04/07/2019 11:00,0.034
04/07/2019 12:00,0.015
04/07/2019 13:00,0.0
04/07/2019 14:00,0.001
04/07/2019 15:00,0.013
04/07/2019 16:00,0.046
04/07/2019 17:00,0.058
04/07/2019 18:00,0.041
04/07/2019 19:00,0.021
04/07/2019 20:00,0.01
04/07/2019 21:00,0.006
04/07/2019 22:00,0.01
04/07/2019 23:00,0.025
05/07/2019 00:00,0.046
05/07/2019 01:00,0.061
05/07/2019 02:00,0.054
05/07/2019 03:00,0.028
05/07/2019 04:00,0.005
05/07/2019 05:00,0.0
05/07/2019 06:00,0.0
05/07/2019 07:00,0.007
05/07/2019 08:00,0.047
05/07/2019 09:00,0.119
05/07/2019 10:00,0.167
05/07/2019 11:00,0.156
05/07/2019 12:00,0.127
05/07/2019 13:00,0.1
05/07/2019 14:00,0.072
05/07/2019 15:00,0.054
05/07/2019 16:00,0.041
05/07/2019 17:00,0.036
05/07/2019 18:00,0.047
05/07/2019 19:00,0.068
05/07/2019 20:00,0.093
05/07/2019 21:00,0.114
05/07/2019 22:00,0.124
05/07/2019 23:00,0.124
06/07/2019 00:00,0.115
06/07/2019 01:00,0.103
06/07/2019 02:00,0.091
06/07/2019 03:00,0.079
06/07/2019 04:00,0.068
06/07/2019 05:00,0.06
06/07/2019 06:00,0.054
06/07/2019 07:00,0.049
06/07/2019 08:00,0.049
06/07/2019 09:00,0.036
06/07/2019 10:00,0.035
06/07/2019 11:00,0.036
06/07/2019 12:00,0.041
06/07/2019 13:00,0.045
06/07/2019 14:00,0.049
06/07/2019 15:00,0.053
06/07/2019 16:00,0.063
06/07/2019 17:00,0.108
06/07/2019 18:00,0.21
06/07/2019 19:00,0.259
06/07/2019 20:00,0.225
06/07/2019 21:00,0.186
06/07/2019 22:00,0.152
06/07/2019 23:00,0.132
07/07/2019 00:00,0.12
07/07/2019 01:00,0.108
07/07/2019 02:00,0.104
07/07/2019 03:00,0.115
07/07/2019 04:00,0.134
07/07/2019 05:00,0.159
07/07/2019 06:00,0.155
07/07/2019 07:00,0.201
07/07/2019 08:00,0.236
07/07/2019 09:00,0.175
07/07/2019 10:00,0.126
07/07/2019 11:00,0.098
07/07/2019 12:00,0.087
07/07/2019 13:00,0.088
07/07/2019 14:00,0.095
07/07/2019 15:00,0.112
07/07/2019 16:00,0.129
07/07/2019 17:00,0.155
07/07/2019 18:00,0.201
07/07/2019 19:00,0.222
07/07/2019 20:00,0.192
07/07/2019 21:00,0.156
07/07/2019 22:00,0.145
07/07/2019 23:00,0.14
08/07/2019 00:00,0.134
08/07/2019 01:00,0.149
08/07/2019 02:00,0.183
08/07/2019 03:00,0.206
08/07/2019 04:00,0.259
08/07/2019 05:00,0.332
08/07/2019 06:00,0.428
08/07/2019 07:00,0.541
08/07/2019 08:00,0.651
08/07/2019 09:00,0.666
08/07/2019 10:00,0.55
08/07/2019 11:00,0.35
08/07/2019 12:00,0.223
08/07/2019 13:00,0.144
08/07/2019 14:00,0.08
08/07/2019 15:00,0.042
08/07/2019 16:00,0.028
08/07/2019 17:00,0.038
08/07/2019 18:00,0.064
08/07/2019 19:00,0.094
08/07/2019 20:00,0.106
08/07/2019 21:00,0.105
08/07/2019 22:00,0.097
08/07/2019 23:00,0.093
09/07/2019 00:00,0.102
09/07/2019 01:00,0.118
09/07/2019 02:00,0.127
09/07/2019 03:00,0.136
09/07/2019 04:00,0.128
09/07/2019 05:00,0.148
09/07/2019 06:00,0.162
09/07/2019 07:00,0.126
09/07/2019 08:00,0.141
09/07/2019 09:00,0.133
09/07/2019 10:00,0.101
09/07/2019 11:00,0.064
09/07/2019 12:00,0.048
09/07/2019 13:00,0.048
09/07/2019 14:00,0.051
09/07/2019 15:00,0.052
09/07/2019 16:00,0.046
09/07/2019 17:00,0.045
09/07/2019 18:00,0.068
09/07/2019 19:00,0.119
09/07/2019 20:00,0.164
09/07/2019 21:00,0.192
09/07/2019 22:00,0.212
09/07/2019 23:00,0.221
10/07/2019 00:00,0.211
10/07/2019 01:00,0.19
10/07/2019 02:00,0.163
10/07/2019 03:00,0.133
10/07/2019 04:00,0.105
10/07/2019 05:00,0.085
10/07/2019 06:00,0.068
10/07/2019 07:00,0.037
10/07/2019 08:00,0.033
10/07/2019 09:00,0.013
10/07/2019 10:00,0.004
10/07/2019 11:00,0.002
10/07/2019 12:00,0.002
10/07/2019 13:00,0.002
10/07/2019 14:00,0.003
10/07/2019 15:00,0.005
10/07/2019 16:00,0.006
10/07/2019 17:00,0.012
10/07/2019 18:00,0.03
10/07/2019 19:00,0.067
10/07/2019 20:00,0.107
10/07/2019 21:00,0.149
10/07/2019 22:00,0.194
10/07/2019 23:00,0.234
11/07/2019 00:00,0.254
11/07/2019 01:00,0.264
11/07/2019 02:00,0.261
11/07/2019 03:00,0.252
11/07/2019 04:00,0.227
11/07/2019 05:00,0.196
11/07/2019 06:00,0.164
11/07/2019 07:00,0.126
11/07/2019 08:00,0.204
11/07/2019 09:00,0.213
11/07/2019 10:00,0.159
11/07/2019 11:00,0.101
11/07/2019 12:00,0.057
11/07/2019 13:00,0.025
11/07/2019 14:00,0.006
11/07/2019 15:00,0.001
11/07/2019 16:00,0.001
11/07/2019 17:00,0.002
11/07/2019 18:00,0.012
11/07/2019 19:00,0.025
11/07/2019 20:00,0.033
11/07/2019 21:00,0.058
11/07/2019 22:00,0.1
11/07/2019 23:00,0.108
12/07/2019 00:00,0.077
12/07/2019 01:00,0.055
12/07/2019 02:00,0.053
12/07/2019 03:00,0.058
12/07/2019 04:00,0.076
12/07/2019 05:00,0.094
12/07/2019 06:00,0.093
12/07/2019 07:00,0.054
12/07/2019 08:00,0.048
12/07/2019 09:00,0.046
12/07/2019 10:00,0.042
12/07/2019 11:00,0.045
12/07/2019 12:00,0.054
12/07/2019 13:00,0.061
12/07/2019 14:00,0.059
12/07/2019 15:00,0.05
12/07/2019 16:00,0.035
12/07/2019 17:00,0.023
12/07/2019 18:00,0.017
12/07/2019 19:00,0.012
12/07/2019 20:00,0.009
12/07/2019 21:00,0.013
12/07/2019 22:00,0.023
12/07/2019 23:00,0.035
13/07/2019 00:00,0.03
13/07/2019 01:00,0.004
13/07/2019 02:00,0.0
13/07/2019 03:00,0.0
13/07/2019 04:00,0.001
13/07/2019 05:00,0.001
13/07/2019 06:00,0.001
13/07/2019 07:00,0.005
13/07/2019 08:00,0.018
13/07/2019 09:00,0.041
13/07/2019 10:00,0.07
13/07/2019 11:00,0.086
13/07/2019 12:00,0.092
13/07/2019 13:00,0.082
13/07/2019 14:00,0.062
13/07/2019 15:00,0.047
13/07/2019 16:00,0.042
13/07/2019 17:00,0.053
13/07/2019 18:00,0.111
13/07/2019 19:00,0.164
13/07/2019 20:00,0.141
13/07/2019 21:00,0.098
13/07/2019 22:00,0.069
13/07/2019 23:00,0.055
14/07/2019 00:00,0.053
14/07/2019 01:00,0.058
14/07/2019 02:00,0.069
14/07/2019 03:00,0.078
14/07/2019 04:00,0.089
14/07/2019 05:00,0.097
14/07/2019 06:00,0.088
14/07/2019 07:00,0.046
14/07/2019 08:00,0.04
14/07/2019 09:00,0.02
14/07/2019 10:00,0.008
14/07/2019 11:00,0.001
14/07/2019 12:00,0.0
14/07/2019 13:00,0.0
14/07/2019 14:00,0.0
14/07/2019 15:00,0.0
14/07/2019 16:00,0.001
14/07/2019 17:00,0.005
14/07/2019 18:00,0.024
14/07/2019 19:00,0.058
14/07/2019 20:00,0.094
14/07/2019 21:00,0.125
14/07/2019 22:00,0.146
14/07/2019 23:00,0.168
15/07/2019 00:00,0.188
15/07/2019 01:00,0.18
15/07/2019 02:00,0.144
15/07/2019 03:00,0.093
15/07/2019 04:00,0.062
15/07/2019 05:00,0.06
15/07/2019 06:00,0.058
15/07/2019 07:00,0.045
15/07/2019 08:00,0.032
15/07/2019 09:00,0.011
15/07/2019 10:00,0.001
15/07/2019 11:00,0.026
15/07/2019 12:00,0.061
15/07/2019 13:00,0.075
15/07/2019 14:00,0.074
15/07/2019 15:00,0.069
15/07/2019 16:00,0.059
15/07/2019 17:00,0.056
15/07/2019 18:00,0.057
15/07/2019 19:00,0.052
15/07/2019 20:00,0.048
15/07/2019 21:00,0.056
15/07/2019 22:00,0.083
15/07/2019 23:00,0.122
16/07/2019 00:00,0.155
16/07/2019 01:00,0.161
16/07/2019 02:00,0.143
16/07/2019 03:00,0.134
16/07/2019 04:00,0.142
16/07/2019 05:00,0.155
16/07/2019 06:00,0.139
16/07/2019 07:00,0.155
16/07/2019 08:00,0.223
16/07/2019 09:00,0.223
16/07/2019 10:00,0.22
16/07/2019 11:00,0.187
16/07/2019 12:00,0.137
16/07/2019 13:00,0.095
16/07/2019 14:00,0.067
16/07/2019 15:00,0.055
16/07/2019 16:00,0.044
16/07/2019 17:00,0.032
16/07/2019 18:00,0.031
16/07/2019 19:00,0.03
16/07/2019 20:00,0.022
16/07/2019 21:00,0.017
16/07/2019 22:00,0.026
16/07/2019 23:00,0.04
17/07/2019 00:00,0.045
17/07/2019 01:00,0.053
17/07/2019 02:00,0.074
17/07/2019 03:00,0.106
17/07/2019 04:00,0.132
17/07/2019 05:00,0.133
17/07/2019 06:00,0.097
17/07/2019 07:00,0.026
17/07/2019 08:00,0.007
17/07/2019 09:00,0.004
17/07/2019 10:00,0.008
17/07/2019 11:00,0.011
17/07/2019 12:00,0.01
17/07/2019 13:00,0.004
17/07/2019 14:00,0.007
17/07/2019 15:00,0.013
17/07/2019 16:00,0.02
17/07/2019 17:00,0.034
17/07/2019 18:00,0.076
17/07/2019 19:00,0.119
17/07/2019 20:00,0.109
17/07/2019 21:00,0.085
17/07/2019 22:00,0.073
17/07/2019 23:00,0.08
18/07/2019 00:00,0.103
18/07/2019 01:00,0.128
18/07/2019 02:00,0.097
18/07/2019 03:00,0.045
18/07/2019 04:00,0.03
18/07/2019 05:00,0.022
18/07/2019 06:00,0.01
18/07/2019 07:00,0.003
18/07/2019 08:00,0.021
18/07/2019 09:00,0.06
18/07/2019 10:00,0.072
18/07/2019 11:00,0.077
18/07/2019 12:00,0.079
18/07/2019 13:00,0.08
18/07/2019 14:00,0.084
18/07/2019 15:00,0.091
18/07/2019 16:00,0.084
18/07/2019 17:00,0.08
18/07/2019 18:00,0.126
18/07/2019 19:00,0.188
18/07/2019 20:00,0.204
18/07/2019 21:00,0.192
18/07/2019 22:00,0.196
18/07/2019 23:00,0.22
19/07/2019 00:00,0.24
19/07/2019 01:00,0.276
19/07/2019 02:00,0.241
19/07/2019 03:00,0.271
19/07/2019 04:00,0.253
19/07/2019 05:00,0.219
19/07/2019 06:00,0.197
19/07/2019 07:00,0.146
19/07/2019 08:00,0.133
19/07/2019 09:00,0.144
19/07/2019 10:00,0.155
19/07/2019 11:00,0.184
19/07/2019 12:00,0.243
19/07/2019 13:00,0.293
19/07/2019 14:00,0.32
19/07/2019 15:00,0.295
19/07/2019 16:00,0.213
19/07/2019 17:00,0.13
19/07/2019 18:00,0.11
19/07/2019 19:00,0.103
19/07/2019 20:00,0.078
19/07/2019 21:00,0.057
19/07/2019 22:00,0.053
19/07/2019 23:00,0.055
20/07/2019 00:00,0.055
20/07/2019 01:00,0.055
20/07/2019 02:00,0.055
20/07/2019 03:00,0.054
20/07/2019 04:00,0.054
20/07/2019 05:00,0.051
20/07/2019 06:00,0.043
20/07/2019 07:00,0.023
20/07/2019 08:00,0.025
20/07/2019 09:00,0.028
20/07/2019 10:00,0.035
20/07/2019 11:00,0.053
20/07/2019 12:00,0.083
20/07/2019 13:00,0.121
20/07/2019 14:00,0.144
20/07/2019 15:00,0.155
20/07/2019 16:00,0.166
20/07/2019 17:00,0.179
20/07/2019 18:00,0.201
20/07/2019 19:00,0.228
20/07/2019 20:00,0.218
20/07/2019 21:00,0.192
20/07/2019 22:00,0.165
20/07/2019 23:00,0.151
21/07/2019 00:00,0.152
21/07/2019 01:00,0.164
21/07/2019 02:00,0.174
21/07/2019 03:00,0.167
21/07/2019 04:00,0.155
21/07/2019 05:00,0.149
21/07/2019 06:00,0.13
21/07/2019 07:00,0.131
21/07/2019 08:00,0.152
21/07/2019 09:00,0.085
21/07/2019 10:00,0.046
21/07/2019 11:00,0.034
21/07/2019 12:00,0.031
21/07/2019 13:00,0.022
21/07/2019 14:00,0.015
21/07/2019 15:00,0.012
21/07/2019 16:00,0.009
21/07/2019 17:00,0.007
21/07/2019 18:00,0.002
21/07/2019 19:00,0.0
21/07/2019 20:00,0.001
21/07/2019 21:00,0.006
21/07/2019 22:00,0.013
21/07/2019 23:00,0.012
22/07/2019 00:00,0.004
22/07/2019 01:00,0.001
22/07/2019 02:00,0.0
22/07/2019 03:00,0.0
22/07/2019 04:00,0.0
22/07/2019 05:00,0.003
22/07/2019 06:00,0.019
22/07/2019 07:00,0.026
22/07/2019 08:00,0.043
22/07/2019 09:00,0.018
22/07/2019 10:00,0.006
22/07/2019 11:00,0.002
22/07/2019 12:00,0.001
22/07/2019 13:00,0.0
22/07/2019 14:00,0.001
22/07/2019 15:00,0.003
22/07/2019 16:00,0.01
22/07/2019 17:00,0.026
22/07/2019 18:00,0.058
22/07/2019 19:00,0.081
22/07/2019 20:00,0.088
22/07/2019 21:00,0.093
22/07/2019 22:00,0.1
22/07/2019 23:00,0.111
23/07/2019 00:00,0.122
23/07/2019 01:00,0.132
23/07/2019 02:00,0.136
23/07/2019 03:00,0.128
23/07/2019 04:00,0.115
23/07/2019 05:00,0.106
23/07/2019 06:00,0.094
23/07/2019 07:00,0.109
23/07/2019 08:00,0.175
23/07/2019 09:00,0.152
23/07/2019 10:00,0.105
23/07/2019 11:00,0.08
23/07/2019 12:00,0.071
23/07/2019 13:00,0.067
23/07/2019 14:00,0.063
23/07/2019 15:00,0.063
23/07/2019 16:00,0.07
23/07/2019 17:00,0.094
23/07/2019 18:00,0.119
23/07/2019 19:00,0.118
23/07/2019 20:00,0.099
23/07/2019 21:00,0.09
23/07/2019 22:00,0.092
23/07/2019 23:00,0.09
24/07/2019 00:00,0.082
24/07/2019 01:00,0.071
24/07/2019 02:00,0.063
24/07/2019 03:00,0.054
24/07/2019 04:00,0.042
24/07/2019 05:00,0.035
24/07/2019 06:00,0.027
24/07/2019 07:00,0.02
24/07/2019 08:00,0.016
24/07/2019 09:00,0.002
24/07/2019 10:00,0.0
24/07/2019 11:00,0.001
24/07/2019 12:00,0.005
24/07/2019 13:00,0.01
24/07/2019 14:00,0.014
24/07/2019 15:00,0.013
24/07/2019 16:00,0.008
24/07/2019 17:00,0.003
24/07/2019 18:00,0.004
24/07/2019 19:00,0.007
24/07/2019 20:00,0.005
24/07/2019 21:00,0.002
24/07/2019 22:00,0.002
24/07/2019 23:00,0.004
25/07/2019 00:00,0.01
25/07/2019 01:00,0.019
25/07/2019 02:00,0.024
25/07/2019 03:00,0.025
25/07/2019 04:00,0.03
25/07/2019 05:00,0.043
25/07/2019 06:00,0.053
25/07/2019 07:00,0.029
25/07/2019 08:00,0.007
25/07/2019 09:00,0.0
25/07/2019 10:00,0.001
25/07/2019 11:00,0.013
25/07/2019 12:00,0.033
25/07/2019 13:00,0.041
25/07/2019 14:00,0.036
25/07/2019 15:00,0.022
25/07/2019 16:00,0.008
25/07/2019 17:00,0.003
25/07/2019 18:00,0.007
25/07/2019 19:00,0.014
25/07/2019 20:00,0.012
25/07/2019 21:00,0.005
25/07/2019 22:00,0.002
25/07/2019 23:00,0.001
26/07/2019 00:00,0.005
26/07/2019 01:00,0.019
26/07/2019 02:00,0.037
26/07/2019 03:00,0.045
26/07/2019 04:00,0.034
26/07/2019 05:00,0.025
26/07/2019 06:00,0.017
26/07/2019 07:00,0.003
26/07/2019 08:00,0.0
26/07/2019 09:00,0.0
26/07/2019 10:00,0.015
26/07/2019 11:00,0.043
26/07/2019 12:00,0.096
26/07/2019 13:00,0.156
26/07/2019 14:00,0.184
26/07/2019 15:00,0.185
26/07/2019 16:00,0.155
26/07/2019 17:00,0.102
26/07/2019 18:00,0.069
26/07/2019 19:00,0.059
26/07/2019 20:00,0.053
26/07/2019 21:00,0.051
26/07/2019 22:00,0.068
26/07/2019 23:00,0.101
27/07/2019 00:00,0.149
27/07/2019 01:00,0.21
27/07/2019 02:00,0.256
27/07/2019 03:00,0.253
27/07/2019 04:00,0.208
27/07/2019 05:00,0.144
27/07/2019 06:00,0.072
27/07/2019 07:00,0.041
27/07/2019 08:00,0.093
27/07/2019 09:00,0.09
27/07/2019 10:00,0.078
27/07/2019 11:00,0.071
27/07/2019 12:00,0.068
27/07/2019 13:00,0.067
27/07/2019 14:00,0.068
27/07/2019 15:00,0.067
27/07/2019 16:00,0.056
27/07/2019 17:00,0.052
27/07/2019 18:00,0.074
27/07/2019 19:00,0.104
27/07/2019 20:00,0.124
27/07/2019 21:00,0.148
27/07/2019 22:00,0.144
27/07/2019 23:00,0.14
28/07/2019 00:00,0.164
28/07/2019 01:00,0.18
28/07/2019 02:00,0.171
28/07/2019 03:00,0.151
28/07/2019 04:00,0.126
28/07/2019 05:00,0.114
28/07/2019 06:00,0.119
28/07/2019 07:00,0.101
28/07/2019 08:00,0.185
28/07/2019 09:00,0.2
28/07/2019 10:00,0.127
28/07/2019 11:00,0.069
28/07/2019 12:00,0.061
28/07/2019 13:00,0.071
28/07/2019 14:00,0.09
28/07/2019 15:00,0.122
28/07/2019 16:00,0.149
28/07/2019 17:00,0.167
28/07/2019 18:00,0.204
28/07/2019 19:00,0.243
28/07/2019 20:00,0.244
28/07/2019 21:00,0.262
28/07/2019 22:00,0.249
28/07/2019 23:00,0.23
29/07/2019 00:00,0.246
29/07/2019 01:00,0.253
29/07/2019 02:00,0.241
29/07/2019 03:00,0.237
29/07/2019 04:00,0.227
29/07/2019 05:00,0.22
29/07/2019 06:00,0.212
29/07/2019 07:00,0.198
29/07/2019 08:00,0.295
29/07/2019 09:00,0.228
29/07/2019 10:00,0.135
29/07/2019 11:00,0.101
29/07/2019 12:00,0.093
29/07/2019 13:00,0.094
29/07/2019 14:00,0.101
29/07/2019 15:00,0.118
29/07/2019 16:00,0.127
29/07/2019 17:00,0.124
29/07/2019 18:00,0.127
29/07/2019 19:00,0.139
29/07/2019 20:00,0.127
29/07/2019 21:00,0.106
29/07/2019 22:00,0.097
29/07/2019 23:00,0.104
30/07/2019 00:00,0.116
30/07/2019 01:00,0.123
30/07/2019 02:00,0.123
30/07/2019 03:00,0.128
30/07/2019 04:00,0.147
30/07/2019 05:00,0.174
30/07/2019 06:00,0.179
30/07/2019 07:00,0.132
30/07/2019 08:00,0.246
30/07/2019 09:00,0.346
30/07/2019 10:00,0.367
30/07/2019 11:00,0.365
30/07/2019 12:00,0.354
30/07/2019 13:00,0.326
30/07/2019 14:00,0.292
30/07/2019 15:00,0.265
30/07/2019 16:00,0.247
30/07/2019 17:00,0.23
30/07/2019 18:00,0.235
30/07/2019 19:00,0.253
30/07/2019 20:00,0.227
30/07/2019 21:00,0.201
30/07/2019 22:00,0.203
30/07/2019 23:00,0.219
31/07/2019 00:00,0.225
31/07/2019 01:00,0.223
31/07/2019 02:00,0.225
31/07/2019 03:00,0.223
31/07/2019 04:00,0.217
31/07/2019 05:00,0.21
31/07/2019 06:00,0.192
31/07/2019 07:00,0.136
31/07/2019 08:00,0.201
31/07/2019 09:00,0.172
31/07/2019 10:00,0.137
31/07/2019 11:00,0.121
31/07/2019 12:00,0.107
31/07/2019 13:00,0.088
31/07/2019 14:00,0.068
31/07/2019 15:00,0.053
31/07/2019 16:00,0.051
31/07/2019 17:00,0.059
31/07/2019 18:00,0.09
31/07/2019 19:00,0.127
31/07/2019 20:00,0.118
31/07/2019 21:00,0.093
31/07/2019 22:00,0.075
31/07/2019 23:00,0.071
01/08/2019 00:00,0.073
01/08/2019 01:00,0.083
01/08/2019 02:00,0.101
01/08/2019 03:00,0.118
01/08/2019 04:00,0.133
01/08/2019 05:00,0.13
01/08/2019 06:00,0.117
01/08/2019 07:00,0.079
01/08/2019 08:00,0.099
01/08/2019 09:00,0.141
01/08/2019 10:00,0.13
01/08/2019 11:00,0.081
01/08/2019 12:00,0.059
01/08/2019 13:00,0.052
01/08/2019 14:00,0.045
01/08/2019 15:00,0.041
01/08/2019 16:00,0.038
01/08/2019 17:00,0.027
01/08/2019 18:00,0.02
01/08/2019 19:00,0.013
01/08/2019 20:00,0.011
01/08/2019 21:00,0.032
01/08/2019 22:00,0.088
01/08/2019 23:00,0.119
02/08/2019 00:00,0.126
02/08/2019 01:00,0.129
02/08/2019 02:00,0.135
02/08/2019 03:00,0.132
02/08/2019 04:00,0.092
02/08/2019 05:00,0.037
02/08/2019 06:00,0.014
02/08/2019 07:00,0.032
02/08/2019 08:00,0.11
02/08/2019 09:00,0.168
02/08/2019 10:00,0.207
02/08/2019 11:00,0.207
02/08/2019 12:00,0.187
02/08/2019 13:00,0.179
02/08/2019 14:00,0.188
02/08/2019 15:00,0.205
02/08/2019 16:00,0.216
02/08/2019 17:00,0.212
02/08/2019 18:00,0.188
02/08/2019 19:00,0.156
02/08/2019 20:00,0.112
02/08/2019 21:00,0.099
02/08/2019 22:00,0.103
02/08/2019 23:00,0.12
03/08/2019 00:00,0.146
03/08/2019 01:00,0.186
03/08/2019 02:00,0.22
03/08/2019 03:00,0.233
03/08/2019 04:00,0.234
03/08/2019 05:00,0.246
03/08/2019 06:00,0.241
03/08/2019 07:00,0.283
03/08/2019 08:00,0.392
03/08/2019 09:00,0.384
03/08/2019 10:00,0.342
03/08/2019 11:00,0.3
03/08/2019 12:00,0.271
03/08/2019 13:00,0.233
03/08/2019 14:00,0.188
03/08/2019 15:00,0.156
03/08/2019 16:00,0.15
03/08/2019 17:00,0.166
03/08/2019 18:00,0.202
03/08/2019 19:00,0.254
03/08/2019 20:00,0.273
03/08/2019 21:00,0.278
03/08/2019 22:00,0.283
03/08/2019 23:00,0.294
04/08/2019 00:00,0.305
04/08/2019 01:00,0.311
04/08/2019 02:00,0.309
04/08/2019 03:00,0.29
04/08/2019 04:00,0.233
04/08/2019 05:00,0.149
04/08/2019 06:00,0.07
04/08/2019 07:00,0.019
04/08/2019 08:00,0.025
04/08/2019 09:00,0.027
04/08/2019 10:00,0.021
04/08/2019 11:00,0.018
04/08/2019 12:00,0.02
04/08/2019 13:00,0.026
04/08/2019 14:00,0.027
04/08/2019 15:00,0.026
04/08/2019 16:00,0.024
04/08/2019 17:00,0.025
04/08/2019 18:00,0.02
04/08/2019 19:00,0.013
04/08/2019 20:00,0.007
04/08/2019 21:00,0.003
04/08/2019 22:00,0.001
04/08/2019 23:00,0.001
05/08/2019 00:00,0.001
05/08/2019 01:00,0.004
05/08/2019 02:00,0.013
05/08/2019 03:00,0.029
05/08/2019 04:00,0.048
05/08/2019 05:00,0.068
05/08/2019 06:00,0.076
05/08/2019 07:00,0.059
05/08/2019 08:00,0.076
05/08/2019 09:00,0.126
05/08/2019 10:00,0.174
05/08/2019 11:00,0.205
05/08/2019 12:00,0.218
05/08/2019 13:00,0.201
05/08/2019 14:00,0.179
05/08/2019 15:00,0.155
05/08/2019 16:00,0.125
05/08/2019 17:00,0.083
05/08/2019 18:00,0.085
05/08/2019 19:00,0.108
05/08/2019 20:00,0.104
05/08/2019 21:00,0.108
05/08/2019 22:00,0.137
05/08/2019 23:00,0.171
06/08/2019 00:00,0.179
06/08/2019 01:00,0.204
06/08/2019 02:00,0.233
06/08/2019 03:00,0.238
06/08/2019 04:00,0.191
06/08/2019 05:00,0.155
06/08/2019 06:00,0.134
06/08/2019 07:00,0.09
06/08/2019 08:00,0.145
06/08/2019 09:00,0.162
06/08/2019 10:00,0.159
06/08/2019 11:00,0.155
06/08/2019 12:00,0.145
06/08/2019 13:00,0.133
06/08/2019 14:00,0.114
06/08/2019 15:00,0.101
06/08/2019 16:00,0.077
06/08/2019 17:00,0.055
06/08/2019 18:00,0.048
06/08/2019 19:00,0.058
06/08/2019 20:00,0.071
06/08/2019 21:00,0.083
06/08/2019 22:00,0.1
06/08/2019 23:00,0.119
07/08/2019 00:00,0.128
07/08/2019 01:00,0.123
07/08/2019 02:00,0.115
07/08/2019 03:00,0.118
07/08/2019 04:00,0.132
07/08/2019 05:00,0.153
07/08/2019 06:00,0.173
07/08/2019 07:00,0.119
07/08/2019 08:00,0.112
07/08/2019 09:00,0.137
07/08/2019 10:00,0.129
07/08/2019 11:00,0.11
07/08/2019 12:00,0.087
07/08/2019 13:00,0.069
07/08/2019 14:00,0.054
07/08/2019 15:00,0.047
07/08/2019 16:00,0.041
07/08/2019 17:00,0.049
07/08/2019 18:00,0.087
07/08/2019 19:00,0.149
07/08/2019 20:00,0.178
07/08/2019 21:00,0.194
07/08/2019 22:00,0.236
07/08/2019 23:00,0.264
08/08/2019 00:00,0.3
08/08/2019 01:00,0.282
08/08/2019 02:00,0.243
08/08/2019 03:00,0.243
08/08/2019 04:00,0.255
08/08/2019 05:00,0.256
08/08/2019 06:00,0.225
08/08/2019 07:00,0.112
08/08/2019 08:00,0.055
08/08/2019 09:00,0.032
08/08/2019 10:00,0.01
08/08/2019 11:00,0.003
08/08/2019 12:00,0.004
08/08/2019 13:00,0.01
08/08/2019 14:00,0.02
08/08/2019 15:00,0.029
08/08/2019 16:00,0.045
08/08/2019 17:00,0.084
08/08/2019 18:00,0.149
08/08/2019 19:00,0.246
08/08/2019 20:00,0.295
08/08/2019 21:00,0.315
08/08/2019 22:00,0.306
08/08/2019 23:00,0.295
09/08/2019 00:00,0.309
09/08/2019 01:00,0.311
09/08/2019 02:00,0.291
09/08/2019 03:00,0.261
09/08/2019 04:00,0.265
09/08/2019 05:00,0.289
09/08/2019 06:00,0.278
09/08/2019 07:00,0.243
09/08/2019 08:00,0.388
09/08/2019 09:00,0.43
09/08/2019 10:00,0.405
09/08/2019 11:00,0.372
09/08/2019 12:00,0.34
09/08/2019 13:00,0.338
09/08/2019 14:00,0.344
09/08/2019 15:00,0.344
09/08/2019 16:00,0.284
09/08/2019 17:00,0.201
09/08/2019 18:00,0.207
09/08/2019 19:00,0.22
09/08/2019 20:00,0.194
09/08/2019 21:00,0.185
09/08/2019 22:00,0.207
09/08/2019 23:00,0.225
10/08/2019 00:00,0.207
10/08/2019 01:00,0.189
10/08/2019 02:00,0.183
10/08/2019 03:00,0.187
10/08/2019 04:00,0.172
10/08/2019 05:00,0.167
10/08/2019 06:00,0.171
10/08/2019 07:00,0.138
10/08/2019 08:00,0.245
10/08/2019 09:00,0.362
10/08/2019 10:00,0.361
10/08/2019 11:00,0.343
10/08/2019 12:00,0.346
10/08/2019 13:00,0.351
10/08/2019 14:00,0.341
10/08/2019 15:00,0.307
10/08/2019 16:00,0.241
10/08/2019 17:00,0.159
10/08/2019 18:00,0.122
10/08/2019 19:00,0.105
10/08/2019 20:00,0.086
10/08/2019 21:00,0.079
10/08/2019 22:00,0.096
10/08/2019 23:00,0.129
11/08/2019 00:00,0.16
11/08/2019 01:00,0.18
11/08/2019 02:00,0.205
11/08/2019 03:00,0.23
11/08/2019 04:00,0.236
11/08/2019 05:00,0.251
11/08/2019 06:00,0.233
11/08/2019 07:00,0.179
11/08/2019 08:00,0.332
11/08/2019 09:00,0.378
11/08/2019 10:00,0.323
11/08/2019 11:00,0.257
11/08/2019 12:00,0.207
11/08/2019 13:00,0.179
11/08/2019 14:00,0.159
11/08/2019 15:00,0.134
11/08/2019 16:00,0.11
11/08/2019 17:00,0.086
11/08/2019 18:00,0.071
11/08/2019 19:00,0.083
11/08/2019 20:00,0.087
11/08/2019 21:00,0.088
11/08/2019 22:00,0.085
11/08/2019 23:00,0.088
12/08/2019 00:00,0.104
12/08/2019 01:00,0.115
12/08/2019 02:00,0.121
12/08/2019 03:00,0.121
12/08/2019 04:00,0.127
12/08/2019 05:00,0.139
12/08/2019 06:00,0.151
12/08/2019 07:00,0.121
12/08/2019 08:00,0.103
12/08/2019 09:00,0.158
12/08/2019 10:00,0.188
12/08/2019 11:00,0.177
12/08/2019 12:00,0.17
12/08/2019 13:00,0.17
12/08/2019 14:00,0.176
12/08/2019 15:00,0.169
12/08/2019 16:00,0.137
12/08/2019 17:00,0.093
12/08/2019 18:00,0.077
12/08/2019 19:00,0.07
12/08/2019 20:00,0.055
12/08/2019 21:00,0.044
12/08/2019 22:00,0.039
12/08/2019 23:00,0.039
13/08/2019 00:00,0.045
13/08/2019 01:00,0.054
13/08/2019 02:00,0.061
13/08/2019 03:00,0.063
13/08/2019 04:00,0.065
13/08/2019 05:00,0.067
13/08/2019 06:00,0.064
13/08/2019 07:00,0.038
13/08/2019 08:00,0.05
13/08/2019 09:00,0.077
13/08/2019 10:00,0.094
13/08/2019 11:00,0.102
13/08/2019 12:00,0.111
13/08/2019 13:00,0.12
13/08/2019 14:00,0.134
13/08/2019 15:00,0.148
13/08/2019 16:00,0.154
13/08/2019 17:00,0.136
13/08/2019 18:00,0.134
13/08/2019 19:00,0.14
13/08/2019 20:00,0.131
13/08/2019 21:00,0.119
13/08/2019 22:00,0.113
13/08/2019 23:00,0.116
14/08/2019 00:00,0.121
14/08/2019 01:00,0.126
14/08/2019 02:00,0.133
14/08/2019 03:00,0.142
14/08/2019 04:00,0.16
14/08/2019 05:00,0.172
14/08/2019 06:00,0.15
14/08/2019 07:00,0.104
14/08/2019 08:00,0.199
14/08/2019 09:00,0.245
14/08/2019 10:00,0.239
14/08/2019 11:00,0.225
14/08/2019 12:00,0.206
14/08/2019 13:00,0.178
14/08/2019 14:00,0.152
14/08/2019 15:00,0.139
14/08/2019 16:00,0.128
14/08/2019 17:00,0.106
14/08/2019 18:00,0.092
14/08/2019 19:00,0.09
14/08/2019 20:00,0.081
14/08/2019 21:00,0.082
14/08/2019 22:00,0.09
14/08/2019 23:00,0.114
15/08/2019 00:00,0.139
15/08/2019 01:00,0.158
15/08/2019 02:00,0.167
15/08/2019 03:00,0.155
15/08/2019 04:00,0.129
15/08/2019 05:00,0.107
15/08/2019 06:00,0.091
15/08/2019 07:00,0.059
15/08/2019 08:00,0.061
15/08/2019 09:00,0.144
15/08/2019 10:00,0.209
15/08/2019 11:00,0.267
15/08/2019 12:00,0.318
15/08/2019 13:00,0.346
15/08/2019 14:00,0.359
15/08/2019 15:00,0.3
15/08/2019 16:00,0.199
15/08/2019 17:00,0.125
15/08/2019 18:00,0.097
15/08/2019 19:00,0.09
15/08/2019 20:00,0.082
15/08/2019 21:00,0.073
15/08/2019 22:00,0.072
15/08/2019 23:00,0.084
16/08/2019 00:00,0.122
16/08/2019 01:00,0.175
16/08/2019 02:00,0.192
16/08/2019 03:00,0.192
16/08/2019 04:00,0.236
16/08/2019 05:00,0.228
16/08/2019 06:00,0.214
16/08/2019 07:00,0.163
16/08/2019 08:00,0.204
16/08/2019 09:00,0.34
16/08/2019 10:00,0.356
16/08/2019 11:00,0.281
16/08/2019 12:00,0.2
16/08/2019 13:00,0.142
16/08/2019 14:00,0.113
16/08/2019 15:00,0.106
16/08/2019 16:00,0.102
16/08/2019 17:00,0.076
16/08/2019 18:00,0.068
16/08/2019 19:00,0.062
16/08/2019 20:00,0.053
16/08/2019 21:00,0.038
16/08/2019 22:00,0.031
16/08/2019 23:00,0.04
17/08/2019 00:00,0.055
17/08/2019 01:00,0.072
17/08/2019 02:00,0.089
17/08/2019 03:00,0.103
17/08/2019 04:00,0.112
17/08/2019 05:00,0.136
17/08/2019 06:00,0.148
17/08/2019 07:00,0.112
17/08/2019 08:00,0.199
17/08/2019 09:00,0.314
17/08/2019 10:00,0.341
17/08/2019 11:00,0.309
17/08/2019 12:00,0.259
17/08/2019 13:00,0.22
17/08/2019 14:00,0.186
17/08/2019 15:00,0.167
17/08/2019 16:00,0.139
17/08/2019 17:00,0.118
17/08/2019 18:00,0.114
17/08/2019 19:00,0.125
17/08/2019 20:00,0.131
17/08/2019 21:00,0.13
17/08/2019 22:00,0.139
17/08/2019 23:00,0.159
18/08/2019 00:00,0.178
18/08/2019 01:00,0.185
18/08/2019 02:00,0.181
18/08/2019 03:00,0.162
18/08/2019 04:00,0.131
18/08/2019 05:00,0.1
18/08/2019 06:00,0.088
18/08/2019 07:00,0.084
18/08/2019 08:00,0.159
18/08/2019 09:00,0.219
18/08/2019 10:00,0.243
18/08/2019 11:00,0.238
18/08/2019 12:00,0.231
18/08/2019 13:00,0.247
18/08/2019 14:00,0.282
18/08/2019 15:00,0.295
18/08/2019 16:00,0.262
18/08/2019 17:00,0.188
18/08/2019 18:00,0.137
18/08/2019 19:00,0.128
18/08/2019 20:00,0.124
18/08/2019 21:00,0.118
18/08/2019 22:00,0.122
18/08/2019 23:00,0.132
19/08/2019 00:00,0.134
19/08/2019 01:00,0.14
19/08/2019 02:00,0.14
19/08/2019 03:00,0.138
19/08/2019 04:00,0.167
19/08/2019 05:00,0.275
19/08/2019 06:00,0.432
19/08/2019 07:00,0.593
19/08/2019 08:00,0.795
19/08/2019 09:00,0.809
19/08/2019 10:00,0.776
19/08/2019 11:00,0.768
19/08/2019 12:00,0.773
19/08/2019 13:00,0.778
19/08/2019 14:00,0.771
19/08/2019 15:00,0.752
19/08/2019 16:00,0.697
19/08/2019 17:00,0.523
19/08/2019 18:00,0.47
19/08/2019 19:00,0.422
19/08/2019 20:00,0.38
19/08/2019 21:00,0.321
19/08/2019 22:00,0.258
19/08/2019 23:00,0.213
20/08/2019 00:00,0.195
20/08/2019 01:00,0.189
20/08/2019 02:00,0.189
20/08/2019 03:00,0.202
20/08/2019 04:00,0.231
20/08/2019 05:00,0.253
20/08/2019 06:00,0.216
20/08/2019 07:00,0.085
20/08/2019 08:00,0.145
20/08/2019 09:00,0.245
20/08/2019 10:00,0.308
20/08/2019 11:00,0.341
20/08/2019 12:00,0.352
20/08/2019 13:00,0.334
20/08/2019 14:00,0.302
20/08/2019 15:00,0.274
20/08/2019 16:00,0.248
20/08/2019 17:00,0.198
20/08/2019 18:00,0.157
20/08/2019 19:00,0.136
20/08/2019 20:00,0.111
20/08/2019 21:00,0.112
20/08/2019 22:00,0.163
20/08/2019 23:00,0.217
21/08/2019 00:00,0.237
21/08/2019 01:00,0.254
21/08/2019 02:00,0.265
21/08/2019 03:00,0.27
21/08/2019 04:00,0.227
21/08/2019 05:00,0.235
21/08/2019 06:00,0.226
21/08/2019 07:00,0.175
21/08/2019 08:00,0.192
21/08/2019 09:00,0.294
21/08/2019 10:00,0.386
21/08/2019 11:00,0.4
21/08/2019 12:00,0.371
21/08/2019 13:00,0.35
21/08/2019 14:00,0.341
21/08/2019 15:00,0.316
21/08/2019 16:00,0.254
21/08/2019 17:00,0.169
21/08/2019 18:00,0.156
21/08/2019 19:00,0.164
21/08/2019 20:00,0.142
21/08/2019 21:00,0.121
21/08/2019 22:00,0.112
21/08/2019 23:00,0.121
22/08/2019 00:00,0.139
22/08/2019 01:00,0.148
22/08/2019 02:00,0.148
22/08/2019 03:00,0.136
22/08/2019 04:00,0.119
22/08/2019 05:00,0.105
22/08/2019 06:00,0.094
22/08/2019 07:00,0.079
22/08/2019 08:00,0.148
22/08/2019 09:00,0.219
22/08/2019 10:00,0.223
22/08/2019 11:00,0.193
22/08/2019 12:00,0.171
22/08/2019 13:00,0.159
22/08/2019 14:00,0.156
22/08/2019 15:00,0.15
22/08/2019 16:00,0.134
22/08/2019 17:00,0.121
22/08/2019 18:00,0.108
22/08/2019 19:00,0.093
22/08/2019 20:00,0.067
22/08/2019 21:00,0.05
22/08/2019 22:00,0.055
22/08/2019 23:00,0.084
23/08/2019 00:00,0.13
23/08/2019 01:00,0.165
23/08/2019 02:00,0.166
23/08/2019 03:00,0.142
23/08/2019 04:00,0.164
23/08/2019 05:00,0.175
23/08/2019 06:00,0.164
23/08/2019 07:00,0.122
23/08/2019 08:00,0.228
23/08/2019 09:00,0.305
23/08/2019 10:00,0.311
23/08/2019 11:00,0.313
23/08/2019 12:00,0.341
23/08/2019 13:00,0.379
23/08/2019 14:00,0.41
23/08/2019 15:00,0.427
23/08/2019 16:00,0.379
23/08/2019 17:00,0.25
23/08/2019 18:00,0.201
23/08/2019 19:00,0.175
23/08/2019 20:00,0.121
23/08/2019 21:00,0.082
23/08/2019 22:00,0.07
23/08/2019 23:00,0.072
24/08/2019 00:00,0.112
24/08/2019 01:00,0.158
24/08/2019 02:00,0.191
24/08/2019 03:00,0.214
24/08/2019 04:00,0.253
24/08/2019 05:00,0.249
24/08/2019 06:00,0.224
24/08/2019 07:00,0.163
24/08/2019 08:00,0.192
24/08/2019 09:00,0.26
24/08/2019 10:00,0.279
24/08/2019 11:00,0.256
24/08/2019 12:00,0.228
24/08/2019 13:00,0.204
24/08/2019 14:00,0.186
24/08/2019 15:00,0.183
24/08/2019 16:00,0.174
24/08/2019 17:00,0.139
24/08/2019 18:00,0.134
24/08/2019 19:00,0.148
24/08/2019 20:00,0.153
24/08/2019 21:00,0.152
24/08/2019 22:00,0.179
24/08/2019 23:00,0.225
25/08/2019 00:00,0.248
25/08/2019 01:00,0.256
25/08/2019 02:00,0.256
25/08/2019 03:00,0.236
25/08/2019 04:00,0.186
25/08/2019 05:00,0.133
25/08/2019 06:00,0.091
25/08/2019 07:00,0.064
25/08/2019 08:00,0.103
25/08/2019 09:00,0.127
25/08/2019 10:00,0.158
25/08/2019 11:00,0.195
25/08/2019 12:00,0.231
25/08/2019 13:00,0.259
25/08/2019 14:00,0.272
25/08/2019 15:00,0.273
25/08/2019 16:00,0.24
25/08/2019 17:00,0.176
25/08/2019 18:00,0.161
25/08/2019 19:00,0.171
25/08/2019 20:00,0.164
25/08/2019 21:00,0.145
25/08/2019 22:00,0.118
25/08/2019 23:00,0.112
26/08/2019 00:00,0.122
26/08/2019 01:00,0.112
26/08/2019 02:00,0.078
26/08/2019 03:00,0.047
26/08/2019 04:00,0.026
26/08/2019 05:00,0.019
26/08/2019 06:00,0.024
26/08/2019 07:00,0.021
26/08/2019 08:00,0.022
26/08/2019 09:00,0.041
26/08/2019 10:00,0.044
26/08/2019 11:00,0.032
26/08/2019 12:00,0.023
26/08/2019 13:00,0.017
26/08/2019 14:00,0.012
26/08/2019 15:00,0.006
26/08/2019 16:00,0.002
26/08/2019 17:00,0.002
26/08/2019 18:00,0.003
26/08/2019 19:00,0.004
26/08/2019 20:00,0.007
26/08/2019 21:00,0.009
26/08/2019 22:00,0.013
26/08/2019 23:00,0.022
27/08/2019 00:00,0.035
27/08/2019 01:00,0.053
27/08/2019 02:00,0.067
27/08/2019 03:00,0.071
27/08/2019 04:00,0.065
27/08/2019 05:00,0.058
27/08/2019 06:00,0.044
27/08/2019 07:00,0.021
27/08/2019 08:00,0.035
27/08/2019 09:00,0.056
27/08/2019 10:00,0.055
27/08/2019 11:00,0.051
27/08/2019 12:00,0.054
27/08/2019 13:00,0.059
27/08/2019 14:00,0.061
27/08/2019 15:00,0.061
27/08/2019 16:00,0.051
27/08/2019 17:00,0.038
27/08/2019 18:00,0.028
27/08/2019 19:00,0.029
27/08/2019 20:00,0.035
27/08/2019 21:00,0.039
27/08/2019 22:00,0.051
27/08/2019 23:00,0.068
28/08/2019 00:00,0.115
28/08/2019 01:00,0.176
28/08/2019 02:00,0.152
28/08/2019 03:00,0.126
28/08/2019 04:00,0.153
28/08/2019 05:00,0.145
28/08/2019 06:00,0.121
28/08/2019 07:00,0.088
28/08/2019 08:00,0.2
28/08/2019 09:00,0.291
28/08/2019 10:00,0.285
28/08/2019 11:00,0.245
28/08/2019 12:00,0.201
28/08/2019 13:00,0.155
28/08/2019 14:00,0.12
28/08/2019 15:00,0.096
28/08/2019 16:00,0.073
28/08/2019 17:00,0.062
28/08/2019 18:00,0.059
28/08/2019 19:00,0.056
28/08/2019 20:00,0.05
28/08/2019 21:00,0.048
28/08/2019 22:00,0.057
28/08/2019 23:00,0.077
29/08/2019 00:00,0.101
29/08/2019 01:00,0.119
29/08/2019 02:00,0.121
29/08/2019 03:00,0.107
29/08/2019 04:00,0.098
29/08/2019 05:00,0.096
29/08/2019 06:00,0.069
29/08/2019 07:00,0.01
29/08/2019 08:00,0.0
29/08/2019 09:00,0.0
29/08/2019 10:00,0.0
29/08/2019 11:00,0.0
29/08/2019 12:00,0.0
29/08/2019 13:00,0.0
29/08/2019 14:00,0.0
29/08/2019 15:00,0.0
29/08/2019 16:00,0.0
29/08/2019 17:00,0.003
29/08/2019 18:00,0.004
29/08/2019 19:00,0.003
29/08/2019 20:00,0.005
29/08/2019 21:00,0.013
29/08/2019 22:00,0.022
29/08/2019 23:00,0.029
30/08/2019 00:00,0.036
30/08/2019 01:00,0.041
30/08/2019 02:00,0.037
30/08/2019 03:00,0.026
30/08/2019 04:00,0.017
30/08/2019 05:00,0.013
30/08/2019 06:00,0.018
30/08/2019 07:00,0.033
30/08/2019 08:00,0.049
30/08/2019 09:00,0.066
30/08/2019 10:00,0.058
30/08/2019 11:00,0.019
30/08/2019 12:00,0.002
30/08/2019 13:00,0.0
30/08/2019 14:00,0.0
30/08/2019 15:00,0.0
30/08/2019 16:00,0.001
30/08/2019 17:00,0.003
30/08/2019 18:00,0.014
30/08/2019 19:00,0.029
30/08/2019 20:00,0.023
30/08/2019 21:00,0.008
30/08/2019 22:00,0.002
30/08/2019 23:00,0.001
31/08/2019 00:00,0.002
31/08/2019 01:00,0.004
31/08/2019 02:00,0.006
31/08/2019 03:00,0.004
31/08/2019 04:00,0.004
31/08/2019 05:00,0.007
31/08/2019 06:00,0.014
31/08/2019 07:00,0.011
31/08/2019 08:00,0.015
31/08/2019 09:00,0.019
31/08/2019 10:00,0.017
31/08/2019 11:00,0.014
31/08/2019 12:00,0.015
31/08/2019 13:00,0.017
31/08/2019 14:00,0.02
31/08/2019 15:00,0.029
31/08/2019 16:00,0.051
31/08/2019 17:00,0.085
31/08/2019 18:00,0.127
31/08/2019 19:00,0.169
31/08/2019 20:00,0.179
31/08/2019 21:00,0.18
31/08/2019 22:00,0.16
31/08/2019 23:00,0.146
01/09/2019 00:00,0.161
01/09/2019 01:00,0.18
01/09/2019 02:00,0.183
01/09/2019 03:00,0.18
01/09/2019 04:00,0.176
01/09/2019 05:00,0.172
01/09/2019 06:00,0.163
01/09/2019 07:00,0.161
01/09/2019 08:00,0.266
01/09/2019 09:00,0.242
01/09/2019 10:00,0.189
01/09/2019 11:00,0.147
01/09/2019 12:00,0.111
01/09/2019 13:00,0.087
01/09/2019 14:00,0.077
01/09/2019 15:00,0.078
01/09/2019 16:00,0.089
01/09/2019 17:00,0.096
01/09/2019 18:00,0.104
01/09/2019 19:00,0.121
01/09/2019 20:00,0.124
01/09/2019 21:00,0.123
01/09/2019 22:00,0.117
01/09/2019 23:00,0.113
02/09/2019 00:00,0.105
02/09/2019 01:00,0.091
02/09/2019 02:00,0.076
02/09/2019 03:00,0.062
02/09/2019 04:00,0.049
02/09/2019 05:00,0.038
02/09/2019 06:00,0.031
02/09/2019 07:00,0.024
02/09/2019 08:00,0.06
02/09/2019 09:00,0.08
02/09/2019 10:00,0.084
02/09/2019 11:00,0.078
02/09/2019 12:00,0.067
02/09/2019 13:00,0.055
02/09/2019 14:00,0.042
02/09/2019 15:00,0.035
02/09/2019 16:00,0.031
02/09/2019 17:00,0.027
02/09/2019 18:00,0.025
02/09/2019 19:00,0.026
02/09/2019 20:00,0.022
02/09/2019 21:00,0.014
02/09/2019 22:00,0.009
02/09/2019 23:00,0.007
03/09/2019 00:00,0.008
03/09/2019 01:00,0.015
03/09/2019 02:00,0.024
03/09/2019 03:00,0.024
03/09/2019 04:00,0.016
03/09/2019 05:00,0.009
03/09/2019 06:00,0.007
03/09/2019 07:00,0.003
03/09/2019 08:00,0.001
03/09/2019 09:00,0.0
03/09/2019 10:00,0.0
03/09/2019 11:00,0.0
03/09/2019 12:00,0.001
03/09/2019 13:00,0.003
03/09/2019 14:00,0.008
03/09/2019 15:00,0.019
03/09/2019 16:00,0.033
03/09/2019 17:00,0.043
03/09/2019 18:00,0.043
03/09/2019 19:00,0.03
03/09/2019 20:00,0.012
03/09/2019 21:00,0.005
03/09/2019 22:00,0.005
03/09/2019 23:00,0.014
04/09/2019 00:00,0.05
04/09/2019 01:00,0.086
04/09/2019 02:00,0.045
04/09/2019 03:00,0.016
04/09/2019 04:00,0.008
04/09/2019 05:00,0.0
04/09/2019 06:00,0.0
04/09/2019 07:00,0.0
04/09/2019 08:00,0.019
04/09/2019 09:00,0.059
04/09/2019 10:00,0.083
04/09/2019 11:00,0.084
04/09/2019 12:00,0.075
04/09/2019 13:00,0.061
04/09/2019 14:00,0.044
04/09/2019 15:00,0.031
04/09/2019 16:00,0.021
04/09/2019 17:00,0.014
04/09/2019 18:00,0.012
04/09/2019 19:00,0.013
04/09/2019 20:00,0.018
04/09/2019 21:00,0.023
04/09/2019 22:00,0.023
04/09/2019 23:00,0.015
05/09/2019 00:00,0.009
05/09/2019 01:00,0.007
05/09/2019 02:00,0.009
05/09/2019 03:00,0.01
05/09/2019 04:00,0.012
05/09/2019 05:00,0.018
05/09/2019 06:00,0.029
05/09/2019 07:00,0.028
05/09/2019 08:00,0.048
05/09/2019 09:00,0.085
05/09/2019 10:00,0.093
05/09/2019 11:00,0.093
05/09/2019 12:00,0.106
05/09/2019 13:00,0.107
05/09/2019 14:00,0.112
05/09/2019 15:00,0.118
05/09/2019 16:00,0.098
05/09/2019 17:00,0.07
05/09/2019 18:00,0.065
05/09/2019 19:00,0.065
05/09/2019 20:00,0.058
05/09/2019 21:00,0.046
05/09/2019 22:00,0.035
05/09/2019 23:00,0.02
06/09/2019 00:00,0.01
06/09/2019 01:00,0.004
06/09/2019 02:00,0.002
06/09/2019 03:00,0.003
06/09/2019 04:00,0.009
06/09/2019 05:00,0.03
06/09/2019 06:00,0.06
06/09/2019 07:00,0.05
06/09/2019 08:00,0.045
06/09/2019 09:00,0.042
06/09/2019 10:00,0.031
06/09/2019 11:00,0.018
06/09/2019 12:00,0.01
06/09/2019 13:00,0.008
06/09/2019 14:00,0.005
06/09/2019 15:00,0.004
06/09/2019 16:00,0.003
06/09/2019 17:00,0.003
06/09/2019 18:00,0.005
06/09/2019 19:00,0.006
06/09/2019 20:00,0.003
06/09/2019 21:00,0.001
06/09/2019 22:00,0.002
06/09/2019 23:00,0.004
07/09/2019 00:00,0.01
07/09/2019 01:00,0.021
07/09/2019 02:00,0.034
07/09/2019 03:00,0.046
07/09/2019 04:00,0.057
07/09/2019 05:00,0.061
07/09/2019 06:00,0.052
07/09/2019 07:00,0.015
07/09/2019 08:00,0.003
07/09/2019 09:00,0.005
07/09/2019 10:00,0.009
07/09/2019 11:00,0.011
07/09/2019 12:00,0.012
07/09/2019 13:00,0.009
07/09/2019 14:00,0.007
07/09/2019 15:00,0.006
07/09/2019 16:00,0.008
07/09/2019 17:00,0.02
07/09/2019 18:00,0.053
07/09/2019 19:00,0.118
07/09/2019 20:00,0.175
07/09/2019 21:00,0.207
07/09/2019 22:00,0.225
07/09/2019 23:00,0.232
08/09/2019 00:00,0.228
08/09/2019 01:00,0.225
08/09/2019 02:00,0.227
08/09/2019 03:00,0.225
08/09/2019 04:00,0.222
08/09/2019 05:00,0.253
08/09/2019 06:00,0.246
08/09/2019 07:00,0.155
08/09/2019 08:00,0.194
08/09/2019 09:00,0.277
08/09/2019 10:00,0.309
08/09/2019 11:00,0.302
08/09/2019 12:00,0.297
08/09/2019 13:00,0.323
08/09/2019 14:00,0.352
08/09/2019 15:00,0.362
08/09/2019 16:00,0.305
08/09/2019 17:00,0.223
08/09/2019 18:00,0.21
08/09/2019 19:00,0.199
08/09/2019 20:00,0.191
08/09/2019 21:00,0.189
08/09/2019 22:00,0.191
08/09/2019 23:00,0.203
09/09/2019 00:00,0.2
09/09/2019 01:00,0.176
09/09/2019 02:00,0.147
09/09/2019 03:00,0.112
09/09/2019 04:00,0.068
09/09/2019 05:00,0.03
09/09/2019 06:00,0.008
09/09/2019 07:00,0.001
09/09/2019 08:00,0.001
09/09/2019 09:00,0.002
09/09/2019 10:00,0.008
09/09/2019 11:00,0.008
09/09/2019 12:00,0.005
09/09/2019 13:00,0.002
09/09/2019 14:00,0.001
09/09/2019 15:00,0.001
09/09/2019 16:00,0.001
09/09/2019 17:00,0.001
09/09/2019 18:00,0.001
09/09/2019 19:00,0.002
09/09/2019 20:00,0.003
09/09/2019 21:00,0.005
09/09/2019 22:00,0.005
09/09/2019 23:00,0.003
10/09/2019 00:00,0.002
10/09/2019 01:00,0.002
10/09/2019 02:00,0.001
10/09/2019 03:00,0.001
10/09/2019 04:00,0.001
10/09/2019 05:00,0.002
10/09/2019 06:00,0.004
10/09/2019 07:00,0.011
10/09/2019 08:00,0.026
10/09/2019 09:00,0.018
10/09/2019 10:00,0.006
10/09/2019 11:00,0.003
10/09/2019 12:00,0.003
10/09/2019 13:00,0.007
10/09/2019 14:00,0.014
10/09/2019 15:00,0.026
10/09/2019 16:00,0.029
10/09/2019 17:00,0.02
10/09/2019 18:00,0.01
10/09/2019 19:00,0.002
10/09/2019 20:00,0.001
10/09/2019 21:00,0.004
10/09/2019 22:00,0.013
10/09/2019 23:00,0.021
11/09/2019 00:00,0.025
11/09/2019 01:00,0.022
11/09/2019 02:00,0.016
11/09/2019 03:00,0.013
11/09/2019 04:00,0.011
11/09/2019 05:00,0.01
11/09/2019 06:00,0.014
11/09/2019 07:00,0.014
11/09/2019 08:00,0.022
11/09/2019 09:00,0.032
11/09/2019 10:00,0.037
11/09/2019 11:00,0.038
11/09/2019 12:00,0.032
11/09/2019 13:00,0.031
11/09/2019 14:00,0.034
11/09/2019 15:00,0.04
11/09/2019 16:00,0.041
11/09/2019 17:00,0.046
11/09/2019 18:00,0.058
11/09/2019 19:00,0.064
11/09/2019 20:00,0.047
11/09/2019 21:00,0.021
11/09/2019 22:00,0.005
11/09/2019 23:00,0.002
12/09/2019 00:00,0.006
12/09/2019 01:00,0.013
12/09/2019 02:00,0.01
12/09/2019 03:00,0.002
12/09/2019 04:00,0.014
12/09/2019 05:00,0.049
12/09/2019 06:00,0.067
12/09/2019 07:00,0.06
12/09/2019 08:00,0.068
12/09/2019 09:00,0.04
12/09/2019 10:00,0.021
12/09/2019 11:00,0.009
12/09/2019 12:00,0.004
12/09/2019 13:00,0.002
12/09/2019 14:00,0.002
12/09/2019 15:00,0.001
12/09/2019 16:00,0.0
12/09/2019 17:00,0.0
12/09/2019 18:00,0.0
12/09/2019 19:00,0.0
12/09/2019 20:00,0.0
12/09/2019 21:00,0.0
12/09/2019 22:00,0.0
12/09/2019 23:00,0.004
13/09/2019 00:00,0.027
13/09/2019 01:00,0.072
13/09/2019 02:00,0.122
13/09/2019 03:00,0.153
13/09/2019 04:00,0.155
13/09/2019 05:00,0.106
13/09/2019 06:00,0.032
13/09/2019 07:00,0.006
13/09/2019 08:00,0.011
13/09/2019 09:00,0.018
13/09/2019 10:00,0.028
13/09/2019 11:00,0.047
13/09/2019 12:00,0.056
13/09/2019 13:00,0.058
13/09/2019 14:00,0.052
13/09/2019 15:00,0.044
13/09/2019 16:00,0.037
13/09/2019 17:00,0.042
13/09/2019 18:00,0.058
13/09/2019 19:00,0.071
13/09/2019 20:00,0.061
13/09/2019 21:00,0.046
13/09/2019 22:00,0.042
13/09/2019 23:00,0.048
14/09/2019 00:00,0.05
14/09/2019 01:00,0.053
14/09/2019 02:00,0.056
14/09/2019 03:00,0.053
14/09/2019 04:00,0.044
14/09/2019 05:00,0.032
14/09/2019 06:00,0.03
14/09/2019 07:00,0.029
14/09/2019 08:00,0.018
14/09/2019 09:00,0.008
14/09/2019 10:00,0.008
14/09/2019 11:00,0.005
14/09/2019 12:00,0.003
14/09/2019 13:00,0.002
14/09/2019 14:00,0.002
14/09/2019 15:00,0.008
14/09/2019 16:00,0.013
14/09/2019 17:00,0.017
14/09/2019 18:00,0.018
14/09/2019 19:00,0.016
14/09/2019 20:00,0.017
14/09/2019 21:00,0.031
14/09/2019 22:00,0.076
14/09/2019 23:00,0.143
15/09/2019 00:00,0.194
15/09/2019 01:00,0.176
15/09/2019 02:00,0.13
15/09/2019 03:00,0.103
15/09/2019 04:00,0.094
15/09/2019 05:00,0.103
15/09/2019 06:00,0.133
15/09/2019 07:00,0.128
15/09/2019 08:00,0.151
15/09/2019 09:00,0.156
15/09/2019 10:00,0.113
15/09/2019 11:00,0.089
15/09/2019 12:00,0.071
15/09/2019 13:00,0.058
15/09/2019 14:00,0.049
15/09/2019 15:00,0.033
15/09/2019 16:00,0.016
15/09/2019 17:00,0.006
15/09/2019 18:00,0.002
15/09/2019 19:00,0.0
15/09/2019 20:00,0.0
15/09/2019 21:00,0.0
15/09/2019 22:00,0.0
15/09/2019 23:00,0.0
16/09/2019 00:00,0.0
16/09/2019 01:00,0.0
16/09/2019 02:00,0.0
16/09/2019 03:00,0.001
16/09/2019 04:00,0.006
16/09/2019 05:00,0.013
16/09/2019 06:00,0.018
16/09/2019 07:00,0.009
16/09/2019 08:00,0.002
16/09/2019 09:00,0.0
16/09/2019 10:00,0.0
16/09/2019 11:00,0.0
16/09/2019 12:00,0.001
16/09/2019 13:00,0.004
16/09/2019 14:00,0.007
16/09/2019 15:00,0.008
16/09/2019 16:00,0.007
16/09/2019 17:00,0.005
16/09/2019 18:00,0.005
16/09/2019 19:00,0.002
16/09/2019 20:00,0.001
16/09/2019 21:00,0.003
16/09/2019 22:00,0.014
16/09/2019 23:00,0.035
17/09/2019 00:00,0.053
17/09/2019 01:00,0.057
17/09/2019 02:00,0.054
17/09/2019 03:00,0.057
17/09/2019 04:00,0.058
17/09/2019 05:00,0.062
17/09/2019 06:00,0.059
17/09/2019 07:00,0.014
17/09/2019 08:00,0.006
17/09/2019 09:00,0.014
17/09/2019 10:00,0.037
17/09/2019 11:00,0.076
17/09/2019 12:00,0.123
17/09/2019 13:00,0.174
17/09/2019 14:00,0.224
17/09/2019 15:00,0.262
17/09/2019 16:00,0.268
17/09/2019 17:00,0.223
17/09/2019 18:00,0.256
17/09/2019 19:00,0.311
17/09/2019 20:00,0.35
17/09/2019 21:00,0.378
17/09/2019 22:00,0.388
17/09/2019 23:00,0.396
18/09/2019 00:00,0.404
18/09/2019 01:00,0.392
18/09/2019 02:00,0.34
18/09/2019 03:00,0.27
18/09/2019 04:00,0.177
18/09/2019 05:00,0.09
18/09/2019 06:00,0.025
18/09/2019 07:00,0.005
18/09/2019 08:00,0.066
18/09/2019 09:00,0.084
18/09/2019 10:00,0.092
18/09/2019 11:00,0.083
18/09/2019 12:00,0.062
18/09/2019 13:00,0.035
18/09/2019 14:00,0.016
18/09/2019 15:00,0.005
18/09/2019 16:00,0.001
18/09/2019 17:00,0.0
18/09/2019 18:00,0.0
18/09/2019 19:00,0.0
18/09/2019 20:00,0.0
18/09/2019 21:00,0.0
18/09/2019 22:00,0.001
18/09/2019 23:00,0.004
19/09/2019 00:00,0.006
19/09/2019 01:00,0.005
19/09/2019 02:00,0.004
19/09/2019 03:00,0.003
19/09/2019 04:00,0.004
19/09/2019 05:00,0.005
19/09/2019 06:00,0.004
19/09/2019 07:00,0.0
19/09/2019 08:00,0.003
19/09/2019 09:00,0.017
19/09/2019 10:00,0.038
19/09/2019 11:00,0.053
19/09/2019 12:00,0.054
19/09/2019 13:00,0.043
19/09/2019 14:00,0.034
19/09/2019 15:00,0.028
19/09/2019 16:00,0.02
19/09/2019 17:00,0.011
19/09/2019 18:00,0.005
19/09/2019 19:00,0.002
19/09/2019 20:00,0.001
19/09/2019 21:00,0.001
19/09/2019 22:00,0.003
19/09/2019 23:00,0.008
20/09/2019 00:00,0.018
20/09/2019 01:00,0.028
20/09/2019 02:00,0.033
20/09/2019 03:00,0.031
20/09/2019 04:00,0.027
20/09/2019 05:00,0.019
20/09/2019 06:00,0.007
20/09/2019 07:00,0.001
20/09/2019 08:00,0.001
20/09/2019 09:00,0.003
20/09/2019 10:00,0.004
20/09/2019 11:00,0.006
20/09/2019 12:00,0.011
20/09/2019 13:00,0.011
20/09/2019 14:00,0.011
20/09/2019 15:00,0.013
20/09/2019 16:00,0.013
20/09/2019 17:00,0.01
20/09/2019 18:00,0.008
20/09/2019 19:00,0.004
20/09/2019 20:00,0.001
20/09/2019 21:00,0.002
20/09/2019 22:00,0.006
20/09/2019 23:00,0.012
21/09/2019 00:00,0.018
21/09/2019 01:00,0.021
21/09/2019 02:00,0.024
21/09/2019 03:00,0.028
21/09/2019 04:00,0.026
21/09/2019 05:00,0.018
21/09/2019 06:00,0.014
21/09/2019 07:00,0.01
21/09/2019 08:00,0.013
21/09/2019 09:00,0.013
21/09/2019 10:00,0.011
21/09/2019 11:00,0.011
21/09/2019 12:00,0.013
21/09/2019 13:00,0.012
21/09/2019 14:00,0.009
21/09/2019 15:00,0.008
21/09/2019 16:00,0.01
21/09/2019 17:00,0.016
21/09/2019 18:00,0.039
21/09/2019 19:00,0.045
21/09/2019 20:00,0.024
21/09/2019 21:00,0.004
21/09/2019 22:00,0.0
21/09/2019 23:00,0.0
22/09/2019 00:00,0.002
22/09/2019 01:00,0.01
22/09/2019 02:00,0.019
22/09/2019 03:00,0.018
22/09/2019 04:00,0.009
22/09/2019 05:00,0.002
22/09/2019 06:00,0.0
22/09/2019 07:00,0.0
22/09/2019 08:00,0.004
22/09/2019 09:00,0.014
22/09/2019 10:00,0.017
22/09/2019 11:00,0.018
22/09/2019 12:00,0.021
22/09/2019 13:00,0.021
22/09/2019 14:00,0.018
22/09/2019 15:00,0.015
22/09/2019 16:00,0.014
22/09/2019 17:00,0.01
22/09/2019 18:00,0.009
22/09/2019 19:00,0.006
22/09/2019 20:00,0.002
22/09/2019 21:00,0.001
22/09/2019 22:00,0.002
22/09/2019 23:00,0.004
23/09/2019 00:00,0.007
23/09/2019 01:00,0.009
23/09/2019 02:00,0.01
23/09/2019 03:00,0.01
23/09/2019 04:00,0.011
23/09/2019 05:00,0.024
23/09/2019 06:00,0.061
23/09/2019 07:00,0.088
23/09/2019 08:00,0.13
23/09/2019 09:00,0.133
23/09/2019 10:00,0.081
23/09/2019 11:00,0.044
23/09/2019 12:00,0.025
23/09/2019 13:00,0.016
23/09/2019 14:00,0.01
23/09/2019 15:00,0.007
23/09/2019 16:00,0.005
23/09/2019 17:00,0.004
23/09/2019 18:00,0.006
23/09/2019 19:00,0.005
23/09/2019 20:00,0.003
23/09/2019 21:00,0.002
23/09/2019 22:00,0.001
23/09/2019 23:00,0.002
24/09/2019 00:00,0.003
24/09/2019 01:00,0.005
24/09/2019 02:00,0.005
24/09/2019 03:00,0.003
24/09/2019 04:00,0.001
24/09/2019 05:00,0.0
24/09/2019 06:00,0.0
24/09/2019 07:00,0.003
24/09/2019 08:00,0.006
24/09/2019 09:00,0.006
24/09/2019 10:00,0.005
24/09/2019 11:00,0.004
24/09/2019 12:00,0.003
24/09/2019 13:00,0.002
24/09/2019 14:00,0.001
24/09/2019 15:00,0.001
24/09/2019 16:00,0.001
24/09/2019 17:00,0.002
24/09/2019 18:00,0.015
24/09/2019 19:00,0.035
24/09/2019 20:00,0.041
24/09/2019 21:00,0.041
24/09/2019 22:00,0.052
24/09/2019 23:00,0.071
25/09/2019 00:00,0.095
25/09/2019 01:00,0.114
25/09/2019 02:00,0.118
25/09/2019 03:00,0.102
25/09/2019 04:00,0.073
25/09/2019 05:00,0.041
25/09/2019 06:00,0.019
25/09/2019 07:00,0.004
25/09/2019 08:00,0.0
25/09/2019 09:00,0.001
25/09/2019 10:00,0.003
25/09/2019 11:00,0.003
25/09/2019 12:00,0.003
25/09/2019 13:00,0.003
25/09/2019 14:00,0.002
25/09/2019 15:00,0.002
25/09/2019 16:00,0.003
25/09/2019 17:00,0.005
25/09/2019 18:00,0.02
25/09/2019 19:00,0.031
25/09/2019 20:00,0.023
25/09/2019 21:00,0.012
25/09/2019 22:00,0.008
25/09/2019 23:00,0.009
26/09/2019 00:00,0.009
26/09/2019 01:00,0.007
26/09/2019 02:00,0.004
26/09/2019 03:00,0.001
26/09/2019 04:00,0.001
26/09/2019 05:00,0.0
26/09/2019 06:00,0.0
26/09/2019 07:00,0.0
26/09/2019 08:00,0.0
26/09/2019 09:00,0.003
26/09/2019 10:00,0.004
26/09/2019 11:00,0.005
26/09/2019 12:00,0.011
26/09/2019 13:00,0.018
26/09/2019 14:00,0.027
26/09/2019 15:00,0.041
26/09/2019 16:00,0.053
26/09/2019 17:00,0.056
26/09/2019 18:00,0.052
26/09/2019 19:00,0.046
26/09/2019 20:00,0.041
26/09/2019 21:00,0.03
26/09/2019 22:00,0.017
26/09/2019 23:00,0.008
27/09/2019 00:00,0.005
27/09/2019 01:00,0.003
27/09/2019 02:00,0.003
27/09/2019 03:00,0.003
27/09/2019 04:00,0.005
27/09/2019 05:00,0.008
27/09/2019 06:00,0.013
27/09/2019 07:00,0.011
27/09/2019 08:00,0.021
27/09/2019 09:00,0.024
27/09/2019 10:00,0.034
27/09/2019 11:00,0.054
27/09/2019 12:00,0.068
27/09/2019 13:00,0.067
27/09/2019 14:00,0.055
27/09/2019 15:00,0.041
27/09/2019 16:00,0.029
27/09/2019 17:00,0.026
27/09/2019 18:00,0.034
27/09/2019 19:00,0.04
27/09/2019 20:00,0.044
27/09/2019 21:00,0.053
27/09/2019 22:00,0.061
27/09/2019 23:00,0.069
28/09/2019 00:00,0.08
28/09/2019 01:00,0.085
28/09/2019 02:00,0.081
28/09/2019 03:00,0.065
28/09/2019 04:00,0.041
28/09/2019 05:00,0.021
28/09/2019 06:00,0.016
28/09/2019 07:00,0.022
28/09/2019 08:00,0.076
28/09/2019 09:00,0.103
28/09/2019 10:00,0.101
28/09/2019 11:00,0.083
28/09/2019 12:00,0.064
28/09/2019 13:00,0.047
28/09/2019 14:00,0.036
28/09/2019 15:00,0.029
28/09/2019 16:00,0.029
28/09/2019 17:00,0.043
28/09/2019 18:00,0.085
28/09/2019 19:00,0.142
28/09/2019 20:00,0.19
28/09/2019 21:00,0.231
28/09/2019 22:00,0.234
28/09/2019 23:00,0.239
29/09/2019 00:00,0.262
29/09/2019 01:00,0.266
29/09/2019 02:00,0.274
29/09/2019 03:00,0.259
29/09/2019 04:00,0.243
29/09/2019 05:00,0.227
29/09/2019 06:00,0.209
29/09/2019 07:00,0.147
29/09/2019 08:00,0.141
29/09/2019 09:00,0.156
29/09/2019 10:00,0.178
29/09/2019 11:00,0.187
29/09/2019 12:00,0.178
29/09/2019 13:00,0.154
29/09/2019 14:00,0.118
29/09/2019 15:00,0.088
29/09/2019 16:00,0.061
29/09/2019 17:00,0.047
29/09/2019 18:00,0.048
29/09/2019 19:00,0.06
29/09/2019 20:00,0.073
29/09/2019 21:00,0.079
29/09/2019 22:00,0.082
29/09/2019 23:00,0.092
30/09/2019 00:00,0.106
30/09/2019 01:00,0.099
30/09/2019 02:00,0.093
30/09/2019 03:00,0.088
30/09/2019 04:00,0.079
30/09/2019 05:00,0.054
30/09/2019 06:00,0.031
30/09/2019 07:00,0.014
30/09/2019 08:00,0.026
30/09/2019 09:00,0.047
30/09/2019 10:00,0.067
30/09/2019 11:00,0.082
30/09/2019 12:00,0.092
30/09/2019 13:00,0.094
30/09/2019 14:00,0.082
30/09/2019 15:00,0.068
30/09/2019 16:00,0.047
30/09/2019 17:00,0.026
30/09/2019 18:00,0.018
30/09/2019 19:00,0.013
30/09/2019 20:00,0.011
30/09/2019 21:00,0.007
30/09/2019 22:00,0.007
30/09/2019 23:00,0.009
01/10/2019 00:00,0.014
01/10/2019 01:00,0.019
01/10/2019 02:00,0.019
01/10/2019 03:00,0.019
01/10/2019 04:00,0.026
01/10/2019 05:00,0.043
01/10/2019 06:00,0.064
01/10/2019 07:00,0.064
01/10/2019 08:00,0.088
01/10/2019 09:00,0.122
01/10/2019 10:00,0.103
01/10/2019 11:00,0.078
01/10/2019 12:00,0.061
01/10/2019 13:00,0.045
01/10/2019 14:00,0.031
01/10/2019 15:00,0.023
01/10/2019 16:00,0.022
01/10/2019 17:00,0.034
01/10/2019 18:00,0.058
01/10/2019 19:00,0.074
01/10/2019 20:00,0.081
01/10/2019 21:00,0.084
01/10/2019 22:00,0.084
01/10/2019 23:00,0.085
02/10/2019 00:00,0.092
02/10/2019 01:00,0.101
02/10/2019 02:00,0.107
02/10/2019 03:00,0.105
02/10/2019 04:00,0.104
02/10/2019 05:00,0.089
02/10/2019 06:00,0.064
02/10/2019 07:00,0.034
02/10/2019 08:00,0.02
02/10/2019 09:00,0.038
02/10/2019 10:00,0.019
02/10/2019 11:00,0.006
02/10/2019 12:00,0.006
02/10/2019 13:00,0.008
02/10/2019 14:00,0.005
02/10/2019 15:00,0.001
02/10/2019 16:00,0.0
02/10/2019 17:00,0.001
02/10/2019 18:00,0.002
02/10/2019 19:00,0.002
02/10/2019 20:00,0.0
02/10/2019 21:00,0.0
02/10/2019 22:00,0.004
02/10/2019 23:00,0.017
03/10/2019 00:00,0.033
03/10/2019 01:00,0.033
03/10/2019 02:00,0.019
03/10/2019 03:00,0.006
03/10/2019 04:00,0.001
03/10/2019 05:00,0.0
03/10/2019 06:00,0.0
03/10/2019 07:00,0.0
03/10/2019 08:00,0.039
03/10/2019 09:00,0.088
03/10/2019 10:00,0.106
03/10/2019 11:00,0.114
03/10/2019 12:00,0.133
03/10/2019 13:00,0.154
03/10/2019 14:00,0.161
03/10/2019 15:00,0.145
03/10/2019 16:00,0.125
03/10/2019 17:00,0.098
03/10/2019 18:00,0.087
03/10/2019 19:00,0.09
03/10/2019 20:00,0.113
03/10/2019 21:00,0.157
03/10/2019 22:00,0.194
03/10/2019 23:00,0.187
04/10/2019 00:00,0.147
04/10/2019 01:00,0.089
04/10/2019 02:00,0.059
04/10/2019 03:00,0.071
04/10/2019 04:00,0.108
04/10/2019 05:00,0.13
04/10/2019 06:00,0.145
04/10/2019 07:00,0.134
04/10/2019 08:00,0.1
04/10/2019 09:00,0.134
04/10/2019 10:00,0.131
04/10/2019 11:00,0.097
04/10/2019 12:00,0.068
04/10/2019 13:00,0.059
04/10/2019 14:00,0.058
04/10/2019 15:00,0.058
04/10/2019 16:00,0.047
04/10/2019 17:00,0.032
04/10/2019 18:00,0.024
04/10/2019 19:00,0.025
04/10/2019 20:00,0.04
04/10/2019 21:00,0.065
04/10/2019 22:00,0.09
04/10/2019 23:00,0.112
05/10/2019 00:00,0.156
05/10/2019 01:00,0.203
05/10/2019 02:00,0.225
05/10/2019 03:00,0.223
05/10/2019 04:00,0.231
05/10/2019 05:00,0.264
05/10/2019 06:00,0.289
05/10/2019 07:00,0.263
05/10/2019 08:00,0.347
05/10/2019 09:00,0.304
05/10/2019 10:00,0.201
05/10/2019 11:00,0.118
05/10/2019 12:00,0.069
05/10/2019 13:00,0.049
05/10/2019 14:00,0.047
05/10/2019 15:00,0.058
05/10/2019 16:00,0.079
05/10/2019 17:00,0.099
05/10/2019 18:00,0.11
05/10/2019 19:00,0.085
05/10/2019 20:00,0.048
05/10/2019 21:00,0.029
05/10/2019 22:00,0.02
05/10/2019 23:00,0.017
06/10/2019 00:00,0.018
06/10/2019 01:00,0.018
06/10/2019 02:00,0.017
06/10/2019 03:00,0.016
06/10/2019 04:00,0.014
06/10/2019 05:00,0.009
06/10/2019 06:00,0.006
06/10/2019 07:00,0.003
06/10/2019 08:00,0.002
06/10/2019 09:00,0.001
06/10/2019 10:00,0.0
06/10/2019 11:00,0.0
06/10/2019 12:00,0.003
06/10/2019 13:00,0.014
06/10/2019 14:00,0.031
06/10/2019 15:00,0.053
06/10/2019 16:00,0.066
06/10/2019 17:00,0.063
06/10/2019 18:00,0.054
06/10/2019 19:00,0.048
06/10/2019 20:00,0.035
06/10/2019 21:00,0.021
06/10/2019 22:00,0.014
06/10/2019 23:00,0.01
07/10/2019 00:00,0.004
07/10/2019 01:00,0.002
07/10/2019 02:00,0.002
07/10/2019 03:00,0.005
07/10/2019 04:00,0.013
07/10/2019 05:00,0.022
07/10/2019 06:00,0.022
07/10/2019 07:00,0.012
07/10/2019 08:00,0.02
07/10/2019 09:00,0.046
07/10/2019 10:00,0.07
07/10/2019 11:00,0.079
07/10/2019 12:00,0.086
07/10/2019 13:00,0.098
07/10/2019 14:00,0.123
07/10/2019 15:00,0.132
07/10/2019 16:00,0.098
07/10/2019 17:00,0.055
07/10/2019 18:00,0.03
07/10/2019 19:00,0.011
07/10/2019 20:00,0.008
07/10/2019 21:00,0.017
07/10/2019 22:00,0.02
07/10/2019 23:00,0.012
08/10/2019 00:00,0.006
08/10/2019 01:00,0.002
08/10/2019 02:00,0.0
08/10/2019 03:00,0.0
08/10/2019 04:00,0.001
08/10/2019 05:00,0.006
08/10/2019 06:00,0.027
08/10/2019 07:00,0.05
08/10/2019 08:00,0.141
08/10/2019 09:00,0.241
08/10/2019 10:00,0.233
08/10/2019 11:00,0.211
08/10/2019 12:00,0.188
08/10/2019 13:00,0.182
08/10/2019 14:00,0.191
08/10/2019 15:00,0.202
08/10/2019 16:00,0.216
08/10/2019 17:00,0.208
08/10/2019 18:00,0.222
08/10/2019 19:00,0.238
08/10/2019 20:00,0.229
08/10/2019 21:00,0.212
08/10/2019 22:00,0.194
08/10/2019 23:00,0.183
09/10/2019 00:00,0.178
09/10/2019 01:00,0.176
09/10/2019 02:00,0.158
09/10/2019 03:00,0.112
09/10/2019 04:00,0.061
09/10/2019 05:00,0.029
09/10/2019 06:00,0.015
09/10/2019 07:00,0.009
09/10/2019 08:00,0.012
09/10/2019 09:00,0.016
09/10/2019 10:00,0.027
09/10/2019 11:00,0.037
09/10/2019 12:00,0.044
09/10/2019 13:00,0.048
09/10/2019 14:00,0.049
09/10/2019 15:00,0.057
09/10/2019 16:00,0.066
09/10/2019 17:00,0.069
09/10/2019 18:00,0.071
09/10/2019 19:00,0.068
09/10/2019 20:00,0.058
09/10/2019 21:00,0.052
09/10/2019 22:00,0.053
09/10/2019 23:00,0.067
10/10/2019 00:00,0.091
10/10/2019 01:00,0.12
10/10/2019 02:00,0.137
10/10/2019 03:00,0.128
10/10/2019 04:00,0.097
10/10/2019 05:00,0.065
10/10/2019 06:00,0.045
10/10/2019 07:00,0.027
10/10/2019 08:00,0.015
10/10/2019 09:00,0.001
10/10/2019 10:00,0.0
10/10/2019 11:00,0.0
10/10/2019 12:00,0.0
10/10/2019 13:00,0.001
10/10/2019 14:00,0.001
10/10/2019 15:00,0.0
10/10/2019 16:00,0.0
10/10/2019 17:00,0.0
10/10/2019 18:00,0.001
10/10/2019 19:00,0.006
10/10/2019 20:00,0.031
10/10/2019 21:00,0.084
10/10/2019 22:00,0.144
10/10/2019 23:00,0.193
11/10/2019 00:00,0.231
11/10/2019 01:00,0.252
11/10/2019 02:00,0.227
11/10/2019 03:00,0.155
11/10/2019 04:00,0.084
11/10/2019 05:00,0.052
11/10/2019 06:00,0.049
11/10/2019 07:00,0.056
11/10/2019 08:00,0.076
11/10/2019 09:00,0.167
11/10/2019 10:00,0.249
11/10/2019 11:00,0.261
11/10/2019 12:00,0.231
11/10/2019 13:00,0.185
11/10/2019 14:00,0.125
11/10/2019 15:00,0.073
11/10/2019 16:00,0.033
11/10/2019 17:00,0.014
11/10/2019 18:00,0.005
11/10/2019 19:00,0.002
11/10/2019 20:00,0.001
11/10/2019 21:00,0.002
11/10/2019 22:00,0.005
11/10/2019 23:00,0.01
12/10/2019 00:00,0.017
12/10/2019 01:00,0.024
12/10/2019 02:00,0.032
12/10/2019 03:00,0.054
12/10/2019 04:00,0.085
12/10/2019 05:00,0.114
12/10/2019 06:00,0.118
12/10/2019 07:00,0.077
12/10/2019 08:00,0.039
12/10/2019 09:00,0.011
12/10/2019 10:00,0.003
12/10/2019 11:00,0.013
12/10/2019 12:00,0.052
12/10/2019 13:00,0.084
12/10/2019 14:00,0.089
12/10/2019 15:00,0.071
12/10/2019 16:00,0.046
12/10/2019 17:00,0.03
12/10/2019 18:00,0.026
12/10/2019 19:00,0.025
12/10/2019 20:00,0.025
12/10/2019 21:00,0.03
12/10/2019 22:00,0.035
12/10/2019 23:00,0.035
13/10/2019 00:00,0.031
13/10/2019 01:00,0.024
13/10/2019 02:00,0.016
13/10/2019 03:00,0.011
13/10/2019 04:00,0.008
13/10/2019 05:00,0.006
13/10/2019 06:00,0.005
13/10/2019 07:00,0.003
13/10/2019 08:00,0.003
13/10/2019 09:00,0.001
13/10/2019 10:00,0.0
13/10/2019 11:00,0.0
13/10/2019 12:00,0.001
13/10/2019 13:00,0.0
13/10/2019 14:00,0.0
13/10/2019 15:00,0.0
13/10/2019 16:00,0.001
13/10/2019 17:00,0.001
13/10/2019 18:00,0.008
13/10/2019 19:00,0.024
13/10/2019 20:00,0.031
13/10/2019 21:00,0.029
13/10/2019 22:00,0.023
13/10/2019 23:00,0.017
14/10/2019 00:00,0.015
14/10/2019 01:00,0.011
14/10/2019 02:00,0.008
14/10/2019 03:00,0.006
14/10/2019 04:00,0.006
14/10/2019 05:00,0.008
14/10/2019 06:00,0.011
14/10/2019 07:00,0.008
14/10/2019 08:00,0.001
14/10/2019 09:00,0.001
14/10/2019 10:00,0.006
14/10/2019 11:00,0.025
14/10/2019 12:00,0.042
14/10/2019 13:00,0.042
14/10/2019 14:00,0.031
14/10/2019 15:00,0.025
14/10/2019 16:00,0.021
14/10/2019 17:00,0.016
14/10/2019 18:00,0.018
14/10/2019 19:00,0.015
14/10/2019 20:00,0.019
14/10/2019 21:00,0.041
14/10/2019 22:00,0.069
14/10/2019 23:00,0.089
15/10/2019 00:00,0.102
15/10/2019 01:00,0.11
15/10/2019 02:00,0.107
15/10/2019 03:00,0.093
15/10/2019 04:00,0.072
15/10/2019 05:00,0.047
15/10/2019 06:00,0.022
15/10/2019 07:00,0.015
15/10/2019 08:00,0.034
15/10/2019 09:00,0.04
15/10/2019 10:00,0.029
15/10/2019 11:00,0.026
15/10/2019 12:00,0.033
15/10/2019 13:00,0.039
15/10/2019 14:00,0.042
15/10/2019 15:00,0.05
15/10/2019 16:00,0.055
15/10/2019 17:00,0.061
15/10/2019 18:00,0.087
15/10/2019 19:00,0.098
15/10/2019 20:00,0.084
15/10/2019 21:00,0.067
15/10/2019 22:00,0.057
15/10/2019 23:00,0.054
16/10/2019 00:00,0.059
16/10/2019 01:00,0.086
16/10/2019 02:00,0.125
16/10/2019 03:00,0.134
16/10/2019 04:00,0.116
16/10/2019 05:00,0.09
16/10/2019 06:00,0.078
16/10/2019 07:00,0.062
16/10/2019 08:00,0.065
16/10/2019 09:00,0.03
16/10/2019 10:00,0.009
16/10/2019 11:00,0.004
16/10/2019 12:00,0.004
16/10/2019 13:00,0.004
16/10/2019 14:00,0.005
16/10/2019 15:00,0.007
16/10/2019 16:00,0.01
16/10/2019 17:00,0.01
16/10/2019 18:00,0.013
16/10/2019 19:00,0.011
16/10/2019 20:00,0.003
16/10/2019 21:00,0.0
16/10/2019 22:00,0.0
16/10/2019 23:00,0.002
17/10/2019 00:00,0.004
17/10/2019 01:00,0.005
17/10/2019 02:00,0.004
17/10/2019 03:00,0.003
17/10/2019 04:00,0.002
17/10/2019 05:00,0.001
17/10/2019 06:00,0.0
17/10/2019 07:00,0.0
17/10/2019 08:00,0.0
17/10/2019 09:00,0.001
17/10/2019 10:00,0.006
17/10/2019 11:00,0.017
17/10/2019 12:00,0.025
17/10/2019 13:00,0.023
17/10/2019 14:00,0.017
17/10/2019 15:00,0.014
17/10/2019 16:00,0.011
17/10/2019 17:00,0.007
17/10/2019 18:00,0.003
17/10/2019 19:00,0.0
17/10/2019 20:00,0.0
17/10/2019 21:00,0.0
17/10/2019 22:00,0.0
17/10/2019 23:00,0.002
18/10/2019 00:00,0.014
18/10/2019 01:00,0.034
18/10/2019 02:00,0.052
18/10/2019 03:00,0.056
18/10/2019 04:00,0.055
18/10/2019 05:00,0.051
18/10/2019 06:00,0.045
18/10/2019 07:00,0.02
18/10/2019 08:00,0.004
18/10/2019 09:00,0.004
18/10/2019 10:00,0.007
18/10/2019 11:00,0.013
18/10/2019 12:00,0.023
18/10/2019 13:00,0.033
18/10/2019 14:00,0.036
18/10/2019 15:00,0.039
18/10/2019 16:00,0.038
18/10/2019 17:00,0.034
18/10/2019 18:00,0.036
18/10/2019 19:00,0.039
18/10/2019 20:00,0.046
18/10/2019 21:00,0.071
18/10/2019 22:00,0.144
18/10/2019 23:00,0.274
19/10/2019 00:00,0.233
19/10/2019 01:00,0.123
19/10/2019 02:00,0.089
19/10/2019 03:00,0.094
19/10/2019 04:00,0.087
19/10/2019 05:00,0.051
19/10/2019 06:00,0.036
19/10/2019 07:00,0.027
19/10/2019 08:00,0.046
19/10/2019 09:00,0.05
19/10/2019 10:00,0.059
19/10/2019 11:00,0.078
19/10/2019 12:00,0.101
19/10/2019 13:00,0.121
19/10/2019 14:00,0.133
19/10/2019 15:00,0.126
19/10/2019 16:00,0.113
19/10/2019 17:00,0.107
19/10/2019 18:00,0.11
19/10/2019 19:00,0.101
19/10/2019 20:00,0.083
19/10/2019 21:00,0.075
19/10/2019 22:00,0.083
19/10/2019 23:00,0.095
20/10/2019 00:00,0.093
20/10/2019 01:00,0.076
20/10/2019 02:00,0.049
20/10/2019 03:00,0.026
20/10/2019 04:00,0.011
20/10/2019 05:00,0.007
20/10/2019 06:00,0.007
20/10/2019 07:00,0.005
20/10/2019 08:00,0.006
20/10/2019 09:00,0.01
20/10/2019 10:00,0.026
20/10/2019 11:00,0.05
20/10/2019 12:00,0.071
20/10/2019 13:00,0.091
20/10/2019 14:00,0.117
20/10/2019 15:00,0.135
20/10/2019 16:00,0.137
20/10/2019 17:00,0.124
20/10/2019 18:00,0.139
20/10/2019 19:00,0.155
20/10/2019 20:00,0.152
20/10/2019 21:00,0.152
20/10/2019 22:00,0.141
20/10/2019 23:00,0.118
21/10/2019 00:00,0.092
21/10/2019 01:00,0.061
21/10/2019 02:00,0.037
21/10/2019 03:00,0.021
21/10/2019 04:00,0.01
21/10/2019 05:00,0.006
21/10/2019 06:00,0.005
21/10/2019 07:00,0.001
21/10/2019 08:00,0.001
21/10/2019 09:00,0.006
21/10/2019 10:00,0.011
21/10/2019 11:00,0.021
21/10/2019 12:00,0.033
21/10/2019 13:00,0.045
21/10/2019 14:00,0.05
21/10/2019 15:00,0.036
21/10/2019 16:00,0.017
21/10/2019 17:00,0.007
21/10/2019 18:00,0.004
21/10/2019 19:00,0.005
21/10/2019 20:00,0.006
21/10/2019 21:00,0.006
21/10/2019 22:00,0.005
21/10/2019 23:00,0.007
22/10/2019 00:00,0.015
22/10/2019 01:00,0.032
22/10/2019 02:00,0.051
22/10/2019 03:00,0.059
22/10/2019 04:00,0.049
22/10/2019 05:00,0.026
22/10/2019 06:00,0.007
22/10/2019 07:00,0.0
22/10/2019 08:00,0.005
22/10/2019 09:00,0.013
22/10/2019 10:00,0.015
22/10/2019 11:00,0.017
22/10/2019 12:00,0.02
22/10/2019 13:00,0.025
22/10/2019 14:00,0.03
22/10/2019 15:00,0.035
22/10/2019 16:00,0.036
22/10/2019 17:00,0.035
22/10/2019 18:00,0.028
22/10/2019 19:00,0.017
22/10/2019 20:00,0.011
22/10/2019 21:00,0.009
22/10/2019 22:00,0.014
22/10/2019 23:00,0.023
23/10/2019 00:00,0.04
23/10/2019 01:00,0.057
23/10/2019 02:00,0.055
23/10/2019 03:00,0.04
23/10/2019 04:00,0.019
23/10/2019 05:00,0.004
23/10/2019 06:00,0.001
23/10/2019 07:00,0.0
23/10/2019 08:00,0.013
23/10/2019 09:00,0.023
23/10/2019 10:00,0.026
23/10/2019 11:00,0.028
23/10/2019 12:00,0.034
23/10/2019 13:00,0.035
23/10/2019 14:00,0.031
23/10/2019 15:00,0.025
23/10/2019 16:00,0.018
23/10/2019 17:00,0.015
23/10/2019 18:00,0.009
23/10/2019 19:00,0.009
23/10/2019 20:00,0.033
23/10/2019 21:00,0.103
23/10/2019 22:00,0.157
23/10/2019 23:00,0.142
24/10/2019 00:00,0.079
24/10/2019 01:00,0.046
24/10/2019 02:00,0.055
24/10/2019 03:00,0.08
24/10/2019 04:00,0.08
24/10/2019 05:00,0.06
24/10/2019 06:00,0.03
24/10/2019 07:00,0.01
24/10/2019 08:00,0.032
24/10/2019 09:00,0.074
24/10/2019 10:00,0.084
24/10/2019 11:00,0.079
24/10/2019 12:00,0.068
24/10/2019 13:00,0.055
24/10/2019 14:00,0.042
24/10/2019 15:00,0.027
24/10/2019 16:00,0.013
24/10/2019 17:00,0.005
24/10/2019 18:00,0.001
24/10/2019 19:00,0.0
24/10/2019 20:00,0.0
24/10/2019 21:00,0.002
24/10/2019 22:00,0.004
24/10/2019 23:00,0.005
25/10/2019 00:00,0.004
25/10/2019 01:00,0.003
25/10/2019 02:00,0.002
25/10/2019 03:00,0.001
25/10/2019 04:00,0.0
25/10/2019 05:00,0.0
25/10/2019 06:00,0.001
25/10/2019 07:00,0.004
25/10/2019 08:00,0.021
25/10/2019 09:00,0.044
25/10/2019 10:00,0.072
25/10/2019 11:00,0.096
25/10/2019 12:00,0.113
25/10/2019 13:00,0.112
25/10/2019 14:00,0.103
25/10/2019 15:00,0.092
25/10/2019 16:00,0.075
25/10/2019 17:00,0.071
25/10/2019 18:00,0.091
25/10/2019 19:00,0.136
25/10/2019 20:00,0.159
25/10/2019 21:00,0.151
25/10/2019 22:00,0.123
25/10/2019 23:00,0.114
26/10/2019 00:00,0.133
26/10/2019 01:00,0.173
26/10/2019 02:00,0.247
26/10/2019 03:00,0.27
26/10/2019 04:00,0.165
26/10/2019 05:00,0.084
26/10/2019 06:00,0.062
26/10/2019 07:00,0.047
26/10/2019 08:00,0.044
26/10/2019 09:00,0.066
26/10/2019 10:00,0.087
26/10/2019 11:00,0.093
26/10/2019 12:00,0.093
26/10/2019 13:00,0.078
26/10/2019 14:00,0.059
26/10/2019 15:00,0.039
26/10/2019 16:00,0.029
26/10/2019 17:00,0.021
26/10/2019 18:00,0.025
26/10/2019 19:00,0.033
26/10/2019 20:00,0.038
26/10/2019 21:00,0.04
26/10/2019 22:00,0.041
26/10/2019 23:00,0.043
27/10/2019 00:00,0.037
27/10/2019 01:00,0.011
27/10/2019 02:00,0.001
27/10/2019 03:00,0.0
27/10/2019 04:00,0.002
27/10/2019 05:00,0.008
27/10/2019 06:00,0.02
27/10/2019 07:00,0.024
27/10/2019 08:00,0.02
27/10/2019 09:00,0.012
27/10/2019 10:00,0.002
27/10/2019 11:00,0.0
27/10/2019 12:00,0.001
27/10/2019 13:00,0.004
27/10/2019 14:00,0.006
27/10/2019 15:00,0.009
27/10/2019 16:00,0.008
27/10/2019 17:00,0.003
27/10/2019 18:00,0.0
27/10/2019 19:00,0.0
27/10/2019 20:00,0.0
27/10/2019 21:00,0.001
27/10/2019 22:00,0.012
27/10/2019 23:00,0.055
28/10/2019 00:00,0.126
28/10/2019 01:00,0.22
28/10/2019 02:00,0.311
28/10/2019 03:00,0.337
28/10/2019 04:00,0.264
28/10/2019 05:00,0.179
28/10/2019 06:00,0.133
28/10/2019 07:00,0.103
28/10/2019 08:00,0.109
28/10/2019 09:00,0.145
28/10/2019 10:00,0.145
28/10/2019 11:00,0.126
28/10/2019 12:00,0.106
28/10/2019 13:00,0.087
28/10/2019 14:00,0.069
28/10/2019 15:00,0.055
28/10/2019 16:00,0.046
28/10/2019 17:00,0.051
28/10/2019 18:00,0.079
28/10/2019 19:00,0.122
28/10/2019 20:00,0.164
28/10/2019 21:00,0.196
28/10/2019 22:00,0.214
28/10/2019 23:00,0.217
29/10/2019 00:00,0.208
29/10/2019 01:00,0.186
29/10/2019 02:00,0.157
29/10/2019 03:00,0.119
29/10/2019 04:00,0.08
29/10/2019 05:00,0.064
29/10/2019 06:00,0.066
29/10/2019 07:00,0.041
29/10/2019 08:00,0.035
29/10/2019 09:00,0.018
29/10/2019 10:00,0.009
29/10/2019 11:00,0.007
29/10/2019 12:00,0.011
29/10/2019 13:00,0.018
29/10/2019 14:00,0.027
29/10/2019 15:00,0.034
29/10/2019 16:00,0.041
29/10/2019 17:00,0.05
29/10/2019 18:00,0.059
29/10/2019 19:00,0.076
29/10/2019 20:00,0.107
29/10/2019 21:00,0.159
29/10/2019 22:00,0.225
29/10/2019 23:00,0.281
30/10/2019 00:00,0.307
30/10/2019 01:00,0.28
30/10/2019 02:00,0.21
30/10/2019 03:00,0.133
30/10/2019 04:00,0.088
30/10/2019 05:00,0.082
30/10/2019 06:00,0.078
30/10/2019 07:00,0.045
30/10/2019 08:00,0.03
30/10/2019 09:00,0.085
30/10/2019 10:00,0.123
30/10/2019 11:00,0.147
30/10/2019 12:00,0.152
30/10/2019 13:00,0.134
30/10/2019 14:00,0.106
30/10/2019 15:00,0.079
30/10/2019 16:00,0.058
30/10/2019 17:00,0.042
30/10/2019 18:00,0.019
30/10/2019 19:00,0.005
30/10/2019 20:00,0.0
30/10/2019 21:00,0.0
30/10/2019 22:00,0.0
30/10/2019 23:00,0.003
31/10/2019 00:00,0.009
31/10/2019 01:00,0.019
31/10/2019 02:00,0.037
31/10/2019 03:00,0.068
31/10/2019 04:00,0.123
31/10/2019 05:00,0.192
31/10/2019 06:00,0.184
31/10/2019 07:00,0.069
31/10/2019 08:00,0.024
31/10/2019 09:00,0.04
31/10/2019 10:00,0.034
31/10/2019 11:00,0.022
31/10/2019 12:00,0.016
31/10/2019 13:00,0.013
31/10/2019 14:00,0.01
31/10/2019 15:00,0.006
31/10/2019 16:00,0.004
31/10/2019 17:00,0.003
31/10/2019 18:00,0.008
31/10/2019 19:00,0.01
31/10/2019 20:00,0.007
31/10/2019 21:00,0.007
31/10/2019 22:00,0.012
31/10/2019 23:00,0.022
01/11/2019 00:00,0.035
01/11/2019 01:00,0.045
01/11/2019 02:00,0.053
01/11/2019 03:00,0.048
01/11/2019 04:00,0.035
01/11/2019 05:00,0.017
01/11/2019 06:00,0.005
01/11/2019 07:00,0.0
01/11/2019 08:00,0.0
01/11/2019 09:00,0.017
01/11/2019 10:00,0.052
01/11/2019 11:00,0.075
01/11/2019 12:00,0.082
01/11/2019 13:00,0.072
01/11/2019 14:00,0.057
01/11/2019 15:00,0.043
01/11/2019 16:00,0.029
01/11/2019 17:00,0.021
01/11/2019 18:00,0.015
01/11/2019 19:00,0.008
01/11/2019 20:00,0.006
01/11/2019 21:00,0.011
01/11/2019 22:00,0.039
01/11/2019 23:00,0.099
02/11/2019 00:00,0.182
02/11/2019 01:00,0.274
02/11/2019 02:00,0.338
02/11/2019 03:00,0.312
02/11/2019 04:00,0.233
02/11/2019 05:00,0.189
02/11/2019 06:00,0.148
02/11/2019 07:00,0.078
02/11/2019 08:00,0.057
02/11/2019 09:00,0.107
02/11/2019 10:00,0.089
02/11/2019 11:00,0.068
02/11/2019 12:00,0.048
02/11/2019 13:00,0.032
02/11/2019 14:00,0.016
02/11/2019 15:00,0.005
02/11/2019 16:00,0.001
02/11/2019 17:00,0.0
02/11/2019 18:00,0.0
02/11/2019 19:00,0.0
02/11/2019 20:00,0.003
02/11/2019 21:00,0.013
02/11/2019 22:00,0.033
02/11/2019 23:00,0.06
03/11/2019 00:00,0.089
03/11/2019 01:00,0.106
03/11/2019 02:00,0.1
03/11/2019 03:00,0.078
03/11/2019 04:00,0.044
03/11/2019 05:00,0.01
03/11/2019 06:00,0.001
03/11/2019 07:00,0.0
03/11/2019 08:00,0.002
03/11/2019 09:00,0.012
03/11/2019 10:00,0.02
03/11/2019 11:00,0.032
03/11/2019 12:00,0.041
03/11/2019 13:00,0.047
03/11/2019 14:00,0.046
03/11/2019 15:00,0.044
03/11/2019 16:00,0.049
03/11/2019 17:00,0.059
03/11/2019 18:00,0.057
03/11/2019 19:00,0.054
03/11/2019 20:00,0.055
03/11/2019 21:00,0.064
03/11/2019 22:00,0.077
03/11/2019 23:00,0.089
04/11/2019 00:00,0.102
04/11/2019 01:00,0.12
04/11/2019 02:00,0.14
04/11/2019 03:00,0.167
04/11/2019 04:00,0.194
04/11/2019 05:00,0.216
04/11/2019 06:00,0.227
04/11/2019 07:00,0.179
04/11/2019 08:00,0.085
04/11/2019 09:00,0.107
04/11/2019 10:00,0.153
04/11/2019 11:00,0.185
04/11/2019 12:00,0.201
04/11/2019 13:00,0.209
04/11/2019 14:00,0.208
04/11/2019 15:00,0.197
04/11/2019 16:00,0.161
04/11/2019 17:00,0.111
04/11/2019 18:00,0.066
04/11/2019 19:00,0.054
04/11/2019 20:00,0.077
04/11/2019 21:00,0.129
04/11/2019 22:00,0.192
04/11/2019 23:00,0.245
05/11/2019 00:00,0.276
05/11/2019 01:00,0.285
05/11/2019 02:00,0.288
05/11/2019 03:00,0.295
05/11/2019 04:00,0.289
05/11/2019 05:00,0.254
05/11/2019 06:00,0.227
05/11/2019 07:00,0.172
05/11/2019 08:00,0.078
05/11/2019 09:00,0.087
05/11/2019 10:00,0.108
05/11/2019 11:00,0.109
05/11/2019 12:00,0.101
05/11/2019 13:00,0.084
05/11/2019 14:00,0.063
05/11/2019 15:00,0.047
05/11/2019 16:00,0.039
05/11/2019 17:00,0.035
05/11/2019 18:00,0.025
05/11/2019 19:00,0.017
05/11/2019 20:00,0.018
05/11/2019 21:00,0.027
05/11/2019 22:00,0.043
05/11/2019 23:00,0.062
06/11/2019 00:00,0.078
06/11/2019 01:00,0.084
06/11/2019 02:00,0.084
06/11/2019 03:00,0.079
06/11/2019 04:00,0.066
06/11/2019 05:00,0.048
06/11/2019 06:00,0.031
06/11/2019 07:00,0.008
06/11/2019 08:00,0.0
06/11/2019 09:00,0.009
06/11/2019 10:00,0.024
06/11/2019 11:00,0.042
06/11/2019 12:00,0.051
06/11/2019 13:00,0.049
06/11/2019 14:00,0.041
06/11/2019 15:00,0.031
06/11/2019 16:00,0.024
06/11/2019 17:00,0.02
06/11/2019 18:00,0.012
06/11/2019 19:00,0.005
06/11/2019 20:00,0.002
06/11/2019 21:00,0.004
06/11/2019 22:00,0.012
06/11/2019 23:00,0.03
07/11/2019 00:00,0.055
07/11/2019 01:00,0.082
07/11/2019 02:00,0.106
07/11/2019 03:00,0.133
07/11/2019 04:00,0.163
07/11/2019 05:00,0.177
07/11/2019 06:00,0.125
07/11/2019 07:00,0.048
07/11/2019 08:00,0.008
07/11/2019 09:00,0.036
07/11/2019 10:00,0.047
07/11/2019 11:00,0.049
07/11/2019 12:00,0.045
07/11/2019 13:00,0.039
07/11/2019 14:00,0.036
07/11/2019 15:00,0.035
07/11/2019 16:00,0.034
07/11/2019 17:00,0.032
07/11/2019 18:00,0.024
07/11/2019 19:00,0.015
07/11/2019 20:00,0.015
07/11/2019 21:00,0.024
07/11/2019 22:00,0.047
07/11/2019 23:00,0.076
08/11/2019 00:00,0.102
08/11/2019 01:00,0.122
08/11/2019 02:00,0.138
08/11/2019 03:00,0.15
08/11/2019 04:00,0.157
08/11/2019 05:00,0.163
08/11/2019 06:00,0.179
08/11/2019 07:00,0.17
08/11/2019 08:00,0.107
08/11/2019 09:00,0.194
08/11/2019 10:00,0.264
08/11/2019 11:00,0.291
08/11/2019 12:00,0.279
08/11/2019 13:00,0.249
08/11/2019 14:00,0.214
08/11/2019 15:00,0.184
08/11/2019 16:00,0.168
08/11/2019 17:00,0.142
08/11/2019 18:00,0.138
08/11/2019 19:00,0.167
08/11/2019 20:00,0.233
08/11/2019 21:00,0.328
08/11/2019 22:00,0.428
08/11/2019 23:00,0.505
09/11/2019 00:00,0.549
09/11/2019 01:00,0.56
09/11/2019 02:00,0.55
09/11/2019 03:00,0.523
09/11/2019 04:00,0.486
09/11/2019 05:00,0.457
09/11/2019 06:00,0.446
09/11/2019 07:00,0.388
09/11/2019 08:00,0.219
09/11/2019 09:00,0.279
09/11/2019 10:00,0.389
09/11/2019 11:00,0.433
09/11/2019 12:00,0.436
09/11/2019 13:00,0.413
09/11/2019 14:00,0.377
09/11/2019 15:00,0.335
09/11/2019 16:00,0.284
09/11/2019 17:00,0.233
09/11/2019 18:00,0.272
09/11/2019 19:00,0.38
09/11/2019 20:00,0.425
09/11/2019 21:00,0.403
09/11/2019 22:00,0.395
09/11/2019 23:00,0.4
10/11/2019 00:00,0.401
10/11/2019 01:00,0.368
10/11/2019 02:00,0.329
10/11/2019 03:00,0.296
10/11/2019 04:00,0.288
10/11/2019 05:00,0.291
10/11/2019 06:00,0.243
10/11/2019 07:00,0.181
10/11/2019 08:00,0.112
10/11/2019 09:00,0.125
10/11/2019 10:00,0.132
10/11/2019 11:00,0.125
10/11/2019 12:00,0.105
10/11/2019 13:00,0.076
10/11/2019 14:00,0.046
10/11/2019 15:00,0.028
10/11/2019 16:00,0.019
10/11/2019 17:00,0.021
10/11/2019 18:00,0.041
10/11/2019 19:00,0.04
10/11/2019 20:00,0.025
10/11/2019 21:00,0.016
10/11/2019 22:00,0.017
10/11/2019 23:00,0.022
11/11/2019 00:00,0.031
11/11/2019 01:00,0.041
11/11/2019 02:00,0.042
11/11/2019 03:00,0.034
11/11/2019 04:00,0.019
11/11/2019 05:00,0.006
11/11/2019 06:00,0.001
11/11/2019 07:00,0.0
11/11/2019 08:00,0.0
11/11/2019 09:00,0.0
11/11/2019 10:00,0.0
11/11/2019 11:00,0.002
11/11/2019 12:00,0.005
11/11/2019 13:00,0.009
11/11/2019 14:00,0.014
11/11/2019 15:00,0.021
11/11/2019 16:00,0.021
11/11/2019 17:00,0.014
11/11/2019 18:00,0.008
11/11/2019 19:00,0.001
11/11/2019 20:00,0.0
11/11/2019 21:00,0.0
11/11/2019 22:00,0.0
11/11/2019 23:00,0.001
12/11/2019 00:00,0.006
12/11/2019 01:00,0.022
12/11/2019 02:00,0.04
12/11/2019 03:00,0.05
12/11/2019 04:00,0.058
12/11/2019 05:00,0.06
12/11/2019 06:00,0.05
12/11/2019 07:00,0.027
12/11/2019 08:00,0.007
12/11/2019 09:00,0.004
12/11/2019 10:00,0.007
12/11/2019 11:00,0.009
12/11/2019 12:00,0.009
12/11/2019 13:00,0.014
12/11/2019 14:00,0.025
12/11/2019 15:00,0.039
12/11/2019 16:00,0.057
12/11/2019 17:00,0.071
12/11/2019 18:00,0.084
12/11/2019 19:00,0.072
12/11/2019 20:00,0.058
12/11/2019 21:00,0.055
12/11/2019 22:00,0.069
12/11/2019 23:00,0.089
13/11/2019 00:00,0.104
13/11/2019 01:00,0.111
13/11/2019 02:00,0.108
13/11/2019 03:00,0.1
13/11/2019 04:00,0.086
13/11/2019 05:00,0.062
13/11/2019 06:00,0.033
13/11/2019 07:00,0.01
13/11/2019 08:00,0.0
13/11/2019 09:00,0.0
13/11/2019 10:00,0.004
13/11/2019 11:00,0.018
13/11/2019 12:00,0.034
13/11/2019 13:00,0.047
13/11/2019 14:00,0.054
13/11/2019 15:00,0.059
13/11/2019 16:00,0.063
13/11/2019 17:00,0.057
13/11/2019 18:00,0.038
13/11/2019 19:00,0.02
13/11/2019 20:00,0.032
13/11/2019 21:00,0.116
13/11/2019 22:00,0.254
13/11/2019 23:00,0.267
14/11/2019 00:00,0.177
14/11/2019 01:00,0.156
14/11/2019 02:00,0.225
14/11/2019 03:00,0.305
14/11/2019 04:00,0.348
14/11/2019 05:00,0.376
14/11/2019 06:00,0.401
14/11/2019 07:00,0.361
14/11/2019 08:00,0.227
14/11/2019 09:00,0.24
14/11/2019 10:00,0.246
14/11/2019 11:00,0.227
14/11/2019 12:00,0.21
14/11/2019 13:00,0.19
14/11/2019 14:00,0.163
14/11/2019 15:00,0.14
14/11/2019 16:00,0.131
14/11/2019 17:00,0.108
14/11/2019 18:00,0.088
14/11/2019 19:00,0.079
14/11/2019 20:00,0.081
14/11/2019 21:00,0.093
14/11/2019 22:00,0.102
14/11/2019 23:00,0.101
15/11/2019 00:00,0.093
15/11/2019 01:00,0.082
15/11/2019 02:00,0.068
15/11/2019 03:00,0.059
15/11/2019 04:00,0.061
15/11/2019 05:00,0.069
15/11/2019 06:00,0.078
15/11/2019 07:00,0.07
15/11/2019 08:00,0.052
15/11/2019 09:00,0.113
15/11/2019 10:00,0.155
15/11/2019 11:00,0.164
15/11/2019 12:00,0.159
15/11/2019 13:00,0.15
15/11/2019 14:00,0.133
15/11/2019 15:00,0.118
15/11/2019 16:00,0.101
15/11/2019 17:00,0.076
15/11/2019 18:00,0.039
15/11/2019 19:00,0.022
15/11/2019 20:00,0.035
15/11/2019 21:00,0.079
15/11/2019 22:00,0.127
15/11/2019 23:00,0.151
16/11/2019 00:00,0.147
16/11/2019 01:00,0.132
16/11/2019 02:00,0.117
16/11/2019 03:00,0.112
16/11/2019 04:00,0.12
16/11/2019 05:00,0.139
16/11/2019 06:00,0.164
16/11/2019 07:00,0.144
16/11/2019 08:00,0.071
16/11/2019 09:00,0.096
16/11/2019 10:00,0.113
16/11/2019 11:00,0.118
16/11/2019 12:00,0.115
16/11/2019 13:00,0.11
16/11/2019 14:00,0.102
16/11/2019 15:00,0.097
16/11/2019 16:00,0.078
16/11/2019 17:00,0.055
16/11/2019 18:00,0.032
16/11/2019 19:00,0.029
16/11/2019 20:00,0.05
16/11/2019 21:00,0.101
16/11/2019 22:00,0.175
16/11/2019 23:00,0.226
17/11/2019 00:00,0.243
17/11/2019 01:00,0.252
17/11/2019 02:00,0.272
17/11/2019 03:00,0.309
17/11/2019 04:00,0.321
17/11/2019 05:00,0.302
17/11/2019 06:00,0.278
17/11/2019 07:00,0.205
17/11/2019 08:00,0.057
17/11/2019 09:00,0.022
17/11/2019 10:00,0.041
17/11/2019 11:00,0.06
17/11/2019 12:00,0.073
17/11/2019 13:00,0.082
17/11/2019 14:00,0.085
17/11/2019 15:00,0.085
17/11/2019 16:00,0.074
17/11/2019 17:00,0.054
17/11/2019 18:00,0.03
17/11/2019 19:00,0.008
17/11/2019 20:00,0.002
17/11/2019 21:00,0.007
17/11/2019 22:00,0.03
17/11/2019 23:00,0.058
18/11/2019 00:00,0.076
18/11/2019 01:00,0.082
18/11/2019 02:00,0.082
18/11/2019 03:00,0.085
18/11/2019 04:00,0.089
18/11/2019 05:00,0.09
18/11/2019 06:00,0.078
18/11/2019 07:00,0.052
18/11/2019 08:00,0.007
18/11/2019 09:00,0.03
18/11/2019 10:00,0.042
18/11/2019 11:00,0.052
18/11/2019 12:00,0.049
18/11/2019 13:00,0.04
18/11/2019 14:00,0.03
18/11/2019 15:00,0.024
18/11/2019 16:00,0.019
18/11/2019 17:00,0.015
18/11/2019 18:00,0.008
18/11/2019 19:00,0.004
18/11/2019 20:00,0.003
18/11/2019 21:00,0.008
18/11/2019 22:00,0.022
18/11/2019 23:00,0.045
19/11/2019 00:00,0.064
19/11/2019 01:00,0.076
19/11/2019 02:00,0.076
19/11/2019 03:00,0.07
19/11/2019 04:00,0.055
19/11/2019 05:00,0.04
19/11/2019 06:00,0.041
19/11/2019 07:00,0.039
19/11/2019 08:00,0.026
19/11/2019 09:00,0.063
19/11/2019 10:00,0.087
19/11/2019 11:00,0.095
19/11/2019 12:00,0.083
19/11/2019 13:00,0.063
19/11/2019 14:00,0.046
19/11/2019 15:00,0.035
19/11/2019 16:00,0.03
19/11/2019 17:00,0.026
19/11/2019 18:00,0.012
19/11/2019 19:00,0.002
19/11/2019 20:00,0.0
19/11/2019 21:00,0.0
19/11/2019 22:00,0.002
19/11/2019 23:00,0.014
20/11/2019 00:00,0.037
20/11/2019 01:00,0.063
20/11/2019 02:00,0.086
20/11/2019 03:00,0.093
20/11/2019 04:00,0.092
20/11/2019 05:00,0.085
20/11/2019 06:00,0.076
20/11/2019 07:00,0.061
20/11/2019 08:00,0.026
20/11/2019 09:00,0.048
20/11/2019 10:00,0.095
20/11/2019 11:00,0.133
20/11/2019 12:00,0.148
20/11/2019 13:00,0.151
20/11/2019 14:00,0.147
20/11/2019 15:00,0.145
20/11/2019 16:00,0.146
20/11/2019 17:00,0.14
20/11/2019 18:00,0.141
20/11/2019 19:00,0.158
20/11/2019 20:00,0.209
20/11/2019 21:00,0.296
20/11/2019 22:00,0.371
20/11/2019 23:00,0.382
21/11/2019 00:00,0.335
21/11/2019 01:00,0.28
21/11/2019 02:00,0.263
21/11/2019 03:00,0.275
21/11/2019 04:00,0.296
21/11/2019 05:00,0.299
21/11/2019 06:00,0.288
21/11/2019 07:00,0.231
21/11/2019 08:00,0.13
21/11/2019 09:00,0.162
21/11/2019 10:00,0.169
21/11/2019 11:00,0.166
21/11/2019 12:00,0.163
21/11/2019 13:00,0.167
21/11/2019 14:00,0.171
21/11/2019 15:00,0.167
21/11/2019 16:00,0.149
21/11/2019 17:00,0.109
21/11/2019 18:00,0.061
21/11/2019 19:00,0.024
21/11/2019 20:00,0.006
21/11/2019 21:00,0.003
21/11/2019 22:00,0.008
21/11/2019 23:00,0.031
22/11/2019 00:00,0.073
22/11/2019 01:00,0.112
22/11/2019 02:00,0.14
22/11/2019 03:00,0.147
22/11/2019 04:00,0.129
22/11/2019 05:00,0.095
22/11/2019 06:00,0.063
22/11/2019 07:00,0.034
22/11/2019 08:00,0.023
22/11/2019 09:00,0.005
22/11/2019 10:00,0.001
22/11/2019 11:00,0.0
22/11/2019 12:00,0.0
22/11/2019 13:00,0.001
22/11/2019 14:00,0.005
22/11/2019 15:00,0.011
22/11/2019 16:00,0.026
22/11/2019 17:00,0.057
22/11/2019 18:00,0.094
22/11/2019 19:00,0.069
22/11/2019 20:00,0.026
22/11/2019 21:00,0.004
22/11/2019 22:00,0.001
22/11/2019 23:00,0.001
23/11/2019 00:00,0.006
23/11/2019 01:00,0.02
23/11/2019 02:00,0.035
23/11/2019 03:00,0.039
23/11/2019 04:00,0.03
23/11/2019 05:00,0.017
23/11/2019 06:00,0.008
23/11/2019 07:00,0.002
23/11/2019 08:00,0.0
23/11/2019 09:00,0.009
23/11/2019 10:00,0.03
23/11/2019 11:00,0.05
23/11/2019 12:00,0.066
23/11/2019 13:00,0.078
23/11/2019 14:00,0.084
23/11/2019 15:00,0.088
23/11/2019 16:00,0.094
23/11/2019 17:00,0.101
23/11/2019 18:00,0.119
23/11/2019 19:00,0.136
23/11/2019 20:00,0.159
23/11/2019 21:00,0.181
23/11/2019 22:00,0.18
23/11/2019 23:00,0.168
24/11/2019 00:00,0.157
24/11/2019 01:00,0.144
24/11/2019 02:00,0.129
24/11/2019 03:00,0.123
24/11/2019 04:00,0.128
24/11/2019 05:00,0.135
24/11/2019 06:00,0.139
24/11/2019 07:00,0.118
24/11/2019 08:00,0.044
24/11/2019 09:00,0.042
24/11/2019 10:00,0.042
24/11/2019 11:00,0.055
24/11/2019 12:00,0.072
24/11/2019 13:00,0.082
24/11/2019 14:00,0.086
24/11/2019 15:00,0.09
24/11/2019 16:00,0.096
24/11/2019 17:00,0.094
24/11/2019 18:00,0.083
24/11/2019 19:00,0.068
24/11/2019 20:00,0.067
24/11/2019 21:00,0.086
24/11/2019 22:00,0.123
24/11/2019 23:00,0.161
25/11/2019 00:00,0.175
25/11/2019 01:00,0.175
25/11/2019 02:00,0.179
25/11/2019 03:00,0.193
25/11/2019 04:00,0.208
25/11/2019 05:00,0.222
25/11/2019 06:00,0.234
25/11/2019 07:00,0.203
25/11/2019 08:00,0.119
25/11/2019 09:00,0.17
25/11/2019 10:00,0.205
25/11/2019 11:00,0.233
25/11/2019 12:00,0.246
25/11/2019 13:00,0.257
25/11/2019 14:00,0.265
25/11/2019 15:00,0.271
25/11/2019 16:00,0.245
25/11/2019 17:00,0.202
25/11/2019 18:00,0.199
25/11/2019 19:00,0.189
25/11/2019 20:00,0.159
25/11/2019 21:00,0.112
25/11/2019 22:00,0.072
25/11/2019 23:00,0.054
26/11/2019 00:00,0.055
26/11/2019 01:00,0.072
26/11/2019 02:00,0.099
26/11/2019 03:00,0.125
26/11/2019 04:00,0.146
26/11/2019 05:00,0.16
26/11/2019 06:00,0.175
26/11/2019 07:00,0.172
26/11/2019 08:00,0.112
26/11/2019 09:00,0.139
26/11/2019 10:00,0.168
26/11/2019 11:00,0.187
26/11/2019 12:00,0.201
26/11/2019 13:00,0.205
26/11/2019 14:00,0.202
26/11/2019 15:00,0.196
26/11/2019 16:00,0.191
26/11/2019 17:00,0.198
26/11/2019 18:00,0.213
26/11/2019 19:00,0.194
26/11/2019 20:00,0.155
26/11/2019 21:00,0.122
26/11/2019 22:00,0.103
26/11/2019 23:00,0.102
27/11/2019 00:00,0.122
27/11/2019 01:00,0.157
27/11/2019 02:00,0.212
27/11/2019 03:00,0.28
27/11/2019 04:00,0.337
27/11/2019 05:00,0.364
27/11/2019 06:00,0.37
27/11/2019 07:00,0.323
27/11/2019 08:00,0.164
27/11/2019 09:00,0.161
27/11/2019 10:00,0.179
27/11/2019 11:00,0.183
27/11/2019 12:00,0.195
27/11/2019 13:00,0.208
27/11/2019 14:00,0.224
27/11/2019 15:00,0.246
27/11/2019 16:00,0.27
27/11/2019 17:00,0.273
27/11/2019 18:00,0.305
27/11/2019 19:00,0.294
27/11/2019 20:00,0.259
27/11/2019 21:00,0.24
27/11/2019 22:00,0.223
27/11/2019 23:00,0.223
28/11/2019 00:00,0.241
28/11/2019 01:00,0.261
28/11/2019 02:00,0.275
28/11/2019 03:00,0.284
28/11/2019 04:00,0.3
28/11/2019 05:00,0.316
28/11/2019 06:00,0.332
28/11/2019 07:00,0.3
28/11/2019 08:00,0.156
28/11/2019 09:00,0.176
28/11/2019 10:00,0.23
28/11/2019 11:00,0.244
28/11/2019 12:00,0.242
28/11/2019 13:00,0.233
28/11/2019 14:00,0.225
28/11/2019 15:00,0.219
28/11/2019 16:00,0.223
28/11/2019 17:00,0.213
28/11/2019 18:00,0.22
28/11/2019 19:00,0.231
28/11/2019 20:00,0.26
28/11/2019 21:00,0.294
28/11/2019 22:00,0.32
28/11/2019 23:00,0.337
29/11/2019 00:00,0.355
29/11/2019 01:00,0.379
29/11/2019 02:00,0.42
29/11/2019 03:00,0.476
29/11/2019 04:00,0.525
29/11/2019 05:00,0.56
29/11/2019 06:00,0.583
29/11/2019 07:00,0.498
29/11/2019 08:00,0.261
29/11/2019 09:00,0.277
29/11/2019 10:00,0.267
29/11/2019 11:00,0.231
29/11/2019 12:00,0.212
29/11/2019 13:00,0.193
29/11/2019 14:00,0.176
29/11/2019 15:00,0.162
29/11/2019 16:00,0.166
29/11/2019 17:00,0.176
29/11/2019 18:00,0.201
29/11/2019 19:00,0.244
29/11/2019 20:00,0.308
29/11/2019 21:00,0.378
29/11/2019 22:00,0.434
29/11/2019 23:00,0.479
30/11/2019 00:00,0.53
30/11/2019 01:00,0.595
30/11/2019 02:00,0.666
30/11/2019 03:00,0.71
30/11/2019 04:00,0.724
30/11/2019 05:00,0.746
30/11/2019 06:00,0.77
30/11/2019 07:00,0.698
30/11/2019 08:00,0.508
30/11/2019 09:00,0.618
30/11/2019 10:00,0.705
30/11/2019 11:00,0.666
30/11/2019 12:00,0.593
30/11/2019 13:00,0.501
30/11/2019 14:00,0.404
30/11/2019 15:00,0.337
30/11/2019 16:00,0.283
30/11/2019 17:00,0.244
30/11/2019 18:00,0.259
30/11/2019 19:00,0.293
30/11/2019 20:00,0.34
30/11/2019 21:00,0.381
30/11/2019 22:00,0.414
30/11/2019 23:00,0.447
01/12/2019 00:00,0.488
01/12/2019 01:00,0.544
01/12/2019 02:00,0.612
01/12/2019 03:00,0.666
01/12/2019 04:00,0.684
01/12/2019 05:00,0.686
01/12/2019 06:00,0.69
01/12/2019 07:00,0.599
01/12/2019 08:00,0.415
01/12/2019 09:00,0.486
01/12/2019 10:00,0.558
01/12/2019 11:00,0.498
01/12/2019 12:00,0.423
01/12/2019 13:00,0.362
01/12/2019 14:00,0.323
01/12/2019 15:00,0.305
01/12/2019 16:00,0.284
01/12/2019 17:00,0.272
01/12/2019 18:00,0.321
01/12/2019 19:00,0.384
01/12/2019 20:00,0.448
01/12/2019 21:00,0.471
01/12/2019 22:00,0.473
01/12/2019 23:00,0.471
02/12/2019 00:00,0.48
02/12/2019 01:00,0.501
02/12/2019 02:00,0.528
02/12/2019 03:00,0.554
02/12/2019 04:00,0.556
02/12/2019 05:00,0.55
02/12/2019 06:00,0.545
02/12/2019 07:00,0.467
02/12/2019 08:00,0.283
02/12/2019 09:00,0.282
02/12/2019 10:00,0.254
02/12/2019 11:00,0.218
02/12/2019 12:00,0.182
02/12/2019 13:00,0.157
02/12/2019 14:00,0.146
02/12/2019 15:00,0.155
02/12/2019 16:00,0.171
02/12/2019 17:00,0.199
02/12/2019 18:00,0.266
02/12/2019 19:00,0.32
02/12/2019 20:00,0.318
02/12/2019 21:00,0.29
02/12/2019 22:00,0.273
02/12/2019 23:00,0.272
03/12/2019 00:00,0.293
03/12/2019 01:00,0.334
03/12/2019 02:00,0.412
03/12/2019 03:00,0.502
03/12/2019 04:00,0.571
03/12/2019 05:00,0.604
03/12/2019 06:00,0.615
03/12/2019 07:00,0.529
03/12/2019 08:00,0.282
03/12/2019 09:00,0.264
03/12/2019 10:00,0.27
03/12/2019 11:00,0.197
03/12/2019 12:00,0.135
03/12/2019 13:00,0.093
03/12/2019 14:00,0.067
03/12/2019 15:00,0.056
03/12/2019 16:00,0.062
03/12/2019 17:00,0.086
03/12/2019 18:00,0.133
03/12/2019 19:00,0.184
03/12/2019 20:00,0.233
03/12/2019 21:00,0.274
03/12/2019 22:00,0.31
03/12/2019 23:00,0.343
04/12/2019 00:00,0.388
04/12/2019 01:00,0.444
04/12/2019 02:00,0.501
04/12/2019 03:00,0.553
04/12/2019 04:00,0.582
04/12/2019 05:00,0.597
04/12/2019 06:00,0.613
04/12/2019 07:00,0.54
04/12/2019 08:00,0.295
04/12/2019 09:00,0.219
04/12/2019 10:00,0.175
04/12/2019 11:00,0.127
04/12/2019 12:00,0.088
04/12/2019 13:00,0.061
04/12/2019 14:00,0.046
04/12/2019 15:00,0.043
04/12/2019 16:00,0.049
04/12/2019 17:00,0.074
04/12/2019 18:00,0.114
04/12/2019 19:00,0.133
04/12/2019 20:00,0.12
04/12/2019 21:00,0.101
04/12/2019 22:00,0.109
04/12/2019 23:00,0.146
05/12/2019 00:00,0.195
05/12/2019 01:00,0.258
05/12/2019 02:00,0.341
05/12/2019 03:00,0.422
05/12/2019 04:00,0.484
05/12/2019 05:00,0.531
05/12/2019 06:00,0.566
05/12/2019 07:00,0.502
05/12/2019 08:00,0.32
05/12/2019 09:00,0.346
05/12/2019 10:00,0.391
05/12/2019 11:00,0.394
05/12/2019 12:00,0.367
05/12/2019 13:00,0.337
05/12/2019 14:00,0.315
05/12/2019 15:00,0.301
05/12/2019 16:00,0.3
05/12/2019 17:00,0.334
05/12/2019 18:00,0.413
05/12/2019 19:00,0.441
05/12/2019 20:00,0.441
05/12/2019 21:00,0.436
05/12/2019 22:00,0.414
05/12/2019 23:00,0.395
06/12/2019 00:00,0.394
06/12/2019 01:00,0.413
06/12/2019 02:00,0.458
06/12/2019 03:00,0.523
06/12/2019 04:00,0.59
06/12/2019 05:00,0.626
06/12/2019 06:00,0.653
06/12/2019 07:00,0.574
06/12/2019 08:00,0.355
06/12/2019 09:00,0.339
06/12/2019 10:00,0.38
06/12/2019 11:00,0.391
06/12/2019 12:00,0.355
06/12/2019 13:00,0.31
06/12/2019 14:00,0.272
06/12/2019 15:00,0.255
06/12/2019 16:00,0.266
06/12/2019 17:00,0.316
06/12/2019 18:00,0.416
06/12/2019 19:00,0.48
06/12/2019 20:00,0.499
06/12/2019 21:00,0.493
06/12/2019 22:00,0.498
06/12/2019 23:00,0.527
07/12/2019 00:00,0.571
07/12/2019 01:00,0.635
07/12/2019 02:00,0.7
07/12/2019 03:00,0.744
07/12/2019 04:00,0.765
07/12/2019 05:00,0.771
07/12/2019 06:00,0.777
07/12/2019 07:00,0.702
07/12/2019 08:00,0.472
07/12/2019 09:00,0.454
07/12/2019 10:00,0.479
07/12/2019 11:00,0.435
07/12/2019 12:00,0.385
07/12/2019 13:00,0.345
07/12/2019 14:00,0.317
07/12/2019 15:00,0.307
07/12/2019 16:00,0.309
07/12/2019 17:00,0.337
07/12/2019 18:00,0.413
07/12/2019 19:00,0.447
07/12/2019 20:00,0.447
07/12/2019 21:00,0.422
07/12/2019 22:00,0.389
07/12/2019 23:00,0.375
08/12/2019 00:00,0.395
08/12/2019 01:00,0.452
08/12/2019 02:00,0.529
08/12/2019 03:00,0.596
08/12/2019 04:00,0.633
08/12/2019 05:00,0.666
08/12/2019 06:00,0.7
08/12/2019 07:00,0.642
08/12/2019 08:00,0.464
08/12/2019 09:00,0.483
08/12/2019 10:00,0.55
08/12/2019 11:00,0.543
08/12/2019 12:00,0.511
08/12/2019 13:00,0.47
08/12/2019 14:00,0.432
08/12/2019 15:00,0.414
08/12/2019 16:00,0.384
08/12/2019 17:00,0.361
08/12/2019 18:00,0.382
08/12/2019 19:00,0.379
08/12/2019 20:00,0.364
08/12/2019 21:00,0.346
08/12/2019 22:00,0.355
08/12/2019 23:00,0.41
09/12/2019 00:00,0.498
09/12/2019 01:00,0.59
09/12/2019 02:00,0.654
09/12/2019 03:00,0.684
09/12/2019 04:00,0.7
09/12/2019 05:00,0.713
09/12/2019 06:00,0.728
09/12/2019 07:00,0.654
09/12/2019 08:00,0.43
09/12/2019 09:00,0.391
09/12/2019 10:00,0.412
09/12/2019 11:00,0.377
09/12/2019 12:00,0.3
09/12/2019 13:00,0.228
09/12/2019 14:00,0.181
09/12/2019 15:00,0.16
09/12/2019 16:00,0.155
09/12/2019 17:00,0.175
09/12/2019 18:00,0.223
09/12/2019 19:00,0.264
09/12/2019 20:00,0.291
09/12/2019 21:00,0.304
09/12/2019 22:00,0.314
09/12/2019 23:00,0.328
10/12/2019 00:00,0.364
10/12/2019 01:00,0.444
10/12/2019 02:00,0.535
10/12/2019 03:00,0.605
10/12/2019 04:00,0.639
10/12/2019 05:00,0.65
10/12/2019 06:00,0.653
10/12/2019 07:00,0.553
10/12/2019 08:00,0.302
10/12/2019 09:00,0.259
10/12/2019 10:00,0.209
10/12/2019 11:00,0.153
10/12/2019 12:00,0.102
10/12/2019 13:00,0.07
10/12/2019 14:00,0.056
10/12/2019 15:00,0.056
10/12/2019 16:00,0.076
10/12/2019 17:00,0.143
10/12/2019 18:00,0.217
10/12/2019 19:00,0.233
10/12/2019 20:00,0.222
10/12/2019 21:00,0.211
10/12/2019 22:00,0.215
10/12/2019 23:00,0.23
11/12/2019 00:00,0.243
11/12/2019 01:00,0.264
11/12/2019 02:00,0.306
11/12/2019 03:00,0.367
11/12/2019 04:00,0.425
11/12/2019 05:00,0.459
11/12/2019 06:00,0.472
11/12/2019 07:00,0.405
11/12/2019 08:00,0.186
11/12/2019 09:00,0.136
11/12/2019 10:00,0.109
11/12/2019 11:00,0.082
11/12/2019 12:00,0.062
11/12/2019 13:00,0.052
11/12/2019 14:00,0.05
11/12/2019 15:00,0.056
11/12/2019 16:00,0.074
11/12/2019 17:00,0.14
11/12/2019 18:00,0.231
11/12/2019 19:00,0.274
11/12/2019 20:00,0.28
11/12/2019 21:00,0.297
11/12/2019 22:00,0.341
11/12/2019 23:00,0.413
12/12/2019 00:00,0.513
12/12/2019 01:00,0.63
12/12/2019 02:00,0.717
12/12/2019 03:00,0.756
12/12/2019 04:00,0.77
12/12/2019 05:00,0.775
12/12/2019 06:00,0.782
12/12/2019 07:00,0.692
12/12/2019 08:00,0.471
12/12/2019 09:00,0.706
12/12/2019 10:00,0.715
12/12/2019 11:00,0.61
12/12/2019 12:00,0.484
12/12/2019 13:00,0.378
12/12/2019 14:00,0.311
12/12/2019 15:00,0.271
12/12/2019 16:00,0.248
12/12/2019 17:00,0.26
12/12/2019 18:00,0.311
12/12/2019 19:00,0.361
12/12/2019 20:00,0.416
12/12/2019 21:00,0.471
12/12/2019 22:00,0.517
12/12/2019 23:00,0.571
13/12/2019 00:00,0.655
13/12/2019 01:00,0.746
13/12/2019 02:00,0.793
13/12/2019 03:00,0.814
13/12/2019 04:00,0.811
13/12/2019 05:00,0.803
13/12/2019 06:00,0.798
13/12/2019 07:00,0.705
13/12/2019 08:00,0.633
13/12/2019 09:00,0.735
13/12/2019 10:00,0.661
13/12/2019 11:00,0.55
13/12/2019 12:00,0.449
13/12/2019 13:00,0.379
13/12/2019 14:00,0.331
13/12/2019 15:00,0.305
13/12/2019 16:00,0.286
13/12/2019 17:00,0.315
13/12/2019 18:00,0.406
13/12/2019 19:00,0.476
13/12/2019 20:00,0.535
13/12/2019 21:00,0.583
13/12/2019 22:00,0.635
13/12/2019 23:00,0.689
14/12/2019 00:00,0.729
14/12/2019 01:00,0.748
14/12/2019 02:00,0.753
14/12/2019 03:00,0.755
14/12/2019 04:00,0.762
14/12/2019 05:00,0.766
14/12/2019 06:00,0.768
14/12/2019 07:00,0.682
14/12/2019 08:00,0.57
14/12/2019 09:00,0.695
14/12/2019 10:00,0.645
14/12/2019 11:00,0.533
14/12/2019 12:00,0.42
14/12/2019 13:00,0.337
14/12/2019 14:00,0.288
14/12/2019 15:00,0.271
14/12/2019 16:00,0.27
14/12/2019 17:00,0.316
14/12/2019 18:00,0.438
14/12/2019 19:00,0.528
14/12/2019 20:00,0.568
14/12/2019 21:00,0.59
14/12/2019 22:00,0.619
14/12/2019 23:00,0.669
15/12/2019 00:00,0.726
15/12/2019 01:00,0.759
15/12/2019 02:00,0.777
15/12/2019 03:00,0.782
15/12/2019 04:00,0.777
15/12/2019 05:00,0.772
15/12/2019 06:00,0.764
15/12/2019 07:00,0.656
15/12/2019 08:00,0.523
15/12/2019 09:00,0.632
15/12/2019 10:00,0.568
15/12/2019 11:00,0.481
15/12/2019 12:00,0.42
15/12/2019 13:00,0.379
15/12/2019 14:00,0.348
15/12/2019 15:00,0.335
15/12/2019 16:00,0.328
15/12/2019 17:00,0.352
15/12/2019 18:00,0.451
15/12/2019 19:00,0.528
15/12/2019 20:00,0.574
15/12/2019 21:00,0.601
15/12/2019 22:00,0.628
15/12/2019 23:00,0.667
16/12/2019 00:00,0.717
16/12/2019 01:00,0.756
16/12/2019 02:00,0.777
16/12/2019 03:00,0.791
16/12/2019 04:00,0.799
16/12/2019 05:00,0.806
16/12/2019 06:00,0.808
16/12/2019 07:00,0.724
16/12/2019 08:00,0.655
16/12/2019 09:00,0.764
16/12/2019 10:00,0.735
16/12/2019 11:00,0.656
16/12/2019 12:00,0.577
16/12/2019 13:00,0.516
16/12/2019 14:00,0.479
16/12/2019 15:00,0.46
16/12/2019 16:00,0.42
16/12/2019 17:00,0.383
16/12/2019 18:00,0.42
16/12/2019 19:00,0.454
16/12/2019 20:00,0.488
16/12/2019 21:00,0.522
16/12/2019 22:00,0.556
16/12/2019 23:00,0.586
17/12/2019 00:00,0.622
17/12/2019 01:00,0.674
17/12/2019 02:00,0.709
17/12/2019 03:00,0.72
17/12/2019 04:00,0.724
17/12/2019 05:00,0.727
17/12/2019 06:00,0.736
17/12/2019 07:00,0.637
17/12/2019 08:00,0.507
17/12/2019 09:00,0.566
17/12/2019 10:00,0.504
17/12/2019 11:00,0.388
17/12/2019 12:00,0.308
17/12/2019 13:00,0.272
17/12/2019 14:00,0.252
17/12/2019 15:00,0.26
17/12/2019 16:00,0.281
17/12/2019 17:00,0.307
17/12/2019 18:00,0.398
17/12/2019 19:00,0.476
17/12/2019 20:00,0.551
17/12/2019 21:00,0.597
17/12/2019 22:00,0.618
17/12/2019 23:00,0.636
18/12/2019 00:00,0.668
18/12/2019 01:00,0.707
18/12/2019 02:00,0.742
18/12/2019 03:00,0.768
18/12/2019 04:00,0.776
18/12/2019 05:00,0.775
18/12/2019 06:00,0.774
18/12/2019 07:00,0.682
18/12/2019 08:00,0.55
18/12/2019 09:00,0.619
18/12/2019 10:00,0.666
18/12/2019 11:00,0.669
18/12/2019 12:00,0.642
18/12/2019 13:00,0.613
18/12/2019 14:00,0.586
18/12/2019 15:00,0.562
18/12/2019 16:00,0.522
18/12/2019 17:00,0.481
18/12/2019 18:00,0.506
18/12/2019 19:00,0.461
18/12/2019 20:00,0.398
18/12/2019 21:00,0.343
18/12/2019 22:00,0.328
18/12/2019 23:00,0.37
19/12/2019 00:00,0.464
19/12/2019 01:00,0.586
19/12/2019 02:00,0.686
19/12/2019 03:00,0.739
19/12/2019 04:00,0.744
19/12/2019 05:00,0.736
19/12/2019 06:00,0.733
19/12/2019 07:00,0.628
19/12/2019 08:00,0.538
19/12/2019 09:00,0.682
19/12/2019 10:00,0.75
19/12/2019 11:00,0.767
19/12/2019 12:00,0.75
19/12/2019 13:00,0.72
19/12/2019 14:00,0.684
19/12/2019 15:00,0.656
19/12/2019 16:00,0.623
19/12/2019 17:00,0.586
19/12/2019 18:00,0.627
19/12/2019 19:00,0.596
19/12/2019 20:00,0.539
19/12/2019 21:00,0.5
19/12/2019 22:00,0.522
19/12/2019 23:00,0.604
20/12/2019 00:00,0.703
20/12/2019 01:00,0.766
20/12/2019 02:00,0.794
20/12/2019 03:00,0.791
20/12/2019 04:00,0.773
20/12/2019 05:00,0.766
20/12/2019 06:00,0.773
20/12/2019 07:00,0.687
20/12/2019 08:00,0.571
20/12/2019 09:00,0.692
20/12/2019 10:00,0.685
20/12/2019 11:00,0.642
20/12/2019 12:00,0.58
20/12/2019 13:00,0.504
20/12/2019 14:00,0.426
20/12/2019 15:00,0.367
20/12/2019 16:00,0.358
20/12/2019 17:00,0.42
20/12/2019 18:00,0.55
20/12/2019 19:00,0.609
20/12/2019 20:00,0.627
20/12/2019 21:00,0.635
20/12/2019 22:00,0.65
20/12/2019 23:00,0.672
21/12/2019 00:00,0.718
21/12/2019 01:00,0.757
21/12/2019 02:00,0.775
21/12/2019 03:00,0.78
21/12/2019 04:00,0.765
21/12/2019 05:00,0.753
21/12/2019 06:00,0.744
21/12/2019 07:00,0.625
21/12/2019 08:00,0.401
21/12/2019 09:00,0.508
21/12/2019 10:00,0.491
21/12/2019 11:00,0.422
21/12/2019 12:00,0.344
21/12/2019 13:00,0.286
21/12/2019 14:00,0.251
21/12/2019 15:00,0.249
21/12/2019 16:00,0.282
21/12/2019 17:00,0.391
21/12/2019 18:00,0.562
21/12/2019 19:00,0.657
21/12/2019 20:00,0.697
21/12/2019 21:00,0.696
21/12/2019 22:00,0.679
21/12/2019 23:00,0.679
22/12/2019 00:00,0.695
22/12/2019 01:00,0.712
22/12/2019 02:00,0.733
22/12/2019 03:00,0.756
22/12/2019 04:00,0.774
22/12/2019 05:00,0.792
22/12/2019 06:00,0.802
22/12/2019 07:00,0.725
22/12/2019 08:00,0.592
22/12/2019 09:00,0.703
22/12/2019 10:00,0.672
22/12/2019 11:00,0.61
22/12/2019 12:00,0.554
22/12/2019 13:00,0.512
22/12/2019 14:00,0.471
22/12/2019 15:00,0.432
22/12/2019 16:00,0.413
22/12/2019 17:00,0.444
22/12/2019 18:00,0.538
22/12/2019 19:00,0.59
22/12/2019 20:00,0.612
22/12/2019 21:00,0.636
22/12/2019 22:00,0.656
22/12/2019 23:00,0.691
23/12/2019 00:00,0.757
23/12/2019 01:00,0.812
23/12/2019 02:00,0.842
23/12/2019 03:00,0.857
23/12/2019 04:00,0.864
23/12/2019 05:00,0.869
23/12/2019 06:00,0.871
23/12/2019 07:00,0.812
23/12/2019 08:00,0.727
23/12/2019 09:00,0.809
23/12/2019 10:00,0.784
23/12/2019 11:00,0.74
23/12/2019 12:00,0.684
23/12/2019 13:00,0.615
23/12/2019 14:00,0.539
23/12/2019 15:00,0.479
23/12/2019 16:00,0.435
23/12/2019 17:00,0.432
23/12/2019 18:00,0.491
23/12/2019 19:00,0.5
23/12/2019 20:00,0.491
23/12/2019 21:00,0.503
23/12/2019 22:00,0.522
23/12/2019 23:00,0.554
24/12/2019 00:00,0.615
24/12/2019 01:00,0.682
24/12/2019 02:00,0.724
24/12/2019 03:00,0.753
24/12/2019 04:00,0.775
24/12/2019 05:00,0.796
24/12/2019 06:00,0.8
24/12/2019 07:00,0.7
24/12/2019 08:00,0.545
24/12/2019 09:00,0.644
24/12/2019 10:00,0.622
24/12/2019 11:00,0.574
24/12/2019 12:00,0.523
24/12/2019 13:00,0.47
24/12/2019 14:00,0.421
24/12/2019 15:00,0.386
24/12/2019 16:00,0.367
24/12/2019 17:00,0.395
24/12/2019 18:00,0.495
24/12/2019 19:00,0.55
24/12/2019 20:00,0.563
24/12/2019 21:00,0.559
24/12/2019 22:00,0.562
24/12/2019 23:00,0.599
25/12/2019 00:00,0.655
25/12/2019 01:00,0.71
25/12/2019 02:00,0.752
25/12/2019 03:00,0.772
25/12/2019 04:00,0.776
25/12/2019 05:00,0.768
25/12/2019 06:00,0.762
25/12/2019 07:00,0.656
25/12/2019 08:00,0.504
25/12/2019 09:00,0.637
25/12/2019 10:00,0.641
25/12/2019 11:00,0.59
25/12/2019 12:00,0.525
25/12/2019 13:00,0.464
25/12/2019 14:00,0.413
25/12/2019 15:00,0.395
25/12/2019 16:00,0.413
25/12/2019 17:00,0.474
25/12/2019 18:00,0.592
25/12/2019 19:00,0.626
25/12/2019 20:00,0.604
25/12/2019 21:00,0.592
25/12/2019 22:00,0.633
25/12/2019 23:00,0.7
26/12/2019 00:00,0.75
26/12/2019 01:00,0.777
26/12/2019 02:00,0.794
26/12/2019 03:00,0.802
26/12/2019 04:00,0.809
26/12/2019 05:00,0.817
26/12/2019 06:00,0.822
26/12/2019 07:00,0.756
26/12/2019 08:00,0.752
26/12/2019 09:00,0.782
26/12/2019 10:00,0.746
26/12/2019 11:00,0.695
26/12/2019 12:00,0.64
26/12/2019 13:00,0.59
26/12/2019 14:00,0.542
26/12/2019 15:00,0.513
26/12/2019 16:00,0.479
26/12/2019 17:00,0.457
26/12/2019 18:00,0.51
26/12/2019 19:00,0.539
26/12/2019 20:00,0.57
26/12/2019 21:00,0.625
26/12/2019 22:00,0.701
26/12/2019 23:00,0.757
27/12/2019 00:00,0.79
27/12/2019 01:00,0.804
27/12/2019 02:00,0.809
27/12/2019 03:00,0.811
27/12/2019 04:00,0.804
27/12/2019 05:00,0.801
27/12/2019 06:00,0.804
27/12/2019 07:00,0.744
27/12/2019 08:00,0.786
27/12/2019 09:00,0.834
27/12/2019 10:00,0.81
27/12/2019 11:00,0.767
27/12/2019 12:00,0.709
27/12/2019 13:00,0.656
27/12/2019 14:00,0.615
27/12/2019 15:00,0.581
27/12/2019 16:00,0.551
27/12/2019 17:00,0.548
27/12/2019 18:00,0.599
27/12/2019 19:00,0.59
27/12/2019 20:00,0.604
27/12/2019 21:00,0.646
27/12/2019 22:00,0.707
27/12/2019 23:00,0.759
28/12/2019 00:00,0.796
28/12/2019 01:00,0.811
28/12/2019 02:00,0.814
28/12/2019 03:00,0.82
28/12/2019 04:00,0.818
28/12/2019 05:00,0.812
28/12/2019 06:00,0.802
28/12/2019 07:00,0.705
28/12/2019 08:00,0.639
28/12/2019 09:00,0.718
28/12/2019 10:00,0.689
28/12/2019 11:00,0.628
28/12/2019 12:00,0.535
28/12/2019 13:00,0.402
28/12/2019 14:00,0.297
28/12/2019 15:00,0.241
28/12/2019 16:00,0.227
28/12/2019 17:00,0.328
28/12/2019 18:00,0.497
28/12/2019 19:00,0.574
28/12/2019 20:00,0.593
28/12/2019 21:00,0.597
28/12/2019 22:00,0.622
28/12/2019 23:00,0.676
29/12/2019 00:00,0.734
29/12/2019 01:00,0.777
29/12/2019 02:00,0.791
29/12/2019 03:00,0.786
29/12/2019 04:00,0.77
29/12/2019 05:00,0.755
29/12/2019 06:00,0.746
29/12/2019 07:00,0.623
29/12/2019 08:00,0.496
29/12/2019 09:00,0.523
29/12/2019 10:00,0.415
29/12/2019 11:00,0.299
29/12/2019 12:00,0.211
29/12/2019 13:00,0.158
29/12/2019 14:00,0.13
29/12/2019 15:00,0.126
29/12/2019 16:00,0.157
29/12/2019 17:00,0.295
29/12/2019 18:00,0.501
29/12/2019 19:00,0.611
29/12/2019 20:00,0.668
29/12/2019 21:00,0.7
29/12/2019 22:00,0.708
29/12/2019 23:00,0.72
30/12/2019 00:00,0.729
30/12/2019 01:00,0.732
30/12/2019 02:00,0.723
30/12/2019 03:00,0.726
30/12/2019 04:00,0.737
30/12/2019 05:00,0.75
30/12/2019 06:00,0.756
30/12/2019 07:00,0.663
30/12/2019 08:00,0.604
30/12/2019 09:00,0.648
30/12/2019 10:00,0.557
30/12/2019 11:00,0.437
30/12/2019 12:00,0.332
30/12/2019 13:00,0.254
30/12/2019 14:00,0.203
30/12/2019 15:00,0.186
30/12/2019 16:00,0.205
30/12/2019 17:00,0.334
30/12/2019 18:00,0.547
30/12/2019 19:00,0.656
30/12/2019 20:00,0.7
30/12/2019 21:00,0.722
30/12/2019 22:00,0.733
30/12/2019 23:00,0.746
31/12/2019 00:00,0.757
31/12/2019 01:00,0.758
31/12/2019 02:00,0.751
31/12/2019 03:00,0.74
31/12/2019 04:00,0.714
31/12/2019 05:00,0.695
31/12/2019 06:00,0.697
31/12/2019 07:00,0.594
31/12/2019 08:00,0.546
31/12/2019 09:00,0.617
31/12/2019 10:00,0.556
31/12/2019 11:00,0.466
31/12/2019 12:00,0.387
31/12/2019 13:00,0.323
31/12/2019 14:00,0.28
31/12/2019 15:00,0.27
31/12/2019 16:00,0.28
31/12/2019 17:00,0.369
31/12/2019 18:00,0.565
31/12/2019 19:00,0.677
31/12/2019 20:00,0.72
31/12/2019 21:00,0.744
31/12/2019 22:00,0.761
31/12/2019 23:00,0.772
